match_id,current_score,display_score,period_1,period_2,period_3,period_4,period_5,period_1_tie_break,period_2_tie_break,period_3_tie_break,period_4_tie_break,period_5_tie_break,normal_time
11974053,2,2,,,,,,,,,,,
11974066,4,4,,,,,,,,,,,
11998445,2,2,7,2,7,,,,,7,,,
11998446,2,2,6,6,,,,,,,,,
11998447,0,0,4,0,,,,,,,,,
11998448,0,0,4,4,,,,,,,,,
11998449,2,2,6,6,,,,,,,,,
11998450,2,2,1,7,6,,,,14,,,,
11998451,1,1,6,6,3,,,3,,,,,
11998456,2,2,4,6,6,,,,,,,,
11998459,0,0,5,2,,,,,,,,,
11998666,2,2,6,7,,,,,7,,,,
11998667,1,1,6,3,4,,,,,,,,
11998670,2,2,2,7,6,,,,7,,,,
11998671,0,0,3,3,,,,,,,,,
11998672,1,1,7,5,3,,,11,,,,,
11998674,1,1,5,6,3,,,,,,,,
11998675,2,2,5,6,6,,,,,,,,
11998676,2,2,6,6,,,,,,,,,
11998772,1,1,4,7,5,,,,9,,,,
11998774,0,0,4,3,,,,,,,,,
11998780,1,1,2,6,3,,,,,,,,
11998782,0,0,0,6,,,,,4,,,,
11998783,2,2,6,6,,,,,,,,,
11998784,0,0,4,6,,,,,3,,,,
11998785,2,2,6,7,,,,,7,,,,
11998786,0,0,3,2,,,,,,,,,
11999004,2,2,7,6,,,,7,,,,,
11999005,1,1,6,6,4,,,,3,,,,
11999007,2,2,7,6,,,,8,,,,,
11999009,0,0,3,6,,,,,3,,,,
11999010,0,0,6,1,,,,4,,,,,
11999011,0,0,1,1,,,,,,,,,
11999012,2,2,7,5,7,,,7,,7,,,
11999013,2,2,6,6,,,,,,,,,
11999014,1,1,6,3,6,,,,,7,,,
11999209,2,2,6,6,,,,,,,,,
11999210,2,2,7,6,,,,7,,,,,
11999211,2,2,2,6,7,,,,,,,,
11999212,0,0,1,3,,,,,,,,,
11999213,0,0,0,0,,,,,,,,,
11999215,2,2,7,6,,,,,,,,,
11999219,2,2,6,6,,,,,,,,,
11999220,2,2,6,6,,,,,,,,,
12001976,3,3,,,,,,,,,,,
12002040,2,2,6,6,,,,,,,,,
12002041,1,1,6,1,0,,,,,,,,
12002042,1,1,7,2,2,,,,,,,,
12002043,2,2,6,6,,,,,,,,,
12002044,2,2,7,7,,,,7,7,,,,
12002048,2,2,6,6,,,,,,,,,
12002049,1,1,6,6,5,,,,9,,,,
12002050,2,2,6,6,,,,,,,,,
12002051,2,2,6,5,6,,,,,,,,
12002052,0,0,6,4,,,,2,,,,,
12002053,0,0,1,3,,,,,,,,,
12002055,1,1,6,4,6,,,,,7,,,
12002057,0,0,2,1,,,,,,,,,
12002058,1,1,1,6,3,,,,,,,,
12002060,1,1,6,3,6,,,,,4,,,
12002064,2,2,6,6,,,,,,,,,
12002065,2,2,6,7,,,,,7,,,,
12002068,2,2,6,7,,,,,10,,,,
12002078,1,1,,,,,,,,,,,
12002109,4,4,,,,,,,,,,,
12002112,3,3,,,,,,,,,,,
12010829,1,1,7,3,0,,,10,,,,,
12010830,2,2,4,6,6,,,,,,,,
12011297,,,,,,,,,,,,,
12011301,1,1,7,1,4,,,,,,,,
12011306,,,,,,,,,,,,,
12014547,2,2,4,6,7,,,,,,,,
12016976,1,1,6,6,2,,,4,,,,,
12017442,1,1,1,6,5,,,,,,,,
12017453,0,0,0,6,,,,,4,,,,
12017455,2,2,6,5,6,,,,,,,,
12017458,1,1,6,3,0,,,,,,,,
12017459,2,2,6,7,,,,,7,,,,
12017462,0,0,3,0,,,,,,,,,
12017463,0,0,6,3,,,,6,,,,,
12017464,2,2,6,6,,,,,,,,,
12017465,1,1,7,4,2,,,8,,,,,
12017468,0,0,1,6,,,,,5,,,,
12017473,2,2,6,6,,,,,,,,,
12017477,0,0,1,1,,,,,,,,,
12017480,0,0,2,0,,,,,,,,,
12017483,1,1,4,6,4,,,,,,,,
12017488,0,0,2,2,,,,,,,,,
12017495,2,2,7,7,,,,7,,,,,
12017501,2,2,6,3,6,,,,,,,,
12017504,0,0,4,1,,,,,,,,,
12017505,2,2,6,5,6,,,,,,,,
12017506,1,1,3,6,3,,,,,,,,
12017510,1,1,4,6,2,,,,,,,,
12017511,2,2,3,6,6,,,,,,,,
12017513,2,2,6,6,,,,,,,,,
12017514,2,2,7,6,,,,7,,,,,
12017517,2,2,6,6,,,,,,,,,
12017520,2,2,7,5,6,,,7,,,,,
12017522,1,1,6,0,6,,,,,3,,,
12017523,2,2,6,6,,,,,,,,,
12017526,0,0,2,0,,,,,,,,,
12017528,2,2,6,6,,,,,,,,,
12017533,0,0,4,4,,,,,,,,,
12017539,2,2,6,4,6,,,,,,,,
12017648,2,2,6,6,,,,,,,,,
12017656,2,2,6,6,,,,,,,,,
12018083,2,2,6,6,,,,,,,,,
12018812,2,2,6,6,,,,,,,,,
12018833,2,2,4,6,6,,,,,,,,
12018836,0,0,0,0,,,,,,,,,
12018842,2,2,6,4,7,,,,,12,,,
12018844,2,2,6,6,,,,,,,,,
12018847,2,2,6,7,,,,,7,,,,
12018849,0,0,0,5,,,,,,,,,
12018857,0,0,1,3,,,,,,,,,
12018899,1,1,6,1,2,,,,,,,,
12018932,2,2,6,6,,,,,,,,,
12018933,2,2,6,6,,,,,,,,,
12018934,2,2,6,6,6,,,2,,,,,
12018937,0,0,3,1,,,,,,,,,
12018939,2,2,6,6,,,,,,,,,
12018941,0,0,2,4,,,,,,,,,
12018944,1,1,7,6,3,,,,3,,,,
12018945,2,2,6,6,,,,,,,,,
12019043,2,2,4,7,6,,,,7,,,,
12019094,2,2,7,7,,,,,7,,,,
12019105,0,0,6,1,,,,7,,,,,
12019106,0,0,4,2,,,,,,,,,
12019658,2,2,6,6,,,,,,,,,
12019672,2,2,6,7,,,,,8,,,,
12019673,2,2,7,7,,,,,7,,,,
12019677,0,0,0,0,,,,,,,,,
12019755,0,0,1,3,,,,,,,,,
12019899,0,0,4,2,,,,,,,,,
12019944,1,1,6,6,6,,,4,,5,,,
12019945,1,1,6,6,1,,,,4,,,,
12019949,2,2,6,6,7,,,,4,7,,,
12019979,2,2,6,7,,,,,7,,,,
12020048,2,2,6,6,,,,,,,,,
12020068,0,0,3,2,,,,,,,,,
12020069,2,2,7,6,,,,,,,,,
12020070,0,0,4,4,,,,,,,,,
12020071,2,2,6,6,,,,,,,,,
12020072,2,2,6,6,,,,,,,,,
12020073,2,2,7,4,6,,,7,,,,,
12020074,1,1,6,1,0,,,,,,,,
12020075,2,2,6,6,,,,,,,,,
12020509,2,2,6,7,,,,,,,,,
12020510,1,1,4,6,4,,,,,,,,
12020513,1,1,2,6,3,,,,,,,,
12020532,0,0,1,4,,,,,,,,,
12020544,1,1,4,6,6,,,,,14,,,
12020555,0,0,2,2,,,,,,,,,
12020624,2,2,6,6,,,,,,,,,
12020718,2,2,7,6,6,,,7,4,,,,
12021294,0,0,5,0,,,,,,,,,
12021309,1,1,4,6,6,,,,,6,,,
12021318,2,2,6,6,,,,,,,,,
12021328,2,2,6,6,,,,,,,,,
12021399,0,0,4,4,,,,,,,,,
12021419,1,1,1,6,5,,,,,,,,
12021434,0,0,6,1,,,,5,,,,,
12021435,2,2,7,6,,,,,,,,,
12021442,0,0,5,6,,,,,3,,,,
12021451,2,2,6,6,,,,,,,,,
12021493,1,1,6,1,,,,,,,,,
12021494,1,1,3,6,2,,,,,,,,
12021502,2,2,6,0,6,,,,,,,,
12021503,2,2,6,3,6,,,,,,,,
12021508,0,0,4,6,,,,,3,,,,
12021512,,,,,,,,,,,,,
12021516,2,2,6,6,6,,,,3,,,,
12021518,2,2,7,6,,,,,,,,,
12021519,2,2,7,6,,,,,,,,,
12021521,2,2,6,6,,,,,,,,,
12021522,0,0,4,0,,,,,,,,,
12021530,2,2,6,6,,,,,,,,,
12021532,0,0,4,2,,,,,,,,,
12021538,2,2,5,7,6,,,,7,,,,
12021539,0,0,1,0,,,,,,,,,
12021558,2,2,6,7,,,,,,,,,
12021562,2,2,6,6,,,,,,,,,
12021566,2,2,4,6,6,,,,,,,,
12021581,1,1,5,7,4,,,,8,,,,
12021589,2,2,6,6,,,,,,,,,
12021590,2,2,6,6,,,,,,,,,
12021599,2,2,6,6,,,,,,,,,
12021601,1,1,4,6,1,,,,,,,,
12021605,1,1,6,3,2,,,,,,,,
12021622,2,2,6,6,,,,,,,,,
12021623,2,2,6,6,,,,,,,,,
12021624,2,2,6,6,,,,,,,,,
12021658,2,2,6,6,,,,,,,,,
12021659,2,2,6,6,,,,,,,,,
12021806,1,1,3,7,4,,,,,,,,
12021807,2,2,6,6,,,,,,,,,
12021848,0,0,4,4,,,,,,,,,
12022185,0,0,3,0,,,,,,,,,
12022248,0,0,2,3,,,,,,,,,
12022250,2,2,3,6,6,,,,,,,,
12022251,2,2,6,6,,,,,,,,,
12022262,2,2,6,6,,,,,,,,,
12022282,0,0,3,2,,,,,,,,,
12022295,0,0,1,0,,,,,,,,,
12022305,2,2,6,4,6,,,,,,,,
12022321,2,2,6,1,7,,,,,12,,,
12022327,1,1,2,6,3,,,,,,,,
12022336,2,2,6,7,,,,,,,,,
12022371,2,2,6,6,,,,,,,,,
12022396,2,2,7,4,6,,,,,,,,
12022430,2,2,4,7,6,,,,7,,,,
12022438,1,1,3,6,1,,,,,,,,
12022439,2,2,6,6,,,,,,,,,
12022452,0,0,3,3,,,,,,,,,
12022453,2,2,7,6,,,,7,,,,,
12022492,1,1,6,0,4,,,,,,,,
12022513,1,1,5,6,3,,,,,,,,
12022525,0,0,3,5,,,,,,,,,
12022526,1,1,6,6,3,,,,5,,,,
12022527,2,2,7,6,,,,,,,,,
12022528,,,,,,,,,,,,,
12022562,2,2,6,6,,,,,,,,,
12022672,1,1,7,6,2,,,,4,,,,
12022674,2,2,7,6,,,,,,,,,
12022675,2,2,6,6,,,,,,,,,
12022680,2,2,6,6,,,,,,,,,
12022685,2,2,6,7,,,,,7,,,,
12022703,0,0,1,3,,,,,,,,,
12022718,2,2,6,6,6,,,,4,,,,
12022727,2,2,5,6,6,,,,,,,,
12022801,0,0,4,1,,,,,,,,,
12022802,2,2,6,6,,,,,,,,,
12023335,1,1,2,6,5,,,,,,,,
12023340,0,0,2,1,,,,,,,,,
12023348,0,0,0,2,,,,,,,,,
12023350,1,1,5,7,3,,,,7,,,,
12023352,0,0,3,4,,,,,,,,,
12023353,1,1,4,6,4,,,,,,,,
12023361,,,,,,,,,,,,,
12023362,0,0,3,2,,,,,,,,,
12023461,2,2,6,3,6,,,,,,,,
12023462,2,2,4,6,6,,,,,,,,
12023465,0,0,4,,,,,,,,,,
12023470,1,1,4,6,6,,,,,10,,,
12024041,2,2,6,6,,,,,,,,,
12024043,2,2,6,6,,,,,,,,,
12024064,2,2,7,5,6,,,7,,,,,
12024149,2,2,7,6,,,,,,,,,
12024225,0,0,3,3,,,,,,,,,
12024232,2,2,6,6,,,,,,,,,
12024235,0,0,2,6,,,,,3,,,,
12024236,2,2,6,6,,,,,,,,,
12024243,2,2,6,2,6,,,,,,,,
12024248,2,2,6,6,,,,,,,,,
12024249,0,0,6,3,,,,4,,,,,
12024252,0,0,5,1,,,,,,,,,
12024254,2,2,6,6,,,,,,,,,
12024307,2,2,6,6,,,,,,,,,
12024308,2,2,6,6,,,,,,,,,
12024356,0,0,4,0,,,,,,,,,
12024368,0,0,6,6,,,,3,3,,,,
12024386,0,0,5,3,,,,,,,,,
12024387,1,1,6,6,6,,,,6,6,,,
12024430,2,2,6,6,,,,,,,,,
12024431,2,2,6,6,,,,,,,,,
12024440,2,2,7,6,,,,7,,,,,
12024550,0,0,2,2,,,,,,,,,
12024572,0,0,6,6,,,,3,5,,,,
12024628,0,0,5,2,,,,,,,,,
12024632,0,0,2,2,,,,,,,,,
12024643,2,2,6,6,,,,,,,,,
12024644,2,2,7,5,6,,,7,,,,,
12024645,2,2,6,6,,,,,,,,,
12024652,2,2,6,6,,,,,,,,,
12024769,2,2,6,6,,,,,,,,,
12024782,0,0,3,2,,,,,,,,,
12024913,0,0,1,4,,,,,,,,,
12025016,0,0,2,5,,,,,,,,,
12025030,1,1,1,6,2,,,,,,,,
12025056,0,0,6,4,,,,4,,,,,
12025057,2,2,6,6,,,,,,,,,
12025085,1,1,7,6,4,,,9,3,,,,
12025144,1,1,2,7,1,,,,7,,,,
12025672,2,2,6,6,6,,,5,,,,,
11974052,4,4,,,,,,,,,,,
11974053,2,2,,,,,,,,,,,
11974066,4,4,,,,,,,,,,,
11974067,3,3,,,,,,,,,,,
11974068,1,1,,,,,,,,,,,
11974071,3,3,,,,,,,,,,,
11987997,1,1,,,,,,,,,,,
11998445,2,2,7,2,7,,,,,7,,,
11998446,2,2,6,6,,,,,,,,,
11998447,0,0,4,0,,,,,,,,,
11998452,0,0,3,4,,,,,,,,,
11998453,2,2,7,6,,,,,,,,,
11998454,0,0,6,4,,,,6,,,,,
11998456,2,2,4,6,6,,,,,,,,
11998459,0,0,5,2,,,,,,,,,
11998664,1,1,7,6,3,,,9,4,,,,
11998666,2,2,6,7,,,,,7,,,,
11998667,1,1,6,3,4,,,,,,,,
11998670,2,2,2,7,6,,,,7,,,,
11998671,0,0,3,3,,,,,,,,,
11998673,0,0,5,3,,,,,,,,,
11998772,1,1,4,7,5,,,,9,,,,
11998776,2,2,6,5,6,,,,,,,,
11998777,1,1,6,7,4,,,7,,,,,
11998779,0,0,3,5,,,,,,,,,
11998780,1,1,2,6,3,,,,,,,,
11998781,2,2,4,7,6,,,,7,,,,
11998784,0,0,4,6,,,,,3,,,,
11998786,0,0,3,2,,,,,,,,,
11999004,2,2,7,6,,,,7,,,,,
11999005,1,1,6,6,4,,,,3,,,,
11999006,2,2,6,6,,,,,,,,,
11999007,2,2,7,6,,,,8,,,,,
11999009,0,0,3,6,,,,,3,,,,
11999011,0,0,1,1,,,,,,,,,
11999014,1,1,6,3,6,,,,,7,,,
11999015,2,2,6,6,,,,,,,,,
11999018,0,0,3,4,,,,,,,,,
11999019,0,0,3,5,,,,,,,,,
11999206,2,2,7,7,,,,7,7,,,,
11999207,1,1,0,6,3,,,,,,,,
11999208,0,0,0,6,,,,,3,,,,
11999211,2,2,2,6,7,,,,,,,,
11999212,0,0,1,3,,,,,,,,,
11999213,0,0,0,0,,,,,,,,,
11999214,2,2,6,6,,,,,,,,,
11999219,2,2,6,6,,,,,,,,,
12001944,2,2,,,,,,,,,,,
12001976,3,3,,,,,,,,,,,
12002041,1,1,6,1,0,,,,,,,,
12002049,1,1,6,6,5,,,,9,,,,
12002050,2,2,6,6,,,,,,,,,
12002051,2,2,6,5,6,,,,,,,,
12002053,0,0,1,3,,,,,,,,,
12002055,1,1,6,4,6,,,,,7,,,
12002057,0,0,2,1,,,,,,,,,
12002058,1,1,1,6,3,,,,,,,,
12002059,0,0,1,2,,,,,,,,,
12002060,1,1,6,3,6,,,,,4,,,
12002061,2,2,6,6,,,,,,,,,
12002064,2,2,6,6,,,,,,,,,
12002065,2,2,6,7,,,,,7,,,,
12002066,0,0,2,6,,,,,5,,,,
12002067,2,2,6,6,,,,,,,,,
12002068,2,2,6,7,,,,,10,,,,
12002072,2,2,5,7,7,,,,7,8,,,
12002078,1,1,,,,,,,,,,,
12002102,0,0,,,,,,,,,,,
12002109,4,4,,,,,,,,,,,
12002112,3,3,,,,,,,,,,,
12017513,2,2,6,6,,,,,,,,,
12017514,2,2,7,6,,,,7,,,,,
12018899,1,1,6,1,2,,,,,,,,
12019043,2,2,4,7,6,,,,7,,,,
12019658,2,2,6,6,,,,,,,,,
12020048,2,2,6,6,,,,,,,,,
12021512,,,,,,,,,,,,,
12021513,,,,,,,,,,,,,
12021514,,,,,,,,,,,,,
12021515,,,,,,,,,,,,,
12021516,2,2,6,6,6,,,,3,,,,
12021538,2,2,5,7,6,,,,7,,,,
12021658,2,2,6,6,,,,,,,,,
12022282,0,0,3,2,,,,,,,,,
12022321,2,2,6,1,7,,,,,12,,,
12022492,1,1,6,0,4,,,,,,,,
12022526,1,1,6,6,3,,,,5,,,,
12022528,,,,,,,,,,,,,
12022562,2,2,6,6,,,,,,,,,
12022672,1,1,7,6,2,,,,4,,,,
12022675,2,2,6,6,,,,,,,,,
12022685,2,2,6,7,,,,,7,,,,
12022703,0,0,1,3,,,,,,,,,
12022718,2,2,6,6,6,,,,4,,,,
12022727,2,2,5,6,6,,,,,,,,
12022801,0,0,4,1,,,,,,,,,
12022802,2,2,6,6,,,,,,,,,
12023335,1,1,2,6,5,,,,,,,,
12023340,0,0,2,1,,,,,,,,,
12023348,0,0,0,2,,,,,,,,,
12023349,1,1,7,1,3,,,,,,,,
12023350,1,1,5,7,3,,,,7,,,,
12023351,2,2,6,6,,,,,,,,,
12023352,0,0,3,4,,,,,,,,,
12023353,1,1,4,6,4,,,,,,,,
12023354,,,,,,,,,,,,,
12023355,1,1,4,6,3,,,,,,,,
12023356,2,2,6,6,,,,,,,,,
12023358,,,,,,,,,,,,,
12023359,,,,,,,,,,,,,
12023360,,,,,,,,,,,,,
12023361,,,,,,,,,,,,,
12023362,0,0,3,2,,,,,,,,,
12023461,2,2,6,3,6,,,,,,,,
12023462,2,2,4,6,6,,,,,,,,
12023465,0,0,4,,,,,,,,,,
12023470,1,1,4,6,6,,,,,10,,,
12024039,,,,,,,,,,,,,
12024040,,,,,,,,,,,,,
12024041,2,2,6,6,,,,,,,,,
12024042,,,,,,,,,,,,,
12024043,2,2,6,6,,,,,,,,,
12024064,2,2,7,5,6,,,7,,,,,
12024149,2,2,7,6,,,,,,,,,
12024225,0,0,3,3,,,,,,,,,
12024226,0,0,3,6,,,,,6,,,,
12024231,2,2,1,7,6,,,,7,,,,
12024232,2,2,6,6,,,,,,,,,
12024233,,,,,,,,,,,,,
12024234,,,,,,,,,,,,,
12024235,0,0,2,6,,,,,3,,,,
12024236,2,2,6,6,,,,,,,,,
12024239,0,0,2,3,,,,,,,,,
12024240,1,1,3,7,4,,,,,,,,
12024242,1,1,7,6,5,,,7,3,,,,
12024243,2,2,6,2,6,,,,,,,,
12024245,2,2,7,3,7,,,7,,7,,,
12024248,2,2,6,6,,,,,,,,,
12024249,0,0,6,3,,,,4,,,,,
12024252,0,0,5,1,,,,,,,,,
12024254,2,2,6,6,,,,,,,,,
12024307,2,2,6,6,,,,,,,,,
12024308,2,2,6,6,,,,,,,,,
12024355,2,2,6,6,,,,,,,,,
12024356,0,0,4,0,,,,,,,,,
12024365,2,2,6,6,,,,,,,,,
12024368,0,0,6,6,,,,3,3,,,,
12024369,2,2,6,7,,,,,7,,,,
12024370,,,,,,,,,,,,,
12024371,2,2,7,7,,,,7,,,,,
12024386,0,0,5,3,,,,,,,,,
12024387,1,1,6,6,6,,,,6,6,,,
12024388,,,,,,,,,,,,,
12024389,,,,,,,,,,,,,
12024390,,,,,,,,,,,,,
12024426,,,,,,,,,,,,,
12024430,2,2,6,6,,,,,,,,,
12024431,2,2,6,6,,,,,,,,,
12024435,0,0,6,1,,,,1,,,,,
12024440,2,2,7,6,,,,7,,,,,
12024489,0,0,4,4,,,,,,,,,
12024510,2,2,6,7,,,,,,,,,
12024512,1,1,6,1,3,,,,,,,,
12024513,2,2,4,6,6,,,,,,,,
12024514,2,2,6,7,,,,,7,,,,
12024550,0,0,2,2,,,,,,,,,
12024555,2,2,6,7,,,,,7,,,,
12024556,0,0,3,5,,,,,,,,,
12024557,2,2,6,7,,,,,7,,,,
12024559,,,,,,,,,,,,,
12024572,0,0,6,6,,,,3,5,,,,
12024613,2,2,7,6,,,,7,,,,,
12024614,2,2,4,6,6,,,,,,,,
12024615,,,,,,,,,,,,,
12024617,,,,,,,,,,,,,
12024628,0,0,5,2,,,,,,,,,
12024632,0,0,2,2,,,,,,,,,
12024637,0,0,5,2,,,,,,,,,
12024640,0,0,1,1,,,,,,,,,
12024641,0,0,1,3,,,,,,,,,
12024642,,,,,,,,,,,,,
12024643,2,2,6,6,,,,,,,,,
12024644,2,2,7,5,6,,,7,,,,,
12024645,2,2,6,6,,,,,,,,,
12024652,2,2,6,6,,,,,,,,,
12024769,2,2,6,6,,,,,,,,,
12024782,0,0,3,2,,,,,,,,,
12024794,0,0,3,0,,,,,,,,,
12024837,0,0,2,3,,,,,,,,,
12024838,,,,,,,,,,,,,
12024840,0,0,2,1,,,,,,,,,
12024913,0,0,1,4,,,,,,,,,
12024934,2,2,7,6,,,,7,,,,,
12024935,2,2,6,2,6,,,,,,,,
12025016,0,0,2,5,,,,,,,,,
12025030,1,1,1,6,2,,,,,,,,
12025044,2,2,5,7,6,,,,,,,,
12025056,0,0,6,4,,,,4,,,,,
12025057,2,2,6,6,,,,,,,,,
12025061,2,2,6,7,6,,,5,,,,,
12025067,0,0,3,2,,,,,,,,,
12025085,1,1,7,6,4,,,9,3,,,,
12025130,0,0,0,2,,,,,,,,,
12025132,0,0,3,0,,,,,,,,,
12025133,1,1,6,3,3,,,,,,,,
12025138,0,0,4,3,,,,,,,,,
12025139,0,0,4,4,,,,,,,,,
12025142,0,0,6,3,,,,1,,,,,
12025144,1,1,2,7,1,,,,7,,,,
12025149,2,2,6,7,,,,,7,,,,
12025174,2,2,6,6,,,,,,,,,
12025672,2,2,6,6,6,,,5,,,,,
12025679,2,2,7,6,,,,7,,,,,
12025684,2,2,6,7,,,,,,,,,
12025685,2,2,6,6,,,,,,,,,
12025687,1,1,6,3,6,,,,,5,,,
12025690,0,0,2,0,,,,,,,,,
12025752,2,2,7,6,,,,,,,,,
12025799,,,,,,,,,,,,,
12025849,1,1,6,6,4,,,5,,,,,
12026470,2,2,6,6,6,,,,5,,,,
12026623,1,1,6,1,3,,,,,,,,
12026792,2,2,6,6,,,,,,,,,
12026797,2,2,6,7,,,,,7,,,,
12026852,2,2,6,6,,,,,,,,,
12026853,2,2,7,7,,,,,7,,,,
12026855,2,2,7,6,,,,,,,,,
12026857,2,2,6,7,6,,,3,7,,,,
12026875,2,2,6,1,7,,,,,,,,
12026878,0,0,2,2,,,,,,,,,
12026987,2,2,6,7,,,,,7,,,,
12027048,2,2,6,6,,,,,,,,,
12027058,2,2,3,6,6,,,,,,,,
12027148,2,2,2,7,6,,,,,,,,
12027491,2,2,5,7,6,,,,7,,,,
12027494,2,2,6,7,,,,,7,,,,
12027516,2,2,6,6,,,,,,,,,
12027519,0,0,1,2,,,,,,,,,
12027535,2,2,7,6,,,,8,,,,,
12027539,2,2,6,6,,,,,,,,,
12027541,2,2,6,4,6,,,,,,,,
12027547,0,0,3,4,,,,,,,,,
12027611,0,0,4,4,,,,,,,,,
12027640,,,,,,,,,,,,,
12027641,,,,,,,,,,,,,
12027643,2,2,3,6,6,,,,,,,,
12027644,2,2,6,7,,,,,7,,,,
12027645,2,2,6,6,,,,,,,,,
12027646,0,0,4,4,,,,,,,,,
12027647,2,2,6,6,,,,,,,,,
12027648,2,2,6,3,6,,,,,,,,
12027649,2,2,3,6,6,,,,,,,,
12027651,0,0,0,1,,,,,,,,,
12027652,2,2,6,6,,,,,,,,,
12027653,1,1,6,3,6,,,,,4,,,
12027654,1,1,7,4,2,,,7,,,,,
12027665,0,0,3,1,,,,,,,,,
12027666,2,2,6,6,,,,,,,,,
12027667,0,0,3,,,,,,,,,,
12027668,2,2,6,6,,,,,,,,,
12027669,2,2,5,6,7,,,,,7,,,
12027672,2,2,5,7,6,,,,7,,,,
12027673,2,2,6,6,,,,,,,,,
12027674,0,0,2,1,,,,,,,,,
12027677,1,1,7,5,1,,,,,,,,
12027678,2,2,4,6,6,,,,,,,,
12027679,1,1,6,4,1,,,,,,,,
12027680,0,0,2,0,,,,,,,,,
12027726,2,2,6,4,6,,,,,,,,
12027906,0,0,5,2,,,,,,,,,
12027950,2,2,7,6,,,,,,,,,
12027973,0,0,4,2,,,,,,,,,
12027974,,,,,,,,,,,,,
12027975,0,0,2,2,,,,,,,,,
12027978,0,0,6,6,,,,3,4,,,,
12027980,2,2,6,6,,,,,,,,,
12027981,1,1,4,6,3,,,,,,,,
12027982,0,0,0,0,,,,,,,,,
12027984,2,2,6,6,,,,,,,,,
12028119,2,2,6,6,,,,,,,,,
12028146,0,0,4,3,,,,,,,,,
12028542,0,0,4,4,,,,,,,,,
12028737,2,2,3,6,7,,,,,7,,,
12029386,2,2,6,6,,,,,,,,,
12029395,2,2,6,6,,,,,,,,,
12029459,2,2,4,6,6,,,,,,,,
12029551,2,2,7,6,,,,7,,,,,
12029619,0,0,6,6,,,,5,3,,,,
12029656,0,0,4,1,,,,,,,,,
12029657,2,2,7,7,,,,,,,,,
12029664,2,2,6,6,,,,,,,,,
12037643,2,2,6,6,,,,,,,,,
12038557,2,2,6,6,,,,,,,,,
12038623,2,2,7,6,,,,7,,,,,
12038644,2,2,4,7,10,,,,,,,,
12038683,0,0,5,3,,,,,,,,,
12038684,2,2,7,7,,,,,11,,,,
12038685,2,2,7,7,,,,7,7,,,,
12038726,2,2,6,6,,,,,,,,,
12038917,0,0,4,6,,,,,6,,,,
12039412,,,,,,,,,,,,,
12024368,0,0,6,6,,,,3,3,,,,
12024613,2,2,7,6,,,,7,,,,,
12024557,2,2,6,7,,,,,7,,,,
12024369,2,2,6,7,,,,,7,,,,
12024840,0,0,2,1,,,,,,,,,
12024614,2,2,4,6,6,,,,,,,,
12024556,0,0,3,5,,,,,,,,,
12024514,2,2,6,7,,,,,7,,,,
12021514,,,,,,,,,,,,,
12024837,0,0,2,3,,,,,,,,,
12024642,,,,,,,,,,,,,
12028119,2,2,6,6,,,,,,,,,
12024512,1,1,6,1,3,,,,,,,,
12021515,,,,,,,,,,,,,
12025139,0,0,4,4,,,,,,,,,
12025138,0,0,4,3,,,,,,,,,
12025685,2,2,6,6,,,,,,,,,
12025684,2,2,6,7,,,,,,,,,
12039412,,,,,,,,,,,,,
12027541,2,2,6,4,6,,,,,,,,
12024559,,,,,,,,,,,,,
12024513,2,2,4,6,6,,,,,,,,
12027906,0,0,5,2,,,,,,,,,
12024617,,,,,,,,,,,,,
12027227,0,0,1,6,,,,,4,,,,
12039218,0,0,4,,,,,,,,,,
12039283,2,2,6,6,,,,,,,,,
12024366,0,0,6,6,,,,6,3,,,,
12024616,,,,,,,,,,,,,
12024839,,,,,,,,,,,,,
12024558,,,,,,,,,,,,,
12039391,2,2,6,7,,,,,,,,,
12039701,0,0,6,3,,,,2,,,,,
12027231,0,0,1,6,,,,,2,,,,
12027545,0,0,1,4,,,,,,,,,
12027905,2,2,6,7,,,,,,,,,
12024511,,,,,,,,,,,,,
12024367,1,1,7,6,3,,,,5,,,,
12024836,,,,,,,,,,,,,
12027987,1,1,6,2,1,,,,,,,,
12025137,1,1,5,6,1,,,,,,,,
12027988,2,2,6,2,6,,,,,,,,
12025136,,,,,,,,,,,,,
12025683,,,,,,,,,,,,,
12040867,2,2,6,7,,,,,7,,,,
12025682,,,,,,,,,,,,,
12027230,,,,,,,,,,,,,
12041772,1,1,6,3,9,,,,,,,,
12027726,2,2,6,4,6,,,,,,,,
12021513,,,,,,,,,,,,,
12038623,2,2,7,6,,,,7,,,,,
12024510,2,2,6,7,,,,,,,,,
12024370,,,,,,,,,,,,,
12038685,2,2,7,7,,,,7,7,,,,
12024555,2,2,6,7,,,,,7,,,,
12024615,,,,,,,,,,,,,
12024838,,,,,,,,,,,,,
12038917,0,0,4,6,,,,,6,,,,
12025140,2,2,6,6,6,,,,4,,,,
12025681,2,2,3,6,7,,,,,7,,,
12027544,2,2,2,6,7,,,,,7,,,
12041662,0,0,1,,,,,,,,,,
12027229,,,,,,,,,,,,,
12041821,1,1,7,4,0,,,7,,,,,
11998456,2,2,4,6,6,,,,,,,,
11998453,2,2,7,6,,,,,,,,,
11998454,0,0,6,4,,,,6,,,,,
11998452,0,0,3,4,,,,,,,,,
11998458,2,2,4,6,6,,,,,,,,
11998457,1,1,6,4,,,,,,,,,
12002065,2,2,6,7,,,,,7,,,,
12002068,2,2,6,7,,,,,10,,,,
12002059,0,0,1,2,,,,,,,,,
12002061,2,2,6,6,,,,,,,,,
12002072,2,2,5,7,7,,,,7,8,,,
12002070,0,0,2,3,,,,,,,,,
12002073,0,0,2,3,,,,,,,,,
12002060,1,1,6,3,6,,,,,4,,,
12002066,0,0,2,6,,,,,5,,,,
12002067,2,2,6,6,,,,,,,,,
12002069,1,1,3,6,1,,,,,,,,
12024386,0,0,5,3,,,,,,,,,
12024239,0,0,2,3,,,,,,,,,
12025132,0,0,3,0,,,,,,,,,
12024637,0,0,5,2,,,,,,,,,
12024934,2,2,7,6,,,,7,,,,,
12024640,0,0,1,1,,,,,,,,,
12025130,0,0,0,2,,,,,,,,,
12024935,2,2,6,2,6,,,,,,,,
12023358,,,,,,,,,,,,,
12025799,,,,,,,,,,,,,
12029395,2,2,6,6,,,,,,,,,
12023359,,,,,,,,,,,,,
12038557,2,2,6,6,,,,,,,,,
12023351,2,2,6,6,,,,,,,,,
12026857,2,2,6,7,6,,,3,7,,,,
12025687,1,1,6,3,6,,,,,5,,,
12023349,1,1,7,1,3,,,,,,,,
12038644,2,2,4,7,10,,,,,,,,
12026855,2,2,7,6,,,,,,,,,
12026853,2,2,7,7,,,,,7,,,,
12024240,1,1,3,7,4,,,,,,,,
12025690,0,0,2,0,,,,,,,,,
12023355,1,1,4,6,3,,,,,,,,
12026875,2,2,6,1,7,,,,,,,,
12024039,,,,,,,,,,,,,
12024231,2,2,1,7,6,,,,7,,,,
12024388,,,,,,,,,,,,,
12027516,2,2,6,6,,,,,,,,,
12026852,2,2,6,6,,,,,,,,,
12024042,,,,,,,,,,,,,
12027535,2,2,7,6,,,,8,,,,,
12027058,2,2,3,6,6,,,,,,,,
12026878,0,0,2,2,,,,,,,,,
12023356,2,2,6,6,,,,,,,,,
12027519,0,0,1,2,,,,,,,,,
12024389,,,,,,,,,,,,,
12024234,,,,,,,,,,,,,
12027803,0,0,3,4,,,,,,,,,
12024638,,,,,,,,,,,,,
12039284,0,0,3,4,,,,,,,,,
12027533,2,2,6,6,,,,,,,,,
12024241,,,,,,,,,,,,,
12027059,2,2,6,6,,,,,,,,,
12027918,0,0,3,2,,,,,,,,,
12027949,1,1,6,1,1,,,,,,,,
12027802,1,1,6,3,2,,,,,,,,
12024639,,,,,,,,,,,,,
12028140,1,1,1,6,1,,,,,,,,
12024238,,,,,,,,,,,,,
12028190,2,2,5,6,6,,,,,,,,
12027919,0,0,1,1,,,,,,,,,
12027948,2,2,6,6,,,,,,,,,
12028144,2,2,6,3,7,,,,,,,,
12024936,0,0,2,3,,,,,,,,,
12027972,0,0,2,4,,,,,,,,,
12028191,1,1,6,7,3,,,5,7,,,,
12025129,,,,,,,,,,,,,
12027969,2,2,6,6,,,,,,,,,
12024938,0,0,3,6,,,,,5,,,,
12040019,0,0,0,3,,,,,,,,,
12025128,,,,,,,,,,,,,
12026854,,,,,,,,,,,,,
12040871,2,2,6,6,,,,,,,,,
12025689,,,,,,,,,,,,,
12041657,0,0,3,1,,,,,,,,,
12040872,2,2,6,6,10,,,5,,,,,
12026859,,,,,,,,,,,,,
12025688,,,,,,,,,,,,,
12026856,,,,,,,,,,,,,
12026858,,,,,,,,,,,,,
12027804,,,,,,,,,,,,,
12027531,,,,,,,,,,,,,
12026877,1,1,6,6,6,,,5,,7,,,
12041771,0,0,1,4,,,,,,,,,
12041820,2,2,6,3,10,,,,,,,,
12027054,,,,,,,,,,,,,
12027517,2,2,6,6,,,,,,,,,
11974053,2,2,,,,,,,,,,,
11974067,3,3,,,,,,,,,,,
11974052,4,4,,,,,,,,,,,
11974068,1,1,,,,,,,,,,,
11974071,3,3,,,,,,,,,,,
11987997,1,1,,,,,,,,,,,
11974070,4,4,,,,,,,,,,,
11974049,3,3,,,,,,,,,,,
12002102,0,0,,,,,,,,,,,
12001944,2,2,,,,,,,,,,,
12002110,4,4,,,,,,,,,,,
12002113,2,2,,,,,,,,,,,
12002107,3,3,,,,,,,,,,,
12001987,4,4,,,,,,,,,,,
12023360,,,,,,,,,,,,,
12028737,2,2,3,6,7,,,,,7,,,
12024426,,,,,,,,,,,,,
12029386,2,2,6,6,,,,,,,,,
12029459,2,2,4,6,6,,,,,,,,
12023354,,,,,,,,,,,,,
12029551,2,2,7,6,,,,7,,,,,
12029657,2,2,7,7,,,,,,,,,
12029619,0,0,6,6,,,,5,3,,,,
12024233,,,,,,,,,,,,,
12024390,,,,,,,,,,,,,
12024040,,,,,,,,,,,,,
12024242,1,1,7,6,5,,,7,3,,,,
12024641,0,0,1,3,,,,,,,,,
12024937,1,1,3,7,1,,,,7,,,,
12025131,0,0,3,1,,,,,,,,,
12040787,2,2,6,7,,,,,7,,,,
12026861,,,,,,,,,,,,,
12025691,0,0,4,0,,,,,,,,,
12026860,2,2,6,6,,,,,,,,,
12026876,2,2,7,4,6,,,,,,,,
12027518,,,,,,,,,,,,,
12041488,1,1,3,6,5,,,,,,,,
12027801,1,1,7,3,4,,,7,,,,,
12027532,2,2,6,7,,,,,7,,,,
12027056,,,,,,,,,,,,,
12041644,2,2,7,6,,,,12,,,,,
12028955,0,0,4,2,,,,,,,,,
12028951,2,2,6,6,,,,,,,,,
12028956,2,2,2,6,7,,,,,7,,,
12028953,0,0,2,0,,,,,,,,,
12028954,0,0,4,2,,,,,,,,,
12028957,0,0,3,4,,,,,,,,,
12028952,0,0,0,0,,,,,,,,,
12028958,0,0,6,1,,,,5,,,,,
12039866,0,0,4,4,,,,,,,,,
12039861,0,0,6,4,,,,5,,,,,
12039867,0,0,3,6,,,,,4,,,,
12039863,0,0,5,4,,,,,,,,,
12039865,1,1,1,6,6,,,,,2,,,
12027641,,,,,,,,,,,,,
12029664,2,2,6,6,,,,,,,,,
12027640,,,,,,,,,,,,,
12029656,0,0,4,1,,,,,,,,,
12027644,2,2,6,7,,,,,7,,,,
12027643,2,2,3,6,6,,,,,,,,
12027645,2,2,6,6,,,,,,,,,
12027648,2,2,6,3,6,,,,,,,,
12027649,2,2,3,6,6,,,,,,,,
12027647,2,2,6,6,,,,,,,,,
12027646,0,0,4,4,,,,,,,,,
12027651,0,0,0,1,,,,,,,,,
12027654,1,1,7,4,2,,,7,,,,,
12027652,2,2,6,6,,,,,,,,,
12038854,2,2,6,6,,,,,,,,,
12039268,0,0,4,6,,,,,1,,,,
12039252,2,2,7,6,,,,,,,,,
12039242,2,2,6,6,,,,,,,,,
12039273,2,2,6,6,,,,,,,,,
12039420,1,1,6,6,1,,,,3,,,,
12027973,0,0,4,2,,,,,,,,,
12027981,1,1,4,6,3,,,,,,,,
12027974,,,,,,,,,,,,,
12037643,2,2,6,6,,,,,,,,,
12027975,0,0,2,2,,,,,,,,,
12027980,2,2,6,6,,,,,,,,,
12027978,0,0,6,6,,,,3,4,,,,
12027982,0,0,0,0,,,,,,,,,
12027984,2,2,6,6,,,,,,,,,
12027979,0,0,2,1,,,,,,,,,
12027983,2,2,6,6,,,,,,,,,
12027977,2,2,6,6,,,,,,,,,
12027976,0,0,2,2,,,,,,,,,
12039400,1,1,7,1,0,,,,,,,,
12039396,1,1,7,0,2,,,7,,,,,
12038866,2,2,7,6,,,,7,,,,,
12039397,0,0,0,3,,,,,,,,,
12039471,2,2,6,7,,,,,,,,,
12039717,1,1,7,4,0,,,7,,,,,
11998664,1,1,7,6,3,,,9,4,,,,
11998673,0,0,5,3,,,,,,,,,
11998663,1,1,2,7,3,,,,7,,,,
11998776,2,2,6,5,6,,,,,,,,
11998777,1,1,6,7,4,,,7,,,,,
11998781,2,2,4,7,6,,,,7,,,,
11998779,0,0,3,5,,,,,,,,,
11998775,2,2,6,6,,,,,,,,,
11998778,2,2,6,7,,,,,7,,,,
11999014,1,1,6,3,6,,,,,7,,,
11999015,2,2,6,6,,,,,,,,,
11999019,0,0,3,5,,,,,,,,,
11999006,2,2,6,6,,,,,,,,,
11999018,0,0,3,4,,,,,,,,,
11999008,2,2,6,7,,,,,,,,,
11999016,1,1,7,1,2,,,9,,,,,
11999207,1,1,0,6,3,,,,,,,,
11999208,0,0,0,6,,,,,3,,,,
11999214,2,2,6,6,,,,,,,,,
11999206,2,2,7,7,,,,7,7,,,,
11999216,2,2,6,6,,,,,,,,,
11999217,0,0,5,6,,,,,6,,,,
12037709,1,1,7,6,6,,,,4,0,,,
12037719,0,0,6,0,,,,5,,,,,
12038182,0,0,3,2,,,,,,,,,
12038429,0,0,2,0,,,,,,,,,
12037718,0,0,4,5,,,,,,,,,
12038431,1,1,6,6,3,,,4,,,,,
12038187,0,0,2,2,,,,,,,,,
12037710,0,0,4,4,,,,,,,,,
12038178,0,0,6,3,,,,2,,,,,
12037708,2,2,6,6,,,,,,,,,
12038428,0,0,5,3,,,,,,,,,
12037720,,,,,,,,,,,,,
12040682,0,0,3,4,,,,,,,,,
12039192,2,2,6,7,,,,,7,,,,
12039179,0,0,6,3,,,,6,,,,,
12039202,0,0,3,3,,,,,,,,,
12039196,0,0,0,0,,,,,,,,,
12039181,2,2,6,7,,,,,,,,,
12039193,0,0,3,1,,,,,,,,,
12039195,2,2,7,6,,,,7,,,,,
12039180,2,2,6,7,,,,,7,,,,
12039191,0,0,4,4,,,,,,,,,
12039194,0,0,1,4,,,,,,,,,
12039178,0,0,2,2,,,,,,,,,
12039190,2,2,6,6,,,,,,,,,
12039902,2,2,6,6,,,,,,,,,
12039906,0,0,4,6,,,,,3,,,,
12039876,0,0,5,3,,,,,,,,,
12039909,0,0,4,4,,,,,,,,,
12039905,2,2,7,6,7,,,,4,,,,
12039911,2,2,6,6,,,,,,,,,
12039907,2,2,2,6,6,,,,,,,,
12039912,2,2,7,6,,,,7,,,,,
12027665,0,0,3,1,,,,,,,,,
12027669,2,2,5,6,7,,,,,7,,,
12027679,1,1,6,4,1,,,,,,,,
12027666,2,2,6,6,,,,,,,,,
12027678,2,2,4,6,6,,,,,,,,
12027674,0,0,2,1,,,,,,,,,
12027668,2,2,6,6,,,,,,,,,
12027667,0,0,3,,,,,,,,,,
12027673,2,2,6,6,,,,,,,,,
12027677,1,1,7,5,1,,,,,,,,
12027672,2,2,5,7,6,,,,7,,,,
12027680,0,0,2,0,,,,,,,,,
12038470,1,1,3,6,3,,,,,,,,
12038630,2,2,6,6,,,,,,,,,
12038622,0,0,3,3,,,,,,,,,
12039033,0,0,4,3,,,,,,,,,
12039278,2,2,6,6,,,,,,,,,
12038621,0,0,5,0,,,,,,,,,
12026623,1,1,6,1,3,,,,,,,,
12027491,2,2,5,7,6,,,,7,,,,
12038725,2,2,6,6,,,,,,,,,
12026987,2,2,6,7,,,,,7,,,,
12027048,2,2,6,6,,,,,,,,,
12038651,0,0,3,0,,,,,,,,,
12024226,0,0,3,6,,,,,6,,,,
12024355,2,2,6,6,,,,,,,,,
12024365,2,2,6,6,,,,,,,,,
12024245,2,2,7,3,7,,,7,,7,,,
12038726,2,2,6,6,,,,,,,,,
12039054,2,2,1,6,6,,,,,,,,
12039714,0,0,1,0,,,,,,,,,
12026797,2,2,6,7,,,,,7,,,,
12026792,2,2,6,6,,,,,,,,,
12038552,0,0,3,2,,,,,,,,,
12025085,1,1,7,6,4,,,9,3,,,,
12025044,2,2,5,7,6,,,,,,,,
12025061,2,2,6,7,6,,,5,,,,,
12028542,0,0,4,4,,,,,,,,,
12028146,0,0,4,3,,,,,,,,,
12039364,2,2,6,6,6,,,5,,,,,
12025144,1,1,2,7,1,,,,7,,,,
12025067,0,0,3,2,,,,,,,,,
12027547,0,0,3,4,,,,,,,,,
12027985,2,2,3,7,6,,,,,,,,
12039718,1,1,6,4,1,,,,,,,,
12027148,2,2,2,7,6,,,,,,,,
12027494,2,2,6,7,,,,,7,,,,
12038672,1,1,6,2,2,,,,,,,,
12025752,2,2,7,6,,,,,,,,,
12025679,2,2,7,6,,,,7,,,,,
12029387,2,2,6,6,,,,,,,,,
12025849,1,1,6,6,4,,,5,,,,,
12026470,2,2,6,6,6,,,,5,,,,
12038624,2,2,3,6,6,,,,,,,,
12024794,0,0,3,0,,,,,,,,,
12024371,2,2,7,7,,,,7,,,,,
12024435,0,0,6,1,,,,1,,,,,
12024489,0,0,4,4,,,,,,,,,
12038683,0,0,5,3,,,,,,,,,
12038684,2,2,7,7,,,,,11,,,,
12039389,0,0,5,3,,,,,,,,,
12025057,2,2,6,6,,,,,,,,,
12024644,2,2,7,5,6,,,7,,,,,
12027950,2,2,7,6,,,,,,,,,
12027653,1,1,6,3,6,,,,,4,,,
12039340,1,1,7,5,1,,,7,,,,,
12025133,1,1,6,3,3,,,,,,,,
12025149,2,2,6,7,,,,,7,,,,
12025142,0,0,6,3,,,,1,,,,,
12025174,2,2,6,6,,,,,,,,,
12028250,2,2,6,4,6,,,,,,,,
12028607,1,1,6,3,3,,,,,,,,
12027611,0,0,4,4,,,,,,,,,
12027539,2,2,6,6,,,,,,,,,
12038599,0,0,0,3,,,,,,,,,
12039558,,,,,,,,,,,,,
12039530,0,0,0,3,,,,,,,,,
12039539,0,0,0,0,,,,,,,,,
12039569,2,2,6,6,,,,,,,,,
12039573,0,0,6,4,,,,,,,,,
12039538,2,2,6,6,,,,,,,,,
12039532,2,2,6,7,10,,,,,,,,
12039516,0,0,1,1,,,,,,,,,
12039517,2,2,6,6,,,,,,,,,
12039512,0,0,0,1,,,,,,,,,
12041791,2,2,6,7,,,,,,,,,
12039568,2,2,6,6,,,,,,,,,
12039572,1,1,3,6,2,,,,,,,,
12039541,2,2,6,6,,,,,,,,,
12039547,2,2,6,7,,,,,,,,,
12039548,2,2,6,6,,,,,,,,,
12039511,1,1,6,2,7,,,,,,,,
12039523,0,0,0,2,,,,,,,,,
12039537,1,1,6,2,2,,,,,,,,
12039553,2,2,6,7,,,,,,,,,
12039560,1,1,6,2,8,,,,,,,,
12039534,2,2,6,6,,,,,,,,,
12039570,2,2,6,6,,,,,,,,,
12039559,0,0,2,3,,,,,,,,,
12039566,1,1,0,7,4,,,,,,,,
12039543,0,0,5,2,,,,,,,,,
12039552,2,2,4,6,10,,,,,,,,
12039550,,,,,,,,,,,,,
12039557,0,0,2,1,,,,,,,,,
12039520,0,0,1,0,,,,,,,,,
12039531,,,,,,,,,,,,,
12039556,1,1,6,4,4,,,,,,,,
12039571,2,2,6,7,,,,,,,,,
12039891,2,2,6,3,10,,,,,,,,
12039875,0,0,6,4,,,,2,,,,,
12039869,2,2,6,7,,,,,7,,,,
12039893,1,1,6,5,3,,,,,,,,
12039895,0,0,1,1,,,,,,,,,
12039889,2,2,7,6,,,,,,,,,
12039872,0,0,4,4,,,,,,,,,
12039892,2,2,6,6,,,,,,,,,
12039878,0,0,1,3,,,,,,,,,
12039897,0,0,4,3,,,,,,,,,
12039873,0,0,3,1,,,,,,,,,
12039870,0,0,3,3,,,,,,,,,
12039884,0,0,3,1,,,,,,,,,
12039874,2,2,2,6,10,,,,,,,,
12039896,0,0,4,2,,,,,,,,,
12039871,0,0,2,,,,,,,,,,
12039803,0,0,5,1,,,,,,,,,
12039811,0,0,4,3,,,,,,,,,
12039799,0,0,3,2,,,,,,,,,
12039810,0,0,0,1,,,,,,,,,
12039800,2,2,6,6,,,,,,,,,
12039804,0,0,4,3,,,,,,,,,
12039818,1,1,6,2,7,,,,,,,,
12039808,0,0,4,4,,,,,,,,,
12039802,0,0,2,2,,,,,,,,,
12039797,2,2,6,6,,,,,,,,,
12039794,0,0,2,1,,,,,,,,,
12039813,0,0,1,3,,,,,,,,,
12039805,2,2,6,6,,,,,,,,,
12039821,2,2,6,6,,,,,,,,,
12039812,0,0,3,1,,,,,,,,,
12039814,2,2,6,6,,,,,,,,,
12039796,0,0,3,4,,,,,,,,,
12039824,0,0,0,2,,,,,,,,,
12039823,2,2,6,6,,,,,,,,,
12039820,2,2,2,6,10,,,,,,,,
12039806,0,0,3,0,,,,,,,,,
12039793,0,0,4,6,,,,,,,,,
12039819,2,2,6,6,,,,,,,,,
12039815,2,2,6,6,,,,,,,,,
12039798,0,0,4,1,,,,,,,,,
12039807,0,0,0,0,,,,,,,,,
12039816,2,2,6,6,,,,,,,,,
12039822,0,0,2,2,,,,,,,,,
12039801,1,1,1,7,3,,,,,,,,
12039817,2,2,7,6,,,,,,,,,
12039809,2,2,6,4,10,,,,,,,,
12039795,2,2,6,6,,,,,,,,,
12039931,2,2,6,6,,,,,,,,,
12039920,0,0,4,3,,,,,,,,,
12039940,0,0,1,3,,,,,,,,,
12039948,1,1,4,6,4,,,,,,,,
12039936,2,2,3,6,10,,,,,,,,
12039919,1,1,2,7,8,,,,,,,,
12039954,0,0,4,1,,,,,,,,,
12039958,0,0,4,1,,,,,,,,,
12039922,2,2,6,6,,,,,,,,,
12039951,0,0,0,0,,,,,,,,,
12039947,1,1,6,2,5,,,,,,,,
12039944,0,0,1,1,,,,,,,,,
12039959,0,0,0,3,,,,,,,,,
12039945,0,0,0,3,,,,,,,,,
12039915,2,2,6,6,,,,,,,,,
12039953,0,0,2,2,,,,,,,,,
12039946,2,2,6,6,,,,,,,,,
12039917,1,1,6,6,6,,,,,,,,
12039914,2,2,7,6,,,,,,,,,
12039942,0,0,2,3,,,,,,,,,
12039935,2,2,6,6,,,,,,,,,
12039949,0,0,0,2,,,,,,,,,
12039918,2,2,6,6,,,,,,,,,
12039933,0,0,0,0,,,,,,,,,
12039921,2,2,7,6,,,,,,,,,
12039952,2,2,6,6,,,,,,,,,
12039923,0,0,5,6,,,,,,,,,
12039916,2,2,6,6,,,,,,,,,
12039960,2,2,6,6,,,,,,,,,
12039961,2,2,7,6,,,,,,,,,
12039941,2,2,6,6,,,,,,,,,
12039719,2,2,7,6,,,,,,,,,
12039728,2,2,6,6,,,,,,,,,
12039738,0,0,3,2,,,,,,,,,
12039741,2,2,6,6,,,,,,,,,
12039740,0,0,6,6,,,,,,,,,
12039730,0,0,0,0,,,,,,,,,
12039723,0,0,2,4,,,,,,,,,
12039748,,,,,,,,,,,,,
12039737,0,0,1,1,,,,,,,,,
12039747,0,0,4,2,,,,,,,,,
12039721,0,0,5,3,,,,,,,,,
12039720,0,0,1,2,,,,,,,,,
12039732,,,,,,,,,,,,,
12039746,2,2,6,7,,,,,,,,,
12039743,2,2,6,6,,,,,,,,,
12039734,1,1,5,6,6,,,,,,,,
12039750,2,2,6,6,,,,,,,,,
12039733,2,2,7,6,,,,,,,,,
12039731,2,2,6,6,,,,,,,,,
12039729,0,0,2,5,,,,,,,,,
12039744,2,2,6,6,,,,,,,,,
12039736,0,0,0,4,,,,,,,,,
12039724,2,2,6,6,,,,,,,,,
12039739,1,1,7,1,5,,,,,,,,
12039749,0,0,4,0,,,,,,,,,
12039725,2,2,6,6,,,,,,,,,
12039727,,,,,,,,,,,,,
12039524,2,2,6,6,,,,,,,,,
12039529,2,2,6,6,,,,,,,,,
12039519,2,2,6,6,,,,,,,,,
12039526,2,2,6,6,,,,,,,,,
12039546,0,0,0,2,,,,,,,,,
12039567,2,2,7,4,10,,,,,,,,
12039525,1,1,2,6,5,,,,,,,,
12039564,,,,,,,,,,,,,
12039544,2,2,6,6,,,,,,,,,
12039562,2,2,2,6,10,,,,,,,,
12039536,1,1,2,6,5,,,,,,,,
12039551,0,0,2,2,,,,,,,,,
12039549,0,0,1,1,,,,,,,,,
12039513,2,2,6,6,,,,,,,,,
12039533,0,0,4,2,,,,,,,,,
12039528,2,2,6,6,,,,,,,,,
12039565,2,2,6,6,,,,,,,,,
12039522,0,0,3,1,,,,,,,,,
12039542,0,0,0,0,,,,,,,,,
12039563,0,0,0,2,,,,,,,,,
12039561,0,0,3,0,,,,,,,,,
12039540,2,2,7,6,,,,,,,,,
12039521,0,0,2,5,,,,,,,,,
12039545,0,0,2,2,,,,,,,,,
12039555,1,1,3,6,8,,,,,,,,
12039554,1,1,6,1,8,,,,,,,,
12039535,0,0,2,3,,,,,,,,,
12039574,0,0,1,1,,,,,,,,,
12039515,0,0,0,0,,,,,,,,,
12039514,0,0,1,2,,,,,,,,,
12039518,0,0,3,0,,,,,,,,,
12039527,2,2,6,6,,,,,,,,,
12029689,2,2,1,7,6,,,,8,,,,
12029687,1,1,7,0,0,,,,,,,,
12029696,0,0,0,1,,,,,,,,,
12029698,2,2,6,6,,,,,,,,,
12029694,0,0,1,2,,,,,,,,,
12029697,2,2,6,6,,,,,,,,,
12029695,0,0,6,3,,,,5,,,,,
12029688,2,2,6,6,,,,,,,,,
12029693,1,1,3,6,2,,,,,,,,
12029691,0,0,0,0,,,,,,,,,
12029701,2,2,6,6,,,,,,,,,
12029692,2,2,6,6,,,,,,,,,
12029700,2,2,6,6,,,,,,,,,
12029690,,,,,,,,,,,,,
12029699,0,0,1,1,,,,,,,,,
12039851,2,2,6,7,,,,,7,,,,
12039852,0,0,5,4,,,,,,,,,
12039857,2,2,6,4,6,,,,,,,,
12039853,2,2,6,3,6,,,,,,,,
12039855,1,1,4,6,4,,,,,,,,
12039847,0,0,2,0,,,,,,,,,
12039845,0,0,4,1,,,,,,,,,
12039858,2,2,6,6,,,,,,,,,
12039849,2,2,4,6,7,,,,,7,,,
12039850,0,0,4,4,,,,,,,,,
12039886,,,,,,,,,,,,,
12041688,0,0,3,2,,,,,,,,,
12039882,,,,,,,,,,,,,
12039900,2,2,2,6,7,,,,,,,,
12039899,0,0,3,4,,,,,,,,,
12039888,2,2,6,4,7,,,,,12,,,
12039883,2,2,6,6,,,,,,,,,
12039887,2,2,6,6,,,,,,,,,
12039956,2,2,3,7,10,,,,,,,,
12039955,2,2,6,6,,,,,,,,,
12039929,2,2,6,6,,,,,,,,,
12039934,2,2,6,6,,,,,,,,,
12039928,0,0,0,5,,,,,,,,,
12039950,1,1,4,6,6,,,,,,,,
12039943,0,0,4,2,,,,,,,,,
12039957,2,2,3,7,10,,,,,,,,
12039937,1,1,7,1,7,,,,,,,,
12039930,1,1,4,6,6,,,,,,,,
12039927,0,0,2,6,,,,,,,,,
12039939,0,0,4,4,,,,,,,,,
12039932,0,0,3,2,,,,,,,,,
12039925,0,0,2,3,,,,,,,,,
12039924,2,2,6,6,,,,,,,,,
12039926,0,0,6,3,,,,,,,,,
12039694,0,0,2,4,,,,,,,,,
12039691,2,2,6,6,,,,,,,,,
12039688,2,2,6,6,,,,,,,,,
12039690,2,2,6,6,,,,,,,,,
12039692,2,2,6,6,,,,,,,,,
12039685,2,2,6,6,,,,,,,,,
12039689,0,0,4,2,,,,,,,,,
12039686,0,0,2,2,,,,,,,,,
12039695,2,2,6,6,,,,,,,,,
12039687,1,1,6,6,8,,,,,,,,
12039693,2,2,6,6,,,,,,,,,
12027541,2,2,6,4,6,,,,,,,,
12024559,,,,,,,,,,,,,
12024513,2,2,4,6,6,,,,,,,,
12027906,0,0,5,2,,,,,,,,,
12024617,,,,,,,,,,,,,
12027227,0,0,1,6,,,,,4,,,,
12039218,0,0,4,,,,,,,,,,
12039283,2,2,6,6,,,,,,,,,
12024366,0,0,6,6,,,,6,3,,,,
12024616,,,,,,,,,,,,,
12024839,,,,,,,,,,,,,
12024558,,,,,,,,,,,,,
12039391,2,2,6,7,,,,,,,,,
12039701,0,0,6,3,,,,2,,,,,
12027231,0,0,1,6,,,,,2,,,,
12027545,0,0,1,4,,,,,,,,,
12027905,2,2,6,7,,,,,,,,,
12024511,,,,,,,,,,,,,
12024367,1,1,7,6,3,,,,5,,,,
12024836,,,,,,,,,,,,,
12027987,1,1,6,2,1,,,,,,,,
12025137,1,1,5,6,1,,,,,,,,
12027988,2,2,6,2,6,,,,,,,,
12025136,,,,,,,,,,,,,
12025683,,,,,,,,,,,,,
12040867,2,2,6,7,,,,,7,,,,
12025682,,,,,,,,,,,,,
12027230,,,,,,,,,,,,,
12041772,1,1,6,3,9,,,,,,,,
12027542,2,2,6,7,,,,,,,,,
12027228,,,,,,,,,,,,,
12027907,2,2,7,6,,,,7,,,,,
12027543,,,,,,,,,,,,,
12027904,,,,,,,,,,,,,
12042614,1,1,4,6,6,,,,,6,,,
12027989,0,0,2,4,,,,,,,,,
12027990,,,,,,,,,,,,,
12042635,1,1,6,3,2,,,,,,,,
12024510,2,2,6,7,,,,,,,,,
12024370,,,,,,,,,,,,,
12038685,2,2,7,7,,,,7,7,,,,
12024555,2,2,6,7,,,,,7,,,,
12024615,,,,,,,,,,,,,
12024838,,,,,,,,,,,,,
12038917,0,0,4,6,,,,,6,,,,
12025140,2,2,6,6,6,,,,4,,,,
12025681,2,2,3,6,7,,,,,7,,,
12027544,2,2,2,6,7,,,,,7,,,
12041662,0,0,1,,,,,,,,,,
12027229,,,,,,,,,,,,,
12041821,1,1,7,4,0,,,7,,,,,
12027908,,,,,,,,,,,,,
12027986,2,2,7,6,,,,,,,,,
12038860,,,,,,,,,,,,,
11998458,2,2,4,6,6,,,,,,,,
11998457,1,1,6,4,,,,,,,,,
11998455,2,2,5,6,6,,,,,,,,
12039077,2,2,6,6,6,,,4,,,,,
12041918,2,2,6,5,6,,,,,,,,
12039075,0,0,2,6,,,,,4,,,,
12002072,2,2,5,7,7,,,,7,8,,,
12002070,0,0,2,3,,,,,,,,,
12002073,0,0,2,3,,,,,,,,,
12039293,,,,,,,,,,,,,
12039297,,,,,,,,,,,,,
12039298,2,2,6,6,,,,,,,,,
12039299,2,2,6,6,,,,,,,,,
12039455,2,2,6,6,,,,,,,,,
12042459,2,2,6,6,,,,,,,,,
12002069,1,1,3,6,1,,,,,,,,
12027535,2,2,7,6,,,,8,,,,,
12027058,2,2,3,6,6,,,,,,,,
12026878,0,0,2,2,,,,,,,,,
12023356,2,2,6,6,,,,,,,,,
12027519,0,0,1,2,,,,,,,,,
12024389,,,,,,,,,,,,,
12024234,,,,,,,,,,,,,
12027803,0,0,3,4,,,,,,,,,
12024638,,,,,,,,,,,,,
12039284,0,0,3,4,,,,,,,,,
12027533,2,2,6,6,,,,,,,,,
12024241,,,,,,,,,,,,,
12027059,2,2,6,6,,,,,,,,,
12027918,0,0,3,2,,,,,,,,,
12027949,1,1,6,1,1,,,,,,,,
12027802,1,1,6,3,2,,,,,,,,
12024639,,,,,,,,,,,,,
12028140,1,1,1,6,1,,,,,,,,
12024238,,,,,,,,,,,,,
12028190,2,2,5,6,6,,,,,,,,
12027919,0,0,1,1,,,,,,,,,
12027948,2,2,6,6,,,,,,,,,
12028144,2,2,6,3,7,,,,,,,,
12024936,0,0,2,3,,,,,,,,,
12027972,0,0,2,4,,,,,,,,,
12028191,1,1,6,7,3,,,5,7,,,,
12025129,,,,,,,,,,,,,
12027969,2,2,6,6,,,,,,,,,
12024938,0,0,3,6,,,,,5,,,,
12040019,0,0,0,3,,,,,,,,,
12025128,,,,,,,,,,,,,
12026854,,,,,,,,,,,,,
12040871,2,2,6,6,,,,,,,,,
12025689,,,,,,,,,,,,,
12041657,0,0,3,1,,,,,,,,,
12040872,2,2,6,6,10,,,5,,,,,
12026859,,,,,,,,,,,,,
12025688,,,,,,,,,,,,,
12026856,,,,,,,,,,,,,
12026858,,,,,,,,,,,,,
12027804,,,,,,,,,,,,,
12027531,,,,,,,,,,,,,
12026877,1,1,6,6,6,,,5,,7,,,
12041771,0,0,1,4,,,,,,,,,
12041820,2,2,6,3,10,,,,,,,,
12027054,,,,,,,,,,,,,
12027517,2,2,6,6,,,,,,,,,
12041844,1,1,6,2,8,,,,,,,,
12027800,,,,,,,,,,,,,
12027534,,,,,,,,,,,,,
12027520,0,0,2,2,,,,,,,,,
12027055,,,,,,,,,,,,,
12026874,0,0,5,3,,,,,,,,,
12041833,2,2,6,6,,,,,,,,,
12027920,,,,,,,,,,,,,
12042296,0,0,4,3,,,,,,,,,
12028141,0,0,1,0,,,,,,,,,
12027922,,,,,,,,,,,,,
12041834,0,0,1,0,,,,,,,,,
12028189,2,2,6,6,,,,,,,,,
12028143,2,2,6,1,6,,,,,,,,
12027971,2,2,6,6,6,,,0,,,,,
12028192,,,,,,,,,,,,,
12027968,,,,,,,,,,,,,
11974070,4,4,,,,,,,,,,,
11974049,3,3,,,,,,,,,,,
11974072,2,2,,,,,,,,,,,
11974065,0,0,,,,,,,,,,,
11974113,2,2,,,,,,,,,,,
12002110,4,4,,,,,,,,,,,
12002113,2,2,,,,,,,,,,,
12002107,3,3,,,,,,,,,,,
12001987,4,4,,,,,,,,,,,
12002106,0,0,,,,,,,,,,,
12002111,3,3,,,,,,,,,,,
12024242,1,1,7,6,5,,,7,3,,,,
12024641,0,0,1,3,,,,,,,,,
12024937,1,1,3,7,1,,,,7,,,,
12025131,0,0,3,1,,,,,,,,,
12040787,2,2,6,7,,,,,7,,,,
12026861,,,,,,,,,,,,,
12025691,0,0,4,0,,,,,,,,,
12026860,2,2,6,6,,,,,,,,,
12026876,2,2,7,4,6,,,,,,,,
12027518,,,,,,,,,,,,,
12041488,1,1,3,6,5,,,,,,,,
12027801,1,1,7,3,4,,,7,,,,,
12027532,2,2,6,7,,,,,7,,,,
12027056,,,,,,,,,,,,,
12041644,2,2,7,6,,,,12,,,,,
12041835,1,1,5,6,3,,,,,,,,
12027921,,,,,,,,,,,,,
12027947,,,,,,,,,,,,,
12041842,0,0,6,4,,,,8,,,,,
12028142,2,2,3,6,6,,,,,,,,
12028193,,,,,,,,,,,,,
12042026,2,2,7,6,6,,,7,1,,,,
12027970,2,2,7,6,,,,,,,,,
12028955,0,0,4,2,,,,,,,,,
12028951,2,2,6,6,,,,,,,,,
12028956,2,2,2,6,7,,,,,7,,,
12028953,0,0,2,0,,,,,,,,,
12028954,0,0,4,2,,,,,,,,,
12028957,0,0,3,4,,,,,,,,,
12028952,0,0,0,0,,,,,,,,,
12028958,0,0,6,1,,,,5,,,,,
12039474,0,0,3,0,,,,,,,,,
12039841,0,0,4,4,,,,,,,,,
12039913,2,2,7,6,,,,7,,,,,
12040020,0,0,3,6,,,,,3,,,,
12040508,2,2,7,6,7,,,7,4,7,,,
12040506,2,2,6,6,,,,,,,,,
12040509,1,1,6,6,2,,,,2,,,,
12040507,2,2,6,7,,,,,7,,,,
12040510,0,0,3,6,,,,,2,,,,
12040512,2,2,7,6,6,,,7,4,,,,
12040511,2,2,6,7,,,,,,,,,
12040515,0,0,3,4,,,,,,,,,
12039866,0,0,4,4,,,,,,,,,
12039861,0,0,6,4,,,,5,,,,,
12039867,0,0,3,6,,,,,4,,,,
12039863,0,0,5,4,,,,,,,,,
12039865,1,1,1,6,6,,,,,2,,,
12039862,0,0,5,3,,,,,,,,,
12039860,2,2,6,6,,,,,,,,,
12039868,0,0,5,2,,,,,,,,,
12041849,0,0,4,4,,,,,,,,,
12041853,1,1,6,2,3,,,,,,,,
12042392,2,2,3,7,6,,,,,,,,
12042016,0,0,5,3,,,,,,,,,
12027652,2,2,6,6,,,,,,,,,
12038854,2,2,6,6,,,,,,,,,
12039268,0,0,4,6,,,,,1,,,,
12039252,2,2,7,6,,,,,,,,,
12039242,2,2,6,6,,,,,,,,,
12039273,2,2,6,6,,,,,,,,,
12039420,1,1,6,6,1,,,,3,,,,
12027978,0,0,6,6,,,,3,4,,,,
12027982,0,0,0,0,,,,,,,,,
12027984,2,2,6,6,,,,,,,,,
12027979,0,0,2,1,,,,,,,,,
12027983,2,2,6,6,,,,,,,,,
12027977,2,2,6,6,,,,,,,,,
12027976,0,0,2,2,,,,,,,,,
12039400,1,1,7,1,0,,,,,,,,
12039396,1,1,7,0,2,,,7,,,,,
12038866,2,2,7,6,,,,7,,,,,
12039397,0,0,0,3,,,,,,,,,
12039471,2,2,6,7,,,,,,,,,
12039717,1,1,7,4,0,,,7,,,,,
11998663,1,1,2,7,3,,,,7,,,,
12037711,2,2,6,6,,,,,,,,,
12037714,2,2,6,6,6,,,,3,,,,
12037723,2,2,6,6,,,,,,,,,
12037712,2,2,6,6,,,,,,,,,
12037717,0,0,4,4,,,,,,,,,
12037713,0,0,3,3,,,,,,,,,
12039198,2,2,6,3,7,,,,,,,,
12039183,2,2,6,6,,,,,,,,,
12039197,0,0,1,4,,,,,,,,,
12039182,1,1,2,6,4,,,,,,,,
11998775,2,2,6,6,,,,,,,,,
11998778,2,2,6,7,,,,,7,,,,
11998773,1,1,6,3,2,,,,,,,,
11999018,0,0,3,4,,,,,,,,,
11999008,2,2,6,7,,,,,,,,,
11999016,1,1,7,1,2,,,9,,,,,
12039966,0,0,1,4,,,,,,,,,
12039970,0,0,5,5,,,,,,,,,
11999216,2,2,6,6,,,,,,,,,
11999217,0,0,5,6,,,,,6,,,,
11999218,2,2,7,6,,,,,,,,,
12037709,1,1,7,6,6,,,,4,0,,,
12037719,0,0,6,0,,,,5,,,,,
12038182,0,0,3,2,,,,,,,,,
12038429,0,0,2,0,,,,,,,,,
12037718,0,0,4,5,,,,,,,,,
12038431,1,1,6,6,3,,,4,,,,,
12038187,0,0,2,2,,,,,,,,,
12037710,0,0,4,4,,,,,,,,,
12038178,0,0,6,3,,,,2,,,,,
12037708,2,2,6,6,,,,,,,,,
12038428,0,0,5,3,,,,,,,,,
12037720,,,,,,,,,,,,,
12040682,0,0,3,4,,,,,,,,,
12040681,2,2,6,1,6,,,,,,,,
12040692,2,2,6,6,,,,,,,,,
12040680,0,0,4,3,,,,,,,,,
12040870,0,0,2,2,,,,,,,,,
12040789,0,0,3,3,,,,,,,,,
12040790,0,0,6,3,,,,7,,,,,
12039192,2,2,6,7,,,,,7,,,,
12039179,0,0,6,3,,,,6,,,,,
12039202,0,0,3,3,,,,,,,,,
12039196,0,0,0,0,,,,,,,,,
12039181,2,2,6,7,,,,,,,,,
12039193,0,0,3,1,,,,,,,,,
12039195,2,2,7,6,,,,7,,,,,
12039180,2,2,6,7,,,,,7,,,,
12039191,0,0,4,4,,,,,,,,,
12039194,0,0,1,4,,,,,,,,,
12039178,0,0,2,2,,,,,,,,,
12039190,2,2,6,6,,,,,,,,,
12041484,2,2,6,6,,,,,,,,,
12041483,2,2,6,6,,,,,,,,,
12041038,0,0,2,4,,,,,,,,,
12041702,0,0,4,3,,,,,,,,,
12041759,2,2,6,6,,,,,,,,,
12041658,1,1,4,6,6,,,,,3,,,
12039902,2,2,6,6,,,,,,,,,
12039906,0,0,4,6,,,,,3,,,,
12039876,0,0,5,3,,,,,,,,,
12039909,0,0,4,4,,,,,,,,,
12039905,2,2,7,6,7,,,,4,,,,
12039911,2,2,6,6,,,,,,,,,
12039907,2,2,2,6,6,,,,,,,,
12039912,2,2,7,6,,,,7,,,,,
12039904,2,2,6,6,,,,,,,,,
12039910,2,2,6,2,7,,,,,,,,
12039908,2,2,6,6,,,,,,,,,
12039903,2,2,4,6,6,,,,,,,,
12041961,1,1,6,6,4,,,,5,,,,
12041816,0,0,2,0,,,,,,,,,
12041895,2,2,6,6,,,,,,,,,
12042017,1,1,4,7,3,,,,7,,,,
12042081,2,2,6,7,,,,,11,,,,
12042497,2,2,6,6,,,,,,,,,
12040213,2,2,6,6,,,,,,,,,
12040206,0,0,1,3,,,,,,,,,
12040216,2,2,7,3,6,,,,,,,,
12041727,,,,,,,,,,,,,
12040207,0,0,1,0,,,,,,,,,
12043337,2,2,6,2,6,,,,,,,,
12040219,2,2,6,1,6,,,,,,,,
12038470,1,1,3,6,3,,,,,,,,
12038630,2,2,6,6,,,,,,,,,
12038622,0,0,3,3,,,,,,,,,
12039033,0,0,4,3,,,,,,,,,
12039278,2,2,6,6,,,,,,,,,
12038621,0,0,5,0,,,,,,,,,
12038725,2,2,6,6,,,,,,,,,
12038651,0,0,3,0,,,,,,,,,
12038726,2,2,6,6,,,,,,,,,
12039054,2,2,1,6,6,,,,,,,,
12039714,0,0,1,0,,,,,,,,,
12038552,0,0,3,2,,,,,,,,,
12028146,0,0,4,3,,,,,,,,,
12039364,2,2,6,6,6,,,5,,,,,
12027547,0,0,3,4,,,,,,,,,
12027985,2,2,3,7,6,,,,,,,,
12039718,1,1,6,4,1,,,,,,,,
12038672,1,1,6,2,2,,,,,,,,
12029387,2,2,6,6,,,,,,,,,
12038624,2,2,3,6,6,,,,,,,,
12038683,0,0,5,3,,,,,,,,,
12038684,2,2,7,7,,,,,11,,,,
12039389,0,0,5,3,,,,,,,,,
12027950,2,2,7,6,,,,,,,,,
12027653,1,1,6,3,6,,,,,4,,,
12039340,1,1,7,5,1,,,7,,,,,
12028250,2,2,6,4,6,,,,,,,,
12028607,1,1,6,3,3,,,,,,,,
12040023,2,2,6,6,,,,,,,,,
12038599,0,0,0,3,,,,,,,,,
12039558,,,,,,,,,,,,,
12039530,0,0,0,3,,,,,,,,,
12039539,0,0,0,0,,,,,,,,,
12039569,2,2,6,6,,,,,,,,,
12039573,0,0,6,4,,,,,,,,,
12039538,2,2,6,6,,,,,,,,,
12039532,2,2,6,7,10,,,,,,,,
12039516,0,0,1,1,,,,,,,,,
12039517,2,2,6,6,,,,,,,,,
12039512,0,0,0,1,,,,,,,,,
12041791,2,2,6,7,,,,,,,,,
12039568,2,2,6,6,,,,,,,,,
12039572,1,1,3,6,2,,,,,,,,
12039541,2,2,6,6,,,,,,,,,
12039547,2,2,6,7,,,,,,,,,
12039548,2,2,6,6,,,,,,,,,
12039511,1,1,6,2,7,,,,,,,,
12039523,0,0,0,2,,,,,,,,,
12039537,1,1,6,2,2,,,,,,,,
12039553,2,2,6,7,,,,,,,,,
12039560,1,1,6,2,8,,,,,,,,
12039534,2,2,6,6,,,,,,,,,
12039570,2,2,6,6,,,,,,,,,
12039559,0,0,2,3,,,,,,,,,
12039566,1,1,0,7,4,,,,,,,,
12039543,0,0,5,2,,,,,,,,,
12039552,2,2,4,6,10,,,,,,,,
12039550,,,,,,,,,,,,,
12039557,0,0,2,1,,,,,,,,,
12039520,0,0,1,0,,,,,,,,,
12039531,,,,,,,,,,,,,
12039556,1,1,6,4,4,,,,,,,,
12039571,2,2,6,7,,,,,,,,,
12041782,0,0,3,2,,,,,,,,,
12041804,0,0,1,0,,,,,,,,,
12041798,0,0,4,4,,,,,,,,,
12041801,2,2,7,6,,,,,,,,,
12041792,0,0,4,4,,,,,,,,,
12041793,2,2,6,2,15,,,,,,,,
12041807,2,2,4,6,10,,,,,,,,
12041803,2,2,6,6,,,,,,,,,
12041814,1,1,1,6,8,,,,,,,,
12041795,2,2,6,6,,,,,,,,,
12041797,0,0,2,2,,,,,,,,,
12041813,2,2,6,4,10,,,,,,,,
12041788,0,0,5,4,,,,,,,,,
12041808,0,0,0,5,,,,,,,,,
12041789,2,2,2,6,10,,,,,,,,
12041785,2,2,3,6,10,,,,,,,,
12039891,2,2,6,3,10,,,,,,,,
12039875,0,0,6,4,,,,2,,,,,
12039869,2,2,6,7,,,,,7,,,,
12039893,1,1,6,5,3,,,,,,,,
12039895,0,0,1,1,,,,,,,,,
12039889,2,2,7,6,,,,,,,,,
12039872,0,0,4,4,,,,,,,,,
12039892,2,2,6,6,,,,,,,,,
12039878,0,0,1,3,,,,,,,,,
12039897,0,0,4,3,,,,,,,,,
12039873,0,0,3,1,,,,,,,,,
12039870,0,0,3,3,,,,,,,,,
12039884,0,0,3,1,,,,,,,,,
12039874,2,2,2,6,10,,,,,,,,
12039896,0,0,4,2,,,,,,,,,
12039871,0,0,2,,,,,,,,,,
12041957,1,1,3,6,19,,,,,,,,
12041943,1,1,3,6,7,,,,,,,,
12041948,0,0,5,2,,,,,,,,,
12041947,2,2,6,6,,,,,,,,,
12041950,0,0,2,4,,,,,,,,,
12041953,2,2,6,3,11,,,,,,,,
12041940,2,2,6,6,,,,,,,,,
12041944,2,2,6,6,,,,,,,,,
12041951,2,2,6,7,,,,,,,,,
12041945,2,2,7,7,,,,7,7,,,,
12041946,0,0,4,4,,,,,,,,,
12041942,2,2,6,6,10,,,,3,,,,
12041941,2,2,6,6,10,,,4,,,,,
12041956,0,0,3,4,,,,,,,,,
12041955,0,0,2,4,,,,,,,,,
12041954,2,2,6,6,,,,,,,,,
12039803,0,0,5,1,,,,,,,,,
12039811,0,0,4,3,,,,,,,,,
12039799,0,0,3,2,,,,,,,,,
12039810,0,0,0,1,,,,,,,,,
12039800,2,2,6,6,,,,,,,,,
12039804,0,0,4,3,,,,,,,,,
12039818,1,1,6,2,7,,,,,,,,
12039808,0,0,4,4,,,,,,,,,
12039802,0,0,2,2,,,,,,,,,
12039797,2,2,6,6,,,,,,,,,
12039794,0,0,2,1,,,,,,,,,
12039813,0,0,1,3,,,,,,,,,
12039805,2,2,6,6,,,,,,,,,
12039821,2,2,6,6,,,,,,,,,
12039812,0,0,3,1,,,,,,,,,
12039814,2,2,6,6,,,,,,,,,
12039796,0,0,3,4,,,,,,,,,
12039824,0,0,0,2,,,,,,,,,
12039823,2,2,6,6,,,,,,,,,
12039820,2,2,2,6,10,,,,,,,,
12039806,0,0,3,0,,,,,,,,,
12039793,0,0,4,6,,,,,,,,,
12039819,2,2,6,6,,,,,,,,,
12039815,2,2,6,6,,,,,,,,,
12039798,0,0,4,1,,,,,,,,,
12039807,0,0,0,0,,,,,,,,,
12039816,2,2,6,6,,,,,,,,,
12039822,0,0,2,2,,,,,,,,,
12039801,1,1,1,7,3,,,,,,,,
12039817,2,2,7,6,,,,,,,,,
12039809,2,2,6,4,10,,,,,,,,
12039795,2,2,6,6,,,,,,,,,
12042287,0,0,1,1,,,,,,,,,
12042274,0,0,0,3,,,,,,,,,
12042286,0,0,3,0,,,,,,,,,
12042278,2,2,6,5,10,,,,,,,,
12042280,2,2,6,7,,,,,,,,,
12042283,2,2,6,6,,,,,,,,,
12042284,0,0,2,0,,,,,,,,,
12042281,0,0,1,2,,,,,,,,,
12042276,0,0,4,3,,,,,,,,,
12042285,2,2,6,6,,,,,,,,,
12042288,2,2,6,6,10,,,,,,,,
12042282,2,2,6,6,,,,,,,,,
12042279,2,2,6,6,,,,,,,,,
12042275,0,0,4,4,,,,,,,,,
12042277,2,2,6,6,,,,,,,,,
12045068,0,0,1,0,,,,,,,,,
12039931,2,2,6,6,,,,,,,,,
12039920,0,0,4,3,,,,,,,,,
12039940,0,0,1,3,,,,,,,,,
12039948,1,1,4,6,4,,,,,,,,
12039936,2,2,3,6,10,,,,,,,,
12039919,1,1,2,7,8,,,,,,,,
12039954,0,0,4,1,,,,,,,,,
12039958,0,0,4,1,,,,,,,,,
12039922,2,2,6,6,,,,,,,,,
12039951,0,0,0,0,,,,,,,,,
12039947,1,1,6,2,5,,,,,,,,
12039944,0,0,1,1,,,,,,,,,
12039959,0,0,0,3,,,,,,,,,
12039945,0,0,0,3,,,,,,,,,
12039915,2,2,6,6,,,,,,,,,
12039953,0,0,2,2,,,,,,,,,
12039946,2,2,6,6,,,,,,,,,
12039917,1,1,6,6,6,,,,,,,,
12039914,2,2,7,6,,,,,,,,,
12039942,0,0,2,3,,,,,,,,,
12039935,2,2,6,6,,,,,,,,,
12039949,0,0,0,2,,,,,,,,,
12039918,2,2,6,6,,,,,,,,,
12039933,0,0,0,0,,,,,,,,,
12039921,2,2,7,6,,,,,,,,,
12039952,2,2,6,6,,,,,,,,,
12039923,0,0,5,6,,,,,,,,,
12039916,2,2,6,6,,,,,,,,,
12039960,2,2,6,6,,,,,,,,,
12039961,2,2,7,6,,,,,,,,,
12039941,2,2,6,6,,,,,,,,,
12039938,2,2,6,6,10,,,,,,,,
12042583,2,2,6,6,,,,,,,,,
12042581,0,0,4,2,,,,,,,,,
12042578,2,2,7,3,13,,,,,,,,
12042588,0,0,3,3,,,,,,,,,
12042579,2,2,6,6,,,,,,,,,
12042590,0,0,0,0,,,,,,,,,
12042589,0,0,1,0,,,,,,,,,
12042591,2,2,6,6,,,,,,,,,
12042584,0,0,0,2,,,,,,,,,
12042601,2,2,7,6,,,,,,,,,
12042582,1,1,4,7,14,,,,,,,,
12042586,2,2,6,6,,,,,,,,,
12042567,0,0,2,4,,,,,,,,,
12042640,0,0,2,5,,,,,,,,,
12042585,0,0,1,1,,,,,,,,,
12042565,1,1,4,6,10,,,,,,,,
12045326,1,1,7,4,4,,,7,,,,,
12045187,0,0,2,4,,,,,,,,,
12045186,0,0,4,4,,,,,,,,,
12045325,2,2,7,6,,,,,,,,,
12046236,2,2,6,6,,,,,,,,,
12046032,0,0,2,1,,,,,,,,,
12039719,2,2,7,6,,,,,,,,,
12039728,2,2,6,6,,,,,,,,,
12039738,0,0,3,2,,,,,,,,,
12039741,2,2,6,6,,,,,,,,,
12039740,0,0,6,6,,,,,,,,,
12039730,0,0,0,0,,,,,,,,,
12039723,0,0,2,4,,,,,,,,,
12039748,,,,,,,,,,,,,
12039737,0,0,1,1,,,,,,,,,
12039747,0,0,4,2,,,,,,,,,
12039721,0,0,5,3,,,,,,,,,
12039720,0,0,1,2,,,,,,,,,
12039732,,,,,,,,,,,,,
12039746,2,2,6,7,,,,,,,,,
12039743,2,2,6,6,,,,,,,,,
12039734,1,1,5,6,6,,,,,,,,
12039750,2,2,6,6,,,,,,,,,
12039733,2,2,7,6,,,,,,,,,
12039731,2,2,6,6,,,,,,,,,
12039729,0,0,2,5,,,,,,,,,
12039744,2,2,6,6,,,,,,,,,
12039736,0,0,0,4,,,,,,,,,
12039724,2,2,6,6,,,,,,,,,
12039739,1,1,7,1,5,,,,,,,,
12039749,0,0,4,0,,,,,,,,,
12039725,2,2,6,6,,,,,,,,,
12039727,,,,,,,,,,,,,
12039735,0,0,3,5,,,,,,,,,
12039742,2,2,6,6,,,,,,,,,
12039722,2,2,6,6,10,,,,,,,,
12039745,0,0,5,1,,,,,,,,,
12039726,2,2,6,7,,,,,,,,,
12042441,2,2,6,7,,,,,,,,,
12042440,0,0,2,1,,,,,,,,,
12042445,2,2,6,6,,,,,,,,,
12042444,2,2,6,6,,,,,,,,,
12042436,1,1,6,6,8,,,,,,,,
12042437,,,,,,,,,,,,,
12042443,0,0,2,4,,,,,,,,,
12042438,0,0,2,2,,,,,,,,,
12042439,0,0,1,4,,,,,,,,,
12042448,0,0,2,3,,,,,,,,,
12042446,2,2,0,6,10,,,,,,,,
12042435,2,2,6,6,,,,,,,,,
12042447,0,0,2,4,,,,,,,,,
12042527,2,2,6,6,,,,,,,,,
12042494,2,2,6,6,,,,,,,,,
12042449,1,1,7,5,11,,,,,,,,
12039524,2,2,6,6,,,,,,,,,
12039529,2,2,6,6,,,,,,,,,
12039519,2,2,6,6,,,,,,,,,
12039526,2,2,6,6,,,,,,,,,
12039546,0,0,0,2,,,,,,,,,
12039567,2,2,7,4,10,,,,,,,,
12039525,1,1,2,6,5,,,,,,,,
12039564,,,,,,,,,,,,,
12039544,2,2,6,6,,,,,,,,,
12039562,2,2,2,6,10,,,,,,,,
12039536,1,1,2,6,5,,,,,,,,
12039551,0,0,2,2,,,,,,,,,
12039549,0,0,1,1,,,,,,,,,
12039513,2,2,6,6,,,,,,,,,
12039533,0,0,4,2,,,,,,,,,
12039528,2,2,6,6,,,,,,,,,
12039565,2,2,6,6,,,,,,,,,
12039522,0,0,3,1,,,,,,,,,
12039542,0,0,0,0,,,,,,,,,
12039563,0,0,0,2,,,,,,,,,
12039561,0,0,3,0,,,,,,,,,
12039540,2,2,7,6,,,,,,,,,
12039521,0,0,2,5,,,,,,,,,
12039545,0,0,2,2,,,,,,,,,
12039555,1,1,3,6,8,,,,,,,,
12039554,1,1,6,1,8,,,,,,,,
12039535,0,0,2,3,,,,,,,,,
12039574,0,0,1,1,,,,,,,,,
12039515,0,0,0,0,,,,,,,,,
12039514,0,0,1,2,,,,,,,,,
12039518,0,0,3,0,,,,,,,,,
12039527,2,2,6,6,,,,,,,,,
12041805,0,0,3,2,,,,,,,,,
12041806,1,1,6,6,7,,,,4,,,,
12041787,0,0,5,2,,,,,,,,,
12041800,0,0,3,3,,,,,,,,,
12041786,2,2,6,6,,,,,,,,,
12041810,0,0,0,4,,,,,,,,,
12041812,0,0,5,4,,,,,,,,,
12041784,0,0,3,6,,,,,4,,,,
12041799,2,2,6,6,,,,,,,,,
12041809,2,2,6,6,,,,,,,,,
12041790,2,2,6,7,,,,,,,,,
12041811,0,0,2,5,,,,,,,,,
12041783,2,2,6,6,,,,,,,,,
12041802,0,0,3,4,,,,,,,,,
12041794,2,2,7,6,,,,7,,,,,
12041796,0,0,1,1,,,,,,,,,
12029689,2,2,1,7,6,,,,8,,,,
12029687,1,1,7,0,0,,,,,,,,
12029696,0,0,0,1,,,,,,,,,
12029698,2,2,6,6,,,,,,,,,
12029694,0,0,1,2,,,,,,,,,
12029697,2,2,6,6,,,,,,,,,
12029695,0,0,6,3,,,,5,,,,,
12029688,2,2,6,6,,,,,,,,,
12029693,1,1,3,6,2,,,,,,,,
12029691,0,0,0,0,,,,,,,,,
12029701,2,2,6,6,,,,,,,,,
12029692,2,2,6,6,,,,,,,,,
12029700,2,2,6,6,,,,,,,,,
12029690,,,,,,,,,,,,,
12029699,0,0,1,1,,,,,,,,,
12040861,0,0,4,4,,,,,,,,,
12040859,0,0,1,1,,,,,,,,,
12040862,1,1,2,6,2,,,,,,,,
12040858,2,2,7,6,,,,7,,,,,
12040860,1,1,4,6,2,,,,,,,,
12040863,0,0,0,0,,,,,,,,,
12041476,0,0,0,2,,,,,,,,,
12040857,0,0,4,4,,,,,,,,,
12039851,2,2,6,7,,,,,7,,,,
12039852,0,0,5,4,,,,,,,,,
12039857,2,2,6,4,6,,,,,,,,
12039853,2,2,6,3,6,,,,,,,,
12039855,1,1,4,6,4,,,,,,,,
12039847,0,0,2,0,,,,,,,,,
12039845,0,0,4,1,,,,,,,,,
12039858,2,2,6,6,,,,,,,,,
12039849,2,2,4,6,7,,,,,7,,,
12039850,0,0,4,4,,,,,,,,,
12039856,0,0,0,2,,,,,,,,,
12039854,2,2,6,6,,,,,,,,,
12039843,0,0,1,0,,,,,,,,,
12039844,0,0,1,4,,,,,,,,,
12039846,0,0,4,2,,,,,,,,,
12039848,2,2,6,6,,,,,,,,,
12042189,1,1,6,1,3,,,,,,,,
12042187,0,0,1,0,,,,,,,,,
12042188,2,2,6,4,7,,,,,,,,
12042508,0,0,5,6,,,,,6,,,,
12042484,0,0,1,4,,,,,,,,,
12042190,2,2,7,6,,,,,,,,,
12042192,2,2,6,7,,,,,7,,,,
12042193,2,2,4,7,7,,,,,,,,
12039886,,,,,,,,,,,,,
12041688,0,0,3,2,,,,,,,,,
12039882,,,,,,,,,,,,,
12039900,2,2,2,6,7,,,,,,,,
12039899,0,0,3,4,,,,,,,,,
12039888,2,2,6,4,7,,,,,12,,,
12039883,2,2,6,6,,,,,,,,,
12039887,2,2,6,6,,,,,,,,,
12039890,0,0,5,3,,,,,,,,,
12039881,0,0,4,2,,,,,,,,,
12039894,0,0,6,4,,,,4,,,,,
12039880,1,1,6,1,6,,,,,3,,,
12039898,2,2,6,6,,,,,,,,,
12039901,0,0,4,4,,,,,,,,,
12039877,1,1,7,4,2,,,,,,,,
12039879,2,2,6,7,,,,,7,,,,
12039885,1,1,7,6,3,,,7,6,,,,
12041958,1,1,6,5,6,,,,,3,,,
12041952,2,2,6,6,,,,,,,,,
12042442,0,0,1,2,,,,,,,,,
12041949,0,0,2,0,,,,,,,,,
12040595,1,1,6,3,4,,,,,,,,
12040589,0,0,3,1,,,,,,,,,
12040594,0,0,0,1,,,,,,,,,
12040585,0,0,1,0,,,,,,,,,
12040591,2,2,6,7,,,,,,,,,
12040593,2,2,6,7,,,,,7,,,,
12040584,1,1,6,5,3,,,,,,,,
12040582,2,2,6,6,,,,,,,,,
12040587,0,0,0,0,,,,,,,,,
12040592,0,0,6,2,,,,2,,,,,
12040597,2,2,6,6,,,,,,,,,
12040586,0,0,1,0,,,,,,,,,
12040583,2,2,6,6,,,,,,,,,
12040596,2,2,6,4,6,,,,,,,,
12040590,2,2,6,5,6,,,,,,,,
12040588,0,0,2,0,,,,,,,,,
12039956,2,2,3,7,10,,,,,,,,
12039955,2,2,6,6,,,,,,,,,
12039929,2,2,6,6,,,,,,,,,
12039934,2,2,6,6,,,,,,,,,
12039928,0,0,0,5,,,,,,,,,
12039950,1,1,4,6,6,,,,,,,,
12039943,0,0,4,2,,,,,,,,,
12039957,2,2,3,7,10,,,,,,,,
12039937,1,1,7,1,7,,,,,,,,
12039930,1,1,4,6,6,,,,,,,,
12039927,0,0,2,6,,,,,,,,,
12039939,0,0,4,4,,,,,,,,,
12039932,0,0,3,2,,,,,,,,,
12039925,0,0,2,3,,,,,,,,,
12039924,2,2,6,6,,,,,,,,,
12039926,0,0,6,3,,,,,,,,,
12042568,2,2,6,6,,,,,,,,,
12042574,0,0,3,1,,,,,,,,,
12042624,2,2,3,6,10,,,,,,,,
12042569,2,2,6,6,,,,,,,,,
12042573,0,0,2,3,,,,,,,,,
12042566,2,2,6,6,,,,,,,,,
12042563,1,1,7,2,5,,,,,,,,
12042575,2,2,6,7,,,,,,,,,
12042572,0,0,2,3,,,,,,,,,
12042570,2,2,2,7,13,,,,,,,,
12042577,0,0,0,0,,,,,,,,,
12042576,0,0,3,1,,,,,,,,,
12042564,2,2,7,6,,,,,,,,,
12042571,2,2,7,6,,,,,,,,,
12042587,0,0,1,1,,,,,,,,,
12042580,0,0,6,6,,,,,,,,,
12039694,0,0,2,4,,,,,,,,,
12039691,2,2,6,6,,,,,,,,,
12039688,2,2,6,6,,,,,,,,,
12039690,2,2,6,6,,,,,,,,,
12039692,2,2,6,6,,,,,,,,,
12039685,2,2,6,6,,,,,,,,,
12039689,0,0,4,2,,,,,,,,,
12039686,0,0,2,2,,,,,,,,,
12039695,2,2,6,6,,,,,,,,,
12039687,1,1,6,6,8,,,,,,,,
12039693,2,2,6,6,,,,,,,,,
12041973,1,1,6,1,6,,,,,,,,
12041977,0,0,0,0,,,,,,,,,
12041966,2,2,6,6,,,,,,,,,
12041976,0,0,4,2,,,,,,,,,
12041963,0,0,1,2,,,,,,,,,
12041971,0,0,0,2,,,,,,,,,
12041972,0,0,2,0,,,,,,,,,
12041974,0,0,0,1,,,,,,,,,
12041965,2,2,6,6,,,,,,,,,
12041967,0,0,2,4,,,,,,,,,
12041968,2,2,6,6,,,,,,,,,
12041962,0,0,3,3,,,,,,,,,
12041975,1,1,5,6,5,,,,,,,,
12041969,2,2,6,6,,,,,,,,,
12041964,2,2,7,6,,,,,,,,,
12041970,2,2,7,6,,,,,,,,,
12041803,2,2,6,6,,,,,,,,,
12041814,1,1,1,6,8,,,,,,,,
12041795,2,2,6,6,,,,,,,,,
12041797,0,0,2,2,,,,,,,,,
12041813,2,2,6,4,10,,,,,,,,
12041788,0,0,5,4,,,,,,,,,
12041808,0,0,0,5,,,,,,,,,
12041789,2,2,2,6,10,,,,,,,,
12041785,2,2,3,6,10,,,,,,,,
12046072,1,1,6,2,,,,,,,,,
12046085,0,0,3,4,,,,,,,,,
12046077,2,2,6,3,10,,,,,,,,
12046084,0,0,5,5,,,,,,,,,
12046055,0,0,2,4,,,,,,,,,
12046065,2,2,6,7,,,,,9,,,,
12046069,2,2,6,7,,,,,7,,,,
12046075,0,0,1,1,,,,,,,,,
12039896,0,0,4,2,,,,,,,,,
12039871,0,0,2,,,,,,,,,,
12041957,1,1,3,6,19,,,,,,,,
12041943,1,1,3,6,7,,,,,,,,
12041948,0,0,5,2,,,,,,,,,
12041947,2,2,6,6,,,,,,,,,
12041950,0,0,2,4,,,,,,,,,
12041953,2,2,6,3,11,,,,,,,,
12041940,2,2,6,6,,,,,,,,,
12041944,2,2,6,6,,,,,,,,,
12041951,2,2,6,7,,,,,,,,,
12041945,2,2,7,7,,,,7,7,,,,
12041946,0,0,4,4,,,,,,,,,
12041942,2,2,6,6,10,,,,3,,,,
12041941,2,2,6,6,10,,,4,,,,,
12041956,0,0,3,4,,,,,,,,,
12041955,0,0,2,4,,,,,,,,,
12041954,2,2,6,6,,,,,,,,,
12045634,2,2,7,6,,,,7,,,,,
12045210,2,2,7,6,,,,7,,,,,
12045608,1,1,3,6,8,,,,,,,,
12045211,1,1,6,2,5,,,,,,,,
12046134,0,0,6,5,,,,5,,,,,
12046135,,,,,,,,,,,,,
12046253,0,0,3,6,,,,,5,,,,
12045732,2,2,2,6,10,,,,,,,,
12046141,2,2,6,6,,,,,,,,,
12039822,0,0,2,2,,,,,,,,,
12039801,1,1,1,7,3,,,,,,,,
12039817,2,2,7,6,,,,,,,,,
12039809,2,2,6,4,10,,,,,,,,
12039795,2,2,6,6,,,,,,,,,
12042287,0,0,1,1,,,,,,,,,
12042274,0,0,0,3,,,,,,,,,
12042286,0,0,3,0,,,,,,,,,
12042278,2,2,6,5,10,,,,,,,,
12042280,2,2,6,7,,,,,,,,,
12042283,2,2,6,6,,,,,,,,,
12042284,0,0,2,0,,,,,,,,,
12042281,0,0,1,2,,,,,,,,,
12042276,0,0,4,3,,,,,,,,,
12042285,2,2,6,6,,,,,,,,,
12042288,2,2,6,6,10,,,,,,,,
12042282,2,2,6,6,,,,,,,,,
12042279,2,2,6,6,,,,,,,,,
12042275,0,0,4,4,,,,,,,,,
12042277,2,2,6,6,,,,,,,,,
12045068,0,0,1,0,,,,,,,,,
12046242,0,0,2,2,,,,,,,,,
12046243,0,0,1,1,,,,,,,,,
12046241,2,2,6,6,10,,,3,,,,,
12046238,1,1,6,0,2,,,,,,,,
12046237,2,2,1,6,10,,,,,,,,
12046244,0,0,5,1,,,,,,,,,
12046240,2,2,6,4,10,,,,,,,,
12046239,2,2,7,6,10,,,7,3,,,,
12039938,2,2,6,6,10,,,,,,,,
12042583,2,2,6,6,,,,,,,,,
12042581,0,0,4,2,,,,,,,,,
12042578,2,2,7,3,13,,,,,,,,
12042588,0,0,3,3,,,,,,,,,
12042579,2,2,6,6,,,,,,,,,
12042590,0,0,0,0,,,,,,,,,
12042589,0,0,1,0,,,,,,,,,
12042591,2,2,6,6,,,,,,,,,
12042584,0,0,0,2,,,,,,,,,
12042601,2,2,7,6,,,,,,,,,
12042582,1,1,4,7,14,,,,,,,,
12042586,2,2,6,6,,,,,,,,,
12042567,0,0,2,4,,,,,,,,,
12042640,0,0,2,5,,,,,,,,,
12042585,0,0,1,1,,,,,,,,,
12042565,1,1,4,6,10,,,,,,,,
12045326,1,1,7,4,4,,,7,,,,,
12045187,0,0,2,4,,,,,,,,,
12045186,0,0,4,4,,,,,,,,,
12045325,2,2,7,6,,,,,,,,,
12045455,0,0,4,3,,,,,,,,,
12045783,1,1,7,1,6,,,,,,,,
12045569,1,1,2,6,4,,,,,,,,
12045601,2,2,6,4,11,,,,,,,,
12046236,2,2,6,6,,,,,,,,,
12046032,0,0,2,1,,,,,,,,,
12042698,,,,,,,,,,,,,
12042688,0,0,1,4,,,,,,,,,
12042696,2,2,3,6,10,,,,,,,,
12042697,2,2,2,6,11,,,,,,,,
12042692,2,2,6,6,,,,,,,,,
12042686,2,2,6,6,,,,,,,,,
12042689,0,0,4,4,,,,,,,,,
12042685,1,1,6,3,10,,,,,,,,
12042695,2,2,6,6,,,,,,,,,
12042687,1,1,6,7,7,,,,,,,,
12042691,0,0,1,3,,,,,,,,,
12042694,1,1,7,5,8,,,,,,,,
12042699,0,0,3,2,,,,,,,,,
12042690,0,0,0,3,,,,,,,,,
12042684,2,2,6,3,10,,,,,,,,
12042693,,,,,,,,,,,,,
12046507,0,0,2,2,,,,,,,,,
12046503,1,1,2,6,6,,,,,,,,
12046511,0,0,4,1,,,,,,,,,
12046510,0,0,6,4,,,,6,,,,,
12039967,2,2,6,6,,,,,,,,,
12039972,0,0,4,3,,,,,,,,,
12039969,2,2,6,4,6,,,,,,,,
12046127,0,0,3,6,,,,,4,,,,
12046130,0,0,5,3,,,,,,,,,
12039968,2,2,6,6,,,,,,,,,
12046128,0,0,5,5,,,,,,,,,
12039973,2,2,6,6,,,,,,,,,
11999218,2,2,7,6,,,,,,,,,
12040681,2,2,6,1,6,,,,,,,,
12040692,2,2,6,6,,,,,,,,,
12040680,0,0,4,3,,,,,,,,,
12040870,0,0,2,2,,,,,,,,,
12040789,0,0,3,3,,,,,,,,,
12040790,0,0,6,3,,,,7,,,,,
12041484,2,2,6,6,,,,,,,,,
12041483,2,2,6,6,,,,,,,,,
12041038,0,0,2,4,,,,,,,,,
12041702,0,0,4,3,,,,,,,,,
12041759,2,2,6,6,,,,,,,,,
12041658,1,1,4,6,6,,,,,3,,,
12039907,2,2,2,6,6,,,,,,,,
12039912,2,2,7,6,,,,7,,,,,
12039904,2,2,6,6,,,,,,,,,
12039910,2,2,6,2,7,,,,,,,,
12039908,2,2,6,6,,,,,,,,,
12039903,2,2,4,6,6,,,,,,,,
12041961,1,1,6,6,4,,,,5,,,,
12041816,0,0,2,0,,,,,,,,,
12041895,2,2,6,6,,,,,,,,,
12042017,1,1,4,7,3,,,,7,,,,
12042081,2,2,6,7,,,,,11,,,,
12042497,2,2,6,6,,,,,,,,,
12040213,2,2,6,6,,,,,,,,,
12040206,0,0,1,3,,,,,,,,,
12040216,2,2,7,3,6,,,,,,,,
12041727,,,,,,,,,,,,,
12040207,0,0,1,0,,,,,,,,,
12043337,2,2,6,2,6,,,,,,,,
12040219,2,2,6,1,6,,,,,,,,
12041751,2,2,6,6,,,,,,,,,
12040215,0,0,2,5,,,,,,,,,
12040218,2,2,7,6,,,,10,,,,,
12040209,,,,,,,,,,,,,
12047499,2,2,7,3,6,,,,,,,,
12041752,2,2,6,7,,,,,,,,,
12040212,2,2,6,6,,,,,,,,,
12041758,1,1,6,1,6,,,,,5,,,
12040211,1,1,2,6,5,,,,,,,,
12041753,0,0,3,,,,,,,,,,
12040210,0,0,4,2,,,,,,,,,
12046062,2,2,6,4,6,,,,,,,,
12046061,0,0,5,1,,,,,,,,,
12046057,1,1,6,2,3,,,,,,,,
12046078,0,0,3,0,,,,,,,,,
12046067,2,2,7,6,,,,7,,,,,
12046073,0,0,5,4,,,,,,,,,
12046058,1,1,7,5,0,,,7,,,,,
12046381,0,0,6,2,,,,3,,,,,
12046370,1,1,7,3,3,,,,,,,,
12046369,2,2,6,1,6,,,,,,,,
12046247,0,0,2,4,,,,,,,,,
12046245,0,0,2,2,,,,,,,,,
12046252,1,1,7,1,5,,,7,,,,,
12046248,0,0,3,0,,,,,,,,,
12046412,2,2,6,6,,,,,,,,,
12046398,0,0,1,5,,,,,,,,,
12046396,0,0,6,4,,,,2,,,,,
12046390,0,0,3,4,,,,,,,,,
12039718,1,1,6,4,1,,,,,,,,
12046076,0,0,2,2,,,,,,,,,
12046070,0,0,2,4,,,,,,,,,
12046081,1,1,7,4,,,,8,,,,,
12043317,0,0,3,5,,,,,,,,,
12043313,2,2,7,7,,,,7,,,,,
12043299,0,0,3,6,,,,,6,,,,
12043301,1,1,6,4,6,,,,,6,,,
12043298,0,0,6,4,,,,3,,,,,
12043304,0,0,3,3,,,,,,,,,
12043307,2,2,6,6,,,,,,,,,
12043303,2,2,6,5,6,,,,,,,,
12046288,0,0,2,0,,,,,,,,,
12046278,0,0,1,1,,,,,,,,,
12046279,2,2,6,7,,,,,7,,,,
12046290,0,0,0,1,,,,,,,,,
12046273,2,2,4,6,7,,,,,7,,,
12046289,1,1,6,6,1,,,,6,,,,
12046286,2,2,6,6,,,,,,,,,
12046274,2,2,7,7,,,,,,,,,
12046284,2,2,7,6,,,,7,,,,,
12046367,0,0,0,4,,,,,,,,,
12046372,2,2,6,6,,,,,,,,,
12046368,0,0,4,3,,,,,,,,,
12046373,0,0,5,6,,,,,0,,,,
12046406,0,0,0,2,,,,,,,,,
12046394,0,0,2,5,,,,,,,,,
12040023,2,2,6,6,,,,,,,,,
12041782,0,0,3,2,,,,,,,,,
12041804,0,0,1,0,,,,,,,,,
12041798,0,0,4,4,,,,,,,,,
12041801,2,2,7,6,,,,,,,,,
12041792,0,0,4,4,,,,,,,,,
12041793,2,2,6,2,15,,,,,,,,
12041807,2,2,4,6,10,,,,,,,,
12042476,1,1,5,6,3,,,,,,,,
12042473,0,0,4,6,,,,,0,,,,
12039302,2,2,7,6,,,,,,,,,
12042475,2,2,6,6,,,,,,,,,
12039296,2,2,6,7,,,,,7,,,,
12026858,,,,,,,,,,,,,
12027804,,,,,,,,,,,,,
12027531,,,,,,,,,,,,,
12026877,1,1,6,6,6,,,5,,7,,,
12041771,0,0,1,4,,,,,,,,,
12041820,2,2,6,3,10,,,,,,,,
12027054,,,,,,,,,,,,,
12027517,2,2,6,6,,,,,,,,,
12041844,1,1,6,2,8,,,,,,,,
12027800,,,,,,,,,,,,,
12027534,,,,,,,,,,,,,
12027520,0,0,2,2,,,,,,,,,
12027055,,,,,,,,,,,,,
12026874,0,0,5,3,,,,,,,,,
12041833,2,2,6,6,,,,,,,,,
12027920,,,,,,,,,,,,,
12042296,0,0,4,3,,,,,,,,,
12028141,0,0,1,0,,,,,,,,,
12027922,,,,,,,,,,,,,
12041834,0,0,1,0,,,,,,,,,
12028189,2,2,6,6,,,,,,,,,
12028143,2,2,6,1,6,,,,,,,,
12027971,2,2,6,6,6,,,0,,,,,
12028192,,,,,,,,,,,,,
12027968,,,,,,,,,,,,,
11974049,3,3,,,,,,,,,,,
11974072,2,2,,,,,,,,,,,
11974065,0,0,,,,,,,,,,,
11974113,2,2,,,,,,,,,,,
12002107,3,3,,,,,,,,,,,
12001987,4,4,,,,,,,,,,,
12002106,0,0,,,,,,,,,,,
12002111,3,3,,,,,,,,,,,
12027056,,,,,,,,,,,,,
12041644,2,2,7,6,,,,12,,,,,
12041835,1,1,5,6,3,,,,,,,,
12027921,,,,,,,,,,,,,
12027947,,,,,,,,,,,,,
12041842,0,0,6,4,,,,8,,,,,
12028142,2,2,3,6,6,,,,,,,,
12028193,,,,,,,,,,,,,
12042026,2,2,7,6,6,,,7,1,,,,
12027970,2,2,7,6,,,,,,,,,
12039474,0,0,3,0,,,,,,,,,
12039841,0,0,4,4,,,,,,,,,
12039913,2,2,7,6,,,,7,,,,,
12040020,0,0,3,6,,,,,3,,,,
12040508,2,2,7,6,7,,,7,4,7,,,
12040506,2,2,6,6,,,,,,,,,
12040509,1,1,6,6,2,,,,2,,,,
12040507,2,2,6,7,,,,,7,,,,
12040510,0,0,3,6,,,,,2,,,,
12040512,2,2,7,6,6,,,7,4,,,,
12040511,2,2,6,7,,,,,,,,,
12040515,0,0,3,4,,,,,,,,,
12042700,2,2,6,6,6,,,,4,,,,
12042741,0,0,5,6,,,,,5,,,,
12043202,1,1,4,7,4,,,,7,,,,
12043258,1,1,3,6,4,,,,,,,,
12039863,0,0,5,4,,,,,,,,,
12039865,1,1,1,6,6,,,,,2,,,
12039862,0,0,5,3,,,,,,,,,
12039860,2,2,6,6,,,,,,,,,
12039868,0,0,5,2,,,,,,,,,
12041849,0,0,4,4,,,,,,,,,
12041853,1,1,6,2,3,,,,,,,,
12042392,2,2,3,7,6,,,,,,,,
12042016,0,0,5,3,,,,,,,,,
12039471,2,2,6,7,,,,,,,,,
12039717,1,1,7,4,0,,,7,,,,,
12037711,2,2,6,6,,,,,,,,,
12037714,2,2,6,6,6,,,,3,,,,
12037723,2,2,6,6,,,,,,,,,
12037712,2,2,6,6,,,,,,,,,
12037717,0,0,4,4,,,,,,,,,
12037713,0,0,3,3,,,,,,,,,
12037716,2,2,6,6,,,,,,,,,
12043268,0,0,3,6,,,,,4,,,,
12037724,,,,,,,,,,,,,
12043264,0,0,5,3,,,,,,,,,
12043265,2,2,6,3,6,,,,,,,,
12043269,2,2,7,6,,,,7,,,,,
12037715,0,0,3,6,,,,,3,,,,
12043267,0,0,0,2,,,,,,,,,
12037725,2,2,6,6,,,,,,,,,
12043266,2,2,7,6,,,,,,,,,
12039198,2,2,6,3,7,,,,,,,,
12039183,2,2,6,6,,,,,,,,,
12039197,0,0,1,4,,,,,,,,,
12039182,1,1,2,6,4,,,,,,,,
12045825,1,1,3,6,6,,,,,5,,,
12045827,2,2,6,2,6,,,,,,,,
12045824,2,2,2,6,7,,,,,7,,,
12045828,2,2,6,6,,,,,,,,,
12039189,2,2,6,6,,,,,,,,,
12045823,0,0,2,2,,,,,,,,,
12039188,2,2,6,4,7,,,,,,,,
12039447,0,0,3,,,,,,,,,,
12045826,2,2,3,7,6,,,,7,,,,
12039187,2,2,6,6,7,,,5,,,,,
11998773,1,1,6,3,2,,,,,,,,
11999016,1,1,7,1,2,,,9,,,,,
12039966,0,0,1,4,,,,,,,,,
12039970,0,0,5,5,,,,,,,,,
12039971,2,2,6,6,7,,,7,,7,,,
12027230,,,,,,,,,,,,,
12041772,1,1,6,3,9,,,,,,,,
12027542,2,2,6,7,,,,,,,,,
12027228,,,,,,,,,,,,,
12027907,2,2,7,6,,,,7,,,,,
12027543,,,,,,,,,,,,,
12027904,,,,,,,,,,,,,
12042614,1,1,4,6,6,,,,,6,,,
12027989,0,0,2,4,,,,,,,,,
12027990,,,,,,,,,,,,,
12042635,1,1,6,3,2,,,,,,,,
12027229,,,,,,,,,,,,,
12041821,1,1,7,4,0,,,7,,,,,
12027908,,,,,,,,,,,,,
12027986,2,2,7,6,,,,,,,,,
12039991,2,2,6,6,,,,,,,,,
12042724,0,0,4,2,,,,,,,,,
12039979,1,1,4,6,3,,,,,,,,
12039987,1,1,4,6,1,,,,,,,,
12042725,0,0,1,4,,,,,,,,,
12040230,1,1,6,4,0,,,,,,,,
12040240,2,2,6,4,7,,,,,7,,,
12038860,,,,,,,,,,,,,
12040226,2,2,6,6,,,,,,,,,
12038853,0,0,3,5,,,,,,,,,
12038865,2,2,7,6,,,,7,,,,,
12038857,2,2,4,6,6,,,,,,,,
12038855,,,,,,,,,,,,,
12048717,1,1,7,1,4,,,9,,,,,
11998455,2,2,5,6,6,,,,,,,,
12039077,2,2,6,6,6,,,4,,,,,
12041918,2,2,6,5,6,,,,,,,,
12039075,0,0,2,6,,,,,4,,,,
12041896,1,1,4,7,4,,,,,,,,
12039079,2,2,6,6,,,,,,,,,
12039081,,,,,,,,,,,,,
12041927,,,,,,,,,,,,,
12046039,1,1,3,6,3,,,,,,,,
12041926,,,,,,,,,,,,,
12039080,,,,,,,,,,,,,
12039078,2,2,7,6,,,,7,,,,,
12047771,2,2,5,6,6,,,,,,,,
12041925,2,2,7,6,,,,,,,,,
12044869,0,0,3,5,,,,,,,,,
12002073,0,0,2,3,,,,,,,,,
12039293,,,,,,,,,,,,,
12039297,,,,,,,,,,,,,
12039298,2,2,6,6,,,,,,,,,
12039299,2,2,6,6,,,,,,,,,
12039455,2,2,6,6,,,,,,,,,
12042459,2,2,6,6,,,,,,,,,
12039290,2,2,7,7,,,,,,,,,
12039289,0,0,5,1,,,,,,,,,
12046513,0,0,1,,,,,,,,,,
12039733,2,2,7,6,,,,,,,,,
12039731,2,2,6,6,,,,,,,,,
12039729,0,0,2,5,,,,,,,,,
12039744,2,2,6,6,,,,,,,,,
12039736,0,0,0,4,,,,,,,,,
12039724,2,2,6,6,,,,,,,,,
12039739,1,1,7,1,5,,,,,,,,
12039749,0,0,4,0,,,,,,,,,
12039725,2,2,6,6,,,,,,,,,
12039727,,,,,,,,,,,,,
12039735,0,0,3,5,,,,,,,,,
12039742,2,2,6,6,,,,,,,,,
12039722,2,2,6,6,10,,,,,,,,
12039745,0,0,5,1,,,,,,,,,
12039726,2,2,6,7,,,,,,,,,
12042441,2,2,6,7,,,,,,,,,
12042440,0,0,2,1,,,,,,,,,
12042445,2,2,6,6,,,,,,,,,
12042444,2,2,6,6,,,,,,,,,
12042436,1,1,6,6,8,,,,,,,,
12042437,,,,,,,,,,,,,
12042443,0,0,2,4,,,,,,,,,
12042438,0,0,2,2,,,,,,,,,
12042439,0,0,1,4,,,,,,,,,
12042448,0,0,2,3,,,,,,,,,
12042446,2,2,0,6,10,,,,,,,,
12042435,2,2,6,6,,,,,,,,,
12042447,0,0,2,4,,,,,,,,,
12042527,2,2,6,6,,,,,,,,,
12042494,2,2,6,6,,,,,,,,,
12042449,1,1,7,5,11,,,,,,,,
12046187,0,0,4,4,,,,,,,,,
12046198,2,2,7,6,,,,7,,,,,
12046205,2,2,6,6,10,,,5,,,,,
12046188,2,2,7,6,,,,,,,,,
12046189,1,1,1,6,8,,,,,,,,
12046191,0,0,5,1,,,,,,,,,
12046194,1,1,1,6,5,,,,,,,,
12046206,0,0,4,5,,,,,,,,,
12042791,2,2,7,4,10,,,,,,,,
12042794,,,,,,,,,,,,,
12042797,0,0,2,4,,,,,,,,,
12042804,2,2,6,2,10,,,,,,,,
12042802,0,0,4,5,,,,,,,,,
12042803,1,1,6,4,4,,,,,,,,
12042789,0,0,3,4,,,,,,,,,
12042793,1,1,6,5,3,,,,,,,,
12043231,2,2,6,6,,,,,,,,,
12041805,0,0,3,2,,,,,,,,,
12041806,1,1,6,6,7,,,,4,,,,
12041787,0,0,5,2,,,,,,,,,
12041800,0,0,3,3,,,,,,,,,
12041786,2,2,6,6,,,,,,,,,
12041810,0,0,0,4,,,,,,,,,
12041812,0,0,5,4,,,,,,,,,
12041784,0,0,3,6,,,,,4,,,,
12041799,2,2,6,6,,,,,,,,,
12041809,2,2,6,6,,,,,,,,,
12041790,2,2,6,7,,,,,,,,,
12041811,0,0,2,5,,,,,,,,,
12041783,2,2,6,6,,,,,,,,,
12041802,0,0,3,4,,,,,,,,,
12041794,2,2,7,6,,,,7,,,,,
12041796,0,0,1,1,,,,,,,,,
12046059,0,0,1,2,,,,,,,,,
12046056,2,2,6,6,,,,,,,,,
12046071,2,2,6,6,,,,,,,,,
12046054,2,2,7,6,,,,7,,,,,
12046082,2,2,6,6,,,,,,,,,
12046120,2,2,6,4,10,,,,,,,,
12046068,0,0,3,3,,,,,,,,,
12046053,0,0,4,4,,,,,,,,,
12040861,0,0,4,4,,,,,,,,,
12040859,0,0,1,1,,,,,,,,,
12040862,1,1,2,6,2,,,,,,,,
12040858,2,2,7,6,,,,7,,,,,
12040860,1,1,4,6,2,,,,,,,,
12040863,0,0,0,0,,,,,,,,,
12041476,0,0,0,2,,,,,,,,,
12040857,0,0,4,4,,,,,,,,,
12039855,1,1,4,6,4,,,,,,,,
12039847,0,0,2,0,,,,,,,,,
12039845,0,0,4,1,,,,,,,,,
12039858,2,2,6,6,,,,,,,,,
12039849,2,2,4,6,7,,,,,7,,,
12039850,0,0,4,4,,,,,,,,,
12039856,0,0,0,2,,,,,,,,,
12039854,2,2,6,6,,,,,,,,,
12039843,0,0,1,0,,,,,,,,,
12039844,0,0,1,4,,,,,,,,,
12039846,0,0,4,2,,,,,,,,,
12039848,2,2,6,6,,,,,,,,,
12042189,1,1,6,1,3,,,,,,,,
12042187,0,0,1,0,,,,,,,,,
12042188,2,2,6,4,7,,,,,,,,
12042508,0,0,5,6,,,,,6,,,,
12042484,0,0,1,4,,,,,,,,,
12042190,2,2,7,6,,,,,,,,,
12042192,2,2,6,7,,,,,7,,,,
12042193,2,2,4,7,7,,,,,,,,
12039900,2,2,2,6,7,,,,,,,,
12039899,0,0,3,4,,,,,,,,,
12039888,2,2,6,4,7,,,,,12,,,
12039883,2,2,6,6,,,,,,,,,
12039887,2,2,6,6,,,,,,,,,
12039890,0,0,5,3,,,,,,,,,
12039881,0,0,4,2,,,,,,,,,
12039894,0,0,6,4,,,,4,,,,,
12039880,1,1,6,1,6,,,,,3,,,
12039898,2,2,6,6,,,,,,,,,
12039901,0,0,4,4,,,,,,,,,
12039877,1,1,7,4,2,,,,,,,,
12039879,2,2,6,7,,,,,7,,,,
12039885,1,1,7,6,3,,,7,6,,,,
12041958,1,1,6,5,6,,,,,3,,,
12041952,2,2,6,6,,,,,,,,,
12042442,0,0,1,2,,,,,,,,,
12041949,0,0,2,0,,,,,,,,,
12042632,1,1,6,3,3,,,,,,,,
12042336,1,1,2,6,6,,,,,2,,,
12042335,0,0,3,3,,,,,,,,,
12042672,1,1,6,1,2,,,,,,,,
12040595,1,1,6,3,4,,,,,,,,
12040589,0,0,3,1,,,,,,,,,
12040594,0,0,0,1,,,,,,,,,
12040585,0,0,1,0,,,,,,,,,
12040591,2,2,6,7,,,,,,,,,
12040593,2,2,6,7,,,,,7,,,,
12040584,1,1,6,5,3,,,,,,,,
12040582,2,2,6,6,,,,,,,,,
12040587,0,0,0,0,,,,,,,,,
12040592,0,0,6,2,,,,2,,,,,
12040597,2,2,6,6,,,,,,,,,
12040586,0,0,1,0,,,,,,,,,
12040583,2,2,6,6,,,,,,,,,
12040596,2,2,6,4,6,,,,,,,,
12040590,2,2,6,5,6,,,,,,,,
12040588,0,0,2,0,,,,,,,,,
12043201,0,0,5,1,,,,,,,,,
12043197,0,0,1,4,,,,,,,,,
12043199,1,1,3,6,4,,,,,,,,
12043198,0,0,3,2,,,,,,,,,
12043235,0,0,6,2,,,,4,,,,,
12043234,0,0,5,6,,,,,1,,,,
12043233,0,0,3,4,,,,,,,,,
12043200,0,0,6,3,,,,2,,,,,
12042568,2,2,6,6,,,,,,,,,
12042574,0,0,3,1,,,,,,,,,
12042624,2,2,3,6,10,,,,,,,,
12042569,2,2,6,6,,,,,,,,,
12042573,0,0,2,3,,,,,,,,,
12042566,2,2,6,6,,,,,,,,,
12042563,1,1,7,2,5,,,,,,,,
12042575,2,2,6,7,,,,,,,,,
12042572,0,0,2,3,,,,,,,,,
12042570,2,2,2,7,13,,,,,,,,
12042577,0,0,0,0,,,,,,,,,
12042576,0,0,3,1,,,,,,,,,
12042564,2,2,7,6,,,,,,,,,
12042571,2,2,7,6,,,,,,,,,
12042587,0,0,1,1,,,,,,,,,
12042580,0,0,6,6,,,,,,,,,
12046409,0,0,6,4,,,,4,,,,,
12046404,2,2,6,6,,,,,,,,,
12046388,1,1,6,1,2,,,,,,,,
12046408,2,2,6,6,,,,,,,,,
12046387,0,0,2,3,,,,,,,,,
12046403,1,1,3,6,6,,,,,,,,
12046389,2,2,6,4,11,,,,,,,,
12046386,0,0,2,6,,,,,3,,,,
12041973,1,1,6,1,6,,,,,,,,
12041977,0,0,0,0,,,,,,,,,
12041966,2,2,6,6,,,,,,,,,
12041976,0,0,4,2,,,,,,,,,
12041963,0,0,1,2,,,,,,,,,
12041971,0,0,0,2,,,,,,,,,
12041972,0,0,2,0,,,,,,,,,
12041974,0,0,0,1,,,,,,,,,
12041965,2,2,6,6,,,,,,,,,
12041967,0,0,2,4,,,,,,,,,
12041968,2,2,6,6,,,,,,,,,
12041962,0,0,3,3,,,,,,,,,
12041975,1,1,5,6,5,,,,,,,,
12041969,2,2,6,6,,,,,,,,,
12041964,2,2,7,6,,,,,,,,,
12041970,2,2,7,6,,,,,,,,,
12045899,0,0,1,1,,,,,,,,,
12045900,0,0,1,2,,,,,,,,,
12045898,1,1,4,6,8,,,,,,,,
12045901,0,0,3,4,,,,,,,,,
12045905,2,2,6,7,,,,,10,,,,
12045897,2,2,6,6,,,,,,,,,
12045908,0,0,4,2,,,,,,,,,
12045904,0,0,3,2,,,,,,,,,
12042785,0,0,1,6,,,,,,,,,
12042783,2,2,4,6,10,,,,,,,,
12042784,0,0,0,0,,,,,,,,,
12042774,2,2,6,6,,,,,,,,,
12042777,1,1,2,7,7,,,,,,,,
12042782,0,0,2,3,,,,,,,,,
12042776,1,1,7,0,10,,,,,,,,
12042786,0,0,0,1,,,,,,,,,
12042775,2,2,6,6,,,,,,,,,
12042772,0,0,4,2,,,,,,,,,
12042780,2,2,6,3,10,,,,,,,,
12042773,0,0,4,2,,,,,,,,,
12042779,2,2,2,6,10,,,,,,,,
12042778,0,0,4,0,,,,,,,,,
12042787,1,1,6,2,1,,,,,,,,
12042781,0,0,4,3,,,,,,,,,
12046534,2,2,1,7,10,,,,7,,,,
12039991,2,2,6,6,,,,,,,,,
12042724,0,0,4,2,,,,,,,,,
12039979,1,1,4,6,3,,,,,,,,
12039987,1,1,4,6,1,,,,,,,,
12042725,0,0,1,4,,,,,,,,,
12039985,1,1,7,3,4,,,,,,,,
12039981,,,,,,,,,,,,,
12042727,1,1,6,1,2,,,,,,,,
12039990,2,2,3,6,6,,,,,,,,
12039989,1,1,6,6,0,,,,3,,,,
12042726,1,1,1,6,4,,,,,,,,
12039983,1,1,7,6,1,,,,1,,,,
12046481,0,0,1,6,,,,,4,,,,
12040230,1,1,6,4,0,,,,,,,,
12040240,2,2,6,4,7,,,,,7,,,
12040237,0,0,6,1,,,,3,,,,,
12046772,2,2,6,3,6,,,,,,,,
12040236,,,,,,,,,,,,,
12046791,2,2,6,6,,,,,,,,,
12046789,2,2,6,6,,,,,,,,,
12046784,2,2,7,6,,,,,,,,,
12049819,2,2,7,4,6,,,7,,,,,
12040239,,,,,,,,,,,,,
12040234,0,0,3,1,,,,,,,,,
12040233,0,0,4,6,,,,,5,,,,
12040226,2,2,6,6,,,,,,,,,
12038853,0,0,3,5,,,,,,,,,
12038865,2,2,7,6,,,,7,,,,,
12038857,2,2,4,6,6,,,,,,,,
12038855,,,,,,,,,,,,,
12048717,1,1,7,1,4,,,9,,,,,
12038862,0,0,5,4,,,,,,,,,
12046138,2,2,6,7,6,,,6,,,,,
12046140,1,1,5,6,3,,,,,,,,
12046137,1,1,3,6,6,,,,,3,,,
12046139,1,1,6,5,2,,,,,,,,
12018534,0,0,3,2,,,,,,,,,
12038858,0,0,6,4,,,,2,,,,,
12039075,0,0,2,6,,,,,4,,,,
12041896,1,1,4,7,4,,,,,,,,
12039079,2,2,6,6,,,,,,,,,
12039081,,,,,,,,,,,,,
12041927,,,,,,,,,,,,,
12046039,1,1,3,6,3,,,,,,,,
12041926,,,,,,,,,,,,,
12039080,,,,,,,,,,,,,
12039078,2,2,7,6,,,,7,,,,,
12047771,2,2,5,6,6,,,,,,,,
12041925,2,2,7,6,,,,,,,,,
12044869,0,0,3,5,,,,,,,,,
12046038,0,0,1,6,,,,,1,,,,
12039076,2,2,6,6,,,,,,,,,
12018666,0,0,3,5,,,,,,,,,
12018668,1,1,6,7,1,,,6,7,,,,
12042459,2,2,6,6,,,,,,,,,
12039290,2,2,7,7,,,,,,,,,
12039289,0,0,5,1,,,,,,,,,
12042476,1,1,5,6,3,,,,,,,,
12042473,0,0,4,6,,,,,0,,,,
12039302,2,2,7,6,,,,,,,,,
12042475,2,2,6,6,,,,,,,,,
12039296,2,2,6,7,,,,,7,,,,
12039295,0,0,2,3,,,,,,,,,
12049299,2,2,6,6,,,,,,,,,
12039294,,,,,,,,,,,,,
12042472,0,0,4,6,,,,,6,,,,
12042474,0,0,0,1,,,,,,,,,
12039300,0,0,2,4,,,,,,,,,
12018700,1,1,1,6,4,,,,,,,,
12042700,2,2,6,6,6,,,,4,,,,
12042741,0,0,5,6,,,,,5,,,,
12043202,1,1,4,7,4,,,,7,,,,
12043258,1,1,3,6,4,,,,,,,,
12042392,2,2,3,7,6,,,,,,,,
12042016,0,0,5,3,,,,,,,,,
12037716,2,2,6,6,,,,,,,,,
12043268,0,0,3,6,,,,,4,,,,
12037724,,,,,,,,,,,,,
12043264,0,0,5,3,,,,,,,,,
12043265,2,2,6,3,6,,,,,,,,
12043269,2,2,7,6,,,,7,,,,,
12037715,0,0,3,6,,,,,3,,,,
12043267,0,0,0,2,,,,,,,,,
12037725,2,2,6,6,,,,,,,,,
12043266,2,2,7,6,,,,,,,,,
12018583,1,1,4,6,3,,,,,,,,
12037721,0,0,1,0,,,,,,,,,
12018584,2,2,6,6,,,,,,,,,
12018579,1,1,2,7,3,,,,7,,,,
12018581,2,2,6,6,,,,,,,,,
12039197,0,0,1,4,,,,,,,,,
12039182,1,1,2,6,4,,,,,,,,
12045825,1,1,3,6,6,,,,,5,,,
12045827,2,2,6,2,6,,,,,,,,
12045824,2,2,2,6,7,,,,,7,,,
12045828,2,2,6,6,,,,,,,,,
12039189,2,2,6,6,,,,,,,,,
12045823,0,0,2,2,,,,,,,,,
12039188,2,2,6,4,7,,,,,,,,
12039447,0,0,3,,,,,,,,,,
12045826,2,2,3,7,6,,,,7,,,,
12039187,2,2,6,6,7,,,5,,,,,
12039186,2,2,7,6,,,,7,,,,,
12039184,2,2,6,6,,,,,,,,,
12018629,2,2,7,6,,,,,,,,,
12018634,0,0,5,3,,,,,,,,,
12018625,2,2,6,6,,,,,,,,,
12018630,2,2,6,2,6,,,,,,,,
12039966,0,0,1,4,,,,,,,,,
12039970,0,0,5,5,,,,,,,,,
12039971,2,2,6,6,7,,,7,,7,,,
12039967,2,2,6,6,,,,,,,,,
12039972,0,0,4,3,,,,,,,,,
12039969,2,2,6,4,6,,,,,,,,
12046127,0,0,3,6,,,,,4,,,,
12046130,0,0,5,3,,,,,,,,,
12039968,2,2,6,6,,,,,,,,,
12046128,0,0,5,5,,,,,,,,,
12039973,2,2,6,6,,,,,,,,,
12046129,2,2,6,6,,,,,,,,,
12046126,2,2,6,7,,,,,7,,,,
12039975,2,2,7,6,6,,,7,5,,,,
12018653,1,1,3,6,6,,,,,3,,,
12018646,2,2,6,4,6,,,,,,,,
12018652,0,0,4,4,,,,,,,,,
12042497,2,2,6,6,,,,,,,,,
12040219,2,2,6,1,6,,,,,,,,
12041751,2,2,6,6,,,,,,,,,
12040215,0,0,2,5,,,,,,,,,
12040218,2,2,7,6,,,,10,,,,,
12040209,,,,,,,,,,,,,
12047499,2,2,7,3,6,,,,,,,,
12041752,2,2,6,7,,,,,,,,,
12040212,2,2,6,6,,,,,,,,,
12041758,1,1,6,1,6,,,,,5,,,
12040211,1,1,2,6,5,,,,,,,,
12041753,0,0,3,,,,,,,,,,
12040210,0,0,4,2,,,,,,,,,
12018727,2,2,6,6,,,,,,,,,
12018733,2,2,2,6,6,,,,,,,,
12018731,2,2,6,6,,,,,,,,,
12018721,1,1,7,4,4,,,,,,,,
12046062,2,2,6,4,6,,,,,,,,
12046061,0,0,5,1,,,,,,,,,
12046057,1,1,6,2,3,,,,,,,,
12046078,0,0,3,0,,,,,,,,,
12046067,2,2,7,6,,,,7,,,,,
12046073,0,0,5,4,,,,,,,,,
12046058,1,1,7,5,0,,,7,,,,,
12048616,0,0,5,4,,,,,,,,,
12046848,0,0,0,3,,,,,,,,,
12048612,2,2,6,6,,,,,,,,,
12046863,2,2,6,6,6,,,1,,,,,
12048615,2,2,6,6,,,,,,,,,
12048614,2,2,6,6,,,,,,,,,
12048617,2,2,6,6,,,,,,,,,
12048618,0,0,2,2,,,,,,,,,
12048613,1,1,3,6,2,,,,,,,,
12046381,0,0,6,2,,,,3,,,,,
12046370,1,1,7,3,3,,,,,,,,
12046369,2,2,6,1,6,,,,,,,,
12046366,0,0,2,2,,,,,,,,,
12046927,0,0,4,3,,,,,,,,,
12046931,2,2,4,6,7,,,,,7,,,
12046929,1,1,2,7,5,,,,7,,,,
12046924,1,1,1,7,1,,,,7,,,,
12046922,0,0,1,,,,,,,,,,
12046920,0,0,2,4,,,,,,,,,
12049189,0,0,3,4,,,,,,,,,
12046923,,,,,,,,,,,,,
12046247,0,0,2,4,,,,,,,,,
12046245,0,0,2,2,,,,,,,,,
12046252,1,1,7,1,5,,,7,,,,,
12046248,0,0,3,0,,,,,,,,,
12049064,2,2,6,6,,,,,,,,,
12049061,2,2,6,6,,,,,,,,,
12049065,0,0,2,4,,,,,,,,,
12049060,2,2,6,6,6,,,5,,,,,
12046946,0,0,1,2,,,,,,,,,
12049066,0,0,3,2,,,,,,,,,
12046950,1,1,6,5,1,,,,,,,,
12046938,0,0,1,5,,,,,,,,,
12049058,0,0,0,1,,,,,,,,,
12049063,2,2,4,6,7,,,,,,,,
12049062,2,2,6,6,,,,,,,,,
12049059,2,2,6,6,,,,,,,,,
12046412,2,2,6,6,,,,,,,,,
12046398,0,0,1,5,,,,,,,,,
12046396,0,0,6,4,,,,2,,,,,
12046390,0,0,3,4,,,,,,,,,
12046871,0,0,3,0,,,,,,,,,
12046872,1,1,6,1,5,,,,,,,,
12046874,2,2,1,6,6,,,,,,,,
12046876,0,0,4,3,,,,,,,,,
12046881,2,2,3,6,6,,,,,,,,
12046884,0,0,3,1,,,,,,,,,
12046885,2,2,6,6,,,,,,,,,
12046879,0,0,2,1,,,,,,,,,
12046883,1,1,6,1,1,,,,,,,,
12046852,2,2,7,4,6,,,9,,,,,
12046850,0,0,2,1,,,,,,,,,
12046882,0,0,2,5,,,,,,,,,
12046516,2,2,6,6,,,,,,,,,
12046521,2,2,6,4,6,,,,,,,,
12046514,0,0,5,1,,,,,,,,,
12046512,2,2,6,6,,,,,,,,,
12046519,1,1,6,4,2,,,,,,,,
12049517,0,0,0,0,,,,,,,,,
12049512,2,2,7,6,,,,12,,,,,
12049518,2,2,6,6,,,,,,,,,
12049514,2,2,6,6,,,,,,,,,
12046903,,,,,,,,,,,,,
12048709,1,1,6,6,6,,,,5,6,,,
12048710,1,1,6,1,,,,,,,,,
12046877,2,2,7,2,6,,,11,,,,,
12050625,2,2,6,6,,,,,,,,,
12046878,2,2,6,2,6,,,,,,,,
12048711,2,2,7,6,,,,,,,,,
12046893,2,2,6,6,,,,,,,,,
12046896,2,2,7,6,,,,7,,,,,
12048714,0,0,3,3,,,,,,,,,
12048712,2,2,6,6,6,,,,4,,,,
12048713,0,0,4,4,,,,,,,,,
12048707,2,2,4,7,6,,,,7,,,,
12046875,0,0,4,6,,,,,3,,,,
12046492,1,1,3,7,2,,,,9,,,,
12046493,0,0,4,4,,,,,,,,,
12046490,0,0,2,0,,,,,,,,,
12046491,2,2,6,7,,,,,7,,,,
12046076,0,0,2,2,,,,,,,,,
12046070,0,0,2,4,,,,,,,,,
12046081,1,1,7,4,,,,8,,,,,
12046890,0,0,0,1,,,,,,,,,
12048841,2,2,6,6,,,,,,,,,
12048834,1,1,6,7,6,,,1,7,4,,,
12048836,2,2,6,6,,,,,,,,,
12048833,2,2,6,7,,,,,7,,,,
12046895,2,2,6,1,7,,,,,7,,,
12048837,0,0,1,5,,,,,,,,,
12048839,0,0,6,2,,,,5,,,,,
12046891,2,2,6,6,,,,,,,,,
12048835,2,2,6,6,,,,,,,,,
12046892,1,1,3,6,3,,,,,,,,
12048838,2,2,6,6,,,,,,,,,
12048842,2,2,6,6,,,,,,,,,
12043317,0,0,3,5,,,,,,,,,
12043313,2,2,7,7,,,,7,,,,,
12043299,0,0,3,6,,,,,6,,,,
12043301,1,1,6,4,6,,,,,6,,,
12043298,0,0,6,4,,,,3,,,,,
12043304,0,0,3,3,,,,,,,,,
12043307,2,2,6,6,,,,,,,,,
12043303,2,2,6,5,6,,,,,,,,
12043300,2,2,7,3,6,,,,,,,,
12043312,0,0,1,3,,,,,,,,,
12043302,0,0,2,4,,,,,,,,,
12043321,0,0,1,3,,,,,,,,,
12043305,0,0,4,4,,,,,,,,,
12043308,2,2,7,6,,,,7,,,,,
12043306,2,2,6,7,,,,,,,,,
12043314,2,2,6,5,6,,,,,,,,
12046288,0,0,2,0,,,,,,,,,
12046278,0,0,1,1,,,,,,,,,
12046279,2,2,6,7,,,,,7,,,,
12046290,0,0,0,1,,,,,,,,,
12046273,2,2,4,6,7,,,,,7,,,
12046289,1,1,6,6,1,,,,6,,,,
12046286,2,2,6,6,,,,,,,,,
12046274,2,2,7,7,,,,,,,,,
12046284,2,2,7,6,,,,7,,,,,
12046285,2,2,6,3,6,,,,,,,,
12046283,2,2,7,7,,,,7,7,,,,
12046281,0,0,4,4,,,,,,,,,
12046277,2,2,4,6,6,,,,,,,,
12046280,1,1,6,6,4,,,,2,,,,
12046276,0,0,1,2,,,,,,,,,
12046275,0,0,2,1,,,,,,,,,
12049489,2,2,6,1,6,,,,,,,,
12049096,2,2,4,6,6,,,,,,,,
12049335,2,2,6,7,,,,,,,,,
12049540,2,2,6,2,6,,,,,,,,
12049245,2,2,6,7,,,,,,,,,
12049492,1,1,6,5,3,,,,,,,,
12049357,0,0,1,4,,,,,,,,,
12049021,2,2,6,6,,,,,,,,,
12046367,0,0,0,4,,,,,,,,,
12046372,2,2,6,6,,,,,,,,,
12046368,0,0,4,3,,,,,,,,,
12046373,0,0,5,6,,,,,0,,,,
12046374,1,1,6,6,5,,,5,,,,,
12046380,2,2,6,6,,,,,,,,,
12046371,1,1,6,1,,,,,,,,,
12046945,0,0,5,1,,,,,,,,,
12046940,2,2,7,6,,,,,,,,,
12046964,2,2,6,6,,,,,,,,,
12046966,2,2,7,6,,,,11,,,,,
12046583,2,2,6,6,,,,,,,,,
12046576,0,0,6,4,,,,1,,,,,
12046582,0,0,2,1,,,,,,,,,
12046579,2,2,6,6,,,,,,,,,
12046573,1,1,6,3,2,,,,,,,,
12046577,2,2,7,6,,,,,,,,,
12046580,2,2,4,6,6,,,,,,,,
12046578,0,0,6,3,,,,3,,,,,
12046406,0,0,0,2,,,,,,,,,
12046394,0,0,2,5,,,,,,,,,
12048609,2,2,7,6,,,,,,,,,
12046956,2,2,6,6,,,,,,,,,
12046949,2,2,6,6,,,,,,,,,
12046952,1,1,3,6,0,,,,,,,,
12046943,2,2,6,6,,,,,,,,,
12046933,0,0,2,3,,,,,,,,,
12048611,0,0,2,2,,,,,,,,,
12048606,2,2,6,6,,,,,,,,,
12048608,2,2,6,6,,,,,,,,,
12048610,0,0,2,0,,,,,,,,,
12048607,2,2,6,6,,,,,,,,,
12046953,2,2,6,6,,,,,,,,,
12048804,0,0,1,2,,,,,,,,,
12048799,0,0,6,2,,,,6,,,,,
12048807,0,0,3,1,,,,,,,,,
12048794,2,2,6,6,,,,,,,,,
12048797,0,0,1,2,,,,,,,,,
12048803,2,2,7,6,,,,,,,,,
12048793,2,2,6,6,,,,,,,,,
12048792,2,2,6,7,,,,,,,,,
12048806,1,1,2,7,4,,,,7,,,,
12048796,1,1,6,6,3,,,,7,,,,
12048795,1,1,6,2,5,,,,,,,,
12046540,2,2,6,6,,,,,,,,,
12046543,0,0,4,5,,,,,,,,,
12046536,0,0,4,2,,,,,,,,,
12046537,1,1,6,1,1,,,,,,,,
12046538,1,1,6,3,2,,,,,,,,
12049895,0,0,4,4,,,,,,,,,
12049904,2,2,6,6,,,,,,,,,
12041808,0,0,0,5,,,,,,,,,
12041789,2,2,2,6,10,,,,,,,,
12041785,2,2,3,6,10,,,,,,,,
12046072,1,1,6,2,,,,,,,,,
12046085,0,0,3,4,,,,,,,,,
12046077,2,2,6,3,10,,,,,,,,
12046084,0,0,5,5,,,,,,,,,
12046055,0,0,2,4,,,,,,,,,
12046065,2,2,6,7,,,,,9,,,,
12046069,2,2,6,7,,,,,7,,,,
12046075,0,0,1,1,,,,,,,,,
12041956,0,0,3,4,,,,,,,,,
12041955,0,0,2,4,,,,,,,,,
12041954,2,2,6,6,,,,,,,,,
12045634,2,2,7,6,,,,7,,,,,
12045210,2,2,7,6,,,,7,,,,,
12045608,1,1,3,6,8,,,,,,,,
12045211,1,1,6,2,5,,,,,,,,
12046134,0,0,6,5,,,,5,,,,,
12046135,,,,,,,,,,,,,
12046253,0,0,3,6,,,,,5,,,,
12045732,2,2,2,6,10,,,,,,,,
12046141,2,2,6,6,,,,,,,,,
12045068,0,0,1,0,,,,,,,,,
12046242,0,0,2,2,,,,,,,,,
12046243,0,0,1,1,,,,,,,,,
12046241,2,2,6,6,10,,,3,,,,,
12046238,1,1,6,0,2,,,,,,,,
12046237,2,2,1,6,10,,,,,,,,
12046244,0,0,5,1,,,,,,,,,
12046240,2,2,6,4,10,,,,,,,,
12046239,2,2,7,6,10,,,7,3,,,,
12045326,1,1,7,4,4,,,7,,,,,
12045187,0,0,2,4,,,,,,,,,
12045186,0,0,4,4,,,,,,,,,
12045325,2,2,7,6,,,,,,,,,
12045455,0,0,4,3,,,,,,,,,
12045783,1,1,7,1,6,,,,,,,,
12045569,1,1,2,6,4,,,,,,,,
12045601,2,2,6,4,11,,,,,,,,
12046236,2,2,6,6,,,,,,,,,
12046032,0,0,2,1,,,,,,,,,
12042698,,,,,,,,,,,,,
12042688,0,0,1,4,,,,,,,,,
12042696,2,2,3,6,10,,,,,,,,
12042697,2,2,2,6,11,,,,,,,,
12042692,2,2,6,6,,,,,,,,,
12042686,2,2,6,6,,,,,,,,,
12042689,0,0,4,4,,,,,,,,,
12042685,1,1,6,3,10,,,,,,,,
12042695,2,2,6,6,,,,,,,,,
12042687,1,1,6,7,7,,,,,,,,
12042691,0,0,1,3,,,,,,,,,
12042694,1,1,7,5,8,,,,,,,,
12042699,0,0,3,2,,,,,,,,,
12042690,0,0,0,3,,,,,,,,,
12042684,2,2,6,3,10,,,,,,,,
12042693,,,,,,,,,,,,,
12046507,0,0,2,2,,,,,,,,,
12046503,1,1,2,6,6,,,,,,,,
12046511,0,0,4,1,,,,,,,,,
12046510,0,0,6,4,,,,6,,,,,
12046513,0,0,1,,,,,,,,,,
12046506,2,2,2,6,14,,,,,,,,
12046509,2,2,7,6,,,,,,,,,
12046508,1,1,6,3,11,,,,,,,,
12046187,0,0,4,4,,,,,,,,,
12046198,2,2,7,6,,,,7,,,,,
12046205,2,2,6,6,10,,,5,,,,,
12046188,2,2,7,6,,,,,,,,,
12046189,1,1,1,6,8,,,,,,,,
12046191,0,0,5,1,,,,,,,,,
12046194,1,1,1,6,5,,,,,,,,
12046206,0,0,4,5,,,,,,,,,
12042791,2,2,7,4,10,,,,,,,,
12042794,,,,,,,,,,,,,
12042797,0,0,2,4,,,,,,,,,
12042804,2,2,6,2,10,,,,,,,,
12042802,0,0,4,5,,,,,,,,,
12042803,1,1,6,4,4,,,,,,,,
12042789,0,0,3,4,,,,,,,,,
12042793,1,1,6,5,3,,,,,,,,
12043231,2,2,6,6,,,,,,,,,
12042798,2,2,6,6,,,,,,,,,
12042799,0,0,2,3,,,,,,,,,
12042792,0,0,1,4,,,,,,,,,
12042790,0,0,2,3,,,,,,,,,
12042801,0,0,4,1,,,,,,,,,
12042796,2,2,7,6,,,,,,,,,
12042800,2,2,6,7,,,,,,,,,
12042795,1,1,6,3,7,,,,,,,,
12049887,0,0,4,3,,,,,,,,,
12049891,0,0,4,5,,,,,,,,,
12049888,2,2,4,6,12,,,,,,,,
12049890,2,2,6,6,,,,,,,,,
12049879,2,2,6,3,10,,,,,,,,
12049875,2,2,6,6,,,,,,,,,
12049877,0,0,5,0,,,,,,,,,
12049885,2,2,3,6,10,,,,,,,,
12041783,2,2,6,6,,,,,,,,,
12041802,0,0,3,4,,,,,,,,,
12041794,2,2,7,6,,,,7,,,,,
12041796,0,0,1,1,,,,,,,,,
12046059,0,0,1,2,,,,,,,,,
12046056,2,2,6,6,,,,,,,,,
12046071,2,2,6,6,,,,,,,,,
12046054,2,2,7,6,,,,7,,,,,
12046082,2,2,6,6,,,,,,,,,
12046120,2,2,6,4,10,,,,,,,,
12046068,0,0,3,3,,,,,,,,,
12046053,0,0,4,4,,,,,,,,,
12042484,0,0,1,4,,,,,,,,,
12042190,2,2,7,6,,,,,,,,,
12042192,2,2,6,7,,,,,7,,,,
12042193,2,2,4,7,7,,,,,,,,
12041952,2,2,6,6,,,,,,,,,
12042442,0,0,1,2,,,,,,,,,
12041949,0,0,2,0,,,,,,,,,
12042632,1,1,6,3,3,,,,,,,,
12042336,1,1,2,6,6,,,,,2,,,
12042335,0,0,3,3,,,,,,,,,
12042672,1,1,6,1,2,,,,,,,,
12043201,0,0,5,1,,,,,,,,,
12043197,0,0,1,4,,,,,,,,,
12043199,1,1,3,6,4,,,,,,,,
12043198,0,0,3,2,,,,,,,,,
12043235,0,0,6,2,,,,4,,,,,
12043234,0,0,5,6,,,,,1,,,,
12043233,0,0,3,4,,,,,,,,,
12043200,0,0,6,3,,,,2,,,,,
12046409,0,0,6,4,,,,4,,,,,
12046404,2,2,6,6,,,,,,,,,
12046388,1,1,6,1,2,,,,,,,,
12046408,2,2,6,6,,,,,,,,,
12046387,0,0,2,3,,,,,,,,,
12046403,1,1,3,6,6,,,,,,,,
12046389,2,2,6,4,11,,,,,,,,
12046386,0,0,2,6,,,,,3,,,,
12045899,0,0,1,1,,,,,,,,,
12045900,0,0,1,2,,,,,,,,,
12045898,1,1,4,6,8,,,,,,,,
12045901,0,0,3,4,,,,,,,,,
12045905,2,2,6,7,,,,,10,,,,
12045897,2,2,6,6,,,,,,,,,
12045908,0,0,4,2,,,,,,,,,
12045904,0,0,3,2,,,,,,,,,
12042785,0,0,1,6,,,,,,,,,
12042783,2,2,4,6,10,,,,,,,,
12042784,0,0,0,0,,,,,,,,,
12042774,2,2,6,6,,,,,,,,,
12042777,1,1,2,7,7,,,,,,,,
12042782,0,0,2,3,,,,,,,,,
12042776,1,1,7,0,10,,,,,,,,
12042786,0,0,0,1,,,,,,,,,
12042775,2,2,6,6,,,,,,,,,
12042772,0,0,4,2,,,,,,,,,
12042780,2,2,6,3,10,,,,,,,,
12042773,0,0,4,2,,,,,,,,,
12042779,2,2,2,6,10,,,,,,,,
12042778,0,0,4,0,,,,,,,,,
12042787,1,1,6,2,1,,,,,,,,
12042781,0,0,4,3,,,,,,,,,
12046534,2,2,1,7,10,,,,7,,,,
12046535,2,2,7,7,,,,7,,,,,
12046531,2,2,6,6,,,,,,,,,
12046533,2,2,6,6,,,,,,,,,
12046530,0,0,1,4,,,,,,,,,
12046532,2,2,6,6,,,,,,,,,
12046528,1,1,6,6,5,,,3,,,,,
12046529,0,0,3,2,,,,,,,,,
12039985,1,1,7,3,4,,,,,,,,
12039981,,,,,,,,,,,,,
12042727,1,1,6,1,2,,,,,,,,
12039990,2,2,3,6,6,,,,,,,,
12039989,1,1,6,6,0,,,,3,,,,
12042726,1,1,1,6,4,,,,,,,,
12039983,1,1,7,6,1,,,,1,,,,
12046481,0,0,1,6,,,,,4,,,,
12017962,2,2,6,6,,,,,,,,,
12017966,0,0,6,4,,,,5,,,,,
12017975,2,2,7,6,,,,,,,,,
12017968,0,0,5,4,,,,,,,,,
12040237,0,0,6,1,,,,3,,,,,
12046772,2,2,6,3,6,,,,,,,,
12040236,,,,,,,,,,,,,
12046791,2,2,6,6,,,,,,,,,
12046789,2,2,6,6,,,,,,,,,
12046784,2,2,7,6,,,,,,,,,
12049819,2,2,7,4,6,,,7,,,,,
12040239,,,,,,,,,,,,,
12040234,0,0,3,1,,,,,,,,,
12040233,0,0,4,6,,,,,5,,,,
12018509,0,0,4,3,,,,,,,,,
12046787,0,0,3,6,,,,,3,,,,
12018510,0,0,6,4,,,,3,,,,,
12040232,2,2,6,6,,,,,,,,,
12018498,2,2,6,6,,,,,,,,,
12018499,2,2,6,6,,,,,,,,,
12038857,2,2,4,6,6,,,,,,,,
12038855,,,,,,,,,,,,,
12048717,1,1,7,1,4,,,9,,,,,
12038862,0,0,5,4,,,,,,,,,
12046138,2,2,6,7,6,,,6,,,,,
12046140,1,1,5,6,3,,,,,,,,
12046137,1,1,3,6,6,,,,,3,,,
12046139,1,1,6,5,2,,,,,,,,
12018534,0,0,3,2,,,,,,,,,
12038858,0,0,6,4,,,,2,,,,,
12038856,0,0,2,5,,,,,,,,,
12018543,2,2,6,6,,,,,,,,,
12018529,1,1,6,1,3,,,,,,,,
12018536,2,2,6,7,,,,,,,,,
12018531,2,2,6,6,,,,,,,,,
12044869,0,0,3,5,,,,,,,,,
12046038,0,0,1,6,,,,,1,,,,
12039076,2,2,6,6,,,,,,,,,
12018666,0,0,3,5,,,,,,,,,
12018668,1,1,6,7,1,,,6,7,,,,
12018679,0,0,2,1,,,,,,,,,
12018677,2,2,6,6,,,,,,,,,
12018667,0,0,2,0,,,,,,,,,
12018670,2,2,6,6,,,,,,,,,
12018669,1,1,6,3,3,,,,,,,,
12042475,2,2,6,6,,,,,,,,,
12039296,2,2,6,7,,,,,7,,,,
12039295,0,0,2,3,,,,,,,,,
12049299,2,2,6,6,,,,,,,,,
12039294,,,,,,,,,,,,,
12042472,0,0,4,6,,,,,6,,,,
12042474,0,0,0,1,,,,,,,,,
12039300,0,0,2,4,,,,,,,,,
12018700,1,1,1,6,4,,,,,,,,
12018696,1,1,6,4,0,,,,,,,,
12018699,2,2,6,6,,,,,,,,,
12018706,2,2,5,7,6,,,,,,,,
12018709,1,1,2,7,0,,,,7,,,,
12018583,1,1,4,6,3,,,,,,,,
12037721,0,0,1,0,,,,,,,,,
12018584,2,2,6,6,,,,,,,,,
12018579,1,1,2,7,3,,,,7,,,,
12018581,2,2,6,6,,,,,,,,,
12018578,0,0,3,6,,,,,1,,,,
12018577,0,0,4,4,,,,,,,,,
12018585,1,1,6,3,4,,,,,,,,
12018582,2,2,6,4,6,,,,,,,,
12039188,2,2,6,4,7,,,,,,,,
12039447,0,0,3,,,,,,,,,,
12045826,2,2,3,7,6,,,,7,,,,
12039187,2,2,6,6,7,,,5,,,,,
12039186,2,2,7,6,,,,7,,,,,
12039184,2,2,6,6,,,,,,,,,
12018629,2,2,7,6,,,,,,,,,
12018634,0,0,5,3,,,,,,,,,
12018625,2,2,6,6,,,,,,,,,
12018630,2,2,6,2,6,,,,,,,,
12018631,2,2,6,4,6,,,,,,,,
12018621,2,2,6,0,6,,,,,,,,
12018622,0,0,4,6,,,,,2,,,,
12018628,2,2,7,6,,,,7,,,,,
12046127,0,0,3,6,,,,,4,,,,
12046130,0,0,5,3,,,,,,,,,
12039968,2,2,6,6,,,,,,,,,
12046128,0,0,5,5,,,,,,,,,
12039973,2,2,6,6,,,,,,,,,
12046129,2,2,6,6,,,,,,,,,
12046126,2,2,6,7,,,,,7,,,,
12039975,2,2,7,6,6,,,7,5,,,,
12018653,1,1,3,6,6,,,,,3,,,
12018646,2,2,6,4,6,,,,,,,,
12018652,0,0,4,4,,,,,,,,,
12046125,2,2,7,6,,,,7,,,,,
12018644,2,2,7,3,6,,,11,,,,,
12039977,2,2,6,1,6,,,,,,,,
12018649,1,1,4,7,3,,,,,,,,
12018655,0,0,6,4,,,,4,,,,,
12040210,0,0,4,2,,,,,,,,,
12018727,2,2,6,6,,,,,,,,,
12018733,2,2,2,6,6,,,,,,,,
12018731,2,2,6,6,,,,,,,,,
12018721,1,1,7,4,4,,,,,,,,
12018723,0,0,2,1,,,,,,,,,
12018728,1,1,3,7,3,,,,,,,,
12018732,1,1,6,6,1,,,8,,,,,
12018722,2,2,1,6,7,,,,,,,,
12048616,0,0,5,4,,,,,,,,,
12046848,0,0,0,3,,,,,,,,,
12048612,2,2,6,6,,,,,,,,,
12046863,2,2,6,6,6,,,1,,,,,
12048615,2,2,6,6,,,,,,,,,
12048614,2,2,6,6,,,,,,,,,
12048617,2,2,6,6,,,,,,,,,
12048618,0,0,2,2,,,,,,,,,
12048613,1,1,3,6,2,,,,,,,,
12050880,0,0,2,2,,,,,,,,,
12051679,0,0,3,3,,,,,,,,,
12049155,2,2,6,4,7,,,,,7,,,
12051584,2,2,6,4,7,,,,,,,,
12051498,2,2,6,3,6,,,,,,,,
12051707,0,0,0,4,,,,,,,,,
12051815,2,2,6,6,,,,,,,,,
12050981,0,0,6,0,,,,5,,,,,
12046366,0,0,2,2,,,,,,,,,
12046927,0,0,4,3,,,,,,,,,
12046931,2,2,4,6,7,,,,,7,,,
12046929,1,1,2,7,5,,,,7,,,,
12046924,1,1,1,7,1,,,,7,,,,
12046922,0,0,1,,,,,,,,,,
12046920,0,0,2,4,,,,,,,,,
12049189,0,0,3,4,,,,,,,,,
12046923,,,,,,,,,,,,,
12046918,1,1,6,1,3,,,,,,,,
12046930,0,0,5,4,,,,,,,,,
12046916,2,2,4,7,7,,,,,7,,,
12046926,2,2,6,6,,,,,,,,,
12046921,2,2,6,6,,,,,,,,,
12052312,0,0,1,2,,,,,,,,,
12052307,2,2,6,6,,,,,,,,,
12052429,2,2,7,6,,,,7,,,,,
12051795,0,0,3,2,,,,,,,,,
12051817,0,0,3,4,,,,,,,,,
12052052,0,0,6,2,,,,1,,,,,
12049551,0,0,5,,,,,,,,,,
12046252,1,1,7,1,5,,,7,,,,,
12046248,0,0,3,0,,,,,,,,,
12049064,2,2,6,6,,,,,,,,,
12049061,2,2,6,6,,,,,,,,,
12049065,0,0,2,4,,,,,,,,,
12049060,2,2,6,6,6,,,5,,,,,
12046946,0,0,1,2,,,,,,,,,
12049066,0,0,3,2,,,,,,,,,
12046950,1,1,6,5,1,,,,,,,,
12046938,0,0,1,5,,,,,,,,,
12049058,0,0,0,1,,,,,,,,,
12049063,2,2,4,6,7,,,,,,,,
12049062,2,2,6,6,,,,,,,,,
12049059,2,2,6,6,,,,,,,,,
12051680,1,1,6,4,2,,,,,,,,
12051939,0,0,1,1,,,,,,,,,
12051630,1,1,3,6,1,,,,,,,,
12051708,2,2,6,7,,,,,7,,,,
12051796,2,2,6,6,,,,,,,,,
12052126,2,2,1,6,7,,,,,,,,
12052220,0,0,1,2,,,,,,,,,
12048849,2,2,0,6,6,,,,,,,,
12046871,0,0,3,0,,,,,,,,,
12046872,1,1,6,1,5,,,,,,,,
12046874,2,2,1,6,6,,,,,,,,
12046876,0,0,4,3,,,,,,,,,
12046881,2,2,3,6,6,,,,,,,,
12046884,0,0,3,1,,,,,,,,,
12046885,2,2,6,6,,,,,,,,,
12046879,0,0,2,1,,,,,,,,,
12046883,1,1,6,1,1,,,,,,,,
12046852,2,2,7,4,6,,,9,,,,,
12046850,0,0,2,1,,,,,,,,,
12046882,0,0,2,5,,,,,,,,,
12051969,2,2,6,6,,,,,,,,,
12051674,0,0,6,3,,,,5,,,,,
12051714,0,0,4,2,,,,,,,,,
12051954,2,2,7,2,6,,,7,,,,,
12052260,1,1,6,2,0,,,,,,,,
12051608,1,1,6,6,5,,,5,,,,,
12051669,0,0,6,3,,,,4,,,,,
12051711,2,2,6,6,,,,,,,,,
12046516,2,2,6,6,,,,,,,,,
12046521,2,2,6,4,6,,,,,,,,
12046514,0,0,5,1,,,,,,,,,
12046512,2,2,6,6,,,,,,,,,
12046519,1,1,6,4,2,,,,,,,,
12049517,0,0,0,0,,,,,,,,,
12049512,2,2,7,6,,,,12,,,,,
12049518,2,2,6,6,,,,,,,,,
12049514,2,2,6,6,,,,,,,,,
12046973,2,2,6,6,,,,,,,,,
12049513,0,0,1,3,,,,,,,,,
12046968,0,0,2,0,,,,,,,,,
12046967,0,0,0,2,,,,,,,,,
12049515,1,1,1,7,6,,,,7,3,,,
12049516,0,0,1,1,,,,,,,,,
12046969,2,2,6,7,,,,,,,,,
12052551,1,1,7,3,1,,,,,,,,
12046971,0,0,2,6,,,,,6,,,,
12052333,2,2,7,6,,,,7,,,,,
12046903,,,,,,,,,,,,,
12048709,1,1,6,6,6,,,,5,6,,,
12048710,1,1,6,1,,,,,,,,,
12046877,2,2,7,2,6,,,11,,,,,
12050625,2,2,6,6,,,,,,,,,
12046878,2,2,6,2,6,,,,,,,,
12048711,2,2,7,6,,,,,,,,,
12046893,2,2,6,6,,,,,,,,,
12046896,2,2,7,6,,,,7,,,,,
12048714,0,0,3,3,,,,,,,,,
12048712,2,2,6,6,6,,,,4,,,,
12048713,0,0,4,4,,,,,,,,,
12048707,2,2,4,7,6,,,,7,,,,
12046875,0,0,4,6,,,,,3,,,,
12048708,2,2,7,6,,,,7,,,,,
12046880,2,2,7,3,6,,,7,,,,,
12048706,2,2,6,6,,,,,,,,,
12051670,2,2,7,6,,,,,,,,,
12052221,2,2,6,6,,,,,,,,,
12051682,0,0,2,1,,,,,,,,,
12052127,1,1,7,3,,,,8,,,,,
12052130,0,0,3,4,,,,,,,,,
12051799,2,2,6,6,,,,,,,,,
12052353,2,2,3,7,6,,,,7,,,,
12046886,2,2,6,6,,,,,,,,,
12046492,1,1,3,7,2,,,,9,,,,
12046493,0,0,4,4,,,,,,,,,
12046490,0,0,2,0,,,,,,,,,
12046491,2,2,6,7,,,,,7,,,,
12049889,0,0,4,4,,,,,,,,,
12046919,2,2,6,6,,,,,,,,,
12049882,0,0,4,1,,,,,,,,,
12046913,,,,,,,,,,,,,
12046907,,,,,,,,,,,,,
12049874,0,0,2,4,,,,,,,,,
12049884,2,2,6,6,,,,,,,,,
12049880,0,0,3,0,,,,,,,,,
12046887,2,2,7,6,,,,7,,,,,
12049876,1,1,4,6,1,,,,,,,,
12049881,0,0,1,3,,,,,,,,,
12049886,2,2,7,2,6,,,,,,,,
12049878,2,2,7,3,7,,,8,,8,,,
12049883,0,0,3,1,,,,,,,,,
12046070,0,0,2,4,,,,,,,,,
12046081,1,1,7,4,,,,8,,,,,
12046890,0,0,0,1,,,,,,,,,
12048841,2,2,6,6,,,,,,,,,
12048834,1,1,6,7,6,,,1,7,4,,,
12048836,2,2,6,6,,,,,,,,,
12048833,2,2,6,7,,,,,7,,,,
12046895,2,2,6,1,7,,,,,7,,,
12048837,0,0,1,5,,,,,,,,,
12048839,0,0,6,2,,,,5,,,,,
12046891,2,2,6,6,,,,,,,,,
12048835,2,2,6,6,,,,,,,,,
12046892,1,1,3,6,3,,,,,,,,
12048838,2,2,6,6,,,,,,,,,
12048842,2,2,6,6,,,,,,,,,
12051497,0,0,1,5,,,,,,,,,
12051681,0,0,5,5,,,,,,,,,
12046894,2,2,6,6,,,,,,,,,
12051677,0,0,3,1,,,,,,,,,
12050843,1,1,6,4,4,,,,,,,,
12051715,1,1,7,2,4,,,,,,,,
12051694,0,0,2,,,,,,,,,,
12051676,2,2,6,6,,,,,,,,,
12043300,2,2,7,3,6,,,,,,,,
12043312,0,0,1,3,,,,,,,,,
12043302,0,0,2,4,,,,,,,,,
12043321,0,0,1,3,,,,,,,,,
12043305,0,0,4,4,,,,,,,,,
12043308,2,2,7,6,,,,7,,,,,
12043306,2,2,6,7,,,,,,,,,
12043314,2,2,6,5,6,,,,,,,,
12047510,0,0,2,5,,,,,,,,,
12050322,0,0,6,3,,,,3,,,,,
12047477,0,0,3,3,,,,,,,,,
12047478,2,2,6,6,,,,,,,,,
12050443,0,0,1,1,,,,,,,,,
12050331,2,2,6,6,,,,,,,,,
12050338,1,1,6,3,3,,,,,,,,
12047486,2,2,6,6,,,,,,,,,
12046284,2,2,7,6,,,,7,,,,,
12046285,2,2,6,3,6,,,,,,,,
12046283,2,2,7,7,,,,7,7,,,,
12046281,0,0,4,4,,,,,,,,,
12046277,2,2,4,6,6,,,,,,,,
12046280,1,1,6,6,4,,,,2,,,,
12046276,0,0,1,2,,,,,,,,,
12046275,0,0,2,1,,,,,,,,,
12049489,2,2,6,1,6,,,,,,,,
12049096,2,2,4,6,6,,,,,,,,
12049335,2,2,6,7,,,,,,,,,
12049540,2,2,6,2,6,,,,,,,,
12049245,2,2,6,7,,,,,,,,,
12049492,1,1,6,5,3,,,,,,,,
12049357,0,0,1,4,,,,,,,,,
12049021,2,2,6,6,,,,,,,,,
12052157,1,1,5,6,3,,,,,,,,
12051797,0,0,2,3,,,,,,,,,
12052002,0,0,3,4,,,,,,,,,
12052003,1,1,7,0,1,,,7,,,,,
12046373,0,0,5,6,,,,,0,,,,
12046374,1,1,6,6,5,,,5,,,,,
12046380,2,2,6,6,,,,,,,,,
12046371,1,1,6,1,,,,,,,,,
12046945,0,0,5,1,,,,,,,,,
12046940,2,2,7,6,,,,,,,,,
12046964,2,2,6,6,,,,,,,,,
12046966,2,2,7,6,,,,11,,,,,
12046960,0,0,1,4,,,,,,,,,
12046961,2,2,6,6,,,,,,,,,
12046963,1,1,6,7,4,,,6,7,,,,
12046965,1,1,6,2,2,,,,,,,,
12046951,2,2,3,6,6,,,,,,,,
12049526,0,0,3,6,,,,,4,,,,
12052020,1,1,7,6,5,,,,3,,,,
12051803,1,1,2,6,6,,,,,3,,,
12052488,0,0,5,4,,,,,,,,,
12052255,0,0,1,1,,,,,,,,,
12046583,2,2,6,6,,,,,,,,,
12046576,0,0,6,4,,,,1,,,,,
12046582,0,0,2,1,,,,,,,,,
12046579,2,2,6,6,,,,,,,,,
12046573,1,1,6,3,2,,,,,,,,
12046577,2,2,7,6,,,,,,,,,
12046580,2,2,4,6,6,,,,,,,,
12046578,0,0,6,3,,,,3,,,,,
12046857,0,0,1,2,,,,,,,,,
12046869,2,2,6,6,,,,,,,,,
12046858,0,0,4,3,,,,,,,,,
12046861,1,1,1,6,0,,,,,,,,
12046859,1,1,7,6,2,,,10,5,,,,
12046864,2,2,6,6,,,,,,,,,
12046868,0,0,1,4,,,,,,,,,
12046862,0,0,5,5,,,,,,,,,
12048609,2,2,7,6,,,,,,,,,
12046956,2,2,6,6,,,,,,,,,
12046949,2,2,6,6,,,,,,,,,
12046952,1,1,3,6,0,,,,,,,,
12046943,2,2,6,6,,,,,,,,,
12046933,0,0,2,3,,,,,,,,,
12048611,0,0,2,2,,,,,,,,,
12048606,2,2,6,6,,,,,,,,,
12048608,2,2,6,6,,,,,,,,,
12048610,0,0,2,0,,,,,,,,,
12048607,2,2,6,6,,,,,,,,,
12046953,2,2,6,6,,,,,,,,,
12048605,0,0,4,1,,,,,,,,,
12048604,2,2,6,6,,,,,,,,,
12051955,0,0,3,2,,,,,,,,,
12051706,2,2,6,6,,,,,,,,,
12052222,2,2,6,6,,,,,,,,,
12052156,0,0,3,6,,,,,2,,,,
12052219,1,1,4,6,3,,,,,,,,
12052141,0,0,6,4,,,,2,,,,,
12051802,0,0,3,3,,,,,,,,,
12051702,0,0,4,0,,,,,,,,,
12048804,0,0,1,2,,,,,,,,,
12048799,0,0,6,2,,,,6,,,,,
12048807,0,0,3,1,,,,,,,,,
12048794,2,2,6,6,,,,,,,,,
12048797,0,0,1,2,,,,,,,,,
12048803,2,2,7,6,,,,,,,,,
12048793,2,2,6,6,,,,,,,,,
12048792,2,2,6,7,,,,,,,,,
12048806,1,1,2,7,4,,,,7,,,,
12048796,1,1,6,6,3,,,,7,,,,
12048795,1,1,6,2,5,,,,,,,,
12048798,2,2,6,7,,,,,,,,,
12048805,1,1,2,6,1,,,,,,,,
12048800,0,0,3,2,,,,,,,,,
12048802,1,1,7,4,1,,,10,,,,,
12048801,0,0,1,0,,,,,,,,,
12052281,1,1,6,4,4,,,,,,,,
12050982,2,2,7,6,,,,8,,,,,
12051020,2,2,6,6,,,,,,,,,
12052367,0,0,4,2,,,,,,,,,
12051678,2,2,6,7,,,,,12,,,,
12052382,0,0,1,,,,,,,,,,
12052261,2,2,6,6,,,,,,,,,
12051970,0,0,6,4,,,,3,,,,,
12046540,2,2,6,6,,,,,,,,,
12046543,0,0,4,5,,,,,,,,,
12046536,0,0,4,2,,,,,,,,,
12046537,1,1,6,1,1,,,,,,,,
12046538,1,1,6,3,2,,,,,,,,
12049895,0,0,4,4,,,,,,,,,
12049904,2,2,6,6,,,,,,,,,
12049896,1,1,6,2,2,,,,,,,,
12046847,2,2,6,6,,,,,,,,,
12049903,0,0,2,4,,,,,,,,,
12049897,1,1,6,4,4,,,,,,,,
12046849,1,1,6,4,3,,,,,,,,
12049898,2,2,6,7,6,,,4,7,,,,
12049905,0,0,2,2,,,,,,,,,
12046853,2,2,6,6,,,,,,,,,
12046854,0,0,2,5,,,,,,,,,
12049566,1,1,2,6,3,,,,,,,,
12052448,2,2,6,6,,,,,,,,,
12046507,0,0,2,2,,,,,,,,,
12046503,1,1,2,6,6,,,,,,,,
12046511,0,0,4,1,,,,,,,,,
12046510,0,0,6,4,,,,6,,,,,
12046513,0,0,1,,,,,,,,,,
12046506,2,2,2,6,14,,,,,,,,
12046509,2,2,7,6,,,,,,,,,
12046508,1,1,6,3,11,,,,,,,,
12042798,2,2,6,6,,,,,,,,,
12042799,0,0,2,3,,,,,,,,,
12042792,0,0,1,4,,,,,,,,,
12042790,0,0,2,3,,,,,,,,,
12042801,0,0,4,1,,,,,,,,,
12042796,2,2,7,6,,,,,,,,,
12042800,2,2,6,7,,,,,,,,,
12042795,1,1,6,3,7,,,,,,,,
12049887,0,0,4,3,,,,,,,,,
12049891,0,0,4,5,,,,,,,,,
12049888,2,2,4,6,12,,,,,,,,
12049890,2,2,6,6,,,,,,,,,
12049879,2,2,6,3,10,,,,,,,,
12049875,2,2,6,6,,,,,,,,,
12049877,0,0,5,0,,,,,,,,,
12049885,2,2,3,6,10,,,,,,,,
12046534,2,2,1,7,10,,,,7,,,,
12046535,2,2,7,7,,,,7,,,,,
12046531,2,2,6,6,,,,,,,,,
12046533,2,2,6,6,,,,,,,,,
12046530,0,0,1,4,,,,,,,,,
12046532,2,2,6,6,,,,,,,,,
12046528,1,1,6,6,5,,,3,,,,,
12046529,0,0,3,2,,,,,,,,,
12017962,2,2,6,6,,,,,,,,,
12017966,0,0,6,4,,,,5,,,,,
12017975,2,2,7,6,,,,,,,,,
12017968,0,0,5,4,,,,,,,,,
12017973,0,0,0,3,,,,,,,,,
12018509,0,0,4,3,,,,,,,,,
12046787,0,0,3,6,,,,,3,,,,
12018510,0,0,6,4,,,,3,,,,,
12040232,2,2,6,6,,,,,,,,,
12018498,2,2,6,6,,,,,,,,,
12018499,2,2,6,6,,,,,,,,,
12018512,0,0,3,6,,,,,5,,,,
12018508,0,0,1,1,,,,,,,,,
12018501,0,0,4,3,,,,,,,,,
12018506,,,,,,,,,,,,,
12018534,0,0,3,2,,,,,,,,,
12038858,0,0,6,4,,,,2,,,,,
12038856,0,0,2,5,,,,,,,,,
12018543,2,2,6,6,,,,,,,,,
12018529,1,1,6,1,3,,,,,,,,
12018536,2,2,6,7,,,,,,,,,
12018531,2,2,6,6,,,,,,,,,
12018530,2,2,6,7,,,,,7,,,,
12018535,0,0,1,4,,,,,,,,,
12018541,2,2,7,7,,,,,7,,,,
12018533,0,0,1,4,,,,,,,,,
12018679,0,0,2,1,,,,,,,,,
12018677,2,2,6,6,,,,,,,,,
12018667,0,0,2,0,,,,,,,,,
12018670,2,2,6,6,,,,,,,,,
12018669,1,1,6,3,3,,,,,,,,
12018665,0,0,6,5,,,,1,,,,,
12018676,2,2,7,6,,,,,,,,,
12018672,0,0,1,4,,,,,,,,,
12018671,0,0,3,4,,,,,,,,,
12018700,1,1,1,6,4,,,,,,,,
12018696,1,1,6,4,0,,,,,,,,
12018699,2,2,6,6,,,,,,,,,
12018706,2,2,5,7,6,,,,,,,,
12018709,1,1,2,7,0,,,,7,,,,
12018707,0,0,0,1,,,,,,,,,
12018695,2,2,6,6,,,,,,,,,
12018705,2,2,6,6,,,,,,,,,
12018698,0,0,3,2,,,,,,,,,
12018701,0,0,3,5,,,,,,,,,
12054734,2,2,3,6,6,,,,,,,,
12054727,2,2,7,6,,,,,,,,,
12054730,0,0,2,1,,,,,,,,,
12054732,2,2,7,6,,,,,,,,,
12054741,1,1,6,0,6,,,,,5,,,
12054729,2,2,1,6,6,,,,,,,,
12054738,2,2,6,6,,,,,,,,,
12054739,2,2,7,6,,,,,,,,,
12054740,2,2,4,6,6,,,,,,,,
12054728,0,0,4,0,,,,,,,,,
12018578,0,0,3,6,,,,,1,,,,
12018577,0,0,4,4,,,,,,,,,
12018585,1,1,6,3,4,,,,,,,,
12018582,2,2,6,4,6,,,,,,,,
12018574,1,1,2,6,6,,,,,2,,,
12018588,2,2,7,6,,,,7,,,,,
12018575,2,2,6,2,6,,,,,,,,
12018580,0,0,2,2,,,,,,,,,
12018630,2,2,6,2,6,,,,,,,,
12018631,2,2,6,4,6,,,,,,,,
12018621,2,2,6,0,6,,,,,,,,
12018622,0,0,4,6,,,,,2,,,,
12018628,2,2,7,6,,,,7,,,,,
12018626,2,2,6,6,,,,,,,,,
12018624,0,0,5,2,,,,,,,,,
12018623,2,2,6,6,6,,,6,,,,,
12018652,0,0,4,4,,,,,,,,,
12046125,2,2,7,6,,,,7,,,,,
12018644,2,2,7,3,6,,,11,,,,,
12039977,2,2,6,1,6,,,,,,,,
12018649,1,1,4,7,3,,,,,,,,
12018655,0,0,6,4,,,,4,,,,,
12018656,1,1,6,3,4,,,,,,,,
12018648,0,0,4,4,,,,,,,,,
12018654,0,0,6,3,,,,0,,,,,
12018651,0,0,6,6,,,,7,3,,,,
12018643,2,2,6,6,,,,,,,,,
12018721,1,1,7,4,4,,,,,,,,
12018723,0,0,2,1,,,,,,,,,
12018728,1,1,3,7,3,,,,,,,,
12018732,1,1,6,6,1,,,8,,,,,
12018722,2,2,1,6,7,,,,,,,,
12018734,,,,,,,,,,,,,
12018726,0,0,1,2,,,,,,,,,
12018730,0,0,3,3,,,,,,,,,
12018720,2,2,6,6,,,,,,,,,
12050880,0,0,2,2,,,,,,,,,
12051679,0,0,3,3,,,,,,,,,
12049155,2,2,6,4,7,,,,,7,,,
12051584,2,2,6,4,7,,,,,,,,
12051498,2,2,6,3,6,,,,,,,,
12051707,0,0,0,4,,,,,,,,,
12051815,2,2,6,6,,,,,,,,,
12050981,0,0,6,0,,,,5,,,,,
12053865,1,1,6,2,6,,,,,6,,,
12054313,1,1,0,6,1,,,,,,,,
12046922,0,0,1,,,,,,,,,,
12046920,0,0,2,4,,,,,,,,,
12049189,0,0,3,4,,,,,,,,,
12046923,,,,,,,,,,,,,
12046918,1,1,6,1,3,,,,,,,,
12046930,0,0,5,4,,,,,,,,,
12046916,2,2,4,7,7,,,,,7,,,
12046926,2,2,6,6,,,,,,,,,
12046921,2,2,6,6,,,,,,,,,
12052312,0,0,1,2,,,,,,,,,
12052307,2,2,6,6,,,,,,,,,
12052429,2,2,7,6,,,,7,,,,,
12051795,0,0,3,2,,,,,,,,,
12051817,0,0,3,4,,,,,,,,,
12052052,0,0,6,2,,,,1,,,,,
12049551,0,0,5,,,,,,,,,,
12052502,1,1,4,6,1,,,,,,,,
12054633,1,1,6,1,1,,,,,,,,
12054784,1,1,4,7,3,,,,7,,,,
12054651,1,1,7,3,4,,,8,,,,,
12054552,2,2,6,6,,,,,,,,,
12049059,2,2,6,6,,,,,,,,,
12051680,1,1,6,4,2,,,,,,,,
12051939,0,0,1,1,,,,,,,,,
12051630,1,1,3,6,1,,,,,,,,
12051708,2,2,6,7,,,,,7,,,,
12051796,2,2,6,6,,,,,,,,,
12052126,2,2,1,6,7,,,,,,,,
12052220,0,0,1,2,,,,,,,,,
12048849,2,2,0,6,6,,,,,,,,
12054299,1,1,6,6,0,,,,2,,,,
12054402,1,1,6,3,5,,,,,,,,
12054302,2,2,6,6,,,,,,,,,
12054559,2,2,6,6,,,,,,,,,
12046883,1,1,6,1,1,,,,,,,,
12046852,2,2,7,4,6,,,9,,,,,
12046850,0,0,2,1,,,,,,,,,
12046882,0,0,2,5,,,,,,,,,
12051969,2,2,6,6,,,,,,,,,
12051674,0,0,6,3,,,,5,,,,,
12051714,0,0,4,2,,,,,,,,,
12051954,2,2,7,2,6,,,7,,,,,
12052260,1,1,6,2,0,,,,,,,,
12051608,1,1,6,6,5,,,5,,,,,
12051669,0,0,6,3,,,,4,,,,,
12051711,2,2,6,6,,,,,,,,,
12054328,2,2,6,6,,,,,,,,,
12054435,0,0,5,4,,,,,,,,,
12054304,1,1,6,1,3,,,,,,,,
12054429,2,2,6,7,,,,,7,,,,
12049517,0,0,0,0,,,,,,,,,
12049512,2,2,7,6,,,,12,,,,,
12049518,2,2,6,6,,,,,,,,,
12049514,2,2,6,6,,,,,,,,,
12046973,2,2,6,6,,,,,,,,,
12049513,0,0,1,3,,,,,,,,,
12046968,0,0,2,0,,,,,,,,,
12046967,0,0,0,2,,,,,,,,,
12049515,1,1,1,7,6,,,,7,3,,,
12049516,0,0,1,1,,,,,,,,,
12046969,2,2,6,7,,,,,,,,,
12052551,1,1,7,3,1,,,,,,,,
12046971,0,0,2,6,,,,,6,,,,
12052333,2,2,7,6,,,,7,,,,,
12052428,2,2,6,6,,,,,,,,,
12052554,2,2,2,6,6,,,,,,,,
12049550,1,1,6,3,4,,,,,,,,
12052175,2,2,6,4,7,,,,,,,,
12052439,0,0,4,1,,,,,,,,,
12048713,0,0,4,4,,,,,,,,,
12048707,2,2,4,7,6,,,,7,,,,
12046875,0,0,4,6,,,,,3,,,,
12048708,2,2,7,6,,,,7,,,,,
12046880,2,2,7,3,6,,,7,,,,,
12048706,2,2,6,6,,,,,,,,,
12051670,2,2,7,6,,,,,,,,,
12052221,2,2,6,6,,,,,,,,,
12051682,0,0,2,1,,,,,,,,,
12052127,1,1,7,3,,,,8,,,,,
12052130,0,0,3,4,,,,,,,,,
12051799,2,2,6,6,,,,,,,,,
12052353,2,2,3,7,6,,,,7,,,,
12046886,2,2,6,6,,,,,,,,,
12054300,0,0,1,3,,,,,,,,,
12053941,1,1,3,6,5,,,,,,,,
12054419,2,2,6,6,,,,,,,,,
12054289,1,1,3,7,1,,,,7,,,,
12049889,0,0,4,4,,,,,,,,,
12046919,2,2,6,6,,,,,,,,,
12049882,0,0,4,1,,,,,,,,,
12046913,,,,,,,,,,,,,
12046907,,,,,,,,,,,,,
12049874,0,0,2,4,,,,,,,,,
12049884,2,2,6,6,,,,,,,,,
12049880,0,0,3,0,,,,,,,,,
12046887,2,2,7,6,,,,7,,,,,
12049876,1,1,4,6,1,,,,,,,,
12049881,0,0,1,3,,,,,,,,,
12049886,2,2,7,2,6,,,,,,,,
12049878,2,2,7,3,7,,,8,,8,,,
12049883,0,0,3,1,,,,,,,,,
12052481,2,2,6,4,7,,,,,,,,
12052436,0,0,2,2,,,,,,,,,
12052614,0,0,4,5,,,,,,,,,
12052354,0,0,1,0,,,,,,,,,
12052547,2,2,6,6,,,,,,,,,
12052321,2,2,6,6,,,,,,,,,
12049599,2,2,7,3,6,,,,,,,,
12046889,0,0,2,5,,,,,,,,,
12051497,0,0,1,5,,,,,,,,,
12051681,0,0,5,5,,,,,,,,,
12046894,2,2,6,6,,,,,,,,,
12051677,0,0,3,1,,,,,,,,,
12050843,1,1,6,4,4,,,,,,,,
12051715,1,1,7,2,4,,,,,,,,
12051694,0,0,2,,,,,,,,,,
12051676,2,2,6,6,,,,,,,,,
12054403,2,2,6,4,6,,,,,,,,
12054312,2,2,7,6,,,,9,,,,,
12047510,0,0,2,5,,,,,,,,,
12050322,0,0,6,3,,,,3,,,,,
12047477,0,0,3,3,,,,,,,,,
12047478,2,2,6,6,,,,,,,,,
12050443,0,0,1,1,,,,,,,,,
12050331,2,2,6,6,,,,,,,,,
12050338,1,1,6,3,3,,,,,,,,
12047486,2,2,6,6,,,,,,,,,
12053221,0,0,3,5,,,,,,,,,
12053231,0,0,5,0,,,,,,,,,
12053214,1,1,6,1,3,,,,,,,,
12053258,0,0,3,4,,,,,,,,,
12049357,0,0,1,4,,,,,,,,,
12049021,2,2,6,6,,,,,,,,,
12052157,1,1,5,6,3,,,,,,,,
12051797,0,0,2,3,,,,,,,,,
12052002,0,0,3,4,,,,,,,,,
12052003,1,1,7,0,1,,,7,,,,,
12054591,1,1,6,0,6,,,,,7,,,
12054428,2,2,6,6,,,,,,,,,
12046940,2,2,7,6,,,,,,,,,
12046964,2,2,6,6,,,,,,,,,
12046966,2,2,7,6,,,,11,,,,,
12046960,0,0,1,4,,,,,,,,,
12046961,2,2,6,6,,,,,,,,,
12046963,1,1,6,7,4,,,6,7,,,,
12046965,1,1,6,2,2,,,,,,,,
12046951,2,2,3,6,6,,,,,,,,
12049526,0,0,3,6,,,,,4,,,,
12052020,1,1,7,6,5,,,,3,,,,
12051803,1,1,2,6,6,,,,,3,,,
12052488,0,0,5,4,,,,,,,,,
12052255,0,0,1,1,,,,,,,,,
12052001,2,2,6,6,,,,,,,,,
12052140,0,0,3,3,,,,,,,,,
12052426,0,0,5,6,,,,,8,,,,
12046857,0,0,1,2,,,,,,,,,
12046869,2,2,6,6,,,,,,,,,
12046858,0,0,4,3,,,,,,,,,
12046861,1,1,1,6,0,,,,,,,,
12046859,1,1,7,6,2,,,10,5,,,,
12046864,2,2,6,6,,,,,,,,,
12046868,0,0,1,4,,,,,,,,,
12046862,0,0,5,5,,,,,,,,,
12052761,2,2,7,7,,,,,7,,,,
12049729,0,0,2,3,,,,,,,,,
12052534,2,2,7,7,,,,,,,,,
12052684,0,0,2,2,,,,,,,,,
12052535,2,2,7,7,,,,7,7,,,,
12053206,0,0,2,3,,,,,,,,,
12050318,0,0,2,3,,,,,,,,,
12053218,0,0,4,2,,,,,,,,,
12048608,2,2,6,6,,,,,,,,,
12048610,0,0,2,0,,,,,,,,,
12048607,2,2,6,6,,,,,,,,,
12046953,2,2,6,6,,,,,,,,,
12048605,0,0,4,1,,,,,,,,,
12048604,2,2,6,6,,,,,,,,,
12051955,0,0,3,2,,,,,,,,,
12051706,2,2,6,6,,,,,,,,,
12052222,2,2,6,6,,,,,,,,,
12052156,0,0,3,6,,,,,2,,,,
12052219,1,1,4,6,3,,,,,,,,
12052141,0,0,6,4,,,,2,,,,,
12051802,0,0,3,3,,,,,,,,,
12051702,0,0,4,0,,,,,,,,,
12054581,1,1,3,6,1,,,,,,,,
12054502,0,0,0,5,,,,,,,,,
12054557,2,2,6,6,,,,,,,,,
12054583,0,0,1,3,,,,,,,,,
12048795,1,1,6,2,5,,,,,,,,
12048798,2,2,6,7,,,,,,,,,
12048805,1,1,2,6,1,,,,,,,,
12048800,0,0,3,2,,,,,,,,,
12048802,1,1,7,4,1,,,10,,,,,
12048801,0,0,1,0,,,,,,,,,
12052281,1,1,6,4,4,,,,,,,,
12050982,2,2,7,6,,,,8,,,,,
12051020,2,2,6,6,,,,,,,,,
12052367,0,0,4,2,,,,,,,,,
12051678,2,2,6,7,,,,,12,,,,
12052382,0,0,1,,,,,,,,,,
12052261,2,2,6,6,,,,,,,,,
12051970,0,0,6,4,,,,3,,,,,
12054479,0,0,3,5,,,,,,,,,
12054311,2,2,7,5,6,,,8,,,,,
12054437,1,1,1,6,3,,,,,,,,
12054690,0,0,1,3,,,,,,,,,
12049895,0,0,4,4,,,,,,,,,
12049904,2,2,6,6,,,,,,,,,
12049896,1,1,6,2,2,,,,,,,,
12046847,2,2,6,6,,,,,,,,,
12049903,0,0,2,4,,,,,,,,,
12049897,1,1,6,4,4,,,,,,,,
12046849,1,1,6,4,3,,,,,,,,
12049898,2,2,6,7,6,,,4,7,,,,
12049905,0,0,2,2,,,,,,,,,
12046853,2,2,6,6,,,,,,,,,
12046854,0,0,2,5,,,,,,,,,
12049566,1,1,2,6,3,,,,,,,,
12052448,2,2,6,6,,,,,,,,,
12052556,1,1,5,6,2,,,,,,,,
12052418,2,2,7,6,,,,7,,,,,
12052259,2,2,1,7,6,,,,7,,,,
12052550,2,2,6,6,,,,,,,,,
12052498,2,2,7,7,,,,,,,,,
12052254,2,2,1,6,6,,,,,,,,
12017973,0,0,0,3,,,,,,,,,
12017963,1,1,6,1,4,,,,,,,,
12017967,2,2,4,6,6,,,,,,,,
12017971,2,2,6,6,6,,,,5,,,,
12017970,2,2,6,6,,,,,,,,,
12017965,2,2,7,6,,,,,,,,,
12017964,2,2,7,6,,,,7,,,,,
12017974,2,2,6,6,,,,,,,,,
12018512,0,0,3,6,,,,,5,,,,
12018508,0,0,1,1,,,,,,,,,
12018501,0,0,4,3,,,,,,,,,
12018506,,,,,,,,,,,,,
12018504,2,2,7,6,,,,,,,,,
12018502,2,2,6,6,6,,,2,,,,,
12018505,2,2,6,6,,,,,,,,,
12018511,0,0,2,1,,,,,,,,,
12018536,2,2,6,7,,,,,,,,,
12018531,2,2,6,6,,,,,,,,,
12018530,2,2,6,7,,,,,7,,,,
12018535,0,0,1,4,,,,,,,,,
12018541,2,2,7,7,,,,,7,,,,
12018533,0,0,1,4,,,,,,,,,
12018542,0,0,3,4,,,,,,,,,
12018532,2,2,6,6,,,,,,,,,
12018540,2,2,6,7,,,,,7,,,,
12018669,1,1,6,3,3,,,,,,,,
12018665,0,0,6,5,,,,1,,,,,
12018676,2,2,7,6,,,,,,,,,
12018672,0,0,1,4,,,,,,,,,
12018671,0,0,3,4,,,,,,,,,
12018675,0,0,2,0,,,,,,,,,
12018678,1,1,3,6,6,,,,,2,,,
12018707,0,0,0,1,,,,,,,,,
12018695,2,2,6,6,,,,,,,,,
12018705,2,2,6,6,,,,,,,,,
12018698,0,0,3,2,,,,,,,,,
12018701,0,0,3,5,,,,,,,,,
12018697,2,2,3,7,7,,,,8,7,,,
12018703,0,0,2,0,,,,,,,,,
12018704,1,1,3,6,4,,,,,,,,
12056840,2,2,6,7,,,,,7,,,,
12056841,0,0,3,4,,,,,,,,,
12056846,0,0,3,3,,,,,,,,,
12056847,0,0,5,4,,,,,,,,,
12056844,2,2,6,6,,,,,,,,,
12056845,0,0,4,2,,,,,,,,,
12054734,2,2,3,6,6,,,,,,,,
12054727,2,2,7,6,,,,,,,,,
12054730,0,0,2,1,,,,,,,,,
12054732,2,2,7,6,,,,,,,,,
12054741,1,1,6,0,6,,,,,5,,,
12054729,2,2,1,6,6,,,,,,,,
12054738,2,2,6,6,,,,,,,,,
12054739,2,2,7,6,,,,,,,,,
12054740,2,2,4,6,6,,,,,,,,
12054728,0,0,4,0,,,,,,,,,
12054731,,,,,,,,,,,,,
12054736,2,2,7,6,,,,7,,,,,
12054737,,,,,,,,,,,,,
12056233,0,0,2,6,,,,,3,,,,
12056563,2,2,6,6,,,,,,,,,
12054733,0,0,6,4,,,,11,,,,,
12054735,2,2,7,6,7,,,,6,7,,,
12056234,0,0,4,2,,,,,,,,,
12056746,1,1,4,6,3,,,,,,,,
12056624,0,0,2,2,,,,,,,,,
12056521,2,2,6,6,,,,,,,,,
12056522,2,2,6,6,,,,,,,,,
12056784,2,2,6,7,,,,,7,,,,
12056796,2,2,4,6,6,,,,,,,,
12056893,2,2,6,6,,,,,,,,,
12056747,2,2,6,7,,,,,7,,,,
12018574,1,1,2,6,6,,,,,2,,,
12018588,2,2,7,6,,,,7,,,,,
12018575,2,2,6,2,6,,,,,,,,
12018580,0,0,2,2,,,,,,,,,
12018587,0,0,4,4,,,,,,,,,
12018576,0,0,2,1,,,,,,,,,
12018628,2,2,7,6,,,,7,,,,,
12018626,2,2,6,6,,,,,,,,,
12018624,0,0,5,2,,,,,,,,,
12018623,2,2,6,6,6,,,6,,,,,
12018620,1,1,4,6,0,,,,,,,,
12018627,2,2,6,6,,,,,,,,,
12018633,1,1,4,6,6,,,,,6,,,
12018649,1,1,4,7,3,,,,,,,,
12018655,0,0,6,4,,,,4,,,,,
12018656,1,1,6,3,4,,,,,,,,
12018648,0,0,4,4,,,,,,,,,
12018654,0,0,6,3,,,,0,,,,,
12018651,0,0,6,6,,,,7,3,,,,
12018643,2,2,6,6,,,,,,,,,
12018647,2,2,6,6,,,,,,,,,
12018645,2,2,7,6,,,,10,,,,,
12018657,2,2,6,7,,,,,7,,,,
12018722,2,2,1,6,7,,,,,,,,
12018734,,,,,,,,,,,,,
12018726,0,0,1,2,,,,,,,,,
12018730,0,0,3,3,,,,,,,,,
12018720,2,2,6,6,,,,,,,,,
12018725,2,2,6,7,,,,,7,,,,
12018724,0,0,5,4,,,,,,,,,
12053865,1,1,6,2,6,,,,,6,,,
12054313,1,1,0,6,1,,,,,,,,
12054355,1,1,6,4,4,,,,,,,,
12054420,1,1,5,6,2,,,,,,,,
12058095,0,0,3,4,,,,,,,,,
12058236,2,2,6,6,,,,,,,,,
12051795,0,0,3,2,,,,,,,,,
12051817,0,0,3,4,,,,,,,,,
12052052,0,0,6,2,,,,1,,,,,
12049551,0,0,5,,,,,,,,,,
12052502,1,1,4,6,1,,,,,,,,
12054633,1,1,6,1,1,,,,,,,,
12054784,1,1,4,7,3,,,,7,,,,
12054651,1,1,7,3,4,,,8,,,,,
12054552,2,2,6,6,,,,,,,,,
12056494,2,2,7,0,6,,,7,,,,,
12056615,2,2,6,6,,,,,,,,,
12054299,1,1,6,6,0,,,,2,,,,
12054402,1,1,6,3,5,,,,,,,,
12054302,2,2,6,6,,,,,,,,,
12054559,2,2,6,6,,,,,,,,,
12056390,2,2,6,1,7,,,,,,,,
12056577,2,2,7,6,,,,,,,,,
12054328,2,2,6,6,,,,,,,,,
12054435,0,0,5,4,,,,,,,,,
12054304,1,1,6,1,3,,,,,,,,
12054429,2,2,6,7,,,,,7,,,,
12056393,2,2,6,6,7,,,5,,7,,,
12056498,2,2,1,6,6,,,,,,,,
12052551,1,1,7,3,1,,,,,,,,
12046971,0,0,2,6,,,,,6,,,,
12052333,2,2,7,6,,,,7,,,,,
12052428,2,2,6,6,,,,,,,,,
12052554,2,2,2,6,6,,,,,,,,
12049550,1,1,6,3,4,,,,,,,,
12052175,2,2,6,4,7,,,,,,,,
12052439,0,0,4,1,,,,,,,,,
12054762,2,2,1,6,6,,,,,,,,
12055232,1,1,6,2,2,,,,,,,,
12054845,2,2,6,6,7,,,4,,,,,
12055123,2,2,6,6,,,,,,,,,
12056823,1,1,4,6,4,,,,,,,,
12054300,0,0,1,3,,,,,,,,,
12053941,1,1,3,6,5,,,,,,,,
12054419,2,2,6,6,,,,,,,,,
12054289,1,1,3,7,1,,,,7,,,,
12056235,0,0,3,1,,,,,,,,,
12056239,0,0,3,6,,,,,5,,,,
12052481,2,2,6,4,7,,,,,,,,
12052436,0,0,2,2,,,,,,,,,
12052614,0,0,4,5,,,,,,,,,
12052354,0,0,1,0,,,,,,,,,
12052547,2,2,6,6,,,,,,,,,
12052321,2,2,6,6,,,,,,,,,
12049599,2,2,7,3,6,,,,,,,,
12046889,0,0,2,5,,,,,,,,,
12055215,0,0,3,2,,,,,,,,,
12054861,2,2,6,6,,,,,,,,,
12055119,2,2,2,6,7,,,,,,,,
12054931,2,2,6,7,6,,,9,,,,,
12054403,2,2,6,4,6,,,,,,,,
12054312,2,2,7,6,,,,9,,,,,
12053932,0,0,5,3,,,,,,,,,
12054269,1,1,6,,,,,,,,,,
12058097,1,1,6,4,3,,,,,,,,
12058286,0,0,3,6,,,,,4,,,,
12053221,0,0,3,5,,,,,,,,,
12053231,0,0,5,0,,,,,,,,,
12053214,1,1,6,1,3,,,,,,,,
12053258,0,0,3,4,,,,,,,,,
12055836,0,0,3,4,,,,,,,,,
12055783,2,2,3,6,6,,,,,,,,
12052003,1,1,7,0,1,,,7,,,,,
12054591,1,1,6,0,6,,,,,7,,,
12054428,2,2,6,6,,,,,,,,,
12056503,0,0,3,6,,,,,6,,,,
12051803,1,1,2,6,6,,,,,3,,,
12052488,0,0,5,4,,,,,,,,,
12052255,0,0,1,1,,,,,,,,,
12052001,2,2,6,6,,,,,,,,,
12052140,0,0,3,3,,,,,,,,,
12052426,0,0,5,6,,,,,8,,,,
12054632,2,2,6,6,,,,,,,,,
12054770,0,0,4,0,,,,,,,,,
12054601,2,2,7,6,,,,,,,,,
12055122,1,1,6,5,3,,,,,,,,
12056915,1,1,2,6,6,,,,,5,,,
12052761,2,2,7,7,,,,,7,,,,
12049729,0,0,2,3,,,,,,,,,
12052534,2,2,7,7,,,,,,,,,
12052684,0,0,2,2,,,,,,,,,
12052535,2,2,7,7,,,,7,7,,,,
12053206,0,0,2,3,,,,,,,,,
12050318,0,0,2,3,,,,,,,,,
12053218,0,0,4,2,,,,,,,,,
12055265,2,2,6,6,,,,,,,,,
12055342,1,1,7,1,4,,,,,,,,
12055835,2,2,6,4,6,,,,,,,,
12055771,1,1,6,7,2,,,6,7,,,,
12051802,0,0,3,3,,,,,,,,,
12051702,0,0,4,0,,,,,,,,,
12054581,1,1,3,6,1,,,,,,,,
12054502,0,0,0,5,,,,,,,,,
12054557,2,2,6,6,,,,,,,,,
12054583,0,0,1,3,,,,,,,,,
12056538,0,0,3,2,,,,,,,,,
12056525,0,0,1,6,,,,,3,,,,
12051970,0,0,6,4,,,,3,,,,,
12054479,0,0,3,5,,,,,,,,,
12054311,2,2,7,5,6,,,8,,,,,
12054437,1,1,1,6,3,,,,,,,,
12054690,0,0,1,3,,,,,,,,,
12056394,1,1,6,2,4,,,,,,,,
12056307,0,0,0,6,,,,,6,,,,
12049566,1,1,2,6,3,,,,,,,,
12052448,2,2,6,6,,,,,,,,,
12052556,1,1,5,6,2,,,,,,,,
12052418,2,2,7,6,,,,7,,,,,
12052259,2,2,1,7,6,,,,7,,,,
12052550,2,2,6,6,,,,,,,,,
12052498,2,2,7,7,,,,,,,,,
12052254,2,2,1,6,6,,,,,,,,
12054970,1,1,6,5,,,,,,,,,
12055042,0,0,4,5,,,,,,,,,
12055041,1,1,6,1,,,,,,,,,
12054752,1,1,7,0,,,,,,,,,
12058879,0,0,3,0,,,,,,,,,
12058854,2,2,6,6,,,,,,,,,
12058867,0,0,1,2,,,,,,,,,
12058882,2,2,6,6,,,,,,,,,
12058853,2,2,6,6,,,,,,,,,
12058863,1,1,6,2,7,,,,,,,,
12058872,2,2,6,6,,,,,,,,,
12058869,2,2,6,6,,,,,,,,,
12058883,0,0,6,3,,,,,,,,,
12058868,2,2,6,6,,,,,,,,,
12058878,1,1,7,2,5,,,,,,,,
12058862,2,2,6,6,,,,,,,,,
12058875,0,0,1,3,,,,,,,,,
12058861,0,0,3,1,,,,,,,,,
12058857,0,0,3,5,,,,,,,,,
12058870,0,0,4,0,,,,,,,,,
12058880,0,0,2,2,,,,,,,,,
12058856,1,1,7,0,4,,,,,,,,
12058881,1,1,7,4,9,,,,,,,,
12058860,0,0,1,0,,,,,,,,,
12059127,2,2,6,4,6,,,,,,,,
12059129,1,1,6,4,5,,,,,,,,
12059126,0,0,3,6,,,,,7,,,,
12059124,2,2,6,6,,,,,,,,,
12059132,2,2,7,6,,,,,,,,,
12058791,2,2,6,6,,,,,,,,,
12058795,2,2,6,6,,,,,,,,,
12058776,2,2,6,6,10,,,,,,,,
12058786,2,2,6,6,,,,,,,,,
12058785,2,2,6,6,,,,,,,,,
12058774,2,2,6,6,,,,,,,,,
12058752,2,2,6,6,,,,,,,,,
12058780,2,2,6,6,,,,,,,,,
12058764,2,2,6,6,,,,,,,,,
12058760,2,2,6,6,,,,,,,,,
12058755,2,2,6,6,,,,,,,,,
12058758,2,2,6,6,,,,,,,,,
12058756,2,2,6,6,,,,,,,,,
12058757,2,2,6,6,,,,,,,,,
12058766,2,2,6,6,,,,,,,,,
12058777,2,2,6,6,,,,,,,,,
12058771,0,0,0,0,,,,,,,,,
12058784,,,,,,,,,,,,,
12058747,0,0,1,4,,,,,,,,,
12058754,0,0,1,0,,,,,,,,,
12058793,0,0,2,1,,,,,,,,,
12058919,2,2,6,6,,,,,,,,,
12058945,2,2,6,6,,,,,,,,,
12058935,0,0,5,4,,,,,,,,,
12058920,2,2,6,6,,,,,,,,,
12058921,0,0,0,2,,,,,,,,,
12058943,2,2,7,4,10,,,,,,,,
12058931,0,0,3,2,,,,,,,,,
12058942,0,0,1,3,,,,,,,,,
12058944,0,0,0,4,,,,,,,,,
12058934,0,0,3,0,,,,,,,,,
12058941,2,2,7,4,10,,,,,,,,
12058928,0,0,2,3,,,,,,,,,
12058937,2,2,6,6,,,,,,,,,
12058926,2,2,6,6,,,,,,,,,
12058939,0,0,0,0,,,,,,,,,
12058929,0,0,1,0,,,,,,,,,
12058917,2,2,3,6,10,,,,,,,,
12058936,2,2,6,6,,,,,,,,,
12058922,2,2,7,6,,,,,,,,,
12058930,2,2,6,6,,,,,,,,,
12058927,2,2,7,6,,,,,,,,,
12058924,1,1,2,7,7,,,,,,,,
12058915,2,2,7,6,,,,,,,,,
12058940,,,,,,,,,,,,,
12060176,0,0,4,0,,,,,,,,,
12058938,2,2,6,6,,,,,,,,,
12058933,2,2,6,7,,,,,,,,,
12058932,0,0,5,2,,,,,,,,,
12058916,2,2,6,7,,,,,,,,,
12058914,1,1,3,6,5,,,,,,,,
12058925,2,2,2,7,10,,,,,,,,
12058923,2,2,6,6,,,,,,,,,
12058918,2,2,6,6,13,,,,,,,,
12059167,,,,,,,,,,,,,
12059166,,,,,,,,,,,,,
12059168,0,0,4,3,,,,,,,,,
12059189,,,,,,,,,,,,,
12059199,2,2,3,6,10,,,,,,,,
12059163,,,,,,,,,,,,,
12059191,2,2,6,6,,,,,,,,,
12059195,,,,,,,,,,,,,
12059190,,,,,,,,,,,,,
12059170,1,1,5,6,10,,,,,,,,
12059196,0,0,4,6,,,,,,,,,
12059185,,,,,,,,,,,,,
12059511,2,2,6,7,,,,,,,,,
12059498,0,0,1,0,,,,,,,,,
12059504,0,0,2,2,,,,,,,,,
12059505,2,2,6,7,,,,,7,,,,
12059502,,,,,,,,,,,,,
12059501,,,,,,,,,,,,,
12061339,0,0,1,1,,,,,,,,,
12059503,2,2,7,3,7,,,8,,8,,,
12059111,0,0,4,,,,,,,,,,
12059115,0,0,0,4,,,,,,,,,
12059117,2,2,6,7,,,,,7,,,,
12059116,0,0,4,2,,,,,,,,,
12059112,0,0,0,0,,,,,,,,,
12059120,2,2,4,6,6,,,,,,,,
12059108,1,1,2,7,0,,,,8,,,,
12059109,2,2,7,6,,,,,,,,,
12060788,2,2,6,2,6,,,,,,,,
12059119,,,,,,,,,,,,,
12059110,0,0,3,4,,,,,,,,,
12058835,2,2,6,6,,,,,,,,,
12058838,2,2,6,6,,,,,,,,,
12058844,0,0,2,3,,,,,,,,,
12058845,0,0,3,1,,,,,,,,,
12058833,2,2,6,6,,,,,,,,,
12058842,2,2,6,6,,,,,,,,,
12058834,2,2,6,6,,,,,,,,,
12058830,0,0,1,0,,,,,,,,,
12058839,2,2,6,2,10,,,,,,,,
12058843,2,2,6,6,,,,,,,,,
12058841,0,0,6,2,,,,,,,,,
12058837,2,2,6,6,,,,,,,,,
12058840,2,2,7,6,,,,,,,,,
12058832,2,2,6,6,,,,,,,,,
12058831,,,,,,,,,,,,,
12058836,2,2,6,6,,,,,,,,,
12055042,0,0,4,5,,,,,,,,,
12055041,1,1,6,1,,,,,,,,,
12054752,1,1,7,0,,,,,,,,,
12056830,2,2,6,6,,,,,,,,,
12056757,2,2,6,6,,,,,,,,,
12058745,2,2,6,6,,,,,,,,,
12058762,2,2,6,6,,,,,,,,,
12058769,,,,,,,,,,,,,
12060682,0,0,0,0,,,,,,,,,
12058749,2,2,3,6,10,,,,,,,,
12058767,2,2,6,1,10,,,,,,,,
12058761,2,2,6,7,,,,,,,,,
12058796,2,2,6,6,,,,,,,,,
12058751,1,1,6,4,3,,,,,,,,
12058770,2,2,7,6,,,,,,,,,
12058763,2,2,5,7,12,,,,,,,,
12058779,1,1,6,6,0,,,,,,,,
12058778,2,2,6,6,,,,,,,,,
12058789,1,1,6,7,7,,,,,,,,
12058773,0,0,2,2,,,,,,,,,
12058787,2,2,6,6,,,,,,,,,
12058753,2,2,6,6,,,,,,,,,
12058775,0,0,4,2,,,,,,,,,
12058792,2,2,6,6,,,,,,,,,
12058768,0,0,1,0,,,,,,,,,
12058759,0,0,4,4,,,,,,,,,
12058772,2,2,6,6,,,,,,,,,
12058797,2,2,6,6,,,,,,,,,
12058794,0,0,2,6,,,,,,,,,
12058783,0,0,1,0,,,,,,,,,
12058782,0,0,1,3,,,,,,,,,
12058765,0,0,0,0,,,,,,,,,
12058790,1,1,4,7,5,,,,,,,,
12058750,2,2,6,7,,,,,,,,,
12058781,2,2,6,6,,,,,,,,,
12058748,2,2,3,6,10,,,,,,,,
12058788,0,0,4,5,,,,,,,,,
12058746,2,2,6,6,10,,,,,,,,
12059088,2,2,6,6,,,,,,,,,
12059091,2,2,6,6,10,,,,,,,,
12059096,0,0,3,3,,,,,,,,,
12059094,0,0,2,3,,,,,,,,,
12059076,0,0,3,4,,,,,,,,,
12059083,0,0,1,6,,,,,,,,,
12059090,0,0,1,1,,,,,,,,,
12059084,0,0,4,2,,,,,,,,,
12059081,0,0,1,1,,,,,,,,,
12059097,2,2,6,6,,,,,,,,,
12059080,2,2,6,6,,,,,,,,,
12059086,2,2,6,6,,,,,,,,,
12059093,0,0,5,1,,,,,,,,,
12059073,1,1,2,6,7,,,,,,,,
12059071,0,0,2,2,,,,,,,,,
12059079,0,0,4,1,,,,,,,,,
12059070,2,2,6,6,,,,,,,,,
12059082,1,1,4,6,4,,,,,,,,
12059095,0,0,0,2,,,,,,,,,
12059077,0,0,3,1,,,,,,,,,
12059074,2,2,6,7,,,,,,,,,
12059085,1,1,0,6,4,,,,,,,,
12059068,2,2,6,6,,,,,,,,,
12059092,0,0,5,0,,,,,,,,,
12059078,2,2,6,6,,,,,,,,,
12059087,2,2,6,6,,,,,,,,,
12059066,0,0,4,3,,,,,,,,,
12059069,2,2,6,7,,,,,,,,,
12059067,2,2,6,7,,,,,,,,,
12059072,1,1,2,7,8,,,,,,,,
12059089,2,2,6,6,,,,,,,,,
12059159,2,2,6,6,,,,,,,,,
12059169,2,2,6,4,10,,,,,,,,
12059184,2,2,6,6,,,,,,,,,
12059161,2,2,6,7,,,,,,,,,
12059178,2,2,3,6,10,,,,,,,,
12059174,,,,,,,,,,,,,
12059158,2,2,6,7,,,,,,,,,
12059173,1,1,6,4,5,,,,,,,,
12059186,1,1,6,2,5,,,,,,,,
12059201,1,1,7,1,10,,,,,,,,
12059165,0,0,2,2,,,,,,,,,
12059164,0,0,6,0,,,,,,,,,
12059200,0,0,0,0,,,,,,,,,
12059182,2,2,6,6,,,,,,,,,
12059181,1,1,2,6,3,,,,,,,,
12059187,2,2,3,6,10,,,,,,,,
12059180,0,0,2,1,,,,,,,,,
12059192,0,0,3,5,,,,,,,,,
12059175,0,0,3,2,,,,,,,,,
12059198,2,2,6,6,,,,,,,,,
12059188,0,0,2,0,,,,,,,,,
12059204,2,2,6,6,,,,,,,,,
12059197,1,1,1,6,3,,,,,,,,
12059172,,,,,,,,,,,,,
12059202,2,2,6,6,,,,,,,,,
12059160,2,2,6,6,,,,,,,,,
12059179,0,0,0,0,,,,,,,,,
12059203,2,2,6,6,,,,,,,,,
12059162,2,2,6,6,,,,,,,,,
12059177,0,0,2,4,,,,,,,,,
12059193,0,0,2,3,,,,,,,,,
12059176,1,1,7,3,6,,,,,,,,
12058908,0,0,1,2,,,,,,,,,
12058897,2,2,6,6,,,,,,,,,
12058895,2,2,6,6,,,,,,,,,
12058900,2,2,6,6,,,,,,,,,
12058899,2,2,6,4,10,,,,,,,,
12058905,2,2,7,6,,,,,,,,,
12058907,0,0,3,2,,,,,,,,,
12058904,0,0,1,4,,,,,,,,,
12058901,2,2,7,6,,,,,,,,,
12058902,2,2,3,6,10,,,,,,,,
12058896,1,1,3,6,9,,,,,,,,
12058898,,,,,,,,,,,,,
12060163,0,0,4,4,,,,,,,,,
12058894,0,0,4,4,,,,,,,,,
12058909,2,2,6,6,,,,,,,,,
12058903,2,2,2,7,13,,,,7,,,,
12058906,2,2,6,2,10,,,,,,,,
12060754,1,1,4,6,6,,,,,,,,
12060517,2,2,6,6,,,,,,,,,
12060755,2,2,2,6,10,,,,,,,,
12060681,0,0,4,6,,,,,3,,,,
12060680,0,0,0,3,,,,,,,,,
12058877,0,0,1,4,,,,,,,,,
12058876,0,0,4,3,,,,,,,,,
12058852,2,2,6,2,10,,,,,,,,
12058865,0,0,0,1,,,,,,,,,
12058859,1,1,7,2,7,,,,,,,,
12058873,0,0,0,2,,,,,,,,,
12058858,2,2,6,6,,,,,,,,,
12059226,2,2,6,6,,,,,,,,,
12059218,2,2,7,6,,,,,,,,,
12059224,2,2,7,7,,,,,,,,,
12018720,2,2,6,6,,,,,,,,,
12018725,2,2,6,7,,,,,7,,,,
12018724,0,0,5,4,,,,,,,,,
12018729,1,1,7,6,2,,,,6,,,,
12053865,1,1,6,2,6,,,,,6,,,
12054313,1,1,0,6,1,,,,,,,,
12054355,1,1,6,4,4,,,,,,,,
12054420,1,1,5,6,2,,,,,,,,
12058095,0,0,3,4,,,,,,,,,
12058236,2,2,6,6,,,,,,,,,
12058407,2,2,6,6,,,,,,,,,
12054651,1,1,7,3,4,,,8,,,,,
12054552,2,2,6,6,,,,,,,,,
12056494,2,2,7,0,6,,,7,,,,,
12056615,2,2,6,6,,,,,,,,,
12058489,1,1,3,6,3,,,,,,,,
12056390,2,2,6,1,7,,,,,,,,
12056577,2,2,7,6,,,,,,,,,
12058408,2,2,6,7,,,,,,,,,
12056393,2,2,6,6,7,,,5,,7,,,
12056498,2,2,1,6,6,,,,,,,,
12058576,0,0,1,3,,,,,,,,,
12058377,0,0,2,2,,,,,,,,,
12058360,1,1,6,5,8,,,,,,,,
12058375,0,0,0,4,,,,,,,,,
12058365,0,0,5,1,,,,,,,,,
12058369,2,2,6,7,,,,,7,,,,
12058355,2,2,6,6,,,,,,,,,
12058358,0,0,1,2,,,,,,,,,
12058354,2,2,6,6,,,,,,,,,
12058367,2,2,6,7,,,,,7,,,,
12058357,2,2,6,6,,,,,,,,,
12058364,2,2,6,6,,,,,,,,,
12058374,0,0,5,2,,,,,,,,,
12058378,2,2,6,6,,,,,,,,,
12058359,2,2,7,6,,,,7,,,,,
12058363,1,1,6,6,8,,,1,,,,,
12058353,2,2,6,7,,,,,,,,,
12054762,2,2,1,6,6,,,,,,,,
12055232,1,1,6,2,2,,,,,,,,
12054845,2,2,6,6,7,,,4,,,,,
12055123,2,2,6,6,,,,,,,,,
12056823,1,1,4,6,4,,,,,,,,
12056892,0,0,3,4,,,,,,,,,
12059125,1,1,4,6,5,,,,,,,,
12056235,0,0,3,1,,,,,,,,,
12056239,0,0,3,6,,,,,5,,,,
12058257,0,0,3,3,,,,,,,,,
12055215,0,0,3,2,,,,,,,,,
12054861,2,2,6,6,,,,,,,,,
12055119,2,2,2,6,7,,,,,,,,
12054931,2,2,6,7,6,,,9,,,,,
12056888,2,2,6,6,,,,,,,,,
12056824,0,0,5,3,,,,,,,,,
12054403,2,2,6,4,6,,,,,,,,
12054312,2,2,7,6,,,,9,,,,,
12053932,0,0,5,3,,,,,,,,,
12054269,1,1,6,,,,,,,,,,
12058097,1,1,6,4,3,,,,,,,,
12058286,0,0,3,6,,,,,4,,,,
12058493,1,1,6,3,1,,,,,,,,
12055836,0,0,3,4,,,,,,,,,
12055783,2,2,3,6,6,,,,,,,,
12057509,2,2,1,6,7,,,,,,,,
12056503,0,0,3,6,,,,,6,,,,
12054632,2,2,6,6,,,,,,,,,
12054770,0,0,4,0,,,,,,,,,
12054601,2,2,7,6,,,,,,,,,
12055122,1,1,6,5,3,,,,,,,,
12056915,1,1,2,6,6,,,,,5,,,
12056829,0,0,3,2,,,,,,,,,
12055265,2,2,6,6,,,,,,,,,
12055342,1,1,7,1,4,,,,,,,,
12055835,2,2,6,4,6,,,,,,,,
12055771,1,1,6,7,2,,,6,7,,,,
12057053,2,2,6,6,,,,,,,,,
12057579,2,2,6,5,7,,,,,7,,,
12054583,0,0,1,3,,,,,,,,,
12056538,0,0,3,2,,,,,,,,,
12056525,0,0,1,6,,,,,3,,,,
12058409,0,0,1,3,,,,,,,,,
12058352,2,2,6,6,,,,,,,,,
12058371,0,0,2,5,,,,,,,,,
12058350,1,1,6,3,10,,,,,,,,
12058356,2,2,6,6,,,,,,,,,
12058348,0,0,1,4,,,,,,,,,
12058351,2,2,6,6,,,,,,,,,
12059494,0,0,0,0,,,,,,,,,
12058379,,,,,,,,,,,,,
12058361,0,0,4,2,,,,,,,,,
12058368,2,2,7,6,,,,7,,,,,
12058362,2,2,3,6,10,,,,,,,,
12058376,2,2,3,6,10,,,,,,,,
12058349,0,0,2,1,,,,,,,,,
12058370,0,0,5,1,,,,,,,,,
12059493,2,2,6,6,,,,,,,,,
12058373,,,,,,,,,,,,,
12058372,1,1,6,4,12,,,,,,,,
12058366,2,2,6,6,,,,,,,,,
12056394,1,1,6,2,4,,,,,,,,
12056307,0,0,0,6,,,,,6,,,,
12058311,0,0,3,4,,,,,,,,,
12054970,1,1,6,5,,,,,,,,,
12018671,0,0,3,4,,,,,,,,,
12018675,0,0,2,0,,,,,,,,,
12018678,1,1,3,6,6,,,,,2,,,
12018673,1,1,0,6,2,,,,,,,,
12018674,0,0,1,4,,,,,,,,,
12018698,0,0,3,2,,,,,,,,,
12018701,0,0,3,5,,,,,,,,,
12018697,2,2,3,7,7,,,,8,7,,,
12018703,0,0,2,0,,,,,,,,,
12018704,1,1,3,6,4,,,,,,,,
12018702,2,2,6,6,,,,,,,,,
12056840,2,2,6,7,,,,,7,,,,
12056841,0,0,3,4,,,,,,,,,
12056846,0,0,3,3,,,,,,,,,
12056847,0,0,5,4,,,,,,,,,
12056844,2,2,6,6,,,,,,,,,
12056845,0,0,4,2,,,,,,,,,
12056848,,,,,,,,,,,,,
12056849,1,1,3,6,3,,,,,,,,
12058235,0,0,4,5,,,,,,,,,
12058629,0,0,3,5,,,,,,,,,
12058630,2,2,6,6,,,,,,,,,
12058631,2,2,7,6,,,,10,,,,,
12058950,2,2,6,6,6,,,6,,,,,
12057501,0,0,3,4,,,,,,,,,
12057505,0,0,3,6,,,,,6,,,,
12057504,2,2,5,6,6,,,,,,,,
12057507,2,2,6,6,,,,,,,,,
12057508,,,,,,,,,,,,,
12059044,2,2,6,7,,,,,7,,,,
12057502,2,2,4,6,6,,,,,,,,
12057506,2,2,6,6,,,,,,,,,
12057503,2,2,6,7,,,,,7,,,,
12057493,0,0,4,2,,,,,,,,,
12057492,2,2,7,6,7,,,7,4,7,,,
12057498,0,0,4,4,,,,,,,,,
12057497,,,,,,,,,,,,,
12057495,2,2,6,6,,,,,,,,,
12057496,,,,,,,,,,,,,
12058947,0,0,3,4,,,,,,,,,
12059294,2,2,6,6,,,,,,,,,
12054738,2,2,6,6,,,,,,,,,
12054739,2,2,7,6,,,,,,,,,
12054740,2,2,4,6,6,,,,,,,,
12054728,0,0,4,0,,,,,,,,,
12054731,,,,,,,,,,,,,
12054736,2,2,7,6,,,,7,,,,,
12054737,,,,,,,,,,,,,
12056233,0,0,2,6,,,,,3,,,,
12056563,2,2,6,6,,,,,,,,,
12054733,0,0,6,4,,,,11,,,,,
12054735,2,2,7,6,7,,,,6,7,,,
12056234,0,0,4,2,,,,,,,,,
12056746,1,1,4,6,3,,,,,,,,
12056624,0,0,2,2,,,,,,,,,
12056521,2,2,6,6,,,,,,,,,
12056522,2,2,6,6,,,,,,,,,
12056784,2,2,6,7,,,,,7,,,,
12056796,2,2,4,6,6,,,,,,,,
12056893,2,2,6,6,,,,,,,,,
12056747,2,2,6,7,,,,,7,,,,
12018587,0,0,4,4,,,,,,,,,
12018576,0,0,2,1,,,,,,,,,
12018586,0,0,2,6,,,,,4,,,,
12018620,1,1,4,6,0,,,,,,,,
12018627,2,2,6,6,,,,,,,,,
12018633,1,1,4,6,6,,,,,6,,,
12018632,2,2,6,6,,,,,,,,,
12018643,2,2,6,6,,,,,,,,,
12018647,2,2,6,6,,,,,,,,,
12018645,2,2,7,6,,,,10,,,,,
12018657,2,2,6,7,,,,,7,,,,
12018650,2,2,7,6,,,,7,,,,,
12058642,2,2,6,6,,,,,,,,,
12058661,,,,,,,,,,,,,
12058659,0,0,3,1,,,,,,,,,
12058701,2,2,3,6,6,,,,,,,,
12058612,1,1,6,7,6,,,3,,9,,,
12058610,2,2,6,6,,,,,,,,,
12058608,2,2,6,6,,,,,,,,,
12058609,2,2,6,6,,,,,,,,,
12058613,2,2,4,7,6,,,,,,,,
12058611,2,2,6,6,,,,,,,,,
12058615,,,,,,,,,,,,,
12059940,2,2,7,2,6,,,,,,,,
12058616,0,0,4,3,,,,,,,,,
12058620,2,2,6,6,,,,,,,,,
12058627,2,2,6,6,,,,,,,,,
12058628,0,0,3,4,,,,,,,,,
12058625,1,1,6,4,6,,,,,6,,,
12058960,2,2,4,6,6,,,,,,,,
12058984,0,0,1,2,,,,,,,,,
12058982,1,1,6,5,1,,,,,,,,
12058961,0,0,1,2,,,,,,,,,
12058983,2,2,6,6,,,,,,,,,
12058973,0,0,3,2,,,,,,,,,
12058981,0,0,5,1,,,,,,,,,
12058972,0,0,6,6,,,,7,2,,,,
12059210,1,1,6,5,3,,,,,,,,
12059221,2,2,6,6,,,,,,,,,
12059228,0,0,6,6,,,,1,6,,,,
12059223,2,2,7,6,,,,,,,,,
12017963,1,1,6,1,4,,,,,,,,
12017967,2,2,4,6,6,,,,,,,,
12017971,2,2,6,6,6,,,,5,,,,
12017970,2,2,6,6,,,,,,,,,
12017965,2,2,7,6,,,,,,,,,
12017964,2,2,7,6,,,,7,,,,,
12017974,2,2,6,6,,,,,,,,,
12017976,0,0,3,5,,,,,,,,,
12017972,1,1,1,6,3,,,,,,,,
12018504,2,2,7,6,,,,,,,,,
12018502,2,2,6,6,6,,,2,,,,,
12018505,2,2,6,6,,,,,,,,,
12018511,0,0,2,1,,,,,,,,,
12018507,2,2,6,6,,,,,,,,,
12018503,0,0,1,3,,,,,,,,,
12018533,0,0,1,4,,,,,,,,,
12018542,0,0,3,4,,,,,,,,,
12018532,2,2,6,6,,,,,,,,,
12018540,2,2,6,7,,,,,7,,,,
12018538,2,2,6,6,,,,,,,,,
12018537,2,2,6,6,7,,,3,,7,,,
12056877,2,2,6,7,,,,,,,,,
12056868,0,0,5,3,,,,,,,,,
12058885,2,2,7,6,,,,7,,,,,
12056880,2,2,7,6,,,,,,,,,
12058890,2,2,7,6,,,,,,,,,
12058889,0,0,1,1,,,,,,,,,
12061293,,,,,,,,,,,,,
12056909,,,,,,,,,,,,,
12017976,0,0,3,5,,,,,,,,,
12017972,1,1,1,6,3,,,,,,,,
12017969,2,2,6,6,,,,,,,,,
12018507,2,2,6,6,,,,,,,,,
12018503,0,0,1,3,,,,,,,,,
12018500,2,2,7,5,6,,,7,,,,,
12018538,2,2,6,6,,,,,,,,,
12018537,2,2,6,6,7,,,3,,7,,,
12018539,0,0,4,3,,,,,,,,,
12056877,2,2,6,7,,,,,,,,,
12056868,0,0,5,3,,,,,,,,,
12058885,2,2,7,6,,,,7,,,,,
12056880,2,2,7,6,,,,,,,,,
12058890,2,2,7,6,,,,,,,,,
12058889,0,0,1,1,,,,,,,,,
12058884,0,0,6,4,,,,2,,,,,
12056865,0,0,3,2,,,,,,,,,
12056876,2,2,6,6,,,,,,,,,
12056874,0,0,0,,,,,,,,,,
12056867,,,,,,,,,,,,,
12056875,,,,,,,,,,,,,
12058851,1,1,6,4,4,,,,,,,,
12056873,,,,,,,,,,,,,
12056871,,,,,,,,,,,,,
12058888,,,,,,,,,,,,,
12056869,,,,,,,,,,,,,
12058886,,,,,,,,,,,,,
12056879,,,,,,,,,,,,,
12056878,,,,,,,,,,,,,
12056866,,,,,,,,,,,,,
12058887,,,,,,,,,,,,,
12056870,,,,,,,,,,,,,
12018673,1,1,0,6,2,,,,,,,,
12018674,0,0,1,4,,,,,,,,,
12018704,1,1,3,6,4,,,,,,,,
12018702,2,2,6,6,,,,,,,,,
12018708,2,2,6,6,,,,,,,,,
12056847,0,0,5,4,,,,,,,,,
12056844,2,2,6,6,,,,,,,,,
12056845,0,0,4,2,,,,,,,,,
12056848,,,,,,,,,,,,,
12056849,1,1,3,6,3,,,,,,,,
12058235,0,0,4,5,,,,,,,,,
12058629,0,0,3,5,,,,,,,,,
12058630,2,2,6,6,,,,,,,,,
12058631,2,2,7,6,,,,10,,,,,
12058950,2,2,6,6,6,,,6,,,,,
12057501,0,0,3,4,,,,,,,,,
12057505,0,0,3,6,,,,,6,,,,
12057504,2,2,5,6,6,,,,,,,,
12057507,2,2,6,6,,,,,,,,,
12057508,,,,,,,,,,,,,
12059044,2,2,6,7,,,,,7,,,,
12057502,2,2,4,6,6,,,,,,,,
12057506,2,2,6,6,,,,,,,,,
12057503,2,2,6,7,,,,,7,,,,
12059234,1,1,3,7,2,,,,,,,,
12059277,2,2,4,6,6,,,,,,,,
12059381,0,0,4,6,,,,,5,,,,
12059490,1,1,6,6,3,,,,3,,,,
12057493,0,0,4,2,,,,,,,,,
12057492,2,2,7,6,7,,,7,4,7,,,
12057498,0,0,4,4,,,,,,,,,
12057497,,,,,,,,,,,,,
12057495,2,2,6,6,,,,,,,,,
12057496,,,,,,,,,,,,,
12058947,0,0,3,4,,,,,,,,,
12059294,2,2,6,6,,,,,,,,,
12057500,0,0,4,3,,,,,,,,,
12057499,2,2,6,7,,,,,7,,,,
12059291,2,2,5,6,6,,,,,,,,
12059369,2,2,6,4,6,,,,,,,,
12059837,0,0,5,4,,,,,,,,,
12056893,2,2,6,6,,,,,,,,,
12056747,2,2,6,7,,,,,7,,,,
12059240,,,,,,,,,,,,,
12059846,,,,,,,,,,,,,
12059842,,,,,,,,,,,,,
12059849,,,,,,,,,,,,,
12059848,,,,,,,,,,,,,
12059845,,,,,,,,,,,,,
12018586,0,0,2,6,,,,,4,,,,
12018632,2,2,6,6,,,,,,,,,
12018657,2,2,6,7,,,,,7,,,,
12018650,2,2,7,6,,,,7,,,,,
12058642,2,2,6,6,,,,,,,,,
12058661,,,,,,,,,,,,,
12058659,0,0,3,1,,,,,,,,,
12058701,2,2,3,6,6,,,,,,,,
12058641,2,2,6,6,,,,,,,,,
12058688,1,1,6,1,,,,,,,,,
12058702,0,0,2,0,,,,,,,,,
12058689,0,0,2,,,,,,,,,,
12060110,,,,,,,,,,,,,
12058699,,,,,,,,,,,,,
12058700,,,,,,,,,,,,,
12058660,,,,,,,,,,,,,
12058696,,,,,,,,,,,,,
12060945,,,,,,,,,,,,,
12058612,1,1,6,7,6,,,3,,9,,,
12058610,2,2,6,6,,,,,,,,,
12058608,2,2,6,6,,,,,,,,,
12058609,2,2,6,6,,,,,,,,,
12058613,2,2,4,7,6,,,,,,,,
12058611,2,2,6,6,,,,,,,,,
12058615,,,,,,,,,,,,,
12059940,2,2,7,2,6,,,,,,,,
12058616,0,0,4,3,,,,,,,,,
12058620,2,2,6,6,,,,,,,,,
12058627,2,2,6,6,,,,,,,,,
12058628,0,0,3,4,,,,,,,,,
12058625,1,1,6,4,6,,,,,6,,,
12060121,2,2,6,6,,,,,,,,,
12060829,0,0,0,2,,,,,,,,,
12059941,2,2,6,6,,,,,,,,,
12060888,0,0,4,2,,,,,,,,,
12061323,1,1,5,6,2,,,,,,,,
12060830,0,0,4,3,,,,,,,,,
12058960,2,2,4,6,6,,,,,,,,
12058984,0,0,1,2,,,,,,,,,
12058982,1,1,6,5,1,,,,,,,,
12058961,0,0,1,2,,,,,,,,,
12058983,2,2,6,6,,,,,,,,,
12058973,0,0,3,2,,,,,,,,,
12058981,0,0,5,1,,,,,,,,,
12058972,0,0,6,6,,,,7,2,,,,
12058997,1,1,7,5,4,,,,,,,,
12058974,1,1,6,5,6,,,,,5,,,
12058995,2,2,6,7,,,,,,,,,
12058971,0,0,1,6,,,,,2,,,,
12060937,,,,,,,,,,,,,
12060936,,,,,,,,,,,,,
12061535,,,,,,,,,,,,,
12061092,,,,,,,,,,,,,
12061919,,,,,,,,,,,,,
12061710,,,,,,,,,,,,,
12059210,1,1,6,5,3,,,,,,,,
12059221,2,2,6,6,,,,,,,,,
12059228,0,0,6,6,,,,1,6,,,,
12059223,2,2,7,6,,,,,,,,,
12059226,2,2,6,6,,,,,,,,,
12059218,2,2,7,6,,,,,,,,,
12059224,2,2,7,7,,,,,,,,,
12059219,2,2,4,6,6,,,,,,,,
12059227,2,2,4,6,6,,,,,,,,
12059222,2,2,6,3,6,,,,,,,,
12059217,0,0,2,3,,,,,,,,,
12059225,2,2,6,6,,,,,,,,,
12060938,,,,,,,,,,,,,
12061375,,,,,,,,,,,,,
12061044,,,,,,,,,,,,,
12061540,,,,,,,,,,,,,
12061539,,,,,,,,,,,,,
12061541,,,,,,,,,,,,,
12018729,1,1,7,6,2,,,,6,,,,
12058407,2,2,6,6,,,,,,,,,
12056494,2,2,7,0,6,,,7,,,,,
12056615,2,2,6,6,,,,,,,,,
12058489,1,1,3,6,3,,,,,,,,
12058408,2,2,6,7,,,,,,,,,
12058576,0,0,1,3,,,,,,,,,
12058377,0,0,2,2,,,,,,,,,
12058360,1,1,6,5,8,,,,,,,,
12058375,0,0,0,4,,,,,,,,,
12058365,0,0,5,1,,,,,,,,,
12058369,2,2,6,7,,,,,7,,,,
12058355,2,2,6,6,,,,,,,,,
12058358,0,0,1,2,,,,,,,,,
12058354,2,2,6,6,,,,,,,,,
12058367,2,2,6,7,,,,,7,,,,
12058357,2,2,6,6,,,,,,,,,
12058364,2,2,6,6,,,,,,,,,
12058374,0,0,5,2,,,,,,,,,
12058378,2,2,6,6,,,,,,,,,
12058359,2,2,7,6,,,,7,,,,,
12058363,1,1,6,6,8,,,1,,,,,
12058353,2,2,6,7,,,,,,,,,
12060700,0,0,2,1,,,,,,,,,
12060701,2,2,2,7,10,,,,,,,,
12060688,2,2,6,6,,,,,,,,,
12060702,2,2,7,6,,,,,,,,,
12060692,1,1,6,3,,,,,,,,,
12060694,0,0,3,,,,,,,,,,
12060690,0,0,2,,,,,,,,,,
12060687,,,,,,,,,,,,,
12056823,1,1,4,6,4,,,,,,,,
12056892,0,0,3,4,,,,,,,,,
12059125,1,1,4,6,5,,,,,,,,
12058257,0,0,3,3,,,,,,,,,
12056888,2,2,6,6,,,,,,,,,
12056824,0,0,5,3,,,,,,,,,
12058828,2,2,7,6,,,,,,,,,
12059134,2,2,7,6,,,,,,,,,
12059137,,,,,,,,,,,,,
12059136,1,1,6,2,3,,,,,,,,
12059141,2,2,6,6,,,,,,,,,
12059142,,,,,,,,,,,,,
12059145,,,,,,,,,,,,,
12059146,,,,,,,,,,,,,
12059147,,,,,,,,,,,,,
12059140,,,,,,,,,,,,,
12059135,,,,,,,,,,,,,
12061927,,,,,,,,,,,,,
12059144,,,,,,,,,,,,,
12059148,,,,,,,,,,,,,
12061928,,,,,,,,,,,,,
12059133,,,,,,,,,,,,,
12059138,,,,,,,,,,,,,
12061926,,,,,,,,,,,,,
12061925,,,,,,,,,,,,,
12059139,,,,,,,,,,,,,
12059143,,,,,,,,,,,,,
12058286,0,0,3,6,,,,,4,,,,
12058493,1,1,6,3,1,,,,,,,,
12057509,2,2,1,6,7,,,,,,,,
12056915,1,1,2,6,6,,,,,5,,,
12056829,0,0,3,2,,,,,,,,,
12058946,2,2,6,4,6,,,,,,,,
12057053,2,2,6,6,,,,,,,,,
12057579,2,2,6,5,7,,,,,7,,,
12059475,2,2,6,6,,,,,,,,,
12058409,0,0,1,3,,,,,,,,,
12058352,2,2,6,6,,,,,,,,,
12058371,0,0,2,5,,,,,,,,,
12058350,1,1,6,3,10,,,,,,,,
12058356,2,2,6,6,,,,,,,,,
12058348,0,0,1,4,,,,,,,,,
12058351,2,2,6,6,,,,,,,,,
12059494,0,0,0,0,,,,,,,,,
12058379,,,,,,,,,,,,,
12058361,0,0,4,2,,,,,,,,,
12058368,2,2,7,6,,,,7,,,,,
12058362,2,2,3,6,10,,,,,,,,
12058376,2,2,3,6,10,,,,,,,,
12058349,0,0,2,1,,,,,,,,,
12058370,0,0,5,1,,,,,,,,,
12059493,2,2,6,6,,,,,,,,,
12058373,,,,,,,,,,,,,
12058372,1,1,6,4,12,,,,,,,,
12058366,2,2,6,6,,,,,,,,,
12060698,0,0,3,3,,,,,,,,,
12060697,2,2,6,6,,,,,,,,,
12060689,0,0,6,2,,,,2,,,,,
12060696,0,0,0,0,,,,,,,,,
12060693,0,0,5,5,,,,,,,,,
12060695,1,1,2,6,5,,,,,,,,
12060691,0,0,2,0,,,,,,,,,
12060699,2,2,6,6,,,,,,,,,
12058311,0,0,3,4,,,,,,,,,
12056830,2,2,6,6,,,,,,,,,
12056757,2,2,6,6,,,,,,,,,
12058910,1,1,4,6,3,,,,,,,,
12058745,2,2,6,6,,,,,,,,,
12058762,2,2,6,6,,,,,,,,,
12058769,,,,,,,,,,,,,
12060682,0,0,0,0,,,,,,,,,
12058749,2,2,3,6,10,,,,,,,,
12058767,2,2,6,1,10,,,,,,,,
12058761,2,2,6,7,,,,,,,,,
12058796,2,2,6,6,,,,,,,,,
12058751,1,1,6,4,3,,,,,,,,
12058770,2,2,7,6,,,,,,,,,
12058763,2,2,5,7,12,,,,,,,,
12058779,1,1,6,6,0,,,,,,,,
12058778,2,2,6,6,,,,,,,,,
12058789,1,1,6,7,7,,,,,,,,
12058773,0,0,2,2,,,,,,,,,
12058787,2,2,6,6,,,,,,,,,
12058753,2,2,6,6,,,,,,,,,
12058775,0,0,4,2,,,,,,,,,
12058792,2,2,6,6,,,,,,,,,
12058768,0,0,1,0,,,,,,,,,
12058759,0,0,4,4,,,,,,,,,
12058772,2,2,6,6,,,,,,,,,
12058797,2,2,6,6,,,,,,,,,
12058794,0,0,2,6,,,,,,,,,
12058783,0,0,1,0,,,,,,,,,
12058782,0,0,1,3,,,,,,,,,
12058765,0,0,0,0,,,,,,,,,
12058790,1,1,4,7,5,,,,,,,,
12058750,2,2,6,7,,,,,,,,,
12058781,2,2,6,6,,,,,,,,,
12058748,2,2,3,6,10,,,,,,,,
12058788,0,0,4,5,,,,,,,,,
12058746,2,2,6,6,10,,,,,,,,
12061011,0,0,5,5,,,,,,,,,
12061025,0,0,2,0,,,,,,,,,
12061037,0,0,6,0,,,,4,,,,,
12061021,2,2,6,6,,,,,,,,,
12061031,2,2,6,6,,,,,,,,,
12061023,,,,,,,,,,,,,
12061013,,,,,,,,,,,,,
12061036,,,,,,,,,,,,,
12061029,,,,,,,,,,,,,
12061012,,,,,,,,,,,,,
12061028,0,0,1,,,,,,,,,,
12061035,,,,,,,,,,,,,
12061016,,,,,,,,,,,,,
12061038,,,,,,,,,,,,,
12061009,,,,,,,,,,,,,
12061033,,,,,,,,,,,,,
12059088,2,2,6,6,,,,,,,,,
12059091,2,2,6,6,10,,,,,,,,
12059096,0,0,3,3,,,,,,,,,
12059094,0,0,2,3,,,,,,,,,
12059076,0,0,3,4,,,,,,,,,
12059083,0,0,1,6,,,,,,,,,
12059090,0,0,1,1,,,,,,,,,
12059084,0,0,4,2,,,,,,,,,
12059081,0,0,1,1,,,,,,,,,
12059097,2,2,6,6,,,,,,,,,
12059080,2,2,6,6,,,,,,,,,
12059086,2,2,6,6,,,,,,,,,
12059093,0,0,5,1,,,,,,,,,
12059073,1,1,2,6,7,,,,,,,,
12059071,0,0,2,2,,,,,,,,,
12059079,0,0,4,1,,,,,,,,,
12059070,2,2,6,6,,,,,,,,,
12059082,1,1,4,6,4,,,,,,,,
12059095,0,0,0,2,,,,,,,,,
12059077,0,0,3,1,,,,,,,,,
12059074,2,2,6,7,,,,,,,,,
12059085,1,1,0,6,4,,,,,,,,
12059068,2,2,6,6,,,,,,,,,
12059092,0,0,5,0,,,,,,,,,
12059078,2,2,6,6,,,,,,,,,
12059087,2,2,6,6,,,,,,,,,
12059066,0,0,4,3,,,,,,,,,
12059069,2,2,6,7,,,,,,,,,
12059067,,,,,,,,,,,,,
12059072,,,,,,,,,,,,,
12059089,2,2,6,6,,,,,,,,,
12059075,0,0,2,2,,,,,,,,,
12061458,,,,,,,,,,,,,
12061465,,,,,,,,,,,,,
12061461,,,,,,,,,,,,,
12061467,,,,,,,,,,,,,
12061476,,,,,,,,,,,,,
12061455,,,,,,,,,,,,,
12061450,,,,,,,,,,,,,
12061470,,,,,,,,,,,,,
12061471,,,,,,,,,,,,,
12061453,,,,,,,,,,,,,
12061475,,,,,,,,,,,,,
12061454,,,,,,,,,,,,,
12061463,,,,,,,,,,,,,
12061449,,,,,,,,,,,,,
12059159,2,2,6,6,,,,,,,,,
12059169,2,2,6,4,10,,,,,,,,
12059184,2,2,6,6,,,,,,,,,
12059161,2,2,6,7,,,,,,,,,
12059178,2,2,3,6,10,,,,,,,,
12059174,,,,,,,,,,,,,
12059158,2,2,6,7,,,,,,,,,
12059173,1,1,6,4,5,,,,,,,,
12059186,1,1,6,2,5,,,,,,,,
12059201,1,1,7,1,10,,,,,,,,
12059165,0,0,2,2,,,,,,,,,
12059164,0,0,6,0,,,,,,,,,
12059200,0,0,0,0,,,,,,,,,
12059182,2,2,6,6,,,,,,,,,
12059181,1,1,2,6,3,,,,,,,,
12059187,2,2,3,6,10,,,,,,,,
12059180,0,0,2,1,,,,,,,,,
12059192,0,0,3,5,,,,,,,,,
12059175,0,0,3,2,,,,,,,,,
12059198,2,2,6,6,,,,,,,,,
12059188,0,0,2,0,,,,,,,,,
12059204,2,2,6,6,,,,,,,,,
12059197,1,1,1,6,3,,,,,,,,
12059172,,,,,,,,,,,,,
12059202,2,2,6,6,,,,,,,,,
12059160,2,2,6,6,,,,,,,,,
12059179,0,0,0,0,,,,,,,,,
12059203,2,2,6,6,,,,,,,,,
12059162,2,2,6,6,,,,,,,,,
12059177,0,0,2,4,,,,,,,,,
12059193,0,0,2,3,,,,,,,,,
12059176,1,1,7,3,6,,,,,,,,
12061566,,,,,,,,,,,,,
12061575,,,,,,,,,,,,,
12061568,,,,,,,,,,,,,
12061576,,,,,,,,,,,,,
12061571,,,,,,,,,,,,,
12061578,,,,,,,,,,,,,
12061565,,,,,,,,,,,,,
12061577,,,,,,,,,,,,,
12061569,,,,,,,,,,,,,
12061562,,,,,,,,,,,,,
12061579,,,,,,,,,,,,,
12061573,,,,,,,,,,,,,
12061563,,,,,,,,,,,,,
12061567,,,,,,,,,,,,,
12061560,,,,,,,,,,,,,
12061580,,,,,,,,,,,,,
12058908,0,0,1,2,,,,,,,,,
12058897,2,2,6,6,,,,,,,,,
12058895,2,2,6,6,,,,,,,,,
12058900,2,2,6,6,,,,,,,,,
12058899,2,2,6,4,10,,,,,,,,
12058905,2,2,7,6,,,,,,,,,
12058907,0,0,3,2,,,,,,,,,
12058904,0,0,1,4,,,,,,,,,
12058901,2,2,7,6,,,,,,,,,
12058902,2,2,3,6,10,,,,,,,,
12058896,1,1,3,6,9,,,,,,,,
12058898,,,,,,,,,,,,,
12060163,0,0,4,4,,,,,,,,,
12058894,0,0,4,4,,,,,,,,,
12058909,2,2,6,6,,,,,,,,,
12058903,2,2,2,7,13,,,,7,,,,
12058906,2,2,6,2,10,,,,,,,,
12060754,1,1,4,6,6,,,,,,,,
12060517,2,2,6,6,,,,,,,,,
12060755,2,2,2,6,10,,,,,,,,
12060681,0,0,4,6,,,,,3,,,,
12060680,0,0,0,3,,,,,,,,,
12060869,0,0,4,3,,,,,,,,,
12060306,2,2,7,6,,,,,,,,,
12060796,,,6,0,,,,,,,,,
12060819,2,2,6,6,,,,,,,,,
12060772,1,1,1,6,4,,,,,,,,
12060932,2,2,7,6,,,,,,,,,
12061040,0,0,2,2,,,,,,,,,
12060832,0,0,1,5,,,,,,,,,
12060931,0,0,2,3,,,,,,,,,
12060934,2,2,7,7,,,,7,7,,,,
12061060,0,0,2,4,,,,,,,,,
12061350,,,,,,,,,,,,,
12061396,,,,,,,,,,,,,
12061351,,,,,,,,,,,,,
12061423,,,,,,,,,,,,,
12061637,,,,,,,,,,,,,
12061536,,,,,,,,,,,,,
12061426,,,,,,,,,,,,,
12061598,,,,,,,,,,,,,
12061956,,,,,,,,,,,,,
12061963,,,,,,,,,,,,,
12061967,,,,,,,,,,,,,
12061965,,,,,,,,,,,,,
12061966,,,,,,,,,,,,,
12061960,,,,,,,,,,,,,
12061954,,,,,,,,,,,,,
12061962,,,,,,,,,,,,,
12061959,,,,,,,,,,,,,
12061957,,,,,,,,,,,,,
12061955,,,,,,,,,,,,,
12061961,,,,,,,,,,,,,
12058877,0,0,1,4,,,,,,,,,
12058876,0,0,4,3,,,,,,,,,
12058852,2,2,6,2,10,,,,,,,,
12058865,0,0,0,1,,,,,,,,,
12058859,1,1,7,2,7,,,,,,,,
12058873,0,0,0,2,,,,,,,,,
12058858,2,2,6,6,,,,,,,,,
12058879,0,0,3,0,,,,,,,,,
12058854,2,2,6,6,,,,,,,,,
12058867,0,0,1,2,,,,,,,,,
12058882,2,2,6,6,,,,,,,,,
12058853,2,2,6,6,,,,,,,,,
12058863,1,1,6,2,7,,,,,,,,
12058872,2,2,6,6,,,,,,,,,
12058869,2,2,6,6,,,,,,,,,
12058883,0,0,6,3,,,,,,,,,
12058868,2,2,6,6,,,,,,,,,
12058878,1,1,7,2,5,,,,,,,,
12058862,2,2,6,6,,,,,,,,,
12058875,0,0,1,3,,,,,,,,,
12058861,0,0,3,1,,,,,,,,,
12058857,0,0,3,5,,,,,,,,,
12058870,0,0,4,0,,,,,,,,,
12058880,0,0,2,2,,,,,,,,,
12058856,1,1,7,0,4,,,,,,,,
12058881,1,1,7,4,9,,,,,,,,
12058860,0,0,1,0,,,,,,,,,
12058871,2,2,6,6,,,,,,,,,
12058866,1,1,6,6,4,,,,,,,,
12058874,1,1,3,6,10,,,,,,,,
12058864,2,2,6,6,,,,,,,,,
12058855,2,2,6,7,,,,,,,,,
12061810,,,,,,,,,,,,,
12061819,,,,,,,,,,,,,
12061811,,,,,,,,,,,,,
12061816,,,,,,,,,,,,,
12061808,,,,,,,,,,,,,
12061821,,,,,,,,,,,,,
12061807,,,,,,,,,,,,,
12061818,,,,,,,,,,,,,
12061809,,,,,,,,,,,,,
12061820,,,,,,,,,,,,,
12061822,,,,,,,,,,,,,
12061817,,,,,,,,,,,,,
12061814,,,,,,,,,,,,,
12061812,,,,,,,,,,,,,
12061813,,,,,,,,,,,,,
12061815,,,,,,,,,,,,,
12059127,2,2,6,4,6,,,,,,,,
12059129,1,1,6,4,5,,,,,,,,
12059126,0,0,3,6,,,,,7,,,,
12059124,2,2,6,6,,,,,,,,,
12059132,2,2,7,6,,,,,,,,,
12059131,2,2,4,7,6,,,,7,,,,
12059130,2,2,6,6,,,,,,,,,
12059128,1,1,6,6,3,,,,5,,,,
12061452,0,0,3,,,,,,,,,,
12061462,0,0,3,,,,,,,,,,
12061472,,,,,,,,,,,,,
12061474,,,,,,,,,,,,,
12061477,,,,,,,,,,,,,
12061460,,,,,,,,,,,,,
12058791,2,2,6,6,,,,,,,,,
12058795,2,2,6,6,,,,,,,,,
12058776,2,2,6,6,10,,,,,,,,
12058786,2,2,6,6,,,,,,,,,
12058785,2,2,6,6,,,,,,,,,
12058774,2,2,6,6,,,,,,,,,
12058752,2,2,6,6,,,,,,,,,
12058780,2,2,6,6,,,,,,,,,
12058764,2,2,6,6,,,,,,,,,
12058760,2,2,6,6,,,,,,,,,
12058755,2,2,6,6,,,,,,,,,
12058758,2,2,6,6,,,,,,,,,
12058756,2,2,6,6,,,,,,,,,
12058757,2,2,6,6,,,,,,,,,
12058766,2,2,6,6,,,,,,,,,
12058777,2,2,6,6,,,,,,,,,
12058771,0,0,0,0,,,,,,,,,
12058784,,,,,,,,,,,,,
12058747,0,0,1,4,,,,,,,,,
12058754,0,0,1,0,,,,,,,,,
12058793,0,0,2,1,,,,,,,,,
12061030,2,2,6,6,,,,,,,,,
12061022,2,2,6,6,,,,,,,,,
12061015,0,0,0,2,,,,,,,,,
12061017,0,0,5,,,,,,,,,,
12061019,0,0,0,1,,,,,,,,,
12061010,0,0,0,,,,,,,,,,
12061034,0,0,3,,,,,,,,,,
12061008,,,,,,,,,,,,,
12061027,,,,,,,,,,,,,
12061032,,,,,,,,,,,,,
12061007,,,,,,,,,,,,,
12061026,,,,,,,,,,,,,
12061020,,,,,,,,,,,,,
12061018,,,,,,,,,,,,,
12061024,,,,,,,,,,,,,
12061014,,,,,,,,,,,,,
12061459,,,,,,,,,,,,,
12061443,,,,,,,,,,,,,
12061456,,,,,,,,,,,,,
12061478,,,,,,,,,,,,,
12061468,,,,,,,,,,,,,
12061480,,,,,,,,,,,,,
12061464,,,,,,,,,,,,,
12061451,,,,,,,,,,,,,
12061457,,,,,,,,,,,,,
12061466,,,,,,,,,,,,,
12061473,,,,,,,,,,,,,
12061448,,,,,,,,,,,,,
12061469,,,,,,,,,,,,,
12061479,,,,,,,,,,,,,
12058919,2,2,6,6,,,,,,,,,
12058945,2,2,6,6,,,,,,,,,
12058935,0,0,5,4,,,,,,,,,
12058920,2,2,6,6,,,,,,,,,
12058921,0,0,0,2,,,,,,,,,
12058943,2,2,7,4,10,,,,,,,,
12058931,0,0,3,2,,,,,,,,,
12058942,0,0,1,3,,,,,,,,,
12058944,0,0,0,4,,,,,,,,,
12058934,0,0,3,0,,,,,,,,,
12058941,2,2,7,4,10,,,,,,,,
12058928,0,0,2,3,,,,,,,,,
12058937,2,2,6,6,,,,,,,,,
12058926,2,2,6,6,,,,,,,,,
12058939,0,0,0,0,,,,,,,,,
12058929,0,0,1,0,,,,,,,,,
12058917,2,2,3,6,10,,,,,,,,
12058936,2,2,6,6,,,,,,,,,
12058922,2,2,7,6,,,,,,,,,
12058930,2,2,6,6,,,,,,,,,
12058927,2,2,7,6,,,,,,,,,
12058924,1,1,2,7,7,,,,,,,,
12058915,2,2,7,6,,,,,,,,,
12058940,,,,,,,,,,,,,
12060176,0,0,4,0,,,,,,,,,
12058938,2,2,6,6,,,,,,,,,
12058933,2,2,6,7,,,,,,,,,
12058932,0,0,5,2,,,,,,,,,
12058916,2,2,6,7,,,,,,,,,
12058914,1,1,3,6,5,,,,,,,,
12058925,2,2,2,7,10,,,,,,,,
12058923,2,2,6,6,,,,,,,,,
12058918,2,2,6,6,13,,,,,,,,
12061247,,,,,,,,,,,,,
12061246,,,,,,,,,,,,,
12061243,,,,,,,,,,,,,
12061252,,,,,,,,,,,,,
12061251,,,,,,,,,,,,,
12061242,,,,,,,,,,,,,
12061240,,,,,,,,,,,,,
12061244,,,,,,,,,,,,,
12061248,,,,,,,,,,,,,
12061249,,,,,,,,,,,,,
12061253,,,,,,,,,,,,,
12061250,,,,,,,,,,,,,
12061254,,,,,,,,,,,,,
12061259,,,,,,,,,,,,,
12061241,,,,,,,,,,,,,
12061245,,,,,,,,,,,,,
12059167,,,,,,,,,,,,,
12059166,,,,,,,,,,,,,
12059168,0,0,4,3,,,,,,,,,
12059189,,,,,,,,,,,,,
12059199,2,2,3,6,10,,,,,,,,
12059163,,,,,,,,,,,,,
12059191,2,2,6,6,,,,,,,,,
12059195,,,,,,,,,,,,,
12059190,,,,,,,,,,,,,
12059170,1,1,5,6,10,,,,,,,,
12059196,0,0,4,6,,,,,,,,,
12059185,,,,,,,,,,,,,
12059171,,,,,,,,,,,,,
12059183,,,,,,,,,,,,,
12059157,,,,,,,,,,,,,
12059194,,,,,,,,,,,,,
12061572,,,,,,,,,,,,,
12061564,,,,,,,,,,,,,
12061570,,,,,,,,,,,,,
12061561,,,,,,,,,,,,,
12061574,,,,,,,,,,,,,
12059511,2,2,6,7,,,,,,,,,
12059498,0,0,1,0,,,,,,,,,
12059504,0,0,2,2,,,,,,,,,
12059505,2,2,6,7,,,,,7,,,,
12059502,,,,,,,,,,,,,
12059501,,,,,,,,,,,,,
12061339,0,0,1,1,,,,,,,,,
12059503,2,2,7,3,7,,,8,,8,,,
12059500,2,2,6,6,,,,,,,,,
12059509,2,2,6,6,6,,,,6,,,,
12059508,0,0,2,5,,,,,,,,,
12059510,2,2,7,3,7,,,,,,,,
12059507,,,,,,,,,,,,,
12059506,2,2,6,6,6,,,,5,,,,
12059499,0,0,2,3,,,,,,,,,
12059497,2,2,6,6,,,,,,,,,
12059836,1,1,6,1,3,,,,,,,,
12059496,0,0,0,0,,,,,,,,,
12062455,,,,,,,,,,,,,
12062458,,,,,,,,,,,,,
12062459,,,,,,,,,,,,,
12062460,,,,,,,,,,,,,
12062456,,,,,,,,,,,,,
12062454,,,,,,,,,,,,,
12062453,,,,,,,,,,,,,
12062457,,,,,,,,,,,,,
12059111,0,0,4,,,,,,,,,,
12059115,0,0,0,4,,,,,,,,,
12059117,2,2,6,7,,,,,7,,,,
12059116,0,0,4,2,,,,,,,,,
12059112,0,0,0,0,,,,,,,,,
12059120,2,2,4,6,6,,,,,,,,
12059108,1,1,2,7,0,,,,8,,,,
12059109,2,2,7,6,,,,,,,,,
12060788,2,2,6,2,6,,,,,,,,
12059119,,,,,,,,,,,,,
12059110,0,0,3,4,,,,,,,,,
12059122,0,0,1,0,,,,,,,,,
12059118,0,0,1,0,,,,,,,,,
12059114,,,,,,,,,,,,,
12059113,0,0,2,,,,,,,,,,
12059121,2,2,7,6,,,,7,,,,,
12059123,2,2,6,6,6,,,,5,,,,
12061280,0,0,2,,,,,,,,,,
12061279,0,0,5,,,,,,,,,,
12061281,,,,,,,,,,,,,
12061282,,,,,,,,,,,,,
12061283,,,,,,,,,,,,,
12061278,,,,,,,,,,,,,
12058835,2,2,6,6,,,,,,,,,
12058838,2,2,6,6,,,,,,,,,
12058844,0,0,2,3,,,,,,,,,
12058845,0,0,3,1,,,,,,,,,
12058833,2,2,6,6,,,,,,,,,
12058842,2,2,6,6,,,,,,,,,
12058834,2,2,6,6,,,,,,,,,
12058830,0,0,1,0,,,,,,,,,
12058839,2,2,6,2,10,,,,,,,,
12058843,2,2,6,6,,,,,,,,,
12058841,0,0,6,2,,,,,,,,,
12058837,2,2,6,6,,,,,,,,,
12058840,2,2,7,6,,,,,,,,,
12058832,2,2,6,6,,,,,,,,,
12058831,,,,,,,,,,,,,
12058836,2,2,6,6,,,,,,,,,
12060799,,,,,,,,,,,,,
12060804,,,,,,,,,,,,,
12060801,,,,,,,,,,,,,
12060805,,,,,,,,,,,,,
12060802,,,,,,,,,,,,,
12060806,,,,,,,,,,,,,
12060800,,,,,,,,,,,,,
12060803,,,,,,,,,,,,,
12061182,,,,,,,,,,,,,
12061088,,,,,,,,,,,,,
12061087,,,,,,,,,,,,,
12061332,,,,,,,,,,,,,
12061412,,,,,,,,,,,,,
12061331,,,,,,,,,,,,,
12061338,,,,,,,,,,,,,
12061086,,,,,,,,,,,,,
12061293,2,2,6,6,6,,,,12,,,,
12056909,0,0,6,4,,,,5,,,,,
12056906,1,1,6,6,6,,,,7,3,,,
12061298,2,2,7,7,,,,7,10,,,,
12056908,2,2,6,6,,,,,,,,,
12056902,2,2,4,6,6,,,,,,,,
12059442,0,0,3,6,,,,,1,,,,
12059447,2,2,4,6,6,,,,,,,,
12059446,1,1,7,1,2,,,7,,,,,
12059445,2,2,6,6,,,,,,,,,
12017969,2,2,6,6,,,,,,,,,
12018500,2,2,7,5,6,,,7,,,,,
12057531,0,0,4,4,,,,,,,,,
12057533,2,2,4,6,6,,,,,,,,
12063982,2,2,6,7,,,,,7,,,,
12057535,,,,,,,,,,,,,
12057530,0,0,4,6,,,,,3,,,,
12018539,0,0,4,3,,,,,,,,,
12058885,2,2,7,6,,,,7,,,,,
12056880,2,2,7,6,,,,,,,,,
12058890,2,2,7,6,,,,,,,,,
12058889,0,0,1,1,,,,,,,,,
12058884,0,0,6,4,,,,2,,,,,
12056865,0,0,3,2,,,,,,,,,
12056876,2,2,6,6,,,,,,,,,
12056874,0,0,3,5,,,,,,,,,
12056867,2,2,6,7,,,,,8,,,,
12056875,2,2,6,6,,,,,,,,,
12058851,2,2,6,4,6,,,,,,,,
12056873,0,0,5,6,,,,,4,,,,
12058886,2,2,6,3,6,,,,,,,,
12056871,,,,,,,,,,,,,
12056869,2,2,7,3,7,,,,,7,,,
12063423,2,2,6,6,,,,,,,,,
12058888,2,2,6,6,,,,,,,,,
12056878,0,0,2,6,,,,,2,,,,
12056879,1,1,5,6,5,,,,,,,,
12058887,2,2,6,7,,,,,10,,,,
12056870,0,0,5,4,,,,,,,,,
12056866,2,2,6,6,,,,,,,,,
12056872,2,2,2,7,6,,,,7,,,,
12049681,0,0,1,1,,,,,,,,,
12049675,1,1,2,6,4,,,,,,,,
12049673,0,0,2,,,,,,,,,,
12049668,1,1,2,6,3,,,,,,,,
12049679,2,2,0,6,6,,,,,,,,
12049678,0,0,1,3,,,,,,,,,
12049695,2,2,7,6,,,,7,,,,,
12049674,1,1,6,6,5,,,,2,,,,
12049677,0,0,4,5,,,,,,,,,
12049693,2,2,6,3,6,,,,,,,,
12018674,0,0,1,4,,,,,,,,,
12018708,2,2,6,6,,,,,,,,,
12059234,1,1,3,7,2,,,,,,,,
12059277,2,2,4,6,6,,,,,,,,
12059381,0,0,4,6,,,,,5,,,,
12059490,1,1,6,6,3,,,,3,,,,
12057500,0,0,4,3,,,,,,,,,
12057499,2,2,6,7,,,,,7,,,,
12059291,2,2,5,6,6,,,,,,,,
12059369,2,2,6,4,6,,,,,,,,
12059837,0,0,5,4,,,,,,,,,
12061694,0,0,3,0,,,,,,,,,
12059240,,,,,,,,,,,,,
12059247,2,2,6,6,,,,,,,,,
12059244,0,0,3,1,,,,,,,,,
12059246,2,2,6,6,,,,,,,,,
12059245,2,2,6,3,6,,,,,,,,
12059248,1,1,7,,,,,8,,,,,
12063937,0,0,2,,,,,,,,,,
12063939,0,0,1,2,,,,,,,,,
12060816,2,2,6,6,,,,,,,,,
12059235,2,2,6,6,,,,,,,,,
12059243,2,2,7,7,,,,7,7,,,,
12059239,0,0,6,3,,,,4,,,,,
12059241,2,2,6,6,,,,,,,,,
12059846,,,,,,,,,,,,,
12059842,,,,,,,,,,,,,
12059849,0,0,2,4,,,,,,,,,
12059848,2,2,6,1,7,,,,,7,,,
12059845,1,1,7,5,4,,,7,,,,,
12059843,0,0,5,2,,,,,,,,,
12063388,2,2,7,6,,,,,,,,,
12063390,0,0,2,5,,,,,,,,,
12059847,0,0,3,2,,,,,,,,,
12059942,2,2,6,6,,,,,,,,,
12063389,2,2,3,6,6,,,,,,,,
12063391,1,1,6,3,6,,,,,0,,,
12063386,2,2,6,7,,,,,7,,,,
12063387,2,2,7,3,6,,,7,,,,,
12059841,0,0,2,5,,,,,,,,,
12059844,2,2,6,6,,,,,,,,,
12059258,2,2,6,6,6,,,5,,,,,
12059257,2,2,6,6,,,,,,,,,
12059252,2,2,7,6,,,,7,,,,,
12059259,0,0,4,4,,,,,,,,,
12059251,1,1,3,6,5,,,,,,,,
12063925,1,1,5,6,2,,,,,,,,
12063932,2,2,6,6,,,,,,,,,
12063930,2,2,6,6,,,,,,,,,
12063929,2,2,7,6,,,,7,,,,,
12063931,0,0,6,4,,,,5,,,,,
12059271,0,0,6,1,,,,3,,,,,
12059264,2,2,7,6,,,,7,,,,,
12059273,2,2,6,6,,,,,,,,,
12059263,1,1,6,2,6,,,,,5,,,
12059267,0,0,1,6,,,,,2,,,,
12059268,1,1,1,7,1,,,,,,,,
12063637,0,0,3,4,,,,,,,,,
12063638,0,0,4,6,,,,,3,,,,
12058640,,,,,,,,,,,,,
12058633,0,0,3,2,,,,,,,,,
12058635,1,1,0,7,10,,,,8,,,,
12058641,2,2,6,6,,,,,,,,,
12058688,1,1,6,1,2,,,,,,,,
12058702,0,0,2,3,,,,,,,,,
12058689,2,2,6,6,,,,,,,,,
12058699,2,2,6,6,,,,,,,,,
12058700,1,1,6,3,2,,,,,,,,
12060110,2,2,2,6,6,,,,,,,,
12058696,2,2,6,5,6,,,,,,,,
12058660,0,0,2,4,,,,,,,,,
12060945,1,1,6,6,5,,,,5,,,,
12063088,0,0,1,0,,,,,,,,,
12063065,2,2,7,6,,,,7,,,,,
12063372,2,2,6,1,7,,,,,7,,,
12063311,1,1,7,0,,,,,,,,,
12063527,0,0,1,2,,,,,,,,,
12060121,2,2,6,6,,,,,,,,,
12060829,0,0,0,2,,,,,,,,,
12059941,2,2,6,6,,,,,,,,,
12060888,0,0,4,2,,,,,,,,,
12061323,1,1,5,6,2,,,,,,,,
12060830,0,0,4,3,,,,,,,,,
12058983,2,2,6,6,,,,,,,,,
12058973,0,0,3,2,,,,,,,,,
12058981,0,0,5,1,,,,,,,,,
12058972,0,0,6,6,,,,7,2,,,,
12058997,1,1,7,5,4,,,,,,,,
12058974,1,1,6,5,6,,,,,5,,,
12058995,2,2,6,7,,,,,,,,,
12058971,0,0,1,6,,,,,2,,,,
12060937,2,2,7,4,6,,,,,,,,
12060936,2,2,6,6,,,,,,,,,
12061092,0,0,4,3,,,,,,,,,
12061535,0,0,6,1,,,,3,,,,,
12061710,1,1,6,6,3,,,8,,,,,
12061919,1,1,6,3,4,,,,,,,,
12059226,2,2,6,6,,,,,,,,,
12059218,2,2,7,6,,,,,,,,,
12059224,2,2,7,7,,,,,,,,,
12059219,2,2,4,6,6,,,,,,,,
12059227,2,2,4,6,6,,,,,,,,
12059222,2,2,6,3,6,,,,,,,,
12059217,0,0,2,3,,,,,,,,,
12059225,2,2,6,6,,,,,,,,,
12060938,0,0,1,1,,,,,,,,,
12061375,2,2,7,6,,,,,,,,,
12061044,1,1,7,4,2,,,8,,,,,
12061541,0,0,3,4,,,,,,,,,
12061540,1,1,7,2,4,,,,,,,,
12061539,0,0,5,6,,,,,1,,,,
12018729,1,1,7,6,2,,,,6,,,,
12058489,1,1,3,6,3,,,,,,,,
12063861,0,0,2,5,,,,,,,,,
12063874,0,0,5,3,,,,,,,,,
12064004,0,0,3,3,,,,,,,,,
12063983,0,0,3,3,,,,,,,,,
12064002,1,1,6,4,4,,,,,,,,
12063995,0,0,2,0,,,,,,,,,
12063316,0,0,1,6,,,,,4,,,,
12063312,1,1,7,3,0,,,7,,,,,
12063329,0,0,6,2,,,,5,,,,,
12063317,2,2,6,6,,,,,,,,,
12063321,1,1,1,7,3,,,,,,,,
12060700,0,0,2,1,,,,,,,,,
12060701,2,2,2,7,10,,,,,,,,
12060688,2,2,6,6,,,,,,,,,
12060702,2,2,7,6,,,,,,,,,
12060692,2,2,6,6,,,,,,,,,
12060694,0,0,4,5,,,,,,,,,
12060690,0,0,2,2,,,,,,,,,
12060687,1,1,4,6,9,,,,,,,,
12063555,0,0,3,4,,,,,,,,,
12063565,2,2,6,6,,,,,,,,,
12063557,0,0,4,4,,,,,,,,,
12063564,2,2,6,6,,,,,,,,,
12063567,2,2,4,7,6,,,,7,,,,
12063563,2,2,6,6,6,,,,5,,,,
12063560,0,0,3,4,,,,,,,,,
12059125,1,1,4,6,5,,,,,,,,
12058828,2,2,7,6,,,,,,,,,
12059134,2,2,7,6,,,,,,,,,
12059137,,,,,,,,,,,,,
12059136,1,1,6,2,3,,,,,,,,
12059141,2,2,6,6,,,,,,,,,
12059142,2,2,6,6,,,,,,,,,
12059145,2,2,6,6,10,,,,,,,,
12059146,0,0,3,3,,,,,,,,,
12059147,2,2,6,6,,,,,,,,,
12059140,2,2,6,6,,,,,,,,,
12059135,0,0,6,1,,,,,,,,,
12061927,2,2,6,6,,,,,,,,,
12059144,0,0,5,5,,,,,,,,,
12059148,2,2,6,6,,,,,,,,,
12061928,2,2,6,6,,,,,,,,,
12059133,2,2,7,6,,,,,,,,,
12059138,2,2,1,7,10,,,,,,,,
12059139,2,2,6,6,10,,,,,,,,
12059143,2,2,6,6,,,,,,,,,
12063945,0,0,4,3,,,,,,,,,
12063536,0,0,1,1,,,,,,,,,
12063499,0,0,3,4,,,,,,,,,
12063534,0,0,3,0,,,,,,,,,
12063500,2,2,6,6,,,,,,,,,
12061926,2,2,6,1,10,,,,,,,,
12061925,0,0,3,1,,,,,,,,,
12063535,0,0,4,1,,,,,,,,,
12063948,0,0,0,0,,,,,,,,,
12063950,2,2,6,6,,,,,,,,,
12063947,0,0,3,2,,,,,,,,,
12063533,2,2,3,6,10,,,,,,,,
12064027,2,2,6,6,,,,,,,,,
12063946,0,0,2,1,,,,,,,,,
12063949,,,,,,,,,,,,,
12063814,1,1,6,6,0,,,,2,,,,
12063812,2,2,6,6,,,,,,,,,
12063817,2,2,6,6,,,,,,,,,
12058946,2,2,6,4,6,,,,,,,,
12063864,0,0,6,4,,,,2,,,,,
12063875,2,2,6,6,,,,,,,,,
12063876,1,1,6,5,2,,,,,,,,
12059475,2,2,6,6,,,,,,,,,
12063757,2,2,6,6,,,,,,,,,
12063774,0,0,0,0,,,,,,,,,
12063770,2,2,6,6,,,,,,,,,
12063758,0,0,6,1,,,,3,,,,,
12063996,2,2,6,6,,,,,,,,,
12063999,0,0,1,2,,,,,,,,,
12063988,2,2,6,6,6,,,,7,,,,
12063328,0,0,1,1,,,,,,,,,
12063315,0,0,1,5,,,,,,,,,
12063331,0,0,5,1,,,,,,,,,
12063327,2,2,6,7,,,,,,,,,
12063313,2,2,6,6,,,,,,,,,
12063326,1,1,5,6,5,,,,,,,,
12063325,2,2,6,6,,,,,,,,,
12063324,1,1,7,5,3,,,7,,,,,
12063333,0,0,3,3,,,,,,,,,
12063314,2,2,6,6,,,,,,,,,
12060698,0,0,3,3,,,,,,,,,
12060697,2,2,6,6,,,,,,,,,
12060689,0,0,6,2,,,,2,,,,,
12060696,0,0,0,0,,,,,,,,,
12060693,0,0,5,5,,,,,,,,,
12060695,1,1,2,6,5,,,,,,,,
12060691,0,0,2,0,,,,,,,,,
12060699,2,2,6,6,,,,,,,,,
12064009,2,2,6,7,,,,,7,,,,
12064016,2,2,4,6,6,,,,,,,,
12064017,1,1,6,2,3,,,,,,,,
12064014,2,2,6,2,6,,,,,,,,
12058910,1,1,4,6,3,,,,,,,,
12061011,2,2,5,6,10,,,,,,,,
12061025,0,0,2,3,,,,,,,,,
12061037,2,2,6,6,10,,,4,,,,,
12061021,2,2,6,6,,,,,,,,,
12061031,2,2,6,6,,,,,,,,,
12061023,2,2,7,6,,,,,,,,,
12061028,2,2,6,6,,,,,,,,,
12061013,0,0,0,1,,,,,,,,,
12061012,0,0,2,5,,,,,,,,,
12061036,0,0,4,4,,,,,,,,,
12061009,0,0,3,4,,,,,,,,,
12061038,0,0,1,4,,,,,,,,,
12061029,0,0,3,3,,,,,,,,,
12061033,0,0,0,0,,,,,,,,,
12061035,2,2,6,6,,,,,,,,,
12061016,0,0,1,1,,,,,,,,,
12063582,0,0,0,5,,,,,,,,,
12063599,1,1,2,6,5,,,,,,,,
12063583,2,2,6,6,,,,,,,,,
12063589,1,1,4,6,5,,,,,,,,
12063588,2,2,4,6,10,,,,,,,,
12059069,2,2,6,7,,,,,,,,,
12059067,2,2,6,7,,,,,,,,,
12059072,1,1,2,7,8,,,,,,,,
12059089,2,2,6,6,,,,,,,,,
12059075,0,0,2,2,,,,,,,,,
12061458,0,0,3,0,,,,,,,,,
12061465,2,2,6,6,,,,,,,,,
12061461,0,0,4,5,,,,,,,,,
12061467,2,2,6,6,,,,,,,,,
12061476,2,2,6,6,,,,,,,,,
12061455,0,0,1,4,,,,,,,,,
12061450,2,2,6,6,,,,,,,,,
12061470,0,0,3,0,,,,,,,,,
12061471,1,1,6,2,4,,,,,,,,
12061453,2,2,6,6,,,,,,,,,
12061475,0,0,4,1,,,,,,,,,
12061454,1,1,4,6,6,,,,,,,,
12061463,2,2,6,6,,,,,,,,,
12061449,0,0,3,2,,,,,,,,,
12063068,0,0,0,2,,,,,,,,,
12063069,1,1,6,1,8,,,,,,,,
12063862,2,2,6,4,10,,,,,,,,
12063892,1,1,6,6,4,,,7,,,,,
12063859,0,0,6,,,,,,,,,,
12063870,0,0,3,3,,,,,,,,,
12063873,2,2,6,6,10,,,2,,,,,
12063872,0,0,0,0,,,,,,,,,
12063887,2,2,6,7,,,,,7,,,,
12063879,1,1,1,6,6,,,,,,,,
12059202,2,2,6,6,,,,,,,,,
12059160,2,2,6,6,,,,,,,,,
12059179,0,0,0,0,,,,,,,,,
12059203,2,2,6,6,,,,,,,,,
12059162,2,2,6,6,,,,,,,,,
12059177,0,0,2,4,,,,,,,,,
12059193,0,0,2,3,,,,,,,,,
12059176,1,1,7,3,6,,,,,,,,
12061566,0,0,4,1,,,,,,,,,
12061575,0,0,2,2,,,,,,,,,
12061568,2,2,6,6,,,,,,,,,
12061576,0,0,1,3,,,,,,,,,
12061571,2,2,6,6,,,,,,,,,
12061578,2,2,6,1,10,,,,,,,,
12061565,2,2,6,7,,,,,,,,,
12061577,0,0,5,6,,,,,,,,,
12061569,0,0,4,4,,,,,,,,,
12061562,2,2,6,6,,,,,,,,,
12061579,,,,,,,,,,,,,
12061573,2,2,6,6,,,,,,,,,
12061563,2,2,6,6,,,,,,,,,
12061567,0,0,3,2,,,,,,,,,
12061560,0,0,6,0,,,,,,,,,
12061580,0,0,3,1,,,,,,,,,
12063404,0,0,1,4,,,,,,,,,
12063401,0,0,3,4,,,,,,,,,
12063407,2,2,7,4,10,,,7,,,,,
12063395,2,2,6,6,,,,,,,,,
12063507,0,0,2,3,,,,,,,,,
12063509,1,1,6,3,10,,,,,,,,
12063508,2,2,7,6,,,,7,,,,,
12063506,2,2,0,6,10,,,,,,,,
12058903,2,2,2,7,13,,,,7,,,,
12058906,2,2,6,2,10,,,,,,,,
12060754,1,1,4,6,6,,,,,,,,
12060517,2,2,6,6,,,,,,,,,
12060755,2,2,2,6,10,,,,,,,,
12060681,0,0,4,6,,,,,3,,,,
12060680,0,0,0,3,,,,,,,,,
12060869,0,0,4,3,,,,,,,,,
12060306,2,2,7,6,,,,,,,,,
12060796,,,6,0,,,,,,,,,
12060819,2,2,6,6,,,,,,,,,
12060772,1,1,1,6,4,,,,,,,,
12060932,2,2,7,6,,,,,,,,,
12061040,0,0,2,2,,,,,,,,,
12060832,0,0,1,5,,,,,,,,,
12060931,0,0,2,3,,,,,,,,,
12060934,2,2,7,7,,,,7,7,,,,
12061060,0,0,2,4,,,,,,,,,
12061350,1,1,3,6,5,,,,,,,,
12061396,2,2,6,6,,,,,,,,,
12061351,1,1,6,3,7,,,,,,,,
12061423,2,2,6,6,10,,,,,,,,
12061637,0,0,0,4,,,,,,,,,
12061536,0,0,2,4,,,,,,,,,
12061426,0,0,6,5,,,,,,,,,
12061598,0,0,5,5,,,,,,,,,
12062146,1,1,2,6,4,,,,,,,,
12062137,2,2,3,6,10,,,,,,,,
12062144,2,2,6,6,10,,,,,,,,
12062141,2,2,6,7,11,,,,,,,,
12062140,0,0,3,3,,,,,,,,,
12062139,0,0,6,1,,,,,,,,,
12062148,0,0,1,2,,,,,,,,,
12062147,2,2,6,6,10,,,,,,,,
12062135,2,2,6,6,,,,,,,,,
12062133,2,2,4,6,10,,,,,,,,
12062134,2,2,6,6,,,,,,,,,
12062138,2,2,6,6,,,,,,,,,
12062136,2,2,6,5,10,,,,,,,,
12062142,0,0,1,3,,,,,,,,,
12062145,2,2,6,6,,,,,,,,,
12062143,0,0,3,5,,,,,,,,,
12061956,0,0,3,1,,,,,,,,,
12061963,0,0,0,6,,,,,,,,,
12061967,1,1,4,6,9,,,,,,,,
12061965,2,2,6,6,,,,,,,,,
12061966,2,2,4,6,10,,,,,,,,
12061960,2,2,6,6,,,,,,,,,
12061954,2,2,6,6,,,,,,,,,
12061962,0,0,6,4,,,,,,,,,
12061959,0,0,2,0,,,,,,,,,
12061957,0,0,1,1,,,,,,,,,
12061955,0,0,4,3,,,,,,,,,
12061961,0,0,1,3,,,,,,,,,
12061964,0,0,2,4,,,,,,,,,
12061968,2,2,6,4,10,,,,,,,,
12061958,0,0,4,0,,,,,,,,,
12061953,2,2,6,6,,,,,,,,,
12058870,0,0,4,0,,,,,,,,,
12058880,0,0,2,2,,,,,,,,,
12058856,1,1,7,0,4,,,,,,,,
12058881,1,1,7,4,9,,,,,,,,
12058860,0,0,1,0,,,,,,,,,
12058871,2,2,6,6,,,,,,,,,
12058866,1,1,6,6,4,,,,,,,,
12058874,1,1,3,6,10,,,,,,,,
12058864,2,2,6,6,,,,,,,,,
12058855,2,2,6,7,,,,,,,,,
12061810,2,2,7,6,,,,,,,,,
12061819,0,0,0,6,,,,,,,,,
12061811,1,1,3,6,6,,,,,,,,
12061816,2,2,6,6,,,,,,,,,
12061808,0,0,4,4,,,,,,,,,
12061821,2,2,6,6,,,,,,,,,
12061807,1,1,7,2,5,,,,,,,,
12061818,1,1,6,2,4,,,,,,,,
12061809,0,0,1,3,,,,,,,,,
12061820,0,0,2,5,,,,,,,,,
12061822,2,2,6,7,,,,,,,,,
12061817,0,0,2,2,,,,,,,,,
12061814,2,2,4,6,11,,,,,,,,
12061812,,,,,,,,,,,,,
12061813,0,0,1,0,,,,,,,,,
12061815,2,2,6,6,,,,,,,,,
12063669,1,1,7,5,4,,,10,,,,,
12063666,0,0,3,6,,,,,8,,,,
12063663,1,1,6,6,9,,,,5,,,,
12063672,0,0,5,2,,,,,,,,,
12063662,0,0,5,2,,,,,,,,,
12063661,0,0,5,2,,,,,,,,,
12063671,2,2,6,4,10,,,,,,,,
12063660,1,1,5,6,7,,,,,,,,
12059124,2,2,6,6,,,,,,,,,
12059132,2,2,7,6,,,,,,,,,
12059131,2,2,4,7,6,,,,7,,,,
12059130,2,2,6,6,,,,,,,,,
12059128,1,1,6,6,3,,,,5,,,,
12061452,0,0,4,2,,,,,,,,,
12061462,2,2,4,6,7,,,,,9,,,
12061474,2,2,6,6,,,,,,,,,
12061472,0,0,0,4,,,,,,,,,
12061477,2,2,6,6,7,,,6,,,,,
12061460,2,2,6,6,,,,,,,,,
12061740,0,0,4,3,,,,,,,,,
12061481,0,0,4,2,,,,,,,,,
12061030,2,2,6,6,,,,,,,,,
12061022,2,2,6,6,,,,,,,,,
12061015,0,0,0,2,,,,,,,,,
12061017,2,2,7,6,,,,,,,,,
12061019,0,0,0,1,,,,,,,,,
12061034,0,0,4,3,,,,,,,,,
12061010,1,1,4,6,6,,,,,,,,
12061008,0,0,2,2,,,,,,,,,
12061032,2,2,6,7,,,,,,,,,
12061027,,,,,,,,,,,,,
12061018,2,2,6,6,,,,,,,,,
12061024,2,2,6,6,,,,,,,,,
12061026,2,2,7,4,10,,,,,,,,
12061007,2,2,5,7,10,,,,,,,,
12061014,0,0,0,2,,,,,,,,,
12061020,0,0,1,1,,,,,,,,,
12063615,0,0,2,2,,,,,,,,,
12063587,2,2,6,6,,,,,,,,,
12063611,2,2,6,6,,,,,,,,,
12061459,2,2,6,6,,,,,,,,,
12061478,0,0,4,2,,,,,,,,,
12061468,2,2,6,6,,,,,,,,,
12061480,2,2,6,2,10,,,,,,,,
12061443,0,0,4,0,,,,,,,,,
12061456,2,2,6,5,10,,,,,,,,
12061464,0,0,4,1,,,,,,,,,
12061451,,,,,,,,,,,,,
12061457,2,2,6,6,,,,,,,,,
12061466,2,2,6,6,,,,,,,,,
12061473,0,0,2,2,,,,,,,,,
12061448,0,0,0,0,,,,,,,,,
12061469,2,2,6,6,,,,,,,,,
12061479,1,1,6,3,6,,,,,,,,
12063877,0,0,0,6,,,,,9,,,,
12063871,1,1,6,3,7,,,,,,,,
12063889,0,0,3,2,,,,,,,,,
12063882,0,0,2,1,,,,,,,,,
12063860,2,2,6,5,10,,,,,,,,
12063869,2,2,6,3,10,,,,,,,,
12063863,2,2,6,6,,,,,,,,,
12063884,2,2,6,4,10,,,,,,,,
12058923,2,2,6,6,,,,,,,,,
12058918,2,2,6,6,13,,,,,,,,
12061247,0,0,1,3,,,,,,,,,
12061246,1,1,5,6,11,,,,,,,,
12061243,2,2,6,6,,,,,,,,,
12061252,0,0,3,3,,,,,,,,,
12061251,0,0,1,2,,,,,,,,,
12061242,1,1,4,6,8,,,,,,,,
12061240,0,0,3,2,,,,,,,,,
12061244,1,1,4,6,9,,,,,,,,
12061248,0,0,6,2,,,,,,,,,
12061249,2,2,6,7,,,,,,,,,
12061253,0,0,4,2,,,,,,,,,
12061250,2,2,6,1,10,,,,,,,,
12061254,2,2,6,6,,,,,,,,,
12061259,2,2,6,6,,,,,,,,,
12061241,2,2,4,7,11,,,,,,,,
12061245,2,2,6,6,,,,,,,,,
12063756,2,2,7,6,,,,,,,,,
12063762,0,0,2,4,,,,,,,,,
12063766,1,1,7,6,5,,,,,,,,
12063767,0,0,2,0,,,,,,,,,
12063768,2,2,5,6,11,,,,,,,,
12063765,0,0,2,4,,,,,,,,,
12063759,2,2,6,6,,,,,,,,,
12063761,1,1,6,1,3,,,,,,,,
12059167,2,2,6,6,11,,,,,,,,
12059166,2,2,6,2,10,,,,,,,,
12059168,0,0,4,3,,,,,,,,,
12059189,0,0,0,0,,,,,,,,,
12059199,2,2,3,6,10,,,,,,,,
12059163,1,1,6,2,8,,,,,,,,
12059191,2,2,6,6,,,,,,,,,
12059195,2,2,3,6,10,,,,,,,,
12059190,2,2,6,6,,,,,,,,,
12059170,1,1,5,6,10,,,,,,,,
12059196,0,0,4,6,,,,,,,,,
12059185,0,0,1,2,,,,,,,,,
12059171,,,,,,,,,,,,,
12059183,0,0,2,0,,,,,,,,,
12059157,2,2,6,6,,,,,,,,,
12059194,0,0,0,2,,,,,,,,,
12061572,0,0,0,3,,,,,,,,,
12061564,0,0,0,4,,,,,,,,,
12061570,0,0,2,1,,,,,,,,,
12061561,1,1,6,4,7,,,,,,,,
12061574,2,2,7,6,,,,,,,,,
12063396,0,0,0,0,,,,,,,,,
12063402,0,0,2,1,,,,,,,,,
12063409,2,2,6,7,,,,,,,,,
12063406,0,0,4,3,,,,,,,,,
12063399,0,0,2,3,,,,,,,,,
12063403,2,2,2,6,10,,,,,,,,
12063400,0,0,0,4,,,,,,,,,
12063405,2,2,6,7,,,,,,,,,
12063397,2,2,6,6,,,,,,,,,
12064000,2,2,6,6,,,,,,,,,
12063991,0,0,5,5,,,,,,,,,
12063398,2,2,6,6,,,,,,,,,
12064001,0,0,4,6,,,,,10,,,,
12063408,0,0,1,5,,,,,,,,,
12066013,2,2,6,6,,,,,,,,,
12065890,1,1,6,3,11,,,,,,,,
12065914,2,2,3,6,10,,,,,,,,
12065913,2,2,6,6,13,,,,5,,,,
12063985,0,0,2,3,,,,,,,,,
12059505,2,2,6,7,,,,,7,,,,
12059502,,,,,,,,,,,,,
12059501,,,,,,,,,,,,,
12061339,0,0,1,1,,,,,,,,,
12059503,2,2,7,3,7,,,8,,8,,,
12059500,2,2,6,6,,,,,,,,,
12059509,2,2,6,6,6,,,,6,,,,
12059508,0,0,2,5,,,,,,,,,
12059510,2,2,7,3,7,,,,,,,,
12059507,,,,,,,,,,,,,
12059506,2,2,6,6,6,,,,5,,,,
12059499,0,0,2,3,,,,,,,,,
12059497,2,2,6,6,,,,,,,,,
12059836,1,1,6,1,3,,,,,,,,
12062455,0,0,3,2,,,,,,,,,
12062459,2,2,6,6,,,,,,,,,
12062456,1,1,3,6,3,,,,,,,,
12062457,0,0,1,5,,,,,,,,,
12062460,2,2,6,7,,,,,7,,,,
12062454,0,0,4,6,,,,,5,,,,
12062453,0,0,6,2,,,,3,,,,,
12062458,2,2,6,6,,,,,,,,,
12060788,2,2,6,2,6,,,,,,,,
12059119,,,,,,,,,,,,,
12059110,0,0,3,4,,,,,,,,,
12059122,0,0,1,0,,,,,,,,,
12059118,0,0,1,0,,,,,,,,,
12059114,,,,,,,,,,,,,
12059113,0,0,2,,,,,,,,,,
12059121,2,2,7,6,,,,7,,,,,
12059123,2,2,6,6,6,,,,5,,,,
12061280,0,0,6,1,,,,3,,,,,
12061279,2,2,6,6,,,,,,,,,
12061281,2,2,6,6,,,,,,,,,
12061282,2,2,6,2,6,,,,,,,,
12061283,2,2,6,6,,,,,,,,,
12061278,2,2,1,6,6,,,,,,,,
12061552,2,2,6,6,,,,,,,,,
12061553,2,2,6,6,,,,,,,,,
12058837,2,2,6,6,,,,,,,,,
12058840,2,2,7,6,,,,,,,,,
12058832,2,2,6,6,,,,,,,,,
12058831,,,,,,,,,,,,,
12058836,2,2,6,6,,,,,,,,,
12060799,0,0,2,3,,,,,,,,,
12060804,0,0,6,4,,,,,,,,,
12060801,0,0,2,2,,,,,,,,,
12060805,0,0,4,4,,,,,,,,,
12060802,2,2,6,6,,,,,,,,,
12060806,2,2,6,6,,,,,,,,,
12060800,2,2,2,6,10,,,,,,,,
12060803,1,1,6,4,3,,,,,,,,
12061182,0,0,6,6,,,,,,,,,
12061088,0,0,2,6,,,,,,,,,
12061087,0,0,4,3,,,,,,,,,
12061332,2,2,6,4,10,,,,,,,,
12061412,0,0,3,5,,,,,,,,,
12061331,2,2,6,6,,,,,,,,,
12061338,,,,,,,,,,,,,
12061086,2,2,6,2,12,,,,,,,,
12063652,0,0,2,2,,,,,,,,,
12063651,0,0,4,1,,,,,,,,,
12063644,1,1,6,3,3,,,,,,,,
12063643,0,0,0,2,,,,,,,,,
12063641,2,2,6,6,,,,,,,,,
12063642,0,0,0,2,,,,,,,,,
12063649,0,0,3,1,,,,,,,,,
12063645,2,2,7,6,,,,,,,,,
12066508,2,2,2,6,6,,,,,,,,
12065015,0,0,6,3,,,,4,,,,,
12066510,2,2,6,6,,,,,,,,,
12066515,2,2,7,7,,,,,7,,,,
12066511,0,0,4,2,,,,,,,,,
12065024,2,2,6,6,,,,,,,,,
12066503,2,2,5,6,6,,,,,,,,
12063996,2,2,6,6,,,,,,,,,
12063999,0,0,1,2,,,,,,,,,
12063988,2,2,6,6,6,,,,7,,,,
12064983,2,2,6,6,,,,,,,,,
12066757,1,1,7,3,4,,,7,,,,,
12064972,0,0,0,1,,,,,,,,,
12066756,2,2,6,6,,,,,,,,,
12064979,0,0,4,3,,,,,,,,,
12066762,2,2,7,7,,,,7,,,,,
12066758,1,1,6,4,5,,,,,,,,
12064978,2,2,6,6,,,,,,,,,
12066759,2,2,7,6,,,,,,,,,
12064958,2,2,6,6,,,,,,,,,
12064955,1,1,6,6,4,,,,3,,,,
12066761,,,,,,,,,,,,,
12069329,2,2,3,7,6,,,,7,,,,
12066760,2,2,6,6,,,,,,,,,
12064510,1,1,3,6,2,,,,,,,,
12064505,0,0,5,2,,,,,,,,,
12064507,1,1,5,6,4,,,,,,,,
12064514,1,1,7,4,4,,,,,,,,
12064506,2,2,6,7,,,,,,,,,
12064519,0,0,1,0,,,,,,,,,
12064504,1,1,7,3,3,,,7,,,,,
12064508,0,0,3,2,,,,,,,,,
12064509,2,2,6,6,,,,,,,,,
12064516,2,2,7,6,,,,,,,,,
12064518,2,2,6,6,,,,,,,,,
12064511,2,2,6,6,,,,,,,,,
12064515,1,1,3,6,5,,,,,,,,
12064513,2,2,6,1,6,,,,,,,,
12064512,,,,,,,,,,,,,
12067467,,,6,0,,,,,,,,,
12064517,0,0,1,0,,,,,,,,,
12063328,0,0,1,1,,,,,,,,,
12063315,0,0,1,5,,,,,,,,,
12063331,0,0,5,1,,,,,,,,,
12063327,2,2,6,7,,,,,,,,,
12063313,2,2,6,6,,,,,,,,,
12063326,1,1,5,6,5,,,,,,,,
12063325,2,2,6,6,,,,,,,,,
12063324,1,1,7,5,3,,,7,,,,,
12063333,0,0,3,3,,,,,,,,,
12063314,2,2,6,6,,,,,,,,,
12064881,2,2,6,4,7,,,,,7,,,
12064885,0,0,3,1,,,,,,,,,
12064886,,,,,,,,,,,,,
12064882,1,1,6,5,2,,,,,,,,
12064884,2,2,6,6,,,,,,,,,
12068007,0,0,0,2,,,,,,,,,
12064883,2,2,6,7,,,,,,,,,
12064009,2,2,6,7,,,,,7,,,,
12064016,2,2,4,6,6,,,,,,,,
12064017,1,1,6,2,3,,,,,,,,
12064014,2,2,6,2,6,,,,,,,,
12064008,0,0,3,6,,,,,6,,,,
12064007,2,2,6,2,6,,,,,,,,
12064011,0,0,1,1,,,,,,,,,
12064013,0,0,0,4,,,,,,,,,
12065006,2,2,6,6,,,,,,,,,
12065003,2,2,5,6,6,,,,,,,,
12065001,2,2,7,6,,,,,,,,,
12065007,2,2,6,6,,,,,,,,,
12065008,,,,,,,,,,,,,
12069098,1,1,7,3,6,,,,,2,,,
12065002,2,2,6,6,,,,,,,,,
12066191,1,1,5,6,1,,,,,,,,
12066188,2,2,6,7,,,,,7,,,,
12066184,0,0,3,1,,,,,,,,,
12066183,1,1,6,3,3,,,,,,,,
12066181,2,2,6,6,,,,,,,,,
12066189,1,1,5,6,2,,,,,,,,
12066190,2,2,7,6,,,,10,,,,,
12066185,0,0,4,6,,,,,5,,,,
12066195,2,2,6,6,,,,,,,,,
12066187,2,2,6,6,,,,,,,,,
12066192,0,0,1,2,,,,,,,,,
12061035,2,2,6,6,,,,,,,,,
12061016,0,0,1,1,,,,,,,,,
12063582,0,0,0,5,,,,,,,,,
12063599,1,1,2,6,5,,,,,,,,
12063583,2,2,6,6,,,,,,,,,
12063589,1,1,4,6,5,,,,,,,,
12063588,2,2,4,6,10,,,,,,,,
12063862,2,2,6,4,10,,,,,,,,
12063892,1,1,6,6,4,,,7,,,,,
12063859,0,0,6,,,,,,,,,,
12063870,0,0,3,3,,,,,,,,,
12063873,2,2,6,6,10,,,2,,,,,
12063872,0,0,0,0,,,,,,,,,
12063887,2,2,6,7,,,,,7,,,,
12063879,1,1,1,6,6,,,,,,,,
12063404,0,0,1,4,,,,,,,,,
12063401,0,0,3,4,,,,,,,,,
12063407,2,2,7,4,10,,,7,,,,,
12063395,2,2,6,6,,,,,,,,,
12063507,0,0,2,3,,,,,,,,,
12063563,2,2,6,6,6,,,,5,,,,
12063560,0,0,3,4,,,,,,,,,
12063569,0,0,6,4,,,,9,,,,,
12063568,2,2,7,6,,,,7,,,,,
12063566,0,0,4,0,,,,,,,,,
12063556,0,0,4,,,,,,,,,,
12063561,2,2,6,7,,,,,8,,,,
12063562,2,2,6,6,6,,,,8,,,,
12063559,0,0,4,4,,,,,,,,,
12063554,0,0,2,4,,,,,,,,,
12064415,0,0,3,5,,,,,,,,,
12064418,0,0,2,4,,,,,,,,,
12064416,1,1,6,1,2,,,,,,,,
12064422,0,0,4,6,,,,,3,,,,
12064212,1,1,6,3,,,,,,,,,
12064215,2,2,1,6,6,,,,,,,,
12064216,2,2,6,7,,,,,7,,,,
12064213,1,1,4,6,2,,,,,,,,
12065032,1,1,6,6,5,,,4,,,,,
12067405,0,0,4,3,,,,,,,,,
12065029,2,2,4,7,6,,,,,,,,
12065031,0,0,1,5,,,,,,,,,
12066137,0,0,4,6,,,,,3,,,,
12064906,0,0,3,3,,,,,,,,,
12064911,2,2,6,6,,,,,,,,,
12064889,0,0,3,4,,,,,,,,,
12064907,0,0,0,,,,,,,,,,
12064912,2,2,6,6,,,,,,,,,
12066135,1,1,7,6,5,,,7,3,,,,
12064887,0,0,3,4,,,,,,,,,
12064910,0,0,4,3,,,,,,,,,
12064908,0,0,4,4,,,,,,,,,
12066133,1,1,2,6,2,,,,,,,,
12066140,2,2,7,6,,,,,,,,,
12064904,2,2,6,6,,,,,,,,,
12066136,2,2,6,6,,,,,,,,,
12066134,2,2,7,6,,,,7,,,,,
12066138,0,0,0,0,,,,,,,,,
12064997,0,0,0,0,,,,,,,,,
12064996,0,0,6,5,,,,2,,,,,
12064990,2,2,2,7,6,,,,7,,,,
12064995,2,2,6,6,,,,,,,,,
12064999,0,0,3,1,,,,,,,,,
12064988,0,0,5,2,,,,,,,,,
12064987,0,0,4,4,,,,,,,,,
12059148,2,2,6,6,,,,,,,,,
12061928,2,2,6,6,,,,,,,,,
12059133,2,2,7,6,,,,,,,,,
12059138,2,2,1,7,10,,,,,,,,
12059139,2,2,6,6,10,,,,,,,,
12059143,2,2,6,6,,,,,,,,,
12063945,0,0,4,3,,,,,,,,,
12063536,0,0,1,1,,,,,,,,,
12063499,0,0,3,4,,,,,,,,,
12063534,0,0,3,0,,,,,,,,,
12063500,2,2,6,6,,,,,,,,,
12061926,2,2,6,1,10,,,,,,,,
12061925,0,0,3,1,,,,,,,,,
12063535,0,0,4,1,,,,,,,,,
12063948,0,0,0,0,,,,,,,,,
12063950,2,2,6,6,,,,,,,,,
12063947,0,0,3,2,,,,,,,,,
12063533,2,2,3,6,10,,,,,,,,
12064027,2,2,6,6,,,,,,,,,
12063946,0,0,2,1,,,,,,,,,
12063949,,,,,,,,,,,,,
12066108,0,0,1,2,,,,,,,,,
12066333,0,0,0,3,,,,,,,,,
12066334,1,1,5,6,8,,,,,,,,
12066109,0,0,2,4,,,,,,,,,
12067038,0,0,4,3,,,,,,,,,
12067036,0,0,2,6,,,,,3,,,,
12066584,0,0,3,0,,,,,,,,,
12067037,0,0,4,3,,,,,,,,,
12063814,1,1,6,6,0,,,,2,,,,
12063812,2,2,6,6,,,,,,,,,
12063817,2,2,6,6,,,,,,,,,
12063813,1,1,6,0,3,,,,,,,,
12063811,1,1,2,7,6,,,,,1,,,
12066500,2,2,6,4,6,,,,,,,,
12064929,2,2,7,6,,,,7,,,,,
12066509,0,0,5,6,,,,,5,,,,
12066501,0,0,3,0,,,,,,,,,
12066506,2,2,4,7,6,,,,7,,,,
12063864,0,0,6,4,,,,2,,,,,
12063875,2,2,6,6,,,,,,,,,
12063876,1,1,6,5,2,,,,,,,,
12064938,2,2,6,6,,,,,,,,,
12066342,1,1,6,1,5,,,,,,,,
12066340,2,2,6,1,6,,,,,,,,
12066339,2,2,6,6,,,,,,,,,
12064948,2,2,6,6,,,,,,,,,
12066341,2,2,6,6,6,,,,1,,,,
12064949,0,0,4,4,,,,,,,,,
12066343,2,2,0,7,6,,,,,,,,
12066344,0,0,4,1,,,,,,,,,
12064951,2,2,6,6,,,,,,,,,
12064945,0,0,0,3,,,,,,,,,
12066345,2,2,6,6,,,,,,,,,
12066346,2,2,6,6,,,,,,,,,
12063757,2,2,6,6,,,,,,,,,
12063774,0,0,0,0,,,,,,,,,
12063770,2,2,6,6,,,,,,,,,
12063758,0,0,6,1,,,,3,,,,,
12066504,2,2,6,7,,,,,,,,,
12065018,0,0,4,3,,,,,,,,,
12066507,2,2,6,6,,,,,,,,,
12066512,2,2,6,6,,,,,,,,,
12049812,2,2,6,7,,,,,,,,,
12059258,2,2,6,6,6,,,5,,,,,
12059257,2,2,6,6,,,,,,,,,
12059252,2,2,7,6,,,,7,,,,,
12059259,0,0,4,4,,,,,,,,,
12059251,1,1,3,6,5,,,,,,,,
12063925,1,1,5,6,2,,,,,,,,
12063932,2,2,6,6,,,,,,,,,
12063930,2,2,6,6,,,,,,,,,
12063929,2,2,7,6,,,,7,,,,,
12063931,0,0,6,4,,,,5,,,,,
12059253,2,2,6,6,6,,,6,,,,,
12059256,,,,,,,,,,,,,
12065726,0,0,3,3,,,,,,,,,
12063928,1,1,4,6,6,,,,,3,,,
12059254,1,1,2,6,1,,,,,,,,
12049726,0,0,2,3,,,,,,,,,
12059249,2,2,6,6,,,,,,,,,
12059271,0,0,6,1,,,,3,,,,,
12059264,2,2,7,6,,,,7,,,,,
12059273,2,2,6,6,,,,,,,,,
12059263,1,1,6,2,6,,,,,5,,,
12059267,0,0,1,6,,,,,2,,,,
12059268,1,1,1,7,1,,,,,,,,
12063637,0,0,3,4,,,,,,,,,
12063638,0,0,4,6,,,,,3,,,,
12059266,2,2,6,5,7,,,,,7,,,
12059261,1,1,3,6,2,,,,,,,,
12059269,1,1,7,6,4,,,,4,,,,
12063639,1,1,4,7,3,,,,,,,,
12059262,2,2,7,6,,,,,,,,,
12059270,2,2,7,6,,,,,,,,,
12063636,2,2,6,6,,,,,,,,,
12063640,2,2,6,6,,,,,,,,,
12049736,0,0,4,4,,,,,,,,,
12058640,,,,,,,,,,,,,
12058633,0,0,3,2,,,,,,,,,
12058635,1,1,0,7,10,,,,8,,,,
12058639,0,0,4,2,,,,,,,,,
12065955,0,0,4,6,,,,,7,,,,
12058634,,,,,,,,,,,,,
12058636,2,2,6,6,,,,,,,,,
12058637,0,0,4,4,,,,,,,,,
12063088,0,0,1,0,,,,,,,,,
12063065,2,2,7,6,,,,7,,,,,
12063372,2,2,6,1,7,,,,,7,,,
12063311,1,1,7,0,,,,,,,,,
12063527,0,0,1,2,,,,,,,,,
12061919,1,1,6,3,4,,,,,,,,
12061539,0,0,5,6,,,,,1,,,,
12063861,0,0,2,5,,,,,,,,,
12063874,0,0,5,3,,,,,,,,,
12066014,2,2,7,6,,,,7,,,,,
12064967,2,2,6,6,,,,,,,,,
12064963,1,1,5,7,6,,,,7,5,,,
12066015,2,2,6,6,,,,,,,,,
12064965,0,0,2,4,,,,,,,,,
12064975,0,0,3,3,,,,,,,,,
12064959,1,1,6,3,,,,,,,,,
12064964,2,2,6,7,,,,,,,,,
12066018,2,2,2,7,6,,,,7,,,,
12066016,2,2,6,6,,,,,,,,,
12066020,0,0,6,6,,,,2,8,,,,
12066019,2,2,6,6,,,,,,,,,
12066022,2,2,6,6,,,,,,,,,
12066021,0,0,4,3,,,,,,,,,
12064004,0,0,3,3,,,,,,,,,
12063983,0,0,3,3,,,,,,,,,
12064002,1,1,6,4,4,,,,,,,,
12063995,0,0,2,0,,,,,,,,,
12065900,2,2,6,6,,,,,,,,,
12064960,2,2,6,7,,,,,7,,,,
12065897,2,2,6,6,,,,,,,,,
12065896,2,2,6,6,,,,,,,,,
12064936,2,2,6,7,,,,,7,,,,
12064969,2,2,6,6,,,,,,,,,
12065895,0,0,1,4,,,,,,,,,
12065894,2,2,6,6,,,,,,,,,
12065899,1,1,6,6,1,,,4,,,,,
12065893,0,0,2,2,,,,,,,,,
12065898,1,1,1,6,2,,,,,,,,
12064933,0,0,6,3,,,,5,,,,,
12063316,0,0,1,6,,,,,4,,,,
12063312,1,1,7,3,0,,,7,,,,,
12063329,0,0,6,2,,,,5,,,,,
12063317,2,2,6,6,,,,,,,,,
12063321,1,1,1,7,3,,,,,,,,
12064943,2,2,6,7,,,,,,,,,
12065153,2,2,6,5,7,,,,,9,,,
12064941,1,1,4,6,1,,,,,,,,
12065152,2,2,6,6,,,,,,,,,
12065148,2,2,6,6,,,,,,,,,
12064914,2,2,6,6,,,,,,,,,
12065149,0,0,4,0,,,,,,,,,
12065151,2,2,6,6,,,,,,,,,
12064920,2,2,6,6,,,,,,,,,
12065147,0,0,1,4,,,,,,,,,
12065150,0,0,5,4,,,,,,,,,
12060687,1,1,4,6,9,,,,,,,,
12063555,0,0,3,4,,,,,,,,,
12063565,2,2,6,6,,,,,,,,,
12063557,0,0,4,4,,,,,,,,,
12063564,2,2,6,6,,,,,,,,,
12063567,2,2,4,7,6,,,,7,,,,
12059442,0,0,3,6,,,,,1,,,,
12059447,2,2,4,6,6,,,,,,,,
12059446,1,1,7,1,2,,,7,,,,,
12059445,2,2,6,6,,,,,,,,,
12059443,2,2,6,6,,,,,,,,,
12059440,2,2,7,4,7,,,,,,,,
12062467,0,0,3,1,,,,,,,,,
12062468,2,2,7,6,,,,7,,,,,
12062466,2,2,2,6,6,,,,,,,,
12062465,0,0,2,1,,,,,,,,,
12059444,2,2,6,6,,,,,,,,,
12059441,0,0,3,3,,,,,,,,,
12057531,0,0,4,4,,,,,,,,,
12057533,2,2,4,6,6,,,,,,,,
12063982,2,2,6,7,,,,,7,,,,
12057535,,,,,,,,,,,,,
12057530,0,0,4,6,,,,,3,,,,
12057534,1,1,2,6,1,,,,,,,,
12057529,2,2,7,6,,,,,,,,,
12064031,2,2,7,6,,,,,,,,,
12057528,,,,,,,,,,,,,
12064030,2,2,6,7,,,,,7,,,,
12066746,1,1,6,2,6,,,,,1,,,
12064028,1,1,6,4,2,,,,,,,,
12057532,0,0,4,6,,,,,5,,,,
12064029,0,0,1,2,,,,,,,,,
12056873,0,0,5,6,,,,,4,,,,
12058886,2,2,6,3,6,,,,,,,,
12056871,,,,,,,,,,,,,
12056869,2,2,7,3,7,,,,,7,,,
12063423,2,2,6,6,,,,,,,,,
12058888,2,2,6,6,,,,,,,,,
12056878,0,0,2,6,,,,,2,,,,
12056879,1,1,5,6,5,,,,,,,,
12058887,2,2,6,7,,,,,10,,,,
12056870,0,0,5,4,,,,,,,,,
12056866,2,2,6,6,,,,,,,,,
12056872,2,2,2,7,6,,,,7,,,,
12049681,0,0,1,1,,,,,,,,,
12049675,1,1,2,6,4,,,,,,,,
12049673,0,0,2,,,,,,,,,,
12049668,1,1,2,6,3,,,,,,,,
12049679,2,2,0,6,6,,,,,,,,
12049678,0,0,1,3,,,,,,,,,
12049695,2,2,7,6,,,,7,,,,,
12049674,1,1,6,6,5,,,,2,,,,
12049677,0,0,4,5,,,,,,,,,
12049693,2,2,6,3,6,,,,,,,,
12049697,2,2,6,5,6,,,,,,,,
12049672,0,0,2,4,,,,,,,,,
12049696,2,2,6,6,,,,,,,,,
12049694,2,2,6,6,,,,,,,,,
12049698,2,2,6,7,,,,,11,,,,
12049680,2,2,6,6,,,,,,,,,
12049692,,,,,,,,,,,,,
12049689,2,2,7,6,,,,,,,,,
12049690,0,0,4,3,,,,,,,,,
12049691,2,2,7,6,,,,,,,,,
12049676,1,1,6,5,1,,,,,,,,
12061694,0,0,3,0,,,,,,,,,
12059247,2,2,6,6,,,,,,,,,
12059244,0,0,3,1,,,,,,,,,
12059246,2,2,6,6,,,,,,,,,
12059245,2,2,6,3,6,,,,,,,,
12059248,1,1,7,,,,,8,,,,,
12063937,0,0,2,,,,,,,,,,
12063939,0,0,1,2,,,,,,,,,
12060816,2,2,6,6,,,,,,,,,
12059235,2,2,6,6,,,,,,,,,
12059243,2,2,7,7,,,,7,7,,,,
12059239,0,0,6,3,,,,4,,,,,
12059241,2,2,6,6,,,,,,,,,
12063940,1,1,6,1,6,,,,,6,,,
12063938,2,2,6,6,,,,,,,,,
12059242,2,2,6,6,,,,,,,,,
12063941,2,2,6,1,7,,,,,,,,
12049782,2,2,6,6,,,,,,,,,
12049778,1,1,5,7,5,,,,7,,,,
12049788,2,2,6,6,,,,,,,,,
12049787,2,2,6,6,,,,,,,,,
12049780,2,2,3,6,6,,,,,,,,
12049786,1,1,6,6,0,,,,5,,,,
12049781,0,0,2,2,,,,,,,,,
12049775,2,2,7,6,,,,,,,,,
12059843,0,0,5,2,,,,,,,,,
12063388,2,2,7,6,,,,,,,,,
12063390,0,0,2,5,,,,,,,,,
12059847,0,0,3,2,,,,,,,,,
12059942,2,2,6,6,,,,,,,,,
12063389,2,2,3,6,6,,,,,,,,
12063391,1,1,6,3,6,,,,,0,,,
12063386,2,2,6,7,,,,,7,,,,
12063387,2,2,7,3,6,,,7,,,,,
12059841,0,0,2,5,,,,,,,,,
12059844,2,2,6,6,,,,,,,,,
12059840,0,0,3,3,,,,,,,,,
12059850,0,0,3,0,,,,,,,,,
12049802,2,2,1,6,6,,,,,,,,
12049804,2,2,6,6,,,,,,,,,
12049817,2,2,7,6,,,,,,,,,
12061293,2,2,6,6,6,,,,12,,,,
12056909,0,0,6,4,,,,5,,,,,
12056906,1,1,6,6,6,,,,7,3,,,
12061298,2,2,7,7,,,,7,10,,,,
12056908,2,2,6,6,,,,,,,,,
12056902,2,2,4,6,6,,,,,,,,
12058339,2,2,7,6,,,,7,,,,,
12056899,0,0,4,3,,,,,,,,,
12056905,2,2,4,7,7,,,,7,7,,,
12061324,2,2,7,6,,,,,,,,,
12056907,1,1,3,7,6,,,,11,9,,,
12056904,1,1,6,6,3,,,5,,,,,
12061325,2,2,7,7,,,,7,7,,,,
12056903,0,0,6,3,,,,4,,,,,
12049651,0,0,4,4,,,,,,,,,
12056901,2,2,6,2,6,,,,,,,,
12063509,1,1,6,3,10,,,,,,,,
12063508,2,2,7,6,,,,7,,,,,
12063506,2,2,0,6,10,,,,,,,,
12062146,1,1,2,6,4,,,,,,,,
12062137,2,2,3,6,10,,,,,,,,
12062144,2,2,6,6,10,,,,,,,,
12062141,2,2,6,7,11,,,,,,,,
12062140,0,0,3,3,,,,,,,,,
12062139,0,0,6,1,,,,,,,,,
12062148,0,0,1,2,,,,,,,,,
12062147,2,2,6,6,10,,,,,,,,
12062135,2,2,6,6,,,,,,,,,
12062133,2,2,4,6,10,,,,,,,,
12062134,2,2,6,6,,,,,,,,,
12062138,2,2,6,6,,,,,,,,,
12062136,2,2,6,5,10,,,,,,,,
12062142,0,0,1,3,,,,,,,,,
12062145,2,2,6,6,,,,,,,,,
12062143,0,0,3,5,,,,,,,,,
12064412,2,2,2,7,10,,,,,,,,
12064410,1,1,7,1,10,,,,,,,,
12064419,0,0,4,1,,,,,,,,,
12064411,0,0,2,1,,,,,,,,,
12064417,2,2,7,6,,,,,,,,,
12064409,1,1,3,6,8,,,,,,,,
12064414,2,2,6,6,,,,,,,,,
12064413,,,,,,,,,,,,,
12061956,0,0,3,1,,,,,,,,,
12061963,0,0,0,6,,,,,,,,,
12061967,1,1,4,6,9,,,,,,,,
12061965,2,2,6,6,,,,,,,,,
12061966,2,2,4,6,10,,,,,,,,
12061960,2,2,6,6,,,,,,,,,
12061954,2,2,6,6,,,,,,,,,
12061962,0,0,6,4,,,,,,,,,
12061959,0,0,2,0,,,,,,,,,
12061957,0,0,1,1,,,,,,,,,
12061955,0,0,4,3,,,,,,,,,
12061961,0,0,1,3,,,,,,,,,
12061964,0,0,2,4,,,,,,,,,
12061968,2,2,6,4,10,,,,,,,,
12061958,0,0,4,0,,,,,,,,,
12061953,2,2,6,6,,,,,,,,,
12064217,0,0,4,2,,,,,,,,,
12064214,1,1,6,3,6,,,,,,,,
12064211,2,2,7,6,,,,7,,,,,
12066179,0,0,4,1,,,,,,,,,
12066577,2,2,4,6,10,,,,,,,,
12066325,0,0,2,1,,,,,,,,,
12066324,0,0,2,5,,,,,,,,,
12066790,2,2,6,7,,,,,7,,,,
12063669,1,1,7,5,4,,,10,,,,,
12063666,0,0,3,6,,,,,8,,,,
12063663,1,1,6,6,9,,,,5,,,,
12063672,0,0,5,2,,,,,,,,,
12063662,0,0,5,2,,,,,,,,,
12063661,0,0,5,2,,,,,,,,,
12063671,2,2,6,4,10,,,,,,,,
12063660,1,1,5,6,7,,,,,,,,
12061472,0,0,0,4,,,,,,,,,
12061477,2,2,6,6,7,,,6,,,,,
12061460,2,2,6,6,,,,,,,,,
12061740,0,0,4,3,,,,,,,,,
12061481,0,0,4,2,,,,,,,,,
12061018,2,2,6,6,,,,,,,,,
12061024,2,2,6,6,,,,,,,,,
12061026,2,2,7,4,10,,,,,,,,
12061007,2,2,5,7,10,,,,,,,,
12061014,0,0,0,2,,,,,,,,,
12061020,0,0,1,1,,,,,,,,,
12063615,0,0,2,2,,,,,,,,,
12063587,2,2,6,6,,,,,,,,,
12063611,2,2,6,6,,,,,,,,,
12061464,0,0,4,1,,,,,,,,,
12061451,,,,,,,,,,,,,
12061457,2,2,6,6,,,,,,,,,
12061466,2,2,6,6,,,,,,,,,
12061473,0,0,2,2,,,,,,,,,
12061448,0,0,0,0,,,,,,,,,
12061469,2,2,6,6,,,,,,,,,
12061479,1,1,6,3,6,,,,,,,,
12063877,0,0,0,6,,,,,9,,,,
12063871,1,1,6,3,7,,,,,,,,
12063889,0,0,3,2,,,,,,,,,
12063882,0,0,2,1,,,,,,,,,
12063860,2,2,6,5,10,,,,,,,,
12063869,2,2,6,3,10,,,,,,,,
12063863,2,2,6,6,,,,,,,,,
12063884,2,2,6,4,10,,,,,,,,
12061250,2,2,6,1,10,,,,,,,,
12061254,2,2,6,6,,,,,,,,,
12061259,2,2,6,6,,,,,,,,,
12061241,2,2,4,7,11,,,,,,,,
12061245,2,2,6,6,,,,,,,,,
12063756,2,2,7,6,,,,,,,,,
12063762,0,0,2,4,,,,,,,,,
12063766,1,1,7,6,5,,,,,,,,
12063767,0,0,2,0,,,,,,,,,
12063768,2,2,5,6,11,,,,,,,,
12063765,0,0,2,4,,,,,,,,,
12063759,2,2,6,6,,,,,,,,,
12063761,1,1,6,1,3,,,,,,,,
12061572,0,0,0,3,,,,,,,,,
12061564,0,0,0,4,,,,,,,,,
12061570,0,0,2,1,,,,,,,,,
12061561,1,1,6,4,7,,,,,,,,
12061574,2,2,7,6,,,,,,,,,
12063396,0,0,0,0,,,,,,,,,
12063402,0,0,2,1,,,,,,,,,
12063409,2,2,6,7,,,,,,,,,
12063406,0,0,4,3,,,,,,,,,
12063399,0,0,2,3,,,,,,,,,
12063403,2,2,2,6,10,,,,,,,,
12063400,0,0,0,4,,,,,,,,,
12063405,2,2,6,7,,,,,,,,,
12063397,2,2,6,6,,,,,,,,,
12064000,2,2,6,6,,,,,,,,,
12063991,0,0,5,5,,,,,,,,,
12063398,2,2,6,6,,,,,,,,,
12064001,0,0,4,6,,,,,10,,,,
12063408,0,0,1,5,,,,,,,,,
12066013,2,2,6,6,,,,,,,,,
12065890,1,1,6,3,11,,,,,,,,
12065914,2,2,3,6,10,,,,,,,,
12065913,2,2,6,6,13,,,,5,,,,
12063985,0,0,2,3,,,,,,,,,
12062455,0,0,3,2,,,,,,,,,
12062459,2,2,6,6,,,,,,,,,
12062456,1,1,3,6,3,,,,,,,,
12062457,0,0,1,5,,,,,,,,,
12062460,2,2,6,7,,,,,7,,,,
12062454,0,0,4,6,,,,,5,,,,
12062453,0,0,6,2,,,,3,,,,,
12062458,2,2,6,6,,,,,,,,,
12061282,2,2,6,2,6,,,,,,,,
12061283,2,2,6,6,,,,,,,,,
12061278,2,2,1,6,6,,,,,,,,
12061552,2,2,6,6,,,,,,,,,
12061553,2,2,6,6,,,,,,,,,
12063652,0,0,2,2,,,,,,,,,
12063651,0,0,4,1,,,,,,,,,
12063644,1,1,6,3,3,,,,,,,,
12063643,0,0,0,2,,,,,,,,,
12063641,2,2,6,6,,,,,,,,,
12063642,0,0,0,2,,,,,,,,,
12063649,0,0,3,1,,,,,,,,,
12063645,2,2,7,6,,,,,,,,,
12064980,0,0,4,3,,,,,,,,,
12064973,1,1,4,7,2,,,,,,,,
12063604,2,2,6,6,,,,,,,,,
12064985,0,0,2,4,,,,,,,,,
12063614,1,1,6,2,0,,,,,,,,
12063613,2,2,6,6,,,,,,,,,
12064981,0,0,3,1,,,,,,,,,
12071943,2,2,6,4,6,,,,,,,,
12063607,0,0,2,3,,,,,,,,,
12063875,2,2,6,6,,,,,,,,,
12063876,1,1,6,5,2,,,,,,,,
12064938,2,2,6,6,,,,,,,,,
12066342,1,1,6,1,5,,,,,,,,
12066340,2,2,6,1,6,,,,,,,,
12066339,2,2,6,6,,,,,,,,,
12064948,2,2,6,6,,,,,,,,,
12066341,2,2,6,6,6,,,,1,,,,
12064949,0,0,4,4,,,,,,,,,
12066343,2,2,0,7,6,,,,,,,,
12066344,0,0,4,1,,,,,,,,,
12064951,2,2,6,6,,,,,,,,,
12064945,0,0,0,3,,,,,,,,,
12066345,2,2,6,6,,,,,,,,,
12066346,2,2,6,6,,,,,,,,,
12069106,2,2,6,6,6,,,3,,,,,
12069064,2,2,6,6,,,,,,,,,
12066276,2,2,3,6,6,,,,,,,,
12069643,2,2,7,4,6,,,,,,,,
12069330,2,2,6,6,,,,,,,,,
12069384,1,1,6,6,2,,,2,,,,,
12069780,2,2,6,6,,,,,,,,,
12069331,0,0,2,0,,,,,,,,,
12063770,2,2,6,6,,,,,,,,,
12063758,0,0,6,1,,,,3,,,,,
12066504,2,2,6,7,,,,,,,,,
12065018,0,0,4,3,,,,,,,,,
12066507,2,2,6,6,,,,,,,,,
12066512,2,2,6,6,,,,,,,,,
12066508,2,2,2,6,6,,,,,,,,
12065015,0,0,6,3,,,,4,,,,,
12066510,2,2,6,6,,,,,,,,,
12066515,2,2,7,7,,,,,7,,,,
12066511,0,0,4,2,,,,,,,,,
12065024,2,2,6,6,,,,,,,,,
12066503,2,2,5,6,6,,,,,,,,
12065019,1,1,7,4,5,,,,,,,,
12066120,2,2,7,6,,,,7,,,,,
12069327,2,2,5,6,6,,,,,,,,
12069140,0,0,1,3,,,,,,,,,
12069822,2,2,7,6,,,,7,,,,,
12069699,1,1,4,6,6,,,,,2,,,
12069923,1,1,3,6,2,,,,,,,,
12069537,1,1,4,6,6,,,,,7,,,
12065028,0,0,3,0,,,,,,,,,
12064983,2,2,6,6,,,,,,,,,
12066757,1,1,7,3,4,,,7,,,,,
12064972,0,0,0,1,,,,,,,,,
12066756,2,2,6,6,,,,,,,,,
12064979,0,0,4,3,,,,,,,,,
12066762,2,2,7,7,,,,7,,,,,
12066758,1,1,6,4,5,,,,,,,,
12064978,2,2,6,6,,,,,,,,,
12066759,2,2,7,6,,,,,,,,,
12064958,2,2,6,6,,,,,,,,,
12064955,1,1,6,6,4,,,,3,,,,
12066761,,,,,,,,,,,,,
12069329,2,2,3,7,6,,,,7,,,,
12066760,2,2,6,6,,,,,,,,,
12069074,2,2,4,7,6,,,,7,,,,
12064962,2,2,1,6,7,,,,,9,,,
12069069,0,0,0,0,,,,,,,,,
12069902,0,0,0,1,,,,,,,,,
12069398,0,0,0,0,,,,,,,,,
12069696,0,0,1,4,,,,,,,,,
12069153,2,2,3,6,6,,,,,,,,
12069908,0,0,0,4,,,,,,,,,
12064510,1,1,3,6,2,,,,,,,,
12064505,0,0,5,2,,,,,,,,,
12064507,1,1,5,6,4,,,,,,,,
12064514,1,1,7,4,4,,,,,,,,
12064506,2,2,6,7,,,,,,,,,
12064519,0,0,1,0,,,,,,,,,
12064504,1,1,7,3,3,,,7,,,,,
12064508,0,0,3,2,,,,,,,,,
12064509,2,2,6,6,,,,,,,,,
12064516,2,2,7,6,,,,,,,,,
12064518,2,2,6,6,,,,,,,,,
12064511,2,2,6,6,,,,,,,,,
12064515,1,1,3,6,5,,,,,,,,
12064513,2,2,6,1,6,,,,,,,,
12064512,,,,,,,,,,,,,
12067467,,,6,0,,,,,,,,,
12064517,0,0,1,0,,,,,,,,,
12067299,0,0,2,3,,,,,,,,,
12067531,2,2,6,6,,,,,,,,,
12067446,2,2,1,6,6,,,,,,,,
12067530,2,2,6,6,,,,,,,,,
12067154,1,1,3,6,4,,,,,,,,
12067969,0,0,6,5,,,,4,,,,,
12067979,2,2,3,6,6,,,,,,,,
12067156,2,2,6,6,,,,,,,,,
12064415,0,0,3,5,,,,,,,,,
12064418,0,0,2,4,,,,,,,,,
12064416,1,1,6,1,2,,,,,,,,
12064422,0,0,4,6,,,,,3,,,,
12067110,2,2,6,6,,,,,,,,,
12065010,2,2,6,6,,,,,,,,,
12067106,2,2,6,4,6,,,,,,,,
12067112,1,1,6,5,5,,,,,,,,
12067111,0,0,3,1,,,,,,,,,
12067107,2,2,4,6,6,,,,,,,,
12067108,2,2,6,6,,,,,,,,,
12065026,2,2,6,6,,,,,,,,,
12065025,2,2,6,6,,,,,,,,,
12067109,1,1,7,4,5,,,11,,,,,
12065012,1,1,6,2,3,,,,,,,,
12065030,2,2,6,6,,,,,,,,,
12064212,1,1,6,3,,,,,,,,,
12064215,2,2,1,6,6,,,,,,,,
12064216,2,2,6,7,,,,,7,,,,
12064213,1,1,4,6,2,,,,,,,,
12065032,1,1,6,6,5,,,4,,,,,
12067405,0,0,4,3,,,,,,,,,
12065029,2,2,4,7,6,,,,,,,,
12065031,0,0,1,5,,,,,,,,,
12065027,1,1,3,6,2,,,,,,,,
12067406,1,1,3,6,4,,,,,,,,
12067410,1,1,2,7,4,,,,7,,,,
12067411,0,0,6,1,,,,3,,,,,
12067409,1,1,6,2,,,,,,,,,
12065009,2,2,6,6,,,,,,,,,
12067408,1,1,4,6,6,,,,,4,,,
12067407,2,2,1,6,6,,,,,,,,
12067464,2,2,7,6,,,,,,,,,
12069800,0,0,4,2,,,,,,,,,
12069916,1,1,4,7,1,,,,,,,,
12070034,1,1,6,1,2,,,,,,,,
12066137,0,0,4,6,,,,,3,,,,
12064906,0,0,3,3,,,,,,,,,
12064911,2,2,6,6,,,,,,,,,
12064889,0,0,3,4,,,,,,,,,
12064907,0,0,0,,,,,,,,,,
12064912,2,2,6,6,,,,,,,,,
12066135,1,1,7,6,5,,,7,3,,,,
12064887,0,0,3,4,,,,,,,,,
12064910,0,0,4,3,,,,,,,,,
12064908,0,0,4,4,,,,,,,,,
12066133,1,1,2,6,2,,,,,,,,
12066140,2,2,7,6,,,,,,,,,
12064904,2,2,6,6,,,,,,,,,
12066136,2,2,6,6,,,,,,,,,
12066134,2,2,7,6,,,,7,,,,,
12066138,0,0,0,0,,,,,,,,,
12069209,2,2,6,7,,,,,9,,,,
12069397,2,2,6,6,,,,,,,,,
12069563,2,2,7,6,,,,,,,,,
12069512,2,2,6,6,,,,,,,,,
12068864,1,1,7,1,1,,,,,,,,
12069399,2,2,6,3,6,,,,,,,,
12069117,1,1,6,4,5,,,,,,,,
12069793,1,1,3,6,3,,,,,,,,
12064997,0,0,0,0,,,,,,,,,
12064996,0,0,6,5,,,,2,,,,,
12064990,2,2,2,7,6,,,,7,,,,
12064995,2,2,6,6,,,,,,,,,
12064999,0,0,3,1,,,,,,,,,
12064988,0,0,5,2,,,,,,,,,
12064987,0,0,4,4,,,,,,,,,
12064986,1,1,7,4,5,,,,,,,,
12069267,2,2,6,6,,,,,,,,,
12069265,2,2,3,6,6,,,,,,,,
12069271,0,0,2,3,,,,,,,,,
12069269,0,0,3,4,,,,,,,,,
12063948,0,0,0,0,,,,,,,,,
12063950,2,2,6,6,,,,,,,,,
12063947,0,0,3,2,,,,,,,,,
12063533,2,2,3,6,10,,,,,,,,
12064027,2,2,6,6,,,,,,,,,
12063946,0,0,2,1,,,,,,,,,
12063949,,,,,,,,,,,,,
12066108,0,0,1,2,,,,,,,,,
12066333,0,0,0,3,,,,,,,,,
12066334,1,1,5,6,8,,,,,,,,
12066109,0,0,2,4,,,,,,,,,
12067038,0,0,4,3,,,,,,,,,
12067036,0,0,2,6,,,,,3,,,,
12066584,0,0,3,0,,,,,,,,,
12067037,0,0,4,3,,,,,,,,,
12063813,1,1,6,0,3,,,,,,,,
12063811,1,1,2,7,6,,,,,1,,,
12066500,2,2,6,4,6,,,,,,,,
12064929,2,2,7,6,,,,7,,,,,
12066509,0,0,5,6,,,,,5,,,,
12066501,0,0,3,0,,,,,,,,,
12066506,2,2,4,7,6,,,,7,,,,
12066514,0,0,1,6,,,,,3,,,,
12066502,1,1,6,5,2,,,,,,,,
12066505,0,0,6,1,,,,3,,,,,
12064935,0,0,4,4,,,,,,,,,
12064942,0,0,3,6,,,,,5,,,,
12066513,2,2,6,6,,,,,,,,,
12066841,1,1,6,3,5,,,,,,,,
12069967,2,2,6,4,6,,,,,,,,
12065958,0,0,2,4,,,,,,,,,
12064927,1,1,6,6,3,,,4,,,,,
12063595,2,2,6,6,,,,,,,,,
12049740,0,0,3,1,,,,,,,,,
12058633,0,0,3,2,,,,,,,,,
12058635,1,1,0,7,10,,,,8,,,,
12058639,0,0,4,2,,,,,,,,,
12065955,0,0,4,6,,,,,7,,,,
12058634,,,,,,,,,,,,,
12058636,2,2,6,6,,,,,,,,,
12058637,0,0,4,4,,,,,,,,,
12065959,2,2,5,6,10,,,,,,,,
12058638,0,0,1,4,,,,,,,,,
12049737,0,0,2,6,,,,,6,,,,
12063593,2,2,6,6,,,,,,,,,
12064946,2,2,6,6,,,,,,,,,
12063596,2,2,4,6,6,,,,,,,,
12064937,0,0,5,2,,,,,,,,,
12063601,0,0,0,3,,,,,,,,,
12064932,2,2,7,2,6,,,8,,,,,
12063591,2,2,6,3,7,,,,,7,,,
12063597,2,2,5,6,6,,,,,,,,
12071906,2,2,6,6,6,,,4,,,,,
12064931,0,0,3,5,,,,,,,,,
12071827,1,1,6,3,4,,,,,,,,
12071825,0,0,4,1,,,,,,,,,
12071831,2,2,6,6,,,,,,,,,
12071830,2,2,6,6,,,,,,,,,
12066014,2,2,7,6,,,,7,,,,,
12064967,2,2,6,6,,,,,,,,,
12064963,1,1,5,7,6,,,,7,5,,,
12066015,2,2,6,6,,,,,,,,,
12064965,0,0,2,4,,,,,,,,,
12064975,0,0,3,3,,,,,,,,,
12064959,1,1,6,3,,,,,,,,,
12064964,2,2,6,7,,,,,,,,,
12066018,2,2,2,7,6,,,,7,,,,
12066016,2,2,6,6,,,,,,,,,
12066020,0,0,6,6,,,,2,8,,,,
12066019,2,2,6,6,,,,,,,,,
12066022,2,2,6,6,,,,,,,,,
12066021,0,0,4,3,,,,,,,,,
12069700,2,2,6,7,,,,,,,,,
12069154,2,2,7,7,,,,,,,,,
12069823,0,0,3,3,,,,,,,,,
12069799,0,0,3,1,,,,,,,,,
12069328,1,1,1,6,5,,,,,,,,
12069698,0,0,4,0,,,,,,,,,
12069348,1,1,2,7,3,,,,,,,,
12065900,2,2,6,6,,,,,,,,,
12064960,2,2,6,7,,,,,7,,,,
12065897,2,2,6,6,,,,,,,,,
12065896,2,2,6,6,,,,,,,,,
12064936,2,2,6,7,,,,,7,,,,
12064969,2,2,6,6,,,,,,,,,
12065895,0,0,1,4,,,,,,,,,
12065894,2,2,6,6,,,,,,,,,
12065899,1,1,6,6,1,,,4,,,,,
12065893,0,0,2,2,,,,,,,,,
12065898,1,1,1,6,2,,,,,,,,
12064933,0,0,6,3,,,,5,,,,,
12069622,2,2,5,6,6,,,,,,,,
12069400,0,0,3,3,,,,,,,,,
12069073,1,1,5,7,4,,,,,,,,
12069513,2,2,6,6,6,,,,6,,,,
12069121,2,2,4,6,6,,,,,,,,
12069094,1,1,4,7,5,,,,7,,,,
12069708,2,2,6,6,,,,,,,,,
12069227,2,2,6,6,,,,,,,,,
12064943,2,2,6,7,,,,,,,,,
12065153,2,2,6,5,7,,,,,9,,,
12064941,1,1,4,6,1,,,,,,,,
12065152,2,2,6,6,,,,,,,,,
12065148,2,2,6,6,,,,,,,,,
12064914,2,2,6,6,,,,,,,,,
12065149,0,0,4,0,,,,,,,,,
12065151,2,2,6,6,,,,,,,,,
12064920,2,2,6,6,,,,,,,,,
12065147,0,0,1,4,,,,,,,,,
12065150,0,0,5,4,,,,,,,,,
12068799,1,1,6,6,4,,,3,,,,,
12068830,2,2,7,6,,,,7,,,,,
12068094,2,2,7,7,,,,7,,,,,
12068103,2,2,6,7,,,,,,,,,
12065113,0,0,6,4,,,,2,,,,,
12068073,2,2,3,6,6,,,,,,,,
12068012,1,1,6,6,4,,,1,,,,,
12068731,2,2,7,6,,,,,,,,,
12063563,2,2,6,6,6,,,,5,,,,
12063560,0,0,3,4,,,,,,,,,
12063569,0,0,6,4,,,,9,,,,,
12063568,2,2,7,6,,,,7,,,,,
12063566,0,0,4,0,,,,,,,,,
12063556,0,0,4,,,,,,,,,,
12063561,2,2,6,7,,,,,8,,,,
12063562,2,2,6,6,6,,,,8,,,,
12063559,0,0,4,4,,,,,,,,,
12063554,0,0,2,4,,,,,,,,,
12063558,1,1,6,1,,,,,,,,,
12069795,2,2,7,6,,,,7,,,,,
12069782,2,2,6,7,,,,,,,,,
12069079,2,2,7,6,,,,,,,,,
12069628,1,1,7,3,4,,,7,,,,,
12069199,2,2,3,7,6,,,,7,,,,
12066148,2,2,7,6,,,,7,,,,,
12066809,2,2,6,6,,,,,,,,,
12059444,2,2,6,6,,,,,,,,,
12059441,0,0,3,3,,,,,,,,,
12049589,2,2,6,6,,,,,,,,,
12049572,1,1,4,6,1,,,,,,,,
12049573,0,0,6,0,,,,3,,,,,
12049586,1,1,7,2,6,,,7,,5,,,
12057534,1,1,2,6,1,,,,,,,,
12057529,2,2,7,6,,,,,,,,,
12064031,2,2,7,6,,,,,,,,,
12057528,,,,,,,,,,,,,
12064030,2,2,6,7,,,,,7,,,,
12066746,1,1,6,2,6,,,,,1,,,
12064028,1,1,6,4,2,,,,,,,,
12057532,0,0,4,6,,,,,5,,,,
12064029,0,0,1,2,,,,,,,,,
12049624,2,2,6,6,,,,,,,,,
12049626,1,1,2,6,4,,,,,,,,
12049622,2,2,6,6,6,,,,5,,,,
12049611,0,0,6,4,,,,5,,,,,
12049679,2,2,0,6,6,,,,,,,,
12049678,0,0,1,3,,,,,,,,,
12049695,2,2,7,6,,,,7,,,,,
12049674,1,1,6,6,5,,,,2,,,,
12049677,0,0,4,5,,,,,,,,,
12049693,2,2,6,3,6,,,,,,,,
12049697,2,2,6,5,6,,,,,,,,
12049672,0,0,2,4,,,,,,,,,
12049696,2,2,6,6,,,,,,,,,
12049694,2,2,6,6,,,,,,,,,
12049698,2,2,6,7,,,,,11,,,,
12049680,2,2,6,6,,,,,,,,,
12049692,,,,,,,,,,,,,
12049689,2,2,7,6,,,,,,,,,
12049690,0,0,4,3,,,,,,,,,
12049691,2,2,7,6,,,,,,,,,
12049676,1,1,6,5,1,,,,,,,,
12067090,2,2,6,6,6,,,,6,,,,
12049669,,,,,,,,,,,,,
12049670,0,0,1,4,,,,,,,,,
12049671,0,0,0,3,,,,,,,,,
12049685,0,0,5,4,,,,,,,,,
12059243,2,2,7,7,,,,7,7,,,,
12059239,0,0,6,3,,,,4,,,,,
12059241,2,2,6,6,,,,,,,,,
12063940,1,1,6,1,6,,,,,6,,,
12063938,2,2,6,6,,,,,,,,,
12059242,2,2,6,6,,,,,,,,,
12063941,2,2,6,1,7,,,,,,,,
12049782,2,2,6,6,,,,,,,,,
12049778,1,1,5,7,5,,,,7,,,,
12049788,2,2,6,6,,,,,,,,,
12049787,2,2,6,6,,,,,,,,,
12049780,2,2,3,6,6,,,,,,,,
12049786,1,1,6,6,0,,,,5,,,,
12049781,0,0,2,2,,,,,,,,,
12049775,2,2,7,6,,,,,,,,,
12049777,1,1,6,2,,,,,,,,,
12049774,0,0,4,4,,,,,,,,,
12049791,2,2,6,6,,,,,,,,,
12049779,2,2,5,6,6,,,,,,,,
12059844,2,2,6,6,,,,,,,,,
12059840,0,0,3,3,,,,,,,,,
12059850,0,0,3,0,,,,,,,,,
12049802,2,2,1,6,6,,,,,,,,
12049804,2,2,6,6,,,,,,,,,
12049817,2,2,7,6,,,,,,,,,
12049812,2,2,6,7,,,,,,,,,
12049811,0,0,2,2,,,,,,,,,
12049809,2,2,6,6,,,,,,,,,
12049808,1,1,4,6,4,,,,,,,,
12049803,2,2,6,7,,,,,,,,,
12059253,2,2,6,6,6,,,6,,,,,
12059256,,,,,,,,,,,,,
12065726,0,0,3,3,,,,,,,,,
12063928,1,1,4,6,6,,,,,3,,,
12059254,1,1,2,6,1,,,,,,,,
12049726,0,0,2,3,,,,,,,,,
12059249,2,2,6,6,,,,,,,,,
12049715,2,2,6,6,,,,,,,,,
12049720,2,2,6,7,,,,,,,,,
12059255,0,0,5,4,,,,,,,,,
12049711,2,2,7,6,,,,7,,,,,
12049719,2,2,1,6,6,,,,,,,,
12049727,0,0,3,4,,,,,,,,,
12063637,0,0,3,4,,,,,,,,,
12063638,0,0,4,6,,,,,3,,,,
12059266,2,2,6,5,7,,,,,7,,,
12059261,1,1,3,6,2,,,,,,,,
12059269,1,1,7,6,4,,,,4,,,,
12063639,1,1,4,7,3,,,,,,,,
12059262,2,2,7,6,,,,,,,,,
12059270,2,2,7,6,,,,,,,,,
12063636,2,2,6,6,,,,,,,,,
12063640,2,2,6,6,,,,,,,,,
12049736,0,0,4,4,,,,,,,,,
12049732,1,1,6,5,1,,,,,,,,
12049744,0,0,3,4,,,,,,,,,
12049748,2,2,6,6,,,,,,,,,
12049730,0,0,4,2,,,,,,,,,
12049743,0,0,6,6,,,,4,5,,,,
12056902,2,2,4,6,6,,,,,,,,
12058339,2,2,7,6,,,,7,,,,,
12056899,0,0,4,3,,,,,,,,,
12056905,2,2,4,7,7,,,,7,7,,,
12061324,2,2,7,6,,,,,,,,,
12056907,1,1,3,7,6,,,,11,9,,,
12056904,1,1,6,6,3,,,5,,,,,
12061325,2,2,7,7,,,,7,7,,,,
12056903,0,0,6,3,,,,4,,,,,
12049651,0,0,4,4,,,,,,,,,
12056901,2,2,6,2,6,,,,,,,,
12049650,0,0,3,1,,,,,,,,,
12056910,0,0,3,3,,,,,,,,,
12049640,2,2,3,7,7,,,,8,,,,
12049641,0,0,3,5,,,,,,,,,
12049649,1,1,4,6,3,,,,,,,,
12049648,2,2,6,7,7,,,5,7,7,,,
12059443,2,2,6,6,,,,,,,,,
12059440,2,2,7,4,7,,,,,,,,
12062467,0,0,3,1,,,,,,,,,
12062468,2,2,7,6,,,,7,,,,,
12062466,2,2,2,6,6,,,,,,,,
12062465,0,0,2,1,,,,,,,,,
12064881,2,2,6,4,7,,,,,7,,,
12064885,0,0,3,1,,,,,,,,,
12064886,,,,,,,,,,,,,
12064882,1,1,6,5,2,,,,,,,,
12064884,2,2,6,6,,,,,,,,,
12068007,0,0,0,2,,,,,,,,,
12064883,2,2,6,7,,,,,,,,,
12065696,1,1,6,1,4,,,,,,,,
12068138,2,2,6,6,,,,,,,,,
12065110,2,2,6,6,,,,,,,,,
12068756,2,2,7,6,,,,7,,,,,
12068757,1,1,5,6,3,,,,,,,,
12068165,2,2,7,6,,,,7,,,,,
12065312,2,2,6,3,7,,,,,9,,,
12068072,0,0,4,2,,,,,,,,,
12064017,1,1,6,2,3,,,,,,,,
12064014,2,2,6,2,6,,,,,,,,
12064008,0,0,3,6,,,,,6,,,,
12064007,2,2,6,2,6,,,,,,,,
12064011,0,0,1,1,,,,,,,,,
12064013,0,0,0,4,,,,,,,,,
12065006,2,2,6,6,,,,,,,,,
12065003,2,2,5,6,6,,,,,,,,
12065001,2,2,7,6,,,,,,,,,
12065007,2,2,6,6,,,,,,,,,
12065008,,,,,,,,,,,,,
12069098,1,1,7,3,6,,,,,2,,,
12065002,2,2,6,6,,,,,,,,,
12065005,2,2,6,4,6,,,,,,,,
12065000,2,2,6,6,,,,,,,,,
12067131,0,0,1,5,,,,,,,,,
12069781,2,2,6,6,,,,,,,,,
12066785,2,2,6,6,,,,,,,,,
12066843,0,0,4,2,,,,,,,,,
12069518,2,2,6,6,,,,,,,,,
12069974,0,0,3,1,,,,,,,,,
12066191,1,1,5,6,1,,,,,,,,
12066188,2,2,6,7,,,,,7,,,,
12066184,0,0,3,1,,,,,,,,,
12066183,1,1,6,3,3,,,,,,,,
12066181,2,2,6,6,,,,,,,,,
12066189,1,1,5,6,2,,,,,,,,
12066190,2,2,7,6,,,,10,,,,,
12066185,0,0,4,6,,,,,5,,,,
12066195,2,2,6,6,,,,,,,,,
12066187,2,2,6,6,,,,,,,,,
12066192,0,0,1,2,,,,,,,,,
12066194,2,2,6,7,,,,,11,,,,
12066182,2,2,6,6,,,,,,,,,
12066186,2,2,3,6,6,,,,,,,,
12066193,2,2,6,6,,,,,,,,,
12066196,2,2,6,7,,,,,,,,,
12069326,2,2,5,6,6,,,,,,,,
12069254,0,0,3,3,,,,,,,,,
12069075,2,2,6,5,6,,,,,,,,
12069836,2,2,1,6,6,,,,,,,,
12069982,0,0,5,2,,,,,,,,,
12069579,2,2,6,6,,,,,,,,,
12069886,2,2,6,6,,,,,,,,,
12063582,0,0,0,5,,,,,,,,,
12063599,1,1,2,6,5,,,,,,,,
12063583,2,2,6,6,,,,,,,,,
12063589,1,1,4,6,5,,,,,,,,
12063588,2,2,4,6,10,,,,,,,,
12063600,2,2,7,3,10,,,,,,,,
12063580,0,0,4,3,,,,,,,,,
12063581,1,1,6,7,11,,,4,,,,,
12064412,2,2,2,7,10,,,,,,,,
12064410,1,1,7,1,10,,,,,,,,
12064419,0,0,4,1,,,,,,,,,
12064411,0,0,2,1,,,,,,,,,
12064417,2,2,7,6,,,,,,,,,
12064409,1,1,3,6,8,,,,,,,,
12064414,2,2,6,6,,,,,,,,,
12064413,,,,,,,,,,,,,
12061964,0,0,2,4,,,,,,,,,
12061968,2,2,6,4,10,,,,,,,,
12061958,0,0,4,0,,,,,,,,,
12061953,2,2,6,6,,,,,,,,,
12064217,0,0,4,2,,,,,,,,,
12064214,1,1,6,3,6,,,,,,,,
12064211,2,2,7,6,,,,7,,,,,
12066179,0,0,4,1,,,,,,,,,
12066577,2,2,4,6,10,,,,,,,,
12066325,0,0,2,1,,,,,,,,,
12066324,0,0,2,5,,,,,,,,,
12066790,2,2,6,7,,,,,7,,,,
12063615,0,0,2,2,,,,,,,,,
12063587,2,2,6,6,,,,,,,,,
12063611,2,2,6,6,,,,,,,,,
12063606,0,0,3,2,,,,,,,,,
12063586,0,0,5,1,,,,,,,,,
12063602,2,2,7,3,12,,,,,,,,
12063605,1,1,1,6,4,,,,,,,,
12063609,2,2,6,6,,,,,,,,,
12065914,2,2,3,6,10,,,,,,,,
12065913,2,2,6,6,13,,,,5,,,,
12063985,0,0,2,3,,,,,,,,,
12056903,0,0,6,3,,,,4,,,,,
12049651,0,0,4,4,,,,,,,,,
12056901,2,2,6,2,6,,,,,,,,
12049650,0,0,3,1,,,,,,,,,
12056910,0,0,3,3,,,,,,,,,
12049640,2,2,3,7,7,,,,8,,,,
12049641,0,0,3,5,,,,,,,,,
12049649,1,1,4,6,3,,,,,,,,
12049648,2,2,6,7,7,,,5,7,7,,,
12049644,1,1,3,6,3,,,,,,,,
12049646,2,2,6,6,,,,,,,,,
12049634,1,1,6,6,4,,,2,,,,,
12049589,2,2,6,6,,,,,,,,,
12049572,1,1,4,6,1,,,,,,,,
12049573,0,0,6,0,,,,3,,,,,
12049586,1,1,7,2,6,,,7,,5,,,
12049570,0,0,4,5,,,,,,,,,
12049578,1,1,2,6,3,,,,,,,,
12049583,0,0,2,5,,,,,,,,,
12049585,0,0,4,5,,,,,,,,,
12049624,2,2,6,6,,,,,,,,,
12049626,1,1,2,6,4,,,,,,,,
12049622,2,2,6,6,6,,,,5,,,,
12049611,0,0,6,4,,,,5,,,,,
12049623,0,0,2,2,,,,,,,,,
12049621,2,2,5,6,7,,,,,7,,,
12049617,2,2,6,6,6,,,,1,,,,
12049616,2,2,7,7,,,,7,7,,,,
12049690,0,0,4,3,,,,,,,,,
12049691,2,2,7,6,,,,,,,,,
12049676,1,1,6,5,1,,,,,,,,
12067090,2,2,6,6,6,,,,6,,,,
12049669,,,,,,,,,,,,,
12049670,0,0,1,4,,,,,,,,,
12049671,0,0,0,3,,,,,,,,,
12049685,0,0,5,4,,,,,,,,,
12049687,2,2,6,6,,,,,,,,,
12049688,0,0,4,0,,,,,,,,,
12049686,2,2,7,7,,,,8,7,,,,
12072038,0,0,3,0,,,,,,,,,
12072029,0,0,4,3,,,,,,,,,
12072035,2,2,7,6,,,,7,,,,,
12072039,2,2,4,6,6,,,,,,,,
12072052,0,0,4,2,,,,,,,,,
12072044,1,1,6,4,4,,,,,,,,
12072048,1,1,6,6,2,,,,3,,,,
12072047,1,1,6,3,1,,,,,,,,
12072049,0,0,4,2,,,,,,,,,
12072060,,,,,,,,,,,,,
12072058,2,2,6,6,,,,,,,,,
12072050,0,0,1,4,,,,,,,,,
12072045,2,2,6,6,,,,,,,,,
12072051,2,2,7,6,,,,,,,,,
12072043,,,,,,,,,,,,,
12074230,0,0,3,0,,,,,,,,,
12072061,2,2,6,6,,,,,,,,,
12073831,1,1,2,6,3,,,,,,,,
12049781,0,0,2,2,,,,,,,,,
12049775,2,2,7,6,,,,,,,,,
12049777,1,1,6,2,,,,,,,,,
12049774,0,0,4,4,,,,,,,,,
12049791,2,2,6,6,,,,,,,,,
12049779,2,2,5,6,6,,,,,,,,
12049793,2,2,6,6,,,,,,,,,
12049776,0,0,3,6,,,,,4,,,,
12049811,0,0,2,2,,,,,,,,,
12049809,2,2,6,6,,,,,,,,,
12049808,1,1,4,6,4,,,,,,,,
12049803,2,2,6,7,,,,,,,,,
12049813,2,2,7,4,7,,,7,,,,,
12049806,2,2,7,5,6,,,,,,,,
12049816,1,1,7,4,4,,,7,,,,,
12059249,2,2,6,6,,,,,,,,,
12049715,2,2,6,6,,,,,,,,,
12049720,2,2,6,7,,,,,,,,,
12059255,0,0,5,4,,,,,,,,,
12049711,2,2,7,6,,,,7,,,,,
12049719,2,2,1,6,6,,,,,,,,
12049727,0,0,3,4,,,,,,,,,
12049714,2,2,6,6,,,,,,,,,
12049710,2,2,6,7,,,,,7,,,,
12049721,0,0,1,3,,,,,,,,,
12063636,2,2,6,6,,,,,,,,,
12063640,2,2,6,6,,,,,,,,,
12049736,0,0,4,4,,,,,,,,,
12049732,1,1,6,5,1,,,,,,,,
12049744,0,0,3,4,,,,,,,,,
12049748,2,2,6,6,,,,,,,,,
12049730,0,0,4,2,,,,,,,,,
12049743,0,0,6,6,,,,4,5,,,,
12049740,0,0,3,1,,,,,,,,,
12049749,2,2,6,6,,,,,,,,,
12049733,2,2,4,6,6,,,,,,,,
12049750,0,0,6,3,,,,4,,,,,
12049745,2,2,6,4,6,,,,,,,,
12058636,2,2,6,6,,,,,,,,,
12058637,0,0,4,4,,,,,,,,,
12065959,2,2,5,6,10,,,,,,,,
12058638,0,0,1,4,,,,,,,,,
12049737,0,0,2,6,,,,,6,,,,
12049742,1,1,4,6,6,,,,,,,,
12049741,0,0,0,1,,,,,,,,,
12049735,2,2,2,6,10,,,,,,,,
12063593,2,2,6,6,,,,,,,,,
12064946,2,2,6,6,,,,,,,,,
12063596,2,2,4,6,6,,,,,,,,
12064937,0,0,5,2,,,,,,,,,
12063601,0,0,0,3,,,,,,,,,
12064932,2,2,7,2,6,,,8,,,,,
12063591,2,2,6,3,7,,,,,7,,,
12063597,2,2,5,6,6,,,,,,,,
12071906,2,2,6,6,6,,,4,,,,,
12064931,0,0,3,5,,,,,,,,,
12071827,1,1,6,3,4,,,,,,,,
12071825,0,0,4,1,,,,,,,,,
12071831,2,2,6,6,,,,,,,,,
12071830,2,2,6,6,,,,,,,,,
12071828,2,2,6,6,,,,,,,,,
12071969,2,2,6,7,,,,,7,,,,
12071829,0,0,4,4,,,,,,,,,
12071826,0,0,1,3,,,,,,,,,
12071970,0,0,2,2,,,,,,,,,
12072409,,,,,,,,,,,,,
12072329,0,0,5,2,,,,,,,,,
12072371,2,2,7,6,,,,,,,,,
12072661,2,2,6,7,,,,,7,,,,
12072522,0,0,0,2,,,,,,,,,
12072533,0,0,4,4,,,,,,,,,
12074135,2,2,6,7,,,,,7,,,,
12074163,2,2,6,6,,,,,,,,,
12074422,0,0,1,6,,,,,7,,,,
12066020,0,0,6,6,,,,2,8,,,,
12066019,2,2,6,6,,,,,,,,,
12066022,2,2,6,6,,,,,,,,,
12066021,0,0,4,3,,,,,,,,,
12069700,2,2,6,7,,,,,,,,,
12069154,2,2,7,7,,,,,,,,,
12069823,0,0,3,3,,,,,,,,,
12069799,0,0,3,1,,,,,,,,,
12069328,1,1,1,6,5,,,,,,,,
12069698,0,0,4,0,,,,,,,,,
12069348,1,1,2,7,3,,,,,,,,
12069697,0,0,6,3,,,,13,,,,,
12071922,0,0,4,3,,,,,,,,,
12071956,1,1,6,6,5,,,2,,,,,
12072164,0,0,3,3,,,,,,,,,
12072521,0,0,2,0,,,,,,,,,
12065893,0,0,2,2,,,,,,,,,
12065898,1,1,1,6,2,,,,,,,,
12064933,0,0,6,3,,,,5,,,,,
12069622,2,2,5,6,6,,,,,,,,
12069400,0,0,3,3,,,,,,,,,
12069073,1,1,5,7,4,,,,,,,,
12069513,2,2,6,6,6,,,,6,,,,
12069121,2,2,4,6,6,,,,,,,,
12069094,1,1,4,7,5,,,,7,,,,
12069708,2,2,6,6,,,,,,,,,
12069227,2,2,6,6,,,,,,,,,
12071930,2,2,6,6,,,,,,,,,
12071921,2,2,7,4,6,,,,,,,,
12072138,0,0,2,4,,,,,,,,,
12072027,1,1,6,2,,,,,,,,,
12068799,1,1,6,6,4,,,3,,,,,
12068830,2,2,7,6,,,,7,,,,,
12068094,2,2,7,7,,,,7,,,,,
12068103,2,2,6,7,,,,,,,,,
12065113,0,0,6,4,,,,2,,,,,
12068073,2,2,3,6,6,,,,,,,,
12068012,1,1,6,6,4,,,1,,,,,
12068731,2,2,7,6,,,,,,,,,
12070913,2,2,6,7,,,,,7,,,,
12070984,0,0,4,4,,,,,,,,,
12071549,2,2,7,6,,,,,,,,,
12070812,2,2,7,7,,,,,7,,,,
12063559,0,0,4,4,,,,,,,,,
12063554,0,0,2,4,,,,,,,,,
12063558,1,1,6,1,,,,,,,,,
12069795,2,2,7,6,,,,7,,,,,
12069782,2,2,6,7,,,,,,,,,
12069079,2,2,7,6,,,,,,,,,
12069628,1,1,7,3,4,,,7,,,,,
12069199,2,2,3,7,6,,,,7,,,,
12066148,2,2,7,6,,,,7,,,,,
12066809,2,2,6,6,,,,,,,,,
12069301,0,0,3,3,,,,,,,,,
12072227,2,2,3,6,6,,,,,,,,
12072359,2,2,6,6,,,,,,,,,
12072455,0,0,6,3,,,,6,,,,,
12072076,2,2,6,6,,,,,,,,,
12067110,2,2,6,6,,,,,,,,,
12065010,2,2,6,6,,,,,,,,,
12067106,2,2,6,4,6,,,,,,,,
12067112,1,1,6,5,5,,,,,,,,
12067111,0,0,3,1,,,,,,,,,
12067107,2,2,4,6,6,,,,,,,,
12067108,2,2,6,6,,,,,,,,,
12065026,2,2,6,6,,,,,,,,,
12065025,2,2,6,6,,,,,,,,,
12067109,1,1,7,4,5,,,11,,,,,
12065012,1,1,6,2,3,,,,,,,,
12065030,2,2,6,6,,,,,,,,,
12070287,2,2,4,6,6,,,,,,,,
12070122,0,0,3,2,,,,,,,,,
12070046,0,0,3,4,,,,,,,,,
12069987,2,2,6,6,,,,,,,,,
12070305,,,,,,,,,,,,,
12067229,0,0,3,4,,,,,,,,,
12070304,2,2,6,6,,,,,,,,,
12070302,2,2,6,7,,,,,,,,,
12064213,1,1,4,6,2,,,,,,,,
12065032,1,1,6,6,5,,,4,,,,,
12067405,0,0,4,3,,,,,,,,,
12065029,2,2,4,7,6,,,,,,,,
12065031,0,0,1,5,,,,,,,,,
12065027,1,1,3,6,2,,,,,,,,
12067406,1,1,3,6,4,,,,,,,,
12067410,1,1,2,7,4,,,,7,,,,
12067411,0,0,6,1,,,,3,,,,,
12067409,1,1,6,2,,,,,,,,,
12065009,2,2,6,6,,,,,,,,,
12067408,1,1,4,6,6,,,,,4,,,
12067407,2,2,1,6,6,,,,,,,,
12067464,2,2,7,6,,,,,,,,,
12069800,0,0,4,2,,,,,,,,,
12069916,1,1,4,7,1,,,,,,,,
12070034,1,1,6,1,2,,,,,,,,
12070257,2,2,6,7,,,,,,,,,
12065013,2,2,4,6,6,,,,,,,,
12070306,0,0,1,3,,,,,,,,,
12070315,2,2,6,6,,,,,,,,,
12072526,0,0,3,0,,,,,,,,,
12072523,2,2,6,7,7,,,4,,8,,,
12066140,2,2,7,6,,,,,,,,,
12064904,2,2,6,6,,,,,,,,,
12066136,2,2,6,6,,,,,,,,,
12066134,2,2,7,6,,,,7,,,,,
12066138,0,0,0,0,,,,,,,,,
12069209,2,2,6,7,,,,,9,,,,
12069397,2,2,6,6,,,,,,,,,
12069563,2,2,7,6,,,,,,,,,
12069512,2,2,6,6,,,,,,,,,
12068864,1,1,7,1,1,,,,,,,,
12069399,2,2,6,3,6,,,,,,,,
12069117,1,1,6,4,5,,,,,,,,
12069793,1,1,3,6,3,,,,,,,,
12072177,0,0,6,6,,,,3,5,,,,
12072365,2,2,7,7,,,,7,8,,,,
12072114,2,2,6,7,,,,,,,,,
12072437,2,2,6,6,,,,,,,,,
12064999,0,0,3,1,,,,,,,,,
12064988,0,0,5,2,,,,,,,,,
12064987,0,0,4,4,,,,,,,,,
12064986,1,1,7,4,5,,,,,,,,
12069267,2,2,6,6,,,,,,,,,
12069265,2,2,3,6,6,,,,,,,,
12069271,0,0,2,3,,,,,,,,,
12069269,0,0,3,4,,,,,,,,,
12069266,1,1,7,4,2,,,,,,,,
12069272,1,1,2,7,3,,,,,,,,
12069270,0,0,4,2,,,,,,,,,
12069268,2,2,6,3,6,,,,,,,,
12069580,2,2,6,7,,,,,7,,,,
12069872,0,0,5,1,,,,,,,,,
12069794,0,0,5,3,,,,,,,,,
12069983,2,2,7,6,,,,,,,,,
12064991,0,0,2,3,,,,,,,,,
12065004,2,2,7,6,,,,,,,,,
12072511,1,1,6,1,0,,,,,,,,
12072555,0,0,1,2,,,,,,,,,
12074538,2,2,6,6,,,,,,,,,
12074598,2,2,6,7,,,,,12,,,,
12066109,0,0,2,4,,,,,,,,,
12066501,0,0,3,0,,,,,,,,,
12066506,2,2,4,7,6,,,,7,,,,
12066514,0,0,1,6,,,,,3,,,,
12066502,1,1,6,5,2,,,,,,,,
12066505,0,0,6,1,,,,3,,,,,
12064935,0,0,4,4,,,,,,,,,
12064942,0,0,3,6,,,,,5,,,,
12066513,2,2,6,6,,,,,,,,,
12066841,1,1,6,3,5,,,,,,,,
12069967,2,2,6,4,6,,,,,,,,
12065958,0,0,2,4,,,,,,,,,
12064927,1,1,6,6,3,,,4,,,,,
12069175,2,2,2,6,6,,,,,,,,
12070026,2,2,6,6,6,,,8,,,,,
12070258,0,0,4,1,,,,,,,,,
12066017,0,0,4,2,,,,,,,,,
12072460,2,2,6,6,,,,,,,,,
12063595,2,2,6,6,,,,,,,,,
12064980,0,0,4,3,,,,,,,,,
12064973,1,1,4,7,2,,,,,,,,
12063604,2,2,6,6,,,,,,,,,
12064985,0,0,2,4,,,,,,,,,
12063614,1,1,6,2,0,,,,,,,,
12063613,2,2,6,6,,,,,,,,,
12064981,0,0,3,1,,,,,,,,,
12071943,2,2,6,4,6,,,,,,,,
12063607,0,0,2,3,,,,,,,,,
12071945,1,1,6,6,3,,,,2,,,,
12071946,2,2,6,6,,,,,,,,,
12071944,2,2,6,6,,,,,,,,,
12071942,0,0,1,3,,,,,,,,,
12063603,0,0,0,1,,,,,,,,,
12072077,0,0,1,6,,,,,5,,,,
12071941,2,2,6,4,6,,,,,,,,
12072005,2,2,6,6,,,,,,,,,
12072538,1,1,7,2,1,,,7,,,,,
12072541,2,2,3,6,6,,,,,,,,
12072492,0,0,1,2,,,,,,,,,
12072626,2,2,6,6,,,,,,,,,
12072582,1,1,5,6,1,,,,,,,,
12072520,2,2,4,6,6,,,,,,,,
12074227,1,1,6,3,4,,,,,,,,
12072674,0,0,1,1,,,,,,,,,
12074179,2,2,4,7,6,,,,7,,,,
12074547,0,0,1,1,,,,,,,,,
12064945,0,0,0,3,,,,,,,,,
12066345,2,2,6,6,,,,,,,,,
12066346,2,2,6,6,,,,,,,,,
12069106,2,2,6,6,6,,,3,,,,,
12069064,2,2,6,6,,,,,,,,,
12066276,2,2,3,6,6,,,,,,,,
12069643,2,2,7,4,6,,,,,,,,
12069330,2,2,6,6,,,,,,,,,
12069384,1,1,6,6,2,,,2,,,,,
12069780,2,2,6,6,,,,,,,,,
12069331,0,0,2,0,,,,,,,,,
12072003,2,2,6,6,,,,,,,,,
12071936,2,2,6,6,6,,,3,,,,,
12072004,2,2,6,6,,,,,,,,,
12072028,2,2,6,6,,,,,,,,,
12066511,0,0,4,2,,,,,,,,,
12065024,2,2,6,6,,,,,,,,,
12066503,2,2,5,6,6,,,,,,,,
12065019,1,1,7,4,5,,,,,,,,
12066120,2,2,7,6,,,,7,,,,,
12069327,2,2,5,6,6,,,,,,,,
12069140,0,0,1,3,,,,,,,,,
12069822,2,2,7,6,,,,7,,,,,
12069699,1,1,4,6,6,,,,,2,,,
12069923,1,1,3,6,2,,,,,,,,
12069537,1,1,4,6,6,,,,,7,,,
12065028,0,0,3,0,,,,,,,,,
12072151,1,1,4,6,1,,,,,,,,
12071931,2,2,6,6,,,,,,,,,
12072024,2,2,7,6,,,,,,,,,
12072081,0,0,3,4,,,,,,,,,
12064958,2,2,6,6,,,,,,,,,
12064955,1,1,6,6,4,,,,3,,,,
12066761,,,,,,,,,,,,,
12069329,2,2,3,7,6,,,,7,,,,
12066760,2,2,6,6,,,,,,,,,
12069074,2,2,4,7,6,,,,7,,,,
12064962,2,2,1,6,7,,,,,9,,,
12069069,0,0,0,0,,,,,,,,,
12069902,0,0,0,1,,,,,,,,,
12069398,0,0,0,0,,,,,,,,,
12069696,0,0,1,4,,,,,,,,,
12069153,2,2,3,6,6,,,,,,,,
12069908,0,0,0,4,,,,,,,,,
12071947,2,2,4,6,6,,,,,,,,
12072016,0,0,2,5,,,,,,,,,
12072002,2,2,6,6,,,,,,,,,
12072099,0,0,5,6,,,,,8,,,,
12067299,0,0,2,3,,,,,,,,,
12067531,2,2,6,6,,,,,,,,,
12067446,2,2,1,6,6,,,,,,,,
12067530,2,2,6,6,,,,,,,,,
12067154,1,1,3,6,4,,,,,,,,
12067969,0,0,6,5,,,,4,,,,,
12067979,2,2,3,6,6,,,,,,,,
12067156,2,2,6,6,,,,,,,,,
12070362,2,2,6,6,6,,,4,,,,,
12070802,2,2,6,6,,,,,,,,,
12070062,0,0,1,2,,,,,,,,,
12070262,1,1,6,4,3,,,,,,,,
12065696,1,1,6,1,4,,,,,,,,
12068138,2,2,6,6,,,,,,,,,
12065110,2,2,6,6,,,,,,,,,
12068756,2,2,7,6,,,,7,,,,,
12068757,1,1,5,6,3,,,,,,,,
12068165,2,2,7,6,,,,7,,,,,
12065312,2,2,6,3,7,,,,,9,,,
12068072,0,0,4,2,,,,,,,,,
12070914,0,0,6,1,,,,3,,,,,
12070983,0,0,3,4,,,,,,,,,
12071568,1,1,4,6,2,,,,,,,,
12071503,0,0,4,1,,,,,,,,,
12065007,2,2,6,6,,,,,,,,,
12065008,,,,,,,,,,,,,
12069098,1,1,7,3,6,,,,,2,,,
12065002,2,2,6,6,,,,,,,,,
12065005,2,2,6,4,6,,,,,,,,
12065000,2,2,6,6,,,,,,,,,
12067131,0,0,1,5,,,,,,,,,
12069781,2,2,6,6,,,,,,,,,
12066785,2,2,6,6,,,,,,,,,
12066843,0,0,4,2,,,,,,,,,
12069518,2,2,6,6,,,,,,,,,
12069974,0,0,3,1,,,,,,,,,
12069887,1,1,4,7,3,,,,9,,,,
12069954,2,2,6,6,,,,,,,,,
12072344,0,0,3,3,,,,,,,,,
12072544,2,2,6,7,,,,,8,,,,
12072026,1,1,2,6,5,,,,,,,,
12072510,2,2,6,6,,,,,,,,,
12066195,2,2,6,6,,,,,,,,,
12066187,2,2,6,6,,,,,,,,,
12066192,0,0,1,2,,,,,,,,,
12066194,2,2,6,7,,,,,11,,,,
12066182,2,2,6,6,,,,,,,,,
12066186,2,2,3,6,6,,,,,,,,
12066193,2,2,6,6,,,,,,,,,
12066196,2,2,6,7,,,,,,,,,
12069326,2,2,5,6,6,,,,,,,,
12069254,0,0,3,3,,,,,,,,,
12069075,2,2,6,5,6,,,,,,,,
12069836,2,2,1,6,6,,,,,,,,
12069982,0,0,5,2,,,,,,,,,
12069579,2,2,6,6,,,,,,,,,
12069886,2,2,6,6,,,,,,,,,
12069921,2,2,6,6,,,,,,,,,
12072312,2,2,6,6,,,,,,,,,
12072165,,,,,,,,,,,,,
12072006,0,0,1,4,,,,,,,,,
12072439,2,2,6,7,,,,,7,,,,
12063582,0,0,0,5,,,,,,,,,
12063599,1,1,2,6,5,,,,,,,,
12063583,2,2,6,6,,,,,,,,,
12063589,1,1,4,6,5,,,,,,,,
12063588,2,2,4,6,10,,,,,,,,
12063600,2,2,7,3,10,,,,,,,,
12063580,0,0,4,3,,,,,,,,,
12063581,1,1,6,7,11,,,4,,,,,
12063615,0,0,2,2,,,,,,,,,
12063587,2,2,6,6,,,,,,,,,
12063611,2,2,6,6,,,,,,,,,
12063606,0,0,3,2,,,,,,,,,
12063586,0,0,5,1,,,,,,,,,
12063602,2,2,7,3,12,,,,,,,,
12063605,1,1,1,6,4,,,,,,,,
12063609,2,2,6,6,,,,,,,,,
12049649,1,1,4,6,3,,,,,,,,
12049648,2,2,6,7,7,,,5,7,7,,,
12049644,1,1,3,6,3,,,,,,,,
12049646,2,2,6,6,,,,,,,,,
12049634,1,1,6,6,4,,,2,,,,,
12049647,1,1,6,6,3,,,5,,,,,
12049653,0,0,5,6,,,,,4,,,,
12049635,0,0,6,1,,,,4,,,,,
12049570,0,0,4,5,,,,,,,,,
12049578,1,1,2,6,3,,,,,,,,
12049583,0,0,2,5,,,,,,,,,
12049585,0,0,4,5,,,,,,,,,
12049581,2,2,6,6,,,,,,,,,
12049577,2,2,6,6,,,,,,,,,
12049582,0,0,6,1,,,,1,,,,,
12049580,1,1,6,5,,,,,,,,,
12049623,0,0,2,2,,,,,,,,,
12049621,2,2,5,6,7,,,,,7,,,
12049617,2,2,6,6,6,,,,1,,,,
12049616,2,2,7,7,,,,7,7,,,,
12049612,2,2,6,6,,,,,,,,,
12049619,2,2,6,6,,,,,,,,,
12049625,0,0,4,4,,,,,,,,,
12049631,0,0,3,3,,,,,,,,,
12049685,0,0,5,4,,,,,,,,,
12049687,2,2,6,6,,,,,,,,,
12049688,0,0,4,0,,,,,,,,,
12049686,2,2,7,7,,,,8,7,,,,
12049682,0,0,2,4,,,,,,,,,
12049684,,,,,,,,,,,,,
12075096,2,2,7,2,6,,,7,,,,,
12075102,0,0,6,4,,,,8,,,,,
12075098,2,2,6,6,,,,,,,,,
12075092,2,2,6,6,,,,,,,,,
12075101,2,2,6,6,,,,,,,,,
12075097,2,2,6,7,,,,,8,,,,
12075099,0,0,1,2,,,,,,,,,
12075100,2,2,6,6,,,,,,,,,
12072038,0,0,3,0,,,,,,,,,
12072029,0,0,4,3,,,,,,,,,
12072035,2,2,7,6,,,,7,,,,,
12072039,2,2,4,6,6,,,,,,,,
12072052,0,0,4,2,,,,,,,,,
12072044,1,1,6,4,4,,,,,,,,
12072048,1,1,6,6,2,,,,3,,,,
12072047,1,1,6,3,1,,,,,,,,
12072049,0,0,4,2,,,,,,,,,
12072060,,,,,,,,,,,,,
12072058,2,2,6,6,,,,,,,,,
12072050,0,0,1,4,,,,,,,,,
12072045,2,2,6,6,,,,,,,,,
12072051,2,2,7,6,,,,,,,,,
12072043,,,,,,,,,,,,,
12074230,0,0,3,0,,,,,,,,,
12072061,2,2,6,6,,,,,,,,,
12073831,1,1,2,6,3,,,,,,,,
12074506,0,0,2,1,,,,,,,,,
12074234,2,2,4,7,6,,,,,,,,
12074233,0,0,2,2,,,,,,,,,
12074705,1,1,6,4,2,,,,,,,,
12074639,1,1,3,6,4,,,,,,,,
12074649,2,2,3,6,6,,,,,,,,
12074723,0,0,3,2,,,,,,,,,
12074891,2,2,6,6,,,,,,,,,
12049793,2,2,6,6,,,,,,,,,
12049776,0,0,3,6,,,,,4,,,,
12049803,2,2,6,7,,,,,,,,,
12049813,2,2,7,4,7,,,7,,,,,
12049806,2,2,7,5,6,,,,,,,,
12049816,1,1,7,4,4,,,7,,,,,
12049798,2,2,7,6,,,,,,,,,
12049815,1,1,2,6,3,,,,,,,,
12049814,0,0,6,4,,,,2,,,,,
12049727,0,0,3,4,,,,,,,,,
12049714,2,2,6,6,,,,,,,,,
12049710,2,2,6,7,,,,,7,,,,
12049721,0,0,1,3,,,,,,,,,
12049724,0,0,2,4,,,,,,,,,
12049713,2,2,7,4,6,,,,,,,,
12049725,2,2,6,4,6,,,,,,,,
12049743,0,0,6,6,,,,4,5,,,,
12049740,0,0,3,1,,,,,,,,,
12049749,2,2,6,6,,,,,,,,,
12049733,2,2,4,6,6,,,,,,,,
12049750,0,0,6,3,,,,4,,,,,
12049745,2,2,6,4,6,,,,,,,,
12049747,,,,,,,,,,,,,
12049746,0,0,3,4,,,,,,,,,
12049734,1,1,6,6,3,,,,3,,,,
12049742,1,1,4,6,6,,,,,,,,
12049741,0,0,0,1,,,,,,,,,
12049735,2,2,2,6,10,,,,,,,,
12049739,1,1,6,7,7,,,7,7,,,,
12049751,1,1,4,6,5,,,,,,,,
12071906,2,2,6,6,6,,,4,,,,,
12064931,0,0,3,5,,,,,,,,,
12071827,1,1,6,3,4,,,,,,,,
12071825,0,0,4,1,,,,,,,,,
12071831,2,2,6,6,,,,,,,,,
12071830,2,2,6,6,,,,,,,,,
12071828,2,2,6,6,,,,,,,,,
12071969,2,2,6,7,,,,,7,,,,
12071829,0,0,4,4,,,,,,,,,
12071826,0,0,1,3,,,,,,,,,
12071970,0,0,2,2,,,,,,,,,
12072409,,,,,,,,,,,,,
12072329,0,0,5,2,,,,,,,,,
12072371,2,2,7,6,,,,,,,,,
12072661,2,2,6,7,,,,,7,,,,
12072522,0,0,0,2,,,,,,,,,
12072533,0,0,4,4,,,,,,,,,
12074135,2,2,6,7,,,,,7,,,,
12074163,2,2,6,6,,,,,,,,,
12074422,0,0,1,6,,,,,7,,,,
12074659,0,0,2,6,,,,,2,,,,
12075040,2,2,6,2,6,,,,,,,,
12069348,1,1,2,7,3,,,,,,,,
12069697,0,0,6,3,,,,13,,,,,
12071922,0,0,4,3,,,,,,,,,
12071956,1,1,6,6,5,,,2,,,,,
12072164,0,0,3,3,,,,,,,,,
12072521,0,0,2,0,,,,,,,,,
12074640,2,2,4,6,6,,,,,,,,
12074761,2,2,6,6,,,,,,,,,
12071930,2,2,6,6,,,,,,,,,
12071921,2,2,7,4,6,,,,,,,,
12072138,0,0,2,4,,,,,,,,,
12072027,1,1,6,2,,,,,,,,,
12070913,2,2,6,7,,,,,7,,,,
12070984,0,0,4,4,,,,,,,,,
12071549,2,2,7,6,,,,,,,,,
12070812,2,2,7,7,,,,,7,,,,
12073876,0,0,2,6,,,,,3,,,,
12073795,0,0,6,3,,,,9,,,,,
12069199,2,2,3,7,6,,,,7,,,,
12066148,2,2,7,6,,,,7,,,,,
12066809,2,2,6,6,,,,,,,,,
12069301,0,0,3,3,,,,,,,,,
12072227,2,2,3,6,6,,,,,,,,
12072359,2,2,6,6,,,,,,,,,
12072455,0,0,6,3,,,,6,,,,,
12072076,2,2,6,6,,,,,,,,,
12074863,0,0,3,6,,,,,4,,,,
12070287,2,2,4,6,6,,,,,,,,
12070122,0,0,3,2,,,,,,,,,
12070046,0,0,3,4,,,,,,,,,
12069987,2,2,6,6,,,,,,,,,
12070305,,,,,,,,,,,,,
12067229,0,0,3,4,,,,,,,,,
12070304,2,2,6,6,,,,,,,,,
12070302,2,2,6,7,,,,,,,,,
12072990,2,2,6,6,,,,,,,,,
12072635,2,2,6,6,,,,,,,,,
12072509,2,2,6,6,,,,,,,,,
12072750,2,2,7,6,,,,7,,,,,
12075086,2,2,6,6,,,,,,,,,
12075087,0,0,2,6,,,,,4,,,,
12067464,2,2,7,6,,,,,,,,,
12069800,0,0,4,2,,,,,,,,,
12069916,1,1,4,7,1,,,,,,,,
12070034,1,1,6,1,2,,,,,,,,
12070257,2,2,6,7,,,,,,,,,
12065013,2,2,4,6,6,,,,,,,,
12070306,0,0,1,3,,,,,,,,,
12070315,2,2,6,6,,,,,,,,,
12072526,0,0,3,0,,,,,,,,,
12072523,2,2,6,7,7,,,4,,8,,,
12072673,2,2,5,6,6,,,,,,,,
12072546,1,1,6,5,1,,,,,,,,
12069399,2,2,6,3,6,,,,,,,,
12069117,1,1,6,4,5,,,,,,,,
12069793,1,1,3,6,3,,,,,,,,
12072177,0,0,6,6,,,,3,5,,,,
12072365,2,2,7,7,,,,7,8,,,,
12072114,2,2,6,7,,,,,,,,,
12072437,2,2,6,6,,,,,,,,,
12074218,0,0,4,2,,,,,,,,,
12074505,1,1,4,6,6,,,,,5,,,
12069269,0,0,3,4,,,,,,,,,
12069266,1,1,7,4,2,,,,,,,,
12069272,1,1,2,7,3,,,,,,,,
12069270,0,0,4,2,,,,,,,,,
12069268,2,2,6,3,6,,,,,,,,
12069580,2,2,6,7,,,,,7,,,,
12069872,0,0,5,1,,,,,,,,,
12069794,0,0,5,3,,,,,,,,,
12069983,2,2,7,6,,,,,,,,,
12064991,0,0,2,3,,,,,,,,,
12065004,2,2,7,6,,,,,,,,,
12072511,1,1,6,1,0,,,,,,,,
12072555,0,0,1,2,,,,,,,,,
12074538,2,2,6,6,,,,,,,,,
12074598,2,2,6,7,,,,,12,,,,
12074772,1,1,6,7,6,,,7,,4,,,
12074793,2,2,6,6,,,,,,,,,
12074991,1,1,3,6,3,,,,,,,,
12076754,2,2,6,6,,,,,,,,,
12065958,0,0,2,4,,,,,,,,,
12064927,1,1,6,6,3,,,4,,,,,
12069175,2,2,2,6,6,,,,,,,,
12070026,2,2,6,6,6,,,8,,,,,
12070258,0,0,4,1,,,,,,,,,
12066017,0,0,4,2,,,,,,,,,
12072460,2,2,6,6,,,,,,,,,
12072774,2,2,6,6,,,,,,,,,
12072499,2,2,6,7,,,,,,,,,
12072543,1,1,6,3,2,,,,,,,,
12063613,2,2,6,6,,,,,,,,,
12064981,0,0,3,1,,,,,,,,,
12071943,2,2,6,4,6,,,,,,,,
12063607,0,0,2,3,,,,,,,,,
12071945,1,1,6,6,3,,,,2,,,,
12071946,2,2,6,6,,,,,,,,,
12071944,2,2,6,6,,,,,,,,,
12071942,0,0,1,3,,,,,,,,,
12063603,0,0,0,1,,,,,,,,,
12072077,0,0,1,6,,,,,5,,,,
12071941,2,2,6,4,6,,,,,,,,
12072005,2,2,6,6,,,,,,,,,
12072538,1,1,7,2,1,,,7,,,,,
12072541,2,2,3,6,6,,,,,,,,
12072492,0,0,1,2,,,,,,,,,
12072626,2,2,6,6,,,,,,,,,
12072582,1,1,5,6,1,,,,,,,,
12072520,2,2,4,6,6,,,,,,,,
12074227,1,1,6,3,4,,,,,,,,
12072674,0,0,1,1,,,,,,,,,
12074179,2,2,4,7,6,,,,7,,,,
12074547,0,0,1,1,,,,,,,,,
12074862,2,2,6,6,,,,,,,,,
12074888,0,0,1,3,,,,,,,,,
12072003,2,2,6,6,,,,,,,,,
12071936,2,2,6,6,6,,,3,,,,,
12072004,2,2,6,6,,,,,,,,,
12072028,2,2,6,6,,,,,,,,,
12074670,0,0,5,0,,,,,,,,,
12074741,2,2,6,0,7,,,,,7,,,
12072151,1,1,4,6,1,,,,,,,,
12071931,2,2,6,6,,,,,,,,,
12072024,2,2,7,6,,,,,,,,,
12072081,0,0,3,4,,,,,,,,,
12074864,1,1,6,5,1,,,,,,,,
12074696,2,2,6,7,,,,,,,,,
12071947,2,2,4,6,6,,,,,,,,
12072016,0,0,2,5,,,,,,,,,
12072002,2,2,6,6,,,,,,,,,
12072099,0,0,5,6,,,,,8,,,,
12070362,2,2,6,6,6,,,4,,,,,
12070802,2,2,6,6,,,,,,,,,
12070062,0,0,1,2,,,,,,,,,
12070262,1,1,6,4,3,,,,,,,,
12070914,0,0,6,1,,,,3,,,,,
12070983,0,0,3,4,,,,,,,,,
12071568,1,1,4,6,2,,,,,,,,
12071503,0,0,4,1,,,,,,,,,
12073715,2,2,7,6,,,,7,,,,,
12073714,2,2,6,6,,,,,,,,,
12069518,2,2,6,6,,,,,,,,,
12069974,0,0,3,1,,,,,,,,,
12069887,1,1,4,7,3,,,,9,,,,
12069954,2,2,6,6,,,,,,,,,
12072344,0,0,3,3,,,,,,,,,
12072544,2,2,6,7,,,,,8,,,,
12072026,1,1,2,6,5,,,,,,,,
12072510,2,2,6,6,,,,,,,,,
12074894,2,2,6,6,,,,,,,,,
12074795,0,0,4,4,,,,,,,,,
12069982,0,0,5,2,,,,,,,,,
12069579,2,2,6,6,,,,,,,,,
12069886,2,2,6,6,,,,,,,,,
12069921,2,2,6,6,,,,,,,,,
12072312,2,2,6,6,,,,,,,,,
12072165,,,,,,,,,,,,,
12072006,0,0,1,4,,,,,,,,,
12072439,2,2,6,7,,,,,7,,,,
12074401,1,1,6,0,2,,,,,,,,
12074690,2,2,3,6,6,,,,,,,,
12049634,1,1,6,6,4,,,2,,,,,
12049647,1,1,6,6,3,,,5,,,,,
12049653,0,0,5,6,,,,,4,,,,
12049635,0,0,6,1,,,,4,,,,,
12049638,2,2,6,6,,,,,,,,,
12049637,0,0,2,4,,,,,,,,,
12049581,2,2,6,6,,,,,,,,,
12049577,2,2,6,6,,,,,,,,,
12049582,0,0,6,1,,,,1,,,,,
12049580,1,1,6,5,,,,,,,,,
12049568,0,0,2,3,,,,,,,,,
12049569,2,2,7,6,,,,7,,,,,
12049612,2,2,6,6,,,,,,,,,
12049619,2,2,6,6,,,,,,,,,
12049625,0,0,4,4,,,,,,,,,
12049631,0,0,3,3,,,,,,,,,
12049618,0,0,2,2,,,,,,,,,
12049614,0,0,6,2,,,,8,,,,,
12049682,0,0,2,4,,,,,,,,,
12049684,,,,,,,,,,,,,
12049683,0,0,6,2,,,,8,,,,,
12077078,2,2,7,6,,,,7,,,,,
12076690,2,2,6,2,6,,,,,,,,
12076704,2,2,6,6,,,,,,,,,
12077080,1,1,2,6,4,,,,,,,,
12076693,2,2,6,6,,,,,,,,,
12076694,2,2,4,7,6,,,,,,,,
12077082,0,0,1,2,,,,,,,,,
12076700,1,1,6,4,0,,,,,,,,
12077079,1,1,4,6,2,,,,,,,,
12076691,,,,,,,,,,,,,
12077796,2,2,6,6,,,,,,,,,
12075279,,,,,,,,,,,,,
12075266,0,0,4,3,,,,,,,,,
12075275,,,,,,,,,,,,,
12077774,2,2,7,6,,,,,,,,,
12075274,2,2,1,6,6,,,,,,,,
12075280,0,0,3,1,,,,,,,,,
12075273,2,2,6,6,,,,,,,,,
12075268,0,0,2,3,,,,,,,,,
12075272,2,2,6,6,,,,,,,,,
12075096,2,2,7,2,6,,,7,,,,,
12075102,0,0,6,4,,,,8,,,,,
12075098,2,2,6,6,,,,,,,,,
12075092,2,2,6,6,,,,,,,,,
12075101,2,2,6,6,,,,,,,,,
12075097,2,2,6,7,,,,,8,,,,
12075099,0,0,1,2,,,,,,,,,
12075100,2,2,6,6,,,,,,,,,
12076723,2,2,6,6,,,,,,,,,
12076933,2,2,7,6,,,,,,,,,
12076681,2,2,6,6,,,,,,,,,
12076932,0,0,4,4,,,,,,,,,
12075953,2,2,6,6,,,,,,,,,
12075951,0,0,4,4,,,,,,,,,
12075955,1,1,2,6,4,,,,,,,,
12075957,2,2,7,7,,,,,,,,,
12075954,2,2,6,1,7,,,,,,,,
12075958,0,0,5,3,,,,,,,,,
12075956,1,1,6,3,2,,,,,,,,
12075950,0,0,3,2,,,,,,,,,
12072061,2,2,6,6,,,,,,,,,
12073831,1,1,2,6,3,,,,,,,,
12074506,0,0,2,1,,,,,,,,,
12074234,2,2,4,7,6,,,,,,,,
12074233,0,0,2,2,,,,,,,,,
12074705,1,1,6,4,2,,,,,,,,
12074639,1,1,3,6,4,,,,,,,,
12074649,2,2,3,6,6,,,,,,,,
12074723,0,0,3,2,,,,,,,,,
12074891,2,2,6,6,,,,,,,,,
12049776,0,0,3,6,,,,,4,,,,
12049783,2,2,7,6,,,,7,,,,,
12049798,2,2,7,6,,,,,,,,,
12049815,1,1,2,6,3,,,,,,,,
12049814,0,0,6,4,,,,2,,,,,
12049801,2,2,4,6,6,,,,,,,,
12049724,0,0,2,4,,,,,,,,,
12049713,2,2,7,4,6,,,,,,,,
12049725,2,2,6,4,6,,,,,,,,
12049718,2,2,7,6,,,,,,,,,
12049712,0,0,6,3,,,,5,,,,,
12049750,0,0,6,3,,,,4,,,,,
12049745,2,2,6,4,6,,,,,,,,
12049747,,,,,,,,,,,,,
12049746,0,0,3,4,,,,,,,,,
12049734,1,1,6,6,3,,,,3,,,,
12049738,1,1,6,4,1,,,,,,,,
12049739,1,1,6,7,7,,,7,7,,,,
12049751,1,1,4,6,5,,,,,,,,
12049731,0,0,3,2,,,,,,,,,
12077523,0,0,4,6,,,,,3,,,,
12077505,0,0,4,1,,,,,,,,,
12077514,2,2,6,6,,,,,,,,,
12077521,0,0,3,4,,,,,,,,,
12077511,0,0,1,3,,,,,,,,,
12077522,0,0,4,1,,,,,,,,,
12077513,2,2,4,6,6,,,,,,,,
12077016,1,1,7,1,0,,,7,,,,,
12077015,0,0,3,1,,,,,,,,,
12077021,1,1,6,6,0,,,3,,,,,
12077019,2,2,6,6,,,,,,,,,
12077018,2,2,5,6,6,,,,,,,,
12077020,0,0,5,6,,,,,5,,,,
12077023,0,0,3,4,,,,,,,,,
12077024,2,2,6,6,,,,,,,,,
12077022,1,1,6,6,3,,,1,,,,,
12077025,1,1,2,7,1,,,,8,,,,
12077027,0,0,3,1,,,,,,,,,
12077026,2,2,7,6,,,,7,,,,,
12077797,2,2,3,6,6,,,,,,,,
12077803,2,2,4,6,6,,,,,,,,
12077805,1,1,6,4,1,,,,,,,,
12077806,2,2,7,6,,,,7,,,,,
12077799,0,0,5,0,,,,,,,,,
12077802,2,2,6,6,,,,,,,,,
12077801,1,1,6,0,4,,,,,,,,
12074659,0,0,2,6,,,,,2,,,,
12075040,2,2,6,2,6,,,,,,,,
12077105,2,2,4,7,6,,,,,,,,
12074640,2,2,4,6,6,,,,,,,,
12074761,2,2,6,6,,,,,,,,,
12076813,2,2,6,6,,,,,,,,,
12072027,1,1,6,2,,,,,,,,,
12074726,1,1,6,6,4,,,5,,,,,
12074762,2,2,7,7,,,,,,,,,
12076835,2,2,7,6,,,,7,,,,,
12076841,2,2,6,6,,,,,,,,,
12076837,0,0,1,5,,,,,,,,,
12076842,0,0,3,2,,,,,,,,,
12076845,0,0,3,3,,,,,,,,,
12076848,1,1,7,6,4,,,,3,,,,
12076847,0,0,4,4,,,,,,,,,
12076840,2,2,6,7,,,,,,,,,
12076843,2,2,4,6,11,,,,,,,,
12076834,2,2,6,7,,,,,,,,,
12076849,0,0,3,2,,,,,,,,,
12076838,2,2,6,7,,,,,,,,,
12076846,2,2,6,6,,,,,,,,,
12076839,2,2,6,6,,,,,,,,,
12076844,1,1,2,6,2,,,,,,,,
12076836,0,0,0,0,,,,,,,,,
12073876,0,0,2,6,,,,,3,,,,
12073795,0,0,6,3,,,,9,,,,,
12076026,0,0,2,4,,,,,,,,,
12072076,2,2,6,6,,,,,,,,,
12074863,0,0,3,6,,,,,4,,,,
12074771,2,2,6,7,,,,,7,,,,
12077281,2,2,7,6,,,,7,,,,,
12072990,2,2,6,6,,,,,,,,,
12072635,2,2,6,6,,,,,,,,,
12072509,2,2,6,6,,,,,,,,,
12072750,2,2,7,6,,,,7,,,,,
12075086,2,2,6,6,,,,,,,,,
12075087,0,0,2,6,,,,,4,,,,
12072526,0,0,3,0,,,,,,,,,
12072523,2,2,6,7,7,,,4,,8,,,
12072673,2,2,5,6,6,,,,,,,,
12072546,1,1,6,5,1,,,,,,,,
12075187,0,0,3,4,,,,,,,,,
12075142,2,2,6,6,,,,,,,,,
12074218,0,0,4,2,,,,,,,,,
12074505,1,1,4,6,6,,,,,5,,,
12076648,2,2,6,6,,,,,,,,,
12074538,2,2,6,6,,,,,,,,,
12074598,2,2,6,7,,,,,12,,,,
12074772,1,1,6,7,6,,,7,,4,,,
12074793,2,2,6,6,,,,,,,,,
12074991,1,1,3,6,3,,,,,,,,
12076754,2,2,6,6,,,,,,,,,
12077045,2,2,6,6,,,,,,,,,
12072460,2,2,6,6,,,,,,,,,
12072774,2,2,6,6,,,,,,,,,
12072499,2,2,6,7,,,,,,,,,
12072543,1,1,6,3,2,,,,,,,,
12075028,2,2,6,5,6,,,,,,,,
12075186,2,2,1,6,6,,,,,,,,
12077719,0,0,4,4,,,,,,,,,
12074547,0,0,1,1,,,,,,,,,
12074862,2,2,6,6,,,,,,,,,
12074888,0,0,1,3,,,,,,,,,
12076432,1,1,6,3,,,,,,,,,
12074670,0,0,5,0,,,,,,,,,
12074741,2,2,6,0,7,,,,,7,,,
12076879,2,2,6,7,,,,,,,,,
12077047,,,,,,,,,,,,,
12072081,0,0,3,4,,,,,,,,,
12074864,1,1,6,5,1,,,,,,,,
12074696,2,2,6,7,,,,,,,,,
12077048,1,1,4,6,6,,,,,5,,,
12074567,2,2,6,4,6,,,,,,,,
12074548,0,0,4,1,,,,,,,,,
12073704,0,0,5,1,,,,,,,,,
12073579,1,1,6,3,5,,,,,,,,
12077811,2,2,6,6,7,,,11,,7,,,
12076851,0,0,1,1,,,,,,,,,
12076859,0,0,1,3,,,,,,,,,
12076865,0,0,3,0,,,,,,,,,
12076862,0,0,5,1,,,,,,,,,
12076857,0,0,2,0,,,,,,,,,
12076861,2,2,6,6,,,,,,,,,
12076853,1,1,6,4,4,,,,,,,,
12076864,2,2,7,3,10,,,,,,,,
12076856,2,2,6,7,,,,,7,,,,
12076850,2,2,6,6,,,,,,,,,
12076858,0,0,0,2,,,,,,,,,
12076854,2,2,6,6,,,,,,,,,
12076855,2,2,6,6,,,,,,,,,
12076852,2,2,6,7,,,,,,,,,
12076860,2,2,6,6,,,,,,,,,
12076863,0,0,5,2,,,,,,,,,
12073715,2,2,7,6,,,,7,,,,,
12073714,2,2,6,6,,,,,,,,,
12076027,1,1,6,3,2,,,,,,,,
12072026,1,1,2,6,5,,,,,,,,
12072510,2,2,6,6,,,,,,,,,
12074894,2,2,6,6,,,,,,,,,
12074795,0,0,4,4,,,,,,,,,
12076941,0,0,5,5,,,,,,,,,
12074401,1,1,6,0,2,,,,,,,,
12074690,2,2,3,6,6,,,,,,,,
12076801,0,0,3,1,,,,,,,,,
12077325,0,0,3,2,,,,,,,,,
12077297,0,0,3,4,,,,,,,,,
12077332,2,2,6,6,,,,,,,,,
12079580,2,2,6,6,,,,,,,,,
12077314,,,,,,,,,,,,,
12077303,1,1,6,6,8,,,,,,,,
12077302,1,1,7,4,6,,,,,,,,
12077307,0,0,1,0,,,,,,,,,
12077320,2,2,6,6,,,,,,,,,
12077298,2,2,6,6,,,,,,,,,
12077317,0,0,6,4,,,,,,,,,
12077340,2,2,6,6,12,,,,,,,,
12077341,2,2,4,6,10,,,,,,,,
12077305,0,0,2,1,,,,,,,,,
12077300,0,0,0,0,,,,,,,,,
12077326,0,0,2,0,,,,,,,,,
12077327,0,0,0,3,,,,,,,,,
12077343,2,2,6,6,,,,,,,,,
12077299,0,0,2,0,,,,,,,,,
12077294,2,2,6,6,,,,,,,,,
12077339,2,2,6,6,,,,,,,,,
12077344,0,0,3,2,,,,,,,,,
12077318,2,2,6,6,,,,,,,,,
12077296,0,0,6,6,,,,,,,,,
12077329,,,,,,,,,,,,,
12077304,1,1,6,6,8,,,,,,,,
12077295,0,0,4,4,,,,,,,,,
12077328,2,2,6,6,,,,,,,,,
12077347,2,2,5,6,10,,,,,,,,
12077301,2,2,7,7,,,,,,,,,
12077346,2,2,6,6,,,,,,,,,
12077322,2,2,6,3,10,,,,,,,,
12077306,2,2,6,6,,,,,,,,,
12077549,2,2,6,7,,,,,,,,,
12077550,2,2,6,6,,,,,,,,,
12077564,0,0,2,0,,,,,,,,,
12077566,2,2,6,6,,,,,,,,,
12077563,2,2,6,6,10,,,,,,,,
12077551,2,2,7,0,10,,,,,,,,
12077572,2,2,6,6,,,,,,,,,
12077561,2,2,6,6,,,,,,,,,
12077559,2,2,6,6,,,,,,,,,
12077569,0,0,6,0,,,,,,,,,
12077548,2,2,6,6,,,,,,,,,
12077552,1,1,6,6,9,,,,,,,,
12077560,2,2,6,6,,,,,,,,,
12077570,2,2,6,6,,,,,,,,,
12077562,2,2,6,6,,,,,,,,,
12077571,2,2,6,6,10,,,,,,,,
12077574,2,2,6,6,,,,,,,,,
12077575,0,0,0,0,,,,,,,,,
12077555,,,,,,,,,,,,,
12077554,0,0,0,0,,,,,,,,,
12077567,2,2,6,6,,,,,,,,,
12077568,0,0,0,0,,,,,,,,,
12077553,0,0,1,2,,,,,,,,,
12077556,0,0,6,1,,,,,,,,,
12077573,,,,,,,,,,,,,
12077557,2,2,6,6,,,,,,,,,
12077565,2,2,7,7,,,,,,,,,
12077558,0,0,2,4,,,,,,,,,
12077760,2,2,6,6,,,,,,,,,
12077737,2,2,6,6,,,,,,,,,
12077726,0,0,4,2,,,,,,,,,
12077729,2,2,5,6,10,,,,,,,,
12077741,2,2,6,7,,,,,,,,,
12077756,2,2,4,6,10,,,,,,,,
12077758,2,2,6,6,,,,,,,,,
12077730,1,1,6,3,4,,,,,,,,
12077732,2,2,6,6,,,,,,,,,
12077763,2,2,6,6,,,,,,,,,
12077751,2,2,7,7,,,,,,,,,
12077727,2,2,7,7,,,,,,,,,
12077753,0,0,0,3,,,,,,,,,
12077767,0,0,4,5,,,,,,,,,
12077734,0,0,2,3,,,,,,,,,
12077769,,,,,,,,,,,,,
12077761,1,1,6,2,11,,,,,,,,
12077745,0,0,0,3,,,,,,,,,
12077739,0,0,2,1,,,,,,,,,
12077740,1,1,7,2,1,,,,,,,,
12077757,2,2,6,6,,,,,,,,,
12077733,1,1,6,4,9,,,,,,,,
12077768,2,2,6,6,,,,,,,,,
12077755,1,1,6,4,1,,,,,,,,
12077728,,,,,,,,,,,,,
12077766,0,0,2,3,,,,,,,,,
12077773,1,1,2,7,6,,,,,,,,
12077398,0,0,6,4,,,,,,,,,
12077397,0,0,0,1,,,,,,,,,
12077403,,,,,,,,,,,,,
12079306,0,0,3,1,,,,,,,,,
12077422,0,0,3,4,,,,,,,,,
12077419,2,2,6,6,,,,,,,,,
12077412,2,2,7,3,11,,,,,,,,
12077415,2,2,6,6,,,,,,,,,
12077394,0,0,6,2,,,,,,,,,
12077405,2,2,6,6,,,,,,,,,
12077401,2,2,6,6,,,,,,,,,
12077406,0,0,2,2,,,,,,,,,
12077399,2,2,6,6,,,,,,,,,
12077426,0,0,2,1,,,,,,,,,
12077418,2,2,6,6,,,,,,,,,
12077410,2,2,6,6,,,,,,,,,
12077416,0,0,1,2,,,,,,,,,
12077408,2,2,6,1,10,,,,,,,,
12077395,2,2,7,6,,,,,,,,,
12077424,0,0,0,0,,,,,,,,,
12077413,1,1,3,6,4,,,,,,,,
12077400,2,2,7,7,,,,,,,,,
12077407,0,0,1,0,,,,,,,,,
12077421,0,0,2,0,,,,,,,,,
12077414,0,0,2,4,,,,,,,,,
12077409,2,2,6,6,,,,,,,,,
12077420,0,0,1,0,,,,,,,,,
12077396,2,2,6,6,,,,,,,,,
12076299,0,0,2,2,,,,,,,,,
12076817,1,1,4,7,12,,,,,,,,
12076310,0,0,1,5,,,,,,,,,
12076301,1,1,7,6,8,,,,,,,,
12076287,0,0,2,1,,,,,,,,,
12076311,0,0,4,6,,,,,,,,,
12076291,0,0,2,1,,,,,,,,,
12076304,2,2,6,6,,,,,,,,,
12076296,2,2,6,6,,,,,,,,,
12076294,2,2,6,6,,,,,,,,,
12076300,2,2,7,6,,,,,,,,,
12076309,2,2,6,6,,,,,,,,,
12076293,1,1,7,3,7,,,,,,,,
12076307,2,2,6,6,,,,,,,,,
12076286,2,2,2,7,10,,,,,,,,
12076298,2,2,7,3,12,,,,,,,,
12077791,,,,,,,,,,,,,
12079400,1,1,5,6,2,,,,,,,,
12077788,0,0,3,6,,,,,,,,,
12077787,1,1,5,6,3,,,,,,,,
12077782,2,2,2,6,10,,,,,,,,
12077783,2,2,6,6,,,,,,,,,
12077780,2,2,6,6,,,,,,,,,
12077786,2,2,6,6,,,,,,,,,
12077777,0,0,2,3,,,,,,,,,
12078144,0,0,2,3,,,,,,,,,
12078153,2,2,7,6,,,,,,,,,
12078143,0,0,3,4,,,,,,,,,
12078139,0,0,3,2,,,,,,,,,
12078134,1,1,6,2,4,,,,,,,,
12078150,1,1,7,5,0,,,,,,,,
12078149,0,0,3,4,,,,,,,,,
12078162,0,0,4,3,,,,,,,,,
12078148,1,1,4,6,9,,,,,,,,
12078164,2,2,6,6,,,,,,,,,
12078160,2,2,6,6,,,,,,,,,
12078161,2,2,7,6,,,,,,,,,
12078135,1,1,1,7,8,,,,,,,,
12078158,0,0,2,4,,,,,,,,,
12078151,2,2,6,6,,,,,,,,,
12078165,0,0,6,6,,,,,,,,,
12078141,2,2,6,6,,,,,,,,,
12078147,2,2,6,6,,,,,,,,,
12078146,0,0,0,3,,,,,,,,,
12078163,0,0,1,2,,,,,,,,,
12077685,2,2,6,6,,,,,,,,,
12077704,2,2,6,7,,,,,,,,,
12077699,0,0,1,3,,,,,,,,,
12077688,2,2,7,6,,,,,,,,,
12077689,0,0,3,4,,,,,,,,,
12077713,,,,,,,,,,,,,
12079449,0,0,3,4,,,,,,,,,
12077696,2,2,6,6,,,,,,,,,
12077691,0,0,3,3,,,,,,,,,
12077714,2,2,6,6,,,,,,,,,
12077695,0,0,5,5,,,,,,,,,
12077706,2,2,6,6,,,,,,,,,
12079519,2,2,6,3,11,,,,,,,,
12077709,0,0,2,1,,,,,,,,,
12077708,,,,,,,,,,,,,
12077687,0,0,1,1,,,,,,,,,
12077693,2,2,6,6,,,,,,,,,
12077690,0,0,4,4,,,,,,,,,
12077697,1,1,6,4,7,,,,,,,,
12077701,0,0,0,3,,,,,,,,,
12077711,2,2,6,6,,,,,,,,,
12077686,2,2,6,6,,,,,,,,,
12077694,2,2,4,6,10,,,,,,,,
12077707,0,0,2,3,,,,,,,,,
12077700,2,2,6,7,,,,,,,,,
12077312,,,,,,,,,,,,,
12077321,2,2,6,6,,,,,,,,,
12077313,2,2,6,6,,,,,,,,,
12077316,2,2,6,6,,,,,,,,,
12077319,,,,,,,,,,,,,
12077331,0,0,0,3,,,,,,,,,
12077330,1,1,6,6,6,,,,,,,,
12077345,,,,,,,,,,,,,
12077311,2,2,6,6,,,,,,,,,
12077333,2,2,6,6,,,,,,,,,
12077315,2,2,6,6,,,,,,,,,
12077348,2,2,6,6,,,,,,,,,
12077338,0,0,4,2,,,,,,,,,
12077308,,,,,,,,,,,,,
12077335,2,2,6,1,10,,,,,,,,
12077336,2,2,6,6,,,,,,,,,
12077349,2,2,6,6,,,,,,,,,
12077337,0,0,0,0,,,,,,,,,
12077342,0,0,0,0,,,,,,,,,
12077323,0,0,3,3,,,,,,,,,
12077324,2,2,6,6,,,,,,,,,
12077351,0,0,6,2,,,,,,,,,
12077334,0,0,0,0,,,,,,,,,
12077310,0,0,4,1,,,,,,,,,
12077309,0,0,2,0,,,,,,,,,
12077593,2,2,7,6,,,,,,,,,
12077589,2,2,7,7,,,,,,,,,
12077580,0,0,0,3,,,,,,,,,
12077597,0,0,4,2,,,,,,,,,
12077606,2,2,6,6,,,,,,,,,
12077587,0,0,3,4,,,,,,,,,
12077585,2,2,6,6,,,,,,,,,
12077607,1,1,3,6,8,,,,,,,,
12077599,2,2,6,6,,,,,,,,,
12077581,,,,,,,,,,,,,
12079549,2,2,6,6,,,,,,,,,
12077601,2,2,6,6,,,,,,,,,
12077595,2,2,1,6,14,,,,,,,,
12077586,0,0,0,0,,,,,,,,,
12077578,0,0,2,5,,,,,,,,,
12077592,0,0,1,5,,,,,,,,,
12077582,0,0,1,2,,,,,,,,,
12077596,,,,,,,,,,,,,
12077588,,,,,,,,,,,,,
12079548,1,1,6,5,7,,,,,,,,
12077598,0,0,0,1,,,,,,,,,
12077591,,,,,,,,,,,,,
12077604,2,2,6,1,10,,,,,,,,
12077590,2,2,3,6,10,,,,,,,,
12077600,0,0,0,0,,,,,,,,,
12077584,0,0,4,3,,,,,,,,,
12077577,2,2,6,3,10,,,,,,,,
12077579,0,0,0,0,,,,,,,,,
12077583,0,0,2,2,,,,,,,,,
12077603,0,0,4,6,,,,,,,,,
12077602,0,0,3,4,,,,,,,,,
12077608,1,1,6,2,4,,,,,,,,
12077594,0,0,2,3,,,,,,,,,
12077605,2,2,6,5,10,,,,,,,,
12077288,2,2,6,6,,,,,,,,,
12077289,0,0,2,2,,,,,,,,,
12077286,2,2,6,6,,,,,,,,,
12077291,0,0,3,3,,,,,,,,,
12077361,2,2,6,6,,,,,,,,,
12077359,0,0,4,4,,,,,,,,,
12077360,2,2,6,6,,,,,,,,,
12077290,0,0,1,0,,,,,,,,,
12077292,0,0,2,0,,,,,,,,,
12077287,0,0,0,3,,,,,,,,,
12077376,2,2,6,6,,,,,,,,,
12077369,0,0,4,4,,,,,,,,,
12077383,1,1,3,6,2,,,,,,,,
12077373,0,0,4,4,,,,,,,,,
12077375,2,2,6,6,,,,,,,,,
12077374,2,2,6,6,,,,,,,,,
12077372,0,0,0,0,,,,,,,,,
12077381,2,2,3,6,10,,,,,,,,
12077377,2,2,6,6,,,,,,,,,
12077371,2,2,6,6,,,,,,,,,
12077378,0,0,2,2,,,,,,,,,
12077379,0,0,3,3,,,,,,,,,
12077380,2,2,6,6,,,,,,,,,
12077382,2,2,3,6,10,,,,,,,,
12077384,,,,,,,,,,,,,
12079975,2,2,1,6,10,,,,,,,,
12077370,2,2,6,6,,,,,,,,,
12076303,2,2,6,6,,,,,,,,,
12076289,2,2,6,6,,,,,,,,,
12076306,0,0,3,4,,,,,,,,,
12076312,2,2,6,7,,,,,,,,,
12076288,2,2,6,6,,,,,,,,,
12076292,2,2,6,6,,,,,,,,,
12076305,2,2,6,6,,,,,,,,,
12076314,1,1,4,7,5,,,,,,,,
12076285,0,0,3,2,,,,,,,,,
12076302,2,2,6,6,,,,,,,,,
12076284,1,1,6,2,5,,,,,,,,
12076308,0,0,1,2,,,,,,,,,
12076290,0,0,1,3,,,,,,,,,
12076295,2,2,6,6,,,,,,,,,
12076313,0,0,0,4,,,,,,,,,
12076297,,,,,,,,,,,,,
12078210,0,0,1,0,,,,,,,,,
12049638,2,2,6,6,,,,,,,,,
12049637,0,0,2,4,,,,,,,,,
12049636,0,0,5,4,,,,,,,,,
12049568,0,0,2,3,,,,,,,,,
12049569,2,2,7,6,,,,7,,,,,
12049571,2,2,6,6,,,,,,,,,
12049618,0,0,2,2,,,,,,,,,
12049614,0,0,6,2,,,,8,,,,,
12076746,,,,,,,,,,,,,
12076748,,,,,,,,,,,,,
12049683,0,0,6,2,,,,8,,,,,
12077078,2,2,7,6,,,,7,,,,,
12076690,2,2,6,2,6,,,,,,,,
12076704,2,2,6,6,,,,,,,,,
12077080,1,1,2,6,4,,,,,,,,
12076693,2,2,6,6,,,,,,,,,
12076694,2,2,4,7,6,,,,,,,,
12077082,0,0,1,2,,,,,,,,,
12076700,1,1,6,4,0,,,,,,,,
12077079,1,1,4,6,2,,,,,,,,
12076691,,,,,,,,,,,,,
12079471,2,2,1,6,7,,,,,7,,,
12076696,1,1,6,3,3,,,,,,,,
12076701,2,2,6,7,,,,,7,,,,
12077083,,,,,,,,,,,,,
12076692,,,,,,,,,,,,,
12076699,,,,,,,,,,,,,
12076695,,,,,,,,,,,,,
12076697,,,,,,,,,,,,,
12076703,,,,,,,,,,,,,
12076698,,,,,,,,,,,,,
12077081,,,,,,,,,,,,,
12077084,,,,,,,,,,,,,
12076702,,,,,,,,,,,,,
12077796,2,2,6,6,,,,,,,,,
12075279,,,,,,,,,,,,,
12075266,0,0,4,3,,,,,,,,,
12075275,,,,,,,,,,,,,
12077774,2,2,7,6,,,,,,,,,
12075274,2,2,1,6,6,,,,,,,,
12075280,0,0,3,1,,,,,,,,,
12075273,2,2,6,6,,,,,,,,,
12075268,0,0,2,3,,,,,,,,,
12075272,2,2,6,6,,,,,,,,,
12078246,2,2,6,7,,,,,8,,,,
12078109,0,0,1,6,,,,,3,,,,
12078107,2,2,6,6,,,,,,,,,
12078277,2,2,6,6,,,,,,,,,
12076723,2,2,6,6,,,,,,,,,
12076933,2,2,7,6,,,,,,,,,
12076681,2,2,6,6,,,,,,,,,
12076932,0,0,4,4,,,,,,,,,
12075953,2,2,6,6,,,,,,,,,
12075951,0,0,4,4,,,,,,,,,
12075955,1,1,2,6,4,,,,,,,,
12075957,2,2,7,7,,,,,,,,,
12075954,2,2,6,1,7,,,,,,,,
12075958,0,0,5,3,,,,,,,,,
12075956,1,1,6,3,2,,,,,,,,
12075950,0,0,3,2,,,,,,,,,
12078716,0,0,4,4,,,,,,,,,
12078694,2,2,6,6,,,,,,,,,
12078819,0,0,3,3,,,,,,,,,
12078755,2,2,7,7,,,,,,,,,
12049783,2,2,7,6,,,,7,,,,,
12049814,0,0,6,4,,,,2,,,,,
12049801,2,2,4,6,6,,,,,,,,
12049718,2,2,7,6,,,,,,,,,
12049712,0,0,6,3,,,,5,,,,,
12049716,2,2,6,6,,,,,,,,,
12049734,1,1,6,6,3,,,,3,,,,
12049738,1,1,6,4,1,,,,,,,,
12079371,,,,,,,,,,,,,
12079373,,,,,,,,,,,,,
12079375,,,,,,,,,,,,,
12079369,,,,,,,,,,,,,
12079370,,,,,,,,,,,,,
12077819,,,,,,,,,,,,,
12077814,,,,,,,,,,,,,
12077818,,,,,,,,,,,,,
12049731,0,0,3,2,,,,,,,,,
12077523,0,0,4,6,,,,,3,,,,
12077505,0,0,4,1,,,,,,,,,
12077514,2,2,6,6,,,,,,,,,
12077521,0,0,3,4,,,,,,,,,
12077511,0,0,1,3,,,,,,,,,
12077522,0,0,4,1,,,,,,,,,
12077513,2,2,4,6,6,,,,,,,,
12077530,2,2,3,7,6,,,,7,,,,
12077512,2,2,6,6,,,,,,,,,
12077520,2,2,6,6,,,,,,,,,
12077531,2,2,6,2,7,,,,,7,,,
12077529,1,1,6,2,3,,,,,,,,
12079640,,,,,,,,,,,,,
12079514,,,,,,,,,,,,,
12079959,,,,,,,,,,,,,
12080585,,,,,,,,,,,,,
12080911,,,,,,,,,,,,,
12080584,,,,,,,,,,,,,
12077016,1,1,7,1,0,,,7,,,,,
12077015,0,0,3,1,,,,,,,,,
12077021,1,1,6,6,0,,,3,,,,,
12077019,2,2,6,6,,,,,,,,,
12077018,2,2,5,6,6,,,,,,,,
12077020,0,0,5,6,,,,,5,,,,
12077023,0,0,3,4,,,,,,,,,
12077024,2,2,6,6,,,,,,,,,
12077022,1,1,6,6,3,,,1,,,,,
12077025,1,1,2,7,1,,,,8,,,,
12077027,0,0,3,1,,,,,,,,,
12077026,2,2,7,6,,,,7,,,,,
12079377,1,1,7,4,,,,,,,,,
12079378,0,0,2,2,,,,,,,,,
12079470,0,0,3,6,,,,,,,,,
12079645,,,,,,,,,,,,,
12079552,,,,,,,,,,,,,
12079772,,,,,,,,,,,,,
12077797,2,2,3,6,6,,,,,,,,
12077803,2,2,4,6,6,,,,,,,,
12077805,1,1,6,4,1,,,,,,,,
12077806,2,2,7,6,,,,7,,,,,
12077799,0,0,5,0,,,,,,,,,
12077802,2,2,6,6,,,,,,,,,
12077801,1,1,6,0,4,,,,,,,,
12077807,2,2,6,6,,,,,,,,,
12077800,0,0,5,3,,,,,,,,,
12077808,2,2,2,6,6,,,,,,,,
12077804,0,0,3,6,,,,,5,,,,
12077798,1,1,2,6,4,,,,,,,,
12079726,,,,,,,,,,,,,
12079737,,,,,,,,,,,,,
12079732,,,,,,,,,,,,,
12080596,,,,,,,,,,,,,
12080595,,,,,,,,,,,,,
12080152,,,,,,,,,,,,,
12077105,2,2,4,7,6,,,,,,,,
12076813,2,2,6,6,,,,,,,,,
12074726,1,1,6,6,4,,,5,,,,,
12074762,2,2,7,7,,,,,,,,,
12079571,1,1,6,3,4,,,,,,,,
12076835,2,2,7,6,,,,7,,,,,
12076841,2,2,6,6,,,,,,,,,
12076837,0,0,1,5,,,,,,,,,
12076842,0,0,3,2,,,,,,,,,
12076845,0,0,3,3,,,,,,,,,
12076848,1,1,7,6,4,,,,3,,,,
12076847,0,0,4,4,,,,,,,,,
12076840,2,2,6,7,,,,,,,,,
12076843,2,2,4,6,11,,,,,,,,
12076834,2,2,6,7,,,,,,,,,
12076849,0,0,3,2,,,,,,,,,
12076838,2,2,6,7,,,,,,,,,
12076846,2,2,6,6,,,,,,,,,
12076839,2,2,6,6,,,,,,,,,
12076844,1,1,2,6,2,,,,,,,,
12076836,0,0,0,0,,,,,,,,,
12079485,2,2,7,7,,,,7,,,,,
12079492,2,2,7,7,,,,8,7,,,,
12079481,2,2,7,6,,,,,,,,,
12079483,2,2,4,6,10,,,,,,,,
12079491,0,0,3,4,,,,,,,,,
12079482,0,0,6,0,,,,3,,,,,
12079486,0,0,5,6,,,,,2,,,,
12079495,2,2,0,6,12,,,,,,,,
12076026,0,0,2,4,,,,,,,,,
12074863,0,0,3,6,,,,,4,,,,
12074771,2,2,6,7,,,,,7,,,,
12077281,2,2,7,6,,,,7,,,,,
12075087,0,0,2,6,,,,,4,,,,
12065022,,,,,,,,,,,,,
12065014,,,,,,,,,,,,,
12075187,0,0,3,4,,,,,,,,,
12075142,2,2,6,6,,,,,,,,,
12077829,0,0,1,0,,,,,,,,,
12076648,2,2,6,6,,,,,,,,,
12076754,2,2,6,6,,,,,,,,,
12077045,2,2,6,6,,,,,,,,,
12075028,2,2,6,5,6,,,,,,,,
12075186,2,2,1,6,6,,,,,,,,
12077719,0,0,4,4,,,,,,,,,
12076432,1,1,6,3,,,,,,,,,
12076879,2,2,6,7,,,,,,,,,
12077047,,,,,,,,,,,,,
12077048,1,1,4,6,6,,,,,5,,,
12074567,2,2,6,4,6,,,,,,,,
12074548,0,0,4,1,,,,,,,,,
12079570,2,2,6,6,,,,,,,,,
12073704,0,0,5,1,,,,,,,,,
12073579,1,1,6,3,5,,,,,,,,
12077811,2,2,6,6,7,,,11,,7,,,
12076851,0,0,1,1,,,,,,,,,
12076859,0,0,1,3,,,,,,,,,
12076865,0,0,3,0,,,,,,,,,
12076862,0,0,5,1,,,,,,,,,
12076857,0,0,2,0,,,,,,,,,
12076861,2,2,6,6,,,,,,,,,
12076853,1,1,6,4,4,,,,,,,,
12076864,2,2,7,3,10,,,,,,,,
12076856,2,2,6,7,,,,,7,,,,
12076850,2,2,6,6,,,,,,,,,
12076858,0,0,0,2,,,,,,,,,
12076854,2,2,6,6,,,,,,,,,
12076855,2,2,6,6,,,,,,,,,
12076852,2,2,6,7,,,,,,,,,
12076860,2,2,6,6,,,,,,,,,
12076863,0,0,5,2,,,,,,,,,
12079493,1,1,4,6,9,,,,,,,,
12079490,0,0,6,2,,,,3,,,,,
12079488,2,2,6,6,,,,,,,,,
12079489,1,1,5,6,9,,,,,,,,
12079487,2,2,6,6,,,,,,,,,
12079496,1,1,3,6,0,,,,,,,,
12079494,2,2,6,7,,,,,7,,,,
12079484,1,1,6,3,,,,,,,,,
12076027,1,1,6,3,2,,,,,,,,
12076941,0,0,5,5,,,,,,,,,
12076801,0,0,3,1,,,,,,,,,
12077325,0,0,3,2,,,,,,,,,
12077297,0,0,3,4,,,,,,,,,
12077332,2,2,6,6,,,,,,,,,
12079580,2,2,6,6,,,,,,,,,
12077314,,,,,,,,,,,,,
12077303,1,1,6,6,8,,,,,,,,
12077302,1,1,7,4,6,,,,,,,,
12077307,0,0,1,0,,,,,,,,,
12077320,2,2,6,6,,,,,,,,,
12077298,2,2,6,6,,,,,,,,,
12077317,0,0,6,4,,,,,,,,,
12077340,2,2,6,6,12,,,,,,,,
12077341,2,2,4,6,10,,,,,,,,
12077305,0,0,2,1,,,,,,,,,
12077300,0,0,0,0,,,,,,,,,
12077326,0,0,2,0,,,,,,,,,
12077327,0,0,0,3,,,,,,,,,
12077343,2,2,6,6,,,,,,,,,
12077299,0,0,2,0,,,,,,,,,
12077294,2,2,6,6,,,,,,,,,
12077339,2,2,6,6,,,,,,,,,
12077344,0,0,3,2,,,,,,,,,
12077318,2,2,6,6,,,,,,,,,
12077296,0,0,6,6,,,,,,,,,
12077329,,,,,,,,,,,,,
12077304,1,1,6,6,8,,,,,,,,
12077295,0,0,4,4,,,,,,,,,
12077328,2,2,6,6,,,,,,,,,
12077347,2,2,5,6,10,,,,,,,,
12077301,2,2,7,7,,,,,,,,,
12077346,2,2,6,6,,,,,,,,,
12077322,2,2,6,3,10,,,,,,,,
12077306,2,2,6,6,,,,,,,,,
12079599,0,0,0,,,,,,,,,,
12079588,0,0,0,,,,,,,,,,
12079583,0,0,0,,,,,,,,,,
12079597,0,0,0,,,,,,,,,,
12079605,,,,,,,,,,,,,
12079592,,,,,,,,,,,,,
12079590,,,,,,,,,,,,,
12079577,,,,,,,,,,,,,
12079603,,,,,,,,,,,,,
12079582,,,,,,,,,,,,,
12079586,,,,,,,,,,,,,
12079594,,,,,,,,,,,,,
12079576,,,,,,,,,,,,,
12079584,,,,,,,,,,,,,
12079581,,,,,,,,,,,,,
12079607,,,,,,,,,,,,,
12077549,2,2,6,7,,,,,,,,,
12077550,2,2,6,6,,,,,,,,,
12077564,0,0,2,0,,,,,,,,,
12077566,2,2,6,6,,,,,,,,,
12077563,2,2,6,6,10,,,,,,,,
12077551,2,2,7,0,10,,,,,,,,
12077572,2,2,6,6,,,,,,,,,
12077561,2,2,6,6,,,,,,,,,
12077559,2,2,6,6,,,,,,,,,
12077569,0,0,6,0,,,,,,,,,
12077548,2,2,6,6,,,,,,,,,
12077552,1,1,6,6,9,,,,,,,,
12077560,2,2,6,6,,,,,,,,,
12077570,2,2,6,6,,,,,,,,,
12077562,2,2,6,6,,,,,,,,,
12077571,2,2,6,6,10,,,,,,,,
12077574,2,2,6,6,,,,,,,,,
12077575,0,0,0,0,,,,,,,,,
12077555,,,,,,,,,,,,,
12077554,0,0,0,0,,,,,,,,,
12077567,2,2,6,6,,,,,,,,,
12077568,0,0,0,0,,,,,,,,,
12077553,0,0,1,2,,,,,,,,,
12077556,0,0,6,1,,,,,,,,,
12077573,,,,,,,,,,,,,
12077557,2,2,6,6,,,,,,,,,
12077565,2,2,7,7,,,,,,,,,
12077558,0,0,2,4,,,,,,,,,
12080202,,,,,,,,,,,,,
12080191,,,,,,,,,,,,,
12080182,,,,,,,,,,,,,
12080174,,,,,,,,,,,,,
12080196,,,,,,,,,,,,,
12080193,,,,,,,,,,,,,
12080173,,,,,,,,,,,,,
12080177,,,,,,,,,,,,,
12080203,,,,,,,,,,,,,
12080200,,,,,,,,,,,,,
12080195,,,,,,,,,,,,,
12080184,,,,,,,,,,,,,
12080197,,,,,,,,,,,,,
12080201,,,,,,,,,,,,,
12080187,,,,,,,,,,,,,
12080172,,,,,,,,,,,,,
12077760,2,2,6,6,,,,,,,,,
12077737,2,2,6,6,,,,,,,,,
12077726,0,0,4,2,,,,,,,,,
12077729,2,2,5,6,10,,,,,,,,
12077741,2,2,6,7,,,,,,,,,
12077756,2,2,4,6,10,,,,,,,,
12077758,2,2,6,6,,,,,,,,,
12077730,1,1,6,3,4,,,,,,,,
12077732,2,2,6,6,,,,,,,,,
12077763,2,2,6,6,,,,,,,,,
12077751,2,2,7,7,,,,,,,,,
12077727,2,2,7,7,,,,,,,,,
12077753,0,0,0,3,,,,,,,,,
12077767,0,0,4,5,,,,,,,,,
12077734,0,0,2,3,,,,,,,,,
12077769,,,,,,,,,,,,,
12077761,1,1,6,2,11,,,,,,,,
12077745,0,0,0,3,,,,,,,,,
12077739,0,0,2,1,,,,,,,,,
12077740,1,1,7,2,1,,,,,,,,
12077757,2,2,6,6,,,,,,,,,
12077733,1,1,6,4,9,,,,,,,,
12077768,2,2,6,6,,,,,,,,,
12077755,1,1,6,4,1,,,,,,,,
12077728,,,,,,,,,,,,,
12077766,0,0,2,3,,,,,,,,,
12077773,1,1,2,7,6,,,,,,,,
12077752,0,0,1,2,,,,,,,,,
12077748,2,2,6,6,,,,,,,,,
12077770,2,2,6,6,,,,,,,,,
12077754,2,2,6,4,10,,,,,,,,
12077731,2,2,7,4,12,,,,,,,,
12080890,,,,,,,,,,,,,
12080901,,,,,,,,,,,,,
12080891,,,,,,,,,,,,,
12080899,,,,,,,,,,,,,
12080892,,,,,,,,,,,,,
12080893,,,,,,,,,,,,,
12080902,,,,,,,,,,,,,
12080888,,,,,,,,,,,,,
12080887,,,,,,,,,,,,,
12080895,,,,,,,,,,,,,
12080894,,,,,,,,,,,,,
12080898,,,,,,,,,,,,,
12080889,,,,,,,,,,,,,
12080897,,,,,,,,,,,,,
12080900,,,,,,,,,,,,,
12080896,,,,,,,,,,,,,
12077398,0,0,6,4,,,,,,,,,
12077397,0,0,0,1,,,,,,,,,
12077403,,,,,,,,,,,,,
12079306,0,0,3,1,,,,,,,,,
12077422,0,0,3,4,,,,,,,,,
12077419,2,2,6,6,,,,,,,,,
12077412,2,2,7,3,11,,,,,,,,
12077415,2,2,6,6,,,,,,,,,
12077394,0,0,6,2,,,,,,,,,
12077405,2,2,6,6,,,,,,,,,
12077401,2,2,6,6,,,,,,,,,
12077406,0,0,2,2,,,,,,,,,
12077399,2,2,6,6,,,,,,,,,
12077426,0,0,2,1,,,,,,,,,
12077418,2,2,6,6,,,,,,,,,
12077410,2,2,6,6,,,,,,,,,
12077416,0,0,1,2,,,,,,,,,
12077408,2,2,6,1,10,,,,,,,,
12077395,2,2,7,6,,,,,,,,,
12077424,0,0,0,0,,,,,,,,,
12077413,1,1,3,6,4,,,,,,,,
12077400,2,2,7,7,,,,,,,,,
12077407,0,0,1,0,,,,,,,,,
12077421,0,0,2,0,,,,,,,,,
12077414,0,0,2,4,,,,,,,,,
12077409,2,2,6,6,,,,,,,,,
12077420,0,0,1,0,,,,,,,,,
12077396,2,2,6,6,,,,,,,,,
12077423,0,0,4,1,,,,,,,,,
12077404,0,0,3,2,,,,,,,,,
12077417,2,2,6,6,,,,,,,,,
12080109,0,0,4,1,,,,,,,,,
12077411,,,,,,,,,,,,,
12077402,2,2,4,6,10,,,,,,,,
12080357,,,,,,,,,,,,,
12080353,,,,,,,,,,,,,
12080362,,,,,,,,,,,,,
12080351,,,,,,,,,,,,,
12080350,,,,,,,,,,,,,
12080363,,,,,,,,,,,,,
12080361,,,,,,,,,,,,,
12080355,,,,,,,,,,,,,
12080354,,,,,,,,,,,,,
12080364,,,,,,,,,,,,,
12080352,,,,,,,,,,,,,
12080356,,,,,,,,,,,,,
12080458,,,,,,,,,,,,,
12080358,,,,,,,,,,,,,
12080359,,,,,,,,,,,,,
12080360,,,,,,,,,,,,,
12076299,0,0,2,2,,,,,,,,,
12076817,1,1,4,7,12,,,,,,,,
12076310,0,0,1,5,,,,,,,,,
12076301,1,1,7,6,8,,,,,,,,
12076287,0,0,2,1,,,,,,,,,
12076311,0,0,4,6,,,,,,,,,
12076291,0,0,2,1,,,,,,,,,
12076304,2,2,6,6,,,,,,,,,
12076296,2,2,6,6,,,,,,,,,
12076294,2,2,6,6,,,,,,,,,
12076300,2,2,7,6,,,,,,,,,
12076309,2,2,6,6,,,,,,,,,
12076293,1,1,7,3,7,,,,,,,,
12076307,2,2,6,6,,,,,,,,,
12076286,2,2,2,7,10,,,,,,,,
12076298,2,2,7,3,12,,,,,,,,
12078779,,,,,,,,,,,,,
12078776,,,,,,,,,,,,,
12078780,,,,,,,,,,,,,
12078777,,,,,,,,,,,,,
12081617,,,,,,,,,,,,,
12078773,,,,,,,,,,,,,
12078815,,,,,,,,,,,,,
12078840,,,,,,,,,,,,,
12078813,,,,,,,,,,,,,
12078775,,,,,,,,,,,,,
12078812,,,,,,,,,,,,,
12078778,,,,,,,,,,,,,
12078774,,,,,,,,,,,,,
12078781,,,,,,,,,,,,,
12078814,,,,,,,,,,,,,
12078772,,,,,,,,,,,,,
12078802,,,,,,,,,,,,,
12080444,,,,,,,,,,,,,
12080450,,,,,,,,,,,,,
12080453,,,,,,,,,,,,,
12080446,,,,,,,,,,,,,
12080445,,,,,,,,,,,,,
12080441,,,,,,,,,,,,,
12080443,,,,,,,,,,,,,
12080447,,,,,,,,,,,,,
12080451,,,,,,,,,,,,,
12080452,,,,,,,,,,,,,
12080449,,,,,,,,,,,,,
12080448,,,,,,,,,,,,,
12077791,,,,,,,,,,,,,
12079400,1,1,5,6,2,,,,,,,,
12077788,0,0,3,6,,,,,,,,,
12077787,1,1,5,6,3,,,,,,,,
12077782,2,2,2,6,10,,,,,,,,
12077783,2,2,6,6,,,,,,,,,
12077780,2,2,6,6,,,,,,,,,
12077786,2,2,6,6,,,,,,,,,
12077777,0,0,2,3,,,,,,,,,
12077778,0,0,5,2,,,,,,,,,
12077784,1,1,4,6,7,,,,,,,,
12077785,0,0,3,1,,,,,,,,,
12077790,,,,,,,,,,,,,
12077781,,,,,,,,,,,,,
12077776,0,0,3,2,,,,,,,,,
12077779,,,,,,,,,,,,,
12080474,,,,,,,,,,,,,
12077789,,,,,,,,,,,,,
12080483,,,,,,,,,,,,,
12080482,,,,,,,,,,,,,
12080475,,,,,,,,,,,,,
12080480,,,,,,,,,,,,,
12080485,,,,,,,,,,,,,
12080476,,,,,,,,,,,,,
12080479,,,,,,,,,,,,,
12078144,0,0,2,3,,,,,,,,,
12078153,2,2,7,6,,,,,,,,,
12078143,0,0,3,4,,,,,,,,,
12078139,0,0,3,2,,,,,,,,,
12078134,1,1,6,2,4,,,,,,,,
12078150,1,1,7,5,0,,,,,,,,
12078149,0,0,3,4,,,,,,,,,
12078162,0,0,4,3,,,,,,,,,
12078148,1,1,4,6,9,,,,,,,,
12078164,2,2,6,6,,,,,,,,,
12078160,2,2,6,6,,,,,,,,,
12078161,2,2,7,6,,,,,,,,,
12078135,1,1,1,7,8,,,,,,,,
12078158,0,0,2,4,,,,,,,,,
12078151,2,2,6,6,,,,,,,,,
12078165,0,0,6,6,,,,,,,,,
12078141,2,2,6,6,,,,,,,,,
12078147,2,2,6,6,,,,,,,,,
12078146,0,0,0,3,,,,,,,,,
12078163,0,0,1,2,,,,,,,,,
12078156,2,2,7,1,10,,,,,,,,
12078138,2,2,6,6,,,,,,,,,
12078159,2,2,6,6,,,,,,,,,
12078140,2,2,6,6,,,,,,,,,
12078145,2,2,6,7,,,,,,,,,
12078155,2,2,6,6,,,,,,,,,
12078142,1,1,4,7,9,,,,,,,,
12078137,2,2,6,6,,,,,,,,,
12078157,0,0,3,2,,,,,,,,,
12078136,1,1,5,7,12,,,,,,,,
12078152,2,2,6,6,,,,,,,,,
12078154,0,0,4,2,,,,,,,,,
12080801,,,,,,,,,,,,,
12080813,,,,,,,,,,,,,
12080803,,,,,,,,,,,,,
12080805,,,,,,,,,,,,,
12080810,,,,,,,,,,,,,
12080807,,,,,,,,,,,,,
12080812,,,,,,,,,,,,,
12080811,,,,,,,,,,,,,
12080808,,,,,,,,,,,,,
12080815,,,,,,,,,,,,,
12080816,,,,,,,,,,,,,
12080804,,,,,,,,,,,,,
12080814,,,,,,,,,,,,,
12080806,,,,,,,,,,,,,
12080802,,,,,,,,,,,,,
12080809,,,,,,,,,,,,,
12077685,2,2,6,6,,,,,,,,,
12077704,2,2,6,7,,,,,,,,,
12077699,0,0,1,3,,,,,,,,,
12077688,2,2,7,6,,,,,,,,,
12077689,0,0,3,4,,,,,,,,,
12077713,,,,,,,,,,,,,
12079449,0,0,3,4,,,,,,,,,
12077696,2,2,6,6,,,,,,,,,
12077691,0,0,3,3,,,,,,,,,
12077714,2,2,6,6,,,,,,,,,
12077695,0,0,5,5,,,,,,,,,
12077706,2,2,6,6,,,,,,,,,
12079519,2,2,6,3,11,,,,,,,,
12077709,0,0,2,1,,,,,,,,,
12077708,,,,,,,,,,,,,
12077687,0,0,1,1,,,,,,,,,
12077693,2,2,6,6,,,,,,,,,
12077690,0,0,4,4,,,,,,,,,
12077697,1,1,6,4,7,,,,,,,,
12077701,0,0,0,3,,,,,,,,,
12077711,2,2,6,6,,,,,,,,,
12077686,2,2,6,6,,,,,,,,,
12077694,2,2,4,6,10,,,,,,,,
12077707,0,0,2,3,,,,,,,,,
12077700,2,2,6,7,,,,,,,,,
12077705,2,2,6,6,10,,,,,,,,
12077716,0,0,4,4,,,,,,,,,
12077712,,,,,,,,,,,,,
12077692,0,0,6,4,,,,,,,,,
12077710,2,2,6,6,,,,,,,,,
12077698,2,2,4,7,10,,,,,,,,
12077715,,,,,,,,,,,,,
12077702,2,2,6,6,,,,,,,,,
12077703,2,2,6,6,,,,,,,,,
12079931,,,,,,,,,,,,,
12079932,,,,,,,,,,,,,
12079929,,,,,,,,,,,,,
12079933,,,,,,,,,,,,,
12080135,,,,,,,,,,,,,
12079926,,,,,,,,,,,,,
12079930,,,,,,,,,,,,,
12079927,,,,,,,,,,,,,
12080405,,,,,,,,,,,,,
12080404,,,,,,,,,,,,,
12080403,,,,,,,,,,,,,
12079928,,,,,,,,,,,,,
12077312,,,,,,,,,,,,,
12077321,2,2,6,6,,,,,,,,,
12077313,2,2,6,6,,,,,,,,,
12077316,2,2,6,6,,,,,,,,,
12077319,,,,,,,,,,,,,
12077331,0,0,0,3,,,,,,,,,
12077330,1,1,6,6,6,,,,,,,,
12077345,,,,,,,,,,,,,
12077311,2,2,6,6,,,,,,,,,
12077333,2,2,6,6,,,,,,,,,
12077315,2,2,6,6,,,,,,,,,
12077348,2,2,6,6,,,,,,,,,
12077338,0,0,4,2,,,,,,,,,
12077308,,,,,,,,,,,,,
12077335,2,2,6,1,10,,,,,,,,
12077336,2,2,6,6,,,,,,,,,
12077349,2,2,6,6,,,,,,,,,
12077337,0,0,0,0,,,,,,,,,
12077342,0,0,0,0,,,,,,,,,
12077323,0,0,3,3,,,,,,,,,
12077324,2,2,6,6,,,,,,,,,
12077351,0,0,6,2,,,,,,,,,
12077334,0,0,0,0,,,,,,,,,
12077310,0,0,4,1,,,,,,,,,
12077309,0,0,2,0,,,,,,,,,
12079602,0,0,1,0,,,,,,,,,
12079578,0,0,2,1,,,,,,,,,
12079591,1,1,6,2,,,,,,,,,
12079606,2,2,6,6,,,,,,,,,
12079589,,,,,,,,,,,,,
12079575,,,,,,,,,,,,,
12079600,,,,,,,,,,,,,
12079598,,,,,,,,,,,,,
12079585,,,,,,,,,,,,,
12079587,,,,,,,,,,,,,
12079595,,,,,,,,,,,,,
12079596,,,,,,,,,,,,,
12079604,,,,,,,,,,,,,
12079593,,,,,,,,,,,,,
12079579,,,,,,,,,,,,,
12079601,,,,,,,,,,,,,
12080185,,,,,,,,,,,,,
12080198,,,,,,,,,,,,,
12080179,,,,,,,,,,,,,
12080189,,,,,,,,,,,,,
12080180,,,,,,,,,,,,,
12080176,,,,,,,,,,,,,
12080192,,,,,,,,,,,,,
12080186,,,,,,,,,,,,,
12080178,,,,,,,,,,,,,
12080199,,,,,,,,,,,,,
12080194,,,,,,,,,,,,,
12080181,,,,,,,,,,,,,
12080190,,,,,,,,,,,,,
12080188,,,,,,,,,,,,,
12080183,,,,,,,,,,,,,
12080175,,,,,,,,,,,,,
12077593,2,2,7,6,,,,,,,,,
12077589,2,2,7,7,,,,,,,,,
12077580,0,0,0,3,,,,,,,,,
12077597,0,0,4,2,,,,,,,,,
12077606,2,2,6,6,,,,,,,,,
12077587,0,0,3,4,,,,,,,,,
12077585,2,2,6,6,,,,,,,,,
12077607,1,1,3,6,8,,,,,,,,
12077599,2,2,6,6,,,,,,,,,
12077581,,,,,,,,,,,,,
12079549,2,2,6,6,,,,,,,,,
12077601,2,2,6,6,,,,,,,,,
12077595,2,2,1,6,14,,,,,,,,
12077586,0,0,0,0,,,,,,,,,
12077578,0,0,2,5,,,,,,,,,
12077592,0,0,1,5,,,,,,,,,
12077582,0,0,1,2,,,,,,,,,
12077596,,,,,,,,,,,,,
12077588,,,,,,,,,,,,,
12079548,1,1,6,5,7,,,,,,,,
12077598,0,0,0,1,,,,,,,,,
12077591,,,,,,,,,,,,,
12077604,2,2,6,1,10,,,,,,,,
12077590,2,2,3,6,10,,,,,,,,
12077600,0,0,0,0,,,,,,,,,
12077584,0,0,4,3,,,,,,,,,
12077577,2,2,6,3,10,,,,,,,,
12077579,0,0,0,0,,,,,,,,,
12077583,0,0,2,2,,,,,,,,,
12077603,0,0,4,6,,,,,,,,,
12077602,0,0,3,4,,,,,,,,,
12077608,1,1,6,2,4,,,,,,,,
12077594,0,0,2,3,,,,,,,,,
12077605,2,2,6,5,10,,,,,,,,
12079897,,,,,,,,,,,,,
12079907,,,,,,,,,,,,,
12079896,,,,,,,,,,,,,
12079903,,,,,,,,,,,,,
12079900,,,,,,,,,,,,,
12079899,,,,,,,,,,,,,
12079898,,,,,,,,,,,,,
12079894,,,,,,,,,,,,,
12079904,,,,,,,,,,,,,
12079902,,,,,,,,,,,,,
12079901,,,,,,,,,,,,,
12079980,,,,,,,,,,,,,
12079906,,,,,,,,,,,,,
12079895,,,,,,,,,,,,,
12079905,,,,,,,,,,,,,
12079908,,,,,,,,,,,,,
12078691,2,2,6,6,,,,,,,,,
12078693,2,2,6,6,,,,,,,,,
12078689,2,2,6,6,,,,,,,,,
12078692,2,2,6,6,,,,,,,,,
12078687,2,2,6,6,,,,,,,,,
12078688,2,2,3,6,6,,,,,,,,
12078690,,,,,,,,,,,,,
12077771,0,0,0,0,,,,,,,,,
12077742,2,2,6,6,,,,,,,,,
12077736,2,2,6,6,,,,,,,,,
12077743,2,2,5,6,10,,,,,,,,
12077746,2,2,6,6,,,,,,,,,
12077749,2,2,6,6,,,,,,,,,
12077750,0,0,6,4,,,,,,,,,
12077744,2,2,7,6,,,,,,,,,
12077765,0,0,4,2,,,,,,,,,
12077738,2,2,6,6,,,,,,,,,
12077764,0,0,4,4,,,,,,,,,
12077747,0,0,3,0,,,,,,,,,
12077762,0,0,3,1,,,,,,,,,
12080862,,,,,,,,,,,,,
12080876,,,,,,,,,,,,,
12080874,,,,,,,,,,,,,
12080872,,,,,,,,,,,,,
12080861,,,,,,,,,,,,,
12080873,,,,,,,,,,,,,
12080875,,,,,,,,,,,,,
12080877,,,,,,,,,,,,,
12080992,,,,,,,,,,,,,
12080863,,,,,,,,,,,,,
12080864,,,,,,,,,,,,,
12080991,,,,,,,,,,,,,
12080993,,,,,,,,,,,,,
12080995,,,,,,,,,,,,,
12080994,,,,,,,,,,,,,
12080878,,,,,,,,,,,,,
12077665,2,2,6,3,6,,,,,,,,
12077664,2,2,4,6,6,,,,,,,,
12077663,0,0,0,0,,,,,,,,,
12080312,,,,,,,,,,,,,
12080311,,,,,,,,,,,,,
12080310,,,,,,,,,,,,,
12080309,,,,,,,,,,,,,
12077288,2,2,6,6,,,,,,,,,
12077289,0,0,2,2,,,,,,,,,
12077286,2,2,6,6,,,,,,,,,
12077291,0,0,3,3,,,,,,,,,
12077361,2,2,6,6,,,,,,,,,
12077359,0,0,4,4,,,,,,,,,
12077360,2,2,6,6,,,,,,,,,
12077290,0,0,1,0,,,,,,,,,
12077292,0,0,2,0,,,,,,,,,
12077287,0,0,0,3,,,,,,,,,
12079565,0,0,2,,,,,,,,,,
12079563,0,0,0,0,,,,,,,,,
12079561,0,0,1,0,,,,,,,,,
12079564,0,0,0,,,,,,,,,,
12079566,,,,,,,,,,,,,
12079562,,,,,,,,,,,,,
12079560,,,,,,,,,,,,,
12079567,,,,,,,,,,,,,
12077376,2,2,6,6,,,,,,,,,
12077369,0,0,4,4,,,,,,,,,
12077383,1,1,3,6,2,,,,,,,,
12077373,0,0,4,4,,,,,,,,,
12077375,2,2,6,6,,,,,,,,,
12077374,2,2,6,6,,,,,,,,,
12077372,0,0,0,0,,,,,,,,,
12077381,2,2,3,6,10,,,,,,,,
12077377,2,2,6,6,,,,,,,,,
12077371,2,2,6,6,,,,,,,,,
12077378,0,0,2,2,,,,,,,,,
12077379,0,0,3,3,,,,,,,,,
12077380,2,2,6,6,,,,,,,,,
12077382,2,2,3,6,10,,,,,,,,
12077384,,,,,,,,,,,,,
12079975,2,2,1,6,10,,,,,,,,
12077370,2,2,6,6,,,,,,,,,
12080297,,,,,,,,,,,,,
12080298,,,,,,,,,,,,,
12080283,,,,,,,,,,,,,
12080294,,,,,,,,,,,,,
12080286,,,,,,,,,,,,,
12080287,,,,,,,,,,,,,
12080291,,,,,,,,,,,,,
12080295,,,,,,,,,,,,,
12080296,,,,,,,,,,,,,
12080292,,,,,,,,,,,,,
12080293,,,,,,,,,,,,,
12080290,,,,,,,,,,,,,
12080285,,,,,,,,,,,,,
12080284,,,,,,,,,,,,,
12080289,,,,,,,,,,,,,
12080288,,,,,,,,,,,,,
12076303,2,2,6,6,,,,,,,,,
12076289,2,2,6,6,,,,,,,,,
12076306,0,0,3,4,,,,,,,,,
12076312,2,2,6,7,,,,,,,,,
12076288,2,2,6,6,,,,,,,,,
12076292,2,2,6,6,,,,,,,,,
12076305,2,2,6,6,,,,,,,,,
12076314,1,1,4,7,5,,,,,,,,
12076285,0,0,3,2,,,,,,,,,
12076302,2,2,6,6,,,,,,,,,
12076284,1,1,6,2,5,,,,,,,,
12076308,0,0,1,2,,,,,,,,,
12076290,0,0,1,3,,,,,,,,,
12076295,2,2,6,6,,,,,,,,,
12076313,0,0,0,4,,,,,,,,,
12076297,,,,,,,,,,,,,
12078210,0,0,1,0,,,,,,,,,
12078767,,,,,,,,,,,,,
12078769,0,0,1,0,,,,,,,,,
12078757,,,,,,,,,,,,,
12078759,2,2,6,6,,,,,,,,,
12078765,,,,,,,,,,,,,
12078763,0,0,0,0,,,,,,,,,
12078768,,,,,,,,,,,,,
12078761,0,0,2,3,,,,,,,,,
12078756,0,0,0,0,,,,,,,,,
12078771,,,,,,,,,,,,,
12078760,0,0,0,2,,,,,,,,,
12078770,,,,,,,,,,,,,
12078762,,,,,,,,,,,,,
12078758,2,2,6,6,,,,,,,,,
12078766,2,2,6,6,,,,,,,,,
12078764,0,0,4,5,,,,,,,,,
12081055,1,1,1,6,2,,,,,,,,
12077838,2,2,7,6,,,,,,,,,
12077846,2,2,3,6,7,,,,,,,,
12077837,2,2,6,6,,,,,,,,,
12077839,2,2,2,6,6,,,,,,,,
12077844,2,2,6,6,,,,,,,,,
12077840,2,2,6,6,,,,,,,,,
12049636,0,0,5,4,,,,,,,,,
12049571,2,2,6,6,,,,,,,,,
12049627,0,0,2,3,,,,,,,,,
12076746,0,0,2,5,,,,,,,,,
12076748,0,0,2,0,,,,,,,,,
12076750,0,0,1,3,,,,,,,,,
12079918,0,0,5,6,,,,,6,,,,
12076749,1,1,6,3,4,,,,,,,,
12076745,0,0,6,4,,,,3,,,,,
12076751,2,2,6,6,,,,,,,,,
12079940,2,2,7,7,,,,7,,,,,
12076744,2,2,6,6,,,,,,,,,
12078333,0,0,2,4,,,,,,,,,
12078331,2,2,6,7,,,,,7,,,,
12078327,1,1,4,6,4,,,,,,,,
12081702,0,0,1,4,,,,,,,,,
12078335,1,1,6,6,4,,,,5,,,,
12077079,1,1,4,6,2,,,,,,,,
12076691,,,,,,,,,,,,,
12079471,2,2,1,6,7,,,,,7,,,
12076696,1,1,6,3,3,,,,,,,,
12076701,2,2,6,7,,,,,7,,,,
12077083,0,0,3,2,,,,,,,,,
12076692,0,0,4,6,,,,,4,,,,
12076699,2,2,6,6,,,,,,,,,
12076703,2,2,4,6,6,,,,,,,,
12076697,0,0,3,5,,,,,,,,,
12076695,0,0,4,3,,,,,,,,,
12077081,1,1,7,2,3,,,,,,,,
12076698,1,1,0,6,0,,,,,,,,
12077084,2,2,7,6,,,,7,,,,,
12076702,1,1,6,,,,,,,,,,
12076706,2,2,6,7,,,,,9,,,,
12076705,,,,,,,,,,,,,
12079944,2,2,7,4,7,,,7,,,,,
12067272,2,2,6,6,,,,,,,,,
12067271,1,1,4,6,2,,,,,,,,
12067267,0,0,2,4,,,,,,,,,
12067247,1,1,1,7,2,,,,,,,,
12067245,1,1,7,3,0,,,7,,,,,
12067250,,,,,,,,,,,,,
12080100,0,0,3,4,,,,,,,,,
12067251,2,2,6,6,,,,,,,,,
12067266,2,2,6,6,,,,,,,,,
12067264,2,2,6,6,,,,,,,,,
12067273,0,0,4,3,,,,,,,,,
12067270,1,1,4,6,,,,,,,,,
12067260,2,2,5,6,6,,,,,,,,
12078246,2,2,6,7,,,,,8,,,,
12078109,0,0,1,6,,,,,3,,,,
12078107,2,2,6,6,,,,,,,,,
12078277,2,2,6,6,,,,,,,,,
12076723,2,2,6,6,,,,,,,,,
12076933,2,2,7,6,,,,,,,,,
12076681,2,2,6,6,,,,,,,,,
12076932,0,0,4,4,,,,,,,,,
12078716,0,0,4,4,,,,,,,,,
12078694,2,2,6,6,,,,,,,,,
12078819,0,0,3,3,,,,,,,,,
12078755,2,2,7,7,,,,,,,,,
12049801,2,2,4,6,6,,,,,,,,
12049716,2,2,6,6,,,,,,,,,
12078287,2,2,6,6,,,,,,,,,
12078308,2,2,6,4,6,,,,,,,,
12078310,0,0,5,6,,,,,4,,,,
12083319,0,0,4,3,,,,,,,,,
12078305,0,0,4,2,,,,,,,,,
12083323,2,2,7,7,,,,,7,,,,
12083320,2,2,1,6,6,,,,,,,,
12083322,1,1,6,0,,,,,,,,,
12079373,1,1,3,7,6,,,,7,3,,,
12079375,2,2,6,6,,,,,,,,,
12079371,2,2,7,6,,,,9,,,,,
12079370,2,2,6,6,,,,,,,,,
12079369,1,1,6,7,3,,,5,7,,,,
12079376,2,2,4,6,7,,,,,7,,,
12082595,2,2,6,6,,,,,,,,,
12082592,2,2,7,4,6,,,7,,,,,
12079374,2,2,6,6,,,,,,,,,
12082590,2,2,7,6,,,,7,,,,,
12082588,2,2,7,6,,,,7,,,,,
12082596,0,0,3,5,,,,,,,,,
12079367,1,1,2,6,2,,,,,,,,
12079372,0,0,6,4,,,,6,,,,,
12082586,2,2,5,7,6,,,,7,,,,
12079368,2,2,7,7,,,,7,40,,,,
12077818,,,,,,,,,,,,,
12077814,2,2,6,7,,,,,7,,,,
12077819,0,0,6,4,,,,5,,,,,
12077822,2,2,6,3,6,,,,,,,,
12077821,0,0,2,3,,,,,,,,,
12083110,2,2,2,6,6,,,,,,,,
12083106,2,2,3,6,7,,,,,,,,
12077813,1,1,5,7,1,,,,,,,,
12083109,1,1,4,6,5,,,,,,,,
12083108,1,1,6,3,5,,,,,,,,
12077522,0,0,4,1,,,,,,,,,
12077513,2,2,4,6,6,,,,,,,,
12077530,2,2,3,7,6,,,,7,,,,
12077512,2,2,6,6,,,,,,,,,
12077520,2,2,6,6,,,,,,,,,
12077531,2,2,6,2,7,,,,,7,,,
12077529,1,1,6,2,3,,,,,,,,
12079640,2,2,4,6,6,,,,,,,,
12079514,0,0,2,4,,,,,,,,,
12080585,2,2,6,6,,,,,,,,,
12079959,2,2,7,6,,,,,,,,,
12080584,0,0,4,5,,,,,,,,,
12080911,1,1,7,3,6,,,7,,4,,,
12077026,2,2,7,6,,,,7,,,,,
12079377,2,2,7,6,,,,,,,,,
12079378,0,0,2,2,,,,,,,,,
12079470,1,1,3,7,4,,,,,,,,
12079645,2,2,7,6,6,,,,6,,,,
12079772,2,2,4,7,6,,,,7,,,,
12079552,1,1,7,6,2,,,7,4,,,,
12077806,2,2,7,6,,,,7,,,,,
12077799,0,0,5,0,,,,,,,,,
12077802,2,2,6,6,,,,,,,,,
12077801,1,1,6,0,4,,,,,,,,
12077807,2,2,6,6,,,,,,,,,
12077800,0,0,5,3,,,,,,,,,
12077808,2,2,2,6,6,,,,,,,,
12077804,0,0,3,6,,,,,5,,,,
12077798,1,1,2,6,4,,,,,,,,
12079726,1,1,4,6,4,,,,,,,,
12079737,2,2,6,6,,,,,,,,,
12079732,2,2,6,7,,,,,7,,,,
12080596,0,0,5,3,,,,,,,,,
12080152,1,1,6,4,,,,,,,,,
12080595,2,2,6,6,,,,,,,,,
12081565,2,2,6,6,,,,,,,,,
12081564,1,1,3,7,1,,,,,,,,
12081563,2,2,6,6,,,,,,,,,
12081568,2,2,6,6,,,,,,,,,
12081567,2,2,7,6,,,,,,,,,
12081485,2,2,6,4,6,,,,,,,,
12081486,0,0,2,4,,,,,,,,,
12081484,1,1,7,2,0,,,,,,,,
12081483,,,,,,,,,,,,,
12083654,2,2,6,6,,,,,,,,,
12083035,1,1,6,5,3,,,,,,,,
12083038,2,2,6,6,,,,,,,,,
12083031,2,2,4,6,7,,,,,,,,
12083037,0,0,4,5,,,,,,,,,
12083055,2,2,6,4,6,,,,,,,,
12083033,2,2,6,6,,,,,,,,,
12083186,1,1,5,6,1,,,,,,,,
12083188,2,2,7,6,,,,,,,,,
12083190,0,0,2,2,,,,,,,,,
12083185,2,2,6,6,,,,,,,,,
12079571,1,1,6,3,4,,,,,,,,
12083423,0,0,1,6,,,,,4,,,,
12083404,2,2,6,6,,,,,,,,,
12083399,2,2,6,6,,,,,,,,,
12083402,0,0,3,1,,,,,,,,,
12083419,0,0,1,1,,,,,,,,,
12083416,1,1,6,4,1,,,,,,,,
12082222,1,1,3,6,3,,,,,,,,
12082228,1,1,4,6,3,,,,,,,,
12082219,2,2,6,6,,,,,,,,,
12082211,0,0,4,0,,,,,,,,,
12082215,1,1,6,3,0,,,,,,,,
12082227,0,0,4,4,,,,,,,,,
12079485,2,2,7,7,,,,7,,,,,
12079492,2,2,7,7,,,,8,7,,,,
12079481,2,2,7,6,,,,,,,,,
12079483,2,2,4,6,10,,,,,,,,
12079491,0,0,3,4,,,,,,,,,
12079482,0,0,6,0,,,,3,,,,,
12079486,0,0,5,6,,,,,2,,,,
12079495,2,2,0,6,12,,,,,,,,
12077281,2,2,7,6,,,,7,,,,,
12077162,2,2,7,1,7,,,,,,,,
12077829,0,0,1,0,,,,,,,,,
12081968,2,2,6,6,,,,,,,,,
12081964,2,2,6,6,,,,,,,,,
12081978,0,0,3,2,,,,,,,,,
12081961,2,2,6,6,,,,,,,,,
12083286,0,0,4,3,,,,,,,,,
12083289,2,2,6,7,,,,,,,,,
12083283,2,2,6,6,,,,,,,,,
12083284,0,0,4,3,,,,,,,,,
12083611,0,0,3,2,,,,,,,,,
12077045,2,2,6,6,,,,,,,,,
12083230,1,1,3,6,4,,,,,,,,
12083238,0,0,4,2,,,,,,,,,
12083229,0,0,3,4,,,,,,,,,
12083241,0,0,2,3,,,,,,,,,
12077719,0,0,4,4,,,,,,,,,
12083045,0,0,3,6,,,,,2,,,,
12083046,2,2,6,6,,,,,,,,,
12083039,2,2,4,6,6,,,,,,,,
12083201,1,1,6,4,1,,,,,,,,
12083200,2,2,3,6,6,,,,,,,,
12083194,0,0,2,5,,,,,,,,,
12083339,2,2,5,7,7,,,,7,,,,
12083338,0,0,6,4,,,,3,,,,,
12083340,1,1,2,7,0,,,,7,,,,
12079570,2,2,6,6,,,,,,,,,
12083412,0,0,1,3,,,,,,,,,
12083403,2,2,6,3,6,,,,,,,,
12083405,1,1,6,2,4,,,,,,,,
12083414,2,2,6,6,,,,,,,,,
12083420,2,2,6,6,,,,,,,,,
12082208,0,0,3,4,,,,,,,,,
12082224,0,0,2,3,,,,,,,,,
12082207,0,0,4,1,,,,,,,,,
12082206,2,2,6,6,,,,,,,,,
12082220,0,0,5,0,,,,,,,,,
12082210,2,2,6,4,6,,,,,,,,
12082209,0,0,3,4,,,,,,,,,
12079493,1,1,4,6,9,,,,,,,,
12079490,0,0,6,2,,,,3,,,,,
12079488,2,2,6,6,,,,,,,,,
12079489,1,1,5,6,9,,,,,,,,
12079487,2,2,6,6,,,,,,,,,
12079496,2,2,3,6,10,,,,,,,,
12079494,2,2,6,7,,,,,7,,,,
12079484,2,2,6,7,,,,,7,,,,
12083072,2,2,5,6,6,,,,,,,,
12083077,0,0,2,4,,,,,,,,,
12083070,0,0,0,3,,,,,,,,,
12083071,1,1,6,6,5,,,,7,,,,
12083069,0,0,1,2,,,,,,,,,
12082876,1,1,0,6,6,,,,,3,,,
12082872,2,2,7,2,6,,,,,,,,
12082882,0,0,5,3,,,,,,,,,
12082867,1,1,6,0,,,,,,,,,
12082875,1,1,6,0,2,,,,,,,,
12082869,1,1,7,5,6,,,,,4,,,
12082874,0,0,0,1,,,,,,,,,
12082868,2,2,6,6,,,,,,,,,
12082878,0,0,3,2,,,,,,,,,
12082879,0,0,3,4,,,,,,,,,
12082881,2,2,6,6,,,,,,,,,
12082880,0,0,0,1,,,,,,,,,
12082877,0,0,2,5,,,,,,,,,
12082870,0,0,3,2,,,,,,,,,
12082871,0,0,1,1,,,,,,,,,
12081972,0,0,1,4,,,,,,,,,
12081977,0,0,6,3,,,,4,,,,,
12081957,1,1,6,4,3,,,,,,,,
12081966,2,2,6,6,,,,,,,,,
12079597,1,1,6,3,11,,,,,,,,
12079599,0,0,3,2,,,,,,,,,
12079588,0,0,4,4,,,,,,,,,
12079583,2,2,6,6,,,,,,,,,
12079590,2,2,6,6,,,,,,,,,
12079605,2,2,7,6,,,,7,,,,,
12079577,2,2,6,6,,,,,,,,,
12079592,2,2,6,6,10,,,2,,,,,
12079594,2,2,6,6,,,,,,,,,
12079603,0,0,2,4,,,,,,,,,
12079586,0,0,6,3,,,,7,,,,,
12079576,2,2,3,6,10,,,,,,,,
12079584,0,0,6,2,,,,5,,,,,
12079582,0,0,1,3,,,,,,,,,
12079607,2,2,6,6,,,,,,,,,
12079581,1,1,6,2,6,,,,,,,,
12083043,0,0,1,1,,,,,,,,,
12083036,1,1,6,2,,,,,,,,,
12083025,0,0,6,0,,,,5,,,,,
12083023,2,2,7,6,,,,,,,,,
12083030,2,2,6,7,,,,,,,,,
12083050,2,2,6,6,,,,,,,,,
12083022,2,2,3,7,10,,,,7,,,,
12083091,1,1,7,6,6,,,,4,,,,
12077565,2,2,7,7,,,,,,,,,
12077558,0,0,2,4,,,,,,,,,
12080202,0,0,3,0,,,,,,,,,
12080191,0,0,0,1,,,,,,,,,
12080182,2,2,3,6,10,,,,,,,,
12080174,2,2,3,6,10,,,,,,,,
12080196,2,2,5,6,16,,,,,,,,
12080193,0,0,3,1,,,,,,,,,
12080173,2,2,6,4,10,,,,,,,,
12080177,2,2,6,7,,,,,,,,,
12080203,1,1,0,6,3,,,,,,,,
12080200,1,1,5,6,7,,,,,,,,
12080195,0,0,1,4,,,,,,,,,
12080184,2,2,6,6,,,,,,,,,
12080197,2,2,6,4,10,,,,,,,,
12080201,1,1,6,3,8,,,,,,,,
12080187,0,0,5,2,,,,,,,,,
12080172,0,0,4,3,,,,,,,,,
12083203,2,2,6,6,,,,,,,,,
12083193,0,0,2,1,,,,,,,,,
12083198,0,0,5,4,,,,,,,,,
12083178,2,2,6,6,,,,,,,,,
12083220,0,0,5,4,,,,,,,,,
12083175,0,0,3,1,,,,,,,,,
12083208,0,0,2,0,,,,,,,,,
12085822,1,1,3,6,6,,,,,,,,
12077752,0,0,1,2,,,,,,,,,
12077748,2,2,6,6,,,,,,,,,
12077770,2,2,6,6,,,,,,,,,
12077754,2,2,6,4,10,,,,,,,,
12077731,2,2,7,4,12,,,,,,,,
12080890,1,1,4,6,4,,,,,,,,
12080901,0,0,3,6,,,,,,,,,
12080891,0,0,3,3,,,,,,,,,
12080899,0,0,3,1,,,,,,,,,
12080892,0,0,3,1,,,,,,,,,
12080893,0,0,2,4,,,,,,,,,
12080902,0,0,2,0,,,,,,,,,
12080888,,,,,,,,,,,,,
12080887,0,0,2,1,,,,,,,,,
12080895,2,2,6,6,,,,,,,,,
12080894,2,2,6,3,10,,,,,,,,
12080898,1,1,2,6,10,,,,,,,,
12080889,0,0,6,3,,,,,,,,,
12080897,1,1,7,6,7,,,,,,,,
12080900,2,2,2,7,10,,,,,,,,
12080896,2,2,7,4,10,,,,,,,,
12082543,0,0,4,3,,,,,,,,,
12082545,2,2,7,6,,,,7,,,,,
12082544,2,2,6,6,,,,,,,,,
12082542,0,0,4,0,,,,,,,,,
12082606,2,2,6,6,,,,,,,,,
12082928,2,2,1,6,10,,,,,,,,
12082938,0,0,5,1,,,,,,,,,
12082927,0,0,0,4,,,,,,,,,
12081519,2,2,6,6,,,,,,,,,
12081516,2,2,7,6,,,,,,,,,
12081528,0,0,6,4,,,,,,,,,
12081523,1,1,6,1,7,,,,,,,,
12081521,2,2,6,6,,,,,,,,,
12081517,0,0,5,3,,,,,,,,,
12081525,0,0,0,1,,,,,,,,,
12081515,1,1,5,7,10,,,,,,,,
12081526,2,2,6,6,,,,,,,,,
12081530,2,2,6,7,,,,,,,,,
12081524,0,0,0,3,,,,,,,,,
12081522,2,2,6,6,,,,,,,,,
12081520,2,2,7,6,,,,,,,,,
12081529,0,0,3,2,,,,,,,,,
12081527,0,0,5,3,,,,,,,,,
12081518,2,2,6,6,,,,,,,,,
12077421,0,0,2,0,,,,,,,,,
12077414,0,0,2,4,,,,,,,,,
12077409,2,2,6,6,,,,,,,,,
12077420,0,0,1,0,,,,,,,,,
12077396,2,2,6,6,,,,,,,,,
12077423,0,0,4,1,,,,,,,,,
12077404,0,0,3,2,,,,,,,,,
12077417,2,2,6,6,,,,,,,,,
12080109,0,0,4,1,,,,,,,,,
12077411,,,,,,,,,,,,,
12077402,2,2,4,6,10,,,,,,,,
12080357,2,2,6,6,,,,,,,,,
12080353,0,0,1,1,,,,,,,,,
12080362,0,0,3,3,,,,,,,,,
12080351,1,1,1,6,6,,,,,,,,
12080350,0,0,4,6,,,,,,,,,
12080363,2,2,7,6,,,,,,,,,
12080361,2,2,7,2,10,,,,,,,,
12080355,0,0,4,0,,,,,,,,,
12080354,2,2,7,6,,,,,,,,,
12080364,0,0,4,1,,,,,,,,,
12080352,1,1,7,1,5,,,,,,,,
12080356,0,0,1,3,,,,,,,,,
12080458,0,0,5,3,,,,,,,,,
12080358,0,0,4,6,,,,,,,,,
12080359,0,0,3,2,,,,,,,,,
12080360,2,2,7,6,,,,,,,,,
12083171,0,0,4,3,,,,,,,,,
12083180,0,0,3,4,,,,,,,,,
12083172,1,1,6,1,5,,,,,,,,
12083177,2,2,6,6,,,,,,,,,
12083176,0,0,1,3,,,,,,,,,
12083181,0,0,2,0,,,,,,,,,
12083168,2,2,6,6,,,,,,,,,
12083167,0,0,6,3,,,,5,,,,,
12078779,0,0,6,2,,,,,,,,,
12078776,2,2,6,7,,,,,,,,,
12078780,2,2,6,6,,,,,,,,,
12078777,2,2,7,4,17,,,,,,,,
12081617,2,2,6,7,,,,,,,,,
12078773,1,1,6,4,6,,,,,,,,
12078815,0,0,4,1,,,,,,,,,
12078840,2,2,6,4,10,,,,,,,,
12078813,2,2,6,7,,,,,,,,,
12078775,1,1,6,4,5,,,,,,,,
12078812,,,,,,,,,,,,,
12078778,1,1,2,6,5,,,,,,,,
12078774,2,2,7,3,10,,,,,,,,
12078781,2,2,6,6,,,,,,,,,
12078814,2,2,6,7,,,,,,,,,
12078772,2,2,6,6,,,,,,,,,
12078802,2,2,6,6,,,,,,,,,
12081954,2,2,6,6,,,,,,,,,
12081951,2,2,6,6,10,,,,7,,,,
12081955,2,2,6,5,10,,,,,,,,
12081970,0,0,4,3,,,,,,,,,
12081956,,,,,,,,,,,,,
12081969,0,0,6,4,,,,7,,,,,
12081965,1,1,6,2,6,,,,,,,,
12081976,0,0,6,3,,,,8,,,,,
12080444,0,0,3,2,,,,,,,,,
12080450,2,2,6,6,,,,,,,,,
12080453,2,2,7,6,,,,,,,,,
12080441,0,0,3,4,,,,,,,,,
12080446,1,1,6,6,8,,,3,,,,,
12080445,1,1,3,6,3,,,,,,,,
12080447,0,0,5,3,,,,,,,,,
12080443,0,0,5,3,,,,,,,,,
12080451,2,2,4,6,10,,,,,,,,
12080449,2,2,6,6,,,,,,,,,
12080452,2,2,6,6,,,,,,,,,
12080448,0,0,4,6,,,,,2,,,,
12080454,2,2,6,6,,,,,,,,,
12080440,0,0,0,4,,,,,,,,,
12080442,0,0,4,4,,,,,,,,,
12080439,2,2,3,6,10,,,,,,,,
12083278,0,0,4,4,,,,,,,,,
12083277,0,0,5,2,,,,,,,,,
12083282,0,0,5,5,,,,,,,,,
12083279,2,2,6,6,,,,,,,,,
12083832,2,2,7,6,,,,7,,,,,
12083765,2,2,6,6,,,,,,,,,
12083833,0,0,2,4,,,,,,,,,
12083280,0,0,1,5,,,,,,,,,
12077780,2,2,6,6,,,,,,,,,
12077786,2,2,6,6,,,,,,,,,
12077777,0,0,2,3,,,,,,,,,
12077778,0,0,5,2,,,,,,,,,
12077784,1,1,4,6,7,,,,,,,,
12077785,0,0,3,1,,,,,,,,,
12077790,0,0,1,4,,,,,,,,,
12077781,0,0,1,6,,,,,,,,,
12077776,0,0,3,2,,,,,,,,,
12077779,2,2,6,6,,,,,,,,,
12080474,0,0,0,2,,,,,,,,,
12077789,2,2,6,6,,,,,,,,,
12080483,0,0,4,4,,,,,,,,,
12080482,2,2,6,7,,,,,,,,,
12080475,0,0,4,0,,,,,,,,,
12080480,2,2,6,7,,,,,,,,,
12080485,0,0,3,4,,,,,,,,,
12080476,0,0,5,1,,,,,,,,,
12080479,2,2,7,6,,,,,,,,,
12082510,2,2,6,7,,,,,,,,,
12080477,2,2,6,6,,,,,,,,,
12082804,2,2,6,6,12,,,,,,,,
12080484,0,0,3,6,,,,,,,,,
12080478,2,2,7,6,,,,,,,,,
12080481,1,1,6,2,3,,,,,,,,
12082803,2,2,6,6,,,,,,,,,
12082548,1,1,6,6,11,,,,,,,,
12083606,1,1,7,3,6,,,7,,,,,
12083605,1,1,6,3,6,,,,,,,,
12083604,0,0,4,2,,,,,,,,,
12083614,0,0,2,6,,,,,4,,,,
12085931,1,1,6,5,9,,,,,,,,
12083610,2,2,6,4,10,,,,,,,,
12083607,2,2,6,6,,,,,,,,,
12078144,0,0,2,3,,,,,,,,,
12078153,2,2,7,6,,,,,,,,,
12078143,0,0,3,4,,,,,,,,,
12078139,0,0,3,2,,,,,,,,,
12078134,1,1,6,2,4,,,,,,,,
12078150,1,1,7,5,0,,,,,,,,
12078149,0,0,3,4,,,,,,,,,
12078162,0,0,4,3,,,,,,,,,
12078148,1,1,4,6,9,,,,,,,,
12078164,2,2,6,6,,,,,,,,,
12078160,2,2,6,6,,,,,,,,,
12078161,2,2,7,6,,,,,,,,,
12078135,1,1,1,7,8,,,,,,,,
12078158,0,0,2,4,,,,,,,,,
12078151,2,2,6,6,,,,,,,,,
12078165,0,0,6,6,,,,,,,,,
12078141,2,2,6,6,,,,,,,,,
12078147,2,2,6,6,,,,,,,,,
12078146,0,0,0,3,,,,,,,,,
12078163,0,0,1,2,,,,,,,,,
12078156,2,2,7,1,10,,,,,,,,
12078138,2,2,6,6,,,,,,,,,
12078159,2,2,6,6,,,,,,,,,
12078140,2,2,6,6,,,,,,,,,
12078145,2,2,6,7,,,,,,,,,
12078155,2,2,6,6,,,,,,,,,
12078142,1,1,4,7,9,,,,,,,,
12078137,2,2,6,6,,,,,,,,,
12078157,0,0,3,2,,,,,,,,,
12078136,1,1,5,7,12,,,,,,,,
12078152,2,2,6,6,,,,,,,,,
12078154,0,0,4,2,,,,,,,,,
12080801,0,0,1,1,,,,,,,,,
12080813,0,0,6,3,,,,,,,,,
12080803,2,2,6,5,10,,,,,,,,
12080805,2,2,0,7,10,,,,,,,,
12080810,0,0,3,3,,,,,,,,,
12080807,2,2,6,7,,,,,,,,,
12080812,0,0,1,3,,,,,,,,,
12080811,2,2,6,6,,,,,,,,,
12080808,2,2,7,6,,,,,,,,,
12080815,1,1,7,3,8,,,,,,,,
12080816,0,0,3,4,,,,,,,,,
12080804,0,0,1,3,,,,,,,,,
12080814,0,0,2,0,,,,,,,,,
12080806,0,0,1,1,,,,,,,,,
12080802,2,2,6,6,,,,,,,,,
12080809,2,2,6,3,10,,,,,,,,
12083516,0,0,4,1,,,,,,,,,
12083519,0,0,1,1,,,,,,,,,
12083515,0,0,4,4,,,,,,,,,
12083514,2,2,6,6,,,,,,,,,
12083522,1,1,6,6,8,,,,,,,,
12083526,0,0,1,3,,,,,,,,,
12083523,2,2,6,7,,,,,,,,,
12083513,0,0,4,4,,,,,,,,,
12077696,2,2,6,6,,,,,,,,,
12077691,0,0,3,3,,,,,,,,,
12077714,2,2,6,6,,,,,,,,,
12077695,0,0,5,5,,,,,,,,,
12077706,2,2,6,6,,,,,,,,,
12079519,2,2,6,3,11,,,,,,,,
12077709,0,0,2,1,,,,,,,,,
12077708,,,,,,,,,,,,,
12077687,0,0,1,1,,,,,,,,,
12077693,2,2,6,6,,,,,,,,,
12077690,0,0,4,4,,,,,,,,,
12077697,1,1,6,4,7,,,,,,,,
12077701,0,0,0,3,,,,,,,,,
12077711,2,2,6,6,,,,,,,,,
12077686,2,2,6,6,,,,,,,,,
12077694,2,2,4,6,10,,,,,,,,
12077707,0,0,2,3,,,,,,,,,
12077700,2,2,6,7,,,,,,,,,
12077705,2,2,6,6,10,,,,,,,,
12077716,0,0,4,4,,,,,,,,,
12077712,,,,,,,,,,,,,
12077692,0,0,6,4,,,,,,,,,
12077710,2,2,6,6,,,,,,,,,
12077698,2,2,4,7,10,,,,,,,,
12077715,,,,,,,,,,,,,
12077702,2,2,6,6,,,,,,,,,
12077703,2,2,6,6,,,,,,,,,
12079931,1,1,3,7,10,,,,,,,,
12079932,0,0,0,2,,,,,,,,,
12079929,2,2,6,6,,,,,,,,,
12079933,2,2,7,6,,,,,,,,,
12080135,2,2,6,6,,,,,,,,,
12079926,2,2,6,6,,,,,,,,,
12079930,2,2,6,6,,,,,,,,,
12079927,0,0,4,0,,,,,,,,,
12080405,2,2,7,7,,,,,,,,,
12080404,2,2,6,6,,,,,,,,,
12080403,0,0,0,6,,,,,,,,,
12079928,0,0,4,5,,,,,,,,,
12080407,2,2,7,6,,,,,,,,,
12080406,0,0,2,0,,,,,,,,,
12080402,2,2,6,6,,,,,,,,,
12080134,0,0,2,0,,,,,,,,,
12083228,2,2,6,3,10,,,,,,,,
12083239,2,2,6,6,,,,,,,,,
12083226,2,2,6,6,,,,,,,,,
12083240,0,0,2,4,,,,,,,,,
12083296,0,0,2,2,,,,,,,,,
12083295,2,2,6,7,,,,,,,,,
12083297,0,0,4,1,,,,,,,,,
12083227,1,1,6,1,5,,,,,,,,
12079606,2,2,6,6,,,,,,,,,
12079602,0,0,1,0,,,,,,,,,
12079578,0,0,2,1,,,,,,,,,
12079591,2,2,6,6,,,,,,,,,
12079598,0,0,1,1,,,,,,,,,
12079575,2,2,6,6,,,,,,,,,
12079585,2,2,7,7,,,,9,,,,,
12079600,0,0,2,1,,,,,,,,,
12079589,1,1,6,6,7,,,5,,,,,
12079596,2,2,6,6,,,,,,,,,
12079593,2,2,3,6,10,,,,,,,,
12079601,2,2,6,6,,,,,,,,,
12079595,0,0,3,1,,,,,,,,,
12079587,2,2,3,7,12,,,,10,,,,
12079604,0,0,0,1,,,,,,,,,
12079579,2,2,6,6,,,,,,,,,
12083040,0,0,1,3,,,,,,,,,
12083024,2,2,6,6,,,,,,,,,
12083054,0,0,0,1,,,,,,,,,
12083026,0,0,3,1,,,,,,,,,
12083027,0,0,3,3,,,,,,,,,
12083047,0,0,2,4,,,,,,,,,
12083290,2,2,6,7,,,,,,,,,
12083028,0,0,3,4,,,,,,,,,
12080185,2,2,6,6,,,,,,,,,
12080198,0,0,0,1,,,,,,,,,
12080179,0,0,0,3,,,,,,,,,
12080189,0,0,2,0,,,,,,,,,
12080180,2,2,1,7,10,,,,,,,,
12080176,2,2,6,6,,,,,,,,,
12080192,0,0,2,2,,,,,,,,,
12080186,0,0,0,2,,,,,,,,,
12080178,0,0,0,1,,,,,,,,,
12080199,2,2,6,6,,,,,,,,,
12080194,0,0,1,0,,,,,,,,,
12080181,0,0,0,0,,,,,,,,,
12080190,2,2,6,6,,,,,,,,,
12080188,2,2,6,2,10,,,,,,,,
12080183,2,2,6,6,,,,,,,,,
12080175,2,2,7,6,,,,,,,,,
12083195,0,0,1,1,,,,,,,,,
12083197,0,0,5,5,,,,,,,,,
12083199,0,0,1,3,,,,,,,,,
12083219,0,0,3,1,,,,,,,,,
12083196,0,0,1,2,,,,,,,,,
12083205,0,0,1,0,,,,,,,,,
12083207,2,2,6,7,,,,,7,,,,
12083204,0,0,1,0,,,,,,,,,
12077594,0,0,2,3,,,,,,,,,
12077605,2,2,6,5,10,,,,,,,,
12079897,2,2,5,6,10,,,,,,,,
12079907,2,2,2,6,10,,,,,,,,
12079896,2,2,7,6,,,,,,,,,
12079903,2,2,6,1,10,,,,,,,,
12079900,0,0,2,2,,,,,,,,,
12079904,2,2,6,6,,,,,,,,,
12079899,0,0,4,4,,,,,,,,,
12079901,2,2,6,4,11,,,,,,,,
12079980,2,2,6,6,,,,,,,,,
12079898,2,2,6,6,,,,,,,,,
12079906,2,2,6,2,10,,,,,,,,
12079894,2,2,2,6,12,,,,,,,,
12079895,0,0,2,1,,,,,,,,,
12079905,0,0,2,6,,,,,,,,,
12079902,2,2,6,6,,,,,,,,,
12079908,2,2,6,2,10,,,,,,,,
12083330,2,2,6,6,,,,,,,,,
12083553,2,2,6,6,,,,,,,,,
12083554,2,2,4,6,12,,,,,,,,
12083552,2,2,7,2,11,,,,,,,,
12083335,0,0,2,4,,,,,,,,,
12083332,0,0,4,0,,,,,,,,,
12083551,2,2,6,6,,,,,,,,,
12083331,0,0,4,1,,,,,,,,,
12078691,2,2,6,6,,,,,,,,,
12078693,2,2,6,6,,,,,,,,,
12078689,2,2,6,6,,,,,,,,,
12078692,2,2,6,6,,,,,,,,,
12078687,2,2,6,6,,,,,,,,,
12078688,2,2,3,6,6,,,,,,,,
12078690,,,,,,,,,,,,,
12081461,1,1,4,6,0,,,,,,,,
12081458,1,1,1,6,3,,,,,,,,
12081462,2,2,6,6,,,,,,,,,
12081463,1,1,6,6,5,,,,6,,,,
12081460,0,0,4,4,,,,,,,,,
12081459,0,0,2,2,,,,,,,,,
12077771,0,0,0,0,,,,,,,,,
12077742,2,2,6,6,,,,,,,,,
12077736,2,2,6,6,,,,,,,,,
12077759,2,2,6,6,,,,,,,,,
12077735,0,0,1,1,,,,,,,,,
12077772,1,1,6,2,8,,,,,,,,
12077743,2,2,5,6,10,,,,,,,,
12077746,2,2,6,6,,,,,,,,,
12077749,2,2,6,6,,,,,,,,,
12077750,0,0,6,4,,,,,,,,,
12077744,2,2,7,6,,,,,,,,,
12077765,0,0,4,2,,,,,,,,,
12077738,2,2,6,6,,,,,,,,,
12077764,0,0,4,4,,,,,,,,,
12077747,0,0,3,0,,,,,,,,,
12077762,0,0,3,1,,,,,,,,,
12080862,0,0,0,1,,,,,,,,,
12080876,1,1,6,3,9,,,,,,,,
12080874,2,2,6,6,,,,,,,,,
12080872,0,0,0,1,,,,,,,,,
12080861,2,2,6,6,,,,,,,,,
12080873,2,2,6,1,10,,,,,,,,
12080875,0,0,5,2,,,,,,,,,
12080877,0,0,3,2,,,,,,,,,
12080992,0,0,6,3,,,,,,,,,
12080863,2,2,6,6,,,,,,,,,
12080864,1,1,5,6,7,,,,,,,,
12080991,2,2,7,6,,,,,,,,,
12080993,2,2,7,6,,,,,,,,,
12080995,0,0,1,0,,,,,,,,,
12080994,2,2,5,6,10,,,,,,,,
12080878,2,2,6,7,,,,,,,,,
12083421,0,0,3,1,,,,,,,,,
12083417,2,2,6,6,,,,,,,,,
12083398,0,0,3,2,,,,,,,,,
12083413,1,1,4,6,9,,,,,,,,
12083400,2,2,6,6,,,,,,,,,
12083422,0,0,0,4,,,,,,,,,
12083396,1,1,1,6,4,,,,,,,,
12083397,0,0,6,2,,,,4,,,,,
12077665,2,2,6,3,6,,,,,,,,
12077664,2,2,4,6,6,,,,,,,,
12077663,0,0,0,0,,,,,,,,,
12080312,2,2,6,7,,,,,12,,,,
12080311,2,2,3,6,6,,,,,,,,
12080309,0,0,0,1,,,,,,,,,
12080310,0,0,0,1,,,,,,,,,
12079565,0,0,4,4,,,,,,,,,
12079563,0,0,0,1,,,,,,,,,
12079561,0,0,1,4,,,,,,,,,
12079564,0,0,0,0,,,,,,,,,
12079566,2,2,7,7,,,,,,,,,
12079562,0,0,3,1,,,,,,,,,
12079560,0,0,3,1,,,,,,,,,
12079567,2,2,6,3,6,,,,,,,,
12077379,0,0,3,3,,,,,,,,,
12077380,2,2,6,6,,,,,,,,,
12077382,2,2,3,6,10,,,,,,,,
12077384,,,,,,,,,,,,,
12079975,2,2,1,6,10,,,,,,,,
12077370,2,2,6,6,,,,,,,,,
12080297,2,2,2,6,10,,,,,,,,
12080298,0,0,0,0,,,,,,,,,
12080283,0,0,2,3,,,,,,,,,
12080294,0,0,2,3,,,,,,,,,
12080286,0,0,3,3,,,,,,,,,
12080287,1,1,6,2,12,,,,,,,,
12080291,2,2,6,6,,,,,,,,,
12080295,2,2,6,7,,,,,,,,,
12080296,0,0,1,2,,,,,,,,,
12080292,2,2,7,7,,,,,,,,,
12080293,0,0,2,4,,,,,,,,,
12080290,0,0,2,3,,,,,,,,,
12080285,2,2,6,6,,,,,,,,,
12080284,2,2,6,6,,,,,,,,,
12080289,0,0,4,1,,,,,,,,,
12080288,2,2,6,6,,,,,,,,,
12083117,0,0,1,5,,,,,,,,,
12083116,0,0,2,1,,,,,,,,,
12083121,2,2,6,6,,,,,,,,,
12083115,1,1,6,4,4,,,,,,,,
12083111,1,1,6,4,6,,,,,,,,
12083113,,,,,,,,,,,,,
12083114,1,1,2,6,1,,,,,,,,
12083112,2,2,6,6,,,,,,,,,
12078767,2,2,7,6,,,,,,,,,
12078769,0,0,1,0,,,,,,,,,
12078757,2,2,6,6,,,,,,,,,
12078759,2,2,6,6,,,,,,,,,
12078765,0,0,2,1,,,,,,,,,
12078763,0,0,0,0,,,,,,,,,
12078768,2,2,6,5,10,,,,,,,,
12078761,0,0,2,3,,,,,,,,,
12078756,0,0,0,0,,,,,,,,,
12078771,0,0,1,2,,,,,,,,,
12078760,0,0,0,2,,,,,,,,,
12078770,2,2,6,6,,,,,,,,,
12078762,2,2,7,6,,,,,,,,,
12078758,2,2,6,6,,,,,,,,,
12078766,2,2,6,6,,,,,,,,,
12078764,0,0,4,5,,,,,,,,,
12081948,2,2,7,6,,,,,,,,,
12081953,2,2,7,6,,,,7,,,,,
12081958,1,1,5,6,7,,,,,,,,
12081950,0,0,2,3,,,,,,,,,
12081947,0,0,5,3,,,,,,,,,
12081963,0,0,1,0,,,,,,,,,
12081952,0,0,2,2,,,,,,,,,
12081949,0,0,3,0,,,,,,,,,
12081055,1,1,1,6,2,,,,,,,,
12077838,2,2,7,6,,,,,,,,,
12077846,2,2,3,6,7,,,,,,,,
12077837,2,2,6,6,,,,,,,,,
12077839,2,2,2,6,6,,,,,,,,
12077844,2,2,6,6,,,,,,,,,
12077840,2,2,6,6,,,,,,,,,
12077847,0,0,5,4,,,,,,,,,
12077845,1,1,6,6,1,,,,8,,,,
12081056,1,1,2,6,3,,,,,,,,
12081057,2,2,6,6,,,,,,,,,
12077842,2,2,2,7,6,,,,7,,,,
12077841,1,1,1,6,5,,,,,,,,
12077848,0,0,1,,,,,,,,,,
12081058,2,2,1,6,6,,,,,,,,
12049627,0,0,2,3,,,,,,,,,
12076748,0,0,2,0,,,,,,,,,
12076750,0,0,1,3,,,,,,,,,
12079918,0,0,5,6,,,,,6,,,,
12076749,1,1,6,3,4,,,,,,,,
12076745,0,0,6,4,,,,3,,,,,
12076751,2,2,6,6,,,,,,,,,
12079940,2,2,7,7,,,,7,,,,,
12076744,2,2,6,6,,,,,,,,,
12079938,,,,,,,,,,,,,
12086081,2,2,7,7,,,,7,,,,,
12079936,2,2,6,7,,,,,7,,,,
12076747,0,0,1,6,,,,,9,,,,
12067166,,,,,,,,,,,,,
12067164,,,,,,,,,,,,,
12067170,,,,,,,,,,,,,
12067168,,,,,,,,,,,,,
12067161,,,,,,,,,,,,,
12078333,0,0,2,4,,,,,,,,,
12078331,2,2,6,7,,,,,7,,,,
12078327,1,1,4,6,4,,,,,,,,
12081702,0,0,1,4,,,,,,,,,
12078335,1,1,6,6,4,,,,5,,,,
12078329,2,2,6,6,,,,,,,,,
12078321,2,2,6,7,,,,,7,,,,
12078325,2,2,7,6,,,,7,,,,,
12081703,2,2,6,6,,,,,,,,,
12081701,2,2,6,6,,,,,,,,,
12078323,2,2,6,7,,,,,,,,,
12078318,0,0,6,6,,,,5,10,,,,
12077084,2,2,7,6,,,,7,,,,,
12076702,1,1,6,,,,,,,,,,
12076706,2,2,6,7,,,,,9,,,,
12076705,,,,,,,,,,,,,
12079944,2,2,7,4,7,,,7,,,,,
12067272,2,2,6,6,,,,,,,,,
12067271,1,1,4,6,2,,,,,,,,
12067267,0,0,2,4,,,,,,,,,
12067247,1,1,1,7,2,,,,,,,,
12067245,1,1,7,3,0,,,7,,,,,
12067250,,,,,,,,,,,,,
12080100,0,0,3,4,,,,,,,,,
12067251,2,2,6,6,,,,,,,,,
12067266,2,2,6,6,,,,,,,,,
12067264,2,2,6,6,,,,,,,,,
12067273,0,0,4,3,,,,,,,,,
12067270,1,1,4,6,,,,,,,,,
12067260,2,2,5,6,6,,,,,,,,
12067265,0,0,4,4,,,,,,,,,
12067274,1,1,7,3,4,,,7,,,,,
12067262,0,0,1,5,,,,,,,,,
12067257,,,,,,,,,,,,,
12067256,,,,,,,,,,,,,
12067248,,,,,,,,,,,,,
12067246,,,,,,,,,,,,,
12067259,,,,,,,,,,,,,
12067244,,,,,,,,,,,,,
12078287,2,2,6,6,,,,,,,,,
12078308,2,2,6,4,6,,,,,,,,
12078310,0,0,5,6,,,,,4,,,,
12083319,0,0,4,3,,,,,,,,,
12078305,0,0,4,2,,,,,,,,,
12083323,2,2,7,7,,,,,7,,,,
12083320,2,2,1,6,6,,,,,,,,
12083322,1,1,6,0,,,,,,,,,
12083324,1,1,6,7,2,,,2,7,,,,
12083321,0,0,2,3,,,,,,,,,
12078283,2,2,6,7,,,,,7,,,,
12078289,0,0,3,6,,,,,5,,,,
12078299,2,2,6,6,,,,,,,,,
12078294,,,,,,,,,,,,,
12067359,,,,,,,,,,,,,
12067344,,,,,,,,,,,,,
12079370,2,2,6,6,,,,,,,,,
12079369,1,1,6,7,3,,,5,7,,,,
12079376,2,2,4,6,7,,,,,7,,,
12082595,2,2,6,6,,,,,,,,,
12082592,2,2,7,4,6,,,7,,,,,
12079374,2,2,6,6,,,,,,,,,
12082590,2,2,7,6,,,,7,,,,,
12082588,2,2,7,6,,,,7,,,,,
12082596,0,0,3,5,,,,,,,,,
12079367,1,1,2,6,2,,,,,,,,
12079372,0,0,6,4,,,,6,,,,,
12082586,2,2,5,7,6,,,,7,,,,
12079368,2,2,7,7,,,,7,40,,,,
12067314,0,0,2,,,,,,,,,,
12067310,,,,,,,,,,,,,
12067312,,,,,,,,,,,,,
12067313,,,,,,,,,,,,,
12077818,,,,,,,,,,,,,
12077814,2,2,6,7,,,,,7,,,,
12077819,0,0,6,4,,,,5,,,,,
12077822,2,2,6,3,6,,,,,,,,
12077821,0,0,2,3,,,,,,,,,
12083110,2,2,2,6,6,,,,,,,,
12083106,2,2,3,6,7,,,,,,,,
12077813,1,1,5,7,1,,,,,,,,
12083109,1,1,4,6,5,,,,,,,,
12083108,1,1,6,3,5,,,,,,,,
12077820,2,2,3,7,6,,,,,,,,
12083105,2,2,7,3,6,,,,,,,,
12077817,1,1,6,6,3,,,,2,,,,
12077816,,,,,,,,,,,,,
12083107,0,0,3,4,,,,,,,,,
12067338,,,,,,,,,,,,,
12077815,,,,,,,,,,,,,
12077823,,,,,,,,,,,,,
12086951,0,0,5,,,,,,,,,,
12067336,,,,,,,,,,,,,
12067332,,,,,,,,,,,,,
12079959,2,2,7,6,,,,,,,,,
12080584,0,0,4,5,,,,,,,,,
12080911,1,1,7,3,6,,,7,,4,,,
12080152,1,1,6,4,,,,,,,,,
12080595,2,2,6,6,,,,,,,,,
12081565,2,2,6,6,,,,,,,,,
12081564,1,1,3,7,1,,,,,,,,
12081563,2,2,6,6,,,,,,,,,
12081568,2,2,6,6,,,,,,,,,
12081567,2,2,7,6,,,,,,,,,
12081583,0,0,1,3,,,,,,,,,
12084014,2,2,6,6,7,,,6,,,,,
12081580,0,0,4,1,,,,,,,,,
12081585,2,2,6,6,,,,,,,,,
12081581,2,2,6,6,,,,,,,,,
12084017,0,0,1,5,,,,,,,,,
12084012,0,0,3,5,,,,,,,,,
12081586,0,0,0,5,,,,,,,,,
12081582,0,0,4,3,,,,,,,,,
12084018,1,1,3,6,5,,,,,,,,
12081584,,,,,,,,,,,,,
12086967,0,0,3,1,,,,,,,,,
12081485,2,2,6,4,6,,,,,,,,
12081486,0,0,2,4,,,,,,,,,
12081484,1,1,7,2,0,,,,,,,,
12081483,,,,,,,,,,,,,
12083654,2,2,6,6,,,,,,,,,
12083035,1,1,6,5,3,,,,,,,,
12083038,2,2,6,6,,,,,,,,,
12083031,2,2,4,6,7,,,,,,,,
12083037,0,0,4,5,,,,,,,,,
12083055,2,2,6,4,6,,,,,,,,
12083033,2,2,6,6,,,,,,,,,
12086238,,,,,,,,,,,,,
12086241,,,,,,,,,,,,,
12084404,,,,,,,,,,,,,
12086240,,,,,,,,,,,,,
12086236,,,,,,,,,,,,,
12086237,,,,,,,,,,,,,
12084396,,,,,,,,,,,,,
12084427,,,,,,,,,,,,,
12086239,,,,,,,,,,,,,
12086242,,,,,,,,,,,,,
12083186,1,1,5,6,1,,,,,,,,
12083188,2,2,7,6,,,,,,,,,
12083190,0,0,2,2,,,,,,,,,
12083185,2,2,6,6,,,,,,,,,
12086534,,,,,,,,,,,,,
12084512,,,,,,,,,,,,,
12086529,,,,,,,,,,,,,
12086527,,,,,,,,,,,,,
12086528,,,,,,,,,,,,,
12086526,,,,,,,,,,,,,
12084517,,,,,,,,,,,,,
12084514,,,,,,,,,,,,,
12084513,,,,,,,,,,,,,
12086532,,,,,,,,,,,,,
12086530,,,,,,,,,,,,,
12086533,,,,,,,,,,,,,
12083423,0,0,1,6,,,,,4,,,,
12083404,2,2,6,6,,,,,,,,,
12083399,2,2,6,6,,,,,,,,,
12083402,0,0,3,1,,,,,,,,,
12083419,0,0,1,1,,,,,,,,,
12083416,1,1,6,4,1,,,,,,,,
12084310,,,,,,,,,,,,,
12084303,,,,,,,,,,,,,
12084299,,,,,,,,,,,,,
12084298,,,,,,,,,,,,,
12084315,,,,,,,,,,,,,
12084305,,,,,,,,,,,,,
12084304,,,,,,,,,,,,,
12084312,,,,,,,,,,,,,
12084297,,,,,,,,,,,,,
12084307,,,,,,,,,,,,,
12082222,1,1,3,6,3,,,,,,,,
12082228,1,1,4,6,3,,,,,,,,
12082219,2,2,6,6,,,,,,,,,
12082211,0,0,4,0,,,,,,,,,
12082215,1,1,6,3,0,,,,,,,,
12082227,0,0,4,4,,,,,,,,,
12084435,0,0,6,2,,,,1,,,,,
12084437,2,2,7,6,,,,7,,,,,
12084429,2,2,6,6,,,,,,,,,
12084410,2,2,6,6,,,,,,,,,
12084430,2,2,3,7,6,,,,,,,,
12084432,1,1,6,2,2,,,,,,,,
12084434,2,2,7,6,6,,,,5,,,,
12084428,1,1,7,3,4,,,7,,,,,
12084433,1,1,6,1,4,,,,,,,,
12084426,1,1,6,4,,,,,,,,,
12083939,0,0,4,4,,,,,,,,,
12083938,1,1,6,1,4,,,,,,,,
12077162,2,2,7,1,7,,,,,,,,
12086208,,,,,,,,,,,,,
12084306,,,,,,,,,,,,,
12084328,,,,,,,,,,,,,
12084300,,,,,,,,,,,,,
12086201,,,,,,,,,,,,,
12086206,,,,,,,,,,,,,
12086202,,,,,,,,,,,,,
12086204,,,,,,,,,,,,,
12086203,,,,,,,,,,,,,
12084302,,,,,,,,,,,,,
12084309,,,,,,,,,,,,,
12084316,,,,,,,,,,,,,
12084301,,,,,,,,,,,,,
12086207,,,,,,,,,,,,,
12084313,,,,,,,,,,,,,
12086205,,,,,,,,,,,,,
12081968,2,2,6,6,,,,,,,,,
12081964,2,2,6,6,,,,,,,,,
12081978,0,0,3,2,,,,,,,,,
12081961,2,2,6,6,,,,,,,,,
12084802,0,0,4,2,,,,,,,,,
12084804,2,2,3,7,7,,,,7,,,,
12084534,2,2,7,6,,,,7,,,,,
12084528,0,0,4,2,,,,,,,,,
12084831,2,2,1,6,6,,,,,,,,
12084801,2,2,2,6,6,,,,,,,,
12084800,0,0,6,2,,,,9,,,,,
12084798,2,2,6,6,,,,,,,,,
12084520,0,0,1,4,,,,,,,,,
12084799,1,1,6,7,4,,,4,7,,,,
12084530,0,0,3,6,,,,,2,,,,
12084803,0,0,3,4,,,,,,,,,
12083286,0,0,4,3,,,,,,,,,
12083289,2,2,6,7,,,,,,,,,
12083283,2,2,6,6,,,,,,,,,
12083284,0,0,4,3,,,,,,,,,
12083285,2,2,6,6,,,,,,,,,
12083288,1,1,4,7,4,,,,7,,,,
12086546,,,,,,,,,,,,,
12084340,,,,,,,,,,,,,
12086543,,,,,,,,,,,,,
12086545,,,,,,,,,,,,,
12086540,,,,,,,,,,,,,
12086544,,,,,,,,,,,,,
12084350,,,,,,,,,,,,,
12086541,,,,,,,,,,,,,
12083611,0,0,3,2,,,,,,,,,
12083608,0,0,3,1,,,,,,,,,
12083617,0,0,4,6,,,,,5,,,,
12083615,2,2,3,6,6,,,,,,,,
12083612,2,2,6,6,,,,,,,,,
12083609,2,2,6,6,,,,,,,,,
12083613,0,0,0,4,,,,,,,,,
12086718,,,,,,,,,,,,,
12084319,,,,,,,,,,,,,
12086716,,,,,,,,,,,,,
12086715,,,,,,,,,,,,,
12086719,,,,,,,,,,,,,
12086712,,,,,,,,,,,,,
12086713,,,,,,,,,,,,,
12086714,,,,,,,,,,,,,
12086717,,,,,,,,,,,,,
12083518,2,2,5,6,6,,,,,,,,
12083524,0,0,3,6,,,,,6,,,,
12083517,2,2,6,6,,,,,,,,,
12083529,0,0,2,4,,,,,,,,,
12083521,2,2,6,6,,,,,,,,,
12083532,1,1,4,7,3,,,,7,,,,
12083520,2,2,6,4,7,,,,,8,,,
12086956,,,,,,,,,,,,,
12086962,,,,,,,,,,,,,
12086958,,,,,,,,,,,,,
12086957,,,,,,,,,,,,,
12083230,1,1,3,6,4,,,,,,,,
12083238,0,0,4,2,,,,,,,,,
12083229,0,0,3,4,,,,,,,,,
12083241,0,0,2,3,,,,,,,,,
12084358,,,,,,,,,,,,,
12086423,,,,,,,,,,,,,
12086421,,,,,,,,,,,,,
12086426,,,,,,,,,,,,,
12086420,,,,,,,,,,,,,
12084374,,,,,,,,,,,,,
12086425,,,,,,,,,,,,,
12086422,,,,,,,,,,,,,
12084365,,,,,,,,,,,,,
12086424,,,,,,,,,,,,,
12086419,,,,,,,,,,,,,
12084360,,,,,,,,,,,,,
12083045,0,0,3,6,,,,,2,,,,
12083046,2,2,6,6,,,,,,,,,
12083039,2,2,4,6,6,,,,,,,,
12084323,,,,,,,,,,,,,
12085982,0,0,3,,,,,,,,,,
12084327,,,,,,,,,,,,,
12085986,,,,,,,,,,,,,
12085979,,,,,,,,,,,,,
12085983,,,,,,,,,,,,,
12085985,,,,,,,,,,,,,
12084326,,,,,,,,,,,,,
12085978,,,,,,,,,,,,,
12084321,,,,,,,,,,,,,
12085981,,,,,,,,,,,,,
12085980,,,,,,,,,,,,,
12084324,,,,,,,,,,,,,
12085984,,,,,,,,,,,,,
12083201,1,1,6,4,1,,,,,,,,
12083200,2,2,3,6,6,,,,,,,,
12083194,0,0,2,5,,,,,,,,,
12086014,,,,,,,,,,,,,
12084449,,,,,,,,,,,,,
12083202,1,1,6,6,0,,,4,,,,,
12084447,,,,,,,,,,,,,
12086017,,,,,,,,,,,,,
12086013,,,,,,,,,,,,,
12084420,,,,,,,,,,,,,
12086015,,,,,,,,,,,,,
12086012,,,,,,,,,,,,,
12084444,,,,,,,,,,,,,
12086016,,,,,,,,,,,,,
12084455,,,,,,,,,,,,,
12086011,,,,,,,,,,,,,
12083339,2,2,5,7,7,,,,7,,,,
12083338,0,0,6,4,,,,3,,,,,
12083340,1,1,2,7,0,,,,7,,,,
12083341,1,1,1,6,5,,,,,,,,
12084436,,,,,,,,,,,,,
12086498,,,,,,,,,,,,,
12086497,,,,,,,,,,,,,
12086496,,,,,,,,,,,,,
12086493,,,,,,,,,,,,,
12084439,,,,,,,,,,,,,
12084442,,,,,,,,,,,,,
12086500,,,,,,,,,,,,,
12084438,,,,,,,,,,,,,
12086495,,,,,,,,,,,,,
12086499,,,,,,,,,,,,,
12086501,,,,,,,,,,,,,
12084084,2,2,6,6,,,,,,,,,
12084073,0,0,4,1,,,,,,,,,
12084081,0,0,6,2,,,,1,,,,,
12084086,0,0,3,3,,,,,,,,,
12084075,2,2,3,6,7,,,,,,,,
12084076,2,2,6,6,,,,,,,,,
12084088,2,2,6,1,7,,,,,7,,,
12084078,2,2,7,2,6,,,7,,,,,
12084079,1,1,5,6,3,,,,,,,,
12084083,2,2,6,5,6,,,,,,,,
12084074,0,0,4,3,,,,,,,,,
12084080,2,2,6,6,,,,,,,,,
12084077,0,0,2,6,,,,,1,,,,
12084087,0,0,3,1,,,,,,,,,
12084085,0,0,3,0,,,,,,,,,
12084082,2,2,6,6,,,,,,,,,
12083412,0,0,1,3,,,,,,,,,
12083403,2,2,6,3,6,,,,,,,,
12083405,1,1,6,2,4,,,,,,,,
12083414,2,2,6,6,,,,,,,,,
12083420,2,2,6,6,,,,,,,,,
12086312,,,,,,,,,,,,,
12086311,,,,,,,,,,,,,
12084521,,,,,,,,,,,,,
12084525,,,,,,,,,,,,,
12086313,,,,,,,,,,,,,
12086317,,,,,,,,,,,,,
12086310,,,,,,,,,,,,,
12084523,,,,,,,,,,,,,
12086315,,,,,,,,,,,,,
12086316,,,,,,,,,,,,,
12086319,,,,,,,,,,,,,
12082208,0,0,3,4,,,,,,,,,
12082224,0,0,2,3,,,,,,,,,
12082207,0,0,4,1,,,,,,,,,
12082206,2,2,6,6,,,,,,,,,
12082220,0,0,5,0,,,,,,,,,
12082210,2,2,6,4,6,,,,,,,,
12082209,0,0,3,4,,,,,,,,,
12084402,0,0,2,3,,,,,,,,,
12084401,1,1,7,4,0,,,,,,,,
12084408,0,0,2,2,,,,,,,,,
12084400,2,2,6,6,,,,,,,,,
12082221,1,1,6,3,1,,,,,,,,
12084399,0,0,3,,,,,,,,,,
12084407,0,0,1,,,,,,,,,,
12084406,0,0,4,,,,,,,,,,
12084405,0,0,5,0,,,,,,,,,
12083072,2,2,5,6,6,,,,,,,,
12083077,0,0,2,4,,,,,,,,,
12083070,0,0,0,3,,,,,,,,,
12083071,1,1,6,6,5,,,,7,,,,
12083069,0,0,1,2,,,,,,,,,
12083073,2,2,6,4,6,,,,,,,,
12083074,0,0,2,1,,,,,,,,,
12084363,,,,,,,,,,,,,
12084359,,,,,,,,,,,,,
12084330,,,,,,,,,,,,,
12084337,,,,,,,,,,,,,
12084329,,,,,,,,,,,,,
12084333,,,,,,,,,,,,,
12082876,1,1,0,6,6,,,,,3,,,
12082872,2,2,7,2,6,,,,,,,,
12082882,0,0,5,3,,,,,,,,,
12082867,1,1,6,0,,,,,,,,,
12082875,1,1,6,0,2,,,,,,,,
12082869,1,1,7,5,6,,,,,4,,,
12082874,0,0,0,1,,,,,,,,,
12082868,2,2,6,6,,,,,,,,,
12082878,0,0,3,2,,,,,,,,,
12082879,0,0,3,4,,,,,,,,,
12082881,2,2,6,6,,,,,,,,,
12082880,0,0,0,1,,,,,,,,,
12082877,0,0,2,5,,,,,,,,,
12082870,0,0,3,2,,,,,,,,,
12082871,0,0,1,1,,,,,,,,,
12082873,1,1,6,4,,,,,,,,,
12086460,,,,,,,,,,,,,
12086072,,,,,,,,,,,,,
12086432,,,,,,,,,,,,,
12086228,,,,,,,,,,,,,
12086455,,,,,,,,,,,,,
12086218,,,,,,,,,,,,,
12086318,,,,,,,,,,,,,
12086474,0,0,3,,,,,,,,,,
12086464,0,0,1,,,,,,,,,,
12086472,0,0,2,,,,,,,,,,
12086475,0,0,2,,,,,,,,,,
12086465,,,,,,,,,,,,,
12086467,,,,,,,,,,,,,
12086473,,,,,,,,,,,,,
12086470,,,,,,,,,,,,,
12086478,,,,,,,,,,,,,
12086471,,,,,,,,,,,,,
12086466,,,,,,,,,,,,,
12086469,,,,,,,,,,,,,
12086477,,,,,,,,,,,,,
12086468,,,,,,,,,,,,,
12086476,,,,,,,,,,,,,
12086463,,,,,,,,,,,,,
12081972,0,0,1,4,,,,,,,,,
12081977,0,0,6,3,,,,4,,,,,
12081957,1,1,6,4,3,,,,,,,,
12081966,2,2,6,6,,,,,,,,,
12084354,0,0,1,2,,,,,,,,,
12084747,2,2,6,6,,,,,,,,,
12084750,2,2,6,6,,,,,,,,,
12084348,2,2,6,4,7,,,,,7,,,
12084752,2,2,6,6,,,,,,,,,
12084749,0,0,2,3,,,,,,,,,
12084349,1,1,3,7,1,,,,7,,,,
12084753,0,0,6,5,,,,5,,,,,
12084751,0,0,2,2,,,,,,,,,
12084351,2,2,6,7,,,,,8,,,,
12084748,0,0,4,2,,,,,,,,,
12084347,2,2,6,7,,,,,11,,,,
12079582,0,0,1,3,,,,,,,,,
12079607,2,2,6,6,,,,,,,,,
12079581,1,1,6,2,6,,,,,,,,
12083043,0,0,1,1,,,,,,,,,
12083036,1,1,6,2,,,,,,,,,
12083025,0,0,6,0,,,,5,,,,,
12083023,2,2,7,6,,,,,,,,,
12083030,2,2,6,7,,,,,,,,,
12083050,2,2,6,6,,,,,,,,,
12083022,2,2,3,7,10,,,,7,,,,
12083091,1,1,7,6,6,,,,4,,,,
12080201,1,1,6,3,8,,,,,,,,
12080187,0,0,5,2,,,,,,,,,
12080172,0,0,4,3,,,,,,,,,
12083203,2,2,6,6,,,,,,,,,
12083193,0,0,2,1,,,,,,,,,
12083198,0,0,5,4,,,,,,,,,
12083178,2,2,6,6,,,,,,,,,
12083220,0,0,5,4,,,,,,,,,
12083175,0,0,3,1,,,,,,,,,
12083208,0,0,2,0,,,,,,,,,
12085822,1,1,3,6,6,,,,,,,,
12082543,0,0,4,3,,,,,,,,,
12082545,2,2,7,6,,,,7,,,,,
12082544,2,2,6,6,,,,,,,,,
12082542,0,0,4,0,,,,,,,,,
12082606,2,2,6,6,,,,,,,,,
12082928,2,2,1,6,10,,,,,,,,
12082938,0,0,5,1,,,,,,,,,
12082927,0,0,0,4,,,,,,,,,
12081519,2,2,6,6,,,,,,,,,
12081516,2,2,7,6,,,,,,,,,
12081528,0,0,6,4,,,,,,,,,
12081523,1,1,6,1,7,,,,,,,,
12081521,2,2,6,6,,,,,,,,,
12081517,0,0,5,3,,,,,,,,,
12081525,0,0,0,1,,,,,,,,,
12081515,1,1,5,7,10,,,,,,,,
12081526,2,2,6,6,,,,,,,,,
12081530,2,2,6,7,,,,,,,,,
12081524,0,0,0,3,,,,,,,,,
12081522,2,2,6,6,,,,,,,,,
12081520,2,2,7,6,,,,,,,,,
12081529,0,0,3,2,,,,,,,,,
12081527,0,0,5,3,,,,,,,,,
12081518,2,2,6,6,,,,,,,,,
12083932,0,0,0,4,,,,,,,,,
12083934,2,2,4,6,10,,,,,,,,
12083960,2,2,6,0,11,,,,,,,,
12083930,2,2,7,6,,,,,,,,,
12083929,0,0,6,1,,,,8,,,,,
12083933,0,0,3,0,,,,,,,,,
12083931,2,2,6,6,,,,,,,,,
12083943,0,0,5,4,,,,,,,,,
12083171,0,0,4,3,,,,,,,,,
12083180,0,0,3,4,,,,,,,,,
12083172,1,1,6,1,5,,,,,,,,
12083177,2,2,6,6,,,,,,,,,
12083176,0,0,1,3,,,,,,,,,
12083181,0,0,2,0,,,,,,,,,
12083168,2,2,6,6,,,,,,,,,
12083167,0,0,6,3,,,,5,,,,,
12081954,2,2,6,6,,,,,,,,,
12081951,2,2,6,6,10,,,,7,,,,
12081955,2,2,6,5,10,,,,,,,,
12081970,0,0,4,3,,,,,,,,,
12081956,,,,,,,,,,,,,
12081969,0,0,6,4,,,,7,,,,,
12081965,1,1,6,2,6,,,,,,,,
12081976,0,0,6,3,,,,8,,,,,
12080443,0,0,5,3,,,,,,,,,
12080451,2,2,4,6,10,,,,,,,,
12080449,2,2,6,6,,,,,,,,,
12080452,2,2,6,6,,,,,,,,,
12080448,0,0,4,6,,,,,2,,,,
12080454,2,2,6,6,,,,,,,,,
12080440,0,0,0,4,,,,,,,,,
12080442,0,0,4,4,,,,,,,,,
12080439,2,2,3,6,10,,,,,,,,
12083278,0,0,4,4,,,,,,,,,
12083277,0,0,5,2,,,,,,,,,
12083282,0,0,5,5,,,,,,,,,
12083279,2,2,6,6,,,,,,,,,
12083832,2,2,7,6,,,,7,,,,,
12083765,2,2,6,6,,,,,,,,,
12083833,0,0,2,4,,,,,,,,,
12083280,0,0,1,5,,,,,,,,,
12080480,2,2,6,7,,,,,,,,,
12080485,0,0,3,4,,,,,,,,,
12080476,0,0,5,1,,,,,,,,,
12080479,2,2,7,6,,,,,,,,,
12082510,2,2,6,7,,,,,,,,,
12080477,2,2,6,6,,,,,,,,,
12082804,2,2,6,6,12,,,,,,,,
12080484,0,0,3,6,,,,,,,,,
12080478,2,2,7,6,,,,,,,,,
12080481,1,1,6,2,3,,,,,,,,
12082803,2,2,6,6,,,,,,,,,
12082548,1,1,6,6,11,,,,,,,,
12083606,1,1,7,3,6,,,7,,,,,
12083605,1,1,6,3,6,,,,,,,,
12083604,0,0,4,2,,,,,,,,,
12083614,0,0,2,6,,,,,4,,,,
12085931,1,1,6,5,9,,,,,,,,
12083610,2,2,6,4,10,,,,,,,,
12083607,2,2,6,6,,,,,,,,,
12086244,0,0,4,0,,,,,,,,,
12080801,0,0,1,1,,,,,,,,,
12080813,0,0,6,3,,,,,,,,,
12080803,2,2,6,5,10,,,,,,,,
12080805,2,2,0,7,10,,,,,,,,
12080810,0,0,3,3,,,,,,,,,
12080807,2,2,6,7,,,,,,,,,
12080812,0,0,1,3,,,,,,,,,
12080811,2,2,6,6,,,,,,,,,
12080808,2,2,7,6,,,,,,,,,
12080815,1,1,7,3,8,,,,,,,,
12080816,0,0,3,4,,,,,,,,,
12080804,0,0,1,3,,,,,,,,,
12080814,0,0,2,0,,,,,,,,,
12080806,0,0,1,1,,,,,,,,,
12080802,2,2,6,6,,,,,,,,,
12080809,2,2,6,3,10,,,,,,,,
12083516,0,0,4,1,,,,,,,,,
12083519,0,0,1,1,,,,,,,,,
12083515,0,0,4,4,,,,,,,,,
12083514,2,2,6,6,,,,,,,,,
12083522,1,1,6,6,8,,,,,,,,
12083526,0,0,1,3,,,,,,,,,
12083523,2,2,6,7,,,,,,,,,
12083513,0,0,4,4,,,,,,,,,
12080135,2,2,6,6,,,,,,,,,
12079926,2,2,6,6,,,,,,,,,
12079930,2,2,6,6,,,,,,,,,
12079927,0,0,4,0,,,,,,,,,
12080405,2,2,7,7,,,,,,,,,
12080404,2,2,6,6,,,,,,,,,
12080403,0,0,0,6,,,,,,,,,
12079928,0,0,4,5,,,,,,,,,
12080407,2,2,7,6,,,,,,,,,
12080406,0,0,2,0,,,,,,,,,
12080402,2,2,6,6,,,,,,,,,
12080134,0,0,2,0,,,,,,,,,
12083228,2,2,6,3,10,,,,,,,,
12083239,2,2,6,6,,,,,,,,,
12083226,2,2,6,6,,,,,,,,,
12083240,0,0,2,4,,,,,,,,,
12083296,0,0,2,2,,,,,,,,,
12083295,2,2,6,7,,,,,,,,,
12083297,0,0,4,1,,,,,,,,,
12083227,1,1,6,1,5,,,,,,,,
12079604,0,0,0,1,,,,,,,,,
12079579,2,2,6,6,,,,,,,,,
12083040,0,0,1,3,,,,,,,,,
12083024,2,2,6,6,,,,,,,,,
12083054,0,0,0,1,,,,,,,,,
12083026,0,0,3,1,,,,,,,,,
12083027,0,0,3,3,,,,,,,,,
12083047,0,0,2,4,,,,,,,,,
12083290,2,2,6,7,,,,,,,,,
12083028,0,0,3,4,,,,,,,,,
12080188,2,2,6,2,10,,,,,,,,
12080183,2,2,6,6,,,,,,,,,
12080175,2,2,7,6,,,,,,,,,
12083195,0,0,1,1,,,,,,,,,
12083197,0,0,5,5,,,,,,,,,
12083199,0,0,1,3,,,,,,,,,
12083219,0,0,3,1,,,,,,,,,
12083196,0,0,1,2,,,,,,,,,
12083205,0,0,1,0,,,,,,,,,
12083207,2,2,6,7,,,,,7,,,,
12083204,0,0,1,0,,,,,,,,,
12079904,2,2,6,6,,,,,,,,,
12079899,0,0,4,4,,,,,,,,,
12079901,2,2,6,4,11,,,,,,,,
12079980,2,2,6,6,,,,,,,,,
12079898,2,2,6,6,,,,,,,,,
12079906,2,2,6,2,10,,,,,,,,
12079894,2,2,2,6,12,,,,,,,,
12079895,0,0,2,1,,,,,,,,,
12079905,0,0,2,6,,,,,,,,,
12079902,2,2,6,6,,,,,,,,,
12079908,2,2,6,2,10,,,,,,,,
12083330,2,2,6,6,,,,,,,,,
12083553,2,2,6,6,,,,,,,,,
12083554,2,2,4,6,12,,,,,,,,
12083552,2,2,7,2,11,,,,,,,,
12083335,0,0,2,4,,,,,,,,,
12083332,0,0,4,0,,,,,,,,,
12083551,2,2,6,6,,,,,,,,,
12083331,0,0,4,1,,,,,,,,,
12081461,1,1,4,6,0,,,,,,,,
12081458,1,1,1,6,3,,,,,,,,
12081462,2,2,6,6,,,,,,,,,
12081463,1,1,6,6,5,,,,6,,,,
12081460,0,0,4,4,,,,,,,,,
12081459,0,0,2,2,,,,,,,,,
12080991,2,2,7,6,,,,,,,,,
12080993,2,2,7,6,,,,,,,,,
12080995,0,0,1,0,,,,,,,,,
12080994,2,2,5,6,10,,,,,,,,
12080878,2,2,6,7,,,,,,,,,
12083421,0,0,3,1,,,,,,,,,
12083417,2,2,6,6,,,,,,,,,
12083398,0,0,3,2,,,,,,,,,
12083413,1,1,4,6,9,,,,,,,,
12083400,2,2,6,6,,,,,,,,,
12083422,0,0,0,4,,,,,,,,,
12083396,1,1,1,6,4,,,,,,,,
12083397,0,0,6,2,,,,4,,,,,
12080309,0,0,0,1,,,,,,,,,
12080310,0,0,0,1,,,,,,,,,
12083117,0,0,1,5,,,,,,,,,
12083116,0,0,2,1,,,,,,,,,
12083121,2,2,6,6,,,,,,,,,
12083115,1,1,6,4,4,,,,,,,,
12083111,1,1,6,4,6,,,,,,,,
12083113,,,,,,,,,,,,,
12083114,1,1,2,6,1,,,,,,,,
12083112,2,2,6,6,,,,,,,,,
12081948,2,2,7,6,,,,,,,,,
12081953,2,2,7,6,,,,7,,,,,
12081958,1,1,5,6,7,,,,,,,,
12081950,0,0,2,3,,,,,,,,,
12081947,0,0,5,3,,,,,,,,,
12081963,0,0,1,0,,,,,,,,,
12081952,0,0,2,2,,,,,,,,,
12081949,0,0,3,0,,,,,,,,,
12077847,0,0,5,4,,,,,,,,,
12077845,1,1,6,6,1,,,,8,,,,
12081056,1,1,2,6,3,,,,,,,,
12081057,2,2,6,6,,,,,,,,,
12077842,2,2,2,7,6,,,,7,,,,
12077841,1,1,1,6,5,,,,,,,,
12077848,0,0,1,,,,,,,,,,
12081058,2,2,1,6,6,,,,,,,,
12067222,0,0,2,1,,,,,,,,,
12077843,2,2,6,6,,,,,,,,,
12076744,2,2,6,6,,,,,,,,,
12079938,,,,,,,,,,,,,
12086081,2,2,7,7,,,,7,,,,,
12079936,2,2,6,7,,,,,7,,,,
12076747,0,0,1,6,,,,,9,,,,
12067166,2,2,6,7,,,,,,,,,
12067164,2,2,6,6,,,,,,,,,
12067170,2,2,2,6,6,,,,,,,,
12067161,2,2,7,6,7,,,8,3,7,,,
12067168,2,2,7,6,6,,,7,8,,,,
12067167,0,0,4,1,,,,,,,,,
12067172,0,0,3,4,,,,,,,,,
12067163,1,1,6,5,6,,,,,2,,,
12067162,0,0,4,4,,,,,,,,,
12067160,0,0,3,,,,,,,,,,
12078329,2,2,6,6,,,,,,,,,
12078321,2,2,6,7,,,,,7,,,,
12078325,2,2,7,6,,,,7,,,,,
12081703,2,2,6,6,,,,,,,,,
12081701,2,2,6,6,,,,,,,,,
12078323,2,2,6,7,,,,,,,,,
12078318,0,0,6,6,,,,5,10,,,,
12067196,2,2,6,4,6,,,,,,,,
12067197,2,2,6,6,,,,,,,,,
12067195,2,2,7,6,,,,7,,,,,
12067200,2,2,6,6,,,,,,,,,
12067191,2,2,6,6,,,,,,,,,
12067198,2,2,6,6,,,,,,,,,
12067193,0,0,4,2,,,,,,,,,
12067199,0,0,3,0,,,,,,,,,
12067260,2,2,5,6,6,,,,,,,,
12067265,0,0,4,4,,,,,,,,,
12067274,1,1,7,3,4,,,7,,,,,
12067262,0,0,1,5,,,,,,,,,
12067257,2,2,6,6,,,,,,,,,
12067256,0,0,2,2,,,,,,,,,
12067248,2,2,6,7,,,,,,,,,
12067246,2,2,7,3,6,,,7,,,,,
12067259,1,1,6,3,5,,,,,,,,
12067244,1,1,6,4,3,,,,,,,,
12067249,0,0,1,4,,,,,,,,,
12067254,2,2,6,6,,,,,,,,,
12067258,2,2,2,7,6,,,,7,,,,
12067261,,,,,,,,,,,,,
12083320,2,2,1,6,6,,,,,,,,
12083322,1,1,6,0,,,,,,,,,
12083324,1,1,6,7,2,,,2,7,,,,
12083321,0,0,2,3,,,,,,,,,
12078283,2,2,6,7,,,,,7,,,,
12078289,0,0,3,6,,,,,5,,,,
12078299,2,2,6,6,,,,,,,,,
12078294,2,2,6,6,,,,,,,,,
12067359,2,2,6,6,,,,,,,,,
12067344,2,2,6,7,,,,,7,,,,
12078291,2,2,7,6,7,,,7,3,,,,
12078285,0,0,4,2,,,,,,,,,
12067356,1,1,2,6,2,,,,,,,,
12067353,2,2,6,6,,,,,,,,,
12067361,0,0,2,,,,,,,,,,
12067314,1,1,4,7,1,,,,,,,,
12067313,0,0,1,2,,,,,,,,,
12067312,2,2,6,6,7,,,,5,7,,,
12067310,0,0,1,0,,,,,,,,,
12067308,2,2,6,6,,,,,,,,,
12067303,2,2,6,6,,,,,,,,,
12067311,0,0,4,4,,,,,,,,,
12067300,2,2,6,6,,,,,,,,,
12083109,1,1,4,6,5,,,,,,,,
12083108,1,1,6,3,5,,,,,,,,
12077820,2,2,3,7,6,,,,,,,,
12083105,2,2,7,3,6,,,,,,,,
12077817,1,1,6,6,3,,,,2,,,,
12077816,,,,,,,,,,,,,
12083107,0,0,3,4,,,,,,,,,
12067338,2,2,4,7,7,,,,7,,,,
12077815,2,2,7,6,,,,7,,,,,
12077823,1,1,5,6,6,,,,,11,,,
12086951,2,2,7,7,,,,,7,,,,
12067336,0,0,1,4,,,,,,,,,
12067332,0,0,4,3,,,,,,,,,
12067333,1,1,4,6,3,,,,,,,,
12067334,1,1,6,3,2,,,,,,,,
12067339,2,2,6,6,,,,,,,,,
12067341,0,0,3,0,,,,,,,,,
12067324,,,,,,,,,,,,,
12081583,0,0,1,3,,,,,,,,,
12084014,2,2,6,6,7,,,6,,,,,
12081580,0,0,4,1,,,,,,,,,
12081585,2,2,6,6,,,,,,,,,
12081581,2,2,6,6,,,,,,,,,
12084017,0,0,1,5,,,,,,,,,
12084012,0,0,3,5,,,,,,,,,
12081586,0,0,0,5,,,,,,,,,
12081582,0,0,4,3,,,,,,,,,
12084018,1,1,3,6,5,,,,,,,,
12081584,,,,,,,,,,,,,
12086967,0,0,3,1,,,,,,,,,
12067285,2,2,6,7,,,,,,,,,
12067279,1,1,6,5,4,,,,,,,,
12067282,0,0,1,4,,,,,,,,,
12067293,0,0,0,1,,,,,,,,,
12086238,2,2,6,6,,,,,,,,,
12086241,0,0,5,,,,,,,,,,
12084404,0,0,0,2,,,,,,,,,
12086240,0,0,4,0,,,,,,,,,
12086236,2,2,6,6,,,,,,,,,
12086237,2,2,6,6,,,,,,,,,
12084396,2,2,6,6,,,,,,,,,
12086239,2,2,7,6,,,,,,,,,
12084427,2,2,7,6,,,,,,,,,
12086242,2,2,6,6,,,,,,,,,
12088540,0,0,3,3,,,,,,,,,
12088652,0,0,1,1,,,,,,,,,
12088531,0,0,3,2,,,,,,,,,
12089075,2,2,6,6,,,,,,,,,
12086329,2,2,7,7,,,,,,,,,
12084398,2,2,7,6,,,,7,,,,,
12088567,0,0,3,5,,,,,,,,,
12086431,2,2,6,6,,,,,,,,,
12083185,2,2,6,6,,,,,,,,,
12086534,2,2,4,7,6,,,,7,,,,
12084512,2,2,6,6,,,,,,,,,
12084514,1,1,6,6,4,,,5,,,,,
12086529,2,2,6,6,,,,,,,,,
12086526,2,2,4,6,6,,,,,,,,
12084517,0,0,2,0,,,,,,,,,
12086533,2,2,6,6,,,,,,,,,
12086527,2,2,6,6,,,,,,,,,
12086528,2,2,6,6,,,,,,,,,
12086530,0,0,4,1,,,,,,,,,
12084513,0,0,2,0,,,,,,,,,
12086532,2,2,4,6,6,,,,,,,,
12083416,1,1,6,4,1,,,,,,,,
12084303,1,1,7,1,0,,,7,,,,,
12084310,2,2,7,3,7,,,,,7,,,
12084315,2,2,6,6,,,,,,,,,
12084304,0,0,2,1,,,,,,,,,
12084299,2,2,6,6,,,,,,,,,
12084307,2,2,7,6,,,,,,,,,
12084305,1,1,5,6,4,,,,,,,,
12084297,1,1,4,6,5,,,,,,,,
12084312,2,2,6,6,,,,,,,,,
12084298,1,1,2,6,1,,,,,,,,
12090127,0,0,2,2,,,,,,,,,
12086235,0,0,4,5,,,,,,,,,
12090081,2,2,6,6,,,,,,,,,
12090338,2,2,7,6,,,,,,,,,
12090340,0,0,4,1,,,,,,,,,
12090341,0,0,5,6,,,,,5,,,,
12090069,0,0,1,4,,,,,,,,,
12090217,2,2,7,6,,,,,,,,,
12084435,0,0,6,2,,,,1,,,,,
12084437,2,2,7,6,,,,7,,,,,
12084429,2,2,6,6,,,,,,,,,
12084410,2,2,6,6,,,,,,,,,
12084430,2,2,3,7,6,,,,,,,,
12084432,1,1,6,2,2,,,,,,,,
12084434,2,2,7,6,6,,,,5,,,,
12084428,1,1,7,3,5,,,7,,,,,
12084433,1,1,6,1,4,,,,,,,,
12084426,2,2,6,6,,,,,,,,,
12088403,0,0,3,2,,,,,,,,,
12084824,0,0,3,3,,,,,,,,,
12088006,2,2,6,6,,,,,,,,,
12088297,0,0,2,6,,,,,2,,,,
12088298,0,0,4,2,,,,,,,,,
12088106,2,2,6,7,,,,,7,,,,
12088356,2,2,6,7,,,,,7,,,,
12087958,0,0,1,3,,,,,,,,,
12083939,0,0,4,4,,,,,,,,,
12083938,1,1,6,1,4,,,,,,,,
12087222,0,0,3,1,,,,,,,,,
12087224,1,1,6,7,4,,,3,7,,,,
12084390,2,2,6,7,,,,,,,,,
12084395,0,0,4,6,,,,,5,,,,
12084397,0,0,3,2,,,,,,,,,
12087225,1,1,1,6,4,,,,,,,,
12087219,2,2,4,6,6,,,,,,,,
12087220,0,0,4,5,,,,,,,,,
12084375,2,2,6,6,,,,,,,,,
12087221,2,2,6,6,,,,,,,,,
12084392,0,0,1,6,,,,,4,,,,
12084377,2,2,6,7,,,,,,,,,
12087223,1,1,6,2,1,,,,,,,,
12087218,2,2,6,6,,,,,,,,,
12086208,2,2,6,1,7,,,,,7,,,
12084306,2,2,6,6,,,,,,,,,
12084328,2,2,6,7,,,,,,,,,
12084300,0,0,5,3,,,,,,,,,
12086206,0,0,4,3,,,,,,,,,
12086202,0,0,3,1,,,,,,,,,
12086201,0,0,1,3,,,,,,,,,
12086204,2,2,6,6,,,,,,,,,
12084309,1,1,6,2,4,,,,,,,,
12086203,2,2,6,6,,,,,,,,,
12084316,0,0,4,4,,,,,,,,,
12084302,2,2,6,6,,,,,,,,,
12086207,0,0,4,,,,,,,,,,
12084313,1,1,6,7,4,,,5,7,,,,
12084301,2,2,6,6,,,,,,,,,
12086205,2,2,6,2,6,,,,,,,,
12089169,0,0,2,6,,,,,5,,,,
12089560,2,2,7,7,,,,7,,,,,
12089570,2,2,2,7,7,,,,7,,,,
12089569,2,2,4,6,6,,,,,,,,
12089315,2,2,6,6,,,,,,,,,
12089785,1,1,2,6,5,,,,,,,,
12089089,0,0,2,3,,,,,,,,,
12089990,2,2,3,6,6,,,,,,,,
12084802,0,0,4,2,,,,,,,,,
12084804,2,2,3,7,7,,,,7,,,,
12084534,2,2,7,6,,,,7,,,,,
12084528,0,0,4,2,,,,,,,,,
12084831,2,2,1,6,6,,,,,,,,
12084801,2,2,2,6,6,,,,,,,,
12084800,0,0,6,2,,,,9,,,,,
12084798,2,2,6,6,,,,,,,,,
12084520,0,0,1,4,,,,,,,,,
12084799,1,1,6,7,4,,,4,7,,,,
12084530,0,0,3,6,,,,,2,,,,
12084803,0,0,3,4,,,,,,,,,
12084823,2,2,6,6,,,,,,,,,
12088015,1,1,7,6,5,,,,3,,,,
12088274,0,0,6,5,,,,3,,,,,
12088285,2,2,7,7,,,,7,13,,,,
12087903,0,0,3,2,,,,,,,,,
12084815,2,2,6,7,,,,,7,,,,
12088272,1,1,6,3,2,,,,,,,,
12087902,2,2,7,4,6,,,7,,,,,
12083286,0,0,4,3,,,,,,,,,
12083289,2,2,6,7,,,,,,,,,
12083283,2,2,6,6,,,,,,,,,
12083284,0,0,4,3,,,,,,,,,
12083285,2,2,6,6,,,,,,,,,
12083288,1,1,4,7,4,,,,7,,,,
12086546,1,1,2,6,3,,,,,,,,
12084340,2,2,6,7,7,,,4,7,,,,
12086545,1,1,6,,,,,,,,,,
12086540,1,1,7,0,5,,,8,,,,,
12086543,2,2,6,7,,,,,7,,,,
12086544,0,0,1,4,,,,,,,,,
12084350,1,1,7,4,,,,8,,,,,
12086541,2,2,6,6,6,,,,4,,,,
12086542,2,2,6,6,6,,,5,,,,,
12086547,2,2,6,6,,,,,,,,,
12090068,2,2,7,6,,,,,,,,,
12086969,1,1,6,2,3,,,,,,,,
12089571,0,0,4,3,,,,,,,,,
12089886,1,1,6,4,6,,,,,1,,,
12086511,0,0,2,4,,,,,,,,,
12089170,1,1,7,0,,,,7,,,,,
12084322,0,0,3,,,,,,,,,,
12083611,0,0,3,2,,,,,,,,,
12083608,0,0,3,1,,,,,,,,,
12083617,0,0,4,6,,,,,5,,,,
12083615,2,2,3,6,6,,,,,,,,
12083612,2,2,6,6,,,,,,,,,
12083609,2,2,6,6,,,,,,,,,
12083613,0,0,0,4,,,,,,,,,
12086718,2,2,6,6,,,,,,,,,
12084319,0,0,2,1,,,,,,,,,
12086716,2,2,7,6,,,,7,,,,,
12086715,1,1,2,6,3,,,,,,,,
12086713,0,0,1,4,,,,,,,,,
12086719,2,2,6,6,,,,,,,,,
12086712,0,0,2,2,,,,,,,,,
12086714,0,0,1,3,,,,,,,,,
12086717,2,2,6,6,,,,,,,,,
12086619,1,1,3,6,6,,,,,,,,
12089577,2,2,6,4,6,,,,,,,,
12089464,1,1,7,2,4,,,7,,,,,
12086573,2,2,6,6,6,,,,6,,,,
12089439,0,0,4,0,,,,,,,,,
12089232,0,0,1,,,,,,,,,,
12084332,0,0,0,,,,,,,,,,
12086927,,,,,,,,,,,,,
12083518,2,2,5,6,6,,,,,,,,
12083524,0,0,3,6,,,,,6,,,,
12083517,2,2,6,6,,,,,,,,,
12083529,0,0,2,4,,,,,,,,,
12083521,2,2,6,6,,,,,,,,,
12083532,1,1,4,7,3,,,,7,,,,
12083520,2,2,6,4,7,,,,,8,,,
12086956,2,2,7,6,,,,,,,,,
12086958,0,0,1,2,,,,,,,,,
12086962,2,2,6,7,,,,,7,,,,
12086957,0,0,0,2,,,,,,,,,
12086960,0,0,2,1,,,,,,,,,
12086961,1,1,4,6,2,,,,,,,,
12086959,2,2,7,6,,,,7,,,,,
12084317,0,0,6,2,,,,3,,,,,
12086955,0,0,6,1,,,,4,,,,,
12083229,0,0,3,4,,,,,,,,,
12083241,0,0,2,3,,,,,,,,,
12084358,,,,,,,,,,,,,
12086421,0,0,2,1,,,,,,,,,
12086423,2,2,6,2,6,,,,,,,,
12086426,2,2,6,7,,,,,11,,,,
12086422,2,2,7,6,,,,,,,,,
12084374,2,2,4,7,6,,,,9,,,,
12086420,2,2,5,6,6,,,,,,,,
12086425,0,0,5,5,,,,,,,,,
12086424,0,0,4,5,,,,,,,,,
12084365,2,2,2,7,6,,,,,,,,
12086419,0,0,1,4,,,,,,,,,
12084360,2,2,6,6,,,,,,,,,
12084361,2,2,7,3,6,,,,,,,,
12089180,2,2,6,6,,,,,,,,,
12089167,2,2,4,7,7,,,,,7,,,
12086572,0,0,0,2,,,,,,,,,
12089873,2,2,3,7,6,,,,7,,,,
12089772,0,0,2,3,,,,,,,,,
12090123,1,1,7,2,5,,,7,,,,,
12089616,1,1,7,3,,,,7,,,,,
12089968,1,1,7,1,,,,7,,,,,
12085982,2,2,7,7,,,,,7,,,,
12084323,,,,,,,,,,,,,
12085983,0,0,0,3,,,,,,,,,
12085986,0,0,5,5,,,,,,,,,
12085985,2,2,3,6,6,,,,,,,,
12085979,0,0,2,4,,,,,,,,,
12084326,1,1,5,6,2,,,,,,,,
12084327,0,0,4,1,,,,,,,,,
12085984,2,2,6,6,,,,,,,,,
12085978,2,2,6,6,,,,,,,,,
12084324,0,0,2,3,,,,,,,,,
12084321,2,2,6,6,,,,,,,,,
12085981,2,2,6,6,,,,,,,,,
12085980,0,0,1,3,,,,,,,,,
12084325,2,2,6,6,6,,,,5,,,,
12089572,2,2,6,6,,,,,,,,,
12086330,2,2,6,6,,,,,,,,,
12089316,1,1,6,1,,,,,,,,,
12089252,0,0,1,2,,,,,,,,,
12089171,0,0,4,4,,,,,,,,,
12088643,1,1,6,4,0,,,,,,,,
12089166,2,2,6,6,,,,,,,,,
12083194,0,0,2,5,,,,,,,,,
12086015,2,2,6,6,,,,,,,,,
12086012,2,2,6,7,6,,,5,8,,,,
12084444,2,2,1,6,6,,,,,,,,
12084455,1,1,2,6,1,,,,,,,,
12083202,1,1,6,6,1,,,4,,,,,
12086014,2,2,7,6,,,,7,,,,,
12086017,2,2,6,5,6,,,,,,,,
12084449,0,0,1,0,,,,,,,,,
12086013,1,1,5,7,2,,,,,,,,
12084447,2,2,6,6,,,,,,,,,
12084420,2,2,6,6,,,,,,,,,
12086016,2,2,6,6,,,,,,,,,
12083340,1,1,2,7,0,,,,7,,,,
12083341,1,1,1,6,5,,,,,,,,
12086498,2,2,5,7,6,,,,7,,,,
12086497,2,2,6,7,,,,,7,,,,
12084436,1,1,6,4,1,,,,,,,,
12086496,0,0,1,6,,,,,3,,,,
12086500,2,2,6,6,,,,,,,,,
12086493,1,1,2,6,4,,,,,,,,
12084439,2,2,6,5,6,,,,,,,,
12084442,0,0,3,2,,,,,,,,,
12084438,2,2,6,6,,,,,,,,,
12086501,0,0,2,4,,,,,,,,,
12086499,2,2,6,6,,,,,,,,,
12086495,1,1,6,3,,,,,,,,,
12086652,0,0,3,4,,,,,,,,,
12089401,1,1,5,7,1,,,,,,,,
12089578,,,,,,,,,,,,,
12089221,0,0,6,3,,,,5,,,,,
12089766,2,2,6,4,6,,,,,,,,
12089582,0,0,1,5,,,,,,,,,
12089784,2,2,6,6,,,,,,,,,
12089573,2,2,6,6,,,,,,,,,
12084084,2,2,6,6,,,,,,,,,
12084073,0,0,4,1,,,,,,,,,
12084081,0,0,6,2,,,,1,,,,,
12084086,0,0,3,3,,,,,,,,,
12084075,2,2,3,6,7,,,,,,,,
12084076,2,2,6,6,,,,,,,,,
12084088,2,2,6,1,7,,,,,7,,,
12084078,2,2,7,2,6,,,7,,,,,
12084079,1,1,5,6,3,,,,,,,,
12084083,2,2,6,5,6,,,,,,,,
12084074,0,0,4,3,,,,,,,,,
12084080,2,2,6,6,,,,,,,,,
12084077,0,0,2,6,,,,,1,,,,
12084087,0,0,3,1,,,,,,,,,
12084085,0,0,3,0,,,,,,,,,
12084082,2,2,6,6,,,,,,,,,
12087244,0,0,1,4,,,,,,,,,
12087412,1,1,7,2,3,,,7,,,,,
12086922,1,1,2,7,4,,,,,,,,
12087338,1,1,6,3,4,,,,,,,,
12087411,2,2,6,6,,,,,,,,,
12087122,0,0,4,4,,,,,,,,,
12087824,1,1,4,6,2,,,,,,,,
12087341,0,0,2,2,,,,,,,,,
12086311,0,0,3,2,,,,,,,,,
12084521,0,0,4,2,,,,,,,,,
12086313,1,1,2,6,4,,,,,,,,
12086317,0,0,3,,,,,,,,,,
12086312,0,0,2,2,,,,,,,,,
12084525,0,0,5,0,,,,,,,,,
12086315,0,0,0,0,,,,,,,,,
12086310,0,0,1,4,,,,,,,,,
12086316,2,2,6,6,,,,,,,,,
12084523,1,1,3,6,1,,,,,,,,
12086319,2,2,7,6,,,,8,,,,,
12090105,2,2,6,6,,,,,,,,,
12089967,0,0,3,3,,,,,,,,,
12089887,2,2,6,6,,,,,,,,,
12090226,2,2,6,6,,,,,,,,,
12090280,0,0,3,3,,,,,,,,,
12085927,0,0,0,3,,,,,,,,,
12089991,1,1,7,2,,,,,,,,,
12090090,0,0,6,4,,,,6,,,,,
12084402,0,0,2,3,,,,,,,,,
12084401,1,1,7,4,0,,,,,,,,
12084408,0,0,2,2,,,,,,,,,
12084400,2,2,6,6,,,,,,,,,
12082221,1,1,6,3,1,,,,,,,,
12084405,0,0,5,3,,,,,,,,,
12084399,0,0,3,0,,,,,,,,,
12084406,1,1,6,6,4,,,3,,,,,
12084407,2,2,4,6,7,,,,,,,,
12088530,0,0,3,1,,,,,,,,,
12088149,2,2,7,6,,,,,,,,,
12088507,2,2,6,7,,,,,,,,,
12089071,2,2,6,6,,,,,,,,,
12089126,1,1,6,3,6,,,,,5,,,
12088287,2,2,6,6,,,,,,,,,
12088454,0,0,3,2,,,,,,,,,
12084957,2,2,6,6,,,,,,,,,
12083070,0,0,0,3,,,,,,,,,
12083071,1,1,6,6,5,,,,7,,,,
12083069,0,0,1,2,,,,,,,,,
12083073,2,2,6,4,6,,,,,,,,
12083074,0,0,2,1,,,,,,,,,
12084363,1,1,6,5,2,,,,,,,,
12084359,0,0,3,3,,,,,,,,,
12084330,0,0,5,0,,,,,,,,,
12084337,2,2,6,6,,,,,,,,,
12084329,1,1,4,6,3,,,,,,,,
12084333,1,1,5,6,3,,,,,,,,
12084362,0,0,0,1,,,,,,,,,
12084335,0,0,2,1,,,,,,,,,
12084336,2,2,6,6,,,,,,,,,
12086635,2,2,3,7,6,,,,7,,,,
12089858,2,2,6,7,,,,,11,,,,
12086461,2,2,6,6,,,,,,,,,
12089519,2,2,6,3,6,,,,,,,,
12082880,0,0,0,1,,,,,,,,,
12082877,0,0,2,5,,,,,,,,,
12082870,0,0,3,2,,,,,,,,,
12082871,0,0,1,1,,,,,,,,,
12082873,1,1,6,4,,,,,,,,,
12086460,2,2,7,6,,,,,,,,,
12086072,1,1,6,6,4,,,4,,,,,
12086432,2,2,6,6,,,,,,,,,
12086455,1,1,7,0,3,,,7,,,,,
12086218,2,2,6,6,,,,,,,,,
12088485,2,2,6,6,,,,,,,,,
12086318,0,0,6,4,,,,5,,,,,
12086228,0,0,3,4,,,,,,,,,
12089270,0,0,3,6,,,,,1,,,,
12089164,2,2,6,6,,,,,,,,,
12089520,1,1,6,3,3,,,,,,,,
12089463,0,0,1,4,,,,,,,,,
12086474,1,1,6,4,4,,,,,,,,
12086464,1,1,6,3,4,,,,,,,,
12086472,0,0,3,1,,,,,,,,,
12086475,0,0,2,1,,,,,,,,,
12086473,2,2,6,6,,,,,,,,,
12086465,2,2,6,6,,,,,,,,,
12086467,1,1,4,6,3,,,,,,,,
12086478,0,0,4,5,,,,,,,,,
12086471,0,0,1,4,,,,,,,,,
12086476,2,2,6,6,,,,,,,,,
12086469,2,2,6,6,,,,,,,,,
12086466,2,2,6,6,,,,,,,,,
12086470,0,0,1,5,,,,,,,,,
12086463,0,0,2,3,,,,,,,,,
12086468,0,0,4,2,,,,,,,,,
12086477,0,0,1,4,,,,,,,,,
12089181,0,0,2,2,,,,,,,,,
12089744,2,2,6,3,6,,,,,,,,
12089634,2,2,6,6,,,,,,,,,
12089966,0,0,3,3,,,,,,,,,
12090056,1,1,3,6,3,,,,,,,,
12090005,2,2,6,7,,,,,,,,,
12089541,0,0,3,1,,,,,,,,,
12089070,2,2,6,6,,,,,,,,,
12084354,0,0,1,2,,,,,,,,,
12084747,2,2,6,6,,,,,,,,,
12084750,2,2,6,6,,,,,,,,,
12084348,2,2,6,4,7,,,,,7,,,
12084752,2,2,6,6,,,,,,,,,
12084749,0,0,2,3,,,,,,,,,
12084349,1,1,3,7,1,,,,7,,,,
12084753,0,0,6,5,,,,5,,,,,
12084751,0,0,2,2,,,,,,,,,
12084351,2,2,6,7,,,,,8,,,,
12084748,0,0,4,2,,,,,,,,,
12084347,2,2,6,7,,,,,11,,,,
12088102,1,1,6,3,3,,,,,,,,
12088127,2,2,6,6,,,,,,,,,
12084806,2,2,7,6,,,,9,,,,,
12084355,0,0,3,1,,,,,,,,,
12084352,2,2,6,6,,,,,,,,,
12088286,0,0,3,2,,,,,,,,,
12088126,1,1,6,5,1,,,,,,,,
12084816,0,0,2,2,,,,,,,,,
12083932,0,0,0,4,,,,,,,,,
12083934,2,2,4,6,10,,,,,,,,
12083960,2,2,6,0,11,,,,,,,,
12083930,2,2,7,6,,,,,,,,,
12083929,0,0,6,1,,,,8,,,,,
12083933,0,0,3,0,,,,,,,,,
12083931,2,2,6,6,,,,,,,,,
12083943,0,0,5,4,,,,,,,,,
12085931,1,1,6,5,9,,,,,,,,
12083610,2,2,6,4,10,,,,,,,,
12083607,2,2,6,6,,,,,,,,,
12086244,0,0,4,0,,,,,,,,,
12083516,0,0,4,1,,,,,,,,,
12083519,0,0,1,1,,,,,,,,,
12083515,0,0,4,4,,,,,,,,,
12083514,2,2,6,6,,,,,,,,,
12083522,1,1,6,6,8,,,,,,,,
12083526,0,0,1,3,,,,,,,,,
12083523,2,2,6,7,,,,,,,,,
12083513,0,0,4,4,,,,,,,,,
12067222,0,0,2,1,,,,,,,,,
12077843,2,2,6,6,,,,,,,,,
12067219,0,0,2,5,,,,,,,,,
12067216,2,2,6,4,6,,,,,,,,
12067221,2,2,6,6,,,,,,,,,
12067208,2,2,7,6,,,,7,,,,,
12067212,0,0,5,3,,,,,,,,,
12067217,0,0,1,2,,,,,,,,,
12067218,0,0,4,4,,,,,,,,,
12067170,2,2,2,6,6,,,,,,,,
12067161,2,2,7,6,7,,,8,3,7,,,
12067168,2,2,7,6,6,,,7,8,,,,
12067167,0,0,4,1,,,,,,,,,
12067172,0,0,3,4,,,,,,,,,
12067163,1,1,6,5,6,,,,,2,,,
12067162,0,0,4,4,,,,,,,,,
12067160,0,0,3,,,,,,,,,,
12067171,2,2,6,7,,,,,8,,,,
12067159,2,2,6,6,,,,,,,,,
12067196,2,2,6,4,6,,,,,,,,
12067197,2,2,6,6,,,,,,,,,
12067195,2,2,7,6,,,,7,,,,,
12067200,2,2,6,6,,,,,,,,,
12067191,2,2,6,6,,,,,,,,,
12067198,2,2,6,6,,,,,,,,,
12067193,0,0,4,2,,,,,,,,,
12067199,0,0,3,0,,,,,,,,,
12067189,2,2,6,6,,,,,,,,,
12067188,2,2,0,7,7,,,,7,,,,
12067190,2,2,7,6,,,,7,,,,,
12067194,0,0,3,4,,,,,,,,,
12067244,1,1,6,4,3,,,,,,,,
12067249,0,0,1,4,,,,,,,,,
12067254,2,2,6,6,,,,,,,,,
12067258,2,2,2,7,6,,,,7,,,,
12067261,,,,,,,,,,,,,
12067255,0,0,3,2,,,,,,,,,
12067263,2,2,2,6,6,,,,,,,,
12067253,0,0,2,6,,,,,,,,,
12067344,2,2,6,7,,,,,7,,,,
12078291,2,2,7,6,7,,,7,3,,,,
12078285,0,0,4,2,,,,,,,,,
12067356,1,1,2,6,2,,,,,,,,
12067353,2,2,6,6,,,,,,,,,
12067361,2,2,6,6,,,,,,,,,
12067363,0,0,3,5,,,,,,,,,
12067360,0,0,4,3,,,,,,,,,
12067364,2,2,6,7,,,,,7,,,,
12067358,1,1,5,6,5,,,,,,,,
12067354,,,,,,,,,,,,,
12067308,2,2,6,6,,,,,,,,,
12067303,2,2,6,6,,,,,,,,,
12067311,0,0,4,4,,,,,,,,,
12067300,2,2,6,6,,,,,,,,,
12067309,,,,,,,,,,,,,
12067307,0,0,6,4,,,,2,,,,,
12067301,2,2,6,6,,,,,,,,,
12067306,2,2,4,6,7,,,,,7,,,
12067336,0,0,1,4,,,,,,,,,
12067332,0,0,4,3,,,,,,,,,
12067333,1,1,4,6,3,,,,,,,,
12067334,1,1,6,3,2,,,,,,,,
12067339,2,2,6,6,,,,,,,,,
12067341,0,0,3,3,,,,,,,,,
12067324,0,0,3,3,,,,,,,,,
12067325,1,1,7,3,3,,,,,,,,
12067343,0,0,3,5,,,,,,,,,
12067328,0,0,6,1,,,,4,,,,,
12067326,,,,,,,,,,,,,
12067285,2,2,6,7,,,,,,,,,
12067279,1,1,6,5,4,,,,,,,,
12067282,0,0,1,4,,,,,,,,,
12067293,0,0,0,1,,,,,,,,,
12067283,2,2,6,6,,,,,,,,,
12067291,2,2,6,4,6,,,,,,,,
12067278,0,0,4,4,,,,,,,,,
12067284,2,2,0,6,6,,,,,,,,
12088540,0,0,3,3,,,,,,,,,
12088652,0,0,1,1,,,,,,,,,
12088531,0,0,3,2,,,,,,,,,
12089075,2,2,6,6,,,,,,,,,
12086329,2,2,7,7,,,,,,,,,
12084398,2,2,7,6,,,,7,,,,,
12088567,0,0,3,5,,,,,,,,,
12086431,2,2,6,6,,,,,,,,,
12092742,1,1,2,7,3,,,,8,,,,
12092722,1,1,6,4,4,,,,,,,,
12092727,0,0,6,0,,,,1,,,,,
12092728,1,1,6,5,3,,,,,,,,
12084514,1,1,6,6,4,,,5,,,,,
12086529,2,2,6,6,,,,,,,,,
12086526,2,2,4,6,6,,,,,,,,
12084517,0,0,2,0,,,,,,,,,
12086533,2,2,6,6,,,,,,,,,
12086527,2,2,6,6,,,,,,,,,
12086528,2,2,6,6,,,,,,,,,
12086530,0,0,4,1,,,,,,,,,
12084513,0,0,2,0,,,,,,,,,
12086532,2,2,4,6,6,,,,,,,,
12086453,2,2,7,4,6,,,7,,,,,
12089648,2,2,2,6,6,,,,,,,,
12086287,0,0,4,2,,,,,,,,,
12092751,0,0,0,2,,,,,,,,,
12084519,2,2,6,6,,,,,,,,,
12092699,0,0,1,2,,,,,,,,,
12084516,2,2,4,6,6,,,,,,,,
12089986,2,2,6,6,,,,,,,,,
12084303,1,1,7,1,0,,,7,,,,,
12084310,2,2,7,3,7,,,,,7,,,
12084315,2,2,6,6,,,,,,,,,
12084304,0,0,2,1,,,,,,,,,
12084299,2,2,6,6,,,,,,,,,
12084307,2,2,7,6,,,,,,,,,
12084305,1,1,5,6,4,,,,,,,,
12084297,1,1,4,6,5,,,,,,,,
12084312,2,2,6,6,,,,,,,,,
12084298,1,1,2,6,1,,,,,,,,
12090127,0,0,2,2,,,,,,,,,
12086235,0,0,4,5,,,,,,,,,
12090081,2,2,6,6,,,,,,,,,
12090338,2,2,7,6,,,,,,,,,
12090340,0,0,4,1,,,,,,,,,
12090341,0,0,5,6,,,,,5,,,,
12090069,0,0,1,4,,,,,,,,,
12090217,2,2,7,6,,,,,,,,,
12093038,0,0,6,1,,,,4,,,,,
12093063,2,2,6,6,,,,,,,,,
12093062,1,1,6,3,4,,,,,,,,
12093039,2,2,6,3,6,,,,,,,,
12088403,0,0,3,2,,,,,,,,,
12084824,0,0,3,3,,,,,,,,,
12088006,2,2,6,6,,,,,,,,,
12088297,0,0,2,6,,,,,2,,,,
12088298,0,0,4,2,,,,,,,,,
12088106,2,2,6,7,,,,,7,,,,
12088356,2,2,6,7,,,,,7,,,,
12087958,0,0,1,3,,,,,,,,,
12091060,2,2,1,7,6,,,,11,,,,
12091131,0,0,5,6,,,,,6,,,,
12091176,2,2,3,7,6,,,,7,,,,
12092627,2,2,7,7,,,,8,,,,,
12087222,0,0,3,1,,,,,,,,,
12087224,1,1,6,7,4,,,3,7,,,,
12084390,2,2,6,7,,,,,,,,,
12084395,0,0,4,6,,,,,5,,,,
12084397,0,0,3,2,,,,,,,,,
12087225,1,1,1,6,4,,,,,,,,
12087219,2,2,4,6,6,,,,,,,,
12087220,0,0,4,5,,,,,,,,,
12084375,2,2,6,6,,,,,,,,,
12087221,2,2,6,6,,,,,,,,,
12084392,0,0,1,6,,,,,4,,,,
12084377,2,2,6,7,,,,,,,,,
12087223,1,1,6,2,1,,,,,,,,
12087218,2,2,6,6,,,,,,,,,
12090358,0,0,4,4,,,,,,,,,
12090509,0,0,2,3,,,,,,,,,
12086965,0,0,4,4,,,,,,,,,
12090067,2,2,1,6,6,,,,,,,,
12090207,0,0,2,5,,,,,,,,,
12090206,2,2,6,6,,,,,,,,,
12090404,2,2,6,6,,,,,,,,,
12084382,1,1,2,6,4,,,,,,,,
12084302,2,2,6,6,,,,,,,,,
12086207,0,0,4,,,,,,,,,,
12084313,1,1,6,7,4,,,5,7,,,,
12084301,2,2,6,6,,,,,,,,,
12086205,2,2,6,2,6,,,,,,,,
12089169,0,0,2,6,,,,,5,,,,
12089560,2,2,7,7,,,,7,,,,,
12089570,2,2,2,7,7,,,,7,,,,
12089569,2,2,4,6,6,,,,,,,,
12089315,2,2,6,6,,,,,,,,,
12089785,1,1,2,6,5,,,,,,,,
12089089,0,0,2,3,,,,,,,,,
12089990,2,2,3,6,6,,,,,,,,
12092857,2,2,6,0,6,,,,,,,,
12092948,0,0,3,1,,,,,,,,,
12093076,0,0,3,,,,,,,,,,
12092757,1,1,6,3,2,,,,,,,,
12084823,2,2,6,6,,,,,,,,,
12088015,1,1,7,6,5,,,,3,,,,
12088274,0,0,6,5,,,,3,,,,,
12088285,2,2,7,7,,,,7,13,,,,
12087903,0,0,3,2,,,,,,,,,
12084815,2,2,6,7,,,,,7,,,,
12088272,1,1,6,3,2,,,,,,,,
12087902,2,2,7,4,6,,,7,,,,,
12091036,0,0,3,4,,,,,,,,,
12091243,2,2,6,6,6,,,,2,,,,
12091244,2,2,6,6,,,,,,,,,
12091122,0,0,3,3,,,,,,,,,
12086544,0,0,1,4,,,,,,,,,
12084350,1,1,7,4,,,,8,,,,,
12086541,2,2,6,6,6,,,,4,,,,
12086542,2,2,6,6,6,,,5,,,,,
12086547,2,2,6,6,,,,,,,,,
12090068,2,2,7,6,,,,,,,,,
12086969,1,1,6,2,3,,,,,,,,
12089571,0,0,4,3,,,,,,,,,
12089886,1,1,6,4,6,,,,,1,,,
12086511,0,0,2,4,,,,,,,,,
12089170,1,1,7,6,4,,,7,6,,,,
12084322,2,2,7,7,,,,7,7,,,,
12089649,0,0,3,2,,,,,,,,,
12093084,1,1,6,4,2,,,,,,,,
12093534,2,2,6,6,,,,,,,,,
12093686,0,0,5,,,,,,,,,,
12086713,0,0,1,4,,,,,,,,,
12086719,2,2,6,6,,,,,,,,,
12086712,0,0,2,2,,,,,,,,,
12086714,0,0,1,3,,,,,,,,,
12086717,2,2,6,6,,,,,,,,,
12086619,1,1,3,6,6,,,,,6,,,
12089577,2,2,6,4,6,,,,,,,,
12089464,1,1,7,2,4,,,7,,,,,
12086573,2,2,6,6,6,,,,6,,,,
12089439,0,0,4,2,,,,,,,,,
12089232,0,0,3,2,,,,,,,,,
12084332,1,1,7,4,1,,,7,,,,,
12086927,1,1,6,3,4,,,,,,,,
12093368,0,0,5,4,,,,,,,,,
12093415,1,1,6,4,1,,,,,,,,
12086956,2,2,7,6,,,,,,,,,
12086958,0,0,1,2,,,,,,,,,
12086962,2,2,6,7,,,,,7,,,,
12086957,0,0,0,2,,,,,,,,,
12086960,0,0,2,1,,,,,,,,,
12086961,1,1,4,6,2,,,,,,,,
12086959,2,2,7,6,,,,7,,,,,
12084317,0,0,6,2,,,,3,,,,,
12086955,0,0,6,1,,,,4,,,,,
12089720,2,2,6,3,6,,,,,,,,
12090102,2,2,7,7,,,,7,,,,,
12090144,1,1,2,6,2,,,,,,,,
12086699,2,2,6,6,,,,,,,,,
12089770,0,0,4,2,,,,,,,,,
12087000,1,1,6,6,2,,,6,,,,,
12086817,0,0,1,2,,,,,,,,,
12090070,0,0,2,2,,,,,,,,,
12093647,1,1,6,3,,,,,,,,,
12086425,0,0,5,5,,,,,,,,,
12086424,0,0,4,5,,,,,,,,,
12084365,2,2,2,7,6,,,,,,,,
12086419,0,0,1,4,,,,,,,,,
12084360,2,2,6,6,,,,,,,,,
12084361,2,2,7,3,6,,,,,,,,
12089180,2,2,6,6,,,,,,,,,
12089167,2,2,4,7,7,,,,,7,,,
12086572,0,0,0,2,,,,,,,,,
12089873,2,2,3,7,6,,,,7,,,,
12089772,0,0,2,3,,,,,,,,,
12090123,1,1,7,2,5,,,7,,,,,
12089616,2,2,7,6,,,,7,,,,,
12089968,2,2,7,6,,,,7,,,,,
12093160,1,1,3,6,3,,,,,,,,
12093401,2,2,6,7,,,,,,,,,
12093324,1,1,6,6,5,,,,5,,,,
12093486,0,0,6,6,,,,6,5,,,,
12084325,2,2,6,6,6,,,,5,,,,
12089572,2,2,6,6,,,,,,,,,
12086330,2,2,6,6,,,,,,,,,
12089316,1,1,6,1,,,,,,,,,
12089252,0,0,1,2,,,,,,,,,
12089171,0,0,4,4,,,,,,,,,
12088643,1,1,6,4,0,,,,,,,,
12089166,2,2,6,6,,,,,,,,,
12092918,0,0,0,3,,,,,,,,,
12092703,2,2,6,6,,,,,,,,,
12092720,1,1,6,5,2,,,,,,,,
12092796,2,2,7,6,,,,,,,,,
12083202,1,1,6,6,1,,,4,,,,,
12086013,1,1,5,7,2,,,,,,,,
12086014,2,2,7,6,,,,7,,,,,
12086015,2,2,6,6,,,,,,,,,
12086012,2,2,6,7,6,,,5,8,,,,
12084444,2,2,1,6,6,,,,,,,,
12084455,1,1,2,6,1,,,,,,,,
12086017,2,2,6,5,6,,,,,,,,
12084449,0,0,1,0,,,,,,,,,
12084447,2,2,6,6,,,,,,,,,
12084420,2,2,6,6,,,,,,,,,
12086016,2,2,6,6,,,,,,,,,
12086011,2,2,6,6,,,,,,,,,
12093075,0,0,6,4,,,,2,,,,,
12092779,2,2,6,7,,,,,,,,,
12086459,0,0,5,1,,,,,,,,,
12093068,2,2,6,6,,,,,,,,,
12093051,0,0,2,1,,,,,,,,,
12093083,0,0,1,3,,,,,,,,,
12093052,1,1,6,1,1,,,,,,,,
12093416,1,1,4,7,2,,,,13,,,,
12084438,2,2,6,6,,,,,,,,,
12086501,0,0,2,4,,,,,,,,,
12086499,2,2,6,6,,,,,,,,,
12086495,1,1,6,3,,,,,,,,,
12086652,0,0,3,4,,,,,,,,,
12089401,1,1,5,7,1,,,,,,,,
12089578,,,,,,,,,,,,,
12089221,0,0,6,3,,,,5,,,,,
12089766,2,2,6,4,6,,,,,,,,
12089582,0,0,1,5,,,,,,,,,
12089784,2,2,6,6,,,,,,,,,
12089573,2,2,6,6,,,,,,,,,
12093003,2,2,6,6,,,,,,,,,
12093085,2,2,6,6,,,,,,,,,
12093208,2,2,6,6,,,,,,,,,
12093189,2,2,6,6,,,,,,,,,
12087244,0,0,1,4,,,,,,,,,
12087412,1,1,7,2,3,,,7,,,,,
12086922,1,1,2,7,4,,,,,,,,
12087338,1,1,6,3,4,,,,,,,,
12087411,2,2,6,6,,,,,,,,,
12087122,0,0,4,4,,,,,,,,,
12087824,1,1,4,6,2,,,,,,,,
12087341,0,0,2,2,,,,,,,,,
12090294,2,2,7,6,,,,7,,,,,
12090557,0,0,5,6,,,,,2,,,,
12090343,2,2,6,7,,,,,7,,,,
12090208,2,2,6,6,,,,,,,,,
12086311,0,0,3,2,,,,,,,,,
12084521,0,0,4,2,,,,,,,,,
12086313,1,1,2,6,4,,,,,,,,
12086317,0,0,3,,,,,,,,,,
12086312,0,0,2,2,,,,,,,,,
12084525,0,0,5,0,,,,,,,,,
12086315,0,0,0,0,,,,,,,,,
12086310,0,0,1,4,,,,,,,,,
12086316,2,2,6,6,,,,,,,,,
12084523,1,1,3,6,1,,,,,,,,
12086319,2,2,7,6,,,,8,,,,,
12090105,2,2,6,6,,,,,,,,,
12089967,0,0,3,3,,,,,,,,,
12089887,2,2,6,6,,,,,,,,,
12090226,2,2,6,6,,,,,,,,,
12090280,0,0,3,3,,,,,,,,,
12085927,0,0,0,3,,,,,,,,,
12089991,1,1,7,2,,,,,,,,,
12090090,0,0,6,4,,,,6,,,,,
12092780,0,0,4,3,,,,,,,,,
12092752,2,2,6,6,,,,,,,,,
12093058,2,2,6,6,,,,,,,,,
12092971,2,2,7,6,,,,7,,,,,
12088530,0,0,3,1,,,,,,,,,
12088149,2,2,7,6,,,,,,,,,
12088507,2,2,6,7,,,,,,,,,
12089071,2,2,6,6,,,,,,,,,
12089126,1,1,6,3,6,,,,,5,,,
12088287,2,2,6,6,,,,,,,,,
12088454,0,0,3,2,,,,,,,,,
12084957,2,2,6,6,,,,,,,,,
12091121,2,2,2,6,6,,,,,,,,
12091245,0,0,5,3,,,,,,,,,
12091226,0,0,3,4,,,,,,,,,
12091261,2,2,7,6,,,,7,,,,,
12084337,2,2,6,6,,,,,,,,,
12084329,1,1,4,6,3,,,,,,,,
12084333,1,1,5,6,3,,,,,,,,
12084362,0,0,0,1,,,,,,,,,
12084335,0,0,2,1,,,,,,,,,
12084336,2,2,6,6,,,,,,,,,
12086635,2,2,3,7,6,,,,7,,,,
12089858,2,2,6,7,,,,,11,,,,
12086461,2,2,6,6,,,,,,,,,
12089519,2,2,6,3,6,,,,,,,,
12090050,2,2,6,6,,,,,,,,,
12090104,1,1,6,6,2,,,2,,,,,
12086597,1,1,1,7,2,,,,9,,,,
12090033,0,0,2,5,,,,,,,,,
12093384,2,2,6,3,6,,,,,,,,
12093133,0,0,2,6,,,,,2,,,,
12093570,2,2,6,6,6,,,,3,,,,
12089270,0,0,3,6,,,,,1,,,,
12089164,2,2,6,6,,,,,,,,,
12089520,1,1,6,3,3,,,,,,,,
12089463,0,0,1,4,,,,,,,,,
12092723,2,2,7,3,6,,,7,,,,,
12092716,2,2,6,6,,,,,,,,,
12086476,2,2,6,6,,,,,,,,,
12086469,2,2,6,6,,,,,,,,,
12086466,2,2,6,6,,,,,,,,,
12086470,0,0,1,5,,,,,,,,,
12086463,0,0,2,3,,,,,,,,,
12086468,0,0,4,2,,,,,,,,,
12086477,0,0,1,4,,,,,,,,,
12089181,0,0,2,2,,,,,,,,,
12089744,2,2,6,3,6,,,,,,,,
12089634,2,2,6,6,,,,,,,,,
12089966,0,0,3,3,,,,,,,,,
12090056,1,1,3,6,3,,,,,,,,
12090005,2,2,6,7,,,,,,,,,
12089541,0,0,3,1,,,,,,,,,
12089070,2,2,6,6,,,,,,,,,
12092919,2,2,6,4,6,,,,,,,,
12092881,2,2,3,6,6,,,,,,,,
12092696,2,2,6,7,,,,,7,,,,
12093061,0,0,4,2,,,,,,,,,
12088102,1,1,6,3,3,,,,,,,,
12088127,2,2,6,6,,,,,,,,,
12084806,2,2,7,6,,,,9,,,,,
12084355,0,0,3,1,,,,,,,,,
12084352,2,2,6,6,,,,,,,,,
12088286,0,0,3,2,,,,,,,,,
12088126,1,1,6,5,1,,,,,,,,
12084816,0,0,2,2,,,,,,,,,
12091132,0,0,2,5,,,,,,,,,
12091061,2,2,6,6,,,,,,,,,
12091008,0,0,2,2,,,,,,,,,
12091013,0,0,3,4,,,,,,,,,
12067219,0,0,2,5,,,,,,,,,
12067216,2,2,6,4,6,,,,,,,,
12067221,2,2,6,6,,,,,,,,,
12067208,2,2,7,6,,,,7,,,,,
12067212,0,0,5,3,,,,,,,,,
12067217,0,0,1,2,,,,,,,,,
12067218,0,0,4,4,,,,,,,,,
12067211,1,1,6,4,4,,,,,,,,
12067220,2,2,6,1,6,,,,,,,,
12067214,2,2,6,3,6,,,,,,,,
12067215,2,2,2,6,6,,,,,,,,
12067160,0,0,3,,,,,,,,,,
12067171,2,2,6,7,,,,,8,,,,
12067159,2,2,6,6,,,,,,,,,
12067165,2,2,7,6,,,,14,,,,,
12067169,1,1,4,6,3,,,,,,,,
12067189,2,2,6,6,,,,,,,,,
12067188,2,2,0,7,7,,,,7,,,,
12067190,2,2,7,6,,,,7,,,,,
12067194,0,0,3,4,,,,,,,,,
12067187,0,0,4,6,,,,,4,,,,
12067201,2,2,7,4,7,,,,,7,,,
12067255,0,0,3,2,,,,,,,,,
12067263,2,2,2,6,6,,,,,,,,
12067253,0,0,2,6,,,,,6,,,,
12067252,2,2,6,6,,,,,,,,,
12095972,2,2,6,6,,,,,,,,,
12095974,0,0,1,5,,,,,,,,,
12095977,2,2,1,6,6,,,,,,,,
12095976,0,0,6,1,,,,3,,,,,
12095973,2,2,7,6,,,,7,,,,,
12095978,2,2,6,6,,,,,,,,,
12095975,0,0,4,1,,,,,,,,,
12095971,2,2,7,6,,,,7,,,,,
12067353,2,2,6,6,,,,,,,,,
12067361,2,2,6,6,,,,,,,,,
12067363,0,0,3,5,,,,,,,,,
12067360,0,0,4,3,,,,,,,,,
12067364,2,2,6,7,,,,,7,,,,
12067358,1,1,5,6,5,,,,,,,,
12067354,2,2,3,6,7,,,,,7,,,
12067362,1,1,6,2,5,,,,,,,,
12067349,0,0,6,6,,,,5,3,,,,
12067300,2,2,6,6,,,,,,,,,
12067309,,,,,,,,,,,,,
12067307,0,0,6,4,,,,2,,,,,
12067301,2,2,6,6,,,,,,,,,
12067306,2,2,4,6,7,,,,,7,,,
12067304,0,0,5,6,,,,,6,,,,
12067305,2,2,4,6,6,,,,,,,,
12067341,0,0,3,3,,,,,,,,,
12067324,0,0,3,3,,,,,,,,,
12067325,1,1,7,3,3,,,,,,,,
12067343,0,0,3,5,,,,,,,,,
12067328,0,0,6,2,,,,4,,,,,
12067326,1,1,3,6,2,,,,,,,,
12067342,2,2,6,6,,,,,,,,,
12067335,2,2,6,6,,,,,,,,,
12067283,2,2,6,6,,,,,,,,,
12067291,2,2,6,4,6,,,,,,,,
12067278,0,0,4,4,,,,,,,,,
12067284,2,2,0,6,6,,,,,,,,
12067287,2,2,7,6,,,,,,,,,
12067292,0,0,2,1,,,,,,,,,
12067286,2,2,4,6,6,,,,,,,,
12067289,1,1,6,1,2,,,,,,,,
12092742,1,1,2,7,3,,,,8,,,,
12092722,1,1,6,4,4,,,,,,,,
12092727,0,0,6,0,,,,1,,,,,
12092728,1,1,6,5,3,,,,,,,,
12095412,0,0,1,0,,,,,,,,,
12095657,0,0,2,3,,,,,,,,,
12086453,2,2,7,4,6,,,7,,,,,
12089648,2,2,2,6,6,,,,,,,,
12086287,0,0,4,2,,,,,,,,,
12092751,0,0,0,2,,,,,,,,,
12084519,2,2,6,6,,,,,,,,,
12092699,0,0,1,2,,,,,,,,,
12084516,2,2,4,6,6,,,,,,,,
12089986,2,2,6,6,,,,,,,,,
12095718,2,2,7,6,,,,8,,,,,
12095360,0,0,4,6,,,,,1,,,,
12095231,2,2,6,6,,,,,,,,,
12095628,2,2,6,6,,,,,,,,,
12098083,2,2,6,6,,,,,,,,,
12098082,2,2,6,6,,,,,,,,,
12093038,0,0,6,1,,,,4,,,,,
12093063,2,2,6,6,,,,,,,,,
12093062,1,1,6,3,4,,,,,,,,
12093039,2,2,6,3,6,,,,,,,,
12095359,0,0,5,2,,,,,,,,,
12095630,1,1,6,6,2,,,,5,,,,
12091060,2,2,1,7,6,,,,11,,,,
12091131,0,0,5,6,,,,,6,,,,
12091176,2,2,3,7,6,,,,7,,,,
12092627,2,2,7,7,,,,8,,,,,
12094587,0,0,2,5,,,,,,,,,
12094775,1,1,3,6,3,,,,,,,,
12090358,0,0,4,4,,,,,,,,,
12090509,0,0,2,3,,,,,,,,,
12086965,0,0,4,4,,,,,,,,,
12090067,2,2,1,6,6,,,,,,,,
12090207,0,0,2,5,,,,,,,,,
12090206,2,2,6,6,,,,,,,,,
12090404,2,2,6,6,,,,,,,,,
12084382,1,1,2,6,4,,,,,,,,
12093724,1,1,6,3,4,,,,,,,,
12093818,2,2,6,7,,,,,,,,,
12093760,1,1,3,7,1,,,,,,,,
12093777,2,2,7,7,,,,,7,,,,
12092857,2,2,6,0,6,,,,,,,,
12092948,0,0,3,1,,,,,,,,,
12093076,0,0,3,,,,,,,,,,
12092757,1,1,6,3,2,,,,,,,,
12095304,0,0,1,1,,,,,,,,,
12095318,2,2,6,6,,,,,,,,,
12091036,0,0,3,4,,,,,,,,,
12091243,2,2,6,6,6,,,,2,,,,
12091244,2,2,6,6,,,,,,,,,
12091122,0,0,3,3,,,,,,,,,
12094567,0,0,5,4,,,,,,,,,
12094629,2,2,7,7,,,,7,7,,,,
12086511,0,0,2,4,,,,,,,,,
12089170,1,1,7,6,4,,,7,6,,,,
12084322,2,2,7,7,,,,7,7,,,,
12089649,0,0,3,2,,,,,,,,,
12093084,1,1,6,4,2,,,,,,,,
12093534,2,2,6,6,,,,,,,,,
12093686,0,0,5,,,,,,,,,,
12093074,1,1,4,6,4,,,,,,,,
12095992,2,2,6,7,,,,,7,,,,
12095739,2,2,4,7,6,,,,7,,,,
12089439,0,0,4,2,,,,,,,,,
12089232,0,0,3,2,,,,,,,,,
12084332,1,1,7,4,1,,,7,,,,,
12086927,1,1,6,3,4,,,,,,,,
12093368,2,2,5,6,7,,,,,7,,,
12093415,2,2,6,4,7,,,,,7,,,
12093713,0,0,4,4,,,,,,,,,
12096060,2,2,6,6,,,,,,,,,
12093729,0,0,6,2,,,,6,,,,,
12098312,2,2,6,6,,,,,,,,,
12089720,2,2,6,3,6,,,,,,,,
12090102,2,2,7,7,,,,7,,,,,
12090144,1,1,2,6,2,,,,,,,,
12086699,2,2,6,6,,,,,,,,,
12089770,0,0,4,2,,,,,,,,,
12087000,1,1,6,6,2,,,6,,,,,
12086817,0,0,1,2,,,,,,,,,
12090070,0,0,2,2,,,,,,,,,
12093647,2,2,6,6,,,,,,,,,
12093759,2,2,7,1,7,,,7,,7,,,
12093861,2,2,6,7,,,,,7,,,,
12093902,0,0,2,0,,,,,,,,,
12084320,,,,,,,,,,,,,
12084318,,,,,,,,,,,,,
12089616,2,2,7,6,,,,7,,,,,
12089968,2,2,7,6,,,,7,,,,,
12093160,1,1,3,6,3,,,,,,,,
12093401,2,2,6,7,,,,,,,,,
12093324,1,1,6,6,5,,,,5,,,,
12093486,0,0,6,6,,,,6,5,,,,
12095710,0,0,3,0,,,,,,,,,
12095769,2,2,5,6,7,,,,,,,,
12092918,0,0,0,3,,,,,,,,,
12092703,2,2,6,6,,,,,,,,,
12092720,1,1,6,5,2,,,,,,,,
12092796,2,2,7,6,,,,,,,,,
12084338,,,,,,,,,,,,,
12095411,2,2,6,6,6,,,10,,,,,
12095570,2,2,4,7,7,,,,7,7,,,
12084420,2,2,6,6,,,,,,,,,
12086016,2,2,6,6,,,,,,,,,
12086011,2,2,6,6,,,,,,,,,
12093075,0,0,6,4,,,,2,,,,,
12092779,2,2,6,7,,,,,,,,,
12086459,0,0,5,1,,,,,,,,,
12093068,2,2,6,6,,,,,,,,,
12093051,0,0,2,1,,,,,,,,,
12093083,0,0,1,3,,,,,,,,,
12093052,1,1,6,1,1,,,,,,,,
12093416,1,1,4,7,2,,,,13,,,,
12095440,2,2,6,6,,,,,,,,,
12095629,2,2,6,6,,,,,,,,,
12095577,0,0,3,5,,,,,,,,,
12095422,2,2,4,6,6,,,,,,,,
12097965,2,2,6,6,,,,,,,,,
12098297,1,1,7,4,,,,7,,,,,
12089582,0,0,1,5,,,,,,,,,
12089784,2,2,6,6,,,,,,,,,
12089573,2,2,6,6,,,,,,,,,
12093003,2,2,6,6,,,,,,,,,
12093085,2,2,6,6,,,,,,,,,
12093208,2,2,6,6,,,,,,,,,
12093189,2,2,6,6,,,,,,,,,
12084450,,,,,,,,,,,,,
12084440,,,,,,,,,,,,,
12095626,0,0,4,6,,,,,4,,,,
12095562,0,0,1,,,,,,,,,,
12090294,2,2,7,6,,,,7,,,,,
12090557,0,0,5,6,,,,,2,,,,
12090343,2,2,6,7,,,,,7,,,,
12090208,2,2,6,6,,,,,,,,,
12094021,0,0,6,4,,,,4,,,,,
12094044,2,2,2,6,6,,,,,,,,
12092780,0,0,4,3,,,,,,,,,
12092752,2,2,6,6,,,,,,,,,
12093058,2,2,6,6,,,,,,,,,
12092971,2,2,7,6,,,,7,,,,,
12095346,0,0,2,1,,,,,,,,,
12095413,2,2,6,6,,,,,,,,,
12091121,2,2,2,6,6,,,,,,,,
12091245,0,0,5,3,,,,,,,,,
12091226,0,0,3,4,,,,,,,,,
12091261,2,2,7,6,,,,7,,,,,
12094569,2,2,6,3,6,,,,,,,,
12094568,2,2,4,6,6,,,,,,,,
12086461,2,2,6,6,,,,,,,,,
12089519,2,2,6,3,6,,,,,,,,
12090050,2,2,6,6,,,,,,,,,
12090104,1,1,6,6,2,,,2,,,,,
12086597,1,1,1,7,2,,,,9,,,,
12090033,0,0,2,5,,,,,,,,,
12093384,2,2,6,3,6,,,,,,,,
12093133,0,0,2,6,,,,,2,,,,
12093570,2,2,6,6,6,,,,3,,,,
12093767,2,2,5,7,6,,,,7,,,,
12095897,2,2,2,7,6,,,,7,,,,
12096217,2,2,6,7,,,,,,,,,
12092723,2,2,7,3,6,,,7,,,,,
12092716,2,2,6,6,,,,,,,,,
12095423,0,0,3,5,,,,,,,,,
12092919,2,2,6,4,6,,,,,,,,
12092881,2,2,3,6,6,,,,,,,,
12092696,2,2,6,7,,,,,7,,,,
12093061,0,0,4,2,,,,,,,,,
12095523,0,0,6,4,,,,3,,,,,
12095410,0,0,6,3,,,,4,,,,,
12091132,0,0,2,5,,,,,,,,,
12091061,2,2,6,6,,,,,,,,,
12091008,0,0,2,2,,,,,,,,,
12091013,0,0,3,4,,,,,,,,,
12094566,2,2,6,6,,,,,,,,,
12094550,2,2,6,6,,,,,,,,,
12067211,1,1,6,4,4,,,,,,,,
12067220,2,2,6,1,6,,,,,,,,
12067214,2,2,6,3,6,,,,,,,,
12067215,2,2,2,6,6,,,,,,,,
12067209,0,0,5,0,,,,,,,,,
12067213,0,0,4,2,,,,,,,,,
12067165,2,2,7,6,,,,14,,,,,
12067169,1,1,4,6,3,,,,,,,,
12067158,2,2,7,6,,,,14,,,,,
12067187,0,0,4,6,,,,,4,,,,
12067201,2,2,7,4,7,,,,,7,,,
12067192,0,0,3,6,,,,,4,,,,
12067253,0,0,2,6,,,,,6,,,,
12067252,2,2,6,6,,,,,,,,,
12067268,2,2,4,7,7,,,,,,,,
12097137,2,2,6,6,,,,,,,,,
12097134,1,1,3,6,5,,,,,,,,
12097135,2,2,6,4,6,,,,,,,,
12097139,1,1,4,6,4,,,,,,,,
12097136,0,0,3,1,,,,,,,,,
12097140,2,2,6,6,,,,,,,,,
12097138,0,0,2,1,,,,,,,,,
12097141,0,0,1,,,,,,,,,,
12095972,2,2,6,6,,,,,,,,,
12095974,0,0,1,5,,,,,,,,,
12095977,2,2,1,6,6,,,,,,,,
12095976,0,0,6,1,,,,3,,,,,
12095973,2,2,7,6,,,,7,,,,,
12095978,2,2,6,6,,,,,,,,,
12095975,0,0,4,1,,,,,,,,,
12095971,2,2,7,6,,,,7,,,,,
12098080,2,2,5,6,6,,,,,,,,
12098028,2,2,7,6,,,,7,,,,,
12098091,1,1,7,2,1,,,7,,,,,
12098584,1,1,6,1,4,,,,,,,,
12097144,1,1,3,6,1,,,,,,,,
12097142,1,1,1,7,6,,,,,2,,,
12097146,2,2,6,5,6,,,,,,,,
12097148,,,,,,,,,,,,,
12097143,2,2,6,6,6,,,,3,,,,
12098903,0,0,3,2,,,,,,,,,
12097145,0,0,2,6,,,,,4,,,,
12097147,0,0,6,6,,,,10,6,,,,
12097149,2,2,6,7,,,,,7,,,,
12097163,2,2,6,6,,,,,,,,,
12097164,1,1,6,3,,,,,,,,,
12097162,0,0,3,3,,,,,,,,,
12097165,2,2,6,6,,,,,,,,,
12097167,2,2,6,7,,,,,7,,,,
12097166,2,2,7,7,,,,,,,,,
12097171,2,2,6,7,,,,,,,,,
12097168,0,0,3,4,,,,,,,,,
12097169,2,2,7,3,6,,,7,,,,,
12097170,0,0,3,4,,,,,,,,,
12097172,2,2,6,6,,,,,,,,,
12097173,0,0,2,0,,,,,,,,,
12097131,0,0,4,3,,,,,,,,,
12097118,0,0,5,3,,,,,,,,,
12097119,1,1,7,6,1,,,,4,,,,
12097128,0,0,4,1,,,,,,,,,
12097125,2,2,5,6,6,,,,,,,,
12097129,2,2,7,7,,,,,,,,,
12097124,2,2,6,6,,,,,,,,,
12097123,2,2,6,6,,,,,,,,,
12097122,2,2,6,6,,,,,,,,,
12097126,0,0,3,2,,,,,,,,,
12097130,2,2,6,6,,,,,,,,,
12097127,1,1,1,7,4,,,,9,,,,
12067358,1,1,5,6,5,,,,,,,,
12067354,2,2,3,6,7,,,,,7,,,
12067362,1,1,6,2,5,,,,,,,,
12067349,0,0,6,6,,,,5,3,,,,
12067350,2,2,6,7,,,,,7,,,,
12067346,0,0,3,3,,,,,,,,,
12067306,2,2,4,6,7,,,,,7,,,
12067304,0,0,5,6,,,,,6,,,,
12067305,2,2,4,6,6,,,,,,,,
12067302,1,1,6,6,6,,,,5,5,,,
12067328,0,0,6,2,,,,4,,,,,
12067326,1,1,3,6,2,,,,,,,,
12067342,2,2,6,6,,,,,,,,,
12067335,2,2,6,6,,,,,,,,,
12067340,2,2,6,6,,,,,,,,,
12099689,2,2,7,6,6,,,7,5,,,,
12099681,0,0,1,0,,,,,,,,,
12099688,2,2,6,6,,,,,,,,,
12099690,2,2,7,6,,,,7,,,,,
12099697,2,2,6,6,,,,,,,,,
12099691,0,0,2,1,,,,,,,,,
12099695,0,0,1,4,,,,,,,,,
12099698,1,1,7,6,2,,,7,6,,,,
12099705,0,0,1,0,,,,,,,,,
12099704,2,2,6,6,,,,,,,,,
12099696,2,2,6,6,,,,,,,,,
12099703,1,1,4,6,3,,,,,,,,
12099606,2,2,6,6,6,,,,5,,,,
12099607,0,0,2,2,,,,,,,,,
12099625,0,0,3,2,,,,,,,,,
12099626,2,2,7,6,,,,,,,,,
12099624,0,0,6,3,,,,0,,,,,
12099634,2,2,6,7,,,,,,,,,
12099633,0,0,5,,,,,,,,,,
12098837,2,2,6,6,,,,,,,,,
12098840,2,2,6,5,6,,,,,,,,
12098847,1,1,7,1,,,,7,,,,,
12098839,2,2,6,6,,,,,,,,,
12098846,0,0,3,2,,,,,,,,,
12098836,1,1,3,6,6,,,,,4,,,
12098841,2,2,6,7,,,,,7,,,,
12098842,0,0,2,4,,,,,,,,,
12098838,0,0,3,3,,,,,,,,,
12098845,0,0,3,0,,,,,,,,,
12098844,0,0,3,4,,,,,,,,,
12098843,1,1,6,4,2,,,,,,,,
12100048,2,2,6,7,,,,,7,,,,
12100040,0,0,4,5,,,,,,,,,
12100045,2,2,6,6,6,,,,8,,,,
12100047,0,0,4,2,,,,,,,,,
12100049,2,2,6,6,,,,,,,,,
12100043,0,0,2,2,,,,,,,,,
12100052,0,0,4,4,,,,,,,,,
12067287,2,2,7,6,,,,,,,,,
12067292,0,0,2,1,,,,,,,,,
12067286,2,2,4,6,6,,,,,,,,
12067289,1,1,6,1,2,,,,,,,,
12067290,0,0,2,2,,,,,,,,,
12067288,2,2,6,6,,,,,,,,,
12095412,0,0,1,0,,,,,,,,,
12095657,0,0,2,3,,,,,,,,,
12098033,1,1,6,6,5,,,,1,,,,
12095718,2,2,7,6,,,,8,,,,,
12095360,0,0,4,6,,,,,1,,,,
12095231,2,2,6,6,,,,,,,,,
12095628,2,2,6,6,,,,,,,,,
12098083,2,2,6,6,,,,,,,,,
12098082,2,2,6,6,,,,,,,,,
12098854,1,1,6,2,3,,,,,,,,
12095359,0,0,5,2,,,,,,,,,
12095630,1,1,6,6,2,,,,5,,,,
12098605,2,2,3,6,6,,,,,,,,
12094587,0,0,2,5,,,,,,,,,
12094775,1,1,3,6,3,,,,,,,,
12097161,2,2,6,7,6,,,4,7,,,,
12093724,1,1,6,3,4,,,,,,,,
12093818,2,2,6,7,,,,,,,,,
12093760,1,1,3,7,1,,,,,,,,
12093777,2,2,7,7,,,,,7,,,,
12096061,0,0,1,2,,,,,,,,,
12096338,1,1,3,6,2,,,,,,,,
12095304,0,0,1,1,,,,,,,,,
12095318,2,2,6,6,,,,,,,,,
12097983,0,0,3,3,,,,,,,,,
12094567,0,0,5,4,,,,,,,,,
12094629,2,2,7,7,,,,7,7,,,,
12097231,2,2,7,6,,,,7,,,,,
12093686,0,0,5,,,,,,,,,,
12093074,1,1,4,6,4,,,,,,,,
12095992,2,2,6,7,,,,,7,,,,
12095739,2,2,4,7,6,,,,7,,,,
12099275,0,0,6,3,,,,5,,,,,
12093368,2,2,5,6,7,,,,,7,,,
12093713,0,0,4,4,,,,,,,,,
12093729,0,0,6,2,,,,6,,,,,
12096060,2,2,6,6,,,,,,,,,
12098312,2,2,6,6,,,,,,,,,
12093647,2,2,6,6,,,,,,,,,
12093759,2,2,7,1,7,,,7,,7,,,
12093861,2,2,6,7,,,,,7,,,,
12093902,0,0,2,0,,,,,,,,,
12096221,0,0,3,5,,,,,,,,,
12096055,2,2,6,6,,,,,,,,,
12095710,0,0,3,0,,,,,,,,,
12095769,2,2,5,6,7,,,,,,,,
12098597,2,2,6,4,6,,,,,,,,
12095411,2,2,6,6,6,,,10,,,,,
12095570,2,2,4,7,7,,,,7,7,,,
12098960,0,0,0,2,,,,,,,,,
12095440,2,2,6,6,,,,,,,,,
12095629,2,2,6,6,,,,,,,,,
12095577,0,0,3,5,,,,,,,,,
12095422,2,2,4,6,6,,,,,,,,
12097965,2,2,6,6,,,,,,,,,
12098297,1,1,7,4,,,,7,,,,,
12098995,0,0,2,,,,,,,,,,
12095626,0,0,4,6,,,,,4,,,,
12095562,0,0,1,,,,,,,,,,
12098589,2,2,7,6,,,,,,,,,
12094021,0,0,6,4,,,,4,,,,,
12094044,2,2,2,6,6,,,,,,,,
12096370,0,0,2,2,,,,,,,,,
12095346,0,0,2,1,,,,,,,,,
12095413,2,2,6,6,,,,,,,,,
12098190,0,0,2,1,,,,,,,,,
12094569,2,2,6,3,6,,,,,,,,
12094568,2,2,4,6,6,,,,,,,,
12097188,2,2,7,7,,,,9,,,,,
12093133,0,0,2,6,,,,,2,,,,
12093570,2,2,6,6,6,,,,3,,,,
12093767,2,2,5,7,6,,,,7,,,,
12095897,2,2,2,7,6,,,,7,,,,
12096217,2,2,6,7,,,,,,,,,
12098997,2,2,7,6,,,,7,,,,,
12095423,0,0,3,5,,,,,,,,,
12095523,0,0,6,4,,,,3,,,,,
12095410,0,0,6,3,,,,4,,,,,
12098214,1,1,6,5,4,,,,,,,,
12094566,2,2,6,6,,,,,,,,,
12094550,2,2,6,6,,,,,,,,,
12097150,2,2,6,6,,,,,,,,,
12099191,0,0,0,4,,,,,,,,,
12099201,0,0,2,0,,,,,,,,,
12099161,1,1,2,6,7,,,,,,,,
12099203,2,2,6,6,,,,,,,,,
12099188,2,2,4,6,10,,,,,,,,
12099205,2,2,6,6,,,,,,,,,
12099207,2,2,6,6,,,,,,,,,
12099202,1,1,6,2,5,,,,,,,,
12099209,0,0,5,4,,,,,,,,,
12099212,2,2,6,2,10,,,,,,,,
12099165,0,0,0,1,,,,,,,,,
12099172,0,0,3,4,,,,,,,,,
12099189,1,1,7,3,6,,,,,,,,
12099176,0,0,3,3,,,,,,,,,
12099190,0,0,3,2,,,,,,,,,
12099163,0,0,1,1,,,,,,,,,
12099184,0,0,3,2,,,,,,,,,
12099180,2,2,6,6,,,,,,,,,
12099178,2,2,6,6,,,,,,,,,
12099196,0,0,2,2,,,,,,,,,
12099185,2,2,6,6,,,,,,,,,
12099214,2,2,6,6,,,,,,,,,
12099195,2,2,6,6,,,,,,,,,
12099171,2,2,7,6,,,,,,,,,
12099160,0,0,0,1,,,,,,,,,
12099210,0,0,4,1,,,,,,,,,
12099162,2,2,6,6,,,,,,,,,
12099206,2,2,6,6,,,,,,,,,
12099186,2,2,6,6,,,,,,,,,
12099166,2,2,6,6,,,,,,,,,
12099177,2,2,6,6,,,,,,,,,
12099208,0,0,4,3,,,,,,,,,
12099652,0,0,3,2,,,,,,,,,
12099654,2,2,6,6,,,,,,,,,
12099650,2,2,6,6,,,,,,,,,
12099655,2,2,6,6,,,,,,,,,
12099666,0,0,3,6,,,,,,,,,
12099660,,,,,,,,,,,,,
12099662,0,0,0,0,,,,,,,,,
12099659,,,,,,,,,,,,,
12099657,0,0,3,3,,,,,,,,,
12099665,0,0,3,4,,,,,,,,,
12099250,2,2,6,4,10,,,,,,,,
12099252,2,2,7,7,,,,,,,,,
12099255,0,0,2,1,,,,,,,,,
12099239,0,0,3,6,,,,,,,,,
12099253,0,0,1,2,,,,,,,,,
12099266,,,,,,,,,,,,,
12099260,0,0,1,0,,,,,,,,,
12099261,2,2,6,6,,,,,,,,,
12099242,2,2,6,6,,,,,,,,,
12099249,0,0,2,1,,,,,,,,,
12099254,0,0,1,1,,,,,,,,,
12099267,2,2,6,6,,,,,,,,,
12101132,2,2,6,6,,,,,,,,,
12099262,2,2,7,6,,,,,,,,,
12099265,2,2,6,6,,,,,,,,,
12099258,,,,,,,,,,,,,
12099245,2,2,6,6,,,,,,,,,
12099243,0,0,0,2,,,,,,,,,
12099248,0,0,0,3,,,,,,,,,
12099238,,,,,,,,,,,,,
12099240,2,2,6,6,,,,,,,,,
12099237,2,2,6,6,,,,,,,,,
12099256,2,2,6,6,,,,,,,,,
12099264,2,2,6,7,,,,,,,,,
12099244,2,2,6,6,,,,,,,,,
12099259,0,0,0,0,,,,,,,,,
12099263,0,0,2,3,,,,,,,,,
12099251,0,0,2,0,,,,,,,,,
12099247,2,2,6,6,,,,,,,,,
12099257,0,0,0,1,,,,,,,,,
12099246,2,2,6,6,,,,,,,,,
12099268,,,,,,,,,,,,,
12099241,0,0,5,3,,,,,,,,,
12099466,2,2,7,6,,,,7,,,,,
12099467,2,2,6,6,,,,,,,,,
12099473,2,2,6,3,10,,,,,,,,
12099470,2,2,6,6,,,,,,,,,
12099471,2,2,6,6,,,,,,,,,
12099469,2,2,6,6,,,,,,,,,
12099468,2,2,6,6,,,,,,,,,
12099544,2,2,4,6,10,,,,,,,,
12099538,2,2,6,6,,,,,,,,,
12099546,0,0,1,5,,,,,,,,,
12099519,0,0,5,5,,,,,,,,,
12099534,0,0,2,1,,,,,,,,,
12099518,0,0,0,2,,,,,,,,,
12099528,2,2,6,6,,,,,,,,,
12099537,1,1,3,7,7,,,,,,,,
12099513,2,2,6,7,,,,,,,,,
12099542,2,2,6,6,,,,,,,,,
12099521,,,,,,,,,,,,,
12099511,0,0,6,4,,,,,,,,,
12099529,2,2,7,6,,,,,,,,,
12099523,2,2,4,6,10,,,,,,,,
12099535,0,0,0,2,,,,,,,,,
12099545,2,2,6,6,,,,,,,,,
12099515,2,2,6,6,,,,,,,,,
12099522,2,2,6,2,12,,,,,,,,
12099527,1,1,6,2,8,,,,,,,,
12099533,2,2,6,4,10,,,,,,,,
12099539,0,0,3,3,,,,,,,,,
12099531,0,0,3,2,,,,,,,,,
12099543,2,2,6,6,,,,,,,,,
12099536,2,2,6,6,,,,,,,,,
12099532,0,0,1,2,,,,,,,,,
12099514,0,0,4,2,,,,,,,,,
12099548,0,0,4,1,,,,,,,,,
12099551,2,2,6,6,,,,,,,,,
12099525,1,1,5,7,5,,,,,,,,
12099549,1,1,4,7,9,,,,,,,,
12099540,2,2,7,7,,,,,,,,,
12099516,0,0,2,4,,,,,,,,,
12098343,1,1,6,1,8,,,,,,,,
12098356,0,0,0,4,,,,,,,,,
12098355,2,2,7,6,,,,7,,,,,
12098353,1,1,7,4,2,,,7,,,,,
12098349,2,2,6,6,14,,,4,,,,,
12098345,0,0,1,1,,,,,,,,,
12098342,2,2,7,6,,,,,,,,,
12098354,2,2,6,6,,,,,,,,,
12098348,1,1,7,2,4,,,,,,,,
12098363,2,2,6,6,,,,,,,,,
12098359,1,1,2,7,9,,,,7,,,,
12098357,0,0,6,1,,,,5,,,,,
12098358,2,2,6,6,,,,,,,,,
12098344,2,2,6,6,,,,,,,,,
12098352,0,0,2,2,,,,,,,,,
12098346,0,0,6,1,,,,5,,,,,
12099340,2,2,5,7,10,,,,,,,,
12099319,2,2,4,6,10,,,,,,,,
12099331,2,2,6,6,,,,,,,,,
12099325,2,2,6,6,10,,,,,,,,
12099347,0,0,3,4,,,,,,,,,
12099344,2,2,6,6,,,,,,,,,
12099333,2,2,6,6,,,,,,,,,
12101012,1,1,3,6,8,,,,,,,,
12099342,,,,,,,,,,,,,
12099338,,,,,,,,,,,,,
12099336,2,2,6,6,,,,,,,,,
12099339,0,0,3,0,,,,,,,,,
12099321,2,2,6,6,,,,,,,,,
12099320,1,1,3,6,3,,,,,,,,
12099343,,,,,,,,,,,,,
12099384,0,0,0,2,,,,,,,,,
12101870,2,2,6,6,,,,,,,,,
12099326,2,2,6,6,,,,,,,,,
12099349,,,,,,,,,,,,,
12099346,2,2,7,6,,,,,,,,,
12099329,2,2,7,4,10,,,,,,,,
12099337,0,0,2,3,,,,,,,,,
12099323,2,2,6,6,,,,,,,,,
12099334,0,0,2,3,,,,,,,,,
12099348,0,0,2,2,,,,,,,,,
12099350,1,1,4,7,5,,,,,,,,
12099322,0,0,1,4,,,,,,,,,
12099328,0,0,6,0,,,,,,,,,
12099332,,,,,,,,,,,,,
12099341,2,2,6,6,,,,,,,,,
12097736,2,2,7,6,,,,,,,,,
12097757,0,0,3,2,,,,,,,,,
12097753,0,0,2,2,,,,,,,,,
12097739,0,0,5,0,,,,,,,,,
12097766,2,2,6,7,,,,,,,,,
12097750,2,2,6,4,14,,,,,,,,
12097737,2,2,6,6,,,,,,,,,
12097746,1,1,6,3,6,,,,,,,,
12097738,0,0,3,1,,,,,,,,,
12097745,2,2,6,6,,,,,,,,,
12097763,2,2,6,6,,,,,,,,,
12097765,2,2,7,6,,,,,,,,,
12097764,2,2,6,2,10,,,,,,,,
12097756,2,2,7,6,,,,,,,,,
12097755,1,1,5,6,8,,,,,,,,
12097740,1,1,6,3,5,,,,,,,,
12100097,0,0,0,1,,,,,,,,,
12100077,2,2,6,4,10,,,,,,,,
12100078,2,2,6,6,,,,,,,,,
12100104,0,0,0,3,,,,,,,,,
12100068,2,2,6,6,,,,,,,,,
12100095,,,,,,,,,,,,,
12100070,0,0,3,5,,,,,,,,,
12100101,2,2,6,6,,,,,,,,,
12100082,2,2,6,6,,,,,,,,,
12100089,2,2,6,6,,,,,,,,,
12100109,2,2,6,6,,,,,,,,,
12100076,0,0,6,6,,,,,,,,,
12100103,0,0,1,2,,,,,,,,,
12100075,0,0,2,1,,,,,,,,,
12100112,0,0,2,1,,,,,,,,,
12100111,2,2,7,7,,,,,,,,,
12100108,0,0,3,2,,,,,,,,,
12100072,2,2,6,6,,,,,,,,,
12099438,1,1,6,2,6,,,,,,,,
12099422,2,2,6,6,,,,,,,,,
12099430,2,2,6,6,,,,,,,,,
12099420,0,0,0,3,,,,,,,,,
12099429,2,2,6,6,,,,,,,,,
12099437,2,2,6,6,,,,,,,,,
12099424,2,2,6,6,,,,,,,,,
12099444,2,2,7,6,,,,,,,,,
12099440,1,1,4,6,9,,,,,,,,
12099426,,,,,,,,,,,,,
12099434,2,2,7,7,,,,,,,,,
12099441,0,0,0,1,,,,,,,,,
12099416,2,2,7,6,,,,,,,,,
12099439,0,0,3,6,,,,,,,,,
12099435,2,2,3,7,10,,,,,,,,
12099418,2,2,6,6,,,,,,,,,
12099413,0,0,0,0,,,,,,,,,
12099414,0,0,4,4,,,,,,,,,
12099442,1,1,6,5,7,,,,,,,,
12099432,2,2,6,6,,,,,,,,,
12099443,0,0,4,4,,,,,,,,,
12099417,2,2,6,6,,,,,,,,,
12099433,2,2,6,6,,,,,,,,,
12099200,0,0,3,5,,,,,,,,,
12099173,0,0,3,2,,,,,,,,,
12099159,2,2,6,0,10,,,,,,,,
12099198,2,2,6,6,,,,,,,,,
12099170,0,0,3,3,,,,,,,,,
12099187,0,0,1,0,,,,,,,,,
12099167,0,0,0,0,,,,,,,,,
12099179,1,1,6,1,3,,,,,,,,
12099199,2,2,6,6,,,,,,,,,
12099158,1,1,6,3,8,,,,,,,,
12099155,,,,,,,,,,,,,
12099211,1,1,6,4,5,,,,,,,,
12099197,2,2,7,6,,,,,,,,,
12099174,0,0,5,2,,,,,,,,,
12099156,0,0,1,0,,,,,,,,,
12099154,0,0,1,3,,,,,,,,,
12099193,0,0,6,4,,,,,,,,,
12099169,2,2,6,6,,,,,,,,,
12099192,2,2,6,6,,,,,,,,,
12099164,0,0,0,0,,,,,,,,,
12099157,0,0,2,6,,,,,,,,,
12099182,2,2,6,6,,,,,,,,,
12099181,,,,,,,,,,,,,
12099183,0,0,2,2,,,,,,,,,
12099194,2,2,6,6,,,,,,,,,
12099153,0,0,0,3,,,,,,,,,
12099175,0,0,5,1,,,,,,,,,
12099168,0,0,3,5,,,,,,,,,
12099204,0,0,2,4,,,,,,,,,
12098630,0,0,2,2,,,,,,,,,
12098634,2,2,6,6,,,,,,,,,
12098636,2,2,7,6,,,,,,,,,
12098640,2,2,6,7,,,,,,,,,
12098643,0,0,1,2,,,,,,,,,
12098631,2,2,6,6,,,,,,,,,
12098628,2,2,6,6,,,,,,,,,
12098641,0,0,4,4,,,,,,,,,
12098632,2,2,6,6,,,,,,,,,
12098635,0,0,2,0,,,,,,,,,
12098642,1,1,5,6,8,,,,,,,,
12098633,2,2,6,6,,,,,,,,,
12098638,0,0,1,3,,,,,,,,,
12098629,0,0,2,3,,,,,,,,,
12098639,0,0,0,4,,,,,,,,,
12098637,2,2,6,6,,,,,,,,,
12098241,2,2,6,2,10,,,,,,,,
12098235,1,1,6,1,4,,,,,,,,
12098233,0,0,1,3,,,,,,,,,
12098236,2,2,6,6,,,,,,,,,
12098234,0,0,1,0,,,,,,,,,
12098239,2,2,7,6,,,,,,,,,
12098237,0,0,2,5,,,,,,,,,
12098238,0,0,0,0,,,,,,,,,
12099558,2,2,6,6,7,,,5,,,,,
12099556,2,2,6,6,,,,,,,,,
12099555,0,0,1,3,,,,,,,,,
12099559,2,2,6,6,,,,,,,,,
12099553,2,2,6,6,,,,,,,,,
12099563,2,2,6,7,,,,,,,,,
12099577,0,0,1,0,,,,,,,,,
12099562,0,0,0,0,,,,,,,,,
12099579,0,0,1,1,,,,,,,,,
12099573,2,2,6,6,,,,,,,,,
12099586,1,1,6,6,6,,,,,,,,
12099567,1,1,4,6,6,,,,,,,,
12099583,0,0,3,4,,,,,,,,,
12099589,0,0,4,6,,,,,,,,,
12099564,0,0,5,1,,,,,,,,,
12099587,0,0,2,0,,,,,,,,,
12099592,2,2,3,6,10,,,,,,,,
12099576,2,2,1,6,10,,,,,,,,
12099585,2,2,6,6,,,,,,,,,
12099580,,,,,,,,,,,,,
12101268,2,2,6,6,,,,,,,,,
12099561,2,2,6,6,10,,,,,,,,
12099572,0,0,4,5,,,,,,,,,
12099570,2,2,6,6,,,,,,,,,
12099591,0,0,1,0,,,,,,,,,
12099575,0,0,2,0,,,,,,,,,
12099571,2,2,6,6,,,,,,,,,
12099569,2,2,6,4,10,,,,,,,,
12099578,2,2,6,6,,,,,,,,,
12099565,0,0,4,3,,,,,,,,,
12099588,2,2,7,6,,,,,,,,,
12099590,2,2,6,2,10,,,,,,,,
12099568,0,0,2,3,,,,,,,,,
12099582,2,2,6,6,,,,,,,,,
12099581,0,0,3,4,,,,,,,,,
12099566,0,0,4,2,,,,,,,,,
12099574,0,0,4,4,,,,,,,,,
12099584,0,0,3,3,,,,,,,,,
12099512,2,2,6,6,,,,,,,,,
12099541,2,2,6,0,10,,,,,,,,
12099526,2,2,7,0,10,,,,,,,,
12099524,1,1,4,6,5,,,,,,,,
12099547,,,,,,,,,,,,,
12099530,,,,,,,,,,,,,
12099550,1,1,7,4,7,,,,,,,,
12099510,1,1,2,6,7,,,,,,,,
12099517,1,1,6,1,4,,,,,,,,
12099520,2,2,6,6,,,,,,,,,
12098361,2,2,6,6,,,,,,,,,
12098350,2,2,6,6,,,,,,,,,
12098351,1,1,6,6,7,,,3,,,,,
12098362,,,,,,,,,,,,,
12098360,0,0,2,1,,,,,,,,,
12098347,2,2,6,7,,,,,,,,,
12099098,,,,,,,,,,,,,
12099095,2,2,6,7,,,,,7,,,,
12099099,2,2,6,6,,,,,,,,,
12099091,2,2,6,6,,,,,,,,,
12099097,0,0,0,2,,,,,,,,,
12099092,2,2,6,6,,,,,,,,,
12099096,2,2,6,7,,,,,,,,,
12099093,2,2,6,6,,,,,,,,,
12099094,0,0,0,1,,,,,,,,,
12099357,0,0,4,0,,,,,,,,,
12099355,0,0,2,2,,,,,,,,,
12099361,2,2,7,6,,,,,,,,,
12099362,2,2,2,6,10,,,,,,,,
12099358,2,2,6,1,10,,,,,,,,
12099359,,,,,,,,,,,,,
12099353,2,2,6,3,10,,,,,,,,
12099360,2,2,6,6,,,,,,,,,
12099354,2,2,6,6,,,,,,,,,
12099356,2,2,6,6,,,,,,,,,
12097741,0,0,2,2,,,,,,,,,
12097742,0,0,3,0,,,,,,,,,
12097744,1,1,7,2,3,,,,,,,,
12097751,2,2,6,6,,,,,,,,,
12097761,2,2,6,6,,,,,,,,,
12097762,0,0,2,2,,,,,,,,,
12097748,0,0,1,2,,,,,,,,,
12097767,2,2,6,6,,,,,,,,,
12097749,2,2,1,6,10,,,,,,,,
12097743,2,2,5,6,10,,,,,,,,
12097759,0,0,0,0,,,,,,,,,
12097752,0,0,3,2,,,,,,,,,
12097758,,,,,,,,,,,,,
12097760,2,2,6,6,,,,,,,,,
12097747,1,1,6,6,7,,,,,,,,
12097754,0,0,3,3,,,,,,,,,
12098339,,,,,,,,,,,,,
12098338,,,,,,,,,,,,,
12098334,,,,,,,,,,,,,
12102031,,,,,,,,,,,,,
12067209,0,0,5,0,,,,,,,,,
12067213,0,0,4,2,,,,,,,,,
12067207,0,0,2,1,,,,,,,,,
12067158,2,2,7,6,,,,14,,,,,
12067192,0,0,3,6,,,,,4,,,,
12067268,2,2,4,7,7,,,,,,,,
12097137,2,2,6,6,,,,,,,,,
12097134,1,1,3,6,5,,,,,,,,
12097135,2,2,6,4,6,,,,,,,,
12097139,1,1,4,6,4,,,,,,,,
12097136,0,0,3,1,,,,,,,,,
12097140,2,2,6,6,,,,,,,,,
12097138,0,0,2,1,,,,,,,,,
12097141,0,0,1,,,,,,,,,,
12100804,1,1,6,3,3,,,,,,,,
12100801,1,1,5,6,0,,,,,,,,
12100805,2,2,4,6,7,,,,,7,,,
12100830,2,2,6,1,6,,,,,,,,
12098080,2,2,5,6,6,,,,,,,,
12098028,2,2,7,6,,,,7,,,,,
12098091,1,1,7,2,1,,,7,,,,,
12098584,1,1,6,1,4,,,,,,,,
12097144,1,1,3,6,1,,,,,,,,
12097142,1,1,1,7,6,,,,,2,,,
12097146,2,2,6,5,6,,,,,,,,
12097148,,,,,,,,,,,,,
12097143,2,2,6,6,6,,,,3,,,,
12098903,0,0,3,2,,,,,,,,,
12097145,0,0,2,6,,,,,4,,,,
12097147,0,0,6,6,,,,10,6,,,,
12097149,2,2,6,7,,,,,7,,,,
12099852,2,2,6,6,,,,,,,,,
12099891,2,2,6,6,,,,,,,,,
12099968,0,0,4,4,,,,,,,,,
12100114,0,0,4,4,,,,,,,,,
12097163,2,2,6,6,,,,,,,,,
12097164,1,1,6,3,,,,,,,,,
12097162,0,0,3,3,,,,,,,,,
12097165,2,2,6,6,,,,,,,,,
12097167,2,2,6,7,,,,,7,,,,
12097166,2,2,7,7,,,,,,,,,
12097171,2,2,6,7,,,,,,,,,
12097168,0,0,3,4,,,,,,,,,
12097169,2,2,7,3,6,,,7,,,,,
12097170,0,0,3,4,,,,,,,,,
12097172,2,2,6,6,,,,,,,,,
12097173,0,0,2,0,,,,,,,,,
12100267,2,2,6,6,,,,,,,,,
12099895,0,0,3,4,,,,,,,,,
12100059,1,1,6,2,4,,,,,,,,
12100791,0,0,6,4,,,,4,,,,,
12100831,2,2,6,6,,,,,,,,,
12100807,2,2,6,6,,,,,,,,,
12097131,0,0,4,3,,,,,,,,,
12097118,0,0,5,3,,,,,,,,,
12097119,1,1,7,6,1,,,,4,,,,
12097128,0,0,4,1,,,,,,,,,
12097125,2,2,5,6,6,,,,,,,,
12097129,2,2,7,7,,,,,,,,,
12097124,2,2,6,6,,,,,,,,,
12097123,2,2,6,6,,,,,,,,,
12097122,2,2,6,6,,,,,,,,,
12097126,0,0,3,2,,,,,,,,,
12097130,2,2,6,6,,,,,,,,,
12097127,1,1,1,7,4,,,,9,,,,
12100057,2,2,1,6,6,,,,,,,,
12099893,0,0,4,6,,,,,4,,,,
12099894,1,1,3,6,4,,,,,,,,
12100133,0,0,1,2,,,,,,,,,
12100058,1,1,7,2,,,,,,,,,
12100802,2,2,6,7,,,,,8,,,,
12099908,,,,,,,,,,,,,
12099897,,,,,,,,,,,,,
12099907,,,,,,,,,,,,,
12099900,,,,,,,,,,,,,
12099896,,,,,,,,,,,,,
12099899,,,,,,,,,,,,,
12099616,,,,,,,,,,,,,
12099029,0,0,0,,,,,,,,,,
12099028,,,,,,,,,,,,,
12099025,,,,,,,,,,,,,
12099027,,,,,,,,,,,,,
12067350,2,2,6,7,,,,,7,,,,
12067346,0,0,3,3,,,,,,,,,
12067365,2,2,7,7,,,,,,,,,
12067302,1,1,6,6,6,,,,5,5,,,
12067335,2,2,6,6,,,,,,,,,
12067340,2,2,6,6,,,,,,,,,
12100224,,,,,,,,,,,,,
12100233,,,,,,,,,,,,,
12100239,,,,,,,,,,,,,
12100226,,,,,,,,,,,,,
12099689,2,2,7,6,6,,,7,5,,,,
12099681,0,0,1,0,,,,,,,,,
12099688,2,2,6,6,,,,,,,,,
12099690,2,2,7,6,,,,7,,,,,
12099697,2,2,6,6,,,,,,,,,
12099691,0,0,2,1,,,,,,,,,
12099695,0,0,1,4,,,,,,,,,
12099698,1,1,7,6,2,,,7,6,,,,
12099705,0,0,1,0,,,,,,,,,
12099704,2,2,6,6,,,,,,,,,
12099696,2,2,6,6,,,,,,,,,
12099703,1,1,4,6,3,,,,,,,,
12101940,,,,,,,,,,,,,
12102203,,,,,,,,,,,,,
12102201,,,,,,,,,,,,,
12101941,,,,,,,,,,,,,
12102208,,,,,,,,,,,,,
12102205,,,,,,,,,,,,,
12099606,2,2,6,6,6,,,,5,,,,
12099607,0,0,2,2,,,,,,,,,
12099625,0,0,3,2,,,,,,,,,
12099626,2,2,7,6,,,,,,,,,
12099624,0,0,6,3,,,,0,,,,,
12099634,2,2,6,7,,,,,,,,,
12099633,0,0,5,,,,,,,,,,
12099643,0,0,4,4,,,,,,,,,
12099632,2,2,6,6,,,,,,,,,
12099642,2,2,7,7,,,,7,7,,,,
12099631,2,2,6,7,,,,,7,,,,
12099641,1,1,7,3,4,,,7,,,,,
12102334,,,,,,,,,,,,,
12101942,,,,,,,,,,,,,
12102333,,,,,,,,,,,,,
12102336,,,,,,,,,,,,,
12102796,,,,,,,,,,,,,
12102520,,,,,,,,,,,,,
12098837,2,2,6,6,,,,,,,,,
12098840,2,2,6,5,6,,,,,,,,
12098847,1,1,7,1,,,,7,,,,,
12098839,2,2,6,6,,,,,,,,,
12098846,0,0,3,2,,,,,,,,,
12098836,1,1,3,6,6,,,,,4,,,
12098841,2,2,6,7,,,,,7,,,,
12098842,0,0,2,4,,,,,,,,,
12098838,0,0,3,3,,,,,,,,,
12098845,0,0,3,0,,,,,,,,,
12098844,0,0,3,4,,,,,,,,,
12098843,1,1,6,4,2,,,,,,,,
12101803,1,1,2,6,5,,,,,,,,
12100958,1,1,4,6,3,,,,,,,,
12101054,0,0,1,5,,,,,,,,,
12102021,0,0,2,,,,,,,,,,
12101928,0,0,2,,,,,,,,,,
12102044,0,0,1,,,,,,,,,,
12100048,2,2,6,7,,,,,7,,,,
12100040,0,0,4,5,,,,,,,,,
12100045,2,2,6,6,6,,,,8,,,,
12100047,0,0,4,2,,,,,,,,,
12100049,2,2,6,6,,,,,,,,,
12100043,0,0,2,2,,,,,,,,,
12100052,0,0,4,4,,,,,,,,,
12100051,2,2,6,6,,,,,,,,,
12100044,1,1,7,6,2,,,7,7,,,,
12100053,2,2,7,6,,,,7,,,,,
12100050,0,0,4,4,,,,,,,,,
12100042,0,0,4,1,,,,,,,,,
12102726,,,,,,,,,,,,,
12102337,,,,,,,,,,,,,
12102332,,,,,,,,,,,,,
12102728,,,,,,,,,,,,,
12102335,,,,,,,,,,,,,
12102727,,,,,,,,,,,,,
12067290,0,0,2,2,,,,,,,,,
12067288,2,2,6,6,,,,,,,,,
12067280,2,2,5,6,6,,,,,,,,
12098033,1,1,6,6,5,,,,1,,,,
12098083,2,2,6,6,,,,,,,,,
12098082,2,2,6,6,,,,,,,,,
12098854,1,1,6,2,3,,,,,,,,
12098605,2,2,3,6,6,,,,,,,,
12097161,2,2,6,7,6,,,4,7,,,,
12096061,0,0,1,2,,,,,,,,,
12096338,1,1,3,6,2,,,,,,,,
12099794,2,2,3,7,6,,,,7,,,,
12097983,0,0,3,3,,,,,,,,,
12097231,2,2,7,6,,,,7,,,,,
12095739,2,2,4,7,6,,,,7,,,,
12099275,0,0,6,3,,,,5,,,,,
12098312,2,2,6,6,,,,,,,,,
12098852,0,0,3,0,,,,,,,,,
12096221,0,0,3,5,,,,,,,,,
12096055,2,2,6,6,,,,,,,,,
12099504,,,,,,,,,,,,,
12098597,2,2,6,4,6,,,,,,,,
12098960,0,0,0,2,,,,,,,,,
12097965,2,2,6,6,,,,,,,,,
12098297,1,1,7,4,,,,7,,,,,
12098995,0,0,2,,,,,,,,,,
12098589,2,2,7,6,,,,,,,,,
12096370,0,0,2,2,,,,,,,,,
12098190,0,0,2,1,,,,,,,,,
12097188,2,2,7,7,,,,9,,,,,
12096217,2,2,6,7,,,,,,,,,
12098997,2,2,7,6,,,,7,,,,,
12098214,1,1,6,5,4,,,,,,,,
12097150,2,2,6,6,,,,,,,,,
12099191,0,0,0,4,,,,,,,,,
12099201,0,0,2,0,,,,,,,,,
12099161,1,1,2,6,7,,,,,,,,
12099203,2,2,6,6,,,,,,,,,
12099188,2,2,4,6,10,,,,,,,,
12099205,2,2,6,6,,,,,,,,,
12099207,2,2,6,6,,,,,,,,,
12099202,1,1,6,2,5,,,,,,,,
12099209,0,0,5,4,,,,,,,,,
12099212,2,2,6,2,10,,,,,,,,
12099165,0,0,0,1,,,,,,,,,
12099172,0,0,3,4,,,,,,,,,
12099189,1,1,7,3,6,,,,,,,,
12099176,0,0,3,3,,,,,,,,,
12099190,0,0,3,2,,,,,,,,,
12099163,0,0,1,1,,,,,,,,,
12099184,0,0,3,2,,,,,,,,,
12099180,2,2,6,6,,,,,,,,,
12099178,2,2,6,6,,,,,,,,,
12099196,0,0,2,2,,,,,,,,,
12099185,2,2,6,6,,,,,,,,,
12099214,2,2,6,6,,,,,,,,,
12099195,2,2,6,6,,,,,,,,,
12099171,2,2,7,6,,,,,,,,,
12099160,0,0,0,1,,,,,,,,,
12099210,0,0,4,1,,,,,,,,,
12099162,2,2,6,6,,,,,,,,,
12099206,2,2,6,6,,,,,,,,,
12099186,2,2,6,6,,,,,,,,,
12099166,2,2,6,6,,,,,,,,,
12099177,2,2,6,6,,,,,,,,,
12099208,0,0,4,3,,,,,,,,,
12102059,,,,,,,,,,,,,
12102073,,,,,,,,,,,,,
12102050,,,,,,,,,,,,,
12102078,,,,,,,,,,,,,
12102066,,,,,,,,,,,,,
12102074,,,,,,,,,,,,,
12102071,,,,,,,,,,,,,
12102056,,,,,,,,,,,,,
12102047,,,,,,,,,,,,,
12102065,,,,,,,,,,,,,
12102067,,,,,,,,,,,,,
12102051,,,,,,,,,,,,,
12102058,,,,,,,,,,,,,
12102075,,,,,,,,,,,,,
12102069,,,,,,,,,,,,,
12102063,,,,,,,,,,,,,
12099652,0,0,3,2,,,,,,,,,
12099654,2,2,6,6,,,,,,,,,
12099650,2,2,6,6,,,,,,,,,
12099655,2,2,6,6,,,,,,,,,
12099666,0,0,3,6,,,,,,,,,
12099660,,,,,,,,,,,,,
12099662,0,0,0,0,,,,,,,,,
12099659,,,,,,,,,,,,,
12099657,0,0,3,3,,,,,,,,,
12099665,0,0,3,4,,,,,,,,,
12099653,,,,,,,,,,,,,
12099651,1,1,7,2,8,,,,,,,,
12099661,,,,,,,,,,,,,
12099799,,,,,,,,,,,,,
12099667,,,,,,,,,,,,,
12099658,,,,,,,,,,,,,
12099656,,,,,,,,,,,,,
12102513,,,,,,,,,,,,,
12102516,,,,,,,,,,,,,
12102515,,,,,,,,,,,,,
12102519,,,,,,,,,,,,,
12102514,,,,,,,,,,,,,
12099250,2,2,6,4,10,,,,,,,,
12099252,2,2,7,7,,,,,,,,,
12099255,0,0,2,1,,,,,,,,,
12099239,0,0,3,6,,,,,,,,,
12099253,0,0,1,2,,,,,,,,,
12099266,,,,,,,,,,,,,
12099260,0,0,1,0,,,,,,,,,
12099261,2,2,6,6,,,,,,,,,
12099242,2,2,6,6,,,,,,,,,
12099249,0,0,2,1,,,,,,,,,
12099254,0,0,1,1,,,,,,,,,
12099267,2,2,6,6,,,,,,,,,
12101132,2,2,6,6,,,,,,,,,
12099262,2,2,7,6,,,,,,,,,
12099265,2,2,6,6,,,,,,,,,
12099258,,,,,,,,,,,,,
12099245,2,2,6,6,,,,,,,,,
12099243,0,0,0,2,,,,,,,,,
12099248,0,0,0,3,,,,,,,,,
12099238,,,,,,,,,,,,,
12099240,2,2,6,6,,,,,,,,,
12099237,2,2,6,6,,,,,,,,,
12099256,2,2,6,6,,,,,,,,,
12099264,2,2,6,7,,,,,,,,,
12099244,2,2,6,6,,,,,,,,,
12099259,0,0,0,0,,,,,,,,,
12099263,0,0,2,3,,,,,,,,,
12099251,0,0,2,0,,,,,,,,,
12099247,2,2,6,6,,,,,,,,,
12099257,0,0,0,1,,,,,,,,,
12099246,2,2,6,6,,,,,,,,,
12099268,,,,,,,,,,,,,
12099241,0,0,5,3,,,,,,,,,
12102278,,,,,,,,,,,,,
12102277,,,,,,,,,,,,,
12102270,,,,,,,,,,,,,
12102267,,,,,,,,,,,,,
12102275,,,,,,,,,,,,,
12102273,,,,,,,,,,,,,
12102265,,,,,,,,,,,,,
12102268,,,,,,,,,,,,,
12102274,,,,,,,,,,,,,
12102266,,,,,,,,,,,,,
12102272,,,,,,,,,,,,,
12102264,,,,,,,,,,,,,
12102276,,,,,,,,,,,,,
12102269,,,,,,,,,,,,,
12102271,,,,,,,,,,,,,
12102263,,,,,,,,,,,,,
12099466,2,2,7,6,,,,7,,,,,
12099467,2,2,6,6,,,,,,,,,
12099473,2,2,6,3,10,,,,,,,,
12099470,2,2,6,6,,,,,,,,,
12099471,2,2,6,6,,,,,,,,,
12099469,2,2,6,6,,,,,,,,,
12099468,2,2,6,6,,,,,,,,,
12099475,1,1,2,6,7,,,,,,,,
12099465,,,,,,,,,,,,,
12102303,,,,,,,,,,,,,
12102302,,,,,,,,,,,,,
12102299,,,,,,,,,,,,,
12102304,,,,,,,,,,,,,
12102301,,,,,,,,,,,,,
12102300,,,,,,,,,,,,,
12099544,2,2,4,6,10,,,,,,,,
12099538,2,2,6,6,,,,,,,,,
12099546,0,0,1,5,,,,,,,,,
12099519,0,0,5,5,,,,,,,,,
12099534,0,0,2,1,,,,,,,,,
12099518,0,0,0,2,,,,,,,,,
12099528,2,2,6,6,,,,,,,,,
12099537,1,1,3,7,7,,,,,,,,
12099513,2,2,6,7,,,,,,,,,
12099542,2,2,6,6,,,,,,,,,
12099521,,,,,,,,,,,,,
12099511,0,0,6,4,,,,,,,,,
12099529,2,2,7,6,,,,,,,,,
12099523,2,2,4,6,10,,,,,,,,
12099535,0,0,0,2,,,,,,,,,
12099545,2,2,6,6,,,,,,,,,
12099515,2,2,6,6,,,,,,,,,
12099522,2,2,6,2,12,,,,,,,,
12099527,1,1,6,2,8,,,,,,,,
12099533,2,2,6,4,10,,,,,,,,
12099539,0,0,3,3,,,,,,,,,
12099531,0,0,3,2,,,,,,,,,
12099543,2,2,6,6,,,,,,,,,
12099536,2,2,6,6,,,,,,,,,
12099532,0,0,1,2,,,,,,,,,
12099514,0,0,4,2,,,,,,,,,
12099548,0,0,4,1,,,,,,,,,
12099551,2,2,6,6,,,,,,,,,
12099525,1,1,5,7,5,,,,,,,,
12099549,1,1,4,7,9,,,,,,,,
12099540,2,2,7,7,,,,,,,,,
12099516,0,0,2,4,,,,,,,,,
12102587,,,,,,,,,,,,,
12102609,,,,,,,,,,,,,
12102595,,,,,,,,,,,,,
12102592,,,,,,,,,,,,,
12102607,,,,,,,,,,,,,
12102585,,,,,,,,,,,,,
12102611,,,,,,,,,,,,,
12102604,,,,,,,,,,,,,
12102596,,,,,,,,,,,,,
12102606,,,,,,,,,,,,,
12102608,,,,,,,,,,,,,
12102602,,,,,,,,,,,,,
12102614,,,,,,,,,,,,,
12102613,,,,,,,,,,,,,
12102600,,,,,,,,,,,,,
12102610,,,,,,,,,,,,,
12098343,1,1,6,1,8,,,,,,,,
12098356,0,0,0,4,,,,,,,,,
12098355,2,2,7,6,,,,7,,,,,
12098353,1,1,7,4,2,,,7,,,,,
12098349,2,2,6,6,14,,,4,,,,,
12098345,0,0,1,1,,,,,,,,,
12098342,2,2,7,6,,,,,,,,,
12098354,2,2,6,6,,,,,,,,,
12098348,1,1,7,2,4,,,,,,,,
12098363,2,2,6,6,,,,,,,,,
12098359,1,1,2,7,9,,,,7,,,,
12098357,0,0,6,1,,,,5,,,,,
12098358,2,2,6,6,,,,,,,,,
12098344,2,2,6,6,,,,,,,,,
12098352,0,0,2,2,,,,,,,,,
12098346,0,0,6,1,,,,5,,,,,
12101242,0,0,2,2,,,,,,,,,
12101245,0,0,2,5,,,,,,,,,
12101241,2,2,6,6,,,,,,,,,
12101240,0,0,0,0,,,,,,,,,
12101244,2,2,7,2,10,,,7,,,,,
12101238,0,0,4,6,,,,,1,,,,
12101243,0,0,1,1,,,,,,,,,
12101236,0,0,6,5,,,,5,,,,,
12099340,2,2,5,7,10,,,,,,,,
12099319,2,2,4,6,10,,,,,,,,
12099331,2,2,6,6,,,,,,,,,
12099325,2,2,6,6,10,,,,,,,,
12099347,0,0,3,4,,,,,,,,,
12099344,2,2,6,6,,,,,,,,,
12099333,2,2,6,6,,,,,,,,,
12101012,1,1,3,6,8,,,,,,,,
12099342,,,,,,,,,,,,,
12099338,,,,,,,,,,,,,
12099336,2,2,6,6,,,,,,,,,
12099339,0,0,3,0,,,,,,,,,
12099321,2,2,6,6,,,,,,,,,
12099320,1,1,3,6,3,,,,,,,,
12099343,,,,,,,,,,,,,
12099384,0,0,0,2,,,,,,,,,
12101870,2,2,6,6,,,,,,,,,
12099326,2,2,6,6,,,,,,,,,
12099349,,,,,,,,,,,,,
12099346,2,2,7,6,,,,,,,,,
12099329,2,2,7,4,10,,,,,,,,
12099337,0,0,2,3,,,,,,,,,
12099323,2,2,6,6,,,,,,,,,
12099334,0,0,2,3,,,,,,,,,
12099348,0,0,2,2,,,,,,,,,
12099350,1,1,4,7,5,,,,,,,,
12099322,0,0,1,4,,,,,,,,,
12099328,0,0,6,0,,,,,,,,,
12099332,,,,,,,,,,,,,
12099341,2,2,6,6,,,,,,,,,
12099327,2,2,6,6,,,,,,,,,
12099324,0,0,4,2,,,,,,,,,
12099345,2,2,6,6,,,,,,,,,
12099330,1,1,1,6,6,,,,,,,,
12099335,0,0,4,3,,,,,,,,,
12102499,,,,,,,,,,,,,
12102492,,,,,,,,,,,,,
12102498,,,,,,,,,,,,,
12102495,,,,,,,,,,,,,
12102502,,,,,,,,,,,,,
12102500,,,,,,,,,,,,,
12102501,,,,,,,,,,,,,
12102497,,,,,,,,,,,,,
12102494,,,,,,,,,,,,,
12102491,,,,,,,,,,,,,
12102493,,,,,,,,,,,,,
12102490,,,,,,,,,,,,,
12102623,,,,,,,,,,,,,
12102496,,,,,,,,,,,,,
12102528,,,,,,,,,,,,,
12102518,,,,,,,,,,,,,
12097736,2,2,7,6,,,,,,,,,
12097757,0,0,3,2,,,,,,,,,
12097753,0,0,2,2,,,,,,,,,
12097739,0,0,5,0,,,,,,,,,
12097766,2,2,6,7,,,,,,,,,
12097750,2,2,6,4,14,,,,,,,,
12097737,2,2,6,6,,,,,,,,,
12097746,1,1,6,3,6,,,,,,,,
12097738,0,0,3,1,,,,,,,,,
12097745,2,2,6,6,,,,,,,,,
12097763,2,2,6,6,,,,,,,,,
12097765,2,2,7,6,,,,,,,,,
12097764,2,2,6,2,10,,,,,,,,
12097756,2,2,7,6,,,,,,,,,
12097755,1,1,5,6,8,,,,,,,,
12097740,1,1,6,3,5,,,,,,,,
12103504,,,,,,,,,,,,,
12100924,,,,,,,,,,,,,
12100921,,,,,,,,,,,,,
12100922,,,,,,,,,,,,,
12100927,0,0,2,2,,,,,,,,,
12100980,1,1,6,6,6,,,,,,,,
12100919,,,,,,,,,,,,,
12100910,0,0,3,4,,,,,,,,,
12100915,,,,,,,,,,,,,
12100913,,,,,,,,,,,,,
12100914,,,,,,,,,,,,,
12100979,,,,,,,,,,,,,
12100916,,,,,,,,,,,,,
12100909,,,,,,,,,,,,,
12100925,,,,,,,,,,,,,
12100902,,,,,,,,,,,,,
12100931,0,0,0,0,,,,,,,,,
12100097,0,0,0,1,,,,,,,,,
12100077,2,2,6,4,10,,,,,,,,
12100078,2,2,6,6,,,,,,,,,
12100104,0,0,0,3,,,,,,,,,
12100068,2,2,6,6,,,,,,,,,
12100095,,,,,,,,,,,,,
12100070,0,0,3,5,,,,,,,,,
12100101,2,2,6,6,,,,,,,,,
12100082,2,2,6,6,,,,,,,,,
12100089,2,2,6,6,,,,,,,,,
12100109,2,2,6,6,,,,,,,,,
12100076,0,0,6,6,,,,,,,,,
12100103,0,0,1,2,,,,,,,,,
12100075,0,0,2,1,,,,,,,,,
12100112,0,0,2,1,,,,,,,,,
12100111,2,2,7,7,,,,,,,,,
12100108,0,0,3,2,,,,,,,,,
12100072,2,2,6,6,,,,,,,,,
12100087,0,0,3,4,,,,,,,,,
12100088,2,2,6,6,,,,,,,,,
12100098,2,2,7,6,,,,,,,,,
12100096,,,,,,,,,,,,,
12100107,2,2,6,6,,,,,,,,,
12100106,2,2,3,6,10,,,,,,,,
12100086,0,0,1,0,,,,,,,,,
12100100,0,0,1,0,,,,,,,,,
12100081,2,2,6,5,10,,,,,,,,
12100093,2,2,6,7,,,,,,,,,
12100105,0,0,0,0,,,,,,,,,
12100113,0,0,5,4,,,,,,,,,
12103434,,,,,,,,,,,,,
12103444,,,,,,,,,,,,,
12103449,,,,,,,,,,,,,
12103445,,,,,,,,,,,,,
12103443,,,,,,,,,,,,,
12103432,,,,,,,,,,,,,
12103441,,,,,,,,,,,,,
12103448,,,,,,,,,,,,,
12103430,,,,,,,,,,,,,
12103452,,,,,,,,,,,,,
12103446,,,,,,,,,,,,,
12103433,,,,,,,,,,,,,
12103429,,,,,,,,,,,,,
12103427,,,,,,,,,,,,,
12103442,,,,,,,,,,,,,
12103436,,,,,,,,,,,,,
12099438,1,1,6,2,6,,,,,,,,
12099422,2,2,6,6,,,,,,,,,
12099430,2,2,6,6,,,,,,,,,
12099420,0,0,0,3,,,,,,,,,
12099429,2,2,6,6,,,,,,,,,
12099437,2,2,6,6,,,,,,,,,
12099424,2,2,6,6,,,,,,,,,
12099444,2,2,7,6,,,,,,,,,
12099440,1,1,4,6,9,,,,,,,,
12099426,,,,,,,,,,,,,
12099434,2,2,7,7,,,,,,,,,
12099441,0,0,0,1,,,,,,,,,
12099416,2,2,7,6,,,,,,,,,
12099439,0,0,3,6,,,,,,,,,
12099435,2,2,3,7,10,,,,,,,,
12099418,2,2,6,6,,,,,,,,,
12099413,0,0,0,0,,,,,,,,,
12099414,,,,,,,,,,,,,
12099442,,,,,,,,,,,,,
12099432,2,2,6,6,,,,,,,,,
12099443,,,,,,,,,,,,,
12099417,2,2,6,6,,,,,,,,,
12099433,2,2,6,6,,,,,,,,,
12099427,,,,,,,,,,,,,
12099423,0,0,0,0,,,,,,,,,
12099425,,,,,,,,,,,,,
12099436,,,,,,,,,,,,,
12099415,,,,,,,,,,,,,
12099431,,,,,,,,,,,,,
12099428,2,2,6,6,,,,,,,,,
12099421,,,,,,,,,,,,,
12099419,,,,,,,,,,,,,
12102198,,,,,,,,,,,,,
12102504,,,,,,,,,,,,,
12102191,,,,,,,,,,,,,
12102192,,,,,,,,,,,,,
12102510,,,,,,,,,,,,,
12102508,,,,,,,,,,,,,
12102197,,,,,,,,,,,,,
12102193,,,,,,,,,,,,,
12102196,,,,,,,,,,,,,
12102509,,,,,,,,,,,,,
12102505,,,,,,,,,,,,,
12102507,,,,,,,,,,,,,
12099200,0,0,3,5,,,,,,,,,
12099173,0,0,3,2,,,,,,,,,
12099159,2,2,6,0,10,,,,,,,,
12099198,2,2,6,6,,,,,,,,,
12099170,0,0,3,3,,,,,,,,,
12099187,0,0,1,0,,,,,,,,,
12099167,0,0,0,0,,,,,,,,,
12099179,1,1,6,1,3,,,,,,,,
12099199,2,2,6,6,,,,,,,,,
12099158,1,1,6,3,8,,,,,,,,
12099155,,,,,,,,,,,,,
12099211,1,1,6,4,5,,,,,,,,
12099197,2,2,7,6,,,,,,,,,
12099174,0,0,5,2,,,,,,,,,
12099156,0,0,1,0,,,,,,,,,
12099154,0,0,1,3,,,,,,,,,
12099193,0,0,6,4,,,,,,,,,
12099169,2,2,6,6,,,,,,,,,
12099192,2,2,6,6,,,,,,,,,
12099164,0,0,0,0,,,,,,,,,
12099157,0,0,2,6,,,,,,,,,
12099182,2,2,6,6,,,,,,,,,
12099181,,,,,,,,,,,,,
12099183,0,0,2,2,,,,,,,,,
12099194,2,2,6,6,,,,,,,,,
12099153,0,0,0,3,,,,,,,,,
12099175,0,0,5,1,,,,,,,,,
12099168,0,0,3,5,,,,,,,,,
12099204,0,0,2,4,,,,,,,,,
12102077,,,,,,,,,,,,,
12102052,,,,,,,,,,,,,
12102070,,,,,,,,,,,,,
12102062,,,,,,,,,,,,,
12102061,,,,,,,,,,,,,
12102048,,,,,,,,,,,,,
12102068,,,,,,,,,,,,,
12102049,,,,,,,,,,,,,
12102053,,,,,,,,,,,,,
12102055,,,,,,,,,,,,,
12102060,,,,,,,,,,,,,
12102057,,,,,,,,,,,,,
12102064,,,,,,,,,,,,,
12102072,,,,,,,,,,,,,
12102054,,,,,,,,,,,,,
12102076,,,,,,,,,,,,,
12098630,0,0,2,2,,,,,,,,,
12098634,2,2,6,6,,,,,,,,,
12098636,2,2,7,6,,,,,,,,,
12098640,2,2,6,7,,,,,,,,,
12098643,0,0,1,2,,,,,,,,,
12098631,2,2,6,6,,,,,,,,,
12098628,2,2,6,6,,,,,,,,,
12098641,0,0,4,4,,,,,,,,,
12098632,2,2,6,6,,,,,,,,,
12098635,0,0,2,0,,,,,,,,,
12098642,1,1,5,6,8,,,,,,,,
12098633,2,2,6,6,,,,,,,,,
12098638,0,0,1,3,,,,,,,,,
12098629,0,0,2,3,,,,,,,,,
12098639,0,0,0,4,,,,,,,,,
12098637,2,2,6,6,,,,,,,,,
12101879,,,,,,,,,,,,,
12101880,0,0,4,2,,,,,,,,,
12101889,2,2,6,6,,,,,,,,,
12101891,0,0,0,2,,,,,,,,,
12101886,2,2,4,6,11,,,,,,,,
12101878,0,0,1,2,,,,,,,,,
12101892,2,2,6,6,13,,,,9,,,,
12101887,0,0,2,2,,,,,,,,,
12101888,0,0,2,2,,,,,,,,,
12101881,0,0,2,0,,,,,,,,,
12101883,2,2,6,6,,,,,,,,,
12101885,0,0,0,2,,,,,,,,,
12101882,0,0,4,,,,,,,,,,
12101890,0,0,3,,,,,,,,,,
12101884,0,0,2,,,,,,,,,,
12102422,1,1,6,5,,,,,,,,,
12102418,1,1,6,4,,,,,,,,,
12102416,2,2,6,6,,,,,,,,,
12102419,1,1,6,5,,,,,,,,,
12102421,,,,,,,,,,,,,
12102413,,,,,,,,,,,,,
12102417,,,,,,,,,,,,,
12102412,,,,,,,,,,,,,
12102415,,,,,,,,,,,,,
12102414,,,,,,,,,,,,,
12098241,2,2,6,2,10,,,,,,,,
12098235,1,1,6,1,4,,,,,,,,
12098233,0,0,1,3,,,,,,,,,
12098236,2,2,6,6,,,,,,,,,
12098234,0,0,1,0,,,,,,,,,
12098239,2,2,7,6,,,,,,,,,
12098237,0,0,2,5,,,,,,,,,
12098238,0,0,0,0,,,,,,,,,
12100844,,,,,,,,,,,,,
12100837,,,,,,,,,,,,,
12100846,,,,,,,,,,,,,
12100842,,,,,,,,,,,,,
12100841,,,,,,,,,,,,,
12100835,,,,,,,,,,,,,
12100840,,,,,,,,,,,,,
12100839,,,,,,,,,,,,,
12100838,,,,,,,,,,,,,
12100847,,,,,,,,,,,,,
12100836,,,,,,,,,,,,,
12100833,,,,,,,,,,,,,
12100848,,,,,,,,,,,,,
12100834,,,,,,,,,,,,,
12100845,,,,,,,,,,,,,
12100843,,,,,,,,,,,,,
12099558,2,2,6,6,7,,,5,,,,,
12099556,2,2,6,6,,,,,,,,,
12099555,0,0,1,3,,,,,,,,,
12099559,2,2,6,6,,,,,,,,,
12099553,2,2,6,6,,,,,,,,,
12099552,1,1,1,6,2,,,,,,,,
12099557,2,2,6,6,,,,,,,,,
12099554,2,2,2,6,6,,,,,,,,
12102288,,,,,,,,,,,,,
12102290,,,,,,,,,,,,,
12102287,,,,,,,,,,,,,
12102459,,,,,,,,,,,,,
12099563,2,2,6,7,,,,,,,,,
12099577,0,0,1,0,,,,,,,,,
12099562,0,0,0,0,,,,,,,,,
12099579,0,0,1,1,,,,,,,,,
12099573,2,2,6,6,,,,,,,,,
12099586,1,1,6,6,6,,,,,,,,
12099567,1,1,4,6,6,,,,,,,,
12099583,0,0,3,4,,,,,,,,,
12099589,0,0,4,6,,,,,,,,,
12099564,0,0,5,1,,,,,,,,,
12099587,0,0,2,0,,,,,,,,,
12099592,2,2,3,6,10,,,,,,,,
12099576,2,2,1,6,10,,,,,,,,
12099585,2,2,6,6,,,,,,,,,
12099580,,,,,,,,,,,,,
12101268,2,2,6,6,,,,,,,,,
12099561,2,2,6,6,10,,,,,,,,
12099572,0,0,4,5,,,,,,,,,
12099570,2,2,6,6,,,,,,,,,
12099591,0,0,1,0,,,,,,,,,
12099575,0,0,2,0,,,,,,,,,
12099571,2,2,6,6,,,,,,,,,
12099569,2,2,6,4,10,,,,,,,,
12099578,2,2,6,6,,,,,,,,,
12099565,0,0,4,3,,,,,,,,,
12099588,2,2,7,6,,,,,,,,,
12099590,2,2,6,2,10,,,,,,,,
12099568,0,0,2,3,,,,,,,,,
12099582,2,2,6,6,,,,,,,,,
12099581,0,0,3,4,,,,,,,,,
12099566,0,0,4,2,,,,,,,,,
12099574,0,0,4,4,,,,,,,,,
12099584,0,0,3,3,,,,,,,,,
12102163,,,,,,,,,,,,,
12102157,,,,,,,,,,,,,
12102165,,,,,,,,,,,,,
12102162,,,,,,,,,,,,,
12102158,,,,,,,,,,,,,
12102156,,,,,,,,,,,,,
12102160,,,,,,,,,,,,,
12102164,,,,,,,,,,,,,
12102161,,,,,,,,,,,,,
12102169,,,,,,,,,,,,,
12102167,,,,,,,,,,,,,
12102166,,,,,,,,,,,,,
12102168,,,,,,,,,,,,,
12102159,,,,,,,,,,,,,
12102202,,,,,,,,,,,,,
12102170,,,,,,,,,,,,,
12099512,2,2,6,6,,,,,,,,,
12099541,2,2,6,0,10,,,,,,,,
12099526,2,2,7,0,10,,,,,,,,
12099524,1,1,4,6,5,,,,,,,,
12099547,,,,,,,,,,,,,
12099530,,,,,,,,,,,,,
12099550,1,1,7,4,7,,,,,,,,
12099510,1,1,2,6,7,,,,,,,,
12099517,1,1,6,1,4,,,,,,,,
12099520,2,2,6,6,,,,,,,,,
12102597,,,,,,,,,,,,,
12102594,,,,,,,,,,,,,
12102603,,,,,,,,,,,,,
12102591,,,,,,,,,,,,,
12102588,,,,,,,,,,,,,
12102584,,,,,,,,,,,,,
12102605,,,,,,,,,,,,,
12102590,,,,,,,,,,,,,
12102586,,,,,,,,,,,,,
12102589,,,,,,,,,,,,,
12102599,,,,,,,,,,,,,
12102646,,,,,,,,,,,,,
12102612,,,,,,,,,,,,,
12102598,,,,,,,,,,,,,
12102601,,,,,,,,,,,,,
12102593,,,,,,,,,,,,,
12098361,2,2,6,6,,,,,,,,,
12098350,2,2,6,6,,,,,,,,,
12098351,1,1,6,6,7,,,3,,,,,
12098362,,,,,,,,,,,,,
12098360,0,0,2,1,,,,,,,,,
12098347,2,2,6,7,,,,,,,,,
12101234,2,2,6,4,10,,,,,,,,
12101233,0,0,2,1,,,,,,,,,
12101235,0,0,2,0,,,,,,,,,
12101246,0,0,4,3,,,,,,,,,
12101239,1,1,7,6,2,,,9,5,,,,
12101232,0,0,6,2,,,,2,,,,,
12101237,2,2,7,6,,,,7,,,,,
12101231,2,2,6,6,,,,,,,,,
12099098,,,,,,,,,,,,,
12099095,2,2,6,7,,,,,7,,,,
12099099,2,2,6,6,,,,,,,,,
12099091,2,2,6,6,,,,,,,,,
12099097,0,0,0,2,,,,,,,,,
12099092,2,2,6,6,,,,,,,,,
12099096,2,2,6,7,,,,,,,,,
12099093,2,2,6,6,,,,,,,,,
12099094,0,0,0,1,,,,,,,,,
12101981,0,0,0,1,,,,,,,,,
12101979,0,0,1,2,,,,,,,,,
12101983,0,0,0,0,,,,,,,,,
12101986,0,0,3,2,,,,,,,,,
12101985,0,0,0,,,,,,,,,,
12101982,0,0,0,,,,,,,,,,
12101980,0,0,0,,,,,,,,,,
12101984,0,0,1,,,,,,,,,,
12099357,0,0,4,0,,,,,,,,,
12099355,0,0,2,2,,,,,,,,,
12099361,2,2,7,6,,,,,,,,,
12099362,2,2,2,6,10,,,,,,,,
12099358,2,2,6,1,10,,,,,,,,
12099359,,,,,,,,,,,,,
12099353,2,2,6,3,10,,,,,,,,
12099360,2,2,6,6,,,,,,,,,
12099354,2,2,6,6,,,,,,,,,
12099356,2,2,6,6,,,,,,,,,
12102142,,,,,,,,,,,,,
12102137,,,,,,,,,,,,,
12102146,,,,,,,,,,,,,
12102145,,,,,,,,,,,,,
12102144,,,,,,,,,,,,,
12102134,,,,,,,,,,,,,
12102138,,,,,,,,,,,,,
12102133,,,,,,,,,,,,,
12102140,,,,,,,,,,,,,
12102141,,,,,,,,,,,,,
12102147,,,,,,,,,,,,,
12102143,,,,,,,,,,,,,
12102148,,,,,,,,,,,,,
12102139,,,,,,,,,,,,,
12102136,,,,,,,,,,,,,
12102135,,,,,,,,,,,,,
12097741,0,0,2,2,,,,,,,,,
12097742,0,0,3,0,,,,,,,,,
12097744,1,1,7,2,3,,,,,,,,
12097751,2,2,6,6,,,,,,,,,
12097761,2,2,6,6,,,,,,,,,
12097762,0,0,2,2,,,,,,,,,
12097748,0,0,1,2,,,,,,,,,
12097767,2,2,6,6,,,,,,,,,
12097749,2,2,1,6,10,,,,,,,,
12097743,2,2,5,6,10,,,,,,,,
12097759,0,0,0,0,,,,,,,,,
12097752,0,0,3,2,,,,,,,,,
12097758,,,,,,,,,,,,,
12097760,2,2,6,6,,,,,,,,,
12097747,1,1,6,6,7,,,,,,,,
12097754,0,0,3,3,,,,,,,,,
12100911,0,0,1,1,,,,,,,,,
12100917,0,0,1,1,,,,,,,,,
12100912,2,2,6,6,,,,,,,,,
12100907,2,2,6,6,,,,,,,,,
12100903,0,0,1,0,,,,,,,,,
12100920,2,2,7,6,,,,,,,,,
12100928,0,0,0,0,,,,,,,,,
12100929,2,2,6,6,,,,,,,,,
12100926,0,0,1,0,,,,,,,,,
12100930,,,,,,,,,,,,,
12100904,0,0,1,1,,,,,,,,,
12100908,2,2,5,6,10,,,,,,,,
12100905,0,0,1,0,,,,,,,,,
12100918,2,2,6,6,,,,,,,,,
12100906,2,2,6,7,,,,,,,,,
12100923,0,0,1,0,,,,,,,,,
12102570,,,,,,,,,,,,,
12102560,,,,,,,,,,,,,
12102562,,,,,,,,,,,,,
12102565,,,,,,,,,,,,,
12102568,,,,,,,,,,,,,
12102564,,,,,,,,,,,,,
12102567,,,,,,,,,,,,,
12102571,,,,,,,,,,,,,
12102573,,,,,,,,,,,,,
12102569,,,,,,,,,,,,,
12102572,,,,,,,,,,,,,
12102561,,,,,,,,,,,,,
12100085,2,2,6,6,,,,,,,,,
12100073,2,2,6,6,,,,,,,,,
12100102,2,2,6,6,,,,,,,,,
12100099,2,2,6,6,,,,,,,,,
12100094,0,0,4,6,,,,,,,,,
12100084,,,,,,,,,,,,,
12100091,2,2,6,6,,,,,,,,,
12100071,2,2,3,6,10,,,,,,,,
12100092,0,0,5,0,,,,,,,,,
12100080,2,2,6,6,,,,,,,,,
12100074,0,0,0,2,,,,,,,,,
12100069,0,0,5,1,,,,,,,,,
12100090,0,0,2,1,,,,,,,,,
12100079,2,2,6,6,,,,,,,,,
12100110,2,2,6,6,,,,,,,,,
12067207,0,0,2,1,,,,,,,,,
12067280,2,2,5,6,6,,,,,,,,
12067340,2,2,6,6,,,,,,,,,
12067365,2,2,7,7,,,,,,,,,
12097935,0,0,2,1,,,,,,,,,
12097936,0,0,5,4,,,,,,,,,
12097937,,,,,,,,,,,,,
12097939,2,2,7,5,10,,,7,,,,,
12098330,,,,,,,,,,,,,
12098331,1,1,6,1,,,,,,,,,
12098333,1,1,6,7,6,,,5,7,6,,,
12098334,2,2,4,7,6,,,,7,,,,
12098335,0,0,4,,,,,,,,,,
12098336,0,0,5,0,,,,,,,,,
12098337,,,,,,,,,,,,,
12098338,2,2,7,7,,,,7,,,,,
12098339,2,2,6,6,,,,,,,,,
12098340,2,2,6,6,6,,,4,,,,,
12098852,0,0,3,0,,,,,,,,,
12099020,,,,,,,,,,,,,
12099021,1,1,6,2,1,,,,,,,,
12099022,,,,,,,,,,,,,
12099023,1,1,7,1,,,,7,,,,,
12099024,2,2,6,6,7,,,,2,9,,,
12099025,2,2,6,2,6,,,,,,,,
12099026,2,2,6,6,,,,,,,,,
12099027,1,1,4,6,5,,,,,,,,
12099028,2,2,3,6,6,,,,,,,,
12099029,0,0,3,1,,,,,,,,,
12099030,1,1,7,2,1,,,8,,,,,
12099322,0,0,1,4,,,,,,,,,
12099324,0,0,4,2,,,,,,,,,
12099327,2,2,6,6,,,,,,,,,
12099328,0,0,6,0,,,,,,,,,
12099330,1,1,1,6,6,,,,,,,,
12099332,,,,,,,,,,,,,
12099335,0,0,4,3,,,,,,,,,
12099341,2,2,6,6,,,,,,,,,
12099345,2,2,6,6,,,,,,,,,
12099350,1,1,4,7,5,,,,,,,,
12099413,0,0,0,0,,,,,,,,,
12099414,0,0,4,4,,,,,,,,,
12099415,2,2,6,6,,,,,,,,,
12099417,2,2,6,6,,,,,,,,,
12099418,2,2,6,6,,,,,,,,,
12099419,2,2,6,6,,,,,,,,,
12099421,0,0,2,0,,,,,,,,,
12099423,0,0,0,0,,,,,,,,,
12099425,2,2,7,6,,,,,,,,,
12099427,2,2,6,6,,,,,,,,,
12099428,2,2,6,6,,,,,,,,,
12099431,2,2,6,6,,,,,,,,,
12099432,2,2,6,6,,,,,,,,,
12099433,2,2,6,6,,,,,,,,,
12099435,2,2,3,7,10,,,,,,,,
12099436,0,0,1,4,,,,,,,,,
12099442,1,1,6,5,7,,,,,,,,
12099443,0,0,4,4,,,,,,,,,
12099465,,,,,,,,,,,,,
12099468,2,2,6,6,,,,,,,,,
12099469,2,2,6,6,,,,,,,,,
12099471,2,2,6,6,,,,,,,,,
12099475,1,1,2,6,7,,,,,,,,
12099492,2,2,6,6,,,,,,,,,
12099494,2,2,6,2,6,,,,,,,,
12099504,0,0,3,0,,,,,,,,,
12099510,1,1,2,6,7,,,,,,,,
12099512,2,2,6,6,,,,,,,,,
12099514,0,0,4,2,,,,,,,,,
12099516,0,0,2,4,,,,,,,,,
12099517,1,1,6,1,4,,,,,,,,
12099520,2,2,6,6,,,,,,,,,
12099524,1,1,4,6,5,,,,,,,,
12099525,1,1,5,7,5,,,,,,,,
12099526,2,2,7,0,10,,,,,,,,
12099530,,,,,,,,,,,,,
12099540,2,2,7,7,,,,,,,,,
12099541,2,2,6,0,10,,,,,,,,
12099547,,,,,,,,,,,,,
12099548,0,0,4,1,,,,,,,,,
12099549,1,1,4,7,9,,,,,,,,
12099550,1,1,7,4,7,,,,,,,,
12099551,2,2,6,6,,,,,,,,,
12099552,1,1,1,6,2,,,,,,,,
12099553,2,2,6,6,,,,,,,,,
12099554,2,2,2,6,6,,,,,,,,
12099557,2,2,6,6,,,,,,,,,
12099559,2,2,6,6,,,,,,,,,
12099574,0,0,4,4,,,,,,,,,
12099584,0,0,3,3,,,,,,,,,
12099611,0,0,4,6,,,,,4,,,,
12099614,2,2,6,6,,,,,,,,,
12099616,1,1,2,7,3,,,,7,,,,
12099617,0,0,2,4,,,,,,,,,
12099619,1,1,3,6,1,,,,,,,,
12099621,0,0,4,1,,,,,,,,,
12099622,,,,,,,,,,,,,
12099631,2,2,6,7,,,,,7,,,,
12099632,2,2,6,6,,,,,,,,,
12099633,0,0,5,,,,,,,,,,
12099634,2,2,6,7,,,,,,,,,
12099641,1,1,7,3,4,,,7,,,,,
12099642,2,2,7,7,,,,7,7,,,,
12099643,0,0,4,4,,,,,,,,,
12099651,1,1,7,2,8,,,,,,,,
12099653,1,1,6,4,8,,,,,,,,
12099656,2,2,7,6,,,,,,,,,
12099658,0,0,3,2,,,,,,,,,
12099661,0,0,1,6,,,,,,,,,
12099667,0,0,0,2,,,,,,,,,
12099696,2,2,6,6,,,,,,,,,
12099703,1,1,4,6,3,,,,,,,,
12099794,2,2,3,7,6,,,,7,,,,
12099799,0,0,2,6,,,,,,,,,
12099852,2,2,6,6,,,,,,,,,
12099891,2,2,6,6,,,,,,,,,
12099893,0,0,4,6,,,,,4,,,,
12099894,1,1,3,6,4,,,,,,,,
12099895,0,0,3,4,,,,,,,,,
12099896,0,0,4,1,,,,,,,,,
12099897,2,2,6,7,,,,,9,,,,
12099898,2,2,6,6,,,,,,,,,
12099899,1,1,3,6,5,,,,,,,,
12099900,0,0,1,2,,,,,,,,,
12099901,0,0,6,1,,,,9,,,,,
12099903,2,2,6,6,,,,,,,,,
12099905,,,,,,,,,,,,,
12099907,0,0,6,5,,,,2,,,,,
12099908,2,2,5,6,7,,,,,7,,,
12099968,0,0,4,4,,,,,,,,,
12100042,0,0,4,1,,,,,,,,,
12100043,0,0,2,2,,,,,,,,,
12100044,1,1,7,6,2,,,7,7,,,,
12100049,2,2,6,6,,,,,,,,,
12100050,0,0,4,4,,,,,,,,,
12100051,2,2,6,6,,,,,,,,,
12100052,0,0,4,4,,,,,,,,,
12100053,2,2,7,6,,,,7,,,,,
12100057,2,2,1,6,6,,,,,,,,
12100058,1,1,7,2,,,,,,,,,
12100059,1,1,6,2,4,,,,,,,,
12100068,2,2,6,6,,,,,,,,,
12100069,0,0,5,1,,,,,,,,,
12100070,0,0,3,5,,,,,,,,,
12100071,2,2,3,6,10,,,,,,,,
12100072,2,2,6,6,,,,,,,,,
12100073,2,2,6,6,,,,,,,,,
12100074,0,0,0,2,,,,,,,,,
12100075,0,0,2,1,,,,,,,,,
12100076,0,0,6,6,,,,,,,,,
12100077,2,2,6,4,10,,,,,,,,
12100078,2,2,6,6,,,,,,,,,
12100079,2,2,6,6,,,,,,,,,
12100080,2,2,6,6,,,,,,,,,
12100081,2,2,6,5,10,,,,,,,,
12100082,2,2,6,6,,,,,,,,,
12100084,,,,,,,,,,,,,
12100085,2,2,6,6,,,,,,,,,
12100086,0,0,1,0,,,,,,,,,
12100087,0,0,3,4,,,,,,,,,
12100088,2,2,6,6,,,,,,,,,
12100089,2,2,6,6,,,,,,,,,
12100090,0,0,2,1,,,,,,,,,
12100091,2,2,6,6,,,,,,,,,
12100092,0,0,5,0,,,,,,,,,
12100093,2,2,6,7,,,,,,,,,
12100094,0,0,4,6,,,,,,,,,
12100095,,,,,,,,,,,,,
12100096,,,,,,,,,,,,,
12100097,0,0,0,1,,,,,,,,,
12100098,2,2,7,6,,,,,,,,,
12100099,2,2,6,6,,,,,,,,,
12100100,0,0,1,0,,,,,,,,,
12100101,2,2,6,6,,,,,,,,,
12100102,2,2,6,6,,,,,,,,,
12100103,0,0,1,2,,,,,,,,,
12100104,0,0,0,3,,,,,,,,,
12100105,0,0,0,0,,,,,,,,,
12100106,2,2,3,6,10,,,,,,,,
12100107,2,2,6,6,,,,,,,,,
12100108,0,0,3,2,,,,,,,,,
12100109,2,2,6,6,,,,,,,,,
12100110,2,2,6,6,,,,,,,,,
12100111,2,2,7,7,,,,,,,,,
12100112,0,0,2,1,,,,,,,,,
12100113,0,0,5,4,,,,,,,,,
12100114,0,0,4,4,,,,,,,,,
12100133,0,0,1,2,,,,,,,,,
12100223,,,,,,,,,,,,,
12100224,,,,,,,,,,,,,
12100226,0,0,2,6,,,,,4,,,,
12100227,1,1,4,6,3,,,,,,,,
12100228,,,,,,,,,,,,,
12100229,2,2,2,7,7,,,,,7,,,
12100230,2,2,6,6,,,,,,,,,
12100233,2,2,7,7,,,,7,7,,,,
12100235,,,,,,,,,,,,,
12100237,,,,,,,,,,,,,
12100238,2,2,6,6,7,,,7,,7,,,
12100239,1,1,7,1,,,,8,,,,,
12100240,0,0,2,1,,,,,,,,,
12100242,0,0,0,4,,,,,,,,,
12100244,1,1,6,3,1,,,,,,,,
12100245,,,,,,,,,,,,,
12100257,2,2,6,6,,,,,,,,,
12100260,1,1,7,3,6,,,,,2,,,
12100267,2,2,6,6,,,,,,,,,
12100791,0,0,6,4,,,,4,,,,,
12100801,1,1,5,6,0,,,,,,,,
12100802,2,2,6,7,,,,,8,,,,
12100804,1,1,6,3,3,,,,,,,,
12100805,2,2,4,6,7,,,,,7,,,
12100807,2,2,6,6,,,,,,,,,
12100830,2,2,6,1,6,,,,,,,,
12100831,2,2,6,6,,,,,,,,,
12100833,1,1,1,6,3,,,,,,,,
12100834,2,2,6,7,,,,,,,,,
12100835,0,0,1,2,,,,,,,,,
12100836,0,0,4,5,,,,,,,,,
12100837,0,0,2,3,,,,,,,,,
12100838,0,0,3,2,,,,,,,,,
12100839,0,0,1,0,,,,,,,,,
12100840,2,2,6,6,,,,,,,,,
12100841,2,2,6,6,,,,,,,,,
12100842,0,0,1,3,,,,,,,,,
12100843,0,0,3,3,,,,,,,,,
12100844,0,0,4,3,,,,,,,,,
12100845,0,0,2,4,,,,,,,,,
12100846,0,0,0,2,,,,,,,,,
12100847,0,0,4,0,,,,,,,,,
12100848,0,0,0,0,,,,,,,,,
12100902,2,2,6,7,,,,,,,,,
12100903,0,0,1,0,,,,,,,,,
12100904,0,0,1,1,,,,,,,,,
12100905,0,0,1,0,,,,,,,,,
12100906,2,2,6,7,,,,,,,,,
12100907,2,2,6,6,,,,,,,,,
12100908,2,2,5,6,10,,,,,,,,
12100909,0,0,6,4,,,,,,,,,
12100910,0,0,3,4,,,,,,,,,
12100911,0,0,1,1,,,,,,,,,
12100912,2,2,6,6,,,,,,,,,
12100913,2,2,6,6,,,,,,,,,
12100914,1,1,4,7,4,,,,,,,,
12100915,,,,,,,,,,,,,
12100916,2,2,6,5,10,,,,,,,,
12100917,0,0,1,1,,,,,,,,,
12100918,2,2,6,6,,,,,,,,,
12100919,0,0,4,5,,,,,,,,,
12100920,2,2,7,6,,,,,,,,,
12100921,2,2,6,6,10,,,,,,,,
12100922,0,0,4,3,,,,,,,,,
12100923,0,0,1,0,,,,,,,,,
12100924,0,0,5,6,,,,,,,,,
12100925,0,0,6,3,,,,,,,,,
12100926,0,0,1,0,,,,,,,,,
12100927,0,0,2,2,,,,,,,,,
12100928,0,0,0,0,,,,,,,,,
12100929,2,2,6,6,,,,,,,,,
12100930,,,,,,,,,,,,,
12100931,0,0,0,0,,,,,,,,,
12100958,1,1,4,6,3,,,,,,,,
12100979,2,2,6,6,,,,,,,,,
12100980,1,1,6,6,6,,,,,,,,
12101054,0,0,1,5,,,,,,,,,
12101101,0,0,6,4,,,,5,,,,,
12101103,1,1,6,3,1,,,,,,,,
12101108,0,0,3,2,,,,,,,,,
12101231,2,2,6,6,,,,,,,,,
12101232,0,0,6,2,,,,2,,,,,
12101233,0,0,2,1,,,,,,,,,
12101234,2,2,6,4,10,,,,,,,,
12101235,0,0,2,0,,,,,,,,,
12101236,0,0,6,5,,,,5,,,,,
12101237,2,2,7,6,,,,7,,,,,
12101238,0,0,4,6,,,,,1,,,,
12101239,1,1,7,6,2,,,9,5,,,,
12101240,0,0,0,0,,,,,,,,,
12101241,2,2,6,6,,,,,,,,,
12101242,0,0,2,2,,,,,,,,,
12101243,0,0,1,1,,,,,,,,,
12101244,2,2,7,2,10,,,7,,,,,
12101245,0,0,2,5,,,,,,,,,
12101246,0,0,4,3,,,,,,,,,
12101803,1,1,2,6,5,,,,,,,,
12101878,0,0,1,2,,,,,,,,,
12101879,2,2,3,6,10,,,,,,,,
12101880,0,0,4,2,,,,,,,,,
12101881,0,0,2,0,,,,,,,,,
12101882,0,0,4,3,,,,,,,,,
12101883,2,2,6,6,,,,,,,,,
12101884,2,2,6,5,10,,,,,,,,
12101885,0,0,0,2,,,,,,,,,
12101886,2,2,4,6,11,,,,,,,,
12101887,0,0,2,2,,,,,,,,,
12101888,0,0,2,2,,,,,,,,,
12101889,2,2,6,6,,,,,,,,,
12101890,2,2,6,7,,,,,,,,,
12101891,0,0,0,2,,,,,,,,,
12101892,2,2,6,6,13,,,,9,,,,
12101928,2,2,6,6,,,,,,,,,
12101940,0,0,5,4,,,,,,,,,
12101941,2,2,6,6,6,,,,5,,,,
12101942,2,2,4,6,6,,,,,,,,
12101979,0,0,1,2,,,,,,,,,
12101980,1,1,1,7,1,,,,,,,,
12101981,0,0,0,1,,,,,,,,,
12101982,0,0,0,1,,,,,,,,,
12101983,0,0,0,0,,,,,,,,,
12101984,0,0,2,4,,,,,,,,,
12101985,1,1,3,7,2,,,,7,,,,
12101986,0,0,3,2,,,,,,,,,
12102021,0,0,2,,,,,,,,,,
12102031,1,1,6,3,6,,,,,5,,,
12102032,,,,,,,,,,,,,
12102033,0,0,4,,,,,,,,,,
12102035,,,,,,,,,,,,,
12102044,2,2,7,4,7,,,7,,7,,,
12102047,,,,,,,,,,,,,
12102048,0,0,1,3,,,,,,,,,
12102049,2,2,6,6,,,,,,,,,
12102050,,,,,,,,,,,,,
12102051,,,,,,,,,,,,,
12102052,0,0,0,4,,,,,,,,,
12102053,0,0,1,6,,,,,,,,,
12102054,,,,,,,,,,,,,
12102055,,,,,,,,,,,,,
12102056,2,2,6,6,,,,,,,,,
12102057,0,0,0,0,,,,,,,,,
12102058,,,,,,,,,,,,,
12102059,2,2,6,6,,,,,,,,,
12102060,,,,,,,,,,,,,
12102061,2,2,6,6,,,,,,,,,
12102062,0,0,0,0,,,,,,,,,
12102063,2,2,6,6,,,,,,,,,
12102064,2,2,6,6,,,,,,,,,
12102065,,,,,,,,,,,,,
12102066,,,,,,,,,,,,,
12102067,,,,,,,,,,,,,
12102068,2,2,6,6,,,,,,,,,
12102069,,,,,,,,,,,,,
12102070,0,0,0,1,,,,,,,,,
12102071,0,0,4,1,,,,,,,,,
12102072,,,,,,,,,,,,,
12102073,2,2,6,6,,,,,,,,,
12102074,0,0,1,1,,,,,,,,,
12102075,,,,,,,,,,,,,
12102076,,,,,,,,,,,,,
12102077,2,2,6,6,,,,,,,,,
12102078,,,,,,,,,,,,,
12102133,2,2,6,6,,,,,,,,,
12102134,0,0,2,0,,,,,,,,,
12102135,0,0,2,2,,,,,,,,,
12102136,0,0,3,0,,,,,,,,,
12102137,1,1,5,6,10,,,,,,,,
12102138,0,0,1,3,,,,,,,,,
12102139,2,2,6,6,,,,,,,,,
12102140,0,0,5,3,,,,,,,,,
12102141,2,2,7,0,10,,,,,,,,
12102142,0,0,3,2,,,,,,,,,
12102143,2,2,6,3,10,,,,,,,,
12102144,,,,,,,,,,,,,
12102145,2,2,6,6,,,,,,,,,
12102146,,,,,,,,,,,,,
12102147,0,0,2,3,,,,,,,,,
12102148,0,0,5,3,,,,,,,,,
12102156,2,2,6,6,,,,,,,,,
12102157,1,1,6,0,9,,,,,,,,
12102158,0,0,4,6,,,,,,,,,
12102159,,,,,,,,,,,,,
12102160,0,0,5,6,,,,,,,,,
12102161,2,2,6,6,,,,,,,,,
12102162,0,0,2,1,,,,,,,,,
12102163,2,2,6,6,,,,,,,,,
12102164,2,2,6,6,,,,,,,,,
12102165,0,0,3,2,,,,,,,,,
12102166,,,,,,,,,,,,,
12102167,0,0,3,1,,,,,,,,,
12102168,,,,,,,,,,,,,
12102169,1,1,6,4,8,,,,,,,,
12102170,1,1,6,2,8,,,,,,,,
12102191,2,2,6,2,10,,,,,,,,
12102192,0,0,2,6,,,,,,,,,
12102193,2,2,3,6,10,,,,,,,,
12102194,0,0,6,1,,,,,,,,,
12102195,2,2,6,6,,,,,,,,,
12102196,2,2,6,6,,,,,,,,,
12102197,1,1,1,6,1,,,,,,,,
12102198,0,0,5,2,,,,,,,,,
12102199,0,0,3,4,,,,,,,,,
12102201,0,0,6,4,,,,2,,,,,
12102202,,,,,,,,,,,,,
12102203,2,2,6,6,,,,,,,,,
12102205,0,0,4,6,,,,,7,,,,
12102208,1,1,4,6,4,,,,,,,,
12102263,0,0,4,3,,,,,,,,,
12102264,2,2,7,6,,,,,,,,,
12102265,0,0,2,1,,,,,,,,,
12102266,1,1,7,6,3,,,,,,,,
12102267,0,0,4,0,,,,,,,,,
12102268,0,0,6,1,,,,,,,,,
12102269,0,0,2,1,,,,,,,,,
12102270,0,0,1,1,,,,,,,,,
12102271,2,2,6,6,,,,,,,,,
12102272,2,2,7,6,,,,,,,,,
12102273,2,2,6,6,,,,,,,,,
12102274,0,0,3,2,,,,,,,,,
12102275,0,0,0,0,,,,,,,,,
12102276,0,0,1,1,,,,,,,,,
12102277,0,0,4,4,,,,,,,,,
12102278,1,1,3,6,9,,,,,,,,
12102287,0,0,6,1,,,,6,,,,,
12102288,0,0,2,4,,,,,,,,,
12102289,,,,,,,,,,,,,
12102290,2,2,6,6,,,,,,,,,
12102291,1,1,4,7,5,,,,7,,,,
12102297,0,0,2,3,,,,,,,,,
12102298,0,0,4,3,,,,,,,,,
12102299,1,1,7,5,8,,,8,,,,,
12102300,1,1,6,4,5,,,,,,,,
12102301,2,2,6,6,10,,,7,,,,,
12102302,1,1,3,6,6,,,,,,,,
12102303,1,1,7,4,10,,,7,,,,,
12102304,1,1,6,3,8,,,,,,,,
12102332,2,2,7,6,,,,,,,,,
12102333,0,0,4,5,,,,,,,,,
12102334,2,2,6,6,,,,,,,,,
12102335,0,0,1,,,,,,,,,,
12102336,1,1,3,7,6,,,,7,3,,,
12102337,0,0,3,3,,,,,,,,,
12102412,1,1,6,2,6,,,,,,,,
12102413,2,2,6,6,,,,,,,,,
12102414,2,2,6,6,,,,,,,,,
12102415,2,2,6,6,,,,,,,,,
12102416,2,2,6,6,,,,,,,,,
12102417,0,0,2,4,,,,,,,,,
12102418,2,2,6,6,,,,,,,,,
12102419,2,2,6,6,,,,,,,,,
12102421,2,2,7,6,,,,,,,,,
12102422,2,2,6,6,,,,,,,,,
12102459,1,1,6,1,4,,,,,,,,
12102490,2,2,6,6,,,,,,,,,
12102491,2,2,6,6,,,,,,,,,
12102492,1,1,3,6,9,,,,,,,,
12102493,0,0,2,3,,,,,,,,,
12102494,,,,,,,,,,,,,
12102495,0,0,3,2,,,,,,,,,
12102496,2,2,6,6,,,,,,,,,
12102497,,,,,,,,,,,,,
12102498,2,2,6,6,,,,,,,,,
12102499,2,2,6,6,,,,,,,,,
12102500,0,0,2,3,,,,,,,,,
12102501,0,0,4,2,,,,,,,,,
12102502,2,2,5,6,10,,,,,,,,
12102504,0,0,3,5,,,,,,,,,
12102505,2,2,1,7,10,,,,,,,,
12102506,2,2,6,6,,,,,,,,,
12102507,2,2,6,6,,,,,,,,,
12102508,0,0,6,1,,,,,,,,,
12102509,0,0,2,1,,,,,,,,,
12102510,2,2,6,6,,,,,,,,,
12102513,0,0,6,2,,,,4,,,,,
12102514,0,0,1,1,,,,,,,,,
12102515,2,2,1,7,10,,,,,,,,
12102516,2,2,6,6,,,,,,,,,
12102517,0,0,3,6,,,,,5,,,,
12102518,0,0,3,5,,,,,,,,,
12102519,0,0,1,2,,,,,,,,,
12102520,2,2,6,6,,,,,,,,,
12102528,2,2,6,6,,,,,,,,,
12102559,2,2,6,6,,,,,,,,,
12102560,0,0,2,2,,,,,,,,,
12102561,2,2,4,6,7,,,,,7,,,
12102562,0,0,2,2,,,,,,,,,
12102563,0,0,4,0,,,,,,,,,
12102564,0,0,1,5,,,,,,,,,
12102565,2,2,6,6,,,,,,,,,
12102566,2,2,6,6,,,,,,,,,
12102567,0,0,1,1,,,,,,,,,
12102568,2,2,3,6,7,,,,,7,,,
12102569,2,2,6,0,6,,,,,,,,
12102570,2,2,6,6,,,,,,,,,
12102571,0,0,3,1,,,,,,,,,
12102572,0,0,4,1,,,,,,,,,
12102573,0,0,1,1,,,,,,,,,
12102574,,,,,,,,,,,,,
12102584,2,2,6,6,,,,,,,,,
12102585,0,0,6,2,,,,,,,,,
12102586,0,0,2,6,,,,,,,,,
12102587,1,1,6,1,7,,,,,,,,
12102588,0,0,2,0,,,,,,,,,
12102589,2,2,6,6,,,,,,,,,
12102590,0,0,5,2,,,,,,,,,
12102591,2,2,6,6,,,,,,,,,
12102592,2,2,6,7,,,,,,,,,
12102593,2,2,6,2,10,,,,,,,,
12102594,2,2,6,6,,,,,,,,,
12102595,2,2,6,6,,,,,,,,,
12102596,0,0,1,3,,,,,,,,,
12102597,1,1,6,2,8,,,,,,,,
12102598,,,,,,,,,,,,,
12102599,0,0,1,1,,,,,,,,,
12102600,,,,,,,,,,,,,
12102601,0,0,2,3,,,,,,,,,
12102602,2,2,6,6,,,,,,,,,
12102603,0,0,1,0,,,,,,,,,
12102604,2,2,2,6,12,,,,,,,,
12102605,0,0,0,0,,,,,,,,,
12102606,2,2,6,3,10,,,,,,,,
12102607,0,0,1,6,,,,,,,,,
12102608,0,0,4,1,,,,,,,,,
12102609,2,2,7,6,,,,,,,,,
12102610,2,2,6,6,,,,,,,,,
12102611,0,0,1,0,,,,,,,,,
12102612,,,,,,,,,,,,,
12102613,2,2,6,6,,,,,,,,,
12102614,0,0,5,3,,,,,,,,,
12102623,,,,,,,,,,,,,
12102642,2,2,2,6,6,,,,,,,,
12102646,2,2,6,6,10,,,,,,,,
12102674,1,1,3,7,2,,,,,,,,
12102676,2,2,6,7,,,,,7,,,,
12102726,2,2,6,6,,,,,,,,,
12102727,1,1,6,1,4,,,,,,,,
12102728,0,0,2,2,,,,,,,,,
12102796,1,1,7,6,4,,,,3,,,,
12102823,2,2,6,7,,,,,7,,,,
12103426,2,2,6,6,,,,,,,,,
12103427,2,2,5,6,10,,,,,,,,
12103428,2,2,7,6,,,,,,,,,
12103429,2,2,7,7,,,,,,,,,
12103430,2,2,6,6,,,,,,,,,
12103431,2,2,6,6,,,,,,,,,
12103432,2,2,4,6,11,,,,,,,,
12103433,0,0,2,3,,,,,,,,,
12103434,0,0,0,1,,,,,,,,,
12103435,2,2,6,6,,,,,,,,,
12103436,2,2,6,7,,,,,,,,,
12103437,2,2,6,6,,,,,,,,,
12103438,0,0,4,1,,,,,,,,,
12103439,2,2,6,6,,,,,,,,,
12103440,1,1,6,2,6,,,,,,,,
12103441,0,0,4,1,,,,,,,,,
12103442,1,1,6,5,1,,,,,,,,
12103443,2,2,6,6,,,,,,,,,
12103444,2,2,6,6,,,,,,,,,
12103445,0,0,3,2,,,,,,,,,
12103446,0,0,3,5,,,,,,,,,
12103447,0,0,2,0,,,,,,,,,
12103448,2,2,6,6,,,,,,,,,
12103449,0,0,3,2,,,,,,,,,
12103450,0,0,4,5,,,,,,,,,
12103451,2,2,6,3,10,,,,,,,,
12103452,0,0,1,4,,,,,,,,,
12103453,1,1,3,7,7,,,,,,,,
12103454,0,0,1,2,,,,,,,,,
12103455,0,0,4,5,,,,,,,,,
12103456,2,2,2,6,10,,,,,,,,
12103457,2,2,6,6,,,,,,,,,
12103459,2,2,6,6,10,,,,,,,,
12103460,1,1,4,6,7,,,,,,,,
12103461,1,1,6,1,8,,,,,,,,
12103462,2,2,3,6,10,,,,,,,,
12103463,2,2,6,6,,,,,,,,,
12103464,0,0,4,0,,,,,,,,,
12103465,0,0,5,5,,,,,,,,,
12103466,0,0,2,0,,,,,,,,,
12103467,0,0,4,1,,,,,,,,,
12103468,2,2,6,6,,,,,,,,,
12103469,2,2,6,7,,,,,,,,,
12103470,2,2,6,7,,,,,,,,,
12103471,0,0,1,1,,,,,,,,,
12103472,1,1,6,6,2,,,,,,,,
12103473,1,1,3,6,9,,,,,,,,
12103474,0,0,1,2,,,,,,,,,
12103504,2,2,5,6,10,,,,,,,,
12103505,0,0,3,3,,,,,,,,,
12103506,0,0,3,0,,,,,,,,,
12103507,2,2,6,4,6,,,,,,,,
12103509,2,2,6,5,6,,,,,,,,
12103754,2,2,3,6,6,,,,,,,,
12103755,2,2,2,6,6,,,,,,,,
12103948,0,0,1,1,,,,,,,,,
12103949,0,0,4,5,,,,,,,,,
12103950,0,0,4,4,,,,,,,,,
12103951,0,0,1,3,,,,,,,,,
12103952,1,1,6,7,7,,,3,,,,,
12103953,0,0,2,5,,,,,,,,,
12103955,2,2,7,6,,,,,,,,,
12103956,0,0,1,1,,,,,,,,,
12103959,0,0,1,6,,,,,6,,,,
12103961,0,0,5,6,,,,,4,,,,
12103967,1,1,6,4,6,,,,,2,,,
12103970,2,2,6,6,,,,,,,,,
12103971,1,1,3,7,2,,,,7,,,,
12103977,2,2,6,7,10,,,2,,,,,
12103978,1,1,1,6,2,,,,,,,,
12103979,2,2,6,6,,,,,,,,,
12103980,0,0,6,4,,,,5,,,,,
12103981,0,0,0,2,,,,,,,,,
12103983,0,0,1,6,,,,,4,,,,
12103984,0,0,4,3,,,,,,,,,
12103985,1,1,7,3,1,,,,,,,,
12103989,0,0,0,1,,,,,,,,,
12103990,0,0,2,2,,,,,,,,,
12103992,2,2,6,6,,,,,,,,,
12103995,2,2,6,6,,,,,,,,,
12103996,0,0,3,3,,,,,,,,,
12104096,1,1,3,7,6,,,,7,,,,
12104097,2,2,6,6,,,,,,,,,
12104098,2,2,6,6,,,,,,,,,
12104099,2,2,6,3,10,,,,,,,,
12104100,0,0,2,3,,,,,,,,,
12104101,0,0,1,0,,,,,,,,,
12104102,2,2,6,6,,,,,,,,,
12104103,2,2,6,4,10,,,,,,,,
12104104,1,1,3,6,6,,,,,,,,
12104108,2,2,6,6,,,,,,,,,
12104177,1,1,6,1,,,,,,,,,
12104178,2,2,2,6,6,,,,,,,,
12104179,2,2,6,6,,,,,,,,,
12104181,2,2,6,6,,,,,,,,,
12104182,2,2,4,7,10,,,,7,,,,
12104183,2,2,6,6,,,,,,,,,
12104185,2,2,6,6,,,,,,,,,
12104186,1,1,6,6,5,,,,4,,,,
12104187,2,2,7,6,,,,,,,,,
12104188,2,2,7,6,,,,7,,,,,
12104190,2,2,4,6,7,,,,,7,,,
12104191,0,0,5,3,,,,,,,,,
12104192,0,0,5,5,,,,,,,,,
12104193,0,0,5,,,,,,,,,,
12104195,0,0,2,3,,,,,,,,,
12104196,0,0,3,5,,,,,,,,,
12104199,2,2,4,7,6,,,,,,,,
12104200,1,1,5,6,4,,,,,,,,
12104201,2,2,6,6,,,,,,,,,
12104579,0,0,3,2,,,,,,,,,
12104580,1,1,0,6,7,,,,,,,,
12104581,2,2,4,6,11,,,,,,,,
12104582,2,2,6,6,,,,,,,,,
12104583,0,0,1,0,,,,,,,,,
12104584,0,0,1,0,,,,,,,,,
12104586,0,0,3,4,,,,,,,,,
12104587,1,1,6,2,3,,,,,,,,
12104588,2,2,6,6,,,,,,,,,
12104590,0,0,3,1,,,,,,,,,
12104611,0,0,6,4,,,,1,,,,,
12104612,1,1,3,7,3,,,,7,,,,
12104724,0,0,4,,,,,,,,,,
12104725,0,0,2,3,,,,,,,,,
12104726,0,0,2,,,,,,,,,,
12104727,0,0,5,2,,,,,,,,,
12104728,0,0,3,2,,,,,,,,,
12104729,0,0,0,,,,,,,,,,
12104730,,,,,,,,,,,,,
12104731,0,0,4,2,,,,,,,,,
12104732,,,,,,,,,,,,,
12104733,1,1,7,1,2,,,8,,,,,
12104734,2,2,7,6,,,,,,,,,
12104735,0,0,3,,,,,,,,,,
12104736,2,2,6,6,,,,,,,,,
12104737,1,1,7,3,3,,,8,,,,,
12104738,2,2,6,6,,,,,,,,,
12104739,0,0,3,,,,,,,,,,
12104797,0,0,5,2,,,,,,,,,
12104798,2,2,3,6,10,,,,,,,,
12104799,2,2,6,2,10,,,,,,,,
12104800,0,0,2,3,,,,,,,,,
12104801,0,0,2,4,,,,,,,,,
12104802,0,0,5,2,,,,,,,,,
12104803,0,0,2,1,,,,,,,,,
12104804,0,0,3,2,,,,,,,,,
12104805,2,2,6,6,,,,,,,,,
12104806,2,2,2,6,12,,,,,,,,
12104807,0,0,1,4,,,,,,,,,
12104808,2,2,6,6,,,,,,,,,
12104809,0,0,4,6,,,,,4,,,,
12104810,0,0,2,2,,,,,,,,,
12104842,1,1,0,6,6,,,,,,,,
12104843,0,0,2,2,,,,,,,,,
12104848,2,2,6,6,10,,,,4,,,,
12104849,0,0,1,4,,,,,,,,,
12104908,0,0,4,2,,,,,,,,,
12104909,,,,,,,,,,,,,
12104911,1,1,4,7,6,,,,7,4,,,
12104912,,,,,,,,,,,,,
12104913,,,,,,,,,,,,,
12104942,,,,,,,,,,,,,
12104943,,,,,,,,,,,,,
12104946,,,,,,,,,,,,,
12104947,1,1,7,4,2,,,,,,,,
12104948,,,,,,,,,,,,,
12104949,,,,,,,,,,,,,
12104952,,,,,,,,,,,,,
12104953,,,,,,,,,,,,,
12104955,,,,,,,,,,,,,
12104963,,,,,,,,,,,,,
12104964,,,,,,,,,,,,,
12104965,0,0,4,4,,,,,,,,,
12104966,0,0,6,,,,,,,,,,
12104967,0,0,5,,,,,,,,,,
12104980,1,1,3,6,6,,,,,,,,
12104981,2,2,6,6,,,,,,,,,
12104982,2,2,6,6,,,,,,,,,
12104983,2,2,6,6,,,,,,,,,
12104985,0,0,0,4,,,,,,,,,
12104986,1,1,7,1,2,,,7,,,,,
12104995,0,0,3,2,,,,,,,,,
12105003,2,2,6,6,,,,,,,,,
12105004,1,1,5,6,2,,,,,,,,
12105039,2,2,6,6,,,,,,,,,
12105040,2,2,6,6,,,,,,,,,
12105041,0,0,4,4,,,,,,,,,
12105042,0,0,0,4,,,,,,,,,
12105043,0,0,3,3,,,,,,,,,
12105044,0,0,3,0,,,,,,,,,
12105045,0,0,2,3,,,,,,,,,
12105050,2,2,6,6,,,,,,,,,
12105058,,,,,,,,,,,,,
12105064,0,0,1,0,,,,,,,,,
12105065,,,,,,,,,,,,,
12105066,,,,,,,,,,,,,
12105067,,,,,,,,,,,,,
12105068,1,1,6,2,,,,,,,,,
12105073,,,,,,,,,,,,,
12105074,0,0,4,4,,,,,,,,,
12105075,,,,,,,,,,,,,
12105077,,,,,,,,,,,,,
12105079,,,,,,,,,,,,,
12105171,2,2,6,6,,,,,,,,,
12105172,0,0,5,3,,,,,,,,,
12105173,2,2,2,6,10,,,,,,,,
12105179,2,2,6,7,,,,,7,,,,
12105180,1,1,6,3,,,,,,,,,
12105183,1,1,6,1,,,,,,,,,
12105186,0,0,1,0,,,,,,,,,
12105187,0,0,2,4,,,,,,,,,
12105190,2,2,7,6,,,,7,,,,,
12105191,,,,,,,,,,,,,
12105192,2,2,6,6,,,,,,,,,
12105193,,,,,,,,,,,,,
12105194,2,2,3,6,10,,,,,,,,
12105196,2,2,6,4,10,,,,,,,,
12105198,2,2,6,6,6,,,,5,,,,
12105199,1,1,3,6,9,,,,,,,,
12105200,2,2,6,6,,,,,,,,,
12105201,1,1,6,5,,,,,,,,,
12105204,,,,,,,,,,,,,
12105205,0,0,4,2,,,,,,,,,
12105206,,,,,,,,,,,,,
12105207,,,,,,,,,,,,,
12105217,,,,,,,,,,,,,
12105218,,,,,,,,,,,,,
12105219,0,0,1,1,,,,,,,,,
12105220,0,0,0,,,,,,,,,,
12105221,2,2,6,6,,,,,,,,,
12105222,1,1,4,7,1,,,,,,,,
12105223,0,0,6,4,,,,5,,,,,
12105224,1,1,6,6,,,,,,,,,
12105253,2,2,6,6,,,,,,,,,
12105268,1,1,7,2,,,,7,,,,,
12105270,,,,,,,,,,,,,
12105271,,,,,,,,,,,,,
12105272,,,,,,,,,,,,,
12105276,0,0,5,0,,,,,,,,,
12105277,,,,,,,,,,,,,
12105278,0,0,5,0,,,,,,,,,
12105279,,,,,,,,,,,,,
12105386,,,,,,,,,,,,,
12105387,2,2,4,6,6,,,,,,,,
12105388,1,1,6,5,,,,,,,,,
12105389,,,,,,,,,,,,,
12105390,,,,,,,,,,,,,
12105394,2,2,6,6,,,,,,,,,
12105395,0,0,1,6,,,,,,,,,
12105399,0,0,5,,,,,,,,,,
12105402,,,,,,,,,,,,,
12105405,,,,,,,,,,,,,
12105407,,,,,,,,,,,,,
12105462,,,,,,,,,,,,,
12105463,,,,,,,,,,,,,
12105464,,,,,,,,,,,,,
12105465,2,2,7,6,,,,,,,,,
12105468,0,0,5,2,,,,,,,,,
12105469,,,,,,,,,,,,,
12105613,,,,,,,,,,,,,
12105614,,,,,,,,,,,,,
12105615,,,,,,,,,,,,,
12105853,,,,,,,,,,,,,
12105854,,,,,,,,,,,,,
12106045,0,0,3,,,,,,,,,,
12106046,0,0,3,,,,,,,,,,
12106047,0,0,2,,,,,,,,,,
12106048,0,0,3,,,,,,,,,,
12106049,,,,,,,,,,,,,
12106050,,,,,,,,,,,,,
12106051,,,,,,,,,,,,,
12106052,,,,,,,,,,,,,
12106053,0,0,2,,,,,,,,,,
12106059,0,0,4,,,,,,,,,,
12106070,0,0,3,,,,,,,,,,
12106072,0,0,3,,,,,,,,,,
12106077,,,,,,,,,,,,,
12106105,,,,,,,,,,,,,
12106158,,,,,,,,,,,,,
12106159,,,,,,,,,,,,,
12106160,,,,,,,,,,,,,
12106347,,,,,,,,,,,,,
12106348,,,,,,,,,,,,,
12107071,0,0,3,2,,,,,,,,,
12107255,,,,,,,,,,,,,
12107256,0,0,3,2,,,,,,,,,
12107257,2,2,6,6,,,,,,,,,
12107258,0,0,4,3,,,,,,,,,
12107259,0,0,3,4,,,,,,,,,
12107350,,,,,,,,,,,,,
12107351,0,0,4,,,,,,,,,,
12107352,,,,,,,,,,,,,
12107353,,,,,,,,,,,,,
12107354,,,,,,,,,,,,,
12107355,,,,,,,,,,,,,
12107365,,,,,,,,,,,,,
12107366,0,0,1,0,,,,,,,,,
12107367,,,,,,,,,,,,,
12107560,,,,,,,,,,,,,
12100242,0,0,0,4,,,,,,,,,
12100229,2,2,2,7,7,,,,,7,,,
12100244,1,1,6,3,1,,,,,,,,
12100223,,,,,,,,,,,,,
12100238,2,2,6,6,7,,,7,,7,,,
12103754,2,2,3,6,6,,,,,,,,
12100240,0,0,2,1,,,,,,,,,
12100227,1,1,4,6,3,,,,,,,,
12103755,2,2,2,6,6,,,,,,,,
12103757,2,2,6,4,6,,,,,,,,
12100236,2,2,6,6,,,,,,,,,
12100225,1,1,6,3,0,,,,,,,,
12103760,2,2,6,6,,,,,,,,,
12100234,1,1,4,7,3,,,,7,,,,
12103759,1,1,3,7,4,,,,,,,,
12100246,2,2,6,3,6,,,,,,,,
12100231,2,2,6,6,,,,,,,,,
12098334,2,2,4,7,6,,,,7,,,,
12102031,1,1,6,3,6,,,,,5,,,
12098340,2,2,6,6,6,,,4,,,,,
12098336,0,0,5,0,,,,,,,,,
12098333,1,1,6,7,6,,,5,7,6,,,
12102033,1,1,4,6,5,,,,,,,,
12098331,2,2,6,4,6,,,,,,,,
12098335,2,2,4,6,6,,,,,,,,
12102035,2,2,6,7,,,,,7,,,,
12098337,,,,,,,,,,,,,
12105058,2,2,6,6,,,,,,,,,
12102032,2,2,6,6,,,,,,,,,
12098330,1,1,6,3,6,,,,,7,,,
12098326,0,0,3,5,,,,,,,,,
12098328,2,2,6,5,6,,,,,,,,
12087887,,,,,,,,,,,,,
12087896,,,,,,,,,,,,,
12087897,,,,,,,,,,,,,
12087894,,,,,,,,,,,,,
12087899,,,,,,,,,,,,,
12100257,2,2,6,6,,,,,,,,,
12102676,2,2,6,7,,,,,7,,,,
12100260,1,1,7,3,6,,,,,2,,,
12102674,1,1,3,7,2,,,,,,,,
12102677,1,1,6,3,5,,,,,,,,
12100261,,,,,,,,,,,,,
12100255,0,0,4,1,,,,,,,,,
12100251,,,,,,,,,,,,,
12102675,0,0,4,4,,,,,,,,,
12100253,0,0,3,2,,,,,,,,,
12100263,0,0,5,6,,,,,,,,,
12105227,2,2,6,3,6,,,,,,,,
12100262,2,2,7,7,,,,7,,,,,
12105229,2,2,7,6,7,,,7,6,7,,,
12099492,2,2,6,6,,,,,,,,,
12103506,0,0,3,0,,,,,,,,,
12103505,0,0,3,3,,,,,,,,,
12103509,2,2,6,5,6,,,,,,,,
12099494,2,2,6,2,6,,,,,,,,
12103507,2,2,6,4,6,,,,,,,,
12099490,2,2,6,5,6,,,,,,,,
12103508,2,2,6,6,,,,,,,,,
12099491,0,0,6,4,,,,7,,,,,
12100832,1,1,4,6,1,,,,,,,,
12099489,0,0,5,2,,,,,,,,,
12099493,2,2,1,6,6,,,,,,,,
12101103,1,1,6,3,1,,,,,,,,
12102823,2,2,6,7,,,,,7,,,,
12101101,0,0,6,4,,,,5,,,,,
12101108,0,0,3,2,,,,,,,,,
12101102,0,0,2,3,,,,,,,,,
12101107,1,1,3,7,6,,,,7,5,,,
12101105,1,1,7,2,4,,,7,,,,,
12101109,1,1,6,2,3,,,,,,,,
12103384,2,2,6,6,,,,,,,,,
12101104,2,2,7,6,,,,,,,,,
12103367,0,0,3,2,,,,,,,,,
12101106,0,0,4,6,,,,,6,,,,
12103386,2,2,6,6,,,,,,,,,
12101096,0,0,4,3,,,,,,,,,
12101100,2,2,6,4,7,,,,,,,,
12103363,0,0,5,3,,,,,,,,,
12099908,2,2,5,6,7,,,,,7,,,
12099897,2,2,6,7,,,,,9,,,,
12099907,0,0,6,5,,,,2,,,,,
12099898,2,2,6,6,,,,,,,,,
12099901,0,0,6,1,,,,9,,,,,
12099903,2,2,6,6,,,,,,,,,
12099896,0,0,4,6,,,,,4,,,,
12099900,0,0,1,2,,,,,,,,,
12099899,2,2,3,6,7,,,,,7,,,
12107351,2,2,6,6,,,,,,,,,
12107352,2,2,6,7,,,,,7,,,,
12099905,0,0,2,3,,,,,,,,,
12107353,2,2,6,5,6,,,,,,,,
12107355,2,2,6,6,,,,,,,,,
12107350,2,2,4,7,6,,,,7,,,,
12107354,0,0,3,2,,,,,,,,,
12088093,,,,,,,,,,,,,
12088098,,,,,,,,,,,,,
12088088,,,,,,,,,,,,,
12088097,,,,,,,,,,,,,
12088089,,,,,,,,,,,,,
12088096,,,,,,,,,,,,,
12088099,,,,,,,,,,,,,
12088087,,,,,,,,,,,,,
12099616,1,1,2,7,3,,,,7,,,,
12099617,0,0,2,4,,,,,,,,,
12099614,2,2,6,6,,,,,,,,,
12099611,0,0,4,6,,,,,4,,,,
12099622,,,,,,,,,,,,,
12099619,1,1,3,6,1,,,,,,,,
12099621,0,0,4,1,,,,,,,,,
12105204,2,2,6,7,6,,,3,10,,,,
12105217,2,2,7,6,,,,7,,,,,
12105207,2,2,4,6,7,,,,,,,,
12105218,0,0,4,4,,,,,,,,,
12105206,2,2,7,7,,,,11,,,,,
12099618,1,1,6,5,6,,,,,4,,,
12099610,2,2,7,6,,,,7,,,,,
12088024,,,,,,,,,,,,,
12088028,,,,,,,,,,,,,
12088023,,,,,,,,,,,,,
12088029,,,,,,,,,,,,,
12099609,,,,,,,,,,,,,
12099027,1,1,4,6,5,,,,,,,,
12099030,1,1,7,2,1,,,8,,,,,
12099026,2,2,6,6,,,,,,,,,
12099024,2,2,6,6,7,,,,2,9,,,
12104911,1,1,4,7,6,,,,7,4,,,
12104908,0,0,4,2,,,,,,,,,
12099021,2,2,6,2,6,,,,,,,,
12099023,1,1,7,5,3,,,7,,,,,
12104913,2,2,6,2,6,,,,,,,,
12099022,2,2,6,6,,,,,,,,,
12104909,2,2,6,6,,,,,,,,,
12104912,0,0,3,3,,,,,,,,,
12099020,2,2,6,6,,,,,,,,,
12088047,0,0,6,1,,,,5,,,,,
12088042,0,0,3,6,,,,,,,,,
12088045,,,,,,,,,,,,,
12088043,,,,,,,,,,,,,
12100226,0,0,2,6,,,,,4,,,,
12100239,1,1,7,1,,,,8,,,,,
12100233,2,2,7,7,,,,7,7,,,,
12100230,2,2,6,6,,,,,,,,,
12104967,0,0,5,4,,,,,,,,,
12104966,2,2,6,6,7,,,5,,9,,,
12104965,1,1,4,6,3,,,,,,,,
12100235,0,0,5,2,,,,,,,,,
12104963,0,0,3,0,,,,,,,,,
12100228,0,0,1,3,,,,,,,,,
12100245,0,0,1,0,,,,,,,,,
12104964,0,0,3,5,,,,,,,,,
12100243,1,1,4,6,3,,,,,,,,
12100237,2,2,6,6,,,,,,,,,
12104960,2,2,1,6,6,,,,,,,,
12104962,2,2,7,6,,,,7,,,,,
12088075,,,,,,,,,,,,,
12088070,,,,,,,,,,,,,
12088065,,,,,,,,,,,,,
12088074,,,,,,,,,,,,,
12097937,,,,,,,,,,,,,
12097936,0,0,5,4,,,,,,,,,
12097935,0,0,2,1,,,,,,,,,
12097939,2,2,7,5,10,,,7,,,,,
12097940,,,,,,,,,,,,,
12110081,0,0,6,,,,,,,,,,
12106837,,,,,,,,,,,,,
12097938,,,,,,,,,,,,,
12097941,,,,,,,,,,,,,
12097934,,,,,,,,,,,,,
12101941,2,2,6,6,6,,,,5,,,,
12102208,1,1,4,6,4,,,,,,,,
12102205,0,0,4,6,,,,,7,,,,
12102333,0,0,4,5,,,,,,,,,
12102520,2,2,6,6,,,,,,,,,
12102796,1,1,7,6,4,,,,3,,,,
12102335,0,0,1,,,,,,,,,,
12106323,0,0,3,4,,,,,,,,,
12106274,2,2,6,6,,,,,,,,,
12106270,1,1,6,4,0,,,,,,,,
12108731,,,,,,,,,,,,,
12106286,,,,,,,,,,,,,
12106272,0,0,0,,,,,,,,,,
12106324,,,,,,,,,,,,,
12106273,,,,,,,,,,,,,
12108727,,,,,,,,,,,,,
12108733,,,,,,,,,,,,,
12106275,,,,,,,,,,,,,
12106269,,,,,,,,,,,,,
12108722,,,,,,,,,,,,,
12108730,,,,,,,,,,,,,
12106276,,,,,,,,,,,,,
12108728,,,,,,,,,,,,,
12105278,0,0,5,2,,,,,,,,,
12105276,0,0,5,2,,,,,,,,,
12105268,1,1,7,2,4,,,7,,,,,
12105271,1,1,6,2,2,,,,,,,,
12105272,2,2,6,6,,,,,,,,,
12105277,0,0,4,1,,,,,,,,,
12105270,0,0,3,5,,,,,,,,,
12105279,0,0,0,3,,,,,,,,,
12106741,,,,,,,,,,,,,
12106749,,,,,,,,,,,,,
12106751,,,,,,,,,,,,,
12108695,,,,,,,,,,,,,
12106750,,,,,,,,,,,,,
12106748,,,,,,,,,,,,,
12106747,,,,,,,,,,,,,
12106745,,,,,,,,,,,,,
12106742,,,,,,,,,,,,,
12104947,1,1,7,4,2,,,,,,,,
12108534,0,0,4,3,,,,,,,,,
12106307,0,0,6,2,,,,4,,,,,
12108547,2,2,6,6,,,,,,,,,
12108544,1,1,6,4,,,,,,,,,
12108535,0,0,2,3,,,,,,,,,
12108545,,,,,,,,,,,,,
12108543,0,0,0,,,,,,,,,,
12106297,,,,,,,,,,,,,
12106289,,,,,,,,,,,,,
12106330,,,,,,,,,,,,,
12108546,,,,,,,,,,,,,
12106295,,,,,,,,,,,,,
12106293,,,,,,,,,,,,,
12106298,,,,,,,,,,,,,
12106296,,,,,,,,,,,,,
12105387,2,2,4,6,6,,,,,,,,
12105394,2,2,6,6,,,,,,,,,
12105395,0,0,1,6,,,,,4,,,,
12105388,2,2,6,6,,,,,,,,,
12105399,1,1,6,3,2,,,,,,,,
12105407,2,2,3,6,7,,,,,7,,,
12105389,2,2,6,6,,,,,,,,,
12105386,0,0,2,3,,,,,,,,,
12105390,1,1,7,5,3,,,,,,,,
12105402,1,1,6,1,3,,,,,,,,
12105405,2,2,6,7,,,,,,,,,
12105398,2,2,6,6,,,,,,,,,
12105403,0,0,2,3,,,,,,,,,
12105397,2,2,6,3,6,,,,,,,,
12105391,2,2,6,5,6,,,,,,,,
12105396,0,0,5,2,,,,,,,,,
12108301,,,,,,,,,,,,,
12107768,,,,,,,,,,,,,
12108805,,,,,,,,,,,,,
12108875,,,,,,,,,,,,,
12108776,,,,,,,,,,,,,
12109048,,,,,,,,,,,,,
12105179,2,2,6,7,,,,,7,,,,
12105187,0,0,2,4,,,,,,,,,
12105201,2,2,6,7,,,,,7,,,,
12105183,2,2,6,6,,,,,,,,,
12105191,0,0,1,0,,,,,,,,,
12106253,,,,,,,,,,,,,
12106252,,,,,,,,,,,,,
12106251,,,,,,,,,,,,,
12106245,,,,,,,,,,,,,
12106262,,,,,,,,,,,,,
12106259,,,,,,,,,,,,,
12106242,,,,,,,,,,,,,
12106264,,,,,,,,,,,,,
12106261,,,,,,,,,,,,,
12106267,,,,,,,,,,,,,
12106260,,,,,,,,,,,,,
12104179,2,2,6,6,,,,,,,,,
12104195,0,0,2,3,,,,,,,,,
12104201,2,2,6,6,,,,,,,,,
12104192,0,0,5,5,,,,,,,,,
12104185,2,2,6,6,,,,,,,,,
12104196,0,0,3,5,,,,,,,,,
12104181,2,2,6,6,,,,,,,,,
12104190,2,2,4,6,7,,,,,7,,,
12106300,0,0,3,5,,,,,,,,,
12106301,0,0,4,2,,,,,,,,,
12106303,2,2,7,3,6,,,7,,,,,
12106309,,,,,,,,,,,,,
12106306,0,0,2,5,,,,,,,,,
12106304,2,2,6,6,,,,,,,,,
12106302,0,0,4,4,,,,,,,,,
12107260,2,2,6,6,,,,,,,,,
12106277,1,1,7,0,,,,7,,,,,
12107750,0,0,4,,,,,,,,,,
12107747,0,0,4,,,,,,,,,,
12107757,0,0,4,,,,,,,,,,
12107743,0,0,3,,,,,,,,,,
12107755,,,,,,,,,,,,,
12107744,,,,,,,,,,,,,
12107756,,,,,,,,,,,,,
12107745,,,,,,,,,,,,,
12107749,,,,,,,,,,,,,
12107753,,,,,,,,,,,,,
12107754,,,,,,,,,,,,,
12107752,,,,,,,,,,,,,
12107742,,,,,,,,,,,,,
12107746,,,,,,,,,,,,,
12107748,,,,,,,,,,,,,
12107758,,,,,,,,,,,,,
12103959,0,0,1,6,,,,,6,,,,
12103983,0,0,1,6,,,,,4,,,,
12103971,1,1,3,7,2,,,,7,,,,
12103992,2,2,6,6,,,,,,,,,
12103995,2,2,6,6,,,,,,,,,
12103967,1,1,6,4,6,,,,,2,,,
12106796,0,0,3,2,,,,,,,,,
12106800,2,2,6,6,,,,,,,,,
12103958,0,0,3,3,,,,,,,,,
12106797,1,1,7,4,5,,,,,,,,
12103991,2,2,6,6,,,,,,,,,
12106798,2,2,6,6,,,,,,,,,
12106795,1,1,6,4,6,,,,,4,,,
12103973,2,2,7,6,,,,,,,,,
12106794,2,2,6,6,,,,,,,,,
12106799,0,0,3,2,,,,,,,,,
12106068,0,0,2,3,,,,,,,,,
12106058,2,2,6,6,,,,,,,,,
12106081,1,1,6,6,1,,,,3,,,,
12106071,1,1,5,6,3,,,,,,,,
12106057,2,2,6,6,,,,,,,,,
12106353,,,,,,,,,,,,,
12109043,,,,,,,,,,,,,
12109042,,,,,,,,,,,,,
12109036,,,,,,,,,,,,,
12109038,,,,,,,,,,,,,
12099504,0,0,3,0,,,,,,,,,
12105074,1,1,4,6,1,,,,,,,,
12105068,2,2,6,6,,,,,,,,,
12105077,0,0,3,1,,,,,,,,,
12105067,2,2,7,6,,,,,,,,,
12106759,,,,,,,,,,,,,
12108426,,,,,,,,,,,,,
12108431,,,,,,,,,,,,,
12108434,,,,,,,,,,,,,
12108421,,,,,,,,,,,,,
12108424,,,,,,,,,,,,,
12108420,,,,,,,,,,,,,
12106761,,,,,,,,,,,,,
12106766,,,,,,,,,,,,,
12106768,,,,,,,,,,,,,
12108425,,,,,,,,,,,,,
12106764,,,,,,,,,,,,,
12106729,0,0,5,2,,,,,,,,,
12108721,2,2,6,6,,,,,,,,,
12106725,1,1,6,3,1,,,,,,,,
12106726,0,0,3,4,,,,,,,,,
12106728,1,1,6,6,0,,,,4,,,,
12108723,0,0,0,,,,,,,,,,
12108725,0,0,0,,,,,,,,,,
12106730,0,0,3,0,,,,,,,,,
12108724,,,,,,,,,,,,,
12106724,,,,,,,,,,,,,
12108726,,,,,,,,,,,,,
12108729,,,,,,,,,,,,,
12108732,,,,,,,,,,,,,
12106732,,,,,,,,,,,,,
12106727,,,,,,,,,,,,,
12106731,,,,,,,,,,,,,
12104587,1,1,6,2,3,,,,,,,,
12104588,2,2,6,6,,,,,,,,,
12104583,0,0,1,0,,,,,,,,,
12104590,0,0,3,1,,,,,,,,,
12107548,0,0,2,4,,,,,,,,,
12106334,0,0,1,0,,,,,,,,,
12107547,2,2,7,6,,,,7,,,,,
12107546,2,2,6,6,,,,,,,,,
12106333,2,2,6,7,,,,,7,,,,
12107545,2,2,6,6,,,,,,,,,
12107544,0,0,5,4,,,,,,,,,
12107550,2,2,6,6,,,,,,,,,
12107549,1,1,4,6,1,,,,,,,,
12106331,0,0,5,1,,,,,,,,,
12106332,1,1,6,1,,,,,,,,,
12107543,0,0,5,0,,,,,,,,,
12104811,0,0,1,3,,,,,,,,,
12104812,0,0,1,3,,,,,,,,,
12106760,0,0,6,,,,,,,,,,
12106762,1,1,6,1,,,,,,,,,
12106763,0,0,5,,,,,,,,,,
12106758,0,0,5,,,,,,,,,,
12107730,1,1,6,0,,,,,,,,,
12107726,,,,,,,,,,,,,
12107725,,,,,,,,,,,,,
12106765,,,,,,,,,,,,,
12107729,,,,,,,,,,,,,
12107724,,,,,,,,,,,,,
12107727,,,,,,,,,,,,,
12106769,,,,,,,,,,,,,
12104108,2,2,6,6,,,,,,,,,
12104102,2,2,6,6,,,,,,,,,
12106311,2,2,3,7,6,,,,,,,,
12106314,1,1,7,4,,,,9,,,,,
12106834,0,0,3,3,,,,,,,,,
12106319,0,0,5,0,,,,,,,,,
12106830,2,2,6,6,,,,,,,,,
12106322,1,1,2,6,1,,,,,,,,
12106320,,,,,,,,,,,,,
12106835,2,2,6,6,,,,,,,,,
12109820,0,0,3,2,,,,,,,,,
12106833,2,2,6,6,,,,,,,,,
12106831,2,2,6,6,6,,,2,,,,,
12106318,1,1,3,6,3,,,,,,,,
12106836,2,2,6,7,,,,,,,,,
12106317,0,0,2,2,,,,,,,,,
12106832,2,2,6,6,,,,,,,,,
12105468,0,0,5,2,,,,,,,,,
12105465,2,2,7,6,,,,,,,,,
12105462,2,2,6,6,,,,,,,,,
12105469,2,2,6,6,,,,,,,,,
12105463,1,1,4,6,0,,,,,,,,
12105464,2,2,7,3,6,,,7,,,,,
12105466,0,0,3,6,,,,,5,,,,
12105467,0,0,3,3,,,,,,,,,
12109019,,,,,,,,,,,,,
12108777,,,,,,,,,,,,,
12106282,,,,,,,,,,,,,
12106279,,,,,,,,,,,,,
12106292,,,,,,,,,,,,,
12106284,,,,,,,,,,,,,
12105246,1,1,4,7,5,,,,,,,,
12105245,0,0,4,5,,,,,,,,,
12105249,2,2,6,4,6,,,,,,,,
12105244,2,2,6,6,,,,,,,,,
12108978,,,,,,,,,,,,,
12106339,,,,,,,,,,,,,
12108983,,,,,,,,,,,,,
12108982,,,,,,,,,,,,,
12108984,,,,,,,,,,,,,
12106338,,,,,,,,,,,,,
12108980,,,,,,,,,,,,,
12108979,,,,,,,,,,,,,
12108981,,,,,,,,,,,,,
12106341,,,,,,,,,,,,,
12106342,,,,,,,,,,,,,
12106340,,,,,,,,,,,,,
12105198,2,2,6,6,6,,,,5,,,,
12105192,2,2,6,6,,,,,,,,,
12105200,2,2,6,6,,,,,,,,,
12105180,2,2,6,6,,,,,,,,,
12105193,0,0,3,2,,,,,,,,,
12108496,0,0,0,,,,,,,,,,
12108497,,,,,,,,,,,,,
12106294,0,0,0,,,,,,,,,,
12108491,0,0,0,,,,,,,,,,
12108495,0,0,1,,,,,,,,,,
12108499,,,,,,,,,,,,,
12106283,0,0,0,,,,,,,,,,
12106285,,,,,,,,,,,,,
12108493,,,,,,,,,,,,,
12108492,,,,,,,,,,,,,
12108494,,,,,,,,,,,,,
12104193,0,0,5,,,,,,,,,,
12104178,2,2,2,6,6,,,,,,,,
12104188,2,2,7,6,,,,7,,,,,
12104199,2,2,4,7,6,,,,,,,,
12104183,2,2,6,6,,,,,,,,,
12104177,1,1,6,1,,,,,,,,,
12104191,0,0,5,3,,,,,,,,,
12106369,0,0,3,1,,,,,,,,,
12106366,2,2,6,6,6,,,6,,,,,
12106367,1,1,6,1,,,,,,,,,
12106370,0,0,4,4,,,,,,,,,
12106368,2,2,6,2,6,,,,,,,,
12106371,1,1,6,3,2,,,,,,,,
12106373,2,2,3,6,6,,,,,,,,
12106374,2,2,6,6,,,,,,,,,
12106372,1,1,4,6,2,,,,,,,,
12104737,1,1,7,3,3,,,8,,,,,
12104730,,,,,,,,,,,,,
12107071,0,0,3,2,,,,,,,,,
12104738,2,2,6,6,,,,,,,,,
12104733,1,1,7,1,2,,,8,,,,,
12104731,0,0,4,2,,,,,,,,,
12104734,2,2,7,6,,,,,,,,,
12104725,0,0,2,3,,,,,,,,,
12104736,2,2,6,6,,,,,,,,,
12104728,0,0,3,2,,,,,,,,,
12104727,0,0,5,2,,,,,,,,,
12104724,1,1,7,4,4,,,,,,,,
12104729,0,0,0,4,,,,,,,,,
12104735,2,2,6,6,,,,,,,,,
12104739,2,2,6,6,,,,,,,,,
12104726,2,2,6,6,,,,,,,,,
12104732,2,2,6,6,,,,,,,,,
12107838,1,1,6,0,,,,,,,,,
12107959,0,0,6,,,,,,,,,,
12107527,0,0,3,0,,,,,,,,,
12107943,,,,,,,,,,,,,
12107717,,,,,,,,,,,,,
12107981,,,,,,,,,,,,,
12108144,,,,,,,,,,,,,
12107982,,,,,,,,,,,,,
12108468,0,0,0,3,,,,,,,,,
12108462,0,0,1,2,,,,,,,,,
12108467,2,2,6,6,,,,,,,,,
12108455,1,1,7,0,,,,,,,,,
12108464,0,0,0,,,,,,,,,,
12108469,0,0,1,,,,,,,,,,
12108461,0,0,1,,,,,,,,,,
12108454,,,,,,,,,,,,,
12108458,,,,,,,,,,,,,
12108457,,,,,,,,,,,,,
12108473,,,,,,,,,,,,,
12108456,,,,,,,,,,,,,
12108459,,,,,,,,,,,,,
12108465,,,,,,,,,,,,,
12108466,,,,,,,,,,,,,
12108463,,,,,,,,,,,,,
12106032,2,2,6,6,,,,,,,,,
12106033,0,0,4,3,,,,,,,,,
12106030,2,2,7,6,,,,11,,,,,
12103961,0,0,5,6,,,,,4,,,,
12103970,2,2,6,6,,,,,,,,,
12103979,2,2,6,6,,,,,,,,,
12103955,2,2,7,6,,,,,,,,,
12103993,0,0,1,0,,,,,,,,,
12106362,1,1,6,1,2,,,,,,,,
12106359,2,2,6,7,,,,,10,,,,
12106363,2,2,6,6,,,,,,,,,
12103974,1,1,2,7,1,,,,,,,,
12106364,2,2,3,6,6,,,,,,,,
12103957,0,0,2,4,,,,,,,,,
12106361,2,2,6,6,,,,,,,,,
12106360,2,2,6,6,,,,,,,,,
12103988,0,0,5,1,,,,,,,,,
12106358,2,2,6,6,,,,,,,,,
12103954,1,1,6,3,4,,,,,,,,
12105208,1,1,6,4,3,,,,,,,,
12105210,2,2,6,6,,,,,,,,,
12105209,0,0,4,2,,,,,,,,,
12105213,2,2,6,2,6,,,,,,,,
12108422,0,0,1,,,,,,,,,,
12108429,0,0,4,,,,,,,,,,
12108432,0,0,4,,,,,,,,,,
12108433,,,,,,,,,,,,,
12108436,,,,,,,,,,,,,
12106786,,,,,,,,,,,,,
12106785,,,,,,,,,,,,,
12106787,,,,,,,,,,,,,
12108423,,,,,,,,,,,,,
12106789,,,,,,,,,,,,,
12108430,,,,,,,,,,,,,
12108427,,,,,,,,,,,,,
12106066,2,2,7,6,,,,7,,,,,
12106065,2,2,6,3,6,,,,,,,,
12106063,2,2,6,6,,,,,,,,,
12106054,2,2,6,6,6,,,,2,,,,
12106056,1,1,2,6,3,,,,,,,,
12106062,0,0,0,1,,,,,,,,,
12106073,2,2,6,6,,,,,,,,,
12109027,,,,,,,,,,,,,
12109032,,,,,,,,,,,,,
12109029,,,,,,,,,,,,,
12109028,,,,,,,,,,,,,
12109030,,,,,,,,,,,,,
12109031,,,,,,,,,,,,,
12109037,,,,,,,,,,,,,
12109034,,,,,,,,,,,,,
12109033,,,,,,,,,,,,,
12104200,1,1,5,6,4,,,,,,,,
12104182,2,2,4,7,10,,,,7,,,,
12104187,2,2,7,6,,,,,,,,,
12104186,1,1,6,6,5,,,,4,,,,
12107406,,,,,,,,,,,,,
12106315,1,1,1,6,6,,,,,,,,
12106313,0,0,4,4,,,,,,,,,
12106310,2,2,6,6,,,,,,,,,
12106312,0,0,5,5,,,,,,,,,
12102047,0,0,3,2,,,,,,,,,
12102059,2,2,6,6,,,,,,,,,
12102073,2,2,6,6,,,,,,,,,
12102050,1,1,3,6,6,,,,,,,,
12102065,2,2,6,3,10,,,,,,,,
12102067,0,0,6,1,,,,,,,,,
12102051,2,2,2,7,10,,,,,,,,
12102078,0,0,6,2,,,,,,,,,
12102058,0,0,2,3,,,,,,,,,
12102066,2,2,6,6,,,,,,,,,
12102074,0,0,1,1,,,,,,,,,
12102075,0,0,0,1,,,,,,,,,
12102069,2,2,5,6,10,,,,,,,,
12102071,0,0,4,1,,,,,,,,,
12102056,2,2,6,6,,,,,,,,,
12102063,2,2,6,6,,,,,,,,,
12107687,2,2,6,6,,,,,,,,,
12107367,0,0,4,2,,,,,,,,,
12107257,2,2,6,6,,,,,,,,,
12107255,0,0,4,3,,,,,,,,,
12107365,0,0,4,5,,,,,,,,,
12107686,2,2,6,6,,,,,,,,,
12107560,2,2,6,6,,,,,,,,,
12107684,0,0,1,4,,,,,,,,,
12102519,0,0,1,2,,,,,,,,,
12102514,0,0,1,1,,,,,,,,,
12104848,2,2,6,6,10,,,,4,,,,
12104849,0,0,1,4,,,,,,,,,
12105064,0,0,1,0,,,,,,,,,
12104955,0,0,1,0,,,,,,,,,
12104952,0,0,3,4,,,,,,,,,
12104953,0,0,3,3,,,,,,,,,
12104943,0,0,3,2,,,,,,,,,
12104949,1,1,6,5,7,,,,,,,,
12104946,0,0,3,1,,,,,,,,,
12104942,2,2,6,3,10,,,,,,,,
12104948,0,0,2,1,,,,,,,,,
12102301,2,2,6,6,10,,,7,,,,,
12102300,1,1,6,4,5,,,,,,,,
12102298,0,0,4,3,,,,,,,,,
12102297,0,0,2,3,,,,,,,,,
12104799,2,2,6,2,10,,,,,,,,
12104801,0,0,2,4,,,,,,,,,
12104802,0,0,5,2,,,,,,,,,
12104798,2,2,3,6,10,,,,,,,,
12104797,0,0,5,2,,,,,,,,,
12104843,0,0,2,2,,,,,,,,,
12104800,0,0,2,3,,,,,,,,,
12104842,1,1,0,6,6,,,,,,,,
12102623,,,,,,,,,,,,,
12102496,2,2,6,6,,,,,,,,,
12102528,2,2,6,6,,,,,,,,,
12102518,0,0,3,5,,,,,,,,,
12105040,2,2,6,6,,,,,,,,,
12105039,2,2,6,6,,,,,,,,,
12105045,0,0,2,3,,,,,,,,,
12105044,0,0,3,0,,,,,,,,,
12105042,0,0,0,4,,,,,,,,,
12105041,0,0,4,4,,,,,,,,,
12105050,2,2,6,6,,,,,,,,,
12105043,0,0,3,3,,,,,,,,,
12103978,1,1,1,6,2,,,,,,,,
12103977,2,2,6,7,10,,,2,,,,,
12103951,0,0,1,3,,,,,,,,,
12103980,0,0,6,4,,,,5,,,,,
12103949,0,0,4,5,,,,,,,,,
12103956,0,0,1,1,,,,,,,,,
12103950,0,0,4,4,,,,,,,,,
12103952,1,1,6,7,7,,,3,,,,,
12103434,0,0,0,1,,,,,,,,,
12103444,2,2,6,6,,,,,,,,,
12103449,0,0,3,2,,,,,,,,,
12103445,0,0,3,2,,,,,,,,,
12103443,2,2,6,6,,,,,,,,,
12103432,2,2,4,6,11,,,,,,,,
12103441,0,0,4,1,,,,,,,,,
12103448,2,2,6,6,,,,,,,,,
12103430,2,2,6,6,,,,,,,,,
12103452,0,0,1,4,,,,,,,,,
12103446,0,0,3,5,,,,,,,,,
12103433,0,0,2,3,,,,,,,,,
12103429,2,2,7,7,,,,,,,,,
12103427,2,2,5,6,10,,,,,,,,
12103442,1,1,6,5,1,,,,,,,,
12103436,2,2,6,7,,,,,,,,,
12106059,2,2,6,6,,,,,,,,,
12106048,1,1,7,3,6,,,,,,,,
12106046,2,2,3,6,10,,,,,,,,
12106070,0,0,4,3,,,,,,,,,
12106047,0,0,6,6,,,,6,1,,,,
12106053,2,2,7,4,10,,,10,,,,,
12106072,2,2,6,6,,,,,,,,,
12106045,0,0,4,0,,,,,,,,,
12102196,2,2,6,6,,,,,,,,,
12102509,0,0,2,1,,,,,,,,,
12102194,0,0,6,1,,,,,,,,,
12102510,2,2,6,6,,,,,,,,,
12102198,0,0,5,2,,,,,,,,,
12102508,0,0,6,1,,,,,,,,,
12102504,0,0,3,5,,,,,,,,,
12102506,2,2,6,6,,,,,,,,,
12102195,2,2,6,6,,,,,,,,,
12102199,0,0,3,4,,,,,,,,,
12102191,2,2,6,2,10,,,,,,,,
12102192,0,0,2,6,,,,,,,,,
12102197,1,1,1,6,1,,,,,,,,
12102193,2,2,3,6,10,,,,,,,,
12102505,2,2,1,7,10,,,,,,,,
12102507,2,2,6,6,,,,,,,,,
12105079,2,2,7,7,,,,,,,,,
12105614,1,1,6,2,7,,,,,,,,
12105073,2,2,3,6,10,,,,,,,,
12105066,2,2,1,7,11,,,,,,,,
12105065,0,0,3,2,,,,,,,,,
12105615,2,2,4,6,10,,,,,,,,
12105075,0,0,4,2,,,,,,,,,
12105613,2,2,5,7,10,,,,,,,,
12102053,0,0,1,6,,,,,,,,,
12102077,2,2,6,6,,,,,,,,,
12102055,2,2,7,7,,,,,,,,,
12102052,0,0,0,4,,,,,,,,,
12102057,0,0,0,0,,,,,,,,,
12102062,0,0,0,0,,,,,,,,,
12102064,2,2,6,6,,,,,,,,,
12102048,0,0,1,3,,,,,,,,,
12102072,2,2,6,7,,,,,,,,,
12102068,2,2,6,6,,,,,,,,,
12102054,1,1,4,7,4,,,,,,,,
12102049,2,2,6,6,,,,,,,,,
12102060,1,1,7,1,4,,,,,,,,
12102070,0,0,0,1,,,,,,,,,
12102061,2,2,6,6,,,,,,,,,
12102076,0,0,4,0,,,,,,,,,
12107258,0,0,4,3,,,,,,,,,
12107256,0,0,3,2,,,,,,,,,
12107259,0,0,3,4,,,,,,,,,
12107366,0,0,1,0,,,,,,,,,
12107683,2,2,6,2,10,,,,,,,,
12107688,0,0,2,2,,,,,,,,,
12107685,0,0,2,2,,,,,,,,,
12107762,0,0,1,5,,,,,,,,,
12104580,1,1,0,6,7,,,,,,,,
12104581,2,2,4,6,11,,,,,,,,
12104584,0,0,1,0,,,,,,,,,
12104579,0,0,3,2,,,,,,,,,
12104582,2,2,6,6,,,,,,,,,
12104586,0,0,3,4,,,,,,,,,
12104611,0,0,6,4,,,,1,,,,,
12104612,1,1,3,7,3,,,,7,,,,
12104807,0,0,1,4,,,,,,,,,
12104808,2,2,6,6,,,,,,,,,
12104803,0,0,2,1,,,,,,,,,
12104804,0,0,3,2,,,,,,,,,
12104809,0,0,4,6,,,,,4,,,,
12104806,2,2,2,6,12,,,,,,,,
12104805,2,2,6,6,,,,,,,,,
12104810,0,0,2,2,,,,,,,,,
12104101,0,0,1,0,,,,,,,,,
12104100,0,0,2,3,,,,,,,,,
12104096,1,1,3,7,6,,,,7,,,,
12104103,2,2,6,4,10,,,,,,,,
12104098,2,2,6,6,,,,,,,,,
12104097,2,2,6,6,,,,,,,,,
12104099,2,2,6,3,10,,,,,,,,
12104104,1,1,3,6,6,,,,,,,,
12102291,1,1,4,7,5,,,,7,,,,
12102517,0,0,3,6,,,,,5,,,,
12102642,2,2,2,6,6,,,,,,,,
12102289,,,,,,,,,,,,,
12102163,2,2,6,6,,,,,,,,,
12102157,1,1,6,0,9,,,,,,,,
12102165,0,0,3,2,,,,,,,,,
12102162,0,0,2,1,,,,,,,,,
12102158,0,0,4,6,,,,,,,,,
12102164,2,2,6,6,,,,,,,,,
12102156,2,2,6,6,,,,,,,,,
12102160,0,0,5,6,,,,,,,,,
12102161,2,2,6,6,,,,,,,,,
12102167,0,0,3,1,,,,,,,,,
12102170,1,1,6,2,8,,,,,,,,
12102169,1,1,6,4,8,,,,,,,,
12102166,2,2,2,7,10,,,,,,,,
12105854,1,1,1,6,5,,,,,,,,
12102159,1,1,6,1,4,,,,,,,,
12102168,2,2,7,4,10,,,,,,,,
12106348,2,2,6,2,10,,,,,,,,
12106105,0,0,3,2,,,,,,,,,
12105853,2,2,6,6,,,,,,,,,
12102202,2,2,6,6,,,,,,,,,
12106365,2,2,6,6,,,,,,,,,
12106347,2,2,6,1,10,,,,,,,,
12108003,0,0,2,2,,,,,,,,,
12108713,,,,,,,,,,,,,
12102646,2,2,6,6,10,,,,,,,,
12102612,,,,,,,,,,,,,
12102598,,,,,,,,,,,,,
12102601,0,0,2,3,,,,,,,,,
12102593,2,2,6,2,10,,,,,,,,
12105190,2,2,7,6,,,,7,,,,,
12105196,2,2,6,4,10,,,,,,,,
12105172,0,0,5,3,,,,,,,,,
12105194,2,2,3,6,10,,,,,,,,
12105173,2,2,2,6,10,,,,,,,,
12105199,1,1,3,6,9,,,,,,,,
12105186,0,0,1,0,,,,,,,,,
12105171,2,2,6,6,,,,,,,,,
12104982,2,2,6,6,,,,,,,,,
12104983,2,2,6,6,,,,,,,,,
12104986,1,1,7,1,2,,,7,,,,,
12104980,1,1,3,6,6,,,,,,,,
12104981,2,2,6,6,,,,,,,,,
12105003,2,2,6,6,,,,,,,,,
12104985,0,0,0,4,,,,,,,,,
12105004,1,1,5,6,2,,,,,,,,
12103462,2,2,3,6,10,,,,,,,,
12103461,1,1,6,1,8,,,,,,,,
12103459,2,2,6,6,10,,,,,,,,
12103470,2,2,6,7,,,,,,,,,
12103466,0,0,2,0,,,,,,,,,
12103463,2,2,6,6,,,,,,,,,
12103467,0,0,4,1,,,,,,,,,
12103471,0,0,1,1,,,,,,,,,
12103464,0,0,4,0,,,,,,,,,
12103474,0,0,1,2,,,,,,,,,
12103473,1,1,3,6,9,,,,,,,,
12103465,0,0,5,5,,,,,,,,,
12103460,1,1,4,6,7,,,,,,,,
12103468,2,2,6,6,,,,,,,,,
12103472,1,1,6,6,2,,,,,,,,
12103469,2,2,6,7,,,,,,,,,
12106035,1,1,4,7,5,,,,,,,,
12106029,2,2,6,6,,,,,,,,,
12106034,2,2,7,6,,,,7,,,,,
12106036,1,1,1,6,5,,,,,,,,
12106336,0,0,4,0,,,,,,,,,
12106037,2,2,6,2,14,,,,,,,,
12106031,0,0,1,0,,,,,,,,,
12106337,1,1,6,4,8,,,,,,,,
12103989,0,0,0,1,,,,,,,,,
12103984,0,0,4,3,,,,,,,,,
12103948,0,0,1,1,,,,,,,,,
12103981,0,0,0,2,,,,,,,,,
12103990,0,0,2,2,,,,,,,,,
12103953,0,0,2,5,,,,,,,,,
12103985,1,1,7,3,1,,,,,,,,
12103996,0,0,3,3,,,,,,,,,
12102573,0,0,1,1,,,,,,,,,
12102569,2,2,6,0,6,,,,,,,,
12102571,0,0,3,1,,,,,,,,,
12102561,2,2,4,6,7,,,,,7,,,
12102572,0,0,4,1,,,,,,,,,
12102563,0,0,4,0,,,,,,,,,
12102566,2,2,6,6,,,,,,,,,
12102574,,,,,,,,,,,,,
12104995,0,0,3,2,,,,,,,,,
12102559,2,2,6,6,,,,,,,,,
12105205,0,0,4,2,,,,,,,,,
12105222,1,1,4,7,1,,,,,,,,
12105221,2,2,6,6,,,,,,,,,
12105219,0,0,1,1,,,,,,,,,
12105223,0,0,6,4,,,,5,,,,,
12105253,2,2,6,6,,,,,,,,,
12105224,2,2,6,7,,,,,7,,,,
12105220,0,0,1,1,,,,,,,,,
12103453,1,1,3,7,7,,,,,,,,
12103431,2,2,6,6,,,,,,,,,
12103451,2,2,6,3,10,,,,,,,,
12103439,2,2,6,6,,,,,,,,,
12103447,0,0,2,0,,,,,,,,,
12103457,2,2,6,6,,,,,,,,,
12103438,0,0,4,1,,,,,,,,,
12103437,2,2,6,6,,,,,,,,,
12103450,0,0,4,5,,,,,,,,,
12103435,2,2,6,6,,,,,,,,,
12103455,0,0,4,5,,,,,,,,,
12103440,1,1,6,2,6,,,,,,,,
12103454,0,0,1,2,,,,,,,,,
12103456,2,2,2,6,10,,,,,,,,
12103428,2,2,7,6,,,,,,,,,
12103426,2,2,6,6,,,,,,,,,
12106050,2,2,6,7,,,,,,,,,
12106077,2,2,6,6,,,,,,,,,
12106159,2,2,6,7,,,,,,,,,
12106158,2,2,7,6,,,,,,,,,
12106052,1,1,6,0,8,,,,,,,,
12106051,0,0,3,4,,,,,,,,,
12106049,1,1,3,7,8,,,,,,,,
12106160,2,2,6,6,,,,,,,,,
12087273,2,2,5,7,6,,,,7,,,,
12087278,2,2,6,6,,,,,,,,,
12087280,1,1,6,3,4,,,,,,,,
12087281,0,0,0,4,,,,,,,,,
12087306,0,0,1,2,,,,,,,,,
12087312,2,2,6,6,,,,,,,,,
12087315,2,2,6,6,,,,,,,,,
12087316,0,0,3,6,,,,,5,,,,
12087887,0,0,6,6,,,,8,2,,,,
12087888,1,1,6,3,3,,,,,,,,
12087890,0,0,4,1,,,,,,,,,
12087891,0,0,6,4,,,,5,,,,,
12087892,1,1,7,1,,,,9,,,,,
12087893,1,1,6,4,,,,,,,,,
12087894,2,2,6,6,,,,,,,,,
12087896,2,2,6,6,,,,,,,,,
12087897,1,1,7,6,4,,,8,5,,,,
12087899,2,2,6,6,,,,,,,,,
12087914,0,0,4,5,,,,,,,,,
12087915,2,2,6,6,,,,,,,,,
12087916,2,2,6,6,,,,,,,,,
12087918,2,2,7,6,,,,7,,,,,
12087919,1,1,6,6,3,,,1,,,,,
12087921,0,0,1,3,,,,,,,,,
12087926,2,2,6,7,,,,,8,,,,
12087928,2,2,6,5,6,,,,,,,,
12087940,2,2,6,6,6,,,,5,,,,
12087943,2,2,7,6,6,,,7,5,,,,
12087944,2,2,6,6,,,,,,,,,
12087948,0,0,6,2,,,,4,,,,,
12088022,2,2,7,7,,,,7,7,,,,
12088023,1,1,4,6,3,,,,,,,,
12088024,0,0,5,2,,,,,,,,,
12088025,2,2,6,7,,,,,,,,,
12088028,0,0,4,5,,,,,,,,,
12088029,1,1,7,2,,,,,,,,,
12088039,0,0,5,3,,,,,,,,,
12088041,2,2,6,6,,,,,,,,,
12088042,0,0,3,6,,,,,,,,,
12088043,2,2,7,6,,,,,,,,,
12088044,2,2,7,6,,,,,,,,,
12088045,,,,,,,,,,,,,
12088047,0,0,6,1,,,,5,,,,,
12088048,0,0,3,0,,,,,,,,,
12088055,2,2,6,6,,,,,,,,,
12088059,0,0,4,4,,,,,,,,,
12088060,1,1,6,7,6,,,4,7,,,,
12088061,2,2,6,7,,,,,,,,,
12088064,2,2,3,6,7,,,,,7,,,
12088065,1,1,6,3,6,,,,,4,,,
12088066,1,1,3,7,4,,,,7,,,,
12088069,0,0,4,5,,,,,,,,,
12088070,1,1,6,3,5,,,,,,,,
12088074,0,0,4,4,,,,,,,,,
12088075,2,2,6,6,6,,,,5,,,,
12088087,0,0,2,2,,,,,,,,,
12088088,2,2,6,7,,,,,,,,,
12088089,2,2,6,6,,,,,,,,,
12088091,2,2,4,6,6,,,,,,,,
12088093,0,0,5,4,,,,,,,,,
12088094,2,2,7,6,,,,,,,,,
12088096,2,2,7,6,7,,,,4,7,,,
12088097,2,2,6,3,6,,,,,,,,
12088098,0,0,3,0,,,,,,,,,
12088099,2,2,1,7,6,,,,7,,,,
12088100,2,2,6,6,,,,,,,,,
12097934,2,2,7,6,,,,7,,,,,
12097938,2,2,6,6,,,,,,,,,
12097940,,,,,,,,,,,,,
12097941,,,,,,,,,,,,,
12098326,0,0,3,5,,,,,,,,,
12098328,2,2,6,5,6,,,,,,,,
12098330,1,1,6,3,6,,,,,7,,,
12098337,,,,,,,,,,,,,
12099020,2,2,6,6,,,,,,,,,
12099489,0,0,5,2,,,,,,,,,
12099490,2,2,6,5,6,,,,,,,,
12099491,0,0,6,4,,,,7,,,,,
12099493,2,2,1,6,6,,,,,,,,
12099609,0,0,4,4,,,,,,,,,
12099610,2,2,7,6,,,,7,,,,,
12099613,2,2,6,5,6,,,,,,,,
12099618,1,1,6,5,6,,,,,4,,,
12100225,1,1,6,3,0,,,,,,,,
12100228,0,0,1,3,,,,,,,,,
12100231,2,2,6,6,,,,,,,,,
12100234,1,1,4,7,3,,,,7,,,,
12100235,0,0,5,2,,,,,,,,,
12100236,2,2,6,6,,,,,,,,,
12100237,2,2,6,6,,,,,,,,,
12100243,1,1,4,6,3,,,,,,,,
12100245,0,0,1,0,,,,,,,,,
12100246,2,2,6,3,6,,,,,,,,
12100251,,,,,,,,,,,,,
12100253,0,0,3,2,,,,,,,,,
12100255,0,0,4,1,,,,,,,,,
12100261,,,,,,,,,,,,,
12100262,2,2,7,7,,,,7,,,,,
12100263,0,0,5,6,,,,,,,,,
12100832,1,1,4,6,1,,,,,,,,
12101096,0,0,4,3,,,,,,,,,
12101100,2,2,6,4,7,,,,,,,,
12101102,0,0,2,3,,,,,,,,,
12101104,2,2,7,6,,,,,,,,,
12101105,1,1,7,2,4,,,7,,,,,
12101106,0,0,4,6,,,,,6,,,,
12101107,1,1,3,7,6,,,,7,5,,,
12101109,1,1,6,2,3,,,,,,,,
12102032,2,2,6,6,,,,,,,,,
12102168,2,2,7,4,10,,,,,,,,
12102202,2,2,6,6,,,,,,,,,
12102675,0,0,4,4,,,,,,,,,
12102677,1,1,6,3,5,,,,,,,,
12103363,0,0,5,3,,,,,,,,,
12103367,0,0,3,2,,,,,,,,,
12103384,2,2,6,6,,,,,,,,,
12103386,2,2,6,6,,,,,,,,,
12103508,2,2,6,6,,,,,,,,,
12103757,2,2,6,4,6,,,,,,,,
12103759,1,1,3,7,4,,,,,,,,
12103760,2,2,6,6,,,,,,,,,
12103954,1,1,6,3,4,,,,,,,,
12103957,0,0,2,4,,,,,,,,,
12103958,0,0,3,3,,,,,,,,,
12103973,2,2,7,6,,,,,,,,,
12103974,1,1,2,7,1,,,,,,,,
12103988,0,0,5,1,,,,,,,,,
12103991,2,2,6,6,,,,,,,,,
12103993,0,0,1,0,,,,,,,,,
12104732,2,2,6,6,,,,,,,,,
12104811,0,0,1,3,,,,,,,,,
12104812,0,0,1,3,,,,,,,,,
12104909,2,2,6,6,,,,,,,,,
12104912,0,0,3,3,,,,,,,,,
12104960,2,2,1,6,6,,,,,,,,
12104962,2,2,7,6,,,,7,,,,,
12104963,0,0,3,0,,,,,,,,,
12104964,0,0,3,5,,,,,,,,,
12105058,2,2,6,6,,,,,,,,,
12105067,2,2,7,6,,,,,,,,,
12105077,0,0,3,1,,,,,,,,,
12105191,0,0,1,0,,,,,,,,,
12105193,0,0,3,2,,,,,,,,,
12105206,2,2,7,7,,,,11,,,,,
12105207,2,2,4,6,7,,,,,,,,
12105208,1,1,6,4,3,,,,,,,,
12105209,0,0,4,2,,,,,,,,,
12105210,2,2,6,6,,,,,,,,,
12105213,2,2,6,2,6,,,,,,,,
12105216,1,1,4,6,1,,,,,,,,
12105217,2,2,7,6,,,,7,,,,,
12105218,0,0,4,4,,,,,,,,,
12105220,0,0,1,1,,,,,,,,,
12105224,2,2,6,7,,,,,7,,,,
12105227,2,2,6,3,6,,,,,,,,
12105229,2,2,7,6,7,,,7,6,7,,,
12105244,2,2,6,6,,,,,,,,,
12105245,0,0,4,5,,,,,,,,,
12105246,1,1,4,7,5,,,,,,,,
12105249,2,2,6,4,6,,,,,,,,
12105253,2,2,6,6,,,,,,,,,
12105270,0,0,3,5,,,,,,,,,
12105271,1,1,6,2,2,,,,,,,,
12105272,2,2,6,6,,,,,,,,,
12105277,0,0,4,1,,,,,,,,,
12105279,0,0,0,3,,,,,,,,,
12105386,0,0,2,3,,,,,,,,,
12105390,1,1,7,5,3,,,,,,,,
12105391,2,2,6,5,6,,,,,,,,
12105396,0,0,5,2,,,,,,,,,
12105397,2,2,6,3,6,,,,,,,,
12105398,2,2,6,6,,,,,,,,,
12105402,1,1,6,1,3,,,,,,,,
12105403,0,0,2,3,,,,,,,,,
12105405,2,2,6,7,,,,,,,,,
12105463,1,1,4,6,0,,,,,,,,
12105464,2,2,7,3,6,,,7,,,,,
12105466,0,0,3,6,,,,,5,,,,
12105467,0,0,3,3,,,,,,,,,
12105469,2,2,6,6,,,,,,,,,
12105853,2,2,6,6,,,,,,,,,
12106029,2,2,6,6,,,,,,,,,
12106030,2,2,7,6,,,,11,,,,,
12106031,0,0,1,0,,,,,,,,,
12106032,2,2,6,6,,,,,,,,,
12106033,0,0,4,3,,,,,,,,,
12106034,2,2,7,6,,,,7,,,,,
12106035,1,1,4,7,5,,,,,,,,
12106036,1,1,1,6,5,,,,,,,,
12106037,2,2,6,2,14,,,,,,,,
12106045,0,0,4,0,,,,,,,,,
12106046,2,2,3,6,10,,,,,,,,
12106047,0,0,6,6,,,,6,1,,,,
12106048,1,1,7,3,6,,,,,,,,
12106049,1,1,3,7,8,,,,,,,,
12106050,2,2,6,7,,,,,,,,,
12106051,0,0,3,4,,,,,,,,,
12106052,1,1,6,0,8,,,,,,,,
12106053,2,2,7,4,10,,,10,,,,,
12106054,2,2,6,6,6,,,,2,,,,
12106056,1,1,2,6,3,,,,,,,,
12106057,2,2,6,6,,,,,,,,,
12106058,2,2,6,6,,,,,,,,,
12106062,0,0,0,1,,,,,,,,,
12106063,2,2,6,6,,,,,,,,,
12106065,2,2,6,3,6,,,,,,,,
12106066,2,2,7,6,,,,7,,,,,
12106068,0,0,2,3,,,,,,,,,
12106070,0,0,4,3,,,,,,,,,
12106071,1,1,5,6,3,,,,,,,,
12106072,2,2,6,6,,,,,,,,,
12106073,2,2,6,6,,,,,,,,,
12106077,2,2,6,6,,,,,,,,,
12106081,1,1,6,6,1,,,,3,,,,
12106105,0,0,3,2,,,,,,,,,
12106158,2,2,7,6,,,,,,,,,
12106159,2,2,6,7,,,,,,,,,
12106160,2,2,6,6,,,,,,,,,
12106242,0,0,4,6,,,,,9,,,,
12106243,,,,,,,,,,,,,
12106245,1,1,7,3,,,,,,,,,
12106246,2,2,7,4,6,,,7,,,,,
12106250,2,2,4,6,6,,,,,,,,
12106251,0,0,2,4,,,,,,,,,
12106252,2,2,6,4,6,,,,,,,,
12106253,2,2,6,7,,,,,,,,,
12106255,2,2,7,6,,,,7,,,,,
12106256,2,2,6,7,,,,,,,,,
12106259,0,0,3,6,,,,,6,,,,
12106260,0,0,3,3,,,,,,,,,
12106261,2,2,6,6,,,,,,,,,
12106262,2,2,6,3,6,,,,,,,,
12106263,0,0,3,3,,,,,,,,,
12106264,2,2,2,6,6,,,,,,,,
12106267,2,2,6,6,,,,,,,,,
12106269,0,0,1,2,,,,,,,,,
12106270,1,1,6,4,3,,,,,,,,
12106272,2,2,6,7,,,,,,,,,
12106273,0,0,3,4,,,,,,,,,
12106274,2,2,6,6,,,,,,,,,
12106275,0,0,5,2,,,,,,,,,
12106276,0,0,4,1,,,,,,,,,
12106277,2,2,7,6,,,,7,,,,,
12106278,2,2,6,2,6,,,,,,,,
12106279,2,2,6,6,,,,,,,,,
12106281,2,2,1,6,6,,,,,,,,
12106282,2,2,6,6,,,,,,,,,
12106283,1,1,7,2,3,,,7,,,,,
12106284,0,0,3,4,,,,,,,,,
12106285,0,0,6,3,,,,2,,,,,
12106286,2,2,6,6,,,,,,,,,
12106287,2,2,6,3,6,,,,,,,,
12106288,0,0,1,2,,,,,,,,,
12106289,1,1,6,3,5,,,,,,,,
12106292,0,0,2,0,,,,,,,,,
12106293,2,2,6,6,,,,,,,,,
12106294,1,1,4,6,3,,,,,,,,
12106295,1,1,6,1,6,,,,,3,,,
12106296,0,0,4,4,,,,,,,,,
12106297,2,2,4,6,6,,,,,,,,
12106298,2,2,6,6,6,,,,6,,,,
12106300,0,0,3,5,,,,,,,,,
12106301,0,0,4,2,,,,,,,,,
12106302,0,0,4,4,,,,,,,,,
12106303,2,2,7,3,6,,,7,,,,,
12106304,2,2,6,6,,,,,,,,,
12106306,0,0,2,5,,,,,,,,,
12106307,2,2,6,7,6,,,4,,,,,
12106308,2,2,4,6,7,,,,,,,,
12106309,,,,,,,,,,,,,
12106310,2,2,6,6,,,,,,,,,
12106311,2,2,3,7,6,,,,,,,,
12106312,2,2,5,6,10,,,,,,,,
12106313,0,0,4,4,,,,,,,,,
12106314,1,1,7,4,,,,9,,,,,
12106315,1,1,1,6,6,,,,,,,,
12106317,0,0,2,2,,,,,,,,,
12106318,1,1,3,6,3,,,,,,,,
12106319,0,0,5,0,,,,,,,,,
12106320,,,,,,,,,,,,,
12106321,0,0,5,5,,,,,,,,,
12106322,1,1,2,6,1,,,,,,,,
12106323,1,1,3,7,4,,,,,,,,
12106324,2,2,6,6,,,,,,,,,
12106329,0,0,3,4,,,,,,,,,
12106330,0,0,1,2,,,,,,,,,
12106331,0,0,5,4,,,,,,,,,
12106332,2,2,6,6,,,,,,,,,
12106333,2,2,6,7,,,,,7,,,,
12106334,0,0,1,0,,,,,,,,,
12106336,0,0,4,0,,,,,,,,,
12106337,1,1,6,4,8,,,,,,,,
12106338,0,0,0,0,,,,,,,,,
12106339,2,2,7,6,,,,8,,,,,
12106340,0,0,0,0,,,,,,,,,
12106341,0,0,2,2,,,,,,,,,
12106342,1,1,4,6,1,,,,,,,,
12106343,1,1,6,3,,,,,,,,,
12106347,2,2,6,1,10,,,,,,,,
12106348,2,2,6,2,10,,,,,,,,
12106351,2,2,6,6,,,,,,,,,
12106352,2,2,6,6,,,,,,,,,
12106353,,,,,,,,,,,,,
12106356,1,1,6,6,1,,,,3,,,,
12106358,2,2,6,6,,,,,,,,,
12106359,2,2,6,7,,,,,10,,,,
12106360,2,2,6,6,,,,,,,,,
12106361,2,2,6,6,,,,,,,,,
12106362,1,1,6,1,2,,,,,,,,
12106363,2,2,6,6,,,,,,,,,
12106364,2,2,3,6,6,,,,,,,,
12106365,2,2,6,6,,,,,,,,,
12106366,2,2,6,6,6,,,6,,,,,
12106367,1,1,6,1,,,,,,,,,
12106368,2,2,6,2,6,,,,,,,,
12106369,0,0,3,1,,,,,,,,,
12106370,0,0,4,4,,,,,,,,,
12106371,1,1,6,3,2,,,,,,,,
12106372,1,1,4,6,2,,,,,,,,
12106373,2,2,3,6,6,,,,,,,,
12106374,2,2,6,6,,,,,,,,,
12106722,0,0,1,0,,,,,,,,,
12106724,2,2,6,6,,,,,,,,,
12106725,1,1,6,3,3,,,,,,,,
12106726,0,0,3,4,,,,,,,,,
12106727,0,0,3,0,,,,,,,,,
12106728,1,1,6,6,0,,,,4,,,,
12106729,0,0,5,2,,,,,,,,,
12106730,0,0,3,3,,,,,,,,,
12106731,0,0,1,1,,,,,,,,,
12106732,0,0,3,2,,,,,,,,,
12106741,2,2,7,7,,,,7,7,,,,
12106742,1,1,7,2,3,,,,,,,,
12106745,0,0,3,3,,,,,,,,,
12106747,2,2,7,5,6,,,7,,,,,
12106748,1,1,7,4,4,,,,,,,,
12106749,2,2,3,7,6,,,,7,,,,
12106750,0,0,3,1,,,,,,,,,
12106751,0,0,6,6,,,,3,6,,,,
12106758,2,2,7,6,,,,7,,,,,
12106759,2,2,6,6,,,,,,,,,
12106760,2,2,7,6,,,,,,,,,
12106761,0,0,4,2,,,,,,,,,
12106762,2,2,6,7,,,,,,,,,
12106763,2,2,7,6,,,,,,,,,
12106764,,,,,,,,,,,,,
12106765,2,2,7,7,,,,,,,,,
12106766,2,2,7,7,,,,,,,,,
12106767,0,0,4,3,,,,,,,,,
12106768,1,1,6,2,,,,,,,,,
12106769,2,2,4,6,7,,,,,,,,
12106785,2,2,7,6,,,,7,,,,,
12106786,2,2,6,6,,,,,,,,,
12106787,0,0,1,2,,,,,,,,,
12106789,0,0,3,1,,,,,,,,,
12106793,0,0,4,1,,,,,,,,,
12106794,2,2,6,6,,,,,,,,,
12106795,1,1,6,4,6,,,,,4,,,
12106796,0,0,3,2,,,,,,,,,
12106797,1,1,7,4,5,,,,,,,,
12106798,2,2,6,6,,,,,,,,,
12106799,0,0,3,2,,,,,,,,,
12106800,2,2,6,6,,,,,,,,,
12106813,2,2,6,4,6,,,,,,,,
12106830,2,2,6,6,,,,,,,,,
12106831,2,2,6,6,6,,,2,,,,,
12106832,2,2,6,6,,,,,,,,,
12106833,2,2,6,6,,,,,,,,,
12106834,0,0,3,3,,,,,,,,,
12106835,2,2,6,6,,,,,,,,,
12106836,2,2,6,7,,,,,,,,,
12106837,,,,,,,,,,,,,
12106841,0,0,6,1,,,,5,,,,,
12106861,0,0,3,4,,,,,,,,,
12106912,2,2,6,6,,,,,,,,,
12107260,2,2,6,6,,,,,,,,,
12107350,2,2,4,7,6,,,,7,,,,
12107353,2,2,6,5,6,,,,,,,,
12107354,0,0,3,2,,,,,,,,,
12107355,2,2,6,6,,,,,,,,,
12107358,1,1,6,3,6,,,,,5,,,
12107406,0,0,1,1,,,,,,,,,
12107526,2,2,7,6,,,,7,,,,,
12107527,0,0,3,0,,,,,,,,,
12107543,0,0,5,2,,,,,,,,,
12107544,0,0,5,4,,,,,,,,,
12107545,2,2,6,6,,,,,,,,,
12107546,2,2,6,6,,,,,,,,,
12107547,2,2,7,6,,,,7,,,,,
12107548,0,0,2,4,,,,,,,,,
12107549,1,1,4,6,1,,,,,,,,
12107550,2,2,6,6,,,,,,,,,
12107560,2,2,6,6,,,,,,,,,
12107648,2,2,6,6,,,,,,,,,
12107683,2,2,6,2,10,,,,,,,,
12107684,0,0,1,4,,,,,,,,,
12107685,0,0,2,2,,,,,,,,,
12107686,2,2,6,6,,,,,,,,,
12107688,0,0,2,2,,,,,,,,,
12107717,2,2,6,6,,,,,,,,,
12107724,2,2,6,7,,,,,7,,,,
12107725,2,2,6,6,,,,,,,,,
12107726,0,0,4,4,,,,,,,,,
12107727,,,,,,,,,,,,,
12107728,2,2,6,6,,,,,,,,,
12107729,1,1,6,4,3,,,,,,,,
12107730,1,1,6,1,4,,,,,,,,
12107731,2,2,6,6,,,,,,,,,
12107742,0,0,3,0,,,,,,,,,
12107743,0,0,3,6,,,,,2,,,,
12107744,2,2,6,6,,,,,,,,,
12107745,2,2,6,6,,,,,,,,,
12107746,1,1,4,7,3,,,,12,,,,
12107747,0,0,6,6,,,,4,0,,,,
12107748,2,2,7,1,6,,,13,,,,,
12107749,2,2,4,7,6,,,,7,,,,
12107750,2,2,4,6,6,,,,,,,,
12107752,0,0,6,5,,,,5,,,,,
12107753,2,2,6,6,,,,,,,,,
12107754,2,2,6,6,6,,,2,,,,,
12107755,2,2,6,0,6,,,,,,,,
12107756,2,2,6,6,,,,,,,,,
12107757,1,1,6,2,6,,,,,6,,,
12107758,2,2,2,6,6,,,,,,,,
12107762,0,0,1,5,,,,,,,,,
12107768,1,1,2,7,5,,,,7,,,,
12107829,2,2,6,6,,,,,,,,,
12107838,2,2,6,0,6,,,,,,,,
12107863,0,0,2,2,,,,,,,,,
12107943,0,0,1,4,,,,,,,,,
12107959,0,0,6,3,,,,8,,,,,
12107981,0,0,1,1,,,,,,,,,
12107982,2,2,6,6,,,,,,,,,
12108003,0,0,2,2,,,,,,,,,
12108144,2,2,6,6,,,,,,,,,
12108169,2,2,6,6,,,,,,,,,
12108301,2,2,6,6,,,,,,,,,
12108340,0,0,6,1,,,,4,,,,,
12108420,2,2,6,3,6,,,,,,,,
12108421,0,0,1,6,,,,,5,,,,
12108422,0,0,2,1,,,,,,,,,
12108423,1,1,6,3,5,,,,,,,,
12108424,2,2,6,6,,,,,,,,,
12108425,2,2,6,6,,,,,,,,,
12108426,0,0,2,1,,,,,,,,,
12108427,2,2,6,6,,,,,,,,,
12108429,2,2,6,6,,,,,,,,,
12108430,0,0,2,3,,,,,,,,,
12108431,2,2,3,6,6,,,,,,,,
12108432,2,2,6,6,,,,,,,,,
12108433,2,2,6,7,,,,,7,,,,
12108434,0,0,4,4,,,,,,,,,
12108436,2,2,6,6,,,,,,,,,
12108454,2,2,7,6,,,,7,,,,,
12108455,2,2,7,4,6,,,,,,,,
12108456,2,2,6,6,,,,,,,,,
12108457,,,4,,,,,,,,,,
12108458,0,0,1,2,,,,,,,,,
12108459,2,2,2,6,6,,,,,,,,
12108461,0,0,4,1,,,,,,,,,
12108462,0,0,1,2,,,,,,,,,
12108463,2,2,6,6,,,,,,,,,
12108464,2,2,6,6,6,,,4,,,,,
12108465,0,0,3,4,,,,,,,,,
12108466,1,1,6,6,3,,,3,,,,,
12108467,2,2,6,6,,,,,,,,,
12108468,0,0,0,3,,,,,,,,,
12108469,0,0,1,1,,,,,,,,,
12108473,2,2,6,6,,,,,,,,,
12108491,0,0,3,4,,,,,,,,,
12108492,2,2,3,6,6,,,,,,,,
12108493,2,2,6,6,,,,,,,,,
12108494,0,0,3,2,,,,,,,,,
12108495,2,2,6,6,,,,,,,,,
12108496,2,2,2,7,6,,,,,,,,
12108497,2,2,6,7,,,,,,,,,
12108499,2,2,6,6,,,,,,,,,
12108534,0,0,4,4,,,,,,,,,
12108535,0,0,2,3,,,,,,,,,
12108543,2,2,6,6,,,,,,,,,
12108544,2,2,6,6,,,,,,,,,
12108545,2,2,6,6,,,,,,,,,
12108546,1,1,4,6,5,,,,,,,,
12108547,2,2,6,6,,,,,,,,,
12108695,0,0,3,6,,,,,7,,,,
12108713,,,,,,,,,,,,,
12108721,2,2,6,6,,,,,,,,,
12108722,1,1,3,6,5,,,,,,,,
12108723,0,0,1,3,,,,,,,,,
12108724,2,2,6,7,,,,,,,,,
12108725,1,1,2,7,5,,,,7,,,,
12108726,2,2,6,6,,,,,,,,,
12108727,2,2,2,6,6,,,,,,,,
12108728,1,1,6,6,3,,,,3,,,,
12108729,2,2,7,6,,,,7,,,,,
12108730,2,2,6,4,6,,,,,,,,
12108731,0,0,4,3,,,,,,,,,
12108732,2,2,5,6,6,,,,,,,,
12108733,2,2,6,6,,,,,,,,,
12108754,2,2,7,7,,,,7,7,,,,
12108776,2,2,6,6,,,,,,,,,
12108777,0,0,1,0,,,,,,,,,
12108805,0,0,4,2,,,,,,,,,
12108875,2,2,6,6,,,,,,,,,
12108964,2,2,6,7,,,,,,,,,
12108978,2,2,7,6,,,,,,,,,
12108979,1,1,6,6,5,,,4,,,,,
12108980,2,2,6,6,,,,,,,,,
12108981,1,1,4,6,2,,,,,,,,
12108982,0,0,2,1,,,,,,,,,
12108983,1,1,6,7,0,,,3,7,,,,
12108984,1,1,6,6,3,,,5,,,,,
12109017,2,2,6,6,,,,,,,,,
12109018,0,0,4,3,,,,,,,,,
12109019,2,2,6,6,,,,,,,,,
12109027,2,2,6,6,,,,,,,,,
12109028,0,0,0,1,,,,,,,,,
12109029,2,2,6,6,,,,,,,,,
12109030,0,0,2,2,,,,,,,,,
12109031,2,2,6,6,,,,,,,,,
12109032,2,2,7,4,7,,,,,,,,
12109033,2,2,6,6,,,,,,,,,
12109034,2,2,6,6,,,,,,,,,
12109035,0,0,2,0,,,,,,,,,
12109036,2,2,6,6,,,,,,,,,
12109037,2,2,6,6,,,,,,,,,
12109038,0,0,4,1,,,,,,,,,
12109039,2,2,0,6,7,,,,,7,,,
12109040,2,2,6,7,,,,,,,,,
12109041,1,1,6,7,2,,,2,,,,,
12109042,0,0,2,5,,,,,,,,,
12109043,0,0,6,1,,,,4,,,,,
12109044,0,0,2,4,,,,,,,,,
12109048,2,2,6,7,,,,,,,,,
12109163,2,2,6,6,,,,,,,,,
12109164,2,2,2,6,6,,,,,,,,
12109165,2,2,6,6,,,,,,,,,
12109166,2,2,6,5,6,,,,,,,,
12109167,1,1,6,3,0,,,,,,,,
12109168,0,0,4,2,,,,,,,,,
12109169,2,2,6,6,,,,,,,,,
12109170,2,2,6,6,6,,,6,,,,,
12109790,1,1,6,4,2,,,,,,,,
12109808,2,2,6,6,,,,,,,,,
12109815,2,2,6,6,,,,,,,,,
12109816,2,2,6,6,,,,,,,,,
12109818,2,2,6,6,6,,,,5,,,,
12109819,2,2,6,6,,,,,,,,,
12109820,0,0,3,2,,,,,,,,,
12109884,0,0,1,1,,,,,,,,,
12109885,0,0,3,0,,,,,,,,,
12109886,2,2,6,6,,,,,,,,,
12109887,2,2,6,6,,,,,,,,,
12109889,0,0,3,4,,,,,,,,,
12109890,0,0,3,2,,,,,,,,,
12109891,2,2,6,6,,,,,,,,,
12109892,2,2,4,6,6,,,,,,,,
12109893,0,0,1,2,,,,,,,,,
12109934,0,0,6,1,,,,7,,,,,
12110080,0,0,2,2,,,,,,,,,
12110081,2,2,7,4,11,,,7,,,,,
12110082,2,2,6,6,,,,,,,,,
12110083,2,2,6,6,,,,,,,,,
12110084,0,0,1,,,,,,,,,,
12110087,1,1,2,6,6,,,,,4,,,
12110088,2,2,6,7,,,,,7,,,,
12110100,2,2,7,6,,,,7,,,,,
12110123,0,0,1,6,,,,,4,,,,
12110153,0,0,0,4,,,,,,,,,
12110157,0,0,1,5,,,,,,,,,
12110160,0,0,0,2,,,,,,,,,
12110372,2,2,5,6,6,,,,,,,,
12110388,2,2,4,6,6,,,,,,,,
12110419,0,0,1,3,,,,,,,,,
12110441,2,2,6,6,,,,,,,,,
12110442,2,2,6,6,6,,,9,,,,,
12110453,2,2,7,6,,,,7,,,,,
12110455,0,0,4,3,,,,,,,,,
12110456,2,2,3,6,6,,,,,,,,
12110457,0,0,1,1,,,,,,,,,
12110459,0,0,4,2,,,,,,,,,
12110460,1,1,6,5,4,,,,,,,,
12110467,2,2,7,7,,,,10,,,,,
12110477,0,0,6,3,,,,1,,,,,
12110493,2,2,6,6,6,,,,2,,,,
12110494,1,1,1,6,4,,,,,,,,
12110495,0,0,4,3,,,,,,,,,
12110506,2,2,6,6,,,,,,,,,
12110513,0,0,0,4,,,,,,,,,
12110514,0,0,4,4,,,,,,,,,
12110517,0,0,0,2,,,,,,,,,
12110518,0,0,6,2,,,,4,,,,,
12110520,0,0,4,2,,,,,,,,,
12110530,2,2,6,2,6,,,,,,,,
12110534,2,2,6,7,,,,,7,,,,
12110566,2,2,6,6,,,,,,,,,
12110572,0,0,2,1,,,,,,,,,
12110582,1,1,6,3,4,,,,,,,,
12110583,0,0,4,5,,,,,,,,,
12110585,2,2,6,6,,,,,,,,,
12110586,0,0,1,1,,,,,,,,,
12110592,2,2,6,6,,,,,,,,,
12110633,0,0,1,0,,,,,,,,,
12110636,2,2,6,6,,,,,,,,,
12110637,2,2,3,7,7,,,,7,,,,
12110649,2,2,6,6,,,,,,,,,
12110650,0,0,4,1,,,,,,,,,
12110651,1,1,3,6,1,,,,,,,,
12110656,1,1,6,1,3,,,,,,,,
12110659,2,2,6,6,,,,,,,,,
12110660,2,2,6,6,,,,,,,,,
12110662,0,0,5,2,,,,,,,,,
12110663,2,2,6,6,,,,,,,,,
12110664,0,0,0,1,,,,,,,,,
12110665,2,2,2,7,6,,,,,,,,
12110670,0,0,2,1,,,,,,,,,
12110675,2,2,6,7,,,,,7,,,,
12110702,2,2,5,6,6,,,,,,,,
12110733,0,0,6,0,,,,3,,,,,
12110735,2,2,6,4,6,,,,,,,,
12110736,2,2,6,6,,,,,,,,,
12110749,1,1,6,3,2,,,,,,,,
12110831,1,1,1,6,4,,,,,,,,
12110832,2,2,6,6,,,,,,,,,
12110833,2,2,7,4,6,,,7,,,,,
12110834,2,2,6,6,,,,,,,,,
12110835,2,2,6,6,,,,,,,,,
12110848,2,2,7,6,,,,7,,,,,
12110849,0,0,5,6,,,,,5,,,,
12110850,1,1,6,2,,,,,,,,,
12110863,2,2,6,6,,,,,,,,,
12110864,0,0,3,4,,,,,,,,,
12110876,2,2,6,6,,,,,,,,,
12110885,1,1,6,6,1,,,,7,,,,
12110886,2,2,4,7,6,,,,7,,,,
12110892,0,0,6,1,,,,5,,,,,
12110893,2,2,6,7,,,,,,,,,
12110894,1,1,3,6,1,,,,,,,,
12110918,2,2,6,6,,,,,,,,,
12110975,2,2,6,7,,,,,,,,,
12110976,1,1,6,1,4,,,,,,,,
12111058,1,1,6,1,,,,,,,,,
12111059,0,0,4,6,,,,,7,,,,
12111081,2,2,6,6,,,,,,,,,
12111082,2,2,6,1,6,,,,,,,,
12111094,0,0,4,6,,,,,2,,,,
12111128,2,2,6,6,,,,,,,,,
12111129,2,2,6,4,6,,,,,,,,
12111174,0,0,5,6,,,,,3,,,,
12111176,2,2,6,3,6,,,,,,,,
12111177,2,2,6,6,,,,,,,,,
12111182,2,2,4,6,6,,,,,,,,
12111184,2,2,7,7,,,,9,,,,,
12111222,1,1,6,2,5,,,,,,,,
12111229,1,1,6,2,6,,,,,2,,,
12111232,2,2,6,6,,,,,,,,,
12111233,0,0,3,3,,,,,,,,,
12111235,2,2,6,6,,,,,,,,,
12111291,2,2,7,6,,,,7,,,,,
12111305,1,1,6,1,2,,,,,,,,
12111340,0,0,2,3,,,,,,,,,
12111377,2,2,6,7,,,,,7,,,,
12111400,2,2,6,6,,,,,,,,,
12111435,2,2,6,6,,,,,,,,,
12111444,0,0,1,1,,,,,,,,,
12111465,2,2,6,1,6,,,,,,,,
12111466,0,0,0,2,,,,,,,,,
12111490,1,1,2,6,4,,,,,,,,
12111509,1,1,5,6,2,,,,,,,,
12111522,0,0,2,1,,,,,,,,,
12111542,2,2,6,6,,,,,,,,,
12111560,1,1,2,7,2,,,,,,,,
12111572,1,1,6,6,4,,,,6,,,,
12111605,2,2,6,7,,,,,7,,,,
12111635,0,0,1,1,,,,,,,,,
12111784,1,1,7,0,1,,,,,,,,
12112023,2,2,6,6,,,,,,,,,
12112183,0,0,1,0,,,,,,,,,
12112214,0,0,4,3,,,,,,,,,
12087266,2,2,6,3,6,,,,,,,,
12087270,1,1,4,6,3,,,,,,,,
12087271,0,0,6,2,,,,6,,,,,
12087273,2,2,5,7,6,,,,7,,,,
12087278,2,2,6,6,,,,,,,,,
12087280,1,1,6,3,4,,,,,,,,
12087281,0,0,0,4,,,,,,,,,
12087282,1,1,6,6,2,,,,5,,,,
12087305,1,1,6,6,0,,,,3,,,,
12087306,0,0,1,2,,,,,,,,,
12087307,1,1,7,6,5,,,,5,,,,
12087310,0,0,3,2,,,,,,,,,
12087312,2,2,6,6,,,,,,,,,
12087315,2,2,6,6,,,,,,,,,
12087316,0,0,3,6,,,,,5,,,,
12087318,2,2,6,6,,,,,,,,,
12087888,1,1,6,3,3,,,,,,,,
12087889,,,7,6,5,,,7,5,,,,
12087890,0,0,4,1,,,,,,,,,
12087891,0,0,6,4,,,,5,,,,,
12087892,1,1,7,1,,,,9,,,,,
12087893,1,1,6,4,,,,,,,,,
12087894,2,2,6,6,,,,,,,,,
12087895,2,2,3,7,6,,,,10,,,,
12087897,1,1,7,6,4,,,8,5,,,,
12087899,2,2,6,6,,,,,,,,,
12087900,0,0,2,3,,,,,,,,,
12087914,0,0,4,5,,,,,,,,,
12087915,2,2,6,6,,,,,,,,,
12087916,2,2,6,6,,,,,,,,,
12087917,2,2,6,6,,,,,,,,,
12087918,2,2,7,6,,,,7,,,,,
12087919,1,1,6,6,3,,,1,,,,,
12087921,0,0,1,3,,,,,,,,,
12087924,1,1,6,3,3,,,,,,,,
12087925,1,1,7,4,4,,,9,,,,,
12087926,2,2,6,7,,,,,8,,,,
12087927,2,2,7,7,,,,7,7,,,,
12087928,2,2,6,5,6,,,,,,,,
12087937,0,0,3,1,,,,,,,,,
12087940,2,2,6,6,6,,,,5,,,,
12087941,1,1,3,6,3,,,,,,,,
12087942,2,2,4,6,6,,,,,,,,
12087943,2,2,7,6,6,,,7,5,,,,
12087944,2,2,6,6,,,,,,,,,
12087948,0,0,6,2,,,,4,,,,,
12087949,0,0,2,5,,,,,,,,,
12088016,2,2,6,4,7,,,,,7,,,
12088018,2,2,7,7,,,,7,7,,,,
12088020,1,1,7,5,4,,,10,,,,,
12088022,2,2,7,7,,,,7,7,,,,
12088025,2,2,6,7,,,,,,,,,
12088027,2,2,6,6,,,,,,,,,
12088029,1,1,7,2,,,,,,,,,
12088038,2,2,7,6,,,,7,,,,,
12088039,0,0,5,3,,,,,,,,,
12088041,2,2,6,6,,,,,,,,,
12088044,2,2,7,6,,,,,,,,,
12088046,0,0,5,5,,,,,,,,,
12088048,0,0,3,0,,,,,,,,,
12088049,0,0,6,3,,,,10,,,,,
12088050,0,0,6,6,,,,2,1,,,,
12088055,2,2,6,6,,,,,,,,,
12088057,0,0,6,1,,,,4,,,,,
12088058,1,1,6,6,5,,,,6,,,,
12088059,0,0,4,4,,,,,,,,,
12088060,1,1,6,7,6,,,4,7,,,,
12088061,2,2,6,7,,,,,,,,,
12088064,2,2,3,6,7,,,,,7,,,
12088065,1,1,6,3,6,,,,,4,,,
12088066,1,1,3,7,4,,,,7,,,,
12088067,0,0,6,6,,,,7,1,,,,
12088069,0,0,4,5,,,,,,,,,
12088071,0,0,6,5,,,,3,,,,,
12088073,0,0,2,1,,,,,,,,,
12088074,0,0,4,4,,,,,,,,,
12088078,2,2,6,6,,,,,,,,,
12088087,0,0,2,2,,,,,,,,,
12088090,2,2,6,6,,,,,,,,,
12088091,2,2,4,6,6,,,,,,,,
12088092,2,2,4,6,6,,,,,,,,
12088094,2,2,7,6,,,,,,,,,
12088095,1,1,6,4,3,,,,,,,,
12088100,2,2,6,6,,,,,,,,,
12099609,0,0,4,4,,,,,,,,,
12099613,2,2,6,5,6,,,,,,,,
12105216,1,1,4,6,1,,,,,,,,
12106242,0,0,4,6,,,,,9,,,,
12106243,,,,,,,,,,,,,
12106246,2,2,7,4,6,,,7,,,,,
12106247,2,2,3,7,6,,,,,,,,
12106250,2,2,4,6,6,,,,,,,,
12106255,2,2,7,6,,,,7,,,,,
12106256,2,2,6,7,,,,,,,,,
12106257,1,1,6,3,4,,,,,,,,
12106260,0,0,3,3,,,,,,,,,
12106261,2,2,6,6,,,,,,,,,
12106263,0,0,3,3,,,,,,,,,
12106264,2,2,2,6,6,,,,,,,,
12106267,2,2,6,6,,,,,,,,,
12106269,0,0,1,2,,,,,,,,,
12106273,0,0,3,4,,,,,,,,,
12106276,0,0,4,1,,,,,,,,,
12106278,2,2,6,2,6,,,,,,,,
12106279,2,2,6,6,,,,,,,,,
12106281,2,2,1,6,6,,,,,,,,
12106284,0,0,3,4,,,,,,,,,
12106287,2,2,6,3,6,,,,,,,,
12106288,0,0,1,2,,,,,,,,,
12106292,0,0,2,0,,,,,,,,,
12106308,2,2,4,6,7,,,,,,,,
12106321,0,0,5,5,,,,,,,,,
12106329,0,0,3,4,,,,,,,,,
12106338,0,0,0,0,,,,,,,,,
12106339,2,2,7,6,,,,8,,,,,
12106340,0,0,0,0,,,,,,,,,
12106341,0,0,2,2,,,,,,,,,
12106342,1,1,4,6,1,,,,,,,,
12106343,1,1,6,3,,,,,,,,,
12106351,2,2,6,6,,,,,,,,,
12106352,2,2,6,6,,,,,,,,,
12106353,,,,,,,,,,,,,
12106354,0,0,2,2,,,,,,,,,
12106356,1,1,6,6,1,,,,3,,,,
12106722,0,0,1,0,,,,,,,,,
12106727,0,0,3,0,,,,,,,,,
12106731,0,0,1,1,,,,,,,,,
12106742,1,1,7,2,3,,,,,,,,
12106745,0,0,3,3,,,,,,,,,
12106747,2,2,7,5,6,,,7,,,,,
12106748,1,1,7,4,4,,,,,,,,
12106750,0,0,3,1,,,,,,,,,
12106764,,,,,,,,,,,,,
12106766,2,2,7,7,,,,,,,,,
12106767,0,0,4,3,,,,,,,,,
12106768,1,1,6,2,,,,,,,,,
12106769,2,2,4,6,7,,,,,,,,
12106785,2,2,7,6,,,,7,,,,,
12106787,0,0,1,2,,,,,,,,,
12106789,0,0,3,1,,,,,,,,,
12106793,0,0,4,1,,,,,,,,,
12106813,2,2,6,4,6,,,,,,,,
12106841,0,0,6,1,,,,5,,,,,
12106861,0,0,3,4,,,,,,,,,
12106912,2,2,6,6,,,,,,,,,
12107358,1,1,6,3,6,,,,,5,,,
12107406,0,0,1,1,,,,,,,,,
12107526,2,2,7,6,,,,7,,,,,
12107648,2,2,6,6,,,,,,,,,
12107727,,,,,,,,,,,,,
12107728,2,2,6,6,,,,,,,,,
12107731,2,2,6,6,,,,,,,,,
12107741,0,0,3,4,,,,,,,,,
12107742,0,0,3,0,,,,,,,,,
12107746,1,1,4,7,3,,,,12,,,,
12107748,2,2,7,1,6,,,13,,,,,
12107749,2,2,4,7,6,,,,7,,,,
12107758,2,2,2,6,6,,,,,,,,
12107829,2,2,6,6,,,,,,,,,
12107863,0,0,2,2,,,,,,,,,
12108169,2,2,6,6,,,,,,,,,
12108340,0,0,6,1,,,,4,,,,,
12108423,1,1,6,3,5,,,,,,,,
12108425,2,2,6,6,,,,,,,,,
12108427,2,2,6,6,,,,,,,,,
12108430,0,0,2,3,,,,,,,,,
12108456,2,2,6,6,,,,,,,,,
12108457,,,4,,,,,,,,,,
12108459,2,2,2,6,6,,,,,,,,
12108463,2,2,6,6,,,,,,,,,
12108465,0,0,3,4,,,,,,,,,
12108466,1,1,6,6,3,,,3,,,,,
12108494,0,0,3,2,,,,,,,,,
12108695,0,0,3,6,,,,,7,,,,
12108728,1,1,6,6,3,,,,3,,,,
12108730,2,2,6,4,6,,,,,,,,
12108732,2,2,5,6,6,,,,,,,,
12108754,2,2,7,7,,,,7,7,,,,
12108776,2,2,6,6,,,,,,,,,
12108777,0,0,1,0,,,,,,,,,
12108875,2,2,6,6,,,,,,,,,
12108964,2,2,6,7,,,,,,,,,
12108978,2,2,7,6,,,,,,,,,
12108979,1,1,6,6,5,,,4,,,,,
12108980,2,2,6,6,,,,,,,,,
12108981,1,1,4,6,2,,,,,,,,
12109003,1,1,3,6,1,,,,,,,,
12109017,2,2,6,6,,,,,,,,,
12109018,0,0,4,3,,,,,,,,,
12109019,2,2,6,6,,,,,,,,,
12109027,2,2,6,6,,,,,,,,,
12109028,0,0,0,1,,,,,,,,,
12109029,2,2,6,6,,,,,,,,,
12109030,0,0,2,2,,,,,,,,,
12109031,2,2,6,6,,,,,,,,,
12109032,2,2,7,4,7,,,,,,,,
12109033,2,2,6,6,,,,,,,,,
12109034,2,2,6,6,,,,,,,,,
12109035,0,0,2,0,,,,,,,,,
12109036,2,2,6,6,,,,,,,,,
12109037,2,2,6,6,,,,,,,,,
12109038,0,0,4,1,,,,,,,,,
12109039,2,2,0,6,7,,,,,7,,,
12109040,2,2,6,7,,,,,,,,,
12109041,1,1,6,7,2,,,2,,,,,
12109042,0,0,2,5,,,,,,,,,
12109043,0,0,6,1,,,,4,,,,,
12109044,0,0,2,4,,,,,,,,,
12109048,2,2,6,7,,,,,,,,,
12109163,2,2,6,6,,,,,,,,,
12109164,2,2,2,6,6,,,,,,,,
12109165,2,2,6,6,,,,,,,,,
12109166,2,2,6,5,6,,,,,,,,
12109167,1,1,6,3,0,,,,,,,,
12109168,0,0,4,2,,,,,,,,,
12109169,2,2,6,6,,,,,,,,,
12109170,2,2,6,6,6,,,6,,,,,
12109297,1,1,7,2,6,,,,,6,,,
12109790,1,1,6,4,2,,,,,,,,
12109807,0,0,4,,,,,,,,,,
12109808,2,2,6,6,,,,,,,,,
12109815,2,2,6,6,,,,,,,,,
12109816,2,2,6,6,,,,,,,,,
12109818,2,2,6,6,6,,,,5,,,,
12109819,2,2,6,6,,,,,,,,,
12109884,0,0,1,1,,,,,,,,,
12109885,0,0,3,0,,,,,,,,,
12109886,2,2,6,6,,,,,,,,,
12109887,2,2,6,6,,,,,,,,,
12109889,0,0,3,4,,,,,,,,,
12109890,0,0,3,2,,,,,,,,,
12109891,2,2,6,6,,,,,,,,,
12109892,2,2,4,6,6,,,,,,,,
12109893,0,0,1,2,,,,,,,,,
12109934,0,0,6,1,,,,7,,,,,
12110080,0,0,2,2,,,,,,,,,
12110082,2,2,6,6,,,,,,,,,
12110083,2,2,6,6,,,,,,,,,
12110084,0,0,1,,,,,,,,,,
12110087,1,1,2,6,6,,,,,4,,,
12110088,2,2,6,7,,,,,7,,,,
12110100,2,2,7,6,,,,7,,,,,
12110123,0,0,1,6,,,,,4,,,,
12110153,0,0,0,4,,,,,,,,,
12110157,0,0,1,5,,,,,,,,,
12110160,0,0,0,2,,,,,,,,,
12110372,2,2,5,6,6,,,,,,,,
12110388,2,2,4,6,6,,,,,,,,
12110419,0,0,1,3,,,,,,,,,
12110441,2,2,6,6,,,,,,,,,
12110442,2,2,6,6,6,,,9,,,,,
12110453,2,2,7,6,,,,7,,,,,
12110455,0,0,4,3,,,,,,,,,
12110456,2,2,3,6,6,,,,,,,,
12110457,0,0,1,1,,,,,,,,,
12110459,0,0,4,2,,,,,,,,,
12110460,1,1,6,5,4,,,,,,,,
12110467,2,2,7,7,,,,10,,,,,
12110477,0,0,6,3,,,,1,,,,,
12110493,2,2,6,6,6,,,,2,,,,
12110494,1,1,1,6,4,,,,,,,,
12110495,0,0,4,3,,,,,,,,,
12110506,2,2,6,6,,,,,,,,,
12110513,0,0,0,4,,,,,,,,,
12110514,0,0,4,4,,,,,,,,,
12110517,0,0,0,2,,,,,,,,,
12110518,0,0,6,2,,,,4,,,,,
12110520,0,0,4,2,,,,,,,,,
12110530,2,2,6,2,6,,,,,,,,
12110534,2,2,6,7,,,,,7,,,,
12110566,2,2,6,6,,,,,,,,,
12110572,0,0,2,1,,,,,,,,,
12110582,1,1,6,3,4,,,,,,,,
12110583,0,0,4,5,,,,,,,,,
12110585,2,2,6,6,,,,,,,,,
12110586,0,0,1,1,,,,,,,,,
12110592,2,2,6,6,,,,,,,,,
12110633,0,0,1,0,,,,,,,,,
12110636,2,2,6,6,,,,,,,,,
12110637,2,2,3,7,7,,,,7,,,,
12110649,2,2,6,6,,,,,,,,,
12110650,0,0,4,1,,,,,,,,,
12110651,1,1,3,6,1,,,,,,,,
12110656,1,1,6,1,3,,,,,,,,
12110659,2,2,6,6,,,,,,,,,
12110660,2,2,6,6,,,,,,,,,
12110662,0,0,5,2,,,,,,,,,
12110663,2,2,6,6,,,,,,,,,
12110664,0,0,0,1,,,,,,,,,
12110665,2,2,2,7,6,,,,,,,,
12110670,0,0,2,1,,,,,,,,,
12110675,2,2,6,7,,,,,7,,,,
12110702,2,2,5,6,6,,,,,,,,
12110714,2,2,7,6,,,,,,,,,
12110733,0,0,6,0,,,,3,,,,,
12110735,2,2,6,4,6,,,,,,,,
12110736,2,2,6,6,,,,,,,,,
12110749,1,1,6,3,2,,,,,,,,
12110831,1,1,1,6,4,,,,,,,,
12110832,2,2,6,6,,,,,,,,,
12110833,2,2,7,4,6,,,7,,,,,
12110834,2,2,6,6,,,,,,,,,
12110835,2,2,6,6,,,,,,,,,
12110848,2,2,7,6,,,,7,,,,,
12110849,0,0,5,6,,,,,5,,,,
12110850,1,1,6,2,,,,,,,,,
12110863,2,2,6,6,,,,,,,,,
12110864,0,0,3,4,,,,,,,,,
12110875,0,0,1,4,,,,,,,,,
12110876,2,2,6,6,,,,,,,,,
12110885,1,1,6,6,1,,,,7,,,,
12110886,2,2,4,7,6,,,,7,,,,
12110892,0,0,6,1,,,,5,,,,,
12110893,2,2,6,7,,,,,,,,,
12110894,1,1,3,6,1,,,,,,,,
12110918,2,2,6,6,,,,,,,,,
12110919,0,0,3,1,,,,,,,,,
12110975,2,2,6,7,,,,,,,,,
12110976,1,1,6,1,4,,,,,,,,
12110977,1,1,4,6,3,,,,,,,,
12111058,1,1,6,1,,,,,,,,,
12111059,0,0,4,6,,,,,7,,,,
12111081,2,2,6,6,,,,,,,,,
12111082,2,2,6,1,6,,,,,,,,
12111094,0,0,4,6,,,,,2,,,,
12111128,2,2,6,6,,,,,,,,,
12111129,2,2,6,4,6,,,,,,,,
12111174,0,0,5,6,,,,,3,,,,
12111176,2,2,6,3,6,,,,,,,,
12111177,2,2,6,6,,,,,,,,,
12111182,2,2,4,6,6,,,,,,,,
12111184,2,2,7,7,,,,9,,,,,
12111214,2,2,6,6,,,,,,,,,
12111222,1,1,6,2,5,,,,,,,,
12111229,1,1,6,2,6,,,,,2,,,
12111232,2,2,6,6,,,,,,,,,
12111233,0,0,3,3,,,,,,,,,
12111235,2,2,6,6,,,,,,,,,
12111291,2,2,7,6,,,,7,,,,,
12111305,1,1,6,1,2,,,,,,,,
12111340,0,0,2,3,,,,,,,,,
12111377,2,2,6,7,,,,,7,,,,
12111400,2,2,6,6,,,,,,,,,
12111413,0,0,4,,,,,,,,,,
12111435,2,2,6,6,,,,,,,,,
12111444,0,0,1,1,,,,,,,,,
12111445,0,0,1,,,,,,,,,,
12111465,2,2,6,1,6,,,,,,,,
12111466,0,0,0,2,,,,,,,,,
12111490,1,1,2,6,4,,,,,,,,
12111509,1,1,5,6,2,,,,,,,,
12111522,0,0,2,1,,,,,,,,,
12111542,2,2,6,6,,,,,,,,,
12111560,1,1,2,7,2,,,,,,,,
12111566,0,0,3,0,,,,,,,,,
12111571,0,0,1,0,,,,,,,,,
12111572,1,1,6,6,4,,,,6,,,,
12111605,2,2,6,7,,,,,7,,,,
12111635,0,0,1,1,,,,,,,,,
12111692,2,2,6,7,,,,,,,,,
12111693,1,1,6,6,0,,,4,,,,,
12111700,0,0,1,3,,,,,,,,,
12111746,0,0,3,3,,,,,,,,,
12111784,1,1,7,0,1,,,,,,,,
12111866,2,2,2,6,6,,,,,,,,
12111980,0,0,2,0,,,,,,,,,
12111990,0,0,2,4,,,,,,,,,
12112023,2,2,6,6,,,,,,,,,
12112050,1,1,3,6,2,,,,,,,,
12112058,0,0,1,1,,,,,,,,,
12112096,2,2,6,6,,,,,,,,,
12112183,0,0,1,0,,,,,,,,,
12112193,0,0,4,3,,,,,,,,,
12112205,2,2,6,6,,,,,,,,,
12112214,0,0,4,3,,,,,,,,,
12112643,2,2,6,6,,,,,,,,,
12112644,0,0,2,0,,,,,,,,,
12112648,2,2,6,3,7,,,,,,,,
12112649,0,0,0,1,,,,,,,,,
12112650,1,1,6,1,2,,,,,,,,
12112652,0,0,5,3,,,,,,,,,
12112673,2,2,6,6,,,,,,,,,
12112674,2,2,6,6,,,,,,,,,
12112705,2,2,7,1,7,,,,,,,,
12112706,2,2,6,7,,,,,7,,,,
12112709,1,1,6,5,5,,,,,,,,
12112710,0,0,0,2,,,,,,,,,
12112740,2,2,6,7,,,,,,,,,
12112743,1,1,7,4,,,,,,,,,
12112746,2,2,6,6,,,,,,,,,
12112747,2,2,6,6,,,,,,,,,
12112795,2,2,3,6,6,,,,,,,,
12112816,2,2,6,6,,,,,,,,,
12112897,2,2,6,6,,,,,,,,,
12113049,1,1,3,6,4,,,,,,,,
12113218,2,2,6,7,,,,,7,,,,
12113219,2,2,6,7,,,,,,,,,
12113268,0,0,3,3,,,,,,,,,
12113284,0,0,4,0,,,,,,,,,
12113285,1,1,5,6,0,,,,,,,,
12113294,0,0,0,3,,,,,,,,,
12113295,2,2,4,6,6,,,,,,,,
12113307,2,2,6,6,,,,,,,,,
12113308,0,0,2,6,,,,,7,,,,
12113325,0,0,2,1,,,,,,,,,
12113351,1,1,5,7,6,,,,7,5,,,
12113520,2,2,4,6,6,,,,,,,,
12113560,1,1,1,6,5,,,,,,,,
12113601,2,2,6,6,,,,,,,,,
12113637,0,0,1,4,,,,,,,,,
12113638,0,0,4,2,,,,,,,,,
12113698,2,2,7,6,,,,,,,,,
12113724,0,0,5,4,,,,,,,,,
12113725,2,2,6,6,,,,,,,,,
12113726,0,0,4,0,,,,,,,,,
12113753,0,0,2,6,,,,,4,,,,
12113769,2,2,6,6,,,,,,,,,
12113771,0,0,6,2,,,,3,,,,,
12113823,0,0,2,0,,,,,,,,,
12113840,2,2,6,6,,,,,,,,,
12113857,2,2,6,6,,,,,,,,,
12113875,0,0,3,4,,,,,,,,,
12113877,0,0,3,6,,,,,2,,,,
12113879,0,0,2,4,,,,,,,,,
12113902,0,0,3,2,,,,,,,,,
12113937,1,1,2,6,6,,,,,3,,,
12113989,2,2,7,6,,,,,,,,,
12113990,0,0,1,,,,,,,,,,
12113991,0,0,6,4,,,,4,,,,,
12114091,1,1,3,7,4,,,,,,,,
12114171,2,2,3,7,6,,,,,,,,
12114291,0,0,1,6,,,,,0,,,,
12114293,1,1,6,2,1,,,,,,,,
12114411,0,0,2,3,,,,,,,,,
12114412,2,2,6,6,,,,,,,,,
12114506,2,2,6,7,,,,,,,,,
12114507,2,2,3,6,6,,,,,,,,
12114646,1,1,3,6,1,,,,,,,,
12114659,2,2,6,6,,,,,,,,,
12114675,1,1,4,6,4,,,,,,,,
12114745,0,0,0,3,,,,,,,,,
12114877,0,0,6,4,,,,4,,,,,
12114926,1,1,6,1,6,,,,,3,,,
12114975,0,0,3,3,,,,,,,,,
12115070,2,2,7,6,,,,,,,,,
12115163,2,2,6,6,6,,,,5,,,,
12115176,1,1,2,6,1,,,,,,,,
12115417,2,2,6,6,,,,,,,,,
12116852,1,1,3,7,3,,,,,,,,
12117459,2,2,6,6,,,,,,,,,
12117499,2,1,6,5,7,,,,,6,,,
12087901,2,3,8,7,,,,,,,,,
12088027,3,3,6,6,,,,,,,,,
12106247,3,3,3,7,7,,,,,,,,
12117691,2,2,3,7,6,,,,,,,,
12115432,0,1,1,2,,,,,,,,,
12088057,0,0,7,1,,,,4,,,,,
12117362,1,0,3,6,,,,,,,,,
12087307,1,2,8,7,5,,,,5,,,,
12113322,1,1,2,3,,,,,,,,,
12088025,2,2,6,8,,,,,,,,,
12118243,3,2,6,6,,,,,,,,,
12088072,0,1,4,4,,,,,,,,,
12087924,2,1,7,4,3,,,,,,,,
12113879,1,0,3,4,,,,,,,,,
12113989,2,2,8,7,,,,,,,,,
12112705,2,3,7,2,7,,,,,,,,
12113724,0,0,6,4,,,,,,,,,
12113753,1,1,2,7,,,,,5,,,,
12111059,0,0,5,6,,,,,7,,,,
12113307,2,2,7,6,,,,,,,,,
12113560,2,2,1,7,6,,,,,,,,
12114764,0,0,5,5,,,,,,,,,
12087900,0,1,2,4,,,,,,,,,
12111490,1,2,2,6,5,,,,,,,,
12107829,3,3,7,7,,,,,,,,,
12109018,1,0,5,3,,,,,,,,,
12087314,1,2,6,4,3,,,,,,,,
12113601,2,3,6,6,,,,,,,,,
12087305,2,2,6,6,1,,,,3,,,,
12113294,1,1,1,4,,,,,,,,,
12116336,3,2,6,3,7,,,,,,,,
12088073,0,0,2,1,,,,,,,,,
12116545,2,2,6,2,7,,,,,7,,,
12087279,2,1,1,6,2,,,,,,,,
12112652,1,0,5,3,,,,,,,,,
12117970,1,0,4,3,,,,,,,,,
12113726,1,1,5,0,,,,,,,,,
12117624,3,3,7,4,6,,,,,,,,
12115482,0,0,0,3,,,,,,,,,
12110514,0,1,5,5,,,,,,,,,
12113937,1,1,2,6,6,,,,,4,,,
12112205,2,2,6,7,,,,,,,,,
12118244,2,3,7,1,8,,,8,,7,,,
12088078,3,2,7,6,,,,,,,,,
12113520,2,3,4,7,6,,,,,,,,
12115875,1,1,7,6,7,,,5,,5,,,
12110875,0,1,2,4,,,,,,,,,
12087266,3,3,6,3,7,,,,,,,,
12113771,1,1,6,2,,,,4,,,,,
12087303,1,2,7,,,,,,,,,,
12087309,2,1,7,2,,,,,,,,,
12113295,2,2,4,6,7,,,,,,,,
12111605,3,2,6,8,,,,,8,,,,
12112648,2,3,6,4,7,,,,,,,,
12087267,2,3,7,6,,,,,,,,,
12088095,1,1,7,5,4,,,,,,,,
12088058,1,2,7,6,5,,,,6,,,,
12088040,2,3,7,7,,,,,,,,,
12087310,1,1,3,2,,,,,,,,,
12113857,3,3,6,6,,,,,,,,,
12113284,0,1,4,1,,,,,,,,,
12088050,0,1,7,6,,,,2,1,,,,
12087271,1,1,6,2,,,,7,,,,,
12115176,2,1,2,7,1,,,,,,,,
12115294,2,3,4,6,6,,,,,,,,
12117874,1,0,6,3,,,,,,,,,
12111990,0,1,2,5,,,,,,,,,
12087937,0,0,4,2,,,,,,,,,
12114956,2,3,7,7,,,,,,,,,
12087923,1,1,7,3,4,,,,,,,,
12118510,1,0,6,4,,,,,,,,,
12114412,3,2,7,6,,,,,,,,,
12114171,3,2,3,8,7,,,,,,,,
12114506,3,3,6,8,,,,,,,,,
12114675,2,1,4,6,4,,,,,,,,
12115417,2,2,6,7,,,,,,,,,
12088067,0,1,7,7,,,,8,2,,,,
12087936,0,0,0,5,,,,,,,,,
12110886,3,3,5,8,6,,,,8,,,,
12087927,3,3,8,8,,,,8,7,,,,
12113317,1,1,6,4,2,,,,,,,,
12116878,0,0,4,0,,,,,,,,,
12112650,1,1,7,1,2,,,,,,,,
12087270,2,1,4,7,4,,,,,,,,
12111746,0,0,3,4,,,,,,,,,
12087277,3,3,3,6,7,,,,,,,,
12087949,1,1,2,5,,,,,,,,,
12112746,2,2,6,7,,,,,,,,,
12113351,2,2,5,8,7,,,,8,6,,,
12111866,2,3,3,7,7,,,,,,,,
12112643,3,3,6,7,,,,,,,,,
12115451,1,0,2,6,,,,,,,,,
12115456,0,0,2,2,,,,,,,,,
12113990,1,0,1,,,,,,,,,,
12112023,3,3,6,6,,,,,,,,,
12112706,3,3,6,8,,,,,7,,,,
12117465,1,0,5,7,,,,,3,,,,
12115163,3,2,7,6,7,,,,5,,,,
12088020,2,2,7,5,5,,,10,,,,,
12116699,0,1,6,4,,,,4,,,,,
12111635,1,0,1,1,,,,,,,,,
12111572,1,2,6,7,4,,,,6,,,,
12117498,2,2,7,6,,,,,,,,,
12110977,1,2,4,6,3,,,,,,,,
12112096,3,3,7,7,,,,,,,,,
12114215,1,0,3,2,,,,,,,,,
12110675,3,3,6,7,,,,,7,,,,
12088086,0,0,5,4,,,,,,,,,
12109003,2,1,3,6,2,,,,,,,,
12111466,1,0,1,3,,,,,,,,,
12088090,2,2,6,7,,,,,,,,,
12112214,1,1,4,4,,,,,,,,,
12114091,2,1,3,7,5,,,,,,,,
12113561,1,1,3,3,,,,,,,,,
12112816,3,2,6,6,,,,,,,,,
12087311,1,1,3,5,,,,,,,,,
12088076,3,2,2,7,8,,,,8,9,,,
12115412,3,3,7,6,,,,,,,,,
12113218,3,3,6,8,,,,,7,,,,
12115070,2,2,7,6,,,,,,,,,
12112644,1,0,2,0,,,,,,,,,
12112183,1,0,1,1,,,,,,,,,
12088016,3,2,6,4,8,,,,,7,,,
12116338,0,0,4,5,,,,,,,,,
12087889,,,7,7,5,,,8,6,,,,
12113049,1,2,3,7,4,,,,,,,,
12113840,2,3,6,6,,,,,,,,,
12113823,0,1,3,1,,,,,,,,,
12112740,3,2,6,7,,,,,,,,,
12114508,0,0,4,3,,,,,,,,,
12118601,0,1,1,3,,,,,,,,,
12112795,2,2,3,7,7,,,,,,,,
12118853,0,0,4,5,,,,,,,,,
12116372,1,1,6,5,1,,,,,,,,
12113325,0,1,3,2,,,,,,,,,
12116344,2,2,2,6,3,,,,,,,,
12113991,0,0,7,4,,,,4,,,,,
12106354,0,0,3,3,,,,,,,,,
12087269,2,3,6,6,,,,,,,,,
12113219,2,2,6,8,,,,,,,,,
12087947,3,3,7,6,,,,,,,,,
12117997,0,0,3,4,,,,,,,,,
12116371,2,2,6,6,,,,,,,,,
12117656,2,1,2,6,,,,,,,,,
12113902,0,1,4,2,,,,,,,,,
12087925,1,2,8,4,5,,,9,,,,,
12114507,3,2,3,7,6,,,,,,,,
12118435,2,3,1,7,6,,,,,,,,
12111700,0,0,1,3,,,,,,,,,
12113877,1,0,4,7,,,,,2,,,,
12088018,2,2,7,7,,,,7,7,,,,
12108169,3,3,6,7,,,,,,,,,
12111566,1,0,3,0,,,,,,,,,
12110894,2,1,4,6,2,,,,,,,,
12112193,1,0,5,3,,,,,,,,,
12111214,2,2,7,6,,,,,,,,,
12116337,1,0,2,4,,,,,,,,,
12088051,3,3,7,6,,,,7,,,,,
12112743,1,1,7,5,,,,,,,,,
12087942,2,2,4,6,7,,,,,,,,
12115057,1,0,6,1,,,,6,,,,,
12088056,3,2,6,6,,,,,,,,,
12114646,1,1,4,6,2,,,,,,,,
12117667,1,1,0,5,,,,,,,,,
12115577,3,3,1,7,7,,,,,,,,
12117823,2,2,3,6,8,,,,,8,,,
12118602,2,1,4,6,0,,,,,,,,
12087939,1,2,3,8,2,,,,7,,,,
12087941,1,1,4,7,3,,,,,,,,
12113875,0,1,4,5,,,,,,,,,
12116672,3,3,6,8,,,,,8,,,,
12116452,0,0,6,1,,,,,,,,,
12113308,1,0,3,6,,,,,8,,,,
12087282,2,1,7,7,2,,,,6,,,,
12118220,2,1,8,4,2,,,7,,,,,
12112058,1,1,2,2,,,,,,,,,
12087318,3,3,7,7,,,,,,,,,
12112710,0,1,1,2,,,,,,,,,
12088071,1,0,6,6,,,,4,,,,,
12114975,0,0,3,4,,,,,,,,,
12113268,1,0,3,4,,,,,,,,,
12113638,0,0,4,3,,,,,,,,,
12088049,1,0,7,4,,,,10,,,,,
12111784,2,1,8,1,2,,,,,,,,
12113637,1,0,1,4,,,,,,,,,
12110714,3,2,8,6,,,,,,,,,
12106257,1,2,6,4,5,,,,,,,,
12114659,2,2,7,6,,,,,,,,,
12109297,2,2,8,3,7,,,,,7,,,
12087946,2,3,8,8,,,,8,8,,,,
12088092,2,2,5,6,7,,,,,,,,
12114745,0,1,0,3,,,,,,,,,
12112673,3,2,7,6,,,,,,,,,
12113770,1,1,3,3,,,,,,,,,
12110637,2,3,3,8,7,,,,7,,,,
12115380,3,2,7,7,,,,,,,,,
12112050,1,2,4,7,2,,,,,,,,
12111693,2,2,6,6,1,,,5,,,,,
12112674,3,3,7,7,,,,,,,,,
12114291,0,1,2,7,,,,,1,,,,
12088038,2,2,8,6,,,,8,,,,,
12112649,1,0,0,2,,,,,,,,,
12116339,3,3,8,6,,,,9,,,,,
12114293,1,2,6,2,1,,,,,,,,
12116719,1,1,3,6,,,,,,,,,
12111692,2,2,6,8,,,,,,,,,
12111980,0,1,3,1,,,,,,,,,
12115547,0,0,4,3,,,,,,,,,
12110850,2,1,7,3,,,,,,,,,
12088021,1,0,3,2,,,,,,,,,
12087922,1,1,7,4,4,,,,,,,,
12088019,2,2,7,5,5,,,,,,,,
12111413,1,0,4,,,,,,,,,,
12112897,2,2,7,6,,,,,,,,,
12114926,1,1,6,2,6,,,,,4,,,
12113698,3,2,8,7,,,,,,,,,
12111571,0,0,2,1,,,,,,,,,
12113769,2,2,6,7,,,,,,,,,
12115413,3,2,7,7,,,,,,,,,
12113285,1,1,5,7,0,,,,,,,,
12112747,3,2,7,7,,,,,,,,,
12117459,3,2,6,7,,,,,,,,,
12114877,0,1,6,5,,,,5,,,,,
12116852,1,1,3,7,4,,,,,,,,
12114411,1,0,2,4,,,,,,,,,
12110919,1,0,4,2,,,,,,,,,
12112709,2,1,7,6,6,,,,,,,,
12117901,1,1,6,5,3,,,,,,,,
12111445,1,1,2,,,,,,,,,,
12088069,1,0,5,6,,,,,,,,,
12113725,2,2,6,6,,,,,,,,,
12088046,0,0,5,5,,,,,,,,,
12107741,1,1,3,5,,,,,,,,,
12110863,2,3,7,6,,,,,,,,,
12117623,1,2,2,7,5,,,,,,,,
12109807,1,0,4,,,,,,,,,,
12087917,3,2,6,7,,,,,,,,,
12087895,2,3,4,7,7,,,,10,,,,
12117464,2,3,8,7,,,,,,,,,
12111435,2,2,6,6,,,,,,,,,
12116318,1,1,6,5,,,,4,,,,,
12120461,1,0,5,3,,,,,,,,,
12117499,1,1,6,6,7,,,,,5,,,
12120591,1,1,7,3,,,,,,,,,
12121123,1,1,2,6,,,,,,,,,
12087901,2,3,8,7,,,,,,,,,
12121731,1,1,6,4,2,,,,,,,,
12121225,,,,,,,,,,,,,
12121415,3,3,7,7,,,,,,,,,
12119359,0,0,2,6,,,,,,,,,
12117691,2,2,2,6,5,,,,,,,,
12115432,1,1,2,2,,,,,,,,,
12121416,2,3,6,6,,,,,,,,,
12117362,0,0,2,6,,,,,,,,,
12121418,2,3,3,8,12,,,,,,,,
12120613,0,0,4,3,,,,,,,,,
12121265,2,3,3,7,10,,,,,,,,
12120614,0,0,1,0,,,,,,,,,
12121183,,,,,,,,,,,,,
12113322,1,0,3,3,,,,,,,,,
12118243,3,2,6,7,,,,,,,,,
12088072,1,0,4,4,,,,,,,,,
12121370,1,0,3,3,,,,,,,,,
12121214,2,2,7,6,,,,,,,,,
12121027,,,,,,,,,,,,,
12121553,0,0,4,4,,,,,,,,,
12121178,,,,,,,,,,,,,
12121404,2,3,7,7,,,,,,,,,
12121005,2,3,1,7,13,,,,,,,,
12121434,3,2,7,7,,,,,,,,,
12121305,3,2,1,6,10,,,,,,,,
12121302,2,2,3,7,8,,,,,,,,
12121259,1,2,7,6,15,,,,,,,,
12121037,3,2,7,7,,,,,,,,,
12121045,1,0,3,0,,,,,,,,,
12114764,0,1,4,5,,,,,,,,,
12121374,0,1,5,3,,,,,,,,,
12121706,1,1,3,0,,,,,,,,,
12121025,1,0,1,0,,,,,,,,,
12121238,0,0,1,1,,,,,,,,,
12121296,2,2,7,4,4,,,,,,,,
12121213,1,0,1,0,,,,,,,,,
12121335,2,2,7,7,,,,,,,,,
12121043,0,1,2,4,,,,,,,,,
12121023,3,2,6,7,,,,,,,,,
12120471,0,0,0,3,,,,,,,,,
12121294,1,0,2,2,,,,,,,,,
12120612,1,0,4,2,,,,,,,,,
12087314,1,2,7,5,3,,,,,,,,
12121010,3,3,6,6,,,,,,,,,
12121067,1,1,3,3,,,,,,,,,
12121300,0,0,6,2,,,,,,,,,
12116336,2,2,6,3,6,,,,,,,,
12121217,,,,,,,,,,,,,
12121345,0,1,2,3,,,,,,,,,
12116545,2,2,7,2,8,,,,,7,,,
12087279,1,2,1,6,2,,,,,,,,
12117970,0,1,3,2,,,,,,,,,
12121408,2,2,6,6,,,,,,,,,
12117624,3,2,7,4,7,,,,,,,,
12115482,0,1,1,2,,,,,,,,,
12113937,2,1,3,7,6,,,,,4,,,
12121017,3,3,7,6,,,,,,,,,
12087304,3,3,7,7,,,,,7,,,,
12121298,0,1,7,5,,,,,,,,,
12121080,,,,,,,,,,,,,
12121187,1,1,1,0,,,,,,,,,
12121323,3,3,6,7,,,,,,,,,
12121026,2,2,6,6,,,,,,,,,
12122162,2,3,3,7,10,,,,,,,,
12121240,3,2,7,6,,,,,,,,,
12121020,2,3,7,7,,,,,,,,,
12121402,1,0,5,6,,,,,,,,,
12118244,3,2,8,2,8,,,7,,7,,,
12120603,3,2,6,6,,,,,,,,,
12121327,2,2,6,7,,,,,,,,,
12121385,3,2,6,7,,,,,,,,,
12121332,3,2,7,6,,,,,,,,,
12121003,0,1,1,0,,,,,,,,,
12088078,3,2,6,6,,,,,,,,,
12088052,3,2,7,7,,,,,,,,,
12121441,3,2,7,7,,,,,,,,,
12121182,3,3,6,6,,,,,,,,,
12121197,2,3,7,7,,,,,,,,,
12087938,2,3,6,6,,,,,,,,,
12121313,3,2,6,6,,,,,,,,,
12121382,3,2,7,5,10,,,,,,,,
12121066,0,0,3,1,,,,,,,,,
12115875,1,2,6,6,7,,,5,,5,,,
12121436,3,3,6,6,,,,,,,,,
12121444,,,,,,,,,,,,,
12121004,2,2,7,6,,,,,,,,,
12121262,1,1,3,3,,,,,,,,,
12121392,0,0,1,0,,,,,,,,,
12121061,1,1,5,4,,,,,,,,,
12121311,,,,,,,,,,,,,
12121219,1,0,3,1,,,,,,,,,
12121198,3,3,7,6,,,,,,,,,
12120452,0,0,3,5,,,,,,,,,
12121728,1,1,4,5,,,,,,,,,
12121055,3,2,7,6,,,,,,,,,
12121090,3,3,7,6,,,,,,,,,
12121069,3,3,0,7,11,,,,,,,,
12120616,3,3,7,5,10,,,,,,,,
12121100,2,2,7,7,,,,,,,,,
12121059,1,1,8,4,9,,,,,,,,
12121036,3,3,7,7,,,,,,,,,
12121231,2,1,5,7,9,,,,,,,,
12087303,1,2,7,,,,,,,,,,
12121414,2,1,6,6,8,,,,,,,,
12121199,0,0,4,3,,,,,,,,,
12087309,1,1,7,3,,,,,,,,,
12121016,1,1,1,1,,,,,,,,,
12143171,1,1,6,5,7,,,,,,,,
12121303,3,3,6,6,,,,,,,,,
12121399,1,1,7,4,6,,,,,,,,
12121014,2,1,6,2,6,,,,,,,,
12121064,0,0,3,5,,,,,,,,,
12121342,1,1,3,2,,,,,,,,,
12087267,3,3,7,6,,,,,,,,,
12121212,2,3,7,7,,,,,,,,,
12088040,2,2,7,6,,,,,,,,,
12119277,2,3,8,6,,,,,,,,,
12121021,2,3,7,7,,,,,,,,,
12121297,0,0,1,3,,,,,,,,,
12120472,3,2,7,7,,,,,,,,,
12121022,0,1,3,4,,,,,,,,,
12121363,3,2,7,6,,,,,,,,,
12120846,3,3,3,7,6,,,,,,,,
12121072,1,1,1,1,,,,,,,,,
12121127,2,3,6,7,,,,,,,,,
12121730,2,3,7,4,10,,,,,,,,
12121588,0,0,4,4,,,,,,,,,
12121001,0,1,6,3,,,,,,,,,
12121015,1,1,2,3,,,,,,,,,
12121211,3,3,8,5,11,,,,,,,,
12115294,3,2,3,7,6,,,,,,,,
12121006,1,0,3,1,,,,,,,,,
12117874,0,1,5,3,,,,,,,,,
12121347,2,3,7,7,,,,,,,,,
12118939,3,3,8,8,,,,,7,,,,
12114956,2,3,7,6,,,,,,,,,
12121095,,,,,,,,,,,,,
12120610,0,0,3,5,,,,,,,,,
12121260,1,0,0,0,,,,,,,,,
12121337,3,2,6,6,,,,,,,,,
12121245,1,1,1,2,,,,,,,,,
12087923,2,2,6,2,5,,,,,,,,
12120605,2,3,6,3,10,,,,,,,,
12118510,1,1,5,4,,,,,,,,,
12143168,1,1,4,1,,,,,,,,,
12121224,,,,,,,,,,,,,
12121425,1,0,1,0,,,,,,,,,
12121097,0,0,2,3,,,,,,,,,
12121220,,,,,,,,,,,,,
12121550,1,1,2,4,,,,,,,,,
12114171,2,2,3,8,7,,,,,,,,
12121343,1,2,7,5,10,,,,,,,,
12115417,3,3,7,6,,,,,,,,,
12121091,,,,,,,,,,,,,
12121184,2,3,6,7,,,,,,,,,
12087317,1,0,0,3,,,,,,,,,
12121246,3,3,8,6,,,,,,,,,
12121290,2,2,6,7,,,,,,,,,
12121232,0,0,1,1,,,,,,,,,
12122131,2,3,6,7,,,,,,,,,
12087936,0,1,0,5,,,,,,,,,
12120463,2,3,8,7,,,,,,,,,
12120473,2,3,6,6,,,,,,,,,
12120604,1,1,1,2,,,,,,,,,
12120502,0,0,3,2,,,,,,,,,
12121111,2,3,4,8,6,,,,7,,,,
12121380,2,2,7,7,,,,,,,,,
12119028,3,3,4,7,7,,,,,,,,
12113317,2,1,6,4,2,,,,,,,,
12121317,2,2,7,3,6,,,,,,,,
12121085,3,3,1,7,11,,,,,,,,
12116878,0,0,5,0,,,,,,,,,
12087898,1,0,4,4,,,,,,,,,
12120611,1,1,2,6,13,,,,,,,,
12143173,3,2,6,5,11,,,,,,,,
12121039,2,3,7,6,,,,,,,,,
12121377,0,1,2,3,,,,,,,,,
12121052,3,3,7,7,,,,,,,,,
12121174,3,3,6,6,,,,,,,,,
12121413,0,1,0,1,,,,,,,,,
12087277,2,3,4,6,7,,,,,,,,
12121008,1,0,3,2,,,,,,,,,
12121421,3,3,6,7,,,,,,,,,
12121193,3,2,7,6,,,,,,,,,
12121175,1,0,4,5,,,,,,,,,
12088068,1,1,2,0,,,,,,,,,
12121339,3,2,6,7,15,,,,,,,,
12120372,0,0,0,,,,,,,,,,
12121700,0,0,1,1,,,,,,,,,
12115451,1,0,1,6,,,,,,,,,
12120474,0,1,4,2,,,,,,,,,
12121051,,,,,,,,,,,,,
12115456,0,1,2,3,,,,,,,,,
12121351,,,,,,,,,,,,,
12122141,2,3,6,7,,,,,,,,,
12121341,0,0,1,5,,,,,,,,,
12117465,1,0,6,6,,,,,3,,,,
12121221,2,3,4,8,11,,,,,,,,
12115163,2,3,7,6,6,,,,6,,,,
12121443,1,0,4,3,,,,,,,,,
12121242,0,1,2,1,,,,,,,,,
12122733,0,0,0,4,,,,,,,,,
12121028,0,1,1,1,,,,,,,,,
12120607,2,3,6,3,12,,,,,,,,
12116699,1,0,6,4,,,,4,,,,,
12121121,1,1,2,1,,,,,,,,,
12121521,3,2,4,6,10,,,,,,,,
12121326,0,0,5,2,,,,,,,,,
12121330,1,0,3,2,,,,,,,,,
12121094,1,2,6,1,8,,,,,,,,
12117498,2,2,8,6,,,,,,,,,
12120602,3,3,4,6,11,,,,,,,,
12121083,3,3,6,6,,,,,,,,,
12121263,2,2,8,7,,,,,,,,,
12120469,0,0,1,0,,,,,,,,,
12121325,3,2,6,7,,,,,,,,,
12121420,2,1,5,6,7,,,,,,,,
12114215,0,0,4,3,,,,,,,,,
12121338,2,2,6,6,,,,,,,,,
12119931,2,2,7,3,6,,,,,,,,
12121266,3,3,6,6,,,,,,,,,
12121424,1,1,3,2,,,,,,,,,
12121195,2,2,0,6,10,,,,,,,,
12121161,1,0,3,2,,,,,,,,,
12120462,0,0,4,1,,,,,,,,,
12088086,1,0,5,5,,,,,,,,,
12121384,3,2,7,7,,,,,,,,,
12121068,2,2,6,7,,,,,,,,,
12121309,1,1,1,6,6,,,,,,,,
12121348,0,0,4,5,,,,,,,,,
12121223,3,3,5,7,10,,,,,,,,
12121270,3,2,6,7,,,,,,,,,
12121082,0,1,1,3,,,,,,,,,
12121396,0,0,4,3,,,,,,,,,
12121328,3,2,7,6,,,,,,,,,
12120608,2,2,7,6,,,,,,,,,
12121179,2,3,7,7,,,,,,,,,
12121306,1,0,3,2,,,,,,,,,
12121092,3,2,7,6,,,,,,,,,
12113561,0,0,4,3,,,,,,,,,
12121291,2,3,6,6,,,,,,,,,
12121247,1,0,4,1,,,,,,,,,
12087311,1,0,3,5,,,,,,,,,
12088076,3,2,2,7,8,,,,7,9,,,
12121019,2,3,6,7,,,,,,,,,
12115412,2,3,8,7,,,,,,,,,
12120464,3,3,7,7,,,,,,,,,
12121272,2,2,3,7,10,,,,,,,,
12121295,1,2,7,4,5,,,,,,,,
12121118,1,0,7,3,,,,1,,,,,
12121011,0,0,5,1,,,,,,,,,
12119796,1,1,6,3,2,,,,,,,,
12122140,,,,,,,,,,,,,
12121350,2,3,7,6,,,,,,,,,
12143174,,,,,,,,,,,,,
12121708,3,2,7,7,,,,,,,,,
12088016,2,3,6,5,7,,,,,7,,,
12121315,1,1,7,7,9,,,,,,,,
12121194,2,2,7,6,,,,,,,,,
12121046,0,0,5,2,,,,,,,,,
12116338,1,0,4,5,,,,,,,,,
12121699,3,3,7,6,,,,,,,,,
12087889,,,8,7,5,,,7,5,,,,
12121038,3,3,6,6,,,,,,,,,
12121737,1,1,3,2,,,,,,,,,
12114508,1,1,5,3,,,,,,,,,
12121267,1,1,2,2,,,,,,,,,
12121346,1,1,4,1,,,,,,,,,
12121733,3,3,7,6,,,,,,,,,
12120466,1,0,6,4,,,,,,,,,
12121079,0,0,0,1,,,,,,,,,
12121411,1,0,4,5,,,,,,,,,
12087950,2,3,5,6,7,,,,,,,,
12121410,3,2,7,6,,,,,,,,,
12118601,0,0,1,2,,,,,,,,,
12087284,2,3,7,6,,,,,,,,,
12120451,2,3,6,6,,,,,,,,,
12121119,2,1,7,6,2,,,,4,,,,
12121423,3,3,7,7,,,,,,,,,
12118853,0,1,3,6,,,,,,,,,
12121405,3,2,5,6,10,,,,,,,,
12120399,0,0,3,4,,,,,,,,,
12116372,2,2,7,5,1,,,,,,,,
12121261,0,1,2,1,,,,,,,,,
12121018,3,2,7,6,,,,,,,,,
12116344,1,1,2,7,2,,,,,,,,
12121349,0,0,5,5,,,,,,,,,
12121191,0,0,4,4,,,,,,,,,
12121054,1,0,2,3,,,,,,,,,
12121229,,,,,,,,,,,,,
12121432,3,2,1,7,11,,,,,,,,
12121442,1,1,3,3,,,,,,,,,
12121007,0,0,3,0,,,,,,,,,
12121109,3,2,7,6,,,,,,,,,
12121236,,,,,,,,,,,,,
12121063,2,3,7,7,,,,,,,,,
12121250,1,1,0,1,,,,,,,,,
12087269,2,3,6,7,,,,,,,,,
12120606,3,2,6,6,12,,,,,,,,
12121417,2,3,7,7,,,,,,,,,
12121078,0,1,6,1,,,,,,,,,
12121065,2,3,7,4,11,,,,,,,,
12121122,,,,,,,,,,,,,
12087947,3,2,6,7,,,,,,,,,
12121096,2,1,7,6,2,,,,,,,,
12121268,3,2,7,7,,,,,,,,,
12117997,1,0,3,4,,,,,,,,,
12116371,2,2,6,7,,,,,,,,,
12121438,2,3,6,6,,,,,,,,,
12121593,1,2,2,7,3,,,,,,,,
12121002,1,1,2,2,,,,,,,,,
12117656,1,1,3,7,,,,,,,,,
12121397,2,2,6,4,6,,,,,,,,
12121388,2,3,6,6,,,,,,,,,
12121056,2,2,7,6,,,,,,,,,
12121192,2,2,6,6,,,,,,,,,
12121041,2,2,7,6,,,,,,,,,
12121340,,,,,,,,,,,,,
12121299,0,0,5,3,,,,,,,,,
12088017,0,1,6,5,,,,,,,,,
12118435,2,2,1,7,7,,,,,,,,
12121196,0,1,4,2,,,,,,,,,
12121053,0,0,4,5,,,,,,,,,
12121075,2,3,7,4,11,,,,,,,,
12121324,0,1,2,6,,,,,,,,,
12122132,1,1,6,4,,,,,,,,,
12121316,3,2,7,7,,,,,,,,,
12121312,3,3,7,7,,,,,,,,,
12119305,2,3,8,8,,,,9,8,,,,
12116337,0,1,2,4,,,,,,,,,
12120615,0,0,0,2,,,,,,,,,
12121173,2,2,7,6,,,,,,,,,
12088051,2,2,7,6,,,,7,,,,,
12121307,1,1,4,4,,,,,,,,,
12121089,1,1,2,1,,,,,,,,,
12121437,2,2,8,3,4,,,,,,,,
12115057,1,0,6,2,,,,6,,,,,
12118818,0,0,1,3,,,,,,,,,
12120358,1,1,0,2,,,,,,,,,
12124011,1,1,0,1,,,,,,,,,
12088056,3,3,7,6,,,,,,,,,
12121271,3,2,7,6,,,,,,,,,
12121099,1,0,2,0,,,,,,,,,
12120999,0,1,2,1,,,,,,,,,
12117667,1,0,1,4,,,,,,,,,
12120617,1,2,7,3,7,,,,,,,,
12121409,3,3,6,7,,,,,,,,,
12121274,0,1,2,5,,,,,,,,,
12120475,0,0,5,7,,,,,,,,,
12122821,3,3,8,6,,,,8,,,,,
12121819,,,,,,,,,,,,,
12115577,3,3,1,7,6,,,,,,,,
12117823,2,2,4,7,7,,,,,8,,,
12118602,1,1,3,6,1,,,,,,,,
12121435,1,0,2,1,,,,,,,,,
12121289,3,2,3,7,12,,,,,,,,
12121218,1,1,3,1,,,,,,,,,
12087276,3,3,8,7,,,,8,,,,,
12121029,2,2,7,4,6,,,,,,,,
12121215,0,0,6,3,,,,,,,,,
12121049,0,0,4,4,,,,,,,,,
12087939,1,1,4,8,3,,,,7,,,,
12123736,3,2,7,6,,,,,,,,,
12121048,1,1,1,4,,,,,,,,,
12121060,2,2,7,6,,,,,,,,,
12116672,2,3,6,7,,,,,7,,,,
12116452,1,1,5,0,,,,,,,,,
12121188,,,,,,,,,,,,,
12121721,1,0,2,4,,,,,,,,,
12119953,1,1,4,3,,,,,,,,,
12121429,3,3,7,6,,,,,,,,,
12121334,1,2,4,6,8,,,,,,,,
12121398,2,2,7,6,,,,,,,,,
12121321,0,0,3,3,,,,,,,,,
12121817,,,,,,,,,,,,,
12121376,0,1,3,2,,,,,,,,,
12118220,1,1,8,4,1,,,7,,,,,
12121050,2,3,7,7,,,,,,,,,
12121093,3,3,6,6,,,,,,,,,
12121322,2,1,6,8,12,,,,,,,,
12121426,2,2,7,6,,,,,,,,,
12121126,0,0,0,2,,,,,,,,,
12121040,2,3,6,6,,,,,,,,,
12121433,2,3,7,6,,,,,,,,,
12121086,3,3,7,7,,,,,,,,,
12121172,1,0,6,2,,,,,,,,,
12120467,2,3,6,7,,,,,,,,,
12121244,2,3,7,3,14,,,,,,,,
12121177,3,3,6,7,,,,,,,,,
12121124,0,0,6,3,,,,,,,,,
12121310,0,1,1,4,,,,,,,,,
12122124,0,1,1,1,,,,,,,,,
12087920,1,1,5,5,,,,,,,,,
12121222,,,,,,,,,,,,,
12120609,2,2,7,7,,,,,,,,,
12121237,,,,,,,,,,,,,
12120739,2,2,3,6,4,,,,,,,,
12120470,0,1,5,2,,,,,,,,,
12114975,1,0,3,3,,,,,,,,,
12121301,2,3,6,7,,,,,,,,,
12088077,1,1,6,3,7,,,,,4,,,
12121720,2,3,7,7,,,,,,,,,
12121180,2,3,2,7,10,,,,,,,,
12121200,3,3,7,6,11,,,,,,,,
12121047,0,1,5,5,,,,,,,,,
12121030,2,2,7,6,,,,,,,,,
12121190,3,3,7,7,12,,,,,,,,
12121076,2,2,7,7,,,,,,,,,
12120998,2,3,6,7,,,,,,,,,
12121440,3,2,6,7,,,,,,,,,
12121249,0,0,0,6,,,,,,,,,
12123806,3,3,7,7,,,,,,,,,
12121230,1,0,4,4,,,,,,,,,
12121087,3,3,6,7,,,,,,,,,
12121012,3,2,7,6,,,,,,,,,
12120767,1,2,6,4,3,,,,,,,,
12121185,,,,,,,,,,,,,
12121364,1,0,4,4,,,,,,,,,
12121077,2,2,7,7,,,,,,,,,
12121331,0,0,0,4,,,,,,,,,
12121412,1,0,0,3,,,,,,,,,
12121073,3,2,5,6,10,,,,,,,,
12087946,3,3,8,8,,,,8,8,,,,
12119356,3,3,7,7,,,,,,,,,
12121366,1,1,1,3,,,,,,,,,
12121431,0,1,2,3,,,,,,,,,
12121042,0,1,1,1,,,,,,,,,
12121248,0,1,4,3,,,,,,,,,
12120445,1,1,0,4,,,,,,,,,
12121181,0,0,1,0,,,,,,,,,
12121712,2,2,7,7,,,,,,,,,
12113770,0,0,2,4,,,,,,,,,
12121333,,,,,,,,,,,,,
12121189,3,3,4,6,11,,,,,,,,
12115380,2,3,6,7,,,,,,,,,
12121734,0,0,2,1,,,,,,,,,
12121243,0,1,2,3,,,,,,,,,
12121818,,,,,,,,,,,,,
12121088,2,3,6,7,,,,,,,,,
12121125,2,2,7,7,,,,,,,,,
12121439,3,3,6,7,,,,,,,,,
12121081,0,0,1,1,,,,,,,,,
12121701,3,2,6,6,,,,,,,,,
12116339,2,2,7,7,,,,9,,,,,
12121273,2,2,6,6,,,,,,,,,
12120744,0,1,1,4,,,,,,,,,
12121228,1,0,4,4,,,,,,,,,
12119917,3,3,6,8,,,,,,,,,
12121186,0,1,1,1,,,,,,,,,
12119954,2,3,7,6,,,,,,,,,
12116719,1,0,3,6,,,,,,,,,
12121235,2,2,6,6,,,,,,,,,
12121176,3,3,5,6,10,,,,,,,,
12121120,,,,,,,,,,,,,
12111692,2,3,6,8,,,,,,,,,
12121264,,,,,,,,,,,,,
12121227,3,3,6,2,11,,,,,,,,
12121344,1,0,0,1,,,,,,,,,
12121288,1,0,4,6,,,,,,,,,
12121000,2,3,7,6,,,,,,,,,
12121427,3,2,3,6,10,,,,,,,,
12121292,1,1,5,4,,,,,,,,,
12115547,0,0,4,4,,,,,,,,,
12121375,2,3,6,7,,,,,,,,,
12121074,1,1,2,1,,,,,,,,,
12121430,3,2,6,6,,,,,,,,,
12088021,0,1,3,3,,,,,,,,,
12121381,1,1,3,2,,,,,,,,,
12120465,2,2,6,7,,,,,,,,,
12121304,1,0,1,0,,,,,,,,,
12087922,1,2,7,3,4,,,,,,,,
12121084,2,2,6,7,11,,,,,,,,
12088019,2,2,6,5,5,,,,,,,,
12121216,2,3,7,6,,,,,,,,,
12121009,1,0,0,3,,,,,,,,,
12121710,3,2,6,6,,,,,,,,,
12121233,,,,,,,,,,,,,
12121318,1,2,3,7,5,,,,,,,,
12121057,2,2,6,6,,,,,,,,,
12121241,,,,,,,,,,,,,
12121071,,,,,,,,,,,,,
12143170,,,,,,,,,,,,,
12121422,0,1,1,2,,,,,,,,,
12121070,1,1,5,3,,,,,,,,,
12121044,0,1,0,1,,,,,,,,,
12121201,1,1,2,7,9,,,,,,,,
12121110,1,1,1,2,,,,,,,,,
12120483,0,0,4,2,,,,,,,,,
12114926,2,1,6,1,6,,,,,4,,,
12118895,2,3,3,7,6,,,,8,,,,
12121269,2,3,7,7,,,,,,,,,
12121717,1,0,1,3,,,,,,,,,
12115413,2,2,7,6,,,,,,,,,
12143169,,,,4,,,,,,,,,
12121387,1,2,7,4,6,,,,,,,,
12121428,1,0,6,5,,,,,,,,,
12117459,2,2,7,6,,,,,,,,,
12121013,3,3,6,7,,,,,,,,,
12114877,0,1,6,5,,,,4,,,,,
12122766,1,0,1,3,,,,,,,,,
12121234,2,3,6,7,,,,,,,,,
12121319,3,3,6,3,11,,,,,,,,
12121379,0,1,3,5,,,,,,,,,
12121419,0,1,0,1,,,,,,,,,
12121365,2,2,7,7,,,,,,,,,
12121314,2,3,6,6,,,,,,,,,
12121308,2,1,2,7,10,,,,,,,,
12117901,1,2,7,4,3,,,,,,,,
12120468,0,0,2,2,,,,,,,,,
12122138,2,2,7,7,,,,,,,,,
12121098,0,1,0,2,,,,,,,,,
12119930,2,3,7,7,7,,,,4,,,,
12121058,1,0,1,1,,,,,,,,,
12088026,1,2,5,7,3,,,,,,,,
12121239,0,0,0,6,,,,,,,,,
12122136,1,1,4,1,,,,,,,,,
12121336,1,1,0,4,,,,,,,,,
12117623,2,1,3,6,4,,,,,,,,
12143172,0,1,2,2,,,,,,,,,
12121587,2,2,4,7,5,,,,,,,,
12117464,2,2,8,7,,,,,,,,,
12121293,0,0,4,1,,,,,,,,,
12121329,,,,,,,,,,,,,
12116318,0,1,6,5,,,,5,,,,,
12121352,1,0,2,1,,,,,,,,,
12087276,2,3,7,7,,,,8,,,,,
12087284,3,3,7,7,,,,,,,,,
12087304,3,3,6,7,,,,,7,,,,
12087308,2,2,6,8,,,,,8,,,,
12087313,2,3,6,6,7,,,,,,,,
12087317,0,1,0,3,,,,,,,,,
12087898,0,0,4,3,,,,,,,,,
12087920,0,0,5,4,,,,,,,,,
12087938,3,2,7,7,,,,,,,,,
12087945,2,3,3,7,6,,,,,,,,
12087950,3,2,5,6,8,,,,,,,,
12088017,0,0,5,4,,,,,,,,,
12088026,2,1,4,7,2,,,,,,,,
12088030,1,2,5,6,7,,,,,8,,,
12088052,2,2,6,6,,,,,,,,,
12088068,0,0,3,1,,,,,,,,,
12088076,2,3,1,7,7,,,,7,9,,,
12088077,1,2,6,2,7,,,,,5,,,
12088086,0,1,4,4,,,,,,,,,
12117901,1,2,6,4,3,,,,,,,,
12118435,3,2,2,6,6,,,,,,,,
12118510,0,0,6,3,,,,,,,,,
12118601,1,0,1,3,,,,,,,,,
12118602,1,1,3,6,1,,,,,,,,
12118818,1,1,1,4,,,,,,,,,
12118895,2,2,2,8,7,,,,8,,,,
12118939,2,3,7,8,,,,,8,,,,
12119028,3,2,5,7,6,,,,,,,,
12119277,3,3,7,7,,,,,,,,,
12119305,2,3,7,7,,,,9,8,,,,
12119356,2,3,6,6,,,,,,,,,
12119359,0,0,2,6,,,,,,,,,
12119796,2,2,7,2,2,,,,,,,,
12119917,3,3,7,8,,,,,,,,,
12119930,2,2,6,6,6,,,,5,,,,
12119931,2,3,6,3,7,,,,,,,,
12119953,1,0,4,2,,,,,,,,,
12119954,3,2,6,7,,,,,,,,,
12120358,1,0,1,1,,,,,,,,,
12120372,1,1,1,,,,,,,,,,
12120399,1,0,3,3,,,,,,,,,
12120445,1,1,1,5,,,,,,,,,
12120451,2,3,7,7,,,,,,,,,
12120452,1,1,4,4,,,,,,,,,
12120461,0,1,5,4,,,,,,,,,
12120462,0,1,4,1,,,,,,,,,
12120463,2,3,7,7,,,,,,,,,
12120464,3,2,6,6,,,,,,,,,
12120465,2,3,7,6,,,,,,,,,
12120466,0,1,6,3,,,,,,,,,
12120467,3,3,6,7,,,,,,,,,
12120468,1,1,2,3,,,,,,,,,
12120469,0,0,0,0,,,,,,,,,
12120470,0,1,5,2,,,,,,,,,
12120471,0,1,1,3,,,,,,,,,
12120472,3,2,6,7,,,,,,,,,
12120473,3,3,7,6,,,,,,,,,
12120474,0,1,4,3,,,,,,,,,
12120475,1,1,5,7,,,,,,,,,
12120483,0,0,3,1,,,,,,,,,
12120502,1,1,3,3,,,,,,,,,
12120591,1,1,6,4,,,,,,,,,
12120602,2,2,3,7,11,,,,,,,,
12120603,3,3,7,6,,,,,,,,,
12120604,1,0,1,2,,,,,,,,,
12120605,3,2,6,3,11,,,,,,,,
12120606,3,3,7,6,11,,,,,,,,
12120607,2,3,7,4,12,,,,,,,,
12120608,2,2,7,7,,,,,,,,,
12120609,3,2,7,6,,,,,,,,,
12120610,0,1,2,4,,,,,,,,,
12120611,1,1,3,6,14,,,,,,,,
12120612,1,1,4,2,,,,,,,,,
12120613,0,0,4,3,,,,,,,,,
12120614,0,1,2,0,,,,,,,,,
12120615,0,1,0,2,,,,,,,,,
12120616,2,2,7,5,10,,,,,,,,
12120617,1,2,6,4,8,,,,,,,,
12120739,2,2,3,7,4,,,,,,,,
12120744,1,1,1,3,,,,,,,,,
12120767,1,1,7,5,3,,,,,,,,
12120846,3,2,4,7,7,,,,,,,,
12120998,3,2,7,6,,,,,,,,,
12120999,1,0,2,1,,,,,,,,,
12121000,3,2,6,6,,,,,,,,,
12121001,1,0,5,3,,,,,,,,,
12121002,0,1,2,3,,,,,,,,,
12121003,0,0,1,1,,,,,,,,,
12121004,3,3,7,7,,,,,,,,,
12121005,3,2,2,6,13,,,,,,,,
12121006,0,1,2,2,,,,,,,,,
12121007,0,0,4,1,,,,,,,,,
12121008,0,1,3,2,,,,,,,,,
12121009,1,0,1,2,,,,,,,,,
12121010,2,2,7,7,,,,,,,,,
12121011,0,1,4,2,,,,,,,,,
12121012,2,3,6,7,,,,,,,,,
12121013,3,2,7,6,,,,,,,,,
12121014,2,2,7,1,6,,,,,,,,
12121015,0,1,2,3,,,,,,,,,
12121016,0,0,1,1,,,,,,,,,
12121017,3,3,7,6,,,,,,,,,
12121018,3,2,7,7,,,,,,,,,
12121019,3,2,6,6,,,,,,,,,
12121020,3,3,6,6,,,,,,,,,
12121021,2,3,6,8,,,,,,,,,
12121022,0,1,3,4,,,,,,,,,
12121023,2,3,7,7,,,,,,,,,
12121025,0,1,1,1,,,,,,,,,
12121026,3,3,6,7,,,,,,,,,
12121027,,,,,,,,,,,,,
12121028,1,0,1,0,,,,,,,,,
12121029,1,2,7,4,5,,,,,,,,
12121030,3,2,7,6,,,,,,,,,
12121036,2,2,6,6,,,,,,,,,
12121037,3,3,7,6,,,,,,,,,
12121038,2,3,7,7,,,,,,,,,
12121039,2,3,6,7,,,,,,,,,
12121040,3,3,6,6,,,,,,,,,
12121041,3,3,6,6,,,,,,,,,
12121042,0,1,1,1,,,,,,,,,
12121043,1,1,3,3,,,,,,,,,
12121044,0,0,1,2,,,,,,,,,
12121045,1,0,4,1,,,,,,,,,
12121046,1,1,5,1,,,,,,,,,
12121047,1,1,5,5,,,,,,,,,
12121048,1,1,1,4,,,,,,,,,
12121049,1,0,4,5,,,,,,,,,
12121050,3,2,7,6,,,,,,,,,
12121051,,,,,,,,,,,,,
12121052,2,2,8,7,,,,,,,,,
12121053,0,1,4,5,,,,,,,,,
12121054,1,0,3,3,,,,,,,,,
12121055,2,2,6,6,,,,,,,,,
12121056,3,2,6,6,,,,,,,,,
12121057,2,3,6,6,,,,,,,,,
12121058,1,0,1,2,,,,,,,,,
12121059,2,2,8,3,8,,,,,,,,
12121060,2,3,6,7,,,,,,,,,
12121061,1,0,4,4,,,,,,,,,
12121063,3,3,6,6,,,,,,,,,
12121064,0,0,3,4,,,,,,,,,
12121065,2,2,8,3,11,,,,,,,,
12121066,0,0,2,0,,,,,,,,,
12121067,0,1,2,4,,,,,,,,,
12121068,3,3,6,7,,,,,,,,,
12121069,2,3,1,6,10,,,,,,,,
12121070,1,0,5,2,,,,,,,,,
12121071,,,,,,,,,,,,,
12121072,0,1,0,2,,,,,,,,,
12121073,3,3,6,7,11,,,,,,,,
12121074,1,0,2,1,,,,,,,,,
12121075,2,2,7,4,11,,,,,,,,
12121076,3,3,6,7,,,,,,,,,
12121077,3,2,7,7,,,,,,,,,
12121078,1,1,6,2,,,,,,,,,
12121079,0,0,0,1,,,,,,,,,
12121080,,,,,,,,,,,,,
12121081,0,1,1,1,,,,,,,,,
12121082,1,0,2,2,,,,,,,,,
12121083,3,3,7,6,,,,,,,,,
12121084,2,3,7,6,12,,,,,,,,
12121085,2,3,0,8,10,,,,,,,,
12121086,3,3,7,6,,,,,,,,,
12121087,2,3,7,7,,,,,,,,,
12121088,2,3,7,6,,,,,,,,,
12121089,1,0,2,1,,,,,,,,,
12121090,2,3,7,6,,,,,,,,,
12121091,,,,,,,,,,,,,
12121092,3,2,7,7,,,,,,,,,
12121093,2,3,7,6,,,,,,,,,
12121094,1,1,6,1,8,,,,,,,,
12121095,,,,,,,,,,,,,
12121096,1,1,7,6,2,,,,,,,,
12121097,0,1,1,2,,,,,,,,,
12121098,1,0,1,2,,,,,,,,,
12121099,1,1,1,0,,,,,,,,,
12121100,3,3,6,6,,,,,,,,,
12121109,2,2,7,6,,,,,,,,,
12121110,1,0,1,2,,,,,,,,,
12121111,3,3,5,8,7,,,,8,,,,
12121118,0,0,7,4,,,,2,,,,,
12121119,2,1,6,6,2,,,,5,,,,
12121120,,,,,,,,,,,,,
12121121,1,1,2,0,,,,,,,,,
12121122,,,,,,,,,,,,,
12121123,1,0,3,5,,,,,,,,,
12121124,0,1,5,3,,,,,,,,,
12121125,2,3,6,7,,,,,,,,,
12121126,1,1,1,3,,,,,,,,,
12121127,3,3,6,7,,,,,,,,,
12121161,0,0,3,2,,,,,,,,,
12121172,0,1,5,3,,,,,,,,,
12121173,3,3,7,6,,,,,,,,,
12121174,2,3,6,6,,,,,,,,,
12121175,0,1,4,5,,,,,,,,,
12121176,3,3,6,7,10,,,,,,,,
12121177,2,3,7,7,,,,,,,,,
12121178,,,,,,,,,,,,,
12121179,3,2,7,6,,,,,,,,,
12121180,2,3,3,7,11,,,,,,,,
12121181,0,1,0,0,,,,,,,,,
12121182,2,3,6,6,,,,,,,,,
12121183,,,,,,,,,,,,,
12121184,3,3,7,7,,,,,,,,,
12121185,,,,,,,,,,,,,
12121186,0,0,2,1,,,,,,,,,
12121187,0,0,1,1,,,,,,,,,
12121188,,,,,,,,,,,,,
12121189,2,3,5,7,11,,,,,,,,
12121190,3,3,7,7,12,,,,,,,,
12121191,0,1,4,3,,,,,,,,,
12121192,2,2,7,7,,,,,,,,,
12121193,3,2,7,6,,,,,,,,,
12121194,2,3,6,7,,,,,,,,,
12121195,2,1,1,6,9,,,,,,,,
12121196,1,1,4,1,,,,,,,,,
12121197,2,2,6,6,,,,,,,,,
12121198,2,3,6,7,,,,,,,,,
12121199,1,1,3,3,,,,,,,,,
12121200,3,2,7,7,11,,,,,,,,
12121201,2,2,3,7,8,,,,,,,,
12121211,3,3,8,6,11,,,,,,,,
12121212,2,2,7,7,,,,,,,,,
12121213,1,1,1,0,,,,,,,,,
12121214,2,3,7,7,,,,,,,,,
12121215,0,0,6,3,,,,,,,,,
12121216,3,3,7,6,,,,,,,,,
12121217,,,,,,,,,,,,,
12121218,1,0,4,1,,,,,,,,,
12121219,1,1,3,1,,,,,,,,,
12121220,,,,,,,,,,,,,
12121221,2,2,4,8,10,,,,,,,,
12121222,,,,,,,,,,,,,
12121223,3,2,4,7,10,,,,,,,,
12121224,,,,,,,,,,,,,
12121225,,,,,,,,,,,,,
12121227,3,3,6,2,12,,,,,,,,
12121228,0,1,3,3,,,,,,,,,
12121229,,,,,,,,,,,,,
12121230,0,1,4,3,,,,,,,,,
12121231,2,2,5,7,8,,,,,,,,
12121232,0,1,1,1,,,,,,,,,
12121233,,,,,,,,,,,,,
12121234,2,3,6,7,,,,,,,,,
12121235,3,2,6,7,,,,,,,,,
12121236,,,,,,,,,,,,,
12121237,,,,,,,,,,,,,
12121238,1,0,0,1,,,,,,,,,
12121239,1,0,1,5,,,,,,,,,
12121240,3,3,6,7,,,,,,,,,
12121241,,,,,,,,,,,,,
12121242,1,0,1,0,,,,,,,,,
12121243,0,0,3,2,,,,,,,,,
12121244,3,2,6,2,14,,,,,,,,
12121245,0,0,1,1,,,,,,,,,
12121246,2,3,7,6,,,,,,,,,
12121247,1,0,3,1,,,,,,,,,
12121248,1,0,4,4,,,,,,,,,
12121249,0,1,1,6,,,,,,,,,
12121250,0,1,1,2,,,,,,,,,
12121259,2,2,7,7,14,,,,,,,,
12121260,1,0,0,1,,,,,,,,,
12121261,0,0,1,1,,,,,,,,,
12121262,1,0,3,2,,,,,,,,,
12121263,2,3,7,7,,,,,,,,,
12121264,,,,,,,,,,,,,
12121265,3,3,3,6,11,,,,,,,,
12121266,3,2,7,6,,,,,,,,,
12121267,1,1,1,2,,,,,,,,,
12121268,2,2,6,7,,,,,,,,,
12121269,2,2,6,7,,,,,,,,,
12121270,2,2,7,6,,,,,,,,,
12121271,3,2,7,6,,,,,,,,,
12121272,3,2,2,7,11,,,,,,,,
12121273,3,2,6,6,,,,,,,,,
12121274,1,0,3,5,,,,,,,,,
12121288,1,0,4,6,,,,,,,,,
12121289,3,2,3,6,11,,,,,,,,
12121290,2,2,6,7,,,,,,,,,
12121291,3,2,6,6,,,,,,,,,
12121292,1,0,6,3,,,,,,,,,
12121293,1,1,4,1,,,,,,,,,
12121294,1,0,1,2,,,,,,,,,
12121295,2,2,6,4,6,,,,,,,,
12121296,2,1,7,4,4,,,,,,,,
12121297,1,1,1,3,,,,,,,,,
12121298,0,1,6,6,,,,,,,,,
12121299,0,1,5,2,,,,,,,,,
12121300,0,0,7,1,,,,,,,,,
12121301,3,3,7,7,,,,,,,,,
12121302,1,1,2,7,7,,,,,,,,
12121303,2,3,7,6,,,,,,,,,
12121304,1,0,1,1,,,,,,,,,
12121305,3,3,1,6,10,,,,,,,,
12121306,0,0,2,2,,,,,,,,,
12121307,1,1,4,4,,,,,,,,,
12121308,2,1,1,7,10,,,,,,,,
12121309,2,2,1,7,6,,,,,,,,
12121310,0,1,0,4,,,,,,,,,
12121311,,,,,,,,,,,,,
12121312,2,3,6,6,,,,,,,,,
12121313,3,3,6,6,,,,,,,,,
12121314,2,3,7,6,,,,,,,,,
12121315,2,1,6,7,8,,,,,,,,
12121316,2,3,6,6,,,,,,,,,
12121317,1,1,6,4,6,,,,,,,,
12121318,1,2,3,8,6,,,,,,,,
12121319,2,2,7,4,11,,,,,,,,
12121321,1,1,3,2,,,,,,,,,
12121322,2,1,6,8,12,,,,,,,,
12121323,2,2,7,6,,,,,,,,,
12121324,1,0,3,5,,,,,,,,,
12121325,3,3,7,6,,,,,,,,,
12121326,1,0,5,2,,,,,,,,,
12121327,2,3,6,6,,,,,,,,,
12121328,2,3,6,6,,,,,,,,,
12121329,,,,,,,,,,,,,
12121330,1,1,3,2,,,,,,,,,
12121331,1,1,0,4,,,,,,,,,
12121332,3,3,6,6,,,,,,,,,
12121333,,,,,,,,,,,,,
12121334,1,2,4,7,8,,,,,,,,
12121335,3,2,7,7,,,,,,,,,
12121336,0,1,1,4,,,,,,,,,
12121337,2,2,6,6,,,,,,,,,
12121338,2,2,6,7,,,,,,,,,
12121339,3,3,5,6,14,,,,,,,,
12121340,,,,,,,,,,,,,
12121341,0,1,1,5,,,,,,,,,
12121342,0,1,2,2,,,,,,,,,
12121343,1,2,7,5,9,,,,,,,,
12121344,1,1,0,1,,,,,,,,,
12121345,1,1,2,2,,,,,,,,,
12121346,1,0,4,1,,,,,,,,,
12121347,2,2,6,6,,,,,,,,,
12121348,1,0,3,6,,,,,,,,,
12121349,0,1,5,5,,,,,,,,,
12121350,3,2,7,7,,,,,,,,,
12121351,,,,,,,,,,,,,
12121352,1,1,2,1,,,,,,,,,
12121363,2,2,7,7,,,,,,,,,
12121364,0,1,4,5,,,,,,,,,
12121365,2,2,6,6,,,,,,,,,
12121366,1,1,2,3,,,,,,,,,
12121367,3,3,7,7,,,,,,,,,
12121368,2,3,6,6,,,,,,,,,
12121369,0,1,0,7,,,,,,,,,
12121370,1,0,3,2,,,,,,,,,
12121372,3,3,7,7,,,,,,,,,
12121373,0,0,3,7,,,,,,,,,
12121374,0,0,5,3,,,,,,,,,
12121375,3,3,6,7,,,,,,,,,
12121376,1,0,3,3,,,,,,,,,
12121377,1,0,1,2,,,,,,,,,
12121378,3,2,7,7,,,,,,,,,
12121379,0,1,3,4,,,,,,,,,
12121380,2,2,7,7,,,,,,,,,
12121381,0,0,2,2,,,,,,,,,
12121382,3,2,7,4,11,,,,,,,,
12121383,3,3,7,6,,,,,,,,,
12121384,2,2,6,6,,,,,,,,,
12121385,3,2,6,7,,,,,,,,,
12121386,0,1,2,2,,,,,,,,,
12121387,1,1,6,3,6,,,,,,,,
12121388,2,3,6,7,,,,,,,,,
12121389,0,0,4,4,,,,,,,,,
12121390,2,3,4,8,10,,,,,,,,
12121391,3,2,6,6,,,,,,,,,
12121392,0,1,1,0,,,,,,,,,
12121393,0,1,4,1,,,,,,,,,
12121394,0,1,1,3,,,,,,,,,
12121395,3,2,6,6,,,,,,,,,
12121396,1,0,4,3,,,,,,,,,
12121397,1,1,6,3,5,,,,,,,,
12121398,2,3,7,6,,,,,,,,,
12121399,1,2,6,4,6,,,,,,,,
12121400,2,1,3,7,6,,,,,,,,
12121401,3,2,7,7,,,,,,,,,
12121402,1,0,5,5,,,,,,,,,
12121403,1,2,6,6,6,,,,4,,,,
12121404,3,2,7,8,,,,,,,,,
12121405,2,3,5,6,10,,,,,,,,
12121406,3,3,8,1,10,,,9,,,,,
12121407,0,1,4,4,,,,,,,,,
12121408,2,3,6,7,,,,,,,,,
12121409,2,2,6,7,,,,,,,,,
12121410,2,2,7,7,,,,,,,,,
12121411,0,0,4,6,,,,,,,,,
12121412,1,1,1,4,,,,,,,,,
12121413,0,1,0,1,,,,,,,,,
12121414,1,2,7,7,8,,,,,,,,
12121415,3,3,7,6,,,,,,,,,
12121416,2,2,7,7,,,,,,,,,
12121417,2,3,6,6,,,,,,,,,
12121418,3,3,4,7,11,,,,,,,,
12121419,0,1,1,2,,,,,,,,,
12121420,1,2,6,7,7,,,,,,,,
12121421,2,3,6,7,,,,,,,,,
12121422,0,0,0,3,,,,,,,,,
12121423,3,3,7,8,,,,,,,,,
12121424,1,1,2,1,,,,,,,,,
12121425,0,1,1,1,,,,,,,,,
12121426,3,2,6,7,,,,,,,,,
12121427,2,3,4,6,10,,,,,,,,
12121428,1,1,6,4,,,,,,,,,
12121429,2,2,7,6,,,,,,,,,
12121430,3,3,6,6,,,,,,,,,
12121431,1,1,3,2,,,,,,,,,
12121432,3,2,2,6,11,,,,,,,,
12121433,3,2,7,6,,,,,,,,,
12121434,3,2,6,6,,,,,,,,,
12121435,1,0,1,2,,,,,,,,,
12121436,2,3,7,6,,,,,,,,,
12121437,2,2,8,2,5,,,,,,,,
12121438,3,3,6,6,,,,,,,,,
12121439,3,2,6,6,,,,,,,,,
12121440,3,3,6,6,,,,,,,,,
12121441,2,3,6,6,,,,,,,,,
12121442,0,1,4,4,,,,,,,,,
12121443,0,0,3,3,,,,,,,,,
12121444,,,,,,,,,,,,,
12121521,3,2,3,6,10,,,,,,,,
12121550,1,0,2,4,,,,,,,,,
12121551,3,2,3,7,7,,,,8,,,,
12121553,0,0,4,4,,,,,,,,,
12121554,1,1,7,4,3,,,,,,,,
12121555,2,2,5,6,7,,,,,,,,
12121587,1,2,4,6,5,,,,,,,,
12121588,0,1,4,5,,,,,,,,,
12121589,1,2,6,4,7,,,,,4,,,
12121590,2,2,7,6,,,,8,,,,,
12121591,1,1,5,5,,,,,,,,,
12121592,2,1,7,5,4,,,,,,,,
12121593,1,2,2,7,2,,,,,,,,
12121596,2,2,4,6,7,,,,,7,,,
12121599,0,1,2,4,,,,,,,,,
12121600,0,1,2,5,,,,,,,,,
12121602,3,3,7,6,,,,,,,,,
12121699,2,2,6,7,,,,,,,,,
12121700,1,0,1,2,,,,,,,,,
12121701,2,3,6,6,,,,,,,,,
12121702,1,0,1,3,,,,,,,,,
12121703,1,2,6,4,7,,,,,,,,
12121704,0,1,4,5,,,,,,,,,
12121705,1,0,2,3,,,,,,,,,
12121706,0,1,2,1,,,,,,,,,
12121707,2,2,6,7,,,,,,,,,
12121708,2,2,6,6,,,,,,,,,
12121709,2,2,7,7,,,,,,,,,
12121710,3,3,6,6,,,,,,,,,
12121711,3,3,7,7,,,,,,,,,
12121712,3,3,7,6,,,,,,,,,
12121713,2,2,6,7,,,,,,,,,
12121714,0,1,2,1,,,,,,,,,
12121715,0,0,1,2,,,,,,,,,
12121716,3,3,2,7,10,,,,,,,,
12121717,0,0,1,2,,,,,,,,,
12121718,1,2,6,5,4,,,,,,,,
12121719,2,2,7,6,10,,,,,,,,
12121720,2,2,7,7,,,,,,,,,
12121721,1,0,2,4,,,,,,,,,
12121724,1,1,2,3,,,,,,,,,
12121725,3,3,7,7,,,,,,,,,
12121726,3,2,7,7,,,,,,,,,
12121727,1,1,0,4,,,,,,,,,
12121728,1,1,4,4,,,,,,,,,
12121729,2,2,6,7,12,,,,,,,,
12121730,2,2,7,3,10,,,,,,,,
12121731,2,2,7,4,2,,,,,,,,
12121732,1,1,1,3,,,,,,,,,
12121733,2,2,7,6,,,,,,,,,
12121734,0,1,2,1,,,,,,,,,
12121735,3,2,6,4,10,,,,,,,,
12121736,1,2,7,7,5,,,,,,,,
12121737,1,0,3,1,,,,,,,,,
12121806,0,1,2,2,,,,,,,,,
12121807,2,2,6,7,,,,,,,,,
12121808,3,2,7,6,,,,,,,,,
12121809,0,1,2,2,,,,,,,,,
12121810,1,1,1,,,,,,,,,,
12121811,2,2,7,6,,,,,,,,,
12121812,1,0,3,,,,,,,,,,
12121817,,,,,,,,,,,,,
12121818,,,,,,,,,,,,,
12121819,,,,,,,,,,,,,
12121826,1,1,3,2,,,,,,,,,
12121827,1,0,3,3,,,,,,,,,
12121828,3,3,6,7,,,,,,,,,
12121829,2,2,7,6,,,,,,,,,
12122124,0,0,1,1,,,,,,,,,
12122125,3,2,4,7,10,,,,,,,,
12122126,0,0,2,4,,,,,,,,,
12122127,1,0,5,2,,,,,,,,,
12122128,2,2,7,6,,,,,,,,,
12122129,2,3,6,6,,,,,,,,,
12122130,1,1,3,1,,,,,,,,,
12122131,2,3,7,6,,,,,,,,,
12122132,1,0,6,3,,,,,,,,,
12122133,3,3,7,6,,,,,,,,,
12122134,,,,,,,,,,,,,
12122135,3,2,6,7,,,,,,,,,
12122136,1,0,4,2,,,,,,,,,
12122137,0,0,5,3,,,,,,,,,
12122138,3,2,7,6,,,,,,,,,
12122139,1,0,1,0,,,,,,,,,
12122140,,,,,,,,,,,,,
12122141,2,2,7,6,,,,,,,,,
12122142,3,3,6,7,,,,,,,,,
12122143,3,2,7,6,,,,,,,,,
12122144,,,,,,,,,,,,,
12122145,2,3,7,7,,,,,,,,,
12122146,,,,,,,,,,,,,
12122147,2,2,7,7,,,,,,,,,
12122148,3,2,7,7,,,,,,,,,
12122149,2,2,6,7,,,,,,,,,
12122150,2,3,6,6,,,,,,,,,
12122151,,,,,,,,,,,,,
12122152,,,,,,,,,,,,,
12122153,,,,,,,,,,,,,
12122154,2,2,8,6,,,,,,,,,
12122155,3,2,6,6,,,,,,,,,
12122156,3,3,7,6,15,,,,,,,,
12122157,0,0,3,2,,,,,,,,,
12122158,0,1,1,2,,,,,,,,,
12122159,0,0,2,3,,,,,,,,,
12122160,1,0,0,4,,,,,,,,,
12122161,2,2,7,5,8,,,,,,,,
12122162,2,2,3,6,11,,,,,,,,
12122163,0,1,1,0,,,,,,,,,
12122164,2,3,6,7,,,,,,,,,
12122165,,,,,,,,,,,,,
12122166,1,2,7,4,6,,,,,,,,
12122167,1,0,3,3,,,,,,,,,
12122168,1,0,1,2,,,,,,,,,
12122172,1,1,2,6,4,,,,,,,,
12122307,0,1,7,2,,,,6,,,,,
12122308,0,1,4,4,,,,,,,,,
12122309,1,1,3,2,,,,,,,,,
12122310,2,2,3,7,7,,,,,,,,
12122311,0,1,1,4,,,,,,,,,
12122317,1,2,8,3,6,,,,,6,,,
12122318,0,0,3,5,,,,,,,,,
12122319,2,3,7,6,,,,7,,,,,
12122320,1,2,3,6,4,,,,,,,,
12122321,1,1,8,4,5,,,,,,,,
12122322,2,3,7,6,,,,,,,,,
12122323,2,2,6,4,7,,,,,,,,
12122324,3,2,7,7,,,,,,,,,
12122325,0,1,6,2,,,,,,,,,
12122326,2,1,6,3,5,,,,,,,,
12122327,0,0,7,3,,,,6,,,,,
12122733,0,1,0,5,,,,,,,,,
12122766,0,0,1,4,,,,,,,,,
12122821,2,3,7,7,,,,7,,,,,
12123190,2,3,6,0,13,,,,,,,,
12123191,3,2,7,3,11,,,,,,,,
12123192,1,1,1,4,,,,,,,,,
12123193,1,0,4,2,,,,,,,,,
12123195,3,2,7,7,,,,,,,,,
12123196,3,3,3,6,10,,,,,,,,
12123197,2,3,6,7,,,,,,,,,
12123199,3,2,7,7,,,,,,,,,
12123277,1,1,3,4,,,,,,,,,
12123278,1,1,8,0,8,,,,,,,,
12123279,1,1,5,2,,,,,,,,,
12123280,1,1,3,1,,,,,,,,,
12123281,,,,,,,,,,,,,
12123282,3,2,7,6,,,,,,,,,
12123283,3,3,5,6,10,,,,,,,,
12123284,3,3,6,6,,,,,,,,,
12123658,0,1,1,2,,,,,,,,,
12123659,0,0,3,2,,,,,,,,,
12123666,1,0,1,4,,,,,,,,,
12123667,1,0,2,1,,,,,,,,,
12123668,2,1,6,0,4,,,,,,,,
12123669,3,2,7,7,,,,,,,,,
12123670,1,1,3,7,7,,,,,,,,
12123671,3,2,6,6,,,,,,,,,
12123672,3,2,6,6,15,,,,,,,,
12123673,1,0,2,2,,,,,,,,,
12123687,2,3,7,7,,,,,,,,,
12123696,1,1,6,3,1,,,,,,,,
12123697,0,0,7,6,,,,5,2,,,,
12123698,0,0,1,3,,,,,,,,,
12123699,0,0,6,1,,,,,,,,,
12123700,0,0,1,3,,,,,,,,,
12123701,3,2,7,7,,,,,,,,,
12123702,3,2,7,7,,,,,,,,,
12123703,0,1,4,3,,,,,,,,,
12123704,1,0,3,2,,,,,,,,,
12123705,3,2,7,6,,,,,,,,,
12123706,1,1,4,3,,,,,,,,,
12123707,2,2,4,6,9,,,,,,,,
12123708,0,1,6,2,,,,,,,,,
12123709,0,1,7,4,,,,,,,,,
12123710,2,2,6,6,,,,,,,,,
12123711,2,1,2,6,9,,,,,,,,
12123712,1,2,7,3,8,,,,,,,,
12123713,3,3,7,7,,,,,,,,,
12123736,3,3,7,7,,,,,,,,,
12123806,2,2,6,6,,,,,,,,,
12123807,2,2,6,1,8,,,,,,,,
12123808,3,3,6,6,,,,,,,,,
12123809,3,2,7,6,,,,,,,,,
12123810,1,1,7,3,,,,,,,,,
12123811,3,2,7,6,,,,,,,,,
12123812,1,0,2,6,,,,,,,,,
12123813,0,1,3,4,,,,,,,,,
12123814,1,0,2,1,,,,,,,,,
12123815,3,2,7,6,,,,,,,,,
12123816,2,2,7,7,,,,,,,,,
12123817,1,0,0,3,,,,,,,,,
12123818,1,1,3,0,,,,,,,,,
12123819,0,0,4,1,,,,,,,,,
12123821,0,0,6,4,,,,2,,,,,
12123822,1,0,4,5,,,,,,,,,
12123823,1,0,1,4,,,,,,,,,
12123826,0,1,5,4,,,,,,,,,
12123827,1,1,6,7,3,,,,,,,,
12123828,3,2,6,7,,,,,,,,,
12123829,3,3,6,7,,,,,,,,,
12123830,3,3,7,7,,,,,,,,,
12123831,1,1,4,6,,,,,,,,,
12123832,0,1,4,4,,,,,,,,,
12123833,0,0,3,4,,,,,,,,,
12123834,2,3,8,7,,,,,,,,,
12123835,1,0,2,0,,,,,,,,,
12123836,0,0,3,3,,,,,,,,,
12123837,3,2,6,3,11,,,,,,,,
12123838,,,,,,,,,,,,,
12123839,2,3,6,6,,,,,,,,,
12123840,0,0,0,3,,,,,,,,,
12123841,2,2,6,6,,,,,,,,,
12123842,1,1,5,2,,,,,,,,,
12123843,0,0,3,0,,,,,,,,,
12123844,1,2,7,3,2,,,,,,,,
12123845,1,1,4,2,,,,,,,,,
12123846,1,0,3,0,,,,,,,,,
12123847,1,1,7,3,,,,,,,,,
12123848,1,1,2,2,,,,,,,,,
12123849,0,1,5,5,,,,,,,,,
12123850,3,3,7,7,,,,,,,,,
12123851,0,1,1,4,,,,,,,,,
12123852,0,0,1,7,,,,,,,,,
12123853,0,0,1,4,,,,,,,,,
12123854,2,2,7,7,,,,,,,,,
12123855,3,3,6,3,10,,,,,,,,
12123856,0,1,2,1,,,,,,,,,
12123857,2,2,7,7,,,,,,,,,
12123858,1,0,4,2,,,,,,,,,
12123889,3,3,6,7,,,,,,,,,
12123890,2,2,8,2,,,,7,,,,,
12123891,3,2,7,6,,,,,,,,,
12123892,0,1,6,3,,,,5,,,,,
12123893,1,1,1,4,,,,,,,,,
12123894,3,3,4,6,11,,,,,,,,
12123895,0,0,5,4,,,,,,,,,
12123896,0,1,3,1,,,,,,,,,
12123897,1,1,3,5,,,,,,,,,
12123898,2,3,5,6,11,,,,,,,,
12123899,1,1,7,3,7,,,8,,,,,
12123900,3,2,6,4,10,,,,,,,,
12123901,0,1,4,2,,,,,,,,,
12123902,2,3,8,6,,,,,,,,,
12123903,2,3,3,6,10,,,,,,,,
12123904,3,2,7,4,11,,,,,,,,
12123929,1,1,4,7,6,,,,,,,,
12123930,0,1,1,2,,,,,,,,,
12123931,3,3,4,7,11,,,,,,,,
12123932,1,1,4,2,,,,,,,,,
12123933,3,3,7,8,,,,,,,,,
12123934,1,0,1,4,,,,,,,,,
12123935,2,2,7,7,,,,,,,,,
12123936,1,2,4,7,8,,,,,,,,
12123937,2,2,7,6,,,,,,,,,
12123938,0,0,2,2,,,,,,,,,
12123939,0,0,2,1,,,,,,,,,
12123940,2,3,5,7,11,,,,,,,,
12123941,3,2,7,6,,,,8,,,,,
12123942,1,0,6,5,,,,2,,,,,
12123943,0,0,0,0,,,,,,,,,
12123944,3,2,7,7,,,,,,,,,
12123945,2,2,7,7,,,,8,,,,,
12123946,0,1,4,5,,,,,,,,,
12123947,0,1,4,2,,,,,,,,,
12123948,1,2,6,5,8,,,,,,,,
12123949,2,1,7,3,6,,,8,,,,,
12123950,2,2,7,4,9,,,,,,,,
12123951,1,1,1,3,,,,,,,,,
12123952,3,3,2,7,11,,,,,,,,
12123953,0,1,3,3,,,,,,,,,
12123954,1,0,3,2,,,,,,,,,
12123955,3,3,6,6,,,,,,,,,
12123956,3,3,6,6,,,,,,,,,
12123957,2,3,7,7,,,,,,,,,
12123958,1,1,3,4,,,,,,,,,
12123959,2,3,6,6,,,,,,,,,
12123960,2,2,6,7,,,,,,,,,
12123961,2,2,6,6,,,,,,,,,
12123962,2,3,4,6,10,,,,,,,,
12123963,1,2,4,6,11,,,,,,,,
12123964,3,3,7,7,,,,,,,,,
12123965,0,0,4,5,,,,,,,,,
12123966,2,3,7,6,17,,,,,,,,
12123967,3,3,6,6,,,,,,,,,
12123968,3,3,3,7,12,,,,,,,,
12123973,3,2,8,7,,,,8,7,,,,
12124004,3,3,7,6,,,,,,,,,
12124011,0,1,1,1,,,,,,,,,
12124015,3,2,6,6,,,,,,,,,
12124016,0,0,4,5,,,,,,,,,
12124017,1,0,4,6,,,,,8,,,,
12124018,2,2,6,6,,,,,,,,,
12124019,2,2,6,7,6,,,7,,,,,
12124020,0,0,5,3,,,,,,,,,
12124021,3,2,7,7,,,,,,,,,
12124022,2,2,8,6,,,,,,,,,
12124046,1,1,2,5,,,,,,,,,
12124047,1,2,7,2,6,,,,,,,,
12124048,3,2,7,6,,,,,,,,,
12124049,1,0,4,2,,,,,,,,,
12124050,2,2,7,7,,,,,,,,,
12124051,3,3,7,6,,,,,,,,,
12124052,1,0,7,4,,,,,,,,,
12124053,3,2,6,6,,,,,,,,,
12124054,1,1,1,2,,,,,,,,,
12124055,3,2,6,7,,,,,,,,,
12124056,1,2,5,7,8,,,,,,,,
12124057,0,1,3,3,,,,,,,,,
12124058,3,3,6,7,,,,,,,,,
12124059,3,2,6,6,,,,,,,,,
12124060,0,0,4,1,,,,,,,,,
12124061,0,1,1,0,,,,,,,,,
12124084,0,0,1,2,,,,,,,,,
12124085,2,1,4,7,7,,,,,,,,
12124087,3,3,6,7,,,,,,,,,
12124089,3,2,6,0,10,,,,,,,,
12124090,3,3,4,8,10,,,,,,,,
12124091,3,2,6,7,,,,,,,,,
12124093,2,2,6,6,9,,,,,,,,
12124094,0,0,1,3,,,,,,,,,
12124127,0,1,4,3,,,,,,,,,
12124128,1,1,8,3,8,,,9,,,,,
12124129,1,1,3,3,,,,,,,,,
12124130,1,1,4,5,,,,,,,,,
12124131,2,2,6,7,,,,,,,,,
12124132,2,3,6,7,,,,,,,,,
12124133,2,2,6,7,,,,,,,,,
12124134,3,2,7,6,,,,,,,,,
12124135,3,2,6,6,11,,,5,,,,,
12124138,1,1,3,4,,,,,,,,,
12124139,2,3,5,7,11,,,,,,,,
12124140,0,1,1,4,,,,,,,,,
12124141,1,0,0,2,,,,,,,,,
12124142,3,2,6,6,10,,,,,,,,
12124143,0,0,6,1,,,,,,,,,
12124144,3,3,7,7,,,,,,,,,
12124145,2,2,5,7,10,,,,,,,,
12124146,1,0,5,2,,,,,,,,,
12124147,2,2,6,6,,,,,,,,,
12124148,2,3,6,7,,,,,,,,,
12124149,0,0,1,1,,,,,,,,,
12124150,0,0,4,6,,,,,,,,,
12124153,1,1,5,4,,,,,,,,,
12124154,1,1,7,2,4,,,,,,,,
12124164,3,2,3,6,11,,,,,,,,
12124165,2,1,7,6,7,,,,,,,,
12124166,3,2,7,7,,,,,,,,,
12124167,2,2,6,6,10,,,,,,,,
12124168,3,2,7,7,,,,,,,,,
12124169,1,1,1,3,,,,,,,,,
12124170,0,1,6,0,,,,,,,,,
12124171,0,1,3,2,,,,,,,,,
12124172,0,0,3,5,,,,,,,,,
12124173,2,3,7,6,,,,,,,,,
12124174,,,,,,,,,,,,,
12124175,1,1,2,2,,,,,,,,,
12124176,1,0,1,1,,,,,,,,,
12124177,2,2,7,2,10,,,,,,,,
12124249,0,1,3,4,,,,,,,,,
12124256,2,3,3,6,7,,,,,8,,,
12124257,0,1,3,2,,,,,,,,,
12124259,0,1,1,4,,,,,,,,,
12124264,3,3,6,8,,,,,,,,,
12124265,1,1,5,6,5,,,,,,,,
12124266,3,3,6,5,7,,,,,,,,
12124269,3,3,6,7,,,,,,,,,
12124270,2,2,6,6,6,,,3,,,,,
12124287,2,2,7,6,,,,,,,,,
12124288,1,1,7,3,4,,,,,,,,
12124289,2,2,7,7,,,,,,,,,
12124290,3,3,7,6,,,,,,,,,
12124291,2,2,7,6,,,,,,,,,
12124292,1,0,3,3,,,,,,,,,
12124293,2,2,6,6,,,,,,,,,
12124294,3,2,6,7,,,,,,,,,
12124295,0,1,4,3,,,,,,,,,
12124296,0,0,4,4,,,,,,,,,
12124297,1,1,3,0,,,,,,,,,
12124298,0,1,3,4,,,,,,,,,
12124299,0,1,3,3,,,,,,,,,
12124300,3,2,6,8,,,,,,,,,
12124366,0,0,7,4,,,,2,,,,,
12124374,0,1,2,5,,,,,,,,,
12124375,2,2,6,3,8,,,,,,,,
12124376,2,2,3,7,11,,,,,,,,
12124377,2,3,7,6,,,,,,,,,
12124378,1,0,2,3,,,,,,,,,
12124379,1,1,6,7,6,,,,,,,,
12124380,2,1,3,7,7,,,,,,,,
12124381,,,,,,,,,,,,,
12124382,2,2,7,6,,,,,,,,,
12124383,1,1,1,5,,,,,,,,,
12124384,3,3,6,7,,,,,,,,,
12124385,2,2,6,7,,,,,,,,,
12124386,3,2,6,7,,,,,,,,,
12124427,2,3,8,7,,,,,,,,,
12124481,1,0,5,4,,,,,,,,,
12124532,1,1,6,6,4,,,,,,,,
12124607,1,2,7,6,4,,,,,,,,
12124620,2,3,6,7,,,,,,,,,
12124638,2,3,2,7,7,,,,7,,,,
12124641,,,,,,,,,,,,,
12124643,2,3,7,7,,,,,,,,,
12124645,0,0,0,2,,,,,,,,,
12124646,0,0,2,3,,,,,,,,,
12124647,0,0,0,2,,,,,,,,,
12124653,1,1,3,2,,,,,,,,,
12124657,3,3,7,7,,,,,,,,,
12124659,3,3,7,6,,,,,,,,,
12124665,1,0,4,0,,,,,,,,,
12124680,1,1,6,3,,,,8,,,,,
12124681,1,1,2,2,,,,,,,,,
12124684,1,1,6,3,,,,4,,,,,
12124760,2,3,5,7,10,,,,,,,,
12124761,1,0,2,2,,,,,,,,,
12124762,1,2,7,5,8,,,,,,,,
12124763,0,0,1,2,,,,,,,,,
12124765,3,2,6,6,,,,,,,,,
12124766,3,3,6,7,,,,,,,,,
12124769,0,0,1,0,,,,,,,,,
12124772,2,2,7,7,,,,,,,,,
12124773,1,1,5,1,,,,,,,,,
12124775,3,2,6,6,,,,,,,,,
12125953,0,0,4,1,,,,,,,,,
12125954,0,1,2,1,,,,,,,,,
12125955,1,2,6,2,12,,,,,,,,
12143168,0,0,3,1,,,,,,,,,
12143169,,,,5,,,,,,,,,
12143170,,,,,,,,,,,,,
12143171,2,1,6,6,7,,,,,,,,
12143172,0,0,2,2,,,,,,,,,
12143173,3,2,6,6,10,,,,,,,,
12143174,,,,,,,,,,,,,
12143175,0,1,4,2,,,,,,,,,
12143176,0,0,2,1,,,,,,,,,
12143177,2,2,6,2,11,,,,,,,,
12143178,2,3,6,7,,,,,,,,,
12143179,0,0,1,2,,,,,,,,,
12143180,2,3,7,7,,,,,,,,,
12143181,0,1,1,2,,,,,,,,,
12143182,2,2,6,7,,,,,,,,,
12143183,1,0,2,1,,,,,,,,,
12143184,3,2,6,7,,,,,,,,,
12143185,,,,,,,,,,,,,
12143186,3,2,8,5,10,,,,,,,,
12143187,,,,7,,,,,,,,,
12143188,0,1,2,5,,,,,,,,,
12143189,,,,,,,,,,,,,
12143190,3,3,6,6,,,,,,,,,
12087308,3,3,7,7,,,,,8,,,,
12087313,3,3,5,6,7,,,,,,,,
12087945,3,3,3,7,7,,,,,,,,
12088030,2,2,4,7,7,,,,,8,,,
12121109,2,2,7,7,,,,,,,,,
12121124,0,0,5,3,,,,,,,,,
12121126,1,1,1,2,,,,,,,,,
12121172,0,0,5,3,,,,,,,,,
12121174,3,3,6,7,,,,,,,,,
12121178,,,,,,,,,,,,,
12121182,2,3,6,6,,,,,,,,,
12121187,1,1,1,0,,,,,,,,,
12121194,2,3,7,7,,,,,,,,,
12121197,2,2,6,6,,,,,,,,,
12121199,0,1,3,4,,,,,,,,,
12121274,0,1,3,5,,,,,,,,,
12121326,1,1,4,2,,,,,,,,,
12121328,3,2,7,6,,,,,,,,,
12121329,,,,,,,,,,,,,
12121334,2,1,4,6,9,,,,,,,,
12121338,2,2,6,6,,,,,,,,,
12121341,0,1,2,5,,,,,,,,,
12121347,3,2,6,6,,,,,,,,,
12121350,3,3,6,6,,,,,,,,,
12121364,1,0,5,5,,,,,,,,,
12121365,2,3,6,7,,,,,,,,,
12121366,0,1,2,2,,,,,,,,,
12121367,3,3,6,7,,,,,,,,,
12121368,2,2,6,6,,,,,,,,,
12121369,1,0,0,6,,,,,,,,,
12121370,0,0,3,3,,,,,,,,,
12121372,3,2,6,6,,,,,,,,,
12121373,1,1,4,7,,,,,,,,,
12121374,1,0,5,2,,,,,,,,,
12121375,2,3,7,7,,,,,,,,,
12121378,2,3,7,7,,,,,,,,,
12121379,0,1,3,4,,,,,,,,,
12121380,3,3,7,7,,,,,,,,,
12121381,1,0,2,3,,,,,,,,,
12121383,3,3,7,7,,,,,,,,,
12121384,3,3,6,7,,,,,,,,,
12121385,2,2,6,7,,,,,,,,,
12121386,1,1,3,1,,,,,,,,,
12121389,0,0,5,5,,,,,,,,,
12121390,2,2,4,7,11,,,,,,,,
12121391,3,2,7,7,,,,,,,,,
12121393,0,0,4,0,,,,,,,,,
12121394,1,1,0,3,,,,,,,,,
12121395,2,3,6,6,,,,,,,,,
12121396,1,0,3,4,,,,,,,,,
12121397,1,2,6,3,6,,,,,,,,
12121400,1,2,2,7,5,,,,,,,,
12121401,3,2,6,7,,,,,,,,,
12121402,1,0,4,5,,,,,,,,,
12121403,1,2,7,6,6,,,,5,,,,
12121406,3,2,8,2,11,,,8,,,,,
12121407,0,0,4,4,,,,,,,,,
12121411,1,0,3,5,,,,,,,,,
12121412,1,1,0,3,,,,,,,,,
12121553,0,0,5,4,,,,,,,,,
12121554,2,1,7,3,3,,,,,,,,
12121555,2,3,4,6,7,,,,,,,,
12121588,0,1,4,5,,,,,,,,,
12121589,2,2,6,4,6,,,,,4,,,
12121590,3,2,7,7,,,,8,,,,,
12121591,0,1,4,4,,,,,,,,,
12121592,1,1,6,5,4,,,,,,,,
12121594,,,,,,,,,,,,,
12121595,0,0,3,1,,,,,,,,,
12121596,2,2,4,7,7,,,,,8,,,
12121597,2,2,7,6,,,,,,,,,
12121598,3,3,7,6,,,,,,,,,
12121599,0,1,1,5,,,,,,,,,
12121600,1,1,1,4,,,,,,,,,
12121601,1,1,2,5,,,,,,,,,
12121602,2,3,6,6,,,,,,,,,
12121603,0,1,5,2,,,,,,,,,
12121607,,,,,,,,,,,,,
12121676,0,0,5,5,,,,,,,,,
12121679,0,0,2,4,,,,,,,,,
12121680,2,2,8,5,4,,,9,,,,,
12121682,0,0,4,3,,,,,,,,,
12121684,1,0,5,4,,,,,,,,,
12121699,2,3,6,6,,,,,,,,,
12121700,0,0,2,2,,,,,,,,,
12121701,2,2,6,7,,,,,,,,,
12121702,1,1,0,4,,,,,,,,,
12121703,2,1,6,4,8,,,,,,,,
12121704,0,0,3,6,,,,,,,,,
12121705,0,1,3,3,,,,,,,,,
12121706,0,0,2,1,,,,,,,,,
12121707,2,3,7,6,,,,,,,,,
12121708,2,3,6,6,,,,,,,,,
12121709,2,2,6,6,,,,,,,,,
12121710,3,3,7,6,,,,,,,,,
12121711,2,3,6,7,,,,,,,,,
12121712,3,2,6,7,,,,,,,,,
12121713,3,2,6,6,,,,,,,,,
12121714,0,1,3,1,,,,,,,,,
12121715,0,1,1,3,,,,,,,,,
12121716,3,2,2,7,11,,,,,,,,
12121717,0,1,0,2,,,,,,,,,
12121718,1,2,6,5,4,,,,,,,,
12121719,3,3,7,5,11,,,,,,,,
12121720,3,3,6,6,,,,,,,,,
12121721,1,0,1,4,,,,,,,,,
12121724,1,0,2,2,,,,,,,,,
12121725,3,3,7,6,,,,,,,,,
12121726,3,3,6,7,,,,,,,,,
12121727,0,0,0,3,,,,,,,,,
12121728,0,0,4,4,,,,,,,,,
12121729,2,2,6,7,13,,,,,,,,
12121730,3,3,6,4,11,,,,,,,,
12121731,1,1,7,5,2,,,,,,,,
12121732,0,0,0,2,,,,,,,,,
12121733,3,3,7,7,,,,,,,,,
12121734,0,0,2,0,,,,,,,,,
12121735,2,2,7,3,10,,,,,,,,
12121736,1,2,7,6,5,,,,,,,,
12121737,0,1,3,1,,,,,,,,,
12121805,,,,,,,,,,,,,
12121806,0,0,1,2,,,,,,,,,
12121807,2,3,6,6,,,,,,,,,
12121808,3,3,6,7,,,,,,,,,
12121809,1,0,2,2,,,,,,,,,
12121810,0,0,0,,,,,,,,,,
12121811,3,2,7,7,,,,,,,,,
12121812,0,0,3,,,,,,,,,,
12121817,,,,,,,,,,,,,
12121818,,,,,,,,,,,,,
12121819,,,,,,,,,,,,,
12121826,0,1,3,3,,,,,,,,,
12121827,0,0,4,3,,,,,,,,,
12121828,2,3,6,6,,,,,,,,,
12121829,3,3,6,6,,,,,,,,,
12121874,3,2,6,7,,,,,,,,,
12121878,2,2,6,7,,,,,,,,,
12121879,,,6,7,0,,,10,,,,,
12121883,1,1,2,1,,,,,,,,,
12121885,1,0,2,3,,,,,,,,,
12122124,0,1,0,2,,,,,,,,,
12122125,3,2,5,7,11,,,,,,,,
12122126,1,0,2,3,,,,,,,,,
12122127,0,1,5,2,,,,,,,,,
12122128,3,2,7,6,,,,,,,,,
12122129,2,3,7,7,,,,,,,,,
12122130,0,0,2,1,,,,,,,,,
12122131,3,2,7,6,,,,,,,,,
12122132,1,0,6,3,,,,,,,,,
12122133,3,3,7,6,,,,,,,,,
12122134,,,,,,,,,,,,,
12122135,2,2,6,7,,,,,,,,,
12122136,1,1,4,2,,,,,,,,,
12122137,1,1,6,4,,,,,,,,,
12122138,2,3,6,7,,,,,,,,,
12122139,0,1,0,1,,,,,,,,,
12122140,,,,,,,,,,,,,
12122141,3,2,7,7,,,,,,,,,
12122142,3,2,7,6,,,,,,,,,
12122143,2,2,7,6,,,,,,,,,
12122144,,,,,,,,,,,,,
12122145,2,2,7,6,,,,,,,,,
12122146,,,,,,,,,,,,,
12122147,2,3,7,6,,,,,,,,,
12122148,2,2,7,7,,,,,,,,,
12122149,3,2,7,6,,,,,,,,,
12122150,2,3,7,6,,,,,,,,,
12122151,,,,,,,,,,,,,
12122152,,,,,,,,,,,,,
12122153,,,,,,,,,,,,,
12122154,3,3,7,6,,,,,,,,,
12122155,2,2,7,7,,,,,,,,,
12122156,2,2,7,6,16,,,,,,,,
12122157,0,0,3,1,,,,,,,,,
12122158,1,0,2,3,,,,,,,,,
12122159,1,1,2,2,,,,,,,,,
12122160,1,0,0,4,,,,,,,,,
12122161,2,2,8,4,8,,,,,,,,
12122162,3,2,2,6,10,,,,,,,,
12122163,1,1,0,1,,,,,,,,,
12122164,3,3,7,6,,,,,,,,,
12122165,,,,,,,,,,,,,
12122166,1,1,7,4,5,,,,,,,,
12122167,0,0,4,3,,,,,,,,,
12122168,0,1,1,3,,,,,,,,,
12122172,2,1,3,7,3,,,,,,,,
12122307,0,1,6,2,,,,6,,,,,
12122308,0,0,4,4,,,,,,,,,
12122309,1,0,4,2,,,,,,,,,
12122310,3,2,3,7,6,,,,,,,,
12122311,1,0,2,4,,,,,,,,,
12122317,2,1,7,2,6,,,,,7,,,
12122318,1,1,2,4,,,,,,,,,
12122319,3,2,7,6,,,,7,,,,,
12122320,1,2,3,6,3,,,,,,,,
12122321,2,2,8,4,5,,,,,,,,
12122322,2,3,6,7,,,,,,,,,
12122323,2,3,7,4,7,,,,,,,,
12122324,3,3,6,8,,,,,,,,,
12122325,0,0,6,1,,,,,,,,,
12122326,2,1,6,3,4,,,,,,,,
12122327,0,0,6,4,,,,6,,,,,
12122328,0,0,1,2,,,,,,,,,
12122329,,,,,,,,,,,,,
12122330,3,3,4,6,6,,,,,,,,
12122331,0,0,2,3,,,,,,,,,
12122332,3,2,7,8,,,,,,,,,
12122333,3,3,5,7,6,,,,,,,,
12122334,0,1,3,4,,,,,,,,,
12122335,1,0,2,5,,,,,,,,,
12123190,3,2,7,1,12,,,,,,,,
12123191,3,3,6,4,10,,,,,,,,
12123192,0,0,2,4,,,,,,,,,
12123193,0,0,5,3,,,,,,,,,
12123195,3,3,7,6,,,,,,,,,
12123196,2,3,4,6,11,,,,,,,,
12123197,2,3,6,6,,,,,,,,,
12123199,2,3,6,6,,,,,,,,,
12123277,0,1,3,4,,,,,,,,,
12123278,1,1,8,1,8,,,,,,,,
12123279,1,0,4,2,,,,,,,,,
12123280,0,1,3,2,,,,,,,,,
12123281,,,,,,,,,,,,,
12123282,3,3,7,7,,,,,,,,,
12123283,2,2,5,6,11,,,,,,,,
12123284,3,3,7,6,,,,,,,,,
12123658,0,0,1,2,,,,,,,,,
12123659,0,1,2,1,,,,,,,,,
12123666,1,0,2,4,,,,,,,,,
12123667,1,1,2,1,,,,,,,,,
12123668,1,1,6,0,4,,,,,,,,
12123669,2,2,6,6,,,,,,,,,
12123670,2,1,2,7,7,,,,,,,,
12123671,3,3,6,6,,,,,,,,,
12123672,2,3,5,6,15,,,,,,,,
12123673,0,1,3,2,,,,,,,,,
12123687,2,2,6,7,,,,,,,,,
12123696,2,1,7,4,2,,,,,,,,
12123697,1,1,7,7,,,,4,1,,,,
12123698,0,0,1,2,,,,,,,,,
12123699,0,1,6,1,,,,,,,,,
12123700,0,0,1,2,,,,,,,,,
12123701,2,2,7,6,,,,,,,,,
12123702,3,2,7,7,,,,,,,,,
12123703,0,1,4,3,,,,,,,,,
12123704,1,1,2,2,,,,,,,,,
12123705,3,2,8,6,,,,,,,,,
12123706,1,1,4,3,,,,,,,,,
12123707,1,2,4,7,9,,,,,,,,
12123708,1,1,7,2,,,,,,,,,
12123709,1,0,6,3,,,,,,,,,
12123710,3,2,6,7,,,,,,,,,
12123711,1,2,3,6,9,,,,,,,,
12123712,2,2,7,3,8,,,,,,,,
12123713,3,3,7,7,,,,,,,,,
12123807,2,2,6,0,8,,,,,,,,
12123808,2,3,7,6,,,,,,,,,
12123809,2,3,7,7,,,,,,,,,
12123810,1,1,6,4,,,,,,,,,
12123811,3,2,6,6,,,,,,,,,
12123812,0,1,2,5,,,,,,,,,
12123813,0,0,2,3,,,,,,,,,
12123814,0,0,2,1,,,,,,,,,
12123815,2,2,7,7,,,,,,,,,
12123816,3,2,6,6,,,,,,,,,
12123817,1,0,0,2,,,,,,,,,
12123818,1,1,3,1,,,,,,,,,
12123819,0,1,4,1,,,,,,,,,
12123821,1,0,7,4,,,,2,,,,,
12123822,0,1,4,4,,,,,,,,,
12123823,0,0,2,4,,,,,,,,,
12123826,0,1,6,5,,,,,,,,,
12123827,2,1,7,7,2,,,,,,,,
12123828,3,3,7,6,,,,,,,,,
12123829,3,2,7,6,,,,,,,,,
12123830,2,2,8,6,,,,,,,,,
12123831,0,1,4,6,,,,,,,,,
12123832,0,0,3,4,,,,,,,,,
12123833,1,1,3,4,,,,,,,,,
12123834,3,3,8,6,,,,,,,,,
12123835,1,0,1,0,,,,,,,,,
12123836,0,1,3,2,,,,,,,,,
12123837,2,2,6,3,11,,,,,,,,
12123838,,,,,,,,,,,,,
12123839,3,2,7,6,,,,,,,,,
12123840,1,1,1,4,,,,,,,,,
12123841,3,2,6,6,,,,,,,,,
12123842,0,1,5,3,,,,,,,,,
12123843,1,1,2,0,,,,,,,,,
12123844,1,2,6,3,2,,,,,,,,
12123845,1,0,3,2,,,,,,,,,
12123846,1,0,3,0,,,,,,,,,
12123847,0,0,6,4,,,,,,,,,
12123848,1,1,3,2,,,,,,,,,
12123849,0,1,5,4,,,,,,,,,
12123850,3,3,7,7,,,,,,,,,
12123851,0,1,2,4,,,,,,,,,
12123852,1,1,1,6,,,,,,,,,
12123853,0,0,1,4,,,,,,,,,
12123854,2,3,6,7,,,,,,,,,
12123855,3,3,7,4,11,,,,,,,,
12123856,1,1,2,1,,,,,,,,,
12123857,2,2,6,7,,,,,,,,,
12123858,1,1,4,3,,,,,,,,,
12123889,3,2,7,7,,,,,,,,,
12123890,1,2,7,1,,,,8,,,,,
12123891,2,2,6,6,,,,,,,,,
12123892,0,1,7,3,,,,4,,,,,
12123893,0,1,1,4,,,,,,,,,
12123894,2,3,4,6,11,,,,,,,,
12123895,0,1,6,4,,,,,,,,,
12123896,1,1,4,2,,,,,,,,,
12123897,1,1,2,4,,,,,,,,,
12123898,2,2,4,7,11,,,,,,,,
12123899,1,1,8,3,7,,,8,,,,,
12123900,2,3,7,5,10,,,,,,,,
12123901,0,0,4,1,,,,,,,,,
12123902,3,2,8,6,,,,,,,,,
12123903,3,3,4,7,11,,,,,,,,
12123904,3,2,7,4,10,,,,,,,,
12123929,1,2,4,6,5,,,,,,,,
12123930,0,1,1,1,,,,,,,,,
12123931,2,3,5,6,10,,,,,,,,
12123932,0,1,4,3,,,,,,,,,
12123933,2,2,7,8,,,,,,,,,
12123934,0,0,1,5,,,,,,,,,
12123935,3,3,6,6,,,,,,,,,
12123936,1,1,4,7,8,,,,,,,,
12123937,2,3,6,7,,,,,,,,,
12123938,1,1,2,2,,,,,,,,,
12123939,1,1,1,0,,,,,,,,,
12123940,2,3,4,7,10,,,,,,,,
12123941,2,3,8,6,,,,7,,,,,
12123942,1,1,6,4,,,,1,,,,,
12123943,1,1,1,0,,,,,,,,,
12123944,2,2,6,7,,,,,,,,,
12123945,3,2,8,6,,,,7,,,,,
12123946,1,1,4,5,,,,,,,,,
12123947,0,1,4,2,,,,,,,,,
12123948,2,2,7,4,7,,,,,,,,
12123949,1,2,7,3,7,,,9,,,,,
12123950,2,2,7,4,10,,,,,,,,
12123951,0,0,1,3,,,,,,,,,
12123952,2,3,2,7,10,,,,,,,,
12123953,1,1,4,3,,,,,,,,,
12123954,0,1,3,2,,,,,,,,,
12123955,2,3,6,7,,,,,,,,,
12123956,3,3,6,6,,,,,,,,,
12123957,2,2,7,6,,,,,,,,,
12123958,1,0,3,3,,,,,,,,,
12123959,2,3,6,7,,,,,,,,,
12123960,3,2,7,6,,,,,,,,,
12123961,2,3,7,6,,,,,,,,,
12123962,3,3,5,7,11,,,,,,,,
12123963,2,1,3,7,12,,,,,,,,
12123964,2,2,6,6,,,,,,,,,
12123965,0,0,4,5,,,,,,,,,
12123966,3,2,6,6,16,,,,,,,,
12123967,3,2,7,6,,,,,,,,,
12123968,3,2,4,8,11,,,,,,,,
12123973,3,3,8,8,,,,9,8,,,,
12124004,3,3,6,7,,,,,,,,,
12124015,3,3,7,7,,,,,,,,,
12124016,0,0,3,5,,,,,,,,,
12124017,0,1,4,6,,,,,8,,,,
12124018,3,3,7,7,,,,,,,,,
12124019,2,1,7,7,5,,,7,,,,,
12124020,0,1,5,4,,,,,,,,,
12124021,3,3,7,7,,,,,,,,,
12124022,2,3,8,7,,,,,,,,,
12124046,0,0,2,5,,,,,,,,,
12124047,1,1,7,2,6,,,,,,,,
12124048,3,2,7,7,,,,,,,,,
12124049,0,0,5,1,,,,,,,,,
12124050,2,2,7,8,,,,,,,,,
12124051,2,3,6,6,,,,,,,,,
12124052,1,1,6,5,,,,,,,,,
12124053,3,2,6,7,,,,,,,,,
12124054,1,0,1,3,,,,,,,,,
12124055,3,3,7,6,,,,,,,,,
12124056,1,1,5,6,9,,,,,,,,
12124057,0,0,3,4,,,,,,,,,
12124058,3,3,7,6,,,,,,,,,
12124059,3,2,7,7,,,,,,,,,
12124060,1,1,3,0,,,,,,,,,
12124061,1,1,1,1,,,,,,,,,
12124079,0,1,2,3,,,,,,,,,
12124080,1,1,6,4,7,,,,,,,,
12124081,0,1,5,4,,,,,,,,,
12124082,2,3,7,4,10,,,,,,,,
12124083,3,2,7,6,,,,,,,,,
12124084,0,1,1,2,,,,,,,,,
12124085,1,1,4,7,6,,,,,,,,
12124086,2,2,6,7,,,,,,,,,
12124087,3,2,6,7,,,,,,,,,
12124088,2,3,6,6,,,,,,,,,
12124089,3,3,6,0,11,,,,,,,,
12124090,2,2,4,8,10,,,,,,,,
12124091,2,3,6,6,,,,,,,,,
12124092,3,2,6,7,,,,,,,,,
12124093,2,1,7,6,8,,,,,,,,
12124094,1,0,1,3,,,,,,,,,
12124105,1,1,7,7,5,,,2,,,,,
12124127,1,1,4,3,,,,,,,,,
12124128,2,2,8,2,9,,,9,,,,,
12124129,1,0,3,3,,,,,,,,,
12124130,1,0,5,5,,,,,,,,,
12124131,2,2,7,7,,,,,,,,,
12124132,2,3,6,6,,,,,,,,,
12124133,3,2,6,7,,,,,,,,,
12124134,2,2,7,7,,,,,,,,,
12124135,2,3,6,7,11,,,4,,,,,
12124138,1,0,3,3,,,,,,,,,
12124139,3,2,5,6,10,,,,,,,,
12124140,0,1,2,3,,,,,,,,,
12124141,0,1,1,1,,,,,,,,,
12124142,3,3,6,6,11,,,,,,,,
12124143,1,0,7,1,,,,,,,,,
12124144,3,3,6,7,,,,,,,,,
12124145,3,2,5,6,10,,,,,,,,
12124146,1,1,6,2,,,,,,,,,
12124147,2,3,7,6,,,,,,,,,
12124148,2,2,7,7,,,,,,,,,
12124149,1,0,1,1,,,,,,,,,
12124150,0,0,5,7,,,,,,,,,
12124153,1,0,5,3,,,,,,,,,
12124154,2,1,7,1,3,,,,,,,,
12124164,2,2,3,6,10,,,,,,,,
12124165,2,1,7,6,7,,,,,,,,
12124166,3,3,7,7,,,,,,,,,
12124167,3,3,6,6,11,,,,,,,,
12124168,3,3,6,7,,,,,,,,,
12124169,0,0,0,2,,,,,,,,,
12124170,0,1,6,1,,,,,,,,,
12124171,0,1,4,3,,,,,,,,,
12124172,1,0,2,4,,,,,,,,,
12124173,2,3,6,6,,,,,,,,,
12124174,,,,,,,,,,,,,
12124175,1,0,1,2,,,,,,,,,
12124176,0,0,1,2,,,,,,,,,
12124177,2,3,7,3,11,,,,,,,,
12124249,0,0,3,4,,,,,,,,,
12124255,2,2,5,7,7,,,,,,,,
12124256,3,3,2,7,8,,,,,8,,,
12124257,0,0,3,1,,,,,,,,,
12124258,2,3,6,7,,,,,,,,,
12124259,1,1,1,4,,,,,,,,,
12124260,2,3,7,6,,,,,,,,,
12124261,0,0,2,5,,,,,,,,,
12124262,2,2,7,7,,,,,,,,,
12124263,0,0,1,1,,,,,,,,,
12124264,3,2,6,8,,,,,,,,,
12124265,1,2,5,6,4,,,,,,,,
12124266,2,3,6,5,7,,,,,,,,
12124267,0,1,4,5,,,,,,,,,
12124268,0,0,2,2,,,,,,,,,
12124269,2,2,6,7,,,,,,,,,
12124270,3,3,6,6,6,,,3,,,,,
12124279,2,2,2,6,,,,,,,,,
12124282,2,3,6,7,,,,,,,,,
12124287,2,3,7,7,,,,,,,,,
12124288,1,2,6,3,4,,,,,,,,
12124289,3,2,8,7,,,,,,,,,
12124290,2,2,7,7,,,,,,,,,
12124291,2,2,6,7,,,,,,,,,
12124292,1,0,3,2,,,,,,,,,
12124293,3,2,6,7,,,,,,,,,
12124294,3,2,6,7,,,,,,,,,
12124295,0,0,3,4,,,,,,,,,
12124296,0,0,4,3,,,,,,,,,
12124297,1,0,3,1,,,,,,,,,
12124298,1,1,2,5,,,,,,,,,
12124299,1,0,3,4,,,,,,,,,
12124300,2,2,6,8,,,,,,,,,
12124302,,,,,,,,,,,,,
12124366,1,0,6,3,,,,2,,,,,
12124367,1,0,2,1,,,,,,,,,
12124374,0,0,2,5,,,,,,,,,
12124375,2,1,7,3,9,,,,,,,,
12124376,3,3,3,6,10,,,,,,,,
12124377,2,2,7,6,,,,,,,,,
12124378,1,0,2,3,,,,,,,,,
12124379,2,2,6,6,7,,,,,,,,
12124380,1,2,3,7,8,,,,,,,,
12124381,,,,,,,,,,,,,
12124382,2,3,6,6,,,,,,,,,
12124383,0,0,1,4,,,,,,,,,
12124384,3,3,6,6,,,,,,,,,
12124385,3,3,6,6,,,,,,,,,
12124386,3,3,7,7,,,,,,,,,
12124401,1,1,2,6,,,,,4,,,,
12124427,2,2,8,7,,,,,,,,,
12124472,2,1,6,8,4,,,4,,,,,
12124481,1,0,4,5,,,,,,,,,
12124494,3,2,6,7,,,,,,,,,
12124532,2,1,7,6,5,,,,,,,,
12124600,3,2,7,7,,,,7,,,,,
12124601,3,3,6,7,,,,,,,,,
12124602,0,1,4,5,,,,,,,,,
12124607,2,1,7,7,3,,,,,,,,
12124620,2,2,7,7,,,,,,,,,
12124627,2,2,7,6,5,,,,,,,,
12124638,3,3,2,8,6,,,,7,,,,
12124640,3,2,6,7,,,,,,,,,
12124641,,,,,,,,,,,,,
12124642,2,3,7,6,,,,,,,,,
12124643,3,2,6,6,,,,,,,,,
12124644,1,1,2,0,,,,,,,,,
12124645,1,0,0,1,,,,,,,,,
12124646,1,1,1,2,,,,,,,,,
12124647,0,0,0,2,,,,,,,,,
12124648,2,1,6,5,4,,,,,,,,
12124649,2,1,4,6,8,,,,,,,,
12124650,0,1,2,3,,,,,,,,,
12124651,3,3,6,7,,,,,,,,,
12124652,3,2,7,7,,,,,,,,,
12124653,0,0,2,1,,,,,,,,,
12124654,0,1,4,4,,,,,,,,,
12124656,0,0,0,1,,,,,,,,,
12124657,2,2,6,7,,,,,,,,,
12124658,2,2,7,6,,,,,,,,,
12124659,3,3,6,6,,,,,,,,,
12124660,2,3,7,6,,,,,,,,,
12124661,2,2,7,6,,,,,,,,,
12124662,3,3,7,6,,,,,,,,,
12124663,0,1,6,2,,,,8,,,,,
12124664,0,1,0,1,,,,,,,,,
12124665,0,0,4,0,,,,,,,,,
12124666,2,3,6,5,8,,,,,8,,,
12124679,3,2,7,8,,,,,8,,,,
12124680,1,0,7,2,,,,7,,,,,
12124681,1,0,3,3,,,,,,,,,
12124682,3,2,6,7,,,,,,,,,
12124683,3,3,6,8,,,,,7,,,,
12124684,1,0,7,3,,,,4,,,,,
12124741,0,0,2,2,,,,,,,,,
12124742,0,0,2,1,,,,,,,,,
12124743,2,3,8,4,11,,,,,,,,
12124750,3,2,7,6,,,,,,,,,
12124753,3,2,7,8,,,,,8,,,,
12124760,2,3,5,6,10,,,,,,,,
12124761,0,1,2,3,,,,,,,,,
12124762,1,2,6,4,8,,,,,,,,
12124763,0,0,1,3,,,,,,,,,
12124764,1,1,7,1,9,,,,,,,,
12124765,3,2,7,6,,,,,,,,,
12124766,3,2,7,6,,,,,,,,,
12124767,1,1,6,5,,,,,,,,,
12124768,3,2,7,8,,,,,,,,,
12124769,1,1,0,1,,,,,,,,,
12124770,0,0,6,2,,,,,,,,,
12124771,2,2,2,7,11,,,,,,,,
12124772,3,2,7,7,,,,,,,,,
12124773,1,1,6,1,,,,,,,,,
12124774,2,2,5,7,10,,,,,,,,
12124775,3,3,7,6,,,,,,,,,
12124783,0,1,3,3,,,,,,,,,
12124802,3,2,7,6,,,,,,,,,
12124803,0,0,2,1,,,,,,,,,
12124804,0,0,2,4,,,,,,,,,
12124805,3,2,6,7,,,,,,,,,
12124806,1,1,2,1,,,,,,,,,
12124807,0,0,1,2,,,,,,,,,
12124808,3,2,6,6,,,,,,,,,
12124809,2,2,6,7,,,,,,,,,
12124810,2,1,1,8,9,,,,8,,,,
12124811,3,3,6,7,,,,,,,,,
12124812,3,3,6,8,,,,,,,,,
12124813,0,0,2,1,,,,,,,,,
12124814,1,0,6,5,,,,,,,,,
12124815,3,3,6,7,,,,,,,,,
12124816,,,,,,,,,,,,,
12124817,2,2,7,5,2,,,,,,,,
12125315,3,2,7,8,,,,,,,,,
12125316,1,0,2,3,,,,,,,,,
12125317,0,0,3,2,,,,,,,,,
12125318,3,2,7,6,,,,,,,,,
12125319,2,2,7,6,,,,,,,,,
12125320,,,,,,,,,,,,,
12125321,2,2,7,6,,,,8,,,,,
12125322,2,2,7,6,,,,,,,,,
12125324,1,2,7,3,0,,,,,,,,
12125325,2,3,7,7,,,,,,,,,
12125326,1,1,5,3,,,,,,,,,
12125327,0,0,5,7,,,,,7,,,,
12125328,2,3,6,7,,,,,,,,,
12125329,1,1,2,2,,,,,,,,,
12125330,1,0,1,2,,,,,,,,,
12125331,1,1,4,2,,,,,,,,,
12125332,2,3,4,8,7,,,,14,,,,
12125338,3,3,6,7,7,,,,,,,,
12125339,2,2,7,7,,,,,,,,,
12125340,0,1,4,1,,,,,,,,,
12125341,2,3,6,6,7,,,5,,,,,
12125342,2,2,6,7,6,,,6,12,,,,
12125343,3,3,6,7,,,,,,,,,
12125344,1,2,6,4,4,,,,,,,,
12125759,2,1,3,6,4,,,,,,,,
12125761,0,0,3,3,,,,,,,,,
12125762,0,0,5,6,,,,,6,,,,
12125763,0,0,2,4,,,,,,,,,
12125764,0,0,5,5,,,,,,,,,
12125767,2,2,6,6,,,,,,,,,
12125768,2,1,3,7,2,,,,,,,,
12125769,3,2,6,7,,,,,,,,,
12125924,0,0,1,4,,,,,,,,,
12125925,1,1,6,5,,,,,,,,,
12125926,1,1,5,6,9,,,,,,,,
12125927,1,1,3,4,,,,,,,,,
12125928,0,1,2,1,,,,,,,,,
12125929,3,3,3,6,11,,,,,,,,
12125931,2,2,7,6,,,,,,,,,
12125933,2,3,7,7,,,,,,,,,
12125938,1,1,8,3,,,,,,,,,
12125953,0,1,5,1,,,,,,,,,
12125954,1,0,2,1,,,,,,,,,
12125955,2,2,7,3,12,,,,,,,,
12125992,0,0,1,3,,,,,,,,,
12126012,2,3,7,7,,,,,,,,,
12126013,0,1,3,3,,,,,,,,,
12126014,2,1,7,3,5,,,8,,,,,
12126015,0,0,3,1,,,,,,,,,
12126016,1,0,5,2,,,,,,,,,
12126044,1,1,2,1,,,,,,,,,
12126051,2,2,6,2,11,,,,,,,,
12126052,2,3,6,3,11,,,,,,,,
12126088,0,1,3,5,,,,,,,,,
12126160,3,3,4,7,10,,,,,,,,
12126165,3,2,6,7,,,,,,,,,
12126187,1,1,2,3,,,,,,,,,
12126221,1,1,4,4,,,,,,,,,
12126222,0,1,3,5,,,,,,,,,
12126223,2,2,6,7,,,,,,,,,
12126260,1,1,4,5,,,,,,,,,
12126292,2,2,6,2,6,,,,,,,,
12126293,1,1,2,7,8,,,,,,,,
12126294,0,0,2,0,,,,,,,,,
12126295,3,2,6,3,11,,,,,,,,
12126296,0,1,4,1,,,,,,,,,
12126299,2,3,5,6,7,,,,,,,,
12126300,3,3,7,6,,,,,,,,,
12126301,2,1,6,2,6,,,,,,,,
12126302,2,2,7,6,,,,7,,,,,
12126303,2,1,7,3,4,,,,,,,,
12126304,2,1,4,7,9,,,,,,,,
12126305,3,2,3,7,11,,,,,,,,
12126307,2,2,6,7,6,,,,8,,,,
12126308,1,0,3,1,,,,,,,,,
12126309,3,3,7,6,,,,,,,,,
12126310,2,3,6,7,,,,,,,,,
12126311,0,1,6,,,,,,,,,,
12126312,2,2,3,7,10,,,,,,,,
12126315,3,2,7,7,,,,,8,,,,
12126316,1,1,1,2,,,,,,,,,
12126317,0,1,1,4,,,,,,,,,
12126319,2,2,8,4,11,,,,,,,,
12126321,2,2,6,7,,,,,,,,,
12126325,1,1,4,3,,,,,,,,,
12126340,1,1,4,0,,,,,,,,,
12126341,2,3,6,7,,,,,,,,,
12126342,1,1,2,6,,,,,,,,,
12126343,0,1,5,4,,,,,,,,,
12126344,0,0,3,2,,,,,,,,,
12126345,1,2,7,5,7,,,,,,,,
12126346,1,0,2,4,,,,,,,,,
12126347,0,0,6,1,,,,,,,,,
12126348,3,2,7,6,,,,,,,,,
12126353,1,0,6,3,,,,,,,,,
12126363,3,2,7,6,,,,,,,,,
12126374,3,2,7,7,,,,,,,,,
12126375,3,2,7,6,,,,,,,,,
12126376,,,,,,,,,,,,,
12126444,2,2,2,7,11,,,,,,,,
12126445,3,2,6,6,,,,,,,,,
12126446,2,2,7,2,11,,,,,,,,
12126447,1,1,1,3,,,,,,,,,
12126448,0,1,6,3,,,,,,,,,
12126449,0,0,3,6,,,,,,,,,
12126450,0,1,2,5,,,,,,,,,
12126451,0,0,5,3,,,,,,,,,
12126452,0,0,6,2,,,,,,,,,
12126459,0,0,3,1,,,,,,,,,
12126460,,,,,,,,,,,,,
12126461,2,3,8,6,,,,,,,,,
12126462,2,2,7,3,8,,,,,,,,
12126463,2,2,7,6,,,,,,,,,
12126466,3,3,7,7,,,,,,,,,
12126467,1,1,7,3,8,,,,,,,,
12126469,2,3,3,6,7,,,,,,,,
12126470,0,1,2,7,,,,,,,,,
12126474,1,1,5,4,,,,,,,,,
12126476,2,2,8,1,2,,,7,,,,,
12126478,2,3,7,7,,,,,,,,,
12126506,2,1,6,7,8,,,,,,,,
12126525,1,0,3,3,,,,,,,,,
12126530,1,2,8,3,2,,,,,,,,
12126533,2,2,3,7,12,,,,,,,,
12126534,0,1,2,2,,,,,,,,,
12126535,2,1,7,3,9,,,,,,,,
12126536,3,3,6,6,,,,,,,,,
12126538,1,1,7,7,2,,,,1,,,,
12126540,1,1,6,0,,,,,,,,,
12126543,2,3,7,7,,,,,,,,,
12126547,2,2,7,6,,,,,,,,,
12126549,3,3,2,7,13,,,,,,,,
12126550,3,3,5,7,11,,,,,,,,
12126563,3,3,4,7,10,,,,,,,,
12126564,3,3,8,7,,,,,,,,,
12126565,3,3,3,7,11,,,,8,,,,
12126566,3,2,1,7,11,,,,,,,,
12126567,0,0,2,0,,,,,,,,,
12126568,1,1,7,5,6,,,,,,,,
12126571,1,2,6,6,9,,,,,,,,
12126573,2,2,8,4,10,,,,,,,,
12126612,3,3,6,6,,,,,,,,,
12126631,1,1,2,5,,,,,,,,,
12126633,0,1,2,5,,,,,,,,,
12126634,0,0,2,2,,,,,,,,,
12126635,1,0,0,1,,,,,,,,,
12126636,0,0,6,4,,,,,,,,,
12126637,3,2,8,7,,,,8,,,,,
12126641,3,2,6,7,,,,,,,,,
12126644,2,1,6,1,5,,,,,,,,
12126645,1,1,4,4,,,,,,,,,
12126646,0,0,6,4,,,,2,,,,,
12126647,0,0,4,4,,,,,,,,,
12126656,0,0,4,6,,,,,,,,,
12126657,0,1,6,4,,,,3,,,,,
12126658,1,1,0,2,,,,,,,,,
12126659,2,1,7,3,4,,,,,,,,
12126779,2,2,7,7,,,,,,,,,
12126780,1,0,3,2,,,,,,,,,
12126782,2,2,5,6,6,,,,,,,,
12126792,2,3,7,7,,,,,,,,,
12126794,0,1,4,1,,,,,,,,,
12126830,2,2,6,7,,,,,,,,,
12126833,0,1,3,1,,,,,,,,,
12126834,1,0,6,2,,,,,,,,,
12126838,1,1,3,1,,,,,,,,,
12126845,0,0,0,0,,,,,,,,,
12126846,0,1,1,4,,,,,,,,,
12126847,1,0,3,1,,,,,,,,,
12126848,2,2,6,2,12,,,,,,,,
12126849,0,0,0,2,,,,,,,,,
12126850,2,2,2,7,10,,,,,,,,
12126853,1,1,8,3,7,,,10,,,,,
12126856,2,1,2,6,10,,,,,,,,
12126904,2,2,6,6,,,,,,,,,
12126914,2,2,6,6,,,,,,,,,
12126920,3,3,6,8,,,,,7,,,,
12126921,1,0,5,4,,,,,,,,,
12126922,1,0,2,3,,,,,,,,,
12126923,0,1,2,4,,,,,,,,,
12126924,0,0,5,,,,,,,,,,
12126948,2,2,6,7,1,,,,3,,,,
12127034,1,1,7,3,,,,7,,,,,
12127039,2,2,6,7,,,,,,,,,
12127040,2,2,7,6,,,,,,,,,
12127041,3,3,8,7,,,,,,,,,
12127043,1,1,7,6,5,,,,7,,,,
12127055,2,2,6,6,,,,,,,,,
12127062,3,3,8,8,,,,,7,,,,
12127064,3,2,8,6,,,,,,,,,
12127107,1,1,1,6,2,,,,,,,,
12127109,1,1,2,7,,,,,5,,,,
12127280,3,3,7,6,,,,,,,,,
12127281,3,3,7,7,,,,,,,,,
12127282,2,3,1,7,10,,,,,,,,
12127284,3,2,6,7,,,,,,,,,
12127285,1,1,3,6,9,,,,,,,,
12127286,1,0,2,6,,,,,,,,,
12127287,0,1,4,2,,,,,,,,,
12127291,0,0,4,5,,,,,,,,,
12127439,2,2,6,7,,,,,,,,,
12127440,2,2,5,7,10,,,,,,,,
12127441,0,1,6,5,,,,,,,,,
12127442,3,3,6,6,,,,,,,,,
12127443,,,,,,,,,,,,,
12127444,1,0,2,2,,,,,,,,,
12127447,1,1,4,4,,,,,,,,,
12127448,0,1,2,2,,,,,,,,,
12127755,3,2,2,7,6,,,,,,,,
12127772,1,0,3,0,,,,,,,,,
12127777,3,2,7,6,,,,,,,,,
12128295,3,2,1,6,11,,,,,,,,
12128296,1,1,5,7,,,,,,,,,
12128297,3,3,7,6,,,,,,,,,
12128298,0,1,4,2,,,,,,,,,
12128299,3,3,2,7,11,,,,,,,,
12128300,0,1,2,4,,,,,,,,,
12128301,2,3,6,7,10,,,,,,,,
12128302,0,0,4,0,,,,,,,,,
12128625,1,1,4,4,,,,,,,,,
12128667,0,1,0,2,,,,,,,,,
12128668,1,1,5,4,,,,,,,,,
12128669,2,2,6,6,,,,,,,,,
12128920,1,2,2,7,3,,,,,,,,
12129141,1,1,1,2,,,,,,,,,
12129153,3,2,7,7,,,,,,,,,
12129154,1,1,7,4,9,,,,,,,,
12129160,1,0,3,4,,,,,,,,,
12129193,3,3,4,8,15,,,,,,,,
12129257,3,2,7,7,11,,,,7,,,,
12143168,1,1,3,1,,,,,,,,,
12143169,,,,4,,,,,,,,,
12143170,,,,,,,,,,,,,
12143171,1,1,6,5,7,,,,,,,,
12143172,0,0,3,2,,,,,,,,,
12143173,3,2,6,6,11,,,,,,,,
12143174,,,,,,,,,,,,,
12143175,1,1,5,3,,,,,,,,,
12143176,0,1,1,0,,,,,,,,,
12143177,3,3,7,2,11,,,,,,,,
12143178,3,3,7,6,,,,,,,,,
12143179,1,1,1,2,,,,,,,,,
12143180,2,3,6,6,,,,,,,,,
12143181,1,0,1,1,,,,,,,,,
12143182,3,3,6,7,,,,,,,,,
12143183,1,1,3,0,,,,,,,,,
12143184,3,3,7,6,,,,,,,,,
12143185,,,,,,,,,,,,,
12143186,2,2,7,5,10,,,,,,,,
12143187,,,,7,,,,,,,,,
12143188,0,1,2,6,,,,,,,,,
12143189,,,,,,,,,,,,,
12143190,3,3,6,6,,,,,,,,,
12143191,,,,,,,,,,,,,
12143192,2,2,,5,6,,,,,,,,
12143193,1,1,2,1,,,,,,,,,
12143194,,,3,,,,,,,,,,
12143195,,,6,4,,,,2,,,,,
12143196,2,3,,,11,,,,,,,,
12143197,,,5,6,,,,,,,,,
12143198,,,6,,,,,,,,,,
12143199,,,,,,,,,,,,,
12143200,,,,4,7,,,,,,,,
12143201,0,1,3,3,,,,,,,,,
12109854,0,0,6,2,,,,5,,,,,
12109900,1,1,6,,,,,,,,,,
12109904,0,0,4,3,,,,,,,,,
12109906,2,2,7,6,,,,7,,,,,
12109908,0,0,3,3,,,,,,,,,
12121594,,,,,,,,,,,,,
12121595,0,0,2,0,,,,,,,,,
12121597,2,2,7,6,,,,,,,,,
12121598,2,2,6,6,,,,,,,,,
12121599,0,0,1,4,,,,,,,,,
12121601,0,0,2,4,,,,,,,,,
12121603,0,0,5,2,,,,,,,,,
12121604,2,2,6,7,,,,,7,,,,
12121607,,,,,,,,,,,,,
12121675,2,2,6,6,,,,,,,,,
12121676,0,0,4,4,,,,,,,,,
12121677,1,1,6,6,5,,,,6,,,,
12121678,2,2,7,6,,,,,,,,,
12121679,0,0,2,3,,,,,,,,,
12121680,1,1,7,4,4,,,9,,,,,
12121681,,,,,,,,,,,,,
12121682,0,0,4,3,,,,,,,,,
12121683,1,1,6,3,4,,,,,,,,
12121684,0,0,5,4,,,,,,,,,
12121805,,,,,,,,,,,,,
12121866,2,2,6,6,6,,,5,,,,,
12121868,0,0,5,1,,,,,,,,,
12121870,2,2,3,6,6,,,,,,,,
12121872,0,0,1,1,,,,,,,,,
12121874,2,2,6,6,,,,,,,,,
12121876,0,0,3,3,,,,,,,,,
12121878,2,2,6,6,,,,,,,,,
12121879,,,6,7,0,,,10,,,,,
12121881,0,0,4,4,,,,,,,,,
12121883,0,0,1,1,,,,,,,,,
12121885,0,0,2,2,,,,,,,,,
12122328,0,0,1,2,,,,,,,,,
12122329,,,,,,,,,,,,,
12122330,2,2,3,6,6,,,,,,,,
12122331,0,0,2,2,,,,,,,,,
12122332,2,2,6,7,,,,,,,,,
12122333,2,2,4,6,6,,,,,,,,
12122334,0,0,2,3,,,,,,,,,
12122335,0,0,2,4,,,,,,,,,
12123895,0,0,5,4,,,,,,,,,
12123929,1,1,4,6,5,,,,,,,,
12123941,2,2,7,6,,,,7,,,,,
12123945,2,2,7,6,,,,7,,,,,
12123959,2,2,6,6,,,,,,,,,
12124015,2,2,6,6,,,,,,,,,
12124016,0,0,3,4,,,,,,,,,
12124079,0,0,2,3,,,,,,,,,
12124080,1,1,6,4,7,,,,,,,,
12124081,0,0,4,3,,,,,,,,,
12124082,2,2,6,3,10,,,,,,,,
12124083,2,2,6,6,,,,,,,,,
12124086,2,2,6,7,,,,,,,,,
12124088,2,2,6,6,,,,,,,,,
12124092,2,2,6,6,,,,,,,,,
12124105,1,1,6,6,5,,,2,,,,,
12124127,0,0,4,2,,,,,,,,,
12124128,1,1,7,2,8,,,8,,,,,
12124129,0,0,3,2,,,,,,,,,
12124130,0,0,4,4,,,,,,,,,
12124134,2,2,6,6,,,,,,,,,
12124135,2,2,6,6,10,,,4,,,,,
12124139,2,2,4,6,10,,,,,,,,
12124142,2,2,6,6,10,,,,,,,,
12124143,0,0,6,1,,,,,,,,,
12124146,0,0,5,2,,,,,,,,,
12124255,2,2,4,6,6,,,,,,,,
12124258,2,2,6,6,,,,,,,,,
12124260,2,2,7,6,,,,,,,,,
12124261,0,0,2,4,,,,,,,,,
12124262,2,2,6,6,,,,,,,,,
12124263,0,0,1,1,,,,,,,,,
12124264,2,2,6,7,,,,,,,,,
12124265,1,1,5,6,4,,,,,,,,
12124266,2,2,6,5,6,,,,,,,,
12124267,0,0,3,4,,,,,,,,,
12124268,0,0,1,1,,,,,,,,,
12124279,1,1,1,6,,,,,,,,,
12124282,2,2,6,6,,,,,,,,,
12124302,,,,,,,,,,,,,
12124366,0,0,6,3,,,,1,,,,,
12124367,0,0,1,0,,,,,,,,,
12124401,0,0,2,6,,,,,4,,,,
12124472,1,1,6,7,3,,,3,,,,,
12124494,2,2,6,6,,,,,,,,,
12124600,2,2,7,6,,,,7,,,,,
12124601,2,2,6,6,,,,,,,,,
12124602,0,0,3,4,,,,,,,,,
12124620,2,2,6,6,,,,,,,,,
12124627,1,1,6,5,5,,,,,,,,
12124638,2,2,2,7,6,,,,7,,,,
12124640,2,2,6,6,,,,,,,,,
12124641,,,,,,,,,,,,,
12124642,2,2,6,6,,,,,,,,,
12124643,2,2,6,6,,,,,,,,,
12124644,0,0,2,0,,,,,,,,,
12124645,0,0,0,1,,,,,,,,,
12124646,0,0,1,2,,,,,,,,,
12124647,0,0,0,2,,,,,,,,,
12124648,1,1,6,5,3,,,,,,,,
12124649,1,1,4,6,7,,,,,,,,
12124650,0,0,1,2,,,,,,,,,
12124651,2,2,6,6,,,,,,,,,
12124652,2,2,6,6,,,,,,,,,
12124653,0,0,2,1,,,,,,,,,
12124654,0,0,3,4,,,,,,,,,
12124656,0,0,0,1,,,,,,,,,
12124657,2,2,6,6,,,,,,,,,
12124658,2,2,6,6,,,,,,,,,
12124659,2,2,6,6,,,,,,,,,
12124660,2,2,6,6,,,,,,,,,
12124661,2,2,6,6,,,,,,,,,
12124662,2,2,6,6,,,,,,,,,
12124663,0,0,6,2,,,,7,,,,,
12124664,0,0,0,1,,,,,,,,,
12124665,0,0,4,0,,,,,,,,,
12124666,2,2,6,5,7,,,,,7,,,
12124679,2,2,7,7,,,,,7,,,,
12124680,0,0,6,2,,,,7,,,,,
12124681,0,0,2,2,,,,,,,,,
12124682,2,2,6,6,,,,,,,,,
12124683,2,2,6,7,,,,,7,,,,
12124684,0,0,6,3,,,,4,,,,,
12124741,0,0,2,2,,,,,,,,,
12124742,0,0,2,0,,,,,,,,,
12124743,2,2,7,4,10,,,,,,,,
12124750,2,2,7,6,,,,,,,,,
12124753,2,2,6,7,,,,,7,,,,
12124760,2,2,5,6,10,,,,,,,,
12124761,0,0,1,2,,,,,,,,,
12124762,1,1,6,4,7,,,,,,,,
12124763,0,0,0,2,,,,,,,,,
12124764,1,1,6,0,8,,,,,,,,
12124765,2,2,6,6,,,,,,,,,
12124766,2,2,6,6,,,,,,,,,
12124767,0,0,6,5,,,,,,,,,
12124768,2,2,6,7,,,,,,,,,
12124769,0,0,0,0,,,,,,,,,
12124770,0,0,5,2,,,,,,,,,
12124771,2,2,1,6,10,,,,,,,,
12124772,2,2,6,6,,,,,,,,,
12124773,0,0,5,0,,,,,,,,,
12124774,2,2,5,6,10,,,,,,,,
12124775,2,2,6,6,,,,,,,,,
12124783,0,0,2,2,,,,,,,,,
12124802,2,2,6,6,,,,,,,,,
12124803,0,0,2,0,,,,,,,,,
12124804,0,0,1,3,,,,,,,,,
12124805,2,2,6,6,,,,,,,,,
12124806,0,0,2,1,,,,,,,,,
12124807,0,0,1,1,,,,,,,,,
12124808,2,2,6,6,,,,,,,,,
12124809,2,2,6,6,,,,,,,,,
12124810,1,1,1,7,9,,,,7,,,,
12124811,2,2,6,6,,,,,,,,,
12124812,2,2,6,7,,,,,,,,,
12124813,0,0,2,1,,,,,,,,,
12124814,0,0,5,5,,,,,,,,,
12124815,2,2,6,6,,,,,,,,,
12124816,,,,,,,,,,,,,
12124817,1,1,6,4,2,,,,,,,,
12124907,1,1,6,1,2,,,,,,,,
12124909,1,1,1,7,3,,,,,,,,
12124911,2,2,6,7,,,,,,,,,
12125050,0,0,1,1,,,,,,,,,
12125053,0,0,3,4,,,,,,,,,
12125055,2,2,6,6,7,,,5,,7,,,
12125056,0,0,1,2,,,,,,,,,
12125302,0,0,4,0,,,,,,,,,
12125315,2,2,6,7,,,,,,,,,
12125316,0,0,1,3,,,,,,,,,
12125317,0,0,2,2,,,,,,,,,
12125318,2,2,6,6,,,,,,,,,
12125319,2,2,6,6,,,,,,,,,
12125320,,,,,,,,,,,,,
12125321,2,2,7,6,,,,7,,,,,
12125322,2,2,6,6,,,,,,,,,
12125323,1,1,6,2,6,,,,,5,,,
12125324,1,1,6,2,0,,,,,,,,
12125325,2,2,6,6,,,,,,,,,
12125326,0,0,4,3,,,,,,,,,
12125327,0,0,4,6,,,,,7,,,,
12125328,2,2,6,6,,,,,,,,,
12125329,0,0,1,1,,,,,,,,,
12125330,0,0,1,2,,,,,,,,,
12125331,0,0,3,1,,,,,,,,,
12125332,2,2,4,7,6,,,,14,,,,
12125338,2,2,5,6,6,,,,,,,,
12125339,2,2,6,6,,,,,,,,,
12125340,0,0,4,0,,,,,,,,,
12125341,2,2,6,6,6,,,5,,,,,
12125342,2,2,6,7,6,,,6,12,,,,
12125343,2,2,6,6,,,,,,,,,
12125344,1,1,6,4,4,,,,,,,,
12125759,1,1,2,6,3,,,,,,,,
12125761,0,0,3,2,,,,,,,,,
12125762,0,0,5,6,,,,,6,,,,
12125763,0,0,2,3,,,,,,,,,
12125764,0,0,5,4,,,,,,,,,
12125767,2,2,6,6,,,,,,,,,
12125768,1,1,2,6,2,,,,,,,,
12125769,2,2,6,6,,,,,,,,,
12125924,0,0,0,4,,,,,,,,,
12125925,0,0,5,4,,,,,,,,,
12125926,1,1,4,6,8,,,,,,,,
12125927,0,0,3,3,,,,,,,,,
12125928,0,0,1,0,,,,,,,,,
12125929,2,2,3,6,10,,,,,,,,
12125931,2,2,6,6,,,,,,,,,
12125933,2,2,6,6,,,,,,,,,
12125938,1,1,7,3,,,,,,,,,
12125953,0,0,4,1,,,,,,,,,
12125954,0,0,1,1,,,,,,,,,
12125955,1,1,6,2,11,,,,,,,,
12125992,0,0,1,3,,,,,,,,,
12126012,2,2,6,6,,,,,,,,,
12126013,0,0,2,3,,,,,,,,,
12126014,1,1,7,2,4,,,7,,,,,
12126015,0,0,2,1,,,,,,,,,
12126016,0,0,5,2,,,,,,,,,
12126044,0,0,1,0,,,,,,,,,
12126051,2,2,6,2,10,,,,,,,,
12126052,2,2,6,2,10,,,,,,,,
12126088,0,0,3,5,,,,,,,,,
12126160,2,2,3,6,10,,,,,,,,
12126165,2,2,6,6,,,,,,,,,
12126187,0,0,2,2,,,,,,,,,
12126219,2,2,6,5,7,,,,,,,,
12126220,2,2,6,6,,,,,,,,,
12126221,0,0,3,4,,,,,,,,,
12126222,0,0,2,5,,,,,,,,,
12126223,2,2,6,6,,,,,,,,,
12126260,0,0,3,4,,,,,,,,,
12126292,1,1,6,1,6,,,,,,,,
12126293,1,1,2,6,7,,,,,,,,
12126294,0,0,1,0,,,,,,,,,
12126295,2,2,6,3,10,,,,,,,,
12126296,0,0,3,0,,,,,,,,,
12126299,2,2,4,6,6,,,,,,,,
12126300,2,2,6,6,,,,,,,,,
12126301,1,1,6,2,6,,,,,,,,
12126302,2,2,7,6,,,,7,,,,,
12126303,1,1,6,2,4,,,,,,,,
12126304,1,1,3,6,8,,,,,,,,
12126305,2,2,2,6,10,,,,,,,,
12126307,2,2,6,6,6,,,,8,,,,
12126308,0,0,2,1,,,,,,,,,
12126309,2,2,6,6,,,,,,,,,
12126310,2,2,6,6,,,,,,,,,
12126311,0,0,5,,,,,,,,,,
12126312,2,2,2,6,10,,,,,,,,
12126315,2,2,6,7,,,,,8,,,,
12126316,0,0,0,2,,,,,,,,,
12126317,0,0,1,3,,,,,,,,,
12126319,2,2,7,4,10,,,,,,,,
12126321,2,2,6,6,,,,,,,,,
12126325,0,0,4,3,,,,,,,,,
12126340,0,0,4,0,,,,,,,,,
12126341,2,2,6,7,,,,,,,,,
12126342,0,0,1,6,,,,,,,,,
12126343,0,0,5,4,,,,,,,,,
12126344,0,0,2,1,,,,,,,,,
12126345,1,1,6,5,6,,,,,,,,
12126346,0,0,2,4,,,,,,,,,
12126347,0,0,6,0,,,,,,,,,
12126348,2,2,7,6,,,,,,,,,
12126353,0,0,5,3,,,,,,,,,
12126363,2,2,6,6,,,,,,,,,
12126374,2,2,7,7,,,,,,,,,
12126375,2,2,6,6,,,,,,,,,
12126376,,,,,,,,,,,,,
12126444,2,2,2,6,10,,,,,,,,
12126445,2,2,6,6,,,,,,,,,
12126446,2,2,6,1,11,,,,,,,,
12126447,0,0,1,2,,,,,,,,,
12126448,0,0,5,3,,,,,,,,,
12126449,0,0,2,5,,,,,,,,,
12126450,0,0,1,4,,,,,,,,,
12126451,0,0,4,2,,,,,,,,,
12126452,0,0,6,1,,,,,,,,,
12126459,0,0,3,1,,,,,,,,,
12126460,,,,,,,,,,,,,
12126461,2,2,7,6,,,,,,,,,
12126462,1,1,6,2,8,,,,,,,,
12126463,2,2,7,6,,,,,,,,,
12126466,2,2,6,6,,,,,,,,,
12126467,1,1,6,2,8,,,,,,,,
12126469,2,2,2,6,6,,,,,,,,
12126470,0,0,1,6,,,,,,,,,
12126474,0,0,4,4,,,,,,,,,
12126476,1,1,7,0,1,,,7,,,,,
12126478,2,2,6,6,,,,,,,,,
12126506,1,1,5,7,8,,,,,,,,
12126525,0,0,2,3,,,,,,,,,
12126530,1,1,7,3,2,,,,,,,,
12126533,2,2,2,7,12,,,,,,,,
12126534,0,0,1,2,,,,,,,,,
12126535,1,1,6,2,8,,,,,,,,
12126536,2,2,6,6,,,,,,,,,
12126538,1,1,6,6,2,,,,1,,,,
12126540,0,0,6,0,,,,,,,,,
12126543,2,2,7,6,,,,,,,,,
12126546,1,1,6,2,5,,,,,,,,
12126547,2,2,6,6,,,,,,,,,
12126549,2,2,2,6,12,,,,,,,,
12126550,2,2,4,7,10,,,,,,,,
12126563,2,2,3,6,10,,,,,,,,
12126564,2,2,7,6,,,,,,,,,
12126565,2,2,2,7,10,,,,7,,,,
12126566,2,2,1,6,10,,,,,,,,
12126567,0,0,1,0,,,,,,,,,
12126568,1,1,6,4,6,,,,,,,,
12126571,1,1,5,6,8,,,,,,,,
12126573,2,2,7,3,10,,,,,,,,
12126612,2,2,6,6,,,,,,,,,
12126631,0,0,1,5,,,,,,,,,
12126633,0,0,1,5,,,,,,,,,
12126634,0,0,2,2,,,,,,,,,
12126635,0,0,0,1,,,,,,,,,
12126636,0,0,5,3,,,,,,,,,
12126637,2,2,7,6,,,,7,,,,,
12126641,2,2,6,6,,,,,,,,,
12126644,1,1,6,1,4,,,,,,,,
12126645,0,0,4,3,,,,,,,,,
12126646,0,0,6,4,,,,2,,,,,
12126647,0,0,4,4,,,,,,,,,
12126651,0,0,0,3,,,,,,,,,
12126654,2,2,6,6,,,,,,,,,
12126656,0,0,4,5,,,,,,,,,
12126657,0,0,6,3,,,,2,,,,,
12126658,0,0,0,2,,,,,,,,,
12126659,1,1,6,2,3,,,,,,,,
12126662,0,0,1,0,,,,,,,,,
12126663,0,0,1,6,,,,,4,,,,
12126665,0,0,6,6,,,,2,2,,,,
12126666,2,2,4,6,6,,,,,,,,
12126779,2,2,7,6,,,,,,,,,
12126780,0,0,3,1,,,,,,,,,
12126781,0,0,1,2,,,,,,,,,
12126782,2,2,5,6,6,,,,,,,,
12126792,2,2,6,6,,,,,,,,,
12126794,0,0,3,1,,,,,,,,,
12126830,2,2,6,6,,,,,,,,,
12126833,0,0,3,0,,,,,,,,,
12126834,0,0,5,1,,,,,,,,,
12126838,0,0,2,1,,,,,,,,,
12126845,0,0,0,0,,,,,,,,,
12126846,0,0,1,3,,,,,,,,,
12126847,0,0,2,0,,,,,,,,,
12126848,2,2,6,2,12,,,,,,,,
12126849,0,0,0,2,,,,,,,,,
12126850,2,2,2,6,10,,,,,,,,
12126853,1,1,7,2,7,,,9,,,,,
12126856,1,1,2,6,9,,,,,,,,
12126904,2,2,6,6,,,,,,,,,
12126914,2,2,6,6,,,,,,,,,
12126920,2,2,6,7,,,,,7,,,,
12126921,0,0,4,4,,,,,,,,,
12126922,0,0,1,3,,,,,,,,,
12126923,0,0,2,4,,,,,,,,,
12126924,0,0,5,,,,,,,,,,
12126926,2,2,6,6,,,,,,,,,
12126927,2,2,6,6,,,,,,,,,
12126928,2,2,6,6,,,,,,,,,
12126929,2,2,4,7,7,,,,7,,,,
12126948,1,1,6,6,1,,,,2,,,,
12127034,0,0,6,2,,,,6,,,,,
12127039,2,2,6,6,,,,,,,,,
12127040,2,2,6,6,,,,,,,,,
12127041,2,2,7,6,,,,,,,,,
12127043,1,1,6,6,4,,,,6,,,,
12127047,0,0,1,4,,,,,,,,,
12127055,2,2,6,6,,,,,,,,,
12127059,1,1,4,7,1,,,,7,,,,
12127060,0,0,4,1,,,,,,,,,
12127061,2,2,6,6,,,,,,,,,
12127062,2,2,7,7,,,,,7,,,,
12127063,1,1,4,6,3,,,,,,,,
12127064,2,2,7,6,,,,,,,,,
12127065,2,2,6,6,,,,,,,,,
12127066,2,2,6,6,,,,,,,,,
12127107,1,1,1,6,2,,,,,,,,
12127108,2,2,6,4,6,,,,,,,,
12127109,0,0,2,6,,,,,5,,,,
12127111,0,0,4,1,,,,,,,,,
12127193,0,0,3,4,,,,,,,,,
12127194,1,1,7,2,,,,,,,,,
12127195,0,0,0,2,,,,,,,,,
12127196,0,0,2,2,,,,,,,,,
12127197,2,2,6,6,,,,,,,,,
12127198,2,2,7,6,,,,,,,,,
12127199,0,0,0,2,,,,,,,,,
12127200,2,2,6,3,6,,,,,,,,
12127207,2,2,6,6,,,,,,,,,
12127280,2,2,6,6,,,,,,,,,
12127281,2,2,6,6,,,,,,,,,
12127282,2,2,1,6,10,,,,,,,,
12127283,1,1,4,7,3,,,,,,,,
12127284,2,2,6,6,,,,,,,,,
12127285,1,1,3,6,9,,,,,,,,
12127286,0,0,2,5,,,,,,,,,
12127287,0,0,4,1,,,,,,,,,
12127291,0,0,4,5,,,,,,,,,
12127294,0,0,2,2,,,,,,,,,
12127295,2,2,6,6,,,,,,,,,
12127296,0,0,1,0,,,,,,,,,
12127300,1,1,6,6,5,,,,2,,,,
12127305,0,0,6,5,,,,3,,,,,
12127307,0,0,2,5,,,,,,,,,
12127308,0,0,2,3,,,,,,,,,
12127309,1,1,3,6,4,,,,,,,,
12127311,2,2,6,6,,,,,,,,,
12127312,0,0,3,3,,,,,,,,,
12127313,1,1,2,7,4,,,,7,,,,
12127316,2,2,6,6,,,,,,,,,
12127425,2,2,6,6,,,,,,,,,
12127439,2,2,6,6,,,,,,,,,
12127440,2,2,4,6,10,,,,,,,,
12127441,0,0,6,5,,,,,,,,,
12127442,2,2,6,6,,,,,,,,,
12127443,,,,,,,,,,,,,
12127444,0,0,2,2,,,,,,,,,
12127447,0,0,3,3,,,,,,,,,
12127448,0,0,1,1,,,,,,,,,
12127451,1,1,6,3,,,,,,,,,
12127453,2,2,6,6,,,,,,,,,
12127454,1,1,6,6,3,,,3,,,,,
12127456,2,2,6,6,,,,,,,,,
12127457,2,2,6,6,,,,,,,,,
12127458,0,0,5,3,,,,,,,,,
12127471,1,1,3,7,3,,,,,,,,
12127472,0,0,2,4,,,,,,,,,
12127473,0,0,3,2,,,,,,,,,
12127474,0,0,0,3,,,,,,,,,
12127475,2,2,6,6,,,,,,,,,
12127476,0,0,1,1,,,,,,,,,
12127612,2,2,2,7,6,,,,8,,,,
12127613,2,2,6,6,,,,,,,,,
12127619,2,2,4,6,6,,,,,,,,
12127620,0,0,5,2,,,,,,,,,
12127621,0,0,2,1,,,,,,,,,
12127622,0,0,3,4,,,,,,,,,
12127624,2,2,6,7,,,,,7,,,,
12127625,2,2,6,6,,,,,,,,,
12127626,2,2,6,6,,,,,,,,,
12127628,0,0,4,3,,,,,,,,,
12127631,2,2,6,6,6,,,5,,,,,
12127634,0,0,0,2,,,,,,,,,
12127637,0,0,4,4,,,,,,,,,
12127639,2,2,6,6,,,,,,,,,
12127642,,,,,,,,,,,,,
12127647,0,0,5,3,,,,,,,,,
12127649,2,2,6,6,,,,,,,,,
12127650,2,2,6,6,,,,,,,,,
12127723,2,2,6,7,,,,,,,,,
12127725,2,2,6,6,,,,,,,,,
12127726,0,0,1,0,,,,,,,,,
12127729,0,0,2,3,,,,,,,,,
12127731,0,0,3,2,,,,,,,,,
12127732,0,0,0,0,,,,,,,,,
12127733,2,2,6,7,,,,,,,,,
12127735,1,1,6,4,6,,,,,2,,,
12127736,2,2,6,6,,,,,,,,,
12127737,0,0,2,4,,,,,,,,,
12127738,2,2,6,6,,,,,,,,,
12127739,2,2,6,7,,,,,7,,,,
12127740,1,1,7,1,5,,,7,,,,,
12127742,2,2,6,6,,,,,,,,,
12127743,2,2,6,6,6,,,,7,,,,
12127744,2,2,6,6,,,,,,,,,
12127745,0,0,2,1,,,,,,,,,
12127747,0,0,2,6,,,,,6,,,,
12127748,2,2,6,5,7,,,,,,,,
12127753,0,0,2,6,,,,,1,,,,
12127755,2,2,2,6,6,,,,,,,,
12127757,0,0,4,4,,,,,,,,,
12127758,2,2,7,6,,,,,,,,,
12127760,0,0,2,0,,,,,,,,,
12127761,2,2,6,6,,,,,,,,,
12127763,2,2,6,6,,,,,,,,,
12127765,2,2,6,6,,,,,,,,,
12127767,0,0,1,1,,,,,,,,,
12127769,1,1,7,6,1,,,,3,,,,
12127770,2,2,6,6,,,,,,,,,
12127771,0,0,1,1,,,,,,,,,
12127772,0,0,2,0,,,,,,,,,
12127773,0,0,0,0,,,,,,,,,
12127774,0,0,6,3,,,,5,,,,,
12127776,0,0,1,1,,,,,,,,,
12127777,2,2,7,6,,,,,,,,,
12127778,1,1,7,1,2,,,7,,,,,
12127779,2,2,6,6,,,,,,,,,
12127780,0,0,2,5,,,,,,,,,
12127782,2,2,7,6,,,,,,,,,
12127784,0,0,4,2,,,,,,,,,
12127787,2,2,6,6,,,,,,,,,
12127800,2,2,6,6,,,,,,,,,
12127802,1,1,6,2,1,,,,,,,,
12127805,2,2,6,6,,,,,,,,,
12127806,0,0,2,0,,,,,,,,,
12127807,2,2,7,6,,,,7,,,,,
12127808,1,1,3,6,2,,,,,,,,
12127810,0,0,6,6,,,,6,3,,,,
12127818,0,0,3,4,,,,,,,,,
12127972,0,0,5,6,,,,,4,,,,
12128055,2,2,2,7,7,,,,7,,,,
12128056,2,2,7,7,,,,,,,,,
12128057,0,0,3,6,,,,,1,,,,
12128059,2,2,6,6,,,,,,,,,
12128176,1,1,4,7,3,,,,8,,,,
12128177,1,1,6,1,2,,,,,,,,
12128178,2,2,6,6,,,,,,,,,
12128179,0,0,1,1,,,,,,,,,
12128180,2,2,6,7,,,,,7,,,,
12128181,2,2,2,6,7,,,,,7,,,
12128182,2,2,6,4,6,,,,,,,,
12128183,0,0,1,3,,,,,,,,,
12128184,1,1,2,6,1,,,,,,,,
12128208,1,1,6,1,2,,,,,,,,
12128209,2,2,6,3,6,,,,,,,,
12128210,2,2,7,7,,,,7,7,,,,
12128216,2,2,6,6,,,,,,,,,
12128217,2,2,3,6,6,,,,,,,,
12128218,2,2,7,6,6,,,,4,,,,
12128221,1,1,6,4,2,,,,,,,,
12128223,2,2,7,5,6,,,7,,,,,
12128236,0,0,1,3,,,,,,,,,
12128237,0,0,2,3,,,,,,,,,
12128238,2,2,7,3,6,,,,,,,,
12128239,2,2,6,6,,,,,,,,,
12128240,2,2,7,6,,,,,,,,,
12128241,2,2,7,6,,,,,,,,,
12128242,1,1,6,4,3,,,,,,,,
12128243,0,0,6,3,,,,4,,,,,
12128244,1,1,6,1,1,,,,,,,,
12128247,0,0,1,1,,,,,,,,,
12128248,0,0,4,6,,,,,6,,,,
12128249,2,2,6,1,6,,,,,,,,
12128250,0,0,4,2,,,,,,,,,
12128257,0,0,0,1,,,,,,,,,
12128258,2,2,6,6,,,,,,,,,
12128259,1,1,4,6,6,,,,,6,,,
12128260,2,2,6,6,,,,,,,,,
12128261,2,2,6,6,,,,,,,,,
12128262,0,0,4,4,,,,,,,,,
12128263,0,0,2,2,,,,,,,,,
12128264,,,,,,,,,,,,,
12128265,,,,,,,,,,,,,
12128266,2,2,6,6,,,,,,,,,
12128267,1,1,7,3,2,,,7,,,,,
12128269,0,0,2,3,,,,,,,,,
12128271,2,2,3,7,7,,,,,7,,,
12128273,0,0,1,2,,,,,,,,,
12128274,2,2,2,6,6,,,,,,,,
12128295,2,2,0,6,10,,,,,,,,
12128296,0,0,4,6,,,,,,,,,
12128297,2,2,7,6,,,,,,,,,
12128298,0,0,3,1,,,,,,,,,
12128299,2,2,1,6,10,,,,,,,,
12128300,0,0,2,4,,,,,,,,,
12128301,2,2,6,6,10,,,,,,,,
12128302,0,0,4,0,,,,,,,,,
12128352,0,0,2,4,,,,,,,,,
12128405,0,0,0,,,,,,,,,,
12128406,0,0,0,5,,,,,,,,,
12128407,2,2,6,3,6,,,,,,,,
12128408,0,0,4,3,,,,,,,,,
12128409,1,1,6,5,6,,,,,5,,,
12128410,0,0,3,1,,,,,,,,,
12128412,0,0,2,,,,,,,,,,
12128413,0,0,2,5,,,,,,,,,
12128625,0,0,4,3,,,,,,,,,
12128667,0,0,0,2,,,,,,,,,
12128668,0,0,4,4,,,,,,,,,
12128669,2,2,6,6,,,,,,,,,
12128749,2,2,6,7,,,,,7,,,,
12128750,2,2,7,6,,,,7,,,,,
12128751,2,2,6,6,,,,,,,,,
12128752,1,1,6,1,2,,,,,,,,
12128753,2,2,1,6,6,,,,,,,,
12128755,1,1,1,7,3,,,,7,,,,
12128756,0,0,0,0,,,,,,,,,
12128757,0,0,5,,,,,,,,,,
12128920,1,1,2,6,2,,,,,,,,
12129141,0,0,1,1,,,,,,,,,
12129153,2,2,7,6,,,,,,,,,
12129154,1,1,6,3,8,,,,,,,,
12129160,0,0,2,4,,,,,,,,,
12129171,1,1,1,6,3,,,,,,,,
12129172,2,2,6,7,,,,,,,,,
12129173,2,2,6,6,6,,,,7,,,,
12129174,0,0,6,6,,,,5,2,,,,
12129175,1,1,6,3,4,,,,,,,,
12129176,0,0,3,6,,,,,5,,,,
12129177,0,0,4,0,,,,,,,,,
12129193,2,2,4,7,15,,,,,,,,
12129257,2,2,7,6,10,,,,7,,,,
12129379,1,1,0,6,1,,,,,,,,
12129380,0,0,5,3,,,,,,,,,
12129381,2,2,4,6,6,,,,,,,,
12129382,1,1,4,6,6,,,,,4,,,
12129383,2,2,6,3,6,,,,,,,,
12129384,0,0,2,1,,,,,,,,,
12129385,0,0,2,3,,,,,,,,,
12129440,1,1,5,6,5,,,,,,,,
12129621,2,2,6,6,,,,,,,,,
12129622,2,2,6,6,,,,,,,,,
12129623,0,0,3,6,,,,,4,,,,
12129624,0,0,2,,,,,,,,,,
12129625,2,2,6,6,,,,,,,,,
12129626,0,0,1,3,,,,,,,,,
12129627,1,1,7,0,1,,,,,,,,
12129628,0,0,2,2,,,,,,,,,
12129629,1,1,6,,,,,,,,,,
12129630,0,0,3,1,,,,,,,,,
12129631,2,2,6,7,,,,,,,,,
12129632,0,0,4,1,,,,,,,,,
12129633,2,2,6,6,,,,,,,,,
12129634,0,0,4,1,,,,,,,,,
12129635,2,2,6,6,,,,,,,,,
12129636,2,2,6,6,,,,,,,,,
12129799,0,0,3,5,,,,,,,,,
12129800,0,0,0,0,,,,,,,,,
12129801,0,0,2,2,,,,,,,,,
12129802,2,2,6,6,,,,,,,,,
12129804,0,0,3,4,,,,,,,,,
12129805,1,1,7,1,2,,,7,,,,,
12129806,1,1,6,4,3,,,,,,,,
12129807,2,2,7,6,,,,,,,,,
12129810,1,1,6,3,3,,,,,,,,
12129811,2,2,6,6,,,,,,,,,
12129812,0,0,2,1,,,,,,,,,
12129813,2,2,6,6,,,,,,,,,
12129814,1,1,6,1,4,,,,,,,,
12129817,0,0,0,0,,,,,,,,,
12129818,0,0,3,2,,,,,,,,,
12129820,0,0,2,0,,,,,,,,,
12129821,2,2,7,6,,,,7,,,,,
12129822,1,1,4,6,,,,,,,,,
12129823,0,0,1,4,,,,,,,,,
12129824,0,0,2,6,,,,,6,,,,
12129825,0,0,0,2,,,,,,,,,
12129827,2,2,6,3,6,,,,,,,,
12129828,0,0,2,2,,,,,,,,,
12129829,0,0,2,3,,,,,,,,,
12129830,0,0,3,4,,,,,,,,,
12129831,2,2,6,6,,,,,,,,,
12129832,0,0,0,1,,,,,,,,,
12129839,2,2,3,6,6,,,,,,,,
12129840,0,0,4,2,,,,,,,,,
12129841,2,2,6,6,,,,,,,,,
12129842,2,2,6,6,,,,,,,,,
12129843,2,2,6,6,,,,,,,,,
12129845,1,1,2,6,3,,,,,,,,
12129847,2,2,6,6,6,,,3,,,,,
12129867,0,0,5,2,,,,,,,,,
12129868,0,0,3,2,,,,,,,,,
12129869,0,0,3,6,,,,,2,,,,
12129870,2,2,6,4,6,,,,,,,,
12129871,2,2,3,6,6,,,,,,,,
12129872,0,0,3,0,,,,,,,,,
12129873,0,0,5,4,,,,,,,,,
12130051,1,1,1,6,2,,,,,,,,
12130053,0,0,3,1,,,,,,,,,
12130054,0,0,3,1,,,,,,,,,
12130055,2,2,6,6,,,,,,,,,
12130056,2,2,6,2,6,,,,,,,,
12130057,1,1,3,6,1,,,,,,,,
12130104,1,1,6,6,4,,,,4,,,,
12130117,0,0,4,1,,,,,,,,,
12130137,,,,,,,,,,,,,
12130138,0,0,3,3,,,,,,,,,
12130139,0,0,4,3,,,,,,,,,
12130140,0,0,2,3,,,,,,,,,
12130143,2,2,6,6,,,,,,,,,
12130152,2,2,6,6,,,,,,,,,
12130153,0,0,0,4,,,,,,,,,
12130154,0,0,1,2,,,,,,,,,
12130155,2,2,6,6,,,,,,,,,
12130156,2,2,6,6,,,,,,,,,
12130157,2,2,6,6,,,,,,,,,
12130158,2,2,6,7,,,,,,,,,
12130236,1,1,6,1,1,,,,,,,,
12130237,0,0,3,2,,,,,,,,,
12130238,2,2,2,7,6,,,,9,,,,
12130239,2,2,6,6,,,,,,,,,
12130311,2,2,1,7,6,,,,,,,,
12130438,1,1,1,7,0,,,,,,,,
12130439,0,0,4,1,,,,,,,,,
12130440,2,2,6,3,6,,,,,,,,
12130441,2,2,6,6,,,,,,,,,
12130442,2,2,6,7,,,,,7,,,,
12130443,1,1,7,1,0,,,7,,,,,
12130656,0,0,2,4,,,,,,,,,
12131793,0,0,0,6,,,,,4,,,,
12132026,,,,,,,,,,,,,
12132081,2,2,7,6,,,,7,,,,,
12132106,0,0,2,4,,,,,,,,,
12132115,1,1,3,6,1,,,,,,,,
12139583,2,2,6,6,,,,,,,,,
12139586,0,0,3,4,,,,,,,,,
12139599,2,2,6,6,,,,,,,,,
12139600,2,2,6,6,,,,,,,,,
12139601,0,0,4,6,,,,,2,,,,
12139603,2,2,7,6,,,,7,,,,,
12139604,1,1,1,6,1,,,,,,,,
12139605,2,2,4,7,6,,,,7,,,,
12139607,1,1,6,2,4,,,,,,,,
12139610,2,2,6,7,,,,,7,,,,
12139613,2,2,6,6,,,,,,,,,
12139616,2,2,6,6,,,,,,,,,
12139617,2,2,6,6,,,,,,,,,
12143190,2,2,6,6,,,,,,,,,
12143191,,,,,,,,,,,,,
12143192,1,1,,4,5,,,,,,,,
12143193,0,0,1,1,,,,,,,,,
12143194,,,3,,,,,,,,,,
12143195,,,6,3,,,,2,,,,,
12143196,2,2,,,10,,,,,,,,
12143197,,,5,6,,,,,,,,,
12143198,,,6,,,,,,,,,,
12143199,,,,,,,,,,,,,
12143200,,,,3,6,,,,,,,,
12143201,0,0,2,2,,,,,,,,,
12109837,0,0,3,3,,,,,,,,,
12109843,0,0,4,2,,,,,,,,,
12109846,2,2,5,6,6,,,,,,,,
12109849,0,0,6,1,,,,3,,,,,
12109850,2,2,2,6,6,,,,,,,,
12109854,0,0,6,2,,,,5,,,,,
12109879,2,2,6,6,,,,,,,,,
12109880,0,0,3,1,,,,,,,,,
12109882,1,1,6,4,4,,,,,,,,
12109883,2,2,7,6,,,,7,,,,,
12109895,1,1,6,4,0,,,,,,,,
12109897,0,0,3,2,,,,,,,,,
12109898,1,1,6,0,5,,,,,,,,
12109900,1,1,6,,,,,,,,,,
12109904,0,0,4,3,,,,,,,,,
12109906,2,2,7,6,,,,7,,,,,
12109907,1,1,6,7,4,,,,,,,,
12109908,0,0,3,3,,,,,,,,,
12121604,2,2,6,7,,,,,7,,,,
12121675,2,2,6,6,,,,,,,,,
12121677,1,1,6,6,5,,,,6,,,,
12121678,2,2,7,6,,,,,,,,,
12121681,,,,,,,,,,,,,
12121683,1,1,6,3,4,,,,,,,,
12121866,2,2,6,6,6,,,5,,,,,
12121868,0,0,5,1,,,,,,,,,
12121870,2,2,3,6,6,,,,,,,,
12121872,0,0,1,1,,,,,,,,,
12121876,0,0,3,3,,,,,,,,,
12121881,0,0,4,4,,,,,,,,,
12124907,1,1,6,1,2,,,,,,,,
12124909,1,1,1,7,3,,,,,,,,
12124911,2,2,6,7,,,,,,,,,
12125048,2,2,6,6,,,,,,,,,
12125050,0,0,1,1,,,,,,,,,
12125053,0,0,3,4,,,,,,,,,
12125055,2,2,6,6,7,,,5,,7,,,
12125056,0,0,1,2,,,,,,,,,
12125302,0,0,4,0,,,,,,,,,
12125323,1,1,6,2,6,,,,,5,,,
12126219,2,2,6,5,7,,,,,,,,
12126220,2,2,6,6,,,,,,,,,
12126296,0,0,3,0,,,,,,,,,
12126300,2,2,6,6,,,,,,,,,
12126546,1,1,6,2,5,,,,,,,,
12126634,0,0,2,2,,,,,,,,,
12126646,0,0,6,4,,,,2,,,,,
12126647,0,0,4,4,,,,,,,,,
12126651,0,0,0,3,,,,,,,,,
12126654,2,2,6,6,,,,,,,,,
12126662,0,0,1,0,,,,,,,,,
12126663,0,0,1,6,,,,,4,,,,
12126665,0,0,6,6,,,,2,2,,,,
12126666,2,2,4,6,6,,,,,,,,
12126781,0,0,1,2,,,,,,,,,
12126782,2,2,5,6,6,,,,,,,,
12126794,0,0,3,1,,,,,,,,,
12126920,2,2,6,7,,,,,7,,,,
12126924,0,0,5,,,,,,,,,,
12126926,2,2,6,6,,,,,,,,,
12126927,2,2,6,6,,,,,,,,,
12126928,2,2,6,6,,,,,,,,,
12126929,2,2,4,7,7,,,,7,,,,
12126984,2,2,6,7,,,,,,,,,
12126985,2,2,4,6,6,,,,,,,,
12126999,0,0,3,1,,,,,,,,,
12127034,0,0,6,2,,,,6,,,,,
12127039,2,2,6,6,,,,,,,,,
12127040,2,2,6,6,,,,,,,,,
12127043,1,1,6,6,4,,,,6,,,,
12127047,0,0,1,4,,,,,,,,,
12127059,1,1,4,7,1,,,,7,,,,
12127060,0,0,4,1,,,,,,,,,
12127061,2,2,6,6,,,,,,,,,
12127062,2,2,7,7,,,,,7,,,,
12127063,1,1,4,6,3,,,,,,,,
12127064,2,2,7,6,,,,,,,,,
12127065,2,2,6,6,,,,,,,,,
12127066,2,2,6,6,,,,,,,,,
12127108,2,2,6,4,6,,,,,,,,
12127110,2,2,6,6,,,,,,,,,
12127111,0,0,4,1,,,,,,,,,
12127193,0,0,3,4,,,,,,,,,
12127194,1,1,7,2,,,,,,,,,
12127195,0,0,0,2,,,,,,,,,
12127196,0,0,2,2,,,,,,,,,
12127197,2,2,6,6,,,,,,,,,
12127198,2,2,7,6,,,,,,,,,
12127199,0,0,0,2,,,,,,,,,
12127200,2,2,6,3,6,,,,,,,,
12127207,2,2,6,6,,,,,,,,,
12127280,2,2,6,6,,,,,,,,,
12127281,2,2,6,6,,,,,,,,,
12127282,2,2,1,6,10,,,,,,,,
12127283,1,1,4,7,3,,,,,,,,
12127284,2,2,6,6,,,,,,,,,
12127285,1,1,3,6,9,,,,,,,,
12127286,0,0,2,5,,,,,,,,,
12127287,0,0,4,1,,,,,,,,,
12127291,0,0,4,5,,,,,,,,,
12127294,0,0,2,2,,,,,,,,,
12127295,2,2,6,6,,,,,,,,,
12127296,0,0,1,0,,,,,,,,,
12127300,1,1,6,6,5,,,,2,,,,
12127305,0,0,6,5,,,,3,,,,,
12127307,0,0,2,5,,,,,,,,,
12127308,0,0,2,3,,,,,,,,,
12127309,1,1,3,6,4,,,,,,,,
12127311,2,2,6,6,,,,,,,,,
12127312,0,0,3,3,,,,,,,,,
12127313,1,1,2,7,4,,,,7,,,,
12127316,2,2,6,6,,,,,,,,,
12127371,0,0,3,3,,,,,,,,,
12127425,2,2,6,6,,,,,,,,,
12127439,2,2,6,6,,,,,,,,,
12127440,2,2,4,6,10,,,,,,,,
12127441,0,0,6,5,,,,,,,,,
12127442,2,2,6,6,,,,,,,,,
12127443,,,,,,,,,,,,,
12127444,0,0,2,2,,,,,,,,,
12127447,0,0,3,3,,,,,,,,,
12127448,0,0,1,1,,,,,,,,,
12127451,1,1,6,3,,,,,,,,,
12127453,2,2,6,6,,,,,,,,,
12127454,1,1,6,6,3,,,3,,,,,
12127456,2,2,6,6,,,,,,,,,
12127457,2,2,6,6,,,,,,,,,
12127458,0,0,5,3,,,,,,,,,
12127471,1,1,3,7,3,,,,,,,,
12127472,0,0,2,4,,,,,,,,,
12127473,0,0,3,2,,,,,,,,,
12127474,0,0,0,3,,,,,,,,,
12127475,2,2,6,6,,,,,,,,,
12127476,0,0,1,1,,,,,,,,,
12127612,2,2,2,7,6,,,,8,,,,
12127613,2,2,6,6,,,,,,,,,
12127614,0,0,6,2,,,,6,,,,,
12127619,2,2,4,6,6,,,,,,,,
12127620,0,0,5,2,,,,,,,,,
12127621,0,0,2,1,,,,,,,,,
12127622,0,0,3,4,,,,,,,,,
12127623,0,0,4,4,,,,,,,,,
12127624,2,2,6,7,,,,,7,,,,
12127625,2,2,6,6,,,,,,,,,
12127626,2,2,6,6,,,,,,,,,
12127627,1,1,7,4,4,,,7,,,,,
12127628,0,0,4,3,,,,,,,,,
12127631,2,2,6,6,6,,,5,,,,,
12127632,2,2,4,6,7,,,,,,,,
12127634,0,0,0,2,,,,,,,,,
12127636,2,2,6,6,,,,,,,,,
12127637,0,0,4,4,,,,,,,,,
12127638,1,1,6,6,4,,,,2,,,,
12127639,2,2,6,6,,,,,,,,,
12127642,,,,,,,,,,,,,
12127647,0,0,5,3,,,,,,,,,
12127648,0,0,6,3,,,,6,,,,,
12127649,2,2,6,6,,,,,,,,,
12127650,2,2,6,6,,,,,,,,,
12127651,2,2,6,6,,,,,,,,,
12127652,2,2,6,6,,,,,,,,,
12127653,1,1,2,7,5,,,,,,,,
12127654,0,0,0,1,,,,,,,,,
12127655,2,2,6,6,,,,,,,,,
12127657,2,2,6,6,,,,,,,,,
12127659,1,1,4,6,4,,,,,,,,
12127723,2,2,6,7,,,,,,,,,
12127725,2,2,6,6,,,,,,,,,
12127726,0,0,1,0,,,,,,,,,
12127729,0,0,2,3,,,,,,,,,
12127731,0,0,3,2,,,,,,,,,
12127732,0,0,0,0,,,,,,,,,
12127733,2,2,6,7,,,,,,,,,
12127735,1,1,6,4,6,,,,,2,,,
12127736,2,2,6,6,,,,,,,,,
12127737,0,0,2,4,,,,,,,,,
12127738,2,2,6,6,,,,,,,,,
12127739,2,2,6,7,,,,,7,,,,
12127740,1,1,7,1,5,,,7,,,,,
12127741,2,2,6,6,,,,,,,,,
12127742,2,2,6,6,,,,,,,,,
12127743,2,2,6,6,6,,,,7,,,,
12127744,2,2,6,6,,,,,,,,,
12127745,0,0,2,1,,,,,,,,,
12127747,0,0,2,6,,,,,6,,,,
12127748,2,2,6,5,7,,,,,,,,
12127749,2,2,6,2,6,,,,,,,,
12127750,2,2,6,6,,,,,,,,,
12127751,1,1,6,6,1,,,,3,,,,
12127752,2,2,7,6,,,,7,,,,,
12127753,0,0,2,6,,,,,1,,,,
12127756,2,2,6,6,,,,,,,,,
12127757,0,0,4,4,,,,,,,,,
12127758,2,2,7,6,,,,,,,,,
12127760,0,0,2,0,,,,,,,,,
12127761,2,2,6,6,,,,,,,,,
12127763,2,2,6,6,,,,,,,,,
12127765,2,2,6,6,,,,,,,,,
12127767,0,0,1,1,,,,,,,,,
12127769,1,1,7,6,1,,,,3,,,,
12127770,2,2,6,6,,,,,,,,,
12127771,0,0,1,1,,,,,,,,,
12127773,0,0,0,0,,,,,,,,,
12127774,0,0,6,3,,,,5,,,,,
12127776,0,0,1,1,,,,,,,,,
12127778,1,1,7,1,2,,,7,,,,,
12127779,2,2,6,6,,,,,,,,,
12127780,0,0,2,5,,,,,,,,,
12127782,2,2,7,6,,,,,,,,,
12127784,0,0,4,2,,,,,,,,,
12127785,2,2,6,6,,,,,,,,,
12127787,2,2,6,6,,,,,,,,,
12127788,2,2,6,6,,,,,,,,,
12127800,2,2,6,6,,,,,,,,,
12127802,1,1,6,2,1,,,,,,,,
12127805,2,2,6,6,,,,,,,,,
12127806,0,0,2,0,,,,,,,,,
12127807,2,2,7,6,,,,7,,,,,
12127808,1,1,3,6,2,,,,,,,,
12127810,0,0,6,6,,,,6,3,,,,
12127818,0,0,3,4,,,,,,,,,
12127972,0,0,5,6,,,,,4,,,,
12128055,2,2,2,7,7,,,,7,,,,
12128056,2,2,7,7,,,,,,,,,
12128057,0,0,3,6,,,,,1,,,,
12128058,2,2,6,6,,,,,,,,,
12128059,2,2,6,6,,,,,,,,,
12128161,2,2,6,7,,,,,7,,,,
12128163,1,1,3,6,6,,,,,3,,,
12128165,0,0,3,5,,,,,,,,,
12128166,1,1,6,3,2,,,,,,,,
12128167,1,1,7,4,1,,,9,,,,,
12128168,0,0,4,1,,,,,,,,,
12128169,,,,,,,,,,,,,
12128170,2,2,7,7,,,,8,7,,,,
12128171,2,2,7,1,6,,,7,,,,,
12128172,2,2,6,6,,,,,,,,,
12128173,2,2,6,6,,,,,,,,,
12128176,1,1,4,7,3,,,,8,,,,
12128177,1,1,6,1,2,,,,,,,,
12128178,2,2,6,6,,,,,,,,,
12128179,0,0,1,1,,,,,,,,,
12128180,2,2,6,7,,,,,7,,,,
12128181,2,2,2,6,7,,,,,7,,,
12128182,2,2,6,4,6,,,,,,,,
12128183,0,0,1,3,,,,,,,,,
12128184,1,1,2,6,1,,,,,,,,
12128185,0,0,3,2,,,,,,,,,
12128186,2,2,6,6,,,,,,,,,
12128187,0,0,3,4,,,,,,,,,
12128189,2,2,7,7,,,,,,,,,
12128190,,,,,,,,,,,,,
12128191,2,2,6,6,,,,,,,,,
12128192,0,0,6,2,,,,5,,,,,
12128208,1,1,6,1,2,,,,,,,,
12128209,2,2,6,3,6,,,,,,,,
12128210,2,2,7,7,,,,7,7,,,,
12128216,2,2,6,6,,,,,,,,,
12128217,2,2,3,6,6,,,,,,,,
12128218,2,2,7,6,6,,,,4,,,,
12128221,1,1,6,4,2,,,,,,,,
12128223,2,2,7,5,6,,,7,,,,,
12128236,0,0,1,3,,,,,,,,,
12128237,0,0,2,3,,,,,,,,,
12128238,2,2,7,3,6,,,,,,,,
12128239,2,2,6,6,,,,,,,,,
12128240,2,2,7,6,,,,,,,,,
12128241,2,2,7,6,,,,,,,,,
12128242,1,1,6,4,3,,,,,,,,
12128243,0,0,6,3,,,,4,,,,,
12128244,1,1,6,1,1,,,,,,,,
12128245,2,2,7,6,,,,,,,,,
12128246,2,2,6,6,,,,,,,,,
12128247,0,0,1,1,,,,,,,,,
12128248,0,0,4,6,,,,,6,,,,
12128249,2,2,6,1,6,,,,,,,,
12128250,0,0,4,2,,,,,,,,,
12128251,2,2,6,7,7,,,3,7,7,,,
12128252,2,2,3,7,6,,,,7,,,,
12128256,2,2,6,6,,,,,,,,,
12128257,0,0,0,1,,,,,,,,,
12128258,2,2,6,6,,,,,,,,,
12128259,1,1,4,6,6,,,,,6,,,
12128260,2,2,6,6,,,,,,,,,
12128261,2,2,6,6,,,,,,,,,
12128262,0,0,4,4,,,,,,,,,
12128263,0,0,2,2,,,,,,,,,
12128264,,,,,,,,,,,,,
12128265,,,,,,,,,,,,,
12128266,2,2,6,6,,,,,,,,,
12128267,1,1,7,3,2,,,7,,,,,
12128268,1,1,7,5,2,,,7,,,,,
12128269,0,0,2,3,,,,,,,,,
12128270,2,2,6,4,6,,,,,,,,
12128271,2,2,3,7,7,,,,,7,,,
12128272,2,2,2,6,6,,,,,,,,
12128273,0,0,1,2,,,,,,,,,
12128274,2,2,2,6,6,,,,,,,,
12128275,2,2,6,6,,,,,,,,,
12128352,0,0,2,4,,,,,,,,,
12128405,0,0,0,,,,,,,,,,
12128406,0,0,0,5,,,,,,,,,
12128407,2,2,6,3,6,,,,,,,,
12128408,0,0,4,3,,,,,,,,,
12128409,1,1,6,5,6,,,,,5,,,
12128410,0,0,3,1,,,,,,,,,
12128411,2,2,6,6,,,,,,,,,
12128412,0,0,2,,,,,,,,,,
12128413,0,0,2,5,,,,,,,,,
12128484,2,2,6,6,,,,,,,,,
12128749,2,2,6,7,,,,,7,,,,
12128750,2,2,7,6,,,,7,,,,,
12128751,2,2,6,6,,,,,,,,,
12128752,1,1,6,1,2,,,,,,,,
12128753,2,2,1,6,6,,,,,,,,
12128755,1,1,1,7,3,,,,7,,,,
12128756,0,0,0,0,,,,,,,,,
12128757,0,0,5,,,,,,,,,,
12128920,1,1,2,6,2,,,,,,,,
12129050,2,2,4,6,6,,,,,,,,
12129153,2,2,7,6,,,,,,,,,
12129154,1,1,6,3,8,,,,,,,,
12129159,2,2,6,6,,,,,,,,,
12129160,0,0,2,4,,,,,,,,,
12129171,1,1,1,6,3,,,,,,,,
12129172,2,2,6,7,,,,,,,,,
12129173,2,2,6,6,6,,,,7,,,,
12129174,0,0,6,6,,,,5,2,,,,
12129175,1,1,6,3,4,,,,,,,,
12129176,0,0,3,6,,,,,5,,,,
12129177,0,0,4,0,,,,,,,,,
12129193,2,2,4,7,15,,,,,,,,
12129257,2,2,7,6,10,,,,7,,,,
12129260,1,1,4,6,1,,,,,,,,
12129276,0,0,1,0,,,,,,,,,
12129376,0,0,6,3,,,,4,,,,,
12129379,1,1,0,6,1,,,,,,,,
12129380,0,0,5,3,,,,,,,,,
12129381,2,2,4,6,6,,,,,,,,
12129382,1,1,4,6,6,,,,,4,,,
12129383,2,2,6,3,6,,,,,,,,
12129384,0,0,2,1,,,,,,,,,
12129385,0,0,2,3,,,,,,,,,
12129397,0,0,2,3,,,,,,,,,
12129433,0,0,3,3,,,,,,,,,
12129440,1,1,5,6,5,,,,,,,,
12129511,2,2,7,6,,,,,,,,,
12129621,2,2,6,6,,,,,,,,,
12129622,2,2,6,6,,,,,,,,,
12129623,0,0,3,6,,,,,4,,,,
12129624,0,0,2,,,,,,,,,,
12129625,2,2,6,6,,,,,,,,,
12129626,0,0,1,3,,,,,,,,,
12129627,1,1,7,0,1,,,,,,,,
12129628,0,0,2,2,,,,,,,,,
12129629,1,1,6,,,,,,,,,,
12129630,0,0,3,1,,,,,,,,,
12129631,2,2,6,7,,,,,,,,,
12129632,0,0,4,1,,,,,,,,,
12129633,2,2,6,6,,,,,,,,,
12129634,0,0,4,1,,,,,,,,,
12129635,2,2,6,6,,,,,,,,,
12129636,2,2,6,6,,,,,,,,,
12129701,2,2,7,7,,,,,,,,,
12129775,1,1,6,3,6,,,,,5,,,
12129799,0,0,3,5,,,,,,,,,
12129800,0,0,0,0,,,,,,,,,
12129801,0,0,2,2,,,,,,,,,
12129802,2,2,6,6,,,,,,,,,
12129803,0,0,3,0,,,,,,,,,
12129804,0,0,3,4,,,,,,,,,
12129805,1,1,7,1,2,,,7,,,,,
12129806,1,1,6,4,3,,,,,,,,
12129807,2,2,7,6,,,,,,,,,
12129808,0,0,4,2,,,,,,,,,
12129809,2,2,6,6,,,,,,,,,
12129810,1,1,6,3,3,,,,,,,,
12129811,2,2,6,6,,,,,,,,,
12129812,0,0,2,1,,,,,,,,,
12129813,2,2,6,6,,,,,,,,,
12129814,1,1,6,1,4,,,,,,,,
12129815,0,0,5,4,,,,,,,,,
12129817,0,0,0,0,,,,,,,,,
12129818,0,0,3,2,,,,,,,,,
12129819,2,2,6,6,,,,,,,,,
12129820,0,0,2,0,,,,,,,,,
12129821,2,2,7,6,,,,7,,,,,
12129822,1,1,4,6,,,,,,,,,
12129823,0,0,1,4,,,,,,,,,
12129824,0,0,2,6,,,,,6,,,,
12129825,0,0,0,2,,,,,,,,,
12129826,0,0,4,3,,,,,,,,,
12129827,2,2,6,3,6,,,,,,,,
12129828,0,0,2,2,,,,,,,,,
12129829,0,0,2,3,,,,,,,,,
12129830,0,0,3,4,,,,,,,,,
12129831,2,2,6,6,,,,,,,,,
12129832,0,0,0,1,,,,,,,,,
12129839,2,2,3,6,6,,,,,,,,
12129840,0,0,4,2,,,,,,,,,
12129841,2,2,6,6,,,,,,,,,
12129842,2,2,6,6,,,,,,,,,
12129843,2,2,6,6,,,,,,,,,
12129845,1,1,2,6,3,,,,,,,,
12129846,0,0,2,0,,,,,,,,,
12129847,2,2,6,6,6,,,3,,,,,
12129867,0,0,5,2,,,,,,,,,
12129868,0,0,3,2,,,,,,,,,
12129869,0,0,3,6,,,,,2,,,,
12129870,2,2,6,4,6,,,,,,,,
12129871,2,2,3,6,6,,,,,,,,
12129872,0,0,3,0,,,,,,,,,
12129873,0,0,5,4,,,,,,,,,
12130051,1,1,1,6,2,,,,,,,,
12130052,2,2,6,6,,,,,,,,,
12130053,0,0,3,1,,,,,,,,,
12130054,0,0,3,1,,,,,,,,,
12130055,2,2,6,6,,,,,,,,,
12130056,2,2,6,2,6,,,,,,,,
12130057,1,1,3,6,1,,,,,,,,
12130104,1,1,6,6,4,,,,4,,,,
12130107,1,1,6,1,2,,,,,,,,
12130117,0,0,4,1,,,,,,,,,
12130118,1,1,6,4,1,,,,,,,,
12130119,0,0,3,2,,,,,,,,,
12130137,,,,,,,,,,,,,
12130138,0,0,3,3,,,,,,,,,
12130139,0,0,4,3,,,,,,,,,
12130140,0,0,2,3,,,,,,,,,
12130141,1,1,6,4,6,,,,,3,,,
12130143,2,2,6,6,,,,,,,,,
12130144,0,0,4,1,,,,,,,,,
12130152,2,2,6,6,,,,,,,,,
12130153,0,0,0,4,,,,,,,,,
12130154,0,0,1,2,,,,,,,,,
12130155,2,2,6,6,,,,,,,,,
12130156,2,2,6,6,,,,,,,,,
12130157,2,2,6,6,,,,,,,,,
12130158,2,2,6,7,,,,,,,,,
12130196,1,1,6,3,2,,,,,,,,
12130236,1,1,6,1,1,,,,,,,,
12130237,0,0,3,2,,,,,,,,,
12130238,2,2,2,7,6,,,,9,,,,
12130239,2,2,6,6,,,,,,,,,
12130240,0,0,2,1,,,,,,,,,
12130241,0,0,4,1,,,,,,,,,
12130242,1,1,6,1,0,,,,,,,,
12130285,0,0,3,3,,,,,,,,,
12130286,2,2,7,6,,,,7,,,,,
12130289,2,2,6,4,6,,,,,,,,
12130290,0,0,0,,,,,,,,,,
12130291,0,0,4,4,,,,,,,,,
12130292,0,0,5,1,,,,,,,,,
12130293,2,2,6,6,,,,,,,,,
12130294,2,2,6,3,6,,,,,,,,
12130311,2,2,1,7,6,,,,,,,,
12130438,1,1,1,7,0,,,,,,,,
12130439,0,0,4,1,,,,,,,,,
12130440,2,2,6,3,6,,,,,,,,
12130441,2,2,6,6,,,,,,,,,
12130442,2,2,6,7,,,,,7,,,,
12130443,1,1,7,1,0,,,7,,,,,
12130518,0,0,0,5,,,,,,,,,
12130651,0,0,5,4,,,,,,,,,
12130656,0,0,2,4,,,,,,,,,
12130694,2,2,4,7,6,,,,7,,,,
12130702,,,,,,,,,,,,,
12130703,2,2,6,6,,,,,,,,,
12130704,0,0,0,0,,,,,,,,,
12130705,2,2,6,6,,,,,,,,,
12130706,2,2,6,2,7,,,,,,,,
12130707,2,2,6,6,,,,,,,,,
12130773,0,0,2,0,,,,,,,,,
12130836,,,,,,,,,,,,,
12131365,2,2,7,6,,,,,,,,,
12131366,0,0,1,4,,,,,,,,,
12131370,1,1,5,6,6,,,,,5,,,
12131371,1,1,7,2,0,,,,,,,,
12131373,0,0,4,0,,,,,,,,,
12131379,0,0,3,2,,,,,,,,,
12131386,1,1,6,4,0,,,,,,,,
12131400,2,2,3,6,6,,,,,,,,
12131633,0,0,3,3,,,,,,,,,
12131680,0,0,2,1,,,,,,,,,
12131698,1,1,6,5,2,,,,,,,,
12131724,2,2,6,3,7,,,,,,,,
12131745,1,1,4,6,4,,,,,,,,
12131746,,,,,,,,,,,,,
12131773,2,2,6,6,,,,,,,,,
12131793,0,0,0,6,,,,,4,,,,
12131810,0,0,3,4,,,,,,,,,
12131894,2,2,6,6,,,,,,,,,
12131896,2,2,7,6,,,,7,,,,,
12131897,2,2,6,2,6,,,,,,,,
12131898,0,0,0,1,,,,,,,,,
12131899,0,0,1,0,,,,,,,,,
12131901,1,1,1,6,3,,,,,,,,
12131908,2,2,6,3,6,,,,,,,,
12131911,0,0,1,2,,,,,,,,,
12131924,1,1,5,6,3,,,,,,,,
12131929,1,1,4,6,3,,,,,,,,
12132026,,,,,,,,,,,,,
12132081,2,2,7,6,,,,7,,,,,
12132087,1,1,7,3,1,,,7,,,,,
12132091,2,2,3,6,6,,,,,,,,
12132097,,,,,,,,,,,,,
12132098,0,0,3,2,,,,,,,,,
12132099,2,2,6,6,,,,,,,,,
12132106,0,0,2,4,,,,,,,,,
12132112,0,0,5,3,,,,,,,,,
12132115,1,1,3,6,1,,,,,,,,
12132118,2,2,6,6,,,,,,,,,
12132131,0,0,3,2,,,,,,,,,
12132142,0,0,3,6,,,,,3,,,,
12132143,1,1,6,4,5,,,,,,,,
12132230,0,0,1,1,,,,,,,,,
12132231,0,0,4,4,,,,,,,,,
12132262,2,2,6,6,,,,,,,,,
12132266,2,2,6,6,,,,,,,,,
12132271,0,0,4,6,,,,,3,,,,
12132309,2,2,5,6,6,,,,,,,,
12132316,0,0,2,3,,,,,,,,,
12132317,1,1,6,5,4,,,,,,,,
12132320,0,0,5,5,,,,,,,,,
12132322,2,2,2,6,6,,,,,,,,
12132323,0,0,1,4,,,,,,,,,
12132325,2,2,7,2,6,,,7,,,,,
12132331,1,1,3,6,2,,,,,,,,
12132343,0,0,2,2,,,,,,,,,
12132361,1,1,6,2,0,,,,,,,,
12132362,2,2,6,0,7,,,,,8,,,
12132370,1,1,6,6,1,,,,4,,,,
12132380,0,0,4,4,,,,,,,,,
12132405,0,0,2,4,,,,,,,,,
12132406,2,2,7,3,6,,,7,,,,,
12132472,2,2,6,4,6,,,,,,,,
12132546,0,0,2,4,,,,,,,,,
12132547,2,2,6,6,,,,,,,,,
12132656,2,2,6,5,6,,,,,,,,
12132657,2,2,7,7,,,,,,,,,
12132675,0,0,6,3,,,,7,,,,,
12132677,0,0,2,2,,,,,,,,,
12132689,1,1,6,3,1,,,,,,,,
12132690,1,1,6,0,3,,,,,,,,
12132691,0,0,6,4,,,,4,,,,,
12132701,0,0,4,2,,,,,,,,,
12132731,2,2,7,6,,,,,,,,,
12132753,0,0,4,2,,,,,,,,,
12132770,0,0,4,4,,,,,,,,,
12132785,2,2,6,4,6,,,,,,,,
12132786,0,0,2,3,,,,,,,,,
12132794,2,2,7,6,,,,,,,,,
12132842,0,0,3,,,,,,,,,,
12132843,0,0,1,2,,,,,,,,,
12132850,0,0,5,3,,,,,,,,,
12132855,2,2,6,6,,,,,,,,,
12132856,0,0,5,0,,,,,,,,,
12132857,2,2,6,7,6,,,2,,,,,
12132942,2,2,1,6,7,,,,,,,,
12132943,2,2,7,3,7,,,7,,,,,
12132972,2,2,6,7,,,,,,,,,
12132975,2,2,7,5,7,,,7,,,,,
12132976,2,2,6,7,,,,,,,,,
12132977,0,0,2,4,,,,,,,,,
12132980,0,0,1,4,,,,,,,,,
12132992,2,2,6,6,,,,,,,,,
12132993,2,2,6,6,,,,,,,,,
12133012,1,1,5,6,2,,,,,,,,
12133077,0,0,1,4,,,,,,,,,
12133078,2,2,6,6,,,,,,,,,
12133088,2,2,6,6,,,,,,,,,
12133116,2,2,6,6,,,,,,,,,
12133120,2,2,6,6,,,,,,,,,
12133121,0,0,3,6,,,,,5,,,,
12133122,2,2,6,6,,,,,,,,,
12133123,2,2,6,6,,,,,,,,,
12133141,2,2,6,6,,,,,,,,,
12133153,2,2,6,6,,,,,,,,,
12133166,0,0,5,,,,,,,,,,
12133182,0,0,4,4,,,,,,,,,
12133204,2,2,6,7,,,,,,,,,
12133223,2,2,6,6,,,,,,,,,
12133255,1,1,7,6,3,,,7,4,,,,
12133256,0,0,1,2,,,,,,,,,
12133333,0,0,4,1,,,,,,,,,
12133335,1,1,3,6,3,,,,,,,,
12133381,0,0,1,0,,,,,,,,,
12133463,0,0,1,0,,,,,,,,,
12133467,2,2,6,7,,,,,7,,,,
12133472,2,2,6,4,6,,,,,,,,
12133473,2,2,6,6,,,,,,,,,
12133487,2,2,2,6,6,,,,,,,,
12133492,2,2,6,6,,,,,,,,,
12133494,2,2,6,6,,,,,,,,,
12133621,0,0,1,2,,,,,,,,,
12133690,2,2,7,6,,,,10,,,,,
12133747,2,2,6,3,7,,,,,7,,,
12133754,2,2,6,6,,,,,,,,,
12133761,0,0,4,1,,,,,,,,,
12133925,2,2,6,6,,,,,,,,,
12133995,2,2,0,6,7,,,,,7,,,
12134027,2,2,6,6,,,,,,,,,
12134050,2,2,6,6,,,,,,,,,
12134073,0,0,3,2,,,,,,,,,
12134074,0,0,6,4,,,,8,,,,,
12134148,2,2,6,3,6,,,,,,,,
12139583,2,2,6,6,,,,,,,,,
12139586,0,0,3,4,,,,,,,,,
12139599,2,2,6,6,,,,,,,,,
12139600,2,2,6,6,,,,,,,,,
12139601,0,0,4,6,,,,,2,,,,
12139603,2,2,7,6,,,,7,,,,,
12139604,1,1,1,6,1,,,,,,,,
12139605,2,2,4,7,6,,,,7,,,,
12139606,0,0,6,4,,,,3,,,,,
12139607,1,1,6,2,4,,,,,,,,
12139608,2,2,6,6,,,,,,,,,
12139609,2,2,6,6,,,,,,,,,
12139610,2,2,6,7,,,,,7,,,,
12139611,0,0,1,2,,,,,,,,,
12139613,2,2,6,6,,,,,,,,,
12139614,2,2,6,6,,,,,,,,,
12139616,2,2,6,6,,,,,,,,,
12139617,2,2,6,6,,,,,,,,,
12139618,0,0,4,2,,,,,,,,,
12139623,2,2,6,6,,,,,,,,,
12139634,1,1,4,6,3,,,,,,,,
12109835,0,0,6,1,,,,10,,,,,
12109836,0,0,3,1,,,,,,,,,
12109837,0,0,3,3,,,,,,,,,
12109843,0,0,4,2,,,,,,,,,
12109845,2,2,6,3,7,,,,,,,,
12109846,2,2,5,6,6,,,,,,,,
12109848,,,,,,,,,,,,,
12109849,0,0,6,1,,,,3,,,,,
12109850,2,2,2,6,6,,,,,,,,
12109854,0,0,6,2,,,,5,,,,,
12109861,2,2,7,7,,,,7,7,,,,
12109876,1,1,6,6,2,,,3,,,,,
12109878,0,0,3,4,,,,,,,,,
12109879,2,2,6,6,,,,,,,,,
12109880,0,0,3,1,,,,,,,,,
12109881,2,2,6,6,,,,,,,,,
12109882,1,1,6,4,4,,,,,,,,
12109883,2,2,7,6,,,,7,,,,,
12109895,1,1,6,4,0,,,,,,,,
12109897,0,0,3,2,,,,,,,,,
12109898,1,1,6,0,5,,,,,,,,
12109901,1,1,6,3,6,,,,,2,,,
12109902,0,0,3,0,,,,,,,,,
12109903,1,1,6,6,4,,,,4,,,,
12109905,1,1,6,2,1,,,,,,,,
12109907,1,1,6,7,4,,,,,,,,
12125048,2,2,6,6,,,,,,,,,
12125050,0,0,1,1,,,,,,,,,
12125055,2,2,6,6,7,,,5,,7,,,
12125056,0,0,1,2,,,,,,,,,
12126984,2,2,6,7,,,,,,,,,
12126985,2,2,4,6,6,,,,,,,,
12126999,0,0,3,1,,,,,,,,,
12127047,0,0,1,4,,,,,,,,,
12127110,2,2,6,6,,,,,,,,,
12127111,0,0,4,1,,,,,,,,,
12127371,0,0,3,3,,,,,,,,,
12127614,0,0,6,2,,,,6,,,,,
12127621,0,0,2,1,,,,,,,,,
12127622,0,0,3,4,,,,,,,,,
12127623,0,0,4,4,,,,,,,,,
12127627,1,1,7,4,4,,,7,,,,,
12127628,0,0,4,3,,,,,,,,,
12127632,2,2,4,6,7,,,,,,,,
12127636,2,2,6,6,,,,,,,,,
12127637,0,0,4,4,,,,,,,,,
12127638,1,1,6,6,4,,,,2,,,,
12127645,1,1,6,5,2,,,,,,,,
12127648,0,0,6,3,,,,6,,,,,
12127650,2,2,6,6,,,,,,,,,
12127651,2,2,6,6,,,,,,,,,
12127652,2,2,6,6,,,,,,,,,
12127653,1,1,2,7,5,,,,,,,,
12127654,0,0,0,1,,,,,,,,,
12127655,2,2,6,6,,,,,,,,,
12127657,2,2,6,6,,,,,,,,,
12127659,1,1,4,6,4,,,,,,,,
12127741,2,2,6,6,,,,,,,,,
12127749,2,2,6,2,6,,,,,,,,
12127750,2,2,6,6,,,,,,,,,
12127751,1,1,6,6,1,,,,3,,,,
12127752,2,2,7,6,,,,7,,,,,
12127756,2,2,6,6,,,,,,,,,
12127780,0,0,2,5,,,,,,,,,
12127782,2,2,7,6,,,,,,,,,
12127785,2,2,6,6,,,,,,,,,
12127788,2,2,6,6,,,,,,,,,
12127802,1,1,6,2,1,,,,,,,,
12128057,0,0,3,6,,,,,1,,,,
12128058,2,2,6,6,,,,,,,,,
12128059,2,2,6,6,,,,,,,,,
12128150,0,0,2,3,,,,,,,,,
12128151,0,0,6,2,,,,5,,,,,
12128152,0,0,6,4,,,,1,,,,,
12128153,0,0,1,2,,,,,,,,,
12128155,1,1,1,7,2,,,,,,,,
12128156,2,2,7,4,6,,,7,,,,,
12128158,1,1,6,2,3,,,,,,,,
12128160,,,,,,,,,,,,,
12128161,2,2,6,7,,,,,7,,,,
12128162,0,0,5,2,,,,,,,,,
12128163,1,1,3,6,6,,,,,3,,,
12128164,1,1,2,6,0,,,,,,,,
12128165,0,0,3,5,,,,,,,,,
12128166,1,1,6,3,2,,,,,,,,
12128167,1,1,7,4,1,,,9,,,,,
12128168,0,0,4,1,,,,,,,,,
12128169,,,,,,,,,,,,,
12128170,2,2,7,7,,,,8,7,,,,
12128171,2,2,7,1,6,,,7,,,,,
12128172,2,2,6,6,,,,,,,,,
12128173,2,2,6,6,,,,,,,,,
12128174,2,2,6,6,,,,,,,,,
12128185,0,0,3,2,,,,,,,,,
12128186,2,2,6,6,,,,,,,,,
12128187,0,0,3,4,,,,,,,,,
12128188,0,0,6,1,,,,6,,,,,
12128189,2,2,7,7,,,,,,,,,
12128190,,,,,,,,,,,,,
12128191,2,2,6,6,,,,,,,,,
12128192,0,0,6,2,,,,5,,,,,
12128194,2,2,6,6,,,,,,,,,
12128195,0,0,5,3,,,,,,,,,
12128196,2,2,1,6,7,,,,,7,,,
12128197,0,0,0,4,,,,,,,,,
12128198,2,2,6,6,,,,,,,,,
12128199,2,2,4,6,6,,,,,,,,
12128200,1,1,1,6,4,,,,,,,,
12128201,0,0,5,3,,,,,,,,,
12128204,0,0,5,6,,,,,3,,,,
12128245,2,2,7,6,,,,,,,,,
12128246,2,2,6,6,,,,,,,,,
12128250,0,0,4,2,,,,,,,,,
12128251,2,2,6,7,7,,,3,7,7,,,
12128252,2,2,3,7,6,,,,7,,,,
12128256,2,2,6,6,,,,,,,,,
12128257,0,0,0,1,,,,,,,,,
12128262,0,0,4,4,,,,,,,,,
12128267,1,1,7,3,2,,,7,,,,,
12128268,1,1,7,5,2,,,7,,,,,
12128270,2,2,6,4,6,,,,,,,,
12128272,2,2,2,6,6,,,,,,,,
12128274,2,2,2,6,6,,,,,,,,
12128275,2,2,6,6,,,,,,,,,
12128411,2,2,6,6,,,,,,,,,
12128484,2,2,6,6,,,,,,,,,
12128755,1,1,1,7,3,,,,7,,,,
12129050,2,2,4,6,6,,,,,,,,
12129159,2,2,6,6,,,,,,,,,
12129173,2,2,6,6,6,,,,7,,,,
12129176,0,0,3,6,,,,,5,,,,
12129260,1,1,4,6,1,,,,,,,,
12129276,0,0,1,0,,,,,,,,,
12129376,0,0,6,3,,,,4,,,,,
12129397,0,0,2,3,,,,,,,,,
12129433,0,0,3,3,,,,,,,,,
12129511,2,2,7,6,,,,,,,,,
12129572,2,2,6,6,,,,,,,,,
12129623,0,0,3,6,,,,,4,,,,
12129625,2,2,6,6,,,,,,,,,
12129626,0,0,1,3,,,,,,,,,
12129629,1,1,6,,,,,,,,,,
12129701,2,2,7,7,,,,,,,,,
12129775,1,1,6,3,6,,,,,5,,,
12129801,0,0,2,2,,,,,,,,,
12129802,2,2,6,6,,,,,,,,,
12129803,0,0,3,0,,,,,,,,,
12129808,0,0,4,2,,,,,,,,,
12129809,2,2,6,6,,,,,,,,,
12129811,2,2,6,6,,,,,,,,,
12129813,2,2,6,6,,,,,,,,,
12129814,1,1,6,1,4,,,,,,,,
12129815,0,0,5,4,,,,,,,,,
12129817,0,0,0,0,,,,,,,,,
12129819,2,2,6,6,,,,,,,,,
12129820,0,0,2,0,,,,,,,,,
12129823,0,0,1,4,,,,,,,,,
12129826,0,0,4,3,,,,,,,,,
12129829,0,0,2,3,,,,,,,,,
12129830,0,0,3,4,,,,,,,,,
12129840,0,0,4,2,,,,,,,,,
12129843,2,2,6,6,,,,,,,,,
12129846,0,0,2,0,,,,,,,,,
12129873,0,0,5,4,,,,,,,,,
12130052,2,2,6,6,,,,,,,,,
12130053,0,0,3,1,,,,,,,,,
12130055,2,2,6,6,,,,,,,,,
12130100,1,1,7,5,4,,,7,,,,,
12130104,1,1,6,6,4,,,,4,,,,
12130107,1,1,6,1,2,,,,,,,,
12130117,0,0,4,1,,,,,,,,,
12130118,1,1,6,4,1,,,,,,,,
12130119,0,0,3,2,,,,,,,,,
12130141,1,1,6,4,6,,,,,3,,,
12130144,0,0,4,1,,,,,,,,,
12130153,0,0,0,4,,,,,,,,,
12130155,2,2,6,6,,,,,,,,,
12130157,2,2,6,6,,,,,,,,,
12130196,1,1,6,3,2,,,,,,,,
12130236,1,1,6,1,1,,,,,,,,
12130237,0,0,3,2,,,,,,,,,
12130238,2,2,2,7,6,,,,9,,,,
12130239,2,2,6,6,,,,,,,,,
12130240,0,0,2,1,,,,,,,,,
12130241,0,0,4,1,,,,,,,,,
12130242,1,1,6,1,0,,,,,,,,
12130285,0,0,3,3,,,,,,,,,
12130286,2,2,7,6,,,,7,,,,,
12130289,2,2,6,4,6,,,,,,,,
12130290,0,0,0,,,,,,,,,,
12130291,0,0,4,4,,,,,,,,,
12130292,0,0,5,1,,,,,,,,,
12130293,2,2,6,6,,,,,,,,,
12130294,2,2,6,3,6,,,,,,,,
12130295,1,1,4,6,5,,,,,,,,
12130311,2,2,1,7,6,,,,,,,,
12130312,2,2,6,6,,,,,,,,,
12130517,2,2,5,7,6,,,,,,,,
12130518,0,0,0,5,,,,,,,,,
12130651,0,0,5,4,,,,,,,,,
12130694,2,2,4,7,6,,,,7,,,,
12130702,,,,,,,,,,,,,
12130703,2,2,6,6,,,,,,,,,
12130704,0,0,0,0,,,,,,,,,
12130705,2,2,6,6,,,,,,,,,
12130706,2,2,6,2,7,,,,,,,,
12130707,2,2,6,6,,,,,,,,,
12130745,0,0,3,5,,,,,,,,,
12130773,0,0,2,0,,,,,,,,,
12130836,,,,,,,,,,,,,
12130846,0,0,3,4,,,,,,,,,
12131283,2,2,6,6,,,,,,,,,
12131365,2,2,7,6,,,,,,,,,
12131366,0,0,1,4,,,,,,,,,
12131367,0,0,2,3,,,,,,,,,
12131368,2,2,6,6,,,,,,,,,
12131369,0,0,3,1,,,,,,,,,
12131370,1,1,5,6,6,,,,,5,,,
12131371,1,1,7,2,0,,,,,,,,
12131372,2,2,6,7,,,,,7,,,,
12131373,0,0,4,0,,,,,,,,,
12131374,1,1,6,6,1,,,,3,,,,
12131375,1,1,6,3,0,,,,,,,,
12131376,2,2,6,4,6,,,,,,,,
12131377,2,2,7,7,,,,7,8,,,,
12131379,0,0,3,2,,,,,,,,,
12131380,2,2,7,7,,,,7,8,,,,
12131381,2,2,6,7,,,,,7,,,,
12131384,0,0,4,3,,,,,,,,,
12131385,0,0,3,4,,,,,,,,,
12131386,1,1,6,4,0,,,,,,,,
12131387,0,0,2,3,,,,,,,,,
12131388,0,0,2,1,,,,,,,,,
12131389,1,1,6,2,4,,,,,,,,
12131400,2,2,3,6,6,,,,,,,,
12131633,0,0,3,3,,,,,,,,,
12131680,0,0,2,1,,,,,,,,,
12131698,1,1,6,5,2,,,,,,,,
12131724,2,2,6,3,7,,,,,,,,
12131745,1,1,4,6,4,,,,,,,,
12131746,,,,,,,,,,,,,
12131773,2,2,6,6,,,,,,,,,
12131793,0,0,0,6,,,,,4,,,,
12131810,0,0,3,4,,,,,,,,,
12131894,2,2,6,6,,,,,,,,,
12131896,2,2,7,6,,,,7,,,,,
12131897,2,2,6,2,6,,,,,,,,
12131898,0,0,0,1,,,,,,,,,
12131899,0,0,1,0,,,,,,,,,
12131900,,,,,,,,,,,,,
12131901,1,1,1,6,3,,,,,,,,
12131908,2,2,6,3,6,,,,,,,,
12131911,0,0,1,2,,,,,,,,,
12131924,1,1,5,6,3,,,,,,,,
12131929,1,1,4,6,3,,,,,,,,
12132087,1,1,7,3,1,,,7,,,,,
12132091,2,2,3,6,6,,,,,,,,
12132097,,,,,,,,,,,,,
12132098,0,0,3,2,,,,,,,,,
12132099,2,2,6,6,,,,,,,,,
12132112,0,0,5,3,,,,,,,,,
12132118,2,2,6,6,,,,,,,,,
12132131,0,0,3,2,,,,,,,,,
12132142,0,0,3,6,,,,,3,,,,
12132143,1,1,6,4,5,,,,,,,,
12132230,0,0,1,1,,,,,,,,,
12132231,0,0,4,4,,,,,,,,,
12132262,2,2,6,6,,,,,,,,,
12132266,2,2,6,6,,,,,,,,,
12132271,0,0,4,6,,,,,3,,,,
12132309,2,2,5,6,6,,,,,,,,
12132316,0,0,2,3,,,,,,,,,
12132317,1,1,6,5,4,,,,,,,,
12132320,0,0,5,5,,,,,,,,,
12132322,2,2,2,6,6,,,,,,,,
12132323,0,0,1,4,,,,,,,,,
12132325,2,2,7,2,6,,,7,,,,,
12132330,2,2,6,6,,,,,,,,,
12132331,1,1,3,6,2,,,,,,,,
12132343,0,0,2,2,,,,,,,,,
12132361,1,1,6,2,0,,,,,,,,
12132362,2,2,6,0,7,,,,,8,,,
12132370,1,1,6,6,1,,,,4,,,,
12132380,0,0,4,4,,,,,,,,,
12132405,0,0,2,4,,,,,,,,,
12132406,2,2,7,3,6,,,7,,,,,
12132472,2,2,6,4,6,,,,,,,,
12132546,0,0,2,4,,,,,,,,,
12132547,2,2,6,6,,,,,,,,,
12132656,2,2,6,5,6,,,,,,,,
12132657,2,2,7,7,,,,,,,,,
12132675,0,0,6,3,,,,7,,,,,
12132677,0,0,2,2,,,,,,,,,
12132689,1,1,6,3,1,,,,,,,,
12132690,1,1,6,0,3,,,,,,,,
12132691,0,0,6,4,,,,4,,,,,
12132701,0,0,4,2,,,,,,,,,
12132731,2,2,7,6,,,,,,,,,
12132753,0,0,4,2,,,,,,,,,
12132770,0,0,4,4,,,,,,,,,
12132785,2,2,6,4,6,,,,,,,,
12132786,0,0,2,3,,,,,,,,,
12132794,2,2,7,6,,,,,,,,,
12132842,0,0,3,,,,,,,,,,
12132843,0,0,1,2,,,,,,,,,
12132850,0,0,5,3,,,,,,,,,
12132855,2,2,6,6,,,,,,,,,
12132856,0,0,5,0,,,,,,,,,
12132857,2,2,6,7,6,,,2,,,,,
12132942,2,2,1,6,7,,,,,,,,
12132943,2,2,7,3,7,,,7,,,,,
12132972,2,2,6,7,,,,,,,,,
12132975,2,2,7,5,7,,,7,,,,,
12132976,2,2,6,7,,,,,,,,,
12132977,0,0,2,4,,,,,,,,,
12132980,0,0,1,4,,,,,,,,,
12132992,2,2,6,6,,,,,,,,,
12132993,2,2,6,6,,,,,,,,,
12133012,1,1,5,6,2,,,,,,,,
12133014,1,1,6,6,4,,,5,,,,,
12133050,1,1,7,4,,,,,,,,,
12133077,0,0,1,4,,,,,,,,,
12133078,2,2,6,6,,,,,,,,,
12133088,2,2,6,6,,,,,,,,,
12133116,2,2,6,6,,,,,,,,,
12133120,2,2,6,6,,,,,,,,,
12133121,0,0,3,6,,,,,5,,,,
12133122,2,2,6,6,,,,,,,,,
12133123,2,2,6,6,,,,,,,,,
12133141,2,2,6,6,,,,,,,,,
12133153,2,2,6,6,,,,,,,,,
12133166,0,0,5,,,,,,,,,,
12133182,0,0,4,4,,,,,,,,,
12133204,2,2,6,7,,,,,,,,,
12133222,0,0,4,3,,,,,,,,,
12133223,2,2,6,6,,,,,,,,,
12133255,1,1,7,6,3,,,7,4,,,,
12133256,0,0,1,2,,,,,,,,,
12133333,0,0,4,1,,,,,,,,,
12133334,1,1,2,7,4,,,,,,,,
12133335,1,1,3,6,3,,,,,,,,
12133380,0,0,4,4,,,,,,,,,
12133381,0,0,1,0,,,,,,,,,
12133463,0,0,1,0,,,,,,,,,
12133467,2,2,6,7,,,,,7,,,,
12133472,2,2,6,4,6,,,,,,,,
12133473,2,2,6,6,,,,,,,,,
12133474,2,2,6,6,,,,,,,,,
12133487,2,2,2,6,6,,,,,,,,
12133492,2,2,6,6,,,,,,,,,
12133494,2,2,6,6,,,,,,,,,
12133618,2,2,2,6,6,,,,,,,,
12133620,2,2,7,6,,,,9,,,,,
12133621,0,0,1,2,,,,,,,,,
12133660,1,1,6,4,4,,,,,,,,
12133690,2,2,7,6,,,,10,,,,,
12133733,0,0,5,1,,,,,,,,,
12133747,2,2,6,3,7,,,,,7,,,
12133754,2,2,6,6,,,,,,,,,
12133761,0,0,4,1,,,,,,,,,
12133783,2,2,6,6,,,,,,,,,
12133812,0,0,3,5,,,,,,,,,
12133858,0,0,3,4,,,,,,,,,
12133859,2,2,6,6,,,,,,,,,
12133883,0,0,2,3,,,,,,,,,
12133890,0,0,3,3,,,,,,,,,
12133925,2,2,6,6,,,,,,,,,
12133995,2,2,0,6,7,,,,,7,,,
12133999,1,1,6,3,3,,,,,,,,
12134013,2,2,7,6,,,,,,,,,
12134027,2,2,6,6,,,,,,,,,
12134050,2,2,6,6,,,,,,,,,
12134073,0,0,3,2,,,,,,,,,
12134074,0,0,6,4,,,,8,,,,,
12134079,0,0,3,4,,,,,,,,,
12134089,0,0,1,0,,,,,,,,,
12134145,2,2,6,6,,,,,,,,,
12134148,2,2,6,3,6,,,,,,,,
12134176,0,0,1,1,,,,,,,,,
12134184,2,2,3,6,7,,,,,,,,
12134185,2,2,6,6,,,,,,,,,
12134259,2,2,6,6,,,,,,,,,
12134822,0,0,1,1,,,,,,,,,
12134836,0,0,3,3,,,,,,,,,
12134969,1,1,6,5,3,,,,,,,,
12134979,2,2,5,6,6,,,,,,,,
12135723,0,0,1,0,,,,,,,,,
12135730,1,1,6,5,3,,,,,,,,
12135731,2,2,6,6,,,,,,,,,
12135732,2,2,3,6,7,,,,,,,,
12135765,2,2,6,6,,,,,,,,,
12135805,0,0,0,1,,,,,,,,,
12135994,2,2,6,6,,,,,,,,,
12136045,2,2,6,7,,,,,7,,,,
12136046,0,0,5,4,,,,,,,,,
12136047,1,1,4,6,3,,,,,,,,
12136081,1,1,6,6,6,,,4,,3,,,
12136160,2,2,6,7,,,,,,,,,
12136161,2,2,6,6,,,,,,,,,
12136163,2,2,7,6,,,,7,,,,,
12136164,1,1,6,3,0,,,,,,,,
12136168,1,1,3,7,4,,,,7,,,,
12136170,0,0,5,2,,,,,,,,,
12136173,1,1,6,4,4,,,,,,,,
12136174,2,2,6,6,,,,,,,,,
12136175,0,0,2,1,,,,,,,,,
12136176,,,,,,,,,,,,,
12136177,2,2,2,6,6,,,,,,,,
12136178,2,2,6,6,,,,,,,,,
12136247,2,2,7,6,,,,,,,,,
12136248,0,0,1,2,,,,,,,,,
12136249,0,0,4,3,,,,,,,,,
12136253,2,2,6,6,,,,,,,,,
12136259,2,2,7,6,,,,,,,,,
12136262,0,0,2,4,,,,,,,,,
12136268,0,0,1,3,,,,,,,,,
12136269,0,0,6,1,,,,5,,,,,
12136281,1,1,6,3,0,,,,,,,,
12136282,2,2,3,6,7,,,,,7,,,
12136283,1,1,5,7,1,,,,7,,,,
12136284,2,2,6,6,,,,,,,,,
12136303,2,2,6,6,,,,,,,,,
12136304,0,0,1,2,,,,,,,,,
12136362,0,0,5,,,,,,,,,,
12136363,0,0,4,4,,,,,,,,,
12136396,2,2,3,6,7,,,,,7,,,
12136397,2,2,6,3,6,,,,,,,,
12136410,0,0,2,4,,,,,,,,,
12136441,1,1,6,6,3,,,10,,,,,
12136449,2,2,6,6,,,,,,,,,
12136494,0,0,3,5,,,,,,,,,
12136495,2,2,4,6,6,,,,,,,,
12136509,0,0,1,1,,,,,,,,,
12136533,0,0,6,2,,,,5,,,,,
12136534,2,2,6,3,6,,,,,,,,
12136553,2,2,6,7,6,,,0,7,,,,
12136674,1,1,6,4,3,,,,,,,,
12136692,2,2,6,6,,,,,,,,,
12136745,2,2,7,6,,,,,,,,,
12136746,2,2,1,6,6,,,,,,,,
12136758,2,2,6,6,,,,,,,,,
12136772,2,2,4,6,6,,,,,,,,
12136778,2,2,6,6,,,,,,,,,
12136837,2,2,6,7,,,,,13,,,,
12136860,1,1,6,6,5,,,2,,,,,
12136869,0,0,1,2,,,,,,,,,
12136898,2,2,6,6,,,,,,,,,
12136961,2,2,6,6,,,,,,,,,
12137032,2,2,6,7,,,,,,,,,
12137039,2,2,6,7,,,,,,,,,
12137107,0,0,3,6,,,,,5,,,,
12137108,1,1,3,6,3,,,,,,,,
12137128,1,1,4,6,1,,,,,,,,
12137174,1,1,4,6,6,,,,,5,,,
12137176,0,0,2,6,,,,,6,,,,
12137290,0,0,4,2,,,,,,,,,
12137318,0,0,1,3,,,,,,,,,
12137378,2,2,6,3,6,,,,,,,,
12139583,2,2,6,6,,,,,,,,,
12139586,0,0,3,4,,,,,,,,,
12139599,2,2,6,6,,,,,,,,,
12139601,0,0,4,6,,,,,2,,,,
12139606,0,0,6,4,,,,3,,,,,
12139608,2,2,6,6,,,,,,,,,
12139609,2,2,6,6,,,,,,,,,
12139611,0,0,1,2,,,,,,,,,
12139614,2,2,6,6,,,,,,,,,
12139618,0,0,4,2,,,,,,,,,
12139619,2,2,6,6,,,,,,,,,
12139620,2,2,6,6,,,,,,,,,
12139622,2,2,6,7,,,,,,,,,
12139623,2,2,6,6,,,,,,,,,
12139625,2,2,6,6,,,,,,,,,
12139634,1,1,4,6,3,,,,,,,,
12109835,0,0,6,1,,,,10,,,,,
12109836,0,0,3,1,,,,,,,,,
12109845,2,2,6,3,7,,,,,,,,
12109848,,,,,,,,,,,,,
12109851,0,0,4,6,,,,,4,,,,
12109858,2,2,6,6,,,,,,,,,
12109861,2,2,7,7,,,,7,7,,,,
12109876,1,1,6,6,2,,,3,,,,,
12109878,0,0,3,4,,,,,,,,,
12109881,2,2,6,6,,,,,,,,,
12109883,2,2,7,6,,,,7,,,,,
12109894,0,0,1,3,,,,,,,,,
12109896,2,2,6,6,,,,,,,,,
12109901,1,1,6,3,6,,,,,2,,,
12109902,0,0,3,0,,,,,,,,,
12109903,1,1,6,6,4,,,,4,,,,
12109905,1,1,6,2,1,,,,,,,,
12109935,0,0,3,3,,,,,,,,,
12109942,0,0,4,1,,,,,,,,,
12109946,0,0,6,1,,,,3,,,,,
12109951,2,2,3,6,6,,,,,,,,
12109952,2,2,6,6,6,,,5,,,,,
12109953,1,1,6,5,4,,,,,,,,
12109956,2,2,6,7,,,,,,,,,
12109958,2,2,6,6,,,,,,,,,
12109962,2,2,6,6,,,,,,,,,
12109964,0,0,4,1,,,,,,,,,
12109965,2,2,6,6,,,,,,,,,
12109966,1,1,7,2,6,,,7,,9,,,
12109967,0,0,4,4,,,,,,,,,
12109969,1,1,6,3,4,,,,,,,,
12109971,1,1,6,3,,,,,,,,,
12109972,2,2,6,6,,,,,,,,,
12110019,,,,,,,,,,,,,
12110020,2,2,6,6,,,,,,,,,
12110021,0,0,4,4,,,,,,,,,
12110022,1,1,5,6,4,,,,,,,,
12110023,2,2,7,6,,,,7,,,,,
12110024,2,2,5,6,6,,,,,,,,
12110025,2,2,7,6,,,,,,,,,
12110026,2,2,6,7,,,,,,,,,
12110029,0,0,5,1,,,,,,,,,
12110040,2,2,6,6,,,,,,,,,
12110043,2,2,6,6,,,,,,,,,
12110046,0,0,5,2,,,,,,,,,
12110054,0,0,4,2,,,,,,,,,
12110069,1,1,4,6,6,,,,,4,,,
12110071,2,2,6,7,,,,,,,,,
12110072,0,0,3,0,,,,,,,,,
12127645,1,1,6,5,2,,,,,,,,
12127728,,,,,,,,,,,,,
12127730,,,,,,,,,,,,,
12127766,,,,,,,,,,,,,
12127768,,,,,,,,,,,,,
12127791,,,,,,,,,,,,,
12128053,,,,,,,,,,,,,
12128054,,,,,,,,,,,,,
12128149,2,2,6,6,7,,,2,,,,,
12128150,0,0,2,3,,,,,,,,,
12128151,0,0,6,2,,,,5,,,,,
12128152,0,0,6,4,,,,1,,,,,
12128153,0,0,1,2,,,,,,,,,
12128154,2,2,6,6,,,,,,,,,
12128155,1,1,1,7,2,,,,,,,,
12128156,2,2,7,4,6,,,7,,,,,
12128157,2,2,4,6,7,,,,,,,,
12128158,1,1,6,2,3,,,,,,,,
12128159,2,2,6,6,,,,,,,,,
12128160,,,,,,,,,,,,,
12128162,0,0,5,2,,,,,,,,,
12128164,1,1,2,6,0,,,,,,,,
12128174,2,2,6,6,,,,,,,,,
12128175,,,,,,,,,,,,,
12128188,0,0,6,1,,,,6,,,,,
12128193,2,2,6,6,,,,,,,,,
12128194,2,2,6,6,,,,,,,,,
12128195,0,0,5,3,,,,,,,,,
12128196,2,2,1,6,7,,,,,7,,,
12128197,0,0,0,4,,,,,,,,,
12128198,2,2,6,6,,,,,,,,,
12128199,2,2,4,6,6,,,,,,,,
12128200,1,1,1,6,4,,,,,,,,
12128201,0,0,5,3,,,,,,,,,
12128202,0,0,4,6,,,,,5,,,,
12128203,1,1,7,6,3,,,,6,,,,
12128204,0,0,5,6,,,,,3,,,,
12128205,2,2,6,6,,,,,,,,,
12128233,,,,,,,,,,,,,
12128235,,,,,,,,,,,,,
12129433,0,0,3,3,,,,,,,,,
12129511,2,2,7,6,,,,,,,,,
12129512,,,,,,,,,,,,,
12129572,2,2,6,6,,,,,,,,,
12129775,1,1,6,3,6,,,,,5,,,
12129962,,,,,,,,,,,,,
12130100,1,1,7,5,4,,,7,,,,,
12130285,0,0,3,3,,,,,,,,,
12130286,2,2,7,6,,,,7,,,,,
12130295,1,1,4,6,5,,,,,,,,
12130312,2,2,6,6,,,,,,,,,
12130517,2,2,5,7,6,,,,,,,,
12130694,2,2,4,7,6,,,,7,,,,
12130745,0,0,3,5,,,,,,,,,
12130846,0,0,3,4,,,,,,,,,
12131283,2,2,6,6,,,,,,,,,
12131367,0,0,2,3,,,,,,,,,
12131368,2,2,6,6,,,,,,,,,
12131369,0,0,3,1,,,,,,,,,
12131372,2,2,6,7,,,,,7,,,,
12131374,1,1,6,6,1,,,,3,,,,
12131375,1,1,6,3,0,,,,,,,,
12131376,2,2,6,4,6,,,,,,,,
12131377,2,2,7,7,,,,7,8,,,,
12131380,2,2,7,7,,,,7,8,,,,
12131381,2,2,6,7,,,,,7,,,,
12131382,2,2,7,6,,,,10,,,,,
12131383,2,2,7,7,,,,7,,,,,
12131384,0,0,4,3,,,,,,,,,
12131385,0,0,3,4,,,,,,,,,
12131387,0,0,2,3,,,,,,,,,
12131388,0,0,2,1,,,,,,,,,
12131389,1,1,6,2,4,,,,,,,,
12131900,,,,,,,,,,,,,
12132112,0,0,5,3,,,,,,,,,
12132143,1,1,6,4,5,,,,,,,,
12132330,2,2,6,6,,,,,,,,,
12132843,0,0,1,2,,,,,,,,,
12132977,0,0,2,4,,,,,,,,,
12132980,0,0,1,4,,,,,,,,,
12133014,1,1,6,6,4,,,5,,,,,
12133050,1,1,7,4,,,,,,,,,
12133077,0,0,1,4,,,,,,,,,
12133120,2,2,6,6,,,,,,,,,
12133123,2,2,6,6,,,,,,,,,
12133222,0,0,4,3,,,,,,,,,
12133333,0,0,4,1,,,,,,,,,
12133334,1,1,2,7,4,,,,,,,,
12133380,0,0,4,4,,,,,,,,,
12133472,2,2,6,4,6,,,,,,,,
12133473,2,2,6,6,,,,,,,,,
12133474,2,2,6,6,,,,,,,,,
12133492,2,2,6,6,,,,,,,,,
12133494,2,2,6,6,,,,,,,,,
12133618,2,2,2,6,6,,,,,,,,
12133620,2,2,7,6,,,,9,,,,,
12133621,0,0,1,2,,,,,,,,,
12133660,1,1,6,4,4,,,,,,,,
12133733,0,0,5,1,,,,,,,,,
12133747,2,2,6,3,7,,,,,7,,,
12133754,2,2,6,6,,,,,,,,,
12133783,2,2,6,6,,,,,,,,,
12133812,0,0,3,5,,,,,,,,,
12133858,0,0,3,4,,,,,,,,,
12133859,2,2,6,6,,,,,,,,,
12133883,0,0,2,3,,,,,,,,,
12133890,0,0,3,3,,,,,,,,,
12133925,2,2,6,6,,,,,,,,,
12133995,2,2,0,6,7,,,,,7,,,
12133999,1,1,6,3,3,,,,,,,,
12134013,2,2,7,6,,,,,,,,,
12134027,2,2,6,6,,,,,,,,,
12134050,2,2,6,6,,,,,,,,,
12134074,0,0,6,4,,,,8,,,,,
12134079,0,0,3,4,,,,,,,,,
12134089,0,0,1,0,,,,,,,,,
12134145,2,2,6,6,,,,,,,,,
12134148,2,2,6,3,6,,,,,,,,
12134176,0,0,1,1,,,,,,,,,
12134184,2,2,3,6,7,,,,,,,,
12134185,2,2,6,6,,,,,,,,,
12134259,2,2,6,6,,,,,,,,,
12134822,0,0,1,1,,,,,,,,,
12134836,0,0,3,3,,,,,,,,,
12134969,1,1,6,5,3,,,,,,,,
12134979,2,2,5,6,6,,,,,,,,
12135723,0,0,1,0,,,,,,,,,
12135730,1,1,6,5,3,,,,,,,,
12135731,2,2,6,6,,,,,,,,,
12135732,2,2,3,6,7,,,,,,,,
12135765,2,2,6,6,,,,,,,,,
12135805,0,0,0,1,,,,,,,,,
12135994,2,2,6,6,,,,,,,,,
12136045,2,2,6,7,,,,,7,,,,
12136046,0,0,5,4,,,,,,,,,
12136047,1,1,4,6,3,,,,,,,,
12136081,1,1,6,6,6,,,4,,3,,,
12136160,2,2,6,7,,,,,,,,,
12136161,2,2,6,6,,,,,,,,,
12136163,2,2,7,6,,,,7,,,,,
12136164,1,1,6,3,0,,,,,,,,
12136168,1,1,3,7,4,,,,7,,,,
12136170,0,0,5,2,,,,,,,,,
12136173,1,1,6,4,4,,,,,,,,
12136174,2,2,6,6,,,,,,,,,
12136175,0,0,2,1,,,,,,,,,
12136176,,,,,,,,,,,,,
12136177,2,2,2,6,6,,,,,,,,
12136178,2,2,6,6,,,,,,,,,
12136247,2,2,7,6,,,,,,,,,
12136248,0,0,1,2,,,,,,,,,
12136249,0,0,4,3,,,,,,,,,
12136253,2,2,6,6,,,,,,,,,
12136259,2,2,7,6,,,,,,,,,
12136262,0,0,2,4,,,,,,,,,
12136268,0,0,1,3,,,,,,,,,
12136269,0,0,6,1,,,,5,,,,,
12136281,1,1,6,3,0,,,,,,,,
12136282,2,2,3,6,7,,,,,7,,,
12136283,1,1,5,7,1,,,,7,,,,
12136284,2,2,6,6,,,,,,,,,
12136303,2,2,6,6,,,,,,,,,
12136304,0,0,1,2,,,,,,,,,
12136362,0,0,5,,,,,,,,,,
12136363,0,0,4,4,,,,,,,,,
12136396,2,2,3,6,7,,,,,7,,,
12136397,2,2,6,3,6,,,,,,,,
12136410,0,0,2,4,,,,,,,,,
12136441,1,1,6,6,3,,,10,,,,,
12136449,2,2,6,6,,,,,,,,,
12136494,0,0,3,5,,,,,,,,,
12136495,2,2,4,6,6,,,,,,,,
12136509,0,0,1,1,,,,,,,,,
12136533,0,0,6,2,,,,5,,,,,
12136534,2,2,6,3,6,,,,,,,,
12136553,2,2,6,7,6,,,0,7,,,,
12136674,1,1,6,4,3,,,,,,,,
12136692,2,2,6,6,,,,,,,,,
12136745,2,2,7,6,,,,,,,,,
12136746,2,2,1,6,6,,,,,,,,
12136758,2,2,6,6,,,,,,,,,
12136772,2,2,4,6,6,,,,,,,,
12136778,2,2,6,6,,,,,,,,,
12136837,2,2,6,7,,,,,13,,,,
12136860,1,1,6,6,5,,,2,,,,,
12136869,0,0,1,2,,,,,,,,,
12136898,2,2,6,6,,,,,,,,,
12136947,2,2,6,6,,,,,,,,,
12136950,2,2,6,6,,,,,,,,,
12136959,1,1,7,3,4,,,7,,,,,
12136961,2,2,6,6,,,,,,,,,
12137032,2,2,6,7,,,,,,,,,
12137039,2,2,6,7,,,,,,,,,
12137082,1,1,2,7,5,,,,,,,,
12137107,0,0,3,6,,,,,5,,,,
12137108,1,1,3,6,3,,,,,,,,
12137128,1,1,4,6,1,,,,,,,,
12137146,0,0,6,3,,,,3,,,,,
12137174,1,1,4,6,6,,,,,5,,,
12137175,2,2,6,2,7,,,,,7,,,
12137176,0,0,2,6,,,,,6,,,,
12137290,0,0,4,2,,,,,,,,,
12137318,0,0,1,3,,,,,,,,,
12137375,0,0,3,3,,,,,,,,,
12137378,2,2,6,3,6,,,,,,,,
12137407,2,2,6,6,,,,,,,,,
12137408,1,1,7,4,0,,,8,,,,,
12137539,2,2,3,6,6,,,,,,,,
12137559,0,0,5,4,,,,,,,,,
12137563,2,2,6,6,,,,,,,,,
12137587,0,0,3,2,,,,,,,,,
12137706,2,2,6,6,,,,,,,,,
12137707,2,2,5,6,6,,,,,,,,
12137743,2,2,6,6,,,,,,,,,
12138398,0,0,2,5,,,,,,,,,
12138514,0,0,3,2,,,,,,,,,
12138547,2,2,6,6,,,,,,,,,
12139257,2,2,6,6,,,,,,,,,
12139398,1,1,6,5,2,,,,,,,,
12139447,2,2,6,6,,,,,,,,,
12139472,0,0,4,5,,,,,,,,,
12139478,2,2,2,7,6,,,,,,,,
12139480,0,0,1,5,,,,,,,,,
12139484,2,2,3,7,6,,,,7,,,,
12139485,2,2,4,6,6,,,,,,,,
12139488,2,2,6,7,,,,,,,,,
12139496,1,1,3,6,6,,,,,2,,,
12139497,2,2,6,7,,,,,7,,,,
12139498,2,2,6,6,,,,,,,,,
12139540,2,2,6,6,6,,,3,,,,,
12139549,2,2,7,6,,,,7,,,,,
12139552,2,2,6,6,,,,,,,,,
12139555,2,2,7,6,,,,,,,,,
12139619,2,2,6,6,,,,,,,,,
12139620,2,2,6,6,,,,,,,,,
12139622,2,2,6,7,,,,,,,,,
12139625,2,2,6,6,,,,,,,,,
12139626,,,,,,,,,,,,,
12139627,0,0,5,0,,,,,,,,,
12139634,1,1,4,6,3,,,,,,,,
12139671,0,0,3,3,,,,,,,,,
12139698,1,1,6,2,1,,,,,,,,
12139699,1,1,1,7,6,,,,7,2,,,
12139738,2,2,7,6,,,,,,,,,
12139747,1,1,6,5,0,,,,,,,,
12139748,2,2,6,4,6,,,,,,,,
12139759,2,2,6,6,,,,,,,,,
12139884,2,2,6,6,,,,,,,,,
12140204,2,2,7,7,,,,7,7,,,,
12140207,2,2,6,6,6,,,,4,,,,
12140221,1,1,2,6,2,,,,,,,,
12140364,0,0,6,3,,,,5,,,,,
12140446,1,1,5,6,4,,,,,,,,
12140777,1,1,6,6,2,,,,3,,,,
12141335,2,2,7,6,,,,7,,,,,
12109834,1,1,6,6,1,,,,1,,,,
12109839,0,0,1,4,,,,,,,,,
12109840,2,2,6,7,,,,,,,,,
12109841,2,2,6,2,6,,,,,,,,
12109842,2,2,6,7,,,,,7,,,,
12109847,1,1,1,6,2,,,,,,,,
12109851,0,0,4,6,,,,,4,,,,
12109858,2,2,6,6,,,,,,,,,
12109859,2,2,6,6,,,,,,,,,
12109865,2,2,6,6,,,,,,,,,
12109872,2,2,6,6,7,,,4,,7,,,
12109878,0,0,3,4,,,,,,,,,
12109894,0,0,1,3,,,,,,,,,
12109896,2,2,6,6,,,,,,,,,
12109899,0,0,4,2,,,,,,,,,
12109935,0,0,3,3,,,,,,,,,
12109936,0,0,4,6,,,,,4,,,,
12109937,1,1,4,6,5,,,,,,,,
12109938,0,0,2,3,,,,,,,,,
12109941,0,0,3,4,,,,,,,,,
12109942,0,0,4,1,,,,,,,,,
12109944,0,0,1,2,,,,,,,,,
12109945,0,0,4,4,,,,,,,,,
12109946,0,0,6,1,,,,3,,,,,
12109947,1,1,0,7,2,,,,7,,,,
12109948,0,0,6,2,,,,2,,,,,
12109951,2,2,3,6,6,,,,,,,,
12109952,2,2,6,6,6,,,5,,,,,
12109953,1,1,6,5,4,,,,,,,,
12109955,,,,,,,,,,,,,
12109956,2,2,6,7,,,,,,,,,
12109957,2,2,6,6,,,,,,,,,
12109958,2,2,6,6,,,,,,,,,
12109962,2,2,6,6,,,,,,,,,
12109963,2,2,7,6,,,,,,,,,
12109964,0,0,4,1,,,,,,,,,
12109965,2,2,6,6,,,,,,,,,
12109966,1,1,7,2,6,,,7,,9,,,
12109967,0,0,4,4,,,,,,,,,
12109969,1,1,6,3,4,,,,,,,,
12109971,1,1,6,3,,,,,,,,,
12109972,2,2,6,6,,,,,,,,,
12109978,0,0,2,2,,,,,,,,,
12109979,2,2,6,6,,,,,,,,,
12109980,,,,,,,,,,,,,
12109981,2,2,7,6,,,,,,,,,
12109982,1,1,2,7,3,,,,,,,,
12109983,1,1,5,6,3,,,,,,,,
12109984,2,2,6,6,,,,,,,,,
12109985,2,2,6,7,,,,,,,,,
12110019,,,,,,,,,,,,,
12110020,2,2,6,6,,,,,,,,,
12110021,0,0,4,4,,,,,,,,,
12110022,1,1,5,6,4,,,,,,,,
12110023,2,2,7,6,,,,7,,,,,
12110024,2,2,5,6,6,,,,,,,,
12110025,2,2,7,6,,,,,,,,,
12110026,2,2,6,7,,,,,,,,,
12110029,0,0,5,1,,,,,,,,,
12110030,1,1,3,6,1,,,,,,,,
12110032,2,2,6,6,7,,,2,,8,,,
12110034,0,0,4,,,,,,,,,,
12110036,2,2,4,7,7,,,,,,,,
12110040,2,2,6,6,,,,,,,,,
12110042,1,1,1,6,3,,,,,,,,
12110043,2,2,6,6,,,,,,,,,
12110044,2,2,5,6,6,,,,,,,,
12110046,0,0,5,2,,,,,,,,,
12110047,2,2,6,3,6,,,,,,,,
12110048,2,2,6,7,,,,,7,,,,
12110049,2,2,2,6,7,,,,,7,,,
12110050,1,1,5,7,2,,,,,,,,
12110052,2,2,6,6,,,,,,,,,
12110054,0,0,4,2,,,,,,,,,
12110055,2,2,7,6,,,,,,,,,
12110061,2,2,6,6,,,,,,,,,
12110069,1,1,4,6,6,,,,,4,,,
12110071,2,2,6,7,,,,,,,,,
12110072,0,0,3,0,,,,,,,,,
12125049,,,,,,,,,,,,,
12125051,,,,,,,,,,,,,
12125052,,,,,,,,,,,,,
12125057,,,,,,,,,,,,,
12127728,,,,,,,,,,,,,
12127730,,,,,,,,,,,,,
12127766,,,,,,,,,,,,,
12127768,,,,,,,,,,,,,
12127791,,,,,,,,,,,,,
12128053,,,,,,,,,,,,,
12128054,,,,,,,,,,,,,
12128149,2,2,6,6,7,,,2,,,,,
12128154,2,2,6,6,,,,,,,,,
12128157,2,2,4,6,7,,,,,,,,
12128159,2,2,6,6,,,,,,,,,
12128175,,,,,,,,,,,,,
12128193,2,2,6,6,,,,,,,,,
12128202,0,0,4,6,,,,,5,,,,
12128203,1,1,7,6,3,,,,6,,,,
12128205,2,2,6,6,,,,,,,,,
12128233,,,,,,,,,,,,,
12128235,,,,,,,,,,,,,
12129512,,,,,,,,,,,,,
12129962,,,,,,,,,,,,,
12130100,1,1,7,5,4,,,7,,,,,
12130295,1,1,4,6,5,,,,,,,,
12131382,2,2,7,6,,,,10,,,,,
12131383,2,2,7,7,,,,7,,,,,
12136495,2,2,4,6,6,,,,,,,,
12136534,2,2,6,3,6,,,,,,,,
12136692,2,2,6,6,,,,,,,,,
12136837,2,2,6,7,,,,,13,,,,
12136947,2,2,6,6,,,,,,,,,
12136950,2,2,6,6,,,,,,,,,
12136959,1,1,7,3,4,,,7,,,,,
12136961,2,2,6,6,,,,,,,,,
12137039,2,2,6,7,,,,,,,,,
12137082,1,1,2,7,5,,,,,,,,
12137107,0,0,3,6,,,,,5,,,,
12137108,1,1,3,6,3,,,,,,,,
12137146,0,0,6,3,,,,3,,,,,
12137175,2,2,6,2,7,,,,,7,,,
12137176,0,0,2,6,,,,,6,,,,
12137290,0,0,4,2,,,,,,,,,
12137318,0,0,1,3,,,,,,,,,
12137375,0,0,3,3,,,,,,,,,
12137378,2,2,6,3,6,,,,,,,,
12137407,2,2,6,6,,,,,,,,,
12137408,1,1,7,4,0,,,8,,,,,
12137539,2,2,3,6,6,,,,,,,,
12137559,0,0,5,4,,,,,,,,,
12137563,2,2,6,6,,,,,,,,,
12137587,0,0,3,2,,,,,,,,,
12137706,2,2,6,6,,,,,,,,,
12137707,2,2,5,6,6,,,,,,,,
12137743,2,2,6,6,,,,,,,,,
12138398,0,0,2,5,,,,,,,,,
12138514,0,0,3,2,,,,,,,,,
12138547,2,2,6,6,,,,,,,,,
12139257,2,2,6,6,,,,,,,,,
12139398,1,1,6,5,2,,,,,,,,
12139447,2,2,6,6,,,,,,,,,
12139472,0,0,4,5,,,,,,,,,
12139478,2,2,2,7,6,,,,,,,,
12139480,0,0,1,5,,,,,,,,,
12139484,2,2,3,7,6,,,,7,,,,
12139485,2,2,4,6,6,,,,,,,,
12139488,2,2,6,7,,,,,,,,,
12139496,1,1,3,6,6,,,,,2,,,
12139497,2,2,6,7,,,,,7,,,,
12139498,2,2,6,6,,,,,,,,,
12139540,2,2,6,6,6,,,3,,,,,
12139549,2,2,7,6,,,,7,,,,,
12139552,2,2,6,6,,,,,,,,,
12139555,2,2,7,6,,,,,,,,,
12139626,,,,,,,,,,,,,
12139627,0,0,5,0,,,,,,,,,
12139671,0,0,3,3,,,,,,,,,
12139698,1,1,6,2,1,,,,,,,,
12139699,1,1,1,7,6,,,,7,2,,,
12139738,2,2,7,6,,,,,,,,,
12139747,1,1,6,5,0,,,,,,,,
12139748,2,2,6,4,6,,,,,,,,
12139759,2,2,6,6,,,,,,,,,
12139884,2,2,6,6,,,,,,,,,
12139937,0,0,1,4,,,,,,,,,
12140204,2,2,7,7,,,,7,7,,,,
12140207,2,2,6,6,6,,,,4,,,,
12140208,2,2,6,6,,,,,,,,,
12140221,1,1,2,6,2,,,,,,,,
12140235,0,0,1,1,,,,,,,,,
12140363,1,1,3,7,1,,,,7,,,,
12140364,0,0,6,3,,,,5,,,,,
12140443,2,2,2,7,6,,,,7,,,,
12140446,1,1,5,6,4,,,,,,,,
12140483,2,2,6,6,6,,,,7,,,,
12140515,2,2,6,4,6,,,,,,,,
12140538,0,0,4,1,,,,,,,,,
12140563,0,0,6,4,,,,9,,,,,
12140581,0,0,2,0,,,,,,,,,
12140633,0,0,4,6,,,,,0,,,,
12140693,2,2,6,6,,,,,,,,,
12140696,2,2,5,6,6,,,,,,,,
12140777,1,1,6,6,2,,,,3,,,,
12140882,0,0,2,2,,,,,,,,,
12141158,2,2,6,6,,,,,,,,,
12141335,2,2,7,6,,,,7,,,,,
12141743,0,0,4,3,,,,,,,,,
12141787,2,2,6,3,6,,,,,,,,
12141826,2,2,6,6,,,,,,,,,
12142269,2,2,6,6,,,,,,,,,
12142285,1,1,7,1,2,,,7,,,,,
12142888,0,0,0,4,,,,,,,,,
12142890,0,0,1,1,,,,,,,,,
12142891,1,1,3,6,7,,,,,,,,
12142892,2,2,6,7,,,,,,,,,
12142893,1,1,6,6,1,,,,,,,,
12142894,2,2,6,6,,,,,,,,,
12142895,,,,,,,,,,,,,
12142896,0,0,4,2,,,,,,,,,
12142897,2,2,6,6,,,,,,,,,
12142898,2,2,6,6,,,,,,,,,
12142901,0,0,2,1,,,,,,,,,
12142902,1,1,6,1,2,,,,,,,,
12142903,2,2,6,6,,,,,,,,,
12142904,2,2,6,6,,,,,,,,,
12142905,0,0,4,6,,,,,,,,,
12142906,0,0,6,6,,,,,,,,,
12142907,2,2,5,6,10,,,,,,,,
12142908,,,,,,,,,,,,,
12142944,2,2,6,6,,,,,,,,,
12142945,0,0,2,3,,,,,,,,,
12143202,0,0,0,4,,,,,,,,,
12143205,2,2,6,7,,,,,,,,,
12143282,1,1,6,3,6,,,,,8,,,
12143285,2,2,4,6,10,,,,,,,,
12143286,0,0,3,1,,,,,,,,,
12143287,0,0,1,2,,,,,,,,,
12143288,2,2,6,0,11,,,,,,,,
12143289,2,2,6,2,10,,,,,,,,
12143290,2,2,4,6,10,,,,,,,,
12143291,2,2,6,3,10,,,,,,,,
12143292,2,2,6,6,,,,,,,,,
12143293,0,0,0,0,,,,,,,,,
12143294,2,2,6,6,,,,,,,,,
12143295,0,0,2,2,,,,,,,,,
12143296,2,2,6,6,,,,,,,,,
12143297,2,2,6,6,,,,,,,,,
12143298,0,0,0,0,,,,,,,,,
12143299,0,0,0,0,,,,,,,,,
12143300,2,2,6,7,,,,,,,,,
12143301,0,0,1,2,,,,,,,,,
12143302,0,0,0,0,,,,,,,,,
12143303,0,0,0,3,,,,,,,,,
12143304,2,2,6,6,,,,,,,,,
12143305,,,,,,,,,,,,,
12143306,2,2,6,6,,,,,,,,,
12143307,2,2,6,6,,,,,,,,,
12143308,2,2,6,6,,,,,,,,,
12143309,2,2,6,7,,,,,,,,,
12143310,0,0,4,1,,,,,,,,,
12143311,2,2,6,6,,,,,,,,,
12143312,0,0,1,1,,,,,,,,,
12143313,0,0,2,2,,,,,,,,,
12143314,,,,,,,,,,,,,
12143315,1,1,6,6,8,,,,,,,,
12143316,2,2,6,6,,,,,,,,,
12143333,2,2,6,3,6,,,,,,,,
12143336,0,0,2,3,,,,,,,,,
12143337,1,1,4,6,2,,,,,,,,
12143405,0,0,3,6,,,,,4,,,,
12143406,2,2,6,6,,,,,,,,,
12143436,0,0,2,3,,,,,,,,,
12143553,1,1,4,7,5,,,,,,,,
12143554,2,2,6,6,,,,,,,,,
12143555,2,2,2,6,10,,,,,,,,
12143556,0,0,0,1,,,,,,,,,
12143557,1,1,4,6,4,,,,,,,,
12143558,2,2,6,7,,,,,,,,,
12143559,1,1,6,6,4,,,,,,,,
12143560,2,2,6,6,,,,,,,,,
12143561,1,1,4,6,8,,,,,,,,
12143562,0,0,3,2,,,,,,,,,
12143563,0,0,2,2,,,,,,,,,
12143564,0,0,1,2,,,,,,,,,
12143565,0,0,3,4,,,,,,,,,
12143566,2,2,6,6,,,,,,,,,
12143567,0,0,4,2,,,,,,,,,
12143568,1,1,6,3,6,,,,,,,,
12143576,0,0,3,0,,,,,,,,,
12143578,0,0,0,0,,,,,,,,,
12143579,0,0,4,2,,,,,,,,,
12143580,2,2,7,6,,,,,,,,,
12143581,2,2,6,6,,,,,,,,,
12143582,2,2,6,6,,,,,,,,,
12143583,0,0,3,1,,,,,,,,,
12143584,2,2,6,6,,,,,,,,,
12143585,0,0,1,3,,,,,,,,,
12143586,0,0,6,0,,,,,,,,,
12143587,2,2,6,6,,,,,,,,,
12143588,0,0,2,2,,,,,,,,,
12143589,2,2,6,6,,,,,,,,,
12143590,,,,,,,,,,,,,
12143591,0,0,4,3,,,,,,,,,
12143592,0,0,2,6,,,,,,,,,
12143593,0,0,4,2,,,,,,,,,
12143709,0,0,2,2,,,,,,,,,
12143776,2,2,6,6,,,,,,,,,
12144031,1,1,3,6,8,,,,,,,,
12144032,0,0,4,4,,,,,,,,,
12144033,0,0,5,2,,,,,,,,,
12144034,2,2,6,6,,,,,,,,,
12144035,2,2,6,6,,,,,,,,,
12144036,1,1,4,6,10,,,,,,,,
12144037,,,,,,,,,,,,,
12144038,2,2,6,6,,,,,,,,,
12144039,0,0,3,1,,,,,,,,,
12144040,,,,,,,,,,,,,
12144041,2,2,6,6,,,,,,,,,
12144042,0,0,3,1,,,,,,,,,
12144043,0,0,5,3,,,,,,,,,
12144044,2,2,6,6,,,,,,,,,
12144045,0,0,2,2,,,,,,,,,
12144046,2,2,6,6,,,,,,,,,
12144047,2,2,6,7,,,,,,,,,
12144048,2,2,6,6,,,,,,,,,
12144049,0,0,3,0,,,,,,,,,
12144050,2,2,6,6,,,,,,,,,
12144051,,,,,,,,,,,,,
12144052,2,2,6,6,,,,,,,,,
12144053,0,0,4,5,,,,,,,,,
12144054,1,1,6,3,6,,,,,,,,
12144055,0,0,4,1,,,,,,,,,
12144056,2,2,7,6,,,,,,,,,
12144057,0,0,2,4,,,,,,,,,
12144058,0,0,2,3,,,,,,,,,
12144059,0,0,5,2,,,,,,,,,
12144060,0,0,2,4,,,,,,,,,
12144061,0,0,5,5,,,,,,,,,
12144062,2,2,6,6,,,,,,,,,
12144063,2,2,6,6,,,,,,,,,
12144064,,,,,,,,,,,,,
12144065,,,,,,,,,,,,,
12144066,2,2,6,6,,,,,,,,,
12144067,,,,,,,,,,,,,
12144068,1,1,7,6,5,,,,,,,,
12144069,0,0,4,1,,,,,,,,,
12144070,1,1,1,6,4,,,,,,,,
12144071,2,2,6,6,,,,,,,,,
12144072,2,2,6,6,,,,,,,,,
12144073,2,2,6,6,,,,,,,,,
12144074,0,0,3,2,,,,,,,,,
12144075,0,0,0,5,,,,,,,,,
12144077,2,2,6,7,10,,,,,,,,
12144078,,,,,,,,,,,,,
12144079,0,0,4,6,,,,,,,,,
12144080,0,0,1,1,,,,,,,,,
12144081,2,2,6,6,,,,,,,,,
12144082,0,0,3,1,,,,,,,,,
12144083,2,2,6,6,,,,,,,,,
12144084,2,2,6,6,,,,,,,,,
12144085,0,0,2,4,,,,,,,,,
12144086,2,2,6,6,,,,,,,,,
12144087,2,2,6,6,,,,,,,,,
12144088,2,2,6,6,,,,,,,,,
12144089,0,0,2,0,,,,,,,,,
12144090,0,0,2,1,,,,,,,,,
12144091,2,2,7,5,10,,,,,,,,
12144092,,,,,,,,,,,,,
12144093,2,2,7,6,,,,,,,,,
12144094,0,0,1,1,,,,,,,,,
12144095,2,2,7,6,,,,7,,,,,
12144096,2,2,2,7,10,,,,,,,,
12144097,2,2,6,1,10,,,,,,,,
12144098,2,2,6,6,,,,,,,,,
12144099,2,2,4,7,10,,,,,,,,
12144100,0,0,1,5,,,,,,,,,
12144101,2,2,6,7,,,,,,,,,
12144102,0,0,3,1,,,,,,,,,
12144103,2,2,6,6,,,,,,,,,
12144104,0,0,2,0,,,,,,,,,
12144105,2,2,4,7,14,,,,,,,,
12144106,2,2,6,6,,,,,,,,,
12144107,2,2,6,6,,,,,,,,,
12144108,,,,,,,,,,,,,
12144109,0,0,4,1,,,,,,,,,
12144110,2,2,7,6,,,,,,,,,
12144111,2,2,6,6,,,,,,,,,
12144112,2,2,5,7,10,,,,,,,,
12144113,2,2,7,6,,,,,,,,,
12144114,1,1,6,6,3,,,,3,,,,
12144115,0,0,3,4,,,,,,,,,
12144116,,,,,,,,,,,,,
12144117,2,2,6,5,10,,,,,,,,
12144122,,,,,,,,,,,,,
12144123,2,2,6,6,,,,,,,,,
12144124,2,2,6,6,,,,,,,,,
12144125,2,2,6,6,,,,,,,,,
12144126,0,0,4,1,,,,,,,,,
12144127,0,0,2,0,,,,,,,,,
12144128,,,,,,,,,,,,,
12144129,,,,,,,,,,,,,
12144130,2,2,6,6,,,,,,,,,
12144135,2,2,6,6,,,,,,,,,
12144136,,,,,,,,,,,,,
12144137,0,0,0,2,,,,,,,,,
12144138,2,2,6,6,,,,,,,,,
12144139,0,0,0,1,,,,,,,,,
12144140,0,0,0,0,,,,,,,,,
12144141,0,0,3,3,,,,,,,,,
12144142,0,0,2,4,,,,,,,,,
12144143,2,2,6,6,,,,,,,,,
12144144,0,0,0,0,,,,,,,,,
12144145,0,0,1,1,,,,,,,,,
12144147,2,2,6,6,,,,,,,,,
12144148,0,0,0,0,,,,,,,,,
12144149,2,2,6,6,,,,,,,,,
12144150,2,2,6,2,10,,,,,,,,
12144176,2,2,6,6,,,,,,,,,
12144177,2,2,6,6,,,,,,,,,
12144178,2,2,6,7,,,,,,,,,
12144180,0,0,2,2,,,,,,,,,
12144181,2,2,6,5,10,,,,,,,,
12144182,2,2,6,6,,,,,,,,,
12144183,2,2,6,3,10,,,,,,,,
12144184,2,2,6,6,,,,,,,,,
12144185,2,2,6,6,,,,,,,,,
12144186,0,0,1,1,,,,,,,,,
12144187,0,0,5,3,,,,,,,,,
12144188,0,0,2,2,,,,,,,,,
12144190,0,0,5,1,,,,,,,,,
12144191,2,2,6,6,,,,,,,,,
12144203,0,0,6,2,,,,5,,,,,
12144207,1,1,6,7,6,,,3,12,,,,
12144209,0,0,3,4,,,,,,,,,
12144210,0,0,4,4,,,,,,,,,
12144211,0,0,4,3,,,,,,,,,
12144212,1,1,6,6,9,,,3,,,,,
12144215,1,1,0,6,6,,,,,,,,
12144216,2,2,6,7,,,,,,,,,
12144218,0,0,1,2,,,,,,,,,
12144219,2,2,6,6,,,,,,,,,
12144220,1,1,6,6,5,,,,,,,,
12144225,2,2,1,6,10,,,,,,,,
12144227,1,1,4,6,7,,,,,,,,
12144228,2,2,6,6,,,,,,,,,
12144232,2,2,7,6,,,,,,,,,
12144233,1,1,6,2,9,,,,,,,,
12144236,2,2,7,6,,,,,,,,,
12144237,0,0,4,3,,,,,,,,,
12144239,,,,,,,,,,,,,
12144240,2,2,5,6,10,,,,,,,,
12144242,1,1,6,6,8,,,,,,,,
12144243,0,0,3,4,,,,,,,,,
12144244,1,1,6,4,2,,,,,,,,
12144245,2,2,6,6,,,,,,,,,
12144246,2,2,6,7,,,,,,,,,
12144247,0,0,4,2,,,,,,,,,
12144257,2,2,7,6,,,,,,,,,
12144258,0,0,2,6,,,,,,,,,
12144259,2,2,7,6,,,,,,,,,
12144260,2,2,6,6,,,,,,,,,
12144261,0,0,0,0,,,,,,,,,
12144262,0,0,0,0,,,,,,,,,
12144263,2,2,7,6,,,,,,,,,
12144264,0,0,3,5,,,,,,,,,
12144265,0,0,2,2,,,,,,,,,
12144266,0,0,4,1,,,,,,,,,
12144267,2,2,6,6,,,,,,,,,
12144268,2,2,6,6,,,,,,,,,
12144269,0,0,0,3,,,,,,,,,
12144270,0,0,1,2,,,,,,,,,
12144271,2,2,3,6,10,,,,,,,,
12144272,0,0,5,0,,,,,,,,,
12144273,0,0,4,1,,,,,,,,,
12144274,1,1,6,6,2,,,,,,,,
12144275,2,2,6,6,,,,,,,,,
12144276,2,2,6,6,,,,,,,,,
12144277,,,,,,,,,,,,,
12144278,2,2,6,6,,,,,,,,,
12144279,1,1,2,6,12,,,,,,,,
12144280,0,0,6,6,,,,,,,,,
12144281,2,2,6,6,,,,,,,,,
12144282,2,2,3,6,10,,,,,,,,
12144283,2,2,6,6,,,,,,,,,
12144284,0,0,1,0,,,,,,,,,
12144285,2,2,6,7,,,,,,,,,
12144286,0,0,3,1,,,,,,,,,
12144287,2,2,6,6,,,,,,,,,
12144288,0,0,1,2,,,,,,,,,
12144289,2,2,6,6,,,,,,,,,
12144290,2,2,6,6,,,,,,,,,
12144291,2,2,6,6,,,,,,,,,
12144292,0,0,3,2,,,,,,,,,
12144293,0,0,1,0,,,,,,,,,
12144294,2,2,6,6,,,,,,,,,
12144295,0,0,0,0,,,,,,,,,
12144296,,,,,,,,,,,,,
12144297,0,0,1,1,,,,,,,,,
12144298,0,0,0,0,,,,,,,,,
12144299,0,0,0,0,,,,,,,,,
12144300,2,2,6,6,,,,,,,,,
12144301,,,,,,,,,,,,,
12144302,1,1,3,6,7,,,,,,,,
12144303,0,0,2,4,,,,,,,,,
12144304,0,0,4,4,,,,,,,,,
12144305,2,2,7,6,,,,,,,,,
12144306,0,0,4,3,,,,,,,,,
12144307,2,2,6,6,,,,,,,,,
12144309,0,0,4,1,,,,,,,,,
12144310,2,2,6,6,,,,,,,,,
12144311,0,0,1,0,,,,,,,,,
12144315,0,0,1,4,,,,,,,,,
12144316,0,0,6,2,,,,4,,,,,
12144317,2,2,6,7,,,,,7,,,,
12144318,2,2,4,6,6,,,,,,,,
12144319,0,0,0,2,,,,,,,,,
12144324,2,2,7,6,,,,,,,,,
12144325,1,1,2,6,3,,,,,,,,
12144329,0,0,6,1,,,,7,,,,,
12144335,1,1,5,6,4,,,,,,,,
12144336,0,0,3,5,,,,,,,,,
12144357,2,2,6,6,,,,,,,,,
12144358,0,0,1,3,,,,,,,,,
12144359,2,2,7,3,10,,,,,,,,
12144360,0,0,0,0,,,,,,,,,
12144361,0,0,4,6,,,,,,,,,
12144362,0,0,2,3,,,,,,,,,
12144363,2,2,6,6,,,,,,,,,
12144364,1,1,5,6,6,,,,,,,,
12144365,2,2,6,6,,,,,,,,,
12144366,2,2,6,6,,,,,,,,,
12144367,0,0,2,0,,,,,,,,,
12144368,2,2,6,1,10,,,,,,,,
12144369,0,0,0,0,,,,,,,,,
12144370,0,0,0,0,,,,,,,,,
12144371,0,0,5,1,,,,,,,,,
12144372,0,0,2,0,,,,,,,,,
12144373,2,2,1,6,11,,,,,,,,
12144374,0,0,2,3,,,,,,,,,
12144375,0,0,1,4,,,,,,,,,
12144376,2,2,6,6,,,,,,,,,
12144377,2,2,3,7,10,,,,,,,,
12144378,0,0,2,2,,,,,,,,,
12144380,2,2,6,6,,,,,,,,,
12144381,0,0,3,1,,,,,,,,,
12144382,2,2,6,7,,,,,,,,,
12144403,,,,,,,,,,,,,
12144405,,,,,,,,,,,,,
12144410,,,,,,,,,,,,,
12144429,,,,,,,,,,,,,
12144435,2,2,6,6,,,,,,,,,
12144436,2,2,6,6,,,,,,,,,
12144437,0,0,5,3,,,,,,,,,
12144438,0,0,3,3,,,,,,,,,
12144439,2,2,6,6,,,,,,,,,
12144440,2,2,6,2,10,,,,,,,,
12144441,0,0,1,1,,,,,,,,,
12144442,2,2,6,6,,,,,,,,,
12144443,2,2,6,6,,,,,,,,,
12144444,0,0,6,6,,,,,,,,,
12144445,0,0,6,3,,,,,,,,,
12144446,2,2,6,6,,,,,,,,,
12144447,2,2,6,6,10,,,,,,,,
12144448,0,0,2,5,,,,,,,,,
12144449,0,0,2,2,,,,,,,,,
12144450,0,0,1,4,,,,,,,,,
12144451,,,,,,,,,,,,,
12144452,0,0,3,4,,,,,,,,,
12144453,2,2,6,6,,,,,,,,,
12144454,2,2,6,7,,,,,,,,,
12144455,2,2,6,6,,,,,,,,,
12144456,1,1,6,3,3,,,,,,,,
12144457,2,2,6,6,,,,,,,,,
12144458,2,2,6,6,,,,,,,,,
12144459,0,0,3,0,,,,,,,,,
12144460,2,2,6,4,10,,,,,,,,
12144461,2,2,6,6,,,,,,,,,
12144462,0,0,4,2,,,,,,,,,
12144463,2,2,6,6,,,,,,,,,
12144466,2,2,7,6,,,,,,,,,
12144467,1,1,3,6,6,,,,,,,,
12144468,2,2,6,6,,,,,,,,,
12144469,1,1,7,2,9,,,,,,,,
12144470,2,2,3,7,10,,,,,,,,
12144471,2,2,6,6,,,,,,,,,
12144472,0,0,1,1,,,,,,,,,
12144473,2,2,5,7,11,,,,,,,,
12144475,,,,,,,,,,,,,
12144479,2,2,2,6,11,,,,,,,,
12144480,1,1,6,6,7,,,,,,,,
12144481,1,1,6,5,6,,,,,,,,
12144482,0,0,2,0,,,,,,,,,
12144483,0,0,0,2,,,,,,,,,
12144484,0,0,4,5,,,,,,,,,
12144485,0,0,1,4,,,,,,,,,
12144486,2,2,7,6,,,,,,,,,
12144487,0,0,2,1,,,,,,,,,
12144488,0,0,1,1,,,,,,,,,
12144489,0,0,2,1,,,,,,,,,
12144490,2,2,6,6,,,,,,,,,
12144491,0,0,2,1,,,,,,,,,
12144492,0,0,4,0,,,,,,,,,
12144493,2,2,7,7,,,,,,,,,
12144494,2,2,6,6,,,,,,,,,
12144495,1,1,4,6,5,,,,,,,,
12144520,,,,,,,,,,,,,
12144535,2,2,7,5,6,,,7,,,,,
12144536,0,0,5,4,,,,,,,,,
12144537,2,2,6,6,,,,,,,,,
12144538,1,1,7,5,2,,,7,,,,,
12144547,0,0,5,2,,,,,,,,,
12144548,,,,,,,,,,,,,
12144657,,,,,,,,,,,,,
12144674,2,2,6,6,,,,,,,,,
12144830,0,0,4,3,,,,,,,,,
12144831,2,2,7,2,10,,,,,,,,
12144832,0,0,1,0,,,,,,,,,
12144833,2,2,4,6,10,,,,,,,,
12144835,0,0,1,4,,,,,,,,,
12144836,0,0,0,0,,,,,,,,,
12144838,2,2,6,6,,,,,,,,,
12144839,1,1,6,6,5,,,,,,,,
12144840,0,0,3,2,,,,,,,,,
12144841,1,1,6,3,2,,,,,,,,
12144842,0,0,0,1,,,,,,,,,
12144844,,,,,,,,,,,,,
12144848,0,0,1,4,,,,,,,,,
12144849,1,1,6,4,7,,,,,,,,
12144850,2,2,3,7,11,,,,,,,,
12144851,0,0,2,1,,,,,,,,,
12144852,0,0,1,1,,,,,,,,,
12144853,,,,,,,,,,,,,
12144854,2,2,6,6,,,,,,,,,
12144855,0,0,4,6,,,,,,,,,
12144856,0,0,2,3,,,,,,,,,
12144857,,,,,,,,,,,,,
12144858,1,1,6,6,3,,,,,,,,
12144859,1,1,6,4,8,,,,,,,,
12144860,2,2,7,6,,,,,,,,,
12144861,0,0,2,3,,,,,,,,,
12144862,1,1,3,6,7,,,,,,,,
12144863,1,1,7,2,2,,,,,,,,
12144989,0,0,2,0,,,,,,,,,
12144996,0,0,4,1,,,,,,,,,
12145002,2,2,6,6,,,,,,,,,
12145006,,,,,,,,,,,,,
12145014,1,1,3,6,10,,,,,,,,
12145016,2,2,6,6,,,,,,,,,
12145018,0,0,0,1,,,,,,,,,
12145024,0,0,1,2,,,,,,,,,
12145292,2,2,6,6,,,,,,,,,
12145293,1,1,7,3,,,,7,,,,,
12145297,1,1,7,4,1,,,7,,,,,
12145322,0,0,1,3,,,,,,,,,
12145533,0,0,1,1,,,,,,,,,
12145567,0,0,3,2,,,,,,,,,
12146045,2,2,6,7,,,,,,,,,
12146165,2,2,7,7,,,,,,,,,
12147195,2,2,4,6,12,,,,,,,,
12109834,1,1,6,7,1,,,,2,,,,
12109838,0,0,5,3,,,,,,,,,
12109839,1,0,2,5,,,,,,,,,
12109840,3,3,6,7,,,,,,,,,
12109841,2,3,6,3,7,,,,,,,,
12109842,3,3,7,7,,,,,8,,,,
12109847,1,1,1,6,3,,,,,,,,
12109859,3,3,7,7,,,,,,,,,
12109865,3,3,6,6,,,,,,,,,
12109872,3,3,7,6,8,,,4,,8,,,
12109899,0,0,5,2,,,,,,,,,
12109936,0,1,4,6,,,,,5,,,,
12109937,1,2,4,6,5,,,,,,,,
12109938,1,1,2,3,,,,,,,,,
12109940,2,2,7,7,7,,,5,,6,,,
12109941,0,0,3,4,,,,,,,,,
12109944,1,1,2,2,,,,,,,,,
12109945,1,0,4,5,,,,,,,,,
12109947,2,2,0,8,2,,,,7,,,,
12109948,1,0,7,2,,,,3,,,,,
12109949,2,2,7,6,,,,,,,,,
12109950,3,2,7,7,,,,,,,,,
12109955,,,,,,,,,,,,,
12109957,3,2,6,6,,,,,,,,,
12109960,3,2,7,6,,,,,,,,,
12109963,2,3,8,7,,,,,,,,,
12109968,3,2,7,6,,,,,,,,,
12109970,3,2,6,7,,,,,,,,,
12109973,0,0,6,4,,,,8,,,,,
12109975,3,2,6,6,,,,,,,,,
12109978,0,0,3,3,,,,,,,,,
12109979,3,2,6,7,,,,,,,,,
12109980,,,,,,,,,,,,,
12109981,2,2,8,7,,,,,,,,,
12109982,2,2,2,8,4,,,,,,,,
12109983,2,2,6,7,4,,,,,,,,
12109984,2,3,6,6,,,,,,,,,
12109985,2,2,6,8,,,,,,,,,
12110027,0,1,5,6,,,,,,,,,
12110028,3,2,7,7,,,,,,,,,
12110030,1,1,3,6,1,,,,,,,,
12110031,1,1,4,0,,,,,,,,,
12110032,3,2,7,6,8,,,3,,8,,,
12110034,0,1,4,,,,,,,,,,
12110036,3,3,4,7,8,,,,,,,,
12110042,1,2,1,7,4,,,,,,,,
12110044,3,3,5,7,6,,,,,,,,
12110047,3,3,7,3,6,,,,,,,,
12110048,2,2,6,7,,,,,8,,,,
12110049,2,2,2,7,8,,,,,8,,,
12110050,1,2,5,8,2,,,,,,,,
12110052,3,2,6,7,,,,,,,,,
12110055,2,3,7,7,,,,,,,,,
12110061,2,2,7,7,,,,,,,,,
12110067,3,2,3,7,6,,,,,,,,
12110068,2,2,6,3,6,,,,,,,,
12110070,2,1,2,7,1,,,,,,,,
12110073,3,3,6,7,,,,,,,,,
12125049,,,,,,,,,,,,,
12125051,,,,,,,,,,,,,
12125052,,,,,,,,,,,,,
12125057,,,,,,,,,,,,,
12128175,,,,,,,,,,,,,
12139759,3,3,6,7,,,,,,,,,
12139937,1,0,1,5,,,,,,,,,
12140208,3,3,6,6,,,,,,,,,
12140221,2,1,2,6,2,,,,,,,,
12140235,0,1,1,2,,,,,,,,,
12140363,2,2,3,8,2,,,,7,,,,
12140443,2,3,3,8,6,,,,8,,,,
12140446,2,1,5,7,4,,,,,,,,
12140483,3,3,6,7,6,,,,8,,,,
12140515,3,3,6,4,6,,,,,,,,
12140538,1,0,5,2,,,,,,,,,
12140563,0,0,6,5,,,,10,,,,,
12140581,0,1,2,0,,,,,,,,,
12140633,1,1,4,6,,,,,0,,,,
12140693,2,3,7,6,,,,,,,,,
12140696,2,2,5,6,6,,,,,,,,
12140777,1,2,7,7,2,,,,4,,,,
12140882,1,0,2,3,,,,,,,,,
12141158,2,2,7,7,,,,,,,,,
12141743,0,0,5,4,,,,,,,,,
12141787,2,2,6,4,7,,,,,,,,
12141826,2,2,6,7,,,,,,,,,
12142269,2,3,6,6,,,,,,,,,
12142285,2,1,7,2,2,,,8,,,,,
12142888,0,1,1,5,,,,,,,,,
12142890,0,1,2,2,,,,,,,,,
12142891,2,2,4,6,7,,,,,,,,
12142892,3,2,7,7,,,,,,,,,
12142893,1,1,6,6,1,,,,,,,,
12142894,3,2,7,7,,,,,,,,,
12142895,,,,,,,,,,,,,
12142896,1,1,4,3,,,,,,,,,
12142897,2,2,7,6,,,,,,,,,
12142898,2,2,6,7,,,,,,,,,
12142901,1,1,2,2,,,,,,,,,
12142902,2,1,6,2,2,,,,,,,,
12142903,3,2,6,7,,,,,,,,,
12142904,2,3,7,7,,,,,,,,,
12142905,1,1,4,6,,,,,,,,,
12142906,0,1,6,6,,,,,,,,,
12142907,3,3,6,7,10,,,,,,,,
12142908,,,,,,,,,,,,,
12142944,3,3,7,7,,,,,,,,,
12142945,0,1,3,4,,,,,,,,,
12143202,0,1,0,4,,,,,,,,,
12143205,2,2,7,7,,,,,,,,,
12143282,2,1,6,3,6,,,,,8,,,
12143285,3,2,4,7,10,,,,,,,,
12143286,1,1,4,1,,,,,,,,,
12143287,0,1,2,3,,,,,,,,,
12143288,2,3,6,0,11,,,,,,,,
12143289,3,3,7,2,11,,,,,,,,
12143290,2,3,5,6,10,,,,,,,,
12143291,2,2,7,4,11,,,,,,,,
12143292,2,2,6,7,,,,,,,,,
12143293,1,0,0,0,,,,,,,,,
12143294,2,2,6,6,,,,,,,,,
12143295,1,1,3,3,,,,,,,,,
12143296,3,2,7,7,,,,,,,,,
12143297,3,3,6,7,,,,,,,,,
12143298,1,1,0,1,,,,,,,,,
12143299,1,0,0,0,,,,,,,,,
12143300,3,2,6,7,,,,,,,,,
12143301,1,0,1,3,,,,,,,,,
12143302,1,1,1,1,,,,,,,,,
12143303,1,0,0,4,,,,,,,,,
12143304,2,3,7,7,,,,,,,,,
12143305,,,,,,,,,,,,,
12143306,3,3,6,7,,,,,,,,,
12143307,3,3,7,6,,,,,,,,,
12143308,3,3,7,7,,,,,,,,,
12143309,2,2,7,8,,,,,,,,,
12143310,0,1,4,1,,,,,,,,,
12143311,2,3,6,7,,,,,,,,,
12143312,1,0,1,1,,,,,,,,,
12143313,0,1,2,2,,,,,,,,,
12143314,,,,,,,,,,,,,
12143315,2,1,7,6,9,,,,,,,,
12143316,2,2,7,7,,,,,,,,,
12143333,2,2,7,4,6,,,,,,,,
12143336,1,1,2,4,,,,,,,,,
12143337,1,2,4,7,2,,,,,,,,
12143405,0,1,4,6,,,,,4,,,,
12143406,3,2,7,7,,,,,,,,,
12143436,0,0,3,3,,,,,,,,,
12143553,1,1,4,8,5,,,,,,,,
12143554,3,2,7,7,,,,,,,,,
12143555,2,3,3,7,10,,,,,,,,
12143556,0,1,1,2,,,,,,,,,
12143557,2,2,4,7,5,,,,,,,,
12143558,3,3,6,8,,,,,,,,,
12143559,1,1,7,6,4,,,,,,,,
12143560,3,3,6,6,,,,,,,,,
12143561,1,2,4,6,9,,,,,,,,
12143562,0,0,4,2,,,,,,,,,
12143563,0,1,2,3,,,,,,,,,
12143564,0,1,1,2,,,,,,,,,
12143565,1,0,3,4,,,,,,,,,
12143566,3,2,7,6,,,,,,,,,
12143567,0,1,4,2,,,,,,,,,
12143568,1,1,6,3,6,,,,,,,,
12143576,1,1,4,1,,,,,,,,,
12143578,0,0,1,1,,,,,,,,,
12143579,0,0,4,2,,,,,,,,,
12143580,3,2,7,6,,,,,,,,,
12143581,2,2,7,7,,,,,,,,,
12143582,3,2,7,7,,,,,,,,,
12143583,0,0,3,1,,,,,,,,,
12143584,3,3,7,7,,,,,,,,,
12143585,0,1,2,4,,,,,,,,,
12143586,0,0,6,1,,,,,,,,,
12143587,2,3,6,6,,,,,,,,,
12143588,0,1,3,2,,,,,,,,,
12143589,2,2,7,7,,,,,,,,,
12143590,,,,,,,,,,,,,
12143591,0,0,4,3,,,,,,,,,
12143592,1,0,3,7,,,,,,,,,
12143593,1,0,4,2,,,,,,,,,
12143709,0,1,2,3,,,,,,,,,
12143776,3,2,7,7,,,,,,,,,
12143912,0,0,5,5,,,,,,,,,
12143962,0,0,4,2,,,,,,,,,
12144031,1,1,3,6,9,,,,,,,,
12144032,1,1,4,5,,,,,,,,,
12144033,1,0,6,3,,,,,,,,,
12144034,2,2,7,7,,,,,,,,,
12144035,2,3,6,6,,,,,,,,,
12144036,1,2,5,6,10,,,,,,,,
12144037,,,,,,,,,,,,,
12144038,3,3,6,7,,,,,,,,,
12144039,0,0,4,2,,,,,,,,,
12144040,,,,,,,,,,,,,
12144041,3,3,6,7,,,,,,,,,
12144042,1,1,3,1,,,,,,,,,
12144043,1,1,5,3,,,,,,,,,
12144044,2,3,6,6,,,,,,,,,
12144045,1,0,3,3,,,,,,,,,
12144046,3,3,7,6,,,,,,,,,
12144047,2,3,6,8,,,,,,,,,
12144048,3,2,7,7,,,,,,,,,
12144049,0,1,3,1,,,,,,,,,
12144050,2,3,6,6,,,,,,,,,
12144051,,,,,,,,,,,,,
12144052,3,2,6,6,,,,,,,,,
12144053,1,0,4,5,,,,,,,,,
12144054,1,1,7,3,6,,,,,,,,
12144055,0,0,4,2,,,,,,,,,
12144056,3,3,8,6,,,,,,,,,
12144057,1,0,2,5,,,,,,,,,
12144058,1,0,2,4,,,,,,,,,
12144059,1,1,6,3,,,,,,,,,
12144060,1,1,2,5,,,,,,,,,
12144061,0,0,6,6,,,,,,,,,
12144062,2,2,6,6,,,,,,,,,
12144063,2,2,6,7,,,,,,,,,
12144064,,,,,,,,,,,,,
12144065,,,,,,,,,,,,,
12144066,3,2,6,6,,,,,,,,,
12144067,,,,,,,,,,,,,
12144068,2,2,7,6,6,,,,,,,,
12144069,1,1,5,1,,,,,,,,,
12144070,2,1,1,7,4,,,,,,,,
12144071,2,2,6,6,,,,,,,,,
12144072,2,2,7,6,,,,,,,,,
12144073,2,2,7,7,,,,,,,,,
12144074,1,1,4,2,,,,,,,,,
12144075,0,0,0,6,,,,,,,,,
12144076,0,1,3,5,,,,,,,,,
12144077,2,3,6,7,11,,,,,,,,
12144078,,,,,,,,,,,,,
12144079,1,0,4,7,,,,,,,,,
12144080,0,0,1,1,,,,,,,,,
12144081,2,2,7,7,,,,,,,,,
12144082,1,0,3,1,,,,,,,,,
12144083,2,3,7,6,,,,,,,,,
12144084,3,3,7,7,,,,,,,,,
12144085,1,1,2,5,,,,,,,,,
12144086,3,2,7,6,,,,,,,,,
12144087,2,2,7,7,,,,,,,,,
12144088,2,3,6,7,,,,,,,,,
12144089,1,1,3,0,,,,,,,,,
12144090,1,1,2,2,,,,,,,,,
12144091,3,2,7,5,11,,,,,,,,
12144092,,,,,,,,,,,,,
12144093,2,2,8,7,,,,,,,,,
12144094,0,0,1,1,,,,,,,,,
12144095,2,3,7,7,,,,7,,,,,
12144096,2,2,2,8,11,,,,,,,,
12144097,2,2,6,2,11,,,,,,,,
12144098,2,3,7,6,,,,,,,,,
12144099,2,3,4,8,10,,,,,,,,
12144100,1,0,1,5,,,,,,,,,
12144101,2,2,7,8,,,,,,,,,
12144102,1,0,4,1,,,,,,,,,
12144103,2,3,7,7,,,,,,,,,
12144104,1,1,2,1,,,,,,,,,
12144105,3,3,4,8,14,,,,,,,,
12144106,3,3,7,6,,,,,,,,,
12144107,3,2,7,7,,,,,,,,,
12144108,,,,,,,,,,,,,
12144109,0,0,5,2,,,,,,,,,
12144110,2,3,7,6,,,,,,,,,
12144111,2,3,6,7,,,,,,,,,
12144112,2,3,5,7,11,,,,,,,,
12144113,3,3,8,7,,,,,,,,,
12144114,2,1,6,6,4,,,,4,,,,
12144115,0,0,4,4,,,,,,,,,
12144116,,,,,,,,,,,,,
12144117,3,2,7,6,11,,,,,,,,
12144122,,,,,,,,,,,,,
12144123,2,2,7,6,,,,,,,,,
12144124,2,2,7,7,,,,,,,,,
12144125,3,3,7,6,,,,,,,,,
12144126,1,0,5,1,,,,,,,,,
12144127,0,0,2,0,,,,,,,,,
12144128,,,,,,,,,,,,,
12144129,,,,,,,,,,,,,
12144130,3,3,6,7,,,,,,,,,
12144135,3,2,6,7,,,,,,,,,
12144136,,,,,,,,,,,,,
12144137,0,1,0,2,,,,,,,,,
12144138,2,3,7,6,,,,,,,,,
12144139,1,0,1,1,,,,,,,,,
12144140,0,1,0,1,,,,,,,,,
12144141,1,1,3,3,,,,,,,,,
12144142,0,0,2,5,,,,,,,,,
12144143,2,3,6,6,,,,,,,,,
12144144,1,0,0,0,,,,,,,,,
12144145,1,1,2,1,,,,,,,,,
12144146,2,3,7,6,,,,,,,,,
12144147,2,2,7,6,,,,,,,,,
12144148,0,1,1,0,,,,,,,,,
12144149,2,2,6,6,,,,,,,,,
12144150,2,2,7,3,11,,,,,,,,
12144176,3,3,6,6,,,,,,,,,
12144177,3,2,6,6,,,,,,,,,
12144178,2,2,7,8,,,,,,,,,
12144179,2,3,7,7,,,,,,,,,
12144180,1,0,3,3,,,,,,,,,
12144181,3,2,7,6,11,,,,,,,,
12144182,3,2,6,6,,,,,,,,,
12144183,2,3,7,3,10,,,,,,,,
12144184,2,3,6,6,,,,,,,,,
12144185,3,2,7,7,,,,,,,,,
12144186,0,0,1,1,,,,,,,,,
12144187,1,1,6,3,,,,,,,,,
12144188,0,0,2,2,,,,,,,,,
12144189,2,2,6,6,,,,,,,,,
12144190,1,0,5,1,,,,,,,,,
12144191,3,3,6,7,,,,,,,,,
12144201,1,0,4,4,,,,,,,,,
12144202,2,2,6,7,,,,,,,,,
12144203,1,0,6,2,,,,5,,,,,
12144204,0,1,7,1,,,,4,,,,,
12144205,2,1,4,7,4,,,,8,,,,
12144206,0,0,3,2,,,,,,,,,
12144207,2,2,6,7,6,,,3,13,,,,
12144208,1,0,6,2,,,,,,,,,
12144209,0,1,3,5,,,,,,,,,
12144210,1,1,4,5,,,,,,,,,
12144211,1,1,4,3,,,,,,,,,
12144212,2,1,7,6,9,,,3,,,,,
12144213,2,2,6,3,6,,,,,,,,
12144214,2,3,1,7,10,,,,,,,,
12144215,1,1,1,6,6,,,,,,,,
12144216,2,2,6,7,,,,,,,,,
12144217,0,0,5,4,,,,,,,,,
12144218,1,1,2,2,,,,,,,,,
12144219,3,3,6,6,,,,,,,,,
12144220,1,2,6,6,5,,,,,,,,
12144221,3,2,6,6,,,,,,,,,
12144222,1,2,5,7,10,,,,,,,,
12144223,1,1,2,6,4,,,,,,,,
12144224,3,2,8,7,,,,,,,,,
12144225,3,3,1,6,11,,,,,,,,
12144226,0,0,2,0,,,,,,,,,
12144227,1,2,4,7,8,,,,,,,,
12144228,3,3,6,7,,,,,,,,,
12144229,0,0,1,3,,,,,,,,,
12144230,0,0,1,1,,,,,,,,,
12144231,1,2,6,8,8,,,,,,,,
12144232,3,2,8,6,,,,,,,,,
12144233,1,2,7,2,10,,,,,,,,
12144234,3,2,7,2,14,,,,,,,,
12144235,0,1,4,3,,,,,,,,,
12144236,2,2,7,6,,,,,,,,,
12144237,0,0,5,3,,,,,,,,,
12144238,3,2,8,6,,,,,,,,,
12144239,,,,,,,,,,,,,
12144240,3,2,6,6,11,,,,,,,,
12144241,0,1,1,1,,,,,,,,,
12144242,1,1,7,7,8,,,,,,,,
12144243,1,1,3,4,,,,,,,,,
12144244,1,2,6,4,2,,,,,,,,
12144245,3,3,6,6,,,,,,,,,
12144246,3,2,7,8,,,,,,,,,
12144247,1,1,5,3,,,,,,,,,
12144248,2,3,6,6,,,,,,,,,
12144257,2,2,7,7,,,,,,,,,
12144258,0,0,2,6,,,,,,,,,
12144259,3,2,7,7,,,,,,,,,
12144260,2,2,7,7,,,,,,,,,
12144261,1,1,0,0,,,,,,,,,
12144262,1,1,0,0,,,,,,,,,
12144263,2,2,7,6,,,,,,,,,
12144264,0,1,3,5,,,,,,,,,
12144265,0,0,3,3,,,,,,,,,
12144266,0,0,4,1,,,,,,,,,
12144267,2,3,7,6,,,,,,,,,
12144268,2,3,7,6,,,,,,,,,
12144269,1,0,1,3,,,,,,,,,
12144270,1,0,2,2,,,,,,,,,
12144271,3,2,3,6,11,,,,,,,,
12144272,0,0,6,0,,,,,,,,,
12144273,0,1,5,1,,,,,,,,,
12144274,1,1,6,7,2,,,,,,,,
12144275,3,3,6,7,,,,,,,,,
12144276,3,2,7,7,,,,,,,,,
12144277,,,,,,,,,,,,,
12144278,2,2,6,6,,,,,,,,,
12144279,1,2,2,6,12,,,,,,,,
12144280,1,1,7,6,,,,,,,,,
12144281,2,3,7,7,,,,,,,,,
12144282,3,3,4,7,11,,,,,,,,
12144283,3,2,7,7,,,,,,,,,
12144284,0,1,2,0,,,,,,,,,
12144285,2,3,7,8,,,,,,,,,
12144286,1,1,3,1,,,,,,,,,
12144287,3,2,6,6,,,,,,,,,
12144288,1,0,2,2,,,,,,,,,
12144289,3,2,7,7,,,,,,,,,
12144290,3,3,7,7,,,,,,,,,
12144291,3,3,6,7,,,,,,,,,
12144292,0,1,4,3,,,,,,,,,
12144293,1,0,2,0,,,,,,,,,
12144294,2,3,7,6,,,,,,,,,
12144295,0,0,1,0,,,,,,,,,
12144296,,,,,,,,,,,,,
12144297,0,0,2,2,,,,,,,,,
12144298,0,0,0,1,,,,,,,,,
12144299,1,0,1,0,,,,,,,,,
12144300,3,3,7,6,,,,,,,,,
12144301,,,,,,,,,,,,,
12144302,2,1,3,7,8,,,,,,,,
12144303,1,0,3,4,,,,,,,,,
12144304,0,1,4,5,,,,,,,,,
12144305,3,2,8,6,,,,,,,,,
12144306,0,0,4,3,,,,,,,,,
12144307,3,3,6,7,,,,,,,,,
12144309,0,0,4,2,,,,,,,,,
12144310,3,3,6,7,,,,,,,,,
12144311,0,1,1,1,,,,,,,,,
12144315,0,0,1,5,,,,,,,,,
12144316,1,0,7,2,,,,4,,,,,
12144317,3,2,7,8,,,,,8,,,,
12144318,3,2,4,7,7,,,,,,,,
12144319,1,0,0,2,,,,,,,,,
12144324,3,3,7,6,,,,,,,,,
12144325,1,2,3,7,4,,,,,,,,
12144329,0,1,6,1,,,,7,,,,,
12144332,1,2,6,7,5,,,,2,,,,
12144335,2,1,5,6,4,,,,,,,,
12144336,0,0,4,5,,,,,,,,,
12144337,2,2,2,7,7,,,,,5,,,
12144350,3,3,7,6,,,,,,,,,
12144357,2,2,6,6,,,,,,,,,
12144358,1,0,1,3,,,,,,,,,
12144359,2,2,7,4,10,,,,,,,,
12144360,0,0,0,0,,,,,,,,,
12144361,1,1,4,6,,,,,,,,,
12144362,1,0,2,4,,,,,,,,,
12144363,2,2,6,6,,,,,,,,,
12144364,2,2,5,7,6,,,,,,,,
12144365,3,3,6,7,,,,,,,,,
12144366,2,3,6,7,,,,,,,,,
12144367,0,1,2,1,,,,,,,,,
12144368,2,2,7,2,10,,,,,,,,
12144369,0,1,0,1,,,,,,,,,
12144370,0,1,1,0,,,,,,,,,
12144371,0,1,5,1,,,,,,,,,
12144372,0,1,2,1,,,,,,,,,
12144373,3,3,1,7,11,,,,,,,,
12144374,0,1,2,4,,,,,,,,,
12144375,0,1,1,5,,,,,,,,,
12144376,2,2,7,6,,,,,,,,,
12144377,3,2,3,7,10,,,,,,,,
12144378,1,1,3,2,,,,,,,,,
12144380,2,3,6,7,,,,,,,,,
12144381,0,1,3,2,,,,,,,,,
12144382,3,2,7,7,,,,,,,,,
12144386,1,1,6,1,3,,,,,,,,
12144400,1,1,5,4,,,,,,,,,
12144401,3,2,7,6,,,,,,,,,
12144402,1,1,1,1,,,,,,,,,
12144403,0,1,0,2,,,,,,,,,
12144404,1,1,2,1,,,,,,,,,
12144405,0,1,0,0,,,,,,,,,
12144406,2,1,6,4,6,,,,,,,,
12144407,1,0,3,1,,,,,,,,,
12144408,2,2,7,7,,,,,,,,,
12144409,1,0,2,2,,,,,,,,,
12144410,2,2,5,7,5,,,,,,,,
12144411,0,1,0,1,,,,,,,,,
12144412,3,3,7,6,12,,,,,,,,
12144413,1,1,4,2,,,,,,,,,
12144414,3,2,6,6,,,,,,,,,
12144415,1,2,7,3,4,,,,,,,,
12144416,2,3,7,7,,,,,,,,,
12144417,1,1,4,0,,,,,,,,,
12144418,0,1,3,5,,,,,,,,,
12144419,0,0,2,1,,,,,,,,,
12144420,1,1,6,8,9,,,,,,,,
12144421,0,1,4,5,,,,,,,,,
12144422,1,1,0,4,,,,,,,,,
12144423,0,0,1,1,,,,,,,,,
12144424,2,1,7,7,4,,,,,,,,
12144425,3,2,7,6,,,,,,,,,
12144426,3,2,6,7,,,,,,,,,
12144427,2,3,7,6,,,,,,,,,
12144428,,,,,,,,,,,,,
12144429,2,3,7,4,10,,,,,,,,
12144430,,,,,,,,,,,,,
12144431,,,,,,,,,,,,,
12144433,2,2,7,6,6,,,7,,,,,
12144435,3,3,6,6,,,,,,,,,
12144436,2,3,6,7,,,,,,,,,
12144437,0,0,6,4,,,,,,,,,
12144438,1,0,3,3,,,,,,,,,
12144439,3,2,7,6,,,,,,,,,
12144440,3,2,6,2,10,,,,,,,,
12144441,1,0,1,1,,,,,,,,,
12144442,2,2,6,7,,,,,,,,,
12144443,3,3,6,7,,,,,,,,,
12144444,0,0,7,6,,,,,,,,,
12144445,0,1,7,4,,,,,,,,,
12144446,2,2,6,6,,,,,,,,,
12144447,3,3,7,7,11,,,,,,,,
12144448,0,0,2,5,,,,,,,,,
12144449,0,1,2,2,,,,,,,,,
12144450,1,1,1,4,,,,,,,,,
12144451,,,,,,,,,,,,,
12144452,1,1,3,5,,,,,,,,,
12144453,2,3,6,6,,,,,,,,,
12144454,3,3,6,7,,,,,,,,,
12144455,3,2,7,7,,,,,,,,,
12144456,2,2,7,3,3,,,,,,,,
12144457,3,2,6,7,,,,,,,,,
12144458,2,3,7,6,,,,,,,,,
12144459,0,0,3,1,,,,,,,,,
12144460,2,3,6,5,11,,,,,,,,
12144461,3,3,7,6,,,,,,,,,
12144462,0,0,4,3,,,,,,,,,
12144463,2,3,6,7,,,,,,,,,
12144464,0,0,5,7,,,,,,,,,
12144465,3,3,7,6,,,,,,,,,
12144466,2,2,7,7,,,,,,,,,
12144467,2,2,4,6,6,,,,,,,,
12144468,3,3,7,6,,,,,,,,,
12144469,1,1,7,3,9,,,,,,,,
12144470,3,3,4,7,10,,,,,,,,
12144471,2,3,7,6,,,,,,,,,
12144472,0,0,2,1,,,,,,,,,
12144473,3,3,6,7,11,,,,,,,,
12144475,,,,,,,,,,,,,
12144479,3,3,3,7,11,,,,,,,,
12144480,1,1,7,6,8,,,,,,,,
12144481,1,1,7,5,6,,,,,,,,
12144482,0,1,2,0,,,,,,,,,
12144483,1,0,1,2,,,,,,,,,
12144484,1,0,5,6,,,,,,,,,
12144485,0,1,2,4,,,,,,,,,
12144486,3,2,8,7,,,,,,,,,
12144487,0,0,3,2,,,,,,,,,
12144488,0,1,1,1,,,,,,,,,
12144489,1,0,3,2,,,,,,,,,
12144490,3,2,7,6,,,,,,,,,
12144491,1,0,2,1,,,,,,,,,
12144492,0,0,5,0,,,,,,,,,
12144493,2,2,8,7,,,,,,,,,
12144494,2,3,7,6,,,,,,,,,
12144495,1,2,5,7,5,,,,,,,,
12144508,2,1,4,8,4,,,,7,,,,
12144520,,,,,,,,,,,,,
12144535,3,2,7,5,6,,,8,,,,,
12144536,1,0,6,5,,,,,,,,,
12144537,3,3,7,6,,,,,,,,,
12144538,2,2,7,5,2,,,8,,,,,
12144547,0,1,6,3,,,,,,,,,
12144548,,,,,,,,,,,,,
12144561,2,1,7,6,2,,,5,,,,,
12144562,0,1,1,2,,,,,,,,,
12144654,2,3,6,7,,,,,,,,,
12144655,,,,,,,,,,,,,
12144656,2,3,3,7,7,,,,,,,,
12144657,,,,,,,,,,,,,
12144659,2,2,6,8,,,,,8,,,,
12144674,2,3,7,7,,,,,,,,,
12144830,1,1,5,4,,,,,,,,,
12144831,3,3,7,2,10,,,,,,,,
12144832,0,1,1,0,,,,,,,,,
12144833,3,2,5,7,10,,,,,,,,
12144834,2,2,7,4,11,,,,,,,,
12144835,1,0,1,5,,,,,,,,,
12144836,1,0,1,1,,,,,,,,,
12144837,2,2,6,7,,,,,,,,,
12144838,3,2,7,6,,,,,,,,,
12144839,1,2,7,6,5,,,,,,,,
12144840,1,1,4,3,,,,,,,,,
12144841,2,2,6,3,3,,,,,,,,
12144842,1,1,1,2,,,,,,,,,
12144843,,,,,,,,,,,,,
12144844,,,,,,,,,,,,,
12144845,0,1,0,0,,,,,,,,,
12144848,0,0,2,4,,,,,,,,,
12144849,2,1,7,4,8,,,,,,,,
12144850,2,2,3,8,12,,,,,,,,
12144851,0,0,3,1,,,,,,,,,
12144852,1,1,1,2,,,,,,,,,
12144853,,,,,,,,,,,,,
12144854,3,2,6,6,,,,,,,,,
12144855,0,0,4,6,,,,,,,,,
12144856,0,1,3,4,,,,,,,,,
12144857,,,,,,,,,,,,,
12144858,2,1,6,6,3,,,,,,,,
12144859,1,1,6,5,9,,,,,,,,
12144860,3,3,8,6,,,,,,,,,
12144861,0,0,2,3,,,,,,,,,
12144862,2,2,3,7,7,,,,,,,,
12144863,2,1,7,3,3,,,,,,,,
12144986,,,,,,,,,,,,,
12144987,3,2,6,7,,,,,,,,,
12144988,2,2,6,6,,,,,,,,,
12144989,0,1,3,1,,,,,,,,,
12144990,3,2,6,6,,,,,,,,,
12144991,2,2,3,7,10,,,,,,,,
12144992,,,,,,,,,,,,,
12144993,0,1,2,4,,,,,,,,,
12144994,,,,,,,,,,,,,
12144995,2,2,6,6,,,,,,,,,
12144996,0,0,5,1,,,,,,,,,
12144997,2,3,7,7,,,,,,,,,
12144998,3,3,7,7,,,,,,,,,
12144999,3,3,6,7,,,,,,,,,
12145000,,,,,,,,,,,,,
12145001,3,2,7,7,,,,,,,,,
12145002,3,3,7,7,,,,,,,,,
12145003,0,1,0,1,,,,,,,,,
12145004,2,3,7,6,,,,,,,,,
12145005,3,2,6,6,,,,,,,,,
12145006,,,,,,,,,,,,,
12145007,,,,,,,,,,,,,
12145008,,,,,,,,,,,,,
12145009,0,0,5,4,,,,,,,,,
12145010,0,0,3,2,,,,,,,,,
12145011,3,2,7,7,,,,,,,,,
12145012,1,1,2,4,,,,,,,,,
12145013,,,,,,,,,,,,,
12145014,2,2,3,6,11,,,,,,,,
12145015,,,,,,,,,,,,,
12145016,3,2,7,6,,,,,,,,,
12145017,0,0,0,2,,,,,,,,,
12145018,1,1,0,1,,,,,,,,,
12145019,1,0,4,7,,,,,,,,,
12145020,3,3,7,6,,,,,,,,,
12145021,2,2,7,7,,,,,,,,,
12145022,0,1,7,3,,,,,,,,,
12145023,1,0,2,3,,,,,,,,,
12145024,0,0,2,2,,,,,,,,,
12145025,,,,,,,,,,,,,
12145026,3,2,6,7,,,,,,,,,
12145286,0,0,2,4,,,,,,,,,
12145287,3,3,7,7,,,,,,,,,
12145288,0,1,0,2,,,,,,,,,
12145289,1,1,4,,,,,,,,,,
12145290,2,1,5,8,3,,,,7,,,,
12145291,1,2,4,7,5,,,,,,,,
12145292,2,3,6,6,,,,,,,,,
12145293,1,2,7,4,,,,7,,,,,
12145294,3,2,8,7,,,,8,,,,,
12145295,2,2,6,6,,,,,,,,,
12145296,1,1,2,2,,,,,,,,,
12145297,2,1,8,4,1,,,8,,,,,
12145298,,,,,,,,,,,,,
12145299,,,,,,,,,,,,,
12145300,1,0,5,1,,,,,,,,,
12145301,0,1,0,2,,,,,,,,,
12145302,1,0,6,5,,,,,,,,,
12145303,2,3,6,7,,,,,,,,,
12145304,3,2,7,7,,,,,,,,,
12145305,0,1,2,6,,,,,,,,,
12145306,0,1,5,3,,,,,,,,,
12145307,1,1,1,3,,,,,,,,,
12145308,1,0,2,1,,,,,,,,,
12145309,0,1,1,2,,,,,,,,,
12145310,3,2,6,8,,,,,,,,,
12145311,2,2,2,6,8,,,,,,,,
12145312,0,1,3,2,,,,,,,,,
12145313,1,2,3,6,5,,,,,,,,
12145314,3,3,4,6,10,,,,,,,,
12145315,2,3,6,7,,,,,,,,,
12145316,2,3,7,7,,,,,,,,,
12145317,,,,,,,,,,,,,
12145318,3,2,6,8,,,,,,,,,
12145319,1,1,6,5,6,,,,,,,,
12145320,0,1,1,1,,,,,,,,,
12145321,2,3,4,7,11,,,,,,,,
12145322,1,0,1,3,,,,,,,,,
12145385,,,,,,,,,,,,,
12145386,,,1,,,,,,,,,,
12145387,,,,,,,,,,,,,
12145388,1,0,4,2,,,,,,,,,
12145389,,,,,,,,,,,,,
12145390,,,1,,,,,,,,,,
12145393,,,,,,,,,,,,,
12145394,,,,,,,,,,,,,
12145395,2,2,7,7,,,,,,,,,
12145396,3,3,7,6,,,,,,,,,
12145397,1,0,3,5,,,,,,,,,
12145398,1,1,5,6,6,,,,,,,,
12145399,2,2,5,6,6,,,,,,,,
12145400,1,0,4,2,,,,,,,,,
12145437,0,1,2,4,,,,,,,,,
12145438,2,2,7,7,,,,,,,,,
12145478,1,0,2,5,,,,,,,,,
12145480,2,2,6,6,,,,,,,,,
12145488,2,2,5,6,4,,,,,,,,
12145490,0,1,5,1,,,,,,,,,
12145533,0,1,1,1,,,,,,,,,
12145567,0,1,4,2,,,,,,,,,
12145900,1,1,1,1,,,,,,,,,
12145901,2,2,7,4,10,,,,,,,,
12145902,0,1,3,3,,,,,,,,,
12145903,2,3,7,7,,,,,,,,,
12145904,0,0,4,2,,,,,,,,,
12145905,2,2,7,6,10,,,,,,,,
12145906,3,2,8,6,,,,,,,,,
12145907,0,0,3,2,,,,,,,,,
12145908,2,2,7,6,,,,,,,,,
12145909,1,0,3,0,,,,,,,,,
12145910,3,3,6,6,10,,,,,,,,
12145911,1,1,4,1,,,,,,,,,
12145912,3,3,7,6,11,,,,,,,,
12145913,0,0,1,1,,,,,,,,,
12145914,0,0,2,6,,,,,,,,,
12145915,2,2,6,8,,,,,,,,,
12146045,2,2,7,8,,,,,,,,,
12146046,0,0,2,4,,,,,,,,,
12146165,2,2,8,7,,,,,,,,,
12146587,1,1,6,6,,,,,4,,,,
12146723,2,2,6,7,5,,,,6,,,,
12146841,3,3,3,8,13,,,,8,,,,
12146925,3,3,6,7,,,,,,,,,
12146942,3,3,7,6,,,,,,,,,
12146943,0,0,3,3,,,,,,,,,
12146944,0,0,0,4,,,,,,,,,
12146945,1,1,1,3,,,,,,,,,
12146946,1,1,3,8,8,,,,,,,,
12146947,3,2,7,6,,,,,,,,,
12146948,1,0,3,0,,,,,,,,,
12146949,2,2,5,6,10,,,,,,,,
12146950,0,1,2,3,,,,,,,,,
12146951,2,2,6,7,,,,,,,,,
12146952,2,3,6,6,,,,,,,,,
12146953,1,1,4,3,,,,,,,,,
12146954,,,,,,,,,,,,,
12146955,2,3,7,7,,,,,,,,,
12146956,1,1,3,2,,,,,,,,,
12146957,2,2,7,4,10,,,7,,,,,
12146963,2,2,7,2,7,,,,,,,,
12146964,3,2,7,7,,,,,,,,,
12146965,2,3,8,7,,,,,,,,,
12146966,0,1,5,2,,,,,,,,,
12146967,2,3,6,7,,,,,,,,,
12146968,1,2,6,4,10,,,,,,,,
12146969,3,2,4,6,11,,,,,,,,
12146970,2,1,7,2,6,,,,,,,,
12146971,0,0,2,3,,,,,,,,,
12146972,3,3,4,7,10,,,,,,,,
12146973,1,1,3,0,,,,,,,,,
12146974,0,0,5,0,,,,,,,,,
12146975,1,0,6,4,,,,,,,,,
12146976,1,1,2,3,,,,,,,,,
12146977,1,1,1,3,,,,,,,,,
12146978,2,3,4,7,10,,,,,,,,
12147043,3,3,6,7,,,,,,,,,
12147060,2,2,2,6,6,,,,,,,,
12147062,2,3,7,7,,,,,,,,,
12147092,2,2,7,2,7,,,11,,,,,
12147093,1,1,2,6,,,,,5,,,,
12147102,1,2,8,5,9,,,7,,,,,
12147142,2,3,3,7,12,,,,,,,,
12147195,3,2,4,7,12,,,,,,,,
12147207,1,2,6,1,5,,,,,,,,
12147208,0,0,5,5,,,,,,,,,
12147209,1,1,4,1,,,,,,,,,
12147210,3,2,7,6,,,,,,,,,
12147211,2,3,6,6,,,,,,,,,
12147212,2,2,7,6,,,,,,,,,
12147213,2,3,6,7,,,,,,,,,
12147214,3,3,6,6,,,,,,,,,
12147215,,,,,,,,,,,,,
12147216,2,3,8,5,10,,,,,,,,
12147217,1,0,2,2,,,,,,,,,
12147218,1,0,4,3,,,,,,,,,
12147219,3,2,6,8,,,,,,,,,
12147220,0,0,3,2,,,,,,,,,
12147221,,,,,,,,,,,,,
12147222,1,1,1,1,,,,,,,,,
12147223,1,0,2,1,,,,,,,,,
12147249,1,0,6,2,,,,2,,,,,
12147250,1,1,6,7,9,,,,4,,,,
12147251,0,1,6,3,,,,,,,,,
12147252,1,1,2,0,,,,,,,,,
12147253,1,1,3,2,,,,,,,,,
12147254,3,3,6,6,,,,,,,,,
12147255,3,2,6,7,,,,,,,,,
12147256,3,3,7,6,,,,,,,,,
12147257,3,2,7,6,,,,,,,,,
12147258,3,3,6,7,,,,,,,,,
12147259,1,1,2,6,,,,,5,,,,
12147260,3,2,7,8,,,,8,8,,,,
12147261,0,0,3,2,,,,,,,,,
12147262,1,1,2,6,7,,,,,,,,
12147263,1,1,2,3,,,,,,,,,
12147264,1,1,2,2,,,,,,,,,
12147265,0,1,3,0,,,,,,,,,
12147266,0,1,3,3,,,,,,,,,
12147267,3,3,7,3,11,,,7,,,,,
12147268,1,0,3,3,,,,,,,,,
12147269,0,0,2,6,,,,,,,,,
12147270,1,2,4,6,3,,,,,,,,
12147271,2,2,4,7,5,,,,,,,,
12147272,1,1,2,5,,,,,,,,,
12147273,0,0,2,1,,,,,,,,,
12147274,2,3,6,6,,,,,,,,,
12147275,2,3,7,7,,,,,,,,,
12147276,2,1,4,6,5,,,,,,,,
12147277,3,2,6,6,10,,,,,,,,
12147278,3,3,7,6,,,,,,,,,
12147279,2,2,6,6,,,,,,,,,
12147280,0,0,5,2,,,,,,,,,
12147281,0,0,1,6,,,,,7,,,,
12147282,3,3,6,7,,,,,,,,,
12147283,2,3,6,7,11,,,,,,,,
12147284,2,3,6,6,,,,,,,,,
12147285,0,1,4,1,,,,,,,,,
12147286,1,1,2,3,,,,,,,,,
12147287,3,2,5,8,10,,,,,,,,
12147288,2,2,4,7,11,,,,8,,,,
12147289,2,3,3,6,11,,,,,,,,
12147290,2,2,6,8,,,,,7,,,,
12147291,2,3,7,6,,,,,,,,,
12147292,0,0,2,6,,,,,,,,,
12147293,3,2,7,6,,,,,,,,,
12147307,3,2,7,8,7,,,6,8,,,,
12147365,2,1,7,4,7,,,,,,,,
12147366,2,3,6,6,,,,,,,,,
12147367,0,1,5,3,,,,,,,,,
12147368,1,0,7,1,,,,3,,,,,
12147371,3,2,6,6,,,,,,,,,
12147373,3,2,7,7,,,,,,,,,
12147379,2,2,3,6,8,,,,,,,,
12147380,3,3,7,7,,,,,,,,,
12147382,1,1,5,3,,,,,,,,,
12147383,2,3,6,6,,,,,,,,,
12147384,3,3,7,7,10,,,3,,,,,
12147385,0,1,6,5,,,,,,,,,
12147386,3,2,7,6,,,,,,,,,
12147387,0,1,2,2,,,,,,,,,
12147388,3,2,8,8,,,,,,,,,
12147389,0,0,0,2,,,,,,,,,
12147396,1,2,6,7,8,,,8,,,,,
12147410,2,2,8,6,,,,,,,,,
12147411,2,2,7,7,,,,,7,,,,
12147412,0,1,2,2,,,,,,,,,
12147413,2,3,6,7,,,,,,,,,
12147414,3,3,7,7,,,,,,,,,
12147415,3,3,8,4,7,,,9,,,,,
12147416,1,1,5,6,3,,,,,,,,
12147424,1,1,3,1,,,,,,,,,
12147425,2,3,5,7,10,,,,,,,,
12147426,1,0,1,4,,,,,,,,,
12147427,2,3,6,6,,,,,,,,,
12147428,3,3,7,6,,,,,,,,,
12147429,2,2,5,7,7,,,,,,,,
12147430,2,2,4,7,6,,,,,,,,
12147480,3,3,6,6,,,,,,,,,
12147481,0,1,2,7,,,,,,,,,
12147482,3,3,5,7,11,,,,,,,,
12147483,1,1,2,3,,,,,,,,,
12147484,1,1,5,2,,,,,,,,,
12147485,3,3,7,7,,,,,,,,,
12147486,0,1,5,2,,,,,,,,,
12147487,3,3,6,7,,,,,,,,,
12147488,0,0,2,3,,,,,,,,,
12147489,0,0,6,3,,,,,,,,,
12147490,3,2,4,7,10,,,,,,,,
12147491,0,1,4,5,,,,,,,,,
12147492,2,2,4,7,5,,,,,,,,
12147493,,,,,,,,,,,,,
12147494,1,1,5,7,5,,,,,,,,
12147495,0,1,3,1,,,,,,,,,
12147501,0,1,3,3,,,,,,,,,
12147502,2,3,7,8,,,,,8,,,,
12147507,2,2,7,6,,,,,,,,,
12147531,3,3,7,2,11,,,,,,,,
12147558,2,3,6,7,,,,,,,,,
12147559,3,3,6,7,,,,,,,,,
12147560,0,1,2,4,,,,,,,,,
12147561,1,1,6,5,,,,,,,,,
12147562,1,1,8,7,6,,,,2,,,,
12147563,3,3,7,7,,,,,,,,,
12147564,2,2,6,4,10,,,,,,,,
12147565,3,3,6,7,,,,,,,,,
12147566,2,3,8,6,,,,,,,,,
12147567,0,1,6,1,,,,,,,,,
12147568,0,1,3,3,,,,,,,,,
12147569,0,1,2,3,,,,,,,,,
12147570,2,1,6,3,3,,,,,,,,
12147571,1,1,3,3,,,,,,,,,
12147572,1,1,6,6,7,,,,,,,,
12147573,2,3,7,6,,,,,,,,,
12147574,0,0,7,5,,,,3,,,,,
12147575,0,0,1,2,,,,,,,,,
12147576,3,3,7,8,,,,,,,,,
12147577,0,1,6,3,,,,,,,,,
12147578,3,2,6,1,10,,,,,,,,
12147579,0,0,4,3,,,,,,,,,
12147580,,,2,,,,,,,,,,
12147581,1,0,0,0,,,,,,,,,
12147582,2,2,6,7,,,,,,,,,
12147583,,,,,,,,,,,,,
12147584,2,3,7,6,,,,,,,,,
12147585,0,1,3,1,,,,,,,,,
12147586,3,2,7,7,,,,,,,,,
12147587,3,2,7,6,,,,,,,,,
12147588,2,2,7,7,,,,,,,,,
12147589,0,1,4,5,,,,,,,,,
12147590,,,,,,,,,,,,,
12147591,3,2,6,6,,,,,,,,,
12147592,2,3,6,6,,,,,,,,,
12147593,3,2,7,6,,,,,,,,,
12147594,1,1,3,2,,,,,,,,,
12147595,2,2,7,5,13,,,,,,,,
12147596,1,0,1,6,,,,,,,,,
12147597,1,2,8,6,5,,,,,,,,
12147598,3,3,7,7,,,,,,,,,
12147599,0,0,3,3,,,,,,,,,
12147600,3,2,6,6,,,,,,,,,
12147601,2,2,7,5,10,,,,,,,,
12147602,1,0,4,4,,,,,,,,,
12147603,1,1,4,1,,,,,,,,,
12147604,3,3,7,2,10,,,,,,,,
12147605,0,0,1,4,,,,,,,,,
12147606,1,1,5,2,,,,,,,,,
12147607,2,2,3,6,10,,,,,,,,
12147608,0,1,3,5,,,,,,,,,
12147609,2,2,7,4,10,,,,,,,,
12147610,3,3,7,7,,,,,,,,,
12147611,1,2,6,4,6,,,,,,,,
12147612,1,0,5,1,,,,,,,,,
12147615,1,1,1,4,,,,,,,,,
12147616,3,2,7,6,,,,,,,,,
12147618,2,3,7,7,11,,,,3,,,,
12147619,1,1,7,6,8,,,,6,,,,
12147620,1,1,2,4,,,,,,,,,
12147622,3,2,7,4,7,,,,,,,,
12147624,2,2,7,7,,,,,,,,,
12147642,2,3,7,6,,,,,,,,,
12147643,0,1,3,3,,,,,,,,,
12147644,0,1,2,0,,,,,,,,,
12147645,2,3,7,7,,,,,,,,,
12147646,2,2,7,6,,,,,,,,,
12147647,0,1,3,2,,,,,,,,,
12147648,2,3,6,7,,,,,,,,,
12147649,1,2,2,7,8,,,,,,,,
12147651,1,1,6,1,,,,,,,,,
12147652,0,1,5,2,,,,,,,,,
12147653,2,2,5,7,11,,,,,,,,
12147655,2,3,6,6,,,,,,,,,
12147663,0,1,3,5,,,,,,,,,
12147665,0,0,4,5,,,,,,,,,
12147666,3,3,7,7,,,,,,,,,
12147668,2,3,6,7,,,,,,,,,
12147669,3,3,6,6,,,,,,,,,
12147670,0,1,0,0,,,,,,,,,
12147671,1,2,4,7,8,,,,,,,,
12147672,1,2,7,5,4,,,,,,,,
12147673,1,1,1,1,,,,,,,,,
12147674,2,2,5,6,12,,,,,,,,
12147675,1,0,1,3,,,,,,,,,
12147676,1,0,4,4,,,,,,,,,
12147677,3,2,7,7,,,,,,,,,
12147678,0,1,4,3,,,,,,,,,
12147679,3,3,3,7,13,,,,,,,,
12147680,2,3,8,6,,,,,,,,,
12147681,0,0,2,0,,,,,,,,,
12147682,3,2,6,6,,,,,,,,,
12147683,0,1,1,1,,,,,,,,,
12147690,1,1,0,7,,,,,,,,,
12147691,3,3,6,6,11,,,,,,,,
12147692,3,3,7,7,,,,,,,,,
12147693,0,0,4,4,,,,,,,,,
12147695,3,2,7,6,,,,,,,,,
12147696,2,3,6,7,,,,,,,,,
12147697,0,1,5,2,,,,,,,,,
12147698,2,2,6,7,,,,,,,,,
12147699,1,1,1,1,,,,,,,,,
12147700,2,2,6,6,,,,,,,,,
12147701,2,2,7,6,,,,,,,,,
12147706,3,3,4,7,11,,,,,,,,
12147709,1,1,1,1,,,,,,,,,
12147710,0,0,2,2,,,,,,,,,
12147711,2,2,6,7,,,,,,,,,
12147712,0,1,1,1,,,,,,,,,
12147713,1,0,3,5,,,,,,,,,
12147714,0,1,1,2,,,,,,,,,
12147715,1,1,5,2,,,,,,,,,
12147716,3,3,7,2,11,,,,,,,,
12147717,3,3,7,2,10,,,,,,,,
12147718,3,2,6,7,,,,,,,,,
12147719,0,0,4,0,,,,,,,,,
12147720,2,3,6,6,,,,,,,,,
12147721,2,1,4,8,9,,,,,,,,
12147722,1,0,1,1,,,,,,,,,
12147723,0,0,5,1,,,,,,,,,
12147724,1,1,2,4,,,,,,,,,
12147727,2,3,7,7,,,,,,,,,
12147730,0,0,6,7,,,,,5,,,,
12147732,2,2,7,3,3,,,,,,,,
12147734,0,0,5,1,,,,,,,,,
12147735,1,1,5,2,,,,,,,,,
12147736,3,3,7,7,,,,,,,,,
12147737,2,3,6,7,,,,,,,,,
12147739,3,3,6,6,,,,,,,,,
12147740,2,2,6,7,,,,,,,,,
12147741,1,1,3,2,,,,,,,,,
12147742,,,,,,,,,,,,,
12147744,3,2,3,7,11,,,,,,,,
12147768,2,3,7,3,8,,,7,,7,,,
12147770,2,2,8,6,,,,8,,,,,
12147771,1,1,1,1,,,,,,,,,
12147772,3,3,6,7,,,,,,,,,
12147773,3,2,6,6,,,,,,,,,
12147774,2,2,6,6,,,,,,,,,
12147775,3,2,6,6,,,,,,,,,
12147776,2,2,6,8,11,,,,11,,,,
12147777,0,1,4,2,,,,,,,,,
12147778,1,1,3,2,,,,,,,,,
12147779,0,0,4,0,,,,,,,,,
12147780,3,3,7,7,,,,,,,,,
12147781,1,1,3,5,,,,,,,,,
12147789,1,1,3,4,,,,,,,,,
12147790,1,1,5,8,7,,,,8,5,,,
12147791,1,0,5,5,,,,,,,,,
12147820,2,1,3,7,1,,,,,,,,
12147856,1,1,3,5,,,,,,,,,
12147895,0,0,2,3,,,,,,,,,
12147896,1,1,3,3,,,,,,,,,
12147897,1,1,3,2,,,,,,,,,
12147905,3,3,6,6,,,,,,,,,
12147918,1,2,4,8,8,,,,7,,,,
12147922,2,2,7,4,7,,,,,,,,
12147923,1,2,6,6,10,,,,,,,,
12147924,0,0,3,1,,,,,,,,,
12147925,2,1,6,4,4,,,,,,,,
12147927,3,3,7,7,,,,,,,,,
12147929,1,1,2,1,,,,,,,,,
12147930,0,0,2,2,,,,,,,,,
12147931,2,2,7,6,,,,,,,,,
12147932,1,0,2,5,,,,,,,,,
12147934,3,3,6,7,,,,,,,,,
12147935,,,,,,,,,,,,,
12147937,3,3,7,3,10,,,,,,,,
12148000,0,1,3,4,,,,,,,,,
12148043,1,2,6,5,9,,,,,,,,
12148054,0,0,3,0,,,,,,,,,
12148114,1,1,2,5,,,,,,,,,
12148126,3,3,6,7,,,,,,,,,
12148127,1,2,3,7,2,,,,,,,,
12148132,2,2,6,6,,,,,,,,,
12148135,3,3,7,6,,,,,,,,,
12148137,3,3,7,5,11,,,,,,,,
12148146,,,,,,,,,,,,,
12148149,1,1,6,2,,,,,,,,,
12148156,2,2,6,7,,,,,,,,,
12148208,2,1,6,,,,,,,,,,
12148209,0,1,2,1,,,,,,,,,
12148211,0,1,2,1,,,,,,,,,
12148300,0,0,1,1,,,,,,,,,
12148301,1,1,1,1,,,,,,,,,
12148302,2,2,7,7,,,,,,,,,
12148303,3,3,7,6,,,,,,,,,
12148304,2,2,7,7,,,,,,,,,
12148305,0,0,5,1,,,,,,,,,
12148306,1,0,2,3,,,,,,,,,
12148307,2,2,6,7,,,,,,,,,
12148308,3,3,6,7,,,,,,,,,
12148309,1,0,0,1,,,,,,,,,
12148310,3,2,8,7,,,,,,,,,
12148311,0,1,2,4,,,,,,,,,
12148312,3,2,8,6,,,,,,,,,
12148313,0,0,5,1,,,,,,,,,
12148314,0,1,2,2,,,,,,,,,
12148315,1,0,3,4,,,,,,,,,
12148329,1,0,6,3,,,,,,,,,
12148330,0,0,2,1,,,,,,,,,
12148331,2,3,4,6,11,,,,,,,,
12148627,3,3,6,6,,,,,,,,,
12148640,0,1,5,3,,,,,,,,,
12148850,0,0,3,2,,,,,,,,,
12148873,3,3,7,7,,,,,,,,,
12148934,0,0,1,2,,,,,,,,,
12148943,2,3,7,8,,,,,,,,,
12148944,2,3,1,8,10,,,,,,,,
12148945,1,1,2,2,,,,,,,,,
12148992,2,1,2,6,6,,,,,,,,
12149324,2,3,6,7,,,,,,,,,
12149448,3,3,6,5,10,,,,,,,,
12149488,2,2,7,5,9,,,7,,,,,
12149578,3,3,7,7,,,,,,,,,
12149579,0,1,6,2,,,,,,,,,
12149580,0,1,3,1,,,,,,,,,
12149620,0,0,0,4,,,,,,,,,
12149621,1,2,7,8,11,,,4,8,,,,
12149653,3,2,7,7,,,,,,,,,
12149654,1,0,0,2,,,,,,,,,
12149655,2,3,6,6,,,,,,,,,
12149694,2,2,4,7,11,,,,,,,,
12149704,2,2,7,6,11,,,,,,,,
12149705,3,2,4,7,11,,,,,,,,
12149766,1,0,4,5,,,,,,,,,
12149767,0,1,1,2,,,,,,,,,
12149893,0,1,2,,,,,,,,,,
12149913,3,3,7,7,,,,,,,,,
12149914,1,2,7,4,5,,,,,,,,
12149915,1,0,5,1,,,,,,,,,
12150662,2,2,4,8,9,,,,8,,,,
12109838,0,1,5,2,,,,,,,,,
12109872,2,2,7,7,8,,,5,,8,,,
12109939,2,3,6,4,7,,,,,,,,
12109940,1,2,6,6,6,,,6,,5,,,
12109943,3,2,6,7,7,,,5,7,,,,
12109949,3,3,6,6,,,,,,,,,
12109950,3,2,6,6,,,,,,,,,
12109954,1,1,5,4,,,,,,,,,
12109959,0,0,2,5,,,,,,,,,
12109960,2,2,7,6,,,,,,,,,
12109961,3,2,7,8,,,,,8,,,,
12109968,3,3,8,7,,,,,,,,,
12109970,2,3,7,6,,,,,,,,,
12109973,1,0,7,3,,,,8,,,,,
12109974,3,2,6,6,,,,,,,,,
12109975,2,3,6,7,,,,,,,,,
12109976,1,1,3,2,,,,,,,,,
12109977,1,1,4,7,4,,,,,,,,
12110027,0,0,5,5,,,,,,,,,
12110028,2,3,6,7,,,,,,,,,
12110031,1,1,5,1,,,,,,,,,
12110057,3,3,6,8,,,,,,,,,
12110059,2,2,6,5,7,,,,,,,,
12110060,2,2,6,7,,,,,,,,,
12110062,2,2,7,6,,,,,,,,,
12110063,3,3,6,8,,,,,7,,,,
12110064,2,2,2,7,7,,,,,,,,
12110065,,,,,,,,,,,,,
12110066,3,2,7,7,,,,,,,,,
12110067,3,2,3,6,6,,,,,,,,
12110068,3,2,7,3,7,,,,,,,,
12110070,2,2,3,7,1,,,,,,,,
12110073,2,2,7,7,,,,,,,,,
12110076,2,2,6,5,6,,,,,3,,,
12143912,1,0,5,5,,,,,,,,,
12143962,1,0,3,2,,,,,,,,,
12144038,3,3,6,7,,,,,,,,,
12144045,1,1,2,3,,,,,,,,,
12144049,1,0,4,1,,,,,,,,,
12144055,0,1,4,1,,,,,,,,,
12144061,0,1,6,6,,,,,,,,,
12144076,1,0,2,5,,,,,,,,,
12144081,2,2,7,6,,,,,,,,,
12144088,2,3,6,7,,,,,,,,,
12144146,3,3,7,6,,,,,,,,,
12144176,2,3,6,7,,,,,,,,,
12144179,3,3,7,6,,,,,,,,,
12144183,2,2,7,3,11,,,,,,,,
12144185,3,3,6,7,,,,,,,,,
12144187,0,1,5,3,,,,,,,,,
12144189,2,3,7,7,,,,,,,,,
12144190,1,0,6,2,,,,,,,,,
12144201,1,0,4,4,,,,,,,,,
12144202,3,3,7,7,,,,,,,,,
12144203,0,0,6,2,,,,5,,,,,
12144204,0,1,6,2,,,,3,,,,,
12144205,2,2,5,8,4,,,,8,,,,
12144206,0,1,3,2,,,,,,,,,
12144208,0,1,5,3,,,,,,,,,
12144210,1,0,5,4,,,,,,,,,
12144211,1,0,4,3,,,,,,,,,
12144213,1,1,7,2,6,,,,,,,,
12144214,3,2,1,7,11,,,,,,,,
12144216,3,3,7,8,,,,,,,,,
12144217,1,0,5,5,,,,,,,,,
12144219,2,2,7,7,,,,,,,,,
12144221,3,2,7,6,,,,,,,,,
12144222,2,2,5,6,9,,,,,,,,
12144223,1,2,3,7,5,,,,,,,,
12144224,3,3,7,7,,,,,,,,,
12144226,0,1,2,1,,,,,,,,,
12144227,1,2,4,6,8,,,,,,,,
12144228,3,2,7,7,,,,,,,,,
12144229,0,1,2,3,,,,,,,,,
12144230,1,0,1,1,,,,,,,,,
12144231,2,1,5,8,8,,,,,,,,
12144233,2,1,7,2,9,,,,,,,,
12144234,3,2,7,1,14,,,,,,,,
12144235,0,0,4,4,,,,,,,,,
12144236,3,2,7,6,,,,,,,,,
12144237,0,1,5,3,,,,,,,,,
12144238,2,3,8,6,,,,,,,,,
12144240,2,2,5,6,10,,,,,,,,
12144241,0,1,0,1,,,,,,,,,
12144242,1,2,7,7,8,,,,,,,,
12144243,0,1,4,5,,,,,,,,,
12144245,3,2,6,7,,,,,,,,,
12144246,3,2,7,7,,,,,,,,,
12144247,1,0,5,2,,,,,,,,,
12144248,2,3,6,6,,,,,,,,,
12144259,2,2,7,7,,,,,,,,,
12144260,2,3,6,6,,,,,,,,,
12144263,2,2,8,6,,,,,,,,,
12144266,0,1,4,1,,,,,,,,,
12144276,3,3,6,7,,,,,,,,,
12144297,1,0,2,1,,,,,,,,,
12144307,2,2,6,6,,,,,,,,,
12144324,3,2,7,6,,,,,,,,,
12144325,2,2,2,7,4,,,,,,,,
12144329,0,1,7,1,,,,7,,,,,
12144332,2,1,7,6,4,,,,2,,,,
12144336,0,1,4,6,,,,,,,,,
12144337,2,2,2,8,6,,,,,5,,,
12144350,3,3,7,7,,,,,,,,,
12144386,2,1,7,1,3,,,,,,,,
12144400,1,0,5,3,,,,,,,,,
12144401,3,3,6,6,,,,,,,,,
12144402,1,1,1,1,,,,,,,,,
12144403,0,1,0,2,,,,,,,,,
12144404,0,1,2,1,,,,,,,,,
12144405,1,0,1,0,,,,,,,,,
12144406,1,2,6,5,6,,,,,,,,
12144407,0,0,4,1,,,,,,,,,
12144408,3,3,6,7,,,,,,,,,
12144409,1,0,2,2,,,,,,,,,
12144410,1,2,4,6,5,,,,,,,,
12144411,1,0,1,0,,,,,,,,,
12144412,3,3,6,6,12,,,,,,,,
12144413,1,1,4,2,,,,,,,,,
12144414,2,3,7,7,,,,,,,,,
12144415,2,1,6,3,4,,,,,,,,
12144416,3,3,7,6,,,,,,,,,
12144417,0,1,4,1,,,,,,,,,
12144418,1,1,3,5,,,,,,,,,
12144419,0,0,2,1,,,,,,,,,
12144420,2,2,5,7,9,,,,,,,,
12144421,1,0,3,4,,,,,,,,,
12144422,0,0,0,3,,,,,,,,,
12144423,0,0,2,1,,,,,,,,,
12144424,2,1,7,6,3,,,,,,,,
12144425,2,3,6,6,,,,,,,,,
12144426,3,3,7,6,,,,,,,,,
12144427,3,2,6,6,,,,,,,,,
12144428,,,,,,,,,,,,,
12144429,3,2,6,4,11,,,,,,,,
12144430,,,,,,,,,,,,,
12144431,,,,,,,,,,,,,
12144433,2,3,6,7,6,,,7,,,,,
12144464,0,1,4,7,,,,,,,,,
12144465,3,2,6,7,,,,,,,,,
12144508,2,2,4,8,3,,,,7,,,,
12144547,0,0,5,2,,,,,,,,,
12144561,2,1,7,6,3,,,5,,,,,
12144562,1,1,1,3,,,,,,,,,
12144654,2,3,7,7,,,,,,,,,
12144655,,,,,,,,,,,,,
12144656,3,3,3,6,7,,,,,,,,
12144659,2,2,6,7,,,,,7,,,,
12144830,1,0,5,3,,,,,,,,,
12144831,3,3,8,2,10,,,,,,,,
12144832,0,1,1,0,,,,,,,,,
12144833,3,2,4,7,10,,,,,,,,
12144834,2,2,6,5,10,,,,,,,,
12144835,0,0,1,4,,,,,,,,,
12144836,1,1,1,0,,,,,,,,,
12144837,2,2,7,7,,,,,,,,,
12144838,3,2,7,6,,,,,,,,,
12144839,2,2,7,6,6,,,,,,,,
12144840,0,0,3,3,,,,,,,,,
12144841,2,2,7,4,3,,,,,,,,
12144842,0,1,1,1,,,,,,,,,
12144843,,,,,,,,,,,,,
12144844,,,,,,,,,,,,,
12144845,1,1,0,0,,,,,,,,,
12144848,1,0,1,5,,,,,,,,,
12144849,2,1,6,4,8,,,,,,,,
12144850,2,3,4,8,11,,,,,,,,
12144851,0,1,3,2,,,,,,,,,
12144852,0,1,1,2,,,,,,,,,
12144853,,,,,,,,,,,,,
12144854,2,2,7,7,,,,,,,,,
12144855,0,0,5,7,,,,,,,,,
12144856,1,0,3,3,,,,,,,,,
12144857,,,,,,,,,,,,,
12144858,2,2,6,7,4,,,,,,,,
12144859,2,1,6,4,9,,,,,,,,
12144860,3,3,8,7,,,,,,,,,
12144861,0,0,2,3,,,,,,,,,
12144862,2,1,4,6,7,,,,,,,,
12144863,1,2,8,3,2,,,,,,,,
12144986,,,,,,,,,,,,,
12144987,2,2,6,6,,,,,,,,,
12144988,3,2,7,6,,,,,,,,,
12144989,0,1,2,0,,,,,,,,,
12144990,2,2,6,6,,,,,,,,,
12144991,2,2,3,7,11,,,,,,,,
12144992,,,,,,,,,,,,,
12144993,1,1,3,5,,,,,,,,,
12144994,,,,,,,,,,,,,
12144995,2,2,6,6,,,,,,,,,
12144996,0,1,4,1,,,,,,,,,
12144997,2,3,6,6,,,,,,,,,
12144998,3,3,7,6,,,,,,,,,
12144999,3,3,7,7,,,,,,,,,
12145000,,,,,,,,,,,,,
12145001,2,3,7,6,,,,,,,,,
12145002,3,2,7,7,,,,,,,,,
12145003,0,0,0,0,,,,,,,,,
12145004,3,3,6,7,,,,,,,,,
12145005,3,2,6,7,,,,,,,,,
12145006,,,,,,,,,,,,,
12145007,,,,,,,,,,,,,
12145008,,,,,,,,,,,,,
12145009,0,0,5,5,,,,,,,,,
12145010,0,1,2,2,,,,,,,,,
12145011,3,2,6,6,,,,,,,,,
12145012,0,1,2,4,,,,,,,,,
12145013,,,,,,,,,,,,,
12145014,2,1,3,6,11,,,,,,,,
12145015,,,,,,,,,,,,,
12145016,3,2,7,7,,,,,,,,,
12145017,0,1,1,3,,,,,,,,,
12145018,1,1,1,1,,,,,,,,,
12145019,1,0,5,6,,,,,,,,,
12145020,2,2,7,6,,,,,,,,,
12145021,2,3,7,7,,,,,,,,,
12145022,0,0,7,4,,,,,,,,,
12145023,0,1,2,2,,,,,,,,,
12145024,0,0,2,2,,,,,,,,,
12145025,,,,,,,,,,,,,
12145026,3,2,6,6,,,,,,,,,
12145286,0,1,2,5,,,,,,,,,
12145287,2,2,6,6,,,,,,,,,
12145288,1,1,1,2,,,,,,,,,
12145289,0,0,3,,,,,,,,,,
12145290,1,2,4,7,3,,,,7,,,,
12145291,2,1,4,7,5,,,,,,,,
12145292,2,2,6,6,,,,,,,,,
12145293,2,1,7,3,,,,7,,,,,
12145294,3,3,8,6,,,,7,,,,,
12145295,3,2,7,6,,,,,,,,,
12145296,1,1,1,2,,,,,,,,,
12145297,1,1,7,5,2,,,7,,,,,
12145298,,,,,,,,,,,,,
12145299,,,,,,,,,,,,,
12145300,1,0,4,1,,,,,,,,,
12145301,0,1,0,2,,,,,,,,,
12145302,0,0,7,6,,,,,,,,,
12145303,2,2,6,7,,,,,,,,,
12145304,3,2,7,6,,,,,,,,,
12145305,0,0,3,7,,,,,,,,,
12145306,1,1,4,3,,,,,,,,,
12145307,0,1,1,3,,,,,,,,,
12145308,1,1,1,1,,,,,,,,,
12145309,1,1,1,2,,,,,,,,,
12145310,2,2,7,8,,,,,,,,,
12145311,1,1,2,7,8,,,,,,,,
12145312,1,1,3,3,,,,,,,,,
12145313,2,2,4,7,5,,,,,,,,
12145314,2,3,4,6,10,,,,,,,,
12145315,3,2,7,7,,,,,,,,,
12145316,2,2,6,6,,,,,,,,,
12145317,,,,,,,,,,,,,
12145318,2,3,6,7,,,,,,,,,
12145319,1,2,7,4,7,,,,,,,,
12145320,0,0,1,2,,,,,,,,,
12145321,2,3,4,6,10,,,,,,,,
12145385,,,,,,,,,,,,,
12145386,,,0,,,,,,,,,,
12145387,,,,,,,,,,,,,
12145388,1,0,5,2,,,,,,,,,
12145389,,,,,,,,,,,,,
12145390,,,1,,,,,,,,,,
12145393,,,,,,,,,,,,,
12145394,,,,,,,,,,,,,
12145395,2,2,6,7,,,,,,,,,
12145396,2,3,6,7,,,,,,,,,
12145397,0,0,2,5,,,,,,,,,
12145398,1,2,5,7,5,,,,,,,,
12145399,1,2,4,7,5,,,,,,,,
12145400,1,1,5,3,,,,,,,,,
12145437,0,1,2,5,,,,,,,,,
12145438,3,2,6,8,,,,,,,,,
12145472,0,1,5,6,,,,,5,,,,
12145473,1,0,4,2,,,,,,,,,
12145474,2,2,6,7,,,,,8,,,,
12145475,0,1,2,3,,,,,,,,,
12145478,1,0,2,5,,,,,,,,,
12145479,3,2,7,7,,,,,8,,,,
12145480,2,2,6,7,,,,,,,,,
12145481,3,2,6,6,,,,,,,,,
12145482,0,0,0,4,,,,,,,,,
12145483,1,2,4,7,0,,,,8,,,,
12145484,2,2,7,7,,,,7,,,,,
12145485,3,2,7,6,,,,,,,,,
12145486,2,2,4,7,6,,,,,,,,
12145487,3,2,4,6,6,,,,,,,,
12145488,2,2,5,6,4,,,,,,,,
12145489,3,2,7,6,7,,,2,,,,,
12145490,1,0,6,1,,,,,,,,,
12145491,3,2,4,6,7,,,,,9,,,
12145495,2,3,5,6,6,,,,,,,,
12145496,2,2,7,5,7,,,10,,3,,,
12145497,1,1,6,6,2,,,,,,,,
12145499,1,1,7,3,4,,,,,,,,
12145900,0,0,1,2,,,,,,,,,
12145901,2,3,8,5,11,,,,,,,,
12145902,0,0,2,3,,,,,,,,,
12145903,2,2,6,6,,,,,,,,,
12145904,0,0,4,3,,,,,,,,,
12145905,2,1,7,5,11,,,,,,,,
12145906,3,3,8,7,,,,,,,,,
12145907,1,0,3,2,,,,,,,,,
12145908,2,3,7,6,,,,,,,,,
12145909,0,0,2,0,,,,,,,,,
12145910,3,2,7,5,11,,,,,,,,
12145911,1,1,5,2,,,,,,,,,
12145912,2,3,6,6,11,,,,,,,,
12145913,1,1,1,2,,,,,,,,,
12145914,1,1,1,5,,,,,,,,,
12145915,2,3,6,8,,,,,,,,,
12146045,2,2,6,8,,,,,,,,,
12146046,1,1,1,3,,,,,,,,,
12146587,1,0,6,7,,,,,3,,,,
12146723,1,1,7,6,5,,,,6,,,,
12146841,3,3,3,7,12,,,,8,,,,
12146925,2,2,6,6,,,,,,,,,
12146942,2,3,7,6,,,,,,,,,
12146943,0,1,3,2,,,,,,,,,
12146944,0,0,1,4,,,,,,,,,
12146945,1,0,1,2,,,,,,,,,
12146946,1,1,2,8,7,,,,,,,,
12146947,2,3,6,7,,,,,,,,,
12146948,0,1,2,0,,,,,,,,,
12146949,3,2,4,7,11,,,,,,,,
12146950,0,1,2,3,,,,,,,,,
12146951,2,2,6,7,,,,,,,,,
12146952,3,3,6,6,,,,,,,,,
12146953,0,1,3,4,,,,,,,,,
12146954,,,,,,,,,,,,,
12146955,2,2,7,6,,,,,,,,,
12146956,0,1,2,2,,,,,,,,,
12146957,1,1,8,3,10,,,7,,,,,
12146963,1,2,7,1,8,,,,,,,,
12146964,3,2,6,6,,,,,,,,,
12146965,2,3,7,7,,,,,,,,,
12146966,0,1,5,3,,,,,,,,,
12146967,2,2,6,6,,,,,,,,,
12146968,1,1,6,4,9,,,,,,,,
12146969,2,2,5,6,10,,,,,,,,
12146970,1,2,7,3,5,,,,,,,,
12146971,1,1,3,2,,,,,,,,,
12146972,2,2,4,6,11,,,,,,,,
12146973,0,0,4,1,,,,,,,,,
12146974,0,1,5,1,,,,,,,,,
12146975,0,0,7,4,,,,,,,,,
12146976,1,0,2,3,,,,,,,,,
12146977,0,1,1,3,,,,,,,,,
12146978,2,2,4,6,11,,,,,,,,
12147043,2,3,6,7,,,,,,,,,
12147060,3,2,3,7,6,,,,,,,,
12147062,2,3,7,7,,,,,,,,,
12147092,2,2,8,3,8,,,11,,,,,
12147093,0,1,2,7,,,,,5,,,,
12147102,1,2,7,5,10,,,7,,,,,
12147142,2,2,4,6,11,,,,,,,,
12147195,3,3,5,7,12,,,,,,,,
12147207,2,1,6,1,4,,,,,,,,
12147208,0,0,6,4,,,,,,,,,
12147209,1,0,3,1,,,,,,,,,
12147210,2,3,7,7,,,,,,,,,
12147211,2,3,6,7,,,,,,,,,
12147212,2,2,7,7,,,,,,,,,
12147213,3,2,7,6,,,,,,,,,
12147214,3,3,7,6,,,,,,,,,
12147215,,,,,,,,,,,,,
12147216,3,2,7,4,10,,,,,,,,
12147217,1,0,2,2,,,,,,,,,
12147218,0,1,3,4,,,,,,,,,
12147219,3,2,6,8,,,,,,,,,
12147220,0,1,4,3,,,,,,,,,
12147221,,,,,,,,,,,,,
12147222,0,1,2,1,,,,,,,,,
12147223,0,0,1,2,,,,,,,,,
12147249,1,1,7,1,,,,2,,,,,
12147250,1,2,6,6,8,,,,4,,,,
12147251,0,1,5,2,,,,,,,,,
12147252,0,1,2,1,,,,,,,,,
12147253,0,0,3,2,,,,,,,,,
12147254,3,2,6,7,,,,,,,,,
12147255,2,3,6,7,,,,,,,,,
12147256,2,2,7,6,,,,,,,,,
12147257,2,3,7,7,,,,,,,,,
12147258,2,2,6,7,,,,,,,,,
12147259,0,0,1,6,,,,,5,,,,
12147260,2,3,7,8,,,,8,7,,,,
12147261,1,1,4,2,,,,,,,,,
12147262,1,1,2,6,7,,,,,,,,
12147263,0,0,2,4,,,,,,,,,
12147264,1,1,2,1,,,,,,,,,
12147265,0,1,4,0,,,,,,,,,
12147266,0,1,3,3,,,,,,,,,
12147267,2,2,8,4,11,,,7,,,,,
12147268,0,1,4,2,,,,,,,,,
12147269,0,0,2,5,,,,,,,,,
12147270,1,1,3,6,2,,,,,,,,
12147271,2,2,4,6,4,,,,,,,,
12147272,0,0,3,4,,,,,,,,,
12147273,0,1,1,2,,,,,,,,,
12147274,2,2,6,6,,,,,,,,,
12147275,3,3,7,7,,,,,,,,,
12147276,1,2,5,6,6,,,,,,,,
12147277,2,2,6,6,10,,,,,,,,
12147278,3,2,6,6,,,,,,,,,
12147279,2,3,6,7,,,,,,,,,
12147280,1,0,4,1,,,,,,,,,
12147281,1,0,0,7,,,,,7,,,,
12147282,2,3,7,7,,,,,,,,,
12147283,3,3,5,7,11,,,,,,,,
12147284,2,2,6,6,,,,,,,,,
12147285,0,0,5,1,,,,,,,,,
12147286,0,1,2,3,,,,,,,,,
12147287,2,3,4,8,11,,,,,,,,
12147288,2,2,5,7,10,,,,7,,,,
12147289,2,3,2,6,11,,,,,,,,
12147290,3,3,6,8,,,,,7,,,,
12147291,3,3,7,7,,,,,,,,,
12147292,0,1,2,6,,,,,,,,,
12147293,2,3,6,7,,,,,,,,,
12147307,3,3,6,8,7,,,7,8,,,,
12147365,1,2,6,4,7,,,,,,,,
12147366,2,2,7,6,,,,,,,,,
12147367,0,0,5,3,,,,,,,,,
12147368,0,1,7,0,,,,4,,,,,
12147371,2,3,7,6,,,,,,,,,
12147373,2,3,7,8,,,,,,,,,
12147379,2,1,3,7,8,,,,,,,,
12147380,3,2,7,7,,,,,,,,,
12147382,1,0,5,3,,,,,,,,,
12147383,3,2,7,6,,,,,,,,,
12147384,3,3,7,6,10,,,3,,,,,
12147385,1,1,5,4,,,,,,,,,
12147386,3,3,7,7,,,,,,,,,
12147387,0,0,3,2,,,,,,,,,
12147388,2,2,8,8,,,,,,,,,
12147389,1,0,1,1,,,,,,,,,
12147396,2,1,7,6,8,,,7,,,,,
12147410,3,2,7,6,,,,,,,,,
12147411,3,2,7,8,,,,,8,,,,
12147412,1,0,1,3,,,,,,,,,
12147413,2,3,7,6,,,,,,,,,
12147414,3,2,7,7,,,,,,,,,
12147415,3,3,7,3,7,,,9,,,,,
12147416,2,1,5,6,2,,,,,,,,
12147424,0,1,3,1,,,,,,,,,
12147425,3,3,5,7,10,,,,,,,,
12147426,0,1,1,4,,,,,,,,,
12147427,2,3,7,7,,,,,,,,,
12147428,2,3,6,7,,,,,,,,,
12147429,2,2,5,6,6,,,,,,,,
12147430,3,3,4,6,7,,,,,,,,
12147480,2,2,6,7,,,,,,,,,
12147481,1,0,3,6,,,,,,,,,
12147482,3,3,4,7,11,,,,,,,,
12147483,1,0,1,2,,,,,,,,,
12147484,0,0,4,2,,,,,,,,,
12147485,3,2,8,8,,,,,,,,,
12147486,1,0,5,3,,,,,,,,,
12147487,2,2,6,7,,,,,,,,,
12147488,1,1,1,2,,,,,,,,,
12147489,1,1,7,3,,,,,,,,,
12147490,2,3,4,6,11,,,,,,,,
12147491,0,0,3,4,,,,,,,,,
12147492,2,2,3,7,4,,,,,,,,
12147493,,,,,,,,,,,,,
12147494,2,1,5,8,4,,,,,,,,
12147495,1,1,3,1,,,,,,,,,
12147501,1,0,4,4,,,,,,,,,
12147502,3,3,7,7,,,,,7,,,,
12147507,3,3,7,6,,,,,,,,,
12147531,2,3,7,2,10,,,,,,,,
12147555,2,2,6,5,1,,,,,,,,
12147556,1,0,3,6,,,,,0,,,,
12147558,3,3,7,7,,,,,,,,,
12147559,3,3,6,6,,,,,,,,,
12147560,1,0,2,5,,,,,,,,,
12147561,0,0,7,5,,,,,,,,,
12147562,1,1,7,7,6,,,,3,,,,
12147563,2,3,7,7,,,,,,,,,
12147564,2,3,7,4,11,,,,,,,,
12147565,3,2,6,6,,,,,,,,,
12147566,2,3,7,6,,,,,,,,,
12147567,0,1,5,0,,,,,,,,,
12147568,1,0,3,4,,,,,,,,,
12147569,1,0,3,2,,,,,,,,,
12147570,2,2,6,3,3,,,,,,,,
12147571,1,0,4,3,,,,,,,,,
12147572,2,1,6,7,8,,,,,,,,
12147573,3,3,7,7,,,,,,,,,
12147574,0,0,6,4,,,,2,,,,,
12147575,1,0,0,3,,,,,,,,,
12147576,3,2,7,8,,,,,,,,,
12147577,0,0,5,2,,,,,,,,,
12147578,2,3,6,0,11,,,,,,,,
12147579,0,0,3,2,,,,,,,,,
12147580,,,3,,,,,,,,,,
12147581,0,0,0,0,,,,,,,,,
12147582,2,2,6,6,,,,,,,,,
12147583,,,,,,,,,,,,,
12147584,2,2,6,6,,,,,,,,,
12147585,1,1,3,1,,,,,,,,,
12147586,2,3,7,6,,,,,,,,,
12147587,3,3,6,6,,,,,,,,,
12147588,2,2,7,6,,,,,,,,,
12147589,1,0,4,6,,,,,,,,,
12147590,,,,,,,,,,,,,
12147591,3,2,7,7,,,,,,,,,
12147592,3,3,7,6,,,,,,,,,
12147593,3,3,6,7,,,,,,,,,
12147594,0,1,4,2,,,,,,,,,
12147595,3,2,7,4,12,,,,,,,,
12147596,0,1,2,6,,,,,,,,,
12147597,2,2,8,7,5,,,,,,,,
12147598,2,3,7,7,,,,,,,,,
12147599,1,1,4,4,,,,,,,,,
12147600,2,2,7,7,,,,,,,,,
12147601,2,3,6,5,10,,,,,,,,
12147602,1,1,4,4,,,,,,,,,
12147603,1,1,5,1,,,,,,,,,
12147604,2,3,7,3,10,,,,,,,,
12147605,0,1,2,3,,,,,,,,,
12147606,1,1,4,1,,,,,,,,,
12147607,2,2,3,6,10,,,,,,,,
12147608,1,1,3,5,,,,,,,,,
12147609,3,2,7,3,11,,,,,,,,
12147610,3,2,7,8,,,,,,,,,
12147611,1,2,7,3,6,,,,,,,,
12147612,1,0,5,1,,,,,,,,,
12147615,1,0,0,4,,,,,,,,,
12147616,2,2,7,6,,,,,,,,,
12147617,3,2,7,5,10,,,14,,,,,
12147618,2,2,7,7,10,,,,4,,,,
12147619,1,2,6,7,8,,,,6,,,,
12147620,1,1,2,4,,,,,,,,,
12147622,3,3,6,4,6,,,,,,,,
12147624,2,3,7,7,,,,,,,,,
12147642,3,3,8,6,,,,,,,,,
12147643,0,0,3,4,,,,,,,,,
12147644,0,0,2,0,,,,,,,,,
12147645,3,3,6,7,,,,,,,,,
12147646,3,3,6,7,,,,,,,,,
12147647,1,0,3,2,,,,,,,,,
12147648,3,2,7,7,,,,,,,,,
12147649,2,1,2,6,9,,,,,,,,
12147651,0,1,6,1,,,,,,,,,
12147652,1,0,5,2,,,,,,,,,
12147653,3,3,4,6,10,,,,,,,,
12147655,3,2,7,7,,,,,,,,,
12147663,0,1,3,5,,,,,,,,,
12147665,1,1,4,5,,,,,,,,,
12147666,2,3,7,6,,,,,,,,,
12147667,2,2,7,8,,,,,,,,,
12147668,3,3,7,6,,,,,,,,,
12147669,2,2,7,6,,,,,,,,,
12147670,1,1,1,0,,,,,,,,,
12147671,1,2,4,7,7,,,,,,,,
12147672,2,2,7,4,5,,,,,,,,
12147673,0,0,0,0,,,,,,,,,
12147674,2,2,5,6,13,,,,,,,,
12147675,1,0,1,3,,,,,,,,,
12147676,1,0,5,4,,,,,,,,,
12147677,2,3,6,6,,,,,,,,,
12147678,0,0,3,3,,,,,,,,,
12147679,3,2,3,7,13,,,,,,,,
12147680,3,2,7,6,,,,,,,,,
12147681,0,1,2,1,,,,,,,,,
12147682,3,3,6,7,,,,,,,,,
12147683,1,0,1,1,,,,,,,,,
12147690,0,0,0,7,,,,,,,,,
12147691,3,3,7,7,10,,,,,,,,
12147692,2,3,7,7,,,,,,,,,
12147693,1,1,4,4,,,,,,,,,
12147694,0,1,0,1,,,,,,,,,
12147695,2,2,7,7,,,,,,,,,
12147696,2,2,6,6,,,,,,,,,
12147697,0,0,5,2,,,,,,,,,
12147698,2,3,6,6,,,,,,,,,
12147699,0,0,1,2,,,,,,,,,
12147700,3,3,6,6,,,,,,,,,
12147701,2,3,6,7,,,,,,,,,
12147706,2,2,5,7,10,,,,,,,,
12147709,1,0,1,1,,,,,,,,,
12147710,0,0,2,2,,,,,,,,,
12147711,2,3,7,6,,,,,,,,,
12147712,0,0,0,1,,,,,,,,,
12147713,1,1,3,6,,,,,,,,,
12147714,1,1,2,2,,,,,,,,,
12147715,0,0,5,2,,,,,,,,,
12147716,2,3,6,2,10,,,,,,,,
12147717,3,3,7,2,10,,,,,,,,
12147718,3,3,6,7,,,,,,,,,
12147719,1,1,5,0,,,,,,,,,
12147720,3,3,7,6,,,,,,,,,
12147721,1,2,4,8,10,,,,,,,,
12147722,0,0,1,1,,,,,,,,,
12147723,0,1,6,1,,,,,,,,,
12147724,1,0,2,5,,,,,,,,,
12147727,3,2,8,6,,,,,,,,,
12147728,3,3,7,7,,,,,,,,,
12147729,2,1,2,8,6,,,,8,,,,
12147730,0,0,5,6,,,,,5,,,,
12147731,2,2,2,6,10,,,,,,,,
12147732,2,1,8,4,3,,,,,,,,
12147733,2,2,7,5,11,,,,,,,,
12147734,0,0,5,2,,,,,,,,,
12147735,1,1,6,1,,,,,,,,,
12147736,3,2,7,7,,,,,,,,,
12147737,2,2,6,6,,,,,,,,,
12147738,1,1,5,6,,,,,,,,,
12147739,3,2,7,7,,,,,,,,,
12147740,3,2,6,6,,,,,,,,,
12147741,0,0,3,3,,,,,,,,,
12147742,,,,,,,,,,,,,
12147744,2,3,2,7,11,,,,,,,,
12147768,2,2,7,3,7,,,7,,7,,,
12147770,2,3,8,6,,,,8,,,,,
12147771,0,1,1,1,,,,,,,,,
12147772,2,3,7,7,,,,,,,,,
12147773,3,3,6,7,,,,,,,,,
12147774,2,3,7,6,,,,,,,,,
12147775,3,3,7,7,,,,,,,,,
12147776,2,2,6,7,10,,,,10,,,,
12147777,0,1,4,1,,,,,,,,,
12147778,0,0,4,3,,,,,,,,,
12147779,0,1,3,0,,,,,,,,,
12147780,2,2,6,7,,,,,,,,,
12147781,1,1,3,6,,,,,,,,,
12147789,1,0,3,4,,,,,,,,,
12147790,2,2,6,8,7,,,,7,6,,,
12147791,0,0,5,4,,,,,,,,,
12147820,2,1,2,7,1,,,,,,,,
12147838,3,3,7,7,,,,,,,,,
12147855,2,2,1,6,9,,,,,,,,
12147856,0,1,3,4,,,,,,,,,
12147881,1,0,7,7,,,,3,4,,,,
12147895,1,1,2,3,,,,,,,,,
12147896,1,1,3,3,,,,,,,,,
12147897,1,0,3,1,,,,,,,,,
12147898,0,0,0,4,,,,,,,,,
12147905,2,3,6,6,,,,,,,,,
12147918,1,1,5,8,9,,,,8,,,,
12147922,1,2,6,4,6,,,,,,,,
12147923,2,2,7,6,10,,,,,,,,
12147924,0,0,2,0,,,,,,,,,
12147925,2,1,7,3,4,,,,,,,,
12147926,1,1,3,1,,,,,,,,,
12147927,2,2,7,6,,,,,,,,,
12147928,0,1,3,4,,,,,,,,,
12147929,0,0,1,1,,,,,,,,,
12147930,1,1,2,2,,,,,,,,,
12147931,3,2,6,7,,,,,,,,,
12147932,0,0,1,5,,,,,,,,,
12147933,1,1,1,6,5,,,,,,,,
12147934,2,3,6,6,,,,,,,,,
12147935,,,,,,,,,,,,,
12147936,1,0,1,1,,,,,,,,,
12147937,3,3,6,3,11,,,,,,,,
12147942,2,3,7,5,6,,,,,,,,
12147948,1,1,3,6,5,,,,,,,,
12147949,2,2,6,7,7,,,,,,,,
12147950,3,3,6,6,,,,,,,,,
12147952,,,,,,,,,,,,,
12147953,1,1,5,5,,,,,,,,,
12147956,1,2,6,4,2,,,,,,,,
12147958,,,,,,,,,,,,,
12148000,0,1,4,5,,,,,,,,,
12148009,2,3,7,6,,,,,,,,,
12148043,1,1,7,5,8,,,,,,,,
12148054,0,0,3,1,,,,,,,,,
12148114,1,0,3,5,,,,,,,,,
12148124,3,3,7,7,,,,,,,,,
12148125,0,0,3,2,,,,,,,,,
12148126,3,2,6,7,,,,,,,,,
12148127,1,2,3,7,3,,,,,,,,
12148128,0,1,1,4,,,,,,,,,
12148129,2,3,6,7,,,,,,,,,
12148130,1,0,5,3,,,,,,,,,
12148131,0,1,2,4,,,,,,,,,
12148132,2,2,6,7,,,,,,,,,
12148133,0,0,4,5,,,,,,,,,
12148134,0,0,3,1,,,,,,,,,
12148135,3,2,7,7,,,,,,,,,
12148136,2,2,6,6,,,,,,,,,
12148137,2,2,6,5,11,,,,,,,,
12148138,2,3,7,6,,,,,,,,,
12148139,3,3,6,3,12,,,,,,,,
12148140,2,3,6,6,,,,,,,,,
12148141,0,1,0,2,,,,,,,,,
12148142,0,1,2,4,,,,,,,,,
12148143,1,2,4,7,4,,,,,,,,
12148144,1,2,7,2,4,,,,,,,,
12148145,3,2,7,6,,,,,,,,,
12148146,,,,,,,,,,,,,
12148147,3,3,7,6,,,,,,,,,
12148148,0,1,6,6,,,,,,,,,
12148149,0,0,5,2,,,,,,,,,
12148150,1,0,4,2,,,,,,,,,
12148151,2,3,7,6,,,,,,,,,
12148152,2,2,7,7,,,,,8,,,,
12148154,2,2,7,5,,,,,,,,,
12148155,0,0,6,6,,,,,6,,,,
12148156,2,3,6,7,,,,,,,,,
12148172,1,1,5,1,,,,,,,,,
12148173,0,0,3,3,,,,,,,,,
12148184,0,0,2,4,,,,,,,,,
12148190,2,2,4,6,7,,,,,,,,
12148206,0,1,3,4,,,,,,,,,
12148207,2,3,4,7,10,,,,,,,,
12148208,1,2,7,,,,,,,,,,
12148209,1,1,2,2,,,,,,,,,
12148210,1,0,4,1,,,,,,,,,
12148211,0,1,2,0,,,,,,,,,
12148300,0,0,1,1,,,,,,,,,
12148301,0,0,2,2,,,,,,,,,
12148302,2,2,7,7,,,,,,,,,
12148303,3,3,8,7,,,,,,,,,
12148304,2,3,7,6,,,,,,,,,
12148305,1,0,5,2,,,,,,,,,
12148306,1,1,1,2,,,,,,,,,
12148307,2,3,7,7,,,,,,,,,
12148308,3,2,6,6,,,,,,,,,
12148309,0,1,0,1,,,,,,,,,
12148310,2,2,8,7,,,,,,,,,
12148311,1,0,3,4,,,,,,,,,
12148312,3,3,8,7,,,,,,,,,
12148313,1,1,5,2,,,,,,,,,
12148314,0,1,2,2,,,,,,,,,
12148315,1,1,3,4,,,,,,,,,
12148323,0,1,6,2,,,,,,,,,
12148324,1,1,3,4,,,,,,,,,
12148325,1,1,0,1,,,,,,,,,
12148326,2,2,6,6,,,,,,,,,
12148327,0,1,2,1,,,,,,,,,
12148328,3,3,8,7,,,,9,,,,,
12148329,1,1,5,3,,,,,,,,,
12148330,1,0,2,2,,,,,,,,,
12148331,2,3,5,6,11,,,,,,,,
12148332,0,0,2,4,,,,,,,,,
12148333,2,3,7,7,,,,,,,,,
12148334,1,1,2,7,9,,,,,,,,
12148335,3,3,7,7,,,,,,,,,
12148336,0,1,1,1,,,,,,,,,
12148337,0,1,5,6,,,,,7,,,,
12148369,1,1,6,4,7,,,,,,,,
12148370,3,2,7,7,,,,,,,,,
12148601,3,3,7,6,,,,,,,,,
12148602,3,3,7,7,,,,,,,,,
12148611,1,1,5,3,,,,,,,,,
12148612,3,2,6,8,,,,,,,,,
12148613,1,2,4,7,8,,,,,,,,
12148614,1,1,1,1,,,,,,,,,
12148615,0,0,4,4,,,,,,,,,
12148616,1,1,2,1,,,,,,,,,
12148617,3,2,6,7,,,,,,,,,
12148618,2,3,6,6,,,,,,,,,
12148619,1,0,6,4,,,,,,,,,
12148620,1,0,0,1,,,,,,,,,
12148621,3,3,7,6,,,,,,,,,
12148622,0,0,6,4,,,,,,,,,
12148623,1,0,0,1,,,,,,,,,
12148624,3,2,7,4,11,,,,,,,,
12148625,1,1,2,3,,,,,,,,,
12148626,1,1,3,2,,,,,,,,,
12148627,3,3,6,6,,,,,,,,,
12148628,3,2,6,7,,,,,,,,,
12148629,1,1,3,2,,,,,,,,,
12148630,0,1,3,0,,,,,,,,,
12148631,2,3,6,6,,,,,,,,,
12148632,0,1,2,5,,,,,,,,,
12148633,1,2,6,6,4,,,,5,,,,
12148634,2,3,6,8,,,,,7,,,,
12148635,3,2,6,6,,,,,,,,,
12148636,2,1,7,3,,,,,,,,,
12148637,2,3,7,6,,,,,,,,,
12148638,1,1,7,4,1,,,7,,,,,
12148639,1,1,7,1,5,,,,,,,,
12148640,1,1,4,3,,,,,,,,,
12148850,1,1,4,2,,,,,,,,,
12148873,2,3,6,6,,,,,,,,,
12148934,1,0,2,2,,,,,,,,,
12148943,3,2,6,7,,,,,,,,,
12148944,3,3,1,7,10,,,,,,,,
12148945,0,0,3,3,,,,,,,,,
12148953,2,2,8,5,11,,,,,,,,
12148954,2,2,3,8,12,,,,,,,,
12148955,2,3,4,7,12,,,,,,,,
12148956,3,3,6,6,,,,,,,,,
12148957,2,2,6,8,,,,,7,,,,
12148959,1,0,4,3,,,,,,,,,
12148960,1,1,6,4,7,,,,,,,,
12148961,3,3,7,8,,,,,8,,,,
12148962,1,1,1,1,,,,,,,,,
12148964,1,0,7,3,,,,4,,,,,
12148966,1,0,6,2,,,,4,,,,,
12148967,0,1,3,4,,,,,,,,,
12148968,3,3,7,8,,,,9,,,,,
12148969,3,2,6,6,,,,,,,,,
12148970,2,2,7,7,,,,,,,,,
12148971,2,3,7,6,,,,,,,,,
12148972,0,0,5,2,,,,,,,,,
12148973,0,1,5,3,,,,,,,,,
12148976,2,2,3,7,11,,,,,,,,
12148977,3,3,6,6,7,,,,,,,,
12148978,3,3,8,4,6,,,10,,,,,
12148979,0,1,5,3,,,,,,,,,
12148981,3,3,7,2,10,,,,,,,,
12148983,0,1,6,4,,,,,,,,,
12148992,1,1,2,6,6,,,,,,,,
12149324,2,3,6,6,,,,,,,,,
12149448,3,2,7,4,10,,,,,,,,
12149481,3,2,6,2,7,,,,,,,,
12149483,3,3,6,5,7,,,,,,,,
12149484,2,3,7,7,,,,,,,,,
12149486,0,0,2,2,,,,,,,,,
12149488,1,1,7,6,9,,,8,,,,,
12149578,3,2,6,6,,,,,,,,,
12149579,0,0,7,2,,,,,,,,,
12149580,1,1,4,2,,,,,,,,,
12149620,1,1,1,4,,,,,,,,,
12149621,2,2,7,7,11,,,4,8,,,,
12149653,3,3,7,6,,,,,,,,,
12149654,0,1,0,3,,,,,,,,,
12149655,2,2,6,6,,,,,,,,,
12149665,1,1,4,2,,,,,,,,,
12149666,1,1,0,2,,,,,,,,,
12149667,3,3,6,7,,,,,,,,,
12149668,1,0,2,1,,,,,,,,,
12149669,2,1,8,1,5,,,,,,,,
12149670,1,1,3,4,,,,,,,,,
12149671,3,3,4,7,11,,,,,,,,
12149672,2,3,4,6,6,,,,,,,,
12149673,0,1,4,4,,,,,,,,,
12149674,1,0,2,6,,,,,7,,,,
12149675,1,1,3,1,,,,,,,,,
12149680,1,1,3,3,,,,,,,,,
12149694,3,2,5,7,11,,,,,,,,
12149703,2,2,6,7,,,,,,,,,
12149704,3,3,7,6,11,,,,,,,,
12149705,2,2,3,7,11,,,,,,,,
12149714,2,2,7,2,,,,,,,,,
12149715,2,3,6,6,,,,,,,,,
12149716,2,1,7,4,5,,,,,,,,
12149717,3,3,6,7,,,,,,,,,
12149718,3,2,4,7,11,,,,9,,,,
12149719,1,0,4,2,,,,,,,,,
12149720,1,0,4,2,,,,,,,,,
12149721,3,3,8,7,,,,8,,,,,
12149722,0,1,3,0,,,,,,,,,
12149723,0,0,1,2,,,,,,,,,
12149724,1,1,7,6,5,,,,,,,,
12149766,1,1,5,4,,,,,,,,,
12149767,1,0,0,2,,,,,,,,,
12149808,2,2,6,6,,,,,,,,,
12149809,0,0,3,5,,,,,,,,,
12149893,1,0,1,,,,,,,,,,
12149910,2,2,8,2,10,,,,,,,,
12149913,3,2,7,7,,,,,,,,,
12149914,1,2,7,3,6,,,,,,,,
12149915,1,1,4,2,,,,,,,,,
12149991,1,1,2,5,,,,,,,,,
12149992,0,0,3,5,,,,,,,,,
12149993,0,0,2,1,,,,,,,,,
12150001,2,2,2,7,10,,,,,,,,
12150009,0,1,4,3,,,,,,,,,
12150010,0,1,3,4,,,,,,,,,
12150011,2,3,6,4,11,,,,,,,,
12150012,1,0,4,,,,,,,,,,
12150013,0,0,2,4,,,,,,,,,
12150014,,,,,,,,,,,,,
12150015,0,0,5,2,,,,,,,,,
12150016,0,1,5,5,,,,,,,,,
12150017,0,0,3,3,,,,,,,,,
12150018,1,1,2,0,,,,,,,,,
12150026,2,3,6,7,,,,,,,,,
12150067,1,0,5,2,,,,,,,,,
12150073,1,2,7,2,3,,,,,,,,
12150171,1,2,3,7,8,,,,,,,,
12150180,,,,,,,,,,,,,
12150182,1,0,1,0,,,,,,,,,
12150183,2,2,7,1,7,,,,,,,,
12150185,3,3,6,5,11,,,,,,,,
12150187,2,3,6,7,,,,,,,,,
12150188,1,0,5,3,,,,,,,,,
12150191,3,2,6,7,,,,,,,,,
12150193,1,0,3,0,,,,,,,,,
12150196,0,1,3,6,,,,,,,,,
12150199,1,1,3,5,,,,,,,,,
12150200,0,1,3,3,,,,,,,,,
12150206,2,3,8,7,,,,9,,,,,
12150230,3,3,7,7,,,,,,,,,
12150295,0,0,5,4,,,,,,,,,
12150296,3,3,7,7,,,,,,,,,
12150297,3,2,6,6,,,,,,,,,
12150298,2,2,6,5,7,,,,,5,,,
12150300,3,3,6,7,,,,,,,,,
12150307,,,,,,,,,,,,,
12150322,3,2,3,6,11,,,,,,,,
12150537,1,0,5,3,,,,,,,,,
12150539,1,1,3,2,,,,,,,,,
12150540,2,2,6,6,,,,,,,,,
12150543,2,3,6,6,,,,,,,,,
12150544,2,2,7,7,,,,,,,,,
12150546,1,1,2,7,,,,,2,,,,
12150549,3,2,7,6,,,,,,,,,
12150551,0,0,3,3,,,,,,,,,
12150552,1,2,6,4,2,,,,,,,,
12150625,3,2,7,6,,,,,,,,,
12150628,2,2,7,7,,,,,,,,,
12150630,2,3,7,7,7,,,,6,,,,
12150660,2,3,4,6,10,,,,,,,,
12150661,1,0,2,1,,,,,,,,,
12150662,2,1,4,7,9,,,,8,,,,
12150671,0,0,6,3,,,,,,,,,
12150672,2,1,7,4,3,,,,,,,,
12150673,2,2,6,6,,,,,,,,,
12150674,2,2,6,6,,,,,,,,,
12150675,3,3,6,7,11,,,,,,,,
12150676,1,0,3,5,,,,,,,,,
12150677,0,0,0,2,,,,,,,,,
12150678,0,1,2,5,,,,,,,,,
12150679,1,1,0,6,6,,,,,0,,,
12150680,0,0,3,2,,,,,,,,,
12150681,3,2,7,7,,,,,,,,,
12150685,3,2,7,7,,,,,,,,,
12150688,1,1,5,4,,,,,,,,,
12150691,2,3,6,6,11,,,,4,,,,
12150692,1,0,4,2,,,,,,,,,
12150693,3,2,6,8,,,,,,,,,
12150694,3,2,7,6,,,,,,,,,
12150699,1,1,5,4,,,,,,,,,
12150701,2,2,7,7,,,,,,,,,
12150705,1,0,0,0,,,,,,,,,
12150708,1,0,4,2,,,,,,,,,
12150733,2,3,7,5,7,,,,,8,,,
12150745,3,2,6,7,10,,,,,,,,
12150746,3,3,7,6,,,,,,,,,
12150747,3,2,7,7,,,,,,,,,
12150748,3,2,5,7,10,,,,,,,,
12150749,2,3,7,6,,,,,,,,,
12150750,0,1,6,6,,,,,,,,,
12150751,0,0,4,2,,,,,,,,,
12150752,3,3,7,6,,,,,,,,,
12150753,,,,,,,,,,,,,
12150755,0,1,2,4,,,,,,,,,
12150756,0,0,1,5,,,,,,,,,
12150760,1,1,6,4,,,,2,,,,,
12150762,0,1,5,2,,,,,,,,,
12150764,1,1,3,2,,,,,,,,,
12150771,2,3,6,7,,,,,7,,,,
12150772,2,2,7,4,0,,,,,,,,
12150775,2,2,7,2,7,,,,,,,,
12150776,3,2,7,6,,,,,,,,,
12150777,0,0,3,1,,,,,,,,,
12150778,3,3,6,8,,,,,,,,,
12150779,3,3,6,6,,,,,,,,,
12150781,2,2,6,6,11,,,,,,,,
12150782,1,0,1,0,,,,,,,,,
12150783,1,1,2,2,,,,,,,,,
12150785,1,1,3,7,5,,,,,,,,
12150786,0,1,1,4,,,,,,,,,
12150787,3,3,8,7,,,,9,,,,,
12150788,3,2,6,7,,,,,,,,,
12150789,1,2,7,3,5,,,13,,,,,
12150790,3,3,7,7,,,,,,,,,
12150791,1,1,2,3,,,,,,,,,
12150792,2,3,7,7,11,,,,7,,,,
12150869,2,1,2,7,5,,,,,,,,
12150870,1,1,6,4,,,,,,,,,
12150876,2,3,8,7,,,,7,,,,,
12150880,2,3,2,7,10,,,,,,,,
12150883,2,2,2,7,11,,,,8,,,,
12150884,0,0,2,3,,,,,,,,,
12150894,1,1,4,2,,,,,,,,,
12150911,3,3,6,5,11,,,,,,,,
12150912,1,1,4,6,,,,,,,,,
12150913,3,3,6,7,,,,,,,,,
12150914,1,1,6,2,3,,,,,,,,
12150915,3,3,7,2,6,,,,,,,,
12150918,0,1,2,1,,,,,,,,,
12150920,3,3,7,6,11,,,4,,,,,
12150922,2,3,3,7,6,,,,,,,,
12150923,0,0,2,1,,,,,,,,,
12150924,2,3,7,3,7,,,,,,,,
12150932,2,1,6,7,6,,,,5,,,,
12150933,3,3,6,6,,,,,,,,,
12150934,0,0,3,5,,,,,,,,,
12150935,2,2,6,4,11,,,,,,,,
12150936,2,2,7,2,9,,,,,,,,
12150937,1,1,2,7,5,,,,,,,,
12150938,1,1,3,1,,,,,,,,,
12150939,1,1,4,2,,,,,,,,,
12150973,2,3,7,6,,,,,,,,,
12150996,2,2,6,7,,,,,,,,,
12151055,3,3,7,7,,,,,,,,,
12151056,0,0,4,2,,,,,,,,,
12151057,1,0,5,4,,,,,,,,,
12151058,1,1,3,5,,,,,,,,,
12151060,1,0,4,0,,,,,,,,,
12151061,3,3,7,7,,,,,,,,,
12151062,3,2,7,1,7,,,,,,,,
12151065,2,2,7,6,,,,,,,,,
12151066,3,3,6,6,,,,,,,,,
12151069,0,0,4,4,,,,,,,,,
12151070,2,2,6,6,,,,,,,,,
12151072,1,2,5,7,1,,,,,,,,
12151073,2,3,6,6,,,,,,,,,
12151074,0,0,5,3,,,,,,,,,
12151076,1,1,2,1,,,,,,,,,
12151077,0,0,2,3,,,,,,,,,
12151078,0,0,5,7,,,,,4,,,,
12151093,1,1,4,5,,,,,,,,,
12151094,3,2,7,7,,,,,,,,,
12151116,1,1,3,4,,,,,,,,,
12151117,2,3,3,7,10,,,,,,,,
12151164,2,2,4,6,6,,,,,,,,
12151168,2,1,6,6,5,,,,,,,,
12151169,2,1,3,7,3,,,,,,,,
12151172,0,0,4,3,,,,,,,,,
12151261,0,1,2,6,,,,,,,,,
12151291,3,2,4,7,7,,,,8,8,,,
12151293,1,2,1,6,3,,,,,,,,
12151294,3,3,7,7,,,,,,,,,
12151299,0,0,4,6,,,,,4,,,,
12151301,,,,,,,,,,,,,
12151302,3,2,6,7,,,,,,,,,
12151303,1,1,1,5,,,,,,,,,
12151311,3,3,7,5,7,,,,,,,,
12151360,1,1,2,2,,,,,,,,,
12151361,2,1,5,8,7,,,,,,,,
12151370,1,2,1,7,10,,,,11,,,,
12151471,1,1,8,6,6,,,,,,,,
12151472,0,1,6,3,,,,,,,,,
12151473,1,1,6,5,,,,,,,,,
12151474,0,1,3,1,,,,,,,,,
12151475,1,0,3,1,,,,,,,,,
12151476,0,0,5,2,,,,,,,,,
12151477,0,1,6,5,,,,3,,,,,
12151483,1,1,2,3,,,,,,,,,
12151484,1,1,4,1,,,,,,,,,
12151486,1,0,2,6,,,,,,,,,
12151524,2,2,7,6,,,,,,,,,
12151525,1,0,1,1,,,,,,,,,
12151527,3,3,7,6,6,,,,10,,,,
12151528,2,1,6,6,4,,,,,,,,
12151530,3,3,6,3,8,,,,,7,,,
12151531,1,2,6,3,3,,,,,,,,
12151532,0,0,3,6,,,,,5,,,,
12151573,0,0,2,4,,,,,,,,,
12151707,0,1,3,4,,,,,,,,,
12151717,1,0,6,5,,,,3,,,,,
12151718,2,2,5,6,10,,,,,,,,
12151719,1,2,7,7,9,,,1,,,,,
12151720,2,2,5,6,7,,,,,,,,
12151724,2,1,4,8,4,,,,,,,,
12151725,1,0,2,2,,,,,,,,,
12151739,2,2,6,2,3,,,,,,,,
12152955,2,2,8,6,,,,,,,,,
12152956,1,0,3,4,,,,,,,,,
12152957,0,0,4,4,,,,,,,,,
12152958,3,2,6,7,,,,,,,,,
12152959,1,0,3,3,,,,,,,,,
12152960,3,3,7,6,,,,,,,,,
12153237,1,1,1,7,8,,,,,,,,
12153288,0,1,2,2,,,,,,,,,
12153585,2,2,6,6,,,,,,,,,
12153909,0,1,3,1,,,,,,,,,
12153914,3,3,7,6,,,,,,,,,
12109939,2,2,6,3,6,,,,,,,,
12109943,2,2,6,7,6,,,5,7,,,,
12109954,0,0,4,4,,,,,,,,,
12109959,0,0,2,4,,,,,,,,,
12109961,2,2,6,7,,,,,7,,,,
12109974,2,2,6,6,,,,,,,,,
12109976,0,0,2,2,,,,,,,,,
12109977,1,1,4,7,3,,,,,,,,
12110009,2,2,7,6,,,,7,,,,,
12110013,0,0,2,4,,,,,,,,,
12110014,1,1,7,2,3,,,,,,,,
12110015,2,2,6,6,,,,,,,,,
12110051,2,2,6,6,,,,,,,,,
12110053,1,1,5,6,3,,,,,,,,
12110056,2,2,6,6,,,,,,,,,
12110057,2,2,6,7,,,,,,,,,
12110058,0,0,1,2,,,,,,,,,
12110059,2,2,6,4,6,,,,,,,,
12110060,2,2,6,6,,,,,,,,,
12110062,2,2,6,6,,,,,,,,,
12110063,2,2,6,7,,,,,7,,,,
12110064,2,2,2,6,6,,,,,,,,
12110065,,,,,,,,,,,,,
12110066,2,2,7,6,,,,,,,,,
12110076,1,1,6,4,6,,,,,2,,,
12131502,2,2,3,6,6,,,,,,,,
12131506,2,2,6,5,6,,,,,,,,
12131512,0,0,2,2,,,,,,,,,
12131575,1,1,6,3,0,,,,,,,,
12131576,0,0,1,4,,,,,,,,,
12131578,2,2,6,7,,,,,7,,,,
12145469,0,0,6,4,,,,5,,,,,
12145470,1,1,6,3,4,,,,,,,,
12145472,0,0,4,6,,,,,5,,,,
12145473,0,0,3,1,,,,,,,,,
12145474,2,2,6,7,,,,,7,,,,
12145475,0,0,1,3,,,,,,,,,
12145476,2,2,6,7,,,,,7,,,,
12145477,,,,,,,,,,,,,
12145478,0,0,2,4,,,,,,,,,
12145479,2,2,6,7,,,,,7,,,,
12145480,2,2,6,6,,,,,,,,,
12145481,2,2,6,6,,,,,,,,,
12145482,0,0,0,3,,,,,,,,,
12145483,1,1,4,7,0,,,,7,,,,
12145484,2,2,7,6,,,,7,,,,,
12145485,2,2,6,6,,,,,,,,,
12145486,2,2,4,6,6,,,,,,,,
12145487,2,2,4,6,6,,,,,,,,
12145488,1,1,4,6,4,,,,,,,,
12145489,2,2,6,6,6,,,2,,,,,
12145490,0,0,5,1,,,,,,,,,
12145491,2,2,3,6,7,,,,,8,,,
12145492,0,0,0,4,,,,,,,,,
12145493,0,0,1,0,,,,,,,,,
12145494,2,2,4,6,6,,,,,,,,
12145495,2,2,4,6,6,,,,,,,,
12145496,1,1,7,4,6,,,9,,2,,,
12145497,1,1,6,5,2,,,,,,,,
12145498,2,2,6,7,,,,,7,,,,
12145499,1,1,6,3,3,,,,,,,,
12145500,2,2,6,6,,,,,,,,,
12145501,2,2,6,6,,,,,,,,,
12147268,0,0,3,2,,,,,,,,,
12147274,2,2,6,6,,,,,,,,,
12147275,2,2,6,6,,,,,,,,,
12147279,2,2,6,6,,,,,,,,,
12147280,0,0,4,1,,,,,,,,,
12147281,0,0,0,6,,,,,7,,,,
12147282,2,2,6,6,,,,,,,,,
12147287,2,2,4,7,10,,,,,,,,
12147396,1,1,6,6,7,,,7,,,,,
12147429,2,2,4,6,6,,,,,,,,
12147430,2,2,4,6,6,,,,,,,,
12147482,2,2,4,6,10,,,,,,,,
12147487,2,2,6,7,,,,,,,,,
12147494,1,1,4,7,4,,,,,,,,
12147495,0,0,3,1,,,,,,,,,
12147507,2,2,6,6,,,,,,,,,
12147555,1,1,6,4,1,,,,,,,,
12147556,0,0,2,6,,,,,0,,,,
12147617,2,2,7,5,10,,,14,,,,,
12147619,1,1,6,6,8,,,,5,,,,
12147649,1,1,2,6,8,,,,,,,,
12147655,2,2,6,6,,,,,,,,,
12147667,2,2,6,7,,,,,,,,,
12147674,2,2,4,6,12,,,,,,,,
12147676,0,0,4,3,,,,,,,,,
12147694,0,0,0,1,,,,,,,,,
12147728,2,2,6,6,,,,,,,,,
12147729,1,1,1,7,5,,,,7,,,,
12147731,2,2,2,6,10,,,,,,,,
12147733,2,2,7,4,10,,,,,,,,
12147735,0,0,5,1,,,,,,,,,
12147737,2,2,6,6,,,,,,,,,
12147738,0,0,4,5,,,,,,,,,
12147739,2,2,6,6,,,,,,,,,
12147740,2,2,6,6,,,,,,,,,
12147741,0,0,3,2,,,,,,,,,
12147791,0,0,5,4,,,,,,,,,
12147820,1,1,2,6,1,,,,,,,,
12147838,2,2,6,6,,,,,,,,,
12147855,1,1,1,6,8,,,,,,,,
12147856,0,0,3,4,,,,,,,,,
12147881,0,0,6,6,,,,3,3,,,,
12147895,0,0,2,3,,,,,,,,,
12147896,0,0,2,2,,,,,,,,,
12147898,0,0,0,3,,,,,,,,,
12147905,2,2,6,6,,,,,,,,,
12147918,1,1,4,7,8,,,,7,,,,
12147922,1,1,6,4,6,,,,,,,,
12147923,1,1,6,5,9,,,,,,,,
12147924,0,0,2,0,,,,,,,,,
12147925,1,1,6,3,4,,,,,,,,
12147926,0,0,2,1,,,,,,,,,
12147927,2,2,6,6,,,,,,,,,
12147928,0,0,2,4,,,,,,,,,
12147929,0,0,1,0,,,,,,,,,
12147930,0,0,2,1,,,,,,,,,
12147931,2,2,6,6,,,,,,,,,
12147932,0,0,1,4,,,,,,,,,
12147933,1,1,0,6,4,,,,,,,,
12147934,2,2,6,6,,,,,,,,,
12147935,,,,,,,,,,,,,
12147936,0,0,1,1,,,,,,,,,
12147937,2,2,6,3,10,,,,,,,,
12147942,2,2,6,4,6,,,,,,,,
12147948,1,1,3,6,5,,,,,,,,
12147949,2,2,5,7,6,,,,,,,,
12147950,2,2,6,6,,,,,,,,,
12147951,2,2,6,6,,,,,,,,,
12147952,,,,,,,,,,,,,
12147953,0,0,4,4,,,,,,,,,
12147954,2,2,6,6,,,,,,,,,
12147955,2,2,6,6,,,,,,,,,
12147956,1,1,6,3,1,,,,,,,,
12147957,2,2,6,6,,,,,,,,,
12147958,,,,,,,,,,,,,
12148000,0,0,3,4,,,,,,,,,
12148009,2,2,6,6,,,,,,,,,
12148043,1,1,6,4,8,,,,,,,,
12148054,0,0,2,0,,,,,,,,,
12148114,0,0,2,4,,,,,,,,,
12148124,2,2,6,6,,,,,,,,,
12148125,0,0,3,1,,,,,,,,,
12148126,2,2,6,6,,,,,,,,,
12148127,1,1,3,7,2,,,,,,,,
12148128,0,0,1,4,,,,,,,,,
12148129,2,2,6,6,,,,,,,,,
12148130,0,0,5,3,,,,,,,,,
12148131,0,0,2,3,,,,,,,,,
12148132,2,2,6,6,,,,,,,,,
12148133,0,0,3,4,,,,,,,,,
12148134,0,0,2,1,,,,,,,,,
12148135,2,2,6,6,,,,,,,,,
12148136,2,2,6,6,,,,,,,,,
12148137,2,2,6,5,10,,,,,,,,
12148138,2,2,6,6,,,,,,,,,
12148139,2,2,6,3,12,,,,,,,,
12148140,2,2,6,6,,,,,,,,,
12148141,0,0,0,1,,,,,,,,,
12148142,0,0,2,3,,,,,,,,,
12148143,1,1,3,6,3,,,,,,,,
12148144,1,1,6,2,3,,,,,,,,
12148145,2,2,6,6,,,,,,,,,
12148146,,,,,,,,,,,,,
12148147,2,2,6,6,,,,,,,,,
12148148,0,0,5,5,,,,,,,,,
12148149,0,0,5,2,,,,,,,,,
12148150,0,0,4,2,,,,,,,,,
12148151,2,2,6,6,,,,,,,,,
12148152,2,2,6,7,,,,,7,,,,
12148154,1,1,7,4,,,,,,,,,
12148155,0,0,5,6,,,,,5,,,,
12148156,2,2,6,6,,,,,,,,,
12148172,0,0,4,1,,,,,,,,,
12148173,0,0,2,3,,,,,,,,,
12148184,0,0,1,4,,,,,,,,,
12148190,2,2,4,6,7,,,,,,,,
12148206,0,0,3,3,,,,,,,,,
12148207,2,2,3,6,10,,,,,,,,
12148208,1,1,6,,,,,,,,,,
12148209,0,0,2,1,,,,,,,,,
12148210,0,0,4,0,,,,,,,,,
12148211,0,0,1,0,,,,,,,,,
12148323,0,0,5,1,,,,,,,,,
12148324,0,0,3,3,,,,,,,,,
12148325,0,0,0,1,,,,,,,,,
12148326,2,2,6,6,,,,,,,,,
12148327,0,0,1,0,,,,,,,,,
12148328,2,2,7,6,,,,8,,,,,
12148329,0,0,5,3,,,,,,,,,
12148330,0,0,1,1,,,,,,,,,
12148331,2,2,4,6,11,,,,,,,,
12148332,0,0,1,3,,,,,,,,,
12148333,2,2,6,6,,,,,,,,,
12148334,1,1,2,6,9,,,,,,,,
12148335,2,2,6,6,,,,,,,,,
12148336,0,0,0,0,,,,,,,,,
12148337,0,0,5,6,,,,,6,,,,
12148369,1,1,6,3,6,,,,,,,,
12148370,2,2,6,6,,,,,,,,,
12148591,2,2,6,6,,,,,,,,,
12148595,,,,,,,,,,,,,
12148597,0,0,6,1,,,,5,,,,,
12148601,2,2,6,6,,,,,,,,,
12148602,2,2,6,6,,,,,,,,,
12148603,2,2,6,6,,,,,,,,,
12148611,0,0,4,3,,,,,,,,,
12148612,2,2,6,7,,,,,,,,,
12148613,1,1,4,6,7,,,,,,,,
12148614,0,0,0,0,,,,,,,,,
12148615,0,0,4,4,,,,,,,,,
12148616,0,0,1,0,,,,,,,,,
12148617,2,2,6,6,,,,,,,,,
12148618,2,2,6,6,,,,,,,,,
12148619,0,0,6,3,,,,,,,,,
12148620,0,0,0,1,,,,,,,,,
12148621,2,2,6,6,,,,,,,,,
12148622,0,0,5,3,,,,,,,,,
12148623,0,0,0,0,,,,,,,,,
12148624,2,2,6,3,10,,,,,,,,
12148625,0,0,2,2,,,,,,,,,
12148626,0,0,2,2,,,,,,,,,
12148628,2,2,6,6,,,,,,,,,
12148629,0,0,3,2,,,,,,,,,
12148630,0,0,2,0,,,,,,,,,
12148631,2,2,6,6,,,,,,,,,
12148632,0,0,2,4,,,,,,,,,
12148633,1,1,6,6,3,,,,5,,,,
12148634,2,2,6,7,,,,,7,,,,
12148635,2,2,6,6,,,,,,,,,
12148636,1,1,6,3,,,,,,,,,
12148637,2,2,6,6,,,,,,,,,
12148638,1,1,7,3,0,,,7,,,,,
12148639,1,1,6,1,4,,,,,,,,
12148923,2,2,3,6,6,,,,,,,,
12148924,,,,,,,,,,,,,
12148925,2,2,2,7,7,,,,,7,,,
12148928,2,2,6,6,,,,,,,,,
12148929,2,2,6,3,6,,,,,,,,
12148931,1,1,7,4,3,,,,,,,,
12148953,2,2,7,4,10,,,,,,,,
12148954,2,2,3,7,11,,,,,,,,
12148955,2,2,3,6,12,,,,,,,,
12148956,2,2,6,6,,,,,,,,,
12148957,2,2,6,7,,,,,7,,,,
12148959,0,0,4,2,,,,,,,,,
12148960,1,1,6,4,7,,,,,,,,
12148961,2,2,6,7,,,,,7,,,,
12148962,0,0,1,1,,,,,,,,,
12148964,0,0,6,2,,,,4,,,,,
12148966,0,0,6,2,,,,4,,,,,
12148967,0,0,3,4,,,,,,,,,
12148968,2,2,7,7,,,,8,,,,,
12148969,2,2,6,6,,,,,,,,,
12148970,2,2,6,6,,,,,,,,,
12148971,2,2,6,6,,,,,,,,,
12148972,0,0,4,2,,,,,,,,,
12148973,0,0,4,2,,,,,,,,,
12148976,2,2,3,6,10,,,,,,,,
12148977,2,2,6,5,6,,,,,,,,
12148978,2,2,7,4,6,,,9,,,,,
12148979,0,0,4,2,,,,,,,,,
12148981,2,2,6,2,10,,,,,,,,
12148983,0,0,5,3,,,,,,,,,
12149448,2,2,6,4,10,,,,,,,,
12149481,2,2,6,2,6,,,,,,,,
12149483,2,2,6,4,6,,,,,,,,
12149484,2,2,7,6,,,,,,,,,
12149486,0,0,2,1,,,,,,,,,
12149488,1,1,7,5,9,,,7,,,,,
12149578,2,2,6,6,,,,,,,,,
12149579,0,0,6,2,,,,,,,,,
12149580,0,0,3,1,,,,,,,,,
12149620,0,0,0,3,,,,,,,,,
12149621,1,1,6,7,10,,,3,7,,,,
12149653,2,2,6,6,,,,,,,,,
12149654,0,0,0,2,,,,,,,,,
12149655,2,2,6,6,,,,,,,,,
12149665,0,0,3,1,,,,,,,,,
12149666,0,0,0,1,,,,,,,,,
12149667,2,2,6,6,,,,,,,,,
12149668,0,0,2,0,,,,,,,,,
12149669,1,1,7,1,5,,,,,,,,
12149670,0,0,2,3,,,,,,,,,
12149671,2,2,3,6,10,,,,,,,,
12149672,2,2,4,6,6,,,,,,,,
12149673,0,0,3,3,,,,,,,,,
12149674,0,0,1,6,,,,,7,,,,
12149675,0,0,3,1,,,,,,,,,
12149680,0,0,3,2,,,,,,,,,
12149694,2,2,4,6,10,,,,,,,,
12149703,2,2,6,6,,,,,,,,,
12149704,2,2,6,5,10,,,,,,,,
12149705,2,2,3,6,10,,,,,,,,
12149714,1,1,6,1,,,,,,,,,
12149715,2,2,6,6,,,,,,,,,
12149716,1,1,6,4,5,,,,,,,,
12149717,2,2,6,6,,,,,,,,,
12149718,2,2,3,7,11,,,,8,,,,
12149719,0,0,4,2,,,,,,,,,
12149720,0,0,4,2,,,,,,,,,
12149721,2,2,7,6,,,,7,,,,,
12149722,0,0,2,0,,,,,,,,,
12149723,0,0,0,2,,,,,,,,,
12149724,1,1,6,5,4,,,,,,,,
12149766,0,0,4,4,,,,,,,,,
12149767,0,0,0,1,,,,,,,,,
12149808,2,2,6,6,,,,,,,,,
12149809,0,0,2,4,,,,,,,,,
12149893,0,0,1,,,,,,,,,,
12149910,2,2,7,1,10,,,,,,,,
12149913,2,2,6,6,,,,,,,,,
12149914,1,1,6,3,5,,,,,,,,
12149915,0,0,4,1,,,,,,,,,
12149991,0,0,2,5,,,,,,,,,
12149992,0,0,3,4,,,,,,,,,
12149993,0,0,1,1,,,,,,,,,
12150001,2,2,2,6,10,,,,,,,,
12150009,0,0,3,3,,,,,,,,,
12150010,0,0,3,3,,,,,,,,,
12150011,2,2,6,4,10,,,,,,,,
12150012,0,0,3,,,,,,,,,,
12150013,0,0,1,4,,,,,,,,,
12150014,,,,,,,,,,,,,
12150015,0,0,5,2,,,,,,,,,
12150016,0,0,4,4,,,,,,,,,
12150017,0,0,2,3,,,,,,,,,
12150018,0,0,2,0,,,,,,,,,
12150026,2,2,6,6,,,,,,,,,
12150067,0,0,4,2,,,,,,,,,
12150073,1,1,6,1,3,,,,,,,,
12150171,1,1,2,6,7,,,,,,,,
12150180,,,,,,,,,,,,,
12150182,0,0,0,0,,,,,,,,,
12150183,1,1,6,0,6,,,,,,,,
12150185,2,2,6,4,10,,,,,,,,
12150187,2,2,6,6,,,,,,,,,
12150188,0,0,5,3,,,,,,,,,
12150191,2,2,6,7,,,,,,,,,
12150193,0,0,3,0,,,,,,,,,
12150196,0,0,3,5,,,,,,,,,
12150199,0,0,2,4,,,,,,,,,
12150200,0,0,3,3,,,,,,,,,
12150206,2,2,7,6,,,,9,,,,,
12150230,2,2,6,6,,,,,,,,,
12150295,0,0,4,3,,,,,,,,,
12150296,2,2,6,6,,,,,,,,,
12150297,2,2,6,6,,,,,,,,,
12150298,1,1,6,5,6,,,,,5,,,
12150299,,,,,,,,,,,,,
12150300,2,2,6,6,,,,,,,,,
12150307,,,,,,,,,,,,,
12150322,2,2,3,6,10,,,,,,,,
12150537,0,0,4,2,,,,,,,,,
12150539,0,0,3,1,,,,,,,,,
12150540,2,2,6,6,,,,,,,,,
12150543,2,2,6,6,,,,,,,,,
12150544,2,2,6,6,,,,,,,,,
12150545,0,0,2,4,,,,,,,,,
12150546,0,0,2,6,,,,,1,,,,
12150549,2,2,6,6,,,,,,,,,
12150551,0,0,2,3,,,,,,,,,
12150552,1,1,6,3,1,,,,,,,,
12150625,2,2,6,6,,,,,,,,,
12150627,2,2,3,6,6,,,,,,,,
12150628,2,2,6,6,,,,,,,,,
12150630,2,2,6,6,6,,,,6,,,,
12150632,0,0,4,6,,,,,8,,,,
12150660,2,2,3,6,10,,,,,,,,
12150661,0,0,2,1,,,,,,,,,
12150671,0,0,5,3,,,,,,,,,
12150672,1,1,6,4,3,,,,,,,,
12150673,2,2,6,6,,,,,,,,,
12150674,2,2,6,6,,,,,,,,,
12150675,2,2,5,7,10,,,,,,,,
12150676,0,0,3,4,,,,,,,,,
12150677,0,0,0,2,,,,,,,,,
12150678,0,0,1,4,,,,,,,,,
12150679,1,1,0,6,6,,,,,0,,,
12150680,0,0,2,2,,,,,,,,,
12150681,2,2,6,6,,,,,,,,,
12150685,2,2,6,6,,,,,,,,,
12150686,2,2,4,6,6,,,,,,,,
12150688,0,0,4,4,,,,,,,,,
12150691,2,2,6,6,10,,,,3,,,,
12150692,0,0,4,2,,,,,,,,,
12150693,2,2,6,7,,,,,,,,,
12150694,2,2,6,6,,,,,,,,,
12150699,0,0,4,3,,,,,,,,,
12150701,2,2,6,6,,,,,,,,,
12150705,0,0,0,0,,,,,,,,,
12150708,0,0,4,2,,,,,,,,,
12150729,2,2,6,6,,,,,,,,,
12150730,0,0,2,1,,,,,,,,,
12150731,2,2,6,6,,,,,,,,,
12150732,2,2,1,6,6,,,,,,,,
12150733,2,2,6,4,7,,,,,7,,,
12150745,2,2,5,6,10,,,,,,,,
12150746,2,2,6,6,,,,,,,,,
12150747,2,2,6,6,,,,,,,,,
12150748,2,2,4,6,10,,,,,,,,
12150749,2,2,7,6,,,,,,,,,
12150750,0,0,5,6,,,,,,,,,
12150751,0,0,3,1,,,,,,,,,
12150752,2,2,6,6,,,,,,,,,
12150753,,,,,,,,,,,,,
12150755,0,0,1,3,,,,,,,,,
12150756,0,0,0,4,,,,,,,,,
12150760,0,0,6,4,,,,2,,,,,
12150762,0,0,4,2,,,,,,,,,
12150764,0,0,2,2,,,,,,,,,
12150771,2,2,6,7,,,,,7,,,,
12150772,1,1,6,4,0,,,,,,,,
12150775,1,1,6,1,6,,,,,,,,
12150776,2,2,6,6,,,,,,,,,
12150777,0,0,3,0,,,,,,,,,
12150778,2,2,6,7,,,,,,,,,
12150779,2,2,6,6,,,,,,,,,
12150781,2,2,6,6,10,,,,,,,,
12150782,0,0,0,0,,,,,,,,,
12150783,0,0,2,1,,,,,,,,,
12150785,1,1,3,6,4,,,,,,,,
12150786,0,0,1,3,,,,,,,,,
12150787,2,2,7,6,,,,9,,,,,
12150788,2,2,6,6,,,,,,,,,
12150789,1,1,7,3,4,,,13,,,,,
12150790,2,2,6,6,,,,,,,,,
12150791,0,0,1,2,,,,,,,,,
12150792,2,2,6,6,11,,,,6,,,,
12150869,1,1,1,6,5,,,,,,,,
12150870,0,0,5,3,,,,,,,,,
12150876,2,2,7,6,,,,7,,,,,
12150880,2,2,2,6,10,,,,,,,,
12150883,2,2,1,7,10,,,,8,,,,
12150884,0,0,2,3,,,,,,,,,
12150894,0,0,3,2,,,,,,,,,
12150911,2,2,6,4,10,,,,,,,,
12150912,0,0,3,5,,,,,,,,,
12150913,2,2,6,6,,,,,,,,,
12150914,1,1,6,2,2,,,,,,,,
12150915,2,2,6,2,6,,,,,,,,
12150918,0,0,2,1,,,,,,,,,
12150920,2,2,6,6,10,,,3,,,,,
12150922,2,2,3,6,6,,,,,,,,
12150923,0,0,2,1,,,,,,,,,
12150924,2,2,6,3,6,,,,,,,,
12150932,1,1,6,6,6,,,,5,,,,
12150933,2,2,6,6,,,,,,,,,
12150934,0,0,3,4,,,,,,,,,
12150935,2,2,6,3,10,,,,,,,,
12150936,1,1,6,1,8,,,,,,,,
12150937,1,1,2,6,5,,,,,,,,
12150938,0,0,3,1,,,,,,,,,
12150939,0,0,3,1,,,,,,,,,
12150973,2,2,6,6,,,,,,,,,
12150996,2,2,6,6,,,,,,,,,
12151055,2,2,6,7,,,,,,,,,
12151056,0,0,3,1,,,,,,,,,
12151057,0,0,4,4,,,,,,,,,
12151058,0,0,3,5,,,,,,,,,
12151060,0,0,4,0,,,,,,,,,
12151061,2,2,6,6,,,,,,,,,
12151062,2,2,6,0,6,,,,,,,,
12151065,2,2,6,6,,,,,,,,,
12151066,2,2,6,6,,,,,,,,,
12151069,0,0,4,4,,,,,,,,,
12151070,2,2,6,6,,,,,,,,,
12151072,1,1,5,6,1,,,,,,,,
12151073,2,2,6,6,,,,,,,,,
12151074,0,0,4,3,,,,,,,,,
12151076,0,0,2,1,,,,,,,,,
12151077,0,0,1,3,,,,,,,,,
12151078,0,0,5,6,,,,,4,,,,
12151093,0,0,4,4,,,,,,,,,
12151094,2,2,6,6,,,,,,,,,
12151114,0,0,2,2,,,,,,,,,
12151116,0,0,2,4,,,,,,,,,
12151117,2,2,3,6,10,,,,,,,,
12151164,2,2,3,6,6,,,,,,,,
12151165,2,2,7,4,6,,,7,,,,,
12151166,2,2,6,1,6,,,,,,,,
12151168,1,1,5,6,4,,,,,,,,
12151169,1,1,3,6,3,,,,,,,,
12151172,0,0,3,3,,,,,,,,,
12151173,0,0,3,4,,,,,,,,,
12151261,0,0,1,5,,,,,,,,,
12151263,0,0,4,4,,,,,,,,,
12151264,0,0,4,4,,,,,,,,,
12151266,2,2,7,2,6,,,7,,,,,
12151267,,,3,1,,,,,,,,,
12151291,2,2,3,7,7,,,,7,7,,,
12151293,1,1,1,6,2,,,,,,,,
12151294,2,2,7,6,,,,,,,,,
12151299,0,0,4,6,,,,,4,,,,
12151301,,,,,,,,,,,,,
12151302,2,2,6,6,,,,,,,,,
12151303,0,0,0,5,,,,,,,,,
12151307,0,0,5,1,,,,,,,,,
12151311,2,2,6,4,7,,,,,,,,
12151312,2,2,6,6,,,,,,,,,
12151330,0,0,4,3,,,,,,,,,
12151359,2,2,6,6,,,,,,,,,
12151360,0,0,1,2,,,,,,,,,
12151361,1,1,4,7,7,,,,,,,,
12151362,0,0,2,5,,,,,,,,,
12151363,2,2,6,6,,,,,,,,,
12151364,2,2,6,6,,,,,,,,,
12151365,0,0,2,4,,,,,,,,,
12151368,2,2,3,6,10,,,,,,,,
12151370,1,1,0,7,10,,,,10,,,,
12151426,2,2,6,6,,,,,,,,,
12151471,1,1,7,5,6,,,,,,,,
12151472,0,0,5,3,,,,,,,,,
12151473,0,0,5,4,,,,,,,,,
12151474,0,0,3,1,,,,,,,,,
12151475,0,0,2,1,,,,,,,,,
12151476,0,0,4,2,,,,,,,,,
12151477,0,0,6,5,,,,3,,,,,
12151483,0,0,2,3,,,,,,,,,
12151484,0,0,3,0,,,,,,,,,
12151486,0,0,2,5,,,,,,,,,
12151510,2,2,6,6,,,,,,,,,
12151524,2,2,6,6,,,,,,,,,
12151525,0,0,1,1,,,,,,,,,
12151526,2,2,6,7,,,,,7,,,,
12151527,2,2,6,6,6,,,,9,,,,
12151528,1,1,6,5,4,,,,,,,,
12151530,2,2,6,3,7,,,,,7,,,
12151531,1,1,6,2,2,,,,,,,,
12151532,0,0,2,6,,,,,4,,,,
12151573,0,0,1,3,,,,,,,,,
12151606,2,2,0,6,6,,,,,,,,
12151618,2,2,6,6,,,,,,,,,
12151619,2,2,6,6,,,,,,,,,
12151690,2,2,6,6,,,,,,,,,
12151705,2,2,7,6,,,,7,,,,,
12151706,0,0,1,1,,,,,,,,,
12151707,0,0,2,3,,,,,,,,,
12151717,0,0,6,4,,,,3,,,,,
12151718,2,2,4,6,10,,,,,,,,
12151719,1,1,6,6,9,,,1,,,,,
12151720,1,1,5,6,6,,,,,,,,
12151721,2,2,6,6,,,,,,,,,
12151723,2,2,6,7,,,,,,,,,
12151724,1,1,4,7,4,,,,,,,,
12151725,0,0,1,2,,,,,,,,,
12151726,0,0,2,0,,,,,,,,,
12151729,2,2,6,6,,,,,,,,,
12151730,0,0,2,2,,,,,,,,,
12151731,2,2,7,2,6,,,,,,,,
12151734,0,0,0,1,,,,,,,,,
12151736,0,0,6,4,,,,5,,,,,
12151738,2,2,6,5,6,,,,,,,,
12151739,1,1,6,2,3,,,,,,,,
12151826,0,0,0,1,,,,,,,,,
12151827,0,0,1,3,,,,,,,,,
12151938,1,1,6,4,1,,,,,,,,
12151939,2,2,7,6,,,,,,,,,
12151940,2,2,6,3,6,,,,,,,,
12151941,2,2,6,6,,,,,,,,,
12151942,2,2,6,6,6,,,1,,,,,
12151943,2,2,6,6,,,,,,,,,
12152000,0,0,4,4,,,,,,,,,
12152176,2,2,3,6,7,,,,,,,,
12152179,1,1,2,6,3,,,,,,,,
12152182,2,2,7,6,,,,8,,,,,
12152185,0,0,3,0,,,,,,,,,
12152263,1,1,6,2,4,,,,,,,,
12152265,2,2,6,6,,,,,,,,,
12152268,0,0,1,0,,,,,,,,,
12152271,2,2,6,6,,,,,,,,,
12152272,2,2,6,6,,,,,,,,,
12152274,0,0,1,4,,,,,,,,,
12152275,0,0,1,2,,,,,,,,,
12152276,2,2,6,6,,,,,,,,,
12152282,0,0,4,3,,,,,,,,,
12152295,0,0,1,4,,,,,,,,,
12152299,0,0,3,3,,,,,,,,,
12152301,1,1,6,6,3,,,,5,,,,
12152302,0,0,3,1,,,,,,,,,
12152304,0,0,5,3,,,,,,,,,
12152306,2,2,6,6,,,,,,,,,
12152308,1,1,0,6,2,,,,,,,,
12152309,2,2,6,0,6,,,,,,,,
12152315,2,2,6,6,6,,,4,,,,,
12152326,2,2,6,6,,,,,,,,,
12152327,2,2,6,6,,,,,,,,,
12152328,2,2,7,6,,,,7,,,,,
12152330,2,2,6,6,,,,,,,,,
12152331,1,1,7,2,4,,,,,,,,
12152333,2,2,5,7,6,,,,,,,,
12152335,0,0,5,3,,,,,,,,,
12152336,0,0,4,3,,,,,,,,,
12152337,2,2,6,6,,,,,,,,,
12152338,0,0,3,3,,,,,,,,,
12152339,1,1,6,5,6,,,,,6,,,
12152340,0,0,3,4,,,,,,,,,
12152343,2,2,3,6,6,,,,,,,,
12152344,1,1,0,6,3,,,,,,,,
12152346,1,1,3,6,3,,,,,,,,
12152347,2,2,6,6,,,,,,,,,
12152348,2,2,7,3,6,,,7,,,,,
12152350,2,2,6,6,,,,,,,,,
12152351,2,2,7,6,,,,,,,,,
12152352,1,1,6,3,4,,,,,,,,
12152353,0,0,0,0,,,,,,,,,
12152355,2,2,6,6,,,,,,,,,
12152357,0,0,1,5,,,,,,,,,
12152386,0,0,2,3,,,,,,,,,
12152387,0,0,2,1,,,,,,,,,
12152388,0,0,3,6,,,,,6,,,,
12152389,0,0,4,4,,,,,,,,,
12152390,2,2,7,6,,,,7,,,,,
12152391,0,0,2,2,,,,,,,,,
12152392,2,2,6,3,10,,,,,,,,
12152396,2,2,6,6,,,,,,,,,
12152398,2,2,4,6,6,,,,,,,,
12152399,0,0,4,0,,,,,,,,,
12152400,2,2,6,2,6,,,,,,,,
12152401,0,0,3,3,,,,,,,,,
12152403,1,1,7,5,1,,,7,,,,,
12152404,0,0,6,3,,,,6,,,,,
12152410,0,0,3,5,,,,,,,,,
12152411,0,0,3,2,,,,,,,,,
12152413,2,2,6,7,6,,,4,,,,,
12152414,1,1,3,6,3,,,,,,,,
12152415,0,0,3,2,,,,,,,,,
12152416,2,2,6,6,,,,,,,,,
12152417,2,2,3,7,6,,,,7,,,,
12152418,2,2,3,6,6,,,,,,,,
12152419,2,2,6,6,,,,,,,,,
12152420,2,2,1,7,6,,,,11,,,,
12152421,1,1,3,7,3,,,,7,,,,
12152432,0,0,3,3,,,,,,,,,
12152446,1,1,6,4,1,,,,,,,,
12152447,0,0,0,0,,,,,,,,,
12152448,1,1,3,7,6,,,,7,6,,,
12152449,1,1,6,6,2,,,5,,,,,
12152450,0,0,4,1,,,,,,,,,
12152451,0,0,0,4,,,,,,,,,
12152452,0,0,1,6,,,,,2,,,,
12152453,0,0,3,4,,,,,,,,,
12152454,2,2,7,6,,,,,,,,,
12152455,1,1,6,6,1,,,,6,,,,
12152456,2,2,4,7,6,,,,7,,,,
12152457,2,2,6,6,,,,,,,,,
12152459,2,2,6,3,6,,,,,,,,
12152460,2,2,6,7,,,,,7,,,,
12152461,1,1,3,7,3,,,,,,,,
12152462,1,1,6,4,3,,,,,,,,
12152463,2,2,7,4,7,,,,,8,,,
12152464,0,0,4,3,,,,,,,,,
12152494,2,2,6,6,,,,,,,,,
12152495,2,2,6,6,,,,,,,,,
12152496,2,2,6,1,6,,,,,,,,
12152497,0,0,2,1,,,,,,,,,
12152498,0,0,2,0,,,,,,,,,
12152499,0,0,1,1,,,,,,,,,
12152500,2,2,3,6,6,,,,,,,,
12152501,0,0,2,5,,,,,,,,,
12152507,1,1,6,4,4,,,,,,,,
12152512,0,0,2,0,,,,,,,,,
12152513,2,2,6,6,,,,,,,,,
12152515,2,2,6,3,6,,,,,,,,
12152516,0,0,3,6,,,,,5,,,,
12152517,0,0,4,4,,,,,,,,,
12152518,0,0,5,3,,,,,,,,,
12152519,2,2,4,6,6,,,,,,,,
12152520,2,2,6,6,,,,,,,,,
12152521,0,0,3,2,,,,,,,,,
12152522,2,2,6,6,,,,,,,,,
12152525,2,2,6,6,,,,,,,,,
12152529,0,0,0,6,,,,,3,,,,
12152530,0,0,1,,,,,,,,,,
12152531,1,1,6,6,6,,,5,,7,,,
12152532,2,2,6,6,,,,,,,,,
12152533,0,0,0,2,,,,,,,,,
12152535,0,0,1,4,,,,,,,,,
12152536,0,0,6,1,,,,2,,,,,
12152538,0,0,1,1,,,,,,,,,
12152539,0,0,1,2,,,,,,,,,
12152540,2,2,6,6,,,,,,,,,
12152542,2,2,6,6,,,,,,,,,
12152543,0,0,4,6,,,,,1,,,,
12152545,0,0,1,0,,,,,,,,,
12152546,0,0,5,3,,,,,,,,,
12152548,1,1,4,6,2,,,,,,,,
12152550,0,0,6,0,,,,3,,,,,
12152552,0,0,4,6,,,,,4,,,,
12152553,0,0,0,4,,,,,,,,,
12152554,2,2,6,6,,,,,,,,,
12152555,2,2,6,0,7,,,,,7,,,
12152557,2,2,7,6,,,,,,,,,
12152560,2,2,6,6,,,,,,,,,
12152563,0,0,3,0,,,,,,,,,
12152564,2,2,6,6,,,,,,,,,
12152565,2,2,2,6,7,,,,,8,,,
12152566,,,,,,,,,,,,,
12152567,2,2,4,6,6,,,,,,,,
12152569,2,2,6,1,6,,,,,,,,
12152570,2,2,6,6,,,,,,,,,
12152571,0,0,2,3,,,,,,,,,
12152572,2,2,7,5,6,,,7,,,,,
12152573,0,0,1,5,,,,,,,,,
12152574,2,2,4,6,7,,,,,8,,,
12152575,0,0,3,4,,,,,,,,,
12152576,2,2,6,6,,,,,,,,,
12152578,2,2,6,6,,,,,,,,,
12152579,0,0,0,0,,,,,,,,,
12152583,2,2,6,6,,,,,,,,,
12152585,1,1,4,6,5,,,,,,,,
12152587,0,0,4,4,,,,,,,,,
12152588,0,0,1,4,,,,,,,,,
12152590,2,2,6,6,,,,,,,,,
12152591,0,0,1,4,,,,,,,,,
12152593,2,2,6,6,,,,,,,,,
12152594,0,0,1,0,,,,,,,,,
12152596,2,2,6,6,,,,,,,,,
12152597,0,0,4,1,,,,,,,,,
12152599,2,2,7,6,,,,7,,,,,
12152600,0,0,4,1,,,,,,,,,
12152601,2,2,7,7,,,,,,,,,
12152602,0,0,2,0,,,,,,,,,
12152603,2,2,6,3,7,,,,,7,,,
12152604,2,2,6,6,,,,,,,,,
12152606,2,2,7,7,,,,,,,,,
12152607,2,2,6,6,,,,,,,,,
12152608,2,2,7,6,,,,,,,,,
12152610,2,2,6,7,,,,,,,,,
12152615,2,2,3,7,6,,,,,,,,
12152616,2,2,6,6,,,,,,,,,
12152619,1,1,7,6,5,,,,4,,,,
12152620,1,1,1,6,6,,,,,4,,,
12152621,2,2,3,6,6,,,,,,,,
12152630,2,2,6,6,,,,,,,,,
12152633,0,0,1,3,,,,,,,,,
12152635,0,0,1,3,,,,,,,,,
12152637,2,2,4,6,6,,,,,,,,
12152639,1,1,4,6,6,,,,,2,,,
12152640,2,2,3,6,6,,,,,,,,
12152641,2,2,6,6,,,,,,,,,
12152642,0,0,1,6,,,,,4,,,,
12152643,2,2,3,6,6,,,,,,,,
12152644,2,2,6,6,,,,,,,,,
12152645,2,2,6,6,,,,,,,,,
12152646,2,2,6,7,,,,,,,,,
12152648,2,2,6,6,,,,,,,,,
12152649,2,2,6,6,,,,,,,,,
12152650,2,2,6,7,,,,,7,,,,
12152953,2,2,7,7,,,,,,,,,
12152954,0,0,2,1,,,,,,,,,
12152955,2,2,7,6,,,,,,,,,
12152956,0,0,2,3,,,,,,,,,
12152957,0,0,4,3,,,,,,,,,
12152958,2,2,6,6,,,,,,,,,
12152959,0,0,3,2,,,,,,,,,
12152960,2,2,6,6,,,,,,,,,
12153237,1,1,0,6,8,,,,,,,,
12153288,0,0,2,1,,,,,,,,,
12153356,1,1,1,6,3,,,,,,,,
12153357,0,0,3,4,,,,,,,,,
12153358,0,0,4,4,,,,,,,,,
12153359,0,0,4,2,,,,,,,,,
12153360,0,0,3,6,,,,,2,,,,
12153361,2,2,3,6,6,,,,,,,,
12153585,2,2,6,6,,,,,,,,,
12153630,2,2,6,6,,,,,,,,,
12153631,0,0,2,1,,,,,,,,,
12153632,1,1,2,6,2,,,,,,,,
12153633,2,2,6,6,,,,,,,,,
12153634,2,2,6,6,,,,,,,,,
12153635,2,2,3,7,7,,,,7,,,,
12153636,2,2,6,6,,,,,,,,,
12153855,0,0,5,6,,,,,5,,,,
12153856,2,2,6,6,,,,,,,,,
12153857,2,2,6,6,,,,,,,,,
12153858,2,2,2,6,6,,,,,,,,
12153861,0,0,3,2,,,,,,,,,
12153866,1,1,3,7,5,,,,7,,,,
12153867,2,2,6,6,,,,,,,,,
12153870,1,1,3,6,2,,,,,,,,
12153871,2,2,6,6,,,,,,,,,
12153872,1,1,6,3,2,,,,,,,,
12153883,2,2,6,6,,,,,,,,,
12153884,2,2,6,6,,,,,,,,,
12153885,2,2,6,6,,,,,,,,,
12153886,2,2,6,6,,,,,,,,,
12153891,2,2,6,6,,,,,,,,,
12153892,2,2,4,6,6,,,,,,,,
12153893,2,2,6,6,,,,,,,,,
12153894,0,0,3,1,,,,,,,,,
12153895,2,2,6,6,,,,,,,,,
12153896,2,2,6,6,6,,,5,,,,,
12153897,0,0,0,0,,,,,,,,,
12153898,2,2,6,6,,,,,,,,,
12153899,2,2,6,3,6,,,,,,,,
12153900,0,0,2,1,,,,,,,,,
12153901,2,2,2,6,6,,,,,,,,
12153902,0,0,6,5,,,,4,,,,,
12153909,0,0,2,0,,,,,,,,,
12153914,2,2,6,6,,,,,,,,,
12154110,0,0,6,5,,,,6,,,,,
12154111,2,2,3,6,6,,,,,,,,
12154112,0,0,2,1,,,,,,,,,
12154113,0,0,5,6,,,,,3,,,,
12154114,2,2,6,6,,,,,,,,,
12154115,2,2,6,6,6,,,,3,,,,
12154116,0,0,3,1,,,,,,,,,
12154118,2,2,7,4,6,,,,,,,,
12154119,2,2,6,5,7,,,,,,,,
12154121,2,2,6,6,,,,,,,,,
12154123,2,2,6,7,,,,,7,,,,
12154124,1,1,6,2,,,,,,,,,
12154125,2,2,6,6,,,,,,,,,
12154126,2,2,4,6,6,,,,,,,,
12154127,0,0,1,0,,,,,,,,,
12154128,0,0,5,4,,,,,,,,,
12154150,0,0,0,1,,,,,,,,,
12154152,2,2,3,6,7,,,,,7,,,
12154153,1,1,4,6,6,,,,,6,,,
12154154,2,2,6,6,,,,,,,,,
12154155,2,2,6,6,,,,,,,,,
12154156,2,2,6,6,7,,,2,,,,,
12154157,2,2,6,6,,,,,,,,,
12154209,2,2,6,6,,,,,,,,,
12154210,1,1,2,6,4,,,,,,,,
12154211,0,0,6,2,,,,1,,,,,
12154212,2,2,6,6,,,,,,,,,
12154213,0,0,3,3,,,,,,,,,
12154214,2,2,7,6,,,,7,,,,,
12154215,2,2,6,6,,,,,,,,,
12154216,0,0,4,3,,,,,,,,,
12154217,2,2,6,6,,,,,,,,,
12154218,0,0,4,2,,,,,,,,,
12154219,2,2,4,6,6,,,,,,,,
12154220,0,0,6,2,,,,5,,,,,
12154224,2,2,6,6,,,,,,,,,
12154225,1,1,6,4,2,,,,,,,,
12154226,0,0,4,0,,,,,,,,,
12154227,1,1,6,7,4,,,3,,,,,
12154228,2,2,6,6,6,,,3,,,,,
12154229,2,2,6,3,6,,,,,,,,
12154230,0,0,0,4,,,,,,,,,
12154231,0,0,0,4,,,,,,,,,
12154232,0,0,2,2,,,,,,,,,
12154233,0,0,2,1,,,,,,,,,
12154234,0,0,6,3,,,,,,,,,
12154236,0,0,1,2,,,,,,,,,
12154237,2,2,6,6,,,,,,,,,
12154238,1,1,7,2,0,,,,,,,,
12154239,0,0,4,2,,,,,,,,,
12154240,0,0,6,1,,,,5,,,,,
12154242,2,2,6,7,,,,,,,,,
12154243,2,2,6,3,6,,,,,,,,
12154245,2,2,6,6,6,,,,4,,,,
12154258,2,2,6,3,6,,,,,,,,
12154259,2,2,6,6,,,,,,,,,
12154260,2,2,7,6,,,,7,,,,,
12154269,2,2,7,6,6,,,,5,,,,
12154275,2,2,6,6,,,,,,,,,
12154276,2,2,6,6,,,,,,,,,
12154279,0,0,1,2,,,,,,,,,
12154281,0,0,3,5,,,,,,,,,
12154283,1,1,6,4,6,,,,,3,,,
12154325,2,2,6,6,,,,,,,,,
12154326,1,1,6,4,,,,,,,,,
12154327,0,0,6,2,,,,2,,,,,
12154329,0,0,3,1,,,,,,,,,
12154330,0,0,6,3,,,,3,,,,,
12154331,0,0,3,2,,,,,,,,,
12154333,2,2,6,4,6,,,,,,,,
12154433,,,1,,,,,,,,,,
12154435,1,1,6,4,4,,,,,,,,
12154439,2,2,7,6,,,,7,,,,,
12154442,0,0,1,1,,,,,,,,,
12154443,2,2,4,6,7,,,,,,,,
12154453,2,2,7,6,,,,7,,,,,
12154638,0,0,1,2,,,,,,,,,
12155031,1,1,7,3,,,,,,,,,
12155034,2,2,6,6,,,,,,,,,
12155076,2,2,6,6,,,,,,,,,
12155077,2,2,7,2,6,,,14,,,,,
12155078,0,0,1,1,,,,,,,,,
12155079,2,2,6,6,,,,,,,,,
12156759,2,2,7,4,6,,,,,,,,
12157451,1,1,2,6,3,,,,,,,,
12110005,2,2,6,6,,,,,,,,,
12110006,2,2,2,7,6,,,,7,,,,
12110009,2,2,7,6,,,,7,,,,,
12110011,0,0,4,4,,,,,,,,,
12110013,0,0,2,4,,,,,,,,,
12110014,1,1,7,2,3,,,,,,,,
12110015,2,2,6,6,,,,,,,,,
12110016,1,1,6,6,4,,,,3,,,,
12110035,1,1,3,6,2,,,,,,,,
12110038,2,2,6,6,,,,,,,,,
12110039,1,1,6,4,3,,,,,,,,
12110045,2,2,6,3,6,,,,,,,,
12110051,2,2,6,6,,,,,,,,,
12110053,1,1,5,6,3,,,,,,,,
12110056,2,2,6,6,,,,,,,,,
12110058,0,0,1,2,,,,,,,,,
12131502,2,2,3,6,6,,,,,,,,
12131505,0,0,4,4,,,,,,,,,
12131506,2,2,6,5,6,,,,,,,,
12131508,2,2,3,7,6,,,,8,,,,
12131512,0,0,2,2,,,,,,,,,
12131513,2,2,6,6,,,,,,,,,
12131516,2,2,6,6,,,,,,,,,
12131570,0,0,4,6,,,,,5,,,,
12131573,2,2,7,2,6,,,,,,,,
12131574,1,1,6,2,3,,,,,,,,
12131575,1,1,6,3,0,,,,,,,,
12131576,0,0,1,4,,,,,,,,,
12131578,2,2,6,7,,,,,7,,,,
12131581,0,0,3,5,,,,,,,,,
12131582,0,0,3,1,,,,,,,,,
12131611,2,2,6,4,6,,,,,,,,
12131612,2,2,7,6,,,,11,,,,,
12131613,2,2,6,7,,,,,,,,,
12131614,2,2,6,2,7,,,,,7,,,
12131636,2,2,2,7,6,,,,7,,,,
12131638,2,2,7,4,7,,,,,11,,,
12131639,0,0,1,2,,,,,,,,,
12131640,2,2,6,6,,,,,,,,,
12131641,2,2,6,6,,,,,,,,,
12131642,0,0,5,2,,,,,,,,,
12131645,2,2,6,6,,,,,,,,,
12131647,2,2,6,7,,,,,,,,,
12145469,0,0,6,4,,,,5,,,,,
12145470,1,1,6,3,4,,,,,,,,
12145471,0,0,3,5,,,,,,,,,
12145475,0,0,1,3,,,,,,,,,
12145476,2,2,6,7,,,,,7,,,,
12145477,,,,,,,,,,,,,
12145487,2,2,4,6,6,,,,,,,,
12145492,0,0,0,4,,,,,,,,,
12145493,0,0,1,0,,,,,,,,,
12145494,2,2,4,6,6,,,,,,,,
12145497,1,1,6,5,2,,,,,,,,
12145498,2,2,6,7,,,,,7,,,,
12145499,1,1,6,3,3,,,,,,,,
12145500,2,2,6,6,,,,,,,,,
12145501,2,2,6,6,,,,,,,,,
12147928,0,0,2,4,,,,,,,,,
12147951,2,2,6,6,,,,,,,,,
12147954,2,2,6,6,,,,,,,,,
12147955,2,2,6,6,,,,,,,,,
12147957,2,2,6,6,,,,,,,,,
12148591,2,2,6,6,,,,,,,,,
12148592,0,0,2,2,,,,,,,,,
12148593,0,0,0,1,,,,,,,,,
12148595,,,,,,,,,,,,,
12148596,1,1,3,6,3,,,,,,,,
12148597,0,0,6,1,,,,5,,,,,
12148598,0,0,2,2,,,,,,,,,
12148599,1,1,6,4,5,,,,,,,,
12148600,0,0,1,,,,,,,,,,
12148601,2,2,6,6,,,,,,,,,
12148602,2,2,6,6,,,,,,,,,
12148603,2,2,6,6,,,,,,,,,
12148604,0,0,4,3,,,,,,,,,
12148923,2,2,3,6,6,,,,,,,,
12148924,,,,,,,,,,,,,
12148925,2,2,2,7,7,,,,,7,,,
12148926,0,0,6,2,,,,4,,,,,
12148927,0,0,0,1,,,,,,,,,
12148928,2,2,6,6,,,,,,,,,
12148929,2,2,6,3,6,,,,,,,,
12148930,2,2,6,6,,,,,,,,,
12148931,1,1,7,4,3,,,,,,,,
12148932,0,0,4,2,,,,,,,,,
12148933,2,2,7,7,,,,,,,,,
12149481,2,2,6,2,6,,,,,,,,
12149483,2,2,6,4,6,,,,,,,,
12150298,1,1,6,5,6,,,,,5,,,
12150299,,,,,,,,,,,,,
12150300,2,2,6,6,,,,,,,,,
12150307,,,,,,,,,,,,,
12150545,0,0,2,4,,,,,,,,,
12150549,2,2,6,6,,,,,,,,,
12150627,2,2,3,6,6,,,,,,,,
12150628,2,2,6,6,,,,,,,,,
12150632,0,0,4,6,,,,,8,,,,
12150679,1,1,0,6,6,,,,,0,,,
12150680,0,0,2,2,,,,,,,,,
12150685,2,2,6,6,,,,,,,,,
12150686,2,2,4,6,6,,,,,,,,
12150729,2,2,6,6,,,,,,,,,
12150730,0,0,2,1,,,,,,,,,
12150731,2,2,6,6,,,,,,,,,
12150732,2,2,1,6,6,,,,,,,,
12150915,2,2,6,2,6,,,,,,,,
12150922,2,2,3,6,6,,,,,,,,
12150924,2,2,6,3,6,,,,,,,,
12150996,2,2,6,6,,,,,,,,,
12151072,1,1,5,6,1,,,,,,,,
12151094,2,2,6,6,,,,,,,,,
12151114,0,0,2,2,,,,,,,,,
12151116,0,0,2,4,,,,,,,,,
12151164,2,2,3,6,6,,,,,,,,
12151165,2,2,7,4,6,,,7,,,,,
12151166,2,2,6,1,6,,,,,,,,
12151168,1,1,5,6,4,,,,,,,,
12151173,0,0,3,4,,,,,,,,,
12151261,0,0,1,5,,,,,,,,,
12151263,0,0,4,4,,,,,,,,,
12151264,0,0,4,4,,,,,,,,,
12151266,2,2,7,2,6,,,7,,,,,
12151267,,,3,1,,,,,,,,,
12151291,2,2,3,7,7,,,,7,7,,,
12151301,,,,,,,,,,,,,
12151303,0,0,0,5,,,,,,,,,
12151307,0,0,5,1,,,,,,,,,
12151311,2,2,6,4,7,,,,,,,,
12151312,2,2,6,6,,,,,,,,,
12151328,2,2,7,4,6,,,11,,,,,
12151329,1,1,0,6,3,,,,,,,,
12151330,0,0,4,3,,,,,,,,,
12151344,2,2,6,6,,,,,,,,,
12151359,2,2,6,6,,,,,,,,,
12151360,0,0,1,2,,,,,,,,,
12151361,1,1,4,7,7,,,,,,,,
12151362,0,0,2,5,,,,,,,,,
12151363,2,2,6,6,,,,,,,,,
12151364,2,2,6,6,,,,,,,,,
12151365,0,0,2,4,,,,,,,,,
12151368,2,2,3,6,10,,,,,,,,
12151370,1,1,0,7,10,,,,10,,,,
12151426,2,2,6,6,,,,,,,,,
12151477,0,0,6,5,,,,3,,,,,
12151483,0,0,2,3,,,,,,,,,
12151510,2,2,6,6,,,,,,,,,
12151526,2,2,6,7,,,,,7,,,,
12151570,2,2,2,6,6,,,,,,,,
12151571,1,1,7,0,,,,10,,,,,
12151572,0,0,5,1,,,,,,,,,
12151573,0,0,1,3,,,,,,,,,
12151574,0,0,5,4,,,,,,,,,
12151575,0,0,1,5,,,,,,,,,
12151576,0,0,0,6,,,,,,,,,
12151577,2,2,6,6,,,,,,,,,
12151578,2,2,6,4,6,,,,,,,,
12151606,2,2,0,6,6,,,,,,,,
12151607,2,2,4,6,6,,,,,,,,
12151618,2,2,6,6,,,,,,,,,
12151619,2,2,6,6,,,,,,,,,
12151690,2,2,6,6,,,,,,,,,
12151705,2,2,7,6,,,,7,,,,,
12151706,0,0,1,1,,,,,,,,,
12151707,0,0,2,3,,,,,,,,,
12151717,0,0,6,4,,,,3,,,,,
12151718,2,2,4,6,10,,,,,,,,
12151719,1,1,6,6,9,,,1,,,,,
12151720,1,1,5,6,6,,,,,,,,
12151721,2,2,6,6,,,,,,,,,
12151723,2,2,6,7,,,,,,,,,
12151724,1,1,4,7,4,,,,,,,,
12151725,0,0,1,2,,,,,,,,,
12151726,0,0,2,0,,,,,,,,,
12151729,2,2,6,6,,,,,,,,,
12151730,0,0,2,2,,,,,,,,,
12151731,2,2,7,2,6,,,,,,,,
12151734,0,0,0,1,,,,,,,,,
12151736,0,0,6,4,,,,5,,,,,
12151738,2,2,6,5,6,,,,,,,,
12151739,1,1,6,2,3,,,,,,,,
12151803,2,2,7,6,,,,7,,,,,
12151826,0,0,0,1,,,,,,,,,
12151827,0,0,1,3,,,,,,,,,
12151938,1,1,6,4,1,,,,,,,,
12151939,2,2,7,6,,,,,,,,,
12151940,2,2,6,3,6,,,,,,,,
12151941,2,2,6,6,,,,,,,,,
12151942,2,2,6,6,6,,,1,,,,,
12151943,2,2,6,6,,,,,,,,,
12151951,2,2,6,6,,,,,,,,,
12152000,0,0,4,4,,,,,,,,,
12152176,2,2,3,6,7,,,,,,,,
12152179,1,1,2,6,3,,,,,,,,
12152182,2,2,7,6,,,,8,,,,,
12152185,0,0,3,0,,,,,,,,,
12152262,2,2,6,6,,,,,,,,,
12152263,1,1,6,2,4,,,,,,,,
12152265,2,2,6,6,,,,,,,,,
12152268,0,0,1,0,,,,,,,,,
12152271,2,2,6,6,,,,,,,,,
12152272,2,2,6,6,,,,,,,,,
12152273,0,0,1,4,,,,,,,,,
12152274,0,0,1,4,,,,,,,,,
12152275,0,0,1,2,,,,,,,,,
12152276,2,2,6,6,,,,,,,,,
12152277,2,2,7,6,,,,7,,,,,
12152278,0,0,2,2,,,,,,,,,
12152279,0,0,4,5,,,,,,,,,
12152282,0,0,4,3,,,,,,,,,
12152290,2,2,6,7,,,,,,,,,
12152294,0,0,4,3,,,,,,,,,
12152295,0,0,1,4,,,,,,,,,
12152296,2,2,6,4,6,,,,,,,,
12152298,0,0,1,0,,,,,,,,,
12152299,0,0,3,3,,,,,,,,,
12152300,2,2,3,6,7,,,,,,,,
12152301,1,1,6,6,3,,,,5,,,,
12152302,0,0,3,1,,,,,,,,,
12152304,0,0,5,3,,,,,,,,,
12152306,2,2,6,6,,,,,,,,,
12152308,1,1,0,6,2,,,,,,,,
12152309,2,2,6,0,6,,,,,,,,
12152310,1,1,3,6,4,,,,,,,,
12152315,2,2,6,6,6,,,4,,,,,
12152318,1,1,4,6,4,,,,,,,,
12152319,2,2,6,6,,,,,,,,,
12152320,1,1,7,0,6,,,,,11,,,
12152321,0,0,2,1,,,,,,,,,
12152326,2,2,6,6,,,,,,,,,
12152327,2,2,6,6,,,,,,,,,
12152328,2,2,7,6,,,,7,,,,,
12152330,2,2,6,6,,,,,,,,,
12152331,1,1,7,2,4,,,,,,,,
12152333,2,2,5,7,6,,,,,,,,
12152334,1,1,6,2,2,,,,,,,,
12152335,0,0,5,3,,,,,,,,,
12152336,0,0,4,3,,,,,,,,,
12152337,2,2,6,6,,,,,,,,,
12152338,0,0,3,3,,,,,,,,,
12152339,1,1,6,5,6,,,,,6,,,
12152340,0,0,3,4,,,,,,,,,
12152343,2,2,3,6,6,,,,,,,,
12152344,1,1,0,6,3,,,,,,,,
12152346,1,1,3,6,3,,,,,,,,
12152347,2,2,6,6,,,,,,,,,
12152348,2,2,7,3,6,,,7,,,,,
12152350,2,2,6,6,,,,,,,,,
12152351,2,2,7,6,,,,,,,,,
12152352,1,1,6,3,4,,,,,,,,
12152353,0,0,0,0,,,,,,,,,
12152355,2,2,6,6,,,,,,,,,
12152357,0,0,1,5,,,,,,,,,
12152386,0,0,2,3,,,,,,,,,
12152387,0,0,2,1,,,,,,,,,
12152388,0,0,3,6,,,,,6,,,,
12152389,0,0,4,4,,,,,,,,,
12152390,2,2,7,6,,,,7,,,,,
12152391,0,0,2,2,,,,,,,,,
12152392,2,2,6,3,10,,,,,,,,
12152396,2,2,6,6,,,,,,,,,
12152398,2,2,4,6,6,,,,,,,,
12152399,0,0,4,0,,,,,,,,,
12152400,2,2,6,2,6,,,,,,,,
12152401,0,0,3,3,,,,,,,,,
12152402,0,0,5,3,,,,,,,,,
12152403,1,1,7,5,1,,,7,,,,,
12152404,0,0,6,3,,,,6,,,,,
12152409,0,0,2,4,,,,,,,,,
12152410,0,0,3,5,,,,,,,,,
12152411,0,0,3,2,,,,,,,,,
12152412,2,2,4,6,6,,,,,,,,
12152413,2,2,6,7,6,,,4,,,,,
12152414,1,1,3,6,3,,,,,,,,
12152415,0,0,3,2,,,,,,,,,
12152416,2,2,6,6,,,,,,,,,
12152417,2,2,3,7,6,,,,7,,,,
12152418,2,2,3,6,6,,,,,,,,
12152419,2,2,6,6,,,,,,,,,
12152420,2,2,1,7,6,,,,11,,,,
12152421,1,1,3,7,3,,,,7,,,,
12152422,1,1,6,3,4,,,,,,,,
12152423,2,2,6,5,6,,,,,,,,
12152424,0,0,3,3,,,,,,,,,
12152425,0,0,4,3,,,,,,,,,
12152428,0,0,1,,,,,,,,,,
12152429,1,1,6,6,2,,,3,,,,,
12152430,1,1,6,6,5,,,4,,,,,
12152432,0,0,3,3,,,,,,,,,
12152446,1,1,6,4,1,,,,,,,,
12152447,0,0,0,0,,,,,,,,,
12152448,1,1,3,7,6,,,,7,6,,,
12152449,1,1,6,6,2,,,5,,,,,
12152450,0,0,4,1,,,,,,,,,
12152451,0,0,0,4,,,,,,,,,
12152452,0,0,1,6,,,,,2,,,,
12152453,0,0,3,4,,,,,,,,,
12152454,2,2,7,6,,,,,,,,,
12152455,1,1,6,6,1,,,,6,,,,
12152456,2,2,4,7,6,,,,7,,,,
12152457,2,2,6,6,,,,,,,,,
12152459,2,2,6,3,6,,,,,,,,
12152460,2,2,6,7,,,,,7,,,,
12152461,1,1,3,7,3,,,,,,,,
12152462,1,1,6,4,3,,,,,,,,
12152463,2,2,7,4,7,,,,,8,,,
12152464,0,0,4,3,,,,,,,,,
12152494,2,2,6,6,,,,,,,,,
12152495,2,2,6,6,,,,,,,,,
12152496,2,2,6,1,6,,,,,,,,
12152497,0,0,2,1,,,,,,,,,
12152498,0,0,2,0,,,,,,,,,
12152499,0,0,1,1,,,,,,,,,
12152500,2,2,3,6,6,,,,,,,,
12152501,0,0,2,5,,,,,,,,,
12152507,1,1,6,4,4,,,,,,,,
12152512,0,0,2,0,,,,,,,,,
12152513,2,2,6,6,,,,,,,,,
12152515,2,2,6,3,6,,,,,,,,
12152516,0,0,3,6,,,,,5,,,,
12152517,0,0,4,4,,,,,,,,,
12152518,0,0,5,3,,,,,,,,,
12152519,2,2,4,6,6,,,,,,,,
12152520,2,2,6,6,,,,,,,,,
12152521,0,0,3,2,,,,,,,,,
12152522,2,2,6,6,,,,,,,,,
12152523,2,2,6,5,6,,,,,,,,
12152524,2,2,7,6,,,,7,,,,,
12152525,2,2,6,6,,,,,,,,,
12152526,2,2,6,6,,,,,,,,,
12152529,0,0,0,6,,,,,3,,,,
12152530,0,0,1,,,,,,,,,,
12152531,1,1,6,6,6,,,5,,7,,,
12152532,2,2,6,6,,,,,,,,,
12152533,0,0,0,2,,,,,,,,,
12152535,0,0,1,4,,,,,,,,,
12152536,0,0,6,1,,,,2,,,,,
12152537,0,0,1,6,,,,,2,,,,
12152538,0,0,1,1,,,,,,,,,
12152539,0,0,1,2,,,,,,,,,
12152540,2,2,6,6,,,,,,,,,
12152541,2,2,6,6,,,,,,,,,
12152542,2,2,6,6,,,,,,,,,
12152543,0,0,4,6,,,,,1,,,,
12152545,0,0,1,0,,,,,,,,,
12152546,0,0,5,3,,,,,,,,,
12152548,1,1,4,6,2,,,,,,,,
12152549,0,0,3,4,,,,,,,,,
12152550,0,0,6,0,,,,3,,,,,
12152552,0,0,4,6,,,,,4,,,,
12152553,0,0,0,4,,,,,,,,,
12152554,2,2,6,6,,,,,,,,,
12152555,2,2,6,0,7,,,,,7,,,
12152556,2,2,6,6,,,,,,,,,
12152557,2,2,7,6,,,,,,,,,
12152559,0,0,2,2,,,,,,,,,
12152560,2,2,6,6,,,,,,,,,
12152562,2,2,6,6,6,,,4,,,,,
12152563,0,0,3,0,,,,,,,,,
12152564,2,2,6,6,,,,,,,,,
12152565,2,2,2,6,7,,,,,8,,,
12152566,,,,,,,,,,,,,
12152567,2,2,4,6,6,,,,,,,,
12152568,1,1,3,7,4,,,,7,,,,
12152569,2,2,6,1,6,,,,,,,,
12152570,2,2,6,6,,,,,,,,,
12152571,0,0,2,3,,,,,,,,,
12152572,2,2,7,5,6,,,7,,,,,
12152573,0,0,1,5,,,,,,,,,
12152574,2,2,4,6,7,,,,,8,,,
12152575,0,0,3,4,,,,,,,,,
12152576,2,2,6,6,,,,,,,,,
12152578,2,2,6,6,,,,,,,,,
12152579,0,0,0,0,,,,,,,,,
12152581,2,2,6,6,,,,,,,,,
12152583,2,2,6,6,,,,,,,,,
12152584,0,0,1,0,,,,,,,,,
12152585,1,1,4,6,5,,,,,,,,
12152587,0,0,4,4,,,,,,,,,
12152588,0,0,1,4,,,,,,,,,
12152589,2,2,7,6,,,,,,,,,
12152590,2,2,6,6,,,,,,,,,
12152591,0,0,1,4,,,,,,,,,
12152592,0,0,3,5,,,,,,,,,
12152593,2,2,6,6,,,,,,,,,
12152594,0,0,1,0,,,,,,,,,
12152595,0,0,3,0,,,,,,,,,
12152596,2,2,6,6,,,,,,,,,
12152597,0,0,4,1,,,,,,,,,
12152598,2,2,6,7,,,,,7,,,,
12152599,2,2,7,6,,,,7,,,,,
12152600,0,0,4,1,,,,,,,,,
12152601,2,2,7,7,,,,,,,,,
12152602,0,0,2,0,,,,,,,,,
12152603,2,2,6,3,7,,,,,7,,,
12152604,2,2,6,6,,,,,,,,,
12152605,0,0,5,2,,,,,,,,,
12152606,2,2,7,7,,,,,,,,,
12152607,2,2,6,6,,,,,,,,,
12152608,2,2,7,6,,,,,,,,,
12152610,2,2,6,7,,,,,,,,,
12152612,2,2,6,6,,,,,,,,,
12152614,1,1,6,1,3,,,,,,,,
12152615,2,2,3,7,6,,,,,,,,
12152616,2,2,6,6,,,,,,,,,
12152617,1,1,2,6,5,,,,,,,,
12152619,1,1,7,6,5,,,,4,,,,
12152620,1,1,1,6,6,,,,,4,,,
12152621,2,2,3,6,6,,,,,,,,
12152624,2,2,6,6,,,,,,,,,
12152627,2,2,6,6,,,,,,,,,
12152630,2,2,6,6,,,,,,,,,
12152633,0,0,1,3,,,,,,,,,
12152635,0,0,1,3,,,,,,,,,
12152637,2,2,4,6,6,,,,,,,,
12152639,1,1,4,6,6,,,,,2,,,
12152640,2,2,3,6,6,,,,,,,,
12152641,2,2,6,6,,,,,,,,,
12152642,0,0,1,6,,,,,4,,,,
12152643,2,2,3,6,6,,,,,,,,
12152644,2,2,6,6,,,,,,,,,
12152645,2,2,6,6,,,,,,,,,
12152646,2,2,6,7,,,,,,,,,
12152648,2,2,6,6,,,,,,,,,
12152649,2,2,6,6,,,,,,,,,
12152650,2,2,6,7,,,,,7,,,,
12152953,2,2,7,7,,,,,,,,,
12152954,0,0,2,1,,,,,,,,,
12153225,2,2,6,7,,,,,,,,,
12153356,1,1,1,6,3,,,,,,,,
12153357,0,0,3,4,,,,,,,,,
12153358,0,0,4,4,,,,,,,,,
12153359,0,0,4,2,,,,,,,,,
12153360,0,0,3,6,,,,,2,,,,
12153361,2,2,3,6,6,,,,,,,,
12153398,1,1,6,1,0,,,,,,,,
12153444,2,2,6,7,,,,,,,,,
12153585,2,2,6,6,,,,,,,,,
12153630,2,2,6,6,,,,,,,,,
12153631,0,0,2,1,,,,,,,,,
12153632,1,1,2,6,2,,,,,,,,
12153633,2,2,6,6,,,,,,,,,
12153634,2,2,6,6,,,,,,,,,
12153635,2,2,3,7,7,,,,7,,,,
12153636,2,2,6,6,,,,,,,,,
12153691,1,1,0,6,4,,,,,,,,
12153855,0,0,5,6,,,,,5,,,,
12153856,2,2,6,6,,,,,,,,,
12153857,2,2,6,6,,,,,,,,,
12153858,2,2,2,6,6,,,,,,,,
12153859,0,0,2,1,,,,,,,,,
12153860,2,2,7,6,,,,,,,,,
12153861,0,0,3,2,,,,,,,,,
12153866,1,1,3,7,5,,,,7,,,,
12153867,2,2,6,6,,,,,,,,,
12153868,2,2,6,6,,,,,,,,,
12153869,1,1,7,3,2,,,,,,,,
12153870,1,1,3,6,2,,,,,,,,
12153871,2,2,6,6,,,,,,,,,
12153872,1,1,6,3,2,,,,,,,,
12153883,2,2,6,6,,,,,,,,,
12153884,2,2,6,6,,,,,,,,,
12153885,2,2,6,6,,,,,,,,,
12153886,2,2,6,6,,,,,,,,,
12153891,2,2,6,6,,,,,,,,,
12153892,2,2,4,6,6,,,,,,,,
12153893,2,2,6,6,,,,,,,,,
12153894,0,0,3,1,,,,,,,,,
12153895,2,2,6,6,,,,,,,,,
12153896,2,2,6,6,6,,,5,,,,,
12153897,0,0,0,0,,,,,,,,,
12153898,2,2,6,6,,,,,,,,,
12153899,2,2,6,3,6,,,,,,,,
12153900,0,0,2,1,,,,,,,,,
12153901,2,2,2,6,6,,,,,,,,
12153902,0,0,6,5,,,,4,,,,,
12153909,0,0,2,0,,,,,,,,,
12153910,0,0,3,0,,,,,,,,,
12153914,2,2,6,6,,,,,,,,,
12153917,0,0,4,2,,,,,,,,,
12153926,2,2,6,2,6,,,,,,,,
12154093,2,2,6,2,6,,,,,,,,
12154094,0,0,4,3,,,,,,,,,
12154106,2,2,6,4,10,,,,,,,,
12154110,0,0,6,5,,,,6,,,,,
12154111,2,2,3,6,6,,,,,,,,
12154112,0,0,2,1,,,,,,,,,
12154113,0,0,5,6,,,,,3,,,,
12154114,2,2,6,6,,,,,,,,,
12154115,2,2,6,6,6,,,,3,,,,
12154116,0,0,3,1,,,,,,,,,
12154118,2,2,7,4,6,,,,,,,,
12154119,2,2,6,5,7,,,,,,,,
12154121,2,2,6,6,,,,,,,,,
12154123,2,2,6,7,,,,,7,,,,
12154124,1,1,6,2,,,,,,,,,
12154125,2,2,6,6,,,,,,,,,
12154126,2,2,4,6,6,,,,,,,,
12154127,0,0,1,0,,,,,,,,,
12154128,0,0,5,4,,,,,,,,,
12154150,0,0,0,1,,,,,,,,,
12154152,2,2,3,6,7,,,,,7,,,
12154153,1,1,4,6,6,,,,,6,,,
12154154,2,2,6,6,,,,,,,,,
12154155,2,2,6,6,,,,,,,,,
12154156,2,2,6,6,7,,,2,,,,,
12154157,2,2,6,6,,,,,,,,,
12154195,2,2,1,6,6,,,,,,,,
12154209,2,2,6,6,,,,,,,,,
12154210,1,1,2,6,4,,,,,,,,
12154211,0,0,6,2,,,,1,,,,,
12154212,2,2,6,6,,,,,,,,,
12154213,0,0,3,3,,,,,,,,,
12154214,2,2,7,6,,,,7,,,,,
12154215,2,2,6,6,,,,,,,,,
12154216,0,0,4,3,,,,,,,,,
12154217,2,2,6,6,,,,,,,,,
12154218,0,0,4,2,,,,,,,,,
12154219,2,2,4,6,6,,,,,,,,
12154220,0,0,6,2,,,,5,,,,,
12154221,2,2,3,6,6,,,,,,,,
12154222,0,0,6,5,,,,5,,,,,
12154223,2,2,6,7,,,,,7,,,,
12154224,2,2,6,6,,,,,,,,,
12154225,1,1,6,4,2,,,,,,,,
12154226,0,0,4,0,,,,,,,,,
12154227,1,1,6,7,4,,,3,,,,,
12154228,2,2,6,6,6,,,3,,,,,
12154229,2,2,6,3,6,,,,,,,,
12154230,0,0,0,4,,,,,,,,,
12154231,0,0,0,4,,,,,,,,,
12154232,0,0,2,2,,,,,,,,,
12154233,0,0,2,1,,,,,,,,,
12154234,0,0,6,3,,,,,,,,,
12154235,0,0,0,2,,,,,,,,,
12154236,0,0,1,2,,,,,,,,,
12154237,2,2,6,6,,,,,,,,,
12154238,1,1,7,2,0,,,,,,,,
12154239,0,0,4,2,,,,,,,,,
12154240,0,0,6,1,,,,5,,,,,
12154241,2,2,6,6,,,,,,,,,
12154242,2,2,6,7,,,,,,,,,
12154243,2,2,6,3,6,,,,,,,,
12154244,1,1,7,4,2,,,,,,,,
12154245,2,2,6,6,6,,,,4,,,,
12154258,2,2,6,3,6,,,,,,,,
12154259,2,2,6,6,,,,,,,,,
12154260,2,2,7,6,,,,7,,,,,
12154269,2,2,7,6,6,,,,5,,,,
12154275,2,2,6,6,,,,,,,,,
12154276,2,2,6,6,,,,,,,,,
12154279,0,0,1,2,,,,,,,,,
12154281,0,0,3,5,,,,,,,,,
12154283,1,1,6,4,6,,,,,3,,,
12154325,2,2,6,6,,,,,,,,,
12154326,1,1,6,4,,,,,,,,,
12154327,0,0,6,2,,,,2,,,,,
12154328,0,0,6,6,,,,2,5,,,,
12154329,0,0,3,1,,,,,,,,,
12154330,0,0,6,3,,,,3,,,,,
12154331,0,0,3,2,,,,,,,,,
12154332,0,0,6,4,,,,5,,,,,
12154333,2,2,6,4,6,,,,,,,,
12154408,0,0,4,6,,,,,1,,,,
12154433,,,1,,,,,,,,,,
12154434,0,0,2,1,,,,,,,,,
12154435,1,1,6,4,4,,,,,,,,
12154439,2,2,7,6,,,,7,,,,,
12154440,0,0,2,3,,,,,,,,,
12154441,0,0,3,1,,,,,,,,,
12154442,0,0,1,1,,,,,,,,,
12154443,2,2,4,6,7,,,,,,,,
12154453,2,2,7,6,,,,7,,,,,
12154472,2,2,6,7,,,,,7,,,,
12154561,0,0,2,6,,,,,3,,,,
12154593,2,2,6,6,,,,,,,,,
12154625,0,0,1,3,,,,,,,,,
12154633,2,2,6,6,,,,,,,,,
12154634,1,1,6,3,1,,,,,,,,
12154635,2,2,6,6,,,,,,,,,
12154636,0,0,2,0,,,,,,,,,
12154637,1,1,6,6,4,,,2,,,,,
12154638,0,0,1,2,,,,,,,,,
12154639,2,2,3,6,6,,,,,,,,
12154640,0,0,4,0,,,,,,,,,
12154641,0,0,1,0,,,,,,,,,
12154693,2,2,7,2,7,,,,,,,,
12154763,0,0,2,3,,,,,,,,,
12154855,0,0,2,0,,,,,,,,,
12155008,0,0,4,5,,,,,,,,,
12155014,1,1,7,3,5,,,,,,,,
12155030,0,0,4,4,,,,,,,,,
12155031,1,1,7,3,,,,,,,,,
12155032,2,2,6,6,,,,,,,,,
12155033,0,0,1,0,,,,,,,,,
12155034,2,2,6,6,,,,,,,,,
12155035,2,2,6,6,,,,,,,,,
12155036,2,2,6,6,,,,,,,,,
12155049,0,0,2,3,,,,,,,,,
12155072,1,1,7,3,2,,,,,,,,
12155073,,,,,,,,,,,,,
12155074,2,2,6,2,6,,,,,,,,
12155075,0,0,2,0,,,,,,,,,
12155076,2,2,6,6,,,,,,,,,
12155077,2,2,7,2,6,,,14,,,,,
12155078,0,0,1,1,,,,,,,,,
12155079,2,2,6,6,,,,,,,,,
12155314,0,0,2,5,,,,,,,,,
12155629,2,2,2,6,6,,,,,,,,
12155631,0,0,1,0,,,,,,,,,
12155632,0,0,4,0,,,,,,,,,
12155634,0,0,6,4,,,,5,,,,,
12155635,2,2,6,7,,,,,,,,,
12155636,1,1,6,6,4,,,5,,,,,
12155644,2,2,6,6,,,,,,,,,
12155645,,,,,,,,,,,,,
12155646,0,0,0,4,,,,,,,,,
12155647,0,0,2,3,,,,,,,,,
12155648,2,2,6,6,,,,,,,,,
12155649,0,0,5,3,,,,,,,,,
12155650,2,2,6,6,,,,,,,,,
12155651,0,0,6,5,,,,6,,,,,
12156004,1,1,3,7,2,,,,7,,,,
12156024,0,0,4,4,,,,,,,,,
12156035,2,2,7,6,,,,,,,,,
12156052,0,0,3,6,,,,,5,,,,
12156086,1,1,6,0,3,,,,,,,,
12156087,2,2,7,6,,,,7,,,,,
12156238,2,2,6,6,,,,,,,,,
12156354,0,0,2,6,,,,,3,,,,
12156355,1,1,7,3,4,,,7,,,,,
12156361,2,2,6,6,,,,,,,,,
12156368,2,2,6,6,,,,,,,,,
12156371,2,2,6,6,,,,,,,,,
12156373,1,1,6,6,2,,,,7,,,,
12156385,0,0,2,2,,,,,,,,,
12156387,0,0,3,4,,,,,,,,,
12156389,2,2,6,6,,,,,,,,,
12156405,0,0,2,2,,,,,,,,,
12156408,2,2,6,4,6,,,,,,,,
12156419,0,0,4,2,,,,,,,,,
12156420,2,2,6,6,,,,,,,,,
12156436,0,0,3,2,,,,,,,,,
12156487,0,0,3,,,,,,,,,,
12156560,2,2,6,6,,,,,,,,,
12156570,1,1,7,4,4,,,7,,,,,
12156572,2,2,6,6,,,,,,,,,
12156758,0,0,3,4,,,,,,,,,
12156759,2,2,7,4,6,,,,,,,,
12156789,0,0,6,3,,,,4,,,,,
12156801,2,2,6,6,,,,,,,,,
12156808,2,2,1,6,6,,,,,,,,
12156809,2,2,6,6,,,,,,,,,
12156819,2,2,6,6,,,,,,,,,
12156820,0,0,2,3,,,,,,,,,
12156829,0,0,0,4,,,,,,,,,
12156830,0,0,2,3,,,,,,,,,
12156831,1,1,6,2,4,,,,,,,,
12156839,0,0,1,3,,,,,,,,,
12156846,2,2,6,6,7,,,,3,7,,,
12156850,0,0,5,3,,,,,,,,,
12156904,1,1,6,6,5,,,0,,,,,
12156934,2,2,6,6,,,,,,,,,
12156935,2,2,6,6,,,,,,,,,
12156939,2,2,6,6,,,,,,,,,
12156953,2,2,6,6,,,,,,,,,
12156954,2,2,7,6,,,,,,,,,
12156960,2,2,6,4,6,,,,,,,,
12157141,2,2,6,6,,,,,,,,,
12157146,2,2,6,6,,,,,,,,,
12157147,0,0,5,4,,,,,,,,,
12157148,2,2,6,6,,,,,,,,,
12157149,2,2,6,6,,,,,,,,,
12157150,2,2,6,6,,,,,,,,,
12157151,2,2,6,5,6,,,,,,,,
12157152,2,2,6,6,,,,,,,,,
12157157,2,2,6,6,,,,,,,,,
12157179,0,0,3,1,,,,,,,,,
12157230,2,2,6,6,,,,,,,,,
12157240,1,1,4,7,1,,,,7,,,,
12157242,2,2,3,6,6,,,,,,,,
12157244,2,2,7,6,,,,7,,,,,
12157245,2,2,7,6,,,,9,,,,,
12157246,1,1,4,6,,,,,,,,,
12157248,0,0,4,5,,,,,,,,,
12157271,0,0,2,4,,,,,,,,,
12157272,2,2,4,7,6,,,,,,,,
12157273,0,0,1,5,,,,,,,,,
12157281,0,0,2,3,,,,,,,,,
12157297,2,2,6,2,6,,,,,,,,
12157298,0,0,1,2,,,,,,,,,
12157307,1,1,6,4,5,,,,,,,,
12157315,2,2,6,6,,,,,,,,,
12157333,1,1,1,6,2,,,,,,,,
12157367,0,0,2,2,,,,,,,,,
12157368,1,1,4,6,6,,,,,7,,,
12157393,0,0,3,5,,,,,,,,,
12157394,0,0,4,3,,,,,,,,,
12157395,2,2,6,6,,,,,,,,,
12157399,0,0,6,2,,,,4,,,,,
12157400,1,1,6,1,1,,,,,,,,
12157408,0,0,3,0,,,,,,,,,
12157409,2,2,7,7,,,,7,7,,,,
12157418,2,2,6,6,,,,,,,,,
12157432,1,1,2,6,4,,,,,,,,
12157433,1,1,3,7,2,,,,8,,,,
12157434,2,2,6,6,,,,,,,,,
12157451,1,1,2,6,3,,,,,,,,
12157458,2,2,6,6,,,,,,,,,
12157459,0,0,4,4,,,,,,,,,
12157469,2,2,7,6,,,,7,,,,,
12157470,0,0,1,2,,,,,,,,,
12157486,2,2,3,6,6,,,,,,,,
12157499,0,0,2,,,,,,,,,,
12157504,2,2,2,7,6,,,,7,,,,
12157508,2,2,6,6,,,,,,,,,
12157509,0,0,6,2,,,,4,,,,,
12157517,0,0,4,3,,,,,,,,,
12157518,2,2,6,7,,,,,,,,,
12157519,2,2,6,6,,,,,,,,,
12157521,2,2,6,6,,,,,,,,,
12157522,2,2,6,6,,,,,,,,,
12157523,,,,,,,,,,,,,
12157524,1,1,6,4,1,,,,,,,,
12157525,2,2,6,6,,,,,,,,,
12157534,0,0,5,1,,,,,,,,,
12157541,0,0,0,4,,,,,,,,,
12157561,0,0,4,1,,,,,,,,,
12157571,0,0,2,4,,,,,,,,,
12157572,2,2,2,6,6,,,,,,,,
12157613,0,0,4,3,,,,,,,,,
12157614,2,2,6,4,6,,,,,,,,
12157616,0,0,2,2,,,,,,,,,
12157683,1,1,6,2,1,,,,,,,,
12157684,0,0,2,4,,,,,,,,,
12157685,1,1,7,4,5,,,9,,,,,
12157690,1,1,6,4,1,,,,,,,,
12157691,2,2,6,6,,,,,,,,,
12157692,0,0,2,2,,,,,,,,,
12157694,2,2,6,6,,,,,,,,,
12157695,2,2,6,6,,,,,,,,,
12157709,0,0,4,2,,,,,,,,,
12157738,2,2,6,7,,,,,,,,,
12157739,,,,,,,,,,,,,
12157740,0,0,2,3,,,,,,,,,
12157757,1,1,7,3,2,,,,,,,,
12157772,1,1,6,6,4,,,2,,,,,
12157774,0,0,2,0,,,,,,,,,
12157775,0,0,3,1,,,,,,,,,
12157805,1,1,4,6,4,,,,,,,,
12157830,,,,,,,,,,,,,
12157831,0,0,4,4,,,,,,,,,
12157832,0,0,2,3,,,,,,,,,
12157837,1,1,4,6,2,,,,,,,,
12157838,0,0,4,4,,,,,,,,,
12157917,1,1,6,6,5,,,,4,,,,
12157918,2,2,6,6,,,,,,,,,
12157919,2,2,6,6,,,,,,,,,
12157939,2,2,6,6,,,,,,,,,
12157962,1,1,7,2,1,,,7,,,,,
12157964,1,1,6,6,1,,,6,,,,,
12157965,0,0,6,6,,,,9,3,,,,
12158032,,,,,,,,,,,,,
12158033,2,2,6,6,,,,,,,,,
12158044,0,0,1,1,,,,,,,,,
12158051,0,0,0,6,,,,,4,,,,
12158052,0,0,2,4,,,,,,,,,
12158054,2,2,6,6,,,,,,,,,
12158075,1,1,3,6,5,,,,,,,,
12158078,2,2,6,4,6,,,,,,,,
12158080,0,0,5,3,,,,,,,,,
12158081,0,0,0,1,,,,,,,,,
12158082,2,2,6,6,,,,,,,,,
12158083,2,2,6,6,,,,,,,,,
12158084,0,0,2,3,,,,,,,,,
12158100,0,0,6,1,,,,4,,,,,
12158103,2,2,6,6,,,,,,,,,
12158117,2,2,6,6,6,,,6,,,,,
12158118,2,2,6,6,,,,,,,,,
12158121,2,2,6,6,7,,,,2,7,,,
12158139,1,1,1,6,3,,,,,,,,
12158141,2,2,6,6,,,,,,,,,
12158142,0,0,3,0,,,,,,,,,
12158195,2,2,6,6,,,,,,,,,
12158200,2,2,7,6,,,,7,,,,,
12158204,2,2,6,6,,,,,,,,,
12158210,1,1,2,6,4,,,,,,,,
12158226,1,1,1,6,2,,,,,,,,
12158230,2,2,6,6,,,,,,,,,
12158237,0,0,2,4,,,,,,,,,
12158239,2,2,3,6,6,,,,,,,,
12158246,2,2,6,6,,,,,,,,,
12158247,2,2,7,6,,,,7,,,,,
12158252,2,2,6,3,6,,,,,,,,
12158279,0,0,4,4,,,,,,,,,
12158282,1,1,7,3,3,,,,,,,,
12158300,2,2,6,6,,,,,,,,,
12158303,2,2,1,6,6,,,,,,,,
12158317,1,1,6,3,1,,,,,,,,
12158320,2,2,6,6,,,,,,,,,
12158347,0,0,4,1,,,,,,,,,
12158357,2,2,6,6,,,,,,,,,
12158363,2,2,2,7,6,,,,10,,,,
12158365,,,7,2,,,,,,,,,
12158368,2,2,6,6,,,,,,,,,
12110005,2,2,6,6,,,,,,,,,
12110006,2,2,2,7,6,,,,7,,,,
12110008,0,0,5,4,,,,,,,,,
12110010,2,2,6,6,,,,,,,,,
12110011,0,0,4,4,,,,,,,,,
12110012,2,2,6,6,,,,,,,,,
12110016,1,1,6,6,4,,,,3,,,,
12110018,1,1,2,6,3,,,,,,,,
12110033,2,2,6,6,,,,,,,,,
12110035,1,1,3,6,2,,,,,,,,
12110037,2,2,6,7,,,,,,,,,
12110038,2,2,6,6,,,,,,,,,
12110039,1,1,6,4,3,,,,,,,,
12110041,0,0,4,0,,,,,,,,,
12110045,2,2,6,3,6,,,,,,,,
12110075,1,1,7,2,4,,,,,,,,
12131505,0,0,4,4,,,,,,,,,
12131507,2,2,6,6,,,,,,,,,
12131508,2,2,3,7,6,,,,8,,,,
12131509,0,0,5,2,,,,,,,,,
12131510,2,2,6,7,,,,,7,,,,
12131511,2,2,6,2,7,,,,,,,,
12131513,2,2,6,6,,,,,,,,,
12131514,0,0,3,,,,,,,,,,
12131516,2,2,6,6,,,,,,,,,
12131546,1,1,1,6,3,,,,,,,,
12131549,2,2,7,2,6,,,,,,,,
12131552,1,1,1,6,4,,,,,,,,
12131553,0,0,1,1,,,,,,,,,
12131555,0,0,2,3,,,,,,,,,
12131556,0,0,4,,,,,,,,,,
12131557,0,0,1,,,,,,,,,,
12131568,2,2,6,6,,,,,,,,,
12131569,2,2,4,7,6,,,,7,,,,
12131570,0,0,4,6,,,,,5,,,,
12131571,1,1,6,1,4,,,,,,,,
12131573,2,2,7,2,6,,,,,,,,
12131574,1,1,6,2,3,,,,,,,,
12131575,1,1,6,3,0,,,,,,,,
12131577,1,1,4,6,4,,,,,,,,
12131581,0,0,3,5,,,,,,,,,
12131582,0,0,3,1,,,,,,,,,
12131604,2,2,3,6,6,,,,,,,,
12131605,0,0,5,1,,,,,,,,,
12131610,2,2,5,6,6,,,,,,,,
12131611,2,2,6,4,6,,,,,,,,
12131612,2,2,7,6,,,,11,,,,,
12131613,2,2,6,7,,,,,,,,,
12131614,2,2,6,2,7,,,,,7,,,
12131618,0,0,4,2,,,,,,,,,
12131636,2,2,2,7,6,,,,7,,,,
12131638,2,2,7,4,7,,,,,11,,,
12131639,0,0,1,2,,,,,,,,,
12131640,2,2,6,6,,,,,,,,,
12131641,2,2,6,6,,,,,,,,,
12131642,0,0,5,2,,,,,,,,,
12131643,2,2,6,6,,,,,,,,,
12131644,2,2,7,6,,,,,,,,,
12131645,2,2,6,6,,,,,,,,,
12131646,2,2,6,6,,,,,,,,,
12131647,2,2,6,7,,,,,,,,,
12131648,1,1,6,6,3,,,2,,,,,
12145471,0,0,3,5,,,,,,,,,
12145476,2,2,6,7,,,,,7,,,,
12148591,2,2,6,6,,,,,,,,,
12148592,0,0,2,2,,,,,,,,,
12148593,0,0,0,1,,,,,,,,,
12148595,,,,,,,,,,,,,
12148596,1,1,3,6,3,,,,,,,,
12148597,0,0,6,1,,,,5,,,,,
12148598,0,0,2,2,,,,,,,,,
12148599,1,1,6,4,5,,,,,,,,
12148600,0,0,1,,,,,,,,,,
12148604,0,0,4,3,,,,,,,,,
12148926,0,0,6,2,,,,4,,,,,
12148927,0,0,0,1,,,,,,,,,
12148930,2,2,6,6,,,,,,,,,
12148932,0,0,4,2,,,,,,,,,
12148933,2,2,7,7,,,,,,,,,
12150729,2,2,6,6,,,,,,,,,
12151114,0,0,2,2,,,,,,,,,
12151328,2,2,7,4,6,,,11,,,,,
12151329,1,1,0,6,3,,,,,,,,
12151330,0,0,4,3,,,,,,,,,
12151344,2,2,6,6,,,,,,,,,
12151426,2,2,6,6,,,,,,,,,
12151570,2,2,2,6,6,,,,,,,,
12151571,1,1,7,0,,,,10,,,,,
12151572,0,0,5,1,,,,,,,,,
12151574,0,0,5,4,,,,,,,,,
12151575,0,0,1,5,,,,,,,,,
12151576,0,0,0,6,,,,,,,,,
12151577,2,2,6,6,,,,,,,,,
12151578,2,2,6,4,6,,,,,,,,
12151606,2,2,0,6,6,,,,,,,,
12151607,2,2,4,6,6,,,,,,,,
12151618,2,2,6,6,,,,,,,,,
12151619,2,2,6,6,,,,,,,,,
12151690,2,2,6,6,,,,,,,,,
12151803,2,2,7,6,,,,7,,,,,
12151951,2,2,6,6,,,,,,,,,
12152262,2,2,6,6,,,,,,,,,
12152273,0,0,1,4,,,,,,,,,
12152277,2,2,7,6,,,,7,,,,,
12152278,0,0,2,2,,,,,,,,,
12152279,0,0,4,5,,,,,,,,,
12152290,2,2,6,7,,,,,,,,,
12152294,0,0,4,3,,,,,,,,,
12152296,2,2,6,4,6,,,,,,,,
12152298,0,0,1,0,,,,,,,,,
12152300,2,2,3,6,7,,,,,,,,
12152310,1,1,3,6,4,,,,,,,,
12152315,2,2,6,6,6,,,4,,,,,
12152318,1,1,4,6,4,,,,,,,,
12152319,2,2,6,6,,,,,,,,,
12152320,1,1,7,0,6,,,,,11,,,
12152321,0,0,2,1,,,,,,,,,
12152325,2,2,2,6,6,,,,,,,,
12152326,2,2,6,6,,,,,,,,,
12152327,2,2,6,6,,,,,,,,,
12152334,1,1,6,2,2,,,,,,,,
12152335,0,0,5,3,,,,,,,,,
12152338,0,0,3,3,,,,,,,,,
12152346,1,1,3,6,3,,,,,,,,
12152402,0,0,5,3,,,,,,,,,
12152409,0,0,2,4,,,,,,,,,
12152412,2,2,4,6,6,,,,,,,,
12152414,1,1,3,6,3,,,,,,,,
12152422,1,1,6,3,4,,,,,,,,
12152423,2,2,6,5,6,,,,,,,,
12152424,0,0,3,3,,,,,,,,,
12152425,0,0,4,3,,,,,,,,,
12152426,2,2,6,5,7,,,,,7,,,
12152428,0,0,1,,,,,,,,,,
12152429,1,1,6,6,2,,,3,,,,,
12152430,1,1,6,6,5,,,4,,,,,
12152523,2,2,6,5,6,,,,,,,,
12152524,2,2,7,6,,,,7,,,,,
12152526,2,2,6,6,,,,,,,,,
12152531,1,1,6,6,6,,,5,,7,,,
12152532,2,2,6,6,,,,,,,,,
12152537,0,0,1,6,,,,,2,,,,
12152541,2,2,6,6,,,,,,,,,
12152545,0,0,1,0,,,,,,,,,
12152549,0,0,3,4,,,,,,,,,
12152550,0,0,6,0,,,,3,,,,,
12152554,2,2,6,6,,,,,,,,,
12152556,2,2,6,6,,,,,,,,,
12152559,0,0,2,2,,,,,,,,,
12152562,2,2,6,6,6,,,4,,,,,
12152565,2,2,2,6,7,,,,,8,,,
12152568,1,1,3,7,4,,,,7,,,,
12152570,2,2,6,6,,,,,,,,,
12152573,0,0,1,5,,,,,,,,,
12152576,2,2,6,6,,,,,,,,,
12152578,2,2,6,6,,,,,,,,,
12152581,2,2,6,6,,,,,,,,,
12152584,0,0,1,0,,,,,,,,,
12152587,0,0,4,4,,,,,,,,,
12152589,2,2,7,6,,,,,,,,,
12152591,0,0,1,4,,,,,,,,,
12152592,0,0,3,5,,,,,,,,,
12152595,0,0,3,0,,,,,,,,,
12152598,2,2,6,7,,,,,7,,,,
12152605,0,0,5,2,,,,,,,,,
12152607,2,2,6,6,,,,,,,,,
12152608,2,2,7,6,,,,,,,,,
12152612,2,2,6,6,,,,,,,,,
12152613,2,2,6,6,,,,,,,,,
12152614,1,1,6,1,3,,,,,,,,
12152617,1,1,2,6,5,,,,,,,,
12152619,1,1,7,6,5,,,,4,,,,
12152620,1,1,1,6,6,,,,,4,,,
12152624,2,2,6,6,,,,,,,,,
12152627,2,2,6,6,,,,,,,,,
12152637,2,2,4,6,6,,,,,,,,
12152645,2,2,6,6,,,,,,,,,
12153225,2,2,6,7,,,,,,,,,
12153398,1,1,6,1,0,,,,,,,,
12153444,2,2,6,7,,,,,,,,,
12153691,1,1,0,6,4,,,,,,,,
12153857,2,2,6,6,,,,,,,,,
12153859,0,0,2,1,,,,,,,,,
12153860,2,2,7,6,,,,,,,,,
12153861,0,0,3,2,,,,,,,,,
12153868,2,2,6,6,,,,,,,,,
12153869,1,1,7,3,2,,,,,,,,
12153871,2,2,6,6,,,,,,,,,
12153872,1,1,6,3,2,,,,,,,,
12153894,0,0,3,1,,,,,,,,,
12153900,0,0,2,1,,,,,,,,,
12153901,2,2,2,6,6,,,,,,,,
12153910,0,0,3,0,,,,,,,,,
12153917,0,0,4,2,,,,,,,,,
12153926,2,2,6,2,6,,,,,,,,
12154093,2,2,6,2,6,,,,,,,,
12154094,0,0,4,3,,,,,,,,,
12154106,2,2,6,4,10,,,,,,,,
12154125,2,2,6,6,,,,,,,,,
12154153,1,1,4,6,6,,,,,6,,,
12154195,2,2,1,6,6,,,,,,,,
12154210,1,1,2,6,4,,,,,,,,
12154216,0,0,4,3,,,,,,,,,
12154221,2,2,3,6,6,,,,,,,,
12154222,0,0,6,5,,,,5,,,,,
12154223,2,2,6,7,,,,,7,,,,
12154225,1,1,6,4,2,,,,,,,,
12154227,1,1,6,7,4,,,3,,,,,
12154228,2,2,6,6,6,,,3,,,,,
12154235,0,0,0,2,,,,,,,,,
12154237,2,2,6,6,,,,,,,,,
12154239,0,0,4,2,,,,,,,,,
12154241,2,2,6,6,,,,,,,,,
12154243,2,2,6,3,6,,,,,,,,
12154244,1,1,7,4,2,,,,,,,,
12154258,2,2,6,3,6,,,,,,,,
12154283,1,1,6,4,6,,,,,3,,,
12154326,1,1,6,4,,,,,,,,,
12154327,0,0,6,2,,,,2,,,,,
12154328,0,0,6,6,,,,2,5,,,,
12154332,0,0,6,4,,,,5,,,,,
12154333,2,2,6,4,6,,,,,,,,
12154408,0,0,4,6,,,,,1,,,,
12154433,,,1,,,,,,,,,,
12154434,0,0,2,1,,,,,,,,,
12154440,0,0,2,3,,,,,,,,,
12154441,0,0,3,1,,,,,,,,,
12154443,2,2,4,6,7,,,,,,,,
12154472,2,2,6,7,,,,,7,,,,
12154561,0,0,2,6,,,,,3,,,,
12154593,2,2,6,6,,,,,,,,,
12154625,0,0,1,3,,,,,,,,,
12154633,2,2,6,6,,,,,,,,,
12154634,1,1,6,3,1,,,,,,,,
12154635,2,2,6,6,,,,,,,,,
12154636,0,0,2,0,,,,,,,,,
12154637,1,1,6,6,4,,,2,,,,,
12154638,0,0,1,2,,,,,,,,,
12154639,2,2,3,6,6,,,,,,,,
12154640,0,0,4,0,,,,,,,,,
12154641,0,0,1,0,,,,,,,,,
12154646,2,2,6,6,,,,,,,,,
12154693,2,2,7,2,7,,,,,,,,
12154763,0,0,2,3,,,,,,,,,
12154855,0,0,2,0,,,,,,,,,
12154976,2,2,6,6,,,,,,,,,
12155008,0,0,4,5,,,,,,,,,
12155014,1,1,7,3,5,,,,,,,,
12155030,0,0,4,4,,,,,,,,,
12155031,1,1,7,3,,,,,,,,,
12155032,2,2,6,6,,,,,,,,,
12155033,0,0,1,0,,,,,,,,,
12155034,2,2,6,6,,,,,,,,,
12155035,2,2,6,6,,,,,,,,,
12155036,2,2,6,6,,,,,,,,,
12155049,0,0,2,3,,,,,,,,,
12155072,1,1,7,3,2,,,,,,,,
12155073,,,,,,,,,,,,,
12155074,2,2,6,2,6,,,,,,,,
12155075,0,0,2,0,,,,,,,,,
12155076,2,2,6,6,,,,,,,,,
12155078,0,0,1,1,,,,,,,,,
12155079,2,2,6,6,,,,,,,,,
12155314,0,0,2,5,,,,,,,,,
12155629,2,2,2,6,6,,,,,,,,
12155631,0,0,1,0,,,,,,,,,
12155632,0,0,4,0,,,,,,,,,
12155634,0,0,6,4,,,,5,,,,,
12155635,2,2,6,7,,,,,,,,,
12155636,1,1,6,6,4,,,5,,,,,
12155644,2,2,6,6,,,,,,,,,
12155645,,,,,,,,,,,,,
12155646,0,0,0,4,,,,,,,,,
12155647,0,0,2,3,,,,,,,,,
12155648,2,2,6,6,,,,,,,,,
12155649,0,0,5,3,,,,,,,,,
12155650,2,2,6,6,,,,,,,,,
12155651,0,0,6,5,,,,6,,,,,
12156004,1,1,3,7,2,,,,7,,,,
12156024,0,0,4,4,,,,,,,,,
12156035,2,2,7,6,,,,,,,,,
12156052,0,0,3,6,,,,,5,,,,
12156086,1,1,6,0,3,,,,,,,,
12156087,2,2,7,6,,,,7,,,,,
12156238,2,2,6,6,,,,,,,,,
12156283,0,0,1,4,,,,,,,,,
12156354,0,0,2,6,,,,,3,,,,
12156355,1,1,7,3,4,,,7,,,,,
12156361,2,2,6,6,,,,,,,,,
12156368,2,2,6,6,,,,,,,,,
12156371,2,2,6,6,,,,,,,,,
12156373,1,1,6,6,2,,,,7,,,,
12156385,0,0,2,2,,,,,,,,,
12156387,0,0,3,4,,,,,,,,,
12156389,2,2,6,6,,,,,,,,,
12156405,0,0,2,2,,,,,,,,,
12156408,2,2,6,4,6,,,,,,,,
12156419,0,0,4,2,,,,,,,,,
12156420,2,2,6,6,,,,,,,,,
12156436,0,0,3,2,,,,,,,,,
12156487,0,0,3,,,,,,,,,,
12156560,2,2,6,6,,,,,,,,,
12156570,1,1,7,4,4,,,7,,,,,
12156572,2,2,6,6,,,,,,,,,
12156758,0,0,3,4,,,,,,,,,
12156789,0,0,6,3,,,,4,,,,,
12156801,2,2,6,6,,,,,,,,,
12156808,2,2,1,6,6,,,,,,,,
12156809,2,2,6,6,,,,,,,,,
12156819,2,2,6,6,,,,,,,,,
12156820,0,0,2,3,,,,,,,,,
12156829,0,0,0,4,,,,,,,,,
12156830,0,0,2,3,,,,,,,,,
12156831,1,1,6,2,4,,,,,,,,
12156839,0,0,1,3,,,,,,,,,
12156846,2,2,6,6,7,,,,3,7,,,
12156850,0,0,5,3,,,,,,,,,
12156904,1,1,6,6,5,,,0,,,,,
12156934,2,2,6,6,,,,,,,,,
12156935,2,2,6,6,,,,,,,,,
12156939,2,2,6,6,,,,,,,,,
12156953,2,2,6,6,,,,,,,,,
12156954,2,2,7,6,,,,,,,,,
12156960,2,2,6,4,6,,,,,,,,
12157141,2,2,6,6,,,,,,,,,
12157146,2,2,6,6,,,,,,,,,
12157147,0,0,5,4,,,,,,,,,
12157148,2,2,6,6,,,,,,,,,
12157149,2,2,6,6,,,,,,,,,
12157150,2,2,6,6,,,,,,,,,
12157151,2,2,6,5,6,,,,,,,,
12157152,2,2,6,6,,,,,,,,,
12157157,2,2,6,6,,,,,,,,,
12157179,0,0,3,1,,,,,,,,,
12157230,2,2,6,6,,,,,,,,,
12157240,1,1,4,7,1,,,,7,,,,
12157242,2,2,3,6,6,,,,,,,,
12157243,0,0,5,2,,,,,,,,,
12157244,2,2,7,6,,,,7,,,,,
12157245,2,2,7,6,,,,9,,,,,
12157246,1,1,4,6,,,,,,,,,
12157247,2,2,6,6,,,,,,,,,
12157248,0,0,4,5,,,,,,,,,
12157271,0,0,2,4,,,,,,,,,
12157272,2,2,4,7,6,,,,,,,,
12157273,0,0,1,5,,,,,,,,,
12157281,0,0,2,3,,,,,,,,,
12157297,2,2,6,2,6,,,,,,,,
12157298,0,0,1,2,,,,,,,,,
12157307,1,1,6,4,5,,,,,,,,
12157315,2,2,6,6,,,,,,,,,
12157333,1,1,1,6,2,,,,,,,,
12157367,0,0,2,2,,,,,,,,,
12157368,1,1,4,6,6,,,,,7,,,
12157393,0,0,3,5,,,,,,,,,
12157394,0,0,4,3,,,,,,,,,
12157395,2,2,6,6,,,,,,,,,
12157398,2,2,6,6,,,,,,,,,
12157399,0,0,6,2,,,,4,,,,,
12157400,1,1,6,1,1,,,,,,,,
12157408,0,0,3,0,,,,,,,,,
12157409,2,2,7,7,,,,7,7,,,,
12157418,2,2,6,6,,,,,,,,,
12157432,1,1,2,6,4,,,,,,,,
12157433,1,1,3,7,2,,,,8,,,,
12157434,2,2,6,6,,,,,,,,,
12157451,1,1,2,6,3,,,,,,,,
12157458,2,2,6,6,,,,,,,,,
12157459,0,0,4,4,,,,,,,,,
12157469,2,2,7,6,,,,7,,,,,
12157470,0,0,1,2,,,,,,,,,
12157486,2,2,3,6,6,,,,,,,,
12157499,0,0,2,,,,,,,,,,
12157504,2,2,2,7,6,,,,7,,,,
12157508,2,2,6,6,,,,,,,,,
12157509,0,0,6,2,,,,4,,,,,
12157517,0,0,4,3,,,,,,,,,
12157518,2,2,6,7,,,,,,,,,
12157519,2,2,6,6,,,,,,,,,
12157521,2,2,6,6,,,,,,,,,
12157522,2,2,6,6,,,,,,,,,
12157523,,,,,,,,,,,,,
12157524,1,1,6,4,1,,,,,,,,
12157525,2,2,6,6,,,,,,,,,
12157534,0,0,5,1,,,,,,,,,
12157537,2,2,7,6,,,,,,,,,
12157541,0,0,0,4,,,,,,,,,
12157542,1,1,6,3,1,,,,,,,,
12157543,2,2,4,7,6,,,,8,,,,
12157561,0,0,4,1,,,,,,,,,
12157571,0,0,2,4,,,,,,,,,
12157572,2,2,2,6,6,,,,,,,,
12157613,0,0,4,3,,,,,,,,,
12157614,2,2,6,4,6,,,,,,,,
12157616,0,0,2,2,,,,,,,,,
12157683,1,1,6,2,1,,,,,,,,
12157684,0,0,2,4,,,,,,,,,
12157685,1,1,7,4,5,,,9,,,,,
12157690,1,1,6,4,1,,,,,,,,
12157691,2,2,6,6,,,,,,,,,
12157692,0,0,2,2,,,,,,,,,
12157694,2,2,6,6,,,,,,,,,
12157695,2,2,6,6,,,,,,,,,
12157709,0,0,4,2,,,,,,,,,
12157738,2,2,6,7,,,,,,,,,
12157739,,,,,,,,,,,,,
12157740,0,0,2,3,,,,,,,,,
12157757,1,1,7,3,2,,,,,,,,
12157772,1,1,6,6,4,,,2,,,,,
12157774,0,0,2,0,,,,,,,,,
12157775,0,0,3,1,,,,,,,,,
12157805,1,1,4,6,4,,,,,,,,
12157808,1,1,6,6,4,,,,4,,,,
12157830,,,,,,,,,,,,,
12157831,0,0,4,4,,,,,,,,,
12157832,0,0,2,3,,,,,,,,,
12157837,1,1,4,6,2,,,,,,,,
12157838,0,0,4,4,,,,,,,,,
12157915,1,1,4,6,5,,,,,,,,
12157917,1,1,6,6,5,,,,4,,,,
12157918,2,2,6,6,,,,,,,,,
12157919,2,2,6,6,,,,,,,,,
12157936,0,0,2,3,,,,,,,,,
12157939,2,2,6,6,,,,,,,,,
12157962,1,1,7,2,1,,,7,,,,,
12157963,2,2,7,6,,,,7,,,,,
12157964,1,1,6,6,1,,,6,,,,,
12157965,0,0,6,6,,,,9,3,,,,
12158032,,,,,,,,,,,,,
12158033,2,2,6,6,,,,,,,,,
12158044,0,0,1,1,,,,,,,,,
12158051,0,0,0,6,,,,,4,,,,
12158052,0,0,2,4,,,,,,,,,
12158054,2,2,6,6,,,,,,,,,
12158075,1,1,3,6,5,,,,,,,,
12158078,2,2,6,4,6,,,,,,,,
12158080,0,0,5,3,,,,,,,,,
12158081,0,0,0,1,,,,,,,,,
12158082,2,2,6,6,,,,,,,,,
12158083,2,2,6,6,,,,,,,,,
12158084,0,0,2,3,,,,,,,,,
12158100,0,0,6,1,,,,4,,,,,
12158103,2,2,6,6,,,,,,,,,
12158114,,,,,,,,,,,,,
12158117,2,2,6,6,6,,,6,,,,,
12158118,2,2,6,6,,,,,,,,,
12158121,2,2,6,6,7,,,,2,7,,,
12158139,1,1,1,6,3,,,,,,,,
12158140,1,1,5,6,3,,,,,,,,
12158141,2,2,6,6,,,,,,,,,
12158142,0,0,3,0,,,,,,,,,
12158195,2,2,6,6,,,,,,,,,
12158200,2,2,7,6,,,,7,,,,,
12158204,2,2,6,6,,,,,,,,,
12158206,0,0,2,1,,,,,,,,,
12158210,1,1,2,6,4,,,,,,,,
12158226,1,1,1,6,2,,,,,,,,
12158230,2,2,6,6,,,,,,,,,
12158236,0,0,4,6,,,,,7,,,,
12158237,0,0,2,4,,,,,,,,,
12158239,2,2,3,6,6,,,,,,,,
12158242,0,0,2,5,,,,,,,,,
12158243,2,2,6,6,,,,,,,,,
12158246,2,2,6,6,,,,,,,,,
12158247,2,2,7,6,,,,7,,,,,
12158252,2,2,6,3,6,,,,,,,,
12158257,1,1,7,0,,,,,,,,,
12158258,1,1,6,6,1,,,3,,,,,
12158259,0,0,6,5,,,,6,,,,,
12158260,1,1,4,6,4,,,,,,,,
12158261,1,1,6,3,5,,,,,,,,
12158262,0,0,2,3,,,,,,,,,
12158263,2,2,4,6,6,,,,,,,,
12158264,0,0,0,4,,,,,,,,,
12158275,0,0,5,2,,,,,,,,,
12158276,2,2,6,6,,,,,,,,,
12158279,0,0,4,4,,,,,,,,,
12158282,1,1,7,3,3,,,,,,,,
12158300,2,2,6,6,,,,,,,,,
12158303,2,2,1,6,6,,,,,,,,
12158317,1,1,6,3,1,,,,,,,,
12158320,2,2,6,6,,,,,,,,,
12158347,0,0,4,1,,,,,,,,,
12158348,0,0,5,4,,,,,,,,,
12158357,2,2,6,6,,,,,,,,,
12158363,2,2,2,7,6,,,,10,,,,
12158365,,,7,2,,,,,,,,,
12158368,2,2,6,6,,,,,,,,,
12158392,2,2,4,6,6,,,,,,,,
12158447,2,2,6,6,,,,,,,,,
12158448,1,1,3,6,2,,,,,,,,
12158508,2,2,4,6,7,,,,,7,,,
12158515,2,2,6,5,6,,,,,,,,
12158518,2,2,7,6,,,,,,,,,
12158538,1,1,5,6,0,,,,,,,,
12158548,2,2,6,6,,,,,,,,,
12158553,2,2,6,7,,,,,7,,,,
12158586,2,2,6,6,,,,,,,,,
12158587,2,2,7,6,,,,7,,,,,
12158663,0,0,5,4,,,,,,,,,
12158704,0,0,1,1,,,,,,,,,
12158712,0,0,6,3,,,,4,,,,,
12159141,2,2,6,6,,,,,,,,,
12159142,0,0,5,1,,,,,,,,,
12159147,2,2,6,3,6,,,,,,,,
12159148,2,2,2,6,6,,,,,,,,
12159151,2,2,5,7,6,,,,,,,,
12159182,2,2,6,6,6,,,6,,,,,
12159183,2,2,7,6,,,,,,,,,
12159184,1,1,3,7,3,,,,7,,,,
12159185,0,0,1,3,,,,,,,,,
12159197,2,2,6,7,,,,,,,,,
12159206,2,2,6,6,,,,,,,,,
12159207,0,0,1,4,,,,,,,,,
12159209,2,2,6,6,,,,,,,,,
12159224,2,2,6,6,,,,,,,,,
12159291,2,2,6,6,,,,,,,,,
12159292,0,0,3,6,,,,,6,,,,
12159375,2,2,6,7,,,,,7,,,,
12159377,0,0,4,4,,,,,,,,,
12159593,2,2,6,6,,,,,,,,,
12159651,0,0,2,1,,,,,,,,,
12159765,0,0,0,0,,,,,,,,,
12159786,1,1,7,2,2,,,7,,,,,
12159792,0,0,4,,,,,,,,,,
12159802,0,0,3,6,,,,,5,,,,
12159804,0,0,1,3,,,,,,,,,
12159841,1,1,6,1,2,,,,,,,,
12159842,2,2,0,7,6,,,,,,,,
12160069,0,0,3,4,,,,,,,,,
12160070,0,0,3,5,,,,,,,,,
12160166,1,1,4,6,1,,,,,,,,
12160167,0,0,3,4,,,,,,,,,
12160171,2,2,7,6,,,,7,,,,,
12160177,0,0,2,3,,,,,,,,,
12160183,0,0,4,2,,,,,,,,,
12160196,2,2,7,6,,,,,,,,,
12160216,2,2,6,6,,,,,,,,,
12160235,0,0,0,2,,,,,,,,,
12160236,1,1,6,2,,,,,,,,,
12160255,0,0,6,4,,,,3,,,,,
12160347,2,2,6,6,,,,,,,,,
12160368,0,0,1,1,,,,,,,,,
12160369,2,2,6,6,6,,,7,,,,,
12160387,0,0,3,3,,,,,,,,,
12160413,2,2,7,6,,,,10,,,,,
12160432,0,0,2,5,,,,,,,,,
12160440,0,0,3,3,,,,,,,,,
12160441,0,0,2,3,,,,,,,,,
12160454,2,2,6,6,,,,,,,,,
12160455,0,0,3,1,,,,,,,,,
12160457,2,2,6,6,,,,,,,,,
12160468,1,1,7,2,4,,,7,,,,,
12160469,1,1,6,1,,,,,,,,,
12160557,2,2,7,6,,,,,,,,,
12160558,2,2,6,4,6,,,,,,,,
12160559,2,2,7,6,,,,7,,,,,
12160621,0,0,4,5,,,,,,,,,
12160636,1,1,2,7,4,,,,7,,,,
12160649,2,2,6,6,,,,,,,,,
12160651,2,2,6,6,,,,,,,,,
12160652,1,1,6,5,4,,,,,,,,
12160665,2,2,7,6,,,,,,,,,
12160681,1,1,6,0,2,,,,,,,,
12160682,2,2,7,6,,,,,,,,,
12160683,0,0,6,3,,,,3,,,,,
12160684,2,2,6,6,,,,,,,,,
12160685,1,1,5,6,6,,,,,6,,,
12160693,0,0,1,3,,,,,,,,,
12160694,0,0,2,1,,,,,,,,,
12160703,0,0,1,3,,,,,,,,,
12160732,0,0,0,1,,,,,,,,,
12160737,2,2,6,6,,,,,,,,,
12160753,2,2,6,6,,,,,,,,,
12160756,2,2,7,6,,,,7,,,,,
12160757,1,1,6,6,4,,,,7,,,,
12160758,0,0,6,5,,,,7,,,,,
12160759,2,2,4,6,6,,,,,,,,
12160760,2,2,6,6,,,,,,,,,
12160773,2,2,6,6,,,,,,,,,
12160831,2,2,6,6,,,,,,,,,
12160832,0,0,3,1,,,,,,,,,
12160912,0,0,3,1,,,,,,,,,
12160946,0,0,1,4,,,,,,,,,
12160947,1,1,3,7,1,,,,9,,,,
12160949,0,0,6,2,,,,3,,,,,
12160958,0,0,6,5,,,,2,,,,,
12160977,0,0,3,2,,,,,,,,,
12160984,0,0,0,1,,,,,,,,,
12160985,0,0,3,1,,,,,,,,,
12160986,0,0,2,3,,,,,,,,,
12161004,0,0,4,,,,,,,,,,
12161014,0,0,5,3,,,,,,,,,
12161015,2,2,6,6,,,,,,,,,
12161030,2,2,6,7,,,,,7,,,,
12161046,2,2,7,6,,,,8,,,,,
12161109,2,2,6,6,,,,,,,,,
12161118,2,2,6,7,,,,,,,,,
12161140,2,2,6,7,,,,,7,,,,
12161141,1,1,6,0,,,,,,,,,
12161172,2,2,6,6,,,,,,,,,
12161180,2,2,6,6,,,,,,,,,
12161192,0,0,4,1,,,,,,,,,
12161203,2,2,6,3,6,,,,,,,,
12161265,0,0,3,2,,,,,,,,,
12161391,1,1,7,2,3,,,8,,,,,
12161393,2,2,6,6,,,,,,,,,
12161460,2,2,6,6,,,,,,,,,
12161477,,,,,,,,,,,,,
12110008,0,0,5,4,,,,,,,,,
12110010,2,2,6,6,,,,,,,,,
12110012,2,2,6,6,,,,,,,,,
12110018,1,1,2,6,3,,,,,,,,
12110033,2,2,6,6,,,,,,,,,
12110037,2,2,6,7,,,,,,,,,
12110041,0,0,4,0,,,,,,,,,
12110075,1,1,7,2,4,,,,,,,,
12110077,0,0,2,1,,,,,,,,,
12110078,2,2,6,6,6,,,,5,,,,
12131503,0,0,3,5,,,,,,,,,
12131505,0,0,4,4,,,,,,,,,
12131507,2,2,6,6,,,,,,,,,
12131509,0,0,5,2,,,,,,,,,
12131510,2,2,6,7,,,,,7,,,,
12131511,2,2,6,2,7,,,,,,,,
12131514,0,0,3,,,,,,,,,,
12131515,0,0,3,6,,,,,6,,,,
12131546,1,1,1,6,3,,,,,,,,
12131547,2,2,7,6,,,,7,,,,,
12131549,2,2,7,2,6,,,,,,,,
12131550,2,2,3,6,7,,,,,,,,
12131551,2,2,6,6,,,,,,,,,
12131552,1,1,1,6,4,,,,,,,,
12131553,0,0,1,1,,,,,,,,,
12131555,0,0,2,3,,,,,,,,,
12131556,0,0,4,,,,,,,,,,
12131557,0,0,1,,,,,,,,,,
12131568,2,2,6,6,,,,,,,,,
12131569,2,2,4,7,6,,,,7,,,,
12131571,1,1,6,1,4,,,,,,,,
12131572,2,2,6,6,,,,,,,,,
12131577,1,1,4,6,4,,,,,,,,
12131579,2,2,3,6,6,,,,,,,,
12131581,0,0,3,5,,,,,,,,,
12131604,2,2,3,6,6,,,,,,,,
12131605,0,0,5,1,,,,,,,,,
12131607,0,0,2,6,,,,,5,,,,
12131610,2,2,5,6,6,,,,,,,,
12131615,1,1,4,7,5,,,,,,,,
12131616,2,2,7,4,7,,,,,8,,,
12131617,0,0,3,6,,,,,8,,,,
12131618,0,0,4,2,,,,,,,,,
12131634,0,0,6,1,,,,4,,,,,
12131637,2,2,3,6,6,,,,,,,,
12131643,2,2,6,6,,,,,,,,,
12131644,2,2,7,6,,,,,,,,,
12131646,2,2,6,6,,,,,,,,,
12131648,1,1,6,6,3,,,2,,,,,
12151570,2,2,2,6,6,,,,,,,,
12151572,0,0,5,1,,,,,,,,,
12152261,,,,,,,,,,,,,
12152264,,,,,,,,,,,,,
12152279,0,0,4,5,,,,,,,,,
12152324,,,,,,,,,,,,,
12152325,2,2,2,6,6,,,,,,,,
12152349,,,,,,,,,,,,,
12152354,,,,,,,,,,,,,
12152426,2,2,6,5,7,,,,,7,,,
12152527,,,,,,,,,,,,,
12152528,,,,,,,,,,,,,
12152547,,,,,,,,,,,,,
12152558,,,,,,,,,,,,,
12152580,,,,,,,,,,,,,
12152582,,,,,,,,,,,,,
12152586,,,,,,,,,,,,,
12152609,,,,,,,,,,,,,
12152611,,,,,,,,,,,,,
12152613,2,2,6,6,,,,,,,,,
12152625,,,,,,,,,,,,,
12152647,,,,,,,,,,,,,
12153293,,,,,,,,,,,,,
12153298,,,,,,,,,,,,,
12153331,,,,,,,,,,,,,
12153332,,,,,,,,,,,,,
12153399,,,,,,,,,,,,,
12153917,0,0,4,2,,,,,,,,,
12154053,,,,,,,,,,,,,
12154081,,,,,,,,,,,,,
12154195,2,2,1,6,6,,,,,,,,
12154636,0,0,2,0,,,,,,,,,
12154646,2,2,6,6,,,,,,,,,
12154839,,,,,,,,,,,,,
12154852,,,,,,,,,,,,,
12154976,2,2,6,6,,,,,,,,,
12155014,1,1,7,3,5,,,,,,,,
12155314,0,0,2,5,,,,,,,,,
12156283,0,0,1,4,,,,,,,,,
12157243,0,0,5,2,,,,,,,,,
12157245,2,2,7,6,,,,9,,,,,
12157247,2,2,6,6,,,,,,,,,
12157398,2,2,6,6,,,,,,,,,
12157409,2,2,7,7,,,,7,7,,,,
12157458,2,2,6,6,,,,,,,,,
12157508,2,2,6,6,,,,,,,,,
12157537,2,2,7,6,,,,,,,,,
12157542,1,1,6,3,1,,,,,,,,
12157543,2,2,4,7,6,,,,8,,,,
12157572,2,2,2,6,6,,,,,,,,
12157684,0,0,2,4,,,,,,,,,
12157685,1,1,7,4,5,,,9,,,,,
12157739,,,,,,,,,,,,,
12157772,1,1,6,6,4,,,2,,,,,
12157774,0,0,2,0,,,,,,,,,
12157775,0,0,3,1,,,,,,,,,
12157805,1,1,4,6,4,,,,,,,,
12157808,1,1,6,6,4,,,,4,,,,
12157915,1,1,4,6,5,,,,,,,,
12157918,2,2,6,6,,,,,,,,,
12157936,0,0,2,3,,,,,,,,,
12157963,2,2,7,6,,,,7,,,,,
12158032,,,,,,,,,,,,,
12158081,0,0,0,1,,,,,,,,,
12158114,,,,,,,,,,,,,
12158117,2,2,6,6,6,,,6,,,,,
12158118,2,2,6,6,,,,,,,,,
12158140,1,1,5,6,3,,,,,,,,
12158141,2,2,6,6,,,,,,,,,
12158142,0,0,3,0,,,,,,,,,
12158204,2,2,6,6,,,,,,,,,
12158206,0,0,2,1,,,,,,,,,
12158236,0,0,4,6,,,,,7,,,,
12158237,0,0,2,4,,,,,,,,,
12158242,0,0,2,5,,,,,,,,,
12158243,2,2,6,6,,,,,,,,,
12158252,2,2,6,3,6,,,,,,,,
12158257,1,1,7,0,,,,,,,,,
12158258,1,1,6,6,1,,,3,,,,,
12158259,0,0,6,5,,,,6,,,,,
12158260,1,1,4,6,4,,,,,,,,
12158261,1,1,6,3,5,,,,,,,,
12158262,0,0,2,3,,,,,,,,,
12158263,2,2,4,6,6,,,,,,,,
12158264,0,0,0,4,,,,,,,,,
12158275,0,0,5,2,,,,,,,,,
12158276,2,2,6,6,,,,,,,,,
12158282,1,1,7,3,3,,,,,,,,
12158300,2,2,6,6,,,,,,,,,
12158317,1,1,6,3,1,,,,,,,,
12158347,0,0,4,1,,,,,,,,,
12158348,0,0,5,4,,,,,,,,,
12158357,2,2,6,6,,,,,,,,,
12158363,2,2,2,7,6,,,,10,,,,
12158365,,,7,2,,,,,,,,,
12158368,2,2,6,6,,,,,,,,,
12158392,2,2,4,6,6,,,,,,,,
12158447,2,2,6,6,,,,,,,,,
12158448,1,1,3,6,2,,,,,,,,
12158508,2,2,4,6,7,,,,,7,,,
12158515,2,2,6,5,6,,,,,,,,
12158518,2,2,7,6,,,,,,,,,
12158538,1,1,5,6,0,,,,,,,,
12158548,2,2,6,6,,,,,,,,,
12158553,2,2,6,7,,,,,7,,,,
12158586,2,2,6,6,,,,,,,,,
12158587,2,2,7,6,,,,7,,,,,
12158663,0,0,5,4,,,,,,,,,
12158704,0,0,1,1,,,,,,,,,
12158712,0,0,6,3,,,,4,,,,,
12159141,2,2,6,6,,,,,,,,,
12159142,0,0,5,1,,,,,,,,,
12159147,2,2,6,3,6,,,,,,,,
12159148,2,2,2,6,6,,,,,,,,
12159151,2,2,5,7,6,,,,,,,,
12159182,2,2,6,6,6,,,6,,,,,
12159183,2,2,7,6,,,,,,,,,
12159184,1,1,3,7,3,,,,7,,,,
12159185,0,0,1,3,,,,,,,,,
12159197,2,2,6,7,,,,,,,,,
12159206,2,2,6,6,,,,,,,,,
12159207,0,0,1,4,,,,,,,,,
12159209,2,2,6,6,,,,,,,,,
12159224,2,2,6,6,,,,,,,,,
12159291,2,2,6,6,,,,,,,,,
12159292,0,0,3,6,,,,,6,,,,
12159375,2,2,6,7,,,,,7,,,,
12159377,0,0,4,4,,,,,,,,,
12159593,2,2,6,6,,,,,,,,,
12159651,0,0,2,1,,,,,,,,,
12159765,0,0,0,0,,,,,,,,,
12159786,1,1,7,2,2,,,7,,,,,
12159792,0,0,4,,,,,,,,,,
12159802,0,0,3,6,,,,,5,,,,
12159804,0,0,1,3,,,,,,,,,
12159841,1,1,6,1,2,,,,,,,,
12159842,2,2,0,7,6,,,,,,,,
12160069,0,0,3,4,,,,,,,,,
12160070,0,0,3,5,,,,,,,,,
12160166,1,1,4,6,1,,,,,,,,
12160167,0,0,3,4,,,,,,,,,
12160171,2,2,7,6,,,,7,,,,,
12160177,0,0,2,3,,,,,,,,,
12160183,0,0,4,2,,,,,,,,,
12160196,2,2,7,6,,,,,,,,,
12160216,2,2,6,6,,,,,,,,,
12160235,0,0,0,2,,,,,,,,,
12160236,1,1,6,2,,,,,,,,,
12160255,0,0,6,4,,,,3,,,,,
12160347,2,2,6,6,,,,,,,,,
12160368,0,0,1,1,,,,,,,,,
12160369,2,2,6,6,6,,,7,,,,,
12160387,0,0,3,3,,,,,,,,,
12160413,2,2,7,6,,,,10,,,,,
12160432,0,0,2,5,,,,,,,,,
12160440,0,0,3,3,,,,,,,,,
12160441,0,0,2,3,,,,,,,,,
12160454,2,2,6,6,,,,,,,,,
12160455,0,0,3,1,,,,,,,,,
12160457,2,2,6,6,,,,,,,,,
12160468,1,1,7,2,4,,,7,,,,,
12160469,1,1,6,1,,,,,,,,,
12160557,2,2,7,6,,,,,,,,,
12160558,2,2,6,4,6,,,,,,,,
12160559,2,2,7,6,,,,7,,,,,
12160621,0,0,4,5,,,,,,,,,
12160636,1,1,2,7,4,,,,7,,,,
12160649,2,2,6,6,,,,,,,,,
12160650,,,,,,,,,,,,,
12160651,2,2,6,6,,,,,,,,,
12160652,1,1,6,5,4,,,,,,,,
12160653,2,2,6,6,,,,,,,,,
12160654,2,2,4,6,7,,,,,7,,,
12160665,2,2,7,6,,,,,,,,,
12160681,1,1,6,0,2,,,,,,,,
12160682,2,2,7,6,,,,,,,,,
12160683,0,0,6,3,,,,3,,,,,
12160684,2,2,6,6,,,,,,,,,
12160685,1,1,5,6,6,,,,,6,,,
12160693,0,0,1,3,,,,,,,,,
12160694,0,0,2,1,,,,,,,,,
12160703,0,0,1,3,,,,,,,,,
12160732,0,0,0,1,,,,,,,,,
12160737,2,2,6,6,,,,,,,,,
12160753,2,2,6,6,,,,,,,,,
12160756,2,2,7,6,,,,7,,,,,
12160757,1,1,6,6,4,,,,7,,,,
12160758,0,0,6,5,,,,7,,,,,
12160759,2,2,4,6,6,,,,,,,,
12160760,2,2,6,6,,,,,,,,,
12160773,2,2,6,6,,,,,,,,,
12160831,2,2,6,6,,,,,,,,,
12160832,0,0,3,1,,,,,,,,,
12160912,0,0,3,1,,,,,,,,,
12160913,1,1,6,2,4,,,,,,,,
12160946,0,0,1,4,,,,,,,,,
12160947,1,1,3,7,1,,,,9,,,,
12160949,0,0,6,2,,,,3,,,,,
12160958,0,0,6,5,,,,2,,,,,
12160977,0,0,3,2,,,,,,,,,
12160984,0,0,0,1,,,,,,,,,
12160985,0,0,3,1,,,,,,,,,
12160986,0,0,2,3,,,,,,,,,
12161004,0,0,4,,,,,,,,,,
12161014,0,0,5,3,,,,,,,,,
12161015,2,2,6,6,,,,,,,,,
12161030,2,2,6,7,,,,,7,,,,
12161046,2,2,7,6,,,,8,,,,,
12161109,2,2,6,6,,,,,,,,,
12161118,2,2,6,7,,,,,,,,,
12161140,2,2,6,7,,,,,7,,,,
12161141,1,1,6,0,,,,,,,,,
12161172,2,2,6,6,,,,,,,,,
12161176,0,0,4,6,,,,,4,,,,
12161180,2,2,6,6,,,,,,,,,
12161184,1,1,6,0,2,,,,,,,,
12161192,0,0,4,1,,,,,,,,,
12161203,2,2,6,3,6,,,,,,,,
12161204,2,2,6,6,,,,,,,,,
12161211,1,1,4,7,3,,,,8,,,,
12161265,0,0,3,2,,,,,,,,,
12161271,1,1,7,1,3,,,7,,,,,
12161284,2,2,6,6,,,,,,,,,
12161316,0,0,2,3,,,,,,,,,
12161319,2,2,6,6,,,,,,,,,
12161322,2,2,6,6,,,,,,,,,
12161330,1,1,7,6,4,,,7,5,,,,
12161345,0,0,2,3,,,,,,,,,
12161384,,,,,,,,,,,,,
12161391,1,1,7,2,3,,,8,,,,,
12161393,2,2,6,6,,,,,,,,,
12161413,1,1,6,6,3,,,,,,,,
12161441,2,2,7,6,,,,7,,,,,
12161460,2,2,6,6,,,,,,,,,
12161468,0,0,1,6,,,,,4,,,,
12161477,,,,,,,,,,,,,
12161479,2,2,6,6,,,,,,,,,
12161531,2,2,6,4,7,,,,,,,,
12161565,0,0,1,1,,,,,,,,,
12161612,0,0,3,5,,,,,,,,,
12162112,2,2,6,6,,,,,,,,,
12162129,0,0,3,2,,,,,,,,,
12162140,0,0,5,6,,,,,6,,,,
12162141,2,2,6,7,6,,,2,,,,,
12162144,0,0,3,6,,,,,5,,,,
12162167,2,2,6,6,7,,,,6,7,,,
12162184,0,0,1,2,,,,,,,,,
12162192,2,2,7,6,,,,7,,,,,
12162193,0,0,2,4,,,,,,,,,
12162197,0,0,6,6,,,,5,1,,,,
12162328,2,2,6,6,,,,,,,,,
12162697,0,0,3,4,,,,,,,,,
12162709,2,2,7,0,6,,,,,,,,
12162730,0,0,3,4,,,,,,,,,
12162753,2,2,6,6,,,,,,,,,
12162770,2,2,6,6,,,,,,,,,
12162823,0,0,4,3,,,,,,,,,
12163101,2,2,6,6,,,,,,,,,
12163102,2,2,6,6,,,,,,,,,
12163136,2,2,6,6,,,,,,,,,
12163138,2,2,7,6,,,,,,,,,
12163140,1,1,6,6,3,,,8,,,,,
12163144,0,0,2,5,,,,,,,,,
12163155,2,2,6,6,,,,,,,,,
12163162,2,2,6,5,7,,,,,7,,,
12163163,2,2,6,6,,,,,,,,,
12163168,2,2,2,6,6,,,,,,,,
12163215,0,0,5,6,,,,,4,,,,
12163217,0,0,3,2,,,,,,,,,
12163255,0,0,3,6,,,,,6,,,,
12163256,0,0,5,4,,,,,,,,,
12163262,0,0,1,5,,,,,,,,,
12163284,0,0,3,3,,,,,,,,,
12163300,1,1,6,1,4,,,,,,,,
12163301,0,0,3,5,,,,,,,,,
12163302,1,1,6,4,4,,,,,,,,
12163308,2,2,6,6,,,,,,,,,
12163309,2,2,6,6,,,,,,,,,
12163310,1,1,6,0,,,,,,,,,
12163311,0,0,4,6,,,,,,,,,
12163339,2,2,6,7,,,,,7,,,,
12163340,2,2,6,4,6,,,,,,,,
12163341,0,0,4,1,,,,,,,,,
12163362,1,1,6,7,6,,,1,7,3,,,
12163367,2,2,6,6,,,,,,,,,
12163387,2,2,7,2,6,,,,,,,,
12163401,2,2,6,6,6,,,,5,,,,
12163403,0,0,4,3,,,,,,,,,
12163433,2,2,7,6,,,,7,,,,,
12163449,0,0,6,6,,,,,,,,,
12163456,0,0,6,3,,,,5,,,,,
12163495,0,0,4,6,,,,,5,,,,
12163513,2,2,6,6,7,,,3,,7,,,
12163586,0,0,2,2,,,,,,,,,
12163594,2,2,6,2,6,,,,,,,,
12163643,2,2,6,6,,,,,,,,,
12163651,0,0,3,6,,,,,4,,,,
12163848,2,2,6,6,,,,,,,,,
12163875,2,2,6,7,,,,,9,,,,
12163974,2,2,7,6,,,,,,,,,
12164046,2,2,6,6,,,,,,,,,
12164069,2,2,6,6,,,,,,,,,
12164072,0,0,4,0,,,,,,,,,
12110007,2,2,1,6,6,,,,,,,,
12110017,2,2,1,7,6,,,,7,,,,
12110077,0,0,2,1,,,,,,,,,
12110078,2,2,6,6,6,,,,5,,,,
12131503,0,0,3,5,,,,,,,,,
12131504,,,,,,,,,,,,,
12131507,2,2,6,6,,,,,,,,,
12131514,0,0,3,,,,,,,,,,
12131515,0,0,3,6,,,,,6,,,,
12131547,2,2,7,6,,,,7,,,,,
12131548,0,0,4,4,,,,,,,,,
12131550,2,2,3,6,7,,,,,,,,
12131551,2,2,6,6,,,,,,,,,
12131554,1,1,6,6,6,,,,1,6,,,
12131558,2,2,7,7,,,,7,7,,,,
12131560,1,1,4,6,2,,,,,,,,
12131568,2,2,6,6,,,,,,,,,
12131569,2,2,4,7,6,,,,7,,,,
12131572,2,2,6,6,,,,,,,,,
12131579,2,2,3,6,6,,,,,,,,
12131580,,,,,,,,,,,,,
12131606,2,2,6,7,,,,,7,,,,
12131607,0,0,2,6,,,,,5,,,,
12131608,2,2,6,6,,,,,,,,,
12131615,1,1,4,7,5,,,,,,,,
12131616,2,2,7,4,7,,,,,8,,,
12131617,0,0,3,6,,,,,8,,,,
12131634,0,0,6,1,,,,4,,,,,
12131635,2,2,6,6,,,,,,,,,
12131637,2,2,3,6,6,,,,,,,,
12148594,,,,,,,,,,,,,
12152261,,,,,,,,,,,,,
12152264,,,,,,,,,,,,,
12152324,,,,,,,,,,,,,
12152349,,,,,,,,,,,,,
12152354,,,,,,,,,,,,,
12152427,,,,,,,,,,,,,
12152431,,,,,,,,,,,,,
12152527,,,,,,,,,,,,,
12152528,,,,,,,,,,,,,
12152547,,,,,,,,,,,,,
12152558,,,,,,,,,,,,,
12152580,,,,,,,,,,,,,
12152582,,,,,,,,,,,,,
12152586,,,,,,,,,,,,,
12152609,,,,,,,,,,,,,
12152611,,,,,,,,,,,,,
12152625,,,,,,,,,,,,,
12152647,,,,,,,,,,,,,
12153293,,,,,,,,,,,,,
12153298,,,,,,,,,,,,,
12153331,,,,,,,,,,,,,
12153332,,,,,,,,,,,,,
12153399,,,,,,,,,,,,,
12154053,,,,,,,,,,,,,
12154081,,,,,,,,,,,,,
12154839,,,,,,,,,,,,,
12154852,,,,,,,,,,,,,
12158242,0,0,2,5,,,,,,,,,
12158257,1,1,7,0,,,,,,,,,
12158258,1,1,6,6,1,,,3,,,,,
12158261,1,1,6,3,5,,,,,,,,
12158263,2,2,4,6,6,,,,,,,,
12158264,0,0,0,4,,,,,,,,,
12158518,2,2,7,6,,,,,,,,,
12160650,,,,,,,,,,,,,
12160653,2,2,6,6,,,,,,,,,
12160654,2,2,4,6,7,,,,,7,,,
12160913,1,1,6,2,4,,,,,,,,
12160947,1,1,3,7,1,,,,9,,,,
12161014,0,0,5,3,,,,,,,,,
12161030,2,2,6,7,,,,,7,,,,
12161046,2,2,7,6,,,,8,,,,,
12161109,2,2,6,6,,,,,,,,,
12161118,2,2,6,7,,,,,,,,,
12161140,2,2,6,7,,,,,7,,,,
12161176,0,0,4,6,,,,,4,,,,
12161180,2,2,6,6,,,,,,,,,
12161184,1,1,6,0,2,,,,,,,,
12161192,0,0,4,1,,,,,,,,,
12161203,2,2,6,3,6,,,,,,,,
12161204,2,2,6,6,,,,,,,,,
12161211,1,1,4,7,3,,,,8,,,,
12161265,0,0,3,2,,,,,,,,,
12161271,1,1,7,1,3,,,7,,,,,
12161284,2,2,6,6,,,,,,,,,
12161316,0,0,2,3,,,,,,,,,
12161319,2,2,6,6,,,,,,,,,
12161322,2,2,6,6,,,,,,,,,
12161330,1,1,7,6,4,,,7,5,,,,
12161345,0,0,2,3,,,,,,,,,
12161384,,,,,,,,,,,,,
12161391,1,1,7,2,3,,,8,,,,,
12161393,2,2,6,6,,,,,,,,,
12161413,1,1,6,6,3,,,,,,,,
12161441,2,2,7,6,,,,7,,,,,
12161460,2,2,6,6,,,,,,,,,
12161468,0,0,1,6,,,,,4,,,,
12161477,,,,,,,,,,,,,
12161479,2,2,6,6,,,,,,,,,
12161531,2,2,6,4,7,,,,,,,,
12161565,0,0,1,1,,,,,,,,,
12161612,0,0,3,5,,,,,,,,,
12162112,2,2,6,6,,,,,,,,,
12162129,0,0,3,2,,,,,,,,,
12162140,0,0,5,6,,,,,6,,,,
12162141,2,2,6,7,6,,,2,,,,,
12162144,0,0,3,6,,,,,5,,,,
12162167,2,2,6,6,7,,,,6,7,,,
12162184,0,0,1,2,,,,,,,,,
12162192,2,2,7,6,,,,7,,,,,
12162193,0,0,2,4,,,,,,,,,
12162197,0,0,6,6,,,,5,1,,,,
12162328,2,2,6,6,,,,,,,,,
12162697,0,0,3,4,,,,,,,,,
12162709,2,2,7,0,6,,,,,,,,
12162730,0,0,3,4,,,,,,,,,
12162753,2,2,6,6,,,,,,,,,
12162770,2,2,6,6,,,,,,,,,
12162823,0,0,4,3,,,,,,,,,
12163101,2,2,6,6,,,,,,,,,
12163102,2,2,6,6,,,,,,,,,
12163136,2,2,6,6,,,,,,,,,
12163138,2,2,7,6,,,,,,,,,
12163140,1,1,6,6,3,,,8,,,,,
12163144,0,0,2,5,,,,,,,,,
12163155,2,2,6,6,,,,,,,,,
12163162,2,2,6,5,7,,,,,7,,,
12163163,2,2,6,6,,,,,,,,,
12163168,2,2,2,6,6,,,,,,,,
12163215,0,0,5,6,,,,,4,,,,
12163217,0,0,3,2,,,,,,,,,
12163255,0,0,3,6,,,,,6,,,,
12163256,0,0,5,4,,,,,,,,,
12163262,0,0,1,5,,,,,,,,,
12163283,0,0,5,4,,,,,,,,,
12163284,0,0,3,3,,,,,,,,,
12163300,1,1,6,1,4,,,,,,,,
12163301,0,0,3,5,,,,,,,,,
12163302,1,1,6,4,4,,,,,,,,
12163308,2,2,6,6,,,,,,,,,
12163309,2,2,6,6,,,,,,,,,
12163310,1,1,6,0,,,,,,,,,
12163311,0,0,4,6,,,,,,,,,
12163339,2,2,6,7,,,,,7,,,,
12163340,2,2,6,4,6,,,,,,,,
12163341,0,0,4,1,,,,,,,,,
12163362,1,1,6,7,6,,,1,7,3,,,
12163367,2,2,6,6,,,,,,,,,
12163387,2,2,7,2,6,,,,,,,,
12163401,2,2,6,6,6,,,,5,,,,
12163403,0,0,4,3,,,,,,,,,
12163433,2,2,7,6,,,,7,,,,,
12163449,0,0,6,6,,,,,,,,,
12163456,0,0,6,3,,,,5,,,,,
12163495,0,0,4,6,,,,,5,,,,
12163496,2,2,6,6,,,,,,,,,
12163513,2,2,6,6,7,,,3,,7,,,
12163586,0,0,2,2,,,,,,,,,
12163594,2,2,6,2,6,,,,,,,,
12163631,2,2,7,5,6,,,,,,,,
12163643,2,2,6,6,,,,,,,,,
12163651,0,0,3,6,,,,,4,,,,
12163698,0,0,6,3,,,,3,,,,,
12163722,0,0,4,5,,,,,,,,,
12163758,2,2,0,7,6,,,,7,,,,
12163803,2,2,7,6,,,,,,,,,
12163848,2,2,6,6,,,,,,,,,
12163863,0,0,1,5,,,,,,,,,
12163875,2,2,6,7,,,,,9,,,,
12163974,2,2,7,6,,,,,,,,,
12164046,2,2,6,6,,,,,,,,,
12164069,2,2,6,6,,,,,,,,,
12164072,0,0,4,0,,,,,,,,,
12164530,2,2,6,6,6,,,,1,,,,
12164637,0,0,2,2,,,,,,,,,
12164655,0,0,2,4,,,,,,,,,
12164751,0,0,4,1,,,,,,,,,
12164754,2,2,6,6,,,,,,,,,
12164755,,,,,,,,,,,,,
12164773,0,0,4,,,,,,,,,,
12164792,0,0,2,2,,,,,,,,,
12164800,0,0,2,4,,,,,,,,,
12164801,,,,,,,,,,,,,
12164802,0,0,4,6,,,,,,,,,
12164803,1,1,6,3,9,,,,,,,,
12164804,2,2,6,6,,,,,,,,,
12164805,2,2,6,6,,,,,,,,,
12164806,,,,,,,,,,,,,
12164807,,,,,,,,,,,,,
12164808,,,,,,,,,,,,,
12164809,2,2,6,6,,,,,,,,,
12164810,1,1,6,2,6,,,,,,,,
12164811,0,0,6,3,,,,,,,,,
12164812,2,2,4,6,10,,,,,,,,
12164813,,,,,,,,,,,,,
12164814,,,,,,,,,,,,,
12164815,,,,,,,,,,,,,
12164816,0,0,4,6,,,,,,,,,
12164817,,,,,,,,,,,,,
12164818,2,2,4,6,10,,,,,,,,
12164819,2,2,3,6,10,,,,,,,,
12164820,0,0,0,3,,,,,,,,,
12164821,,,,,,,,,,,,,
12164822,,,,,,,,,,,,,
12164823,2,2,6,6,,,,,,,,,
12164824,0,0,2,2,,,,,,,,,
12164827,0,0,4,5,,,,,,,,,
12164845,,,,,,,,,,,,,
12164888,,,,,,,,,,,,,
12164889,,,,,,,,,,,,,
12164892,,,,,,,,,,,,,
12164893,0,0,2,2,,,,,,,,,
12164895,1,1,6,4,3,,,,,,,,
12164896,2,2,7,6,,,,,,,,,
12164897,2,2,6,4,11,,,,,,,,
12164898,,,,,,,,,,,,,
12164900,2,2,6,7,,,,,,,,,
12164901,,,,,,,,,,,,,
12164902,,,,,,,,,,,,,
12164903,,,,,,,,,,,,,
12164904,,,,,,,,,,,,,
12164905,0,0,6,6,,,,,,,,,
12164906,2,2,6,7,,,,,,,,,
12164907,2,2,6,6,,,,,,,,,
12164908,2,2,6,6,,,,,,,,,
12164909,,,,,,,,,,,,,
12164910,0,0,4,3,,,,,,,,,
12164911,,,,,,,,,,,,,
12164912,,,,,,,,,,,,,
12164913,,,,,,,,,,,,,
12164914,,,,,,,,,,,,,
12164915,,,,,,,,,,,,,
12164916,,,,,,,,,,,,,
12164917,,,,,,,,,,,,,
12164918,,,,,,,,,,,,,
12164919,2,2,6,7,,,,,,,,,
12164920,0,0,6,3,,,,,,,,,
12164921,,,,,,,,,,,,,
12164922,,,,,,,,,,,,,
12164923,,,,,,,,,,,,,
12164924,,,,,,,,,,,,,
12164925,,,,,,,,,,,,,
12164932,,,,,,,,,,,,,
12164934,,,,,,,,,,,,,
12164953,,,,,,,,,,,,,
12164954,,,,,,,,,,,,,
12165006,,,,,,,,,,,,,
12165024,,,,,,,,,,,,,
12165045,,,,,,,,,,,,,
12165046,,,,,,,,,,,,,
12165086,,,,,,,,,,,,,
12165135,,,,,,,,,,,,,
12165234,,,,,,,,,,,,,
12165237,,,,,,,,,,,,,
12165238,,,,,,,,,,,,,
12165239,,,,,,,,,,,,,
12165240,,,,,,,,,,,,,
12165241,,,,,,,,,,,,,
12165242,,,,,,,,,,,,,
12165243,,,,,,,,,,,,,
12165244,,,,,,,,,,,,,
12165245,,,,,,,,,,,,,
12165246,,,,,,,,,,,,,
12165247,,,,,,,,,,,,,
12165248,,,,,,,,,,,,,
12165249,,,,,,,,,,,,,
12165250,,,,,,,,,,,,,
12165251,,,,,,,,,,,,,
12165252,,,,,,,,,,,,,
12165387,,,,,,,,,,,,,
12165394,1,1,6,0,2,,,,,,,,
12165395,1,1,2,6,3,,,,,,,,
12165514,,,,,,,,,,,,,
12165516,,,,,,,,,,,,,
12165517,,,,,,,,,,,,,
12165518,,,,,,,,,,,,,
12165519,,,,,,,,,,,,,
12165520,,,,,,,,,,,,,
12165521,,,,,,,,,,,,,
12165522,,,,,,,,,,,,,
12165523,,,,,,,,,,,,,
12165524,,,,,,,,,,,,,
12165525,,,,,,,,,,,,,
12165526,,,,,,,,,,,,,
12165527,,,,,,,,,,,,,
12165528,,,,,,,,,,,,,
12165529,,,,,,,,,,,,,
12165530,,,,,,,,,,,,,
12165531,,,,,,,,,,,,,
12165532,,,,,,,,,,,,,
12165533,,,,,,,,,,,,,
12165534,,,,,,,,,,,,,
12165535,,,,,,,,,,,,,
12165536,,,,,,,,,,,,,
12165537,,,,,,,,,,,,,
12165538,,,,,,,,,,,,,
12165539,,,,,,,,,,,,,
12165540,,,,,,,,,,,,,
12165541,,,,,,,,,,,,,
12165542,,,,,,,,,,,,,
12165543,,,,,,,,,,,,,
12165544,,,,,,,,,,,,,
12165545,,,,,,,,,,,,,
12165546,,,,,,,,,,,,,
12165547,,,,,,,,,,,,,
12165548,,,,,,,,,,,,,
12165549,,,,,,,,,,,,,
12165550,,,,,,,,,,,,,
12165551,,,,,,,,,,,,,
12165552,,,,,,,,,,,,,
12165553,,,,,,,,,,,,,
12165554,,,,,,,,,,,,,
12165555,,,,,,,,,,,,,
12165556,,,,,,,,,,,,,
12165557,,,,,,,,,,,,,
12165558,,,,,,,,,,,,,
12165559,,,,,,,,,,,,,
12165560,,,,,,,,,,,,,
12165561,,,,,,,,,,,,,
12165562,,,,,,,,,,,,,
12165563,,,,,,,,,,,,,
12165564,,,,,,,,,,,,,
12165565,,,,,,,,,,,,,
12165566,,,,,,,,,,,,,
12165567,,,,,,,,,,,,,
12165568,,,,,,,,,,,,,
12165569,,,,,,,,,,,,,
12165570,,,,,,,,,,,,,
12165571,,,,,,,,,,,,,
12165572,,,,,,,,,,,,,
12165573,,,,,,,,,,,,,
12165574,,,,,,,,,,,,,
12165647,,,,,,,,,,,,,
12165648,,,,,,,,,,,,,
12165649,,,,,,,,,,,,,
12165650,,,,,,,,,,,,,
12165651,,,,,,,,,,,,,
12165652,,,,,,,,,,,,,
12165667,,,,,,,,,,,,,
12165668,,,,,,,,,,,,,
12165669,,,,,,,,,,,,,
12165670,,,,,,,,,,,,,
12165671,,,,,,,,,,,,,
12165672,,,,,,,,,,,,,
12165673,,,,,,,,,,,,,
12165674,,,,,,,,,,,,,
12165675,,,,,,,,,,,,,
12165676,,,,,,,,,,,,,
12165677,,,,,,,,,,,,,
12165678,,,,,,,,,,,,,
12165679,,,,,,,,,,,,,
12165680,,,,,,,,,,,,,
12165681,,,,,,,,,,,,,
12165682,,,,,,,,,,,,,
12165683,,,,,,,,,,,,,
12165684,,,,,,,,,,,,,
12165685,,,,,,,,,,,,,
12165686,,,,,,,,,,,,,
12165687,,,,,,,,,,,,,
12165688,,,,,,,,,,,,,
12165689,,,,,,,,,,,,,
12165690,,,,,,,,,,,,,
12165691,,,,,,,,,,,,,
12165692,,,,,,,,,,,,,
12165693,,,,,,,,,,,,,
12165700,,,,,,,,,,,,,
12165701,,,,,,,,,,,,,
12165702,,,,,,,,,,,,,
12165703,,,,,,,,,,,,,
12165704,,,,,,,,,,,,,
12165705,,,,,,,,,,,,,
12165706,,,,,,,,,,,,,
12165707,,,,,,,,,,,,,
12165708,,,,,,,,,,,,,
12165709,,,,,,,,,,,,,
12165710,,,,,,,,,,,,,
12165711,,,,,,,,,,,,,
12165712,,,,,,,,,,,,,
12165713,,,,,,,,,,,,,
12165714,,,,,,,,,,,,,
12165715,,,,,,,,,,,,,
12165752,,,,,,,,,,,,,
12165753,,,,,,,,,,,,,
12165754,0,0,2,,,,,,,,,,
12165755,,,,,,,,,,,,,
12165756,,,,,,,,,,,,,
12165758,,,,,,,,,,,,,
12165759,,,,,,,,,,,,,
12165760,,,,,,,,,,,,,
12165761,0,0,2,,,,,,,,,,
12165763,0,0,1,,,,,,,,,,
12165764,,,,,,,,,,,,,
12165767,,,,,,,,,,,,,
12165769,,,,,,,,,,,,,
12165770,,,,,,,,,,,,,
12165771,,,,,,,,,,,,,
12165772,,,,,,,,,,,,,
12165774,,,,,,,,,,,,,
12165775,,,,,,,,,,,,,
12165776,,,,,,,,,,,,,
12165777,,,,,,,,,,,,,
12165778,,,,,,,,,,,,,
12165779,,,,,,,,,,,,,
12165781,,,,,,,,,,,,,
12165811,,,,,,,,,,,,,
12165812,,,,,,,,,,,,,
12165813,,,,,,,,,,,,,
12165814,,,,,,,,,,,,,
12165815,,,,,,,,,,,,,
12165816,,,,,,,,,,,,,
12165817,,,,,,,,,,,,,
12165818,,,,,,,,,,,,,
12165819,,,,,,,,,,,,,
12165820,,,,,,,,,,,,,
12165821,,,,,,,,,,,,,
12165822,,,,,,,,,,,,,
12165823,,,,,,,,,,,,,
12165824,,,,,,,,,,,,,
12165825,,,,,,,,,,,,,
12165826,,,,,,,,,,,,,
12165827,,,,,,,,,,,,,
12165828,,,,,,,,,,,,,
12165829,,,,,,,,,,,,,
12165830,,,,,,,,,,,,,
12165831,,,,,,,,,,,,,
12165832,,,,,,,,,,,,,
12165833,,,,,,,,,,,,,
12165834,,,,,,,,,,,,,
12165835,,,,,,,,,,,,,
12165836,,,,,,,,,,,,,
12165837,,,,,,,,,,,,,
12165838,,,,,,,,,,,,,
12165839,,,,,,,,,,,,,
12165840,,,,,,,,,,,,,
12165841,,,,,,,,,,,,,
12165842,,,,,,,,,,,,,
12165843,,,,,,,,,,,,,
12165844,,,,,,,,,,,,,
12165845,,,,,,,,,,,,,
12165846,,,,,,,,,,,,,
12165847,,,,,,,,,,,,,
12165848,,,,,,,,,,,,,
12165849,,,,,,,,,,,,,
12165850,,,,,,,,,,,,,
12165887,,,,,,,,,,,,,
12165888,,,,,,,,,,,,,
12165889,,,,,,,,,,,,,
12165890,,,,,,,,,,,,,
12165891,,,,,,,,,,,,,
12165892,,,,,,,,,,,,,
12165893,,,,,,,,,,,,,
12165894,,,,,,,,,,,,,
12165895,,,,,,,,,,,,,
12165896,,,,,,,,,,,,,
12165897,,,,,,,,,,,,,
12165898,,,,,,,,,,,,,
12165899,,,,,,,,,,,,,
12165900,,,,,,,,,,,,,
12165901,,,,,,,,,,,,,
12165902,,,,,,,,,,,,,
12165903,,,,,,,,,,,,,
12165904,,,,,,,,,,,,,
12165905,,,,,,,,,,,,,
12165906,,,,,,,,,,,,,
12165907,,,,,,,,,,,,,
12165908,,,,,,,,,,,,,
12165909,,,,,,,,,,,,,
12165910,,,,,,,,,,,,,
12165911,,,,,,,,,,,,,
12165912,,,,,,,,,,,,,
12165913,,,,,,,,,,,,,
12165914,,,,,,,,,,,,,
12165915,,,,,,,,,,,,,
12165916,,,,,,,,,,,,,
12165917,,,,,,,,,,,,,
12165918,,,,,,,,,,,,,
12165919,,,,,,,,,,,,,
12165920,,,,,,,,,,,,,
12165921,,,,,,,,,,,,,
12165922,,,,,,,,,,,,,
12165923,,,,,,,,,,,,,
12165924,,,,,,,,,,,,,
12165925,,,,,,,,,,,,,
12165926,,,,,,,,,,,,,
12165927,,,,,,,,,,,,,
12165928,,,,,,,,,,,,,
12165929,,,,,,,,,,,,,
12165930,,,,,,,,,,,,,
12165931,,,,,,,,,,,,,
12165932,,,,,,,,,,,,,
12165933,,,,,,,,,,,,,
12165934,,,,,,,,,,,,,
12165935,,,,,,,,,,,,,
12165936,,,,,,,,,,,,,
12165937,,,,,,,,,,,,,
12165938,,,,,,,,,,,,,
12165939,,,,,,,,,,,,,
12165940,,,,,,,,,,,,,
12165941,,,,,,,,,,,,,
12165942,,,,,,,,,,,,,
12165943,,,,,,,,,,,,,
12165944,,,,,,,,,,,,,
12165945,,,,,,,,,,,,,
12165946,,,,,,,,,,,,,
12165947,,,,,,,,,,,,,
12165948,,,,,,,,,,,,,
12165949,,,,,,,,,,,,,
12165950,,,,,,,,,,,,,
12165951,,,,,,,,,,,,,
12165952,,,,,,,,,,,,,
12165953,,,,,,,,,,,,,
12165954,,,,,,,,,,,,,
12165955,,,,,,,,,,,,,
12165956,,,,,,,,,,,,,
12165957,,,,,,,,,,,,,
12165958,,,,,,,,,,,,,
12165959,,,,,,,,,,,,,
12165960,,,,,,,,,,,,,
12165961,,,,,,,,,,,,,
12165962,,,,,,,,,,,,,
12165963,,,,,,,,,,,,,
12165964,,,,,,,,,,,,,
12165965,,,,,,,,,,,,,
12165966,,,,,,,,,,,,,
12165967,,,,,,,,,,,,,
12165968,,,,,,,,,,,,,
12165969,,,,,,,,,,,,,
12165970,,,,,,,,,,,,,
12165971,,,,,,,,,,,,,
12165972,,,,,,,,,,,,,
12165973,,,,,,,,,,,,,
12165974,,,,,,,,,,,,,
12165975,,,,,,,,,,,,,
12165976,,,,,,,,,,,,,
12165977,,,,,,,,,,,,,
12165978,,,,,,,,,,,,,
12165979,,,,,,,,,,,,,
12165982,,,,,,,,,,,,,
12165983,,,,,,,,,,,,,
12165984,,,,,,,,,,,,,
12165985,,,,,,,,,,,,,
12165986,,,,,,,,,,,,,
12165987,,,,,,,,,,,,,
12165989,,,,,,,,,,,,,
12165991,,,,,,,,,,,,,
12165992,,,,,,,,,,,,,
12165996,,,,,,,,,,,,,
12165997,,,,,,,,,,,,,
12165998,,,,,,,,,,,,,
12165999,,,,,,,,,,,,,
12166000,,,,,,,,,,,,,
12166001,,,,,,,,,,,,,
12166002,,,,,,,,,,,,,
12166003,,,,,,,,,,,,,
12166004,,,,,,,,,,,,,
12166005,,,,,,,,,,,,,
12166006,,,,,,,,,,,,,
12166007,,,,,,,,,,,,,
12166008,,,,,,,,,,,,,
12166010,,,,,,,,,,,,,
12166011,,,,,,,,,,,,,
12166012,,,,,,,,,,,,,
12166013,,,,,,,,,,,,,
12166014,,,,,,,,,,,,,
12166015,,,,,,,,,,,,,
12166016,,,,,,,,,,,,,
12166017,,,,,,,,,,,,,
12166018,,,,,,,,,,,,,
12166019,,,,,,,,,,,,,
12166020,,,,,,,,,,,,,
12166021,,,,,,,,,,,,,
12166022,,,,,,,,,,,,,
12166023,,,,,,,,,,,,,
12166024,,,,,,,,,,,,,
12166025,,,,,,,,,,,,,
12166026,,,,,,,,,,,,,
12166027,,,,,,,,,,,,,
12166028,,,,,,,,,,,,,
12166029,,,,,,,,,,,,,
12166030,,,,,,,,,,,,,
12166031,,,,,,,,,,,,,
12166032,,,,,,,,,,,,,
12166033,,,,,,,,,,,,,
12166034,,,,,,,,,,,,,
12166035,,,,,,,,,,,,,
12166036,,,,,,,,,,,,,
12166037,,,,,,,,,,,,,
12166038,,,,,,,,,,,,,
12166039,,,,,,,,,,,,,
12166040,,,,,,,,,,,,,
12166041,,,,,,,,,,,,,
12166047,,,,,,,,,,,,,
12166048,,,,,,,,,,,,,
12166049,,,,,,,,,,,,,
12166050,,,,,,,,,,,,,
12166051,,,,,,,,,,,,,
12166052,,,,,,,,,,,,,
12166053,,,,,,,,,,,,,
12166054,,,,,,,,,,,,,
12166055,,,,,,,,,,,,,
12166056,,,,,,,,,,,,,
12166057,,,,,,,,,,,,,
12166058,,,,,,,,,,,,,
12166059,,,,,,,,,,,,,
12166060,,,,,,,,,,,,,
12166061,,,,,,,,,,,,,
12166062,,,,,,,,,,,,,
12166063,,,,,,,,,,,,,
12166064,,,,,,,,,,,,,
12166065,,,,,,,,,,,,,
12166066,,,,,,,,,,,,,
12166067,,,,,,,,,,,,,
12166068,,,,,,,,,,,,,
12166069,,,,,,,,,,,,,
12166070,,,,,,,,,,,,,
12166071,,,,,,,,,,,,,
12166072,,,,,,,,,,,,,
12166073,,,,,,,,,,,,,
12166074,,,,,,,,,,,,,
12166075,,,,,,,,,,,,,
12166076,,,,,,,,,,,,,
12166077,,,,,,,,,,,,,
12166078,,,,,,,,,,,,,
12166079,,,,,,,,,,,,,
12166080,,,,,,,,,,,,,
12166081,,,,,,,,,,,,,
12166082,,,,,,,,,,,,,
12166083,,,,,,,,,,,,,
12166084,,,,,,,,,,,,,
12166085,,,,,,,,,,,,,
12166086,,,,,,,,,,,,,
12166087,,,,,,,,,,,,,
12166088,,,,,,,,,,,,,
12166089,,,,,,,,,,,,,
12166090,,,,,,,,,,,,,
12166091,,,,,,,,,,,,,
12166092,,,,,,,,,,,,,
12166093,,,,,,,,,,,,,
12166094,,,,,,,,,,,,,
12166096,,,,,,,,,,,,,
12166097,,,,,,,,,,,,,
12166098,,,,,,,,,,,,,
12166100,,,,,,,,,,,,,
12166101,,,,,,,,,,,,,
12166102,,,,,,,,,,,,,
12166103,,,,,,,,,,,,,
12166104,,,,,,,,,,,,,
12166105,,,,,,,,,,,,,
12166106,,,,,,,,,,,,,
12166107,,,,,,,,,,,,,
12166108,,,,,,,,,,,,,
12166273,,,,,,,,,,,,,
12166278,,,,,,,,,,,,,
12166279,,,,,,,,,,,,,
12166281,,,,,,,,,,,,,
12166283,,,,,,,,,,,,,
12166285,,,,,,,,,,,,,
12166288,,,,,,,,,,,,,
12166289,,,,,,,,,,,,,
12166290,,,,,,,,,,,,,
12166291,,,,,,,,,,,,,
12166292,,,,,,,,,,,,,
12166293,,,,,,,,,,,,,
12166294,,,,,,,,,,,,,
12166296,,,,,,,,,,,,,
12166297,,,,,,,,,,,,,
12166298,,,,,,,,,,,,,
12166299,,,,,,,,,,,,,
12166300,,,,,,,,,,,,,
12166302,,,,,,,,,,,,,
12166797,0,0,0,0,,,,,,,,,
12166798,,,,,,,,,,,,,
12110004,2,2,7,6,,,,7,,,,,
12110007,2,2,1,6,6,,,,,,,,
12110017,2,2,1,7,6,,,,7,,,,
12110074,0,0,4,0,,,,,,,,,
12131503,0,0,3,5,,,,,,,,,
12131504,0,0,4,2,,,,,,,,,
12131515,0,0,3,6,,,,,6,,,,
12131548,0,0,4,4,,,,,,,,,
12131554,1,1,6,6,6,,,,1,6,,,
12131558,2,2,7,7,,,,7,7,,,,
12131559,0,0,5,6,,,,,4,,,,
12131560,1,1,4,6,2,,,,,,,,
12131579,2,2,3,6,6,,,,,,,,
12131580,0,0,1,,,,,,,,,,
12131606,2,2,6,7,,,,,7,,,,
12131608,2,2,6,6,,,,,,,,,
12131609,2,2,6,6,,,,,,,,,
12131635,2,2,6,6,,,,,,,,,
12148594,,,,,,,,,,,,,
12152261,,,,,,,,,,,,,
12152264,,,,,,,,,,,,,
12152324,,,,,,,,,,,,,
12152427,,,,,,,,,,,,,
12152431,,,,,,,,,,,,,
12152611,,,,,,,,,,,,,
12163283,0,0,5,4,,,,,,,,,
12163433,2,2,7,6,,,,7,,,,,
12163456,0,0,6,3,,,,5,,,,,
12163495,0,0,4,6,,,,,5,,,,
12163496,2,2,6,6,,,,,,,,,
12163513,2,2,6,6,7,,,3,,7,,,
12163586,0,0,2,2,,,,,,,,,
12163631,2,2,7,5,6,,,,,,,,
12163643,2,2,6,6,,,,,,,,,
12163651,0,0,3,6,,,,,4,,,,
12163698,0,0,6,3,,,,3,,,,,
12163722,0,0,4,5,,,,,,,,,
12163758,2,2,0,7,6,,,,7,,,,
12163803,2,2,7,6,,,,,,,,,
12163848,2,2,6,6,,,,,,,,,
12163863,0,0,1,5,,,,,,,,,
12163875,2,2,6,7,,,,,9,,,,
12163974,2,2,7,6,,,,,,,,,
12164046,2,2,6,6,,,,,,,,,
12164069,2,2,6,6,,,,,,,,,
12164072,0,0,4,0,,,,,,,,,
12164530,2,2,6,6,6,,,,1,,,,
12164637,0,0,2,2,,,,,,,,,
12164655,0,0,2,4,,,,,,,,,
12164751,0,0,4,1,,,,,,,,,
12164754,2,2,6,6,,,,,,,,,
12164755,2,2,6,6,,,,,,,,,
12164773,2,2,6,6,,,,,,,,,
12164792,0,0,2,2,,,,,,,,,
12164800,0,0,2,4,,,,,,,,,
12164801,2,2,7,6,,,,,,,,,
12164802,0,0,4,6,,,,,,,,,
12164803,1,1,6,3,9,,,,,,,,
12164804,2,2,6,6,,,,,,,,,
12164805,2,2,6,6,,,,,,,,,
12164806,1,1,6,3,5,,,,,,,,
12164807,0,0,3,6,,,,,,,,,
12164808,2,2,6,7,,,,,,,,,
12164809,2,2,6,6,,,,,,,,,
12164810,1,1,6,2,6,,,,,,,,
12164811,0,0,6,3,,,,,,,,,
12164812,2,2,4,6,10,,,,,,,,
12164813,0,0,6,3,,,,,,,,,
12164814,0,0,2,4,,,,,,,,,
12164815,0,0,2,4,,,,,,,,,
12164816,0,0,4,6,,,,,,,,,
12164817,2,2,6,6,,,,,,,,,
12164818,2,2,4,6,10,,,,,,,,
12164819,2,2,3,6,10,,,,,,,,
12164820,0,0,0,3,,,,,,,,,
12164821,0,0,3,3,,,,,,,,,
12164822,,,,,,,,,,,,,
12164823,2,2,6,6,,,,,,,,,
12164824,0,0,2,2,,,,,,,,,
12164827,1,1,4,6,3,,,,,,,,
12164845,0,0,3,3,,,,,,,,,
12164888,2,2,6,6,,,,,,,,,
12164889,2,2,6,6,,,,,,,,,
12164892,2,2,6,7,,,,,,,,,
12164893,0,0,2,2,,,,,,,,,
12164895,1,1,6,4,3,,,,,,,,
12164896,2,2,7,6,,,,,,,,,
12164897,2,2,6,4,11,,,,,,,,
12164898,2,2,6,6,,,,,,,,,
12164900,2,2,6,7,,,,,,,,,
12164901,2,2,6,3,10,,,,,,,,
12164902,,,,,,,,,,,,,
12164903,0,0,2,4,,,,,,,,,
12164904,2,2,1,6,11,,,,,,,,
12164905,0,0,6,6,,,,,,,,,
12164906,2,2,6,7,,,,,,,,,
12164907,2,2,6,6,,,,,,,,,
12164908,2,2,6,6,,,,,,,,,
12164909,,,,,,,,,,,,,
12164910,0,0,4,3,,,,,,,,,
12164911,2,2,6,6,,,,,,,,,
12164912,0,0,2,1,,,,,,,,,
12164913,2,2,6,6,10,,,,,,,,
12164914,2,2,7,6,,,,,,,,,
12164915,0,0,2,2,,,,,,,,,
12164916,2,2,6,6,,,,,,,,,
12164917,0,0,3,3,,,,,,,,,
12164918,2,2,6,6,,,,,,,,,
12164919,2,2,6,7,,,,,,,,,
12164920,0,0,6,3,,,,,,,,,
12164921,0,0,1,5,,,,,,,,,
12164922,1,1,4,6,6,,,,,,,,
12164923,2,2,6,6,,,,,,,,,
12164924,0,0,4,1,,,,,,,,,
12164925,2,2,7,6,,,,,,,,,
12164932,0,0,2,2,,,,,,,,,
12164934,0,0,5,3,,,,,,,,,
12164953,2,2,7,6,,,,7,,,,,
12164954,0,0,4,6,,,,,4,,,,
12165006,2,2,7,7,,,,7,7,,,,
12165024,2,2,6,6,,,,,,,,,
12165045,0,0,3,4,,,,,,,,,
12165046,2,2,7,6,,,,7,,,,,
12165086,2,2,4,6,6,,,,,,,,
12165135,2,2,7,6,,,,7,,,,,
12165234,0,0,2,3,,,,,,,,,
12165237,0,0,3,1,,,,,,,,,
12165238,0,0,1,1,,,,,,,,,
12165239,0,0,2,0,,,,,,,,,
12165240,2,2,3,6,10,,,,,,,,
12165241,0,0,6,5,,,,,,,,,
12165242,2,2,6,6,,,,,,,,,
12165243,2,2,1,6,10,,,,,,,,
12165244,1,1,1,7,5,,,,,,,,
12165245,2,2,6,6,,,,,,,,,
12165246,1,1,7,3,6,,,,,,,,
12165247,0,0,3,4,,,,,,,,,
12165248,1,1,6,6,12,,,,,,,,
12165249,0,0,3,4,,,,,,,,,
12165250,0,0,5,2,,,,,,,,,
12165251,0,0,1,1,,,,,,,,,
12165252,2,2,6,7,,,,,,,,,
12165387,2,2,6,6,,,,,,,,,
12165394,1,1,6,0,2,,,,,,,,
12165395,1,1,2,6,3,,,,,,,,
12165514,1,1,1,6,4,,,,,,,,
12165516,2,2,6,6,,,,,,,,,
12165517,1,1,6,4,7,,,,,,,,
12165518,2,2,6,6,,,,,,,,,
12165519,2,2,6,6,,,,,,,,,
12165520,2,2,6,6,,,,,,,,,
12165521,,,,,,,,,,,,,
12165522,0,0,0,1,,,,,,,,,
12165523,2,2,6,6,,,,,,,,,
12165524,,,,,,,,,,,,,
12165525,,,,,,,,,,,,,
12165526,2,2,6,6,,,,,,,,,
12165527,1,1,4,6,6,,,,,,,,
12165528,2,2,7,2,10,,,,,,,,
12165529,2,2,6,6,,,,,,,,,
12165530,0,0,5,4,,,,,,,,,
12165531,2,2,7,6,,,,,,,,,
12165532,0,0,2,1,,,,,,,,,
12165533,2,2,6,6,,,,,,,,,
12165534,1,1,6,6,6,,,,,,,,
12165535,2,2,7,6,,,,,,,,,
12165536,0,0,5,1,,,,,,,,,
12165537,2,2,6,1,10,,,,,,,,
12165538,2,2,3,6,10,,,,,,,,
12165539,2,2,6,6,,,,,,,,,
12165540,0,0,3,4,,,,,,,,,
12165541,2,2,6,6,,,,,,,,,
12165542,0,0,3,4,,,,,,,,,
12165543,1,1,7,3,7,,,,,,,,
12165544,2,2,6,6,,,,,,,,,
12165545,0,0,4,3,,,,,,,,,
12165546,2,2,6,6,,,,,,,,,
12165547,2,2,6,1,10,,,,,,,,
12165548,0,0,4,4,,,,,,,,,
12165549,0,0,4,6,,,,,,,,,
12165550,0,0,2,4,,,,,,,,,
12165551,2,2,7,0,10,,,,,,,,
12165552,2,2,1,6,10,,,,,,,,
12165553,1,1,6,2,9,,,,,,,,
12165554,0,0,3,4,,,,,,,,,
12165555,0,0,6,1,,,,,,,,,
12165556,2,2,6,6,,,,,,,,,
12165557,2,2,6,6,,,,,,,,,
12165558,2,2,6,6,,,,,,,,,
12165559,2,2,6,6,,,,,,,,,
12165560,1,1,6,6,7,,,,,,,,
12165561,1,1,6,4,4,,,,,,,,
12165562,,,,,,,,,,,,,
12165563,2,2,3,6,10,,,,,,,,
12165564,2,2,6,6,,,,,,,,,
12165565,,,,,,,,,,,,,
12165566,1,1,6,4,4,,,,,,,,
12165567,0,0,0,2,,,,,,,,,
12165568,0,0,4,1,,,,,,,,,
12165569,2,2,6,6,,,,,,,,,
12165570,2,2,6,6,,,,,,,,,
12165571,2,2,6,6,,,,,,,,,
12165572,2,2,3,6,10,,,,,,,,
12165573,1,1,3,6,7,,,,,,,,
12165574,2,2,6,6,,,,,,,,,
12165609,0,0,4,3,,,,,,,,,
12165644,0,0,4,6,,,,,3,,,,
12165646,1,1,2,7,5,,,,,,,,
12165647,2,2,6,6,,,,,,,,,
12165648,2,2,6,6,,,,,,,,,
12165649,2,2,6,4,7,,,,,,,,
12165650,2,2,6,6,,,,,,,,,
12165651,2,2,6,6,,,,,,,,,
12165652,2,2,6,6,,,,,,,,,
12165653,2,2,6,6,,,,,,,,,
12165667,0,0,4,4,,,,,,,,,
12165668,2,2,1,6,10,,,,,,,,
12165669,,,,,,,,,,,,,
12165670,2,2,6,6,,,,,,,,,
12165671,2,2,6,6,,,,,,,,,
12165672,2,2,6,6,,,,,,,,,
12165673,0,0,0,0,,,,,,,,,
12165674,2,2,6,6,,,,,,,,,
12165675,1,1,5,6,5,,,,,,,,
12165676,0,0,1,3,,,,,,,,,
12165677,2,2,6,6,,,,,,,,,
12165678,2,2,7,6,,,,,,,,,
12165679,2,2,6,6,,,,,,,,,
12165680,,,,,,,,,,,,,
12165681,2,2,6,6,,,,,,,,,
12165682,0,0,2,1,,,,,,,,,
12165683,0,0,3,4,,,,,,,,,
12165684,0,0,6,0,,,,,,,,,
12165685,2,2,6,7,,,,,,,,,
12165686,1,1,7,3,7,,,,,,,,
12165687,2,2,6,4,12,,,,,,,,
12165688,,,,,,,,,,,,,
12165689,0,0,1,0,,,,,,,,,
12165690,0,0,3,2,,,,,,,,,
12165691,2,2,6,6,,,,,,,,,
12165692,,,,,,,,,,,,,
12165693,2,2,6,6,,,,,,,,,
12165700,0,0,4,3,,,,,,,,,
12165701,1,1,6,6,7,,,,,,,,
12165702,2,2,6,6,,,,,,,,,
12165703,2,2,6,6,,,,,,,,,
12165704,0,0,3,2,,,,,,,,,
12165705,2,2,6,6,,,,,,,,,
12165706,0,0,2,3,,,,,,,,,
12165707,0,0,4,0,,,,,,,,,
12165708,0,0,1,2,,,,,,,,,
12165709,2,2,6,6,,,,,,,,,
12165710,2,2,6,6,,,,,,,,,
12165711,2,2,6,6,,,,,,,,,
12165712,0,0,1,2,,,,,,,,,
12165713,0,0,6,4,,,,,,,,,
12165714,1,1,6,3,10,,,,,,,,
12165715,0,0,1,0,,,,,,,,,
12165751,1,1,4,6,1,,,,,,,,
12165752,1,1,6,0,6,,,,,,,,
12165753,0,0,1,2,,,,,,,,,
12165754,0,0,4,2,,,,,,,,,
12165755,0,0,0,5,,,,,,,,,
12165756,2,2,6,7,,,,,9,,,,
12165757,2,2,6,6,,,,,,,,,
12165758,0,0,4,5,,,,,,,,,
12165759,1,1,6,4,8,,,,,,,,
12165760,0,0,4,2,,,,,,,,,
12165761,2,2,6,6,,,,,,,,,
12165762,0,0,4,6,,,,,2,,,,
12165763,2,2,6,6,,,,,,,,,
12165764,2,2,6,6,,,,,,,,,
12165765,0,0,2,6,,,,,5,,,,
12165766,0,0,2,2,,,,,,,,,
12165767,0,0,6,5,,,,6,,,,,
12165769,1,1,6,3,,,,,,,,,
12165770,0,0,4,3,,,,,,,,,
12165771,2,2,6,7,12,,,4,7,,,,
12165772,0,0,0,0,,,,,,,,,
12165773,2,2,6,6,,,,,,,,,
12165774,2,2,6,6,,,,,,,,,
12165775,2,2,7,6,,,,,,,,,
12165776,0,0,3,5,,,,,,,,,
12165777,2,2,7,6,,,,,,,,,
12165778,2,2,6,6,,,,,,,,,
12165779,2,2,6,6,,,,,,,,,
12165780,0,0,2,0,,,,,,,,,
12165781,2,2,6,6,,,,,,,,,
12165811,0,0,2,3,,,,,,,,,
12165812,2,2,6,6,,,,,,,,,
12165813,2,2,6,6,,,,,,,,,
12165814,0,0,0,3,,,,,,,,,
12165815,2,2,1,6,10,,,,,,,,
12165816,1,1,1,6,6,,,,,,,,
12165817,2,2,6,6,,,,,,,,,
12165818,2,2,6,6,,,,,,,,,
12165819,2,2,6,3,10,,,,,,,,
12165820,2,2,7,7,,,,,,,,,
12165821,0,0,0,2,,,,,,,,,
12165822,2,2,6,6,,,,,,,,,
12165823,2,2,6,6,,,,,,,,,
12165824,1,1,6,6,6,,,,,,,,
12165825,2,2,6,4,10,,,,,,,,
12165826,0,0,2,1,,,,,,,,,
12165827,,,,,,,,,,,,,
12165828,0,0,1,4,,,,,,,,,
12165829,2,2,7,6,,,,,,,,,
12165830,,,,,,,,,,,,,
12165831,0,0,0,3,,,,,,,,,
12165832,0,0,4,3,,,,,,,,,
12165833,0,0,0,2,,,,,,,,,
12165834,0,0,4,2,,,,,,,,,
12165835,0,0,1,0,,,,,,,,,
12165836,2,2,7,7,,,,,,,,,
12165837,2,2,6,6,,,,,,,,,
12165838,2,2,6,6,,,,,,,,,
12165839,2,2,6,6,,,,,,,,,
12165840,2,2,6,6,,,,,,,,,
12165841,1,1,6,7,8,,,,,,,,
12165842,1,1,4,6,10,,,,,,,,
12165843,2,2,6,4,10,,,,,,,,
12165844,0,0,2,1,,,,,,,,,
12165845,2,2,6,6,,,,,,,,,
12165846,2,2,6,6,,,,,,,,,
12165847,1,1,7,4,8,,,,,,,,
12165848,,,,,,,,,,,,,
12165849,0,0,1,1,,,,,,,,,
12165850,2,2,6,6,,,,,,,,,
12165879,0,0,0,0,,,,,,,,,
12165887,1,1,6,2,7,,,,,,,,
12165888,1,1,6,4,3,,,,,,,,
12165889,2,2,6,6,,,,,,,,,
12165890,,,,,,,,,,,,,
12165891,2,2,6,6,,,,,,,,,
12165892,0,0,1,1,,,,,,,,,
12165893,2,2,6,4,10,,,,,,,,
12165894,2,2,6,6,,,,,,,,,
12165895,2,2,6,6,,,,,,,,,
12165896,0,0,2,5,,,,,,,,,
12165897,0,0,2,1,,,,,,,,,
12165898,2,2,4,6,10,,,,,,,,
12165899,2,2,2,6,10,,,,,,,,
12165900,0,0,0,2,,,,,,,,,
12165901,0,0,2,3,,,,,,,,,
12165902,0,0,3,1,,,,,,,,,
12165903,2,2,6,6,,,,,,,,,
12165904,0,0,5,5,,,,,,,,,
12165905,2,2,6,7,,,,,,,,,
12165906,0,0,1,5,,,,,,,,,
12165907,2,2,2,6,10,,,,,,,,
12165908,0,0,2,3,,,,,,,,,
12165909,2,2,6,6,,,,,,,,,
12165910,2,2,6,6,,,,,,,,,
12165911,0,0,0,0,,,,,,,,,
12165912,1,1,6,4,6,,,,,,,,
12165913,2,2,6,4,10,,,,,,,,
12165914,0,0,2,5,,,,,,,,,
12165915,2,2,6,6,,,,,,,,,
12165916,2,2,7,6,,,,,,,,,
12165917,,,,,,,,,,,,,
12165918,0,0,4,3,,,,,,,,,
12165919,2,2,6,1,10,,,,,,,,
12165920,2,2,6,6,,,,,,,,,
12165921,0,0,3,3,,,,,,,,,
12165922,2,2,7,4,10,,,,,,,,
12165923,2,2,6,6,,,,,,,,,
12165924,2,2,6,6,,,,,,,,,
12165925,1,1,3,7,8,,,,,,,,
12165926,2,2,6,6,,,,,,,,,
12165927,0,0,2,1,,,,,,,,,
12165928,2,2,6,6,,,,,,,,,
12165929,0,0,0,3,,,,,,,,,
12165930,2,2,6,6,,,,,,,,,
12165931,2,2,6,6,,,,,,,,,
12165932,2,2,6,6,,,,,,,,,
12165933,2,2,6,6,,,,,,,,,
12165934,0,0,1,0,,,,,,,,,
12165935,0,0,0,2,,,,,,,,,
12165936,2,2,6,6,,,,,,,,,
12165937,0,0,0,2,,,,,,,,,
12165938,0,0,6,0,,,,,,,,,
12165939,2,2,6,6,,,,,,,,,
12165940,2,2,7,6,,,,,,,,,
12165941,2,2,6,6,,,,,,,,,
12165942,2,2,6,6,,,,,,,,,
12165943,0,0,4,3,,,,,,,,,
12165944,2,2,6,6,,,,,,,,,
12165945,2,2,6,6,,,,,,,,,
12165946,1,1,6,3,4,,,,,,,,
12165947,0,0,2,6,,,,,,,,,
12165948,0,0,6,3,,,,,,,,,
12165949,2,2,6,6,,,,,,,,,
12165950,2,2,6,6,,,,,,,,,
12165951,2,2,6,7,,,,,,,,,
12165952,0,0,1,1,,,,,,,,,
12165953,0,0,4,2,,,,,,,,,
12165954,0,0,2,4,,,,,,,,,
12165955,0,0,1,1,,,,,,,,,
12165956,1,1,4,6,2,,,,,,,,
12165957,0,0,0,6,,,,,,,,,
12165958,2,2,6,6,,,,,,,,,
12165959,2,2,6,6,,,,,,,,,
12165960,0,0,0,5,,,,,,,,,
12165961,0,0,0,2,,,,,,,,,
12165962,0,0,2,3,,,,,,,,,
12165963,2,2,6,6,,,,,,,,,
12165964,0,0,1,1,,,,,,,,,
12165965,0,0,4,6,,,,,,,,,
12165966,2,2,6,6,,,,,,,,,
12165967,2,2,0,6,10,,,,,,,,
12165968,2,2,2,6,11,,,,,,,,
12165969,2,2,6,6,,,,,,,,,
12165970,2,2,6,6,10,,,,,,,,
12165971,2,2,4,6,11,,,,,,,,
12165972,0,0,0,0,,,,,,,,,
12165973,0,0,4,6,,,,,,,,,
12165974,2,2,6,6,,,,,,,,,
12165975,2,2,3,6,10,,,,,,,,
12165976,0,0,5,3,,,,,,,,,
12165977,,,,,,,,,,,,,
12165978,2,2,6,6,,,,,,,,,
12165979,2,2,3,7,10,,,,,,,,
12165982,1,1,1,6,3,,,,,,,,
12165983,0,0,6,3,,,,4,,,,,
12165984,2,2,7,6,,,,7,,,,,
12165985,0,0,1,3,,,,,,,,,
12165986,1,1,4,7,4,,,,,,,,
12165987,2,2,6,6,,,,,,,,,
12165989,2,2,6,6,,,,,,,,,
12165990,0,0,3,2,,,,,,,,,
12165991,2,2,2,6,6,,,,,,,,
12165992,1,1,6,2,,,,,,,,,
12165993,1,1,6,1,3,,,,,,,,
12165994,2,2,7,7,,,,,8,,,,
12165995,0,0,2,2,,,,,,,,,
12165996,2,2,6,6,,,,,,,,,
12165997,2,2,6,6,,,,,,,,,
12165998,1,1,2,7,7,,,,,,,,
12165999,0,0,1,1,,,,,,,,,
12166000,0,0,1,0,,,,,,,,,
12166001,1,1,6,6,7,,,,,,,,
12166002,0,0,2,0,,,,,,,,,
12166003,2,2,6,6,,,,,,,,,
12166004,0,0,5,1,,,,,,,,,
12166005,2,2,6,6,,,,,,,,,
12166006,0,0,6,1,,,,,,,,,
12166007,0,0,1,0,,,,,,,,,
12166008,2,2,7,6,,,,,,,,,
12166010,0,0,5,2,,,,,,,,,
12166011,0,0,4,0,,,,,,,,,
12166012,2,2,6,6,,,,,,,,,
12166013,1,1,6,5,8,,,,,,,,
12166014,2,2,6,6,,,,,,,,,
12166015,2,2,6,6,,,,,,,,,
12166016,1,1,5,6,6,,,,,,,,
12166017,0,0,1,0,,,,,,,,,
12166018,0,0,2,3,,,,,,,,,
12166019,0,0,3,0,,,,,,,,,
12166020,2,2,6,6,,,,,,,,,
12166021,0,0,2,1,,,,,,,,,
12166022,0,0,1,3,,,,,,,,,
12166023,0,0,1,5,,,,,,,,,
12166024,0,0,6,4,,,,,,,,,
12166025,0,0,3,2,,,,,,,,,
12166026,0,0,2,2,,,,,,,,,
12166027,0,0,0,0,,,,,,,,,
12166028,,,,,,,,,,,,,
12166029,2,2,6,7,,,,,,,,,
12166030,0,0,2,5,,,,,,,,,
12166031,2,2,6,6,,,,,,,,,
12166032,2,2,7,6,,,,,,,,,
12166033,1,1,6,6,8,,,,,,,,
12166034,2,2,6,6,10,,,,,,,,
12166035,0,0,2,0,,,,,,,,,
12166036,2,2,2,6,10,,,,,,,,
12166037,2,2,6,6,,,,,,,,,
12166038,0,0,5,2,,,,,,,,,
12166039,0,0,2,4,,,,,,,,,
12166040,0,0,0,1,,,,,,,,,
12166041,2,2,6,7,,,,,,,,,
12166047,,,,,,,,,,,,,
12166048,2,2,6,6,,,,,,,,,
12166049,0,0,2,1,,,,,,,,,
12166050,2,2,6,6,,,,,,,,,
12166051,2,2,6,6,,,,,,,,,
12166052,0,0,2,2,,,,,,,,,
12166053,2,2,6,6,10,,,,,,,,
12166054,0,0,0,1,,,,,,,,,
12166055,0,0,2,2,,,,,,,,,
12166056,2,2,6,3,10,,,,,,,,
12166057,,,,,,,,,,,,,
12166058,2,2,6,6,,,,,,,,,
12166059,0,0,3,6,,,,,,,,,
12166060,2,2,6,6,,,,,,,,,
12166061,2,2,3,6,10,,,,,,,,
12166062,0,0,0,0,,,,,,,,,
12166063,2,2,7,6,,,,,,,,,
12166064,0,0,1,3,,,,,,,,,
12166065,2,2,6,6,,,,,,,,,
12166066,0,0,1,1,,,,,,,,,
12166067,2,2,1,6,10,,,,,,,,
12166068,0,0,1,1,,,,,,,,,
12166069,0,0,5,6,,,,,,,,,
12166070,0,0,4,3,,,,,,,,,
12166071,2,2,6,6,,,,,,,,,
12166072,2,2,2,6,10,,,,,,,,
12166073,2,2,6,6,,,,,,,,,
12166074,2,2,6,6,,,,,,,,,
12166075,0,0,2,4,,,,,,,,,
12166076,2,2,6,6,,,,,,,,,
12166077,2,2,6,6,,,,,,,,,
12166078,2,2,6,6,,,,,,,,,
12166079,0,0,2,0,,,,,,,,,
12166080,2,2,6,6,,,,,,,,,
12166081,0,0,2,4,,,,,,,,,
12166082,1,1,4,6,8,,,,,,,,
12166083,2,2,6,6,,,,,,,,,
12166084,0,0,4,3,,,,,,,,,
12166085,2,2,6,0,10,,,,,,,,
12166086,2,2,6,6,,,,,,,,,
12166087,2,2,6,6,,,,,,,,,
12166088,0,0,3,5,,,,,,,,,
12166089,1,1,6,6,11,,,,,,,,
12166090,0,0,0,0,,,,,,,,,
12166091,2,2,6,6,,,,,,,,,
12166092,0,0,1,3,,,,,,,,,
12166093,2,2,6,6,,,,,,,,,
12166094,0,0,0,0,,,,,,,,,
12166096,0,0,3,4,,,,,,,,,
12166097,0,0,1,2,,,,,,,,,
12166098,2,2,7,6,,,,,,,,,
12166100,0,0,1,3,,,,,,,,,
12166101,1,1,6,3,,,,,,,,,
12166102,2,2,3,6,6,,,,,,,,
12166103,1,1,3,7,2,,,,7,,,,
12166104,2,2,6,6,,,,,,,,,
12166105,0,0,1,2,,,,,,,,,
12166106,0,0,2,5,,,,,,,,,
12166107,0,0,2,4,,,,,,,,,
12166108,2,2,6,3,6,,,,,,,,
12166154,2,2,6,6,,,,,,,,,
12166272,0,0,2,6,,,,,,,,,
12166273,0,0,0,2,,,,,,,,,
12166274,0,0,3,0,,,,,,,,,
12166275,1,1,6,2,4,,,,,,,,
12166276,0,0,0,0,,,,,,,,,
12166277,1,1,2,6,5,,,,,,,,
12166278,0,0,2,1,,,,,,,,,
12166279,2,2,7,6,,,,,,,,,
12166280,0,0,1,1,,,,,,,,,
12166281,2,2,6,6,,,,,,,,,
12166282,,,,,,,,,,,,,
12166283,2,2,7,5,10,,,,,,,,
12166284,0,0,2,2,,,,,,,,,
12166285,1,1,6,3,5,,,,,,,,
12166286,2,2,7,4,11,,,,,,,,
12166287,2,2,6,6,,,,,,,,,
12166288,2,2,6,6,,,,,,,,,
12166289,,,,,,,,,,,,,
12166290,2,2,6,6,,,,,,,,,
12166291,2,2,2,6,10,,,,,,,,
12166292,2,2,7,2,10,,,,,,,,
12166293,2,2,6,6,,,,,,,,,
12166294,0,0,1,0,,,,,,,,,
12166295,0,0,4,4,,,,,,,,,
12166296,2,2,7,5,10,,,,,,,,
12166297,2,2,6,6,,,,,,,,,
12166298,2,2,6,6,,,,,,,,,
12166299,1,1,6,5,6,,,,,,,,
12166300,2,2,6,6,,,,,,,,,
12166301,2,2,6,7,,,,,,,,,
12166302,2,2,6,6,,,,,,,,,
12166303,0,0,4,5,,,,,,,,,
12166338,0,0,6,2,,,,1,,,,,
12166339,1,1,5,6,1,,,,,,,,
12166340,2,2,2,6,6,,,,,,,,
12166341,0,0,5,3,,,,,,,,,
12166342,0,0,4,4,,,,,,,,,
12166343,1,1,6,6,4,,,1,,,,,
12166344,1,1,7,4,1,,,9,,,,,
12166345,0,0,1,4,,,,,,,,,
12166346,0,0,2,3,,,,,,,,,
12166347,0,0,3,1,,,,,,,,,
12166348,0,0,4,4,,,,,,,,,
12166349,0,0,0,4,,,,,,,,,
12166350,1,1,6,3,6,,,,,4,,,
12166351,0,0,0,0,,,,,,,,,
12166352,0,0,1,6,,,,,4,,,,
12166353,2,2,7,2,6,,,7,,,,,
12166354,2,2,6,1,6,,,,,,,,
12166355,0,0,3,2,,,,,,,,,
12166356,1,1,4,6,3,,,,,,,,
12166357,2,2,7,5,6,,,,,,,,
12166358,2,2,6,6,,,,,,,,,
12166359,2,2,6,6,,,,,,,,,
12166360,0,0,4,4,,,,,,,,,
12166361,2,2,6,6,,,,,,,,,
12166423,0,0,0,4,,,,,,,,,
12166424,2,2,6,6,,,,,,,,,
12166425,,,,,,,,,,,,,
12166426,0,0,4,4,,,,,,,,,
12166427,2,2,6,6,,,,,,,,,
12166428,2,2,7,6,,,,,,,,,
12166429,0,0,0,4,,,,,,,,,
12166430,0,0,1,1,,,,,,,,,
12166431,0,0,1,5,,,,,,,,,
12166434,1,1,3,6,3,,,,,,,,
12166435,1,1,6,6,3,,,3,,,,,
12166437,2,2,6,6,,,,,,,,,
12166797,0,0,0,0,,,,,,,,,
12166798,2,2,6,6,,,,,,,,,
12166828,2,2,6,6,,,,,,,,,
12166925,2,2,6,6,,,,,,,,,
12166926,0,0,6,4,,,,5,,,,,
12166927,0,0,4,3,,,,,,,,,
12166928,2,2,6,6,,,,,,,,,
12166936,2,2,7,6,,,,,,,,,
12166937,2,2,6,6,,,,,,,,,
12166946,1,1,7,2,4,,,,,,,,
12166955,2,2,6,6,,,,,,,,,
12166960,0,0,4,2,,,,,,,,,
12166961,0,0,5,3,,,,,,,,,
12166973,0,0,2,2,,,,,,,,,
12166974,1,1,0,6,1,,,,,,,,
12166975,0,0,2,2,,,,,,,,,
12166976,0,0,3,3,,,,,,,,,
12166977,2,2,6,7,,,,,,,,,
12166978,2,2,7,4,10,,,,,,,,
12166979,2,2,6,6,,,,,,,,,
12166980,,,,,,,,,,,,,
12166981,,,,,,,,,,,,,
12166982,,,,,,,,,,,,,
12166983,2,2,6,4,10,,,,,,,,
12166984,2,2,7,7,,,,,,,,,
12166985,1,1,4,6,6,,,,,,,,
12166986,0,0,2,2,,,,,,,,,
12166989,0,0,3,4,,,,,,,,,
12166990,0,0,1,1,,,,,,,,,
12166991,0,0,3,6,,,,,,,,,
12166992,0,0,3,0,,,,,,,,,
12166993,2,2,6,6,,,,,,,,,
12166994,2,2,6,6,,,,,,,,,
12166995,0,0,0,1,,,,,,,,,
12166996,1,1,3,6,8,,,,,,,,
12166997,0,0,5,3,,,,,,,,,
12166998,2,2,7,7,,,,,,,,,
12166999,0,0,1,2,,,,,,,,,
12167000,2,2,7,6,,,,,,,,,
12167001,2,2,3,6,13,,,,,,,,
12167002,,,,,,,,,,,,,
12167003,2,2,6,7,,,,,,,,,
12167004,0,0,4,4,,,,,,,,,
12167005,1,1,6,2,7,,,,,,,,
12167311,0,0,4,3,,,,,,,,,
12167312,2,2,6,6,,,,,,,,,
12167313,1,1,6,6,4,,,,,,,,
12167314,2,2,6,6,,,,,,,,,
12167315,2,2,5,6,10,,,,,,,,
12167316,2,2,6,3,10,,,,,,,,
12167317,2,2,6,6,,,,,,,,,
12167318,2,2,6,6,,,,,,,,,
12167319,2,2,6,6,,,,,,,,,
12167320,0,0,5,3,,,,,,,,,
12167321,0,0,0,4,,,,,,,,,
12167322,2,2,6,7,,,,,,,,,
12167323,0,0,2,2,,,,,,,,,
12167324,2,2,7,2,10,,,,,,,,
12167325,2,2,6,6,,,,,,,,,
12167326,2,2,6,6,,,,,,,,,
12167327,0,0,2,2,,,,,,,,,
12167328,0,0,5,4,,,,,,,,,
12167329,2,2,6,6,,,,,,,,,
12167330,0,0,2,1,,,,,,,,,
12167331,0,0,0,0,,,,,,,,,
12167332,2,2,6,6,,,,,,,,,
12167333,,,,,,,,,,,,,
12167334,0,0,2,4,,,,,,,,,
12167335,2,2,7,6,,,,,,,,,
12167336,2,2,6,6,,,,,,,,,
12167337,2,2,6,6,,,,,,,,,
12167338,2,2,7,3,10,,,,,,,,
12167339,2,2,6,6,,,,,,,,,
12167340,1,1,5,7,9,,,,,,,,
12167341,0,0,3,3,,,,,,,,,
12167342,1,1,6,0,6,,,,,,,,
12167591,2,2,6,6,,,,,,,,,
12167593,0,0,4,3,,,,,,,,,
12167668,2,2,2,6,11,,,,,,,,
12167669,0,0,3,6,,,,,,,,,
12167670,0,0,3,2,,,,,,,,,
12167671,2,2,6,6,,,,,,,,,
12167672,2,2,6,7,10,,,,,,,,
12167673,1,1,6,6,4,,,,,,,,
12167674,0,0,3,3,,,,,,,,,
12167675,0,0,3,2,,,,,,,,,
12167676,0,0,3,3,,,,,,,,,
12167677,1,1,6,3,6,,,,,,,,
12167678,2,2,6,6,,,,,,,,,
12167679,1,1,4,6,6,,,,,,,,
12167680,0,0,1,2,,,,,,,,,
12167681,2,2,6,6,,,,,,,,,
12167682,2,2,6,6,,,,,,,,,
12167725,2,2,6,6,,,,,,,,,
12167729,2,2,6,6,,,,,,,,,
12167748,1,1,4,6,6,,,,,4,,,
12167751,0,0,3,5,,,,,,,,,
12167771,2,2,6,6,,,,,,,,,
12167805,2,2,6,7,,,,,,,,,
12167806,0,0,6,1,,,,2,,,,,
12167807,,,,,,,,,,,,,
12167808,0,0,2,2,,,,,,,,,
12167809,0,0,6,3,,,,4,,,,,
12167810,2,2,6,6,,,,,,,,,
12167811,1,1,2,6,8,,,,,,,,
12167812,0,0,1,0,,,,,,,,,
12167813,0,0,1,3,,,,,,,,,
12167814,0,0,1,4,,,,,,,,,
12167815,2,2,4,6,10,,,,,,,,
12167816,0,0,1,2,,,,,,,,,
12167817,2,2,2,6,10,,,,,,,,
12167818,2,2,7,6,,,,7,,,,,
12167819,2,2,6,7,,,,,,,,,
12167820,0,0,4,3,,,,,,,,,
12167821,0,0,2,2,,,,,,,,,
12167822,2,2,6,6,,,,,,,,,
12167823,2,2,6,6,,,,,,,,,
12167824,2,2,6,6,,,,,,,,,
12167825,2,2,6,6,,,,,,,,,
12167848,0,0,1,0,,,,,,,,,
12167854,1,1,6,4,11,,,,,,,,
12167855,0,0,5,4,,,,,,,,,
12167856,2,2,6,6,,,,,,,,,
12167892,2,2,6,6,,,,,,,,,
12167901,0,0,2,2,,,,,,,,,
12167910,0,0,6,2,,,,,,,,,
12167911,2,2,6,4,6,,,,,,,,
12167912,2,2,6,6,,,,,,,,,
12167913,0,0,4,3,,,,,,,,,
12167915,0,0,3,2,,,,,,,,,
12167916,2,2,6,6,,,,,,,,,
12167917,2,2,3,7,10,,,,,,,,
12167918,2,2,6,6,,,,,,,,,
12167919,0,0,3,2,,,,,,,,,
12167920,0,0,3,4,,,,,,,,,
12167921,0,0,2,1,,,,,,,,,
12167922,2,2,3,6,10,,,,,,,,
12167923,2,2,6,6,,,,,,,,,
12167924,2,2,6,6,10,,,,,,,,
12167925,2,2,3,7,10,,,,,,,,
12167926,,,,,,,,,,,,,
12167928,1,1,6,6,5,,,,,,,,
12167929,0,0,2,3,,,,,,,,,
12167930,2,2,6,6,10,,,,,,,,
12167931,2,2,7,6,,,,,,,,,
12167932,0,0,4,6,,,,,,,,,
12167933,0,0,4,4,,,,,,,,,
12167934,2,2,3,7,10,,,,,,,,
12167935,2,2,6,6,,,,,,,,,
12167936,0,0,3,2,,,,,,,,,
12167937,2,2,6,6,,,,,,,,,
12167938,0,0,0,0,,,,,,,,,
12167939,1,1,6,3,5,,,,,,,,
12167940,0,0,2,0,,,,,,,,,
12167941,2,2,6,3,12,,,,,,,,
12167942,2,2,7,6,,,,,,,,,
12167943,2,2,6,6,,,,,,,,,
12167944,0,0,1,1,,,,,,,,,
12167945,0,0,5,2,,,,,,,,,
12167946,1,1,4,6,2,,,,,,,,
12167947,2,2,6,6,,,,,,,,,
12167948,0,0,1,2,,,,,,,,,
12167949,2,2,6,6,,,,,,,,,
12167950,2,2,6,6,,,,,,,,,
12167951,2,2,6,7,,,,,,,,,
12167952,0,0,4,3,,,,,,,,,
12167953,0,0,2,3,,,,,,,,,
12167954,0,0,4,3,,,,,,,,,
12167955,2,2,6,6,,,,,,,,,
12167956,2,2,6,6,,,,,,,,,
12167957,2,2,6,6,,,,,,,,,
12167958,2,2,6,6,,,,,,,,,
12167959,0,0,6,1,,,,,,,,,
12167960,2,2,6,3,10,,,,,,,,
12167961,0,0,0,4,,,,,,,,,
12167962,2,2,6,6,,,,,,,,,
12167963,2,2,6,6,,,,,,,,,
12167964,0,0,1,5,,,,,,,,,
12167965,2,2,4,6,10,,,,,,,,
12167966,2,2,4,6,10,,,,,,,,
12167967,0,0,6,2,,,,,,,,,
12167968,0,0,2,1,,,,,,,,,
12167969,2,2,6,3,10,,,,,,,,
12167970,2,2,6,6,,,,,,,,,
12167971,2,2,6,3,10,,,,,,,,
12167972,0,0,1,3,,,,,,,,,
12167975,0,0,4,3,,,,,,,,,
12167976,2,2,6,6,,,,,,,,,
12167977,,,,,,,,,,,,,
12167978,2,2,6,6,,,,,,,,,
12167979,0,0,6,2,,,,,,,,,
12167980,2,2,6,3,10,,,,,,,,
12167981,2,2,7,6,,,,7,,,,,
12167982,0,0,1,3,,,,,,,,,
12167983,2,2,4,6,10,,,,,,,,
12167984,2,2,6,1,10,,,,,,,,
12167986,0,0,2,2,,,,,,,,,
12167987,,,,,,,,,,,,,
12167988,1,1,6,4,7,,,,,,,,
12167989,0,0,4,2,,,,,,,,,
12167990,0,0,4,3,,,,,,,,,
12167991,0,0,2,2,,,,,,,,,
12167992,0,0,0,1,,,,,,,,,
12167993,1,1,4,6,8,,,,,,,,
12167994,2,2,2,6,10,,,,,,,,
12167995,0,0,3,2,,,,,,,,,
12167996,0,0,1,1,,,,,,,,,
12167997,0,0,2,2,,,,,,,,,
12167998,2,2,6,6,,,,,,,,,
12167999,2,2,7,6,,,,,,,,,
12168000,0,0,6,2,,,,,,,,,
12168003,2,2,7,6,,,,,,,,,
12168004,2,2,6,6,,,,,,,,,
12168005,2,2,6,6,,,,,,,,,
12168006,1,1,6,4,6,,,,,,,,
12168007,0,0,4,4,,,,,,,,,
12168008,2,2,6,7,,,,,,,,,
12168011,0,0,2,1,,,,,,,,,
12168012,0,0,6,5,,,,,,,,,
12168013,1,1,5,6,0,,,,,,,,
12168014,1,1,7,2,8,,,,,,,,
12168015,0,0,3,2,,,,,,,,,
12168016,1,1,6,3,4,,,,,,,,
12168017,1,1,5,7,12,,,,,,,,
12168018,0,0,6,0,,,,,,,,,
12168019,0,0,2,1,,,,,,,,,
12168020,2,2,6,6,,,,,,,,,
12168021,2,2,6,6,10,,,,,,,,
12168022,2,2,6,6,,,,,,,,,
12168023,2,2,6,6,,,,,,,,,
12168024,0,0,0,0,,,,,,,,,
12168025,,,,,,,,,,,,,
12168026,0,0,0,0,,,,,,,,,
12168027,2,2,6,6,,,,,,,,,
12168028,0,0,2,0,,,,,,,,,
12168029,1,1,7,0,6,,,,,,,,
12168030,0,0,0,0,,,,,,,,,
12168031,0,0,6,3,,,,,,,,,
12168032,0,0,3,1,,,,,,,,,
12168033,2,2,6,4,10,,,,,,,,
12168034,0,0,6,6,,,,,,,,,
12168035,0,0,4,4,,,,,,,,,
12168036,0,0,2,1,,,,,,,,,
12168037,2,2,6,7,,,,,,,,,
12168038,2,2,6,6,,,,,,,,,
12168039,0,0,1,1,,,,,,,,,
12168040,2,2,6,6,,,,,,,,,
12168041,0,0,6,5,,,,,,,,,
12168042,0,0,2,4,,,,,,,,,
12168043,1,1,2,7,4,,,,,,,,
12168044,,,,,,,,,,,,,
12168045,2,2,6,6,,,,,,,,,
12168046,,,,,,,,,,,,,
12168047,0,0,1,2,,,,,,,,,
12168048,0,0,6,1,,,,,,,,,
12168055,1,1,6,6,10,,,2,,,,,
12168056,,,,,,,,,,,,,
12168057,2,2,6,6,,,,,,,,,
12168058,0,0,1,4,,,,,,,,,
12168073,0,0,1,2,,,,,,,,,
12168104,2,2,6,7,,,,,,,,,
12168105,2,2,6,4,10,,,,,,,,
12168106,0,0,1,3,,,,,,,,,
12168107,2,2,6,6,,,,,,,,,
12168108,2,2,3,6,10,,,,,,,,
12168109,1,1,6,0,7,,,,,,,,
12168110,0,0,0,1,,,,,,,,,
12168111,0,0,3,1,,,,,,,,,
12168112,2,2,6,4,10,,,,,,,,
12168152,0,0,2,4,,,,,,,,,
12168174,0,0,2,6,,,,,5,,,,
12168175,0,0,4,3,,,,,,,,,
12168185,0,0,1,1,,,,,,,,,
12168186,2,2,4,7,12,,,,,,,,
12168187,1,1,6,3,8,,,,,,,,
12168188,2,2,6,6,,,,,,,,,
12168189,0,0,4,3,,,,,,,,,
12168197,0,0,0,3,,,,,,,,,
12168198,0,0,4,2,,,,,,,,,
12168199,2,2,6,6,,,,,,,,,
12168200,2,2,6,6,,,,,,,,,
12168201,2,2,6,6,,,,,,,,,
12168202,0,0,5,3,,,,,,,,,
12168203,0,0,6,2,,,,,,,,,
12168204,1,1,3,6,3,,,,,,,,
12168205,0,0,4,4,,,,,,,,,
12168206,2,2,6,6,10,,,,,,,,
12168207,2,2,6,6,,,,,,,,,
12168221,2,2,6,6,,,,,,,,,
12168230,1,1,4,6,10,,,,,,,,
12168234,0,0,1,5,,,,,,,,,
12168235,1,1,6,6,4,,,1,,,,,
12168236,1,1,5,6,7,,,,,,,,
12168237,1,1,6,5,7,,,,,,,,
12168238,0,0,0,1,,,,,,,,,
12168239,1,1,7,4,7,,,,,,,,
12168242,0,0,3,1,,,,,,,,,
12168243,0,0,1,2,,,,,,,,,
12168245,1,1,6,6,4,,,5,,,,,
12168246,1,1,3,7,2,,,,,,,,
12168247,,,,,,,,,,,,,
12168249,2,2,7,6,,,,,,,,,
12168251,0,0,1,1,,,,,,,,,
12168252,2,2,1,6,10,,,,,,,,
12168254,0,0,1,2,,,,,,,,,
12168275,0,0,1,1,,,,,,,,,
12168276,2,2,6,6,,,,,,,,,
12168277,0,0,0,0,,,,,,,,,
12168278,0,0,2,2,,,,,,,,,
12168279,0,0,4,5,,,,,,,,,
12168280,2,2,6,6,,,,,,,,,
12168281,2,2,4,6,10,,,,,,,,
12168282,0,0,4,3,,,,,,,,,
12168283,0,0,4,2,,,,,,,,,
12168284,0,0,2,3,,,,,,,,,
12168285,2,2,6,6,,,,,,,,,
12168286,0,0,1,2,,,,,,,,,
12168287,0,0,2,2,,,,,,,,,
12168288,0,0,4,2,,,,,,,,,
12168289,2,2,6,6,,,,,,,,,
12168290,0,0,2,2,,,,,,,,,
12168298,1,1,6,6,0,,,5,,,,,
12168351,2,2,6,6,,,,,,,,,
12168405,0,0,4,5,,,,,,,,,
12168551,2,2,6,6,11,,,,,,,,
12168552,0,0,2,3,,,,,,,,,
12168553,2,2,7,6,,,,,,,,,
12168554,2,2,6,6,,,,,,,,,
12168555,0,0,0,0,,,,,,,,,
12168556,0,0,3,2,,,,,,,,,
12168557,0,0,1,3,,,,,,,,,
12168558,2,2,4,7,10,,,,,,,,
12168559,2,2,6,6,,,,,,,,,
12168560,0,0,4,5,,,,,,,,,
12168561,2,2,6,6,10,,,,,,,,
12168562,,,,,,,,,,,,,
12168563,0,0,0,1,,,,,,,,,
12168564,2,2,6,6,,,,,,,,,
12168565,1,1,2,6,4,,,,,,,,
12168566,0,0,1,1,,,,,,,,,
12168614,2,2,6,6,,,,,,,,,
12168615,0,0,4,4,,,,,,,,,
12168616,0,0,5,3,,,,,,,,,
12168617,2,2,7,6,,,,,,,,,
12168618,0,0,3,2,,,,,,,,,
12168619,0,0,3,0,,,,,,,,,
12168620,0,0,4,1,,,,,,,,,
12168622,2,2,6,6,16,,,,,,,,
12168623,0,0,3,5,,,,,,,,,
12168624,0,0,2,2,,,,,,,,,
12168626,2,2,6,6,,,,,,,,,
12168627,2,2,6,6,,,,,,,,,
12168628,0,0,3,1,,,,,,,,,
12168629,2,2,6,0,10,,,,,,,,
12169394,0,0,6,2,,,,,,,,,
12169451,2,2,6,6,,,,,,,,,
12169502,0,0,0,2,,,,,,,,,
12169503,0,0,6,1,,,,,,,,,
12169536,2,2,6,6,,,,,,,,,
12169540,1,1,7,2,8,,,,,,,,
12169554,1,1,5,6,2,,,,,,,,
12169555,2,2,6,6,,,,,,,,,
12169606,2,2,4,6,10,,,,,,,,
12169652,2,2,6,6,,,,,,,,,
12170067,0,0,0,3,,,,,,,,,
12170077,0,0,4,6,,,,,1,,,,
12170296,2,2,6,6,,,,,,,,,
12170297,2,2,6,4,10,,,,,,,,
12170298,0,0,4,4,,,,,,,,,
12170411,2,2,6,6,,,,,,,,,
12110004,2,2,7,6,,,,7,,,,,
12110074,0,0,4,0,,,,,,,,,
12131504,0,0,4,2,,,,,,,,,
12131559,0,0,5,6,,,,,4,,,,
12131580,0,0,1,,,,,,,,,,
12131609,2,2,6,6,,,,,,,,,
12164954,0,0,4,6,,,,,4,,,,
12165045,0,0,3,4,,,,,,,,,
12165514,1,1,1,6,4,,,,,,,,
12165527,1,1,4,6,6,,,,,,,,
12165531,2,2,7,6,,,,,,,,,
12165533,2,2,6,6,,,,,,,,,
12165534,1,1,6,6,6,,,,,,,,
12165535,2,2,7,6,,,,,,,,,
12165538,2,2,3,6,10,,,,,,,,
12165540,0,0,3,4,,,,,,,,,
12165543,1,1,7,3,7,,,,,,,,
12165546,2,2,6,6,,,,,,,,,
12165549,0,0,4,6,,,,,,,,,
12165550,0,0,2,4,,,,,,,,,
12165553,1,1,6,2,9,,,,,,,,
12165556,2,2,6,6,,,,,,,,,
12165559,2,2,6,6,,,,,,,,,
12165560,1,1,6,6,7,,,,,,,,
12165572,2,2,3,6,10,,,,,,,,
12165609,0,0,4,3,,,,,,,,,
12165644,0,0,4,6,,,,,3,,,,
12165646,1,1,2,7,5,,,,,,,,
12165651,2,2,6,6,,,,,,,,,
12165652,2,2,6,6,,,,,,,,,
12165653,2,2,6,6,,,,,,,,,
12165667,0,0,4,4,,,,,,,,,
12165751,1,1,4,6,1,,,,,,,,
12165755,0,0,0,5,,,,,,,,,
12165757,2,2,6,6,,,,,,,,,
12165762,0,0,4,6,,,,,2,,,,
12165764,2,2,6,6,,,,,,,,,
12165765,0,0,2,6,,,,,5,,,,
12165766,0,0,2,2,,,,,,,,,
12165767,0,0,6,5,,,,6,,,,,
12165770,0,0,4,3,,,,,,,,,
12165771,2,2,6,7,12,,,4,7,,,,
12165773,2,2,6,6,,,,,,,,,
12165775,2,2,7,6,,,,,,,,,
12165779,2,2,6,6,,,,,,,,,
12165780,0,0,2,0,,,,,,,,,
12165879,0,0,0,0,,,,,,,,,
12165889,2,2,6,6,,,,,,,,,
12165906,0,0,1,5,,,,,,,,,
12165914,0,0,2,5,,,,,,,,,
12165926,2,2,6,6,,,,,,,,,
12165927,0,0,2,1,,,,,,,,,
12165930,2,2,6,6,,,,,,,,,
12165931,2,2,6,6,,,,,,,,,
12165932,2,2,6,6,,,,,,,,,
12165935,0,0,0,2,,,,,,,,,
12165937,0,0,0,2,,,,,,,,,
12165940,2,2,7,6,,,,,,,,,
12165941,2,2,6,6,,,,,,,,,
12165947,0,0,2,6,,,,,,,,,
12165949,2,2,6,6,,,,,,,,,
12165950,2,2,6,6,,,,,,,,,
12165954,0,0,2,4,,,,,,,,,
12165957,0,0,0,6,,,,,,,,,
12165958,2,2,6,6,,,,,,,,,
12165961,0,0,0,2,,,,,,,,,
12165966,2,2,6,6,,,,,,,,,
12165967,2,2,0,6,10,,,,,,,,
12165970,2,2,6,6,10,,,,,,,,
12165971,2,2,4,6,11,,,,,,,,
12165972,0,0,0,0,,,,,,,,,
12165973,0,0,4,6,,,,,,,,,
12165974,2,2,6,6,,,,,,,,,
12165975,2,2,3,6,10,,,,,,,,
12165976,0,0,5,3,,,,,,,,,
12165979,2,2,3,7,10,,,,,,,,
12165985,0,0,1,3,,,,,,,,,
12165986,1,1,4,7,4,,,,,,,,
12165987,2,2,6,6,,,,,,,,,
12165989,2,2,6,6,,,,,,,,,
12165990,0,0,3,2,,,,,,,,,
12165991,2,2,2,6,6,,,,,,,,
12165992,1,1,6,2,,,,,,,,,
12165993,1,1,6,1,3,,,,,,,,
12165994,2,2,7,7,,,,,8,,,,
12165995,0,0,2,2,,,,,,,,,
12166010,0,0,5,2,,,,,,,,,
12166011,0,0,4,0,,,,,,,,,
12166014,2,2,6,6,,,,,,,,,
12166015,2,2,6,6,,,,,,,,,
12166018,0,0,2,3,,,,,,,,,
12166023,0,0,1,5,,,,,,,,,
12166025,0,0,3,2,,,,,,,,,
12166029,2,2,6,7,,,,,,,,,
12166030,0,0,2,5,,,,,,,,,
12166031,2,2,6,6,,,,,,,,,
12166033,1,1,6,6,8,,,,,,,,
12166034,2,2,6,6,10,,,,,,,,
12166035,0,0,2,0,,,,,,,,,
12166036,2,2,2,6,10,,,,,,,,
12166039,0,0,2,4,,,,,,,,,
12166041,2,2,6,7,,,,,,,,,
12166050,2,2,6,6,,,,,,,,,
12166058,2,2,6,6,,,,,,,,,
12166063,2,2,7,6,,,,,,,,,
12166067,2,2,1,6,10,,,,,,,,
12166072,2,2,2,6,10,,,,,,,,
12166073,2,2,6,6,,,,,,,,,
12166074,2,2,6,6,,,,,,,,,
12166081,0,0,2,4,,,,,,,,,
12166087,2,2,6,6,,,,,,,,,
12166093,2,2,6,6,,,,,,,,,
12166103,1,1,3,7,2,,,,7,,,,
12166105,0,0,1,2,,,,,,,,,
12166107,0,0,2,4,,,,,,,,,
12166108,2,2,6,3,6,,,,,,,,
12166154,2,2,6,6,,,,,,,,,
12166272,0,0,2,6,,,,,,,,,
12166273,0,0,0,2,,,,,,,,,
12166274,0,0,3,0,,,,,,,,,
12166275,1,1,6,2,4,,,,,,,,
12166276,0,0,0,0,,,,,,,,,
12166277,1,1,2,6,5,,,,,,,,
12166278,0,0,2,1,,,,,,,,,
12166279,2,2,7,6,,,,,,,,,
12166280,0,0,1,1,,,,,,,,,
12166281,2,2,6,6,,,,,,,,,
12166282,,,,,,,,,,,,,
12166283,2,2,7,5,10,,,,,,,,
12166284,0,0,2,2,,,,,,,,,
12166285,1,1,6,3,5,,,,,,,,
12166286,2,2,7,4,11,,,,,,,,
12166287,2,2,6,6,,,,,,,,,
12166288,2,2,6,6,,,,,,,,,
12166289,,,,,,,,,,,,,
12166290,2,2,6,6,,,,,,,,,
12166291,2,2,2,6,10,,,,,,,,
12166292,2,2,7,2,10,,,,,,,,
12166293,2,2,6,6,,,,,,,,,
12166294,0,0,1,0,,,,,,,,,
12166295,0,0,4,4,,,,,,,,,
12166296,2,2,7,5,10,,,,,,,,
12166297,2,2,6,6,,,,,,,,,
12166298,2,2,6,6,,,,,,,,,
12166299,1,1,6,5,6,,,,,,,,
12166300,2,2,6,6,,,,,,,,,
12166301,2,2,6,7,,,,,,,,,
12166302,2,2,6,6,,,,,,,,,
12166303,0,0,4,5,,,,,,,,,
12166338,0,0,6,2,,,,1,,,,,
12166339,1,1,5,6,1,,,,,,,,
12166340,2,2,2,6,6,,,,,,,,
12166341,0,0,5,3,,,,,,,,,
12166342,0,0,4,4,,,,,,,,,
12166343,1,1,6,6,4,,,1,,,,,
12166344,1,1,7,4,1,,,9,,,,,
12166345,0,0,1,4,,,,,,,,,
12166346,0,0,2,3,,,,,,,,,
12166347,0,0,3,1,,,,,,,,,
12166348,0,0,4,4,,,,,,,,,
12166349,0,0,0,4,,,,,,,,,
12166350,1,1,6,3,6,,,,,4,,,
12166351,0,0,0,0,,,,,,,,,
12166352,0,0,1,6,,,,,4,,,,
12166353,2,2,7,2,6,,,7,,,,,
12166354,2,2,6,1,6,,,,,,,,
12166355,0,0,3,2,,,,,,,,,
12166356,1,1,4,6,3,,,,,,,,
12166357,2,2,7,5,6,,,,,,,,
12166358,2,2,6,6,,,,,,,,,
12166359,2,2,6,6,,,,,,,,,
12166360,0,0,4,4,,,,,,,,,
12166361,2,2,6,6,,,,,,,,,
12166423,0,0,0,4,,,,,,,,,
12166424,2,2,6,6,,,,,,,,,
12166425,,,,,,,,,,,,,
12166426,0,0,4,4,,,,,,,,,
12166427,2,2,6,6,,,,,,,,,
12166428,2,2,7,6,,,,,,,,,
12166429,0,0,0,4,,,,,,,,,
12166430,0,0,1,1,,,,,,,,,
12166431,0,0,1,5,,,,,,,,,
12166434,1,1,3,6,3,,,,,,,,
12166435,1,1,6,6,3,,,3,,,,,
12166437,2,2,6,6,,,,,,,,,
12166828,2,2,6,6,,,,,,,,,
12166874,1,1,6,4,3,,,,,,,,
12166880,2,2,3,6,6,,,,,,,,
12166881,2,2,3,6,6,,,,,,,,
12166882,2,2,6,6,,,,,,,,,
12166925,2,2,6,6,,,,,,,,,
12166926,0,0,6,4,,,,5,,,,,
12166927,0,0,4,3,,,,,,,,,
12166928,2,2,6,6,,,,,,,,,
12166929,0,0,4,1,,,,,,,,,
12166930,0,0,0,3,,,,,,,,,
12166931,0,0,4,4,,,,,,,,,
12166934,2,2,6,3,6,,,,,,,,
12166936,2,2,7,6,,,,,,,,,
12166937,2,2,6,6,,,,,,,,,
12166938,2,2,6,6,,,,,,,,,
12166939,0,0,3,1,,,,,,,,,
12166940,1,1,4,6,2,,,,,,,,
12166946,1,1,7,2,4,,,,,,,,
12166947,2,2,7,6,6,,,7,5,,,,
12166948,2,2,6,7,,,,,7,,,,
12166950,2,2,6,6,,,,,,,,,
12166951,0,0,4,1,,,,,,,,,
12166952,0,0,3,1,,,,,,,,,
12166953,1,1,4,7,3,,,,7,,,,
12166954,0,0,6,2,,,,0,,,,,
12166955,2,2,6,6,,,,,,,,,
12166956,0,0,2,6,,,,,4,,,,
12166957,2,2,6,6,,,,,,,,,
12166959,0,0,6,6,,,,3,6,,,,
12166960,0,0,4,2,,,,,,,,,
12166961,0,0,5,3,,,,,,,,,
12166962,0,0,4,3,,,,,,,,,
12166963,2,2,6,6,6,,,,4,,,,
12166964,2,2,4,6,6,,,,,,,,
12166966,,,,,,,,,,,,,
12166973,0,0,2,2,,,,,,,,,
12166974,1,1,0,6,1,,,,,,,,
12166975,0,0,2,2,,,,,,,,,
12166976,0,0,3,3,,,,,,,,,
12166977,2,2,6,7,,,,,,,,,
12166978,2,2,7,4,10,,,,,,,,
12166979,2,2,6,6,,,,,,,,,
12166980,,,,,,,,,,,,,
12166981,,,,,,,,,,,,,
12166982,,,,,,,,,,,,,
12166983,2,2,6,4,10,,,,,,,,
12166984,2,2,7,7,,,,,,,,,
12166985,1,1,4,6,6,,,,,,,,
12166986,0,0,2,2,,,,,,,,,
12166989,0,0,3,4,,,,,,,,,
12166990,0,0,1,1,,,,,,,,,
12166991,0,0,3,6,,,,,,,,,
12166992,0,0,3,0,,,,,,,,,
12166993,2,2,6,6,,,,,,,,,
12166994,2,2,6,6,,,,,,,,,
12166995,0,0,0,1,,,,,,,,,
12166996,1,1,3,6,8,,,,,,,,
12166997,0,0,5,3,,,,,,,,,
12166998,2,2,7,7,,,,,,,,,
12166999,0,0,1,2,,,,,,,,,
12167000,2,2,7,6,,,,,,,,,
12167001,2,2,3,6,13,,,,,,,,
12167002,,,,,,,,,,,,,
12167003,2,2,6,7,,,,,,,,,
12167004,0,0,4,4,,,,,,,,,
12167005,1,1,6,2,7,,,,,,,,
12167311,0,0,4,3,,,,,,,,,
12167312,2,2,6,6,,,,,,,,,
12167313,1,1,6,6,4,,,,,,,,
12167314,2,2,6,6,,,,,,,,,
12167315,2,2,5,6,10,,,,,,,,
12167316,2,2,6,3,10,,,,,,,,
12167317,2,2,6,6,,,,,,,,,
12167318,2,2,6,6,,,,,,,,,
12167319,2,2,6,6,,,,,,,,,
12167320,0,0,5,3,,,,,,,,,
12167321,0,0,0,4,,,,,,,,,
12167322,2,2,6,7,,,,,,,,,
12167323,0,0,2,2,,,,,,,,,
12167324,2,2,7,2,10,,,,,,,,
12167325,2,2,6,6,,,,,,,,,
12167326,2,2,6,6,,,,,,,,,
12167327,0,0,2,2,,,,,,,,,
12167328,0,0,5,4,,,,,,,,,
12167329,2,2,6,6,,,,,,,,,
12167330,0,0,2,1,,,,,,,,,
12167331,0,0,0,0,,,,,,,,,
12167332,2,2,6,6,,,,,,,,,
12167333,,,,,,,,,,,,,
12167334,0,0,2,4,,,,,,,,,
12167335,2,2,7,6,,,,,,,,,
12167336,2,2,6,6,,,,,,,,,
12167337,2,2,6,6,,,,,,,,,
12167338,2,2,7,3,10,,,,,,,,
12167339,2,2,6,6,,,,,,,,,
12167340,1,1,5,7,9,,,,,,,,
12167341,0,0,3,3,,,,,,,,,
12167342,1,1,6,0,6,,,,,,,,
12167591,2,2,6,6,,,,,,,,,
12167593,0,0,4,3,,,,,,,,,
12167668,2,2,2,6,11,,,,,,,,
12167669,0,0,3,6,,,,,,,,,
12167670,0,0,3,2,,,,,,,,,
12167671,2,2,6,6,,,,,,,,,
12167672,2,2,6,7,10,,,,,,,,
12167673,1,1,6,6,4,,,,,,,,
12167674,0,0,3,3,,,,,,,,,
12167675,0,0,3,2,,,,,,,,,
12167676,0,0,3,3,,,,,,,,,
12167677,1,1,6,3,6,,,,,,,,
12167678,2,2,6,6,,,,,,,,,
12167679,1,1,4,6,6,,,,,,,,
12167680,0,0,1,2,,,,,,,,,
12167681,2,2,6,6,,,,,,,,,
12167682,2,2,6,6,,,,,,,,,
12167725,2,2,6,6,,,,,,,,,
12167729,2,2,6,6,,,,,,,,,
12167748,1,1,4,6,6,,,,,4,,,
12167751,0,0,3,5,,,,,,,,,
12167771,2,2,6,6,,,,,,,,,
12167805,2,2,6,7,,,,,,,,,
12167806,0,0,6,1,,,,2,,,,,
12167807,,,,,,,,,,,,,
12167808,0,0,2,2,,,,,,,,,
12167809,0,0,6,3,,,,4,,,,,
12167810,2,2,6,6,,,,,,,,,
12167811,1,1,2,6,8,,,,,,,,
12167812,0,0,1,0,,,,,,,,,
12167813,0,0,1,3,,,,,,,,,
12167814,0,0,1,4,,,,,,,,,
12167815,2,2,4,6,10,,,,,,,,
12167816,0,0,1,2,,,,,,,,,
12167817,2,2,2,6,10,,,,,,,,
12167818,2,2,7,6,,,,7,,,,,
12167819,2,2,6,7,,,,,,,,,
12167820,0,0,4,3,,,,,,,,,
12167821,0,0,2,2,,,,,,,,,
12167822,2,2,6,6,,,,,,,,,
12167823,2,2,6,6,,,,,,,,,
12167824,2,2,6,6,,,,,,,,,
12167825,2,2,6,6,,,,,,,,,
12167848,0,0,1,0,,,,,,,,,
12167854,1,1,6,4,11,,,,,,,,
12167855,0,0,5,4,,,,,,,,,
12167856,2,2,6,6,,,,,,,,,
12167892,2,2,6,6,,,,,,,,,
12167901,0,0,2,2,,,,,,,,,
12167910,0,0,6,2,,,,,,,,,
12167911,2,2,6,4,6,,,,,,,,
12167912,2,2,6,6,,,,,,,,,
12167913,0,0,4,3,,,,,,,,,
12167915,0,0,3,2,,,,,,,,,
12167916,2,2,6,6,,,,,,,,,
12167917,2,2,3,7,10,,,,,,,,
12167918,2,2,6,6,,,,,,,,,
12167919,0,0,3,2,,,,,,,,,
12167920,0,0,3,4,,,,,,,,,
12167921,0,0,2,1,,,,,,,,,
12167922,2,2,3,6,10,,,,,,,,
12167923,2,2,6,6,,,,,,,,,
12167924,2,2,6,6,10,,,,,,,,
12167925,2,2,3,7,10,,,,,,,,
12167926,,,,,,,,,,,,,
12167928,1,1,6,6,5,,,,,,,,
12167929,0,0,2,3,,,,,,,,,
12167930,2,2,6,6,10,,,,,,,,
12167931,2,2,7,6,,,,,,,,,
12167932,0,0,4,6,,,,,,,,,
12167933,0,0,4,4,,,,,,,,,
12167934,2,2,3,7,10,,,,,,,,
12167935,2,2,6,6,,,,,,,,,
12167936,0,0,3,2,,,,,,,,,
12167937,2,2,6,6,,,,,,,,,
12167938,0,0,0,0,,,,,,,,,
12167939,1,1,6,3,5,,,,,,,,
12167940,0,0,2,0,,,,,,,,,
12167941,2,2,6,3,12,,,,,,,,
12167942,2,2,7,6,,,,,,,,,
12167943,2,2,6,6,,,,,,,,,
12167944,0,0,1,1,,,,,,,,,
12167945,0,0,5,2,,,,,,,,,
12167946,1,1,4,6,2,,,,,,,,
12167947,2,2,6,6,,,,,,,,,
12167948,0,0,1,2,,,,,,,,,
12167949,2,2,6,6,,,,,,,,,
12167950,2,2,6,6,,,,,,,,,
12167951,2,2,6,7,,,,,,,,,
12167952,0,0,4,3,,,,,,,,,
12167953,0,0,2,3,,,,,,,,,
12167954,0,0,4,3,,,,,,,,,
12167955,2,2,6,6,,,,,,,,,
12167956,2,2,6,6,,,,,,,,,
12167957,2,2,6,6,,,,,,,,,
12167958,2,2,6,6,,,,,,,,,
12167959,0,0,6,1,,,,,,,,,
12167960,2,2,6,3,10,,,,,,,,
12167961,0,0,0,4,,,,,,,,,
12167962,2,2,6,6,,,,,,,,,
12167963,2,2,6,6,,,,,,,,,
12167964,0,0,1,5,,,,,,,,,
12167965,2,2,4,6,10,,,,,,,,
12167966,2,2,4,6,10,,,,,,,,
12167967,0,0,6,2,,,,,,,,,
12167968,0,0,2,1,,,,,,,,,
12167969,2,2,6,3,10,,,,,,,,
12167970,2,2,6,6,,,,,,,,,
12167971,2,2,6,3,10,,,,,,,,
12167972,0,0,1,3,,,,,,,,,
12167975,0,0,4,3,,,,,,,,,
12167976,2,2,6,6,,,,,,,,,
12167977,,,,,,,,,,,,,
12167978,2,2,6,6,,,,,,,,,
12167979,0,0,6,2,,,,,,,,,
12167980,2,2,6,3,10,,,,,,,,
12167981,2,2,7,6,,,,7,,,,,
12167982,0,0,1,3,,,,,,,,,
12167983,2,2,4,6,10,,,,,,,,
12167984,2,2,6,1,10,,,,,,,,
12167986,0,0,2,2,,,,,,,,,
12167987,,,,,,,,,,,,,
12167988,1,1,6,4,7,,,,,,,,
12167989,0,0,4,2,,,,,,,,,
12167990,0,0,4,3,,,,,,,,,
12167991,0,0,2,2,,,,,,,,,
12167992,0,0,0,1,,,,,,,,,
12167993,1,1,4,6,8,,,,,,,,
12167994,2,2,2,6,10,,,,,,,,
12167995,0,0,3,2,,,,,,,,,
12167996,0,0,1,1,,,,,,,,,
12167997,0,0,2,2,,,,,,,,,
12167998,2,2,6,6,,,,,,,,,
12167999,2,2,7,6,,,,,,,,,
12168000,0,0,6,2,,,,,,,,,
12168003,2,2,7,6,,,,,,,,,
12168004,2,2,6,6,,,,,,,,,
12168005,2,2,6,6,,,,,,,,,
12168006,1,1,6,4,6,,,,,,,,
12168007,0,0,4,4,,,,,,,,,
12168008,2,2,6,7,,,,,,,,,
12168009,2,2,6,6,,,,,,,,,
12168010,2,2,6,6,,,,,,,,,
12168011,0,0,2,1,,,,,,,,,
12168012,0,0,6,5,,,,,,,,,
12168013,1,1,5,6,0,,,,,,,,
12168014,1,1,7,2,8,,,,,,,,
12168015,0,0,3,2,,,,,,,,,
12168016,1,1,6,3,4,,,,,,,,
12168017,1,1,5,7,12,,,,,,,,
12168018,0,0,6,0,,,,,,,,,
12168019,0,0,2,1,,,,,,,,,
12168020,2,2,6,6,,,,,,,,,
12168021,2,2,6,6,10,,,,,,,,
12168022,2,2,6,6,,,,,,,,,
12168023,2,2,6,6,,,,,,,,,
12168024,0,0,0,0,,,,,,,,,
12168025,,,,,,,,,,,,,
12168026,0,0,0,0,,,,,,,,,
12168027,2,2,6,6,,,,,,,,,
12168028,0,0,2,0,,,,,,,,,
12168029,1,1,7,0,6,,,,,,,,
12168030,0,0,0,0,,,,,,,,,
12168031,0,0,6,3,,,,,,,,,
12168032,0,0,3,1,,,,,,,,,
12168033,2,2,6,4,10,,,,,,,,
12168034,0,0,6,6,,,,,,,,,
12168035,0,0,4,4,,,,,,,,,
12168036,0,0,2,1,,,,,,,,,
12168037,2,2,6,7,,,,,,,,,
12168038,2,2,6,6,,,,,,,,,
12168039,0,0,1,1,,,,,,,,,
12168040,2,2,6,6,,,,,,,,,
12168041,0,0,6,5,,,,,,,,,
12168042,0,0,2,4,,,,,,,,,
12168043,1,1,2,7,4,,,,,,,,
12168044,,,,,,,,,,,,,
12168045,2,2,6,6,,,,,,,,,
12168046,,,,,,,,,,,,,
12168047,0,0,1,2,,,,,,,,,
12168048,0,0,6,1,,,,,,,,,
12168055,1,1,6,6,10,,,2,,,,,
12168056,,,,,,,,,,,,,
12168057,2,2,6,6,,,,,,,,,
12168058,0,0,1,4,,,,,,,,,
12168059,1,1,7,2,4,,,,,,,,
12168060,2,2,7,4,10,,,12,,,,,
12168073,0,0,1,2,,,,,,,,,
12168104,2,2,6,7,,,,,,,,,
12168105,2,2,6,4,10,,,,,,,,
12168106,0,0,1,3,,,,,,,,,
12168107,2,2,6,6,,,,,,,,,
12168108,2,2,3,6,10,,,,,,,,
12168109,1,1,6,0,7,,,,,,,,
12168110,0,0,0,1,,,,,,,,,
12168111,0,0,3,1,,,,,,,,,
12168112,2,2,6,4,10,,,,,,,,
12168152,0,0,2,4,,,,,,,,,
12168167,2,2,6,6,,,,,,,,,
12168174,0,0,2,6,,,,,5,,,,
12168175,0,0,4,3,,,,,,,,,
12168185,0,0,1,1,,,,,,,,,
12168186,2,2,4,7,12,,,,,,,,
12168187,1,1,6,3,8,,,,,,,,
12168188,2,2,6,6,,,,,,,,,
12168189,0,0,4,3,,,,,,,,,
12168197,0,0,0,3,,,,,,,,,
12168198,0,0,4,2,,,,,,,,,
12168199,2,2,6,6,,,,,,,,,
12168200,2,2,6,6,,,,,,,,,
12168201,2,2,6,6,,,,,,,,,
12168202,0,0,5,3,,,,,,,,,
12168203,0,0,6,2,,,,,,,,,
12168204,1,1,3,6,3,,,,,,,,
12168205,0,0,4,4,,,,,,,,,
12168206,2,2,6,6,10,,,,,,,,
12168207,2,2,6,6,,,,,,,,,
12168221,2,2,6,6,,,,,,,,,
12168223,0,0,0,2,,,,,,,,,
12168224,,,,,,,,,,,,,
12168230,1,1,4,6,10,,,,,,,,
12168233,0,0,3,1,,,,,,,,,
12168234,0,0,1,5,,,,,,,,,
12168235,1,1,6,6,4,,,1,,,,,
12168236,1,1,5,6,7,,,,,,,,
12168237,1,1,6,5,7,,,,,,,,
12168238,0,0,0,1,,,,,,,,,
12168239,1,1,7,4,7,,,,,,,,
12168240,2,2,6,6,,,,,,,,,
12168241,2,2,6,1,10,,,,,,,,
12168242,0,0,3,1,,,,,,,,,
12168243,0,0,1,2,,,,,,,,,
12168244,2,2,1,7,6,,,,,,,,
12168245,1,1,6,6,4,,,5,,,,,
12168246,1,1,3,7,2,,,,,,,,
12168247,,,,,,,,,,,,,
12168248,0,0,4,1,,,,,,,,,
12168249,2,2,7,6,,,,,,,,,
12168251,0,0,1,1,,,,,,,,,
12168252,2,2,1,6,10,,,,,,,,
12168254,0,0,1,2,,,,,,,,,
12168267,2,2,6,6,,,,,,,,,
12168268,0,0,2,2,,,,,,,,,
12168275,0,0,1,1,,,,,,,,,
12168276,2,2,6,6,,,,,,,,,
12168277,0,0,0,0,,,,,,,,,
12168278,0,0,2,2,,,,,,,,,
12168279,0,0,4,5,,,,,,,,,
12168280,2,2,6,6,,,,,,,,,
12168281,2,2,4,6,10,,,,,,,,
12168282,0,0,4,3,,,,,,,,,
12168283,0,0,4,2,,,,,,,,,
12168284,0,0,2,3,,,,,,,,,
12168285,2,2,6,6,,,,,,,,,
12168286,0,0,1,2,,,,,,,,,
12168287,0,0,2,2,,,,,,,,,
12168288,0,0,4,2,,,,,,,,,
12168289,2,2,6,6,,,,,,,,,
12168290,0,0,2,2,,,,,,,,,
12168298,1,1,6,6,0,,,5,,,,,
12168351,2,2,6,6,,,,,,,,,
12168383,1,1,3,6,3,,,,,,,,
12168384,1,1,2,7,3,,,,,,,,
12168396,2,2,6,7,,,,,7,,,,
12168403,0,0,3,5,,,,,,,,,
12168404,0,0,2,3,,,,,,,,,
12168405,0,0,4,5,,,,,,,,,
12168551,2,2,6,6,11,,,,,,,,
12168552,0,0,2,3,,,,,,,,,
12168553,2,2,7,6,,,,,,,,,
12168554,2,2,6,6,,,,,,,,,
12168555,0,0,0,0,,,,,,,,,
12168556,0,0,3,2,,,,,,,,,
12168557,0,0,1,3,,,,,,,,,
12168558,2,2,4,7,10,,,,,,,,
12168559,2,2,6,6,,,,,,,,,
12168560,0,0,4,5,,,,,,,,,
12168561,2,2,6,6,10,,,,,,,,
12168562,,,,,,,,,,,,,
12168563,0,0,0,1,,,,,,,,,
12168564,2,2,6,6,,,,,,,,,
12168565,1,1,2,6,4,,,,,,,,
12168566,0,0,1,1,,,,,,,,,
12168587,0,0,0,2,,,,,,,,,
12168588,1,1,6,5,1,,,,,,,,
12168614,2,2,6,6,,,,,,,,,
12168615,0,0,4,4,,,,,,,,,
12168616,0,0,5,3,,,,,,,,,
12168617,2,2,7,6,,,,,,,,,
12168618,0,0,3,2,,,,,,,,,
12168619,0,0,3,0,,,,,,,,,
12168620,0,0,4,1,,,,,,,,,
12168621,2,2,1,7,6,,,,7,,,,
12168622,2,2,6,6,16,,,,,,,,
12168623,0,0,3,5,,,,,,,,,
12168624,0,0,2,2,,,,,,,,,
12168625,0,0,2,4,,,,,,,,,
12168626,2,2,6,6,,,,,,,,,
12168627,2,2,6,6,,,,,,,,,
12168628,0,0,3,1,,,,,,,,,
12168629,2,2,6,0,10,,,,,,,,
12168630,2,2,6,6,,,,,,,,,
12168666,0,0,2,1,,,,,,,,,
12168667,1,1,6,6,1,,,,3,,,,
12168668,1,1,5,7,2,,,,7,,,,
12168674,2,2,7,6,,,,,,,,,
12168675,0,0,1,2,,,,,,,,,
12168676,0,0,4,2,,,,,,,,,
12168677,0,0,1,2,,,,,,,,,
12168678,,,,,,,,,,,,,
12168721,0,0,3,1,,,,,,,,,
12168827,0,0,2,6,,,,,5,,,,
12168828,2,2,2,6,6,,,,,,,,
12168829,2,2,7,6,,,,7,,,,,
12168830,0,0,1,6,,,,,2,,,,
12168831,,,,,,,,,,,,,
12168832,0,0,4,5,,,,,,,,,
12168833,2,2,7,6,,,,9,,,,,
12168834,0,0,4,1,,,,,,,,,
12168835,1,1,7,6,4,,,7,3,,,,
12168836,2,2,6,7,,,,,8,,,,
12168837,0,0,4,4,,,,,,,,,
12168838,2,2,6,7,6,,,3,9,,,,
12168839,0,0,4,2,,,,,,,,,
12168840,0,0,2,2,,,,,,,,,
12168841,2,2,6,6,,,,,,,,,
12168842,1,1,6,6,6,,,,2,5,,,
12168843,1,1,6,6,4,,,,4,,,,
12168844,0,0,4,2,,,,,,,,,
12168845,0,0,3,5,,,,,,,,,
12168846,2,2,7,6,,,,7,,,,,
12168847,0,0,3,6,,,,,4,,,,
12168848,2,2,6,3,6,,,,,,,,
12168849,1,1,6,5,1,,,,,,,,
12168850,2,2,7,7,,,,7,7,,,,
12168865,2,2,6,6,,,,,,,,,
12168870,0,0,1,1,,,,,,,,,
12169394,0,0,6,2,,,,,,,,,
12169425,2,2,6,7,,,,,,,,,
12169430,2,2,3,6,6,,,,,,,,
12169447,0,0,2,2,,,,,,,,,
12169448,0,0,2,0,,,,,,,,,
12169449,2,2,7,7,,,,7,7,,,,
12169451,2,2,6,6,,,,,,,,,
12169482,0,0,1,4,,,,,,,,,
12169483,0,0,3,5,,,,,,,,,
12169484,,,,,,,,,,,,,
12169485,2,2,6,6,,,,,,,,,
12169486,0,0,2,5,,,,,,,,,
12169487,2,2,6,6,,,,,,,,,
12169488,2,2,6,6,,,,,,,,,
12169489,2,2,6,6,,,,,,,,,
12169490,0,0,4,4,,,,,,,,,
12169491,1,1,6,6,4,,,,,,,,
12169492,0,0,0,3,,,,,,,,,
12169493,1,1,3,7,6,,,,,,,,
12169494,2,2,6,6,,,,,,,,,
12169495,2,2,6,6,,,,,,,,,
12169496,0,0,1,1,,,,,,,,,
12169497,2,2,6,6,,,,,,,,,
12169498,2,2,7,6,,,,,,,,,
12169499,0,0,4,2,,,,,,,,,
12169502,0,0,0,2,,,,,,,,,
12169503,0,0,6,1,,,,,,,,,
12169536,2,2,6,6,,,,,,,,,
12169537,,,,,,,,,,,,,
12169540,1,1,7,2,8,,,,,,,,
12169554,1,1,5,6,2,,,,,,,,
12169555,2,2,6,6,,,,,,,,,
12169606,2,2,4,6,10,,,,,,,,
12169652,2,2,6,6,,,,,,,,,
12169683,2,2,1,6,10,,,,,,,,
12169684,0,0,3,2,,,,,,,,,
12169685,0,0,5,3,,,,,,,,,
12169686,2,2,6,6,10,,,,6,,,,
12169687,0,0,1,0,,,,,,,,,
12169688,0,0,1,1,,,,,,,,,
12169689,0,0,2,3,,,,,,,,,
12169690,2,2,6,6,,,,,,,,,
12169691,2,2,7,2,6,,,,,,,,
12169692,1,1,3,7,4,,,,7,,,,
12169694,1,1,4,6,11,,,,,,,,
12169695,2,2,7,4,10,,,7,,,,,
12169698,0,0,3,3,,,,,,,,,
12169699,2,2,6,6,,,,,,,,,
12169700,0,0,1,2,,,,,,,,,
12169701,0,0,6,1,,,,3,,,,,
12169703,,,,,,,,,,,,,
12169706,2,2,6,6,,,,,,,,,
12169707,0,0,3,,,,,,,,,,
12169710,1,1,6,5,3,,,,,,,,
12169712,0,0,3,2,,,,,,,,,
12169713,2,2,6,6,,,,,,,,,
12169716,1,1,6,6,2,,,,3,,,,
12169717,0,0,4,6,,,,,5,,,,
12169939,0,0,3,1,,,,,,,,,
12169941,0,0,1,0,,,,,,,,,
12169942,2,2,6,6,,,,,,,,,
12169943,1,1,4,6,1,,,,,,,,
12169944,2,2,6,6,6,,,,5,,,,
12169946,2,2,6,6,,,,,,,,,
12169948,0,0,1,3,,,,,,,,,
12169952,0,0,0,2,,,,,,,,,
12169965,0,0,4,6,,,,,,,,,
12169966,0,0,1,5,,,,,,,,,
12169967,2,2,6,6,,,,,,,,,
12169968,0,0,1,0,,,,,,,,,
12169969,2,2,7,6,,,,,,,,,
12169970,2,2,6,6,,,,,,,,,
12169971,2,2,7,6,,,,7,,,,,
12169973,1,1,6,4,6,,,,,,,,
12169975,2,2,7,6,,,,7,,,,,
12169977,0,0,4,2,,,,,,,,,
12169979,0,0,4,4,,,,,,,,,
12169980,2,2,6,7,,,,,7,,,,
12170067,0,0,0,3,,,,,,,,,
12170077,0,0,4,6,,,,,1,,,,
12170233,1,1,6,6,3,,,,,,,,
12170234,2,2,6,7,,,,,7,,,,
12170235,0,0,2,5,,,,,,,,,
12170236,2,2,6,4,11,,,,,,,,
12170237,0,0,1,0,,,,,,,,,
12170238,2,2,6,6,,,,,,,,,
12170239,0,0,3,4,,,,,,,,,
12170240,0,0,2,2,,,,,,,,,
12170241,1,1,6,6,1,,,,,,,,
12170244,2,2,7,6,,,,,,,,,
12170245,2,2,6,6,,,,,,,,,
12170267,2,2,5,7,10,,,,,,,,
12170296,2,2,6,6,,,,,,,,,
12170297,2,2,6,4,10,,,,,,,,
12170298,0,0,4,4,,,,,,,,,
12170309,0,0,3,1,,,,,,,,,
12170310,2,2,6,5,10,,,,,,,,
12170334,2,2,6,6,,,,,,,,,
12170348,0,0,4,,,,,,,,,,
12170349,0,0,1,0,,,,,,,,,
12170350,0,0,1,3,,,,,,,,,
12170351,2,2,6,6,,,,,,,,,
12170352,2,2,6,6,,,,,,,,,
12170353,0,0,5,2,,,,,,,,,
12170354,0,0,4,4,,,,,,,,,
12170364,2,2,6,6,,,,,,,,,
12170366,2,2,6,4,10,,,,,,,,
12170369,1,1,6,0,1,,,,,,,,
12170394,1,1,6,2,,,,,,,,,
12170411,2,2,6,6,,,,,,,,,
12170531,2,2,6,5,10,,,,,,,,
12170532,2,2,6,1,6,,,,,,,,
12170533,0,0,0,0,,,,,,,,,
12170534,1,1,6,1,2,,,,,,,,
12170536,0,0,2,4,,,,,,,,,
12170537,0,0,4,4,,,,,,,,,
12170540,1,1,6,6,4,,,,3,,,,
12170547,2,2,6,5,6,,,,,,,,
12170548,2,2,6,6,,,,,,,,,
12170550,2,2,6,3,6,,,,,,,,
12170554,0,0,3,4,,,,,,,,,
12170555,2,2,7,3,10,,,,,,,,
12170556,2,2,7,6,,,,7,,,,,
12170557,2,2,6,6,,,,,,,,,
12170558,2,2,6,6,,,,,,,,,
12170559,2,2,6,4,11,,,,,,,,
12170560,0,0,3,4,,,,,,,,,
12170562,2,2,6,6,,,,,,,,,
12170564,1,1,6,6,4,,,5,,,,,
12170566,2,2,6,6,,,,,,,,,
12170587,0,0,1,3,,,,,,,,,
12170588,2,2,1,6,10,,,,,,,,
12170589,1,1,3,7,8,,,,9,,,,
12170610,0,0,2,3,,,,,,,,,
12170611,0,0,0,3,,,,,,,,,
12170612,0,0,3,2,,,,,,,,,
12170613,1,1,2,6,5,,,,,,,,
12170614,2,2,6,7,,,,,,,,,
12170615,0,0,3,3,,,,,,,,,
12170619,2,2,6,6,6,,,4,,,,,
12170623,2,2,6,6,,,,,,,,,
12170624,1,1,6,2,9,,,,,,,,
12170625,2,2,6,6,,,,,,,,,
12170626,1,1,7,4,2,,,,,,,,
12170627,,,,,,,,,,,,,
12170628,2,2,6,4,12,,,,,,,,
12170629,2,2,6,2,12,,,,,,,,
12170630,2,2,6,6,,,,,,,,,
12170634,1,1,6,3,1,,,,,,,,
12170635,1,1,1,6,6,,,,,2,,,
12170636,2,2,7,6,,,,,,,,,
12170637,2,2,6,6,,,,,,,,,
12170638,2,2,6,6,,,,,,,,,
12170641,0,0,3,2,,,,,,,,,
12170643,0,0,5,4,,,,,,,,,
12170645,1,1,1,6,6,,,,,6,,,
12170652,0,0,4,3,,,,,,,,,
12170653,1,1,2,6,7,,,,,,,,
12170655,1,1,4,7,8,,,,7,,,,
12170656,0,0,4,3,,,,,,,,,
12170659,0,0,2,0,,,,,,,,,
12170661,0,0,4,2,,,,,,,,,
12170674,2,2,6,3,6,,,,,,,,
12170677,2,2,7,6,,,,7,,,,,
12170678,0,0,6,2,,,,4,,,,,
12170731,2,2,6,6,,,,,,,,,
12170732,0,0,2,6,,,,,,,,,
12170733,0,0,4,2,,,,,,,,,
12170736,0,0,2,2,,,,,,,,,
12170737,2,2,6,6,,,,,,,,,
12170742,1,1,4,7,7,,,,,,,,
12170743,2,2,6,6,,,,,,,,,
12170745,0,0,6,2,,,,10,,,,,
12170746,2,2,7,1,10,,,,,,,,
12170754,1,1,5,6,8,,,,,,,,
12170760,1,1,6,5,4,,,,,,,,
12170761,0,0,4,2,,,,,,,,,
12170762,0,0,3,2,,,,,,,,,
12170763,2,2,6,6,,,,,,,,,
12170767,0,0,3,1,,,,,,,,,
12170768,2,2,7,7,,,,9,7,,,,
12170771,1,1,6,6,4,,,7,,,,,
12170795,2,2,6,6,,,,,,,,,
12170796,0,0,1,5,,,,,,,,,
12170797,2,2,6,6,,,,,,,,,
12170798,1,1,4,6,9,,,,,,,,
12170799,2,2,6,6,,,,,,,,,
12170800,0,0,3,1,,,,,,,,,
12170803,2,2,6,6,,,,,,,,,
12170804,1,1,6,3,5,,,,,,,,
12170807,0,0,1,4,,,,,,,,,
12170808,0,0,0,4,,,,,,,,,
12170812,1,1,6,3,2,,,,,,,,
12170813,0,0,1,1,,,,,,,,,
12170814,0,0,1,2,,,,,,,,,
12170815,2,2,6,6,,,,,,,,,
12170817,0,0,1,1,,,,,,,,,
12170818,2,2,7,7,,,,7,7,,,,
12170820,0,0,2,6,,,,,1,,,,
12170821,2,2,2,7,6,,,,,,,,
12170838,0,0,1,4,,,,,,,,,
12170839,0,0,5,2,,,,,,,,,
12170840,0,0,1,0,,,,,,,,,
12170841,2,2,7,1,10,,,,,,,,
12170842,2,2,6,6,,,,,,,,,
12170843,0,0,4,0,,,,,,,,,
12170844,2,2,1,7,10,,,,,,,,
12170845,0,0,3,1,,,,,,,,,
12170846,2,2,6,6,,,,,,,,,
12170849,1,1,7,3,7,,,,,,,,
12170850,1,1,1,6,0,,,,,,,,
12170852,2,2,6,7,,,,,,,,,
12170854,0,0,3,3,,,,,,,,,
12170856,0,0,4,2,,,,,,,,,
12170857,0,0,4,2,,,,,,,,,
12170863,2,2,6,6,,,,,,,,,
12170864,0,0,3,5,,,,,,,,,
12170866,2,2,1,6,6,,,,,,,,
12170868,0,0,3,1,,,,,,,,,
12170869,2,2,6,6,,,,,,,,,
12170873,2,2,6,6,,,,,,,,,
12170874,0,0,1,0,,,,,,,,,
12170875,2,2,6,6,11,,,,,,,,
12170876,1,1,6,3,2,,,,,,,,
12170877,1,1,6,3,0,,,,,,,,
12170878,2,2,6,6,,,,,,,,,
12170879,1,1,6,3,3,,,,,,,,
12170880,1,1,2,7,3,,,,,,,,
12170885,1,1,7,6,7,,,7,4,,,,
12170919,0,0,2,2,,,,,,,,,
12170946,1,1,0,6,4,,,,,,,,
12170947,1,1,5,6,5,,,,,,,,
12170949,1,1,6,3,3,,,,,,,,
12170950,0,0,2,3,,,,,,,,,
12170952,2,2,4,6,6,,,,,,,,
12170992,2,2,6,6,,,,,,,,,
12170993,0,0,2,2,,,,,,,,,
12171044,2,2,6,6,,,,,,,,,
12171045,1,1,2,6,6,,,,,5,,,
12171046,2,2,3,6,6,,,,,,,,
12171048,2,2,6,6,,,,,,,,,
12171049,0,0,5,,,,,,,,,,
12171050,2,2,6,6,,,,,,,,,
12171054,2,2,6,6,,,,,,,,,
12171066,1,1,6,3,4,,,,,,,,
12171067,2,2,6,6,,,,,,,,,
12171068,0,0,2,3,,,,,,,,,
12171069,0,0,3,1,,,,,,,,,
12171070,0,0,1,2,,,,,,,,,
12171071,0,0,1,0,,,,,,,,,
12171072,1,1,5,6,7,,,,,,,,
12171076,0,0,2,2,,,,,,,,,
12171122,0,0,4,4,,,,,,,,,
12171150,2,2,6,6,,,,,,,,,
12171151,0,0,3,2,,,,,,,,,
12171152,0,0,2,2,,,,,,,,,
12171153,2,2,5,7,10,,,,,,,,
12171159,0,0,4,2,,,,,,,,,
12171164,0,0,2,4,,,,,,,,,
12171165,0,0,1,3,,,,,,,,,
12171169,0,0,3,4,,,,,,,,,
12171477,0,0,2,4,,,,,,,,,
12171478,0,0,4,5,,,,,,,,,
12171480,0,0,5,2,,,,,,,,,
12171481,1,1,6,4,,,,,,,,,
12171484,2,2,6,6,,,,,,,,,
12171487,2,2,6,6,,,,,,,,,
12171556,2,2,7,3,10,,,7,,,,,
12171557,2,2,6,6,,,,,,,,,
12171561,2,2,6,6,,,,,,,,,
12171563,,,,,,,,,,,,,
12171564,0,0,1,2,,,,,,,,,
12171568,0,0,3,1,,,,,,,,,
12171569,2,2,2,6,10,,,,,,,,
12171673,0,0,3,2,,,,,,,,,
12173404,0,0,1,3,,,,,,,,,
12156251,1,1,6,6,4,,,5,,,,,
12156260,0,0,4,6,,,,,3,,,,
12156268,2,2,6,6,,,,,,,,,
12156273,1,1,6,6,4,,,8,,,,,
12156278,0,0,1,2,,,,,,,,,
12156280,2,2,7,6,,,,9,,,,,
12166873,1,1,7,5,4,,,7,,,,,
12166874,1,1,6,4,3,,,,,,,,
12166875,0,0,3,1,,,,,,,,,
12166876,0,0,1,4,,,,,,,,,
12166877,0,0,3,2,,,,,,,,,
12166878,1,1,3,6,5,,,,,,,,
12166879,2,2,6,6,,,,,,,,,
12166880,2,2,3,6,6,,,,,,,,
12166881,2,2,3,6,6,,,,,,,,
12166882,2,2,6,6,,,,,,,,,
12166883,1,1,6,3,1,,,,,,,,
12166929,0,0,4,1,,,,,,,,,
12166930,0,0,0,3,,,,,,,,,
12166931,0,0,4,4,,,,,,,,,
12166932,0,0,2,2,,,,,,,,,
12166933,2,2,6,7,,,,,,,,,
12166934,2,2,6,3,6,,,,,,,,
12166935,2,2,6,7,,,,,7,,,,
12166938,2,2,6,6,,,,,,,,,
12166939,0,0,3,1,,,,,,,,,
12166940,1,1,4,6,2,,,,,,,,
12166946,1,1,7,2,4,,,,,,,,
12166947,2,2,7,6,6,,,7,5,,,,
12166948,2,2,6,7,,,,,7,,,,
12166949,0,0,6,2,,,,2,,,,,
12166950,2,2,6,6,,,,,,,,,
12166951,0,0,4,1,,,,,,,,,
12166952,0,0,3,1,,,,,,,,,
12166953,1,1,4,7,3,,,,7,,,,
12166954,0,0,6,2,,,,0,,,,,
12166955,2,2,6,6,,,,,,,,,
12166956,0,0,2,6,,,,,4,,,,
12166957,2,2,6,6,,,,,,,,,
12166958,2,2,6,3,6,,,,,,,,
12166959,0,0,6,6,,,,3,6,,,,
12166960,0,0,4,2,,,,,,,,,
12166961,0,0,5,3,,,,,,,,,
12166962,0,0,4,3,,,,,,,,,
12166963,2,2,6,6,6,,,,4,,,,
12166964,2,2,4,6,6,,,,,,,,
12166965,1,1,6,3,3,,,,,,,,
12166966,,,,,,,,,,,,,
12167993,1,1,4,6,8,,,,,,,,
12168006,1,1,6,4,6,,,,,,,,
12168009,2,2,6,6,,,,,,,,,
12168010,2,2,6,6,,,,,,,,,
12168014,1,1,7,2,8,,,,,,,,
12168056,,,,,,,,,,,,,
12168059,1,1,7,2,4,,,,,,,,
12168060,2,2,7,4,10,,,12,,,,,
12168104,2,2,6,7,,,,,,,,,
12168105,2,2,6,4,10,,,,,,,,
12168106,0,0,1,3,,,,,,,,,
12168107,2,2,6,6,,,,,,,,,
12168108,2,2,3,6,10,,,,,,,,
12168109,1,1,6,0,7,,,,,,,,
12168110,0,0,0,1,,,,,,,,,
12168112,2,2,6,4,10,,,,,,,,
12168152,0,0,2,4,,,,,,,,,
12168167,2,2,6,6,,,,,,,,,
12168174,0,0,2,6,,,,,5,,,,
12168185,0,0,1,1,,,,,,,,,
12168187,1,1,6,3,8,,,,,,,,
12168188,2,2,6,6,,,,,,,,,
12168198,0,0,4,2,,,,,,,,,
12168200,2,2,6,6,,,,,,,,,
12168205,0,0,4,4,,,,,,,,,
12168223,0,0,0,2,,,,,,,,,
12168224,,,,,,,,,,,,,
12168230,1,1,4,6,10,,,,,,,,
12168233,0,0,3,1,,,,,,,,,
12168234,0,0,1,5,,,,,,,,,
12168235,1,1,6,6,4,,,1,,,,,
12168240,2,2,6,6,,,,,,,,,
12168241,2,2,6,1,10,,,,,,,,
12168242,0,0,3,1,,,,,,,,,
12168244,2,2,1,7,6,,,,,,,,
12168248,0,0,4,1,,,,,,,,,
12168249,2,2,7,6,,,,,,,,,
12168251,0,0,1,1,,,,,,,,,
12168252,2,2,1,6,10,,,,,,,,
12168254,0,0,1,2,,,,,,,,,
12168267,2,2,6,6,,,,,,,,,
12168268,0,0,2,2,,,,,,,,,
12168298,1,1,6,6,0,,,5,,,,,
12168383,1,1,3,6,3,,,,,,,,
12168384,1,1,2,7,3,,,,,,,,
12168396,2,2,6,7,,,,,7,,,,
12168403,0,0,3,5,,,,,,,,,
12168404,0,0,2,3,,,,,,,,,
12168551,2,2,6,6,11,,,,,,,,
12168552,0,0,2,3,,,,,,,,,
12168553,2,2,7,6,,,,,,,,,
12168554,2,2,6,6,,,,,,,,,
12168555,0,0,0,0,,,,,,,,,
12168556,0,0,3,2,,,,,,,,,
12168557,0,0,1,3,,,,,,,,,
12168558,2,2,4,7,10,,,,,,,,
12168559,2,2,6,6,,,,,,,,,
12168560,0,0,4,5,,,,,,,,,
12168561,2,2,6,6,10,,,,,,,,
12168562,,,,,,,,,,,,,
12168563,0,0,0,1,,,,,,,,,
12168564,2,2,6,6,,,,,,,,,
12168565,1,1,2,6,4,,,,,,,,
12168566,0,0,1,1,,,,,,,,,
12168587,0,0,0,2,,,,,,,,,
12168588,1,1,6,5,1,,,,,,,,
12168614,2,2,6,6,,,,,,,,,
12168615,0,0,4,4,,,,,,,,,
12168616,0,0,5,3,,,,,,,,,
12168617,2,2,7,6,,,,,,,,,
12168618,0,0,3,2,,,,,,,,,
12168619,0,0,3,0,,,,,,,,,
12168620,0,0,4,1,,,,,,,,,
12168621,2,2,1,7,6,,,,7,,,,
12168622,2,2,6,6,16,,,,,,,,
12168623,0,0,3,5,,,,,,,,,
12168624,0,0,2,2,,,,,,,,,
12168625,0,0,2,4,,,,,,,,,
12168626,2,2,6,6,,,,,,,,,
12168627,2,2,6,6,,,,,,,,,
12168628,0,0,3,1,,,,,,,,,
12168629,2,2,6,0,10,,,,,,,,
12168630,2,2,6,6,,,,,,,,,
12168666,0,0,2,1,,,,,,,,,
12168667,1,1,6,6,1,,,,3,,,,
12168668,1,1,5,7,2,,,,7,,,,
12168674,2,2,7,6,,,,,,,,,
12168675,0,0,1,2,,,,,,,,,
12168676,0,0,4,2,,,,,,,,,
12168677,0,0,1,2,,,,,,,,,
12168678,,,,,,,,,,,,,
12168721,0,0,3,1,,,,,,,,,
12168827,0,0,2,6,,,,,5,,,,
12168828,2,2,2,6,6,,,,,,,,
12168829,2,2,7,6,,,,7,,,,,
12168830,0,0,1,6,,,,,2,,,,
12168831,,,,,,,,,,,,,
12168832,0,0,4,5,,,,,,,,,
12168833,2,2,7,6,,,,9,,,,,
12168834,0,0,4,1,,,,,,,,,
12168835,1,1,7,6,4,,,7,3,,,,
12168836,2,2,6,7,,,,,8,,,,
12168837,0,0,4,4,,,,,,,,,
12168838,2,2,6,7,6,,,3,9,,,,
12168839,0,0,4,2,,,,,,,,,
12168840,0,0,2,2,,,,,,,,,
12168841,2,2,6,6,,,,,,,,,
12168842,1,1,6,6,6,,,,2,5,,,
12168843,1,1,6,6,4,,,,4,,,,
12168844,0,0,4,2,,,,,,,,,
12168845,0,0,3,5,,,,,,,,,
12168846,2,2,7,6,,,,7,,,,,
12168847,0,0,3,6,,,,,4,,,,
12168848,2,2,6,3,6,,,,,,,,
12168849,1,1,6,5,1,,,,,,,,
12168850,2,2,7,7,,,,7,7,,,,
12168865,2,2,6,6,,,,,,,,,
12168870,0,0,1,1,,,,,,,,,
12169403,2,2,6,6,,,,,,,,,
12169404,1,1,4,6,4,,,,,,,,
12169405,,,,,,,,,,,,,
12169406,0,0,6,3,,,,1,,,,,
12169407,0,0,3,3,,,,,,,,,
12169408,2,2,6,6,,,,,,,,,
12169409,0,0,2,3,,,,,,,,,
12169410,2,2,7,6,,,,7,,,,,
12169411,2,2,6,3,6,,,,,,,,
12169412,1,1,6,1,4,,,,,,,,
12169413,2,2,6,6,,,,,,,,,
12169414,2,2,1,6,6,,,,,,,,
12169425,2,2,6,7,,,,,,,,,
12169430,2,2,3,6,6,,,,,,,,
12169447,0,0,2,2,,,,,,,,,
12169448,0,0,2,0,,,,,,,,,
12169449,2,2,7,7,,,,7,7,,,,
12169482,0,0,1,4,,,,,,,,,
12169483,0,0,3,5,,,,,,,,,
12169484,,,,,,,,,,,,,
12169485,2,2,6,6,,,,,,,,,
12169486,0,0,2,5,,,,,,,,,
12169487,2,2,6,6,,,,,,,,,
12169488,2,2,6,6,,,,,,,,,
12169489,2,2,6,6,,,,,,,,,
12169490,0,0,4,4,,,,,,,,,
12169491,1,1,6,6,4,,,,,,,,
12169492,0,0,0,3,,,,,,,,,
12169493,1,1,3,7,6,,,,,,,,
12169494,2,2,6,6,,,,,,,,,
12169495,2,2,6,6,,,,,,,,,
12169496,0,0,1,1,,,,,,,,,
12169497,2,2,6,6,,,,,,,,,
12169498,2,2,7,6,,,,,,,,,
12169499,0,0,4,2,,,,,,,,,
12169537,,,,,,,,,,,,,
12169683,2,2,1,6,10,,,,,,,,
12169684,0,0,3,2,,,,,,,,,
12169685,0,0,5,3,,,,,,,,,
12169686,2,2,6,6,10,,,,6,,,,
12169687,0,0,1,0,,,,,,,,,
12169688,0,0,1,1,,,,,,,,,
12169689,0,0,2,3,,,,,,,,,
12169690,2,2,6,6,,,,,,,,,
12169691,2,2,7,2,6,,,,,,,,
12169692,1,1,3,7,4,,,,7,,,,
12169694,1,1,4,6,11,,,,,,,,
12169695,2,2,7,4,10,,,7,,,,,
12169698,0,0,3,3,,,,,,,,,
12169699,2,2,6,6,,,,,,,,,
12169700,0,0,1,2,,,,,,,,,
12169701,0,0,6,1,,,,3,,,,,
12169703,,,,,,,,,,,,,
12169706,2,2,6,6,,,,,,,,,
12169707,0,0,3,,,,,,,,,,
12169710,1,1,6,5,3,,,,,,,,
12169712,0,0,3,2,,,,,,,,,
12169713,2,2,6,6,,,,,,,,,
12169716,1,1,6,6,2,,,,3,,,,
12169717,0,0,4,6,,,,,5,,,,
12169939,0,0,3,1,,,,,,,,,
12169941,0,0,1,0,,,,,,,,,
12169942,2,2,6,6,,,,,,,,,
12169943,1,1,4,6,1,,,,,,,,
12169944,2,2,6,6,6,,,,5,,,,
12169946,2,2,6,6,,,,,,,,,
12169948,0,0,1,3,,,,,,,,,
12169952,0,0,0,2,,,,,,,,,
12169965,0,0,4,6,,,,,,,,,
12169966,0,0,1,5,,,,,,,,,
12169967,2,2,6,6,,,,,,,,,
12169968,0,0,1,0,,,,,,,,,
12169969,2,2,7,6,,,,,,,,,
12169970,2,2,6,6,,,,,,,,,
12169971,2,2,7,6,,,,7,,,,,
12169973,1,1,6,4,6,,,,,,,,
12169975,2,2,7,6,,,,7,,,,,
12169977,0,0,4,2,,,,,,,,,
12169979,0,0,4,4,,,,,,,,,
12169980,2,2,6,7,,,,,7,,,,
12170077,0,0,4,6,,,,,1,,,,
12170233,1,1,6,6,3,,,,,,,,
12170234,2,2,6,7,,,,,7,,,,
12170235,0,0,2,5,,,,,,,,,
12170236,2,2,6,4,11,,,,,,,,
12170237,0,0,1,0,,,,,,,,,
12170238,2,2,6,6,,,,,,,,,
12170239,0,0,3,4,,,,,,,,,
12170240,0,0,2,2,,,,,,,,,
12170241,1,1,6,6,1,,,,,,,,
12170244,2,2,7,6,,,,,,,,,
12170245,2,2,6,6,,,,,,,,,
12170267,2,2,5,7,10,,,,,,,,
12170296,2,2,6,6,,,,,,,,,
12170297,2,2,6,4,10,,,,,,,,
12170298,0,0,4,4,,,,,,,,,
12170309,0,0,3,1,,,,,,,,,
12170310,2,2,6,5,10,,,,,,,,
12170334,2,2,6,6,,,,,,,,,
12170348,0,0,4,,,,,,,,,,
12170349,0,0,1,0,,,,,,,,,
12170350,0,0,1,3,,,,,,,,,
12170351,2,2,6,6,,,,,,,,,
12170352,2,2,6,6,,,,,,,,,
12170353,0,0,5,2,,,,,,,,,
12170354,0,0,4,4,,,,,,,,,
12170364,2,2,6,6,,,,,,,,,
12170366,2,2,6,4,10,,,,,,,,
12170369,1,1,6,0,1,,,,,,,,
12170394,1,1,6,2,,,,,,,,,
12170411,2,2,6,6,,,,,,,,,
12170531,2,2,6,5,10,,,,,,,,
12170532,2,2,6,1,6,,,,,,,,
12170533,0,0,0,0,,,,,,,,,
12170534,1,1,6,1,2,,,,,,,,
12170536,0,0,2,4,,,,,,,,,
12170537,0,0,4,4,,,,,,,,,
12170540,1,1,6,6,4,,,,3,,,,
12170547,2,2,6,5,6,,,,,,,,
12170548,2,2,6,6,,,,,,,,,
12170549,0,0,0,2,,,,,,,,,
12170550,2,2,6,3,6,,,,,,,,
12170551,2,2,6,7,,,,,7,,,,
12170554,0,0,3,4,,,,,,,,,
12170555,2,2,7,3,10,,,,,,,,
12170556,2,2,7,6,,,,7,,,,,
12170557,2,2,6,6,,,,,,,,,
12170558,2,2,6,6,,,,,,,,,
12170559,2,2,6,4,11,,,,,,,,
12170560,0,0,3,4,,,,,,,,,
12170562,2,2,6,6,,,,,,,,,
12170564,1,1,6,6,4,,,5,,,,,
12170566,2,2,6,6,,,,,,,,,
12170587,0,0,1,3,,,,,,,,,
12170588,2,2,1,6,10,,,,,,,,
12170589,1,1,3,7,8,,,,9,,,,
12170610,0,0,2,3,,,,,,,,,
12170611,0,0,0,3,,,,,,,,,
12170612,0,0,3,2,,,,,,,,,
12170613,1,1,2,6,5,,,,,,,,
12170614,2,2,6,7,,,,,,,,,
12170615,0,0,3,3,,,,,,,,,
12170619,2,2,6,6,6,,,4,,,,,
12170620,1,1,6,5,4,,,,,,,,
12170623,2,2,6,6,,,,,,,,,
12170624,1,1,6,2,9,,,,,,,,
12170625,2,2,6,6,,,,,,,,,
12170626,1,1,7,4,2,,,,,,,,
12170627,,,,,,,,,,,,,
12170628,2,2,6,4,12,,,,,,,,
12170629,2,2,6,2,12,,,,,,,,
12170630,2,2,6,6,,,,,,,,,
12170631,0,0,0,,,,,,,,,,
12170632,2,2,6,6,,,,,,,,,
12170633,2,2,6,6,,,,,,,,,
12170634,1,1,6,3,1,,,,,,,,
12170635,1,1,1,6,6,,,,,2,,,
12170636,2,2,7,6,,,,,,,,,
12170637,2,2,6,6,,,,,,,,,
12170638,2,2,6,6,,,,,,,,,
12170640,0,0,4,4,,,,,,,,,
12170641,0,0,3,2,,,,,,,,,
12170643,0,0,5,4,,,,,,,,,
12170645,1,1,1,6,6,,,,,6,,,
12170652,0,0,4,3,,,,,,,,,
12170653,1,1,2,6,7,,,,,,,,
12170655,1,1,4,7,8,,,,7,,,,
12170656,0,0,4,3,,,,,,,,,
12170659,0,0,2,0,,,,,,,,,
12170661,0,0,4,2,,,,,,,,,
12170672,0,0,3,6,,,,,5,,,,
12170673,2,2,6,6,,,,,,,,,
12170674,2,2,6,3,6,,,,,,,,
12170675,1,1,0,6,4,,,,,,,,
12170676,2,2,6,6,,,,,,,,,
12170677,2,2,7,6,,,,7,,,,,
12170678,0,0,6,2,,,,4,,,,,
12170731,2,2,6,6,,,,,,,,,
12170732,0,0,2,6,,,,,,,,,
12170733,0,0,4,2,,,,,,,,,
12170734,2,2,6,7,,,,,7,,,,
12170736,0,0,2,2,,,,,,,,,
12170737,2,2,6,6,,,,,,,,,
12170742,1,1,4,7,7,,,,,,,,
12170743,2,2,6,6,,,,,,,,,
12170745,0,0,6,2,,,,10,,,,,
12170746,2,2,7,1,10,,,,,,,,
12170754,1,1,5,6,8,,,,,,,,
12170760,1,1,6,5,4,,,,,,,,
12170761,0,0,4,2,,,,,,,,,
12170762,0,0,3,2,,,,,,,,,
12170763,2,2,6,6,,,,,,,,,
12170767,0,0,3,1,,,,,,,,,
12170768,2,2,7,7,,,,9,7,,,,
12170771,1,1,6,6,4,,,7,,,,,
12170795,2,2,6,6,,,,,,,,,
12170796,0,0,1,5,,,,,,,,,
12170797,2,2,6,6,,,,,,,,,
12170798,1,1,4,6,9,,,,,,,,
12170799,2,2,6,6,,,,,,,,,
12170800,0,0,3,1,,,,,,,,,
12170803,2,2,6,6,,,,,,,,,
12170804,1,1,6,3,5,,,,,,,,
12170807,0,0,1,4,,,,,,,,,
12170808,0,0,0,4,,,,,,,,,
12170812,1,1,6,3,2,,,,,,,,
12170813,0,0,1,1,,,,,,,,,
12170814,0,0,1,2,,,,,,,,,
12170815,2,2,6,6,,,,,,,,,
12170817,0,0,1,1,,,,,,,,,
12170818,2,2,7,7,,,,7,7,,,,
12170820,0,0,2,6,,,,,1,,,,
12170821,2,2,2,7,6,,,,,,,,
12170838,0,0,1,4,,,,,,,,,
12170839,0,0,5,2,,,,,,,,,
12170840,0,0,1,0,,,,,,,,,
12170841,2,2,7,1,10,,,,,,,,
12170842,2,2,6,6,,,,,,,,,
12170843,0,0,4,0,,,,,,,,,
12170844,2,2,1,7,10,,,,,,,,
12170845,0,0,3,1,,,,,,,,,
12170846,2,2,6,6,,,,,,,,,
12170849,1,1,7,3,7,,,,,,,,
12170850,1,1,1,6,0,,,,,,,,
12170852,2,2,6,7,,,,,,,,,
12170854,0,0,3,3,,,,,,,,,
12170856,0,0,4,2,,,,,,,,,
12170857,0,0,4,2,,,,,,,,,
12170863,2,2,6,6,,,,,,,,,
12170864,0,0,3,5,,,,,,,,,
12170866,2,2,1,6,6,,,,,,,,
12170868,0,0,3,1,,,,,,,,,
12170869,2,2,6,6,,,,,,,,,
12170873,2,2,6,6,,,,,,,,,
12170874,0,0,1,0,,,,,,,,,
12170875,2,2,6,6,11,,,,,,,,
12170876,1,1,6,3,2,,,,,,,,
12170877,1,1,6,3,0,,,,,,,,
12170878,2,2,6,6,,,,,,,,,
12170879,1,1,6,3,3,,,,,,,,
12170880,1,1,2,7,3,,,,,,,,
12170885,1,1,7,6,7,,,7,4,,,,
12170919,0,0,2,2,,,,,,,,,
12170945,0,0,3,0,,,,,,,,,
12170946,1,1,0,6,4,,,,,,,,
12170947,1,1,5,6,5,,,,,,,,
12170948,2,2,6,6,,,,,,,,,
12170949,1,1,6,3,3,,,,,,,,
12170950,0,0,2,3,,,,,,,,,
12170951,2,2,6,6,,,,,,,,,
12170952,2,2,4,6,6,,,,,,,,
12170992,2,2,6,6,,,,,,,,,
12170993,0,0,2,2,,,,,,,,,
12171044,2,2,6,6,,,,,,,,,
12171045,1,1,2,6,6,,,,,5,,,
12171046,2,2,3,6,6,,,,,,,,
12171047,0,0,3,3,,,,,,,,,
12171048,2,2,6,6,,,,,,,,,
12171049,0,0,5,,,,,,,,,,
12171050,2,2,6,6,,,,,,,,,
12171054,2,2,6,6,,,,,,,,,
12171066,1,1,6,3,4,,,,,,,,
12171067,2,2,6,6,,,,,,,,,
12171068,0,0,2,3,,,,,,,,,
12171069,0,0,3,1,,,,,,,,,
12171070,0,0,1,2,,,,,,,,,
12171071,0,0,1,0,,,,,,,,,
12171072,1,1,5,6,7,,,,,,,,
12171076,0,0,2,2,,,,,,,,,
12171081,0,0,2,4,,,,,,,,,
12171122,0,0,4,4,,,,,,,,,
12171150,2,2,6,6,,,,,,,,,
12171151,0,0,3,2,,,,,,,,,
12171152,0,0,2,2,,,,,,,,,
12171153,2,2,5,7,10,,,,,,,,
12171158,0,0,2,6,,,,,4,,,,
12171159,0,0,4,2,,,,,,,,,
12171160,0,0,3,5,,,,,,,,,
12171161,2,2,6,6,,,,,,,,,
12171164,0,0,2,4,,,,,,,,,
12171165,0,0,1,3,,,,,,,,,
12171167,2,2,4,6,6,,,,,,,,
12171168,2,2,6,6,,,,,,,,,
12171169,0,0,3,4,,,,,,,,,
12171477,0,0,2,4,,,,,,,,,
12171478,0,0,4,5,,,,,,,,,
12171479,0,0,3,4,,,,,,,,,
12171480,0,0,5,2,,,,,,,,,
12171481,1,1,6,4,,,,,,,,,
12171484,2,2,6,6,,,,,,,,,
12171487,2,2,6,6,,,,,,,,,
12171488,0,0,1,6,,,,,4,,,,
12171556,2,2,7,3,10,,,7,,,,,
12171557,2,2,6,6,,,,,,,,,
12171558,2,2,6,7,,,,,,,,,
12171559,0,0,2,0,,,,,,,,,
12171560,1,1,6,5,1,,,,,,,,
12171561,2,2,6,6,,,,,,,,,
12171562,0,0,1,6,,,,,5,,,,
12171563,,,,,,,,,,,,,
12171564,0,0,1,2,,,,,,,,,
12171565,2,2,6,6,,,,,,,,,
12171566,2,2,6,6,,,,,,,,,
12171567,2,2,6,6,6,,,3,,,,,
12171568,0,0,3,1,,,,,,,,,
12171569,2,2,2,6,10,,,,,,,,
12171597,2,2,6,6,,,,,,,,,
12171598,0,0,5,2,,,,,,,,,
12171599,2,2,6,6,,,,,,,,,
12171600,1,1,6,4,2,,,,,,,,
12171603,2,2,6,6,,,,,,,,,
12171604,2,2,6,6,,,,,,,,,
12171605,2,2,6,6,,,,,,,,,
12171607,2,2,7,6,,,,7,,,,,
12171634,0,0,3,4,,,,,,,,,
12171635,0,0,6,2,,,,5,,,,,
12171636,1,1,6,1,5,,,,,,,,
12171637,2,2,3,6,6,,,,,,,,
12171638,0,0,6,2,,,,2,,,,,
12171639,2,2,6,1,6,,,,,,,,
12171667,2,2,7,2,6,,,7,,,,,
12171668,2,2,6,3,6,,,,,,,,
12171669,0,0,2,3,,,,,,,,,
12171670,1,1,4,6,3,,,,,,,,
12171671,2,2,6,6,6,,,1,,,,,
12171672,0,0,6,3,,,,3,,,,,
12171673,0,0,3,2,,,,,,,,,
12171690,0,0,1,1,,,,,,,,,
12171691,0,0,1,3,,,,,,,,,
12171692,2,2,4,6,10,,,,,,,,
12171693,0,0,2,3,,,,,,,,,
12171694,1,1,3,6,4,,,,,,,,
12171695,2,2,6,6,,,,,,,,,
12171696,2,2,7,4,11,,,8,,,,,
12171697,2,2,5,7,6,,,,7,,,,
12171698,2,2,7,6,,,,,,,,,
12171699,2,2,3,6,6,,,,,,,,
12171701,0,0,0,1,,,,,,,,,
12171706,0,0,3,1,,,,,,,,,
12171728,0,0,6,5,,,,4,,,,,
12171729,2,2,7,7,,,,,8,,,,
12171730,2,2,7,7,,,,8,,,,,
12171731,2,2,6,4,7,,,,,7,,,
12171732,0,0,1,,,,,,,,,,
12171777,2,2,3,6,7,,,,,7,,,
12171922,0,0,5,2,,,,,,,,,
12171923,0,0,5,2,,,,,,,,,
12171926,0,0,1,3,,,,,,,,,
12171928,0,0,2,2,,,,,,,,,
12171931,2,2,6,1,6,,,,,,,,
12171933,2,2,6,7,,,,,7,,,,
12171934,1,1,6,4,,,,,,,,,
12171937,0,0,2,0,,,,,,,,,
12171938,0,0,2,4,,,,,,,,,
12171939,0,0,5,3,,,,,,,,,
12171941,1,1,6,2,3,,,,,,,,
12171942,2,2,1,7,6,,,,,,,,
12171943,2,2,6,7,,,,,,,,,
12171944,2,2,6,6,,,,,,,,,
12171945,2,2,6,3,6,,,,,,,,
12171947,0,0,4,3,,,,,,,,,
12171949,,,,,,,,,,,,,
12171969,2,2,6,6,,,,,,,,,
12171970,2,2,6,6,,,,,,,,,
12171971,2,2,2,6,6,,,,,,,,
12171975,2,2,6,6,,,,,,,,,
12171977,0,0,1,5,,,,,,,,,
12171982,2,2,1,7,6,,,,,,,,
12171983,1,1,6,4,1,,,,,,,,
12171984,1,1,6,3,4,,,,,,,,
12171989,2,2,6,7,,,,,,,,,
12171990,2,2,6,6,,,,,,,,,
12171993,2,2,7,6,,,,7,,,,,
12171996,2,2,6,6,,,,,,,,,
12171998,2,2,7,6,,,,,,,,,
12171999,2,2,5,6,6,,,,,,,,
12172000,2,2,7,7,,,,,7,,,,
12172001,2,2,6,6,,,,,,,,,
12172002,2,2,6,6,,,,,,,,,
12172003,2,2,6,6,,,,,,,,,
12172004,1,1,2,6,1,,,,,,,,
12172005,0,0,2,5,,,,,,,,,
12172006,2,2,7,6,,,,,,,,,
12172008,0,0,3,3,,,,,,,,,
12172009,2,2,6,6,,,,,,,,,
12172010,2,2,6,6,,,,,,,,,
12172011,0,0,2,3,,,,,,,,,
12172142,0,0,1,3,,,,,,,,,
12172147,0,0,1,1,,,,,,,,,
12172152,2,2,6,0,7,,,,,9,,,
12172155,2,2,6,3,7,,,,,7,,,
12172157,2,2,6,6,,,,,,,,,
12172206,0,0,2,1,,,,,,,,,
12172207,0,0,0,2,,,,,,,,,
12172212,2,2,6,6,,,,,,,,,
12172213,2,2,7,6,,,,7,,,,,
12172217,0,0,3,0,,,,,,,,,
12172218,2,2,6,6,,,,,,,,,
12172221,2,2,6,6,,,,,,,,,
12172224,2,2,3,6,6,,,,,,,,
12172227,2,2,3,6,6,,,,,,,,
12172230,0,0,2,2,,,,,,,,,
12172233,2,2,5,6,6,,,,,,,,
12172305,1,1,4,6,4,,,,,,,,
12172307,1,1,6,2,3,,,,,,,,
12172308,0,0,2,3,,,,,,,,,
12172309,2,2,7,7,,,,7,,,,,
12172311,2,2,6,4,6,,,,,,,,
12172402,2,2,6,3,6,,,,,,,,
12172410,2,2,3,6,6,,,,,,,,
12172412,0,0,1,3,,,,,,,,,
12172413,1,1,6,2,2,,,,,,,,
12172414,2,2,6,6,,,,,,,,,
12172544,2,2,6,6,6,,,5,,,,,
12172546,2,2,6,6,,,,,,,,,
12172549,2,2,6,6,,,,,,,,,
12172553,2,2,6,6,,,,,,,,,
12172555,2,2,7,4,6,,,,,,,,
12172646,2,2,7,6,,,,7,,,,,
12172647,0,0,4,4,,,,,,,,,
12172648,2,2,6,7,,,,,,,,,
12172649,0,0,6,5,,,,5,,,,,
12172650,0,0,5,3,,,,,,,,,
12172651,0,0,6,4,,,,5,,,,,
12172652,2,2,6,6,,,,,,,,,
12172734,0,0,4,6,,,,,5,,,,
12172735,2,2,6,7,,,,,,,,,
12172736,2,2,6,6,,,,,,,,,
12172737,2,2,6,7,,,,,7,,,,
12172740,0,0,4,2,,,,,,,,,
12172741,2,2,4,6,6,,,,,,,,
12172742,2,2,6,6,,,,,,,,,
12172743,0,0,1,2,,,,,,,,,
12172745,1,1,1,6,3,,,,,,,,
12172746,2,2,6,6,,,,,,,,,
12172747,0,0,2,3,,,,,,,,,
12172749,1,1,6,6,2,,,2,,,,,
12172751,2,2,6,6,,,,,,,,,
12172752,2,2,7,6,,,,9,,,,,
12172756,0,0,2,4,,,,,,,,,
12172758,2,2,7,6,,,,,,,,,
12172759,0,0,3,4,,,,,,,,,
12172760,0,0,0,0,,,,,,,,,
12172764,0,0,4,4,,,,,,,,,
12172767,0,0,4,0,,,,,,,,,
12172770,2,2,6,4,7,,,,,8,,,
12172771,0,0,3,,,,,,,,,,
12172772,1,1,3,6,2,,,,,,,,
12172773,0,0,0,1,,,,,,,,,
12172774,1,1,7,3,2,,,10,,,,,
12172775,2,2,6,6,,,,,,,,,
12172780,2,2,6,5,6,,,,,,,,
12172790,0,0,3,4,,,,,,,,,
12172792,2,2,6,6,,,,,,,,,
12172798,0,0,4,1,,,,,,,,,
12172802,0,0,3,2,,,,,,,,,
12172806,2,2,7,4,6,,,7,,,,,
12172810,1,1,4,6,3,,,,,,,,
12172811,2,2,6,6,,,,,,,,,
12172814,2,2,7,3,6,,,8,,,,,
12172815,1,1,6,2,2,,,,,,,,
12172823,0,0,4,1,,,,,,,,,
12172824,0,0,0,2,,,,,,,,,
12172830,2,2,6,7,,,,,,,,,
12172831,2,2,6,7,,,,,7,,,,
12172832,1,1,7,6,6,,,7,6,3,,,
12172833,2,2,6,6,,,,,,,,,
12172834,2,2,6,6,,,,,,,,,
12172835,0,0,3,1,,,,,,,,,
12172836,,,,,,,,,,,,,
12172847,2,2,6,6,,,,,,,,,
12172848,0,0,0,1,,,,,,,,,
12172849,0,0,4,4,,,,,,,,,
12172850,2,2,6,6,,,,,,,,,
12172851,2,2,6,6,,,,,,,,,
12172852,1,1,6,1,0,,,,,,,,
12172853,0,0,2,2,,,,,,,,,
12172976,2,2,6,7,,,,,,,,,
12173290,0,0,4,4,,,,,,,,,
12173291,0,0,3,3,,,,,,,,,
12173292,2,2,7,6,,,,7,,,,,
12173293,2,2,6,7,,,,,,,,,
12173294,0,0,6,6,,,,3,3,,,,
12173295,2,2,5,7,6,,,,7,,,,
12173296,0,0,2,3,,,,,,,,,
12173297,0,0,2,3,,,,,,,,,
12173404,0,0,1,3,,,,,,,,,
12173757,2,2,7,6,,,,,,,,,
12173758,0,0,1,0,,,,,,,,,
12173759,2,2,4,7,6,,,,,,,,
12173760,0,0,6,2,,,,5,,,,,
12173761,,,,,,,,,,,,,
12173762,2,2,6,6,,,,,,,,,
12173764,2,2,5,7,6,,,,,,,,
12174060,0,0,5,0,,,,,,,,,
12174061,0,0,2,4,,,,,,,,,
12174062,2,2,6,3,7,,,,,,,,
12174063,0,0,2,,,,,,,,,,
12174064,2,2,7,3,6,,,,,,,,
12174065,2,2,6,6,,,,,,,,,
12174066,2,2,6,6,,,,,,,,,
12174067,2,2,6,6,,,,,,,,,
12174135,2,2,6,6,,,,,,,,,
12174136,0,0,4,1,,,,,,,,,
12174138,2,2,6,6,,,,,,,,,
12174140,2,2,6,6,6,,,1,,,,,
12174141,1,1,6,5,5,,,,,,,,
12174222,2,2,6,6,,,,,,,,,
12174223,1,1,6,2,1,,,,,,,,
12174225,2,2,6,6,6,,,,8,,,,
12174226,1,1,4,6,5,,,,,,,,
12174227,2,2,6,6,,,,,,,,,
12174228,2,2,6,6,,,,,,,,,
12174230,0,0,0,1,,,,,,,,,
12174266,0,0,6,0,,,,5,,,,,
12174267,1,1,6,6,2,,,,3,,,,
12174268,0,0,5,2,,,,,,,,,
12174269,2,2,6,6,,,,,,,,,
12174271,0,0,3,2,,,,,,,,,
12174272,0,0,4,2,,,,,,,,,
12174273,1,1,6,3,,,,,,,,,
12174274,2,2,6,6,,,,,,,,,
12174275,1,1,4,7,1,,,,7,,,,
12174276,0,0,6,3,,,,4,,,,,
12174277,1,1,6,3,2,,,,,,,,
12174278,0,0,1,1,,,,,,,,,
12174279,2,2,6,6,,,,,,,,,
12174281,0,0,2,4,,,,,,,,,
12174317,0,0,2,3,,,,,,,,,
12174319,1,1,1,7,2,,,,7,,,,
12174320,0,0,0,0,,,,,,,,,
12174321,2,2,7,7,,,,9,,,,,
12174322,0,0,6,1,,,,1,,,,,
12174324,0,0,2,4,,,,,,,,,
12174356,1,1,6,0,3,,,,,,,,
12174357,2,2,2,6,7,,,,,7,,,
12174358,1,1,7,0,0,,,7,,,,,
12174359,2,2,6,6,,,,,,,,,
12174360,0,0,4,0,,,,,,,,,
12174361,2,2,6,6,,,,,,,,,
12174364,0,0,3,1,,,,,,,,,
12174365,0,0,1,3,,,,,,,,,
12174366,0,0,3,2,,,,,,,,,
12174367,2,2,6,7,,,,,7,,,,
12174368,0,0,3,1,,,,,,,,,
12174369,2,2,4,6,6,,,,,,,,
12174382,1,1,6,4,2,,,,,,,,
12174383,,,,,,,,,,,,,
12174384,0,0,5,3,,,,,,,,,
12174385,0,0,0,3,,,,,,,,,
12174386,2,2,6,6,,,,,,,,,
12174388,0,0,1,0,,,,,,,,,
12174390,0,0,2,2,,,,,,,,,
12174479,0,0,3,3,,,,,,,,,
12174480,0,0,0,2,,,,,,,,,
12174481,0,0,4,2,,,,,,,,,
12174482,2,2,7,6,,,,7,,,,,
12174483,0,0,3,1,,,,,,,,,
12174484,0,0,4,2,,,,,,,,,
12174486,0,0,3,3,,,,,,,,,
12174487,2,2,6,4,6,,,,,,,,
12174488,2,2,6,6,,,,,,,,,
12174489,2,2,6,6,,,,,,,,,
12174490,2,2,6,6,,,,,,,,,
12174491,2,2,7,7,,,,8,9,,,,
12174492,2,2,6,7,,,,,7,,,,
12174493,2,2,6,6,,,,,,,,,
12174494,0,0,3,6,,,,,3,,,,
12174506,0,0,4,3,,,,,,,,,
12174578,0,0,2,2,,,,,,,,,
12174580,2,2,6,6,6,,,,2,,,,
12174583,2,2,6,6,,,,,,,,,
12174633,0,0,4,3,,,,,,,,,
12174634,0,0,3,3,,,,,,,,,
12174635,2,2,6,1,7,,,,,,,,
12174636,,,,,,,,,,,,,
12174637,2,2,6,6,,,,,,,,,
12174639,2,2,6,6,,,,,,,,,
12174764,2,2,7,6,,,,,,,,,
12174765,2,2,6,6,,,,,,,,,
12174766,2,2,4,6,6,,,,,,,,
12174767,0,0,1,2,,,,,,,,,
12174768,0,0,3,1,,,,,,,,,
12174769,2,2,6,6,,,,,,,,,
12174770,2,2,7,6,6,,,,1,,,,
12175247,0,0,2,2,,,,,,,,,
12175248,0,0,2,3,,,,,,,,,
12175249,0,0,1,5,,,,,,,,,
12175250,2,2,6,6,,,,,,,,,
12175251,2,2,6,6,6,,,,3,,,,
12176543,0,0,2,2,,,,,,,,,
12176556,1,1,3,6,3,,,,,,,,
12156093,2,2,6,6,6,,,,4,,,,
12156096,2,2,6,6,,,,,,,,,
12156098,0,0,3,4,,,,,,,,,
12156108,2,2,7,6,,,,,,,,,
12156216,2,2,6,3,6,,,,,,,,
12156217,0,0,1,5,,,,,,,,,
12156219,,,,,,,,,,,,,
12156220,1,1,2,6,4,,,,,,,,
12156221,0,0,2,2,,,,,,,,,
12156227,2,2,6,6,,,,,,,,,
12156232,2,2,6,6,,,,,,,,,
12156235,2,2,7,6,,,,7,,,,,
12156239,2,2,6,4,6,,,,,,,,
12156251,1,1,6,6,4,,,5,,,,,
12156253,1,1,5,6,3,,,,,,,,
12156255,0,0,2,5,,,,,,,,,
12156256,0,0,3,5,,,,,,,,,
12156260,0,0,4,6,,,,,3,,,,
12156268,2,2,6,6,,,,,,,,,
12156273,1,1,6,6,4,,,8,,,,,
12156276,2,2,2,6,6,,,,,,,,
12156278,0,0,1,2,,,,,,,,,
12156279,1,1,4,6,1,,,,,,,,
12156280,2,2,7,6,,,,9,,,,,
12156281,2,2,6,6,,,,,,,,,
12156282,2,2,0,7,6,,,,7,,,,
12166873,1,1,7,5,4,,,7,,,,,
12166875,0,0,3,1,,,,,,,,,
12166876,0,0,1,4,,,,,,,,,
12166877,0,0,3,2,,,,,,,,,
12166878,1,1,3,6,5,,,,,,,,
12166879,2,2,6,6,,,,,,,,,
12166883,1,1,6,3,1,,,,,,,,
12166932,0,0,2,2,,,,,,,,,
12166933,2,2,6,7,,,,,,,,,
12166935,2,2,6,7,,,,,7,,,,
12166949,0,0,6,2,,,,2,,,,,
12166952,0,0,3,1,,,,,,,,,
12166958,2,2,6,3,6,,,,,,,,
12166965,1,1,6,3,3,,,,,,,,
12169395,2,2,6,6,,,,,,,,,
12169396,1,1,6,4,2,,,,,,,,
12169397,1,1,4,6,2,,,,,,,,
12169398,2,2,6,6,,,,,,,,,
12169399,2,2,6,6,,,,,,,,,
12169400,2,2,6,6,,,,,,,,,
12169401,0,0,2,3,,,,,,,,,
12169402,1,1,0,6,1,,,,,,,,
12169403,2,2,6,6,,,,,,,,,
12169404,1,1,4,6,4,,,,,,,,
12169405,,,,,,,,,,,,,
12169406,0,0,6,3,,,,1,,,,,
12169407,0,0,3,3,,,,,,,,,
12169408,2,2,6,6,,,,,,,,,
12169409,0,0,2,3,,,,,,,,,
12169410,2,2,7,6,,,,7,,,,,
12169411,2,2,6,3,6,,,,,,,,
12169412,1,1,6,1,4,,,,,,,,
12169413,2,2,6,6,,,,,,,,,
12169414,2,2,1,6,6,,,,,,,,
12170549,0,0,0,2,,,,,,,,,
12170550,2,2,6,3,6,,,,,,,,
12170551,2,2,6,7,,,,,7,,,,
12170620,1,1,6,5,4,,,,,,,,
12170631,0,0,0,,,,,,,,,,
12170632,2,2,6,6,,,,,,,,,
12170633,2,2,6,6,,,,,,,,,
12170634,1,1,6,3,1,,,,,,,,
12170640,0,0,4,4,,,,,,,,,
12170641,0,0,3,2,,,,,,,,,
12170672,0,0,3,6,,,,,5,,,,
12170673,2,2,6,6,,,,,,,,,
12170674,2,2,6,3,6,,,,,,,,
12170675,1,1,0,6,4,,,,,,,,
12170676,2,2,6,6,,,,,,,,,
12170677,2,2,7,6,,,,7,,,,,
12170733,0,0,4,2,,,,,,,,,
12170734,2,2,6,7,,,,,7,,,,
12170797,2,2,6,6,,,,,,,,,
12170807,0,0,1,4,,,,,,,,,
12170840,0,0,1,0,,,,,,,,,
12170846,2,2,6,6,,,,,,,,,
12170863,2,2,6,6,,,,,,,,,
12170945,0,0,3,0,,,,,,,,,
12170948,2,2,6,6,,,,,,,,,
12170950,0,0,2,3,,,,,,,,,
12170951,2,2,6,6,,,,,,,,,
12171044,2,2,6,6,,,,,,,,,
12171047,0,0,3,3,,,,,,,,,
12171066,1,1,6,3,4,,,,,,,,
12171067,2,2,6,6,,,,,,,,,
12171071,0,0,1,0,,,,,,,,,
12171076,0,0,2,2,,,,,,,,,
12171081,0,0,2,4,,,,,,,,,
12171150,2,2,6,6,,,,,,,,,
12171151,0,0,3,2,,,,,,,,,
12171152,0,0,2,2,,,,,,,,,
12171153,2,2,5,7,10,,,,,,,,
12171158,0,0,2,6,,,,,4,,,,
12171159,0,0,4,2,,,,,,,,,
12171160,0,0,3,5,,,,,,,,,
12171161,2,2,6,6,,,,,,,,,
12171164,0,0,2,4,,,,,,,,,
12171165,0,0,1,3,,,,,,,,,
12171167,2,2,4,6,6,,,,,,,,
12171168,2,2,6,6,,,,,,,,,
12171169,0,0,3,4,,,,,,,,,
12171479,0,0,3,4,,,,,,,,,
12171484,2,2,6,6,,,,,,,,,
12171487,2,2,6,6,,,,,,,,,
12171488,0,0,1,6,,,,,4,,,,
12171556,2,2,7,3,10,,,7,,,,,
12171557,2,2,6,6,,,,,,,,,
12171558,2,2,6,7,,,,,,,,,
12171559,0,0,2,0,,,,,,,,,
12171560,1,1,6,5,1,,,,,,,,
12171561,2,2,6,6,,,,,,,,,
12171562,0,0,1,6,,,,,5,,,,
12171563,,,,,,,,,,,,,
12171564,0,0,1,2,,,,,,,,,
12171565,2,2,6,6,,,,,,,,,
12171566,2,2,6,6,,,,,,,,,
12171567,2,2,6,6,6,,,3,,,,,
12171568,0,0,3,1,,,,,,,,,
12171569,2,2,2,6,10,,,,,,,,
12171597,2,2,6,6,,,,,,,,,
12171598,0,0,5,2,,,,,,,,,
12171599,2,2,6,6,,,,,,,,,
12171600,1,1,6,4,2,,,,,,,,
12171603,2,2,6,6,,,,,,,,,
12171604,2,2,6,6,,,,,,,,,
12171605,2,2,6,6,,,,,,,,,
12171607,2,2,7,6,,,,7,,,,,
12171634,0,0,3,4,,,,,,,,,
12171635,0,0,6,2,,,,5,,,,,
12171636,1,1,6,1,5,,,,,,,,
12171637,2,2,3,6,6,,,,,,,,
12171638,0,0,6,2,,,,2,,,,,
12171639,2,2,6,1,6,,,,,,,,
12171667,2,2,7,2,6,,,7,,,,,
12171668,2,2,6,3,6,,,,,,,,
12171669,0,0,2,3,,,,,,,,,
12171670,1,1,4,6,3,,,,,,,,
12171671,2,2,6,6,6,,,1,,,,,
12171672,0,0,6,3,,,,3,,,,,
12171673,0,0,3,2,,,,,,,,,
12171690,0,0,1,1,,,,,,,,,
12171691,0,0,1,3,,,,,,,,,
12171692,2,2,4,6,10,,,,,,,,
12171693,0,0,2,3,,,,,,,,,
12171694,1,1,3,6,4,,,,,,,,
12171695,2,2,6,6,,,,,,,,,
12171696,2,2,7,4,11,,,8,,,,,
12171697,2,2,5,7,6,,,,7,,,,
12171698,2,2,7,6,,,,,,,,,
12171699,2,2,3,6,6,,,,,,,,
12171701,0,0,0,1,,,,,,,,,
12171706,0,0,3,1,,,,,,,,,
12171728,0,0,6,5,,,,4,,,,,
12171729,2,2,7,7,,,,,8,,,,
12171730,2,2,7,7,,,,8,,,,,
12171731,2,2,6,4,7,,,,,7,,,
12171732,0,0,1,,,,,,,,,,
12171749,2,2,6,7,,,,,,,,,
12171750,2,2,7,4,7,,,7,,7,,,
12171751,0,0,3,2,,,,,,,,,
12171752,,,,,,,,,,,,,
12171753,2,2,7,7,,,,,7,,,,
12171754,2,2,4,6,6,,,,,,,,
12171755,2,2,6,6,,,,,,,,,
12171756,0,0,4,2,,,,,,,,,
12171757,1,1,6,3,4,,,,,,,,
12171758,2,2,6,6,,,,,,,,,
12171759,2,2,6,6,6,,,,3,,,,
12171760,0,0,6,6,,,,2,3,,,,
12171777,2,2,3,6,7,,,,,7,,,
12171920,2,2,6,6,,,,,,,,,
12171922,0,0,5,2,,,,,,,,,
12171923,0,0,5,2,,,,,,,,,
12171924,2,2,1,6,6,,,,,,,,
12171925,0,0,1,2,,,,,,,,,
12171926,0,0,1,3,,,,,,,,,
12171927,1,1,7,5,1,,,8,,,,,
12171928,0,0,2,2,,,,,,,,,
12171930,2,2,3,6,7,,,,,,,,
12171931,2,2,6,1,6,,,,,,,,
12171933,2,2,6,7,,,,,7,,,,
12171934,1,1,6,4,,,,,,,,,
12171937,0,0,2,0,,,,,,,,,
12171938,0,0,2,4,,,,,,,,,
12171939,0,0,5,3,,,,,,,,,
12171941,1,1,6,2,3,,,,,,,,
12171942,2,2,1,7,6,,,,,,,,
12171943,2,2,6,7,,,,,,,,,
12171944,2,2,6,6,,,,,,,,,
12171945,2,2,6,3,6,,,,,,,,
12171946,1,1,6,2,6,,,,,6,,,
12171947,0,0,4,3,,,,,,,,,
12171948,2,2,6,6,,,,,,,,,
12171949,,,,,,,,,,,,,
12171950,0,0,1,2,,,,,,,,,
12171953,1,1,6,4,4,,,,,,,,
12171955,2,2,3,6,6,,,,,,,,
12171963,0,0,3,0,,,,,,,,,
12171969,2,2,6,6,,,,,,,,,
12171970,2,2,6,6,,,,,,,,,
12171971,2,2,2,6,6,,,,,,,,
12171975,2,2,6,6,,,,,,,,,
12171977,0,0,1,5,,,,,,,,,
12171982,2,2,1,7,6,,,,,,,,
12171983,1,1,6,4,1,,,,,,,,
12171984,1,1,6,3,4,,,,,,,,
12171986,0,0,6,6,,,,0,3,,,,
12171988,1,1,6,2,1,,,,,,,,
12171989,2,2,6,7,,,,,,,,,
12171990,2,2,6,6,,,,,,,,,
12171991,1,1,6,3,4,,,,,,,,
12171992,2,2,6,6,,,,,,,,,
12171993,2,2,7,6,,,,7,,,,,
12171994,2,2,6,4,6,,,,,,,,
12171996,2,2,6,6,,,,,,,,,
12171998,2,2,7,6,,,,,,,,,
12171999,2,2,5,6,6,,,,,,,,
12172000,2,2,7,7,,,,,7,,,,
12172001,2,2,6,6,,,,,,,,,
12172002,2,2,6,6,,,,,,,,,
12172003,2,2,6,6,,,,,,,,,
12172004,1,1,2,6,1,,,,,,,,
12172005,0,0,2,5,,,,,,,,,
12172006,2,2,7,6,,,,,,,,,
12172008,0,0,3,3,,,,,,,,,
12172009,2,2,6,6,,,,,,,,,
12172010,2,2,6,6,,,,,,,,,
12172011,0,0,2,3,,,,,,,,,
12172142,0,0,1,3,,,,,,,,,
12172147,0,0,1,1,,,,,,,,,
12172152,2,2,6,0,7,,,,,9,,,
12172155,2,2,6,3,7,,,,,7,,,
12172157,2,2,6,6,,,,,,,,,
12172206,0,0,2,1,,,,,,,,,
12172207,0,0,0,2,,,,,,,,,
12172212,2,2,6,6,,,,,,,,,
12172213,2,2,7,6,,,,7,,,,,
12172217,0,0,3,0,,,,,,,,,
12172218,2,2,6,6,,,,,,,,,
12172221,2,2,6,6,,,,,,,,,
12172224,2,2,3,6,6,,,,,,,,
12172227,2,2,3,6,6,,,,,,,,
12172230,0,0,2,2,,,,,,,,,
12172233,2,2,5,6,6,,,,,,,,
12172305,1,1,4,6,4,,,,,,,,
12172307,1,1,6,2,3,,,,,,,,
12172308,0,0,2,3,,,,,,,,,
12172309,2,2,7,7,,,,7,,,,,
12172311,2,2,6,4,6,,,,,,,,
12172402,2,2,6,3,6,,,,,,,,
12172403,2,2,6,6,,,,,,,,,
12172404,1,1,2,6,3,,,,,,,,
12172405,0,0,3,0,,,,,,,,,
12172406,2,2,6,6,,,,,,,,,
12172407,0,0,4,2,,,,,,,,,
12172408,0,0,2,4,,,,,,,,,
12172409,0,0,4,1,,,,,,,,,
12172410,2,2,3,6,6,,,,,,,,
12172411,2,2,3,6,6,,,,,,,,
12172412,0,0,1,3,,,,,,,,,
12172413,1,1,6,2,2,,,,,,,,
12172414,2,2,6,6,,,,,,,,,
12172544,2,2,6,6,6,,,5,,,,,
12172546,2,2,6,6,,,,,,,,,
12172549,2,2,6,6,,,,,,,,,
12172553,2,2,6,6,,,,,,,,,
12172555,2,2,7,4,6,,,,,,,,
12172586,0,0,6,5,,,,9,,,,,
12172587,0,0,4,3,,,,,,,,,
12172588,2,2,6,7,,,,,7,,,,
12172589,1,1,6,2,4,,,,,,,,
12172646,2,2,7,6,,,,7,,,,,
12172647,0,0,4,4,,,,,,,,,
12172648,2,2,6,7,,,,,,,,,
12172649,0,0,6,5,,,,5,,,,,
12172650,0,0,5,3,,,,,,,,,
12172651,0,0,6,4,,,,5,,,,,
12172652,2,2,6,6,,,,,,,,,
12172734,0,0,4,6,,,,,5,,,,
12172735,2,2,6,7,,,,,,,,,
12172736,2,2,6,6,,,,,,,,,
12172737,2,2,6,7,,,,,7,,,,
12172740,0,0,4,2,,,,,,,,,
12172741,2,2,4,6,6,,,,,,,,
12172742,2,2,6,6,,,,,,,,,
12172743,0,0,1,2,,,,,,,,,
12172745,1,1,1,6,3,,,,,,,,
12172746,2,2,6,6,,,,,,,,,
12172747,0,0,2,3,,,,,,,,,
12172749,1,1,6,6,2,,,2,,,,,
12172751,2,2,6,6,,,,,,,,,
12172752,2,2,7,6,,,,9,,,,,
12172756,0,0,2,4,,,,,,,,,
12172758,2,2,7,6,,,,,,,,,
12172759,0,0,3,4,,,,,,,,,
12172760,0,0,0,0,,,,,,,,,
12172761,1,1,4,7,,,,,,,,,
12172763,2,2,6,6,,,,,,,,,
12172764,0,0,4,4,,,,,,,,,
12172766,2,2,6,5,6,,,,,,,,
12172767,0,0,4,0,,,,,,,,,
12172768,0,0,3,4,,,,,,,,,
12172769,1,1,6,3,3,,,,,,,,
12172770,2,2,6,4,7,,,,,8,,,
12172771,0,0,3,,,,,,,,,,
12172772,1,1,3,6,2,,,,,,,,
12172773,0,0,0,1,,,,,,,,,
12172774,1,1,7,3,2,,,10,,,,,
12172775,2,2,6,6,,,,,,,,,
12172776,0,0,3,3,,,,,,,,,
12172777,2,2,6,6,,,,,,,,,
12172780,2,2,6,5,6,,,,,,,,
12172790,0,0,3,4,,,,,,,,,
12172792,2,2,6,6,,,,,,,,,
12172795,1,1,7,2,,,,7,,,,,
12172798,0,0,4,1,,,,,,,,,
12172802,0,0,3,2,,,,,,,,,
12172806,2,2,7,4,6,,,7,,,,,
12172807,2,2,3,7,7,,,,7,,,,
12172810,1,1,4,6,3,,,,,,,,
12172811,2,2,6,6,,,,,,,,,
12172814,2,2,7,3,6,,,8,,,,,
12172815,1,1,6,2,2,,,,,,,,
12172818,2,2,6,6,,,,,,,,,
12172820,0,0,6,0,,,,4,,,,,
12172823,0,0,4,1,,,,,,,,,
12172824,0,0,0,2,,,,,,,,,
12172830,2,2,6,7,,,,,,,,,
12172831,2,2,6,7,,,,,7,,,,
12172832,1,1,7,6,6,,,7,6,3,,,
12172833,2,2,6,6,,,,,,,,,
12172834,2,2,6,6,,,,,,,,,
12172835,0,0,3,1,,,,,,,,,
12172836,,,,,,,,,,,,,
12172837,,,,,,,,,,,,,
12172844,2,2,6,7,,,,,,,,,
12172845,2,2,6,6,,,,,,,,,
12172846,2,2,6,6,,,,,,,,,
12172847,2,2,6,6,,,,,,,,,
12172848,0,0,0,1,,,,,,,,,
12172849,0,0,4,4,,,,,,,,,
12172850,2,2,6,6,,,,,,,,,
12172851,2,2,6,6,,,,,,,,,
12172852,1,1,6,1,0,,,,,,,,
12172853,0,0,2,2,,,,,,,,,
12172889,2,2,6,2,7,,,,,7,,,
12172905,2,2,7,6,,,,7,,,,,
12172976,2,2,6,7,,,,,,,,,
12172977,2,2,6,6,,,,,,,,,
12172984,2,2,6,6,,,,,,,,,
12173290,0,0,4,4,,,,,,,,,
12173291,0,0,3,3,,,,,,,,,
12173292,2,2,7,6,,,,7,,,,,
12173293,2,2,6,7,,,,,,,,,
12173294,0,0,6,6,,,,3,3,,,,
12173295,2,2,5,7,6,,,,7,,,,
12173296,0,0,2,3,,,,,,,,,
12173297,0,0,2,3,,,,,,,,,
12173404,0,0,1,3,,,,,,,,,
12173757,2,2,7,6,,,,,,,,,
12173758,0,0,1,0,,,,,,,,,
12173759,2,2,4,7,6,,,,,,,,
12173760,0,0,6,2,,,,5,,,,,
12173761,,,,,,,,,,,,,
12173762,2,2,6,6,,,,,,,,,
12173764,2,2,5,7,6,,,,,,,,
12173964,2,2,6,5,6,,,,,,,,
12174060,0,0,5,0,,,,,,,,,
12174061,0,0,2,4,,,,,,,,,
12174062,2,2,6,3,7,,,,,,,,
12174063,0,0,2,,,,,,,,,,
12174064,2,2,7,3,6,,,,,,,,
12174065,2,2,6,6,,,,,,,,,
12174066,2,2,6,6,,,,,,,,,
12174067,2,2,6,6,,,,,,,,,
12174130,0,0,5,5,,,,,,,,,
12174135,2,2,6,6,,,,,,,,,
12174136,0,0,4,1,,,,,,,,,
12174137,1,1,1,6,3,,,,,,,,
12174138,2,2,6,6,,,,,,,,,
12174139,2,2,7,6,,,,7,,,,,
12174140,2,2,6,6,6,,,1,,,,,
12174141,1,1,6,5,5,,,,,,,,
12174142,2,2,6,6,,,,,,,,,
12174151,2,2,6,5,6,,,,,,,,
12174173,0,0,5,0,,,,,,,,,
12174180,0,0,4,2,,,,,,,,,
12174207,,,,,,,,,,,,,
12174222,2,2,6,6,,,,,,,,,
12174223,1,1,6,2,1,,,,,,,,
12174225,2,2,6,6,6,,,,8,,,,
12174226,1,1,4,6,5,,,,,,,,
12174227,2,2,6,6,,,,,,,,,
12174228,2,2,6,6,,,,,,,,,
12174229,1,1,1,6,0,,,,,,,,
12174230,0,0,0,1,,,,,,,,,
12174232,1,1,6,4,2,,,,,,,,
12174233,2,2,6,6,,,,,,,,,
12174234,0,0,1,3,,,,,,,,,
12174235,2,2,6,6,6,,,5,,,,,
12174265,0,0,1,1,,,,,,,,,
12174266,0,0,6,0,,,,5,,,,,
12174267,1,1,6,6,2,,,,3,,,,
12174268,0,0,5,2,,,,,,,,,
12174269,2,2,6,6,,,,,,,,,
12174270,2,2,6,6,,,,,,,,,
12174271,0,0,3,2,,,,,,,,,
12174272,0,0,4,2,,,,,,,,,
12174273,1,1,6,3,,,,,,,,,
12174274,2,2,6,6,,,,,,,,,
12174275,1,1,4,7,1,,,,7,,,,
12174276,0,0,6,3,,,,4,,,,,
12174277,1,1,6,3,2,,,,,,,,
12174278,0,0,1,1,,,,,,,,,
12174279,2,2,6,6,,,,,,,,,
12174281,0,0,2,4,,,,,,,,,
12174317,0,0,2,3,,,,,,,,,
12174318,0,0,4,5,,,,,,,,,
12174319,1,1,1,7,2,,,,7,,,,
12174320,0,0,0,0,,,,,,,,,
12174321,2,2,7,7,,,,9,,,,,
12174322,0,0,6,1,,,,1,,,,,
12174323,1,1,6,2,0,,,,,,,,
12174324,0,0,2,4,,,,,,,,,
12174325,1,1,4,7,2,,,,7,,,,
12174343,0,0,3,0,,,,,,,,,
12174345,2,2,6,6,,,,,,,,,
12174354,2,2,3,7,7,,,,,,,,
12174355,2,2,6,6,,,,,,,,,
12174356,1,1,6,0,3,,,,,,,,
12174357,2,2,2,6,7,,,,,7,,,
12174358,1,1,7,0,0,,,7,,,,,
12174359,2,2,6,6,,,,,,,,,
12174360,0,0,4,0,,,,,,,,,
12174361,2,2,6,6,,,,,,,,,
12174362,0,0,2,2,,,,,,,,,
12174363,2,2,3,6,6,,,,,,,,
12174364,0,0,3,1,,,,,,,,,
12174365,0,0,1,3,,,,,,,,,
12174366,0,0,3,2,,,,,,,,,
12174367,2,2,6,7,,,,,7,,,,
12174368,0,0,3,1,,,,,,,,,
12174369,2,2,4,6,6,,,,,,,,
12174382,1,1,6,4,2,,,,,,,,
12174383,,,,,,,,,,,,,
12174384,0,0,5,3,,,,,,,,,
12174385,0,0,0,3,,,,,,,,,
12174386,2,2,6,6,,,,,,,,,
12174387,2,2,3,7,6,,,,7,,,,
12174388,0,0,1,0,,,,,,,,,
12174390,0,0,2,2,,,,,,,,,
12174447,,,,,,,,,,,,,
12174449,1,1,6,6,3,,,3,,,,,
12174477,2,2,4,6,6,,,,,,,,
12174479,0,0,3,3,,,,,,,,,
12174480,0,0,0,2,,,,,,,,,
12174481,0,0,4,2,,,,,,,,,
12174482,2,2,7,6,,,,7,,,,,
12174483,0,0,3,1,,,,,,,,,
12174484,0,0,4,2,,,,,,,,,
12174485,1,1,6,3,2,,,,,,,,
12174486,0,0,3,3,,,,,,,,,
12174487,2,2,6,4,6,,,,,,,,
12174488,2,2,6,6,,,,,,,,,
12174489,2,2,6,6,,,,,,,,,
12174490,2,2,6,6,,,,,,,,,
12174491,2,2,7,7,,,,8,9,,,,
12174492,2,2,6,7,,,,,7,,,,
12174493,2,2,6,6,,,,,,,,,
12174494,0,0,3,6,,,,,3,,,,
12174506,0,0,4,3,,,,,,,,,
12174551,2,2,6,6,,,,,,,,,
12174568,0,0,6,4,,,,3,,,,,
12174578,0,0,2,2,,,,,,,,,
12174579,1,1,6,3,2,,,,,,,,
12174580,2,2,6,6,6,,,,2,,,,
12174581,1,1,6,3,1,,,,,,,,
12174582,0,0,1,4,,,,,,,,,
12174583,2,2,6,6,,,,,,,,,
12174620,0,0,5,1,,,,,,,,,
12174622,2,2,6,6,,,,,,,,,
12174628,2,2,6,6,,,,,,,,,
12174629,2,2,6,6,,,,,,,,,
12174630,2,2,6,6,,,,,,,,,
12174633,0,0,4,3,,,,,,,,,
12174634,0,0,3,3,,,,,,,,,
12174635,2,2,6,1,7,,,,,,,,
12174636,,,,,,,,,,,,,
12174637,2,2,6,6,,,,,,,,,
12174638,0,0,1,3,,,,,,,,,
12174639,2,2,6,6,,,,,,,,,
12174686,2,2,6,6,,,,,,,,,
12174687,1,1,2,6,2,,,,,,,,
12174690,2,2,6,6,,,,,,,,,
12174692,2,2,6,3,6,,,,,,,,
12174764,2,2,7,6,,,,,,,,,
12174765,2,2,6,6,,,,,,,,,
12174766,2,2,4,6,6,,,,,,,,
12174767,0,0,1,2,,,,,,,,,
12174768,0,0,3,1,,,,,,,,,
12174769,2,2,6,6,,,,,,,,,
12174770,2,2,7,6,6,,,,1,,,,
12174987,0,0,3,4,,,,,,,,,
12175021,2,2,6,6,,,,,,,,,
12175247,0,0,2,2,,,,,,,,,
12175248,0,0,2,3,,,,,,,,,
12175249,0,0,1,5,,,,,,,,,
12175250,2,2,6,6,,,,,,,,,
12175251,2,2,6,6,6,,,,3,,,,
12175252,2,2,7,6,,,,7,,,,,
12175275,0,0,1,4,,,,,,,,,
12175294,0,0,1,2,,,,,,,,,
12175295,2,2,3,6,7,,,,,,,,
12175296,0,0,3,4,,,,,,,,,
12175297,2,2,7,6,,,,,,,,,
12175298,0,0,3,4,,,,,,,,,
12175299,2,2,6,1,7,,,,,9,,,
12175300,1,1,7,1,,,,,,,,,
12175358,2,2,6,6,,,,,,,,,
12175771,0,0,6,2,,,,5,,,,,
12175772,0,0,2,4,,,,,,,,,
12175773,2,2,1,6,6,,,,,,,,
12175774,0,0,4,5,,,,,,,,,
12175775,2,2,6,6,,,,,,,,,
12175793,0,0,2,3,,,,,,,,,
12175818,2,2,6,6,,,,,,,,,
12175823,2,2,6,6,6,,,,4,,,,
12175824,0,0,6,4,,,,1,,,,,
12175862,0,0,6,,,,,5,,,,,
12175863,2,2,7,6,,,,7,,,,,
12175864,1,1,7,3,4,,,7,,,,,
12175882,2,2,7,7,,,,8,8,,,,
12175883,1,1,7,0,3,,,,,,,,
12175884,0,0,2,6,,,,,6,,,,
12175885,2,2,6,6,,,,,,,,,
12175909,1,1,6,0,3,,,,,,,,
12175951,2,2,6,7,,,,,,,,,
12175952,1,1,7,3,1,,,7,,,,,
12175953,2,2,7,3,7,,,,,7,,,
12175954,1,1,2,7,6,,,,7,5,,,
12175955,2,2,4,7,6,,,,7,,,,
12175956,0,0,4,6,,,,,4,,,,
12176004,1,1,3,7,3,,,,,,,,
12176005,1,1,6,2,0,,,,,,,,
12176053,0,0,6,4,,,,2,,,,,
12176057,2,2,6,7,,,,,,,,,
12176099,0,0,0,4,,,,,,,,,
12176120,2,2,6,6,,,,,,,,,
12176281,1,1,7,6,3,,,7,1,,,,
12176283,2,2,4,6,6,,,,,,,,
12176289,0,0,2,1,,,,,,,,,
12176291,0,0,0,3,,,,,,,,,
12176321,2,2,6,6,,,,,,,,,
12176344,2,2,6,6,,,,,,,,,
12176345,1,1,3,6,1,,,,,,,,
12176348,1,1,5,7,6,,,,,13,,,
12176351,1,1,2,6,0,,,,,,,,
12176352,2,2,6,6,,,,,,,,,
12176372,0,0,6,3,,,,1,,,,,
12176373,0,0,2,4,,,,,,,,,
12176374,0,0,2,1,,,,,,,,,
12176464,0,0,2,,,,,,,,,,
12176506,0,0,3,3,,,,,,,,,
12176541,2,2,6,6,,,,,,,,,
12176543,0,0,2,2,,,,,,,,,
12176551,2,2,6,6,,,,,,,,,
12176556,1,1,3,6,3,,,,,,,,
12176557,1,1,6,5,,,,,,,,,
12176601,0,0,1,1,,,,,,,,,
12176621,2,2,4,7,6,,,,8,,,,
12176622,0,0,6,1,,,,4,,,,,
12176638,2,2,6,6,,,,,,,,,
12176639,1,1,6,2,1,,,,,,,,
12176652,2,2,3,6,6,,,,,,,,
12176678,2,2,6,6,,,,,,,,,
12176679,1,1,6,5,5,,,,,,,,
12176680,2,2,6,6,,,,,,,,,
12176710,0,0,1,3,,,,,,,,,
12176730,1,1,2,6,4,,,,,,,,
12176731,0,0,4,5,,,,,,,,,
12176747,0,0,4,6,,,,,6,,,,
12176754,0,0,3,5,,,,,,,,,
12176758,0,0,3,3,,,,,,,,,
12176759,0,0,5,2,,,,,,,,,
12176762,2,2,6,6,,,,,,,,,
12176781,2,2,0,7,7,,,,,,,,
12176800,0,0,4,4,,,,,,,,,
12176801,0,0,5,2,,,,,,,,,
12176802,0,0,2,3,,,,,,,,,
12176815,2,2,6,6,,,,,,,,,
12176816,1,1,2,6,3,,,,,,,,
12176851,0,0,3,2,,,,,,,,,
12176852,0,0,5,1,,,,,,,,,
12176984,2,2,6,1,6,,,,,,,,
12176985,0,0,1,5,,,,,,,,,
12176987,2,2,6,7,,,,,,,,,
12176988,1,1,6,2,0,,,,,,,,
12176989,0,0,1,2,,,,,,,,,
12176990,2,2,6,7,,,,,9,,,,
12176991,2,2,6,7,,,,,7,,,,
12176992,0,0,3,3,,,,,,,,,
12176993,0,0,4,2,,,,,,,,,
12176994,2,2,6,6,,,,,,,,,
12176996,0,0,4,1,,,,,,,,,
12176997,0,0,2,3,,,,,,,,,
12176998,0,0,5,1,,,,,,,,,
12176999,1,1,2,6,3,,,,,,,,
12177000,0,0,4,1,,,,,,,,,
12177001,0,0,6,6,,,,2,4,,,,
12177002,1,1,6,5,1,,,,,,,,
12177003,2,2,6,6,,,,,,,,,
12177005,0,0,3,2,,,,,,,,,
12177006,1,1,6,5,3,,,,,,,,
12177007,2,2,6,6,,,,,,,,,
12177034,0,0,4,3,,,,,,,,,
12177036,0,0,2,1,,,,,,,,,
12177041,0,0,5,4,,,,,,,,,
12177042,2,2,6,6,,,,,,,,,
12177058,2,2,6,7,,,,,7,,,,
12177072,2,2,7,6,,,,7,,,,,
12177083,2,2,7,6,,,,,,,,,
12177084,2,2,6,2,6,,,,,,,,
12177151,2,2,7,7,,,,7,,,,,
12177153,2,2,6,6,,,,,,,,,
12177231,2,2,6,6,,,,,,,,,
12177250,2,2,6,6,,,,,,,,,
12177252,1,1,4,6,4,,,,,,,,
12177291,2,2,6,6,,,,,,,,,
12177292,0,0,4,5,,,,,,,,,
12177293,2,2,6,0,6,,,,,,,,
12177307,0,0,3,3,,,,,,,,,
12177381,0,0,3,2,,,,,,,,,
12177389,0,0,1,1,,,,,,,,,
12177390,2,2,7,6,,,,,,,,,
12177414,2,2,7,6,,,,,,,,,
12177415,2,2,6,6,,,,,,,,,
12177416,,,,,,,,,,,,,
12177419,2,2,5,6,6,,,,,,,,
12177544,2,2,6,4,6,,,,,,,,
12177546,1,1,1,7,1,,,,,,,,
12177548,2,2,6,4,6,,,,,,,,
12177566,2,2,6,2,6,,,,,,,,
12177601,2,2,6,6,,,,,,,,,
12177610,2,2,6,6,,,,,,,,,
12177611,2,2,7,6,,,,,,,,,
12177614,1,1,6,4,0,,,,,,,,
12177616,2,2,6,6,,,,,,,,,
12177623,2,2,6,6,,,,,,,,,
12177651,2,2,6,6,,,,,,,,,
12177689,2,2,6,6,,,,,,,,,
12177726,2,2,6,6,,,,,,,,,
12177777,0,0,2,4,,,,,,,,,
12177784,1,1,2,7,1,,,,7,,,,
12177837,1,1,6,6,6,,,,7,1,,,
12178782,2,2,6,6,,,,,,,,,
12179725,2,2,6,4,6,,,,,,,,
12179787,2,2,6,6,,,,,,,,,
12179788,2,2,7,6,,,,8,,,,,
12156090,2,2,6,6,,,,,,,,,
12156091,2,2,7,6,,,,,,,,,
12156092,2,2,6,6,,,,,,,,,
12156093,2,2,6,6,6,,,,4,,,,
12156096,2,2,6,6,,,,,,,,,
12156098,0,0,3,4,,,,,,,,,
12156107,0,0,1,3,,,,,,,,,
12156108,2,2,7,6,,,,,,,,,
12156216,2,2,6,3,6,,,,,,,,
12156217,0,0,1,5,,,,,,,,,
12156219,,,,,,,,,,,,,
12156220,1,1,2,6,4,,,,,,,,
12156221,0,0,2,2,,,,,,,,,
12156226,0,0,4,4,,,,,,,,,
12156227,2,2,6,6,,,,,,,,,
12156232,2,2,6,6,,,,,,,,,
12156233,0,0,6,2,,,,6,,,,,
12156234,1,1,6,2,3,,,,,,,,
12156235,2,2,7,6,,,,7,,,,,
12156236,2,2,6,6,,,,,,,,,
12156239,2,2,6,4,6,,,,,,,,
12156241,1,1,6,3,4,,,,,,,,
12156246,1,1,2,6,5,,,,,,,,
12156248,2,2,6,6,,,,,,,,,
12156252,0,0,6,3,,,,5,,,,,
12156253,1,1,5,6,3,,,,,,,,
12156255,0,0,2,5,,,,,,,,,
12156256,0,0,3,5,,,,,,,,,
12156257,1,1,2,6,6,,,,,6,,,
12156262,1,1,6,3,6,,,,,4,,,
12156263,2,2,4,6,6,,,,,,,,
12156268,2,2,6,6,,,,,,,,,
12156271,2,2,3,6,6,,,,,,,,
12156276,2,2,2,6,6,,,,,,,,
12156277,2,2,6,1,6,,,,,,,,
12156279,1,1,4,6,1,,,,,,,,
12156281,2,2,6,6,,,,,,,,,
12156282,2,2,0,7,6,,,,7,,,,
12156316,0,0,6,0,,,,5,,,,,
12156320,2,2,3,6,6,,,,,,,,
12156321,2,2,6,4,6,,,,,,,,
12156322,1,1,6,3,0,,,,,,,,
12156323,2,2,7,3,6,,,,,,,,
12156324,0,0,2,2,,,,,,,,,
12156325,2,2,3,7,6,,,,,,,,
12156327,2,2,6,6,,,,,,,,,
12156329,2,2,6,6,,,,,,,,,
12156330,0,0,2,2,,,,,,,,,
12156331,2,2,7,6,,,,7,,,,,
12156334,2,2,6,6,,,,,,,,,
12156337,2,2,7,7,,,,,,,,,
12156339,1,1,7,5,4,,,,,,,,
12169395,2,2,6,6,,,,,,,,,
12169396,1,1,6,4,2,,,,,,,,
12169397,1,1,4,6,2,,,,,,,,
12169398,2,2,6,6,,,,,,,,,
12169399,2,2,6,6,,,,,,,,,
12169400,2,2,6,6,,,,,,,,,
12169401,0,0,2,3,,,,,,,,,
12169402,1,1,0,6,1,,,,,,,,
12171739,2,2,7,6,,,,7,,,,,
12171740,2,2,7,6,,,,7,,,,,
12171742,1,1,3,6,5,,,,,,,,
12171743,2,2,6,4,6,,,,,,,,
12171744,2,2,6,7,7,,,4,7,,,,
12171745,2,2,1,6,6,,,,,,,,
12171746,0,0,3,4,,,,,,,,,
12171747,2,2,7,6,,,,7,,,,,
12171748,0,0,2,2,,,,,,,,,
12171749,2,2,6,7,,,,,,,,,
12171750,2,2,7,4,7,,,7,,7,,,
12171751,0,0,3,2,,,,,,,,,
12171752,,,,,,,,,,,,,
12171753,2,2,7,7,,,,,7,,,,
12171754,2,2,4,6,6,,,,,,,,
12171755,2,2,6,6,,,,,,,,,
12171756,0,0,4,2,,,,,,,,,
12171757,1,1,6,3,4,,,,,,,,
12171758,2,2,6,6,,,,,,,,,
12171759,2,2,6,6,6,,,,3,,,,
12171760,0,0,6,6,,,,2,3,,,,
12171920,2,2,6,6,,,,,,,,,
12171924,2,2,1,6,6,,,,,,,,
12171925,0,0,1,2,,,,,,,,,
12171927,1,1,7,5,1,,,8,,,,,
12171928,0,0,2,2,,,,,,,,,
12171930,2,2,3,6,7,,,,,,,,
12171931,2,2,6,1,6,,,,,,,,
12171933,2,2,6,7,,,,,7,,,,
12171934,1,1,6,4,,,,,,,,,
12171941,1,1,6,2,3,,,,,,,,
12171944,2,2,6,6,,,,,,,,,
12171945,2,2,6,3,6,,,,,,,,
12171946,1,1,6,2,6,,,,,6,,,
12171948,2,2,6,6,,,,,,,,,
12171949,,,,,,,,,,,,,
12171950,0,0,1,2,,,,,,,,,
12171953,1,1,6,4,4,,,,,,,,
12171955,2,2,3,6,6,,,,,,,,
12171962,2,2,6,4,6,,,,,,,,
12171963,0,0,3,0,,,,,,,,,
12171964,2,2,6,6,,,,,,,,,
12171966,1,1,6,4,,,,,,,,,
12171967,2,2,3,6,6,,,,,,,,
12171982,2,2,1,7,6,,,,,,,,
12171986,0,0,6,6,,,,0,3,,,,
12171988,1,1,6,2,1,,,,,,,,
12171991,1,1,6,3,4,,,,,,,,
12171992,2,2,6,6,,,,,,,,,
12171993,2,2,7,6,,,,7,,,,,
12171994,2,2,6,4,6,,,,,,,,
12171999,2,2,5,6,6,,,,,,,,
12172005,0,0,2,5,,,,,,,,,
12172009,2,2,6,6,,,,,,,,,
12172010,2,2,6,6,,,,,,,,,
12172403,2,2,6,6,,,,,,,,,
12172404,1,1,2,6,3,,,,,,,,
12172405,0,0,3,0,,,,,,,,,
12172406,2,2,6,6,,,,,,,,,
12172407,0,0,4,2,,,,,,,,,
12172408,0,0,2,4,,,,,,,,,
12172409,0,0,4,1,,,,,,,,,
12172411,2,2,3,6,6,,,,,,,,
12172586,0,0,6,5,,,,9,,,,,
12172587,0,0,4,3,,,,,,,,,
12172588,2,2,6,7,,,,,7,,,,
12172589,1,1,6,2,4,,,,,,,,
12172759,0,0,3,4,,,,,,,,,
12172761,1,1,4,7,,,,,,,,,
12172763,2,2,6,6,,,,,,,,,
12172766,2,2,6,5,6,,,,,,,,
12172768,0,0,3,4,,,,,,,,,
12172769,1,1,6,3,3,,,,,,,,
12172776,0,0,3,3,,,,,,,,,
12172777,2,2,6,6,,,,,,,,,
12172780,2,2,6,5,6,,,,,,,,
12172790,0,0,3,4,,,,,,,,,
12172795,1,1,7,2,,,,7,,,,,
12172798,0,0,4,1,,,,,,,,,
12172806,2,2,7,4,6,,,7,,,,,
12172807,2,2,3,7,7,,,,7,,,,
12172810,1,1,4,6,3,,,,,,,,
12172818,2,2,6,6,,,,,,,,,
12172820,0,0,6,0,,,,4,,,,,
12172837,,,,,,,,,,,,,
12172844,2,2,6,7,,,,,,,,,
12172845,2,2,6,6,,,,,,,,,
12172846,2,2,6,6,,,,,,,,,
12172889,2,2,6,2,7,,,,,7,,,
12172905,2,2,7,6,,,,7,,,,,
12172977,2,2,6,6,,,,,,,,,
12172984,2,2,6,6,,,,,,,,,
12173964,2,2,6,5,6,,,,,,,,
12174130,0,0,5,5,,,,,,,,,
12174137,1,1,1,6,3,,,,,,,,
12174138,2,2,6,6,,,,,,,,,
12174139,2,2,7,6,,,,7,,,,,
12174142,2,2,6,6,,,,,,,,,
12174151,2,2,6,5,6,,,,,,,,
12174173,0,0,5,0,,,,,,,,,
12174180,0,0,4,2,,,,,,,,,
12174207,,,,,,,,,,,,,
12174229,1,1,1,6,0,,,,,,,,
12174230,0,0,0,1,,,,,,,,,
12174232,1,1,6,4,2,,,,,,,,
12174233,2,2,6,6,,,,,,,,,
12174234,0,0,1,3,,,,,,,,,
12174235,2,2,6,6,6,,,5,,,,,
12174265,0,0,1,1,,,,,,,,,
12174266,0,0,6,0,,,,5,,,,,
12174270,2,2,6,6,,,,,,,,,
12174273,1,1,6,3,,,,,,,,,
12174274,2,2,6,6,,,,,,,,,
12174276,0,0,6,3,,,,4,,,,,
12174279,2,2,6,6,,,,,,,,,
12174318,0,0,4,5,,,,,,,,,
12174319,1,1,1,7,2,,,,7,,,,
12174322,0,0,6,1,,,,1,,,,,
12174323,1,1,6,2,0,,,,,,,,
12174325,1,1,4,7,2,,,,7,,,,
12174343,0,0,3,0,,,,,,,,,
12174345,2,2,6,6,,,,,,,,,
12174354,2,2,3,7,7,,,,,,,,
12174355,2,2,6,6,,,,,,,,,
12174356,1,1,6,0,3,,,,,,,,
12174360,0,0,4,0,,,,,,,,,
12174362,0,0,2,2,,,,,,,,,
12174363,2,2,3,6,6,,,,,,,,
12174366,0,0,3,2,,,,,,,,,
12174369,2,2,4,6,6,,,,,,,,
12174386,2,2,6,6,,,,,,,,,
12174387,2,2,3,7,6,,,,7,,,,
12174388,0,0,1,0,,,,,,,,,
12174390,0,0,2,2,,,,,,,,,
12174447,,,,,,,,,,,,,
12174449,1,1,6,6,3,,,3,,,,,
12174477,2,2,4,6,6,,,,,,,,
12174479,0,0,3,3,,,,,,,,,
12174485,1,1,6,3,2,,,,,,,,
12174487,2,2,6,4,6,,,,,,,,
12174491,2,2,7,7,,,,8,9,,,,
12174494,0,0,3,6,,,,,3,,,,
12174551,2,2,6,6,,,,,,,,,
12174568,0,0,6,4,,,,3,,,,,
12174578,0,0,2,2,,,,,,,,,
12174579,1,1,6,3,2,,,,,,,,
12174580,2,2,6,6,6,,,,2,,,,
12174581,1,1,6,3,1,,,,,,,,
12174582,0,0,1,4,,,,,,,,,
12174583,2,2,6,6,,,,,,,,,
12174618,0,0,6,4,,,,5,,,,,
12174620,0,0,5,1,,,,,,,,,
12174622,2,2,6,6,,,,,,,,,
12174628,2,2,6,6,,,,,,,,,
12174629,2,2,6,6,,,,,,,,,
12174630,2,2,6,6,,,,,,,,,
12174633,0,0,4,3,,,,,,,,,
12174634,0,0,3,3,,,,,,,,,
12174635,2,2,6,1,7,,,,,,,,
12174638,0,0,1,3,,,,,,,,,
12174685,1,1,6,3,3,,,,,,,,
12174686,2,2,6,6,,,,,,,,,
12174687,1,1,2,6,2,,,,,,,,
12174688,0,0,4,2,,,,,,,,,
12174689,2,2,3,6,6,,,,,,,,
12174690,2,2,6,6,,,,,,,,,
12174692,2,2,6,3,6,,,,,,,,
12174786,2,2,6,6,,,,,,,,,
12174796,2,2,5,6,6,,,,,,,,
12174987,0,0,3,4,,,,,,,,,
12175021,2,2,6,6,,,,,,,,,
12175248,0,0,2,3,,,,,,,,,
12175249,0,0,1,5,,,,,,,,,
12175250,2,2,6,6,,,,,,,,,
12175251,2,2,6,6,6,,,,3,,,,
12175252,2,2,7,6,,,,7,,,,,
12175275,0,0,1,4,,,,,,,,,
12175294,0,0,1,2,,,,,,,,,
12175295,2,2,3,6,7,,,,,,,,
12175296,0,0,3,4,,,,,,,,,
12175297,2,2,7,6,,,,,,,,,
12175298,0,0,3,4,,,,,,,,,
12175299,2,2,6,1,7,,,,,9,,,
12175300,1,1,7,1,,,,,,,,,
12175345,0,0,2,1,,,,,,,,,
12175355,0,0,1,2,,,,,,,,,
12175358,2,2,6,6,,,,,,,,,
12175763,0,0,5,3,,,,,,,,,
12175769,,,3,7,0,,,,,,,,
12175770,2,2,6,6,,,,,,,,,
12175771,0,0,6,2,,,,5,,,,,
12175772,0,0,2,4,,,,,,,,,
12175773,2,2,1,6,6,,,,,,,,
12175774,0,0,4,5,,,,,,,,,
12175775,2,2,6,6,,,,,,,,,
12175776,0,0,5,6,,,,,3,,,,
12175777,0,0,2,5,,,,,,,,,
12175778,1,1,4,6,3,,,,,,,,
12175779,2,2,6,7,,,,,7,,,,
12175780,2,2,6,6,,,,,,,,,
12175781,0,0,2,4,,,,,,,,,
12175782,0,0,5,4,,,,,,,,,
12175793,0,0,2,3,,,,,,,,,
12175818,2,2,6,6,,,,,,,,,
12175823,2,2,6,6,6,,,,4,,,,
12175824,0,0,6,4,,,,1,,,,,
12175862,0,0,6,,,,,5,,,,,
12175863,2,2,7,6,,,,7,,,,,
12175864,1,1,7,3,4,,,7,,,,,
12175882,2,2,7,7,,,,8,8,,,,
12175883,1,1,7,0,3,,,,,,,,
12175884,0,0,2,6,,,,,6,,,,
12175885,2,2,6,6,,,,,,,,,
12175895,2,2,7,6,,,,,,,,,
12175909,1,1,6,0,3,,,,,,,,
12175951,2,2,6,7,,,,,,,,,
12175952,1,1,7,3,1,,,7,,,,,
12175953,2,2,7,3,7,,,,,7,,,
12175954,1,1,2,7,6,,,,7,5,,,
12175955,2,2,4,7,6,,,,7,,,,
12175956,0,0,4,6,,,,,4,,,,
12176004,1,1,3,7,3,,,,,,,,
12176005,1,1,6,2,0,,,,,,,,
12176053,0,0,6,4,,,,2,,,,,
12176057,2,2,6,7,,,,,,,,,
12176099,0,0,0,4,,,,,,,,,
12176120,2,2,6,6,,,,,,,,,
12176281,1,1,7,6,3,,,7,1,,,,
12176283,2,2,4,6,6,,,,,,,,
12176289,0,0,2,1,,,,,,,,,
12176291,0,0,0,3,,,,,,,,,
12176321,2,2,6,6,,,,,,,,,
12176344,2,2,6,6,,,,,,,,,
12176345,1,1,3,6,1,,,,,,,,
12176348,1,1,5,7,6,,,,,13,,,
12176351,1,1,2,6,0,,,,,,,,
12176352,2,2,6,6,,,,,,,,,
12176372,0,0,6,3,,,,1,,,,,
12176373,0,0,2,4,,,,,,,,,
12176374,0,0,2,1,,,,,,,,,
12176464,0,0,2,,,,,,,,,,
12176506,0,0,3,3,,,,,,,,,
12176541,2,2,6,6,,,,,,,,,
12176551,2,2,6,6,,,,,,,,,
12176557,1,1,6,5,,,,,,,,,
12176601,0,0,1,1,,,,,,,,,
12176621,2,2,4,7,6,,,,8,,,,
12176622,0,0,6,1,,,,4,,,,,
12176638,2,2,6,6,,,,,,,,,
12176639,1,1,6,2,1,,,,,,,,
12176652,2,2,3,6,6,,,,,,,,
12176678,2,2,6,6,,,,,,,,,
12176679,1,1,6,5,5,,,,,,,,
12176680,2,2,6,6,,,,,,,,,
12176710,0,0,1,3,,,,,,,,,
12176730,1,1,2,6,4,,,,,,,,
12176731,0,0,4,5,,,,,,,,,
12176747,0,0,4,6,,,,,6,,,,
12176754,0,0,3,5,,,,,,,,,
12176758,0,0,3,3,,,,,,,,,
12176759,0,0,5,2,,,,,,,,,
12176762,2,2,6,6,,,,,,,,,
12176781,2,2,0,7,7,,,,,,,,
12176800,0,0,4,4,,,,,,,,,
12176801,0,0,5,2,,,,,,,,,
12176802,0,0,2,3,,,,,,,,,
12176815,2,2,6,6,,,,,,,,,
12176816,1,1,2,6,3,,,,,,,,
12176851,0,0,3,2,,,,,,,,,
12176852,0,0,5,1,,,,,,,,,
12176984,2,2,6,1,6,,,,,,,,
12176985,0,0,1,5,,,,,,,,,
12176986,0,0,5,4,,,,,,,,,
12176987,2,2,6,7,,,,,,,,,
12176988,1,1,6,2,0,,,,,,,,
12176989,0,0,1,2,,,,,,,,,
12176990,2,2,6,7,,,,,9,,,,
12176991,2,2,6,7,,,,,7,,,,
12176992,0,0,3,3,,,,,,,,,
12176993,0,0,4,2,,,,,,,,,
12176994,2,2,6,6,,,,,,,,,
12176995,2,2,7,6,,,,,,,,,
12176996,0,0,4,1,,,,,,,,,
12176997,0,0,2,3,,,,,,,,,
12176998,0,0,5,1,,,,,,,,,
12176999,1,1,2,6,3,,,,,,,,
12177000,0,0,4,1,,,,,,,,,
12177001,0,0,6,6,,,,2,4,,,,
12177002,1,1,6,5,1,,,,,,,,
12177003,2,2,6,6,,,,,,,,,
12177005,0,0,3,2,,,,,,,,,
12177006,1,1,6,5,3,,,,,,,,
12177007,2,2,6,6,,,,,,,,,
12177034,0,0,4,3,,,,,,,,,
12177036,0,0,2,1,,,,,,,,,
12177041,0,0,5,4,,,,,,,,,
12177042,2,2,6,6,,,,,,,,,
12177058,2,2,6,7,,,,,7,,,,
12177072,2,2,7,6,,,,7,,,,,
12177083,2,2,7,6,,,,,,,,,
12177084,2,2,6,2,6,,,,,,,,
12177151,2,2,7,7,,,,7,,,,,
12177153,2,2,6,6,,,,,,,,,
12177231,2,2,6,6,,,,,,,,,
12177250,2,2,6,6,,,,,,,,,
12177251,2,2,6,6,,,,,,,,,
12177252,1,1,4,6,4,,,,,,,,
12177291,2,2,6,6,,,,,,,,,
12177292,0,0,4,5,,,,,,,,,
12177293,2,2,6,0,6,,,,,,,,
12177307,0,0,3,3,,,,,,,,,
12177381,0,0,3,2,,,,,,,,,
12177389,0,0,1,1,,,,,,,,,
12177390,2,2,7,6,,,,,,,,,
12177412,0,0,3,3,,,,,,,,,
12177414,2,2,7,6,,,,,,,,,
12177415,2,2,6,6,,,,,,,,,
12177416,,,,,,,,,,,,,
12177419,2,2,5,6,6,,,,,,,,
12177544,2,2,6,4,6,,,,,,,,
12177546,1,1,1,7,1,,,,,,,,
12177547,0,0,3,3,,,,,,,,,
12177548,2,2,6,4,6,,,,,,,,
12177566,2,2,6,2,6,,,,,,,,
12177601,2,2,6,6,,,,,,,,,
12177610,2,2,6,6,,,,,,,,,
12177611,2,2,7,6,,,,,,,,,
12177614,1,1,6,4,0,,,,,,,,
12177616,2,2,6,6,,,,,,,,,
12177617,1,1,3,6,2,,,,,,,,
12177623,2,2,6,6,,,,,,,,,
12177651,2,2,6,6,,,,,,,,,
12177677,1,1,6,3,6,,,,,1,,,
12177678,2,2,6,6,,,,,,,,,
12177689,2,2,6,6,,,,,,,,,
12177691,2,2,7,7,,,,7,7,,,,
12177726,2,2,6,6,,,,,,,,,
12177777,0,0,2,4,,,,,,,,,
12177780,2,2,6,6,,,,,,,,,
12177781,2,2,6,1,6,,,,,,,,
12177784,1,1,2,7,1,,,,7,,,,
12177790,0,0,1,4,,,,,,,,,
12177825,0,0,1,3,,,,,,,,,
12177837,1,1,6,6,6,,,,7,1,,,
12177855,0,0,6,1,,,,3,,,,,
12177861,2,2,1,7,7,,,,7,12,,,
12177881,2,2,6,6,,,,,,,,,
12177905,2,2,6,6,,,,,,,,,
12177927,2,2,6,6,,,,,,,,,
12177971,2,2,6,4,6,,,,,,,,
12178012,0,0,2,3,,,,,,,,,
12178046,2,2,6,6,,,,,,,,,
12178047,0,0,3,5,,,,,,,,,
12178450,0,0,3,3,,,,,,,,,
12178458,2,2,6,6,,,,,,,,,
12178477,2,2,6,6,,,,,,,,,
12178496,2,2,4,6,6,,,,,,,,
12178500,2,2,6,3,6,,,,,,,,
12178501,2,2,6,6,,,,,,,,,
12178505,2,2,7,7,,,,7,,,,,
12178514,0,0,1,4,,,,,,,,,
12178515,0,0,3,3,,,,,,,,,
12178519,2,2,6,7,,,,,,,,,
12178520,2,2,7,6,,,,7,,,,,
12178521,0,0,4,0,,,,,,,,,
12178528,2,2,6,1,6,,,,,,,,
12178535,2,2,6,6,,,,,,,,,
12178536,2,2,3,6,6,,,,,,,,
12178573,2,2,7,6,,,,7,,,,,
12178576,2,2,6,6,7,,,,7,7,,,
12178587,1,1,6,3,0,,,,,,,,
12178671,2,2,4,6,6,,,,,,,,
12178682,0,0,6,3,,,,4,,,,,
12178732,2,2,5,6,6,,,,,,,,
12178782,2,2,6,6,,,,,,,,,
12178830,2,2,6,6,,,,,,,,,
12179725,2,2,6,4,6,,,,,,,,
12179726,0,0,6,4,,,,4,,,,,
12179755,0,0,2,3,,,,,,,,,
12179787,2,2,6,6,,,,,,,,,
12179788,2,2,7,6,,,,8,,,,,
12179803,0,0,2,4,,,,,,,,,
12179832,2,2,4,6,6,,,,,,,,
12179833,2,2,6,6,,,,,,,,,
12180306,2,2,4,6,6,,,,,,,,
12180307,2,2,6,6,,,,,,,,,
12180433,2,2,6,6,,,,,,,,,
12180434,1,1,6,3,1,,,,,,,,
12180436,1,1,4,7,3,,,,,,,,
12180437,0,0,5,2,,,,,,,,,
12180438,2,2,7,6,,,,7,,,,,
12180464,0,0,1,4,,,,,,,,,
12180465,0,0,4,3,,,,,,,,,
12180472,2,2,6,6,,,,,,,,,
12180478,2,2,6,6,,,,,,,,,
12180499,0,0,0,3,,,,,,,,,
12180500,1,1,7,2,2,,,8,,,,,
12180516,2,2,6,4,7,,,,,7,,,
12180518,0,0,0,,,,,,,,,,
12180530,2,2,6,6,,,,,,,,,
12180540,2,2,6,6,,,,,,,,,
12180546,2,2,6,6,,,,,,,,,
12180549,2,2,6,4,6,,,,,,,,
12180552,2,2,6,6,,,,,,,,,
12180559,2,2,6,6,,,,,,,,,
12180564,1,1,6,2,2,,,,,,,,
12180583,2,2,7,6,,,,7,,,,,
12180584,0,0,2,1,,,,,,,,,
12180585,2,2,6,6,,,,,,,,,
12180590,0,0,5,1,,,,,,,,,
12180595,2,2,6,6,6,,,5,,,,,
12180603,0,0,0,1,,,,,,,,,
12180604,2,2,6,6,,,,,,,,,
12180611,0,0,0,1,,,,,,,,,
12180630,2,2,7,6,,,,7,,,,,
12180659,0,0,3,4,,,,,,,,,
12180680,0,0,0,6,,,,,4,,,,
12180704,1,1,6,1,2,,,,,,,,
12180705,0,0,3,2,,,,,,,,,
12180710,0,0,6,2,,,,4,,,,,
12180745,2,2,6,6,,,,,,,,,
12180746,2,2,1,7,7,,,,9,8,,,
12180755,2,2,7,2,6,,,,,,,,
12180774,0,0,2,4,,,,,,,,,
12180777,0,0,4,3,,,,,,,,,
12180779,0,0,2,6,,,,,4,,,,
12180798,2,2,6,6,,,,,,,,,
12180882,0,0,5,,,,,,,,,,
12180883,2,2,6,6,,,,,,,,,
12180898,2,2,7,6,,,,8,,,,,
12180919,0,0,4,1,,,,,,,,,
12180940,0,0,2,1,,,,,,,,,
12180968,0,0,5,6,,,,,5,,,,
12180969,0,0,5,1,,,,,,,,,
12181017,1,1,7,2,2,,,7,,,,,
12181054,,,7,1,,,,,,,,,
12181069,0,0,1,0,,,,,,,,,
12181080,2,2,4,7,6,,,,,,,,
12181098,2,2,7,2,6,,,,,,,,
12181099,0,0,3,4,,,,,,,,,
12181100,1,1,6,6,6,,,0,,2,,,
12181228,0,0,2,2,,,,,,,,,
12181229,2,2,6,6,,,,,,,,,
12181238,0,0,3,0,,,,,,,,,
12181242,1,1,2,6,0,,,,,,,,
12181389,2,2,6,6,,,,,,,,,
12181631,2,2,6,6,,,,,,,,,
12181761,2,2,2,6,7,,,,,7,,,
12183897,1,1,4,6,5,,,,,,,,
12156090,2,2,6,6,,,,,,,,,
12156091,2,2,7,6,,,,,,,,,
12156092,2,2,6,6,,,,,,,,,
12156094,2,2,3,7,6,,,,7,,,,
12156105,0,0,3,5,,,,,,,,,
12156106,2,2,4,6,6,,,,,,,,
12156107,0,0,1,3,,,,,,,,,
12156109,2,2,6,7,,,,,7,,,,
12156226,0,0,4,4,,,,,,,,,
12156229,2,2,3,6,6,,,,,,,,
12156231,2,2,6,6,,,,,,,,,
12156233,0,0,6,2,,,,6,,,,,
12156234,1,1,6,2,3,,,,,,,,
12156236,2,2,6,6,,,,,,,,,
12156240,,,,,,,,,,,,,
12156241,1,1,6,3,4,,,,,,,,
12156246,1,1,2,6,5,,,,,,,,
12156248,2,2,6,6,,,,,,,,,
12156249,1,1,5,6,1,,,,,,,,
12156252,0,0,6,3,,,,5,,,,,
12156257,1,1,2,6,6,,,,,6,,,
12156259,0,0,3,0,,,,,,,,,
12156262,1,1,6,3,6,,,,,4,,,
12156263,2,2,4,6,6,,,,,,,,
12156265,0,0,2,,,,,,,,,,
12156269,,,,,,,,,,,,,
12156271,2,2,3,6,6,,,,,,,,
12156277,2,2,6,1,6,,,,,,,,
12156279,1,1,4,6,1,,,,,,,,
12156308,0,0,1,2,,,,,,,,,
12156310,2,2,6,6,,,,,,,,,
12156315,2,2,6,6,,,,,,,,,
12156316,0,0,6,0,,,,5,,,,,
12156317,0,0,2,1,,,,,,,,,
12156320,2,2,3,6,6,,,,,,,,
12156321,2,2,6,4,6,,,,,,,,
12156322,1,1,6,3,0,,,,,,,,
12156323,2,2,7,3,6,,,,,,,,
12156324,0,0,2,2,,,,,,,,,
12156325,2,2,3,7,6,,,,,,,,
12156327,2,2,6,6,,,,,,,,,
12156329,2,2,6,6,,,,,,,,,
12156330,0,0,2,2,,,,,,,,,
12156331,2,2,7,6,,,,7,,,,,
12156334,2,2,6,6,,,,,,,,,
12156336,2,2,6,6,,,,,,,,,
12156337,2,2,7,7,,,,,,,,,
12156339,1,1,7,5,4,,,,,,,,
12159560,0,0,4,3,,,,,,,,,
12159561,2,2,6,6,,,,,,,,,
12171739,2,2,7,6,,,,7,,,,,
12171740,2,2,7,6,,,,7,,,,,
12171742,1,1,3,6,5,,,,,,,,
12171743,2,2,6,4,6,,,,,,,,
12171744,2,2,6,7,7,,,4,7,,,,
12171745,2,2,1,6,6,,,,,,,,
12171746,0,0,3,4,,,,,,,,,
12171747,2,2,7,6,,,,7,,,,,
12171748,0,0,2,2,,,,,,,,,
12171962,2,2,6,4,6,,,,,,,,
12171963,0,0,3,0,,,,,,,,,
12171964,2,2,6,6,,,,,,,,,
12171965,,,,,,,,,,,,,
12171966,1,1,6,4,,,,,,,,,
12171967,2,2,3,6,6,,,,,,,,
12171995,,,,,,,,,,,,,
12172738,,,,,,,,,,,,,
12172739,,,,,,,,,,,,,
12172748,,,,,,,,,,,,,
12172762,,,,,,,,,,,,,
12172765,,,,,,,,,,,,,
12172769,1,1,6,3,3,,,,,,,,
12172782,,,,,,,,,,,,,
12172785,,,,,,,,,,,,,
12173409,,,,,,,,,,,,,
12174029,,,,,,,,,,,,,
12174075,,,,,,,,,,,,,
12174193,,,,,,,,,,,,,
12174343,0,0,3,0,,,,,,,,,
12174449,1,1,6,6,3,,,3,,,,,
12174618,0,0,6,4,,,,5,,,,,
12174685,1,1,6,3,3,,,,,,,,
12174686,2,2,6,6,,,,,,,,,
12174687,1,1,2,6,2,,,,,,,,
12174688,0,0,4,2,,,,,,,,,
12174689,2,2,3,6,6,,,,,,,,
12174690,2,2,6,6,,,,,,,,,
12174692,2,2,6,3,6,,,,,,,,
12174786,2,2,6,6,,,,,,,,,
12174796,2,2,5,6,6,,,,,,,,
12175021,2,2,6,6,,,,,,,,,
12175275,0,0,1,4,,,,,,,,,
12175345,0,0,2,1,,,,,,,,,
12175355,0,0,1,2,,,,,,,,,
12175763,0,0,5,3,,,,,,,,,
12175769,,,3,7,0,,,,,,,,
12175770,2,2,6,6,,,,,,,,,
12175776,0,0,5,6,,,,,3,,,,
12175777,0,0,2,5,,,,,,,,,
12175778,1,1,4,6,3,,,,,,,,
12175779,2,2,6,7,,,,,7,,,,
12175780,2,2,6,6,,,,,,,,,
12175781,0,0,2,4,,,,,,,,,
12175782,0,0,5,4,,,,,,,,,
12175895,2,2,7,6,,,,,,,,,
12176758,0,0,3,3,,,,,,,,,
12176986,0,0,5,4,,,,,,,,,
12176995,2,2,7,6,,,,,,,,,
12176996,0,0,4,1,,,,,,,,,
12176997,0,0,2,3,,,,,,,,,
12176999,1,1,2,6,3,,,,,,,,
12177005,0,0,3,2,,,,,,,,,
12177034,0,0,4,3,,,,,,,,,
12177042,2,2,6,6,,,,,,,,,
12177058,2,2,6,7,,,,,7,,,,
12177250,2,2,6,6,,,,,,,,,
12177251,2,2,6,6,,,,,,,,,
12177252,1,1,4,6,4,,,,,,,,
12177292,0,0,4,5,,,,,,,,,
12177381,0,0,3,2,,,,,,,,,
12177390,2,2,7,6,,,,,,,,,
12177412,0,0,3,3,,,,,,,,,
12177547,0,0,3,3,,,,,,,,,
12177548,2,2,6,4,6,,,,,,,,
12177617,1,1,3,6,2,,,,,,,,
12177677,1,1,6,3,6,,,,,1,,,
12177678,2,2,6,6,,,,,,,,,
12177691,2,2,7,7,,,,7,7,,,,
12177726,2,2,6,6,,,,,,,,,
12177777,0,0,2,4,,,,,,,,,
12177780,2,2,6,6,,,,,,,,,
12177781,2,2,6,1,6,,,,,,,,
12177784,1,1,2,7,1,,,,7,,,,
12177790,0,0,1,4,,,,,,,,,
12177825,0,0,1,3,,,,,,,,,
12177837,1,1,6,6,6,,,,7,1,,,
12177855,0,0,6,1,,,,3,,,,,
12177861,2,2,1,7,7,,,,7,12,,,
12177881,2,2,6,6,,,,,,,,,
12177905,2,2,6,6,,,,,,,,,
12177927,2,2,6,6,,,,,,,,,
12177971,2,2,6,4,6,,,,,,,,
12178012,0,0,2,3,,,,,,,,,
12178046,2,2,6,6,,,,,,,,,
12178047,0,0,3,5,,,,,,,,,
12178450,0,0,3,3,,,,,,,,,
12178458,2,2,6,6,,,,,,,,,
12178477,2,2,6,6,,,,,,,,,
12178496,2,2,4,6,6,,,,,,,,
12178500,2,2,6,3,6,,,,,,,,
12178501,2,2,6,6,,,,,,,,,
12178505,2,2,7,7,,,,7,,,,,
12178514,0,0,1,4,,,,,,,,,
12178515,0,0,3,3,,,,,,,,,
12178519,2,2,6,7,,,,,,,,,
12178520,2,2,7,6,,,,7,,,,,
12178521,0,0,4,0,,,,,,,,,
12178528,2,2,6,1,6,,,,,,,,
12178535,2,2,6,6,,,,,,,,,
12178536,2,2,3,6,6,,,,,,,,
12178573,2,2,7,6,,,,7,,,,,
12178576,2,2,6,6,7,,,,7,7,,,
12178587,1,1,6,3,0,,,,,,,,
12178671,2,2,4,6,6,,,,,,,,
12178682,0,0,6,3,,,,4,,,,,
12178732,2,2,5,6,6,,,,,,,,
12178830,2,2,6,6,,,,,,,,,
12179726,0,0,6,4,,,,4,,,,,
12179755,0,0,2,3,,,,,,,,,
12179803,0,0,2,4,,,,,,,,,
12179832,2,2,4,6,6,,,,,,,,
12179833,2,2,6,6,,,,,,,,,
12180306,2,2,4,6,6,,,,,,,,
12180307,2,2,6,6,,,,,,,,,
12180433,2,2,6,6,,,,,,,,,
12180434,1,1,6,3,1,,,,,,,,
12180436,1,1,4,7,3,,,,,,,,
12180437,0,0,5,2,,,,,,,,,
12180438,2,2,7,6,,,,7,,,,,
12180464,0,0,1,4,,,,,,,,,
12180465,0,0,4,3,,,,,,,,,
12180472,2,2,6,6,,,,,,,,,
12180478,2,2,6,6,,,,,,,,,
12180499,0,0,0,3,,,,,,,,,
12180500,1,1,7,2,2,,,8,,,,,
12180516,2,2,6,4,7,,,,,7,,,
12180518,0,0,0,,,,,,,,,,
12180530,2,2,6,6,,,,,,,,,
12180540,2,2,6,6,,,,,,,,,
12180546,2,2,6,6,,,,,,,,,
12180549,2,2,6,4,6,,,,,,,,
12180552,2,2,6,6,,,,,,,,,
12180559,2,2,6,6,,,,,,,,,
12180564,1,1,6,2,2,,,,,,,,
12180583,2,2,7,6,,,,7,,,,,
12180584,0,0,2,1,,,,,,,,,
12180585,2,2,6,6,,,,,,,,,
12180590,0,0,5,1,,,,,,,,,
12180595,2,2,6,6,6,,,5,,,,,
12180603,0,0,0,1,,,,,,,,,
12180604,2,2,6,6,,,,,,,,,
12180611,0,0,0,1,,,,,,,,,
12180630,2,2,7,6,,,,7,,,,,
12180659,0,0,3,4,,,,,,,,,
12180680,0,0,0,6,,,,,4,,,,
12180681,2,2,6,6,,,,,,,,,
12180704,1,1,6,1,2,,,,,,,,
12180705,0,0,3,2,,,,,,,,,
12180710,0,0,6,2,,,,4,,,,,
12180745,2,2,6,6,,,,,,,,,
12180746,2,2,1,7,7,,,,9,8,,,
12180755,2,2,7,2,6,,,,,,,,
12180774,0,0,2,4,,,,,,,,,
12180776,1,1,6,4,4,,,,,,,,
12180777,0,0,4,3,,,,,,,,,
12180779,0,0,2,6,,,,,4,,,,
12180798,2,2,6,6,,,,,,,,,
12180803,0,0,2,2,,,,,,,,,
12180882,0,0,5,,,,,,,,,,
12180883,2,2,6,6,,,,,,,,,
12180898,2,2,7,6,,,,8,,,,,
12180899,2,2,6,6,,,,,,,,,
12180919,0,0,4,1,,,,,,,,,
12180940,0,0,2,1,,,,,,,,,
12180968,0,0,5,6,,,,,5,,,,
12180969,0,0,5,1,,,,,,,,,
12180987,0,0,2,2,,,,,,,,,
12181017,1,1,7,2,2,,,7,,,,,
12181053,1,1,6,4,4,,,,,,,,
12181054,,,7,1,,,,,,,,,
12181069,0,0,1,0,,,,,,,,,
12181080,2,2,4,7,6,,,,,,,,
12181098,2,2,7,2,6,,,,,,,,
12181099,0,0,3,4,,,,,,,,,
12181100,1,1,6,6,6,,,0,,2,,,
12181228,0,0,2,2,,,,,,,,,
12181229,2,2,6,6,,,,,,,,,
12181238,0,0,3,0,,,,,,,,,
12181242,1,1,2,6,0,,,,,,,,
12181345,0,0,3,3,,,,,,,,,
12181372,2,2,6,6,6,,,,4,,,,
12181373,0,0,3,5,,,,,,,,,
12181389,2,2,6,6,,,,,,,,,
12181401,2,2,6,7,,,,,,,,,
12181631,2,2,6,6,,,,,,,,,
12181688,2,2,6,6,,,,,,,,,
12181695,2,2,7,6,,,,,,,,,
12181731,1,1,6,3,2,,,,,,,,
12181738,2,2,1,7,6,,,,7,,,,
12181745,2,2,6,6,,,,,,,,,
12181761,2,2,2,6,7,,,,,7,,,
12181893,2,2,4,6,6,,,,,,,,
12181894,2,2,6,7,,,,,7,,,,
12181925,0,0,6,6,,,,5,2,,,,
12182028,0,0,1,3,,,,,,,,,
12182455,2,2,6,6,6,,,5,,,,,
12182456,0,0,6,6,,,,3,4,,,,
12182523,2,2,3,7,6,,,,8,,,,
12182526,2,2,6,6,,,,,,,,,
12182527,2,2,6,6,,,,,,,,,
12182600,2,2,7,2,7,,,7,,,,,
12182601,2,2,6,4,6,,,,,,,,
12182670,0,0,6,6,,,,5,7,,,,
12182766,2,2,6,6,,,,,,,,,
12183587,0,0,2,1,,,,,,,,,
12183663,1,1,6,3,3,,,,,,,,
12183684,0,0,2,1,,,,,,,,,
12183723,1,1,6,3,0,,,,,,,,
12183733,0,0,0,0,,,,,,,,,
12183759,2,2,6,6,,,,,,,,,
12183762,2,2,6,6,,,,,,,,,
12183763,0,0,6,6,,,,5,4,,,,
12183769,0,0,2,3,,,,,,,,,
12183770,0,0,5,1,,,,,,,,,
12183771,0,0,2,4,,,,,,,,,
12183841,2,2,7,6,,,,7,,,,,
12183897,1,1,4,6,5,,,,,,,,
12184035,2,2,6,6,,,,,,,,,
12184098,2,2,6,6,,,,,,,,,
12184133,0,0,2,1,,,,,,,,,
12184134,0,0,1,,,,,,,,,,
12184195,0,0,1,2,,,,,,,,,
12184196,0,0,4,2,,,,,,,,,
12184203,1,1,6,3,6,,,,,,,,
12184205,1,1,6,6,,,,,,,,,
12184213,0,0,1,1,,,,,,,,,
12184232,2,2,6,7,,,,,,,,,
12184428,0,0,4,,,,,,,,,,
12184457,,,,,,,,,,,,,
12184498,1,1,6,0,,,,,,,,,
12184687,2,2,6,3,6,,,,,,,,
12184728,,,,,,,,,,,,,
12184775,1,1,6,4,,,,,,,,,
12184776,1,1,7,5,,,,,,,,,
12184822,0,0,1,1,,,,,,,,,
12184865,0,0,4,0,,,,,,,,,
12184866,1,1,6,3,,,,,,,,,
12184867,,,,,,,,,,,,,
12184921,,,,,,,,,,,,,
12184946,,,,,,,,,,,,,
12184954,,,,,,,,,,,,,
12185104,,,,,,,,,,,,,
12185124,,,,,,,,,,,,,
12156089,1,1,6,6,3,,,5,,,,,
12156094,2,2,3,7,6,,,,7,,,,
12156097,2,2,6,6,,,,,,,,,
12156105,0,0,3,5,,,,,,,,,
12156106,2,2,4,6,6,,,,,,,,
12156109,2,2,6,7,,,,,7,,,,
12156228,0,0,6,2,,,,6,,,,,
12156229,2,2,3,6,6,,,,,,,,
12156231,2,2,6,6,,,,,,,,,
12156240,2,2,6,6,,,,,,,,,
12156241,1,1,6,3,4,,,,,,,,
12156249,1,1,5,6,1,,,,,,,,
12156254,2,2,3,7,7,,,,7,,,,
12156259,1,1,3,6,2,,,,,,,,
12156261,0,0,4,2,,,,,,,,,
12156263,2,2,4,6,6,,,,,,,,
12156265,0,0,3,4,,,,,,,,,
12156269,2,2,6,6,,,,,,,,,
12156277,2,2,6,1,6,,,,,,,,
12156284,2,2,6,7,,,,,7,,,,
12156291,0,0,3,1,,,,,,,,,
12156292,2,2,6,7,,,,,,,,,
12156303,1,1,4,6,1,,,,,,,,
12156306,0,0,0,0,,,,,,,,,
12156308,0,0,1,2,,,,,,,,,
12156309,0,0,1,2,,,,,,,,,
12156310,2,2,6,6,,,,,,,,,
12156311,0,0,4,2,,,,,,,,,
12156312,0,0,2,6,,,,,5,,,,
12156313,0,0,6,5,,,,8,,,,,
12156314,0,0,1,1,,,,,,,,,
12156315,2,2,6,6,,,,,,,,,
12156317,0,0,2,1,,,,,,,,,
12156318,2,2,6,6,,,,,,,,,
12156319,1,1,6,4,,,,,,,,,
12156326,2,2,6,6,,,,,,,,,
12156335,2,2,6,6,,,,,,,,,
12156336,2,2,6,6,,,,,,,,,
12156338,1,1,1,6,3,,,,,,,,
12156341,1,1,2,6,4,,,,,,,,
12156342,0,0,2,3,,,,,,,,,
12156344,0,0,5,4,,,,,,,,,
12156345,2,2,6,6,6,,,,3,,,,
12159534,2,2,6,6,,,,,,,,,
12159535,0,0,4,2,,,,,,,,,
12159536,0,0,5,6,,,,,5,,,,
12159537,0,0,2,4,,,,,,,,,
12159538,1,1,6,7,4,,,5,9,,,,
12159539,2,2,6,6,,,,,,,,,
12159552,2,2,6,6,,,,,,,,,
12159555,1,1,6,7,1,,,2,7,,,,
12159556,2,2,6,7,,,,,,,,,
12159557,1,1,6,6,1,,,5,,,,,
12159558,0,0,3,4,,,,,,,,,
12159559,1,1,6,6,6,,,5,,2,,,
12159560,0,0,4,3,,,,,,,,,
12159561,2,2,6,6,,,,,,,,,
12159562,2,2,6,6,,,,,,,,,
12159563,0,0,3,2,,,,,,,,,
12159564,1,1,5,7,2,,,,7,,,,
12159565,0,0,6,3,,,,0,,,,,
12159570,0,0,2,4,,,,,,,,,
12159571,2,2,6,6,6,,,,2,,,,
12159572,1,1,7,3,4,,,7,,,,,
12159573,0,0,2,1,,,,,,,,,
12159575,2,2,7,3,7,,,7,,9,,,
12171967,2,2,3,6,6,,,,,,,,
12177677,1,1,6,3,6,,,,,1,,,
12180583,2,2,7,6,,,,7,,,,,
12180604,2,2,6,6,,,,,,,,,
12180659,0,0,3,4,,,,,,,,,
12180681,2,2,6,6,,,,,,,,,
12180745,2,2,6,6,,,,,,,,,
12180776,1,1,6,4,4,,,,,,,,
12180803,0,0,2,2,,,,,,,,,
12180882,0,0,5,,,,,,,,,,
12180899,2,2,6,6,,,,,,,,,
12180968,0,0,5,6,,,,,5,,,,
12180987,0,0,2,2,,,,,,,,,
12181017,1,1,7,2,2,,,7,,,,,
12181053,1,1,6,4,4,,,,,,,,
12181080,2,2,4,7,6,,,,,,,,
12181099,0,0,3,4,,,,,,,,,
12181229,2,2,6,6,,,,,,,,,
12181238,0,0,3,0,,,,,,,,,
12181242,1,1,2,6,0,,,,,,,,
12181345,0,0,3,3,,,,,,,,,
12181372,2,2,6,6,6,,,,4,,,,
12181373,0,0,3,5,,,,,,,,,
12181389,2,2,6,6,,,,,,,,,
12181401,2,2,6,7,,,,,,,,,
12181688,2,2,6,6,,,,,,,,,
12181695,2,2,7,6,,,,,,,,,
12181731,1,1,6,3,2,,,,,,,,
12181738,2,2,1,7,6,,,,7,,,,
12181745,2,2,6,6,,,,,,,,,
12181761,2,2,2,6,7,,,,,7,,,
12181893,2,2,4,6,6,,,,,,,,
12181894,2,2,6,7,,,,,7,,,,
12181925,0,0,6,6,,,,5,2,,,,
12182028,0,0,1,3,,,,,,,,,
12182455,2,2,6,6,6,,,5,,,,,
12182456,0,0,6,6,,,,3,4,,,,
12182478,1,1,7,1,2,,,7,,,,,
12182523,2,2,3,7,6,,,,8,,,,
12182526,2,2,6,6,,,,,,,,,
12182527,2,2,6,6,,,,,,,,,
12182600,2,2,7,2,7,,,7,,,,,
12182601,2,2,6,4,6,,,,,,,,
12182670,0,0,6,6,,,,5,7,,,,
12182766,2,2,6,6,,,,,,,,,
12183587,0,0,2,1,,,,,,,,,
12183663,1,1,6,3,3,,,,,,,,
12183684,0,0,2,1,,,,,,,,,
12183723,1,1,6,3,0,,,,,,,,
12183733,0,0,0,0,,,,,,,,,
12183759,2,2,6,6,,,,,,,,,
12183762,2,2,6,6,,,,,,,,,
12183763,0,0,6,6,,,,5,4,,,,
12183769,0,0,2,3,,,,,,,,,
12183770,0,0,5,1,,,,,,,,,
12183771,0,0,2,4,,,,,,,,,
12183841,2,2,7,6,,,,7,,,,,
12183897,1,1,4,6,5,,,,,,,,
12184035,2,2,6,6,,,,,,,,,
12184098,2,2,6,6,,,,,,,,,
12184133,0,0,2,1,,,,,,,,,
12184134,0,0,2,2,,,,,,,,,
12184195,0,0,1,2,,,,,,,,,
12184196,0,0,4,2,,,,,,,,,
12184203,1,1,6,3,6,,,,,5,,,
12184205,2,2,6,7,,,,,,,,,
12184213,0,0,1,1,,,,,,,,,
12184232,2,2,6,7,,,,,,,,,
12184428,2,2,6,6,,,,,,,,,
12184457,0,0,4,6,,,,,5,,,,
12184498,2,2,6,7,,,,,,,,,
12184680,0,0,5,2,,,,,,,,,
12184687,2,2,6,3,6,,,,,,,,
12184728,0,0,2,6,,,,,3,,,,
12184775,1,1,6,4,,,,,,,,,
12184776,2,2,7,6,,,,,,,,,
12184822,0,0,1,3,,,,,,,,,
12184865,0,0,4,2,,,,,,,,,
12184866,1,1,6,6,4,,,,6,,,,
12184867,2,2,6,5,6,,,,,,,,
12184920,1,1,5,7,4,,,,8,,,,
12184921,2,2,6,6,,,,,,,,,
12184946,2,2,7,6,,,,7,,,,,
12184954,0,0,3,2,,,,,,,,,
12185104,2,2,7,6,,,,,,,,,
12185124,0,0,1,3,,,,,,,,,
12185200,2,2,4,6,6,,,,,,,,
12185561,1,1,0,7,3,,,,,,,,
12185562,1,1,6,7,6,,,1,10,5,,,
12185935,0,0,2,2,,,,,,,,,
12185952,2,2,6,6,,,,,,,,,
12186004,0,0,3,2,,,,,,,,,
12186007,0,0,6,0,,,,3,,,,,
12186222,0,0,1,2,,,,,,,,,
12186223,1,1,6,3,1,,,,,,,,
12186368,0,0,4,6,,,,,7,,,,
12186390,0,0,4,2,,,,,,,,,
12187015,2,2,6,6,,,,,,,,,
12187016,2,2,6,6,,,,,,,,,
12187017,,,5,,,,,,,,,,
12187018,2,2,6,6,,,,,,,,,
12187019,0,0,4,3,,,,,,,,,
12187020,0,0,2,2,,,,,,,,,
12187021,,,3,,,,,,,,,,
12187022,2,2,6,6,,,,,,,,,
12187023,2,2,6,6,,,,,,,,,
12187024,0,0,1,2,,,,,,,,,
12187025,0,0,4,3,,,,,,,,,
12187026,2,2,6,6,,,,,,,,,
12187027,2,2,2,6,6,,,,,,,,
12187028,,,,,,,,,,,,,
12187029,0,0,5,1,,,,,,,,,
12187030,2,2,6,6,,,,,,,,,
12187065,1,1,3,6,5,,,,,,,,
12187066,2,2,6,6,,,,,,,,,
12187067,0,0,1,1,,,,,,,,,
12187068,2,2,6,6,,,,,,,,,
12187069,2,2,6,6,,,,,,,,,
12187070,2,2,6,6,,,,,,,,,
12187071,0,0,4,5,,,,,,,,,
12187072,0,0,3,2,,,,,,,,,
12187073,,,,,,,,,,,,,
12187074,0,0,5,1,,,,,,,,,
12187075,2,2,6,6,,,,,,,,,
12187076,0,0,6,3,,,,,,,,,
12187077,2,2,6,6,,,,,,,,,
12187078,2,2,7,7,,,,,,,,,
12187079,2,2,6,6,,,,,,,,,
12187080,2,2,6,6,,,,,,,,,
12187143,2,2,6,6,,,,,,,,,
12187190,2,2,6,6,,,,,,,,,
12187196,2,2,5,6,6,,,,,,,,
12187221,2,2,6,6,,,,,,,,,
12187223,0,0,1,2,,,,,,,,,
12187242,2,2,7,7,,,,7,7,,,,
12187310,1,1,4,6,6,,,,,0,,,
12187311,0,0,3,3,,,,,,,,,
12187387,0,0,2,0,,,,,,,,,
12187510,2,2,6,6,,,,,,,,,
12187536,2,2,3,6,6,,,,,,,,
12187583,0,0,2,4,,,,,,,,,
12187697,2,2,6,6,,,,,,,,,
12187698,2,2,6,6,,,,,,,,,
12187734,0,0,5,0,,,,,,,,,
12187745,2,2,6,6,,,,,,,,,
12187810,2,2,7,7,,,,7,,,,,
12187854,1,1,7,3,5,,,7,,,,,
12187855,1,1,6,6,5,,,4,,,,,
12187856,1,1,2,7,3,,,,,,,,
12187860,2,2,6,6,,,,,,,,,
12187861,1,1,3,6,2,,,,,,,,
12187862,1,1,3,6,2,,,,,,,,
12187863,1,1,6,3,3,,,,,,,,
12187869,2,2,7,6,6,,,7,5,,,,
12188107,1,1,2,6,7,,,,,,,,
12188108,2,2,6,6,11,,,,,,,,
12188109,2,2,6,6,,,,,,,,,
12188110,2,2,6,6,,,,,,,,,
12188111,0,0,6,3,,,,,,,,,
12188112,2,2,7,6,,,,,,,,,
12188113,2,2,6,6,,,,,,,,,
12188114,2,2,6,6,,,,,,,,,
12188120,0,0,3,1,,,,,,,,,
12188121,2,2,7,4,10,,,,,,,,
12188122,,,,,,,,,,,,,
12188123,,,,,,,,,,,,,
12188124,2,2,6,6,,,,,,,,,
12188125,0,0,0,0,,,,,,,,,
12188126,2,2,6,6,,,,,,,,,
12188127,2,2,6,6,,,,,,,,,
12188128,2,2,6,6,,,,,,,,,
12188129,2,2,6,6,,,,,,,,,
12188130,1,1,6,2,2,,,,,,,,
12188131,2,2,6,6,,,,,,,,,
12188133,2,2,6,6,,,,,,,,,
12188134,0,0,2,2,,,,,,,,,
12188135,2,2,6,6,,,,,,,,,
12188136,2,2,7,7,,,,,,,,,
12188137,0,0,1,0,,,,,,,,,
12188138,2,2,4,6,10,,,,,,,,
12188139,2,2,6,6,,,,,,,,,
12188140,2,2,6,6,,,,,,,,,
12188141,0,0,3,1,,,,,,,,,
12188142,2,2,6,6,,,,,,,,,
12188143,0,0,0,0,,,,,,,,,
12188144,2,2,6,6,,,,,,,,,
12188145,2,2,6,6,,,,,,,,,
12188171,2,2,6,6,,,,,,,,,
12188172,,,,,,,,,,,,,
12188173,0,0,2,1,,,,,,,,,
12188174,2,2,6,6,10,,,,,,,,
12188175,1,1,7,5,4,,,,,,,,
12188176,0,0,3,5,,,,,,,,,
12188177,0,0,1,3,,,,,,,,,
12188178,1,1,5,6,7,,,,,,,,
12188179,2,2,3,6,10,,,,,,,,
12188180,1,1,6,5,6,,,,,,,,
12188181,0,0,1,1,,,,,,,,,
12188182,2,2,6,4,10,,,,,,,,
12188183,2,2,6,6,,,,,,,,,
12188184,0,0,6,2,,,,,,,,,
12188185,2,2,6,7,,,,,,,,,
12188186,0,0,3,4,,,,,,,,,
12188189,2,2,6,6,,,,,,,,,
12188191,2,2,6,6,,,,,,,,,
12188193,0,0,2,1,,,,,,,,,
12188197,,,,,,,,,,,,,
12188198,2,2,7,6,,,,,,,,,
12188199,2,2,6,6,,,,,,,,,
12188200,2,2,7,4,6,,,,,,,,
12188201,0,0,6,2,,,,4,,,,,
12188211,2,2,6,6,,,,,,,,,
12188212,2,2,6,6,,,,,,,,,
12188213,1,1,7,4,8,,,,,,,,
12188214,2,2,6,6,,,,,,,,,
12188215,,,,,,,,,,,,,
12188216,2,2,6,6,,,,,,,,,
12188217,0,0,1,2,,,,,,,,,
12188218,,,,,,,,,,,,,
12188219,2,2,6,7,,,,,,,,,
12188220,1,1,6,0,10,,,,,,,,
12188221,1,1,6,3,5,,,,,,,,
12188222,,,,,,,,,,,,,
12188223,0,0,2,3,,,,,,,,,
12188224,2,2,2,6,10,,,,,,,,
12188225,0,0,5,3,,,,,,,,,
12188226,0,0,3,2,,,,,,,,,
12188227,2,2,6,6,,,,,,,,,
12188228,2,2,7,6,,,,,,,,,
12188229,0,0,3,5,,,,,,,,,
12188230,,,,,,,,,,,,,
12188231,0,0,3,5,,,,,,,,,
12188232,0,0,2,2,,,,,,,,,
12188233,2,2,6,6,,,,,,,,,
12188234,0,0,3,3,,,,,,,,,
12188235,,,,,,,,,,,,,
12188236,0,0,4,2,,,,,,,,,
12188237,2,2,1,6,10,,,,,,,,
12188238,1,1,6,6,6,,,,,,,,
12188239,0,0,2,1,,,,,,,,,
12188240,2,2,0,6,10,,,,,,,,
12188241,1,1,6,6,3,,,,,,,,
12188242,0,0,3,3,,,,,,,,,
12188243,2,2,7,1,10,,,,,,,,
12188244,2,2,7,7,,,,,,,,,
12188245,2,2,6,6,,,,,,,,,
12188246,,,,,,,,,,,,,
12188247,1,1,6,3,3,,,,,,,,
12188249,0,0,1,4,,,,,,,,,
12188254,1,1,6,6,7,,,,,,,,
12188255,2,2,2,7,10,,,,,,,,
12188256,0,0,2,3,,,,,,,,,
12188257,2,2,6,6,,,,,,,,,
12188258,0,0,1,1,,,,,,,,,
12188259,0,0,2,3,,,,,,,,,
12188260,2,2,6,6,,,,,,,,,
12188261,0,0,2,1,,,,,,,,,
12188262,1,1,4,7,8,,,,,,,,
12188263,2,2,6,6,,,,,,,,,
12188264,2,2,6,6,,,,,,,,,
12188265,0,0,1,2,,,,,,,,,
12188266,0,0,5,1,,,,,,,,,
12188267,0,0,5,3,,,,,,,,,
12188268,2,2,6,6,,,,,,,,,
12188269,0,0,2,1,,,,,,,,,
12188270,2,2,6,6,,,,,,,,,
12188271,2,2,6,6,,,,,,,,,
12188272,2,2,6,6,,,,,,,,,
12188273,2,2,7,7,,,,,,,,,
12188274,2,2,6,6,,,,,,,,,
12188275,0,0,2,4,,,,,,,,,
12188276,1,1,6,6,8,,,,,,,,
12188277,0,0,3,0,,,,,,,,,
12188278,1,1,7,6,3,,,,,,,,
12188279,,,,,,,,,,,,,
12188280,1,1,6,4,8,,,,,,,,
12188281,0,0,5,5,,,,,,,,,
12188282,2,2,6,6,,,,,,,,,
12188283,2,2,6,6,,,,,,,,,
12188284,0,0,2,1,,,,,,,,,
12188285,0,0,0,0,,,,,,,,,
12188286,0,0,3,4,,,,,,,,,
12188287,2,2,6,6,,,,,,,,,
12188288,0,0,4,4,,,,,,,,,
12188289,0,0,6,6,,,,,,,,,
12188290,1,1,7,4,8,,,,,,,,
12188291,0,0,3,5,,,,,,,,,
12188292,0,0,0,1,,,,,,,,,
12188293,0,0,0,2,,,,,,,,,
12188294,0,0,5,4,,,,,,,,,
12188295,2,2,3,7,10,,,,,,,,
12188315,2,2,6,6,,,,,,,,,
12188316,0,0,0,1,,,,,,,,,
12188317,1,1,7,3,2,,,,,,,,
12188318,2,2,6,6,,,,,,,,,
12188319,2,2,6,6,,,,,,,,,
12188320,2,2,7,6,,,,,,,,,
12188321,2,2,7,6,,,,,,,,,
12188322,2,2,6,6,,,,,,,,,
12188323,0,0,5,3,,,,,,,,,
12188324,2,2,6,6,,,,,,,,,
12188325,2,2,6,6,,,,,,,,,
12188326,2,2,6,6,,,,,,,,,
12188327,2,2,7,6,,,,,,,,,
12188328,0,0,3,3,,,,,,,,,
12188329,2,2,6,6,,,,,,,,,
12188330,2,2,4,6,10,,,,,,,,
12188331,2,2,6,6,,,,,,,,,
12188332,0,0,2,3,,,,,,,,,
12188333,2,2,6,6,,,,,,,,,
12188335,2,2,6,6,,,,,,,,,
12188336,2,2,6,6,10,,,,,,,,
12188337,2,2,7,6,,,,,,,,,
12188338,2,2,6,7,,,,,,,,,
12188339,,,,,,,,,,,,,
12188340,0,0,4,2,,,,,,,,,
12188341,2,2,6,6,11,,,,,,,,
12188342,0,0,3,3,,,,,,,,,
12188343,2,2,6,6,,,,,,,,,
12188344,0,0,2,1,,,,,,,,,
12188345,2,2,6,6,,,,,,,,,
12188346,,,,,,,,,,,,,
12188347,2,2,6,6,,,,,,,,,
12188348,1,1,6,3,3,,,,,,,,
12188349,2,2,6,4,10,,,,,,,,
12188350,0,0,2,3,,,,,,,,,
12188351,0,0,3,2,,,,,,,,,
12188352,0,0,1,1,,,,,,,,,
12188353,0,0,2,0,,,,,,,,,
12188354,2,2,1,6,10,,,,,,,,
12188355,1,1,6,4,7,,,,,,,,
12188356,2,2,6,6,,,,,,,,,
12188357,2,2,6,6,,,,,,,,,
12188358,2,2,6,6,,,,,,,,,
12188359,0,0,0,1,,,,,,,,,
12188360,0,0,3,1,,,,,,,,,
12188361,0,0,2,1,,,,,,,,,
12188362,2,2,3,6,11,,,,,,,,
12188368,2,2,6,6,,,,,,,,,
12188369,0,0,0,2,,,,,,,,,
12188370,0,0,1,1,,,,,,,,,
12188371,2,2,7,7,,,,,,,,,
12188372,0,0,3,0,,,,,,,,,
12188373,2,2,6,6,,,,,,,,,
12188374,2,2,6,6,,,,,,,,,
12188375,0,0,1,1,,,,,,,,,
12188376,0,0,4,4,,,,,,,,,
12188377,2,2,6,6,,,,,,,,,
12188378,2,2,6,6,,,,,,,,,
12188379,0,0,0,0,,,,,,,,,
12188380,0,0,4,1,,,,,,,,,
12188381,2,2,6,6,,,,,,,,,
12188382,,,,,,,,,,,,,
12188383,,,,,,,,,,,,,
12188384,2,2,6,6,,,,,,,,,
12188385,,,,,,,,,,,,,
12188386,2,2,3,6,11,,,,,,,,
12188387,,,,,,,,,,,,,
12188388,2,2,6,6,,,,,,,,,
12188408,1,1,3,6,12,,,,,,,,
12188409,0,0,2,6,,,,,,,,,
12188416,0,0,2,1,,,,,,,,,
12188427,0,0,5,6,,,,,,,,,
12188646,1,1,6,3,9,,,,,,,,
12188647,2,2,6,6,,,,,,,,,
12188648,0,0,1,2,,,,,,,,,
12188649,2,2,7,3,11,,,,,,,,
12188650,1,1,6,4,10,,,,,,,,
12188651,2,2,6,7,,,,,,,,,
12188652,,,,,,,,,,,,,
12188653,2,2,6,6,,,,,,,,,
12188654,2,2,7,6,,,,,,,,,
12188656,0,0,2,2,,,,,,,,,
12188657,2,2,6,7,,,,,,,,,
12188658,2,2,6,3,10,,,,,,,,
12188659,0,0,2,0,,,,,,,,,
12188660,2,2,6,6,,,,,,,,,
12188664,0,0,1,1,,,,,,,,,
12188665,0,0,3,2,,,,,,,,,
12188666,2,2,6,6,,,,,,,,,
12188669,2,2,6,6,,,,,,,,,
12188670,2,2,6,6,,,,,,,,,
12188672,0,0,4,5,,,,,,,,,
12188673,0,0,0,0,,,,,,,,,
12188674,0,0,4,2,,,,,,,,,
12188675,0,0,3,2,,,,,,,,,
12188676,2,2,7,6,,,,,,,,,
12188701,0,0,0,0,,,,,,,,,
12188705,0,0,5,1,,,,,,,,,
12188730,2,2,6,6,,,,,,,,,
12188731,0,0,4,4,,,,,,,,,
12188732,1,1,7,6,7,,,7,8,,,,
12188733,2,2,6,6,,,,,,,,,
12188735,2,2,6,1,10,,,,,,,,
12188738,2,2,6,6,,,,,,,,,
12188739,2,2,6,6,,,,,,,,,
12188740,0,0,6,5,,,,5,,,,,
12188742,0,0,6,3,,,,5,,,,,
12188743,0,0,1,4,,,,,,,,,
12188745,0,0,3,4,,,,,,,,,
12188748,2,2,6,7,,,,,7,,,,
12188749,0,0,0,0,,,,,,,,,
12188752,0,0,3,1,,,,,,,,,
12188754,2,2,6,6,,,,,,,,,
12188758,1,1,6,6,1,,,,4,,,,
12188759,2,2,6,6,,,,,,,,,
12188764,2,2,6,6,7,,,1,,,,,
12188775,0,0,3,3,,,,,,,,,
12188778,0,0,2,2,,,,,,,,,
12188779,2,2,6,6,,,,,,,,,
12188781,0,0,3,5,,,,,,,,,
12188782,,,3,,,,,,,,,,
12188783,2,2,6,6,,,,,,,,,
12188784,2,2,6,6,,,,,,,,,
12188785,2,2,6,6,,,,,,,,,
12188786,0,0,1,4,,,,,,,,,
12188788,2,2,6,6,,,,,,,,,
12188791,2,2,6,6,,,,,,,,,
12188792,0,0,0,3,,,,,,,,,
12188852,1,1,6,5,2,,,,,,,,
12188961,2,2,6,6,,,,,,,,,
12188969,2,2,3,6,6,,,,,,,,
12188980,0,0,6,4,,,,8,,,,,
12188997,0,0,0,1,,,,,,,,,
12189027,,,,,,,,,,,,,
12189035,2,2,6,7,,,,,7,,,,
12189047,,,,,,,,,,,,,
12189053,2,2,6,6,,,,,,,,,
12189055,2,2,6,6,,,,,,,,,
12189069,2,2,7,7,,,,7,,,,,
12189080,0,0,4,4,,,,,,,,,
12189362,2,2,6,6,,,,,,,,,
12189363,2,2,7,4,10,,,,,,,,
12189364,0,0,4,3,,,,,,,,,
12189365,2,2,6,6,,,,,,,,,
12189366,2,2,6,6,,,,,,,,,
12189367,0,0,4,2,,,,,,,,,
12189368,2,2,7,6,,,,,,,,,
12189369,0,0,2,3,,,,,,,,,
12189370,0,0,2,4,,,,,,,,,
12189371,2,2,6,2,10,,,,,,,,
12189372,2,2,7,3,10,,,,,,,,
12189373,0,0,2,6,,,,,,,,,
12189374,2,2,6,6,,,,,,,,,
12189375,2,2,2,6,10,,,,,,,,
12189376,0,0,4,5,,,,,,,,,
12189377,2,2,6,6,11,,,,,,,,
12189632,0,0,3,2,,,,,,,,,
12189633,,,,,,,,,,,,,
12189667,0,0,2,3,,,,,,,,,
12189843,2,2,2,6,10,,,,,,,,
12189862,0,0,0,0,,,,,,,,,
12189865,0,0,1,0,,,,,,,,,
12189866,2,2,6,6,,,,,,,,,
12189894,2,2,6,6,,,,,,,,,
12190142,1,1,5,6,7,,,,,,,,
12156089,1,1,6,6,3,,,5,,,,,
12156095,1,1,5,7,1,,,,8,,,,
12156097,2,2,6,6,,,,,,,,,
12156228,0,0,6,2,,,,6,,,,,
12156240,2,2,6,6,,,,,,,,,
12156254,2,2,3,7,7,,,,7,,,,
12156261,0,0,4,2,,,,,,,,,
12156269,2,2,6,6,,,,,,,,,
12156284,2,2,6,7,,,,,7,,,,
12156285,0,0,1,2,,,,,,,,,
12156289,0,0,6,5,,,,4,,,,,
12156291,0,0,3,1,,,,,,,,,
12156292,2,2,6,7,,,,,,,,,
12156293,1,1,7,4,4,,,9,,,,,
12156294,2,2,7,6,,,,,,,,,
12156303,1,1,4,6,1,,,,,,,,
12156306,0,0,0,0,,,,,,,,,
12156309,0,0,1,2,,,,,,,,,
12156311,0,0,4,2,,,,,,,,,
12156312,0,0,2,6,,,,,5,,,,
12156313,0,0,6,5,,,,8,,,,,
12156314,0,0,1,1,,,,,,,,,
12156318,2,2,6,6,,,,,,,,,
12156319,1,1,6,4,,,,,,,,,
12156326,2,2,6,6,,,,,,,,,
12156328,0,0,4,0,,,,,,,,,
12156332,2,2,6,3,6,,,,,,,,
12156333,2,2,6,3,6,,,,,,,,
12156335,2,2,6,6,,,,,,,,,
12156338,1,1,1,6,3,,,,,,,,
12156341,1,1,2,6,4,,,,,,,,
12156342,0,0,2,3,,,,,,,,,
12156343,2,2,7,6,,,,,,,,,
12156344,0,0,5,4,,,,,,,,,
12156345,2,2,6,6,6,,,,3,,,,
12159528,2,2,3,6,6,,,,,,,,
12159529,1,1,7,5,6,,,,,5,,,
12159530,2,2,7,6,,,,,,,,,
12159531,0,0,3,6,,,,,7,,,,
12159532,2,2,5,7,6,,,,,,,,
12159533,2,2,7,7,,,,7,7,,,,
12159534,2,2,6,6,,,,,,,,,
12159535,0,0,4,2,,,,,,,,,
12159536,0,0,5,6,,,,,5,,,,
12159537,0,0,2,4,,,,,,,,,
12159538,1,1,6,7,4,,,5,9,,,,
12159539,2,2,6,6,,,,,,,,,
12159546,1,1,7,5,3,,,7,,,,,
12159548,0,0,3,4,,,,,,,,,
12159550,0,0,3,2,,,,,,,,,
12159551,2,2,6,6,,,,,,,,,
12159552,2,2,6,6,,,,,,,,,
12159553,2,2,6,6,,,,,,,,,
12159554,0,0,1,1,,,,,,,,,
12159555,1,1,6,7,1,,,2,7,,,,
12159556,2,2,6,7,,,,,,,,,
12159557,1,1,6,6,1,,,5,,,,,
12159558,0,0,3,4,,,,,,,,,
12159559,1,1,6,6,6,,,5,,2,,,
12159562,2,2,6,6,,,,,,,,,
12159563,0,0,3,2,,,,,,,,,
12159564,1,1,5,7,2,,,,7,,,,
12159565,0,0,6,3,,,,0,,,,,
12159567,2,2,6,6,,,,,,,,,
12159568,1,1,7,6,2,,,7,5,,,,
12159569,0,0,5,1,,,,,,,,,
12159570,0,0,2,4,,,,,,,,,
12159571,2,2,6,6,6,,,,2,,,,
12159572,1,1,7,3,4,,,7,,,,,
12159573,0,0,2,1,,,,,,,,,
12159574,1,1,6,6,4,,,,1,,,,
12159575,2,2,7,3,7,,,7,,9,,,
12182478,1,1,7,1,2,,,7,,,,,
12184457,0,0,4,6,,,,,5,,,,
12184680,0,0,5,2,,,,,,,,,
12184867,2,2,6,5,6,,,,,,,,
12184920,1,1,5,7,4,,,,8,,,,
12184946,2,2,7,6,,,,7,,,,,
12185104,2,2,7,6,,,,,,,,,
12185124,0,0,1,3,,,,,,,,,
12185200,2,2,4,6,6,,,,,,,,
12185561,1,1,0,7,3,,,,,,,,
12185562,1,1,6,7,6,,,1,10,5,,,
12185935,0,0,2,2,,,,,,,,,
12185952,2,2,6,6,,,,,,,,,
12186004,0,0,3,2,,,,,,,,,
12186007,0,0,6,0,,,,3,,,,,
12186222,0,0,1,2,,,,,,,,,
12186223,1,1,6,3,1,,,,,,,,
12186368,0,0,4,6,,,,,7,,,,
12186390,0,0,4,2,,,,,,,,,
12187015,2,2,6,6,,,,,,,,,
12187016,2,2,6,6,,,,,,,,,
12187017,,,5,,,,,,,,,,
12187018,2,2,6,6,,,,,,,,,
12187019,0,0,4,3,,,,,,,,,
12187020,0,0,2,2,,,,,,,,,
12187021,,,3,,,,,,,,,,
12187022,2,2,6,6,,,,,,,,,
12187023,2,2,6,6,,,,,,,,,
12187024,0,0,1,2,,,,,,,,,
12187025,0,0,4,3,,,,,,,,,
12187026,2,2,6,6,,,,,,,,,
12187027,2,2,2,6,6,,,,,,,,
12187028,,,,,,,,,,,,,
12187029,0,0,5,1,,,,,,,,,
12187030,2,2,6,6,,,,,,,,,
12187065,1,1,3,6,5,,,,,,,,
12187066,2,2,6,6,,,,,,,,,
12187067,0,0,1,1,,,,,,,,,
12187068,2,2,6,6,,,,,,,,,
12187069,2,2,6,6,,,,,,,,,
12187070,2,2,6,6,,,,,,,,,
12187071,0,0,4,5,,,,,,,,,
12187072,0,0,3,2,,,,,,,,,
12187073,,,,,,,,,,,,,
12187074,0,0,5,1,,,,,,,,,
12187075,2,2,6,6,,,,,,,,,
12187076,0,0,6,3,,,,,,,,,
12187077,2,2,6,6,,,,,,,,,
12187078,2,2,7,7,,,,,,,,,
12187079,2,2,6,6,,,,,,,,,
12187080,2,2,6,6,,,,,,,,,
12187143,2,2,6,6,,,,,,,,,
12187190,2,2,6,6,,,,,,,,,
12187196,2,2,5,6,6,,,,,,,,
12187221,2,2,6,6,,,,,,,,,
12187223,0,0,1,2,,,,,,,,,
12187242,2,2,7,7,,,,7,7,,,,
12187310,1,1,4,6,6,,,,,0,,,
12187311,0,0,3,3,,,,,,,,,
12187387,0,0,2,0,,,,,,,,,
12187510,2,2,6,6,,,,,,,,,
12187536,2,2,3,6,6,,,,,,,,
12187583,0,0,2,4,,,,,,,,,
12187697,2,2,6,6,,,,,,,,,
12187698,2,2,6,6,,,,,,,,,
12187734,0,0,5,0,,,,,,,,,
12187745,2,2,6,6,,,,,,,,,
12187810,2,2,7,7,,,,7,,,,,
12187854,1,1,7,3,5,,,7,,,,,
12187855,1,1,6,6,5,,,4,,,,,
12187856,1,1,2,7,3,,,,,,,,
12187860,2,2,6,6,,,,,,,,,
12187861,1,1,3,6,2,,,,,,,,
12187862,1,1,3,6,2,,,,,,,,
12187863,1,1,6,3,3,,,,,,,,
12187869,2,2,7,6,6,,,7,5,,,,
12187998,1,1,3,6,3,,,,,,,,
12188107,1,1,2,6,7,,,,,,,,
12188108,2,2,6,6,11,,,,,,,,
12188109,2,2,6,6,,,,,,,,,
12188110,2,2,6,6,,,,,,,,,
12188111,0,0,6,3,,,,,,,,,
12188112,2,2,7,6,,,,,,,,,
12188113,2,2,6,6,,,,,,,,,
12188114,2,2,6,6,,,,,,,,,
12188120,0,0,3,1,,,,,,,,,
12188121,2,2,7,4,10,,,,,,,,
12188122,,,,,,,,,,,,,
12188123,,,,,,,,,,,,,
12188124,2,2,6,6,,,,,,,,,
12188125,0,0,0,0,,,,,,,,,
12188126,2,2,6,6,,,,,,,,,
12188127,2,2,6,6,,,,,,,,,
12188128,2,2,6,6,,,,,,,,,
12188129,2,2,6,6,,,,,,,,,
12188130,1,1,6,2,2,,,,,,,,
12188131,2,2,6,6,,,,,,,,,
12188132,2,2,6,4,10,,,,,,,,
12188133,2,2,6,6,,,,,,,,,
12188134,0,0,2,2,,,,,,,,,
12188135,2,2,6,6,,,,,,,,,
12188136,2,2,7,7,,,,,,,,,
12188137,0,0,1,0,,,,,,,,,
12188138,2,2,4,6,10,,,,,,,,
12188139,2,2,6,6,,,,,,,,,
12188140,2,2,6,6,,,,,,,,,
12188141,0,0,3,1,,,,,,,,,
12188142,2,2,6,6,,,,,,,,,
12188143,0,0,0,0,,,,,,,,,
12188144,2,2,6,6,,,,,,,,,
12188145,2,2,6,6,,,,,,,,,
12188146,1,1,7,6,3,,,,,,,,
12188171,2,2,6,6,,,,,,,,,
12188172,,,,,,,,,,,,,
12188173,0,0,2,1,,,,,,,,,
12188174,2,2,6,6,10,,,,,,,,
12188175,1,1,7,5,4,,,,,,,,
12188176,0,0,3,5,,,,,,,,,
12188177,0,0,1,3,,,,,,,,,
12188178,1,1,5,6,7,,,,,,,,
12188179,2,2,3,6,10,,,,,,,,
12188180,1,1,6,5,6,,,,,,,,
12188181,0,0,1,1,,,,,,,,,
12188182,2,2,6,4,10,,,,,,,,
12188183,2,2,6,6,,,,,,,,,
12188184,0,0,6,2,,,,,,,,,
12188185,2,2,6,7,,,,,,,,,
12188186,0,0,3,4,,,,,,,,,
12188189,2,2,6,6,,,,,,,,,
12188191,2,2,6,6,,,,,,,,,
12188193,0,0,2,1,,,,,,,,,
12188197,,,,,,,,,,,,,
12188198,2,2,7,6,,,,,,,,,
12188199,2,2,6,6,,,,,,,,,
12188200,2,2,7,4,6,,,,,,,,
12188201,0,0,6,2,,,,4,,,,,
12188211,2,2,6,6,,,,,,,,,
12188212,2,2,6,6,,,,,,,,,
12188213,1,1,7,4,8,,,,,,,,
12188214,2,2,6,6,,,,,,,,,
12188215,,,,,,,,,,,,,
12188216,2,2,6,6,,,,,,,,,
12188217,0,0,1,2,,,,,,,,,
12188218,,,,,,,,,,,,,
12188219,2,2,6,7,,,,,,,,,
12188220,1,1,6,0,10,,,,,,,,
12188221,1,1,6,3,5,,,,,,,,
12188222,,,,,,,,,,,,,
12188223,0,0,2,3,,,,,,,,,
12188224,2,2,2,6,10,,,,,,,,
12188225,0,0,5,3,,,,,,,,,
12188226,0,0,3,2,,,,,,,,,
12188227,2,2,6,6,,,,,,,,,
12188228,2,2,7,6,,,,,,,,,
12188229,0,0,3,5,,,,,,,,,
12188230,,,,,,,,,,,,,
12188231,0,0,3,5,,,,,,,,,
12188232,0,0,2,2,,,,,,,,,
12188233,2,2,6,6,,,,,,,,,
12188234,0,0,3,3,,,,,,,,,
12188235,,,,,,,,,,,,,
12188236,0,0,4,2,,,,,,,,,
12188237,2,2,1,6,10,,,,,,,,
12188238,1,1,6,6,6,,,,,,,,
12188239,0,0,2,1,,,,,,,,,
12188240,2,2,0,6,10,,,,,,,,
12188241,1,1,6,6,3,,,,,,,,
12188242,0,0,3,3,,,,,,,,,
12188243,2,2,7,1,10,,,,,,,,
12188244,2,2,7,7,,,,,,,,,
12188245,2,2,6,6,,,,,,,,,
12188246,,,,,,,,,,,,,
12188247,1,1,6,3,3,,,,,,,,
12188249,0,0,1,4,,,,,,,,,
12188254,1,1,6,6,7,,,,,,,,
12188255,2,2,2,7,10,,,,,,,,
12188256,0,0,2,3,,,,,,,,,
12188257,2,2,6,6,,,,,,,,,
12188258,0,0,1,1,,,,,,,,,
12188259,0,0,2,3,,,,,,,,,
12188260,2,2,6,6,,,,,,,,,
12188261,0,0,2,1,,,,,,,,,
12188262,1,1,4,7,8,,,,,,,,
12188263,2,2,6,6,,,,,,,,,
12188264,2,2,6,6,,,,,,,,,
12188265,0,0,1,2,,,,,,,,,
12188266,0,0,5,1,,,,,,,,,
12188267,0,0,5,3,,,,,,,,,
12188268,2,2,6,6,,,,,,,,,
12188269,0,0,2,1,,,,,,,,,
12188270,2,2,6,6,,,,,,,,,
12188271,2,2,6,6,,,,,,,,,
12188272,2,2,6,6,,,,,,,,,
12188273,2,2,7,7,,,,,,,,,
12188274,2,2,6,6,,,,,,,,,
12188275,0,0,2,4,,,,,,,,,
12188276,1,1,6,6,8,,,,,,,,
12188277,0,0,3,0,,,,,,,,,
12188278,1,1,7,6,3,,,,,,,,
12188279,,,,,,,,,,,,,
12188280,1,1,6,4,8,,,,,,,,
12188281,0,0,5,5,,,,,,,,,
12188282,2,2,6,6,,,,,,,,,
12188283,2,2,6,6,,,,,,,,,
12188284,0,0,2,1,,,,,,,,,
12188285,0,0,0,0,,,,,,,,,
12188286,0,0,3,4,,,,,,,,,
12188287,2,2,6,6,,,,,,,,,
12188288,0,0,4,4,,,,,,,,,
12188289,0,0,6,6,,,,,,,,,
12188290,1,1,7,4,8,,,,,,,,
12188291,0,0,3,5,,,,,,,,,
12188292,0,0,0,1,,,,,,,,,
12188293,0,0,0,2,,,,,,,,,
12188294,0,0,5,4,,,,,,,,,
12188295,2,2,3,7,10,,,,,,,,
12188315,2,2,6,6,,,,,,,,,
12188316,0,0,0,1,,,,,,,,,
12188317,1,1,7,3,2,,,,,,,,
12188318,2,2,6,6,,,,,,,,,
12188319,2,2,6,6,,,,,,,,,
12188320,2,2,7,6,,,,,,,,,
12188321,2,2,7,6,,,,,,,,,
12188322,2,2,6,6,,,,,,,,,
12188323,0,0,5,3,,,,,,,,,
12188324,2,2,6,6,,,,,,,,,
12188325,2,2,6,6,,,,,,,,,
12188326,2,2,6,6,,,,,,,,,
12188327,2,2,7,6,,,,,,,,,
12188328,0,0,3,3,,,,,,,,,
12188329,2,2,6,6,,,,,,,,,
12188330,2,2,4,6,10,,,,,,,,
12188331,2,2,6,6,,,,,,,,,
12188332,0,0,2,3,,,,,,,,,
12188333,2,2,6,6,,,,,,,,,
12188334,0,0,1,3,,,,,,,,,
12188335,2,2,6,6,,,,,,,,,
12188336,2,2,6,6,10,,,,,,,,
12188337,2,2,7,6,,,,,,,,,
12188338,2,2,6,7,,,,,,,,,
12188339,,,,,,,,,,,,,
12188340,0,0,4,2,,,,,,,,,
12188341,2,2,6,6,11,,,,,,,,
12188342,0,0,3,3,,,,,,,,,
12188343,2,2,6,6,,,,,,,,,
12188344,0,0,2,1,,,,,,,,,
12188345,2,2,6,6,,,,,,,,,
12188346,,,,,,,,,,,,,
12188347,2,2,6,6,,,,,,,,,
12188348,1,1,6,3,3,,,,,,,,
12188349,2,2,6,4,10,,,,,,,,
12188350,0,0,2,3,,,,,,,,,
12188351,0,0,3,2,,,,,,,,,
12188352,0,0,1,1,,,,,,,,,
12188353,0,0,2,0,,,,,,,,,
12188354,2,2,1,6,10,,,,,,,,
12188355,1,1,6,4,7,,,,,,,,
12188356,2,2,6,6,,,,,,,,,
12188357,2,2,6,6,,,,,,,,,
12188358,2,2,6,6,,,,,,,,,
12188359,0,0,0,1,,,,,,,,,
12188360,0,0,3,1,,,,,,,,,
12188361,0,0,2,1,,,,,,,,,
12188362,2,2,3,6,11,,,,,,,,
12188368,2,2,6,6,,,,,,,,,
12188369,0,0,0,2,,,,,,,,,
12188370,0,0,1,1,,,,,,,,,
12188371,2,2,7,7,,,,,,,,,
12188372,0,0,3,0,,,,,,,,,
12188373,2,2,6,6,,,,,,,,,
12188374,2,2,6,6,,,,,,,,,
12188375,0,0,1,1,,,,,,,,,
12188376,0,0,4,4,,,,,,,,,
12188377,2,2,6,6,,,,,,,,,
12188378,2,2,6,6,,,,,,,,,
12188379,0,0,0,0,,,,,,,,,
12188380,0,0,4,1,,,,,,,,,
12188381,2,2,6,6,,,,,,,,,
12188382,,,,,,,,,,,,,
12188383,,,,,,,,,,,,,
12188384,2,2,6,6,,,,,,,,,
12188385,,,,,,,,,,,,,
12188386,2,2,3,6,11,,,,,,,,
12188387,,,,,,,,,,,,,
12188388,2,2,6,6,,,,,,,,,
12188408,1,1,3,6,12,,,,,,,,
12188409,0,0,2,6,,,,,,,,,
12188416,0,0,2,1,,,,,,,,,
12188427,0,0,5,6,,,,,,,,,
12188644,2,2,6,6,,,,,,,,,
12188645,0,0,1,6,,,,,,,,,
12188646,1,1,6,3,9,,,,,,,,
12188647,2,2,6,6,,,,,,,,,
12188648,0,0,1,2,,,,,,,,,
12188649,2,2,7,3,11,,,,,,,,
12188650,1,1,6,4,10,,,,,,,,
12188651,2,2,6,7,,,,,,,,,
12188652,,,,,,,,,,,,,
12188653,2,2,6,6,,,,,,,,,
12188654,2,2,7,6,,,,,,,,,
12188655,2,2,6,3,10,,,,,,,,
12188656,0,0,2,2,,,,,,,,,
12188657,2,2,6,7,,,,,,,,,
12188658,2,2,6,3,10,,,,,,,,
12188659,0,0,2,0,,,,,,,,,
12188660,2,2,6,6,,,,,,,,,
12188661,0,0,0,1,,,,,,,,,
12188662,2,2,2,6,11,,,,,,,,
12188663,2,2,6,6,,,,,,,,,
12188664,0,0,1,1,,,,,,,,,
12188665,0,0,3,2,,,,,,,,,
12188666,2,2,6,6,,,,,,,,,
12188669,2,2,6,6,,,,,,,,,
12188670,2,2,6,6,,,,,,,,,
12188671,2,2,6,0,10,,,,,,,,
12188672,0,0,4,5,,,,,,,,,
12188673,0,0,0,0,,,,,,,,,
12188674,0,0,4,2,,,,,,,,,
12188675,0,0,3,2,,,,,,,,,
12188676,2,2,7,6,,,,,,,,,
12188677,0,0,1,2,,,,,,,,,
12188701,0,0,0,0,,,,,,,,,
12188705,0,0,5,1,,,,,,,,,
12188730,2,2,6,6,,,,,,,,,
12188731,0,0,4,4,,,,,,,,,
12188732,1,1,7,6,7,,,7,8,,,,
12188733,2,2,6,6,,,,,,,,,
12188734,2,2,6,6,,,,,,,,,
12188735,2,2,6,1,10,,,,,,,,
12188736,0,0,2,2,,,,,,,,,
12188737,2,2,6,3,10,,,,,,,,
12188738,2,2,6,6,,,,,,,,,
12188739,2,2,6,6,,,,,,,,,
12188740,0,0,6,5,,,,5,,,,,
12188741,2,2,6,6,,,,,,,,,
12188742,0,0,6,3,,,,5,,,,,
12188743,0,0,1,4,,,,,,,,,
12188744,0,0,0,3,,,,,,,,,
12188745,0,0,3,4,,,,,,,,,
12188748,2,2,6,7,,,,,7,,,,
12188749,0,0,0,0,,,,,,,,,
12188752,0,0,3,1,,,,,,,,,
12188754,2,2,6,6,,,,,,,,,
12188758,1,1,6,6,1,,,,4,,,,
12188759,2,2,6,6,,,,,,,,,
12188764,2,2,6,6,7,,,1,,,,,
12188770,2,2,6,6,,,,,,,,,
12188773,1,1,6,1,,,,,,,,,
12188774,1,1,6,6,3,,,,4,,,,
12188775,0,0,3,3,,,,,,,,,
12188776,2,2,7,7,,,,,7,,,,
12188777,2,2,1,7,6,,,,,,,,
12188778,0,0,2,2,,,,,,,,,
12188779,2,2,6,6,,,,,,,,,
12188780,1,1,3,6,3,,,,,,,,
12188781,0,0,3,5,,,,,,,,,
12188782,,,3,,,,,,,,,,
12188783,2,2,6,6,,,,,,,,,
12188784,2,2,6,6,,,,,,,,,
12188785,2,2,6,6,,,,,,,,,
12188786,0,0,1,4,,,,,,,,,
12188787,0,0,2,2,,,,,,,,,
12188788,2,2,6,6,,,,,,,,,
12188791,2,2,6,6,,,,,,,,,
12188792,0,0,0,3,,,,,,,,,
12188824,2,2,4,7,6,,,,,,,,
12188827,0,0,3,2,,,,,,,,,
12188852,1,1,6,5,2,,,,,,,,
12188961,2,2,6,6,,,,,,,,,
12188969,2,2,3,6,6,,,,,,,,
12188980,0,0,6,4,,,,8,,,,,
12188997,0,0,0,1,,,,,,,,,
12189027,,,,,,,,,,,,,
12189035,2,2,6,7,,,,,7,,,,
12189040,0,0,3,4,,,,,,,,,
12189041,2,2,4,6,7,,,,,,,,
12189044,,,,,,,,,,,,,
12189047,,,,,,,,,,,,,
12189053,2,2,6,6,,,,,,,,,
12189055,2,2,6,6,,,,,,,,,
12189069,2,2,7,7,,,,7,,,,,
12189079,0,0,2,0,,,,,,,,,
12189080,0,0,4,4,,,,,,,,,
12189362,2,2,6,6,,,,,,,,,
12189363,2,2,7,4,10,,,,,,,,
12189364,0,0,4,3,,,,,,,,,
12189365,2,2,6,6,,,,,,,,,
12189366,2,2,6,6,,,,,,,,,
12189367,0,0,4,2,,,,,,,,,
12189368,2,2,7,6,,,,,,,,,
12189369,0,0,2,3,,,,,,,,,
12189370,0,0,2,4,,,,,,,,,
12189371,2,2,6,2,10,,,,,,,,
12189372,2,2,7,3,10,,,,,,,,
12189373,0,0,2,6,,,,,,,,,
12189374,2,2,6,6,,,,,,,,,
12189375,2,2,2,6,10,,,,,,,,
12189376,0,0,4,5,,,,,,,,,
12189377,2,2,6,6,11,,,,,,,,
12189434,2,2,6,6,,,,,,,,,
12189435,2,2,6,7,,,,,7,,,,
12189451,0,0,1,1,,,,,,,,,
12189455,0,0,6,3,,,,6,,,,,
12189456,2,2,6,6,,,,,,,,,
12189457,0,0,2,4,,,,,,,,,
12189458,,,,,,,,,,,,,
12189459,2,2,6,6,,,,,,,,,
12189460,0,0,2,0,,,,,,,,,
12189461,2,2,6,6,,,,,,,,,
12189462,2,2,6,6,,,,,,,,,
12189463,1,1,6,4,4,,,,,,,,
12189632,0,0,3,2,,,,,,,,,
12189633,,,,,,,,,,,,,
12189667,0,0,2,3,,,,,,,,,
12189677,0,0,4,1,,,,,,,,,
12189682,0,0,0,1,,,,,,,,,
12189684,2,2,7,7,,,,,7,,,,
12189685,0,0,3,2,,,,,,,,,
12189686,2,2,7,7,,,,7,10,,,,
12189687,0,0,5,4,,,,,,,,,
12189688,2,2,3,6,6,,,,,,,,
12189689,2,2,7,7,,,,7,,,,,
12189690,2,2,6,6,,,,,,,,,
12189691,0,0,4,6,,,,,0,,,,
12189692,2,2,6,6,,,,,,,,,
12189693,0,0,4,2,,,,,,,,,
12189709,,,,,,,,,,,,,
12189711,,,,,,,,,,,,,
12189843,2,2,2,6,10,,,,,,,,
12189862,0,0,0,0,,,,,,,,,
12189865,0,0,1,0,,,,,,,,,
12189866,2,2,6,6,,,,,,,,,
12189894,2,2,6,6,,,,,,,,,
12190053,1,1,6,3,6,,,,,3,,,
12190066,2,2,3,6,10,,,,,,,,
12190067,0,0,5,6,,,,,,,,,
12190068,2,2,6,6,,,,,,,,,
12190069,2,2,6,3,10,,,,,,,,
12190070,0,0,6,2,,,,,,,,,
12190071,2,2,6,6,12,,,,,,,,
12190072,0,0,3,0,,,,,,,,,
12190073,0,0,3,4,,,,,,,,,
12190142,1,1,5,6,7,,,,,,,,
12190219,0,0,0,5,,,,,,,,,
12190221,2,2,6,6,6,,,,1,,,,
12190230,1,1,6,6,3,,,,1,,,,
12190257,2,2,6,7,,,,,7,,,,
12190258,1,1,7,,,,,9,,,,,
12190309,0,0,4,,,,,,,,,,
12190366,1,1,0,6,1,,,,,,,,
12190367,0,0,3,1,,,,,,,,,
12190404,0,0,2,1,,,,,,,,,
12190422,0,0,3,6,,,,,6,,,,
12190423,2,2,6,6,,,,,,,,,
12190424,0,0,0,3,,,,,,,,,
12190425,1,1,4,6,7,,,,,,,,
12190426,0,0,4,1,,,,,,,,,
12190427,2,2,6,7,,,,,7,,,,
12190428,0,0,6,3,,,,3,,,,,
12190429,,,,,,,,,,,,,
12190430,0,0,1,3,,,,,,,,,
12190432,2,2,7,6,,,,7,,,,,
12190433,1,1,5,7,4,,,,,,,,
12190434,2,2,6,2,10,,,,,,,,
12190435,0,0,3,2,,,,,,,,,
12190436,2,2,6,6,,,,,,,,,
12190437,2,2,7,4,15,,,7,,,,,
12190438,2,2,4,6,11,,,,,,,,
12190439,2,2,6,6,,,,,,,,,
12190440,0,0,0,3,,,,,,,,,
12190441,2,2,6,6,,,,,,,,,
12190442,0,0,5,2,,,,,,,,,
12190443,2,2,6,6,10,,,6,,,,,
12190444,0,0,4,4,,,,,,,,,
12190445,2,2,6,6,,,,,,,,,
12190446,0,0,1,3,,,,,,,,,
12190447,2,2,6,6,,,,,,,,,
12190448,,,,,,,,,,,,,
12190449,0,0,2,0,,,,,,,,,
12190450,2,2,4,6,10,,,,,,,,
12190451,2,2,5,6,10,,,,,,,,
12190452,2,2,6,6,,,,,,,,,
12190453,2,2,6,6,,,,,,,,,
12190454,0,0,0,2,,,,,,,,,
12190487,2,2,6,0,6,,,,,,,,
12190488,2,2,7,6,,,,,,,,,
12190494,0,0,3,0,,,,,,,,,
12190496,0,0,1,1,,,,,,,,,
12190497,0,0,3,3,,,,,,,,,
12190498,1,1,6,3,6,,,,,,,,
12190499,,,,,,,,,,,,,
12190500,2,2,6,6,,,,,,,,,
12190501,0,0,2,2,,,,,,,,,
12190502,2,2,6,6,,,,,,,,,
12190503,0,0,6,1,,,,,,,,,
12190504,0,0,1,3,,,,,,,,,
12190505,,,,,,,,,,,,,
12190506,0,0,3,3,,,,,,,,,
12190510,2,2,6,6,,,,,,,,,
12190516,2,2,6,7,,,,,,,,,
12190518,0,0,4,1,,,,,,,,,
12190519,2,2,6,6,,,,,,,,,
12190520,0,0,2,5,,,,,,,,,
12190521,2,2,6,6,10,,,,,,,,
12190522,,,,,,,,,,,,,
12190523,2,2,6,6,,,,,,,,,
12190524,0,0,3,4,,,,,,,,,
12190525,0,0,0,1,,,,,,,,,
12190526,0,0,2,1,,,,,,,,,
12190527,2,2,6,7,,,,,,,,,
12190528,2,2,3,6,10,,,,,,,,
12190529,,,,,,,,,,,,,
12190537,1,1,6,3,5,,,,,,,,
12190552,0,0,2,4,,,,,,,,,
12190553,1,1,3,6,2,,,,,,,,
12190554,1,1,3,7,2,,,,8,,,,
12190555,2,2,6,4,6,,,,,,,,
12190556,0,0,4,6,,,,,4,,,,
12190557,0,0,0,5,,,,,,,,,
12190566,1,1,6,0,5,,,,,,,,
12190567,2,2,6,6,,,,,,,,,
12190591,0,0,0,,,,,,,,,,
12190763,1,1,4,6,4,,,,,,,,
12190769,2,2,6,6,,,,,,,,,
12190770,0,0,1,1,,,,,,,,,
12190771,1,1,6,0,4,,,,,,,,
12190772,1,1,7,3,4,,,,,,,,
12190773,0,0,5,0,,,,,,,,,
12190774,2,2,6,6,,,,,,,,,
12190775,0,0,6,3,,,,,,,,,
12190776,2,2,6,7,,,,,,,,,
12190777,0,0,5,5,,,,,,,,,
12190778,0,0,3,0,,,,,,,,,
12190779,2,2,6,6,,,,,,,,,
12190780,0,0,3,1,,,,,,,,,
12190781,,,,,,,,,,,,,
12190782,2,2,4,6,10,,,,,,,,
12190783,0,0,1,5,,,,,,,,,
12190784,1,1,6,0,8,,,,,,,,
12190785,0,0,4,4,,,,,,,,,
12190786,2,2,7,6,,,,,,,,,
12190787,0,0,3,3,,,,,,,,,
12190788,2,2,6,6,,,,,,,,,
12190789,2,2,6,5,10,,,,,,,,
12190790,0,0,0,0,,,,,,,,,
12190791,0,0,4,6,,,,,,,,,
12190792,2,2,7,6,,,,,,,,,
12190799,2,2,6,6,,,,,,,,,
12190801,,,,,,,,,,,,,
12190802,0,0,0,3,,,,,,,,,
12190803,0,0,3,5,,,,,,,,,
12190804,0,0,6,3,,,,,,,,,
12190805,0,0,0,1,,,,,,,,,
12190806,2,2,6,6,,,,,,,,,
12190807,0,0,0,4,,,,,,,,,
12190808,0,0,3,3,,,,,,,,,
12190840,2,2,2,6,10,,,,,,,,
12190841,0,0,4,1,,,,,,,,,
12190846,2,2,6,3,10,,,,,,,,
12190847,0,0,2,4,,,,,,,,,
12190848,1,1,6,1,,,,,,,,,
12190850,0,0,4,3,,,,,,,,,
12190851,0,0,2,3,,,,,,,,,
12190852,1,1,4,6,3,,,,,,,,
12190854,2,2,7,7,,,,7,7,,,,
12190908,1,1,6,4,7,,,,,,,,
12190909,1,1,6,1,5,,,,,,,,
12190910,0,0,5,6,,,,,5,,,,
12190911,0,0,4,4,,,,,,,,,
12190914,0,0,4,2,,,,,,,,,
12190915,2,2,6,6,,,,,,,,,
12190916,0,0,0,1,,,,,,,,,
12190917,1,1,4,6,3,,,,,,,,
12190918,2,2,7,5,10,,,7,,,,,
12190919,1,1,2,6,4,,,,,,,,
12190920,2,2,6,6,,,,,,,,,
12190921,2,2,6,6,,,,,,,,,
12190922,0,0,6,1,,,,3,,,,,
12190923,0,0,3,4,,,,,,,,,
12190924,0,0,0,3,,,,,,,,,
12190925,2,2,7,2,10,,,,,,,,
12190926,2,2,2,6,7,,,,,7,,,
12190927,,,,,,,,,,,,,
12190928,0,0,2,6,,,,,5,,,,
12190929,2,2,6,6,,,,,,,,,
12190930,0,0,1,4,,,,,,,,,
12190931,2,2,6,6,,,,,,,,,
12190932,0,0,3,1,,,,,,,,,
12190933,2,2,6,6,,,,,,,,,
12190934,2,2,6,6,,,,,,,,,
12190935,2,2,6,6,,,,,,,,,
12190936,2,2,6,6,,,,,,,,,
12190937,2,2,6,6,,,,,,,,,
12190938,2,2,6,6,,,,,,,,,
12190969,2,2,6,6,,,,,,,,,
12190970,2,2,6,5,10,,,,,,,,
12190972,,,,,,,,,,,,,
12190973,0,0,2,3,,,,,,,,,
12190974,0,0,2,2,,,,,,,,,
12190975,2,2,6,6,,,,,,,,,
12190976,2,2,6,6,,,,,,,,,
12190977,1,1,1,6,8,,,,,,,,
12190978,0,0,3,3,,,,,,,,,
12190980,1,1,3,6,5,,,,,,,,
12190981,2,2,6,7,,,,,,,,,
12190982,2,2,6,6,10,,,,,,,,
12190983,0,0,2,2,,,,,,,,,
12190984,0,0,5,4,,,,,,,,,
12190986,0,0,1,4,,,,,,,,,
12190988,0,0,4,2,,,,,,,,,
12190989,1,1,3,6,4,,,,,,,,
12190990,0,0,4,1,,,,,,,,,
12190992,0,0,4,2,,,,,,,,,
12190993,0,0,4,3,,,,,,,,,
12190994,2,2,2,6,11,,,,,,,,
12190995,0,0,0,1,,,,,,,,,
12190996,2,2,6,6,,,,,,,,,
12190997,0,0,1,2,,,,,,,,,
12190998,0,0,5,2,,,,,,,,,
12190999,2,2,6,7,,,,,,,,,
12191000,0,0,1,2,,,,,,,,,
12191001,0,0,4,2,,,,,,,,,
12191002,0,0,5,2,,,,,,,,,
12191006,0,0,2,1,,,,,,,,,
12191096,0,0,1,3,,,,,,,,,
12191098,0,0,1,4,,,,,,,,,
12191099,0,0,3,4,,,,,,,,,
12191100,1,1,6,1,4,,,,,,,,
12191101,0,0,4,3,,,,,,,,,
12191102,1,1,1,6,2,,,,,,,,
12191103,0,0,2,5,,,,,,,,,
12191104,2,2,6,6,,,,,,,,,
12191113,0,0,4,3,,,,,,,,,
12191114,0,0,2,1,,,,,,,,,
12191115,0,0,3,6,,,,,,,,,
12191116,0,0,4,1,,,,,,,,,
12191126,0,0,2,1,,,,,,,,,
12191127,0,0,2,0,,,,,,,,,
12191128,1,1,7,3,2,,,,,,,,
12191129,0,0,1,1,,,,,,,,,
12191130,2,2,6,6,,,,,,,,,
12191131,2,2,6,6,,,,,,,,,
12191147,0,0,1,2,,,,,,,,,
12191148,1,1,6,0,7,,,,,,,,
12191305,2,2,6,3,6,,,,,,,,
12191326,,,,,,,,,,,,,
12191458,1,1,5,7,4,,,,7,,,,
12191459,2,2,6,6,,,,,,,,,
12191462,1,1,5,6,3,,,,,,,,
12191463,0,0,4,1,,,,,,,,,
12191535,1,1,7,2,6,,,,,,,,
12191536,0,0,4,5,,,,,,,,,
12191537,2,2,7,2,10,,,,,,,,
12191538,0,0,6,2,,,,,,,,,
12191539,2,2,4,7,10,,,,,,,,
12191540,,,,,,,,,,,,,
12191541,0,0,4,5,,,,,,,,,
12191542,2,2,6,7,10,,,,,,,,
12191543,2,2,7,7,,,,,,,,,
12191544,0,0,4,1,,,,,,,,,
12191545,2,2,6,4,10,,,,,,,,
12191546,2,2,6,6,,,,,,,,,
12191548,2,2,6,0,14,,,,,,,,
12191549,0,0,0,1,,,,,,,,,
12191550,,,,,,,,,,,,,
12193102,2,2,6,4,10,,,,,,,,
12193179,2,2,6,6,,,,,,,,,
12193203,2,2,6,6,,,,,,,,,
12193217,0,0,0,2,,,,,,,,,
12193297,1,1,6,5,,,,,,,,,
12193299,2,2,6,3,10,,,,,,,,
12193300,2,2,6,6,,,,,,,,,
12193301,2,2,6,6,,,,,,,,,
12193329,0,0,1,4,,,,,,,,,
12193333,2,2,6,6,,,,,,,,,
12193339,2,2,6,6,,,,,,,,,
12193419,2,2,6,6,,,,,,,,,
12156286,2,2,7,6,6,,,,4,,,,
12156296,0,0,4,6,,,,,5,,,,
12156297,1,1,6,6,3,,,4,,,,,
12156298,0,0,5,1,,,,,,,,,
12156299,2,2,6,6,,,,,,,,,
12156300,2,2,7,6,,,,7,,,,,
12156301,,,,,,,,,,,,,
12156302,2,2,6,6,,,,,,,,,
12156304,2,2,6,7,,,,,,,,,
12156305,2,2,6,1,6,,,,,,,,
12157161,2,2,6,6,,,,,,,,,
12157162,2,2,6,0,6,,,,,,,,
12157163,1,1,6,3,6,,,,,3,,,
12157167,2,2,7,6,,,,7,,,,,
12157168,0,0,3,3,,,,,,,,,
12157169,0,0,1,4,,,,,,,,,
12157172,0,0,3,3,,,,,,,,,
12157173,2,2,7,6,,,,7,,,,,
12159540,0,0,2,4,,,,,,,,,
12159541,0,0,4,6,,,,,5,,,,
12159542,0,0,1,0,,,,,,,,,
12159543,2,2,6,5,7,,,,,7,,,
12159544,2,2,7,6,6,,,7,5,,,,
12159545,0,0,6,3,,,,,,,,,
12159547,0,0,6,4,,,,3,,,,,
12159549,2,2,7,6,,,,,,,,,
12189037,2,2,6,6,,,,,,,,,
12189039,0,0,3,0,,,,,,,,,
12189040,0,0,3,4,,,,,,,,,
12189041,2,2,4,6,7,,,,,,,,
12189042,2,2,3,7,6,,,,,,,,
12189043,2,2,7,6,,,,7,,,,,
12189044,,,,,,,,,,,,,
12189045,1,1,3,6,2,,,,,,,,
12189706,1,1,6,3,5,,,,,,,,
12189707,1,1,2,7,5,,,,,,,,
12189708,2,2,6,6,,,,,,,,,
12189709,,,,,,,,,,,,,
12189710,2,2,6,6,,,,,,,,,
12189711,,,,,,,,,,,,,
12189712,2,2,6,6,,,,,,,,,
12189713,1,1,3,6,4,,,,,,,,
12189714,2,2,7,6,,,,,,,,,
12189715,1,1,6,3,6,,,,,3,,,
12189716,1,1,4,6,3,,,,,,,,
12189717,2,2,7,6,,,,,,,,,
12189718,2,2,6,6,,,,,,,,,
12189719,2,2,6,6,,,,,,,,,
12189720,2,2,6,6,,,,,,,,,
12189721,2,2,6,6,7,,,3,,8,,,
12189722,2,2,6,3,6,,,,,,,,
12189723,2,2,6,6,,,,,,,,,
12189724,2,2,3,6,6,,,,,,,,
12189725,0,0,4,4,,,,,,,,,
12189959,2,2,6,2,6,,,,,,,,
12189960,2,2,6,6,,,,,,,,,
12189961,2,2,6,3,6,,,,,,,,
12189962,0,0,1,,,,,,,,,,
12189963,1,1,6,0,0,,,,,,,,
12189964,2,2,6,6,,,,,,,,,
12189965,2,2,6,6,,,,,,,,,
12190181,2,2,6,6,,,,,,,,,
12190182,1,1,6,3,1,,,,,,,,
12190183,2,2,6,6,,,,,,,,,
12190184,2,2,5,7,6,,,,,,,,
12190185,2,2,6,6,,,,,,,,,
12190186,2,2,2,6,6,,,,,,,,
12190187,2,2,7,6,,,,7,,,,,
12190188,0,0,3,6,,,,,3,,,,
12190189,2,2,6,6,,,,,,,,,
12190191,2,2,7,6,,,,12,,,,,
12190192,2,2,6,6,6,,,,8,,,,
12190193,0,0,1,2,,,,,,,,,
12190259,1,1,5,6,5,,,,,,,,
12190260,0,0,3,0,,,,,,,,,
12190262,0,0,3,3,,,,,,,,,
12190266,2,2,6,6,,,,,,,,,
12190268,0,0,6,3,,,,5,,,,,
12190270,,,,,,,,,,,,,
12190272,,,,,,,,,,,,,
12190274,2,2,6,7,,,,,,,,,
12190275,0,0,6,5,,,,6,,,,,
12190277,2,2,6,4,6,,,,,,,,
12190406,,,,,,,,,,,,,
12190408,1,1,4,6,2,,,,,,,,
12190424,0,0,0,3,,,,,,,,,
12190426,0,0,4,1,,,,,,,,,
12190430,0,0,1,3,,,,,,,,,
12190434,2,2,6,2,10,,,,,,,,
12190436,2,2,6,6,,,,,,,,,
12190444,0,0,4,4,,,,,,,,,
12190452,2,2,6,6,,,,,,,,,
12190453,2,2,6,6,,,,,,,,,
12190495,2,2,6,6,,,,,,,,,
12190537,1,1,6,3,5,,,,,,,,
12190557,0,0,0,5,,,,,,,,,
12190658,0,0,3,4,,,,,,,,,
12190746,1,1,6,1,4,,,,,,,,
12190799,2,2,6,6,,,,,,,,,
12190801,,,,,,,,,,,,,
12190802,0,0,0,3,,,,,,,,,
12190803,0,0,3,5,,,,,,,,,
12190804,0,0,6,3,,,,,,,,,
12190805,0,0,0,1,,,,,,,,,
12190806,2,2,6,6,,,,,,,,,
12190807,0,0,0,4,,,,,,,,,
12190808,0,0,3,3,,,,,,,,,
12190853,0,0,6,3,,,,7,,,,,
12190854,2,2,7,7,,,,7,7,,,,
12190855,0,0,4,0,,,,,,,,,
12190856,0,0,3,3,,,,,,,,,
12190911,0,0,4,4,,,,,,,,,
12190912,0,0,1,4,,,,,,,,,
12190913,2,2,7,6,,,,7,,,,,
12190936,2,2,6,6,,,,,,,,,
12190937,2,2,6,6,,,,,,,,,
12190938,2,2,6,6,,,,,,,,,
12190975,2,2,6,6,,,,,,,,,
12190979,2,2,6,6,,,,,,,,,
12190981,2,2,6,7,,,,,,,,,
12190983,0,0,2,2,,,,,,,,,
12190985,0,0,1,3,,,,,,,,,
12190987,2,2,4,6,10,,,,,,,,
12190989,1,1,3,6,4,,,,,,,,
12190991,0,0,3,2,,,,,,,,,
12190992,0,0,4,2,,,,,,,,,
12190998,0,0,5,2,,,,,,,,,
12191028,2,2,7,7,,,,7,,,,,
12191095,0,0,3,0,,,,,,,,,
12191097,0,0,3,3,,,,,,,,,
12191098,0,0,1,4,,,,,,,,,
12191099,0,0,3,4,,,,,,,,,
12191101,0,0,4,3,,,,,,,,,
12191103,0,0,2,5,,,,,,,,,
12191113,0,0,4,3,,,,,,,,,
12191114,0,0,2,1,,,,,,,,,
12191115,0,0,3,6,,,,,,,,,
12191116,0,0,4,1,,,,,,,,,
12191119,0,0,3,0,,,,,,,,,
12191147,0,0,1,2,,,,,,,,,
12191148,1,1,6,0,7,,,,,,,,
12191149,2,2,6,6,,,,,,,,,
12191370,2,2,6,7,,,,,,,,,
12191381,0,0,3,6,,,,,4,,,,
12191455,0,0,2,4,,,,,,,,,
12191456,0,0,6,3,,,,5,,,,,
12191457,2,2,6,6,,,,,,,,,
12191459,2,2,6,6,,,,,,,,,
12191460,1,1,4,6,6,,,,,0,,,
12191461,0,0,3,4,,,,,,,,,
12191462,1,1,5,6,3,,,,,,,,
12191463,0,0,4,1,,,,,,,,,
12191464,0,0,1,1,,,,,,,,,
12191465,2,2,6,6,,,,,,,,,
12191466,0,0,2,1,,,,,,,,,
12191467,1,1,6,3,1,,,,,,,,
12191468,0,0,0,1,,,,,,,,,
12191469,2,2,6,7,,,,,,,,,
12191470,0,0,0,1,,,,,,,,,
12191471,,,,,,,,,,,,,
12191500,2,2,6,6,,,,,,,,,
12191510,1,1,6,6,3,,,5,,,,,
12191524,1,1,6,6,3,,,,5,,,,
12191535,1,1,7,2,6,,,,,,,,
12191536,0,0,4,5,,,,,,,,,
12191537,2,2,7,2,10,,,,,,,,
12191538,0,0,6,2,,,,,,,,,
12191539,2,2,4,7,10,,,,,,,,
12191541,0,0,4,5,,,,,,,,,
12191542,2,2,6,7,10,,,,,,,,
12191543,2,2,7,7,,,,,,,,,
12191544,0,0,4,1,,,,,,,,,
12191545,2,2,6,4,10,,,,,,,,
12191546,2,2,6,6,,,,,,,,,
12191547,1,1,6,3,5,,,,,,,,
12191548,2,2,6,0,14,,,,,,,,
12191549,0,0,0,1,,,,,,,,,
12191550,,,,,,,,,,,,,
12191646,0,0,2,5,,,,,,,,,
12191656,2,2,4,6,6,,,,,,,,
12191667,2,2,6,6,,,,,,,,,
12191676,2,2,4,7,6,,,,,,,,
12191703,2,2,0,7,7,,,,7,,,,
12191710,0,0,5,4,,,,,,,,,
12191716,2,2,6,6,,,,,,,,,
12191722,2,2,6,6,,,,,,,,,
12191729,2,2,6,6,,,,,,,,,
12191733,0,0,4,3,,,,,,,,,
12191737,1,1,7,4,6,,,7,,5,,,
12191738,0,0,5,3,,,,,,,,,
12191742,1,1,4,7,2,,,,7,,,,
12191743,2,2,7,4,6,,,7,,,,,
12191747,2,2,6,2,6,,,,,,,,
12191749,2,2,6,6,,,,,,,,,
12191871,1,1,6,2,1,,,,,,,,
12191872,2,2,7,6,,,,11,,,,,
12191873,2,2,6,6,,,,,,,,,
12191874,0,0,5,1,,,,,,,,,
12191876,2,2,6,6,,,,,,,,,
12191877,1,1,4,6,6,,,,,9,,,
12191878,2,2,6,6,,,,,,,,,
12191879,,,,,,,,,,,,,
12191899,1,1,7,3,5,,,,,,,,
12191900,2,2,3,6,6,,,,,,,,
12191915,0,0,2,3,,,,,,,,,
12192441,0,0,1,2,,,,,,,,,
12192442,0,0,1,2,,,,,,,,,
12192443,0,0,4,3,,,,,,,,,
12192444,0,0,6,2,,,,1,,,,,
12192445,2,2,6,6,,,,,,,,,
12192448,0,0,2,2,,,,,,,,,
12192452,0,0,5,4,,,,,,,,,
12192453,2,2,7,6,,,,7,,,,,
12193102,2,2,6,4,10,,,,,,,,
12193158,2,2,6,3,6,,,,,,,,
12193165,1,1,6,4,3,,,,,,,,
12193179,2,2,6,6,,,,,,,,,
12193203,2,2,6,6,,,,,,,,,
12193217,0,0,0,2,,,,,,,,,
12193289,2,2,6,7,,,,,7,,,,
12193290,1,1,1,6,3,,,,,,,,
12193291,0,0,4,6,,,,,3,,,,
12193292,0,0,1,0,,,,,,,,,
12193293,0,0,3,1,,,,,,,,,
12193294,0,0,4,6,,,,,4,,,,
12193295,0,0,0,0,,,,,,,,,
12193296,2,2,7,5,6,,,7,,,,,
12193297,1,1,6,5,,,,,,,,,
12193299,2,2,6,3,10,,,,,,,,
12193300,2,2,6,6,,,,,,,,,
12193301,2,2,6,6,,,,,,,,,
12193329,0,0,1,4,,,,,,,,,
12193333,2,2,6,6,,,,,,,,,
12193336,2,2,4,7,10,,,,7,,,,
12193339,2,2,6,6,,,,,,,,,
12193348,0,0,2,4,,,,,,,,,
12193419,2,2,6,6,,,,,,,,,
12193464,2,2,6,6,,,,,,,,,
12193465,2,2,6,6,,,,,,,,,
12193467,2,2,7,6,,,,,,,,,
12193469,2,2,6,6,,,,,,,,,
12193470,0,0,6,3,,,,5,,,,,
12193509,0,0,0,5,,,,,,,,,
12193521,2,2,7,4,6,,,,,,,,
12193539,2,2,6,6,,,,,,,,,
12193540,1,1,6,6,2,,,,6,,,,
12193639,2,2,6,6,,,,,,,,,
12193640,1,1,6,3,4,,,,,,,,
12193641,2,2,6,6,,,,,,,,,
12193642,2,2,6,6,,,,,,,,,
12193643,2,2,6,6,,,,,,,,,
12193644,0,0,1,4,,,,,,,,,
12193645,0,0,0,4,,,,,,,,,
12193737,2,2,3,6,10,,,,,,,,
12193738,0,0,1,2,,,,,,,,,
12193739,2,2,7,3,10,,,7,,,,,
12193740,2,2,4,6,6,,,,,,,,
12193741,1,1,6,4,4,,,,,,,,
12193742,0,0,3,2,,,,,,,,,
12193744,0,0,2,5,,,,,,,,,
12193750,2,2,6,2,7,,,,,7,,,
12193751,2,2,6,6,,,,,,,,,
12193752,0,0,0,0,,,,,,,,,
12193753,0,0,5,3,,,,,,,,,
12193754,0,0,0,1,,,,,,,,,
12193755,0,0,3,1,,,,,,,,,
12193756,0,0,4,1,,,,,,,,,
12193757,0,0,4,3,,,,,,,,,
12193758,0,0,2,3,,,,,,,,,
12193759,1,1,0,6,3,,,,,,,,
12193760,1,1,3,6,2,,,,,,,,
12193761,2,2,6,6,,,,,,,,,
12193763,0,0,1,1,,,,,,,,,
12193764,2,2,7,3,10,,,7,,,,,
12193767,1,1,6,5,4,,,,,,,,
12193769,0,0,6,4,,,,2,,,,,
12193770,0,0,3,1,,,,,,,,,
12193773,2,2,6,6,,,,,,,,,
12193774,2,2,7,6,,,,,,,,,
12193776,1,1,6,3,0,,,,,,,,
12193777,2,2,6,6,,,,,,,,,
12193781,0,0,2,1,,,,,,,,,
12193782,2,2,6,6,,,,,,,,,
12193783,2,2,7,2,10,,,,,,,,
12193786,1,1,7,0,0,,,,,,,,
12193822,2,2,6,6,,,,,,,,,
12193823,0,0,4,0,,,,,,,,,
12193824,1,1,3,6,6,,,,,,,,
12193825,0,0,3,5,,,,,,,,,
12193826,0,0,5,3,,,,,,,,,
12193827,2,2,5,6,6,,,,,,,,
12193828,2,2,7,6,,,,,,,,,
12193830,2,2,6,6,,,,,,,,,
12193831,1,1,6,1,2,,,,,,,,
12193832,2,2,5,6,10,,,,,,,,
12193836,2,2,6,4,10,,,,,,,,
12193837,0,0,3,3,,,,,,,,,
12193838,0,0,4,6,,,,,1,,,,
12193839,0,0,2,0,,,,,,,,,
12193840,2,2,6,6,,,,,,,,,
12193841,0,0,0,1,,,,,,,,,
12193842,2,2,7,4,6,,,7,,,,,
12193843,0,0,4,2,,,,,,,,,
12193844,2,2,7,3,6,,,10,,,,,
12193849,2,2,7,6,,,,11,,,,,
12193850,0,0,1,1,,,,,,,,,
12193851,0,0,1,6,,,,,2,,,,
12193857,2,2,6,6,,,,,,,,,
12193913,0,0,5,2,,,,,,,,,
12193914,2,2,6,7,,,,,,,,,
12193915,1,1,7,3,7,,,,,,,,
12193916,0,0,3,3,,,,,,,,,
12193917,2,2,3,6,11,,,,,,,,
12193918,0,0,6,3,,,,2,,,,,
12193920,0,0,3,4,,,,,,,,,
12193921,2,2,6,6,,,,,,,,,
12193922,2,2,6,1,6,,,,,,,,
12193923,1,1,6,3,2,,,,,,,,
12193924,0,0,3,4,,,,,,,,,
12193925,1,1,4,6,3,,,,,,,,
12193927,1,1,1,6,9,,,,,,,,
12193937,0,0,2,6,,,,,4,,,,
12193938,0,0,1,2,,,,,,,,,
12193939,2,2,6,6,,,,,,,,,
12193940,2,2,6,6,,,,,,,,,
12193941,2,2,6,6,,,,,,,,,
12193946,1,1,7,4,3,,,7,,,,,
12193947,2,2,6,6,,,,,,,,,
12193948,0,0,2,0,,,,,,,,,
12193949,0,0,5,0,,,,,,,,,
12193968,2,2,6,6,,,,,,,,,
12193986,1,1,6,3,5,,,,,,,,
12193987,0,0,2,3,,,,,,,,,
12193988,1,1,6,5,9,,,,,,,,
12193989,2,2,7,3,10,,,,,,,,
12193990,0,0,3,6,,,,,4,,,,
12193996,0,0,5,1,,,,,,,,,
12193997,0,0,3,1,,,,,,,,,
12193998,2,2,6,6,,,,,,,,,
12194006,2,2,7,6,,,,,,,,,
12194007,1,1,6,6,5,,,,2,,,,
12194008,1,1,7,6,3,,,,6,,,,
12194009,2,2,1,6,6,,,,,,,,
12194010,1,1,4,6,5,,,,,,,,
12194011,2,2,2,7,6,,,,8,,,,
12194012,2,2,1,6,6,,,,,,,,
12194013,2,2,3,7,7,,,,,,,,
12194014,2,2,3,7,6,,,,,,,,
12194015,2,2,5,7,6,,,,7,,,,
12194016,0,0,1,6,,,,,3,,,,
12194017,2,2,6,6,,,,,,,,,
12194018,2,2,6,7,,,,,7,,,,
12194019,2,2,6,6,,,,,,,,,
12194020,2,2,6,6,,,,,,,,,
12194022,0,0,3,4,,,,,,,,,
12194077,0,0,6,2,,,,9,,,,,
12194078,0,0,1,2,,,,,,,,,
12194079,1,1,6,2,5,,,,,,,,
12194080,2,2,6,6,,,,,,,,,
12194083,0,0,5,3,,,,,,,,,
12194084,0,0,5,2,,,,,,,,,
12194085,2,2,6,6,,,,,,,,,
12194086,1,1,6,2,6,,,,,2,,,
12194090,0,0,6,4,,,,3,,,,,
12194091,2,2,6,6,,,,,,,,,
12194092,0,0,2,2,,,,,,,,,
12194093,2,2,6,6,,,,,,,,,
12194094,2,2,6,6,,,,,,,,,
12194095,0,0,6,2,,,,3,,,,,
12194097,0,0,4,3,,,,,,,,,
12194098,2,2,6,6,,,,,,,,,
12194136,2,2,2,6,10,,,,,,,,
12194137,0,0,4,0,,,,,,,,,
12194138,2,2,6,6,,,,,,,,,
12194151,2,2,7,6,,,,11,,,,,
12194152,,,,,,,,,,,,,
12194154,2,2,6,7,,,,,,,,,
12194159,,,,,,,,,,,,,
12194160,2,2,7,6,,,,,,,,,
12194161,1,1,6,3,4,,,,,,,,
12194216,2,2,7,6,,,,7,,,,,
12194217,0,0,4,3,,,,,,,,,
12194218,2,2,6,6,12,,,5,,,,,
12194399,1,1,6,6,4,,,6,,,,,
12194465,2,2,7,7,,,,7,,,,,
12194466,2,2,7,6,,,,7,,,,,
12194467,2,2,6,7,,,,,13,,,,
12194468,2,2,6,6,,,,,,,,,
12194470,2,2,6,6,,,,,,,,,
12194471,2,2,3,6,6,,,,,,,,
12194472,2,2,7,6,,,,,,,,,
12194473,1,1,7,2,3,,,7,,,,,
12194528,2,2,7,7,,,,7,,,,,
12194529,0,0,2,3,,,,,,,,,
12194530,0,0,5,3,,,,,,,,,
12194531,0,0,2,0,,,,,,,,,
12194532,2,2,7,6,,,,,,,,,
12194534,0,0,4,3,,,,,,,,,
12194537,0,0,3,2,,,,,,,,,
12194539,2,2,6,7,,,,,,,,,
12194540,0,0,1,1,,,,,,,,,
12194541,1,1,2,6,4,,,,,,,,
12194639,0,0,2,0,,,,,,,,,
12194640,0,0,2,4,,,,,,,,,
12194641,2,2,7,2,6,,,9,,,,,
12194643,0,0,4,6,,,,,3,,,,
12194644,0,0,5,2,,,,,,,,,
12194645,2,2,6,7,,,,,,,,,
12194646,0,0,5,6,,,,,0,,,,
12194656,0,0,2,3,,,,,,,,,
12194683,1,1,6,3,4,,,,,,,,
12194802,2,2,6,0,10,,,,,,,,
12194803,2,2,7,6,,,,,,,,,
12194804,0,0,2,5,,,,,,,,,
12194805,1,1,6,0,5,,,,,,,,
12194806,0,0,4,5,,,,,,,,,
12194807,2,2,6,5,6,,,,,,,,
12194808,0,0,6,0,,,,7,,,,,
12194809,0,0,5,2,,,,,,,,,
12194810,0,0,1,5,,,,,,,,,
12194811,0,0,3,2,,,,,,,,,
12194812,0,0,5,1,,,,,,,,,
12194813,2,2,6,5,10,,,,,,,,
12194814,2,2,6,3,6,,,,,,,,
12194815,2,2,6,4,6,,,,,,,,
12194816,0,0,1,4,,,,,,,,,
12194966,2,2,5,7,7,,,,,7,,,
12194967,2,2,6,6,,,,,,,,,
12194968,2,2,6,6,,,,,,,,,
12194969,1,1,6,4,,,,,,,,,
12195182,2,2,3,6,6,,,,,,,,
12195183,2,2,6,7,6,,,3,,,,,
12195188,2,2,7,7,,,,7,7,,,,
12195189,2,2,4,6,6,,,,,,,,
12195191,1,1,7,6,3,,,7,4,,,,
12195192,1,1,7,4,3,,,,,,,,
12195196,2,2,6,6,7,,,,4,7,,,
12195199,2,2,6,1,6,,,,,,,,
12195200,2,2,6,6,,,,,,,,,
12195201,0,0,3,1,,,,,,,,,
12195203,0,0,2,3,,,,,,,,,
12195206,0,0,0,4,,,,,,,,,
12195207,2,2,6,6,,,,,,,,,
12195208,2,2,1,7,7,,,,8,,,,
12195209,0,0,4,6,,,,,3,,,,
12195210,1,1,6,6,4,,,,4,,,,
12195211,2,2,6,6,,,,,,,,,
12195212,2,2,6,6,,,,,,,,,
12195213,0,0,0,3,,,,,,,,,
12195214,2,2,3,6,6,,,,,,,,
12195215,0,0,2,4,,,,,,,,,
12195216,2,2,3,6,6,,,,,,,,
12195217,2,2,6,7,,,,,7,,,,
12195218,2,2,6,7,,,,,10,,,,
12195231,0,0,1,2,,,,,,,,,
12195233,2,2,7,6,,,,,,,,,
12195235,1,1,6,5,4,,,,,,,,
12195236,2,2,7,6,,,,,,,,,
12195237,1,1,6,6,0,,,,5,,,,
12195238,2,2,6,6,,,,,,,,,
12195239,2,2,6,6,,,,,,,,,
12195240,0,0,1,3,,,,,,,,,
12195241,1,1,6,3,4,,,,,,,,
12195242,2,2,6,6,,,,,,,,,
12195243,0,0,3,2,,,,,,,,,
12195244,2,2,6,6,,,,,,,,,
12195246,0,0,1,2,,,,,,,,,
12195249,2,2,6,6,,,,,,,,,
12195250,2,2,7,6,,,,,,,,,
12195254,0,0,4,4,,,,,,,,,
12195255,2,2,6,6,,,,,,,,,
12195270,0,0,3,3,,,,,,,,,
12195271,2,2,5,6,6,,,,,,,,
12195272,2,2,6,6,,,,,,,,,
12195273,2,2,6,6,,,,,,,,,
12195274,2,2,6,6,,,,,,,,,
12195276,0,0,3,4,,,,,,,,,
12195277,0,0,3,6,,,,,4,,,,
12195278,0,0,6,4,,,,3,,,,,
12195280,2,2,6,6,,,,,,,,,
12195281,2,2,6,3,6,,,,,,,,
12195283,0,0,3,5,,,,,,,,,
12195284,2,2,6,6,,,,,,,,,
12195285,2,2,6,6,,,,,,,,,
12195286,1,1,6,1,5,,,,,,,,
12195287,2,2,6,6,,,,,,,,,
12195288,0,0,0,4,,,,,,,,,
12195289,0,0,1,3,,,,,,,,,
12195290,2,2,6,6,,,,,,,,,
12195291,1,1,6,1,4,,,,,,,,
12195293,2,2,6,2,6,,,,,,,,
12195296,2,2,7,2,6,,,9,,,,,
12195297,2,2,3,6,6,,,,,,,,
12195298,2,2,6,6,,,,,,,,,
12195299,2,2,6,6,,,,,,,,,
12195300,2,2,6,6,,,,,,,,,
12195302,2,2,6,4,6,,,,,,,,
12195303,2,2,4,6,6,,,,,,,,
12195783,2,2,6,6,,,,,,,,,
12195793,,,,,,,,,,,,,
12195795,0,0,3,0,,,,,,,,,
12195807,1,1,6,6,0,,,,8,,,,
12195808,0,0,1,2,,,,,,,,,
12195809,0,0,1,1,,,,,,,,,
12196018,0,0,4,0,,,,,,,,,
12196019,2,2,7,6,,,,,,,,,
12196020,2,2,7,6,,,,7,,,,,
12196021,0,0,5,2,,,,,,,,,
12196022,2,2,7,6,,,,,,,,,
12196023,0,0,1,1,,,,,,,,,
12196024,0,0,1,3,,,,,,,,,
12196025,0,0,2,2,,,,,,,,,
12196342,0,0,2,1,,,,,,,,,
12196343,1,1,7,1,2,,,9,,,,,
12196344,2,2,2,6,6,,,,,,,,
12196345,2,2,6,7,,,,,,,,,
12196346,2,2,6,6,,,,,,,,,
12196347,0,0,4,4,,,,,,,,,
12196348,0,0,1,1,,,,,,,,,
12196349,2,2,6,6,,,,,,,,,
12196692,0,0,5,4,,,,,,,,,
12196693,2,2,6,2,6,,,,,,,,
12196694,1,1,1,6,6,,,,,5,,,
12196696,2,2,3,7,6,,,,,,,,
12196697,2,2,6,6,,,,,,,,,
12196698,2,2,2,7,6,,,,,,,,
12196712,2,2,6,7,,,,,,,,,
12196713,1,1,0,6,2,,,,,,,,
12196819,2,2,6,6,,,,,,,,,
12196820,1,1,3,6,1,,,,,,,,
12196821,0,0,1,2,,,,,,,,,
12196822,2,2,6,6,,,,,,,,,
12196823,1,1,6,3,4,,,,,,,,
12196824,0,0,5,2,,,,,,,,,
12196825,2,2,6,6,,,,,,,,,
12196862,0,0,2,1,,,,,,,,,
12196863,0,0,4,1,,,,,,,,,
12196864,0,0,2,3,,,,,,,,,
12196865,0,0,4,3,,,,,,,,,
12196866,0,0,3,3,,,,,,,,,
12196867,2,2,6,6,6,,,4,,,,,
12196868,1,1,6,5,2,,,,,,,,
12196869,0,0,4,1,,,,,,,,,
12196870,2,2,6,6,,,,,,,,,
12196871,0,0,6,4,,,,2,,,,,
12196872,0,0,3,0,,,,,,,,,
12196873,2,2,6,6,,,,,,,,,
12196874,0,0,4,2,,,,,,,,,
12196875,1,1,7,5,3,,,9,,,,,
12196876,2,2,6,6,,,,,,,,,
12196940,0,0,6,4,,,,2,,,,,
12196943,2,2,6,6,,,,,,,,,
12196944,1,1,2,7,4,,,,,,,,
12196945,2,2,6,6,,,,,,,,,
12196951,2,2,6,6,,,,,,,,,
12196955,2,2,4,6,6,,,,,,,,
12196960,1,1,6,6,4,,,5,,,,,
12196963,2,2,6,6,,,,,,,,,
12197068,1,1,7,2,1,,,7,,,,,
12197206,2,2,4,6,6,,,,,,,,
12197207,0,0,4,4,,,,,,,,,
12197279,2,2,6,3,7,,,,,,,,
12197282,1,1,7,5,3,,,,,,,,
12197283,2,2,7,1,6,,,,,,,,
12197284,1,1,7,5,3,,,,,,,,
12197285,2,2,6,6,,,,,,,,,
12197361,2,2,6,6,,,,,,,,,
12197510,0,0,1,2,,,,,,,,,
12197543,0,0,0,2,,,,,,,,,
12197544,1,1,6,4,,,,,,,,,
12197546,2,2,4,7,6,,,,7,,,,
12197547,1,1,7,5,1,,,,,,,,
12197549,2,2,6,6,,,,,,,,,
12197550,1,1,6,3,5,,,,,,,,
12197552,0,0,6,0,,,,1,,,,,
12197554,0,0,2,1,,,,,,,,,
12197555,1,1,7,4,2,,,,,,,,
12197557,2,2,6,6,,,,,,,,,
12197558,2,2,6,2,6,,,,,,,,
12197559,2,2,6,4,7,,,,,,,,
12197658,0,0,1,3,,,,,,,,,
12197682,0,0,2,6,,,,,3,,,,
12197693,0,0,3,4,,,,,,,,,
12197694,0,0,3,5,,,,,,,,,
12197695,2,2,6,6,,,,,,,,,
12197696,2,2,7,6,,,,,,,,,
12197697,2,2,6,6,,,,,,,,,
12197698,2,2,6,6,,,,,,,,,
12197699,2,2,7,6,,,,,,,,,
12197700,0,0,0,3,,,,,,,,,
12197713,2,2,6,6,,,,,,,,,
12197715,1,1,6,4,4,,,,,,,,
12197819,2,2,6,7,,,,,,,,,
12197827,1,1,6,4,0,,,,,,,,
12197833,0,0,3,1,,,,,,,,,
12197935,1,1,6,3,4,,,,,,,,
12197936,2,2,5,6,6,,,,,,,,
12197939,2,2,6,6,6,,,,14,,,,
12198024,1,1,6,4,1,,,,,,,,
12198172,2,2,6,6,,,,,,,,,
12198306,2,2,7,6,,,,7,,,,,
12198309,0,0,1,2,,,,,,,,,
12198311,0,0,2,,,,,,,,,,
12198312,1,1,6,1,5,,,,,,,,
12198754,2,2,7,6,,,,9,,,,,
12198755,0,0,6,2,,,,3,,,,,
12198756,2,2,4,6,6,,,,,,,,
12198757,2,2,5,6,6,,,,,,,,
12198758,2,2,6,6,,,,,,,,,
12198759,0,0,6,6,,,,5,5,,,,
12198760,2,2,6,2,6,,,,,,,,
12199666,0,0,2,3,,,,,,,,,
12156286,2,2,7,6,6,,,,4,,,,
12156288,1,1,6,4,4,,,,,,,,
12156290,2,2,6,6,,,,,,,,,
12156297,1,1,6,6,3,,,4,,,,,
12157161,2,2,6,6,,,,,,,,,
12157162,2,2,6,0,6,,,,,,,,
12157163,1,1,6,3,6,,,,,3,,,
12157167,2,2,7,6,,,,7,,,,,
12157168,0,0,3,3,,,,,,,,,
12157169,0,0,1,4,,,,,,,,,
12157170,2,2,6,6,,,,,,,,,
12157172,0,0,3,3,,,,,,,,,
12157173,2,2,7,6,,,,7,,,,,
12157175,2,2,6,7,,,,,9,,,,
12173696,2,2,6,6,,,,,,,,,
12173697,1,1,6,1,,,,,,,,,
12173698,0,0,4,5,,,,,,,,,
12173702,2,2,6,6,,,,,,,,,
12173703,2,2,6,6,,,,,,,,,
12173706,0,0,1,,,,,,,,,,
12173949,1,1,6,6,4,,,6,,,,,
12173951,2,2,6,3,6,,,,,,,,
12173957,,,,,,,,,,,,,
12173990,0,0,3,0,,,,,,,,,
12173992,2,2,6,7,,,,,7,,,,
12173995,1,1,4,6,4,,,,,,,,
12173998,0,0,5,1,,,,,,,,,
12174251,2,2,7,6,,,,7,,,,,
12174252,,,,,,,,,,,,,
12174256,1,1,6,7,3,,,2,,,,,
12174259,1,1,2,6,5,,,,,,,,
12174403,0,0,6,0,,,,8,,,,,
12174404,2,2,6,7,,,,,,,,,
12174405,2,2,7,6,,,,,,,,,
12174407,1,1,6,3,,,,,,,,,
12174409,2,2,7,6,,,,7,,,,,
12174411,0,0,2,4,,,,,,,,,
12174413,0,0,1,6,,,,,5,,,,
12174414,1,1,6,1,2,,,,,,,,
12174430,0,0,5,,,,,,,,,,
12174440,2,2,3,6,7,,,,,,,,
12174442,0,0,4,1,,,,,,,,,
12174443,2,2,5,6,7,,,,,,,,
12189037,2,2,6,6,,,,,,,,,
12189038,1,1,6,6,2,,,,3,,,,
12189039,0,0,3,0,,,,,,,,,
12189043,2,2,7,6,,,,7,,,,,
12189045,1,1,3,6,2,,,,,,,,
12189046,1,1,6,1,6,,,,,1,,,
12189706,1,1,6,3,5,,,,,,,,
12189710,2,2,6,6,,,,,,,,,
12189712,2,2,6,6,,,,,,,,,
12189713,1,1,3,6,4,,,,,,,,
12189715,1,1,6,3,6,,,,,3,,,
12189716,1,1,4,6,3,,,,,,,,
12189717,2,2,7,6,,,,,,,,,
12189718,2,2,6,6,,,,,,,,,
12189719,2,2,6,6,,,,,,,,,
12189959,2,2,6,2,6,,,,,,,,
12189960,2,2,6,6,,,,,,,,,
12189961,2,2,6,3,6,,,,,,,,
12189962,0,0,1,,,,,,,,,,
12189963,1,1,6,0,0,,,,,,,,
12189964,2,2,6,6,,,,,,,,,
12189965,2,2,6,6,,,,,,,,,
12190182,1,1,6,3,1,,,,,,,,
12190183,2,2,6,6,,,,,,,,,
12190184,2,2,5,7,6,,,,,,,,
12190185,2,2,6,6,,,,,,,,,
12190187,2,2,7,6,,,,7,,,,,
12190188,0,0,3,6,,,,,3,,,,
12190189,2,2,6,6,,,,,,,,,
12190192,2,2,6,6,6,,,,8,,,,
12190259,1,1,5,6,5,,,,,,,,
12190260,0,0,3,0,,,,,,,,,
12190262,0,0,3,3,,,,,,,,,
12190263,2,2,4,6,7,,,,,11,,,
12190270,,,,,,,,,,,,,
12190274,2,2,6,7,,,,,,,,,
12190275,0,0,6,5,,,,6,,,,,
12190277,2,2,6,4,6,,,,,,,,
12190406,,,,,,,,,,,,,
12191327,2,2,7,6,,,,,,,,,
12191330,0,0,1,3,,,,,,,,,
12191332,2,2,6,6,,,,,,,,,
12191334,,,,,,,,,,,,,
12191335,,,,,,,,,,,,,
12191336,2,2,6,6,,,,,,,,,
12191337,0,0,2,,,,,,,,,,
12191338,0,0,2,6,,,,,4,,,,
12191547,1,1,6,3,5,,,,,,,,
12191703,2,2,0,7,7,,,,7,,,,
12191710,0,0,5,4,,,,,,,,,
12191729,2,2,6,6,,,,,,,,,
12191737,1,1,7,4,6,,,7,,5,,,
12191743,2,2,7,4,6,,,7,,,,,
12191747,2,2,6,2,6,,,,,,,,
12191749,2,2,6,6,,,,,,,,,
12191872,2,2,7,6,,,,11,,,,,
12191873,2,2,6,6,,,,,,,,,
12191876,2,2,6,6,,,,,,,,,
12191878,2,2,6,6,,,,,,,,,
12192441,0,0,1,2,,,,,,,,,
12192442,0,0,1,2,,,,,,,,,
12192443,0,0,4,3,,,,,,,,,
12192444,0,0,6,2,,,,1,,,,,
12192445,2,2,6,6,,,,,,,,,
12192448,0,0,2,2,,,,,,,,,
12192452,0,0,5,4,,,,,,,,,
12192453,2,2,7,6,,,,7,,,,,
12193158,2,2,6,3,6,,,,,,,,
12193165,1,1,6,4,3,,,,,,,,
12193290,1,1,1,6,3,,,,,,,,
12193294,0,0,4,6,,,,,4,,,,
12193295,0,0,0,0,,,,,,,,,
12193296,2,2,7,5,6,,,7,,,,,
12193464,2,2,6,6,,,,,,,,,
12193465,2,2,6,6,,,,,,,,,
12193466,0,0,3,0,,,,,,,,,
12193467,2,2,7,6,,,,,,,,,
12193468,2,2,6,6,,,,,,,,,
12193469,2,2,6,6,,,,,,,,,
12193470,0,0,6,3,,,,5,,,,,
12193539,2,2,6,6,,,,,,,,,
12193540,1,1,6,6,2,,,,6,,,,
12193642,2,2,6,6,,,,,,,,,
12193643,2,2,6,6,,,,,,,,,
12193644,0,0,1,4,,,,,,,,,
12193645,0,0,0,4,,,,,,,,,
12193760,1,1,3,6,2,,,,,,,,
12193761,2,2,6,6,,,,,,,,,
12193763,0,0,1,1,,,,,,,,,
12193767,1,1,6,5,4,,,,,,,,
12193769,0,0,6,4,,,,2,,,,,
12193770,0,0,3,1,,,,,,,,,
12193918,0,0,6,3,,,,2,,,,,
12193922,2,2,6,1,6,,,,,,,,
12193938,0,0,1,2,,,,,,,,,
12193939,2,2,6,6,,,,,,,,,
12193940,2,2,6,6,,,,,,,,,
12193941,2,2,6,6,,,,,,,,,
12193946,1,1,7,4,3,,,7,,,,,
12193966,1,1,6,1,,,,,,,,,
12194006,2,2,7,6,,,,,,,,,
12194007,1,1,6,6,5,,,,2,,,,
12194008,1,1,7,6,3,,,,6,,,,
12194010,1,1,4,6,5,,,,,,,,
12194015,2,2,5,7,6,,,,7,,,,
12194016,0,0,1,6,,,,,3,,,,
12194018,2,2,6,7,,,,,7,,,,
12194019,2,2,6,6,,,,,,,,,
12194020,2,2,6,6,,,,,,,,,
12194022,0,0,3,4,,,,,,,,,
12194080,2,2,6,6,,,,,,,,,
12194084,0,0,5,2,,,,,,,,,
12194086,1,1,6,2,6,,,,,2,,,
12194090,0,0,6,4,,,,3,,,,,
12194095,0,0,6,2,,,,3,,,,,
12194097,0,0,4,3,,,,,,,,,
12194098,2,2,6,6,,,,,,,,,
12194137,0,0,4,0,,,,,,,,,
12194151,2,2,7,6,,,,11,,,,,
12194154,2,2,6,7,,,,,,,,,
12194159,,,,,,,,,,,,,
12194160,2,2,7,6,,,,,,,,,
12194161,1,1,6,3,4,,,,,,,,
12194216,2,2,7,6,,,,7,,,,,
12194399,1,1,6,6,4,,,6,,,,,
12194465,2,2,7,7,,,,7,,,,,
12194466,2,2,7,6,,,,7,,,,,
12194471,2,2,3,6,6,,,,,,,,
12194473,1,1,7,2,3,,,7,,,,,
12194528,2,2,7,7,,,,7,,,,,
12194529,0,0,2,3,,,,,,,,,
12194530,0,0,5,3,,,,,,,,,
12194531,0,0,2,0,,,,,,,,,
12194532,2,2,7,6,,,,,,,,,
12194534,0,0,4,3,,,,,,,,,
12194537,0,0,3,2,,,,,,,,,
12194539,2,2,6,7,,,,,,,,,
12194540,0,0,1,1,,,,,,,,,
12194541,1,1,2,6,4,,,,,,,,
12194639,0,0,2,0,,,,,,,,,
12194640,0,0,2,4,,,,,,,,,
12194641,2,2,7,2,6,,,9,,,,,
12194643,0,0,4,6,,,,,3,,,,
12194644,0,0,5,2,,,,,,,,,
12194645,2,2,6,7,,,,,,,,,
12194646,0,0,5,6,,,,,0,,,,
12194656,0,0,2,3,,,,,,,,,
12194683,1,1,6,3,4,,,,,,,,
12194802,2,2,6,0,10,,,,,,,,
12194803,2,2,7,6,,,,,,,,,
12194804,0,0,2,5,,,,,,,,,
12194805,1,1,6,0,5,,,,,,,,
12194806,0,0,4,5,,,,,,,,,
12194807,2,2,6,5,6,,,,,,,,
12194808,0,0,6,0,,,,7,,,,,
12194809,0,0,5,2,,,,,,,,,
12194810,0,0,1,5,,,,,,,,,
12194811,0,0,3,2,,,,,,,,,
12194812,0,0,5,1,,,,,,,,,
12194813,2,2,6,5,10,,,,,,,,
12194814,2,2,6,3,6,,,,,,,,
12194815,2,2,6,4,6,,,,,,,,
12194816,0,0,1,4,,,,,,,,,
12194966,2,2,5,7,7,,,,,7,,,
12194967,2,2,6,6,,,,,,,,,
12194968,2,2,6,6,,,,,,,,,
12194969,1,1,6,4,,,,,,,,,
12195182,2,2,3,6,6,,,,,,,,
12195183,2,2,6,7,6,,,3,,,,,
12195188,2,2,7,7,,,,7,7,,,,
12195189,2,2,4,6,6,,,,,,,,
12195191,1,1,7,6,3,,,7,4,,,,
12195192,1,1,7,4,3,,,,,,,,
12195196,2,2,6,6,7,,,,4,7,,,
12195199,2,2,6,1,6,,,,,,,,
12195200,2,2,6,6,,,,,,,,,
12195201,0,0,3,1,,,,,,,,,
12195203,0,0,2,3,,,,,,,,,
12195205,0,0,1,3,,,,,,,,,
12195206,0,0,0,4,,,,,,,,,
12195207,2,2,6,6,,,,,,,,,
12195208,2,2,1,7,7,,,,8,,,,
12195209,0,0,4,6,,,,,3,,,,
12195210,1,1,6,6,4,,,,4,,,,
12195211,2,2,6,6,,,,,,,,,
12195212,2,2,6,6,,,,,,,,,
12195213,0,0,0,3,,,,,,,,,
12195214,2,2,3,6,6,,,,,,,,
12195215,0,0,2,4,,,,,,,,,
12195216,2,2,3,6,6,,,,,,,,
12195217,2,2,6,7,,,,,7,,,,
12195218,2,2,6,7,,,,,10,,,,
12195231,0,0,1,2,,,,,,,,,
12195233,2,2,7,6,,,,,,,,,
12195235,1,1,6,5,4,,,,,,,,
12195236,2,2,7,6,,,,,,,,,
12195237,1,1,6,6,0,,,,5,,,,
12195238,2,2,6,6,,,,,,,,,
12195239,2,2,6,6,,,,,,,,,
12195240,0,0,1,3,,,,,,,,,
12195241,1,1,6,3,4,,,,,,,,
12195242,2,2,6,6,,,,,,,,,
12195243,0,0,3,2,,,,,,,,,
12195244,2,2,6,6,,,,,,,,,
12195246,0,0,1,2,,,,,,,,,
12195247,1,1,6,6,4,,,,6,,,,
12195249,2,2,6,6,,,,,,,,,
12195250,2,2,7,6,,,,,,,,,
12195254,0,0,4,4,,,,,,,,,
12195255,2,2,6,6,,,,,,,,,
12195257,0,0,2,0,,,,,,,,,
12195270,0,0,3,3,,,,,,,,,
12195271,2,2,5,6,6,,,,,,,,
12195272,2,2,6,6,,,,,,,,,
12195273,2,2,6,6,,,,,,,,,
12195274,2,2,6,6,,,,,,,,,
12195276,0,0,3,4,,,,,,,,,
12195277,0,0,3,6,,,,,4,,,,
12195278,0,0,6,4,,,,3,,,,,
12195279,0,0,0,4,,,,,,,,,
12195280,2,2,6,6,,,,,,,,,
12195281,2,2,6,3,6,,,,,,,,
12195283,0,0,3,5,,,,,,,,,
12195284,2,2,6,6,,,,,,,,,
12195285,2,2,6,6,,,,,,,,,
12195286,1,1,6,1,5,,,,,,,,
12195287,2,2,6,6,,,,,,,,,
12195288,0,0,0,4,,,,,,,,,
12195289,0,0,1,3,,,,,,,,,
12195290,2,2,6,6,,,,,,,,,
12195291,1,1,6,1,4,,,,,,,,
12195293,2,2,6,2,6,,,,,,,,
12195296,2,2,7,2,6,,,9,,,,,
12195297,2,2,3,6,6,,,,,,,,
12195298,2,2,6,6,,,,,,,,,
12195299,2,2,6,6,,,,,,,,,
12195300,2,2,6,6,,,,,,,,,
12195302,2,2,6,4,6,,,,,,,,
12195303,2,2,4,6,6,,,,,,,,
12195781,0,0,3,2,,,,,,,,,
12195782,2,2,6,6,7,,,5,,7,,,
12195783,2,2,6,6,,,,,,,,,
12195793,,,,,,,,,,,,,
12195794,0,0,6,2,,,,7,,,,,
12195795,0,0,3,0,,,,,,,,,
12195807,1,1,6,6,0,,,,8,,,,
12195808,0,0,1,2,,,,,,,,,
12195809,0,0,1,1,,,,,,,,,
12195810,0,0,6,3,,,,5,,,,,
12196342,0,0,2,1,,,,,,,,,
12196343,1,1,7,1,2,,,9,,,,,
12196344,2,2,2,6,6,,,,,,,,
12196345,2,2,6,7,,,,,,,,,
12196346,2,2,6,6,,,,,,,,,
12196347,0,0,4,4,,,,,,,,,
12196348,0,0,1,1,,,,,,,,,
12196349,2,2,6,6,,,,,,,,,
12196479,1,1,3,6,5,,,,,,,,
12196582,2,2,3,7,6,,,,,,,,
12196599,1,1,6,0,4,,,,,,,,
12196692,0,0,5,4,,,,,,,,,
12196693,2,2,6,2,6,,,,,,,,
12196694,1,1,1,6,6,,,,,5,,,
12196695,1,1,7,3,1,,,10,,,,,
12196696,2,2,3,7,6,,,,,,,,
12196697,2,2,6,6,,,,,,,,,
12196698,2,2,2,7,6,,,,,,,,
12196712,2,2,6,7,,,,,,,,,
12196713,1,1,0,6,2,,,,,,,,
12196755,0,0,2,0,,,,,,,,,
12196780,2,2,6,6,,,,,,,,,
12196799,1,1,5,7,3,,,,7,,,,
12196819,2,2,6,6,,,,,,,,,
12196820,1,1,3,6,1,,,,,,,,
12196821,0,0,1,2,,,,,,,,,
12196822,2,2,6,6,,,,,,,,,
12196823,1,1,6,3,4,,,,,,,,
12196824,0,0,5,2,,,,,,,,,
12196825,2,2,6,6,,,,,,,,,
12196862,0,0,2,1,,,,,,,,,
12196863,0,0,4,1,,,,,,,,,
12196864,0,0,2,3,,,,,,,,,
12196865,0,0,4,3,,,,,,,,,
12196866,0,0,3,3,,,,,,,,,
12196867,2,2,6,6,6,,,4,,,,,
12196868,1,1,6,5,2,,,,,,,,
12196869,0,0,4,1,,,,,,,,,
12196870,2,2,6,6,,,,,,,,,
12196871,0,0,6,4,,,,2,,,,,
12196872,0,0,3,0,,,,,,,,,
12196873,2,2,6,6,,,,,,,,,
12196874,0,0,4,2,,,,,,,,,
12196875,1,1,7,5,3,,,9,,,,,
12196876,2,2,6,6,,,,,,,,,
12196877,0,0,3,4,,,,,,,,,
12196940,0,0,6,4,,,,2,,,,,
12196943,2,2,6,6,,,,,,,,,
12196944,1,1,2,7,4,,,,,,,,
12196945,2,2,6,6,,,,,,,,,
12196951,2,2,6,6,,,,,,,,,
12196955,2,2,4,6,6,,,,,,,,
12196960,1,1,6,6,4,,,5,,,,,
12196963,2,2,6,6,,,,,,,,,
12197068,1,1,7,2,1,,,7,,,,,
12197206,2,2,4,6,6,,,,,,,,
12197207,0,0,4,4,,,,,,,,,
12197279,2,2,6,3,7,,,,,,,,
12197280,0,0,2,0,,,,,,,,,
12197281,0,0,2,6,,,,,4,,,,
12197282,1,1,7,5,3,,,,,,,,
12197283,2,2,7,1,6,,,,,,,,
12197284,1,1,7,5,3,,,,,,,,
12197285,2,2,6,6,,,,,,,,,
12197295,2,2,6,6,,,,,,,,,
12197356,1,1,6,3,4,,,,,,,,
12197357,2,2,6,7,,,,,10,,,,
12197358,0,0,3,1,,,,,,,,,
12197359,2,2,6,6,,,,,,,,,
12197360,1,1,7,3,5,,,,,,,,
12197361,2,2,6,6,,,,,,,,,
12197362,2,2,7,6,,,,7,,,,,
12197363,2,2,2,7,7,,,,,,,,
12197364,0,0,0,,,,,,,,,,
12197510,0,0,1,2,,,,,,,,,
12197543,0,0,0,2,,,,,,,,,
12197544,1,1,6,4,,,,,,,,,
12197545,1,1,0,7,3,,,,,,,,
12197546,2,2,4,7,6,,,,7,,,,
12197547,1,1,7,5,1,,,,,,,,
12197549,2,2,6,6,,,,,,,,,
12197550,1,1,6,3,5,,,,,,,,
12197551,0,0,2,1,,,,,,,,,
12197552,0,0,6,0,,,,1,,,,,
12197553,0,0,3,2,,,,,,,,,
12197554,0,0,2,1,,,,,,,,,
12197555,1,1,7,4,2,,,,,,,,
12197556,2,2,6,6,7,,,,2,,,,
12197557,2,2,6,6,,,,,,,,,
12197558,2,2,6,2,6,,,,,,,,
12197559,2,2,6,4,7,,,,,,,,
12197658,0,0,1,3,,,,,,,,,
12197675,2,2,6,6,7,,,4,,,,,
12197682,0,0,2,6,,,,,3,,,,
12197693,0,0,3,4,,,,,,,,,
12197694,0,0,3,5,,,,,,,,,
12197695,2,2,6,6,,,,,,,,,
12197696,2,2,7,6,,,,,,,,,
12197697,2,2,6,6,,,,,,,,,
12197698,2,2,6,6,,,,,,,,,
12197699,2,2,7,6,,,,,,,,,
12197700,0,0,0,3,,,,,,,,,
12197705,2,2,3,6,6,,,,,,,,
12197710,2,2,6,6,,,,,,,,,
12197713,2,2,6,6,,,,,,,,,
12197715,1,1,6,4,4,,,,,,,,
12197786,0,0,3,6,,,,,2,,,,
12197793,2,2,6,6,,,,,,,,,
12197816,1,1,6,3,3,,,,,,,,
12197819,2,2,6,7,,,,,,,,,
12197827,1,1,6,4,0,,,,,,,,
12197833,0,0,3,1,,,,,,,,,
12197834,2,2,6,6,,,,,,,,,
12197835,2,2,7,7,,,,7,7,,,,
12197843,0,0,4,4,,,,,,,,,
12197935,1,1,6,3,4,,,,,,,,
12197936,2,2,5,6,6,,,,,,,,
12197938,2,2,6,3,6,,,,,,,,
12197939,2,2,6,6,6,,,,14,,,,
12197940,0,0,3,4,,,,,,,,,
12197941,2,2,6,6,,,,,,,,,
12198024,1,1,6,4,1,,,,,,,,
12198140,2,2,6,6,,,,,,,,,
12198151,2,2,6,7,,,,,,,,,
12198172,2,2,6,6,,,,,,,,,
12198199,2,2,4,7,6,,,,,,,,
12198200,2,2,6,6,,,,,,,,,
12198207,0,0,5,4,,,,,,,,,
12198305,2,2,6,6,,,,,,,,,
12198306,2,2,7,6,,,,7,,,,,
12198307,2,2,6,6,,,,,,,,,
12198308,2,2,6,6,,,,,,,,,
12198309,0,0,1,2,,,,,,,,,
12198310,2,2,7,5,6,,,,,,,,
12198311,0,0,2,,,,,,,,,,
12198312,1,1,6,1,5,,,,,,,,
12198657,0,0,3,2,,,,,,,,,
12198752,2,2,7,6,,,,,,,,,
12198754,2,2,7,6,,,,9,,,,,
12198755,0,0,6,2,,,,3,,,,,
12198756,2,2,4,6,6,,,,,,,,
12198757,2,2,5,6,6,,,,,,,,
12198758,2,2,6,6,,,,,,,,,
12198759,0,0,6,6,,,,5,5,,,,
12198760,2,2,6,2,6,,,,,,,,
12198791,1,1,6,4,5,,,,,,,,
12198870,2,2,2,6,6,,,,,,,,
12198872,2,2,6,7,,,,,8,,,,
12198890,1,1,6,6,4,,,4,,,,,
12198931,0,0,4,1,,,,,,,,,
12198932,2,2,6,7,,,,,,,,,
12198961,1,1,6,4,,,,,,,,,
12199138,2,2,6,6,,,,,,,,,
12199144,0,0,3,1,,,,,,,,,
12199155,2,2,6,6,,,,,,,,,
12199156,2,2,4,6,6,,,,,,,,
12199211,2,2,7,6,,,,,,,,,
12199234,1,1,6,3,0,,,,,,,,
12199342,0,0,5,4,,,,,,,,,
12199352,2,2,6,6,6,,,5,,,,,
12199364,0,0,3,4,,,,,,,,,
12199375,,,,,,,,,,,,,
12199376,2,2,6,6,,,,,,,,,
12199384,2,2,6,6,,,,,,,,,
12199385,2,2,6,3,6,,,,,,,,
12199391,1,1,7,3,3,,,,,,,,
12199435,0,0,3,6,,,,,3,,,,
12199463,2,2,3,7,6,,,,7,,,,
12199491,2,2,6,6,,,,,,,,,
12199570,2,2,6,6,,,,,,,,,
12199571,0,0,3,3,,,,,,,,,
12199587,0,0,5,4,,,,,,,,,
12199593,0,0,5,0,,,,,,,,,
12199594,0,0,2,3,,,,,,,,,
12199595,0,0,4,3,,,,,,,,,
12199613,2,2,6,6,,,,,,,,,
12199614,2,2,7,1,7,,,,,,,,
12199615,0,0,3,2,,,,,,,,,
12199616,2,2,7,6,,,,7,,,,,
12199625,2,2,7,6,,,,7,,,,,
12199628,0,0,0,0,,,,,,,,,
12199634,2,2,6,6,,,,,,,,,
12199639,0,0,3,5,,,,,,,,,
12199640,2,2,7,7,,,,,7,,,,
12199646,2,2,4,7,6,,,,,,,,
12199662,2,2,2,7,6,,,,7,,,,
12199666,0,0,2,3,,,,,,,,,
12199667,2,2,3,6,7,,,,,7,,,
12199668,2,2,6,6,,,,,,,,,
12199670,0,0,2,5,,,,,,,,,
12199671,,,,,,,,,,,,,
12199672,0,0,3,0,,,,,,,,,
12199673,0,0,4,1,,,,,,,,,
12199675,2,2,4,6,7,,,,,7,,,
12199697,2,2,6,6,,,,,,,,,
12199698,2,2,6,6,,,,,,,,,
12199708,1,1,3,6,3,,,,,,,,
12199709,2,2,6,6,,,,,,,,,
12199711,2,2,6,3,6,,,,,,,,
12199712,0,0,2,4,,,,,,,,,
12199716,1,1,3,7,3,,,,7,,,,
12199717,2,2,7,6,,,,7,,,,,
12199728,2,2,7,7,,,,,,,,,
12199768,0,0,4,3,,,,,,,,,
12199769,2,2,4,6,6,,,,,,,,
12199774,2,2,7,6,,,,7,,,,,
12199775,2,2,6,6,,,,,,,,,
12199776,2,2,4,6,7,,,,,,,,
12199780,0,0,4,,,,,,,,,,
12199781,1,1,7,3,1,,,11,,,,,
12199786,2,2,6,6,,,,,,,,,
12199787,2,2,6,6,,,,,,,,,
12199789,2,2,6,6,,,,,,,,,
12199809,1,1,6,2,,,,,,,,,
12199810,2,2,7,6,,,,,,,,,
12199813,2,2,6,6,,,,,,,,,
12199815,0,0,1,4,,,,,,,,,
12199817,2,2,7,6,,,,,,,,,
12199818,2,2,6,6,6,,,7,,,,,
12199822,0,0,3,2,,,,,,,,,
12199823,2,2,6,6,,,,,,,,,
12199845,0,0,3,6,,,,,4,,,,
12199850,1,1,7,5,4,,,9,,,,,
12199860,0,0,6,2,,,,6,,,,,
12199863,0,0,5,1,,,,,,,,,
12199865,1,1,7,4,6,,,7,,6,,,
12199902,2,2,6,6,,,,,,,,,
12199938,0,0,4,2,,,,,,,,,
12199997,2,2,6,5,6,,,,,,,,
12199998,1,1,7,0,4,,,,,,,,
12200027,2,2,6,6,6,,,,4,,,,
12200040,2,2,6,6,,,,,,,,,
12200065,2,2,6,6,,,,,,,,,
12200102,1,1,6,2,2,,,,,,,,
12200135,2,2,6,7,,,,,,,,,
12200174,0,0,3,6,,,,,1,,,,
12200176,0,0,1,0,,,,,,,,,
12200185,2,2,7,6,,,,8,,,,,
12200217,2,2,6,6,,,,,,,,,
12200218,2,2,6,6,,,,,,,,,
12200225,1,1,6,4,6,,,,,1,,,
12200286,2,2,6,5,6,,,,,,,,
12200287,2,2,3,6,6,,,,,,,,
12200336,2,2,6,6,,,,,,,,,
12200520,0,0,5,3,,,,,,,,,
12200526,0,0,4,1,,,,,,,,,
12201735,2,2,6,7,,,,,7,,,,
12201886,2,2,7,6,,,,7,,,,,
12156287,2,2,6,6,,,,,,,,,
12156288,1,1,6,4,4,,,,,,,,
12156290,2,2,6,6,,,,,,,,,
12156346,1,1,4,6,6,,,,,2,,,
12157164,0,0,3,5,,,,,,,,,
12157165,2,2,6,6,,,,,,,,,
12157170,2,2,6,6,,,,,,,,,
12157175,2,2,6,7,,,,,9,,,,
12173696,2,2,6,6,,,,,,,,,
12173697,1,1,6,1,,,,,,,,,
12173698,0,0,4,5,,,,,,,,,
12173699,2,2,7,3,6,,,7,,,,,
12173702,2,2,6,6,,,,,,,,,
12173703,2,2,6,6,,,,,,,,,
12173704,2,2,7,6,,,,7,,,,,
12173706,0,0,1,,,,,,,,,,
12173708,2,2,7,6,,,,7,,,,,
12173713,2,2,5,6,6,,,,,,,,
12173948,2,2,6,3,7,,,,,7,,,
12173949,1,1,6,6,4,,,6,,,,,
12173951,2,2,6,3,6,,,,,,,,
12173952,2,2,7,6,,,,7,,,,,
12173953,2,2,4,6,6,,,,,,,,
12173955,1,1,6,4,3,,,,,,,,
12173957,,,,,,,,,,,,,
12173962,1,1,6,6,2,,,,5,,,,
12173990,0,0,3,0,,,,,,,,,
12173992,2,2,6,7,,,,,7,,,,
12173993,0,0,4,4,,,,,,,,,
12173995,1,1,4,6,4,,,,,,,,
12173998,0,0,5,1,,,,,,,,,
12173999,2,2,7,6,,,,,,,,,
12174000,1,1,6,6,1,,,1,,,,,
12174002,2,2,7,7,,,,,7,,,,
12174249,2,2,6,6,,,,,,,,,
12174251,2,2,7,6,,,,7,,,,,
12174252,,,,,,,,,,,,,
12174255,1,1,3,6,4,,,,,,,,
12174256,1,1,6,7,3,,,2,,,,,
12174258,2,2,6,4,6,,,,,,,,
12174259,1,1,2,6,5,,,,,,,,
12174260,2,2,6,3,6,,,,,,,,
12174391,0,0,3,4,,,,,,,,,
12174394,2,2,6,3,12,,,,,,,,
12174395,2,2,7,6,,,,,,,,,
12174396,2,2,7,6,,,,,,,,,
12174403,0,0,6,0,,,,8,,,,,
12174404,2,2,6,7,,,,,,,,,
12174405,2,2,7,6,,,,,,,,,
12174406,2,2,2,7,6,,,,,,,,
12174407,1,1,6,3,,,,,,,,,
12174409,2,2,7,6,,,,7,,,,,
12174410,2,2,6,6,,,,,,,,,
12174411,0,0,2,4,,,,,,,,,
12174413,0,0,1,6,,,,,5,,,,
12174414,1,1,6,1,2,,,,,,,,
12174415,0,0,6,2,,,,4,,,,,
12174416,2,2,6,6,,,,,,,,,
12174430,0,0,5,,,,,,,,,,
12174436,1,1,6,0,2,,,,,,,,
12174437,2,2,6,6,,,,,,,,,
12174438,2,2,6,5,6,,,,,,,,
12174440,2,2,3,6,7,,,,,,,,
12174441,2,2,6,7,,,,,7,,,,
12174442,0,0,4,1,,,,,,,,,
12174443,2,2,5,6,7,,,,,,,,
12189037,2,2,6,6,,,,,,,,,
12189038,1,1,6,6,2,,,,3,,,,
12189046,1,1,6,1,6,,,,,1,,,
12190263,2,2,4,6,7,,,,,11,,,
12191327,2,2,7,6,,,,,,,,,
12191330,0,0,1,3,,,,,,,,,
12191332,2,2,6,6,,,,,,,,,
12191334,,,,,,,,,,,,,
12191335,,,,,,,,,,,,,
12191336,2,2,6,6,,,,,,,,,
12191337,0,0,2,,,,,,,,,,
12191338,0,0,2,6,,,,,4,,,,
12193465,2,2,6,6,,,,,,,,,
12193466,0,0,3,0,,,,,,,,,
12193468,2,2,6,6,,,,,,,,,
12193966,1,1,6,1,,,,,,,,,
12194154,2,2,6,7,,,,,,,,,
12194807,2,2,6,5,6,,,,,,,,
12194815,2,2,6,4,6,,,,,,,,
12195201,0,0,3,1,,,,,,,,,
12195205,0,0,1,3,,,,,,,,,
12195218,2,2,6,7,,,,,10,,,,
12195233,2,2,7,6,,,,,,,,,
12195238,2,2,6,6,,,,,,,,,
12195240,0,0,1,3,,,,,,,,,
12195247,1,1,6,6,4,,,,6,,,,
12195257,0,0,2,0,,,,,,,,,
12195279,0,0,0,4,,,,,,,,,
12195288,0,0,0,4,,,,,,,,,
12195295,0,0,2,5,,,,,,,,,
12195781,0,0,3,2,,,,,,,,,
12195782,2,2,6,6,7,,,5,,7,,,
12195783,2,2,6,6,,,,,,,,,
12195793,,,,,,,,,,,,,
12195794,0,0,6,2,,,,7,,,,,
12195795,0,0,3,0,,,,,,,,,
12195807,1,1,6,6,0,,,,8,,,,
12195810,0,0,6,3,,,,5,,,,,
12196479,1,1,3,6,5,,,,,,,,
12196582,2,2,3,7,6,,,,,,,,
12196599,1,1,6,0,4,,,,,,,,
12196695,1,1,7,3,1,,,10,,,,,
12196755,0,0,2,0,,,,,,,,,
12196780,2,2,6,6,,,,,,,,,
12196799,1,1,5,7,3,,,,7,,,,
12196864,0,0,2,3,,,,,,,,,
12196867,2,2,6,6,6,,,4,,,,,
12196875,1,1,7,5,3,,,9,,,,,
12196876,2,2,6,6,,,,,,,,,
12196877,0,0,3,4,,,,,,,,,
12197279,2,2,6,3,7,,,,,,,,
12197280,0,0,2,0,,,,,,,,,
12197281,0,0,2,6,,,,,4,,,,
12197283,2,2,7,1,6,,,,,,,,
12197295,2,2,6,6,,,,,,,,,
12197356,1,1,6,3,4,,,,,,,,
12197357,2,2,6,7,,,,,10,,,,
12197358,0,0,3,1,,,,,,,,,
12197359,2,2,6,6,,,,,,,,,
12197360,1,1,7,3,5,,,,,,,,
12197361,2,2,6,6,,,,,,,,,
12197362,2,2,7,6,,,,7,,,,,
12197363,2,2,2,7,7,,,,,,,,
12197364,0,0,0,,,,,,,,,,
12197545,1,1,0,7,3,,,,,,,,
12197546,2,2,4,7,6,,,,7,,,,
12197551,0,0,2,1,,,,,,,,,
12197552,0,0,6,0,,,,1,,,,,
12197553,0,0,3,2,,,,,,,,,
12197555,1,1,7,4,2,,,,,,,,
12197556,2,2,6,6,7,,,,2,,,,
12197559,2,2,6,4,7,,,,,,,,
12197675,2,2,6,6,7,,,4,,,,,
12197681,0,0,6,1,,,,5,,,,,
12197694,0,0,3,5,,,,,,,,,
12197695,2,2,6,6,,,,,,,,,
12197698,2,2,6,6,,,,,,,,,
12197705,2,2,3,6,6,,,,,,,,
12197710,2,2,6,6,,,,,,,,,
12197786,0,0,3,6,,,,,2,,,,
12197793,2,2,6,6,,,,,,,,,
12197816,1,1,6,3,3,,,,,,,,
12197834,2,2,6,6,,,,,,,,,
12197835,2,2,7,7,,,,7,7,,,,
12197843,0,0,4,4,,,,,,,,,
12197935,1,1,6,3,4,,,,,,,,
12197936,2,2,5,6,6,,,,,,,,
12197937,0,0,6,3,,,,3,,,,,
12197938,2,2,6,3,6,,,,,,,,
12197939,2,2,6,6,6,,,,14,,,,
12197940,0,0,3,4,,,,,,,,,
12197941,2,2,6,6,,,,,,,,,
12197942,2,2,6,7,,,,,,,,,
12198115,0,0,4,2,,,,,,,,,
12198140,2,2,6,6,,,,,,,,,
12198151,2,2,6,7,,,,,,,,,
12198172,2,2,6,6,,,,,,,,,
12198199,2,2,4,7,6,,,,,,,,
12198200,2,2,6,6,,,,,,,,,
12198207,0,0,5,4,,,,,,,,,
12198305,2,2,6,6,,,,,,,,,
12198306,2,2,7,6,,,,7,,,,,
12198307,2,2,6,6,,,,,,,,,
12198308,2,2,6,6,,,,,,,,,
12198309,0,0,1,2,,,,,,,,,
12198310,2,2,7,5,6,,,,,,,,
12198311,0,0,2,,,,,,,,,,
12198312,1,1,6,1,5,,,,,,,,
12198657,0,0,3,2,,,,,,,,,
12198752,2,2,7,6,,,,,,,,,
12198791,1,1,6,4,5,,,,,,,,
12198870,2,2,2,6,6,,,,,,,,
12198872,2,2,6,7,,,,,8,,,,
12198890,1,1,6,6,4,,,4,,,,,
12198931,0,0,4,1,,,,,,,,,
12198932,2,2,6,7,,,,,,,,,
12198961,1,1,6,4,,,,,,,,,
12199138,2,2,6,6,,,,,,,,,
12199144,0,0,3,1,,,,,,,,,
12199155,2,2,6,6,,,,,,,,,
12199156,2,2,4,6,6,,,,,,,,
12199211,2,2,7,6,,,,,,,,,
12199234,1,1,6,3,0,,,,,,,,
12199342,0,0,5,4,,,,,,,,,
12199352,2,2,6,6,6,,,5,,,,,
12199364,0,0,3,4,,,,,,,,,
12199375,,,,,,,,,,,,,
12199376,2,2,6,6,,,,,,,,,
12199384,2,2,6,6,,,,,,,,,
12199385,2,2,6,3,6,,,,,,,,
12199391,1,1,7,3,3,,,,,,,,
12199435,0,0,3,6,,,,,3,,,,
12199463,2,2,3,7,6,,,,7,,,,
12199491,2,2,6,6,,,,,,,,,
12199570,2,2,6,6,,,,,,,,,
12199571,0,0,3,3,,,,,,,,,
12199587,0,0,5,4,,,,,,,,,
12199593,0,0,5,0,,,,,,,,,
12199594,0,0,2,3,,,,,,,,,
12199595,0,0,4,3,,,,,,,,,
12199611,0,0,2,3,,,,,,,,,
12199613,2,2,6,6,,,,,,,,,
12199614,2,2,7,1,7,,,,,,,,
12199615,0,0,3,2,,,,,,,,,
12199616,2,2,7,6,,,,7,,,,,
12199623,0,0,1,1,,,,,,,,,
12199625,2,2,7,6,,,,7,,,,,
12199626,2,2,6,6,,,,,,,,,
12199628,0,0,0,0,,,,,,,,,
12199634,2,2,6,6,,,,,,,,,
12199639,0,0,3,5,,,,,,,,,
12199640,2,2,7,7,,,,,7,,,,
12199646,2,2,4,7,6,,,,,,,,
12199662,2,2,2,7,6,,,,7,,,,
12199666,0,0,2,3,,,,,,,,,
12199667,2,2,3,6,7,,,,,7,,,
12199668,2,2,6,6,,,,,,,,,
12199670,0,0,2,5,,,,,,,,,
12199671,,,,,,,,,,,,,
12199672,0,0,3,0,,,,,,,,,
12199673,0,0,4,1,,,,,,,,,
12199675,2,2,4,6,7,,,,,7,,,
12199676,2,2,6,7,,,,,,,,,
12199697,2,2,6,6,,,,,,,,,
12199698,2,2,6,6,,,,,,,,,
12199708,1,1,3,6,3,,,,,,,,
12199709,2,2,6,6,,,,,,,,,
12199711,2,2,6,3,6,,,,,,,,
12199712,0,0,2,4,,,,,,,,,
12199716,1,1,3,7,3,,,,7,,,,
12199717,2,2,7,6,,,,7,,,,,
12199728,2,2,7,7,,,,,,,,,
12199768,0,0,4,3,,,,,,,,,
12199769,2,2,4,6,6,,,,,,,,
12199774,2,2,7,6,,,,7,,,,,
12199775,2,2,6,6,,,,,,,,,
12199776,2,2,4,6,7,,,,,,,,
12199780,0,0,4,,,,,,,,,,
12199781,1,1,7,3,1,,,11,,,,,
12199786,2,2,6,6,,,,,,,,,
12199787,2,2,6,6,,,,,,,,,
12199789,2,2,6,6,,,,,,,,,
12199809,1,1,6,2,,,,,,,,,
12199810,2,2,7,6,,,,,,,,,
12199813,2,2,6,6,,,,,,,,,
12199815,0,0,1,4,,,,,,,,,
12199817,2,2,7,6,,,,,,,,,
12199818,2,2,6,6,6,,,7,,,,,
12199821,2,2,3,7,6,,,,7,,,,
12199822,0,0,3,2,,,,,,,,,
12199823,2,2,6,6,,,,,,,,,
12199845,0,0,3,6,,,,,4,,,,
12199850,1,1,7,5,4,,,9,,,,,
12199860,0,0,6,2,,,,6,,,,,
12199863,0,0,5,1,,,,,,,,,
12199865,1,1,7,4,6,,,7,,6,,,
12199902,2,2,6,6,,,,,,,,,
12199937,1,1,6,3,2,,,,,,,,
12199938,0,0,4,2,,,,,,,,,
12199997,2,2,6,5,6,,,,,,,,
12199998,1,1,7,0,4,,,,,,,,
12200027,2,2,6,6,6,,,,4,,,,
12200040,2,2,6,6,,,,,,,,,
12200065,2,2,6,6,,,,,,,,,
12200102,1,1,6,2,2,,,,,,,,
12200135,2,2,6,7,,,,,,,,,
12200174,0,0,3,6,,,,,1,,,,
12200176,0,0,1,0,,,,,,,,,
12200185,2,2,7,6,,,,8,,,,,
12200217,2,2,6,6,,,,,,,,,
12200218,2,2,6,6,,,,,,,,,
12200224,2,2,6,6,,,,,,,,,
12200225,1,1,6,4,6,,,,,1,,,
12200251,2,2,6,6,,,,,,,,,
12200286,2,2,6,5,6,,,,,,,,
12200287,2,2,3,6,6,,,,,,,,
12200336,2,2,6,6,,,,,,,,,
12200520,0,0,5,3,,,,,,,,,
12200526,0,0,4,1,,,,,,,,,
12201259,2,2,6,4,6,,,,,,,,
12201260,2,2,6,6,,,,,,,,,
12201279,1,1,3,6,2,,,,,,,,
12201307,1,1,6,4,5,,,,,,,,
12201308,2,2,3,6,6,,,,,,,,
12201395,1,1,6,7,6,,,4,8,2,,,
12201399,2,2,2,6,6,,,,,,,,
12201400,1,1,2,6,2,,,,,,,,
12201722,0,0,4,,,,,,,,,,
12201735,2,2,6,7,,,,,7,,,,
12201738,2,2,6,3,6,,,,,,,,
12201760,0,0,6,3,,,,3,,,,,
12201761,2,2,6,6,,,,,,,,,
12201764,2,2,5,6,6,,,,,,,,
12201825,0,0,5,3,,,,,,,,,
12201870,2,2,6,6,,,,,,,,,
12201871,2,2,7,6,,,,,,,,,
12201878,1,1,7,1,4,,,,,,,,
12201886,2,2,7,6,,,,7,,,,,
12201895,2,2,6,2,6,,,,,,,,
12201902,2,2,6,7,,,,,7,,,,
12201922,2,2,6,7,,,,,7,,,,
12201935,2,2,6,6,,,,,,,,,
12201937,2,2,6,6,,,,,,,,,
12201942,2,2,4,7,6,,,,7,,,,
12201943,1,1,6,7,4,,,7,7,,,,
12201991,0,0,2,,,,,,,,,,
12201992,0,0,6,4,,,,4,,,,,
12201993,0,0,4,5,,,,,,,,,
12202009,2,2,6,4,7,,,,,,,,
12202015,0,0,6,2,,,,3,,,,,
12202016,0,0,6,6,,,,2,3,,,,
12202020,1,1,6,7,4,,,6,,,,,
12202026,2,2,6,0,6,,,,,,,,
12202027,2,2,3,6,6,,,,,,,,
12202028,0,0,1,,,,,,,,,,
12202043,1,1,6,6,4,,,6,,,,,
12202056,0,0,3,1,,,,,,,,,
12202071,0,0,3,2,,,,,,,,,
12202079,2,2,6,6,,,,,,,,,
12202099,2,2,6,6,,,,,,,,,
12202104,1,1,4,6,4,,,,,,,,
12202129,0,0,0,1,,,,,,,,,
12202135,2,2,2,7,6,,,,7,,,,
12202150,0,0,2,3,,,,,,,,,
12202164,2,2,6,6,,,,,,,,,
12202168,1,1,4,6,3,,,,,,,,
12202193,2,2,6,6,,,,,,,,,
12202194,2,2,6,2,6,,,,,,,,
12202196,0,0,3,3,,,,,,,,,
12202198,0,0,2,1,,,,,,,,,
12202206,1,1,6,6,0,,,,2,,,,
12202254,1,1,3,6,3,,,,,,,,
12202269,0,0,6,5,,,,3,,,,,
12202270,2,2,6,7,6,,,4,7,,,,
12202290,0,0,6,4,,,,4,,,,,
12202313,2,2,6,6,,,,,,,,,
12202337,2,2,4,6,6,,,,,,,,
12202340,2,2,6,2,6,,,,,,,,
12202343,0,0,6,5,,,,4,,,,,
12202379,2,2,6,6,,,,,,,,,
12202575,2,2,6,6,,,,,,,,,
12202650,1,1,7,3,3,,,7,,,,,
12202711,2,2,6,6,,,,,,,,,
12205115,2,2,6,2,6,,,,,,,,
12205184,1,1,6,2,4,,,,,,,,
12156287,2,2,6,6,,,,,,,,,
12156346,1,1,4,6,6,,,,,2,,,
12157164,0,0,3,5,,,,,,,,,
12157165,2,2,6,6,,,,,,,,,
12157166,1,1,4,7,4,,,,7,,,,
12157174,2,2,6,6,,,,,,,,,
12173699,2,2,7,3,6,,,7,,,,,
12173701,0,0,3,1,,,,,,,,,
12173702,2,2,6,6,,,,,,,,,
12173704,2,2,7,6,,,,7,,,,,
12173705,,,,,,,,,,,,,
12173707,0,0,4,2,,,,,,,,,
12173708,2,2,7,6,,,,7,,,,,
12173713,2,2,5,6,6,,,,,,,,
12173714,2,2,6,7,,,,,,,,,
12173948,2,2,6,3,7,,,,,7,,,
12173952,2,2,7,6,,,,7,,,,,
12173953,2,2,4,6,6,,,,,,,,
12173954,1,1,2,6,2,,,,,,,,
12173955,1,1,6,4,3,,,,,,,,
12173956,2,2,6,6,6,,,4,,,,,
12173958,2,2,4,6,6,,,,,,,,
12173959,2,2,6,7,,,,,,,,,
12173960,2,2,4,6,6,,,,,,,,
12173962,1,1,6,6,2,,,,5,,,,
12173991,1,1,6,3,,,,,,,,,
12173993,0,0,4,4,,,,,,,,,
12173994,2,2,6,6,,,,,,,,,
12173996,1,1,4,7,5,,,,7,,,,
12173999,2,2,7,6,,,,,,,,,
12174000,1,1,6,6,1,,,1,,,,,
12174002,2,2,7,7,,,,,7,,,,
12174003,0,0,3,4,,,,,,,,,
12174249,2,2,6,6,,,,,,,,,
12174250,2,2,3,7,7,,,,,7,,,
12174253,0,0,3,1,,,,,,,,,
12174255,1,1,3,6,4,,,,,,,,
12174257,2,2,6,1,6,,,,,,,,
12174258,2,2,6,4,6,,,,,,,,
12174260,2,2,6,3,6,,,,,,,,
12174261,0,0,4,6,,,,,4,,,,
12174391,0,0,3,4,,,,,,,,,
12174394,2,2,6,3,12,,,,,,,,
12174395,2,2,7,6,,,,,,,,,
12174396,2,2,7,6,,,,,,,,,
12174406,2,2,2,7,6,,,,,,,,
12174408,0,0,5,2,,,,,,,,,
12174410,2,2,6,6,,,,,,,,,
12174412,2,2,6,6,,,,,,,,,
12174415,0,0,6,2,,,,4,,,,,
12174416,2,2,6,6,,,,,,,,,
12174434,2,2,6,6,,,,,,,,,
12174435,2,2,6,6,,,,,,,,,
12174436,1,1,6,0,2,,,,,,,,
12174437,2,2,6,6,,,,,,,,,
12174438,2,2,6,5,6,,,,,,,,
12174439,1,1,1,6,4,,,,,,,,
12174441,2,2,6,7,,,,,7,,,,
12174444,0,0,4,4,,,,,,,,,
12189038,1,1,6,6,2,,,,3,,,,
12195295,0,0,2,5,,,,,,,,,
12195781,0,0,3,2,,,,,,,,,
12195785,2,2,1,6,6,,,,,,,,
12195787,2,2,6,2,7,,,,,,,,
12196799,1,1,5,7,3,,,,7,,,,
12197356,1,1,6,3,4,,,,,,,,
12197358,0,0,3,1,,,,,,,,,
12197681,0,0,6,1,,,,5,,,,,
12197710,2,2,6,6,,,,,,,,,
12197937,0,0,6,3,,,,3,,,,,
12197942,2,2,6,7,,,,,,,,,
12197943,2,2,1,6,6,,,,,,,,
12198115,0,0,4,2,,,,,,,,,
12199611,0,0,2,3,,,,,,,,,
12199623,0,0,1,1,,,,,,,,,
12199626,2,2,6,6,,,,,,,,,
12199676,2,2,6,7,,,,,,,,,
12199716,1,1,3,7,3,,,,7,,,,
12199717,2,2,7,6,,,,7,,,,,
12199787,2,2,6,6,,,,,,,,,
12199818,2,2,6,6,6,,,7,,,,,
12199821,2,2,3,7,6,,,,7,,,,
12199823,2,2,6,6,,,,,,,,,
12199937,1,1,6,3,2,,,,,,,,
12199969,2,2,6,1,6,,,,,,,,
12200027,2,2,6,6,6,,,,4,,,,
12200102,1,1,6,2,2,,,,,,,,
12200135,2,2,6,7,,,,,,,,,
12200218,2,2,6,6,,,,,,,,,
12200224,2,2,6,6,,,,,,,,,
12200225,1,1,6,4,6,,,,,1,,,
12200251,2,2,6,6,,,,,,,,,
12200286,2,2,6,5,6,,,,,,,,
12200595,1,1,4,6,2,,,,,,,,
12200622,1,1,6,4,3,,,,,,,,
12200656,1,1,7,6,3,,,8,4,,,,
12201259,2,2,6,4,6,,,,,,,,
12201260,2,2,6,6,,,,,,,,,
12201279,1,1,3,6,2,,,,,,,,
12201307,1,1,6,4,5,,,,,,,,
12201308,2,2,3,6,6,,,,,,,,
12201395,1,1,6,7,6,,,4,8,2,,,
12201399,2,2,2,6,6,,,,,,,,
12201400,1,1,2,6,2,,,,,,,,
12201722,0,0,4,,,,,,,,,,
12201738,2,2,6,3,6,,,,,,,,
12201760,0,0,6,3,,,,3,,,,,
12201761,2,2,6,6,,,,,,,,,
12201764,2,2,5,6,6,,,,,,,,
12201825,0,0,5,3,,,,,,,,,
12201870,2,2,6,6,,,,,,,,,
12201871,2,2,7,6,,,,,,,,,
12201878,1,1,7,1,4,,,,,,,,
12201886,2,2,7,6,,,,7,,,,,
12201895,2,2,6,2,6,,,,,,,,
12201902,2,2,6,7,,,,,7,,,,
12201922,2,2,6,7,,,,,7,,,,
12201935,2,2,6,6,,,,,,,,,
12201937,2,2,6,6,,,,,,,,,
12201942,2,2,4,7,6,,,,7,,,,
12201943,1,1,6,7,4,,,7,7,,,,
12201991,0,0,2,,,,,,,,,,
12201992,0,0,6,4,,,,4,,,,,
12201993,0,0,4,5,,,,,,,,,
12202009,2,2,6,4,7,,,,,,,,
12202015,0,0,6,2,,,,3,,,,,
12202016,0,0,6,6,,,,2,3,,,,
12202020,1,1,6,7,4,,,6,,,,,
12202026,2,2,6,0,6,,,,,,,,
12202027,2,2,3,6,6,,,,,,,,
12202028,0,0,1,,,,,,,,,,
12202043,1,1,6,6,4,,,6,,,,,
12202056,0,0,3,1,,,,,,,,,
12202071,0,0,3,2,,,,,,,,,
12202079,2,2,6,6,,,,,,,,,
12202099,2,2,6,6,,,,,,,,,
12202104,1,1,4,6,4,,,,,,,,
12202129,0,0,0,1,,,,,,,,,
12202135,2,2,2,7,6,,,,7,,,,
12202150,0,0,2,3,,,,,,,,,
12202164,2,2,6,6,,,,,,,,,
12202168,1,1,4,6,3,,,,,,,,
12202181,0,0,5,1,,,,,,,,,
12202193,2,2,6,6,,,,,,,,,
12202194,2,2,6,2,6,,,,,,,,
12202196,0,0,3,3,,,,,,,,,
12202198,0,0,2,1,,,,,,,,,
12202206,1,1,6,6,0,,,,2,,,,
12202254,1,1,3,6,3,,,,,,,,
12202269,0,0,6,5,,,,3,,,,,
12202270,2,2,6,7,6,,,4,7,,,,
12202290,0,0,6,4,,,,4,,,,,
12202313,2,2,6,6,,,,,,,,,
12202323,2,2,6,6,,,,,,,,,
12202337,2,2,4,6,6,,,,,,,,
12202340,2,2,6,2,6,,,,,,,,
12202343,0,0,6,5,,,,4,,,,,
12202379,2,2,6,6,,,,,,,,,
12202498,0,0,3,1,,,,,,,,,
12202575,2,2,6,6,,,,,,,,,
12202650,1,1,7,3,3,,,7,,,,,
12202671,2,2,3,6,6,,,,,,,,
12202711,2,2,6,6,,,,,,,,,
12202717,2,2,4,6,6,,,,,,,,
12202754,2,2,6,3,6,,,,,,,,
12202800,2,2,6,6,6,,,4,,,,,
12203813,2,2,6,6,,,,,,,,,
12203927,2,2,6,7,,,,,7,,,,
12204459,0,0,2,4,,,,,,,,,
12204495,2,2,7,6,,,,,,,,,
12204496,2,2,6,6,,,,,,,,,
12205083,2,2,3,6,6,,,,,,,,
12205084,2,2,5,6,6,,,,,,,,
12205085,0,0,3,0,,,,,,,,,
12205115,2,2,6,2,6,,,,,,,,
12205135,1,1,7,2,2,,,,,,,,
12205139,2,2,6,7,,,,,7,,,,
12205140,2,2,6,4,6,,,,,,,,
12205151,2,2,6,5,6,,,,,,,,
12205152,0,0,4,5,,,,,,,,,
12205184,1,1,6,2,4,,,,,,,,
12205193,2,2,6,7,,,,,10,,,,
12205194,0,0,5,4,,,,,,,,,
12205212,2,2,6,6,,,,,,,,,
12205219,2,2,2,7,6,,,,,,,,
12205231,2,2,7,6,,,,,,,,,
12205243,0,0,5,5,,,,,,,,,
12205253,2,2,6,6,,,,,,,,,
12205332,1,1,4,7,3,,,,,,,,
12205333,2,2,6,0,6,,,,,,,,
12205348,1,1,6,6,0,,,,4,,,,
12205363,0,0,2,2,,,,,,,,,
12205365,0,0,4,4,,,,,,,,,
12205367,2,2,7,4,6,,,,,,,,
12205483,1,1,3,6,3,,,,,,,,
12205517,0,0,1,4,,,,,,,,,
12205581,0,0,4,2,,,,,,,,,
12205668,2,2,6,6,,,,,,,,,
12205758,0,0,2,2,,,,,,,,,
12206039,0,0,4,4,,,,,,,,,
12206040,0,0,3,0,,,,,,,,,
12206041,2,2,6,2,6,,,,,,,,
12206044,,,,,,,,,,,,,
12206157,2,2,7,7,,,,7,,,,,
12209124,2,2,6,6,,,,,,,,,
12156295,0,0,5,3,,,,,,,,,
12157166,1,1,4,7,4,,,,7,,,,
12157174,2,2,6,6,,,,,,,,,
12173699,2,2,7,3,6,,,7,,,,,
12173700,2,2,7,6,,,,,,,,,
12173701,0,0,3,1,,,,,,,,,
12173705,,,,,,,,,,,,,
12173707,0,0,4,2,,,,,,,,,
12173714,2,2,6,7,,,,,,,,,
12173950,2,2,3,7,6,,,,,,,,
12173954,1,1,2,6,2,,,,,,,,
12173955,1,1,6,4,3,,,,,,,,
12173956,2,2,6,6,6,,,4,,,,,
12173958,2,2,4,6,6,,,,,,,,
12173959,2,2,6,7,,,,,,,,,
12173960,2,2,4,6,6,,,,,,,,
12173991,1,1,6,3,,,,,,,,,
12173994,2,2,6,6,,,,,,,,,
12173996,1,1,4,7,5,,,,7,,,,
12173997,0,0,6,3,,,,9,,,,,
12174001,0,0,4,4,,,,,,,,,
12174003,0,0,3,4,,,,,,,,,
12174250,2,2,3,7,7,,,,,7,,,
12174253,0,0,3,1,,,,,,,,,
12174257,2,2,6,1,6,,,,,,,,
12174261,0,0,4,6,,,,,4,,,,
12174262,2,2,6,3,6,,,,,,,,
12174263,2,2,2,6,7,,,,,7,,,
12174392,2,2,7,3,10,,,,,,,,
12174393,2,2,6,6,,,,,,,,,
12174397,0,0,6,1,,,,4,,,,,
12174408,0,0,5,2,,,,,,,,,
12174410,2,2,6,6,,,,,,,,,
12174412,2,2,6,6,,,,,,,,,
12174417,1,1,2,6,2,,,,,,,,
12174431,1,1,7,6,2,,,7,5,,,,
12174432,0,0,4,3,,,,,,,,,
12174434,2,2,6,6,,,,,,,,,
12174435,2,2,6,6,,,,,,,,,
12174439,1,1,1,6,4,,,,,,,,
12174444,0,0,4,4,,,,,,,,,
12195781,0,0,3,2,,,,,,,,,
12195785,2,2,1,6,6,,,,,,,,
12195787,2,2,6,2,7,,,,,,,,
12197942,2,2,6,7,,,,,,,,,
12197943,2,2,1,6,6,,,,,,,,
12199969,2,2,6,1,6,,,,,,,,
12200595,1,1,4,6,2,,,,,,,,
12200622,1,1,6,4,3,,,,,,,,
12200656,1,1,7,6,3,,,8,4,,,,
12202129,0,0,0,1,,,,,,,,,
12202150,0,0,2,3,,,,,,,,,
12202181,0,0,5,1,,,,,,,,,
12202193,2,2,6,6,,,,,,,,,
12202254,1,1,3,6,3,,,,,,,,
12202323,2,2,6,6,,,,,,,,,
12202498,0,0,3,1,,,,,,,,,
12202575,2,2,6,6,,,,,,,,,
12202650,1,1,7,3,3,,,7,,,,,
12202671,2,2,3,6,6,,,,,,,,
12202717,2,2,4,6,6,,,,,,,,
12202754,2,2,6,3,6,,,,,,,,
12202800,2,2,6,6,6,,,4,,,,,
12203813,2,2,6,6,,,,,,,,,
12203927,2,2,6,7,,,,,7,,,,
12204459,0,0,2,4,,,,,,,,,
12204495,2,2,7,6,,,,,,,,,
12204496,2,2,6,6,,,,,,,,,
12205083,2,2,3,6,6,,,,,,,,
12205084,2,2,5,6,6,,,,,,,,
12205085,0,0,3,0,,,,,,,,,
12205115,2,2,6,2,6,,,,,,,,
12205135,1,1,7,2,2,,,,,,,,
12205139,2,2,6,7,,,,,7,,,,
12205140,2,2,6,4,6,,,,,,,,
12205151,2,2,6,5,6,,,,,,,,
12205152,0,0,4,5,,,,,,,,,
12205184,1,1,6,2,4,,,,,,,,
12205193,2,2,6,7,,,,,10,,,,
12205194,0,0,5,4,,,,,,,,,
12205212,2,2,6,6,,,,,,,,,
12205219,2,2,2,7,6,,,,,,,,
12205231,2,2,7,6,,,,,,,,,
12205243,0,0,5,5,,,,,,,,,
12205253,2,2,6,6,,,,,,,,,
12205332,1,1,4,7,3,,,,,,,,
12205333,2,2,6,0,6,,,,,,,,
12205348,1,1,6,6,0,,,,4,,,,
12205363,0,0,2,2,,,,,,,,,
12205365,0,0,4,4,,,,,,,,,
12205367,2,2,7,4,6,,,,,,,,
12205483,1,1,3,6,3,,,,,,,,
12205516,1,1,1,7,3,,,,,,,,
12205517,0,0,1,4,,,,,,,,,
12205581,0,0,4,2,,,,,,,,,
12205668,2,2,6,6,,,,,,,,,
12205758,0,0,2,2,,,,,,,,,
12206003,2,2,6,6,,,,,,,,,
12206038,2,2,6,6,,,,,,,,,
12206039,0,0,4,4,,,,,,,,,
12206040,0,0,3,0,,,,,,,,,
12206041,2,2,6,2,6,,,,,,,,
12206043,2,2,7,6,,,,,,,,,
12206044,,,,,,,,,,,,,
12206045,2,2,6,6,,,,,,,,,
12206046,1,1,1,6,5,,,,,,,,
12206048,0,0,3,2,,,,,,,,,
12206051,2,2,7,6,,,,,,,,,
12206066,2,2,6,7,,,,,,,,,
12206157,2,2,7,7,,,,7,,,,,
12206193,2,2,7,7,,,,7,8,,,,
12206194,2,2,6,3,7,,,,,7,,,
12206197,1,1,6,3,4,,,,,,,,
12206198,2,2,6,6,,,,,,,,,
12206199,0,0,2,2,,,,,,,,,
12206200,1,1,5,6,2,,,,,,,,
12206201,0,0,4,4,,,,,,,,,
12206202,0,0,2,0,,,,,,,,,
12206489,0,0,4,2,,,,,,,,,
12206497,2,2,6,6,,,,,,,,,
12206498,1,1,3,6,6,,,,,6,,,
12206499,1,1,6,2,3,,,,,,,,
12206500,0,0,3,2,,,,,,,,,
12206501,2,2,7,6,,,,11,,,,,
12206502,0,0,5,6,,,,,5,,,,
12206503,2,2,5,6,6,,,,,,,,
12206504,0,0,1,2,,,,,,,,,
12206505,0,0,2,1,,,,,,,,,
12206506,2,2,6,6,,,,,,,,,
12206507,2,2,7,4,6,,,,,,,,
12206508,2,2,6,6,,,,,,,,,
12206509,1,1,6,1,0,,,,,,,,
12206510,2,2,6,6,,,,,,,,,
12206511,2,2,5,6,6,,,,,,,,
12206512,0,0,1,5,,,,,,,,,
12206513,0,0,0,3,,,,,,,,,
12206514,0,0,0,1,,,,,,,,,
12206515,2,2,6,7,,,,,7,,,,
12206516,2,2,1,7,6,,,,7,,,,
12206517,2,2,6,6,,,,,,,,,
12206518,2,2,6,6,,,,,,,,,
12206519,2,2,6,6,,,,,,,,,
12206520,2,2,6,6,,,,,,,,,
12206521,2,2,6,6,6,,,8,,,,,
12206522,0,0,3,,,,,,,,,,
12206548,0,0,1,3,,,,,,,,,
12208925,0,0,4,3,,,,,,,,,
12208950,0,0,4,3,,,,,,,,,
12208973,2,2,2,6,6,,,,,,,,
12208979,0,0,2,4,,,,,,,,,
12209066,0,0,1,1,,,,,,,,,
12209100,1,1,1,7,6,,,,,,,,
12209101,1,1,4,7,5,,,,,,,,
12209102,0,0,5,0,,,,,,,,,
12209103,0,0,2,0,,,,,,,,,
12209104,2,2,7,6,,,,,,,,,
12209105,0,0,2,2,,,,,,,,,
12209106,2,2,6,7,,,,,,,,,
12209107,,,,,,,,,,,,,
12209108,2,2,6,6,,,,,,,,,
12209109,0,0,4,0,,,,,,,,,
12209110,2,2,6,6,,,,,,,,,
12209111,2,2,6,6,,,,,,,,,
12209112,2,2,6,7,,,,,7,,,,
12209113,2,2,6,6,,,,,,,,,
12209114,0,0,2,6,,,,,,,,,
12209115,2,2,6,6,,,,,,,,,
12209116,2,2,4,6,7,,,,,,,,
12209117,1,1,4,6,5,,,,,,,,
12209118,2,2,6,6,,,,,,,,,
12209119,2,2,6,6,,,,,,,,,
12209120,2,2,6,6,,,,,,,,,
12209121,0,0,4,2,,,,,,,,,
12209122,2,2,6,6,,,,,,,,,
12209123,2,2,6,6,,,,,,,,,
12209124,2,2,6,6,,,,,,,,,
12209125,2,2,6,6,,,,,,,,,
12209126,2,2,7,6,,,,7,,,,,
12209128,1,1,3,6,2,,,,,,,,
12209167,0,0,2,3,,,,,,,,,
12209242,2,2,6,6,,,,,,,,,
12209299,0,0,3,1,,,,,,,,,
12209491,2,2,6,6,,,,,,,,,
12209492,2,2,3,7,7,,,,7,,,,
12209493,,,,,,,,,,,,,
12209494,,,,,,,,,,,,,
12209495,,,,,,,,,,,,,
12209496,0,0,3,6,,,,,,,,,
12209497,0,0,3,3,,,,,,,,,
12209498,,,,,,,,,,,,,
12209499,0,0,1,1,,,,,,,,,
12209500,,,,,,,,,,,,,
12209501,1,1,6,3,6,,,,,,,,
12209502,2,2,6,6,,,,,,,,,
12209503,0,0,6,1,,,,,,,,,
12209504,2,2,6,6,,,,,,,,,
12209505,0,0,2,0,,,,,,,,,
12209506,1,1,3,6,4,,,,,,,,
12209507,,,,,,,,,,,,,
12209508,0,0,0,1,,,,,,,,,
12209509,0,0,3,4,,,,,,,,,
12209510,,,,,,,,,,,,,
12209511,0,0,1,1,,,,,,,,,
12209512,2,2,6,6,,,,,,,,,
12209513,2,2,6,6,,,,,,,,,
12209514,2,2,6,6,,,,,,,,,
12209515,2,2,6,6,,,,,,,,,
12209516,0,0,1,0,,,,,,,,,
12209517,0,0,4,6,,,,,,,,,
12209518,1,1,6,3,7,,,,,,,,
12209519,0,0,5,1,,,,,,,,,
12209520,,,,,,,,,,,,,
12209521,0,0,3,2,,,,,,,,,
12209522,2,2,6,6,,,,,,,,,
12209523,0,0,4,2,,,,,,,,,
12209524,,,,,,,,,,,,,
12209525,2,2,6,1,11,,,,,,,,
12209526,0,0,0,0,,,,,,,,,
12209527,0,0,2,1,,,,,,,,,
12209528,0,0,0,3,,,,,,,,,
12209529,2,2,6,6,10,,,,,,,,
12209530,0,0,3,1,,,,,,,,,
12209531,2,2,6,6,,,,,,,,,
12209532,2,2,6,6,,,,,,,,,
12209533,0,0,5,6,,,,,,,,,
12209534,2,2,6,6,,,,,,,,,
12209535,2,2,6,6,,,,,,,,,
12209536,2,2,6,6,,,,,,,,,
12209537,2,2,6,6,,,,,,,,,
12209538,0,0,0,5,,,,,,,,,
12209539,0,0,3,1,,,,,,,,,
12209540,0,0,3,3,,,,,,,,,
12209541,2,2,6,6,,,,,,,,,
12209542,2,2,7,6,,,,,,,,,
12209543,0,0,0,0,,,,,,,,,
12209544,0,0,6,2,,,,,,,,,
12209545,0,0,2,0,,,,,,,,,
12209546,2,2,6,6,,,,,,,,,
12209547,2,2,6,6,,,,,,,,,
12209548,2,2,6,6,,,,,,,,,
12209549,2,2,4,6,10,,,,,,,,
12209550,2,2,6,7,,,,,,,,,
12209551,2,2,6,6,,,,,,,,,
12209552,2,2,6,6,,,,,,,,,
12209553,1,1,5,7,9,,,,,,,,
12209554,0,0,2,4,,,,,,,,,
12209555,2,2,7,6,,,,,,,,,
12209556,0,0,0,0,,,,,,,,,
12209557,0,0,0,2,,,,,,,,,
12209558,2,2,6,6,,,,,,,,,
12209559,0,0,0,3,,,,,,,,,
12209560,,,,,,,,,,,,,
12209561,,,,,,,,,,,,,
12209602,0,0,4,6,,,,,,,,,
12209603,2,2,5,6,10,,,,,,,,
12209604,2,2,6,6,,,,,,,,,
12209605,1,1,2,6,7,,,,,,,,
12209606,0,0,5,6,,,,,,,,,
12209607,2,2,6,6,,,,,,,,,
12209608,2,2,6,6,,,,,,,,,
12209609,2,2,6,6,,,,,,,,,
12209610,0,0,0,2,,,,,,,,,
12209611,0,0,4,0,,,,,,,,,
12209612,2,2,7,6,,,,,,,,,
12209613,0,0,6,4,,,,,,,,,
12209614,0,0,5,1,,,,,,,,,
12209615,0,0,2,0,,,,,,,,,
12209616,,,,,,,,,,,,,
12209617,1,1,3,7,5,,,,,,,,
12209618,1,1,4,6,7,,,,,,,,
12209619,2,2,6,6,,,,,,,,,
12209620,2,2,6,6,,,,,,,,,
12209621,2,2,6,6,,,,,,,,,
12209622,2,2,6,6,,,,,,,,,
12209623,2,2,6,6,,,,,,,,,
12209624,0,0,1,1,,,,,,,,,
12209625,0,0,2,1,,,,,,,,,
12209626,0,0,3,4,,,,,,,,,
12209627,2,2,6,7,,,,,,,,,
12209628,2,2,4,6,10,,,,,,,,
12209629,1,1,7,1,6,,,,,,,,
12209630,2,2,7,6,,,,,,,,,
12209631,0,0,0,0,,,,,,,,,
12209632,0,0,2,2,,,,,,,,,
12209638,0,0,4,2,,,,,,,,,
12209639,0,0,1,2,,,,,,,,,
12209640,0,0,0,0,,,,,,,,,
12209641,,,,,,,,,,,,,
12209642,0,0,1,2,,,,,,,,,
12209643,0,0,0,0,,,,,,,,,
12209644,2,2,4,7,10,,,,,,,,
12209645,1,1,4,6,7,,,,,,,,
12209646,2,2,6,6,,,,,,,,,
12209647,,,,,,,,,,,,,
12209648,2,2,7,6,,,,,,,,,
12209649,,,,,,,,,,,,,
12209650,0,0,3,1,,,,,,,,,
12209651,2,2,6,6,,,,,,,,,
12209652,0,0,5,1,,,,,,,,,
12209653,,,,,,,,,,,,,
12209654,1,1,3,6,6,,,,,,,,
12209655,0,0,2,3,,,,,,,,,
12209656,2,2,6,6,,,,,,,,,
12209657,2,2,6,6,,,,,,,,,
12209659,2,2,6,6,,,,,,,,,
12209660,1,1,6,4,5,,,,,,,,
12209682,2,2,6,6,,,,,,,,,
12209683,0,0,0,0,,,,,,,,,
12209684,0,0,1,1,,,,,,,,,
12209685,2,2,6,6,,,,,,,,,
12209686,2,2,6,6,,,,,,,,,
12209687,2,2,6,6,,,,,,,,,
12209688,2,2,6,6,,,,,,,,,
12209689,0,0,3,1,,,,,,,,,
12209690,2,2,6,6,,,,,,,,,
12209691,0,0,1,3,,,,,,,,,
12209692,0,0,0,1,,,,,,,,,
12209693,0,0,1,2,,,,,,,,,
12209694,2,2,6,6,,,,,,,,,
12209695,0,0,0,3,,,,,,,,,
12209696,0,0,1,4,,,,,,,,,
12209697,2,2,7,6,,,,,,,,,
12209704,2,2,6,6,6,,,,3,,,,
12209706,2,2,6,7,,,,,7,,,,
12209715,0,0,2,4,,,,,,,,,
12209716,0,0,1,0,,,,,,,,,
12209717,0,0,0,5,,,,,,,,,
12209718,2,2,6,6,,,,,,,,,
12209719,,,,,,,,,,,,,
12209720,2,2,6,3,10,,,,,,,,
12209721,2,2,3,6,10,,,,,,,,
12209722,2,2,6,6,,,,,,,,,
12209723,,,,,,,,,,,,,
12209724,,,,,,,,,,,,,
12209725,,,,,,,,,,,,,
12209726,,,,,,,,,,,,,
12209727,0,0,0,0,,,,,,,,,
12209728,0,0,2,0,,,,,,,,,
12209729,2,2,6,7,,,,,,,,,
12209730,2,2,6,6,,,,,,,,,
12209731,,,,,,,,,,,,,
12209732,0,0,0,1,,,,,,,,,
12209733,,,,,,,,,,,,,
12209734,1,1,6,2,4,,,,,,,,
12209735,1,1,6,0,6,,,,,,,,
12209736,2,2,2,7,10,,,,7,,,,
12209737,2,2,6,6,,,,,,,,,
12209739,0,0,3,1,,,,,,,,,
12209740,2,2,6,6,,,,,,,,,
12209741,0,0,1,4,,,,,,,,,
12209742,0,0,5,4,,,,,,,,,
12209743,0,0,3,4,,,,,,,,,
12209744,2,2,6,6,,,,,,,,,
12209745,,,,,,,,,,,,,
12209747,0,0,0,2,,,,,,,,,
12209748,2,2,6,6,,,,,,,,,
12209749,2,2,6,6,,,,,,,,,
12209750,2,2,6,6,,,,,,,,,
12209756,0,0,1,1,,,,,,,,,
12209757,0,0,4,6,,,,,,,,,
12209758,0,0,0,1,,,,,,,,,
12209759,0,0,1,3,,,,,,,,,
12209760,2,2,6,6,,,,,,,,,
12209761,0,0,5,2,,,,,,,,,
12209762,2,2,7,6,,,,,,,,,
12209763,0,0,2,4,,,,,,,,,
12209764,0,0,1,3,,,,,,,,,
12209765,2,2,6,3,6,,,,,,,,
12209766,2,2,7,6,,,,,,,,,
12209767,2,2,7,7,,,,7,,,,,
12209768,0,0,5,5,,,,,,,,,
12209769,2,2,3,6,6,,,,,,,,
12209770,2,2,6,6,,,,,,,,,
12209771,0,0,0,2,,,,,,,,,
12209772,0,0,1,1,,,,,,,,,
12209773,0,0,1,5,,,,,,,,,
12209774,0,0,1,2,,,,,,,,,
12209776,1,1,7,4,11,,,,,,,,
12209777,0,0,0,0,,,,,,,,,
12209778,2,2,6,6,,,,,,,,,
12209779,2,2,2,6,10,,,,,,,,
12209780,0,0,0,0,,,,,,,,,
12209781,2,2,6,6,,,,,,,,,
12209782,2,2,6,6,,,,,,,,,
12209783,0,0,2,1,,,,,,,,,
12209784,2,2,6,6,,,,,,,,,
12209785,0,0,5,1,,,,,,,,,
12209786,2,2,6,6,,,,,,,,,
12209787,,,,,,,,,,,,,
12209788,2,2,6,6,,,,,,,,,
12209789,0,0,3,1,,,,,,,,,
12209790,2,2,6,6,,,,,,,,,
12209791,2,2,6,6,,,,,,,,,
12209792,2,2,7,7,,,,,,,,,
12209793,2,2,6,6,,,,,,,,,
12209794,0,0,3,5,,,,,,,,,
12209795,2,2,6,7,,,,,,,,,
12209796,2,2,6,5,10,,,,,,,,
12209797,0,0,0,1,,,,,,,,,
12209798,0,0,4,0,,,,,,,,,
12209799,2,2,6,6,,,,,,,,,
12209800,2,2,6,6,,,,,,,,,
12209801,2,2,3,6,10,,,,,,,,
12209802,0,0,5,3,,,,,,,,,
12209803,2,2,6,6,,,,,,,,,
12209804,2,2,6,6,,,,,,,,,
12209805,2,2,6,6,,,,,,,,,
12209806,0,0,1,0,,,,,,,,,
12209807,2,2,6,6,,,,,,,,,
12209808,0,0,1,2,,,,,,,,,
12209809,0,0,5,0,,,,,,,,,
12209810,0,0,2,5,,,,,,,,,
12209811,1,1,4,6,6,,,,,,,,
12209812,0,0,0,6,,,,,,,,,
12209813,2,2,6,6,,,,,,,,,
12209814,0,0,2,5,,,,,,,,,
12209815,2,2,7,7,,,,,,,,,
12209816,2,2,6,6,,,,,,,,,
12209818,0,0,4,3,,,,,,,,,
12209927,1,1,6,6,3,,,,2,,,,
12209928,2,2,6,6,,,,,,,,,
12209930,0,0,2,2,,,,,,,,,
12209932,2,2,6,6,,,,,,,,,
12209933,2,2,4,6,13,,,,,,,,
12209934,1,1,2,6,10,,,,,,,,
12209935,0,0,2,2,,,,,,,,,
12209936,0,0,1,5,,,,,,,,,
12209937,2,2,6,0,10,,,,,,,,
12209938,0,0,4,2,,,,,,,,,
12209939,2,2,2,6,13,,,,,,,,
12209940,0,0,5,3,,,,,,,,,
12209941,0,0,2,1,,,,,,,,,
12209942,2,2,6,6,,,,,,,,,
12209943,0,0,2,1,,,,,,,,,
12209944,,,,,,,,,,,,,
12209945,2,2,6,6,,,,,,,,,
12209946,0,0,2,1,,,,,,,,,
12209947,0,0,4,3,,,,,,,,,
12209948,2,2,6,6,,,,,,,,,
12209949,2,2,6,6,,,,,,,,,
12209950,0,0,2,2,,,,,,,,,
12209951,0,0,3,1,,,,,,,,,
12209952,0,0,2,3,,,,,,,,,
12209953,0,0,0,4,,,,,,,,,
12209954,2,2,6,6,,,,,,,,,
12209955,0,0,2,2,,,,,,,,,
12209956,0,0,2,2,,,,,,,,,
12209957,0,0,2,1,,,,,,,,,
12209958,2,2,7,0,10,,,,,,,,
12209959,0,0,4,5,,,,,,,,,
12209960,2,2,6,7,,,,,,,,,
12209961,0,0,2,0,,,,,,,,,
12209962,2,2,3,6,10,,,,,,,,
12209963,0,0,2,1,,,,,,,,,
12209964,2,2,6,6,,,,,,,,,
12209965,2,2,6,6,,,,,,,,,
12209968,2,2,6,6,,,,,,,,,
12209970,0,0,4,4,,,,,,,,,
12209972,2,2,6,6,,,,,,,,,
12209973,2,2,7,6,,,,,,,,,
12210068,2,2,6,7,,,,,,,,,
12210069,1,1,6,4,1,,,,,,,,
12210070,1,1,4,6,3,,,,,,,,
12210071,1,1,6,4,,,,,,,,,
12210101,1,1,6,4,1,,,,,,,,
12210103,1,1,3,6,4,,,,,,,,
12210106,2,2,6,6,6,,,,9,,,,
12210110,,,,,,,,,,,,,
12210252,0,0,2,2,,,,,,,,,
12210253,0,0,6,4,,,,,,,,,
12210254,0,0,4,1,,,,,,,,,
12210255,2,2,6,6,,,,,,,,,
12210256,0,0,4,3,,,,,,,,,
12210257,1,1,7,3,7,,,,,,,,
12210258,2,2,6,6,,,,,,,,,
12210259,2,2,6,6,,,,,,,,,
12210260,0,0,4,4,,,,,,,,,
12210261,1,1,5,6,5,,,,,,,,
12210262,0,0,2,3,,,,,,,,,
12210263,1,1,6,6,4,,,,,,,,
12210264,2,2,6,6,,,,,,,,,
12210266,2,2,6,6,,,,,,,,,
12210267,0,0,6,2,,,,,,,,,
12210268,0,0,2,3,,,,,,,,,
12210391,0,0,0,3,,,,,,,,,
12210397,2,2,6,2,6,,,,,,,,
12210401,2,2,6,6,,,,,,,,,
12210417,0,0,0,3,,,,,,,,,
12210418,1,1,7,4,5,,,9,,,,,
12210419,0,0,0,,,,,,,,,,
12210427,0,0,2,1,,,,,,,,,
12210870,0,0,1,1,,,,,,,,,
12211254,2,2,6,6,,,,,,,,,
12211255,2,2,7,6,,,,,,,,,
12211320,1,1,3,6,10,,,,,,,,
12211380,2,2,6,6,,,,,,,,,
12211394,2,2,3,6,7,,,,,7,,,
12156295,0,0,5,3,,,,,,,,,
12157171,2,2,6,6,,,,,,,,,
12173700,2,2,7,6,,,,,,,,,
12173714,2,2,6,7,,,,,,,,,
12173950,2,2,3,7,6,,,,,,,,
12173960,2,2,4,6,6,,,,,,,,
12173961,2,2,5,7,6,,,,7,,,,
12173997,0,0,6,3,,,,9,,,,,
12174001,0,0,4,4,,,,,,,,,
12174004,1,1,1,7,2,,,,,,,,
12174250,2,2,3,7,7,,,,,7,,,
12174254,2,2,6,6,,,,,,,,,
12174262,2,2,6,3,6,,,,,,,,
12174263,2,2,2,6,7,,,,,7,,,
12174392,2,2,7,3,10,,,,,,,,
12174393,2,2,6,6,,,,,,,,,
12174397,0,0,6,1,,,,4,,,,,
12174417,1,1,2,6,2,,,,,,,,
12174431,1,1,7,6,2,,,7,5,,,,
12174432,0,0,4,3,,,,,,,,,
12174433,2,2,6,6,,,,,,,,,
12205253,2,2,6,6,,,,,,,,,
12205348,1,1,6,6,0,,,,4,,,,
12205516,1,1,1,7,3,,,,,,,,
12206003,2,2,6,6,,,,,,,,,
12206038,2,2,6,6,,,,,,,,,
12206039,0,0,4,4,,,,,,,,,
12206040,0,0,3,0,,,,,,,,,
12206041,2,2,6,2,6,,,,,,,,
12206043,2,2,7,6,,,,,,,,,
12206044,,,,,,,,,,,,,
12206045,2,2,6,6,,,,,,,,,
12206046,1,1,1,6,5,,,,,,,,
12206048,0,0,3,2,,,,,,,,,
12206051,2,2,7,6,,,,,,,,,
12206066,2,2,6,7,,,,,,,,,
12206157,2,2,7,7,,,,7,,,,,
12206193,2,2,7,7,,,,7,8,,,,
12206194,2,2,6,3,7,,,,,7,,,
12206197,1,1,6,3,4,,,,,,,,
12206198,2,2,6,6,,,,,,,,,
12206199,0,0,2,2,,,,,,,,,
12206200,1,1,5,6,2,,,,,,,,
12206201,0,0,4,4,,,,,,,,,
12206202,0,0,2,0,,,,,,,,,
12206489,0,0,4,2,,,,,,,,,
12206497,2,2,6,6,,,,,,,,,
12206498,1,1,3,6,6,,,,,6,,,
12206499,1,1,6,2,3,,,,,,,,
12206500,0,0,3,2,,,,,,,,,
12206501,2,2,7,6,,,,11,,,,,
12206502,0,0,5,6,,,,,5,,,,
12206503,2,2,5,6,6,,,,,,,,
12206504,0,0,1,2,,,,,,,,,
12206505,0,0,2,1,,,,,,,,,
12206506,2,2,6,6,,,,,,,,,
12206507,2,2,7,4,6,,,,,,,,
12206508,2,2,6,6,,,,,,,,,
12206509,1,1,6,1,0,,,,,,,,
12206510,2,2,6,6,,,,,,,,,
12206511,2,2,5,6,6,,,,,,,,
12206512,0,0,1,5,,,,,,,,,
12206513,0,0,0,3,,,,,,,,,
12206514,0,0,0,1,,,,,,,,,
12206515,2,2,6,7,,,,,7,,,,
12206516,2,2,1,7,6,,,,7,,,,
12206517,2,2,6,6,,,,,,,,,
12206518,2,2,6,6,,,,,,,,,
12206519,2,2,6,6,,,,,,,,,
12206520,2,2,6,6,,,,,,,,,
12206521,2,2,6,6,6,,,8,,,,,
12206522,0,0,3,,,,,,,,,,
12206548,0,0,1,3,,,,,,,,,
12208925,0,0,4,3,,,,,,,,,
12208950,0,0,4,3,,,,,,,,,
12208973,2,2,2,6,6,,,,,,,,
12208979,0,0,2,4,,,,,,,,,
12209066,0,0,1,1,,,,,,,,,
12209100,1,1,1,7,6,,,,,,,,
12209101,1,1,4,7,5,,,,,,,,
12209102,0,0,5,0,,,,,,,,,
12209103,0,0,2,0,,,,,,,,,
12209104,2,2,7,6,,,,,,,,,
12209105,0,0,2,2,,,,,,,,,
12209106,2,2,6,7,,,,,,,,,
12209107,,,,,,,,,,,,,
12209108,2,2,6,6,,,,,,,,,
12209109,0,0,4,0,,,,,,,,,
12209110,2,2,6,6,,,,,,,,,
12209111,2,2,6,6,,,,,,,,,
12209112,2,2,6,7,,,,,7,,,,
12209113,2,2,6,6,,,,,,,,,
12209114,0,0,2,6,,,,,,,,,
12209115,2,2,6,6,,,,,,,,,
12209116,2,2,4,6,7,,,,,,,,
12209117,1,1,4,6,5,,,,,,,,
12209118,2,2,6,6,,,,,,,,,
12209119,2,2,6,6,,,,,,,,,
12209120,2,2,6,6,,,,,,,,,
12209121,0,0,4,2,,,,,,,,,
12209122,2,2,6,6,,,,,,,,,
12209123,2,2,6,6,,,,,,,,,
12209124,2,2,6,6,,,,,,,,,
12209125,2,2,6,6,,,,,,,,,
12209126,2,2,7,6,,,,7,,,,,
12209128,1,1,3,6,2,,,,,,,,
12209167,0,0,2,3,,,,,,,,,
12209242,2,2,6,6,,,,,,,,,
12209299,0,0,3,1,,,,,,,,,
12209491,2,2,6,6,,,,,,,,,
12209492,2,2,3,7,7,,,,7,,,,
12209493,,,,,,,,,,,,,
12209494,,,,,,,,,,,,,
12209495,,,,,,,,,,,,,
12209496,0,0,3,6,,,,,,,,,
12209497,0,0,3,3,,,,,,,,,
12209498,,,,,,,,,,,,,
12209499,0,0,1,1,,,,,,,,,
12209500,,,,,,,,,,,,,
12209501,1,1,6,3,6,,,,,,,,
12209502,2,2,6,6,,,,,,,,,
12209503,0,0,6,1,,,,,,,,,
12209504,2,2,6,6,,,,,,,,,
12209505,0,0,2,0,,,,,,,,,
12209506,1,1,3,6,4,,,,,,,,
12209507,,,,,,,,,,,,,
12209508,0,0,0,1,,,,,,,,,
12209509,0,0,3,4,,,,,,,,,
12209510,,,,,,,,,,,,,
12209511,0,0,1,1,,,,,,,,,
12209512,2,2,6,6,,,,,,,,,
12209513,2,2,6,6,,,,,,,,,
12209514,2,2,6,6,,,,,,,,,
12209515,2,2,6,6,,,,,,,,,
12209516,0,0,1,0,,,,,,,,,
12209517,0,0,4,6,,,,,,,,,
12209518,1,1,6,3,7,,,,,,,,
12209519,0,0,5,1,,,,,,,,,
12209520,,,,,,,,,,,,,
12209521,0,0,3,2,,,,,,,,,
12209522,2,2,6,6,,,,,,,,,
12209523,0,0,4,2,,,,,,,,,
12209524,,,,,,,,,,,,,
12209525,2,2,6,1,11,,,,,,,,
12209526,0,0,0,0,,,,,,,,,
12209527,0,0,2,1,,,,,,,,,
12209528,0,0,0,3,,,,,,,,,
12209529,2,2,6,6,10,,,,,,,,
12209530,0,0,3,1,,,,,,,,,
12209531,2,2,6,6,,,,,,,,,
12209532,2,2,6,6,,,,,,,,,
12209533,0,0,5,6,,,,,,,,,
12209534,2,2,6,6,,,,,,,,,
12209535,2,2,6,6,,,,,,,,,
12209536,2,2,6,6,,,,,,,,,
12209537,2,2,6,6,,,,,,,,,
12209538,0,0,0,5,,,,,,,,,
12209539,0,0,3,1,,,,,,,,,
12209540,0,0,3,3,,,,,,,,,
12209541,2,2,6,6,,,,,,,,,
12209542,2,2,7,6,,,,,,,,,
12209543,0,0,0,0,,,,,,,,,
12209544,0,0,6,2,,,,,,,,,
12209545,0,0,2,0,,,,,,,,,
12209546,2,2,6,6,,,,,,,,,
12209547,2,2,6,6,,,,,,,,,
12209548,2,2,6,6,,,,,,,,,
12209549,2,2,4,6,10,,,,,,,,
12209550,2,2,6,7,,,,,,,,,
12209551,2,2,6,6,,,,,,,,,
12209552,2,2,6,6,,,,,,,,,
12209553,1,1,5,7,9,,,,,,,,
12209554,0,0,2,4,,,,,,,,,
12209555,2,2,7,6,,,,,,,,,
12209556,0,0,0,0,,,,,,,,,
12209557,0,0,0,2,,,,,,,,,
12209558,2,2,6,6,,,,,,,,,
12209559,0,0,0,3,,,,,,,,,
12209560,,,,,,,,,,,,,
12209561,,,,,,,,,,,,,
12209586,2,2,7,6,,,,7,,,,,
12209602,0,0,4,6,,,,,,,,,
12209603,2,2,5,6,10,,,,,,,,
12209604,2,2,6,6,,,,,,,,,
12209605,1,1,2,6,7,,,,,,,,
12209606,0,0,5,6,,,,,,,,,
12209607,2,2,6,6,,,,,,,,,
12209608,2,2,6,6,,,,,,,,,
12209609,2,2,6,6,,,,,,,,,
12209610,0,0,0,2,,,,,,,,,
12209611,0,0,4,0,,,,,,,,,
12209612,2,2,7,6,,,,,,,,,
12209613,0,0,6,4,,,,,,,,,
12209614,0,0,5,1,,,,,,,,,
12209615,0,0,2,0,,,,,,,,,
12209616,,,,,,,,,,,,,
12209617,1,1,3,7,5,,,,,,,,
12209618,1,1,4,6,7,,,,,,,,
12209619,2,2,6,6,,,,,,,,,
12209620,2,2,6,6,,,,,,,,,
12209621,2,2,6,6,,,,,,,,,
12209622,2,2,6,6,,,,,,,,,
12209623,2,2,6,6,,,,,,,,,
12209624,0,0,1,1,,,,,,,,,
12209625,0,0,2,1,,,,,,,,,
12209626,0,0,3,4,,,,,,,,,
12209627,2,2,6,7,,,,,,,,,
12209628,2,2,4,6,10,,,,,,,,
12209629,1,1,7,1,6,,,,,,,,
12209630,2,2,7,6,,,,,,,,,
12209631,0,0,0,0,,,,,,,,,
12209632,0,0,2,2,,,,,,,,,
12209638,0,0,4,2,,,,,,,,,
12209639,0,0,1,2,,,,,,,,,
12209640,0,0,0,0,,,,,,,,,
12209641,,,,,,,,,,,,,
12209642,0,0,1,2,,,,,,,,,
12209643,0,0,0,0,,,,,,,,,
12209644,2,2,4,7,10,,,,,,,,
12209645,1,1,4,6,7,,,,,,,,
12209646,2,2,6,6,,,,,,,,,
12209647,,,,,,,,,,,,,
12209648,2,2,7,6,,,,,,,,,
12209649,,,,,,,,,,,,,
12209650,0,0,3,1,,,,,,,,,
12209651,2,2,6,6,,,,,,,,,
12209652,0,0,5,1,,,,,,,,,
12209653,,,,,,,,,,,,,
12209654,1,1,3,6,6,,,,,,,,
12209655,0,0,2,3,,,,,,,,,
12209656,2,2,6,6,,,,,,,,,
12209657,2,2,6,6,,,,,,,,,
12209659,2,2,6,6,,,,,,,,,
12209660,1,1,6,4,5,,,,,,,,
12209682,2,2,6,6,,,,,,,,,
12209683,0,0,0,0,,,,,,,,,
12209684,0,0,1,1,,,,,,,,,
12209685,2,2,6,6,,,,,,,,,
12209686,2,2,6,6,,,,,,,,,
12209687,2,2,6,6,,,,,,,,,
12209688,2,2,6,6,,,,,,,,,
12209689,0,0,3,1,,,,,,,,,
12209690,2,2,6,6,,,,,,,,,
12209691,0,0,1,3,,,,,,,,,
12209692,0,0,0,1,,,,,,,,,
12209693,0,0,1,2,,,,,,,,,
12209694,2,2,6,6,,,,,,,,,
12209695,0,0,0,3,,,,,,,,,
12209696,0,0,1,4,,,,,,,,,
12209697,2,2,7,6,,,,,,,,,
12209703,2,2,4,6,6,,,,,,,,
12209704,2,2,6,6,6,,,,3,,,,
12209705,2,2,6,6,,,,,,,,,
12209706,2,2,6,7,,,,,7,,,,
12209710,2,2,6,6,6,,,,3,,,,
12209712,0,0,1,5,,,,,,,,,
12209715,0,0,2,4,,,,,,,,,
12209716,0,0,1,0,,,,,,,,,
12209717,0,0,0,5,,,,,,,,,
12209718,2,2,6,6,,,,,,,,,
12209719,,,,,,,,,,,,,
12209720,2,2,6,3,10,,,,,,,,
12209721,2,2,3,6,10,,,,,,,,
12209722,2,2,6,6,,,,,,,,,
12209723,,,,,,,,,,,,,
12209724,,,,,,,,,,,,,
12209725,,,,,,,,,,,,,
12209726,,,,,,,,,,,,,
12209727,0,0,0,0,,,,,,,,,
12209728,0,0,2,0,,,,,,,,,
12209729,2,2,6,7,,,,,,,,,
12209730,2,2,6,6,,,,,,,,,
12209731,,,,,,,,,,,,,
12209732,0,0,0,1,,,,,,,,,
12209733,,,,,,,,,,,,,
12209734,1,1,6,2,4,,,,,,,,
12209735,1,1,6,0,6,,,,,,,,
12209736,2,2,2,7,10,,,,7,,,,
12209737,2,2,6,6,,,,,,,,,
12209738,2,2,7,6,,,,11,,,,,
12209739,0,0,3,1,,,,,,,,,
12209740,2,2,6,6,,,,,,,,,
12209741,0,0,1,4,,,,,,,,,
12209742,0,0,5,4,,,,,,,,,
12209743,0,0,3,4,,,,,,,,,
12209744,2,2,6,6,,,,,,,,,
12209745,,,,,,,,,,,,,
12209746,1,1,7,1,1,,,7,,,,,
12209747,0,0,0,2,,,,,,,,,
12209748,2,2,6,6,,,,,,,,,
12209749,2,2,6,6,,,,,,,,,
12209750,2,2,6,6,,,,,,,,,
12209751,0,0,3,4,,,,,,,,,
12209756,0,0,1,1,,,,,,,,,
12209757,0,0,4,6,,,,,,,,,
12209758,0,0,0,1,,,,,,,,,
12209759,0,0,1,3,,,,,,,,,
12209760,2,2,6,6,,,,,,,,,
12209761,0,0,5,2,,,,,,,,,
12209762,2,2,7,6,,,,,,,,,
12209763,0,0,2,4,,,,,,,,,
12209764,0,0,1,3,,,,,,,,,
12209765,2,2,6,3,6,,,,,,,,
12209766,2,2,7,6,,,,,,,,,
12209767,2,2,7,7,,,,7,,,,,
12209768,0,0,5,5,,,,,,,,,
12209769,2,2,3,6,6,,,,,,,,
12209770,2,2,6,6,,,,,,,,,
12209771,0,0,0,2,,,,,,,,,
12209772,0,0,1,1,,,,,,,,,
12209773,0,0,1,5,,,,,,,,,
12209774,0,0,1,2,,,,,,,,,
12209775,2,2,6,6,,,,,,,,,
12209776,1,1,7,4,11,,,,,,,,
12209777,0,0,0,0,,,,,,,,,
12209778,2,2,6,6,,,,,,,,,
12209779,2,2,2,6,10,,,,,,,,
12209780,0,0,0,0,,,,,,,,,
12209781,2,2,6,6,,,,,,,,,
12209782,2,2,6,6,,,,,,,,,
12209783,0,0,2,1,,,,,,,,,
12209784,2,2,6,6,,,,,,,,,
12209785,0,0,5,1,,,,,,,,,
12209786,2,2,6,6,,,,,,,,,
12209787,,,,,,,,,,,,,
12209788,2,2,6,6,,,,,,,,,
12209789,0,0,3,1,,,,,,,,,
12209790,2,2,6,6,,,,,,,,,
12209791,2,2,6,6,,,,,,,,,
12209792,2,2,7,7,,,,,,,,,
12209793,2,2,6,6,,,,,,,,,
12209794,0,0,3,5,,,,,,,,,
12209795,2,2,6,7,,,,,,,,,
12209796,2,2,6,5,10,,,,,,,,
12209797,0,0,0,1,,,,,,,,,
12209798,0,0,4,0,,,,,,,,,
12209799,2,2,6,6,,,,,,,,,
12209800,2,2,6,6,,,,,,,,,
12209801,2,2,3,6,10,,,,,,,,
12209802,0,0,5,3,,,,,,,,,
12209803,2,2,6,6,,,,,,,,,
12209804,2,2,6,6,,,,,,,,,
12209805,2,2,6,6,,,,,,,,,
12209806,0,0,1,0,,,,,,,,,
12209807,2,2,6,6,,,,,,,,,
12209808,0,0,1,2,,,,,,,,,
12209809,0,0,5,0,,,,,,,,,
12209810,0,0,2,5,,,,,,,,,
12209811,1,1,4,6,6,,,,,,,,
12209812,0,0,0,6,,,,,,,,,
12209813,2,2,6,6,,,,,,,,,
12209814,0,0,2,5,,,,,,,,,
12209815,2,2,7,7,,,,,,,,,
12209816,2,2,6,6,,,,,,,,,
12209817,2,2,6,6,,,,,,,,,
12209818,0,0,4,3,,,,,,,,,
12209927,1,1,6,6,3,,,,2,,,,
12209928,2,2,6,6,,,,,,,,,
12209929,0,0,4,2,,,,,,,,,
12209930,0,0,2,2,,,,,,,,,
12209931,2,2,6,3,6,,,,,,,,
12209932,2,2,6,6,,,,,,,,,
12209933,2,2,4,6,13,,,,,,,,
12209934,1,1,2,6,10,,,,,,,,
12209935,0,0,2,2,,,,,,,,,
12209936,0,0,1,5,,,,,,,,,
12209937,2,2,6,0,10,,,,,,,,
12209938,0,0,4,2,,,,,,,,,
12209939,2,2,2,6,13,,,,,,,,
12209940,0,0,5,3,,,,,,,,,
12209941,0,0,2,1,,,,,,,,,
12209942,2,2,6,6,,,,,,,,,
12209943,0,0,2,1,,,,,,,,,
12209944,,,,,,,,,,,,,
12209945,2,2,6,6,,,,,,,,,
12209946,0,0,2,1,,,,,,,,,
12209947,0,0,4,3,,,,,,,,,
12209948,2,2,6,6,,,,,,,,,
12209949,2,2,6,6,,,,,,,,,
12209950,0,0,2,2,,,,,,,,,
12209951,0,0,3,1,,,,,,,,,
12209952,0,0,2,3,,,,,,,,,
12209953,0,0,0,4,,,,,,,,,
12209954,2,2,6,6,,,,,,,,,
12209955,0,0,2,2,,,,,,,,,
12209956,0,0,2,2,,,,,,,,,
12209957,0,0,2,1,,,,,,,,,
12209958,2,2,7,0,10,,,,,,,,
12209959,0,0,4,5,,,,,,,,,
12209960,2,2,6,7,,,,,,,,,
12209961,0,0,2,0,,,,,,,,,
12209962,2,2,3,6,10,,,,,,,,
12209963,0,0,2,1,,,,,,,,,
12209964,2,2,6,6,,,,,,,,,
12209965,2,2,6,6,,,,,,,,,
12209968,2,2,6,6,,,,,,,,,
12209970,0,0,4,4,,,,,,,,,
12209971,0,0,3,4,,,,,,,,,
12209972,2,2,6,6,,,,,,,,,
12209973,2,2,7,6,,,,,,,,,
12209974,2,2,6,6,,,,,,,,,
12210001,1,1,6,0,3,,,,,,,,
12210007,0,0,4,5,,,,,,,,,
12210008,0,0,2,3,,,,,,,,,
12210068,2,2,6,7,,,,,,,,,
12210069,1,1,6,4,1,,,,,,,,
12210070,1,1,4,6,3,,,,,,,,
12210071,1,1,6,4,,,,,,,,,
12210101,1,1,6,4,1,,,,,,,,
12210102,0,0,6,4,,,,7,,,,,
12210103,1,1,3,6,4,,,,,,,,
12210105,0,0,3,3,,,,,,,,,
12210106,2,2,6,6,6,,,,9,,,,
12210109,2,2,6,6,,,,,,,,,
12210110,,,,,,,,,,,,,
12210111,2,2,6,6,,,,,,,,,
12210112,2,2,6,7,,,,,9,,,,
12210160,0,0,2,4,,,,,,,,,
12210161,0,0,3,2,,,,,,,,,
12210252,0,0,2,2,,,,,,,,,
12210253,0,0,6,4,,,,,,,,,
12210254,0,0,4,1,,,,,,,,,
12210255,2,2,6,6,,,,,,,,,
12210256,0,0,4,3,,,,,,,,,
12210257,1,1,7,3,7,,,,,,,,
12210258,2,2,6,6,,,,,,,,,
12210259,2,2,6,6,,,,,,,,,
12210260,0,0,4,4,,,,,,,,,
12210261,1,1,5,6,5,,,,,,,,
12210262,0,0,2,3,,,,,,,,,
12210263,1,1,6,6,4,,,,,,,,
12210264,2,2,6,6,,,,,,,,,
12210266,2,2,6,6,,,,,,,,,
12210267,0,0,6,2,,,,,,,,,
12210268,0,0,2,3,,,,,,,,,
12210276,2,2,6,6,,,,,,,,,
12210277,1,1,6,3,3,,,,,,,,
12210279,0,0,4,3,,,,,,,,,
12210280,1,1,7,,,,,7,,,,,
12210301,0,0,2,3,,,,,,,,,
12210337,2,2,5,6,6,,,,,,,,
12210389,2,2,7,7,,,,7,7,,,,
12210390,0,0,2,3,,,,,,,,,
12210391,0,0,0,3,,,,,,,,,
12210392,2,2,7,1,6,,,7,,,,,
12210393,1,1,6,3,1,,,,,,,,
12210394,0,0,2,6,,,,,1,,,,
12210395,0,0,1,2,,,,,,,,,
12210396,2,2,6,6,,,,,,,,,
12210397,2,2,6,2,6,,,,,,,,
12210398,0,0,1,0,,,,,,,,,
12210399,0,0,0,1,,,,,,,,,
12210400,0,0,2,0,,,,,,,,,
12210401,2,2,6,6,,,,,,,,,
12210402,2,2,6,6,,,,,,,,,
12210403,0,0,4,3,,,,,,,,,
12210404,2,2,6,6,,,,,,,,,
12210405,0,0,5,3,,,,,,,,,
12210412,0,0,1,,,,,,,,,,
12210414,0,0,6,1,,,,4,,,,,
12210415,2,2,7,6,,,,7,,,,,
12210416,2,2,6,6,,,,,,,,,
12210417,0,0,0,3,,,,,,,,,
12210418,1,1,7,4,5,,,9,,,,,
12210419,0,0,0,,,,,,,,,,
12210420,1,1,6,4,3,,,,,,,,
12210421,1,1,6,1,2,,,,,,,,
12210422,0,0,4,2,,,,,,,,,
12210423,2,2,6,6,,,,,,,,,
12210424,2,2,6,6,,,,,,,,,
12210425,2,2,6,6,,,,,,,,,
12210426,,,,,,,,,,,,,
12210427,0,0,2,1,,,,,,,,,
12210428,0,0,1,3,,,,,,,,,
12210429,0,0,2,0,,,,,,,,,
12210430,2,2,4,7,6,,,,8,,,,
12210498,0,0,4,0,,,,,,,,,
12210860,2,2,7,6,,,,8,,,,,
12210870,0,0,1,1,,,,,,,,,
12210879,0,0,0,2,,,,,,,,,
12210880,2,2,4,6,6,,,,,,,,
12210881,0,0,4,1,,,,,,,,,
12210882,1,1,6,3,4,,,,,,,,
12210883,1,1,7,6,6,,,7,4,4,,,
12210884,2,2,6,6,,,,,,,,,
12210885,0,0,3,3,,,,,,,,,
12210886,2,2,6,6,,,,,,,,,
12210887,1,1,6,0,,,,,,,,,
12210888,0,0,2,1,,,,,,,,,
12210889,0,0,3,1,,,,,,,,,
12210890,2,2,6,3,7,,,,,,,,
12210911,2,2,7,6,,,,7,,,,,
12211254,2,2,6,6,,,,,,,,,
12211255,2,2,7,6,,,,,,,,,
12211320,1,1,3,6,10,,,,,,,,
12211321,2,2,7,7,,,,7,,,,,
12211322,2,2,4,6,6,,,,,,,,
12211323,0,0,1,2,,,,,,,,,
12211324,2,2,6,2,6,,,,,,,,
12211325,2,2,6,6,,,,,,,,,
12211326,2,2,6,6,,,,,,,,,
12211327,1,1,3,6,3,,,,,,,,
12211328,1,1,6,1,8,,,,,,,,
12211329,1,1,3,6,9,,,,,,,,
12211330,1,1,4,7,2,,,,7,,,,
12211331,2,2,7,6,,,,,,,,,
12211332,1,1,6,2,,,,,,,,,
12211333,2,2,3,6,10,,,,,,,,
12211334,2,2,7,7,,,,,7,,,,
12211335,2,2,6,6,,,,,,,,,
12211337,1,1,2,6,2,,,,,,,,
12211380,2,2,6,6,,,,,,,,,
12211394,2,2,3,6,7,,,,,7,,,
12211395,0,0,5,3,,,,,,,,,
12211396,0,0,4,0,,,,,,,,,
12211397,0,0,3,2,,,,,,,,,
12211398,,,,,,,,,,,,,
12211399,0,0,1,1,,,,,,,,,
12211400,0,0,1,0,,,,,,,,,
12211401,0,0,0,0,,,,,,,,,
12211402,0,0,3,2,,,,,,,,,
12211418,0,0,6,3,,,,5,,,,,
12211452,0,0,5,5,,,,,,,,,
12211453,1,1,6,6,0,,,,5,,,,
12211485,2,2,7,6,,,,,,,,,
12211486,2,2,6,6,,,,,,,,,
12211487,2,2,6,6,,,,,,,,,
12211523,0,0,1,4,,,,,,,,,
12211524,1,1,3,6,8,,,,,,,,
12211525,0,0,1,2,,,,,,,,,
12211526,1,1,6,6,7,,,,,,,,
12211527,0,0,1,1,,,,,,,,,
12211528,0,0,5,4,,,,,,,,,
12211529,1,1,6,1,5,,,,,,,,
12211530,0,0,1,2,,,,,,,,,
12211531,2,2,6,6,,,,,,,,,
12211532,0,0,2,1,,,,,,,,,
12211533,0,0,0,0,,,,,,,,,
12211534,2,2,6,6,,,,,,,,,
12211535,0,0,0,1,,,,,,,,,
12211536,0,0,2,1,,,,,,,,,
12211537,,,,,,,,,,,,,
12211538,,,,,,,,,,,,,
12211539,0,0,0,1,,,,,,,,,
12211540,2,2,6,6,,,,,,,,,
12211541,0,0,0,2,,,,,,,,,
12211542,0,0,1,0,,,,,,,,,
12211543,2,2,6,6,,,,,,,,,
12211547,0,0,1,1,,,,,,,,,
12211548,2,2,6,6,,,,,,,,,
12211550,2,2,0,6,10,,,,,,,,
12211551,2,2,6,6,,,,,,,,,
12211552,2,2,6,6,,,,,,,,,
12211553,0,0,5,6,,,,,2,,,,
12211554,0,0,2,2,,,,,,,,,
12211555,2,2,6,6,,,,,,,,,
12211556,2,2,6,6,,,,,,,,,
12211557,2,2,6,6,,,,,,,,,
12211558,0,0,1,0,,,,,,,,,
12211559,0,0,4,4,,,,,,,,,
12211560,0,0,2,1,,,,,,,,,
12211561,2,2,6,2,10,,,,,,,,
12211562,0,0,3,5,,,,,,,,,
12211563,2,2,6,6,,,,,,,,,
12211564,2,2,6,7,,,,,7,,,,
12211565,2,2,6,6,,,,,,,,,
12211566,2,2,6,6,10,,,6,,,,,
12211567,,,,,,,,,,,,,
12211568,0,0,2,1,,,,,,,,,
12211569,2,2,6,3,10,,,,,,,,
12211570,0,0,2,4,,,,,,,,,
12211571,0,0,2,1,,,,,,,,,
12211572,2,2,6,6,,,,,,,,,
12211573,0,0,1,2,,,,,,,,,
12211574,0,0,3,2,,,,,,,,,
12211575,0,0,1,,,,,,,,,,
12211576,0,0,1,3,,,,,,,,,
12211577,0,0,4,3,,,,,,,,,
12211578,1,1,4,6,3,,,,,,,,
12211579,2,2,5,6,10,,,,,,,,
12211597,0,0,5,3,,,,,,,,,
12211598,2,2,6,7,,,,,7,,,,
12211599,0,0,0,0,,,,,,,,,
12211600,0,0,2,1,,,,,,,,,
12211601,0,0,1,6,,,,,3,,,,
12211602,2,2,7,4,7,,,,,7,,,
12211603,1,1,2,7,0,,,,7,,,,
12211604,1,1,1,6,2,,,,,,,,
12211663,2,2,7,6,,,,7,,,,,
12211700,2,2,7,6,,,,,,,,,
12211764,0,0,2,3,,,,,,,,,
12211765,1,1,3,7,4,,,,7,,,,
12211767,0,0,1,2,,,,,,,,,
12211768,0,0,3,4,,,,,,,,,
12211769,0,0,0,0,,,,,,,,,
12211770,2,2,6,1,10,,,,,,,,
12211771,0,0,2,6,,,,,,,,,
12211772,0,0,1,5,,,,,,,,,
12211773,2,2,6,6,,,,,,,,,
12211774,2,2,6,6,,,,,,,,,
12211775,0,0,1,4,,,,,,,,,
12211776,2,2,7,6,,,,,,,,,
12211777,0,0,3,0,,,,,,,,,
12211778,2,2,6,6,,,,,,,,,
12211779,0,0,3,2,,,,,,,,,
12211780,0,0,2,6,,,,,6,,,,
12211781,2,2,6,6,,,,,,,,,
12211782,0,0,6,2,,,,5,,,,,
12211783,1,1,7,4,3,,,,,,,,
12211784,2,2,4,6,10,,,,,,,,
12211785,0,0,2,6,,,,,2,,,,
12211786,0,0,2,4,,,,,,,,,
12211787,0,0,6,1,,,,5,,,,,
12211788,2,2,6,6,,,,,,,,,
12211789,0,0,3,2,,,,,,,,,
12211790,2,2,7,6,,,,,,,,,
12211791,2,2,6,6,,,,,,,,,
12211792,2,2,6,6,,,,,,,,,
12211793,2,2,6,4,10,,,,,,,,
12211794,2,2,6,6,,,,,,,,,
12211795,0,0,0,2,,,,,,,,,
12211796,0,0,5,2,,,,,,,,,
12211797,0,0,4,1,,,,,,,,,
12211798,2,2,6,6,,,,,,,,,
12211799,2,2,6,7,,,,,,,,,
12211800,2,2,6,6,,,,,,,,,
12211801,2,2,7,7,,,,,,,,,
12211802,0,0,3,5,,,,,,,,,
12211803,0,0,4,5,,,,,,,,,
12211804,2,2,6,6,,,,,,,,,
12211805,,,,,,,,,,,,,
12211806,0,0,1,6,,,,,,,,,
12211807,0,0,2,3,,,,,,,,,
12211808,0,0,3,4,,,,,,,,,
12211809,1,1,2,6,6,,,,,,,,
12211877,0,0,3,1,,,,,,,,,
12211900,0,0,6,,,,,,,,,,
12211901,2,2,7,7,,,,,,,,,
12211902,2,2,6,4,6,,,,,,,,
12211903,2,2,7,7,,,,8,7,,,,
12211904,1,1,6,3,2,,,,,,,,
12211921,2,2,6,6,,,,,,,,,
12211922,0,0,2,0,,,,,,,,,
12211923,,,,,,,,,,,,,
12211924,2,2,6,6,,,,,,,,,
12211925,,,,,,,,,,,,,
12211927,2,2,6,6,,,,,,,,,
12211928,1,1,4,7,8,,,,9,,,,
12211930,2,2,3,6,10,,,,,,,,
12211931,2,2,6,6,,,,,,,,,
12211932,0,0,0,5,,,,,,,,,
12211933,0,0,0,1,,,,,,,,,
12211934,2,2,6,7,,,,,,,,,
12211936,1,1,1,6,4,,,,,,,,
12211937,0,0,0,1,,,,,,,,,
12211938,2,2,6,5,13,,,,,,,,
12211939,0,0,1,4,,,,,,,,,
12211940,0,0,1,3,,,,,,,,,
12211942,0,0,2,0,,,,,,,,,
12211943,1,1,3,6,8,,,,,,,,
12211945,1,1,7,,,,,,,,,,
12211947,2,2,6,6,,,,,,,,,
12211948,2,2,6,1,10,,,,,,,,
12211949,0,0,0,2,,,,,,,,,
12211950,2,2,6,6,,,,,,,,,
12211951,2,2,6,6,,,,,,,,,
12211952,0,0,2,1,,,,,,,,,
12211967,2,2,3,7,10,,,,7,,,,
12211968,0,0,3,4,,,,,,,,,
12211969,0,0,4,3,,,,,,,,,
12211970,1,1,2,6,4,,,,,,,,
12211971,2,2,6,7,,,,,7,,,,
12211972,2,2,6,6,,,,,,,,,
12211978,,,,,,,,,,,,,
12211979,0,0,0,0,,,,,,,,,
12211980,2,2,6,6,,,,,,,,,
12211981,2,2,6,6,,,,,,,,,
12211982,0,0,6,6,,,,,,,,,
12211983,2,2,7,6,,,,,,,,,
12211984,2,2,6,6,,,,,,,,,
12211985,,,,,,,,,,,,,
12211986,1,1,7,4,5,,,,,,,,
12211987,2,2,6,6,,,,,,,,,
12211988,0,0,0,1,,,,,,,,,
12211989,0,0,0,1,,,,,,,,,
12211990,,,,,,,,,,,,,
12211991,0,0,2,2,,,,,,,,,
12211992,2,2,6,6,,,,,,,,,
12211993,0,0,6,2,,,,,,,,,
12211994,0,0,3,2,,,,,,,,,
12211995,0,0,3,1,,,,,,,,,
12211996,0,0,0,2,,,,,,,,,
12211997,2,2,6,6,,,,,,,,,
12211998,0,0,6,1,,,,,,,,,
12211999,2,2,6,6,,,,,,,,,
12212000,1,1,0,6,7,,,,,,,,
12212001,0,0,3,1,,,,,,,,,
12212002,2,2,6,6,,,,,,,,,
12212003,0,0,3,1,,,,,,,,,
12212004,1,1,6,6,3,,,,,,,,
12212009,2,2,6,7,,,,,,,,,
12212011,1,1,6,6,6,,,5,,4,,,
12212014,1,1,6,6,8,,,,,,,,
12212015,2,2,6,4,10,,,,,,,,
12212019,0,0,0,0,,,,,,,,,
12212020,0,0,1,4,,,,,,,,,
12212021,0,0,1,2,,,,,,,,,
12212022,0,0,1,3,,,,,,,,,
12212023,2,2,3,6,7,,,,,7,,,
12212024,0,0,5,2,,,,,,,,,
12212025,0,0,2,2,,,,,,,,,
12212026,,,,,,,,,,,,,
12212033,0,0,4,0,,,,,,,,,
12212034,2,2,7,6,,,,7,,,,,
12212068,1,1,6,6,3,,,,8,,,,
12212076,2,2,6,7,,,,,7,,,,
12212077,2,2,2,6,6,,,,,,,,
12212078,0,0,4,1,,,,,,,,,
12212080,0,0,0,5,,,,,,,,,
12212087,0,0,1,3,,,,,,,,,
12212106,0,0,1,2,,,,,,,,,
12212107,0,0,2,0,,,,,,,,,
12212127,2,2,6,6,,,,,,,,,
12212201,0,0,6,6,,,,,,,,,
12212202,0,0,5,2,,,,,,,,,
12212203,0,0,1,3,,,,,,,,,
12212204,1,1,6,6,4,,,,,,,,
12212205,2,2,7,6,,,,,,,,,
12212206,1,1,3,6,9,,,,,,,,
12212207,2,2,6,2,10,,,,,,,,
12212208,0,0,2,5,,,,,,,,,
12212209,0,0,3,2,,,,,,,,,
12212210,2,2,6,6,,,,,,,,,
12212211,2,2,6,6,,,,,,,,,
12212212,0,0,2,1,,,,,,,,,
12212213,2,2,6,6,10,,,,,,,,
12212214,2,2,6,6,,,,,,,,,
12212215,2,2,6,6,,,,,,,,,
12212216,1,1,3,6,9,,,,,,,,
12213156,1,1,5,6,1,,,,,,,,
12213192,0,0,3,2,,,,,,,,,
12213206,0,0,0,3,,,,,,,,,
12213412,2,2,6,6,,,,,,,,,
12213458,2,2,6,5,10,,,,,,,,
12213459,0,0,1,3,,,,,,,,,
12213460,0,0,3,3,,,,,,,,,
12213482,0,0,3,4,,,,,,,,,
12213483,0,0,2,4,,,,,,,,,
12213484,0,0,2,3,,,,,,,,,
12213486,0,0,2,4,,,,,,,,,
12213803,0,0,3,1,,,,,,,,,
