match_id,current_score,display_score,period_1,period_2,period_3,period_4,period_5,period_1_tie_break,period_2_tie_break,period_3_tie_break,period_4_tie_break,period_5_tie_break,normal_time
11974053,3,3,,,,,,,,,,,
11974066,0,0,,,,,,,,,,,
11998445,1,1,5,6,6,,,,,4,,,
11998446,0,0,4,1,,,,,,,,,
11998447,2,2,6,6,,,,,,,,,
11998448,2,2,6,6,,,,,,,,,
11998449,0,0,1,4,,,,,,,,,
11998450,1,1,6,6,3,,,,12,,,,
11998451,2,2,7,2,6,,,7,,,,,
11998456,1,1,6,3,4,,,,,,,,
11998459,2,2,7,6,,,,,,,,,
11998666,0,0,4,6,,,,,4,,,,
11998667,2,2,3,6,6,,,,,,,,
11998670,1,1,6,6,2,,,,5,,,,
11998671,2,2,6,6,,,,,,,,,
11998672,2,2,6,7,6,,,9,,,,,
11998674,2,2,7,4,6,,,,,,,,
11998675,1,1,7,4,4,,,,,,,,
11998676,0,0,3,4,,,,,,,,,
11998772,2,2,6,6,7,,,,7,,,,
11998774,2,2,6,6,,,,,,,,,
11998780,2,2,6,4,6,,,,,,,,
11998782,2,2,6,7,,,,,7,,,,
11998783,0,0,1,3,,,,,,,,,
11998784,2,2,6,7,,,,,7,,,,
11998785,0,0,4,6,,,,,4,,,,
11998786,2,2,6,6,,,,,,,,,
11999004,0,0,6,4,,,,5,,,,,
11999005,2,2,2,7,6,,,,7,,,,
11999007,0,0,6,4,,,,6,,,,,
11999009,2,2,6,7,,,,,7,,,,
11999010,2,2,7,6,,,,7,,,,,
11999011,2,2,6,6,,,,,,,,,
11999012,1,1,6,7,6,,,1,,3,,,
11999013,0,0,3,0,,,,,,,,,
11999014,2,2,3,6,7,,,,,9,,,
11999209,0,0,2,2,,,,,,,,,
11999210,0,0,6,1,,,,3,,,,,
11999211,1,1,6,1,6,,,,,,,,
11999212,2,2,6,6,,,,,,,,,
11999213,1,1,6,3,,,,,,,,,
11999215,0,0,5,4,,,,,,,,,
11999219,0,0,3,3,,,,,,,,,
11999220,0,0,4,4,,,,,,,,,
12001976,1,1,,,,,,,,,,,
12002040,0,0,2,2,,,,,,,,,
12002041,2,2,3,6,6,,,,,,,,
12002042,2,2,5,6,6,,,,,,,,
12002043,0,0,2,4,,,,,,,,,
12002044,0,0,6,6,,,,0,1,,,,
12002048,0,0,3,0,,,,,,,,,
12002049,2,2,2,7,7,,,,11,,,,
12002050,0,0,1,1,,,,,,,,,
12002051,1,1,3,7,4,,,,,,,,
12002052,2,2,7,6,,,,7,,,,,
12002053,2,2,6,6,,,,,,,,,
12002055,2,2,3,6,7,,,,,9,,,
12002057,2,2,6,6,,,,,,,,,
12002058,2,2,6,3,6,,,,,,,,
12002060,2,2,1,6,7,,,,,7,,,
12002064,0,0,3,3,,,,,,,,,
12002065,0,0,0,6,,,,,3,,,,
12002068,0,0,2,6,,,,,8,,,,
12002078,3,3,,,,,,,,,,,
12002109,0,0,,,,,,,,,,,
12002112,1,1,,,,,,,,,,,
12010829,2,2,6,6,6,,,8,,,,,
12010830,1,1,6,4,2,,,,,,,,
12011297,,,,,,,,,,,,,
12011301,2,2,5,6,6,,,,,,,,
12011306,,,,,,,,,,,,,
12014547,1,1,6,3,5,,,,,,,,
12016976,2,2,7,3,6,,,7,,,,,
12017442,2,2,6,2,7,,,,,,,,
12017453,2,2,6,7,,,,,7,,,,
12017455,1,1,2,7,2,,,,,,,,
12017458,1,1,4,6,1,,,,,,,,
12017459,0,0,3,6,,,,,4,,,,
12017462,1,1,6,3,,,,,,,,,
12017463,2,2,7,6,,,,8,,,,,
12017464,0,0,3,4,,,,,,,,,
12017465,2,2,6,6,6,,,6,,,,,
12017468,2,2,6,7,,,,,7,,,,
12017473,0,0,4,1,,,,,,,,,
12017477,2,2,6,6,,,,,,,,,
12017480,2,2,6,6,,,,,,,,,
12017483,2,2,6,2,6,,,,,,,,
12017488,2,2,6,6,,,,,,,,,
12017495,0,0,6,5,,,,5,,,,,
12017501,1,1,0,6,0,,,,,,,,
12017504,2,2,6,6,,,,,,,,,
12017505,1,1,3,7,4,,,,,,,,
12017506,2,2,6,3,6,,,,,,,,
12017510,2,2,6,3,6,,,,,,,,
12017511,1,1,6,4,4,,,,,,,,
12017513,0,0,1,4,,,,,,,,,
12017514,0,0,6,3,,,,2,,,,,
12017517,0,0,3,3,,,,,,,,,
12017520,1,1,6,7,2,,,4,,,,,
12017522,2,2,2,6,7,,,,,7,,,
12017523,0,0,2,3,,,,,,,,,
12017526,2,2,6,6,,,,,,,,,
12017528,0,0,1,4,,,,,,,,,
12017533,2,2,6,6,,,,,,,,,
12017539,1,1,4,6,3,,,,,,,,
12017648,0,0,1,1,,,,,,,,,
12017656,0,0,3,3,,,,,,,,,
12018083,0,0,0,3,,,,,,,,,
12018812,0,0,0,1,,,,,,,,,
12018833,1,1,6,3,4,,,,,,,,
12018836,2,2,6,6,,,,,,,,,
12018842,1,1,2,6,6,,,,,10,,,
12018844,0,0,4,2,,,,,,,,,
12018847,0,0,4,6,,,,,2,,,,
12018849,2,2,6,7,,,,,,,,,
12018857,2,2,6,6,,,,,,,,,
12018899,2,2,3,6,6,,,,,,,,
12018932,0,0,2,2,,,,,,,,,
12018933,0,0,4,2,,,,,,,,,
12018934,1,1,7,4,1,,,7,,,,,
12018937,2,2,6,6,,,,,,,,,
12018939,0,0,2,1,,,,,,,,,
12018941,2,2,6,6,,,,,,,,,
12018944,2,2,5,7,6,,,,7,,,,
12018945,0,0,4,2,,,,,,,,,
12019043,1,1,6,6,2,,,,2,,,,
12019094,0,0,5,6,,,,,4,,,,
12019105,2,2,7,6,,,,9,,,,,
12019106,2,2,6,6,,,,,,,,,
12019658,0,0,2,3,,,,,,,,,
12019672,0,0,2,6,,,,,6,,,,
12019673,0,0,5,6,,,,,2,,,,
12019677,1,1,6,2,,,,,,,,,
12019755,2,2,6,6,,,,,,,,,
12019899,2,2,6,6,,,,,,,,,
12019944,2,2,7,2,7,,,7,,7,,,
12019945,2,2,4,7,6,,,,7,,,,
12019949,1,1,3,7,6,,,,7,2,,,
12019979,0,0,1,6,,,,,4,,,,
12020048,0,0,2,1,,,,,,,,,
12020068,2,2,6,6,,,,,,,,,
12020069,0,0,5,4,,,,,,,,,
12020070,2,2,6,6,,,,,,,,,
12020071,0,0,0,3,,,,,,,,,
12020072,0,0,4,2,,,,,,,,,
12020073,1,1,6,6,2,,,5,,,,,
12020074,2,2,4,6,6,,,,,,,,
12020075,0,0,2,3,,,,,,,,,
12020509,0,0,3,5,,,,,,,,,
12020510,2,2,6,0,6,,,,,,,,
12020513,2,2,6,3,6,,,,,,,,
12020532,2,2,6,6,,,,,,,,,
12020544,2,2,6,2,7,,,,,16,,,
12020555,2,2,6,6,,,,,,,,,
12020624,0,0,3,4,,,,,,,,,
12020718,1,1,6,7,0,,,1,7,,,,
12021294,2,2,7,6,,,,,,,,,
12021309,2,2,6,3,7,,,,,8,,,
12021318,0,0,2,1,,,,,,,,,
12021328,0,0,1,3,,,,,,,,,
12021399,2,2,6,6,,,,,,,,,
12021419,2,2,6,1,7,,,,,,,,
12021434,2,2,7,6,,,,7,,,,,
12021435,0,0,5,2,,,,,,,,,
12021442,2,2,7,7,,,,,7,,,,
12021451,0,0,0,3,,,,,,,,,
12021493,0,0,2,0,,,,,,,,,
12021494,2,2,6,4,6,,,,,,,,
12021502,1,1,2,6,4,,,,,,,,
12021503,1,1,3,6,1,,,,,,,,
12021508,2,2,6,7,,,,,7,,,,
12021512,,,,,,,,,,,,,
12021516,1,1,3,7,4,,,,7,,,,
12021518,0,0,5,4,,,,,,,,,
12021519,0,0,5,4,,,,,,,,,
12021521,0,0,2,3,,,,,,,,,
12021522,2,2,6,6,,,,,,,,,
12021530,0,0,2,1,,,,,,,,,
12021532,2,2,6,6,,,,,,,,,
12021538,1,1,7,6,1,,,,3,,,,
12021539,2,2,6,6,,,,,,,,,
12021558,0,0,4,5,,,,,,,,,
12021562,0,0,2,4,,,,,,,,,
12021566,1,1,6,4,3,,,,,,,,
12021581,2,2,7,6,6,,,,6,,,,
12021589,0,0,2,2,,,,,,,,,
12021590,0,0,4,0,,,,,,,,,
12021599,0,0,4,4,,,,,,,,,
12021601,2,2,6,3,6,,,,,,,,
12021605,2,2,4,6,6,,,,,,,,
12021622,0,0,0,3,,,,,,,,,
12021623,0,0,3,1,,,,,,,,,
12021624,0,0,3,1,,,,,,,,,
12021658,0,0,2,4,,,,,,,,,
12021659,0,0,3,4,,,,,,,,,
12021806,2,2,6,5,6,,,,,,,,
12021807,0,0,1,4,,,,,,,,,
12021848,2,2,6,6,,,,,,,,,
12022185,1,1,6,4,,,,,,,,,
12022248,2,2,6,6,,,,,,,,,
12022250,1,1,6,3,2,,,,,,,,
12022251,0,0,2,2,,,,,,,,,
12022262,0,0,4,0,,,,,,,,,
12022282,2,2,6,6,,,,,,,,,
12022295,2,2,6,6,,,,,,,,,
12022305,1,1,4,6,4,,,,,,,,
12022321,1,1,3,6,6,,,,,10,,,
12022327,1,1,6,3,1,,,,,,,,
12022336,0,0,1,5,,,,,,,,,
12022371,0,0,1,2,,,,,,,,,
12022396,1,1,5,6,1,,,,,,,,
12022430,1,1,6,6,4,,,,3,,,,
12022438,2,2,6,2,6,,,,,,,,
12022439,0,0,4,1,,,,,,,,,
12022452,2,2,6,6,,,,,,,,,
12022453,0,0,6,4,,,,5,,,,,
12022492,2,2,4,6,6,,,,,,,,
12022513,2,2,7,3,6,,,,,,,,
12022525,2,2,6,7,,,,,,,,,
12022526,2,2,3,7,6,,,,7,,,,
12022527,0,0,5,2,,,,,,,,,
12022528,,,,,,,,,,,,,
12022562,0,0,1,4,,,,,,,,,
12022672,2,2,5,7,6,,,,7,,,,
12022674,0,0,5,2,,,,,,,,,
12022675,0,0,2,2,,,,,,,,,
12022680,0,0,2,0,,,,,,,,,
12022685,0,0,3,6,,,,,5,,,,
12022703,2,2,6,6,,,,,,,,,
12022718,1,1,3,7,4,,,,7,,,,
12022727,1,1,7,3,1,,,,,,,,
12022801,2,2,6,6,,,,,,,,,
12022802,0,0,3,0,,,,,,,,,
12023335,2,2,6,3,7,,,,,,,,
12023340,2,2,6,6,,,,,,,,,
12023348,2,2,6,6,,,,,,,,,
12023350,2,2,7,6,6,,,,3,,,,
12023352,2,2,6,6,,,,,,,,,
12023353,1,1,6,3,0,,,,,,,,
12023361,,,,,,,,,,,,,
12023362,2,2,6,6,,,,,,,,,
12023461,1,1,4,6,4,,,,,,,,
12023462,1,1,6,0,2,,,,,,,,
12023465,1,1,6,,,,,,,,,,
12023470,2,2,6,4,7,,,,,12,,,
12024041,0,0,2,1,,,,,,,,,
12024043,0,0,3,1,,,,,,,,,
12024064,1,1,6,7,2,,,2,,,,,
12024149,0,0,5,2,,,,,,,,,
12024225,2,2,6,6,,,,,,,,,
12024232,0,0,3,4,,,,,,,,,
12024235,2,2,6,7,,,,,7,,,,
12024236,0,0,1,4,,,,,,,,,
12024243,1,1,1,6,0,,,,,,,,
12024248,0,0,1,4,,,,,,,,,
12024249,2,2,7,6,,,,7,,,,,
12024252,2,2,7,6,,,,,,,,,
12024254,0,0,3,3,,,,,,,,,
12024307,0,0,4,3,,,,,,,,,
12024308,0,0,1,4,,,,,,,,,
12024356,1,1,6,1,,,,,,,,,
12024368,2,2,7,7,,,,7,7,,,,
12024386,2,2,7,6,,,,,,,,,
12024387,2,2,4,7,7,,,,8,8,,,
12024430,0,0,3,1,,,,,,,,,
12024431,0,0,2,2,,,,,,,,,
12024440,0,0,6,3,,,,4,,,,,
12024550,2,2,6,6,,,,,,,,,
12024572,2,2,7,7,,,,7,7,,,,
12024628,2,2,7,6,,,,,,,,,
12024632,2,2,6,6,,,,,,,,,
12024643,0,0,3,2,,,,,,,,,
12024644,1,1,6,7,2,,,3,,,,,
12024645,0,0,4,2,,,,,,,,,
12024652,0,0,1,3,,,,,,,,,
12024769,0,0,1,3,,,,,,,,,
12024782,2,2,6,6,,,,,,,,,
12024913,2,2,6,6,,,,,,,,,
12025016,2,2,6,7,,,,,,,,,
12025030,2,2,6,2,6,,,,,,,,
12025056,2,2,7,6,,,,7,,,,,
12025057,0,0,1,3,,,,,,,,,
12025085,2,2,6,7,6,,,7,7,,,,
12025144,2,2,6,6,6,,,,5,,,,
12025672,1,1,7,2,4,,,7,,,,,
11974052,0,0,,,,,,,,,,,
11974053,3,3,,,,,,,,,,,
11974066,0,0,,,,,,,,,,,
11974067,2,2,,,,,,,,,,,
11974068,3,3,,,,,,,,,,,
11974071,1,1,,,,,,,,,,,
11987997,3,3,,,,,,,,,,,
11998445,1,1,5,6,6,,,,,4,,,
11998446,0,0,4,1,,,,,,,,,
11998447,2,2,6,6,,,,,,,,,
11998452,2,2,6,6,,,,,,,,,
11998453,0,0,5,1,,,,,,,,,
11998454,2,2,7,6,,,,8,,,,,
11998456,1,1,6,3,4,,,,,,,,
11998459,2,2,7,6,,,,,,,,,
11998664,2,2,6,7,6,,,7,7,,,,
11998666,0,0,4,6,,,,,4,,,,
11998667,2,2,3,6,6,,,,,,,,
11998670,1,1,6,6,2,,,,5,,,,
11998671,2,2,6,6,,,,,,,,,
11998673,2,2,7,6,,,,,,,,,
11998772,2,2,6,6,7,,,,7,,,,
11998776,1,1,4,7,2,,,,,,,,
11998777,2,2,7,5,6,,,9,,,,,
11998779,2,2,6,7,,,,,,,,,
11998780,2,2,6,4,6,,,,,,,,
11998781,1,1,6,6,4,,,,1,,,,
11998784,2,2,6,7,,,,,7,,,,
11998786,2,2,6,6,,,,,,,,,
11999004,0,0,6,4,,,,5,,,,,
11999005,2,2,2,7,6,,,,7,,,,
11999006,0,0,3,4,,,,,,,,,
11999007,0,0,6,4,,,,6,,,,,
11999009,2,2,6,7,,,,,7,,,,
11999011,2,2,6,6,,,,,,,,,
11999014,2,2,3,6,7,,,,,9,,,
11999015,0,0,2,4,,,,,,,,,
11999018,2,2,6,6,,,,,,,,,
11999019,2,2,6,7,,,,,,,,,
11999206,0,0,6,6,,,,3,4,,,,
11999207,2,2,6,4,6,,,,,,,,
11999208,2,2,6,7,,,,,7,,,,
11999211,1,1,6,1,6,,,,,,,,
11999212,2,2,6,6,,,,,,,,,
11999213,1,1,6,3,,,,,,,,,
11999214,0,0,1,4,,,,,,,,,
11999219,0,0,3,3,,,,,,,,,
12001944,3,3,,,,,,,,,,,
12001976,1,1,,,,,,,,,,,
12002041,2,2,3,6,6,,,,,,,,
12002049,2,2,2,7,7,,,,11,,,,
12002050,0,0,1,1,,,,,,,,,
12002051,1,1,3,7,4,,,,,,,,
12002053,2,2,6,6,,,,,,,,,
12002055,2,2,3,6,7,,,,,9,,,
12002057,2,2,6,6,,,,,,,,,
12002058,2,2,6,3,6,,,,,,,,
12002059,2,2,6,6,,,,,,,,,
12002060,2,2,1,6,7,,,,,7,,,
12002061,0,0,3,2,,,,,,,,,
12002064,0,0,3,3,,,,,,,,,
12002065,0,0,0,6,,,,,3,,,,
12002066,2,2,6,7,,,,,7,,,,
12002067,0,0,3,2,,,,,,,,,
12002068,0,0,2,6,,,,,8,,,,
12002072,1,1,7,6,6,,,,4,6,,,
12002078,3,3,,,,,,,,,,,
12002102,4,4,,,,,,,,,,,
12002109,0,0,,,,,,,,,,,
12002112,1,1,,,,,,,,,,,
12017513,0,0,1,4,,,,,,,,,
12017514,0,0,6,3,,,,2,,,,,
12018899,2,2,3,6,6,,,,,,,,
12019043,1,1,6,6,2,,,,2,,,,
12019658,0,0,2,3,,,,,,,,,
12020048,0,0,2,1,,,,,,,,,
12021512,,,,,,,,,,,,,
12021513,,,,,,,,,,,,,
12021514,,,,,,,,,,,,,
12021515,,,,,,,,,,,,,
12021516,1,1,3,7,4,,,,7,,,,
12021538,1,1,7,6,1,,,,3,,,,
12021658,0,0,2,4,,,,,,,,,
12022282,2,2,6,6,,,,,,,,,
12022321,1,1,3,6,6,,,,,10,,,
12022492,2,2,4,6,6,,,,,,,,
12022526,2,2,3,7,6,,,,7,,,,
12022528,,,,,,,,,,,,,
12022562,0,0,1,4,,,,,,,,,
12022672,2,2,5,7,6,,,,7,,,,
12022675,0,0,2,2,,,,,,,,,
12022685,0,0,3,6,,,,,5,,,,
12022703,2,2,6,6,,,,,,,,,
12022718,1,1,3,7,4,,,,7,,,,
12022727,1,1,7,3,1,,,,,,,,
12022801,2,2,6,6,,,,,,,,,
12022802,0,0,3,0,,,,,,,,,
12023335,2,2,6,3,7,,,,,,,,
12023340,2,2,6,6,,,,,,,,,
12023348,2,2,6,6,,,,,,,,,
12023349,2,2,5,6,6,,,,,,,,
12023350,2,2,7,6,6,,,,3,,,,
12023351,0,0,3,4,,,,,,,,,
12023352,2,2,6,6,,,,,,,,,
12023353,1,1,6,3,0,,,,,,,,
12023354,,,,,,,,,,,,,
12023355,2,2,6,3,6,,,,,,,,
12023356,0,0,2,2,,,,,,,,,
12023358,,,,,,,,,,,,,
12023359,,,,,,,,,,,,,
12023360,,,,,,,,,,,,,
12023361,,,,,,,,,,,,,
12023362,2,2,6,6,,,,,,,,,
12023461,1,1,4,6,4,,,,,,,,
12023462,1,1,6,0,2,,,,,,,,
12023465,1,1,6,,,,,,,,,,
12023470,2,2,6,4,7,,,,,12,,,
12024039,,,,,,,,,,,,,
12024040,,,,,,,,,,,,,
12024041,0,0,2,1,,,,,,,,,
12024042,,,,,,,,,,,,,
12024043,0,0,3,1,,,,,,,,,
12024064,1,1,6,7,2,,,2,,,,,
12024149,0,0,5,2,,,,,,,,,
12024225,2,2,6,6,,,,,,,,,
12024226,2,2,6,7,,,,,8,,,,
12024231,1,1,6,6,4,,,,2,,,,
12024232,0,0,3,4,,,,,,,,,
12024233,,,,,,,,,,,,,
12024234,,,,,,,,,,,,,
12024235,2,2,6,7,,,,,7,,,,
12024236,0,0,1,4,,,,,,,,,
12024239,2,2,6,6,,,,,,,,,
12024240,2,2,6,5,6,,,,,,,,
12024242,2,2,6,7,7,,,4,7,,,,
12024243,1,1,1,6,0,,,,,,,,
12024245,1,1,6,6,6,,,5,,5,,,
12024248,0,0,1,4,,,,,,,,,
12024249,2,2,7,6,,,,7,,,,,
12024252,2,2,7,6,,,,,,,,,
12024254,0,0,3,3,,,,,,,,,
12024307,0,0,4,3,,,,,,,,,
12024308,0,0,1,4,,,,,,,,,
12024355,0,0,2,3,,,,,,,,,
12024356,1,1,6,1,,,,,,,,,
12024365,0,0,1,4,,,,,,,,,
12024368,2,2,7,7,,,,7,7,,,,
12024369,0,0,4,6,,,,,3,,,,
12024370,,,,,,,,,,,,,
12024371,0,0,6,5,,,,5,,,,,
12024386,2,2,7,6,,,,,,,,,
12024387,2,2,4,7,7,,,,8,8,,,
12024388,,,,,,,,,,,,,
12024389,,,,,,,,,,,,,
12024390,,,,,,,,,,,,,
12024426,,,,,,,,,,,,,
12024430,0,0,3,1,,,,,,,,,
12024431,0,0,2,2,,,,,,,,,
12024435,2,2,7,6,,,,7,,,,,
12024440,0,0,6,3,,,,4,,,,,
12024489,2,2,6,6,,,,,,,,,
12024510,0,0,2,5,,,,,,,,,
12024512,2,2,4,6,6,,,,,,,,
12024513,1,1,6,4,2,,,,,,,,
12024514,0,0,3,6,,,,,5,,,,
12024550,2,2,6,6,,,,,,,,,
12024555,0,0,3,6,,,,,3,,,,
12024556,2,2,6,7,,,,,,,,,
12024557,0,0,2,6,,,,,4,,,,
12024559,,,,,,,,,,,,,
12024572,2,2,7,7,,,,7,7,,,,
12024613,0,0,6,2,,,,2,,,,,
12024614,1,1,6,2,0,,,,,,,,
12024615,,,,,,,,,,,,,
12024617,,,,,,,,,,,,,
12024628,2,2,7,6,,,,,,,,,
12024632,2,2,6,6,,,,,,,,,
12024637,2,2,7,6,,,,,,,,,
12024640,2,2,6,6,,,,,,,,,
12024641,2,2,6,6,,,,,,,,,
12024642,,,,,,,,,,,,,
12024643,0,0,3,2,,,,,,,,,
12024644,1,1,6,7,2,,,3,,,,,
12024645,0,0,4,2,,,,,,,,,
12024652,0,0,1,3,,,,,,,,,
12024769,0,0,1,3,,,,,,,,,
12024782,2,2,6,6,,,,,,,,,
12024794,2,2,6,6,,,,,,,,,
12024837,2,2,6,6,,,,,,,,,
12024838,,,,,,,,,,,,,
12024840,2,2,6,6,,,,,,,,,
12024913,2,2,6,6,,,,,,,,,
12024934,0,0,6,3,,,,3,,,,,
12024935,1,1,4,6,4,,,,,,,,
12025016,2,2,6,7,,,,,,,,,
12025030,2,2,6,2,6,,,,,,,,
12025044,1,1,7,5,4,,,,,,,,
12025056,2,2,7,6,,,,7,,,,,
12025057,0,0,1,3,,,,,,,,,
12025061,1,1,7,5,0,,,7,,,,,
12025067,2,2,6,6,,,,,,,,,
12025085,2,2,6,7,6,,,7,7,,,,
12025130,2,2,6,6,,,,,,,,,
12025132,2,2,6,6,,,,,,,,,
12025133,2,2,2,6,6,,,,,,,,
12025138,2,2,6,6,,,,,,,,,
12025139,2,2,6,6,,,,,,,,,
12025142,2,2,7,6,,,,7,,,,,
12025144,2,2,6,6,6,,,,5,,,,
12025149,0,0,1,6,,,,,3,,,,
12025174,0,0,1,3,,,,,,,,,
12025672,1,1,7,2,4,,,7,,,,,
12025679,0,0,6,4,,,,3,,,,,
12025684,0,0,3,5,,,,,,,,,
12025685,0,0,4,4,,,,,,,,,
12025687,2,2,3,6,7,,,,,7,,,
12025690,2,2,6,6,,,,,,,,,
12025752,0,0,5,0,,,,,,,,,
12025799,,,,,,,,,,,,,
12025849,2,2,7,4,6,,,7,,,,,
12026470,1,1,4,7,2,,,,7,,,,
12026623,2,2,2,6,6,,,,,,,,
12026792,0,0,4,4,,,,,,,,,
12026797,0,0,4,6,,,,,4,,,,
12026852,0,0,3,2,,,,,,,,,
12026853,0,0,5,6,,,,,2,,,,
12026855,0,0,5,3,,,,,,,,,
12026857,1,1,7,6,0,,,7,4,,,,
12026875,1,1,3,6,5,,,,,,,,
12026878,2,2,6,6,,,,,,,,,
12026987,0,0,2,6,,,,,1,,,,
12027048,0,0,2,0,,,,,,,,,
12027058,1,1,6,3,4,,,,,,,,
12027148,1,1,6,5,4,,,,,,,,
12027491,1,1,7,6,2,,,,2,,,,
12027494,0,0,3,6,,,,,3,,,,
12027516,0,0,1,4,,,,,,,,,
12027519,2,2,6,6,,,,,,,,,
12027535,0,0,6,3,,,,6,,,,,
12027539,0,0,1,2,,,,,,,,,
12027541,1,1,4,6,4,,,,,,,,
12027547,2,2,6,6,,,,,,,,,
12027611,2,2,6,6,,,,,,,,,
12027640,,,,,,,,,,,,,
12027641,,,,,,,,,,,,,
12027643,1,1,6,3,2,,,,,,,,
12027644,0,0,1,6,,,,,2,,,,
12027645,0,0,2,3,,,,,,,,,
12027646,2,2,6,6,,,,,,,,,
12027647,0,0,2,3,,,,,,,,,
12027648,1,1,1,6,4,,,,,,,,
12027649,1,1,6,1,1,,,,,,,,
12027651,2,2,6,6,,,,,,,,,
12027652,0,0,4,0,,,,,,,,,
12027653,2,2,3,6,7,,,,,7,,,
12027654,2,2,6,6,6,,,3,,,,,
12027665,2,2,6,6,,,,,,,,,
12027666,0,0,3,2,,,,,,,,,
12027667,0,0,2,,,,,,,,,,
12027668,0,0,1,0,,,,,,,,,
12027669,1,1,7,1,6,,,,,5,,,
12027672,1,1,7,6,2,,,,5,,,,
12027673,0,0,1,1,,,,,,,,,
12027674,2,2,6,6,,,,,,,,,
12027677,2,2,5,7,6,,,,,,,,
12027678,1,1,6,4,3,,,,,,,,
12027679,2,2,1,6,6,,,,,,,,
12027680,2,2,6,6,,,,,,,,,
12027726,1,1,3,6,3,,,,,,,,
12027906,2,2,7,6,,,,,,,,,
12027950,0,0,5,4,,,,,,,,,
12027973,2,2,6,6,,,,,,,,,
12027974,,,,,,,,,,,,,
12027975,2,2,6,6,,,,,,,,,
12027978,2,2,7,7,,,,7,7,,,,
12027980,0,0,1,0,,,,,,,,,
12027981,2,2,6,3,6,,,,,,,,
12027982,2,2,6,6,,,,,,,,,
12027984,0,0,1,2,,,,,,,,,
12028119,0,0,3,4,,,,,,,,,
12028146,2,2,6,6,,,,,,,,,
12028542,2,2,6,6,,,,,,,,,
12028737,1,1,6,3,6,,,,,5,,,
12029386,0,0,3,4,,,,,,,,,
12029395,0,0,3,2,,,,,,,,,
12029459,1,1,6,1,4,,,,,,,,
12029551,0,0,6,4,,,,1,,,,,
12029619,2,2,7,7,,,,7,7,,,,
12029656,2,2,6,6,,,,,,,,,
12029657,0,0,5,5,,,,,,,,,
12029664,0,0,2,4,,,,,,,,,
12037643,0,0,1,1,,,,,,,,,
12038557,0,0,1,1,,,,,,,,,
12038623,0,0,6,3,,,,4,,,,,
12038644,1,1,6,5,7,,,,,,,,
12038683,2,2,7,6,,,,,,,,,
12038684,0,0,5,6,,,,,9,,,,
12038685,0,0,6,6,,,,5,2,,,,
12038726,0,0,3,4,,,,,,,,,
12038917,2,2,6,7,,,,,8,,,,
12039412,,,,,,,,,,,,,
12024368,2,2,7,7,,,,7,7,,,,
12024613,0,0,6,2,,,,2,,,,,
12024557,0,0,2,6,,,,,4,,,,
12024369,0,0,4,6,,,,,3,,,,
12024840,2,2,6,6,,,,,,,,,
12024614,1,1,6,2,0,,,,,,,,
12024556,2,2,6,7,,,,,,,,,
12024514,0,0,3,6,,,,,5,,,,
12021514,,,,,,,,,,,,,
12024837,2,2,6,6,,,,,,,,,
12024642,,,,,,,,,,,,,
12028119,0,0,3,4,,,,,,,,,
12024512,2,2,4,6,6,,,,,,,,
12021515,,,,,,,,,,,,,
12025139,2,2,6,6,,,,,,,,,
12025138,2,2,6,6,,,,,,,,,
12025685,0,0,4,4,,,,,,,,,
12025684,0,0,3,5,,,,,,,,,
12039412,,,,,,,,,,,,,
12027541,1,1,4,6,4,,,,,,,,
12024559,,,,,,,,,,,,,
12024513,1,1,6,4,2,,,,,,,,
12027906,2,2,7,6,,,,,,,,,
12024617,,,,,,,,,,,,,
12027227,2,2,6,7,,,,,7,,,,
12039218,0,0,3,,,,,,,,,,
12039283,0,0,3,2,,,,,,,,,
12024366,2,2,7,7,,,,8,7,,,,
12024616,,,,,,,,,,,,,
12024839,,,,,,,,,,,,,
12024558,,,,,,,,,,,,,
12039391,0,0,4,5,,,,,,,,,
12039701,2,2,7,6,,,,7,,,,,
12027231,2,2,6,7,,,,,7,,,,
12027545,2,2,6,6,,,,,,,,,
12027905,0,0,4,5,,,,,,,,,
12024511,,,,,,,,,,,,,
12024367,2,2,5,7,6,,,,7,,,,
12024836,,,,,,,,,,,,,
12027987,2,2,4,6,6,,,,,,,,
12025137,2,2,7,4,6,,,,,,,,
12027988,1,1,2,6,3,,,,,,,,
12025136,,,,,,,,,,,,,
12025683,,,,,,,,,,,,,
12040867,0,0,3,6,,,,,3,,,,
12025682,,,,,,,,,,,,,
12027230,,,,,,,,,,,,,
12041772,2,2,3,6,11,,,,,,,,
12027726,1,1,3,6,3,,,,,,,,
12021513,,,,,,,,,,,,,
12038623,0,0,6,3,,,,4,,,,,
12024510,0,0,2,5,,,,,,,,,
12024370,,,,,,,,,,,,,
12038685,0,0,6,6,,,,5,2,,,,
12024555,0,0,3,6,,,,,3,,,,
12024615,,,,,,,,,,,,,
12024838,,,,,,,,,,,,,
12038917,2,2,6,7,,,,,8,,,,
12025140,1,1,4,7,3,,,,7,,,,
12025681,1,1,6,2,6,,,,,1,,,
12027544,1,1,6,3,6,,,,,4,,,
12041662,0,0,4,,,,,,,,,,
12027229,,,,,,,,,,,,,
12041821,2,2,6,6,6,,,3,,,,,
11998456,1,1,6,3,4,,,,,,,,
11998453,0,0,5,1,,,,,,,,,
11998454,2,2,7,6,,,,8,,,,,
11998452,2,2,6,6,,,,,,,,,
11998458,1,1,6,4,4,,,,,,,,
11998457,0,0,3,1,,,,,,,,,
12002065,0,0,0,6,,,,,3,,,,
12002068,0,0,2,6,,,,,8,,,,
12002059,2,2,6,6,,,,,,,,,
12002061,0,0,3,2,,,,,,,,,
12002072,1,1,7,6,6,,,,4,6,,,
12002070,2,2,6,6,,,,,,,,,
12002073,2,2,6,6,,,,,,,,,
12002060,2,2,1,6,7,,,,,7,,,
12002066,2,2,6,7,,,,,7,,,,
12002067,0,0,3,2,,,,,,,,,
12002069,2,2,6,2,6,,,,,,,,
12024386,2,2,7,6,,,,,,,,,
12024239,2,2,6,6,,,,,,,,,
12025132,2,2,6,6,,,,,,,,,
12024637,2,2,7,6,,,,,,,,,
12024934,0,0,6,3,,,,3,,,,,
12024640,2,2,6,6,,,,,,,,,
12025130,2,2,6,6,,,,,,,,,
12024935,1,1,4,6,4,,,,,,,,
12023358,,,,,,,,,,,,,
12025799,,,,,,,,,,,,,
12029395,0,0,3,2,,,,,,,,,
12023359,,,,,,,,,,,,,
12038557,0,0,1,1,,,,,,,,,
12023351,0,0,3,4,,,,,,,,,
12026857,1,1,7,6,0,,,7,4,,,,
12025687,2,2,3,6,7,,,,,7,,,
12023349,2,2,5,6,6,,,,,,,,
12038644,1,1,6,5,7,,,,,,,,
12026855,0,0,5,3,,,,,,,,,
12026853,0,0,5,6,,,,,2,,,,
12024240,2,2,6,5,6,,,,,,,,
12025690,2,2,6,6,,,,,,,,,
12023355,2,2,6,3,6,,,,,,,,
12026875,1,1,3,6,5,,,,,,,,
12024039,,,,,,,,,,,,,
12024231,1,1,6,6,4,,,,2,,,,
12024388,,,,,,,,,,,,,
12027516,0,0,1,4,,,,,,,,,
12026852,0,0,3,2,,,,,,,,,
12024042,,,,,,,,,,,,,
12027535,0,0,6,3,,,,6,,,,,
12027058,1,1,6,3,4,,,,,,,,
12026878,2,2,6,6,,,,,,,,,
12023356,0,0,2,2,,,,,,,,,
12027519,2,2,6,6,,,,,,,,,
12024389,,,,,,,,,,,,,
12024234,,,,,,,,,,,,,
12027803,2,2,6,6,,,,,,,,,
12024638,,,,,,,,,,,,,
12039284,2,2,6,6,,,,,,,,,
12027533,0,0,4,4,,,,,,,,,
12024241,,,,,,,,,,,,,
12027059,0,0,3,2,,,,,,,,,
12027918,2,2,6,6,,,,,,,,,
12027949,2,2,4,6,6,,,,,,,,
12027802,2,2,4,6,6,,,,,,,,
12024639,,,,,,,,,,,,,
12028140,2,2,6,3,6,,,,,,,,
12024238,,,,,,,,,,,,,
12028190,1,1,7,2,2,,,,,,,,
12027919,2,2,6,6,,,,,,,,,
12027948,0,0,2,3,,,,,,,,,
12028144,1,1,3,6,5,,,,,,,,
12024936,2,2,6,6,,,,,,,,,
12027972,2,2,6,6,,,,,,,,,
12028191,2,2,7,6,6,,,7,2,,,,
12025129,,,,,,,,,,,,,
12027969,0,0,2,1,,,,,,,,,
12024938,2,2,6,7,,,,,7,,,,
12040019,2,2,6,6,,,,,,,,,
12025128,,,,,,,,,,,,,
12026854,,,,,,,,,,,,,
12040871,0,0,3,4,,,,,,,,,
12025689,,,,,,,,,,,,,
12041657,2,2,6,6,,,,,,,,,
12040872,1,1,7,4,6,,,7,,,,,
12026859,,,,,,,,,,,,,
12025688,,,,,,,,,,,,,
12026856,,,,,,,,,,,,,
12026858,,,,,,,,,,,,,
12027804,,,,,,,,,,,,,
12027531,,,,,,,,,,,,,
12026877,2,2,7,3,7,,,7,,9,,,
12041771,2,2,6,6,,,,,,,,,
12041820,1,1,3,6,8,,,,,,,,
12027054,,,,,,,,,,,,,
12027517,0,0,2,3,,,,,,,,,
11974053,3,3,,,,,,,,,,,
11974067,2,2,,,,,,,,,,,
11974052,0,0,,,,,,,,,,,
11974068,3,3,,,,,,,,,,,
11974071,1,1,,,,,,,,,,,
11987997,3,3,,,,,,,,,,,
11974070,0,0,,,,,,,,,,,
11974049,1,1,,,,,,,,,,,
12002102,4,4,,,,,,,,,,,
12001944,3,3,,,,,,,,,,,
12002110,0,0,,,,,,,,,,,
12002113,3,3,,,,,,,,,,,
12002107,1,1,,,,,,,,,,,
12001987,0,0,,,,,,,,,,,
12023360,,,,,,,,,,,,,
12028737,1,1,6,3,6,,,,,5,,,
12024426,,,,,,,,,,,,,
12029386,0,0,3,4,,,,,,,,,
12029459,1,1,6,1,4,,,,,,,,
12023354,,,,,,,,,,,,,
12029551,0,0,6,4,,,,1,,,,,
12029657,0,0,5,5,,,,,,,,,
12029619,2,2,7,7,,,,7,7,,,,
12024233,,,,,,,,,,,,,
12024390,,,,,,,,,,,,,
12024040,,,,,,,,,,,,,
12024242,2,2,6,7,7,,,4,7,,,,
12024641,2,2,6,6,,,,,,,,,
12024937,2,2,6,6,6,,,,1,,,,
12025131,2,2,6,6,,,,,,,,,
12040787,0,0,2,6,,,,,5,,,,
12026861,,,,,,,,,,,,,
12025691,2,2,6,6,,,,,,,,,
12026860,0,0,4,4,,,,,,,,,
12026876,1,1,5,6,4,,,,,,,,
12027518,,,,,,,,,,,,,
12041488,2,2,6,3,7,,,,,,,,
12027801,2,2,6,6,6,,,4,,,,,
12027532,0,0,1,6,,,,,5,,,,
12027056,,,,,,,,,,,,,
12041644,0,0,6,3,,,,10,,,,,
12028955,2,2,6,6,,,,,,,,,
12028951,0,0,1,4,,,,,,,,,
12028956,1,1,6,3,6,,,,,1,,,
12028953,2,2,6,6,,,,,,,,,
12028954,2,2,6,6,,,,,,,,,
12028957,2,2,6,6,,,,,,,,,
12028952,2,2,6,6,,,,,,,,,
12028958,2,2,7,6,,,,7,,,,,
12039866,2,2,6,6,,,,,,,,,
12039861,2,2,7,6,,,,7,,,,,
12039867,2,2,6,7,,,,,7,,,,
12039863,2,2,7,6,,,,,,,,,
12039865,2,2,6,4,7,,,,,7,,,
12027641,,,,,,,,,,,,,
12029664,0,0,2,4,,,,,,,,,
12027640,,,,,,,,,,,,,
12029656,2,2,6,6,,,,,,,,,
12027644,0,0,1,6,,,,,2,,,,
12027643,1,1,6,3,2,,,,,,,,
12027645,0,0,2,3,,,,,,,,,
12027648,1,1,1,6,4,,,,,,,,
12027649,1,1,6,1,1,,,,,,,,
12027647,0,0,2,3,,,,,,,,,
12027646,2,2,6,6,,,,,,,,,
12027651,2,2,6,6,,,,,,,,,
12027654,2,2,6,6,6,,,3,,,,,
12027652,0,0,4,0,,,,,,,,,
12038854,0,0,3,0,,,,,,,,,
12039268,2,2,6,7,,,,,7,,,,
12039252,0,0,5,0,,,,,,,,,
12039242,0,0,4,3,,,,,,,,,
12039273,0,0,4,1,,,,,,,,,
12039420,2,2,3,7,6,,,,7,,,,
12027973,2,2,6,6,,,,,,,,,
12027981,2,2,6,3,6,,,,,,,,
12027974,,,,,,,,,,,,,
12037643,0,0,1,1,,,,,,,,,
12027975,2,2,6,6,,,,,,,,,
12027980,0,0,1,0,,,,,,,,,
12027978,2,2,7,7,,,,7,7,,,,
12027982,2,2,6,6,,,,,,,,,
12027984,0,0,1,2,,,,,,,,,
12027979,2,2,6,6,,,,,,,,,
12027983,0,0,0,0,,,,,,,,,
12027977,0,0,0,0,,,,,,,,,
12027976,2,2,6,6,,,,,,,,,
12039400,1,1,5,6,1,,,,,,,,
12039396,1,1,6,6,4,,,4,,,,,
12038866,0,0,6,3,,,,4,,,,,
12039397,2,2,6,6,,,,,,,,,
12039471,0,0,2,5,,,,,,,,,
12039717,1,1,6,6,0,,,2,,,,,
11998664,2,2,6,7,6,,,7,7,,,,
11998673,2,2,7,6,,,,,,,,,
11998663,2,2,6,6,6,,,,2,,,,
11998776,1,1,4,7,2,,,,,,,,
11998777,2,2,7,5,6,,,9,,,,,
11998781,1,1,6,6,4,,,,1,,,,
11998779,2,2,6,7,,,,,,,,,
11998775,0,0,3,4,,,,,,,,,
11998778,0,0,3,6,,,,,1,,,,
11999014,2,2,3,6,7,,,,,9,,,
11999015,0,0,2,4,,,,,,,,,
11999019,2,2,6,7,,,,,,,,,
11999006,0,0,3,4,,,,,,,,,
11999018,2,2,6,6,,,,,,,,,
11999008,0,0,3,5,,,,,,,,,
11999016,2,2,6,6,6,,,7,,,,,
11999207,2,2,6,4,6,,,,,,,,
11999208,2,2,6,7,,,,,7,,,,
11999214,0,0,1,4,,,,,,,,,
11999206,0,0,6,6,,,,3,4,,,,
11999216,0,0,3,0,,,,,,,,,
11999217,2,2,7,7,,,,,8,,,,
12037709,2,2,5,7,7,,,,7,7,,,
12037719,2,2,7,6,,,,7,,,,,
12038182,2,2,6,6,,,,,,,,,
12038429,2,2,6,6,,,,,,,,,
12037718,2,2,6,7,,,,,,,,,
12038431,2,2,7,4,6,,,7,,,,,
12038187,2,2,6,6,,,,,,,,,
12037710,2,2,6,6,,,,,,,,,
12038178,2,2,7,6,,,,7,,,,,
12037708,0,0,3,4,,,,,,,,,
12038428,2,2,7,6,,,,,,,,,
12037720,,,,,,,,,,,,,
12040682,2,2,6,6,,,,,,,,,
12039192,0,0,4,6,,,,,4,,,,
12039179,2,2,7,6,,,,8,,,,,
12039202,2,2,6,6,,,,,,,,,
12039196,2,2,6,6,,,,,,,,,
12039181,0,0,3,5,,,,,,,,,
12039193,2,2,6,6,,,,,,,,,
12039195,0,0,6,2,,,,2,,,,,
12039180,0,0,4,6,,,,,4,,,,
12039191,2,2,6,6,,,,,,,,,
12039194,2,2,6,6,,,,,,,,,
12039178,2,2,6,6,,,,,,,,,
12039190,0,0,3,1,,,,,,,,,
12039902,0,0,2,3,,,,,,,,,
12039906,2,2,6,7,,,,,7,,,,
12039876,2,2,7,6,,,,,,,,,
12039909,2,2,6,6,,,,,,,,,
12039905,1,1,5,7,5,,,,7,,,,
12039911,0,0,3,2,,,,,,,,,
12039907,1,1,6,3,2,,,,,,,,
12039912,0,0,6,4,,,,2,,,,,
12027665,2,2,6,6,,,,,,,,,
12027669,1,1,7,1,6,,,,,5,,,
12027679,2,2,1,6,6,,,,,,,,
12027666,0,0,3,2,,,,,,,,,
12027678,1,1,6,4,3,,,,,,,,
12027674,2,2,6,6,,,,,,,,,
12027668,0,0,1,0,,,,,,,,,
12027667,0,0,2,,,,,,,,,,
12027673,0,0,1,1,,,,,,,,,
12027677,2,2,5,7,6,,,,,,,,
12027672,1,1,7,6,2,,,,5,,,,
12027680,2,2,6,6,,,,,,,,,
12038470,2,2,6,3,6,,,,,,,,
12038630,0,0,3,1,,,,,,,,,
12038622,2,2,6,6,,,,,,,,,
12039033,2,2,6,6,,,,,,,,,
12039278,0,0,3,3,,,,,,,,,
12038621,1,1,7,0,,,,,,,,,
12026623,2,2,2,6,6,,,,,,,,
12027491,1,1,7,6,2,,,,2,,,,
12038725,0,0,2,3,,,,,,,,,
12026987,0,0,2,6,,,,,1,,,,
12027048,0,0,2,0,,,,,,,,,
12038651,2,2,6,6,,,,,,,,,
12024226,2,2,6,7,,,,,8,,,,
12024355,0,0,2,3,,,,,,,,,
12024365,0,0,1,4,,,,,,,,,
12024245,1,1,6,6,6,,,5,,5,,,
12038726,0,0,3,4,,,,,,,,,
12039054,1,1,6,2,1,,,,,,,,
12039714,1,1,6,2,,,,,,,,,
12026797,0,0,4,6,,,,,4,,,,
12026792,0,0,4,4,,,,,,,,,
12038552,2,2,6,6,,,,,,,,,
12025085,2,2,6,7,6,,,7,7,,,,
12025044,1,1,7,5,4,,,,,,,,
12025061,1,1,7,5,0,,,7,,,,,
12028542,2,2,6,6,,,,,,,,,
12028146,2,2,6,6,,,,,,,,,
12039364,1,1,7,4,4,,,7,,,,,
12025144,2,2,6,6,6,,,,5,,,,
12025067,2,2,6,6,,,,,,,,,
12027547,2,2,6,6,,,,,,,,,
12027985,1,1,6,5,4,,,,,,,,
12039718,2,2,3,6,6,,,,,,,,
12027148,1,1,6,5,4,,,,,,,,
12027494,0,0,3,6,,,,,3,,,,
12038672,2,2,4,6,6,,,,,,,,
12025752,0,0,5,0,,,,,,,,,
12025679,0,0,6,4,,,,3,,,,,
12029387,0,0,3,0,,,,,,,,,
12025849,2,2,7,4,6,,,7,,,,,
12026470,1,1,4,7,2,,,,7,,,,
12038624,1,1,6,2,0,,,,,,,,
12024794,2,2,6,6,,,,,,,,,
12024371,0,0,6,5,,,,5,,,,,
12024435,2,2,7,6,,,,7,,,,,
12024489,2,2,6,6,,,,,,,,,
12038683,2,2,7,6,,,,,,,,,
12038684,0,0,5,6,,,,,9,,,,
12039389,2,2,7,6,,,,,,,,,
12025057,0,0,1,3,,,,,,,,,
12024644,1,1,6,7,2,,,3,,,,,
12027950,0,0,5,4,,,,,,,,,
12027653,2,2,3,6,7,,,,,7,,,
12039340,2,2,6,7,6,,,4,,,,,
12025133,2,2,2,6,6,,,,,,,,
12025149,0,0,1,6,,,,,3,,,,
12025142,2,2,7,6,,,,7,,,,,
12025174,0,0,1,3,,,,,,,,,
12028250,1,1,4,6,4,,,,,,,,
12028607,2,2,2,6,6,,,,,,,,
12027611,2,2,6,6,,,,,,,,,
12027539,0,0,1,2,,,,,,,,,
12038599,2,2,6,6,,,,,,,,,
12039558,,,,,,,,,,,,,
12039530,2,2,6,6,,,,,,,,,
12039539,2,2,6,6,,,,,,,,,
12039569,0,0,4,3,,,,,,,,,
12039573,2,2,7,6,,,,,,,,,
12039538,0,0,0,0,,,,,,,,,
12039532,1,1,7,5,6,,,,,,,,
12039516,2,2,6,6,,,,,,,,,
12039517,0,0,2,2,,,,,,,,,
12039512,2,2,6,6,,,,,,,,,
12041791,0,0,3,5,,,,,,,,,
12039568,0,0,4,2,,,,,,,,,
12039572,2,2,6,3,10,,,,,,,,
12039541,0,0,2,3,,,,,,,,,
12039547,0,0,3,6,,,,,,,,,
12039548,0,0,3,3,,,,,,,,,
12039511,2,2,0,6,10,,,,,,,,
12039523,2,2,6,6,,,,,,,,,
12039537,2,2,4,6,10,,,,,,,,
12039553,0,0,2,6,,,,,,,,,
12039560,2,2,4,6,10,,,,,,,,
12039534,0,0,0,1,,,,,,,,,
12039570,0,0,3,4,,,,,,,,,
12039559,2,2,6,6,,,,,,,,,
12039566,2,2,6,5,10,,,,,,,,
12039543,2,2,7,6,,,,,,,,,
12039552,1,1,6,1,7,,,,,,,,
12039550,,,,,,,,,,,,,
12039557,2,2,6,6,,,,,,,,,
12039520,2,2,6,6,,,,,,,,,
12039531,,,,,,,,,,,,,
12039556,2,2,4,6,10,,,,,,,,
12039571,0,0,2,6,,,,,,,,,
12039891,1,1,2,6,5,,,,,,,,
12039875,2,2,7,6,,,,7,,,,,
12039869,0,0,3,6,,,,,1,,,,
12039893,2,2,4,7,10,,,,,,,,
12039895,2,2,6,6,,,,,,,,,
12039889,0,0,5,1,,,,,,,,,
12039872,2,2,6,6,,,,,,,,,
12039892,0,0,1,4,,,,,,,,,
12039878,2,2,6,6,,,,,,,,,
12039897,2,2,6,6,,,,,,,,,
12039873,2,2,6,6,,,,,,,,,
12039870,2,2,6,6,,,,,,,,,
12039884,2,2,6,6,,,,,,,,,
12039874,1,1,6,1,3,,,,,,,,
12039896,2,2,6,6,,,,,,,,,
12039871,0,0,2,,,,,,,,,,
12039803,2,2,7,6,,,,,,,,,
12039811,2,2,6,6,,,,,,,,,
12039799,2,2,6,6,,,,,,,,,
12039810,2,2,6,6,,,,,,,,,
12039800,0,0,1,0,,,,,,,,,
12039804,2,2,6,6,,,,,,,,,
12039818,2,2,1,6,10,,,,,,,,
12039808,2,2,6,6,,,,,,,,,
12039802,2,2,6,6,,,,,,,,,
12039797,0,0,0,2,,,,,,,,,
12039794,2,2,6,6,,,,,,,,,
12039813,2,2,6,6,,,,,,,,,
12039805,0,0,0,3,,,,,,,,,
12039821,0,0,1,3,,,,,,,,,
12039812,2,2,6,6,,,,,,,,,
12039814,0,0,4,3,,,,,,,,,
12039796,2,2,6,6,,,,,,,,,
12039824,2,2,6,6,,,,,,,,,
12039823,0,0,2,4,,,,,,,,,
12039820,1,1,6,0,7,,,,,,,,
12039806,2,2,6,6,,,,,,,,,
12039793,2,2,6,7,,,,,,,,,
12039819,0,0,1,3,,,,,,,,,
12039815,0,0,1,2,,,,,,,,,
12039798,2,2,6,6,,,,,,,,,
12039807,2,2,6,6,,,,,,,,,
12039816,0,0,3,3,,,,,,,,,
12039822,2,2,6,6,,,,,,,,,
12039801,2,2,6,5,10,,,,,,,,
12039817,0,0,6,2,,,,,,,,,
12039809,1,1,4,6,3,,,,,,,,
12039795,0,0,1,2,,,,,,,,,
12039931,0,0,3,3,,,,,,,,,
12039920,2,2,6,6,,,,,,,,,
12039940,2,2,6,6,,,,,,,,,
12039948,2,2,6,4,10,,,,,,,,
12039936,1,1,6,0,6,,,,,,,,
12039919,2,2,6,5,10,,,,,,,,
12039954,2,2,6,6,,,,,,,,,
12039958,2,2,6,6,,,,,,,,,
12039922,0,0,3,3,,,,,,,,,
12039951,2,2,6,6,,,,,,,,,
12039947,2,2,4,6,10,,,,,,,,
12039944,2,2,6,6,,,,,,,,,
12039959,2,2,6,6,,,,,,,,,
12039945,2,2,6,6,,,,,,,,,
12039915,0,0,3,4,,,,,,,,,
12039953,2,2,6,6,,,,,,,,,
12039946,0,0,2,4,,,,,,,,,
12039917,2,2,4,7,10,,,,,,,,
12039914,0,0,6,3,,,,,,,,,
12039942,2,2,6,6,,,,,,,,,
12039935,0,0,1,3,,,,,,,,,
12039949,2,2,6,6,,,,,,,,,
12039918,0,0,1,4,,,,,,,,,
12039933,2,2,6,6,,,,,,,,,
12039921,0,0,6,1,,,,,,,,,
12039952,0,0,4,4,,,,,,,,,
12039923,2,2,7,7,,,,,,,,,
12039916,0,0,3,2,,,,,,,,,
12039960,0,0,4,4,,,,,,,,,
12039961,0,0,6,2,,,,,,,,,
12039941,0,0,1,2,,,,,,,,,
12039719,0,0,6,1,,,,,,,,,
12039728,0,0,2,2,,,,,,,,,
12039738,2,2,6,6,,,,,,,,,
12039741,0,0,1,1,,,,,,,,,
12039740,2,2,7,7,,,,,,,,,
12039730,2,2,6,6,,,,,,,,,
12039723,2,2,6,6,,,,,,,,,
12039748,,,,,,,,,,,,,
12039737,2,2,6,6,,,,,,,,,
12039747,2,2,6,6,,,,,,,,,
12039721,2,2,7,6,,,,,,,,,
12039720,2,2,6,6,,,,,,,,,
12039732,,,,,,,,,,,,,
12039746,0,0,1,6,,,,,,,,,
12039743,0,0,2,1,,,,,,,,,
12039734,2,2,7,4,10,,,,,,,,
12039750,0,0,2,0,,,,,,,,,
12039733,0,0,5,3,,,,,,,,,
12039731,0,0,3,4,,,,,,,,,
12039729,2,2,6,7,,,,,,,,,
12039744,0,0,2,2,,,,,,,,,
12039736,2,2,6,6,,,,,,,,,
12039724,0,0,4,3,,,,,,,,,
12039739,2,2,5,6,10,,,,,,,,
12039749,2,2,6,6,,,,,,,,,
12039725,0,0,4,2,,,,,,,,,
12039727,,,,,,,,,,,,,
12039524,0,0,4,0,,,,,,,,,
12039529,0,0,0,2,,,,,,,,,
12039519,0,0,4,3,,,,,,,,,
12039526,0,0,3,0,,,,,,,,,
12039546,2,2,6,6,,,,,,,,,
12039567,1,1,5,6,3,,,,,,,,
12039525,2,2,6,3,10,,,,,,,,
12039564,,,,,,,,,,,,,
12039544,0,0,0,3,,,,,,,,,
12039562,1,1,6,0,7,,,,,,,,
12039536,2,2,6,2,10,,,,,,,,
12039551,2,2,6,6,,,,,,,,,
12039549,2,2,6,6,,,,,,,,,
12039513,0,0,4,1,,,,,,,,,
12039533,2,2,6,6,,,,,,,,,
12039528,0,0,1,3,,,,,,,,,
12039565,0,0,0,2,,,,,,,,,
12039522,2,2,6,6,,,,,,,,,
12039542,2,2,6,6,,,,,,,,,
12039563,2,2,6,6,,,,,,,,,
12039561,2,2,6,6,,,,,,,,,
12039540,0,0,6,0,,,,,,,,,
12039521,2,2,6,7,,,,,,,,,
12039545,2,2,6,6,,,,,,,,,
12039555,2,2,6,3,10,,,,,,,,
12039554,2,2,3,6,10,,,,,,,,
12039535,2,2,6,6,,,,,,,,,
12039574,2,2,6,6,,,,,,,,,
12039515,2,2,6,6,,,,,,,,,
12039514,2,2,6,6,,,,,,,,,
12039518,2,2,6,6,,,,,,,,,
12039527,0,0,0,0,,,,,,,,,
12029689,1,1,6,6,2,,,,6,,,,
12029687,2,2,5,6,6,,,,,,,,
12029696,2,2,6,6,,,,,,,,,
12029698,0,0,0,2,,,,,,,,,
12029694,2,2,6,6,,,,,,,,,
12029697,0,0,1,4,,,,,,,,,
12029695,2,2,7,6,,,,7,,,,,
12029688,0,0,2,0,,,,,,,,,
12029693,2,2,6,3,6,,,,,,,,
12029691,2,2,6,6,,,,,,,,,
12029701,0,0,0,1,,,,,,,,,
12029692,0,0,2,0,,,,,,,,,
12029700,0,0,0,1,,,,,,,,,
12029690,,,,,,,,,,,,,
12029699,2,2,6,6,,,,,,,,,
12039851,0,0,4,6,,,,,5,,,,
12039852,2,2,7,6,,,,,,,,,
12039857,1,1,0,6,3,,,,,,,,
12039853,1,1,3,6,4,,,,,,,,
12039855,2,2,6,4,6,,,,,,,,
12039847,2,2,6,6,,,,,,,,,
12039845,2,2,6,6,,,,,,,,,
12039858,0,0,1,2,,,,,,,,,
12039849,1,1,6,4,6,,,,,2,,,
12039850,2,2,6,6,,,,,,,,,
12039886,,,,,,,,,,,,,
12041688,2,2,6,6,,,,,,,,,
12039882,,,,,,,,,,,,,
12039900,1,1,6,2,5,,,,,,,,
12039899,2,2,6,6,,,,,,,,,
12039888,1,1,4,6,6,,,,,10,,,
12039883,0,0,3,4,,,,,,,,,
12039887,0,0,0,2,,,,,,,,,
12039956,1,1,6,6,4,,,,,,,,
12039955,0,0,4,3,,,,,,,,,
12039929,0,0,2,2,,,,,,,,,
12039934,0,0,3,3,,,,,,,,,
12039928,2,2,6,7,,,,,,,,,
12039950,2,2,6,2,10,,,,,,,,
12039943,2,2,6,6,,,,,,,,,
12039957,1,1,6,5,6,,,,,,,,
12039937,2,2,5,6,10,,,,,,,,
12039930,2,2,6,3,10,,,,,,,,
12039927,2,2,6,7,,,,,,,,,
12039939,2,2,6,6,,,,,,,,,
12039932,2,2,6,6,,,,,,,,,
12039925,2,2,6,6,,,,,,,,,
12039924,0,0,1,1,,,,,,,,,
12039926,2,2,7,6,,,,,,,,,
12039694,2,2,6,6,,,,,,,,,
12039691,0,0,3,1,,,,,,,,,
12039688,0,0,0,2,,,,,,,,,
12039690,0,0,3,2,,,,,,,,,
12039692,0,0,2,4,,,,,,,,,
12039685,0,0,2,4,,,,,,,,,
12039689,2,2,6,6,,,,,,,,,
12039686,2,2,6,6,,,,,,,,,
12039695,0,0,0,0,,,,,,,,,
12039687,2,2,4,7,10,,,,,,,,
12039693,0,0,1,1,,,,,,,,,
12027541,1,1,4,6,4,,,,,,,,
12024559,,,,,,,,,,,,,
12024513,1,1,6,4,2,,,,,,,,
12027906,2,2,7,6,,,,,,,,,
12024617,,,,,,,,,,,,,
12027227,2,2,6,7,,,,,7,,,,
12039218,0,0,3,,,,,,,,,,
12039283,0,0,3,2,,,,,,,,,
12024366,2,2,7,7,,,,8,7,,,,
12024616,,,,,,,,,,,,,
12024839,,,,,,,,,,,,,
12024558,,,,,,,,,,,,,
12039391,0,0,4,5,,,,,,,,,
12039701,2,2,7,6,,,,7,,,,,
12027231,2,2,6,7,,,,,7,,,,
12027545,2,2,6,6,,,,,,,,,
12027905,0,0,4,5,,,,,,,,,
12024511,,,,,,,,,,,,,
12024367,2,2,5,7,6,,,,7,,,,
12024836,,,,,,,,,,,,,
12027987,2,2,4,6,6,,,,,,,,
12025137,2,2,7,4,6,,,,,,,,
12027988,1,1,2,6,3,,,,,,,,
12025136,,,,,,,,,,,,,
12025683,,,,,,,,,,,,,
12040867,0,0,3,6,,,,,3,,,,
12025682,,,,,,,,,,,,,
12027230,,,,,,,,,,,,,
12041772,2,2,3,6,11,,,,,,,,
12027542,0,0,1,5,,,,,,,,,
12027228,,,,,,,,,,,,,
12027907,0,0,6,4,,,,1,,,,,
12027543,,,,,,,,,,,,,
12027904,,,,,,,,,,,,,
12042614,2,2,6,3,7,,,,,8,,,
12027989,2,2,6,6,,,,,,,,,
12027990,,,,,,,,,,,,,
12042635,2,2,2,6,6,,,,,,,,
12024510,0,0,2,5,,,,,,,,,
12024370,,,,,,,,,,,,,
12038685,0,0,6,6,,,,5,2,,,,
12024555,0,0,3,6,,,,,3,,,,
12024615,,,,,,,,,,,,,
12024838,,,,,,,,,,,,,
12038917,2,2,6,7,,,,,8,,,,
12025140,1,1,4,7,3,,,,7,,,,
12025681,1,1,6,2,6,,,,,1,,,
12027544,1,1,6,3,6,,,,,4,,,
12041662,0,0,4,,,,,,,,,,
12027229,,,,,,,,,,,,,
12041821,2,2,6,6,6,,,3,,,,,
12027908,,,,,,,,,,,,,
12027986,0,0,5,3,,,,,,,,,
12038860,,,,,,,,,,,,,
11998458,1,1,6,4,4,,,,,,,,
11998457,0,0,3,1,,,,,,,,,
11998455,1,1,7,2,3,,,,,,,,
12039077,1,1,7,4,4,,,7,,,,,
12041918,1,1,2,7,3,,,,,,,,
12039075,2,2,6,7,,,,,7,,,,
12002072,1,1,7,6,6,,,,4,6,,,
12002070,2,2,6,6,,,,,,,,,
12002073,2,2,6,6,,,,,,,,,
12039293,,,,,,,,,,,,,
12039297,,,,,,,,,,,,,
12039298,0,0,4,4,,,,,,,,,
12039299,0,0,2,4,,,,,,,,,
12039455,0,0,3,1,,,,,,,,,
12042459,0,0,3,0,,,,,,,,,
12002069,2,2,6,2,6,,,,,,,,
12027535,0,0,6,3,,,,6,,,,,
12027058,1,1,6,3,4,,,,,,,,
12026878,2,2,6,6,,,,,,,,,
12023356,0,0,2,2,,,,,,,,,
12027519,2,2,6,6,,,,,,,,,
12024389,,,,,,,,,,,,,
12024234,,,,,,,,,,,,,
12027803,2,2,6,6,,,,,,,,,
12024638,,,,,,,,,,,,,
12039284,2,2,6,6,,,,,,,,,
12027533,0,0,4,4,,,,,,,,,
12024241,,,,,,,,,,,,,
12027059,0,0,3,2,,,,,,,,,
12027918,2,2,6,6,,,,,,,,,
12027949,2,2,4,6,6,,,,,,,,
12027802,2,2,4,6,6,,,,,,,,
12024639,,,,,,,,,,,,,
12028140,2,2,6,3,6,,,,,,,,
12024238,,,,,,,,,,,,,
12028190,1,1,7,2,2,,,,,,,,
12027919,2,2,6,6,,,,,,,,,
12027948,0,0,2,3,,,,,,,,,
12028144,1,1,3,6,5,,,,,,,,
12024936,2,2,6,6,,,,,,,,,
12027972,2,2,6,6,,,,,,,,,
12028191,2,2,7,6,6,,,7,2,,,,
12025129,,,,,,,,,,,,,
12027969,0,0,2,1,,,,,,,,,
12024938,2,2,6,7,,,,,7,,,,
12040019,2,2,6,6,,,,,,,,,
12025128,,,,,,,,,,,,,
12026854,,,,,,,,,,,,,
12040871,0,0,3,4,,,,,,,,,
12025689,,,,,,,,,,,,,
12041657,2,2,6,6,,,,,,,,,
12040872,1,1,7,4,6,,,7,,,,,
12026859,,,,,,,,,,,,,
12025688,,,,,,,,,,,,,
12026856,,,,,,,,,,,,,
12026858,,,,,,,,,,,,,
12027804,,,,,,,,,,,,,
12027531,,,,,,,,,,,,,
12026877,2,2,7,3,7,,,7,,9,,,
12041771,2,2,6,6,,,,,,,,,
12041820,1,1,3,6,8,,,,,,,,
12027054,,,,,,,,,,,,,
12027517,0,0,2,3,,,,,,,,,
12041844,2,2,4,6,10,,,,,,,,
12027800,,,,,,,,,,,,,
12027534,,,,,,,,,,,,,
12027520,2,2,6,6,,,,,,,,,
12027055,,,,,,,,,,,,,
12026874,2,2,7,6,,,,,,,,,
12041833,0,0,3,1,,,,,,,,,
12027920,,,,,,,,,,,,,
12042296,2,2,6,6,,,,,,,,,
12028141,2,2,6,6,,,,,,,,,
12027922,,,,,,,,,,,,,
12041834,2,2,6,6,,,,,,,,,
12028189,0,0,4,4,,,,,,,,,
12028143,1,1,4,6,2,,,,,,,,
12027971,1,1,7,4,4,,,7,,,,,
12028192,,,,,,,,,,,,,
12027968,,,,,,,,,,,,,
11974070,0,0,,,,,,,,,,,
11974049,1,1,,,,,,,,,,,
11974072,3,3,,,,,,,,,,,
11974065,4,4,,,,,,,,,,,
11974113,3,3,,,,,,,,,,,
12002110,0,0,,,,,,,,,,,
12002113,3,3,,,,,,,,,,,
12002107,1,1,,,,,,,,,,,
12001987,0,0,,,,,,,,,,,
12002106,4,4,,,,,,,,,,,
12002111,1,1,,,,,,,,,,,
12024242,2,2,6,7,7,,,4,7,,,,
12024641,2,2,6,6,,,,,,,,,
12024937,2,2,6,6,6,,,,1,,,,
12025131,2,2,6,6,,,,,,,,,
12040787,0,0,2,6,,,,,5,,,,
12026861,,,,,,,,,,,,,
12025691,2,2,6,6,,,,,,,,,
12026860,0,0,4,4,,,,,,,,,
12026876,1,1,5,6,4,,,,,,,,
12027518,,,,,,,,,,,,,
12041488,2,2,6,3,7,,,,,,,,
12027801,2,2,6,6,6,,,4,,,,,
12027532,0,0,1,6,,,,,5,,,,
12027056,,,,,,,,,,,,,
12041644,0,0,6,3,,,,10,,,,,
12041835,2,2,7,2,6,,,,,,,,
12027921,,,,,,,,,,,,,
12027947,,,,,,,,,,,,,
12041842,2,2,7,6,,,,10,,,,,
12028142,1,1,6,4,4,,,,,,,,
12028193,,,,,,,,,,,,,
12042026,1,1,6,7,4,,,1,7,,,,
12027970,0,0,6,4,,,,,,,,,
12028955,2,2,6,6,,,,,,,,,
12028951,0,0,1,4,,,,,,,,,
12028956,1,1,6,3,6,,,,,1,,,
12028953,2,2,6,6,,,,,,,,,
12028954,2,2,6,6,,,,,,,,,
12028957,2,2,6,6,,,,,,,,,
12028952,2,2,6,6,,,,,,,,,
12028958,2,2,7,6,,,,7,,,,,
12039474,2,2,6,6,,,,,,,,,
12039841,2,2,6,6,,,,,,,,,
12039913,0,0,6,3,,,,5,,,,,
12040020,2,2,6,7,,,,,7,,,,
12040508,1,1,6,7,6,,,3,7,1,,,
12040506,0,0,4,2,,,,,,,,,
12040509,2,2,4,7,6,,,,7,,,,
12040507,0,0,2,6,,,,,2,,,,
12040510,2,2,6,7,,,,,7,,,,
12040512,1,1,6,7,4,,,4,7,,,,
12040511,0,0,2,5,,,,,,,,,
12040515,2,2,6,6,,,,,,,,,
12039866,2,2,6,6,,,,,,,,,
12039861,2,2,7,6,,,,7,,,,,
12039867,2,2,6,7,,,,,7,,,,
12039863,2,2,7,6,,,,,,,,,
12039865,2,2,6,4,7,,,,,7,,,
12039862,1,1,7,3,,,,,,,,,
12039860,0,0,4,4,,,,,,,,,
12039868,2,2,7,6,,,,,,,,,
12041849,2,2,6,6,,,,,,,,,
12041853,2,2,3,6,6,,,,,,,,
12042392,1,1,6,5,3,,,,,,,,
12042016,2,2,7,6,,,,,,,,,
12027652,0,0,4,0,,,,,,,,,
12038854,0,0,3,0,,,,,,,,,
12039268,2,2,6,7,,,,,7,,,,
12039252,0,0,5,0,,,,,,,,,
12039242,0,0,4,3,,,,,,,,,
12039273,0,0,4,1,,,,,,,,,
12039420,2,2,3,7,6,,,,7,,,,
12027978,2,2,7,7,,,,7,7,,,,
12027982,2,2,6,6,,,,,,,,,
12027984,0,0,1,2,,,,,,,,,
12027979,2,2,6,6,,,,,,,,,
12027983,0,0,0,0,,,,,,,,,
12027977,0,0,0,0,,,,,,,,,
12027976,2,2,6,6,,,,,,,,,
12039400,1,1,5,6,1,,,,,,,,
12039396,1,1,6,6,4,,,4,,,,,
12038866,0,0,6,3,,,,4,,,,,
12039397,2,2,6,6,,,,,,,,,
12039471,0,0,2,5,,,,,,,,,
12039717,1,1,6,6,0,,,2,,,,,
11998663,2,2,6,6,6,,,,2,,,,
12037711,0,0,2,0,,,,,,,,,
12037714,1,1,1,7,3,,,,7,,,,
12037723,0,0,4,4,,,,,,,,,
12037712,0,0,3,4,,,,,,,,,
12037717,2,2,6,6,,,,,,,,,
12037713,2,2,6,6,,,,,,,,,
12039198,1,1,4,6,5,,,,,,,,
12039183,0,0,1,2,,,,,,,,,
12039197,2,2,6,6,,,,,,,,,
12039182,1,1,6,4,1,,,,,,,,
11998775,0,0,3,4,,,,,,,,,
11998778,0,0,3,6,,,,,1,,,,
11998773,2,2,4,6,6,,,,,,,,
11999018,2,2,6,6,,,,,,,,,
11999008,0,0,3,5,,,,,,,,,
11999016,2,2,6,6,6,,,7,,,,,
12039966,2,2,6,6,,,,,,,,,
12039970,2,2,7,7,,,,,,,,,
11999216,0,0,3,0,,,,,,,,,
11999217,2,2,7,7,,,,,8,,,,
11999218,0,0,5,4,,,,,,,,,
12037709,2,2,5,7,7,,,,7,7,,,
12037719,2,2,7,6,,,,7,,,,,
12038182,2,2,6,6,,,,,,,,,
12038429,2,2,6,6,,,,,,,,,
12037718,2,2,6,7,,,,,,,,,
12038431,2,2,7,4,6,,,7,,,,,
12038187,2,2,6,6,,,,,,,,,
12037710,2,2,6,6,,,,,,,,,
12038178,2,2,7,6,,,,7,,,,,
12037708,0,0,3,4,,,,,,,,,
12038428,2,2,7,6,,,,,,,,,
12037720,,,,,,,,,,,,,
12040682,2,2,6,6,,,,,,,,,
12040681,1,1,1,6,3,,,,,,,,
12040692,0,0,0,1,,,,,,,,,
12040680,2,2,6,6,,,,,,,,,
12040870,2,2,6,6,,,,,,,,,
12040789,2,2,6,6,,,,,,,,,
12040790,2,2,7,6,,,,9,,,,,
12039192,0,0,4,6,,,,,4,,,,
12039179,2,2,7,6,,,,8,,,,,
12039202,2,2,6,6,,,,,,,,,
12039196,2,2,6,6,,,,,,,,,
12039181,0,0,3,5,,,,,,,,,
12039193,2,2,6,6,,,,,,,,,
12039195,0,0,6,2,,,,2,,,,,
12039180,0,0,4,6,,,,,4,,,,
12039191,2,2,6,6,,,,,,,,,
12039194,2,2,6,6,,,,,,,,,
12039178,2,2,6,6,,,,,,,,,
12039190,0,0,3,1,,,,,,,,,
12041484,0,0,3,3,,,,,,,,,
12041483,0,0,3,3,,,,,,,,,
12041038,2,2,6,6,,,,,,,,,
12041702,2,2,6,6,,,,,,,,,
12041759,0,0,4,3,,,,,,,,,
12041658,2,2,6,1,7,,,,,7,,,
12039902,0,0,2,3,,,,,,,,,
12039906,2,2,6,7,,,,,7,,,,
12039876,2,2,7,6,,,,,,,,,
12039909,2,2,6,6,,,,,,,,,
12039905,1,1,5,7,5,,,,7,,,,
12039911,0,0,3,2,,,,,,,,,
12039907,1,1,6,3,2,,,,,,,,
12039912,0,0,6,4,,,,2,,,,,
12039904,0,0,4,4,,,,,,,,,
12039910,1,1,3,6,5,,,,,,,,
12039908,0,0,2,1,,,,,,,,,
12039903,1,1,6,3,4,,,,,,,,
12041961,2,2,4,7,6,,,,7,,,,
12041816,2,2,6,6,,,,,,,,,
12041895,0,0,2,4,,,,,,,,,
12042017,2,2,6,6,6,,,,3,,,,
12042081,0,0,3,6,,,,,9,,,,
12042497,0,0,2,1,,,,,,,,,
12040213,0,0,4,4,,,,,,,,,
12040206,2,2,6,6,,,,,,,,,
12040216,1,1,5,6,2,,,,,,,,
12041727,,,,,,,,,,,,,
12040207,1,1,6,3,,,,,,,,,
12043337,1,1,2,6,1,,,,,,,,
12040219,1,1,4,6,4,,,,,,,,
12038470,2,2,6,3,6,,,,,,,,
12038630,0,0,3,1,,,,,,,,,
12038622,2,2,6,6,,,,,,,,,
12039033,2,2,6,6,,,,,,,,,
12039278,0,0,3,3,,,,,,,,,
12038621,1,1,7,0,,,,,,,,,
12038725,0,0,2,3,,,,,,,,,
12038651,2,2,6,6,,,,,,,,,
12038726,0,0,3,4,,,,,,,,,
12039054,1,1,6,2,1,,,,,,,,
12039714,1,1,6,2,,,,,,,,,
12038552,2,2,6,6,,,,,,,,,
12028146,2,2,6,6,,,,,,,,,
12039364,1,1,7,4,4,,,7,,,,,
12027547,2,2,6,6,,,,,,,,,
12027985,1,1,6,5,4,,,,,,,,
12039718,2,2,3,6,6,,,,,,,,
12038672,2,2,4,6,6,,,,,,,,
12029387,0,0,3,0,,,,,,,,,
12038624,1,1,6,2,0,,,,,,,,
12038683,2,2,7,6,,,,,,,,,
12038684,0,0,5,6,,,,,9,,,,
12039389,2,2,7,6,,,,,,,,,
12027950,0,0,5,4,,,,,,,,,
12027653,2,2,3,6,7,,,,,7,,,
12039340,2,2,6,7,6,,,4,,,,,
12028250,1,1,4,6,4,,,,,,,,
12028607,2,2,2,6,6,,,,,,,,
12040023,0,0,4,1,,,,,,,,,
12038599,2,2,6,6,,,,,,,,,
12039558,,,,,,,,,,,,,
12039530,2,2,6,6,,,,,,,,,
12039539,2,2,6,6,,,,,,,,,
12039569,0,0,4,3,,,,,,,,,
12039573,2,2,7,6,,,,,,,,,
12039538,0,0,0,0,,,,,,,,,
12039532,1,1,7,5,6,,,,,,,,
12039516,2,2,6,6,,,,,,,,,
12039517,0,0,2,2,,,,,,,,,
12039512,2,2,6,6,,,,,,,,,
12041791,0,0,3,5,,,,,,,,,
12039568,0,0,4,2,,,,,,,,,
12039572,2,2,6,3,10,,,,,,,,
12039541,0,0,2,3,,,,,,,,,
12039547,0,0,3,6,,,,,,,,,
12039548,0,0,3,3,,,,,,,,,
12039511,2,2,0,6,10,,,,,,,,
12039523,2,2,6,6,,,,,,,,,
12039537,2,2,4,6,10,,,,,,,,
12039553,0,0,2,6,,,,,,,,,
12039560,2,2,4,6,10,,,,,,,,
12039534,0,0,0,1,,,,,,,,,
12039570,0,0,3,4,,,,,,,,,
12039559,2,2,6,6,,,,,,,,,
12039566,2,2,6,5,10,,,,,,,,
12039543,2,2,7,6,,,,,,,,,
12039552,1,1,6,1,7,,,,,,,,
12039550,,,,,,,,,,,,,
12039557,2,2,6,6,,,,,,,,,
12039520,2,2,6,6,,,,,,,,,
12039531,,,,,,,,,,,,,
12039556,2,2,4,6,10,,,,,,,,
12039571,0,0,2,6,,,,,,,,,
12041782,2,2,6,6,,,,,,,,,
12041804,2,2,6,6,,,,,,,,,
12041798,2,2,6,6,,,,,,,,,
12041801,0,0,5,3,,,,,,,,,
12041792,2,2,6,6,,,,,,,,,
12041793,1,1,2,6,13,,,,,,,,
12041807,1,1,6,3,7,,,,,,,,
12041803,0,0,0,4,,,,,,,,,
12041814,2,2,6,3,10,,,,,,,,
12041795,0,0,3,1,,,,,,,,,
12041797,2,2,6,6,,,,,,,,,
12041813,1,1,2,6,4,,,,,,,,
12041788,2,2,7,6,,,,,,,,,
12041808,2,2,6,7,,,,,,,,,
12041789,1,1,6,3,3,,,,,,,,
12041785,1,1,6,1,8,,,,,,,,
12039891,1,1,2,6,5,,,,,,,,
12039875,2,2,7,6,,,,7,,,,,
12039869,0,0,3,6,,,,,1,,,,
12039893,2,2,4,7,10,,,,,,,,
12039895,2,2,6,6,,,,,,,,,
12039889,0,0,5,1,,,,,,,,,
12039872,2,2,6,6,,,,,,,,,
12039892,0,0,1,4,,,,,,,,,
12039878,2,2,6,6,,,,,,,,,
12039897,2,2,6,6,,,,,,,,,
12039873,2,2,6,6,,,,,,,,,
12039870,2,2,6,6,,,,,,,,,
12039884,2,2,6,6,,,,,,,,,
12039874,1,1,6,1,3,,,,,,,,
12039896,2,2,6,6,,,,,,,,,
12039871,0,0,2,,,,,,,,,,
12041957,2,2,6,4,21,,,,,,,,
12041943,2,2,6,3,10,,,,,,,,
12041948,2,2,7,6,,,,,,,,,
12041947,0,0,4,3,,,,,,,,,
12041950,2,2,6,6,,,,,,,,,
12041953,1,1,1,6,9,,,,,,,,
12041940,0,0,2,3,,,,,,,,,
12041944,0,0,2,4,,,,,,,,,
12041951,0,0,3,5,,,,,,,,,
12041945,0,0,6,6,,,,2,3,,,,
12041946,2,2,6,6,,,,,,,,,
12041942,1,1,0,7,6,,,,7,,,,
12041941,1,1,7,4,2,,,7,,,,,
12041956,2,2,6,6,,,,,,,,,
12041955,2,2,6,6,,,,,,,,,
12041954,0,0,2,1,,,,,,,,,
12039803,2,2,7,6,,,,,,,,,
12039811,2,2,6,6,,,,,,,,,
12039799,2,2,6,6,,,,,,,,,
12039810,2,2,6,6,,,,,,,,,
12039800,0,0,1,0,,,,,,,,,
12039804,2,2,6,6,,,,,,,,,
12039818,2,2,1,6,10,,,,,,,,
12039808,2,2,6,6,,,,,,,,,
12039802,2,2,6,6,,,,,,,,,
12039797,0,0,0,2,,,,,,,,,
12039794,2,2,6,6,,,,,,,,,
12039813,2,2,6,6,,,,,,,,,
12039805,0,0,0,3,,,,,,,,,
12039821,0,0,1,3,,,,,,,,,
12039812,2,2,6,6,,,,,,,,,
12039814,0,0,4,3,,,,,,,,,
12039796,2,2,6,6,,,,,,,,,
12039824,2,2,6,6,,,,,,,,,
12039823,0,0,2,4,,,,,,,,,
12039820,1,1,6,0,7,,,,,,,,
12039806,2,2,6,6,,,,,,,,,
12039793,2,2,6,7,,,,,,,,,
12039819,0,0,1,3,,,,,,,,,
12039815,0,0,1,2,,,,,,,,,
12039798,2,2,6,6,,,,,,,,,
12039807,2,2,6,6,,,,,,,,,
12039816,0,0,3,3,,,,,,,,,
12039822,2,2,6,6,,,,,,,,,
12039801,2,2,6,5,10,,,,,,,,
12039817,0,0,6,2,,,,,,,,,
12039809,1,1,4,6,3,,,,,,,,
12039795,0,0,1,2,,,,,,,,,
12042287,2,2,6,6,,,,,,,,,
12042274,2,2,6,6,,,,,,,,,
12042286,2,2,6,6,,,,,,,,,
12042278,1,1,2,7,8,,,,,,,,
12042280,0,0,4,6,,,,,,,,,
12042283,0,0,3,1,,,,,,,,,
12042284,2,2,6,6,,,,,,,,,
12042281,2,2,6,6,,,,,,,,,
12042276,2,2,6,6,,,,,,,,,
12042285,0,0,1,3,,,,,,,,,
12042288,1,1,7,4,4,,,,,,,,
12042282,0,0,4,3,,,,,,,,,
12042279,0,0,3,2,,,,,,,,,
12042275,2,2,6,6,,,,,,,,,
12042277,0,0,0,1,,,,,,,,,
12045068,2,2,6,6,,,,,,,,,
12039931,0,0,3,3,,,,,,,,,
12039920,2,2,6,6,,,,,,,,,
12039940,2,2,6,6,,,,,,,,,
12039948,2,2,6,4,10,,,,,,,,
12039936,1,1,6,0,6,,,,,,,,
12039919,2,2,6,5,10,,,,,,,,
12039954,2,2,6,6,,,,,,,,,
12039958,2,2,6,6,,,,,,,,,
12039922,0,0,3,3,,,,,,,,,
12039951,2,2,6,6,,,,,,,,,
12039947,2,2,4,6,10,,,,,,,,
12039944,2,2,6,6,,,,,,,,,
12039959,2,2,6,6,,,,,,,,,
12039945,2,2,6,6,,,,,,,,,
12039915,0,0,3,4,,,,,,,,,
12039953,2,2,6,6,,,,,,,,,
12039946,0,0,2,4,,,,,,,,,
12039917,2,2,4,7,10,,,,,,,,
12039914,0,0,6,3,,,,,,,,,
12039942,2,2,6,6,,,,,,,,,
12039935,0,0,1,3,,,,,,,,,
12039949,2,2,6,6,,,,,,,,,
12039918,0,0,1,4,,,,,,,,,
12039933,2,2,6,6,,,,,,,,,
12039921,0,0,6,1,,,,,,,,,
12039952,0,0,4,4,,,,,,,,,
12039923,2,2,7,7,,,,,,,,,
12039916,0,0,3,2,,,,,,,,,
12039960,0,0,4,4,,,,,,,,,
12039961,0,0,6,2,,,,,,,,,
12039941,0,0,1,2,,,,,,,,,
12039938,1,1,7,3,3,,,,,,,,
12042583,0,0,3,1,,,,,,,,,
12042581,2,2,6,6,,,,,,,,,
12042578,1,1,6,6,11,,,,,,,,
12042588,2,2,6,6,,,,,,,,,
12042579,0,0,1,3,,,,,,,,,
12042590,2,2,6,6,,,,,,,,,
12042589,2,2,6,6,,,,,,,,,
12042591,0,0,2,4,,,,,,,,,
12042584,2,2,6,6,,,,,,,,,
12042601,0,0,6,2,,,,,,,,,
12042582,2,2,6,5,16,,,,,,,,
12042586,0,0,4,2,,,,,,,,,
12042567,2,2,6,6,,,,,,,,,
12042640,2,2,6,7,,,,,,,,,
12042585,2,2,6,6,,,,,,,,,
12042565,2,2,6,2,12,,,,,,,,
12045326,2,2,6,6,10,,,4,,,,,
12045187,2,2,6,6,,,,,,,,,
12045186,2,2,6,6,,,,,,,,,
12045325,0,0,5,1,,,,,,,,,
12046236,0,0,4,1,,,,,,,,,
12046032,2,2,6,6,,,,,,,,,
12039719,0,0,6,1,,,,,,,,,
12039728,0,0,2,2,,,,,,,,,
12039738,2,2,6,6,,,,,,,,,
12039741,0,0,1,1,,,,,,,,,
12039740,2,2,7,7,,,,,,,,,
12039730,2,2,6,6,,,,,,,,,
12039723,2,2,6,6,,,,,,,,,
12039748,,,,,,,,,,,,,
12039737,2,2,6,6,,,,,,,,,
12039747,2,2,6,6,,,,,,,,,
12039721,2,2,7,6,,,,,,,,,
12039720,2,2,6,6,,,,,,,,,
12039732,,,,,,,,,,,,,
12039746,0,0,1,6,,,,,,,,,
12039743,0,0,2,1,,,,,,,,,
12039734,2,2,7,4,10,,,,,,,,
12039750,0,0,2,0,,,,,,,,,
12039733,0,0,5,3,,,,,,,,,
12039731,0,0,3,4,,,,,,,,,
12039729,2,2,6,7,,,,,,,,,
12039744,0,0,2,2,,,,,,,,,
12039736,2,2,6,6,,,,,,,,,
12039724,0,0,4,3,,,,,,,,,
12039739,2,2,5,6,10,,,,,,,,
12039749,2,2,6,6,,,,,,,,,
12039725,0,0,4,2,,,,,,,,,
12039727,,,,,,,,,,,,,
12039735,2,2,6,7,,,,,,,,,
12039742,0,0,0,2,,,,,,,,,
12039722,1,1,7,3,8,,,,,,,,
12039745,2,2,7,6,,,,,,,,,
12039726,0,0,2,5,,,,,,,,,
12042441,0,0,4,6,,,,,,,,,
12042440,2,2,6,6,,,,,,,,,
12042445,0,0,3,3,,,,,,,,,
12042444,0,0,3,3,,,,,,,,,
12042436,2,2,7,3,10,,,,,,,,
12042437,,,,,,,,,,,,,
12042443,2,2,6,6,,,,,,,,,
12042438,2,2,6,6,,,,,,,,,
12042439,2,2,6,6,,,,,,,,,
12042448,2,2,6,6,,,,,,,,,
12042446,1,1,6,4,8,,,,,,,,
12042435,0,0,3,4,,,,,,,,,
12042447,2,2,6,6,,,,,,,,,
12042527,0,0,1,1,,,,,,,,,
12042494,0,0,3,3,,,,,,,,,
12042449,2,2,6,7,13,,,,,,,,
12039524,0,0,4,0,,,,,,,,,
12039529,0,0,0,2,,,,,,,,,
12039519,0,0,4,3,,,,,,,,,
12039526,0,0,3,0,,,,,,,,,
12039546,2,2,6,6,,,,,,,,,
12039567,1,1,5,6,3,,,,,,,,
12039525,2,2,6,3,10,,,,,,,,
12039564,,,,,,,,,,,,,
12039544,0,0,0,3,,,,,,,,,
12039562,1,1,6,0,7,,,,,,,,
12039536,2,2,6,2,10,,,,,,,,
12039551,2,2,6,6,,,,,,,,,
12039549,2,2,6,6,,,,,,,,,
12039513,0,0,4,1,,,,,,,,,
12039533,2,2,6,6,,,,,,,,,
12039528,0,0,1,3,,,,,,,,,
12039565,0,0,0,2,,,,,,,,,
12039522,2,2,6,6,,,,,,,,,
12039542,2,2,6,6,,,,,,,,,
12039563,2,2,6,6,,,,,,,,,
12039561,2,2,6,6,,,,,,,,,
12039540,0,0,6,0,,,,,,,,,
12039521,2,2,6,7,,,,,,,,,
12039545,2,2,6,6,,,,,,,,,
12039555,2,2,6,3,10,,,,,,,,
12039554,2,2,3,6,10,,,,,,,,
12039535,2,2,6,6,,,,,,,,,
12039574,2,2,6,6,,,,,,,,,
12039515,2,2,6,6,,,,,,,,,
12039514,2,2,6,6,,,,,,,,,
12039518,2,2,6,6,,,,,,,,,
12039527,0,0,0,0,,,,,,,,,
12041805,2,2,6,6,,,,,,,,,
12041806,2,2,0,7,10,,,,7,,,,
12041787,1,1,7,4,,,,,,,,,
12041800,2,2,6,6,,,,,,,,,
12041786,0,0,4,0,,,,,,,,,
12041810,2,2,6,6,,,,,,,,,
12041812,2,2,7,6,,,,,,,,,
12041784,2,2,6,7,,,,,7,,,,
12041799,0,0,2,4,,,,,,,,,
12041809,0,0,3,3,,,,,,,,,
12041790,0,0,4,5,,,,,,,,,
12041811,2,2,6,7,,,,,,,,,
12041783,0,0,1,0,,,,,,,,,
12041802,2,2,6,6,,,,,,,,,
12041794,0,0,6,1,,,,5,,,,,
12041796,2,2,6,6,,,,,,,,,
12029689,1,1,6,6,2,,,,6,,,,
12029687,2,2,5,6,6,,,,,,,,
12029696,2,2,6,6,,,,,,,,,
12029698,0,0,0,2,,,,,,,,,
12029694,2,2,6,6,,,,,,,,,
12029697,0,0,1,4,,,,,,,,,
12029695,2,2,7,6,,,,7,,,,,
12029688,0,0,2,0,,,,,,,,,
12029693,2,2,6,3,6,,,,,,,,
12029691,2,2,6,6,,,,,,,,,
12029701,0,0,0,1,,,,,,,,,
12029692,0,0,2,0,,,,,,,,,
12029700,0,0,0,1,,,,,,,,,
12029690,,,,,,,,,,,,,
12029699,2,2,6,6,,,,,,,,,
12040861,2,2,6,6,,,,,,,,,
12040859,2,2,6,6,,,,,,,,,
12040862,2,2,6,4,6,,,,,,,,
12040858,0,0,6,4,,,,2,,,,,
12040860,2,2,6,4,6,,,,,,,,
12040863,2,2,6,6,,,,,,,,,
12041476,2,2,6,6,,,,,,,,,
12040857,2,2,6,6,,,,,,,,,
12039851,0,0,4,6,,,,,5,,,,
12039852,2,2,7,6,,,,,,,,,
12039857,1,1,0,6,3,,,,,,,,
12039853,1,1,3,6,4,,,,,,,,
12039855,2,2,6,4,6,,,,,,,,
12039847,2,2,6,6,,,,,,,,,
12039845,2,2,6,6,,,,,,,,,
12039858,0,0,1,2,,,,,,,,,
12039849,1,1,6,4,6,,,,,2,,,
12039850,2,2,6,6,,,,,,,,,
12039856,2,2,6,6,,,,,,,,,
12039854,0,0,0,1,,,,,,,,,
12039843,2,2,6,6,,,,,,,,,
12039844,2,2,6,6,,,,,,,,,
12039846,2,2,6,6,,,,,,,,,
12039848,0,0,2,4,,,,,,,,,
12042189,2,2,0,6,6,,,,,,,,
12042187,2,2,6,6,,,,,,,,,
12042188,1,1,2,6,5,,,,,,,,
12042508,2,2,7,7,,,,,8,,,,
12042484,2,2,6,6,,,,,,,,,
12042190,0,0,5,1,,,,,,,,,
12042192,0,0,1,6,,,,,1,,,,
12042193,1,1,6,5,5,,,,,,,,
12039886,,,,,,,,,,,,,
12041688,2,2,6,6,,,,,,,,,
12039882,,,,,,,,,,,,,
12039900,1,1,6,2,5,,,,,,,,
12039899,2,2,6,6,,,,,,,,,
12039888,1,1,4,6,6,,,,,10,,,
12039883,0,0,3,4,,,,,,,,,
12039887,0,0,0,2,,,,,,,,,
12039890,2,2,7,6,,,,,,,,,
12039881,2,2,6,6,,,,,,,,,
12039894,2,2,7,6,,,,7,,,,,
12039880,2,2,3,6,7,,,,,7,,,
12039898,0,0,1,2,,,,,,,,,
12039901,2,2,6,6,,,,,,,,,
12039877,2,2,5,6,6,,,,,,,,
12039879,0,0,4,6,,,,,1,,,,
12039885,2,2,6,7,6,,,4,8,,,,
12041958,2,2,1,7,7,,,,,7,,,
12041952,0,0,3,4,,,,,,,,,
12042442,2,2,6,6,,,,,,,,,
12041949,2,2,6,6,,,,,,,,,
12040595,2,2,2,6,6,,,,,,,,
12040589,2,2,6,6,,,,,,,,,
12040594,2,2,6,6,,,,,,,,,
12040585,2,2,6,6,,,,,,,,,
12040591,0,0,3,5,,,,,,,,,
12040593,0,0,2,6,,,,,4,,,,
12040584,2,2,3,7,6,,,,,,,,
12040582,0,0,1,3,,,,,,,,,
12040587,2,2,6,6,,,,,,,,,
12040592,2,2,7,6,,,,7,,,,,
12040597,0,0,1,2,,,,,,,,,
12040586,2,2,6,6,,,,,,,,,
12040583,0,0,2,1,,,,,,,,,
12040596,1,1,2,6,1,,,,,,,,
12040590,1,1,4,7,3,,,,,,,,
12040588,2,2,6,6,,,,,,,,,
12039956,1,1,6,6,4,,,,,,,,
12039955,0,0,4,3,,,,,,,,,
12039929,0,0,2,2,,,,,,,,,
12039934,0,0,3,3,,,,,,,,,
12039928,2,2,6,7,,,,,,,,,
12039950,2,2,6,2,10,,,,,,,,
12039943,2,2,6,6,,,,,,,,,
12039957,1,1,6,5,6,,,,,,,,
12039937,2,2,5,6,10,,,,,,,,
12039930,2,2,6,3,10,,,,,,,,
12039927,2,2,6,7,,,,,,,,,
12039939,2,2,6,6,,,,,,,,,
12039932,2,2,6,6,,,,,,,,,
12039925,2,2,6,6,,,,,,,,,
12039924,0,0,1,1,,,,,,,,,
12039926,2,2,7,6,,,,,,,,,
12042568,0,0,0,1,,,,,,,,,
12042574,2,2,6,6,,,,,,,,,
12042624,1,1,6,4,4,,,,,,,,
12042569,0,0,4,2,,,,,,,,,
12042573,2,2,6,6,,,,,,,,,
12042566,0,0,0,1,,,,,,,,,
12042563,2,2,6,6,10,,,,,,,,
12042575,0,0,0,5,,,,,,,,,
12042572,2,2,6,6,,,,,,,,,
12042570,1,1,6,6,11,,,,,,,,
12042577,2,2,6,6,,,,,,,,,
12042576,2,2,6,6,,,,,,,,,
12042564,0,0,6,2,,,,,,,,,
12042571,0,0,5,3,,,,,,,,,
12042587,2,2,6,6,,,,,,,,,
12042580,2,2,7,7,,,,,,,,,
12039694,2,2,6,6,,,,,,,,,
12039691,0,0,3,1,,,,,,,,,
12039688,0,0,0,2,,,,,,,,,
12039690,0,0,3,2,,,,,,,,,
12039692,0,0,2,4,,,,,,,,,
12039685,0,0,2,4,,,,,,,,,
12039689,2,2,6,6,,,,,,,,,
12039686,2,2,6,6,,,,,,,,,
12039695,0,0,0,0,,,,,,,,,
12039687,2,2,4,7,10,,,,,,,,
12039693,0,0,1,1,,,,,,,,,
12041973,2,2,2,6,10,,,,,,,,
12041977,2,2,6,6,,,,,,,,,
12041966,0,0,2,4,,,,,,,,,
12041976,2,2,6,6,,,,,,,,,
12041963,2,2,6,6,,,,,,,,,
12041971,2,2,6,6,,,,,,,,,
12041972,2,2,6,6,,,,,,,,,
12041974,2,2,6,6,,,,,,,,,
12041965,0,0,2,2,,,,,,,,,
12041967,2,2,6,6,,,,,,,,,
12041968,0,0,4,4,,,,,,,,,
12041962,2,2,6,6,,,,,,,,,
12041975,2,2,7,3,10,,,,,,,,
12041969,0,0,2,3,,,,,,,,,
12041964,0,0,5,0,,,,,,,,,
12041970,0,0,5,2,,,,,,,,,
12041803,0,0,0,4,,,,,,,,,
12041814,2,2,6,3,10,,,,,,,,
12041795,0,0,3,1,,,,,,,,,
12041797,2,2,6,6,,,,,,,,,
12041813,1,1,2,6,4,,,,,,,,
12041788,2,2,7,6,,,,,,,,,
12041808,2,2,6,7,,,,,,,,,
12041789,1,1,6,3,3,,,,,,,,
12041785,1,1,6,1,8,,,,,,,,
12046072,0,0,0,0,,,,,,,,,
12046085,2,2,6,6,,,,,,,,,
12046077,1,1,1,6,8,,,,,,,,
12046084,2,2,7,7,,,,,,,,,
12046055,2,2,6,6,,,,,,,,,
12046065,0,0,3,6,,,,,7,,,,
12046069,0,0,4,6,,,,,2,,,,
12046075,2,2,6,6,,,,,,,,,
12039896,2,2,6,6,,,,,,,,,
12039871,0,0,2,,,,,,,,,,
12041957,2,2,6,4,21,,,,,,,,
12041943,2,2,6,3,10,,,,,,,,
12041948,2,2,7,6,,,,,,,,,
12041947,0,0,4,3,,,,,,,,,
12041950,2,2,6,6,,,,,,,,,
12041953,1,1,1,6,9,,,,,,,,
12041940,0,0,2,3,,,,,,,,,
12041944,0,0,2,4,,,,,,,,,
12041951,0,0,3,5,,,,,,,,,
12041945,0,0,6,6,,,,2,3,,,,
12041946,2,2,6,6,,,,,,,,,
12041942,1,1,0,7,6,,,,7,,,,
12041941,1,1,7,4,2,,,7,,,,,
12041956,2,2,6,6,,,,,,,,,
12041955,2,2,6,6,,,,,,,,,
12041954,0,0,2,1,,,,,,,,,
12045634,0,0,6,3,,,,4,,,,,
12045210,0,0,6,1,,,,1,,,,,
12045608,2,2,6,4,10,,,,,,,,
12045211,2,2,3,6,10,,,,,,,,
12046134,2,2,7,7,,,,7,,,,,
12046135,,,,,,,,,,,,,
12046253,2,2,6,7,,,,,7,,,,
12045732,1,1,6,3,7,,,,,,,,
12046141,0,0,3,2,,,,,,,,,
12039822,2,2,6,6,,,,,,,,,
12039801,2,2,6,5,10,,,,,,,,
12039817,0,0,6,2,,,,,,,,,
12039809,1,1,4,6,3,,,,,,,,
12039795,0,0,1,2,,,,,,,,,
12042287,2,2,6,6,,,,,,,,,
12042274,2,2,6,6,,,,,,,,,
12042286,2,2,6,6,,,,,,,,,
12042278,1,1,2,7,8,,,,,,,,
12042280,0,0,4,6,,,,,,,,,
12042283,0,0,3,1,,,,,,,,,
12042284,2,2,6,6,,,,,,,,,
12042281,2,2,6,6,,,,,,,,,
12042276,2,2,6,6,,,,,,,,,
12042285,0,0,1,3,,,,,,,,,
12042288,1,1,7,4,4,,,,,,,,
12042282,0,0,4,3,,,,,,,,,
12042279,0,0,3,2,,,,,,,,,
12042275,2,2,6,6,,,,,,,,,
12042277,0,0,0,1,,,,,,,,,
12045068,2,2,6,6,,,,,,,,,
12046242,2,2,6,6,,,,,,,,,
12046243,2,2,6,6,,,,,,,,,
12046241,1,1,7,1,8,,,7,,,,,
12046238,2,2,4,6,10,,,,,,,,
12046237,1,1,6,2,6,,,,,,,,
12046244,2,2,7,6,,,,,,,,,
12046240,1,1,3,6,4,,,,,,,,
12046239,1,1,6,7,7,,,2,7,,,,
12039938,1,1,7,3,3,,,,,,,,
12042583,0,0,3,1,,,,,,,,,
12042581,2,2,6,6,,,,,,,,,
12042578,1,1,6,6,11,,,,,,,,
12042588,2,2,6,6,,,,,,,,,
12042579,0,0,1,3,,,,,,,,,
12042590,2,2,6,6,,,,,,,,,
12042589,2,2,6,6,,,,,,,,,
12042591,0,0,2,4,,,,,,,,,
12042584,2,2,6,6,,,,,,,,,
12042601,0,0,6,2,,,,,,,,,
12042582,2,2,6,5,16,,,,,,,,
12042586,0,0,4,2,,,,,,,,,
12042567,2,2,6,6,,,,,,,,,
12042640,2,2,6,7,,,,,,,,,
12042585,2,2,6,6,,,,,,,,,
12042565,2,2,6,2,12,,,,,,,,
12045326,2,2,6,6,10,,,4,,,,,
12045187,2,2,6,6,,,,,,,,,
12045186,2,2,6,6,,,,,,,,,
12045325,0,0,5,1,,,,,,,,,
12045455,2,2,6,6,,,,,,,,,
12045783,2,2,5,6,10,,,,,,,,
12045569,2,2,6,2,10,,,,,,,,
12045601,1,1,1,6,9,,,,,,,,
12046236,0,0,4,1,,,,,,,,,
12046032,2,2,6,6,,,,,,,,,
12042698,,,,,,,,,,,,,
12042688,2,2,6,6,,,,,,,,,
12042696,1,1,6,1,6,,,,,,,,
12042697,1,1,6,4,9,,,,,,,,
12042692,0,0,2,1,,,,,,,,,
12042686,0,0,1,2,,,,,,,,,
12042689,2,2,6,6,,,,,,,,,
12042685,2,2,3,6,12,,,,,,,,
12042695,0,0,2,3,,,,,,,,,
12042687,2,2,7,6,10,,,,,,,,
12042691,2,2,6,6,,,,,,,,,
12042694,2,2,6,7,10,,,,,,,,
12042699,2,2,6,6,,,,,,,,,
12042690,2,2,6,6,,,,,,,,,
12042684,1,1,4,6,6,,,,,,,,
12042693,,,,,,,,,,,,,
12046507,2,2,6,6,,,,,,,,,
12046503,2,2,6,4,10,,,,,,,,
12046511,2,2,6,6,,,,,,,,,
12046510,2,2,7,6,,,,8,,,,,
12039967,0,0,4,0,,,,,,,,,
12039972,2,2,6,6,,,,,,,,,
12039969,1,1,3,6,2,,,,,,,,
12046127,2,2,6,7,,,,,7,,,,
12046130,2,2,7,6,,,,,,,,,
12039968,0,0,3,2,,,,,,,,,
12046128,2,2,7,7,,,,,,,,,
12039973,0,0,3,2,,,,,,,,,
11999218,0,0,5,4,,,,,,,,,
12040681,1,1,1,6,3,,,,,,,,
12040692,0,0,0,1,,,,,,,,,
12040680,2,2,6,6,,,,,,,,,
12040870,2,2,6,6,,,,,,,,,
12040789,2,2,6,6,,,,,,,,,
12040790,2,2,7,6,,,,9,,,,,
12041484,0,0,3,3,,,,,,,,,
12041483,0,0,3,3,,,,,,,,,
12041038,2,2,6,6,,,,,,,,,
12041702,2,2,6,6,,,,,,,,,
12041759,0,0,4,3,,,,,,,,,
12041658,2,2,6,1,7,,,,,7,,,
12039907,1,1,6,3,2,,,,,,,,
12039912,0,0,6,4,,,,2,,,,,
12039904,0,0,4,4,,,,,,,,,
12039910,1,1,3,6,5,,,,,,,,
12039908,0,0,2,1,,,,,,,,,
12039903,1,1,6,3,4,,,,,,,,
12041961,2,2,4,7,6,,,,7,,,,
12041816,2,2,6,6,,,,,,,,,
12041895,0,0,2,4,,,,,,,,,
12042017,2,2,6,6,6,,,,3,,,,
12042081,0,0,3,6,,,,,9,,,,
12042497,0,0,2,1,,,,,,,,,
12040213,0,0,4,4,,,,,,,,,
12040206,2,2,6,6,,,,,,,,,
12040216,1,1,5,6,2,,,,,,,,
12041727,,,,,,,,,,,,,
12040207,1,1,6,3,,,,,,,,,
12043337,1,1,2,6,1,,,,,,,,
12040219,1,1,4,6,4,,,,,,,,
12041751,0,0,1,1,,,,,,,,,
12040215,2,2,6,7,,,,,,,,,
12040218,0,0,6,0,,,,8,,,,,
12040209,,,,,,,,,,,,,
12047499,1,1,5,6,2,,,,,,,,
12041752,0,0,4,5,,,,,,,,,
12040212,0,0,3,3,,,,,,,,,
12041758,2,2,2,6,7,,,,,7,,,
12040211,2,2,6,4,7,,,,,,,,
12041753,0,0,0,,,,,,,,,,
12040210,2,2,6,6,,,,,,,,,
12046062,1,1,2,6,3,,,,,,,,
12046061,2,2,7,6,,,,,,,,,
12046057,2,2,4,6,6,,,,,,,,
12046078,2,2,6,6,,,,,,,,,
12046067,0,0,6,4,,,,3,,,,,
12046073,2,2,7,6,,,,,,,,,
12046058,2,2,6,7,6,,,2,,,,,
12046381,2,2,7,6,,,,7,,,,,
12046370,2,2,5,6,6,,,,,,,,
12046369,1,1,3,6,3,,,,,,,,
12046247,2,2,6,6,,,,,,,,,
12046245,2,2,6,6,,,,,,,,,
12046252,2,2,6,6,7,,,5,,,,,
12046248,2,2,6,6,,,,,,,,,
12046412,0,0,4,2,,,,,,,,,
12046398,2,2,6,7,,,,,,,,,
12046396,2,2,7,6,,,,7,,,,,
12046390,2,2,6,6,,,,,,,,,
12039718,2,2,3,6,6,,,,,,,,
12046076,2,2,6,6,,,,,,,,,
12046070,2,2,6,6,,,,,,,,,
12046081,0,0,6,1,,,,6,,,,,
12043317,2,2,6,7,,,,,,,,,
12043313,0,0,6,5,,,,5,,,,,
12043299,2,2,6,7,,,,,8,,,,
12043301,2,2,3,6,7,,,,,8,,,
12043298,2,2,7,6,,,,7,,,,,
12043304,2,2,6,6,,,,,,,,,
12043307,0,0,3,3,,,,,,,,,
12043303,1,1,3,7,0,,,,,,,,
12046288,1,1,6,4,,,,,,,,,
12046278,2,2,6,6,,,,,,,,,
12046279,0,0,4,6,,,,,5,,,,
12046290,2,2,6,6,,,,,,,,,
12046273,1,1,6,3,6,,,,,5,,,
12046289,2,2,4,7,6,,,,8,,,,
12046286,0,0,4,4,,,,,,,,,
12046274,0,0,5,5,,,,,,,,,
12046284,0,0,6,1,,,,5,,,,,
12046367,2,2,6,6,,,,,,,,,
12046372,0,0,3,1,,,,,,,,,
12046368,2,2,6,6,,,,,,,,,
12046373,2,2,7,7,,,,,7,,,,
12046406,2,2,6,6,,,,,,,,,
12046394,2,2,6,7,,,,,,,,,
12040023,0,0,4,1,,,,,,,,,
12041782,2,2,6,6,,,,,,,,,
12041804,2,2,6,6,,,,,,,,,
12041798,2,2,6,6,,,,,,,,,
12041801,0,0,5,3,,,,,,,,,
12041792,2,2,6,6,,,,,,,,,
12041793,1,1,2,6,13,,,,,,,,
12041807,1,1,6,3,7,,,,,,,,
12042476,2,2,7,4,6,,,,,,,,
12042473,2,2,6,7,,,,,7,,,,
12039302,0,0,5,3,,,,,,,,,
12042475,0,0,3,4,,,,,,,,,
12039296,0,0,4,6,,,,,3,,,,
12026858,,,,,,,,,,,,,
12027804,,,,,,,,,,,,,
12027531,,,,,,,,,,,,,
12026877,2,2,7,3,7,,,7,,9,,,
12041771,2,2,6,6,,,,,,,,,
12041820,1,1,3,6,8,,,,,,,,
12027054,,,,,,,,,,,,,
12027517,0,0,2,3,,,,,,,,,
12041844,2,2,4,6,10,,,,,,,,
12027800,,,,,,,,,,,,,
12027534,,,,,,,,,,,,,
12027520,2,2,6,6,,,,,,,,,
12027055,,,,,,,,,,,,,
12026874,2,2,7,6,,,,,,,,,
12041833,0,0,3,1,,,,,,,,,
12027920,,,,,,,,,,,,,
12042296,2,2,6,6,,,,,,,,,
12028141,2,2,6,6,,,,,,,,,
12027922,,,,,,,,,,,,,
12041834,2,2,6,6,,,,,,,,,
12028189,0,0,4,4,,,,,,,,,
12028143,1,1,4,6,2,,,,,,,,
12027971,1,1,7,4,4,,,7,,,,,
12028192,,,,,,,,,,,,,
12027968,,,,,,,,,,,,,
11974049,1,1,,,,,,,,,,,
11974072,3,3,,,,,,,,,,,
11974065,4,4,,,,,,,,,,,
11974113,3,3,,,,,,,,,,,
12002107,1,1,,,,,,,,,,,
12001987,0,0,,,,,,,,,,,
12002106,4,4,,,,,,,,,,,
12002111,1,1,,,,,,,,,,,
12027056,,,,,,,,,,,,,
12041644,0,0,6,3,,,,10,,,,,
12041835,2,2,7,2,6,,,,,,,,
12027921,,,,,,,,,,,,,
12027947,,,,,,,,,,,,,
12041842,2,2,7,6,,,,10,,,,,
12028142,1,1,6,4,4,,,,,,,,
12028193,,,,,,,,,,,,,
12042026,1,1,6,7,4,,,1,7,,,,
12027970,0,0,6,4,,,,,,,,,
12039474,2,2,6,6,,,,,,,,,
12039841,2,2,6,6,,,,,,,,,
12039913,0,0,6,3,,,,5,,,,,
12040020,2,2,6,7,,,,,7,,,,
12040508,1,1,6,7,6,,,3,7,1,,,
12040506,0,0,4,2,,,,,,,,,
12040509,2,2,4,7,6,,,,7,,,,
12040507,0,0,2,6,,,,,2,,,,
12040510,2,2,6,7,,,,,7,,,,
12040512,1,1,6,7,4,,,4,7,,,,
12040511,0,0,2,5,,,,,,,,,
12040515,2,2,6,6,,,,,,,,,
12042700,1,1,3,7,4,,,,7,,,,
12042741,2,2,7,7,,,,,7,,,,
12043202,2,2,6,6,6,,,,4,,,,
12043258,2,2,6,4,6,,,,,,,,
12039863,2,2,7,6,,,,,,,,,
12039865,2,2,6,4,7,,,,,7,,,
12039862,1,1,7,3,,,,,,,,,
12039860,0,0,4,4,,,,,,,,,
12039868,2,2,7,6,,,,,,,,,
12041849,2,2,6,6,,,,,,,,,
12041853,2,2,3,6,6,,,,,,,,
12042392,1,1,6,5,3,,,,,,,,
12042016,2,2,7,6,,,,,,,,,
12039471,0,0,2,5,,,,,,,,,
12039717,1,1,6,6,0,,,2,,,,,
12037711,0,0,2,0,,,,,,,,,
12037714,1,1,1,7,3,,,,7,,,,
12037723,0,0,4,4,,,,,,,,,
12037712,0,0,3,4,,,,,,,,,
12037717,2,2,6,6,,,,,,,,,
12037713,2,2,6,6,,,,,,,,,
12037716,0,0,3,2,,,,,,,,,
12043268,2,2,6,7,,,,,7,,,,
12037724,,,,,,,,,,,,,
12043264,2,2,7,6,,,,,,,,,
12043265,1,1,4,6,3,,,,,,,,
12043269,0,0,6,4,,,,5,,,,,
12037715,2,2,6,7,,,,,7,,,,
12043267,2,2,6,6,,,,,,,,,
12037725,0,0,3,2,,,,,,,,,
12043266,0,0,5,2,,,,,,,,,
12039198,1,1,4,6,5,,,,,,,,
12039183,0,0,1,2,,,,,,,,,
12039197,2,2,6,6,,,,,,,,,
12039182,1,1,6,4,1,,,,,,,,
12045825,2,2,6,3,7,,,,,7,,,
12045827,1,1,3,6,2,,,,,,,,
12045824,1,1,6,4,6,,,,,2,,,
12045828,0,0,1,2,,,,,,,,,
12039189,0,0,3,3,,,,,,,,,
12045823,2,2,6,6,,,,,,,,,
12039188,1,1,3,6,5,,,,,,,,
12039447,0,0,2,,,,,,,,,,
12045826,1,1,6,6,4,,,,2,,,,
12039187,1,1,7,2,5,,,7,,,,,
11998773,2,2,4,6,6,,,,,,,,
11999016,2,2,6,6,6,,,7,,,,,
12039966,2,2,6,6,,,,,,,,,
12039970,2,2,7,7,,,,,,,,,
12039971,1,1,7,3,6,,,9,,4,,,
12027230,,,,,,,,,,,,,
12041772,2,2,3,6,11,,,,,,,,
12027542,0,0,1,5,,,,,,,,,
12027228,,,,,,,,,,,,,
12027907,0,0,6,4,,,,1,,,,,
12027543,,,,,,,,,,,,,
12027904,,,,,,,,,,,,,
12042614,2,2,6,3,7,,,,,8,,,
12027989,2,2,6,6,,,,,,,,,
12027990,,,,,,,,,,,,,
12042635,2,2,2,6,6,,,,,,,,
12027229,,,,,,,,,,,,,
12041821,2,2,6,6,6,,,3,,,,,
12027908,,,,,,,,,,,,,
12027986,0,0,5,3,,,,,,,,,
12039991,0,0,2,4,,,,,,,,,
12042724,2,2,6,6,,,,,,,,,
12039979,2,2,6,2,6,,,,,,,,
12039987,2,2,6,3,6,,,,,,,,
12042725,2,2,6,6,,,,,,,,,
12040230,1,1,4,6,5,,,,,,,,
12040240,1,1,2,6,6,,,,,3,,,
12038860,,,,,,,,,,,,,
12040226,0,0,4,2,,,,,,,,,
12038853,2,2,6,7,,,,,,,,,
12038865,0,0,6,4,,,,4,,,,,
12038857,1,1,6,4,4,,,,,,,,
12038855,,,,,,,,,,,,,
12048717,2,2,6,6,6,,,7,,,,,
11998455,1,1,7,2,3,,,,,,,,
12039077,1,1,7,4,4,,,7,,,,,
12041918,1,1,2,7,3,,,,,,,,
12039075,2,2,6,7,,,,,7,,,,
12041896,2,2,6,5,6,,,,,,,,
12039079,0,0,4,1,,,,,,,,,
12039081,,,,,,,,,,,,,
12041927,,,,,,,,,,,,,
12046039,2,2,6,3,6,,,,,,,,
12041926,,,,,,,,,,,,,
12039080,,,,,,,,,,,,,
12039078,0,0,6,1,,,,4,,,,,
12047771,1,1,7,0,3,,,,,,,,
12041925,0,0,5,0,,,,,,,,,
12044869,2,2,6,7,,,,,,,,,
12002073,2,2,6,6,,,,,,,,,
12039293,,,,,,,,,,,,,
12039297,,,,,,,,,,,,,
12039298,0,0,4,4,,,,,,,,,
12039299,0,0,2,4,,,,,,,,,
12039455,0,0,3,1,,,,,,,,,
12042459,0,0,3,0,,,,,,,,,
12039290,0,0,5,5,,,,,,,,,
12039289,2,2,7,6,,,,,,,,,
12046513,0,0,4,,,,,,,,,,
12039733,0,0,5,3,,,,,,,,,
12039731,0,0,3,4,,,,,,,,,
12039729,2,2,6,7,,,,,,,,,
12039744,0,0,2,2,,,,,,,,,
12039736,2,2,6,6,,,,,,,,,
12039724,0,0,4,3,,,,,,,,,
12039739,2,2,5,6,10,,,,,,,,
12039749,2,2,6,6,,,,,,,,,
12039725,0,0,4,2,,,,,,,,,
12039727,,,,,,,,,,,,,
12039735,2,2,6,7,,,,,,,,,
12039742,0,0,0,2,,,,,,,,,
12039722,1,1,7,3,8,,,,,,,,
12039745,2,2,7,6,,,,,,,,,
12039726,0,0,2,5,,,,,,,,,
12042441,0,0,4,6,,,,,,,,,
12042440,2,2,6,6,,,,,,,,,
12042445,0,0,3,3,,,,,,,,,
12042444,0,0,3,3,,,,,,,,,
12042436,2,2,7,3,10,,,,,,,,
12042437,,,,,,,,,,,,,
12042443,2,2,6,6,,,,,,,,,
12042438,2,2,6,6,,,,,,,,,
12042439,2,2,6,6,,,,,,,,,
12042448,2,2,6,6,,,,,,,,,
12042446,1,1,6,4,8,,,,,,,,
12042435,0,0,3,4,,,,,,,,,
12042447,2,2,6,6,,,,,,,,,
12042527,0,0,1,1,,,,,,,,,
12042494,0,0,3,3,,,,,,,,,
12042449,2,2,6,7,13,,,,,,,,
12046187,2,2,6,6,,,,,,,,,
12046198,0,0,6,1,,,,3,,,,,
12046205,1,1,7,1,8,,,7,,,,,
12046188,0,0,5,2,,,,,,,,,
12046189,2,2,6,1,10,,,,,,,,
12046191,2,2,7,6,,,,,,,,,
12046194,2,2,6,4,10,,,,,,,,
12046206,2,2,6,7,,,,,,,,,
12042791,1,1,5,6,6,,,,,,,,
12042794,,,,,,,,,,,,,
12042797,2,2,6,6,,,,,,,,,
12042804,1,1,4,6,8,,,,,,,,
12042802,2,2,6,7,,,,,,,,,
12042803,2,2,2,6,10,,,,,,,,
12042789,2,2,6,6,,,,,,,,,
12042793,2,2,4,7,10,,,,,,,,
12043231,0,0,3,1,,,,,,,,,
12041805,2,2,6,6,,,,,,,,,
12041806,2,2,0,7,10,,,,7,,,,
12041787,1,1,7,4,,,,,,,,,
12041800,2,2,6,6,,,,,,,,,
12041786,0,0,4,0,,,,,,,,,
12041810,2,2,6,6,,,,,,,,,
12041812,2,2,7,6,,,,,,,,,
12041784,2,2,6,7,,,,,7,,,,
12041799,0,0,2,4,,,,,,,,,
12041809,0,0,3,3,,,,,,,,,
12041790,0,0,4,5,,,,,,,,,
12041811,2,2,6,7,,,,,,,,,
12041783,0,0,1,0,,,,,,,,,
12041802,2,2,6,6,,,,,,,,,
12041794,0,0,6,1,,,,5,,,,,
12041796,2,2,6,6,,,,,,,,,
12046059,2,2,6,6,,,,,,,,,
12046056,0,0,3,4,,,,,,,,,
12046071,0,0,2,4,,,,,,,,,
12046054,0,0,6,2,,,,5,,,,,
12046082,0,0,4,2,,,,,,,,,
12046120,1,1,4,6,3,,,,,,,,
12046068,2,2,6,6,,,,,,,,,
12046053,2,2,6,6,,,,,,,,,
12040861,2,2,6,6,,,,,,,,,
12040859,2,2,6,6,,,,,,,,,
12040862,2,2,6,4,6,,,,,,,,
12040858,0,0,6,4,,,,2,,,,,
12040860,2,2,6,4,6,,,,,,,,
12040863,2,2,6,6,,,,,,,,,
12041476,2,2,6,6,,,,,,,,,
12040857,2,2,6,6,,,,,,,,,
12039855,2,2,6,4,6,,,,,,,,
12039847,2,2,6,6,,,,,,,,,
12039845,2,2,6,6,,,,,,,,,
12039858,0,0,1,2,,,,,,,,,
12039849,1,1,6,4,6,,,,,2,,,
12039850,2,2,6,6,,,,,,,,,
12039856,2,2,6,6,,,,,,,,,
12039854,0,0,0,1,,,,,,,,,
12039843,2,2,6,6,,,,,,,,,
12039844,2,2,6,6,,,,,,,,,
12039846,2,2,6,6,,,,,,,,,
12039848,0,0,2,4,,,,,,,,,
12042189,2,2,0,6,6,,,,,,,,
12042187,2,2,6,6,,,,,,,,,
12042188,1,1,2,6,5,,,,,,,,
12042508,2,2,7,7,,,,,8,,,,
12042484,2,2,6,6,,,,,,,,,
12042190,0,0,5,1,,,,,,,,,
12042192,0,0,1,6,,,,,1,,,,
12042193,1,1,6,5,5,,,,,,,,
12039900,1,1,6,2,5,,,,,,,,
12039899,2,2,6,6,,,,,,,,,
12039888,1,1,4,6,6,,,,,10,,,
12039883,0,0,3,4,,,,,,,,,
12039887,0,0,0,2,,,,,,,,,
12039890,2,2,7,6,,,,,,,,,
12039881,2,2,6,6,,,,,,,,,
12039894,2,2,7,6,,,,7,,,,,
12039880,2,2,3,6,7,,,,,7,,,
12039898,0,0,1,2,,,,,,,,,
12039901,2,2,6,6,,,,,,,,,
12039877,2,2,5,6,6,,,,,,,,
12039879,0,0,4,6,,,,,1,,,,
12039885,2,2,6,7,6,,,4,8,,,,
12041958,2,2,1,7,7,,,,,7,,,
12041952,0,0,3,4,,,,,,,,,
12042442,2,2,6,6,,,,,,,,,
12041949,2,2,6,6,,,,,,,,,
12042632,2,2,4,6,6,,,,,,,,
12042336,2,2,6,1,7,,,,,7,,,
12042335,2,2,6,6,,,,,,,,,
12042672,2,2,4,6,6,,,,,,,,
12040595,2,2,2,6,6,,,,,,,,
12040589,2,2,6,6,,,,,,,,,
12040594,2,2,6,6,,,,,,,,,
12040585,2,2,6,6,,,,,,,,,
12040591,0,0,3,5,,,,,,,,,
12040593,0,0,2,6,,,,,4,,,,
12040584,2,2,3,7,6,,,,,,,,
12040582,0,0,1,3,,,,,,,,,
12040587,2,2,6,6,,,,,,,,,
12040592,2,2,7,6,,,,7,,,,,
12040597,0,0,1,2,,,,,,,,,
12040586,2,2,6,6,,,,,,,,,
12040583,0,0,2,1,,,,,,,,,
12040596,1,1,2,6,1,,,,,,,,
12040590,1,1,4,7,3,,,,,,,,
12040588,2,2,6,6,,,,,,,,,
12043201,2,2,7,6,,,,,,,,,
12043197,2,2,6,6,,,,,,,,,
12043199,2,2,6,4,6,,,,,,,,
12043198,2,2,6,6,,,,,,,,,
12043235,2,2,7,6,,,,7,,,,,
12043234,2,2,7,7,,,,,7,,,,
12043233,2,2,6,6,,,,,,,,,
12043200,2,2,7,6,,,,7,,,,,
12042568,0,0,0,1,,,,,,,,,
12042574,2,2,6,6,,,,,,,,,
12042624,1,1,6,4,4,,,,,,,,
12042569,0,0,4,2,,,,,,,,,
12042573,2,2,6,6,,,,,,,,,
12042566,0,0,0,1,,,,,,,,,
12042563,2,2,6,6,10,,,,,,,,
12042575,0,0,0,5,,,,,,,,,
12042572,2,2,6,6,,,,,,,,,
12042570,1,1,6,6,11,,,,,,,,
12042577,2,2,6,6,,,,,,,,,
12042576,2,2,6,6,,,,,,,,,
12042564,0,0,6,2,,,,,,,,,
12042571,0,0,5,3,,,,,,,,,
12042587,2,2,6,6,,,,,,,,,
12042580,2,2,7,7,,,,,,,,,
12046409,2,2,7,6,,,,7,,,,,
12046404,0,0,3,1,,,,,,,,,
12046388,2,2,4,6,10,,,,,,,,
12046408,0,0,3,2,,,,,,,,,
12046387,2,2,6,6,,,,,,,,,
12046403,2,2,6,1,10,,,,,,,,
12046389,1,1,4,6,9,,,,,,,,
12046386,2,2,6,7,,,,,7,,,,
12041973,2,2,2,6,10,,,,,,,,
12041977,2,2,6,6,,,,,,,,,
12041966,0,0,2,4,,,,,,,,,
12041976,2,2,6,6,,,,,,,,,
12041963,2,2,6,6,,,,,,,,,
12041971,2,2,6,6,,,,,,,,,
12041972,2,2,6,6,,,,,,,,,
12041974,2,2,6,6,,,,,,,,,
12041965,0,0,2,2,,,,,,,,,
12041967,2,2,6,6,,,,,,,,,
12041968,0,0,4,4,,,,,,,,,
12041962,2,2,6,6,,,,,,,,,
12041975,2,2,7,3,10,,,,,,,,
12041969,0,0,2,3,,,,,,,,,
12041964,0,0,5,0,,,,,,,,,
12041970,0,0,5,2,,,,,,,,,
12045899,2,2,6,6,,,,,,,,,
12045900,2,2,6,6,,,,,,,,,
12045898,2,2,6,4,10,,,,,,,,
12045901,2,2,6,6,,,,,,,,,
12045905,0,0,3,6,,,,,8,,,,
12045897,0,0,3,2,,,,,,,,,
12045908,2,2,6,6,,,,,,,,,
12045904,2,2,6,6,,,,,,,,,
12042785,2,2,6,7,,,,,,,,,
12042783,1,1,6,4,6,,,,,,,,
12042784,2,2,6,6,,,,,,,,,
12042774,0,0,3,1,,,,,,,,,
12042777,2,2,6,6,10,,,,,,,,
12042782,2,2,6,6,,,,,,,,,
12042776,2,2,5,6,12,,,,,,,,
12042786,2,2,6,6,,,,,,,,,
12042775,0,0,2,2,,,,,,,,,
12042772,2,2,6,6,,,,,,,,,
12042780,1,1,1,6,4,,,,,,,,
12042773,2,2,6,6,,,,,,,,,
12042779,1,1,6,2,8,,,,,,,,
12042778,2,2,6,6,,,,,,,,,
12042787,2,2,4,6,10,,,,,,,,
12042781,2,2,6,6,,,,,,,,,
12046534,1,1,6,6,3,,,,3,,,,
12039991,0,0,2,4,,,,,,,,,
12042724,2,2,6,6,,,,,,,,,
12039979,2,2,6,2,6,,,,,,,,
12039987,2,2,6,3,6,,,,,,,,
12042725,2,2,6,6,,,,,,,,,
12039985,2,2,5,6,6,,,,,,,,
12039981,,,,,,,,,,,,,
12042727,2,2,4,6,6,,,,,,,,
12039990,1,1,6,3,3,,,,,,,,
12039989,1,1,1,7,3,,,,7,,,,
12042726,2,2,6,4,6,,,,,,,,
12039983,2,2,5,7,6,,,,7,,,,
12046481,2,2,6,7,,,,,7,,,,
12040230,1,1,4,6,5,,,,,,,,
12040240,1,1,2,6,6,,,,,3,,,
12040237,2,2,7,6,,,,7,,,,,
12046772,1,1,3,6,1,,,,,,,,
12040236,,,,,,,,,,,,,
12046791,0,0,1,4,,,,,,,,,
12046789,0,0,1,4,,,,,,,,,
12046784,0,0,5,2,,,,,,,,,
12049819,1,1,6,6,3,,,5,,,,,
12040239,,,,,,,,,,,,,
12040234,2,2,6,6,,,,,,,,,
12040233,2,2,6,7,,,,,7,,,,
12040226,0,0,4,2,,,,,,,,,
12038853,2,2,6,7,,,,,,,,,
12038865,0,0,6,4,,,,4,,,,,
12038857,1,1,6,4,4,,,,,,,,
12038855,,,,,,,,,,,,,
12048717,2,2,6,6,6,,,7,,,,,
12038862,2,2,7,6,,,,,,,,,
12046138,1,1,7,5,2,,,8,,,,,
12046140,2,2,7,1,6,,,,,,,,
12046137,2,2,6,2,7,,,,,7,,,
12046139,2,2,3,7,6,,,,,,,,
12018534,2,2,6,6,,,,,,,,,
12038858,2,2,7,6,,,,7,,,,,
12039075,2,2,6,7,,,,,7,,,,
12041896,2,2,6,5,6,,,,,,,,
12039079,0,0,4,1,,,,,,,,,
12039081,,,,,,,,,,,,,
12041927,,,,,,,,,,,,,
12046039,2,2,6,3,6,,,,,,,,
12041926,,,,,,,,,,,,,
12039080,,,,,,,,,,,,,
12039078,0,0,6,1,,,,4,,,,,
12047771,1,1,7,0,3,,,,,,,,
12041925,0,0,5,0,,,,,,,,,
12044869,2,2,6,7,,,,,,,,,
12046038,2,2,6,7,,,,,7,,,,
12039076,0,0,0,1,,,,,,,,,
12018666,2,2,6,7,,,,,,,,,
12018668,2,2,7,6,6,,,8,1,,,,
12042459,0,0,3,0,,,,,,,,,
12039290,0,0,5,5,,,,,,,,,
12039289,2,2,7,6,,,,,,,,,
12042476,2,2,7,4,6,,,,,,,,
12042473,2,2,6,7,,,,,7,,,,
12039302,0,0,5,3,,,,,,,,,
12042475,0,0,3,4,,,,,,,,,
12039296,0,0,4,6,,,,,3,,,,
12039295,2,2,6,6,,,,,,,,,
12049299,0,0,3,2,,,,,,,,,
12039294,,,,,,,,,,,,,
12042472,2,2,6,7,,,,,8,,,,
12042474,2,2,6,6,,,,,,,,,
12039300,2,2,6,6,,,,,,,,,
12018700,2,2,6,3,6,,,,,,,,
12042700,1,1,3,7,4,,,,7,,,,
12042741,2,2,7,7,,,,,7,,,,
12043202,2,2,6,6,6,,,,4,,,,
12043258,2,2,6,4,6,,,,,,,,
12042392,1,1,6,5,3,,,,,,,,
12042016,2,2,7,6,,,,,,,,,
12037716,0,0,3,2,,,,,,,,,
12043268,2,2,6,7,,,,,7,,,,
12037724,,,,,,,,,,,,,
12043264,2,2,7,6,,,,,,,,,
12043265,1,1,4,6,3,,,,,,,,
12043269,0,0,6,4,,,,5,,,,,
12037715,2,2,6,7,,,,,7,,,,
12043267,2,2,6,6,,,,,,,,,
12037725,0,0,3,2,,,,,,,,,
12043266,0,0,5,2,,,,,,,,,
12018583,2,2,6,3,6,,,,,,,,
12037721,2,2,6,6,,,,,,,,,
12018584,0,0,4,3,,,,,,,,,
12018579,2,2,6,6,6,,,,3,,,,
12018581,0,0,2,3,,,,,,,,,
12039197,2,2,6,6,,,,,,,,,
12039182,1,1,6,4,1,,,,,,,,
12045825,2,2,6,3,7,,,,,7,,,
12045827,1,1,3,6,2,,,,,,,,
12045824,1,1,6,4,6,,,,,2,,,
12045828,0,0,1,2,,,,,,,,,
12039189,0,0,3,3,,,,,,,,,
12045823,2,2,6,6,,,,,,,,,
12039188,1,1,3,6,5,,,,,,,,
12039447,0,0,2,,,,,,,,,,
12045826,1,1,6,6,4,,,,2,,,,
12039187,1,1,7,2,5,,,7,,,,,
12039186,0,0,6,2,,,,3,,,,,
12039184,0,0,4,4,,,,,,,,,
12018629,0,0,5,2,,,,,,,,,
12018634,2,2,7,6,,,,,,,,,
12018625,0,0,2,1,,,,,,,,,
12018630,1,1,2,6,4,,,,,,,,
12039966,2,2,6,6,,,,,,,,,
12039970,2,2,7,7,,,,,,,,,
12039971,1,1,7,3,6,,,9,,4,,,
12039967,0,0,4,0,,,,,,,,,
12039972,2,2,6,6,,,,,,,,,
12039969,1,1,3,6,2,,,,,,,,
12046127,2,2,6,7,,,,,7,,,,
12046130,2,2,7,6,,,,,,,,,
12039968,0,0,3,2,,,,,,,,,
12046128,2,2,7,7,,,,,,,,,
12039973,0,0,3,2,,,,,,,,,
12046129,0,0,4,3,,,,,,,,,
12046126,0,0,4,6,,,,,3,,,,
12039975,1,1,6,7,4,,,4,7,,,,
12018653,2,2,6,3,7,,,,,7,,,
12018646,1,1,4,6,4,,,,,,,,
12018652,2,2,6,6,,,,,,,,,
12042497,0,0,2,1,,,,,,,,,
12040219,1,1,4,6,4,,,,,,,,
12041751,0,0,1,1,,,,,,,,,
12040215,2,2,6,7,,,,,,,,,
12040218,0,0,6,0,,,,8,,,,,
12040209,,,,,,,,,,,,,
12047499,1,1,5,6,2,,,,,,,,
12041752,0,0,4,5,,,,,,,,,
12040212,0,0,3,3,,,,,,,,,
12041758,2,2,2,6,7,,,,,7,,,
12040211,2,2,6,4,7,,,,,,,,
12041753,0,0,0,,,,,,,,,,
12040210,2,2,6,6,,,,,,,,,
12018727,0,0,3,3,,,,,,,,,
12018733,1,1,6,4,4,,,,,,,,
12018731,0,0,4,4,,,,,,,,,
12018721,2,2,5,6,6,,,,,,,,
12046062,1,1,2,6,3,,,,,,,,
12046061,2,2,7,6,,,,,,,,,
12046057,2,2,4,6,6,,,,,,,,
12046078,2,2,6,6,,,,,,,,,
12046067,0,0,6,4,,,,3,,,,,
12046073,2,2,7,6,,,,,,,,,
12046058,2,2,6,7,6,,,2,,,,,
12048616,2,2,7,6,,,,,,,,,
12046848,2,2,6,6,,,,,,,,,
12048612,0,0,1,2,,,,,,,,,
12046863,1,1,7,2,4,,,7,,,,,
12048615,0,0,4,2,,,,,,,,,
12048614,0,0,4,3,,,,,,,,,
12048617,0,0,4,2,,,,,,,,,
12048618,1,1,6,5,,,,,,,,,
12048613,2,2,6,1,6,,,,,,,,
12046381,2,2,7,6,,,,7,,,,,
12046370,2,2,5,6,6,,,,,,,,
12046369,1,1,3,6,3,,,,,,,,
12046366,2,2,6,6,,,,,,,,,
12046927,2,2,6,6,,,,,,,,,
12046931,1,1,6,3,6,,,,,2,,,
12046929,2,2,6,6,7,,,,5,,,,
12046924,1,1,6,6,4,,,,2,,,,
12046922,0,0,5,,,,,,,,,,
12046920,2,2,6,6,,,,,,,,,
12049189,2,2,6,6,,,,,,,,,
12046923,,,,,,,,,,,,,
12046247,2,2,6,6,,,,,,,,,
12046245,2,2,6,6,,,,,,,,,
12046252,2,2,6,6,7,,,5,,,,,
12046248,2,2,6,6,,,,,,,,,
12049064,0,0,2,2,,,,,,,,,
12049061,0,0,1,1,,,,,,,,,
12049065,2,2,6,6,,,,,,,,,
12049060,1,1,7,3,0,,,7,,,,,
12046946,2,2,6,6,,,,,,,,,
12049066,2,2,6,6,,,,,,,,,
12046950,2,2,3,7,6,,,,,,,,
12046938,2,2,6,7,,,,,,,,,
12049058,2,2,6,6,,,,,,,,,
12049063,1,1,6,2,5,,,,,,,,
12049062,0,0,4,2,,,,,,,,,
12049059,0,0,4,2,,,,,,,,,
12046412,0,0,4,2,,,,,,,,,
12046398,2,2,6,7,,,,,,,,,
12046396,2,2,7,6,,,,7,,,,,
12046390,2,2,6,6,,,,,,,,,
12046871,2,2,6,6,,,,,,,,,
12046872,2,2,4,6,7,,,,,,,,
12046874,1,1,6,3,0,,,,,,,,
12046876,2,2,6,6,,,,,,,,,
12046881,1,1,6,4,4,,,,,,,,
12046884,2,2,6,6,,,,,,,,,
12046885,0,0,4,4,,,,,,,,,
12046879,2,2,6,6,,,,,,,,,
12046883,2,2,3,6,6,,,,,,,,
12046852,1,1,6,6,4,,,7,,,,,
12046850,2,2,6,6,,,,,,,,,
12046882,2,2,6,7,,,,,,,,,
12046516,0,0,2,2,,,,,,,,,
12046521,1,1,4,6,2,,,,,,,,
12046514,2,2,7,6,,,,,,,,,
12046512,0,0,3,0,,,,,,,,,
12046519,2,2,0,6,6,,,,,,,,
12049517,2,2,6,6,,,,,,,,,
12049512,0,0,6,3,,,,10,,,,,
12049518,0,0,4,2,,,,,,,,,
12049514,0,0,2,2,,,,,,,,,
12046903,,,,,,,,,,,,,
12048709,2,2,4,7,7,,,,7,8,,,
12048710,0,0,2,0,,,,,,,,,
12046877,1,1,6,6,4,,,9,,,,,
12050625,0,0,3,4,,,,,,,,,
12046878,1,1,2,6,3,,,,,,,,
12048711,0,0,5,4,,,,,,,,,
12046893,0,0,4,3,,,,,,,,,
12046896,0,0,6,3,,,,5,,,,,
12048714,2,2,6,6,,,,,,,,,
12048712,1,1,1,7,3,,,,7,,,,
12048713,2,2,6,6,,,,,,,,,
12048707,1,1,6,6,4,,,,4,,,,
12046875,2,2,6,7,,,,,7,,,,
12046492,2,2,6,6,6,,,,7,,,,
12046493,2,2,6,6,,,,,,,,,
12046490,2,2,6,6,,,,,,,,,
12046491,0,0,1,6,,,,,3,,,,
12046076,2,2,6,6,,,,,,,,,
12046070,2,2,6,6,,,,,,,,,
12046081,0,0,6,1,,,,6,,,,,
12046890,2,2,6,6,,,,,,,,,
12048841,0,0,2,1,,,,,,,,,
12048834,2,2,7,6,7,,,7,1,7,,,
12048836,0,0,2,3,,,,,,,,,
12048833,0,0,2,6,,,,,5,,,,
12046895,1,1,3,6,6,,,,,1,,,
12048837,2,2,6,7,,,,,,,,,
12048839,2,2,7,6,,,,7,,,,,
12046891,0,0,3,0,,,,,,,,,
12048835,0,0,3,3,,,,,,,,,
12046892,2,2,6,4,6,,,,,,,,
12048838,0,0,2,4,,,,,,,,,
12048842,0,0,2,3,,,,,,,,,
12043317,2,2,6,7,,,,,,,,,
12043313,0,0,6,5,,,,5,,,,,
12043299,2,2,6,7,,,,,8,,,,
12043301,2,2,3,6,7,,,,,8,,,
12043298,2,2,7,6,,,,7,,,,,
12043304,2,2,6,6,,,,,,,,,
12043307,0,0,3,3,,,,,,,,,
12043303,1,1,3,7,0,,,,,,,,
12043300,1,1,5,6,1,,,,,,,,
12043312,2,2,6,6,,,,,,,,,
12043302,2,2,6,6,,,,,,,,,
12043321,2,2,6,6,,,,,,,,,
12043305,2,2,6,6,,,,,,,,,
12043308,0,0,6,2,,,,1,,,,,
12043306,0,0,1,5,,,,,,,,,
12043314,1,1,3,7,1,,,,,,,,
12046288,1,1,6,4,,,,,,,,,
12046278,2,2,6,6,,,,,,,,,
12046279,0,0,4,6,,,,,5,,,,
12046290,2,2,6,6,,,,,,,,,
12046273,1,1,6,3,6,,,,,5,,,
12046289,2,2,4,7,6,,,,8,,,,
12046286,0,0,4,4,,,,,,,,,
12046274,0,0,5,5,,,,,,,,,
12046284,0,0,6,1,,,,5,,,,,
12046285,1,1,0,6,3,,,,,,,,
12046283,0,0,6,6,,,,3,1,,,,
12046281,2,2,6,6,,,,,,,,,
12046277,1,1,6,0,1,,,,,,,,
12046280,2,2,4,7,6,,,,7,,,,
12046276,2,2,6,6,,,,,,,,,
12046275,2,2,6,6,,,,,,,,,
12049489,1,1,1,6,0,,,,,,,,
12049096,1,1,6,3,4,,,,,,,,
12049335,0,0,1,5,,,,,,,,,
12049540,1,1,2,6,4,,,,,,,,
12049245,0,0,2,5,,,,,,,,,
12049492,2,2,4,7,6,,,,,,,,
12049357,2,2,6,6,,,,,,,,,
12049021,0,0,4,0,,,,,,,,,
12046367,2,2,6,6,,,,,,,,,
12046372,0,0,3,1,,,,,,,,,
12046368,2,2,6,6,,,,,,,,,
12046373,2,2,7,7,,,,,7,,,,
12046374,2,2,7,3,7,,,7,,,,,
12046380,0,0,4,3,,,,,,,,,
12046371,0,0,0,0,,,,,,,,,
12046945,2,2,7,6,,,,,,,,,
12046940,0,0,5,4,,,,,,,,,
12046964,0,0,2,3,,,,,,,,,
12046966,0,0,6,1,,,,9,,,,,
12046583,0,0,3,1,,,,,,,,,
12046576,2,2,7,6,,,,7,,,,,
12046582,2,2,6,6,,,,,,,,,
12046579,0,0,4,2,,,,,,,,,
12046573,2,2,3,6,6,,,,,,,,
12046577,0,0,5,3,,,,,,,,,
12046580,1,1,6,1,0,,,,,,,,
12046578,2,2,7,6,,,,7,,,,,
12046406,2,2,6,6,,,,,,,,,
12046394,2,2,6,7,,,,,,,,,
12048609,0,0,5,3,,,,,,,,,
12046956,0,0,4,3,,,,,,,,,
12046949,0,0,1,1,,,,,,,,,
12046952,2,2,6,2,6,,,,,,,,
12046943,0,0,3,4,,,,,,,,,
12046933,2,2,6,6,,,,,,,,,
12048611,2,2,6,6,,,,,,,,,
12048606,0,0,0,1,,,,,,,,,
12048608,0,0,3,2,,,,,,,,,
12048610,2,2,6,6,,,,,,,,,
12048607,0,0,1,3,,,,,,,,,
12046953,0,0,1,0,,,,,,,,,
12048804,2,2,6,6,,,,,,,,,
12048799,1,1,7,0,,,,8,,,,,
12048807,2,2,6,6,,,,,,,,,
12048794,0,0,1,2,,,,,,,,,
12048797,2,2,6,6,,,,,,,,,
12048803,0,0,5,3,,,,,,,,,
12048793,0,0,2,4,,,,,,,,,
12048792,0,0,0,5,,,,,,,,,
12048806,2,2,6,6,6,,,,2,,,,
12048796,2,2,3,7,6,,,,9,,,,
12048795,2,2,1,6,7,,,,,,,,
12046540,0,0,3,3,,,,,,,,,
12046543,2,2,6,7,,,,,,,,,
12046536,2,2,6,6,,,,,,,,,
12046537,2,2,3,6,6,,,,,,,,
12046538,2,2,2,6,6,,,,,,,,
12049895,2,2,6,6,,,,,,,,,
12049904,0,0,2,1,,,,,,,,,
12041808,2,2,6,7,,,,,,,,,
12041789,1,1,6,3,3,,,,,,,,
12041785,1,1,6,1,8,,,,,,,,
12046072,0,0,0,0,,,,,,,,,
12046085,2,2,6,6,,,,,,,,,
12046077,1,1,1,6,8,,,,,,,,
12046084,2,2,7,7,,,,,,,,,
12046055,2,2,6,6,,,,,,,,,
12046065,0,0,3,6,,,,,7,,,,
12046069,0,0,4,6,,,,,2,,,,
12046075,2,2,6,6,,,,,,,,,
12041956,2,2,6,6,,,,,,,,,
12041955,2,2,6,6,,,,,,,,,
12041954,0,0,2,1,,,,,,,,,
12045634,0,0,6,3,,,,4,,,,,
12045210,0,0,6,1,,,,1,,,,,
12045608,2,2,6,4,10,,,,,,,,
12045211,2,2,3,6,10,,,,,,,,
12046134,2,2,7,7,,,,7,,,,,
12046135,,,,,,,,,,,,,
12046253,2,2,6,7,,,,,7,,,,
12045732,1,1,6,3,7,,,,,,,,
12046141,0,0,3,2,,,,,,,,,
12045068,2,2,6,6,,,,,,,,,
12046242,2,2,6,6,,,,,,,,,
12046243,2,2,6,6,,,,,,,,,
12046241,1,1,7,1,8,,,7,,,,,
12046238,2,2,4,6,10,,,,,,,,
12046237,1,1,6,2,6,,,,,,,,
12046244,2,2,7,6,,,,,,,,,
12046240,1,1,3,6,4,,,,,,,,
12046239,1,1,6,7,7,,,2,7,,,,
12045326,2,2,6,6,10,,,4,,,,,
12045187,2,2,6,6,,,,,,,,,
12045186,2,2,6,6,,,,,,,,,
12045325,0,0,5,1,,,,,,,,,
12045455,2,2,6,6,,,,,,,,,
12045783,2,2,5,6,10,,,,,,,,
12045569,2,2,6,2,10,,,,,,,,
12045601,1,1,1,6,9,,,,,,,,
12046236,0,0,4,1,,,,,,,,,
12046032,2,2,6,6,,,,,,,,,
12042698,,,,,,,,,,,,,
12042688,2,2,6,6,,,,,,,,,
12042696,1,1,6,1,6,,,,,,,,
12042697,1,1,6,4,9,,,,,,,,
12042692,0,0,2,1,,,,,,,,,
12042686,0,0,1,2,,,,,,,,,
12042689,2,2,6,6,,,,,,,,,
12042685,2,2,3,6,12,,,,,,,,
12042695,0,0,2,3,,,,,,,,,
12042687,2,2,7,6,10,,,,,,,,
12042691,2,2,6,6,,,,,,,,,
12042694,2,2,6,7,10,,,,,,,,
12042699,2,2,6,6,,,,,,,,,
12042690,2,2,6,6,,,,,,,,,
12042684,1,1,4,6,6,,,,,,,,
12042693,,,,,,,,,,,,,
12046507,2,2,6,6,,,,,,,,,
12046503,2,2,6,4,10,,,,,,,,
12046511,2,2,6,6,,,,,,,,,
12046510,2,2,7,6,,,,8,,,,,
12046513,0,0,4,,,,,,,,,,
12046506,1,1,6,2,12,,,,,,,,
12046509,0,0,5,1,,,,,,,,,
12046508,2,2,2,6,13,,,,,,,,
12046187,2,2,6,6,,,,,,,,,
12046198,0,0,6,1,,,,3,,,,,
12046205,1,1,7,1,8,,,7,,,,,
12046188,0,0,5,2,,,,,,,,,
12046189,2,2,6,1,10,,,,,,,,
12046191,2,2,7,6,,,,,,,,,
12046194,2,2,6,4,10,,,,,,,,
12046206,2,2,6,7,,,,,,,,,
12042791,1,1,5,6,6,,,,,,,,
12042794,,,,,,,,,,,,,
12042797,2,2,6,6,,,,,,,,,
12042804,1,1,4,6,8,,,,,,,,
12042802,2,2,6,7,,,,,,,,,
12042803,2,2,2,6,10,,,,,,,,
12042789,2,2,6,6,,,,,,,,,
12042793,2,2,4,7,10,,,,,,,,
12043231,0,0,3,1,,,,,,,,,
12042798,0,0,4,4,,,,,,,,,
12042799,2,2,6,6,,,,,,,,,
12042792,2,2,6,6,,,,,,,,,
12042790,2,2,6,6,,,,,,,,,
12042801,2,2,6,6,,,,,,,,,
12042796,0,0,5,4,,,,,,,,,
12042800,0,0,3,5,,,,,,,,,
12042795,2,2,2,6,10,,,,,,,,
12049887,2,2,6,6,,,,,,,,,
12049891,2,2,6,7,,,,,,,,,
12049888,1,1,6,2,10,,,,,,,,
12049890,0,0,2,4,,,,,,,,,
12049879,1,1,4,6,6,,,,,,,,
12049875,0,0,1,1,,,,,,,,,
12049877,2,2,7,6,,,,,,,,,
12049885,1,1,6,2,4,,,,,,,,
12041783,0,0,1,0,,,,,,,,,
12041802,2,2,6,6,,,,,,,,,
12041794,0,0,6,1,,,,5,,,,,
12041796,2,2,6,6,,,,,,,,,
12046059,2,2,6,6,,,,,,,,,
12046056,0,0,3,4,,,,,,,,,
12046071,0,0,2,4,,,,,,,,,
12046054,0,0,6,2,,,,5,,,,,
12046082,0,0,4,2,,,,,,,,,
12046120,1,1,4,6,3,,,,,,,,
12046068,2,2,6,6,,,,,,,,,
12046053,2,2,6,6,,,,,,,,,
12042484,2,2,6,6,,,,,,,,,
12042190,0,0,5,1,,,,,,,,,
12042192,0,0,1,6,,,,,1,,,,
12042193,1,1,6,5,5,,,,,,,,
12041952,0,0,3,4,,,,,,,,,
12042442,2,2,6,6,,,,,,,,,
12041949,2,2,6,6,,,,,,,,,
12042632,2,2,4,6,6,,,,,,,,
12042336,2,2,6,1,7,,,,,7,,,
12042335,2,2,6,6,,,,,,,,,
12042672,2,2,4,6,6,,,,,,,,
12043201,2,2,7,6,,,,,,,,,
12043197,2,2,6,6,,,,,,,,,
12043199,2,2,6,4,6,,,,,,,,
12043198,2,2,6,6,,,,,,,,,
12043235,2,2,7,6,,,,7,,,,,
12043234,2,2,7,7,,,,,7,,,,
12043233,2,2,6,6,,,,,,,,,
12043200,2,2,7,6,,,,7,,,,,
12046409,2,2,7,6,,,,7,,,,,
12046404,0,0,3,1,,,,,,,,,
12046388,2,2,4,6,10,,,,,,,,
12046408,0,0,3,2,,,,,,,,,
12046387,2,2,6,6,,,,,,,,,
12046403,2,2,6,1,10,,,,,,,,
12046389,1,1,4,6,9,,,,,,,,
12046386,2,2,6,7,,,,,7,,,,
12045899,2,2,6,6,,,,,,,,,
12045900,2,2,6,6,,,,,,,,,
12045898,2,2,6,4,10,,,,,,,,
12045901,2,2,6,6,,,,,,,,,
12045905,0,0,3,6,,,,,8,,,,
12045897,0,0,3,2,,,,,,,,,
12045908,2,2,6,6,,,,,,,,,
12045904,2,2,6,6,,,,,,,,,
12042785,2,2,6,7,,,,,,,,,
12042783,1,1,6,4,6,,,,,,,,
12042784,2,2,6,6,,,,,,,,,
12042774,0,0,3,1,,,,,,,,,
12042777,2,2,6,6,10,,,,,,,,
12042782,2,2,6,6,,,,,,,,,
12042776,2,2,5,6,12,,,,,,,,
12042786,2,2,6,6,,,,,,,,,
12042775,0,0,2,2,,,,,,,,,
12042772,2,2,6,6,,,,,,,,,
12042780,1,1,1,6,4,,,,,,,,
12042773,2,2,6,6,,,,,,,,,
12042779,1,1,6,2,8,,,,,,,,
12042778,2,2,6,6,,,,,,,,,
12042787,2,2,4,6,10,,,,,,,,
12042781,2,2,6,6,,,,,,,,,
12046534,1,1,6,6,3,,,,3,,,,
12046535,0,0,6,5,,,,5,,,,,
12046531,0,0,3,2,,,,,,,,,
12046533,0,0,2,3,,,,,,,,,
12046530,2,2,6,6,,,,,,,,,
12046532,0,0,1,2,,,,,,,,,
12046528,2,2,7,2,10,,,7,,,,,
12046529,2,2,6,6,,,,,,,,,
12039985,2,2,5,6,6,,,,,,,,
12039981,,,,,,,,,,,,,
12042727,2,2,4,6,6,,,,,,,,
12039990,1,1,6,3,3,,,,,,,,
12039989,1,1,1,7,3,,,,7,,,,
12042726,2,2,6,4,6,,,,,,,,
12039983,2,2,5,7,6,,,,7,,,,
12046481,2,2,6,7,,,,,7,,,,
12017962,0,0,1,3,,,,,,,,,
12017966,2,2,7,6,,,,7,,,,,
12017975,0,0,5,4,,,,,,,,,
12017968,2,2,7,6,,,,,,,,,
12040237,2,2,7,6,,,,7,,,,,
12046772,1,1,3,6,1,,,,,,,,
12040236,,,,,,,,,,,,,
12046791,0,0,1,4,,,,,,,,,
12046789,0,0,1,4,,,,,,,,,
12046784,0,0,5,2,,,,,,,,,
12049819,1,1,6,6,3,,,5,,,,,
12040239,,,,,,,,,,,,,
12040234,2,2,6,6,,,,,,,,,
12040233,2,2,6,7,,,,,7,,,,
12018509,2,2,6,6,,,,,,,,,
12046787,2,2,6,7,,,,,7,,,,
12018510,2,2,7,6,,,,7,,,,,
12040232,0,0,4,4,,,,,,,,,
12018498,0,0,3,3,,,,,,,,,
12018499,0,0,3,2,,,,,,,,,
12038857,1,1,6,4,4,,,,,,,,
12038855,,,,,,,,,,,,,
12048717,2,2,6,6,6,,,7,,,,,
12038862,2,2,7,6,,,,,,,,,
12046138,1,1,7,5,2,,,8,,,,,
12046140,2,2,7,1,6,,,,,,,,
12046137,2,2,6,2,7,,,,,7,,,
12046139,2,2,3,7,6,,,,,,,,
12018534,2,2,6,6,,,,,,,,,
12038858,2,2,7,6,,,,7,,,,,
12038856,2,2,6,7,,,,,,,,,
12018543,0,0,2,2,,,,,,,,,
12018529,2,2,2,6,6,,,,,,,,
12018536,0,0,3,5,,,,,,,,,
12018531,0,0,4,4,,,,,,,,,
12044869,2,2,6,7,,,,,,,,,
12046038,2,2,6,7,,,,,7,,,,
12039076,0,0,0,1,,,,,,,,,
12018666,2,2,6,7,,,,,,,,,
12018668,2,2,7,6,6,,,8,1,,,,
12018679,2,2,6,6,,,,,,,,,
12018677,0,0,4,1,,,,,,,,,
12018667,1,1,6,1,,,,,,,,,
12018670,0,0,1,3,,,,,,,,,
12018669,2,2,4,6,6,,,,,,,,
12042475,0,0,3,4,,,,,,,,,
12039296,0,0,4,6,,,,,3,,,,
12039295,2,2,6,6,,,,,,,,,
12049299,0,0,3,2,,,,,,,,,
12039294,,,,,,,,,,,,,
12042472,2,2,6,7,,,,,8,,,,
12042474,2,2,6,6,,,,,,,,,
12039300,2,2,6,6,,,,,,,,,
12018700,2,2,6,3,6,,,,,,,,
12018696,2,2,4,6,6,,,,,,,,
12018699,0,0,4,4,,,,,,,,,
12018706,1,1,7,5,3,,,,,,,,
12018709,1,1,6,6,2,,,,5,,,,
12018583,2,2,6,3,6,,,,,,,,
12037721,2,2,6,6,,,,,,,,,
12018584,0,0,4,3,,,,,,,,,
12018579,2,2,6,6,6,,,,3,,,,
12018581,0,0,2,3,,,,,,,,,
12018578,2,2,6,7,,,,,7,,,,
12018577,2,2,6,6,,,,,,,,,
12018585,2,2,3,6,6,,,,,,,,
12018582,1,1,3,6,2,,,,,,,,
12039188,1,1,3,6,5,,,,,,,,
12039447,0,0,2,,,,,,,,,,
12045826,1,1,6,6,4,,,,2,,,,
12039187,1,1,7,2,5,,,7,,,,,
12039186,0,0,6,2,,,,3,,,,,
12039184,0,0,4,4,,,,,,,,,
12018629,0,0,5,2,,,,,,,,,
12018634,2,2,7,6,,,,,,,,,
12018625,0,0,2,1,,,,,,,,,
12018630,1,1,2,6,4,,,,,,,,
12018631,1,1,0,6,2,,,,,,,,
12018621,1,1,2,6,2,,,,,,,,
12018622,2,2,6,7,,,,,7,,,,
12018628,0,0,6,3,,,,4,,,,,
12046127,2,2,6,7,,,,,7,,,,
12046130,2,2,7,6,,,,,,,,,
12039968,0,0,3,2,,,,,,,,,
12046128,2,2,7,7,,,,,,,,,
12039973,0,0,3,2,,,,,,,,,
12046129,0,0,4,3,,,,,,,,,
12046126,0,0,4,6,,,,,3,,,,
12039975,1,1,6,7,4,,,4,7,,,,
12018653,2,2,6,3,7,,,,,7,,,
12018646,1,1,4,6,4,,,,,,,,
12018652,2,2,6,6,,,,,,,,,
12046125,0,0,6,1,,,,1,,,,,
12018644,1,1,6,6,4,,,9,,,,,
12039977,1,1,4,6,3,,,,,,,,
12018649,2,2,6,5,6,,,,,,,,
12018655,2,2,7,6,,,,7,,,,,
12040210,2,2,6,6,,,,,,,,,
12018727,0,0,3,3,,,,,,,,,
12018733,1,1,6,4,4,,,,,,,,
12018731,0,0,4,4,,,,,,,,,
12018721,2,2,5,6,6,,,,,,,,
12018723,2,2,6,6,,,,,,,,,
12018728,2,2,6,5,6,,,,,,,,
12018732,2,2,7,2,6,,,10,,,,,
12018722,1,1,6,3,5,,,,,,,,
12048616,2,2,7,6,,,,,,,,,
12046848,2,2,6,6,,,,,,,,,
12048612,0,0,1,2,,,,,,,,,
12046863,1,1,7,2,4,,,7,,,,,
12048615,0,0,4,2,,,,,,,,,
12048614,0,0,4,3,,,,,,,,,
12048617,0,0,4,2,,,,,,,,,
12048618,1,1,6,5,,,,,,,,,
12048613,2,2,6,1,6,,,,,,,,
12050880,2,2,6,6,,,,,,,,,
12051679,2,2,6,6,,,,,,,,,
12049155,1,1,4,6,6,,,,,4,,,
12051584,1,1,4,6,5,,,,,,,,
12051498,1,1,4,6,4,,,,,,,,
12051707,2,2,6,6,,,,,,,,,
12051815,0,0,4,1,,,,,,,,,
12050981,2,2,7,6,,,,7,,,,,
12046366,2,2,6,6,,,,,,,,,
12046927,2,2,6,6,,,,,,,,,
12046931,1,1,6,3,6,,,,,2,,,
12046929,2,2,6,6,7,,,,5,,,,
12046924,1,1,6,6,4,,,,2,,,,
12046922,0,0,5,,,,,,,,,,
12046920,2,2,6,6,,,,,,,,,
12049189,2,2,6,6,,,,,,,,,
12046923,,,,,,,,,,,,,
12046918,2,2,4,6,6,,,,,,,,
12046930,2,2,7,6,,,,,,,,,
12046916,1,1,6,5,6,,,,,4,,,
12046926,0,0,3,4,,,,,,,,,
12046921,0,0,3,3,,,,,,,,,
12052312,2,2,6,6,,,,,,,,,
12052307,0,0,3,4,,,,,,,,,
12052429,0,0,6,2,,,,5,,,,,
12051795,2,2,6,6,,,,,,,,,
12051817,2,2,6,6,,,,,,,,,
12052052,2,2,7,6,,,,7,,,,,
12049551,1,1,7,,,,,,,,,,
12046252,2,2,6,6,7,,,5,,,,,
12046248,2,2,6,6,,,,,,,,,
12049064,0,0,2,2,,,,,,,,,
12049061,0,0,1,1,,,,,,,,,
12049065,2,2,6,6,,,,,,,,,
12049060,1,1,7,3,0,,,7,,,,,
12046946,2,2,6,6,,,,,,,,,
12049066,2,2,6,6,,,,,,,,,
12046950,2,2,3,7,6,,,,,,,,
12046938,2,2,6,7,,,,,,,,,
12049058,2,2,6,6,,,,,,,,,
12049063,1,1,6,2,5,,,,,,,,
12049062,0,0,4,2,,,,,,,,,
12049059,0,0,4,2,,,,,,,,,
12051680,2,2,3,6,6,,,,,,,,
12051939,2,2,6,6,,,,,,,,,
12051630,2,2,6,3,6,,,,,,,,
12051708,0,0,1,6,,,,,5,,,,
12051796,0,0,2,3,,,,,,,,,
12052126,1,1,6,1,5,,,,,,,,
12052220,2,2,6,6,,,,,,,,,
12048849,1,1,6,2,4,,,,,,,,
12046871,2,2,6,6,,,,,,,,,
12046872,2,2,4,6,7,,,,,,,,
12046874,1,1,6,3,0,,,,,,,,
12046876,2,2,6,6,,,,,,,,,
12046881,1,1,6,4,4,,,,,,,,
12046884,2,2,6,6,,,,,,,,,
12046885,0,0,4,4,,,,,,,,,
12046879,2,2,6,6,,,,,,,,,
12046883,2,2,3,6,6,,,,,,,,
12046852,1,1,6,6,4,,,7,,,,,
12046850,2,2,6,6,,,,,,,,,
12046882,2,2,6,7,,,,,,,,,
12051969,0,0,1,4,,,,,,,,,
12051674,2,2,7,6,,,,7,,,,,
12051714,2,2,6,6,,,,,,,,,
12051954,1,1,6,6,2,,,1,,,,,
12052260,2,2,3,6,6,,,,,,,,
12051608,2,2,7,2,7,,,7,,,,,
12051669,2,2,7,6,,,,7,,,,,
12051711,0,0,3,3,,,,,,,,,
12046516,0,0,2,2,,,,,,,,,
12046521,1,1,4,6,2,,,,,,,,
12046514,2,2,7,6,,,,,,,,,
12046512,0,0,3,0,,,,,,,,,
12046519,2,2,0,6,6,,,,,,,,
12049517,2,2,6,6,,,,,,,,,
12049512,0,0,6,3,,,,10,,,,,
12049518,0,0,4,2,,,,,,,,,
12049514,0,0,2,2,,,,,,,,,
12046973,0,0,2,0,,,,,,,,,
12049513,2,2,6,6,,,,,,,,,
12046968,2,2,6,6,,,,,,,,,
12046967,2,2,6,6,,,,,,,,,
12049515,2,2,6,6,7,,,,2,7,,,
12049516,2,2,6,6,,,,,,,,,
12046969,0,0,2,5,,,,,,,,,
12052551,2,2,5,6,6,,,,,,,,
12046971,2,2,6,7,,,,,8,,,,
12052333,0,0,6,2,,,,3,,,,,
12046903,,,,,,,,,,,,,
12048709,2,2,4,7,7,,,,7,8,,,
12048710,0,0,2,0,,,,,,,,,
12046877,1,1,6,6,4,,,9,,,,,
12050625,0,0,3,4,,,,,,,,,
12046878,1,1,2,6,3,,,,,,,,
12048711,0,0,5,4,,,,,,,,,
12046893,0,0,4,3,,,,,,,,,
12046896,0,0,6,3,,,,5,,,,,
12048714,2,2,6,6,,,,,,,,,
12048712,1,1,1,7,3,,,,7,,,,
12048713,2,2,6,6,,,,,,,,,
12048707,1,1,6,6,4,,,,4,,,,
12046875,2,2,6,7,,,,,7,,,,
12048708,0,0,6,4,,,,5,,,,,
12046880,1,1,6,6,2,,,4,,,,,
12048706,0,0,3,4,,,,,,,,,
12051670,0,0,5,4,,,,,,,,,
12052221,0,0,3,3,,,,,,,,,
12051682,2,2,6,6,,,,,,,,,
12052127,0,0,6,1,,,,6,,,,,
12052130,2,2,6,6,,,,,,,,,
12051799,0,0,0,2,,,,,,,,,
12052353,1,1,6,6,2,,,,5,,,,
12046886,0,0,4,3,,,,,,,,,
12046492,2,2,6,6,6,,,,7,,,,
12046493,2,2,6,6,,,,,,,,,
12046490,2,2,6,6,,,,,,,,,
12046491,0,0,1,6,,,,,3,,,,
12049889,2,2,6,6,,,,,,,,,
12046919,0,0,3,3,,,,,,,,,
12049882,2,2,6,6,,,,,,,,,
12046913,,,,,,,,,,,,,
12046907,,,,,,,,,,,,,
12049874,2,2,6,6,,,,,,,,,
12049884,0,0,1,0,,,,,,,,,
12049880,2,2,6,6,,,,,,,,,
12046887,0,0,6,4,,,,5,,,,,
12049876,2,2,6,1,6,,,,,,,,
12049881,2,2,6,6,,,,,,,,,
12049886,1,1,5,6,4,,,,,,,,
12049878,1,1,6,6,6,,,6,,6,,,
12049883,2,2,6,6,,,,,,,,,
12046070,2,2,6,6,,,,,,,,,
12046081,0,0,6,1,,,,6,,,,,
12046890,2,2,6,6,,,,,,,,,
12048841,0,0,2,1,,,,,,,,,
12048834,2,2,7,6,7,,,7,1,7,,,
12048836,0,0,2,3,,,,,,,,,
12048833,0,0,2,6,,,,,5,,,,
12046895,1,1,3,6,6,,,,,1,,,
12048837,2,2,6,7,,,,,,,,,
12048839,2,2,7,6,,,,7,,,,,
12046891,0,0,3,0,,,,,,,,,
12048835,0,0,3,3,,,,,,,,,
12046892,2,2,6,4,6,,,,,,,,
12048838,0,0,2,4,,,,,,,,,
12048842,0,0,2,3,,,,,,,,,
12051497,2,2,6,7,,,,,,,,,
12051681,2,2,7,7,,,,,,,,,
12046894,0,0,2,2,,,,,,,,,
12051677,2,2,6,6,,,,,,,,,
12050843,2,2,4,6,6,,,,,,,,
12051715,2,2,5,6,6,,,,,,,,
12051694,0,0,0,,,,,,,,,,
12051676,0,0,2,3,,,,,,,,,
12043300,1,1,5,6,1,,,,,,,,
12043312,2,2,6,6,,,,,,,,,
12043302,2,2,6,6,,,,,,,,,
12043321,2,2,6,6,,,,,,,,,
12043305,2,2,6,6,,,,,,,,,
12043308,0,0,6,2,,,,1,,,,,
12043306,0,0,1,5,,,,,,,,,
12043314,1,1,3,7,1,,,,,,,,
12047510,2,2,6,7,,,,,,,,,
12050322,2,2,7,6,,,,7,,,,,
12047477,2,2,6,6,,,,,,,,,
12047478,0,0,2,2,,,,,,,,,
12050443,2,2,6,6,,,,,,,,,
12050331,0,0,3,2,,,,,,,,,
12050338,2,2,3,6,6,,,,,,,,
12047486,0,0,3,1,,,,,,,,,
12046284,0,0,6,1,,,,5,,,,,
12046285,1,1,0,6,3,,,,,,,,
12046283,0,0,6,6,,,,3,1,,,,
12046281,2,2,6,6,,,,,,,,,
12046277,1,1,6,0,1,,,,,,,,
12046280,2,2,4,7,6,,,,7,,,,
12046276,2,2,6,6,,,,,,,,,
12046275,2,2,6,6,,,,,,,,,
12049489,1,1,1,6,0,,,,,,,,
12049096,1,1,6,3,4,,,,,,,,
12049335,0,0,1,5,,,,,,,,,
12049540,1,1,2,6,4,,,,,,,,
12049245,0,0,2,5,,,,,,,,,
12049492,2,2,4,7,6,,,,,,,,
12049357,2,2,6,6,,,,,,,,,
12049021,0,0,4,0,,,,,,,,,
12052157,2,2,7,4,6,,,,,,,,
12051797,2,2,6,6,,,,,,,,,
12052002,2,2,6,6,,,,,,,,,
12052003,2,2,6,6,6,,,4,,,,,
12046373,2,2,7,7,,,,,7,,,,
12046374,2,2,7,3,7,,,7,,,,,
12046380,0,0,4,3,,,,,,,,,
12046371,0,0,0,0,,,,,,,,,
12046945,2,2,7,6,,,,,,,,,
12046940,0,0,5,4,,,,,,,,,
12046964,0,0,2,3,,,,,,,,,
12046966,0,0,6,1,,,,9,,,,,
12046960,2,2,6,6,,,,,,,,,
12046961,0,0,2,3,,,,,,,,,
12046963,2,2,7,6,6,,,8,4,,,,
12046965,2,2,4,6,6,,,,,,,,
12046951,1,1,6,3,1,,,,,,,,
12049526,2,2,6,7,,,,,7,,,,
12052020,2,2,5,7,7,,,,7,,,,
12051803,2,2,6,4,7,,,,,7,,,
12052488,2,2,7,6,,,,,,,,,
12052255,2,2,6,6,,,,,,,,,
12046583,0,0,3,1,,,,,,,,,
12046576,2,2,7,6,,,,7,,,,,
12046582,2,2,6,6,,,,,,,,,
12046579,0,0,4,2,,,,,,,,,
12046573,2,2,3,6,6,,,,,,,,
12046577,0,0,5,3,,,,,,,,,
12046580,1,1,6,1,0,,,,,,,,
12046578,2,2,7,6,,,,7,,,,,
12046857,2,2,6,6,,,,,,,,,
12046869,0,0,3,2,,,,,,,,,
12046858,2,2,6,6,,,,,,,,,
12046861,2,2,6,2,6,,,,,,,,
12046859,2,2,6,7,6,,,8,7,,,,
12046864,0,0,1,2,,,,,,,,,
12046868,2,2,6,6,,,,,,,,,
12046862,2,2,7,7,,,,,,,,,
12048609,0,0,5,3,,,,,,,,,
12046956,0,0,4,3,,,,,,,,,
12046949,0,0,1,1,,,,,,,,,
12046952,2,2,6,2,6,,,,,,,,
12046943,0,0,3,4,,,,,,,,,
12046933,2,2,6,6,,,,,,,,,
12048611,2,2,6,6,,,,,,,,,
12048606,0,0,0,1,,,,,,,,,
12048608,0,0,3,2,,,,,,,,,
12048610,2,2,6,6,,,,,,,,,
12048607,0,0,1,3,,,,,,,,,
12046953,0,0,1,0,,,,,,,,,
12048605,2,2,6,6,,,,,,,,,
12048604,0,0,0,0,,,,,,,,,
12051955,2,2,6,6,,,,,,,,,
12051706,0,0,2,1,,,,,,,,,
12052222,0,0,4,1,,,,,,,,,
12052156,2,2,6,7,,,,,7,,,,
12052219,2,2,6,2,6,,,,,,,,
12052141,2,2,7,6,,,,7,,,,,
12051802,2,2,6,6,,,,,,,,,
12051702,2,2,6,6,,,,,,,,,
12048804,2,2,6,6,,,,,,,,,
12048799,1,1,7,0,,,,8,,,,,
12048807,2,2,6,6,,,,,,,,,
12048794,0,0,1,2,,,,,,,,,
12048797,2,2,6,6,,,,,,,,,
12048803,0,0,5,3,,,,,,,,,
12048793,0,0,2,4,,,,,,,,,
12048792,0,0,0,5,,,,,,,,,
12048806,2,2,6,6,6,,,,2,,,,
12048796,2,2,3,7,6,,,,9,,,,
12048795,2,2,1,6,7,,,,,,,,
12048798,0,0,1,5,,,,,,,,,
12048805,2,2,6,4,6,,,,,,,,
12048800,2,2,6,6,,,,,,,,,
12048802,2,2,6,6,6,,,8,,,,,
12048801,2,2,6,6,,,,,,,,,
12052281,2,2,3,6,6,,,,,,,,
12050982,0,0,6,2,,,,6,,,,,
12051020,0,0,1,4,,,,,,,,,
12052367,1,1,6,5,,,,,,,,,
12051678,0,0,4,6,,,,,10,,,,
12052382,0,0,3,,,,,,,,,,
12052261,0,0,1,1,,,,,,,,,
12051970,2,2,7,6,,,,7,,,,,
12046540,0,0,3,3,,,,,,,,,
12046543,2,2,6,7,,,,,,,,,
12046536,2,2,6,6,,,,,,,,,
12046537,2,2,3,6,6,,,,,,,,
12046538,2,2,2,6,6,,,,,,,,
12049895,2,2,6,6,,,,,,,,,
12049904,0,0,2,1,,,,,,,,,
12049896,2,2,4,6,6,,,,,,,,
12046847,0,0,1,2,,,,,,,,,
12049903,2,2,6,6,,,,,,,,,
12049897,2,2,3,6,6,,,,,,,,
12046849,2,2,4,6,6,,,,,,,,
12049898,1,1,7,6,1,,,7,1,,,,
12049905,2,2,6,6,,,,,,,,,
12046853,0,0,2,3,,,,,,,,,
12046854,2,2,6,7,,,,,,,,,
12049566,2,2,6,4,6,,,,,,,,
12052448,0,0,4,2,,,,,,,,,
12046507,2,2,6,6,,,,,,,,,
12046503,2,2,6,4,10,,,,,,,,
12046511,2,2,6,6,,,,,,,,,
12046510,2,2,7,6,,,,8,,,,,
12046513,0,0,4,,,,,,,,,,
12046506,1,1,6,2,12,,,,,,,,
12046509,0,0,5,1,,,,,,,,,
12046508,2,2,2,6,13,,,,,,,,
12042798,0,0,4,4,,,,,,,,,
12042799,2,2,6,6,,,,,,,,,
12042792,2,2,6,6,,,,,,,,,
12042790,2,2,6,6,,,,,,,,,
12042801,2,2,6,6,,,,,,,,,
12042796,0,0,5,4,,,,,,,,,
12042800,0,0,3,5,,,,,,,,,
12042795,2,2,2,6,10,,,,,,,,
12049887,2,2,6,6,,,,,,,,,
12049891,2,2,6,7,,,,,,,,,
12049888,1,1,6,2,10,,,,,,,,
12049890,0,0,2,4,,,,,,,,,
12049879,1,1,4,6,6,,,,,,,,
12049875,0,0,1,1,,,,,,,,,
12049877,2,2,7,6,,,,,,,,,
12049885,1,1,6,2,4,,,,,,,,
12046534,1,1,6,6,3,,,,3,,,,
12046535,0,0,6,5,,,,5,,,,,
12046531,0,0,3,2,,,,,,,,,
12046533,0,0,2,3,,,,,,,,,
12046530,2,2,6,6,,,,,,,,,
12046532,0,0,1,2,,,,,,,,,
12046528,2,2,7,2,10,,,7,,,,,
12046529,2,2,6,6,,,,,,,,,
12017962,0,0,1,3,,,,,,,,,
12017966,2,2,7,6,,,,7,,,,,
12017975,0,0,5,4,,,,,,,,,
12017968,2,2,7,6,,,,,,,,,
12017973,2,2,6,6,,,,,,,,,
12018509,2,2,6,6,,,,,,,,,
12046787,2,2,6,7,,,,,7,,,,
12018510,2,2,7,6,,,,7,,,,,
12040232,0,0,4,4,,,,,,,,,
12018498,0,0,3,3,,,,,,,,,
12018499,0,0,3,2,,,,,,,,,
12018512,2,2,6,7,,,,,7,,,,
12018508,2,2,6,6,,,,,,,,,
12018501,2,2,6,6,,,,,,,,,
12018506,,,,,,,,,,,,,
12018534,2,2,6,6,,,,,,,,,
12038858,2,2,7,6,,,,7,,,,,
12038856,2,2,6,7,,,,,,,,,
12018543,0,0,2,2,,,,,,,,,
12018529,2,2,2,6,6,,,,,,,,
12018536,0,0,3,5,,,,,,,,,
12018531,0,0,4,4,,,,,,,,,
12018530,0,0,1,6,,,,,5,,,,
12018535,2,2,6,6,,,,,,,,,
12018541,0,0,5,6,,,,,5,,,,
12018533,2,2,6,6,,,,,,,,,
12018679,2,2,6,6,,,,,,,,,
12018677,0,0,4,1,,,,,,,,,
12018667,1,1,6,1,,,,,,,,,
12018670,0,0,1,3,,,,,,,,,
12018669,2,2,4,6,6,,,,,,,,
12018665,2,2,7,7,,,,7,,,,,
12018676,0,0,5,4,,,,,,,,,
12018672,2,2,6,6,,,,,,,,,
12018671,2,2,6,6,,,,,,,,,
12018700,2,2,6,3,6,,,,,,,,
12018696,2,2,4,6,6,,,,,,,,
12018699,0,0,4,4,,,,,,,,,
12018706,1,1,7,5,3,,,,,,,,
12018709,1,1,6,6,2,,,,5,,,,
12018707,2,2,6,6,,,,,,,,,
12018695,0,0,4,0,,,,,,,,,
12018705,0,0,2,1,,,,,,,,,
12018698,2,2,6,6,,,,,,,,,
12018701,2,2,6,7,,,,,,,,,
12054734,1,1,6,4,2,,,,,,,,
12054727,0,0,5,2,,,,,,,,,
12054730,2,2,6,6,,,,,,,,,
12054732,0,0,5,2,,,,,,,,,
12054741,2,2,2,6,7,,,,,7,,,
12054729,1,1,6,3,0,,,,,,,,
12054738,0,0,0,0,,,,,,,,,
12054739,0,0,5,4,,,,,,,,,
12054740,1,1,6,4,3,,,,,,,,
12054728,2,2,6,6,,,,,,,,,
12018578,2,2,6,7,,,,,7,,,,
12018577,2,2,6,6,,,,,,,,,
12018585,2,2,3,6,6,,,,,,,,
12018582,1,1,3,6,2,,,,,,,,
12018574,2,2,6,1,7,,,,,7,,,
12018588,0,0,6,4,,,,4,,,,,
12018575,1,1,1,6,4,,,,,,,,
12018580,2,2,6,6,,,,,,,,,
12018630,1,1,2,6,4,,,,,,,,
12018631,1,1,0,6,2,,,,,,,,
12018621,1,1,2,6,2,,,,,,,,
12018622,2,2,6,7,,,,,7,,,,
12018628,0,0,6,3,,,,4,,,,,
12018626,0,0,3,3,,,,,,,,,
12018624,2,2,7,6,,,,,,,,,
12018623,1,1,7,2,4,,,8,,,,,
12018652,2,2,6,6,,,,,,,,,
12046125,0,0,6,1,,,,1,,,,,
12018644,1,1,6,6,4,,,9,,,,,
12039977,1,1,4,6,3,,,,,,,,
12018649,2,2,6,5,6,,,,,,,,
12018655,2,2,7,6,,,,7,,,,,
12018656,2,2,4,6,6,,,,,,,,
12018648,2,2,6,6,,,,,,,,,
12018654,2,2,7,6,,,,7,,,,,
12018651,2,2,7,7,,,,9,7,,,,
12018643,0,0,3,2,,,,,,,,,
12018721,2,2,5,6,6,,,,,,,,
12018723,2,2,6,6,,,,,,,,,
12018728,2,2,6,5,6,,,,,,,,
12018732,2,2,7,2,6,,,10,,,,,
12018722,1,1,6,3,5,,,,,,,,
12018734,,,,,,,,,,,,,
12018726,2,2,6,6,,,,,,,,,
12018730,1,1,6,4,,,,,,,,,
12018720,0,0,4,3,,,,,,,,,
12050880,2,2,6,6,,,,,,,,,
12051679,2,2,6,6,,,,,,,,,
12049155,1,1,4,6,6,,,,,4,,,
12051584,1,1,4,6,5,,,,,,,,
12051498,1,1,4,6,4,,,,,,,,
12051707,2,2,6,6,,,,,,,,,
12051815,0,0,4,1,,,,,,,,,
12050981,2,2,7,6,,,,7,,,,,
12053865,2,2,4,6,7,,,,,8,,,
12054313,2,2,6,4,6,,,,,,,,
12046922,0,0,5,,,,,,,,,,
12046920,2,2,6,6,,,,,,,,,
12049189,2,2,6,6,,,,,,,,,
12046923,,,,,,,,,,,,,
12046918,2,2,4,6,6,,,,,,,,
12046930,2,2,7,6,,,,,,,,,
12046916,1,1,6,5,6,,,,,4,,,
12046926,0,0,3,4,,,,,,,,,
12046921,0,0,3,3,,,,,,,,,
12052312,2,2,6,6,,,,,,,,,
12052307,0,0,3,4,,,,,,,,,
12052429,0,0,6,2,,,,5,,,,,
12051795,2,2,6,6,,,,,,,,,
12051817,2,2,6,6,,,,,,,,,
12052052,2,2,7,6,,,,7,,,,,
12049551,1,1,7,,,,,,,,,,
12052502,2,2,6,4,6,,,,,,,,
12054633,2,2,1,6,6,,,,,,,,
12054784,2,2,6,6,6,,,,5,,,,
12054651,2,2,6,6,6,,,6,,,,,
12054552,0,0,2,2,,,,,,,,,
12049059,0,0,4,2,,,,,,,,,
12051680,2,2,3,6,6,,,,,,,,
12051939,2,2,6,6,,,,,,,,,
12051630,2,2,6,3,6,,,,,,,,
12051708,0,0,1,6,,,,,5,,,,
12051796,0,0,2,3,,,,,,,,,
12052126,1,1,6,1,5,,,,,,,,
12052220,2,2,6,6,,,,,,,,,
12048849,1,1,6,2,4,,,,,,,,
12054299,1,1,1,7,3,,,,7,,,,
12054402,2,2,1,6,7,,,,,,,,
12054302,0,0,1,2,,,,,,,,,
12054559,0,0,0,1,,,,,,,,,
12046883,2,2,3,6,6,,,,,,,,
12046852,1,1,6,6,4,,,7,,,,,
12046850,2,2,6,6,,,,,,,,,
12046882,2,2,6,7,,,,,,,,,
12051969,0,0,1,4,,,,,,,,,
12051674,2,2,7,6,,,,7,,,,,
12051714,2,2,6,6,,,,,,,,,
12051954,1,1,6,6,2,,,1,,,,,
12052260,2,2,3,6,6,,,,,,,,
12051608,2,2,7,2,7,,,7,,,,,
12051669,2,2,7,6,,,,7,,,,,
12051711,0,0,3,3,,,,,,,,,
12054328,0,0,2,3,,,,,,,,,
12054435,2,2,7,6,,,,,,,,,
12054304,2,2,4,6,6,,,,,,,,
12054429,0,0,2,6,,,,,2,,,,
12049517,2,2,6,6,,,,,,,,,
12049512,0,0,6,3,,,,10,,,,,
12049518,0,0,4,2,,,,,,,,,
12049514,0,0,2,2,,,,,,,,,
12046973,0,0,2,0,,,,,,,,,
12049513,2,2,6,6,,,,,,,,,
12046968,2,2,6,6,,,,,,,,,
12046967,2,2,6,6,,,,,,,,,
12049515,2,2,6,6,7,,,,2,7,,,
12049516,2,2,6,6,,,,,,,,,
12046969,0,0,2,5,,,,,,,,,
12052551,2,2,5,6,6,,,,,,,,
12046971,2,2,6,7,,,,,8,,,,
12052333,0,0,6,2,,,,3,,,,,
12052428,0,0,1,2,,,,,,,,,
12052554,1,1,6,2,3,,,,,,,,
12049550,2,2,3,6,6,,,,,,,,
12052175,1,1,1,6,5,,,,,,,,
12052439,2,2,6,6,,,,,,,,,
12048713,2,2,6,6,,,,,,,,,
12048707,1,1,6,6,4,,,,4,,,,
12046875,2,2,6,7,,,,,7,,,,
12048708,0,0,6,4,,,,5,,,,,
12046880,1,1,6,6,2,,,4,,,,,
12048706,0,0,3,4,,,,,,,,,
12051670,0,0,5,4,,,,,,,,,
12052221,0,0,3,3,,,,,,,,,
12051682,2,2,6,6,,,,,,,,,
12052127,0,0,6,1,,,,6,,,,,
12052130,2,2,6,6,,,,,,,,,
12051799,0,0,0,2,,,,,,,,,
12052353,1,1,6,6,2,,,,5,,,,
12046886,0,0,4,3,,,,,,,,,
12054300,2,2,6,6,,,,,,,,,
12053941,2,2,6,4,7,,,,,,,,
12054419,0,0,2,4,,,,,,,,,
12054289,2,2,6,6,6,,,,2,,,,
12049889,2,2,6,6,,,,,,,,,
12046919,0,0,3,3,,,,,,,,,
12049882,2,2,6,6,,,,,,,,,
12046913,,,,,,,,,,,,,
12046907,,,,,,,,,,,,,
12049874,2,2,6,6,,,,,,,,,
12049884,0,0,1,0,,,,,,,,,
12049880,2,2,6,6,,,,,,,,,
12046887,0,0,6,4,,,,5,,,,,
12049876,2,2,6,1,6,,,,,,,,
12049881,2,2,6,6,,,,,,,,,
12049886,1,1,5,6,4,,,,,,,,
12049878,1,1,6,6,6,,,6,,6,,,
12049883,2,2,6,6,,,,,,,,,
12052481,1,1,3,6,5,,,,,,,,
12052436,2,2,6,6,,,,,,,,,
12052614,2,2,6,7,,,,,,,,,
12052354,2,2,6,6,,,,,,,,,
12052547,0,0,2,1,,,,,,,,,
12052321,0,0,4,0,,,,,,,,,
12049599,1,1,5,6,2,,,,,,,,
12046889,2,2,6,7,,,,,,,,,
12051497,2,2,6,7,,,,,,,,,
12051681,2,2,7,7,,,,,,,,,
12046894,0,0,2,2,,,,,,,,,
12051677,2,2,6,6,,,,,,,,,
12050843,2,2,4,6,6,,,,,,,,
12051715,2,2,5,6,6,,,,,,,,
12051694,0,0,0,,,,,,,,,,
12051676,0,0,2,3,,,,,,,,,
12054403,1,1,3,6,1,,,,,,,,
12054312,0,0,6,2,,,,7,,,,,
12047510,2,2,6,7,,,,,,,,,
12050322,2,2,7,6,,,,7,,,,,
12047477,2,2,6,6,,,,,,,,,
12047478,0,0,2,2,,,,,,,,,
12050443,2,2,6,6,,,,,,,,,
12050331,0,0,3,2,,,,,,,,,
12050338,2,2,3,6,6,,,,,,,,
12047486,0,0,3,1,,,,,,,,,
12053221,2,2,6,7,,,,,,,,,
12053231,2,2,7,6,,,,,,,,,
12053214,2,2,4,6,6,,,,,,,,
12053258,2,2,6,6,,,,,,,,,
12049357,2,2,6,6,,,,,,,,,
12049021,0,0,4,0,,,,,,,,,
12052157,2,2,7,4,6,,,,,,,,
12051797,2,2,6,6,,,,,,,,,
12052002,2,2,6,6,,,,,,,,,
12052003,2,2,6,6,6,,,4,,,,,
12054591,2,2,3,6,7,,,,,9,,,
12054428,0,0,2,2,,,,,,,,,
12046940,0,0,5,4,,,,,,,,,
12046964,0,0,2,3,,,,,,,,,
12046966,0,0,6,1,,,,9,,,,,
12046960,2,2,6,6,,,,,,,,,
12046961,0,0,2,3,,,,,,,,,
12046963,2,2,7,6,6,,,8,4,,,,
12046965,2,2,4,6,6,,,,,,,,
12046951,1,1,6,3,1,,,,,,,,
12049526,2,2,6,7,,,,,7,,,,
12052020,2,2,5,7,7,,,,7,,,,
12051803,2,2,6,4,7,,,,,7,,,
12052488,2,2,7,6,,,,,,,,,
12052255,2,2,6,6,,,,,,,,,
12052001,0,0,3,4,,,,,,,,,
12052140,2,2,6,6,,,,,,,,,
12052426,2,2,7,7,,,,,10,,,,
12046857,2,2,6,6,,,,,,,,,
12046869,0,0,3,2,,,,,,,,,
12046858,2,2,6,6,,,,,,,,,
12046861,2,2,6,2,6,,,,,,,,
12046859,2,2,6,7,6,,,8,7,,,,
12046864,0,0,1,2,,,,,,,,,
12046868,2,2,6,6,,,,,,,,,
12046862,2,2,7,7,,,,,,,,,
12052761,0,0,5,6,,,,,5,,,,
12049729,2,2,6,6,,,,,,,,,
12052534,0,0,5,5,,,,,,,,,
12052684,2,2,6,6,,,,,,,,,
12052535,0,0,6,6,,,,2,4,,,,
12053206,2,2,6,6,,,,,,,,,
12050318,2,2,6,6,,,,,,,,,
12053218,2,2,6,6,,,,,,,,,
12048608,0,0,3,2,,,,,,,,,
12048610,2,2,6,6,,,,,,,,,
12048607,0,0,1,3,,,,,,,,,
12046953,0,0,1,0,,,,,,,,,
12048605,2,2,6,6,,,,,,,,,
12048604,0,0,0,0,,,,,,,,,
12051955,2,2,6,6,,,,,,,,,
12051706,0,0,2,1,,,,,,,,,
12052222,0,0,4,1,,,,,,,,,
12052156,2,2,6,7,,,,,7,,,,
12052219,2,2,6,2,6,,,,,,,,
12052141,2,2,7,6,,,,7,,,,,
12051802,2,2,6,6,,,,,,,,,
12051702,2,2,6,6,,,,,,,,,
12054581,2,2,6,2,6,,,,,,,,
12054502,2,2,6,7,,,,,,,,,
12054557,0,0,3,3,,,,,,,,,
12054583,2,2,6,6,,,,,,,,,
12048795,2,2,1,6,7,,,,,,,,
12048798,0,0,1,5,,,,,,,,,
12048805,2,2,6,4,6,,,,,,,,
12048800,2,2,6,6,,,,,,,,,
12048802,2,2,6,6,6,,,8,,,,,
12048801,2,2,6,6,,,,,,,,,
12052281,2,2,3,6,6,,,,,,,,
12050982,0,0,6,2,,,,6,,,,,
12051020,0,0,1,4,,,,,,,,,
12052367,1,1,6,5,,,,,,,,,
12051678,0,0,4,6,,,,,10,,,,
12052382,0,0,3,,,,,,,,,,
12052261,0,0,1,1,,,,,,,,,
12051970,2,2,7,6,,,,7,,,,,
12054479,2,2,6,7,,,,,,,,,
12054311,1,1,6,7,1,,,6,,,,,
12054437,2,2,6,3,6,,,,,,,,
12054690,2,2,6,6,,,,,,,,,
12049895,2,2,6,6,,,,,,,,,
12049904,0,0,2,1,,,,,,,,,
12049896,2,2,4,6,6,,,,,,,,
12046847,0,0,1,2,,,,,,,,,
12049903,2,2,6,6,,,,,,,,,
12049897,2,2,3,6,6,,,,,,,,
12046849,2,2,4,6,6,,,,,,,,
12049898,1,1,7,6,1,,,7,1,,,,
12049905,2,2,6,6,,,,,,,,,
12046853,0,0,2,3,,,,,,,,,
12046854,2,2,6,7,,,,,,,,,
12049566,2,2,6,4,6,,,,,,,,
12052448,0,0,4,2,,,,,,,,,
12052556,2,2,7,3,6,,,,,,,,
12052418,0,0,6,0,,,,2,,,,,
12052259,1,1,6,6,2,,,,1,,,,
12052550,0,0,1,2,,,,,,,,,
12052498,0,0,5,5,,,,,,,,,
12052254,1,1,6,4,2,,,,,,,,
12017973,2,2,6,6,,,,,,,,,
12017963,2,2,3,6,6,,,,,,,,
12017967,1,1,6,3,4,,,,,,,,
12017971,1,1,2,7,2,,,,7,,,,
12017970,0,0,3,4,,,,,,,,,
12017965,0,0,5,4,,,,,,,,,
12017964,0,0,6,1,,,,2,,,,,
12017974,0,0,3,1,,,,,,,,,
12018512,2,2,6,7,,,,,7,,,,
12018508,2,2,6,6,,,,,,,,,
12018501,2,2,6,6,,,,,,,,,
12018506,,,,,,,,,,,,,
12018504,0,0,5,3,,,,,,,,,
12018502,1,1,7,4,4,,,7,,,,,
12018505,0,0,1,4,,,,,,,,,
12018511,1,1,6,3,,,,,,,,,
12018536,0,0,3,5,,,,,,,,,
12018531,0,0,4,4,,,,,,,,,
12018530,0,0,1,6,,,,,5,,,,
12018535,2,2,6,6,,,,,,,,,
12018541,0,0,5,6,,,,,5,,,,
12018533,2,2,6,6,,,,,,,,,
12018542,2,2,6,6,,,,,,,,,
12018532,0,0,4,1,,,,,,,,,
12018540,0,0,3,6,,,,,3,,,,
12018669,2,2,4,6,6,,,,,,,,
12018665,2,2,7,7,,,,7,,,,,
12018676,0,0,5,4,,,,,,,,,
12018672,2,2,6,6,,,,,,,,,
12018671,2,2,6,6,,,,,,,,,
12018675,2,2,6,6,,,,,,,,,
12018678,2,2,6,4,7,,,,,7,,,
12018707,2,2,6,6,,,,,,,,,
12018695,0,0,4,0,,,,,,,,,
12018705,0,0,2,1,,,,,,,,,
12018698,2,2,6,6,,,,,,,,,
12018701,2,2,6,7,,,,,,,,,
12018697,1,1,6,6,6,,,,6,5,,,
12018703,2,2,6,6,,,,,,,,,
12018704,2,2,6,3,6,,,,,,,,
12056840,0,0,4,6,,,,,5,,,,
12056841,2,2,6,6,,,,,,,,,
12056846,2,2,6,6,,,,,,,,,
12056847,2,2,7,6,,,,,,,,,
12056844,0,0,3,3,,,,,,,,,
12056845,2,2,6,6,,,,,,,,,
12054734,1,1,6,4,2,,,,,,,,
12054727,0,0,5,2,,,,,,,,,
12054730,2,2,6,6,,,,,,,,,
12054732,0,0,5,2,,,,,,,,,
12054741,2,2,2,6,7,,,,,7,,,
12054729,1,1,6,3,0,,,,,,,,
12054738,0,0,0,0,,,,,,,,,
12054739,0,0,5,4,,,,,,,,,
12054740,1,1,6,4,3,,,,,,,,
12054728,2,2,6,6,,,,,,,,,
12054731,,,,,,,,,,,,,
12054736,0,0,6,4,,,,5,,,,,
12054737,,,,,,,,,,,,,
12056233,2,2,6,7,,,,,7,,,,
12056563,0,0,2,2,,,,,,,,,
12054733,2,2,7,6,,,,13,,,,,
12054735,1,1,5,7,6,,,,8,2,,,
12056234,2,2,6,6,,,,,,,,,
12056746,2,2,6,1,6,,,,,,,,
12056624,2,2,6,6,,,,,,,,,
12056521,0,0,1,2,,,,,,,,,
12056522,0,0,1,2,,,,,,,,,
12056784,0,0,4,6,,,,,5,,,,
12056796,1,1,6,3,2,,,,,,,,
12056893,0,0,4,4,,,,,,,,,
12056747,0,0,0,6,,,,,5,,,,
12018574,2,2,6,1,7,,,,,7,,,
12018588,0,0,6,4,,,,4,,,,,
12018575,1,1,1,6,4,,,,,,,,
12018580,2,2,6,6,,,,,,,,,
12018587,2,2,6,6,,,,,,,,,
12018576,1,1,6,3,,,,,,,,,
12018628,0,0,6,3,,,,4,,,,,
12018626,0,0,3,3,,,,,,,,,
12018624,2,2,7,6,,,,,,,,,
12018623,1,1,7,2,4,,,8,,,,,
12018620,2,2,6,3,6,,,,,,,,
12018627,0,0,3,4,,,,,,,,,
12018633,2,2,6,4,7,,,,,8,,,
12018649,2,2,6,5,6,,,,,,,,
12018655,2,2,7,6,,,,7,,,,,
12018656,2,2,4,6,6,,,,,,,,
12018648,2,2,6,6,,,,,,,,,
12018654,2,2,7,6,,,,7,,,,,
12018651,2,2,7,7,,,,9,7,,,,
12018643,0,0,3,2,,,,,,,,,
12018647,0,0,3,3,,,,,,,,,
12018645,0,0,6,2,,,,8,,,,,
12018657,0,0,4,6,,,,,5,,,,
12018722,1,1,6,3,5,,,,,,,,
12018734,,,,,,,,,,,,,
12018726,2,2,6,6,,,,,,,,,
12018730,1,1,6,4,,,,,,,,,
12018720,0,0,4,3,,,,,,,,,
12018725,0,0,4,6,,,,,4,,,,
12018724,2,2,7,6,,,,,,,,,
12053865,2,2,4,6,7,,,,,8,,,
12054313,2,2,6,4,6,,,,,,,,
12054355,2,2,1,6,6,,,,,,,,
12054420,2,2,7,1,6,,,,,,,,
12058095,2,2,6,6,,,,,,,,,
12058236,0,0,0,1,,,,,,,,,
12051795,2,2,6,6,,,,,,,,,
12051817,2,2,6,6,,,,,,,,,
12052052,2,2,7,6,,,,7,,,,,
12049551,1,1,7,,,,,,,,,,
12052502,2,2,6,4,6,,,,,,,,
12054633,2,2,1,6,6,,,,,,,,
12054784,2,2,6,6,6,,,,5,,,,
12054651,2,2,6,6,6,,,6,,,,,
12054552,0,0,2,2,,,,,,,,,
12056494,1,1,6,6,4,,,4,,,,,
12056615,0,0,1,4,,,,,,,,,
12054299,1,1,1,7,3,,,,7,,,,
12054402,2,2,1,6,7,,,,,,,,
12054302,0,0,1,2,,,,,,,,,
12054559,0,0,0,1,,,,,,,,,
12056390,1,1,3,6,5,,,,,,,,
12056577,0,0,5,4,,,,,,,,,
12054328,0,0,2,3,,,,,,,,,
12054435,2,2,7,6,,,,,,,,,
12054304,2,2,4,6,6,,,,,,,,
12054429,0,0,2,6,,,,,2,,,,
12056393,1,1,7,3,6,,,7,,3,,,
12056498,1,1,6,3,2,,,,,,,,
12052551,2,2,5,6,6,,,,,,,,
12046971,2,2,6,7,,,,,8,,,,
12052333,0,0,6,2,,,,3,,,,,
12052428,0,0,1,2,,,,,,,,,
12052554,1,1,6,2,3,,,,,,,,
12049550,2,2,3,6,6,,,,,,,,
12052175,1,1,1,6,5,,,,,,,,
12052439,2,2,6,6,,,,,,,,,
12054762,1,1,6,2,1,,,,,,,,
12055232,2,2,2,6,6,,,,,,,,
12054845,1,1,7,3,5,,,7,,,,,
12055123,0,0,3,2,,,,,,,,,
12056823,2,2,6,4,6,,,,,,,,
12054300,2,2,6,6,,,,,,,,,
12053941,2,2,6,4,7,,,,,,,,
12054419,0,0,2,4,,,,,,,,,
12054289,2,2,6,6,6,,,,2,,,,
12056235,2,2,6,6,,,,,,,,,
12056239,2,2,6,7,,,,,7,,,,
12052481,1,1,3,6,5,,,,,,,,
12052436,2,2,6,6,,,,,,,,,
12052614,2,2,6,7,,,,,,,,,
12052354,2,2,6,6,,,,,,,,,
12052547,0,0,2,1,,,,,,,,,
12052321,0,0,4,0,,,,,,,,,
12049599,1,1,5,6,2,,,,,,,,
12046889,2,2,6,7,,,,,,,,,
12055215,2,2,6,6,,,,,,,,,
12054861,0,0,3,4,,,,,,,,,
12055119,1,1,6,2,5,,,,,,,,
12054931,1,1,7,5,2,,,11,,,,,
12054403,1,1,3,6,1,,,,,,,,
12054312,0,0,6,2,,,,7,,,,,
12053932,2,2,7,6,,,,,,,,,
12054269,0,0,1,,,,,,,,,,
12058097,2,2,0,6,6,,,,,,,,
12058286,2,2,6,7,,,,,7,,,,
12053221,2,2,6,7,,,,,,,,,
12053231,2,2,7,6,,,,,,,,,
12053214,2,2,4,6,6,,,,,,,,
12053258,2,2,6,6,,,,,,,,,
12055836,2,2,6,6,,,,,,,,,
12055783,1,1,6,2,3,,,,,,,,
12052003,2,2,6,6,6,,,4,,,,,
12054591,2,2,3,6,7,,,,,9,,,
12054428,0,0,2,2,,,,,,,,,
12056503,2,2,6,7,,,,,8,,,,
12051803,2,2,6,4,7,,,,,7,,,
12052488,2,2,7,6,,,,,,,,,
12052255,2,2,6,6,,,,,,,,,
12052001,0,0,3,4,,,,,,,,,
12052140,2,2,6,6,,,,,,,,,
12052426,2,2,7,7,,,,,10,,,,
12054632,0,0,2,2,,,,,,,,,
12054770,1,1,6,2,,,,,,,,,
12054601,0,0,5,4,,,,,,,,,
12055122,2,2,1,7,6,,,,,,,,
12056915,2,2,6,3,7,,,,,7,,,
12052761,0,0,5,6,,,,,5,,,,
12049729,2,2,6,6,,,,,,,,,
12052534,0,0,5,5,,,,,,,,,
12052684,2,2,6,6,,,,,,,,,
12052535,0,0,6,6,,,,2,4,,,,
12053206,2,2,6,6,,,,,,,,,
12050318,2,2,6,6,,,,,,,,,
12053218,2,2,6,6,,,,,,,,,
12055265,0,0,2,1,,,,,,,,,
12055342,2,2,5,6,6,,,,,,,,
12055835,1,1,3,6,1,,,,,,,,
12055771,2,2,7,6,6,,,8,4,,,,
12051802,2,2,6,6,,,,,,,,,
12051702,2,2,6,6,,,,,,,,,
12054581,2,2,6,2,6,,,,,,,,
12054502,2,2,6,7,,,,,,,,,
12054557,0,0,3,3,,,,,,,,,
12054583,2,2,6,6,,,,,,,,,
12056538,2,2,6,6,,,,,,,,,
12056525,2,2,6,7,,,,,7,,,,
12051970,2,2,7,6,,,,7,,,,,
12054479,2,2,6,7,,,,,,,,,
12054311,1,1,6,7,1,,,6,,,,,
12054437,2,2,6,3,6,,,,,,,,
12054690,2,2,6,6,,,,,,,,,
12056394,2,2,4,6,6,,,,,,,,
12056307,2,2,6,7,,,,,8,,,,
12049566,2,2,6,4,6,,,,,,,,
12052448,0,0,4,2,,,,,,,,,
12052556,2,2,7,3,6,,,,,,,,
12052418,0,0,6,0,,,,2,,,,,
12052259,1,1,6,6,2,,,,1,,,,
12052550,0,0,1,2,,,,,,,,,
12052498,0,0,5,5,,,,,,,,,
12052254,1,1,6,4,2,,,,,,,,
12054970,0,0,4,2,,,,,,,,,
12055042,2,2,6,7,,,,,,,,,
12055041,0,0,1,0,,,,,,,,,
12054752,0,0,5,0,,,,,,,,,
12058879,2,2,6,6,,,,,,,,,
12058854,0,0,4,4,,,,,,,,,
12058867,2,2,6,6,,,,,,,,,
12058882,0,0,1,2,,,,,,,,,
12058853,0,0,4,0,,,,,,,,,
12058863,2,2,4,6,10,,,,,,,,
12058872,0,0,3,3,,,,,,,,,
12058869,0,0,0,1,,,,,,,,,
12058883,2,2,7,6,,,,,,,,,
12058868,0,0,3,2,,,,,,,,,
12058878,2,2,5,6,10,,,,,,,,
12058862,0,0,1,4,,,,,,,,,
12058875,2,2,6,6,,,,,,,,,
12058861,2,2,6,6,,,,,,,,,
12058857,2,2,6,7,,,,,,,,,
12058870,2,2,6,6,,,,,,,,,
12058880,2,2,6,6,,,,,,,,,
12058856,2,2,5,6,10,,,,,,,,
12058881,2,2,6,6,11,,,,,,,,
12058860,2,2,6,6,,,,,,,,,
12059127,1,1,3,6,2,,,,,,,,
12059129,2,2,3,6,7,,,,,,,,
12059126,2,2,6,7,,,,,9,,,,
12059124,0,0,2,2,,,,,,,,,
12059132,0,0,5,2,,,,,,,,,
12058791,0,0,4,2,,,,,,,,,
12058795,0,0,4,2,,,,,,,,,
12058776,1,1,7,4,5,,,,,,,,
12058786,0,0,0,1,,,,,,,,,
12058785,0,0,4,3,,,,,,,,,
12058774,0,0,4,2,,,,,,,,,
12058752,0,0,0,0,,,,,,,,,
12058780,0,0,4,4,,,,,,,,,
12058764,0,0,3,4,,,,,,,,,
12058760,0,0,2,1,,,,,,,,,
12058755,0,0,3,1,,,,,,,,,
12058758,0,0,1,1,,,,,,,,,
12058756,0,0,1,2,,,,,,,,,
12058757,0,0,3,2,,,,,,,,,
12058766,0,0,2,0,,,,,,,,,
12058777,0,0,2,1,,,,,,,,,
12058771,2,2,6,6,,,,,,,,,
12058784,,,,,,,,,,,,,
12058747,2,2,6,6,,,,,,,,,
12058754,2,2,6,6,,,,,,,,,
12058793,2,2,6,6,,,,,,,,,
12058919,0,0,0,1,,,,,,,,,
12058945,0,0,1,0,,,,,,,,,
12058935,2,2,7,6,,,,,,,,,
12058920,0,0,0,0,,,,,,,,,
12058921,2,2,6,6,,,,,,,,,
12058943,1,1,6,6,4,,,,,,,,
12058931,2,2,6,6,,,,,,,,,
12058942,2,2,6,6,,,,,,,,,
12058944,2,2,6,6,,,,,,,,,
12058934,2,2,6,6,,,,,,,,,
12058941,1,1,6,6,5,,,,,,,,
12058928,2,2,6,6,,,,,,,,,
12058937,0,0,1,3,,,,,,,,,
12058926,0,0,0,0,,,,,,,,,
12058939,2,2,6,6,,,,,,,,,
12058929,2,2,6,6,,,,,,,,,
12058917,1,1,6,3,8,,,,,,,,
12058936,0,0,3,2,,,,,,,,,
12058922,0,0,5,1,,,,,,,,,
12058930,0,0,0,0,,,,,,,,,
12058927,0,0,6,0,,,,,,,,,
12058924,2,2,6,5,10,,,,,,,,
12058915,0,0,5,2,,,,,,,,,
12058940,,,,,,,,,,,,,
12060176,2,2,6,6,,,,,,,,,
12058938,0,0,1,3,,,,,,,,,
12058933,0,0,1,5,,,,,,,,,
12058932,2,2,7,6,,,,,,,,,
12058916,0,0,3,6,,,,,,,,,
12058914,2,2,6,3,10,,,,,,,,
12058925,1,1,6,5,7,,,,,,,,
12058923,0,0,3,0,,,,,,,,,
12058918,1,1,7,2,11,,,,,,,,
12059167,,,,,,,,,,,,,
12059166,,,,,,,,,,,,,
12059168,2,2,6,6,,,,,,,,,
12059189,,,,,,,,,,,,,
12059199,1,1,6,2,7,,,,,,,,
12059163,,,,,,,,,,,,,
12059191,0,0,1,4,,,,,,,,,
12059195,,,,,,,,,,,,,
12059190,,,,,,,,,,,,,
12059170,2,2,7,3,12,,,,,,,,
12059196,2,2,6,7,,,,,,,,,
12059185,,,,,,,,,,,,,
12059511,0,0,1,5,,,,,,,,,
12059498,2,2,6,6,,,,,,,,,
12059504,2,2,6,6,,,,,,,,,
12059505,0,0,2,6,,,,,0,,,,
12059502,,,,,,,,,,,,,
12059501,,,,,,,,,,,,,
12061339,2,2,6,6,,,,,,,,,
12059503,1,1,6,6,6,,,6,,6,,,
12059111,1,1,6,,,,,,,,,,
12059115,2,2,6,6,,,,,,,,,
12059117,0,0,1,6,,,,,5,,,,
12059116,2,2,6,6,,,,,,,,,
12059112,2,2,6,6,,,,,,,,,
12059120,1,1,6,3,2,,,,,,,,
12059108,2,2,6,6,6,,,,6,,,,
12059109,0,0,5,3,,,,,,,,,
12060788,1,1,2,6,4,,,,,,,,
12059119,,,,,,,,,,,,,
12059110,2,2,6,6,,,,,,,,,
12058835,0,0,2,3,,,,,,,,,
12058838,0,0,0,1,,,,,,,,,
12058844,2,2,6,6,,,,,,,,,
12058845,2,2,6,6,,,,,,,,,
12058833,0,0,4,1,,,,,,,,,
12058842,0,0,1,3,,,,,,,,,
12058834,0,0,2,2,,,,,,,,,
12058830,2,2,6,6,,,,,,,,,
12058839,1,1,4,6,8,,,,,,,,
12058843,0,0,4,1,,,,,,,,,
12058841,2,2,7,6,,,,,,,,,
12058837,0,0,3,3,,,,,,,,,
12058840,0,0,5,2,,,,,,,,,
12058832,0,0,4,4,,,,,,,,,
12058831,,,,,,,,,,,,,
12058836,0,0,1,1,,,,,,,,,
12055042,2,2,6,7,,,,,,,,,
12055041,0,0,1,0,,,,,,,,,
12054752,0,0,5,0,,,,,,,,,
12056830,0,0,3,3,,,,,,,,,
12056757,0,0,1,0,,,,,,,,,
12058745,0,0,2,3,,,,,,,,,
12058762,0,0,0,3,,,,,,,,,
12058769,,,,,,,,,,,,,
12060682,2,2,6,6,,,,,,,,,
12058749,1,1,6,3,3,,,,,,,,
12058767,1,1,3,6,6,,,,,,,,
12058761,0,0,1,6,,,,,,,,,
12058796,0,0,1,2,,,,,,,,,
12058751,2,2,4,6,10,,,,,,,,
12058770,0,0,5,0,,,,,,,,,
12058763,1,1,7,6,10,,,,,,,,
12058779,2,2,7,4,10,,,,,,,,
12058778,0,0,1,2,,,,,,,,,
12058789,2,2,7,6,10,,,,,,,,
12058773,2,2,6,6,,,,,,,,,
12058787,0,0,0,2,,,,,,,,,
12058753,0,0,1,4,,,,,,,,,
12058775,2,2,6,6,,,,,,,,,
12058792,0,0,1,0,,,,,,,,,
12058768,2,2,6,6,,,,,,,,,
12058759,2,2,6,6,,,,,,,,,
12058772,0,0,4,2,,,,,,,,,
12058797,0,0,1,2,,,,,,,,,
12058794,2,2,6,7,,,,,,,,,
12058783,2,2,6,6,,,,,,,,,
12058782,2,2,6,6,,,,,,,,,
12058765,2,2,6,6,,,,,,,,,
12058790,2,2,6,6,10,,,,,,,,
12058750,0,0,4,5,,,,,,,,,
12058781,0,0,1,3,,,,,,,,,
12058748,1,1,6,4,5,,,,,,,,
12058788,2,2,6,7,,,,,,,,,
12058746,1,1,2,7,7,,,,,,,,
12059088,0,0,1,2,,,,,,,,,
12059091,1,1,2,7,5,,,,,,,,
12059096,2,2,6,6,,,,,,,,,
12059094,2,2,6,6,,,,,,,,,
12059076,2,2,6,6,,,,,,,,,
12059083,2,2,6,7,,,,,,,,,
12059090,2,2,6,6,,,,,,,,,
12059084,2,2,6,6,,,,,,,,,
12059081,2,2,6,6,,,,,,,,,
12059097,0,0,3,1,,,,,,,,,
12059080,0,0,3,4,,,,,,,,,
12059086,0,0,2,2,,,,,,,,,
12059093,2,2,7,6,,,,,,,,,
12059073,2,2,6,3,10,,,,,,,,
12059071,2,2,6,6,,,,,,,,,
12059079,2,2,6,6,,,,,,,,,
12059070,0,0,4,4,,,,,,,,,
12059082,2,2,6,3,10,,,,,,,,
12059095,2,2,6,6,,,,,,,,,
12059077,2,2,6,6,,,,,,,,,
12059074,0,0,4,6,,,,,,,,,
12059085,2,2,6,3,10,,,,,,,,
12059068,0,0,2,0,,,,,,,,,
12059092,2,2,7,6,,,,,,,,,
12059078,0,0,3,2,,,,,,,,,
12059087,0,0,1,0,,,,,,,,,
12059066,2,2,6,6,,,,,,,,,
12059069,0,0,3,6,,,,,,,,,
12059067,0,0,4,6,,,,,,,,,
12059072,2,2,6,6,10,,,,,,,,
12059089,0,0,3,1,,,,,,,,,
12059159,0,0,2,0,,,,,,,,,
12059169,1,1,2,6,7,,,,,,,,
12059184,0,0,4,3,,,,,,,,,
12059161,0,0,2,5,,,,,,,,,
12059178,1,1,6,3,8,,,,,,,,
12059174,,,,,,,,,,,,,
12059158,0,0,4,5,,,,,,,,,
12059173,2,2,2,6,10,,,,,,,,
12059186,2,2,3,6,10,,,,,,,,
12059201,2,2,5,6,12,,,,,,,,
12059165,2,2,6,6,,,,,,,,,
12059164,2,2,7,6,,,,,,,,,
12059200,2,2,6,6,,,,,,,,,
12059182,0,0,3,3,,,,,,,,,
12059181,2,2,6,4,10,,,,,,,,
12059187,1,1,6,0,5,,,,,,,,
12059180,2,2,6,6,,,,,,,,,
12059192,2,2,6,7,,,,,,,,,
12059175,2,2,6,6,,,,,,,,,
12059198,0,0,0,3,,,,,,,,,
12059188,2,2,6,6,,,,,,,,,
12059204,0,0,3,3,,,,,,,,,
12059197,2,2,6,3,10,,,,,,,,
12059172,,,,,,,,,,,,,
12059202,0,0,0,3,,,,,,,,,
12059160,0,0,3,4,,,,,,,,,
12059179,2,2,6,6,,,,,,,,,
12059203,0,0,3,1,,,,,,,,,
12059162,0,0,4,0,,,,,,,,,
12059177,2,2,6,6,,,,,,,,,
12059193,2,2,6,6,,,,,,,,,
12059176,2,2,6,6,10,,,,,,,,
12058908,2,2,6,6,,,,,,,,,
12058897,0,0,0,3,,,,,,,,,
12058895,0,0,1,3,,,,,,,,,
12058900,0,0,0,1,,,,,,,,,
12058899,1,1,4,6,5,,,,,,,,
12058905,0,0,6,4,,,,,,,,,
12058907,2,2,6,6,,,,,,,,,
12058904,2,2,6,6,,,,,,,,,
12058901,0,0,5,4,,,,,,,,,
12058902,1,1,6,1,8,,,,,,,,
12058896,2,2,6,3,11,,,,,,,,
12058898,,,,,,,,,,,,,
12060163,2,2,6,6,,,,,,,,,
12058894,2,2,6,6,,,,,,,,,
12058909,0,0,4,0,,,,,,,,,
12058903,1,1,6,6,11,,,,4,,,,
12058906,1,1,2,6,2,,,,,,,,
12060754,2,2,6,3,10,,,,,,,,
12060517,0,0,3,3,,,,,,,,,
12060755,1,1,6,2,5,,,,,,,,
12060681,2,2,6,7,,,,,7,,,,
12060680,2,2,6,6,,,,,,,,,
12058877,2,2,6,6,,,,,,,,,
12058876,2,2,6,6,,,,,,,,,
12058852,1,1,2,6,5,,,,,,,,
12058865,2,2,6,6,,,,,,,,,
12058859,2,2,5,6,10,,,,,,,,
12058873,2,2,6,6,,,,,,,,,
12058858,0,0,0,1,,,,,,,,,
12059226,0,0,2,4,,,,,,,,,
12059218,0,0,5,3,,,,,,,,,
12059224,0,0,5,5,,,,,,,,,
12018720,0,0,4,3,,,,,,,,,
12018725,0,0,4,6,,,,,4,,,,
12018724,2,2,7,6,,,,,,,,,
12018729,2,2,5,7,6,,,,8,,,,
12053865,2,2,4,6,7,,,,,8,,,
12054313,2,2,6,4,6,,,,,,,,
12054355,2,2,1,6,6,,,,,,,,
12054420,2,2,7,1,6,,,,,,,,
12058095,2,2,6,6,,,,,,,,,
12058236,0,0,0,1,,,,,,,,,
12058407,0,0,1,4,,,,,,,,,
12054651,2,2,6,6,6,,,6,,,,,
12054552,0,0,2,2,,,,,,,,,
12056494,1,1,6,6,4,,,4,,,,,
12056615,0,0,1,4,,,,,,,,,
12058489,2,2,6,2,6,,,,,,,,
12056390,1,1,3,6,5,,,,,,,,
12056577,0,0,5,4,,,,,,,,,
12058408,0,0,3,5,,,,,,,,,
12056393,1,1,7,3,6,,,7,,3,,,
12056498,1,1,6,3,2,,,,,,,,
12058576,2,2,6,6,,,,,,,,,
12058377,2,2,6,6,,,,,,,,,
12058360,2,2,3,7,10,,,,,,,,
12058375,2,2,6,6,,,,,,,,,
12058365,2,2,7,6,,,,,,,,,
12058369,0,0,4,6,,,,,3,,,,
12058355,0,0,4,3,,,,,,,,,
12058358,2,2,6,6,,,,,,,,,
12058354,0,0,4,4,,,,,,,,,
12058367,0,0,2,6,,,,,5,,,,
12058357,0,0,0,4,,,,,,,,,
12058364,0,0,2,4,,,,,,,,,
12058374,1,1,7,5,,,,,,,,,
12058378,0,0,0,1,,,,,,,,,
12058359,0,0,6,1,,,,0,,,,,
12058363,2,2,7,4,10,,,7,,,,,
12058353,0,0,4,5,,,,,,,,,
12054762,1,1,6,2,1,,,,,,,,
12055232,2,2,2,6,6,,,,,,,,
12054845,1,1,7,3,5,,,7,,,,,
12055123,0,0,3,2,,,,,,,,,
12056823,2,2,6,4,6,,,,,,,,
12056892,2,2,6,6,,,,,,,,,
12059125,2,2,6,3,7,,,,,,,,
12056235,2,2,6,6,,,,,,,,,
12056239,2,2,6,7,,,,,7,,,,
12058257,2,2,6,6,,,,,,,,,
12055215,2,2,6,6,,,,,,,,,
12054861,0,0,3,4,,,,,,,,,
12055119,1,1,6,2,5,,,,,,,,
12054931,1,1,7,5,2,,,11,,,,,
12056888,0,0,2,2,,,,,,,,,
12056824,2,2,7,6,,,,,,,,,
12054403,1,1,3,6,1,,,,,,,,
12054312,0,0,6,2,,,,7,,,,,
12053932,2,2,7,6,,,,,,,,,
12054269,0,0,1,,,,,,,,,,
12058097,2,2,0,6,6,,,,,,,,
12058286,2,2,6,7,,,,,7,,,,
12058493,2,2,2,6,6,,,,,,,,
12055836,2,2,6,6,,,,,,,,,
12055783,1,1,6,2,3,,,,,,,,
12057509,1,1,6,1,5,,,,,,,,
12056503,2,2,6,7,,,,,8,,,,
12054632,0,0,2,2,,,,,,,,,
12054770,1,1,6,2,,,,,,,,,
12054601,0,0,5,4,,,,,,,,,
12055122,2,2,1,7,6,,,,,,,,
12056915,2,2,6,3,7,,,,,7,,,
12056829,2,2,6,6,,,,,,,,,
12055265,0,0,2,1,,,,,,,,,
12055342,2,2,5,6,6,,,,,,,,
12055835,1,1,3,6,1,,,,,,,,
12055771,2,2,7,6,6,,,8,4,,,,
12057053,0,0,4,2,,,,,,,,,
12057579,1,1,4,7,6,,,,,2,,,
12054583,2,2,6,6,,,,,,,,,
12056538,2,2,6,6,,,,,,,,,
12056525,2,2,6,7,,,,,7,,,,
12058409,2,2,6,6,,,,,,,,,
12058352,0,0,3,3,,,,,,,,,
12058371,2,2,6,7,,,,,,,,,
12058350,2,2,2,6,12,,,,,,,,
12058356,0,0,0,2,,,,,,,,,
12058348,2,2,6,6,,,,,,,,,
12058351,0,0,4,1,,,,,,,,,
12059494,2,2,6,6,,,,,,,,,
12058379,,,,,,,,,,,,,
12058361,2,2,6,6,,,,,,,,,
12058368,0,0,6,1,,,,2,,,,,
12058362,1,1,6,4,2,,,,,,,,
12058376,1,1,6,3,6,,,,,,,,
12058349,2,2,6,6,,,,,,,,,
12058370,2,2,7,6,,,,,,,,,
12059493,0,0,1,3,,,,,,,,,
12058373,,,,,,,,,,,,,
12058372,2,2,3,6,14,,,,,,,,
12058366,0,0,1,0,,,,,,,,,
12056394,2,2,4,6,6,,,,,,,,
12056307,2,2,6,7,,,,,8,,,,
12058311,2,2,6,6,,,,,,,,,
12054970,0,0,4,2,,,,,,,,,
12018671,2,2,6,6,,,,,,,,,
12018675,2,2,6,6,,,,,,,,,
12018678,2,2,6,4,7,,,,,7,,,
12018673,2,2,6,4,6,,,,,,,,
12018674,2,2,6,6,,,,,,,,,
12018698,2,2,6,6,,,,,,,,,
12018701,2,2,6,7,,,,,,,,,
12018697,1,1,6,6,6,,,,6,5,,,
12018703,2,2,6,6,,,,,,,,,
12018704,2,2,6,3,6,,,,,,,,
12018702,0,0,3,3,,,,,,,,,
12056840,0,0,4,6,,,,,5,,,,
12056841,2,2,6,6,,,,,,,,,
12056846,2,2,6,6,,,,,,,,,
12056847,2,2,7,6,,,,,,,,,
12056844,0,0,3,3,,,,,,,,,
12056845,2,2,6,6,,,,,,,,,
12056848,,,,,,,,,,,,,
12056849,2,2,6,3,6,,,,,,,,
12058235,2,2,6,7,,,,,,,,,
12058629,2,2,6,7,,,,,,,,,
12058630,0,0,4,0,,,,,,,,,
12058631,0,0,6,2,,,,8,,,,,
12058950,1,1,7,4,4,,,8,,,,,
12057501,2,2,6,6,,,,,,,,,
12057505,2,2,6,7,,,,,8,,,,
12057504,1,1,7,2,2,,,,,,,,
12057507,0,0,1,4,,,,,,,,,
12057508,,,,,,,,,,,,,
12059044,0,0,1,6,,,,,1,,,,
12057502,1,1,6,4,2,,,,,,,,
12057506,0,0,0,1,,,,,,,,,
12057503,0,0,2,6,,,,,4,,,,
12057493,2,2,6,6,,,,,,,,,
12057492,1,1,6,7,6,,,2,7,2,,,
12057498,2,2,6,6,,,,,,,,,
12057497,,,,,,,,,,,,,
12057495,0,0,3,3,,,,,,,,,
12057496,,,,,,,,,,,,,
12058947,2,2,6,6,,,,,,,,,
12059294,0,0,2,2,,,,,,,,,
12054738,0,0,0,0,,,,,,,,,
12054739,0,0,5,4,,,,,,,,,
12054740,1,1,6,4,3,,,,,,,,
12054728,2,2,6,6,,,,,,,,,
12054731,,,,,,,,,,,,,
12054736,0,0,6,4,,,,5,,,,,
12054737,,,,,,,,,,,,,
12056233,2,2,6,7,,,,,7,,,,
12056563,0,0,2,2,,,,,,,,,
12054733,2,2,7,6,,,,13,,,,,
12054735,1,1,5,7,6,,,,8,2,,,
12056234,2,2,6,6,,,,,,,,,
12056746,2,2,6,1,6,,,,,,,,
12056624,2,2,6,6,,,,,,,,,
12056521,0,0,1,2,,,,,,,,,
12056522,0,0,1,2,,,,,,,,,
12056784,0,0,4,6,,,,,5,,,,
12056796,1,1,6,3,2,,,,,,,,
12056893,0,0,4,4,,,,,,,,,
12056747,0,0,0,6,,,,,5,,,,
12018587,2,2,6,6,,,,,,,,,
12018576,1,1,6,3,,,,,,,,,
12018586,2,2,6,7,,,,,7,,,,
12018620,2,2,6,3,6,,,,,,,,
12018627,0,0,3,4,,,,,,,,,
12018633,2,2,6,4,7,,,,,8,,,
12018632,0,0,1,4,,,,,,,,,
12018643,0,0,3,2,,,,,,,,,
12018647,0,0,3,3,,,,,,,,,
12018645,0,0,6,2,,,,8,,,,,
12018657,0,0,4,6,,,,,5,,,,
12018650,0,0,6,4,,,,2,,,,,
12058642,0,0,4,1,,,,,,,,,
12058661,,,,,,,,,,,,,
12058659,2,2,6,6,,,,,,,,,
12058701,1,1,6,2,2,,,,,,,,
12058612,2,2,7,5,7,,,7,,11,,,
12058610,0,0,3,3,,,,,,,,,
12058608,0,0,4,4,,,,,,,,,
12058609,0,0,3,3,,,,,,,,,
12058613,1,1,6,5,4,,,,,,,,
12058611,0,0,2,2,,,,,,,,,
12058615,,,,,,,,,,,,,
12059940,1,1,5,6,1,,,,,,,,
12058616,2,2,6,6,,,,,,,,,
12058620,0,0,4,3,,,,,,,,,
12058627,0,0,3,0,,,,,,,,,
12058628,2,2,6,6,,,,,,,,,
12058625,2,2,2,6,7,,,,,8,,,
12058960,1,1,6,4,1,,,,,,,,
12058984,2,2,6,6,,,,,,,,,
12058982,2,2,3,7,6,,,,,,,,
12058961,2,2,6,6,,,,,,,,,
12058983,0,0,3,3,,,,,,,,,
12058973,2,2,6,6,,,,,,,,,
12058981,2,2,7,6,,,,,,,,,
12058972,2,2,7,7,,,,9,7,,,,
12059210,2,2,0,7,6,,,,,,,,
12059221,0,0,2,3,,,,,,,,,
12059228,2,2,7,7,,,,7,8,,,,
12059223,0,0,5,4,,,,,,,,,
12017963,2,2,3,6,6,,,,,,,,
12017967,1,1,6,3,4,,,,,,,,
12017971,1,1,2,7,2,,,,7,,,,
12017970,0,0,3,4,,,,,,,,,
12017965,0,0,5,4,,,,,,,,,
12017964,0,0,6,1,,,,2,,,,,
12017974,0,0,3,1,,,,,,,,,
12017976,2,2,6,7,,,,,,,,,
12017972,2,2,6,3,6,,,,,,,,
12018504,0,0,5,3,,,,,,,,,
12018502,1,1,7,4,4,,,7,,,,,
12018505,0,0,1,4,,,,,,,,,
12018511,1,1,6,3,,,,,,,,,
12018507,0,0,2,4,,,,,,,,,
12018503,2,2,6,6,,,,,,,,,
12018533,2,2,6,6,,,,,,,,,
12018542,2,2,6,6,,,,,,,,,
12018532,0,0,4,1,,,,,,,,,
12018540,0,0,3,6,,,,,3,,,,
12018538,0,0,4,4,,,,,,,,,
12018537,1,1,7,4,6,,,7,,5,,,
12056877,0,0,3,5,,,,,,,,,
12056868,2,2,7,6,,,,,,,,,
12058885,0,0,6,3,,,,5,,,,,
12056880,0,0,5,1,,,,,,,,,
12058890,0,0,5,3,,,,,,,,,
12058889,2,2,6,6,,,,,,,,,
12061293,,,,,,,,,,,,,
12056909,,,,,,,,,,,,,
12017976,2,2,6,7,,,,,,,,,
12017972,2,2,6,3,6,,,,,,,,
12017969,0,0,1,4,,,,,,,,,
12018507,0,0,2,4,,,,,,,,,
12018503,2,2,6,6,,,,,,,,,
12018500,1,1,6,7,3,,,3,,,,,
12018538,0,0,4,4,,,,,,,,,
12018537,1,1,7,4,6,,,7,,5,,,
12018539,2,2,6,6,,,,,,,,,
12056877,0,0,3,5,,,,,,,,,
12056868,2,2,7,6,,,,,,,,,
12058885,0,0,6,3,,,,5,,,,,
12056880,0,0,5,1,,,,,,,,,
12058890,0,0,5,3,,,,,,,,,
12058889,2,2,6,6,,,,,,,,,
12058884,2,2,7,6,,,,7,,,,,
12056865,2,2,6,6,,,,,,,,,
12056876,0,0,1,1,,,,,,,,,
12056874,0,0,0,,,,,,,,,,
12056867,,,,,,,,,,,,,
12056875,,,,,,,,,,,,,
12058851,1,1,3,6,2,,,,,,,,
12056873,,,,,,,,,,,,,
12056871,,,,,,,,,,,,,
12058888,,,,,,,,,,,,,
12056869,,,,,,,,,,,,,
12058886,,,,,,,,,,,,,
12056879,,,,,,,,,,,,,
12056878,,,,,,,,,,,,,
12056866,,,,,,,,,,,,,
12058887,,,,,,,,,,,,,
12056870,,,,,,,,,,,,,
12018673,2,2,6,4,6,,,,,,,,
12018674,2,2,6,6,,,,,,,,,
12018704,2,2,6,3,6,,,,,,,,
12018702,0,0,3,3,,,,,,,,,
12018708,0,0,4,3,,,,,,,,,
12056847,2,2,7,6,,,,,,,,,
12056844,0,0,3,3,,,,,,,,,
12056845,2,2,6,6,,,,,,,,,
12056848,,,,,,,,,,,,,
12056849,2,2,6,3,6,,,,,,,,
12058235,2,2,6,7,,,,,,,,,
12058629,2,2,6,7,,,,,,,,,
12058630,0,0,4,0,,,,,,,,,
12058631,0,0,6,2,,,,8,,,,,
12058950,1,1,7,4,4,,,8,,,,,
12057501,2,2,6,6,,,,,,,,,
12057505,2,2,6,7,,,,,8,,,,
12057504,1,1,7,2,2,,,,,,,,
12057507,0,0,1,4,,,,,,,,,
12057508,,,,,,,,,,,,,
12059044,0,0,1,6,,,,,1,,,,
12057502,1,1,6,4,2,,,,,,,,
12057506,0,0,0,1,,,,,,,,,
12057503,0,0,2,6,,,,,4,,,,
12059234,2,2,6,5,6,,,,,,,,
12059277,1,1,6,1,4,,,,,,,,
12059381,2,2,6,7,,,,,7,,,,
12059490,2,2,4,7,6,,,,7,,,,
12057493,2,2,6,6,,,,,,,,,
12057492,1,1,6,7,6,,,2,7,2,,,
12057498,2,2,6,6,,,,,,,,,
12057497,,,,,,,,,,,,,
12057495,0,0,3,3,,,,,,,,,
12057496,,,,,,,,,,,,,
12058947,2,2,6,6,,,,,,,,,
12059294,0,0,2,2,,,,,,,,,
12057500,2,2,6,6,,,,,,,,,
12057499,0,0,3,6,,,,,2,,,,
12059291,1,1,7,2,3,,,,,,,,
12059369,1,1,4,6,3,,,,,,,,
12059837,2,2,7,6,,,,,,,,,
12056893,0,0,4,4,,,,,,,,,
12056747,0,0,0,6,,,,,5,,,,
12059240,,,,,,,,,,,,,
12059846,,,,,,,,,,,,,
12059842,,,,,,,,,,,,,
12059849,,,,,,,,,,,,,
12059848,,,,,,,,,,,,,
12059845,,,,,,,,,,,,,
12018586,2,2,6,7,,,,,7,,,,
12018632,0,0,1,4,,,,,,,,,
12018657,0,0,4,6,,,,,5,,,,
12018650,0,0,6,4,,,,2,,,,,
12058642,0,0,4,1,,,,,,,,,
12058661,,,,,,,,,,,,,
12058659,2,2,6,6,,,,,,,,,
12058701,1,1,6,2,2,,,,,,,,
12058641,0,0,0,2,,,,,,,,,
12058688,0,0,2,5,,,,,,,,,
12058702,1,1,6,0,,,,,,,,,
12058689,0,0,1,,,,,,,,,,
12060110,,,,,,,,,,,,,
12058699,,,,,,,,,,,,,
12058700,,,,,,,,,,,,,
12058660,,,,,,,,,,,,,
12058696,,,,,,,,,,,,,
12060945,,,,,,,,,,,,,
12058612,2,2,7,5,7,,,7,,11,,,
12058610,0,0,3,3,,,,,,,,,
12058608,0,0,4,4,,,,,,,,,
12058609,0,0,3,3,,,,,,,,,
12058613,1,1,6,5,4,,,,,,,,
12058611,0,0,2,2,,,,,,,,,
12058615,,,,,,,,,,,,,
12059940,1,1,5,6,1,,,,,,,,
12058616,2,2,6,6,,,,,,,,,
12058620,0,0,4,3,,,,,,,,,
12058627,0,0,3,0,,,,,,,,,
12058628,2,2,6,6,,,,,,,,,
12058625,2,2,2,6,7,,,,,8,,,
12060121,0,0,4,2,,,,,,,,,
12060829,2,2,6,6,,,,,,,,,
12059941,0,0,1,2,,,,,,,,,
12060888,2,2,6,6,,,,,,,,,
12061323,2,2,7,4,6,,,,,,,,
12060830,2,2,6,6,,,,,,,,,
12058960,1,1,6,4,1,,,,,,,,
12058984,2,2,6,6,,,,,,,,,
12058982,2,2,3,7,6,,,,,,,,
12058961,2,2,6,6,,,,,,,,,
12058983,0,0,3,3,,,,,,,,,
12058973,2,2,6,6,,,,,,,,,
12058981,2,2,7,6,,,,,,,,,
12058972,2,2,7,7,,,,9,7,,,,
12058997,2,2,5,7,6,,,,,,,,
12058974,2,2,4,7,7,,,,,7,,,
12058995,0,0,1,5,,,,,,,,,
12058971,2,2,6,7,,,,,7,,,,
12060937,,,,,,,,,,,,,
12060936,,,,,,,,,,,,,
12061535,,,,,,,,,,,,,
12061092,,,,,,,,,,,,,
12061919,,,,,,,,,,,,,
12061710,,,,,,,,,,,,,
12059210,2,2,0,7,6,,,,,,,,
12059221,0,0,2,3,,,,,,,,,
12059228,2,2,7,7,,,,7,8,,,,
12059223,0,0,5,4,,,,,,,,,
12059226,0,0,2,4,,,,,,,,,
12059218,0,0,5,3,,,,,,,,,
12059224,0,0,5,5,,,,,,,,,
12059219,1,1,6,4,3,,,,,,,,
12059227,1,1,6,4,3,,,,,,,,
12059222,1,1,4,6,0,,,,,,,,
12059217,2,2,6,6,,,,,,,,,
12059225,0,0,3,3,,,,,,,,,
12060938,,,,,,,,,,,,,
12061375,,,,,,,,,,,,,
12061044,,,,,,,,,,,,,
12061540,,,,,,,,,,,,,
12061539,,,,,,,,,,,,,
12061541,,,,,,,,,,,,,
12018729,2,2,5,7,6,,,,8,,,,
12058407,0,0,1,4,,,,,,,,,
12056494,1,1,6,6,4,,,4,,,,,
12056615,0,0,1,4,,,,,,,,,
12058489,2,2,6,2,6,,,,,,,,
12058408,0,0,3,5,,,,,,,,,
12058576,2,2,6,6,,,,,,,,,
12058377,2,2,6,6,,,,,,,,,
12058360,2,2,3,7,10,,,,,,,,
12058375,2,2,6,6,,,,,,,,,
12058365,2,2,7,6,,,,,,,,,
12058369,0,0,4,6,,,,,3,,,,
12058355,0,0,4,3,,,,,,,,,
12058358,2,2,6,6,,,,,,,,,
12058354,0,0,4,4,,,,,,,,,
12058367,0,0,2,6,,,,,5,,,,
12058357,0,0,0,4,,,,,,,,,
12058364,0,0,2,4,,,,,,,,,
12058374,1,1,7,5,,,,,,,,,
12058378,0,0,0,1,,,,,,,,,
12058359,0,0,6,1,,,,0,,,,,
12058363,2,2,7,4,10,,,7,,,,,
12058353,0,0,4,5,,,,,,,,,
12060700,2,2,6,6,,,,,,,,,
12060701,1,1,6,5,7,,,,,,,,
12060688,0,0,4,0,,,,,,,,,
12060702,0,0,5,3,,,,,,,,,
12060692,0,0,4,0,,,,,,,,,
12060694,0,0,2,,,,,,,,,,
12060690,0,0,1,,,,,,,,,,
12060687,,,,,,,,,,,,,
12056823,2,2,6,4,6,,,,,,,,
12056892,2,2,6,6,,,,,,,,,
12059125,2,2,6,3,7,,,,,,,,
12058257,2,2,6,6,,,,,,,,,
12056888,0,0,2,2,,,,,,,,,
12056824,2,2,7,6,,,,,,,,,
12058828,0,0,5,2,,,,,,,,,
12059134,0,0,5,4,,,,,,,,,
12059137,,,,,,,,,,,,,
12059136,2,2,4,6,10,,,,,,,,
12059141,0,0,0,0,,,,,,,,,
12059142,,,,,,,,,,,,,
12059145,,,,,,,,,,,,,
12059146,,,,,,,,,,,,,
12059147,,,,,,,,,,,,,
12059140,,,,,,,,,,,,,
12059135,,,,,,,,,,,,,
12061927,,,,,,,,,,,,,
12059144,,,,,,,,,,,,,
12059148,,,,,,,,,,,,,
12061928,,,,,,,,,,,,,
12059133,,,,,,,,,,,,,
12059138,,,,,,,,,,,,,
12061926,,,,,,,,,,,,,
12061925,,,,,,,,,,,,,
12059139,,,,,,,,,,,,,
12059143,,,,,,,,,,,,,
12058286,2,2,6,7,,,,,7,,,,
12058493,2,2,2,6,6,,,,,,,,
12057509,1,1,6,1,5,,,,,,,,
12056915,2,2,6,3,7,,,,,7,,,
12056829,2,2,6,6,,,,,,,,,
12058946,1,1,1,6,4,,,,,,,,
12057053,0,0,4,2,,,,,,,,,
12057579,1,1,4,7,6,,,,,2,,,
12059475,0,0,1,2,,,,,,,,,
12058409,2,2,6,6,,,,,,,,,
12058352,0,0,3,3,,,,,,,,,
12058371,2,2,6,7,,,,,,,,,
12058350,2,2,2,6,12,,,,,,,,
12058356,0,0,0,2,,,,,,,,,
12058348,2,2,6,6,,,,,,,,,
12058351,0,0,4,1,,,,,,,,,
12059494,2,2,6,6,,,,,,,,,
12058379,,,,,,,,,,,,,
12058361,2,2,6,6,,,,,,,,,
12058368,0,0,6,1,,,,2,,,,,
12058362,1,1,6,4,2,,,,,,,,
12058376,1,1,6,3,6,,,,,,,,
12058349,2,2,6,6,,,,,,,,,
12058370,2,2,7,6,,,,,,,,,
12059493,0,0,1,3,,,,,,,,,
12058373,,,,,,,,,,,,,
12058372,2,2,3,6,14,,,,,,,,
12058366,0,0,1,0,,,,,,,,,
12060698,2,2,6,6,,,,,,,,,
12060697,0,0,2,4,,,,,,,,,
12060689,2,2,7,6,,,,7,,,,,
12060696,2,2,6,6,,,,,,,,,
12060693,2,2,7,7,,,,,,,,,
12060695,2,2,6,3,10,,,,,,,,
12060691,2,2,6,6,,,,,,,,,
12060699,0,0,1,3,,,,,,,,,
12058311,2,2,6,6,,,,,,,,,
12056830,0,0,3,3,,,,,,,,,
12056757,0,0,1,0,,,,,,,,,
12058910,2,2,6,3,6,,,,,,,,
12058745,0,0,2,3,,,,,,,,,
12058762,0,0,0,3,,,,,,,,,
12058769,,,,,,,,,,,,,
12060682,2,2,6,6,,,,,,,,,
12058749,1,1,6,3,3,,,,,,,,
12058767,1,1,3,6,6,,,,,,,,
12058761,0,0,1,6,,,,,,,,,
12058796,0,0,1,2,,,,,,,,,
12058751,2,2,4,6,10,,,,,,,,
12058770,0,0,5,0,,,,,,,,,
12058763,1,1,7,6,10,,,,,,,,
12058779,2,2,7,4,10,,,,,,,,
12058778,0,0,1,2,,,,,,,,,
12058789,2,2,7,6,10,,,,,,,,
12058773,2,2,6,6,,,,,,,,,
12058787,0,0,0,2,,,,,,,,,
12058753,0,0,1,4,,,,,,,,,
12058775,2,2,6,6,,,,,,,,,
12058792,0,0,1,0,,,,,,,,,
12058768,2,2,6,6,,,,,,,,,
12058759,2,2,6,6,,,,,,,,,
12058772,0,0,4,2,,,,,,,,,
12058797,0,0,1,2,,,,,,,,,
12058794,2,2,6,7,,,,,,,,,
12058783,2,2,6,6,,,,,,,,,
12058782,2,2,6,6,,,,,,,,,
12058765,2,2,6,6,,,,,,,,,
12058790,2,2,6,6,10,,,,,,,,
12058750,0,0,4,5,,,,,,,,,
12058781,0,0,1,3,,,,,,,,,
12058748,1,1,6,4,5,,,,,,,,
12058788,2,2,6,7,,,,,,,,,
12058746,1,1,2,7,7,,,,,,,,
12061011,1,1,7,2,,,,,,,,,
12061025,1,1,6,3,,,,,,,,,
12061037,1,1,7,0,,,,7,,,,,
12061021,0,0,4,2,,,,,,,,,
12061031,0,0,3,3,,,,,,,,,
12061023,,,,,,,,,,,,,
12061013,,,,,,,,,,,,,
12061036,,,,,,,,,,,,,
12061029,,,,,,,,,,,,,
12061012,,,,,,,,,,,,,
12061028,0,0,0,,,,,,,,,,
12061035,,,,,,,,,,,,,
12061016,,,,,,,,,,,,,
12061038,,,,,,,,,,,,,
12061009,,,,,,,,,,,,,
12061033,,,,,,,,,,,,,
12059088,0,0,1,2,,,,,,,,,
12059091,1,1,2,7,5,,,,,,,,
12059096,2,2,6,6,,,,,,,,,
12059094,2,2,6,6,,,,,,,,,
12059076,2,2,6,6,,,,,,,,,
12059083,2,2,6,7,,,,,,,,,
12059090,2,2,6,6,,,,,,,,,
12059084,2,2,6,6,,,,,,,,,
12059081,2,2,6,6,,,,,,,,,
12059097,0,0,3,1,,,,,,,,,
12059080,0,0,3,4,,,,,,,,,
12059086,0,0,2,2,,,,,,,,,
12059093,2,2,7,6,,,,,,,,,
12059073,2,2,6,3,10,,,,,,,,
12059071,2,2,6,6,,,,,,,,,
12059079,2,2,6,6,,,,,,,,,
12059070,0,0,4,4,,,,,,,,,
12059082,2,2,6,3,10,,,,,,,,
12059095,2,2,6,6,,,,,,,,,
12059077,2,2,6,6,,,,,,,,,
12059074,0,0,4,6,,,,,,,,,
12059085,2,2,6,3,10,,,,,,,,
12059068,0,0,2,0,,,,,,,,,
12059092,2,2,7,6,,,,,,,,,
12059078,0,0,3,2,,,,,,,,,
12059087,0,0,1,0,,,,,,,,,
12059066,2,2,6,6,,,,,,,,,
12059069,0,0,3,6,,,,,,,,,
12059067,,,,,,,,,,,,,
12059072,,,,,,,,,,,,,
12059089,0,0,3,1,,,,,,,,,
12059075,2,2,6,6,,,,,,,,,
12061458,,,,,,,,,,,,,
12061465,,,,,,,,,,,,,
12061461,,,,,,,,,,,,,
12061467,,,,,,,,,,,,,
12061476,,,,,,,,,,,,,
12061455,,,,,,,,,,,,,
12061450,,,,,,,,,,,,,
12061470,,,,,,,,,,,,,
12061471,,,,,,,,,,,,,
12061453,,,,,,,,,,,,,
12061475,,,,,,,,,,,,,
12061454,,,,,,,,,,,,,
12061463,,,,,,,,,,,,,
12061449,,,,,,,,,,,,,
12059159,0,0,2,0,,,,,,,,,
12059169,1,1,2,6,7,,,,,,,,
12059184,0,0,4,3,,,,,,,,,
12059161,0,0,2,5,,,,,,,,,
12059178,1,1,6,3,8,,,,,,,,
12059174,,,,,,,,,,,,,
12059158,0,0,4,5,,,,,,,,,
12059173,2,2,2,6,10,,,,,,,,
12059186,2,2,3,6,10,,,,,,,,
12059201,2,2,5,6,12,,,,,,,,
12059165,2,2,6,6,,,,,,,,,
12059164,2,2,7,6,,,,,,,,,
12059200,2,2,6,6,,,,,,,,,
12059182,0,0,3,3,,,,,,,,,
12059181,2,2,6,4,10,,,,,,,,
12059187,1,1,6,0,5,,,,,,,,
12059180,2,2,6,6,,,,,,,,,
12059192,2,2,6,7,,,,,,,,,
12059175,2,2,6,6,,,,,,,,,
12059198,0,0,0,3,,,,,,,,,
12059188,2,2,6,6,,,,,,,,,
12059204,0,0,3,3,,,,,,,,,
12059197,2,2,6,3,10,,,,,,,,
12059172,,,,,,,,,,,,,
12059202,0,0,0,3,,,,,,,,,
12059160,0,0,3,4,,,,,,,,,
12059179,2,2,6,6,,,,,,,,,
12059203,0,0,3,1,,,,,,,,,
12059162,0,0,4,0,,,,,,,,,
12059177,2,2,6,6,,,,,,,,,
12059193,2,2,6,6,,,,,,,,,
12059176,2,2,6,6,10,,,,,,,,
12061566,,,,,,,,,,,,,
12061575,,,,,,,,,,,,,
12061568,,,,,,,,,,,,,
12061576,,,,,,,,,,,,,
12061571,,,,,,,,,,,,,
12061578,,,,,,,,,,,,,
12061565,,,,,,,,,,,,,
12061577,,,,,,,,,,,,,
12061569,,,,,,,,,,,,,
12061562,,,,,,,,,,,,,
12061579,,,,,,,,,,,,,
12061573,,,,,,,,,,,,,
12061563,,,,,,,,,,,,,
12061567,,,,,,,,,,,,,
12061560,,,,,,,,,,,,,
12061580,,,,,,,,,,,,,
12058908,2,2,6,6,,,,,,,,,
12058897,0,0,0,3,,,,,,,,,
12058895,0,0,1,3,,,,,,,,,
12058900,0,0,0,1,,,,,,,,,
12058899,1,1,4,6,5,,,,,,,,
12058905,0,0,6,4,,,,,,,,,
12058907,2,2,6,6,,,,,,,,,
12058904,2,2,6,6,,,,,,,,,
12058901,0,0,5,4,,,,,,,,,
12058902,1,1,6,1,8,,,,,,,,
12058896,2,2,6,3,11,,,,,,,,
12058898,,,,,,,,,,,,,
12060163,2,2,6,6,,,,,,,,,
12058894,2,2,6,6,,,,,,,,,
12058909,0,0,4,0,,,,,,,,,
12058903,1,1,6,6,11,,,,4,,,,
12058906,1,1,2,6,2,,,,,,,,
12060754,2,2,6,3,10,,,,,,,,
12060517,0,0,3,3,,,,,,,,,
12060755,1,1,6,2,5,,,,,,,,
12060681,2,2,6,7,,,,,7,,,,
12060680,2,2,6,6,,,,,,,,,
12060869,2,2,6,6,,,,,,,,,
12060306,0,0,5,1,,,,,,,,,
12060796,,,3,0,,,,,,,,,
12060819,0,0,1,2,,,,,,,,,
12060772,2,2,6,4,10,,,,,,,,
12060932,0,0,5,3,,,,,,,,,
12061040,2,2,6,6,,,,,,,,,
12060832,2,2,6,7,,,,,,,,,
12060931,2,2,6,6,,,,,,,,,
12060934,0,0,6,6,,,,4,4,,,,
12061060,2,2,6,6,,,,,,,,,
12061350,,,,,,,,,,,,,
12061396,,,,,,,,,,,,,
12061351,,,,,,,,,,,,,
12061423,,,,,,,,,,,,,
12061637,,,,,,,,,,,,,
12061536,,,,,,,,,,,,,
12061426,,,,,,,,,,,,,
12061598,,,,,,,,,,,,,
12061956,,,,,,,,,,,,,
12061963,,,,,,,,,,,,,
12061967,,,,,,,,,,,,,
12061965,,,,,,,,,,,,,
12061966,,,,,,,,,,,,,
12061960,,,,,,,,,,,,,
12061954,,,,,,,,,,,,,
12061962,,,,,,,,,,,,,
12061959,,,,,,,,,,,,,
12061957,,,,,,,,,,,,,
12061955,,,,,,,,,,,,,
12061961,,,,,,,,,,,,,
12058877,2,2,6,6,,,,,,,,,
12058876,2,2,6,6,,,,,,,,,
12058852,1,1,2,6,5,,,,,,,,
12058865,2,2,6,6,,,,,,,,,
12058859,2,2,5,6,10,,,,,,,,
12058873,2,2,6,6,,,,,,,,,
12058858,0,0,0,1,,,,,,,,,
12058879,2,2,6,6,,,,,,,,,
12058854,0,0,4,4,,,,,,,,,
12058867,2,2,6,6,,,,,,,,,
12058882,0,0,1,2,,,,,,,,,
12058853,0,0,4,0,,,,,,,,,
12058863,2,2,4,6,10,,,,,,,,
12058872,0,0,3,3,,,,,,,,,
12058869,0,0,0,1,,,,,,,,,
12058883,2,2,7,6,,,,,,,,,
12058868,0,0,3,2,,,,,,,,,
12058878,2,2,5,6,10,,,,,,,,
12058862,0,0,1,4,,,,,,,,,
12058875,2,2,6,6,,,,,,,,,
12058861,2,2,6,6,,,,,,,,,
12058857,2,2,6,7,,,,,,,,,
12058870,2,2,6,6,,,,,,,,,
12058880,2,2,6,6,,,,,,,,,
12058856,2,2,5,6,10,,,,,,,,
12058881,2,2,6,6,11,,,,,,,,
12058860,2,2,6,6,,,,,,,,,
12058871,0,0,2,4,,,,,,,,,
12058866,2,2,2,7,10,,,,,,,,
12058874,2,2,6,3,12,,,,,,,,
12058864,0,0,3,1,,,,,,,,,
12058855,0,0,2,5,,,,,,,,,
12061810,,,,,,,,,,,,,
12061819,,,,,,,,,,,,,
12061811,,,,,,,,,,,,,
12061816,,,,,,,,,,,,,
12061808,,,,,,,,,,,,,
12061821,,,,,,,,,,,,,
12061807,,,,,,,,,,,,,
12061818,,,,,,,,,,,,,
12061809,,,,,,,,,,,,,
12061820,,,,,,,,,,,,,
12061822,,,,,,,,,,,,,
12061817,,,,,,,,,,,,,
12061814,,,,,,,,,,,,,
12061812,,,,,,,,,,,,,
12061813,,,,,,,,,,,,,
12061815,,,,,,,,,,,,,
12059127,1,1,3,6,2,,,,,,,,
12059129,2,2,3,6,7,,,,,,,,
12059126,2,2,6,7,,,,,9,,,,
12059124,0,0,2,2,,,,,,,,,
12059132,0,0,5,2,,,,,,,,,
12059131,1,1,6,6,2,,,,1,,,,
12059130,0,0,1,4,,,,,,,,,
12059128,2,2,2,7,6,,,,7,,,,
12061452,0,0,4,,,,,,,,,,
12061462,0,0,4,,,,,,,,,,
12061472,,,,,,,,,,,,,
12061474,,,,,,,,,,,,,
12061477,,,,,,,,,,,,,
12061460,,,,,,,,,,,,,
12058791,0,0,4,2,,,,,,,,,
12058795,0,0,4,2,,,,,,,,,
12058776,1,1,7,4,5,,,,,,,,
12058786,0,0,0,1,,,,,,,,,
12058785,0,0,4,3,,,,,,,,,
12058774,0,0,4,2,,,,,,,,,
12058752,0,0,0,0,,,,,,,,,
12058780,0,0,4,4,,,,,,,,,
12058764,0,0,3,4,,,,,,,,,
12058760,0,0,2,1,,,,,,,,,
12058755,0,0,3,1,,,,,,,,,
12058758,0,0,1,1,,,,,,,,,
12058756,0,0,1,2,,,,,,,,,
12058757,0,0,3,2,,,,,,,,,
12058766,0,0,2,0,,,,,,,,,
12058777,0,0,2,1,,,,,,,,,
12058771,2,2,6,6,,,,,,,,,
12058784,,,,,,,,,,,,,
12058747,2,2,6,6,,,,,,,,,
12058754,2,2,6,6,,,,,,,,,
12058793,2,2,6,6,,,,,,,,,
12061030,0,0,1,1,,,,,,,,,
12061022,0,0,2,1,,,,,,,,,
12061015,2,2,6,6,,,,,,,,,
12061017,0,0,5,,,,,,,,,,
12061019,1,1,6,1,,,,,,,,,
12061010,0,0,1,,,,,,,,,,
12061034,0,0,5,,,,,,,,,,
12061008,,,,,,,,,,,,,
12061027,,,,,,,,,,,,,
12061032,,,,,,,,,,,,,
12061007,,,,,,,,,,,,,
12061026,,,,,,,,,,,,,
12061020,,,,,,,,,,,,,
12061018,,,,,,,,,,,,,
12061024,,,,,,,,,,,,,
12061014,,,,,,,,,,,,,
12061459,,,,,,,,,,,,,
12061443,,,,,,,,,,,,,
12061456,,,,,,,,,,,,,
12061478,,,,,,,,,,,,,
12061468,,,,,,,,,,,,,
12061480,,,,,,,,,,,,,
12061464,,,,,,,,,,,,,
12061451,,,,,,,,,,,,,
12061457,,,,,,,,,,,,,
12061466,,,,,,,,,,,,,
12061473,,,,,,,,,,,,,
12061448,,,,,,,,,,,,,
12061469,,,,,,,,,,,,,
12061479,,,,,,,,,,,,,
12058919,0,0,0,1,,,,,,,,,
12058945,0,0,1,0,,,,,,,,,
12058935,2,2,7,6,,,,,,,,,
12058920,0,0,0,0,,,,,,,,,
12058921,2,2,6,6,,,,,,,,,
12058943,1,1,6,6,4,,,,,,,,
12058931,2,2,6,6,,,,,,,,,
12058942,2,2,6,6,,,,,,,,,
12058944,2,2,6,6,,,,,,,,,
12058934,2,2,6,6,,,,,,,,,
12058941,1,1,6,6,5,,,,,,,,
12058928,2,2,6,6,,,,,,,,,
12058937,0,0,1,3,,,,,,,,,
12058926,0,0,0,0,,,,,,,,,
12058939,2,2,6,6,,,,,,,,,
12058929,2,2,6,6,,,,,,,,,
12058917,1,1,6,3,8,,,,,,,,
12058936,0,0,3,2,,,,,,,,,
12058922,0,0,5,1,,,,,,,,,
12058930,0,0,0,0,,,,,,,,,
12058927,0,0,6,0,,,,,,,,,
12058924,2,2,6,5,10,,,,,,,,
12058915,0,0,5,2,,,,,,,,,
12058940,,,,,,,,,,,,,
12060176,2,2,6,6,,,,,,,,,
12058938,0,0,1,3,,,,,,,,,
12058933,0,0,1,5,,,,,,,,,
12058932,2,2,7,6,,,,,,,,,
12058916,0,0,3,6,,,,,,,,,
12058914,2,2,6,3,10,,,,,,,,
12058925,1,1,6,5,7,,,,,,,,
12058923,0,0,3,0,,,,,,,,,
12058918,1,1,7,2,11,,,,,,,,
12061247,,,,,,,,,,,,,
12061246,,,,,,,,,,,,,
12061243,,,,,,,,,,,,,
12061252,,,,,,,,,,,,,
12061251,,,,,,,,,,,,,
12061242,,,,,,,,,,,,,
12061240,,,,,,,,,,,,,
12061244,,,,,,,,,,,,,
12061248,,,,,,,,,,,,,
12061249,,,,,,,,,,,,,
12061253,,,,,,,,,,,,,
12061250,,,,,,,,,,,,,
12061254,,,,,,,,,,,,,
12061259,,,,,,,,,,,,,
12061241,,,,,,,,,,,,,
12061245,,,,,,,,,,,,,
12059167,,,,,,,,,,,,,
12059166,,,,,,,,,,,,,
12059168,2,2,6,6,,,,,,,,,
12059189,,,,,,,,,,,,,
12059199,1,1,6,2,7,,,,,,,,
12059163,,,,,,,,,,,,,
12059191,0,0,1,4,,,,,,,,,
12059195,,,,,,,,,,,,,
12059190,,,,,,,,,,,,,
12059170,2,2,7,3,12,,,,,,,,
12059196,2,2,6,7,,,,,,,,,
12059185,,,,,,,,,,,,,
12059171,,,,,,,,,,,,,
12059183,,,,,,,,,,,,,
12059157,,,,,,,,,,,,,
12059194,,,,,,,,,,,,,
12061572,,,,,,,,,,,,,
12061564,,,,,,,,,,,,,
12061570,,,,,,,,,,,,,
12061561,,,,,,,,,,,,,
12061574,,,,,,,,,,,,,
12059511,0,0,1,5,,,,,,,,,
12059498,2,2,6,6,,,,,,,,,
12059504,2,2,6,6,,,,,,,,,
12059505,0,0,2,6,,,,,0,,,,
12059502,,,,,,,,,,,,,
12059501,,,,,,,,,,,,,
12061339,2,2,6,6,,,,,,,,,
12059503,1,1,6,6,6,,,6,,6,,,
12059500,0,0,3,2,,,,,,,,,
12059509,1,1,4,7,4,,,,8,,,,
12059508,2,2,6,7,,,,,,,,,
12059510,1,1,5,6,5,,,,,,,,
12059507,,,,,,,,,,,,,
12059506,1,1,1,7,2,,,,7,,,,
12059499,2,2,6,6,,,,,,,,,
12059497,0,0,2,0,,,,,,,,,
12059836,2,2,2,6,6,,,,,,,,
12059496,2,2,6,6,,,,,,,,,
12062455,,,,,,,,,,,,,
12062458,,,,,,,,,,,,,
12062459,,,,,,,,,,,,,
12062460,,,,,,,,,,,,,
12062456,,,,,,,,,,,,,
12062454,,,,,,,,,,,,,
12062453,,,,,,,,,,,,,
12062457,,,,,,,,,,,,,
12059111,1,1,6,,,,,,,,,,
12059115,2,2,6,6,,,,,,,,,
12059117,0,0,1,6,,,,,5,,,,
12059116,2,2,6,6,,,,,,,,,
12059112,2,2,6,6,,,,,,,,,
12059120,1,1,6,3,2,,,,,,,,
12059108,2,2,6,6,6,,,,6,,,,
12059109,0,0,5,3,,,,,,,,,
12060788,1,1,2,6,4,,,,,,,,
12059119,,,,,,,,,,,,,
12059110,2,2,6,6,,,,,,,,,
12059122,2,2,6,6,,,,,,,,,
12059118,2,2,6,6,,,,,,,,,
12059114,,,,,,,,,,,,,
12059113,0,0,5,,,,,,,,,,
12059121,0,0,6,0,,,,4,,,,,
12059123,1,1,3,7,1,,,,7,,,,
12061280,0,0,3,,,,,,,,,,
12061279,0,0,2,,,,,,,,,,
12061281,,,,,,,,,,,,,
12061282,,,,,,,,,,,,,
12061283,,,,,,,,,,,,,
12061278,,,,,,,,,,,,,
12058835,0,0,2,3,,,,,,,,,
12058838,0,0,0,1,,,,,,,,,
12058844,2,2,6,6,,,,,,,,,
12058845,2,2,6,6,,,,,,,,,
12058833,0,0,4,1,,,,,,,,,
12058842,0,0,1,3,,,,,,,,,
12058834,0,0,2,2,,,,,,,,,
12058830,2,2,6,6,,,,,,,,,
12058839,1,1,4,6,8,,,,,,,,
12058843,0,0,4,1,,,,,,,,,
12058841,2,2,7,6,,,,,,,,,
12058837,0,0,3,3,,,,,,,,,
12058840,0,0,5,2,,,,,,,,,
12058832,0,0,4,4,,,,,,,,,
12058831,,,,,,,,,,,,,
12058836,0,0,1,1,,,,,,,,,
12060799,,,,,,,,,,,,,
12060804,,,,,,,,,,,,,
12060801,,,,,,,,,,,,,
12060805,,,,,,,,,,,,,
12060802,,,,,,,,,,,,,
12060806,,,,,,,,,,,,,
12060800,,,,,,,,,,,,,
12060803,,,,,,,,,,,,,
12061182,,,,,,,,,,,,,
12061088,,,,,,,,,,,,,
12061087,,,,,,,,,,,,,
12061332,,,,,,,,,,,,,
12061412,,,,,,,,,,,,,
12061331,,,,,,,,,,,,,
12061338,,,,,,,,,,,,,
12061086,,,,,,,,,,,,,
12061293,1,1,4,7,1,,,,14,,,,
12056909,2,2,7,6,,,,7,,,,,
12056906,2,2,3,7,7,,,,9,7,,,
12061298,0,0,6,6,,,,3,8,,,,
12056908,0,0,3,4,,,,,,,,,
12056902,1,1,6,4,3,,,,,,,,
12059442,2,2,6,7,,,,,7,,,,
12059447,1,1,6,3,0,,,,,,,,
12059446,2,2,6,6,6,,,4,,,,,
12059445,0,0,4,1,,,,,,,,,
12017969,0,0,1,4,,,,,,,,,
12018500,1,1,6,7,3,,,3,,,,,
12057531,2,2,6,6,,,,,,,,,
12057533,1,1,6,4,3,,,,,,,,
12063982,0,0,4,6,,,,,1,,,,
12057535,,,,,,,,,,,,,
12057530,2,2,6,7,,,,,7,,,,
12018539,2,2,6,6,,,,,,,,,
12058885,0,0,6,3,,,,5,,,,,
12056880,0,0,5,1,,,,,,,,,
12058890,0,0,5,3,,,,,,,,,
12058889,2,2,6,6,,,,,,,,,
12058884,2,2,7,6,,,,7,,,,,
12056865,2,2,6,6,,,,,,,,,
12056876,0,0,1,1,,,,,,,,,
12056874,2,2,6,7,,,,,,,,,
12056867,0,0,0,6,,,,,6,,,,
12056875,0,0,2,3,,,,,,,,,
12058851,1,1,3,6,4,,,,,,,,
12056873,2,2,7,7,,,,,7,,,,
12058886,1,1,3,6,3,,,,,,,,
12056871,,,,,,,,,,,,,
12056869,1,1,5,6,6,,,,,5,,,
12063423,0,0,4,4,,,,,,,,,
12058888,0,0,1,4,,,,,,,,,
12056878,2,2,6,7,,,,,7,,,,
12056879,2,2,7,2,7,,,,,,,,
12058887,0,0,3,6,,,,,8,,,,
12056870,2,2,7,6,,,,,,,,,
12056866,0,0,1,3,,,,,,,,,
12056872,1,1,6,6,4,,,,3,,,,
12049681,2,2,6,6,,,,,,,,,
12049675,2,2,6,0,6,,,,,,,,
12049673,0,0,1,,,,,,,,,,
12049668,2,2,6,2,6,,,,,,,,
12049679,1,1,6,2,3,,,,,,,,
12049678,2,2,6,6,,,,,,,,,
12049695,0,0,6,2,,,,2,,,,,
12049674,2,2,3,7,7,,,,7,,,,
12049677,2,2,6,7,,,,,,,,,
12049693,1,1,0,6,1,,,,,,,,
12018674,2,2,6,6,,,,,,,,,
12018708,0,0,4,3,,,,,,,,,
12059234,2,2,6,5,6,,,,,,,,
12059277,1,1,6,1,4,,,,,,,,
12059381,2,2,6,7,,,,,7,,,,
12059490,2,2,4,7,6,,,,7,,,,
12057500,2,2,6,6,,,,,,,,,
12057499,0,0,3,6,,,,,2,,,,
12059291,1,1,7,2,3,,,,,,,,
12059369,1,1,4,6,3,,,,,,,,
12059837,2,2,7,6,,,,,,,,,
12061694,2,2,6,6,,,,,,,,,
12059240,,,,,,,,,,,,,
12059247,0,0,3,4,,,,,,,,,
12059244,2,2,6,6,,,,,,,,,
12059246,0,0,3,1,,,,,,,,,
12059245,1,1,4,6,3,,,,,,,,
12059248,0,0,6,,,,,6,,,,,
12063937,0,0,4,,,,,,,,,,
12063939,2,2,6,6,,,,,,,,,
12060816,0,0,2,2,,,,,,,,,
12059235,0,0,1,1,,,,,,,,,
12059243,0,0,6,6,,,,3,5,,,,
12059239,2,2,7,6,,,,7,,,,,
12059241,0,0,2,4,,,,,,,,,
12059846,,,,,,,,,,,,,
12059842,,,,,,,,,,,,,
12059849,2,2,6,6,,,,,,,,,
12059848,1,1,4,6,6,,,,,5,,,
12059845,2,2,6,7,6,,,4,,,,,
12059843,2,2,7,6,,,,,,,,,
12063388,0,0,5,3,,,,,,,,,
12063390,2,2,6,7,,,,,,,,,
12059847,2,2,6,6,,,,,,,,,
12059942,0,0,4,3,,,,,,,,,
12063389,1,1,6,3,3,,,,,,,,
12063391,2,2,3,6,7,,,,,7,,,
12063386,0,0,4,6,,,,,4,,,,
12063387,1,1,6,6,4,,,2,,,,,
12059841,2,2,6,7,,,,,,,,,
12059844,0,0,2,2,,,,,,,,,
12059258,1,1,7,3,4,,,7,,,,,
12059257,0,0,3,4,,,,,,,,,
12059252,0,0,6,3,,,,1,,,,,
12059259,2,2,6,6,,,,,,,,,
12059251,2,2,6,4,7,,,,,,,,
12063925,2,2,7,2,6,,,,,,,,
12063932,0,0,4,2,,,,,,,,,
12063930,0,0,1,2,,,,,,,,,
12063929,0,0,6,1,,,,4,,,,,
12063931,2,2,7,6,,,,7,,,,,
12059271,2,2,7,6,,,,7,,,,,
12059264,0,0,6,4,,,,5,,,,,
12059273,0,0,4,4,,,,,,,,,
12059263,2,2,4,6,7,,,,,7,,,
12059267,2,2,6,7,,,,,7,,,,
12059268,1,1,6,5,4,,,,,,,,
12063637,2,2,6,6,,,,,,,,,
12063638,2,2,6,7,,,,,7,,,,
12058640,,,,,,,,,,,,,
12058633,2,2,6,6,,,,,,,,,
12058635,2,2,6,6,12,,,,6,,,,
12058641,0,0,0,2,,,,,,,,,
12058688,2,2,2,6,6,,,,,,,,
12058702,2,2,6,6,,,,,,,,,
12058689,0,0,2,1,,,,,,,,,
12058699,0,0,0,2,,,,,,,,,
12058700,2,2,3,6,6,,,,,,,,
12060110,1,1,6,1,2,,,,,,,,
12058696,1,1,4,7,4,,,,,,,,
12058660,2,2,6,6,,,,,,,,,
12060945,2,2,1,7,7,,,,7,,,,
12063088,1,1,6,0,,,,,,,,,
12063065,0,0,6,3,,,,2,,,,,
12063372,1,1,3,6,6,,,,,2,,,
12063311,0,0,5,0,,,,,,,,,
12063527,2,2,6,6,,,,,,,,,
12060121,0,0,4,2,,,,,,,,,
12060829,2,2,6,6,,,,,,,,,
12059941,0,0,1,2,,,,,,,,,
12060888,2,2,6,6,,,,,,,,,
12061323,2,2,7,4,6,,,,,,,,
12060830,2,2,6,6,,,,,,,,,
12058983,0,0,3,3,,,,,,,,,
12058973,2,2,6,6,,,,,,,,,
12058981,2,2,7,6,,,,,,,,,
12058972,2,2,7,7,,,,9,7,,,,
12058997,2,2,5,7,6,,,,,,,,
12058974,2,2,4,7,7,,,,,7,,,
12058995,0,0,1,5,,,,,,,,,
12058971,2,2,6,7,,,,,7,,,,
12060937,1,1,5,6,3,,,,,,,,
12060936,0,0,4,3,,,,,,,,,
12061092,2,2,6,6,,,,,,,,,
12061535,2,2,7,6,,,,7,,,,,
12061710,2,2,7,4,6,,,10,,,,,
12061919,2,2,4,6,6,,,,,,,,
12059226,0,0,2,4,,,,,,,,,
12059218,0,0,5,3,,,,,,,,,
12059224,0,0,5,5,,,,,,,,,
12059219,1,1,6,4,3,,,,,,,,
12059227,1,1,6,4,3,,,,,,,,
12059222,1,1,4,6,0,,,,,,,,
12059217,2,2,6,6,,,,,,,,,
12059225,0,0,3,3,,,,,,,,,
12060938,2,2,6,6,,,,,,,,,
12061375,0,0,5,3,,,,,,,,,
12061044,2,2,6,6,6,,,6,,,,,
12061541,2,2,6,6,,,,,,,,,
12061540,2,2,5,6,6,,,,,,,,
12061539,2,2,7,7,,,,,7,,,,
12018729,2,2,5,7,6,,,,8,,,,
12058489,2,2,6,2,6,,,,,,,,
12063861,2,2,6,7,,,,,,,,,
12063874,2,2,7,6,,,,,,,,,
12064004,2,2,6,6,,,,,,,,,
12063983,2,2,6,6,,,,,,,,,
12064002,2,2,3,6,6,,,,,,,,
12063995,2,2,6,6,,,,,,,,,
12063316,2,2,6,7,,,,,7,,,,
12063312,1,1,6,6,4,,,2,,,,,
12063329,2,2,7,6,,,,7,,,,,
12063317,0,0,1,3,,,,,,,,,
12063321,1,1,6,5,2,,,,,,,,
12060700,2,2,6,6,,,,,,,,,
12060701,1,1,6,5,7,,,,,,,,
12060688,0,0,4,0,,,,,,,,,
12060702,0,0,5,3,,,,,,,,,
12060692,0,0,4,3,,,,,,,,,
12060694,2,2,6,7,,,,,,,,,
12060690,2,2,6,6,,,,,,,,,
12060687,2,2,6,3,11,,,,,,,,
12063555,2,2,6,6,,,,,,,,,
12063565,0,0,4,1,,,,,,,,,
12063557,2,2,6,6,,,,,,,,,
12063564,0,0,1,2,,,,,,,,,
12063567,1,1,6,6,4,,,,5,,,,
12063563,1,1,3,7,2,,,,7,,,,
12063560,2,2,6,6,,,,,,,,,
12059125,2,2,6,3,7,,,,,,,,
12058828,0,0,5,2,,,,,,,,,
12059134,0,0,5,4,,,,,,,,,
12059137,,,,,,,,,,,,,
12059136,2,2,4,6,10,,,,,,,,
12059141,0,0,0,0,,,,,,,,,
12059142,0,0,3,3,,,,,,,,,
12059145,1,1,3,7,5,,,,,,,,
12059146,2,2,6,6,,,,,,,,,
12059147,0,0,2,4,,,,,,,,,
12059140,0,0,1,2,,,,,,,,,
12059135,2,2,7,6,,,,,,,,,
12061927,0,0,2,2,,,,,,,,,
12059144,2,2,7,7,,,,,,,,,
12059148,0,0,3,0,,,,,,,,,
12061928,0,0,2,3,,,,,,,,,
12059133,0,0,6,3,,,,,,,,,
12059138,1,1,6,6,5,,,,,,,,
12059139,1,1,4,7,2,,,,,,,,
12059143,0,0,2,1,,,,,,,,,
12063945,2,2,6,6,,,,,,,,,
12063536,2,2,6,6,,,,,,,,,
12063499,2,2,6,6,,,,,,,,,
12063534,2,2,6,6,,,,,,,,,
12063500,0,0,3,2,,,,,,,,,
12061926,1,1,2,6,7,,,,,,,,
12061925,2,2,6,6,,,,,,,,,
12063535,2,2,6,6,,,,,,,,,
12063948,2,2,6,6,,,,,,,,,
12063950,0,0,2,2,,,,,,,,,
12063947,2,2,6,6,,,,,,,,,
12063533,1,1,6,4,8,,,,,,,,
12064027,0,0,3,4,,,,,,,,,
12063946,2,2,6,6,,,,,,,,,
12063949,,,,,,,,,,,,,
12063814,2,2,1,7,6,,,,7,,,,
12063812,0,0,1,2,,,,,,,,,
12063817,0,0,4,4,,,,,,,,,
12058946,1,1,1,6,4,,,,,,,,
12063864,2,2,7,6,,,,7,,,,,
12063875,0,0,1,1,,,,,,,,,
12063876,2,2,3,7,6,,,,,,,,
12059475,0,0,1,2,,,,,,,,,
12063757,0,0,0,1,,,,,,,,,
12063774,2,2,6,6,,,,,,,,,
12063770,0,0,2,1,,,,,,,,,
12063758,2,2,7,6,,,,7,,,,,
12063996,0,0,1,0,,,,,,,,,
12063999,2,2,6,6,,,,,,,,,
12063988,1,1,2,7,3,,,,9,,,,
12063328,2,2,6,6,,,,,,,,,
12063315,2,2,6,7,,,,,,,,,
12063331,2,2,7,6,,,,,,,,,
12063327,0,0,4,5,,,,,,,,,
12063313,0,0,3,2,,,,,,,,,
12063326,2,2,7,3,7,,,,,,,,
12063325,0,0,0,2,,,,,,,,,
12063324,2,2,6,7,6,,,2,,,,,
12063333,2,2,6,6,,,,,,,,,
12063314,0,0,2,2,,,,,,,,,
12060698,2,2,6,6,,,,,,,,,
12060697,0,0,2,4,,,,,,,,,
12060689,2,2,7,6,,,,7,,,,,
12060696,2,2,6,6,,,,,,,,,
12060693,2,2,7,7,,,,,,,,,
12060695,2,2,6,3,10,,,,,,,,
12060691,2,2,6,6,,,,,,,,,
12060699,0,0,1,3,,,,,,,,,
12064009,0,0,4,6,,,,,4,,,,
12064016,1,1,6,4,4,,,,,,,,
12064017,2,2,2,6,6,,,,,,,,
12064014,1,1,2,6,3,,,,,,,,
12058910,2,2,6,3,6,,,,,,,,
12061011,1,1,7,3,8,,,,,,,,
12061025,2,2,6,6,,,,,,,,,
12061037,1,1,7,4,8,,,7,,,,,
12061021,0,0,4,2,,,,,,,,,
12061031,0,0,3,3,,,,,,,,,
12061023,0,0,5,2,,,,,,,,,
12061028,0,0,0,3,,,,,,,,,
12061013,2,2,6,6,,,,,,,,,
12061012,2,2,6,7,,,,,,,,,
12061036,2,2,6,6,,,,,,,,,
12061009,2,2,6,6,,,,,,,,,
12061038,2,2,6,6,,,,,,,,,
12061029,2,2,6,6,,,,,,,,,
12061033,2,2,6,6,,,,,,,,,
12061035,0,0,1,2,,,,,,,,,
12061016,2,2,6,6,,,,,,,,,
12063582,2,2,6,7,,,,,,,,,
12063599,2,2,6,4,10,,,,,,,,
12063583,0,0,2,1,,,,,,,,,
12063589,2,2,6,3,10,,,,,,,,
12063588,1,1,6,3,7,,,,,,,,
12059069,0,0,3,6,,,,,,,,,
12059067,0,0,4,6,,,,,,,,,
12059072,2,2,6,6,10,,,,,,,,
12059089,0,0,3,1,,,,,,,,,
12059075,2,2,6,6,,,,,,,,,
12061458,2,2,6,6,,,,,,,,,
12061465,0,0,2,4,,,,,,,,,
12061461,2,2,6,7,,,,,,,,,
12061467,0,0,0,4,,,,,,,,,
12061476,0,0,3,0,,,,,,,,,
12061455,2,2,6,6,,,,,,,,,
12061450,0,0,1,3,,,,,,,,,
12061470,2,2,6,6,,,,,,,,,
12061471,2,2,3,6,10,,,,,,,,
12061453,0,0,3,4,,,,,,,,,
12061475,2,2,6,6,,,,,,,,,
12061454,2,2,6,4,10,,,,,,,,
12061463,0,0,4,1,,,,,,,,,
12061449,2,2,6,6,,,,,,,,,
12063068,2,2,6,6,,,,,,,,,
12063069,2,2,4,6,10,,,,,,,,
12063862,1,1,2,6,7,,,,,,,,
12063892,2,2,7,2,10,,,9,,,,,
12063859,0,0,1,,,,,,,,,,
12063870,2,2,6,6,,,,,,,,,
12063873,1,1,7,0,8,,,7,,,,,
12063872,2,2,6,6,,,,,,,,,
12063887,0,0,3,6,,,,,2,,,,
12063879,2,2,6,2,10,,,,,,,,
12059202,0,0,0,3,,,,,,,,,
12059160,0,0,3,4,,,,,,,,,
12059179,2,2,6,6,,,,,,,,,
12059203,0,0,3,1,,,,,,,,,
12059162,0,0,4,0,,,,,,,,,
12059177,2,2,6,6,,,,,,,,,
12059193,2,2,6,6,,,,,,,,,
12059176,2,2,6,6,10,,,,,,,,
12061566,2,2,6,6,,,,,,,,,
12061575,2,2,6,6,,,,,,,,,
12061568,0,0,0,3,,,,,,,,,
12061576,2,2,6,6,,,,,,,,,
12061571,0,0,1,1,,,,,,,,,
12061578,1,1,3,6,4,,,,,,,,
12061565,0,0,0,5,,,,,,,,,
12061577,2,2,7,7,,,,,,,,,
12061569,2,2,6,6,,,,,,,,,
12061562,0,0,1,3,,,,,,,,,
12061579,,,,,,,,,,,,,
12061573,0,0,3,3,,,,,,,,,
12061563,0,0,2,4,,,,,,,,,
12061567,2,2,6,6,,,,,,,,,
12061560,2,2,7,6,,,,,,,,,
12061580,2,2,6,6,,,,,,,,,
12063404,2,2,6,6,,,,,,,,,
12063401,2,2,6,6,,,,,,,,,
12063407,1,1,6,6,4,,,3,,,,,
12063395,0,0,4,3,,,,,,,,,
12063507,2,2,6,6,,,,,,,,,
12063509,2,2,3,6,12,,,,,,,,
12063508,0,0,6,2,,,,4,,,,,
12063506,1,1,6,1,4,,,,,,,,
12058903,1,1,6,6,11,,,,4,,,,
12058906,1,1,2,6,2,,,,,,,,
12060754,2,2,6,3,10,,,,,,,,
12060517,0,0,3,3,,,,,,,,,
12060755,1,1,6,2,5,,,,,,,,
12060681,2,2,6,7,,,,,7,,,,
12060680,2,2,6,6,,,,,,,,,
12060869,2,2,6,6,,,,,,,,,
12060306,0,0,5,1,,,,,,,,,
12060796,,,3,0,,,,,,,,,
12060819,0,0,1,2,,,,,,,,,
12060772,2,2,6,4,10,,,,,,,,
12060932,0,0,5,3,,,,,,,,,
12061040,2,2,6,6,,,,,,,,,
12060832,2,2,6,7,,,,,,,,,
12060931,2,2,6,6,,,,,,,,,
12060934,0,0,6,6,,,,4,4,,,,
12061060,2,2,6,6,,,,,,,,,
12061350,2,2,6,4,10,,,,,,,,
12061396,0,0,4,4,,,,,,,,,
12061351,2,2,3,6,10,,,,,,,,
12061423,1,1,3,7,3,,,,,,,,
12061637,2,2,6,6,,,,,,,,,
12061536,2,2,6,6,,,,,,,,,
12061426,2,2,7,7,,,,,,,,,
12061598,2,2,7,7,,,,,,,,,
12062146,2,2,6,4,10,,,,,,,,
12062137,1,1,6,4,8,,,,,,,,
12062144,1,1,1,7,6,,,,,,,,
12062141,1,1,7,5,9,,,,,,,,
12062140,2,2,6,6,,,,,,,,,
12062139,2,2,7,6,,,,,,,,,
12062148,2,2,6,6,,,,,,,,,
12062147,1,1,7,4,5,,,,,,,,
12062135,0,0,2,2,,,,,,,,,
12062133,1,1,6,4,5,,,,,,,,
12062134,0,0,2,3,,,,,,,,,
12062138,0,0,4,4,,,,,,,,,
12062136,1,1,0,7,6,,,,,,,,
12062142,2,2,6,6,,,,,,,,,
12062145,0,0,3,4,,,,,,,,,
12062143,2,2,6,7,,,,,,,,,
12061956,2,2,6,6,,,,,,,,,
12061963,2,2,6,7,,,,,,,,,
12061967,2,2,6,1,11,,,,,,,,
12061965,0,0,4,2,,,,,,,,,
12061966,1,1,6,0,2,,,,,,,,
12061960,0,0,2,0,,,,,,,,,
12061954,0,0,4,3,,,,,,,,,
12061962,2,2,7,6,,,,,,,,,
12061959,2,2,6,6,,,,,,,,,
12061957,2,2,6,6,,,,,,,,,
12061955,2,2,6,6,,,,,,,,,
12061961,2,2,6,6,,,,,,,,,
12061964,2,2,6,6,,,,,,,,,
12061968,1,1,2,6,3,,,,,,,,
12061958,2,2,6,6,,,,,,,,,
12061953,0,0,1,2,,,,,,,,,
12058870,2,2,6,6,,,,,,,,,
12058880,2,2,6,6,,,,,,,,,
12058856,2,2,5,6,10,,,,,,,,
12058881,2,2,6,6,11,,,,,,,,
12058860,2,2,6,6,,,,,,,,,
12058871,0,0,2,4,,,,,,,,,
12058866,2,2,2,7,10,,,,,,,,
12058874,2,2,6,3,12,,,,,,,,
12058864,0,0,3,1,,,,,,,,,
12058855,0,0,2,5,,,,,,,,,
12061810,0,0,5,2,,,,,,,,,
12061819,2,2,6,7,,,,,,,,,
12061811,2,2,6,4,10,,,,,,,,
12061816,0,0,3,1,,,,,,,,,
12061808,2,2,6,6,,,,,,,,,
12061821,0,0,2,3,,,,,,,,,
12061807,2,2,5,6,10,,,,,,,,
12061818,2,2,3,6,10,,,,,,,,
12061809,2,2,6,6,,,,,,,,,
12061820,2,2,6,7,,,,,,,,,
12061822,0,0,3,6,,,,,,,,,
12061817,2,2,6,6,,,,,,,,,
12061814,1,1,6,4,9,,,,,,,,
12061812,,,,,,,,,,,,,
12061813,2,2,6,6,,,,,,,,,
12061815,0,0,3,4,,,,,,,,,
12063669,2,2,6,7,10,,,8,,,,,
12063666,2,2,6,7,,,,,10,,,,
12063663,2,2,1,7,11,,,,7,,,,
12063672,2,2,7,6,,,,,,,,,
12063662,2,2,7,6,,,,,,,,,
12063661,2,2,7,6,,,,,,,,,
12063671,1,1,4,6,4,,,,,,,,
12063660,2,2,7,3,10,,,,,,,,
12059124,0,0,2,2,,,,,,,,,
12059132,0,0,5,2,,,,,,,,,
12059131,1,1,6,6,2,,,,1,,,,
12059130,0,0,1,4,,,,,,,,,
12059128,2,2,2,7,6,,,,7,,,,
12061452,2,2,6,6,,,,,,,,,
12061462,1,1,6,1,6,,,,,7,,,
12061474,0,0,4,4,,,,,,,,,
12061472,2,2,6,6,,,,,,,,,
12061477,1,1,7,2,5,,,8,,,,,
12061460,0,0,2,1,,,,,,,,,
12061740,2,2,6,6,,,,,,,,,
12061481,2,2,6,6,,,,,,,,,
12061030,0,0,1,1,,,,,,,,,
12061022,0,0,2,1,,,,,,,,,
12061015,2,2,6,6,,,,,,,,,
12061017,0,0,5,4,,,,,,,,,
12061019,2,2,6,6,,,,,,,,,
12061034,2,2,6,6,,,,,,,,,
12061010,2,2,6,4,10,,,,,,,,
12061008,2,2,6,6,,,,,,,,,
12061032,0,0,1,5,,,,,,,,,
12061027,,,,,,,,,,,,,
12061018,0,0,1,2,,,,,,,,,
12061024,0,0,1,3,,,,,,,,,
12061026,1,1,5,6,3,,,,,,,,
12061007,1,1,7,5,6,,,,,,,,
12061014,2,2,6,6,,,,,,,,,
12061020,2,2,6,6,,,,,,,,,
12063615,2,2,6,6,,,,,,,,,
12063587,0,0,3,3,,,,,,,,,
12063611,0,0,1,4,,,,,,,,,
12061459,0,0,0,1,,,,,,,,,
12061478,2,2,6,6,,,,,,,,,
12061468,0,0,3,3,,,,,,,,,
12061480,1,1,0,6,7,,,,,,,,
12061443,2,2,6,6,,,,,,,,,
12061456,1,1,1,7,6,,,,,,,,
12061464,2,2,6,6,,,,,,,,,
12061451,,,,,,,,,,,,,
12061457,0,0,1,2,,,,,,,,,
12061466,0,0,0,3,,,,,,,,,
12061473,2,2,6,6,,,,,,,,,
12061448,2,2,6,6,,,,,,,,,
12061469,0,0,3,1,,,,,,,,,
12061479,2,2,2,6,10,,,,,,,,
12063877,2,2,6,7,,,,,11,,,,
12063871,2,2,1,6,10,,,,,,,,
12063889,2,2,6,6,,,,,,,,,
12063882,2,2,6,6,,,,,,,,,
12063860,1,1,2,7,6,,,,,,,,
12063869,1,1,2,6,7,,,,,,,,
12063863,0,0,3,0,,,,,,,,,
12063884,1,1,0,6,3,,,,,,,,
12058923,0,0,3,0,,,,,,,,,
12058918,1,1,7,2,11,,,,,,,,
12061247,2,2,6,6,,,,,,,,,
12061246,2,2,7,4,13,,,,,,,,
12061243,0,0,1,3,,,,,,,,,
12061252,2,2,6,6,,,,,,,,,
12061251,2,2,6,6,,,,,,,,,
12061242,2,2,6,3,10,,,,,,,,
12061240,2,2,6,6,,,,,,,,,
12061244,2,2,6,4,11,,,,,,,,
12061248,2,2,7,6,,,,,,,,,
12061249,0,0,4,6,,,,,,,,,
12061253,2,2,6,6,,,,,,,,,
12061250,1,1,4,6,1,,,,,,,,
12061254,0,0,4,1,,,,,,,,,
12061259,0,0,2,1,,,,,,,,,
12061241,1,1,6,6,9,,,,,,,,
12061245,0,0,3,1,,,,,,,,,
12063756,0,0,5,0,,,,,,,,,
12063762,2,2,6,6,,,,,,,,,
12063766,2,2,6,7,10,,,,,,,,
12063767,2,2,6,6,,,,,,,,,
12063768,1,1,7,3,9,,,,,,,,
12063765,2,2,6,6,,,,,,,,,
12063759,0,0,4,1,,,,,,,,,
12063761,2,2,1,6,10,,,,,,,,
12059167,1,1,3,7,9,,,,,,,,
12059166,1,1,1,6,1,,,,,,,,
12059168,2,2,6,6,,,,,,,,,
12059189,2,2,6,6,,,,,,,,,
12059199,1,1,6,2,7,,,,,,,,
12059163,2,2,3,6,10,,,,,,,,
12059191,0,0,1,4,,,,,,,,,
12059195,1,1,6,3,6,,,,,,,,
12059190,0,0,4,4,,,,,,,,,
12059170,2,2,7,3,12,,,,,,,,
12059196,2,2,6,7,,,,,,,,,
12059185,2,2,6,6,,,,,,,,,
12059171,,,,,,,,,,,,,
12059183,2,2,6,6,,,,,,,,,
12059157,0,0,1,2,,,,,,,,,
12059194,2,2,6,6,,,,,,,,,
12061572,2,2,6,6,,,,,,,,,
12061564,2,2,6,6,,,,,,,,,
12061570,2,2,6,6,,,,,,,,,
12061561,2,2,4,6,10,,,,,,,,
12061574,0,0,5,3,,,,,,,,,
12063396,2,2,6,6,,,,,,,,,
12063402,2,2,6,6,,,,,,,,,
12063409,0,0,4,6,,,,,,,,,
12063406,2,2,6,6,,,,,,,,,
12063399,2,2,6,6,,,,,,,,,
12063403,1,1,6,3,8,,,,,,,,
12063400,2,2,6,6,,,,,,,,,
12063405,0,0,4,6,,,,,,,,,
12063397,0,0,4,2,,,,,,,,,
12064000,0,0,3,4,,,,,,,,,
12063991,2,2,7,7,,,,,,,,,
12063398,0,0,1,2,,,,,,,,,
12064001,2,2,6,7,,,,,12,,,,
12063408,2,2,6,7,,,,,,,,,
12066013,0,0,1,0,,,,,,,,,
12065890,2,2,3,6,13,,,,,,,,
12065914,1,1,6,4,5,,,,,,,,
12065913,1,1,4,7,11,,,,7,,,,
12063985,2,2,6,6,,,,,,,,,
12059505,0,0,2,6,,,,,0,,,,
12059502,,,,,,,,,,,,,
12059501,,,,,,,,,,,,,
12061339,2,2,6,6,,,,,,,,,
12059503,1,1,6,6,6,,,6,,6,,,
12059500,0,0,3,2,,,,,,,,,
12059509,1,1,4,7,4,,,,8,,,,
12059508,2,2,6,7,,,,,,,,,
12059510,1,1,5,6,5,,,,,,,,
12059507,,,,,,,,,,,,,
12059506,1,1,1,7,2,,,,7,,,,
12059499,2,2,6,6,,,,,,,,,
12059497,0,0,2,0,,,,,,,,,
12059836,2,2,2,6,6,,,,,,,,
12062455,2,2,6,6,,,,,,,,,
12062459,0,0,2,4,,,,,,,,,
12062456,2,2,6,2,6,,,,,,,,
12062457,2,2,6,7,,,,,,,,,
12062460,0,0,2,6,,,,,5,,,,
12062454,2,2,6,7,,,,,7,,,,
12062453,2,2,7,6,,,,7,,,,,
12062458,0,0,4,4,,,,,,,,,
12060788,1,1,2,6,4,,,,,,,,
12059119,,,,,,,,,,,,,
12059110,2,2,6,6,,,,,,,,,
12059122,2,2,6,6,,,,,,,,,
12059118,2,2,6,6,,,,,,,,,
12059114,,,,,,,,,,,,,
12059113,0,0,5,,,,,,,,,,
12059121,0,0,6,0,,,,4,,,,,
12059123,1,1,3,7,1,,,,7,,,,
12061280,2,2,7,6,,,,7,,,,,
12061279,0,0,3,4,,,,,,,,,
12061281,0,0,1,4,,,,,,,,,
12061282,1,1,4,6,1,,,,,,,,
12061283,0,0,3,2,,,,,,,,,
12061278,1,1,6,3,3,,,,,,,,
12061552,0,0,4,0,,,,,,,,,
12061553,0,0,3,2,,,,,,,,,
12058837,0,0,3,3,,,,,,,,,
12058840,0,0,5,2,,,,,,,,,
12058832,0,0,4,4,,,,,,,,,
12058831,,,,,,,,,,,,,
12058836,0,0,1,1,,,,,,,,,
12060799,2,2,6,6,,,,,,,,,
12060804,2,2,7,6,,,,,,,,,
12060801,2,2,6,6,,,,,,,,,
12060805,2,2,6,6,,,,,,,,,
12060802,0,0,1,1,,,,,,,,,
12060806,0,0,2,4,,,,,,,,,
12060800,1,1,6,2,2,,,,,,,,
12060803,2,2,4,6,10,,,,,,,,
12061182,2,2,7,7,,,,,,,,,
12061088,2,2,6,7,,,,,,,,,
12061087,2,2,6,6,,,,,,,,,
12061332,1,1,4,6,6,,,,,,,,
12061412,2,2,6,7,,,,,,,,,
12061331,0,0,3,1,,,,,,,,,
12061338,,,,,,,,,,,,,
12061086,1,1,4,6,10,,,,,,,,
12063652,2,2,6,6,,,,,,,,,
12063651,2,2,6,6,,,,,,,,,
12063644,2,2,2,6,10,,,,,,,,
12063643,2,2,6,6,,,,,,,,,
12063641,0,0,2,0,,,,,,,,,
12063642,2,2,6,6,,,,,,,,,
12063649,2,2,6,6,,,,,,,,,
12063645,0,0,5,4,,,,,,,,,
12066508,1,1,6,4,3,,,,,,,,
12065015,2,2,7,6,,,,7,,,,,
12066510,0,0,3,3,,,,,,,,,
12066515,0,0,5,6,,,,,2,,,,
12066511,2,2,6,6,,,,,,,,,
12065024,0,0,4,4,,,,,,,,,
12066503,1,1,7,1,2,,,,,,,,
12063996,0,0,1,0,,,,,,,,,
12063999,2,2,6,6,,,,,,,,,
12063988,1,1,2,7,3,,,,9,,,,
12064983,0,0,2,4,,,,,,,,,
12066757,2,2,6,6,6,,,3,,,,,
12064972,2,2,6,6,,,,,,,,,
12066756,0,0,3,2,,,,,,,,,
12064979,2,2,6,6,,,,,,,,,
12066762,0,0,6,5,,,,5,,,,,
12066758,2,2,2,6,7,,,,,,,,
12064978,0,0,3,1,,,,,,,,,
12066759,0,0,5,4,,,,,,,,,
12064958,0,0,2,0,,,,,,,,,
12064955,2,2,2,7,6,,,,7,,,,
12066761,,,,,,,,,,,,,
12069329,1,1,6,6,2,,,,5,,,,
12066760,0,0,2,2,,,,,,,,,
12064510,2,2,6,0,6,,,,,,,,
12064505,2,2,7,6,,,,,,,,,
12064507,2,2,7,4,6,,,,,,,,
12064514,2,2,5,6,6,,,,,,,,
12064506,0,0,1,5,,,,,,,,,
12064519,2,2,6,6,,,,,,,,,
12064504,2,2,6,6,6,,,5,,,,,
12064508,2,2,6,6,,,,,,,,,
12064509,0,0,3,1,,,,,,,,,
12064516,0,0,5,4,,,,,,,,,
12064518,0,0,1,4,,,,,,,,,
12064511,0,0,2,4,,,,,,,,,
12064515,2,2,6,1,7,,,,,,,,
12064513,1,1,4,6,3,,,,,,,,
12064512,,,,,,,,,,,,,
12067467,,,1,0,,,,,,,,,
12064517,2,2,6,6,,,,,,,,,
12063328,2,2,6,6,,,,,,,,,
12063315,2,2,6,7,,,,,,,,,
12063331,2,2,7,6,,,,,,,,,
12063327,0,0,4,5,,,,,,,,,
12063313,0,0,3,2,,,,,,,,,
12063326,2,2,7,3,7,,,,,,,,
12063325,0,0,0,2,,,,,,,,,
12063324,2,2,6,7,6,,,2,,,,,
12063333,2,2,6,6,,,,,,,,,
12063314,0,0,2,2,,,,,,,,,
12064881,1,1,3,6,6,,,,,2,,,
12064885,2,2,6,6,,,,,,,,,
12064886,,,,,,,,,,,,,
12064882,2,2,3,7,6,,,,,,,,
12064884,0,0,0,4,,,,,,,,,
12068007,2,2,6,6,,,,,,,,,
12064883,0,0,2,5,,,,,,,,,
12064009,0,0,4,6,,,,,4,,,,
12064016,1,1,6,4,4,,,,,,,,
12064017,2,2,2,6,6,,,,,,,,
12064014,1,1,2,6,3,,,,,,,,
12064008,2,2,6,7,,,,,8,,,,
12064007,1,1,3,6,1,,,,,,,,
12064011,2,2,6,6,,,,,,,,,
12064013,2,2,6,6,,,,,,,,,
12065006,0,0,4,3,,,,,,,,,
12065003,1,1,7,3,1,,,,,,,,
12065001,0,0,5,3,,,,,,,,,
12065007,0,0,4,2,,,,,,,,,
12065008,,,,,,,,,,,,,
12069098,2,2,5,6,7,,,,,7,,,
12065002,0,0,3,1,,,,,,,,,
12066191,2,2,7,3,6,,,,,,,,
12066188,0,0,3,6,,,,,4,,,,
12066184,2,2,6,6,,,,,,,,,
12066183,2,2,4,6,6,,,,,,,,
12066181,0,0,2,2,,,,,,,,,
12066189,2,2,7,3,6,,,,,,,,
12066190,0,0,6,3,,,,8,,,,,
12066185,2,2,6,7,,,,,7,,,,
12066195,0,0,2,3,,,,,,,,,
12066187,0,0,3,4,,,,,,,,,
12066192,2,2,6,6,,,,,,,,,
12061035,0,0,1,2,,,,,,,,,
12061016,2,2,6,6,,,,,,,,,
12063582,2,2,6,7,,,,,,,,,
12063599,2,2,6,4,10,,,,,,,,
12063583,0,0,2,1,,,,,,,,,
12063589,2,2,6,3,10,,,,,,,,
12063588,1,1,6,3,7,,,,,,,,
12063862,1,1,2,6,7,,,,,,,,
12063892,2,2,7,2,10,,,9,,,,,
12063859,0,0,1,,,,,,,,,,
12063870,2,2,6,6,,,,,,,,,
12063873,1,1,7,0,8,,,7,,,,,
12063872,2,2,6,6,,,,,,,,,
12063887,0,0,3,6,,,,,2,,,,
12063879,2,2,6,2,10,,,,,,,,
12063404,2,2,6,6,,,,,,,,,
12063401,2,2,6,6,,,,,,,,,
12063407,1,1,6,6,4,,,3,,,,,
12063395,0,0,4,3,,,,,,,,,
12063507,2,2,6,6,,,,,,,,,
12063563,1,1,3,7,2,,,,7,,,,
12063560,2,2,6,6,,,,,,,,,
12063569,2,2,7,6,,,,11,,,,,
12063568,0,0,6,3,,,,5,,,,,
12063566,1,1,6,1,,,,,,,,,
12063556,0,0,3,,,,,,,,,,
12063561,0,0,2,6,,,,,6,,,,
12063562,1,1,3,7,2,,,,10,,,,
12063559,2,2,6,6,,,,,,,,,
12063554,2,2,6,6,,,,,,,,,
12064415,2,2,6,7,,,,,,,,,
12064418,2,2,6,6,,,,,,,,,
12064416,2,2,4,6,6,,,,,,,,
12064422,2,2,6,7,,,,,7,,,,
12064212,0,0,3,0,,,,,,,,,
12064215,1,1,6,2,0,,,,,,,,
12064216,0,0,4,6,,,,,4,,,,
12064213,2,2,6,3,6,,,,,,,,
12065032,2,2,7,0,7,,,7,,,,,
12067405,2,2,6,6,,,,,,,,,
12065029,1,1,6,5,2,,,,,,,,
12065031,2,2,6,7,,,,,,,,,
12066137,2,2,6,7,,,,,7,,,,
12064906,2,2,6,6,,,,,,,,,
12064911,0,0,2,1,,,,,,,,,
12064889,2,2,6,6,,,,,,,,,
12064907,0,0,5,,,,,,,,,,
12064912,0,0,2,3,,,,,,,,,
12066135,2,2,6,7,7,,,3,7,,,,
12064887,2,2,6,6,,,,,,,,,
12064910,2,2,6,6,,,,,,,,,
12064908,2,2,6,6,,,,,,,,,
12066133,2,2,6,4,6,,,,,,,,
12066140,0,0,5,2,,,,,,,,,
12064904,0,0,3,3,,,,,,,,,
12066136,0,0,2,1,,,,,,,,,
12066134,0,0,6,1,,,,5,,,,,
12066138,1,1,6,2,,,,,,,,,
12064997,2,2,6,6,,,,,,,,,
12064996,2,2,7,7,,,,7,,,,,
12064990,1,1,6,6,1,,,,1,,,,
12064995,0,0,2,2,,,,,,,,,
12064999,2,2,6,6,,,,,,,,,
12064988,2,2,7,6,,,,,,,,,
12064987,2,2,6,6,,,,,,,,,
12059148,0,0,3,0,,,,,,,,,
12061928,0,0,2,3,,,,,,,,,
12059133,0,0,6,3,,,,,,,,,
12059138,1,1,6,6,5,,,,,,,,
12059139,1,1,4,7,2,,,,,,,,
12059143,0,0,2,1,,,,,,,,,
12063945,2,2,6,6,,,,,,,,,
12063536,2,2,6,6,,,,,,,,,
12063499,2,2,6,6,,,,,,,,,
12063534,2,2,6,6,,,,,,,,,
12063500,0,0,3,2,,,,,,,,,
12061926,1,1,2,6,7,,,,,,,,
12061925,2,2,6,6,,,,,,,,,
12063535,2,2,6,6,,,,,,,,,
12063948,2,2,6,6,,,,,,,,,
12063950,0,0,2,2,,,,,,,,,
12063947,2,2,6,6,,,,,,,,,
12063533,1,1,6,4,8,,,,,,,,
12064027,0,0,3,4,,,,,,,,,
12063946,2,2,6,6,,,,,,,,,
12063949,,,,,,,,,,,,,
12066108,2,2,6,6,,,,,,,,,
12066333,2,2,6,6,,,,,,,,,
12066334,2,2,7,2,10,,,,,,,,
12066109,2,2,6,6,,,,,,,,,
12067038,2,2,6,6,,,,,,,,,
12067036,2,2,6,7,,,,,7,,,,
12066584,2,2,6,6,,,,,,,,,
12067037,2,2,6,6,,,,,,,,,
12063814,2,2,1,7,6,,,,7,,,,
12063812,0,0,1,2,,,,,,,,,
12063817,0,0,4,4,,,,,,,,,
12063813,2,2,4,6,6,,,,,,,,
12063811,2,2,6,5,7,,,,,7,,,
12066500,1,1,4,6,4,,,,,,,,
12064929,0,0,6,0,,,,3,,,,,
12066509,2,2,7,7,,,,,7,,,,
12066501,2,2,6,6,,,,,,,,,
12066506,1,1,6,6,2,,,,4,,,,
12063864,2,2,7,6,,,,7,,,,,
12063875,0,0,1,1,,,,,,,,,
12063876,2,2,3,7,6,,,,,,,,
12064938,0,0,1,3,,,,,,,,,
12066342,2,2,3,6,7,,,,,,,,
12066340,1,1,0,6,0,,,,,,,,
12066339,0,0,3,0,,,,,,,,,
12064948,0,0,1,4,,,,,,,,,
12066341,1,1,2,7,1,,,,7,,,,
12064949,2,2,6,6,,,,,,,,,
12066343,1,1,6,5,2,,,,,,,,
12066344,2,2,6,6,,,,,,,,,
12064951,0,0,1,0,,,,,,,,,
12064945,2,2,6,6,,,,,,,,,
12066345,0,0,1,0,,,,,,,,,
12066346,0,0,3,3,,,,,,,,,
12063757,0,0,0,1,,,,,,,,,
12063774,2,2,6,6,,,,,,,,,
12063770,0,0,2,1,,,,,,,,,
12063758,2,2,7,6,,,,7,,,,,
12066504,0,0,4,5,,,,,,,,,
12065018,2,2,6,6,,,,,,,,,
12066507,0,0,1,1,,,,,,,,,
12066512,0,0,4,2,,,,,,,,,
12049812,0,0,4,5,,,,,,,,,
12059258,1,1,7,3,4,,,7,,,,,
12059257,0,0,3,4,,,,,,,,,
12059252,0,0,6,3,,,,1,,,,,
12059259,2,2,6,6,,,,,,,,,
12059251,2,2,6,4,7,,,,,,,,
12063925,2,2,7,2,6,,,,,,,,
12063932,0,0,4,2,,,,,,,,,
12063930,0,0,1,2,,,,,,,,,
12063929,0,0,6,1,,,,4,,,,,
12063931,2,2,7,6,,,,7,,,,,
12059253,1,1,7,2,0,,,8,,,,,
12059256,,,,,,,,,,,,,
12065726,2,2,6,6,,,,,,,,,
12063928,2,2,6,3,7,,,,,7,,,
12059254,2,2,6,3,6,,,,,,,,
12049726,2,2,6,6,,,,,,,,,
12059249,0,0,4,4,,,,,,,,,
12059271,2,2,7,6,,,,7,,,,,
12059264,0,0,6,4,,,,5,,,,,
12059273,0,0,4,4,,,,,,,,,
12059263,2,2,4,6,7,,,,,7,,,
12059267,2,2,6,7,,,,,7,,,,
12059268,1,1,6,5,4,,,,,,,,
12063637,2,2,6,6,,,,,,,,,
12063638,2,2,6,7,,,,,7,,,,
12059266,1,1,4,7,6,,,,,5,,,
12059261,2,2,6,2,6,,,,,,,,
12059269,2,2,5,7,6,,,,7,,,,
12063639,2,2,6,5,6,,,,,,,,
12059262,0,0,5,4,,,,,,,,,
12059270,0,0,5,2,,,,,,,,,
12063636,0,0,3,3,,,,,,,,,
12063640,0,0,4,3,,,,,,,,,
12049736,2,2,6,6,,,,,,,,,
12058640,,,,,,,,,,,,,
12058633,2,2,6,6,,,,,,,,,
12058635,2,2,6,6,12,,,,6,,,,
12058639,2,2,6,6,,,,,,,,,
12065955,2,2,6,7,,,,,9,,,,
12058634,,,,,,,,,,,,,
12058636,0,0,4,4,,,,,,,,,
12058637,2,2,6,6,,,,,,,,,
12063088,1,1,6,0,,,,,,,,,
12063065,0,0,6,3,,,,2,,,,,
12063372,1,1,3,6,6,,,,,2,,,
12063311,0,0,5,0,,,,,,,,,
12063527,2,2,6,6,,,,,,,,,
12061919,2,2,4,6,6,,,,,,,,
12061539,2,2,7,7,,,,,7,,,,
12063861,2,2,6,7,,,,,,,,,
12063874,2,2,7,6,,,,,,,,,
12066014,0,0,6,3,,,,4,,,,,
12064967,0,0,3,1,,,,,,,,,
12064963,2,2,7,6,7,,,,4,7,,,
12066015,0,0,3,1,,,,,,,,,
12064965,2,2,6,6,,,,,,,,,
12064975,2,2,6,6,,,,,,,,,
12064959,0,0,1,6,,,,,,,,,
12064964,0,0,3,5,,,,,,,,,
12066018,1,1,6,6,4,,,,1,,,,
12066016,0,0,0,3,,,,,,,,,
12066020,2,2,7,7,,,,7,10,,,,
12066019,0,0,1,4,,,,,,,,,
12066022,0,0,3,2,,,,,,,,,
12066021,2,2,6,6,,,,,,,,,
12064004,2,2,6,6,,,,,,,,,
12063983,2,2,6,6,,,,,,,,,
12064002,2,2,3,6,6,,,,,,,,
12063995,2,2,6,6,,,,,,,,,
12065900,0,0,2,2,,,,,,,,,
12064960,0,0,3,6,,,,,5,,,,
12065897,0,0,4,4,,,,,,,,,
12065896,0,0,4,1,,,,,,,,,
12064936,0,0,3,6,,,,,0,,,,
12064969,0,0,2,1,,,,,,,,,
12065895,2,2,6,6,,,,,,,,,
12065894,0,0,3,1,,,,,,,,,
12065899,2,2,7,2,6,,,7,,,,,
12065893,2,2,6,6,,,,,,,,,
12065898,2,2,6,2,6,,,,,,,,
12064933,2,2,7,6,,,,7,,,,,
12063316,2,2,6,7,,,,,7,,,,
12063312,1,1,6,6,4,,,2,,,,,
12063329,2,2,7,6,,,,7,,,,,
12063317,0,0,1,3,,,,,,,,,
12063321,1,1,6,5,2,,,,,,,,
12064943,0,0,0,5,,,,,,,,,
12065153,1,1,3,7,6,,,,,7,,,
12064941,2,2,6,3,6,,,,,,,,
12065152,0,0,1,4,,,,,,,,,
12065148,0,0,1,4,,,,,,,,,
12064914,0,0,2,3,,,,,,,,,
12065149,2,2,6,6,,,,,,,,,
12065151,0,0,3,4,,,,,,,,,
12064920,0,0,2,2,,,,,,,,,
12065147,2,2,6,6,,,,,,,,,
12065150,2,2,7,6,,,,,,,,,
12060687,2,2,6,3,11,,,,,,,,
12063555,2,2,6,6,,,,,,,,,
12063565,0,0,4,1,,,,,,,,,
12063557,2,2,6,6,,,,,,,,,
12063564,0,0,1,2,,,,,,,,,
12063567,1,1,6,6,4,,,,5,,,,
12059442,2,2,6,7,,,,,7,,,,
12059447,1,1,6,3,0,,,,,,,,
12059446,2,2,6,6,6,,,4,,,,,
12059445,0,0,4,1,,,,,,,,,
12059443,0,0,1,3,,,,,,,,,
12059440,1,1,5,6,5,,,,,,,,
12062467,2,2,6,6,,,,,,,,,
12062468,0,0,6,4,,,,5,,,,,
12062466,1,1,6,1,4,,,,,,,,
12062465,2,2,6,6,,,,,,,,,
12059444,0,0,3,4,,,,,,,,,
12059441,2,2,6,6,,,,,,,,,
12057531,2,2,6,6,,,,,,,,,
12057533,1,1,6,4,3,,,,,,,,
12063982,0,0,4,6,,,,,1,,,,
12057535,,,,,,,,,,,,,
12057530,2,2,6,7,,,,,7,,,,
12057534,2,2,6,1,6,,,,,,,,
12057529,0,0,5,0,,,,,,,,,
12064031,0,0,5,3,,,,,,,,,
12057528,,,,,,,,,,,,,
12064030,0,0,2,6,,,,,3,,,,
12066746,2,2,1,6,7,,,,,7,,,
12064028,2,2,4,6,6,,,,,,,,
12057532,2,2,6,7,,,,,7,,,,
12064029,2,2,6,6,,,,,,,,,
12056873,2,2,7,7,,,,,7,,,,
12058886,1,1,3,6,3,,,,,,,,
12056871,,,,,,,,,,,,,
12056869,1,1,5,6,6,,,,,5,,,
12063423,0,0,4,4,,,,,,,,,
12058888,0,0,1,4,,,,,,,,,
12056878,2,2,6,7,,,,,7,,,,
12056879,2,2,7,2,7,,,,,,,,
12058887,0,0,3,6,,,,,8,,,,
12056870,2,2,7,6,,,,,,,,,
12056866,0,0,1,3,,,,,,,,,
12056872,1,1,6,6,4,,,,3,,,,
12049681,2,2,6,6,,,,,,,,,
12049675,2,2,6,0,6,,,,,,,,
12049673,0,0,1,,,,,,,,,,
12049668,2,2,6,2,6,,,,,,,,
12049679,1,1,6,2,3,,,,,,,,
12049678,2,2,6,6,,,,,,,,,
12049695,0,0,6,2,,,,2,,,,,
12049674,2,2,3,7,7,,,,7,,,,
12049677,2,2,6,7,,,,,,,,,
12049693,1,1,0,6,1,,,,,,,,
12049697,1,1,1,7,4,,,,,,,,
12049672,2,2,6,6,,,,,,,,,
12049696,0,0,0,3,,,,,,,,,
12049694,0,0,3,2,,,,,,,,,
12049698,0,0,3,6,,,,,9,,,,
12049680,0,0,2,1,,,,,,,,,
12049692,,,,,,,,,,,,,
12049689,0,0,5,3,,,,,,,,,
12049690,2,2,6,6,,,,,,,,,
12049691,0,0,5,3,,,,,,,,,
12049676,2,2,3,7,6,,,,,,,,
12061694,2,2,6,6,,,,,,,,,
12059247,0,0,3,4,,,,,,,,,
12059244,2,2,6,6,,,,,,,,,
12059246,0,0,3,1,,,,,,,,,
12059245,1,1,4,6,3,,,,,,,,
12059248,0,0,6,,,,,6,,,,,
12063937,0,0,4,,,,,,,,,,
12063939,2,2,6,6,,,,,,,,,
12060816,0,0,2,2,,,,,,,,,
12059235,0,0,1,1,,,,,,,,,
12059243,0,0,6,6,,,,3,5,,,,
12059239,2,2,7,6,,,,7,,,,,
12059241,0,0,2,4,,,,,,,,,
12063940,2,2,3,6,7,,,,,8,,,
12063938,0,0,1,4,,,,,,,,,
12059242,0,0,3,4,,,,,,,,,
12063941,1,1,4,6,5,,,,,,,,
12049782,0,0,0,1,,,,,,,,,
12049778,2,2,7,6,7,,,,5,,,,
12049788,0,0,1,4,,,,,,,,,
12049787,0,0,4,4,,,,,,,,,
12049780,1,1,6,1,4,,,,,,,,
12049786,2,2,3,7,6,,,,7,,,,
12049781,2,2,6,6,,,,,,,,,
12049775,0,0,5,3,,,,,,,,,
12059843,2,2,7,6,,,,,,,,,
12063388,0,0,5,3,,,,,,,,,
12063390,2,2,6,7,,,,,,,,,
12059847,2,2,6,6,,,,,,,,,
12059942,0,0,4,3,,,,,,,,,
12063389,1,1,6,3,3,,,,,,,,
12063391,2,2,3,6,7,,,,,7,,,
12063386,0,0,4,6,,,,,4,,,,
12063387,1,1,6,6,4,,,2,,,,,
12059841,2,2,6,7,,,,,,,,,
12059844,0,0,2,2,,,,,,,,,
12059840,2,2,6,6,,,,,,,,,
12059850,2,2,6,6,,,,,,,,,
12049802,1,1,6,4,4,,,,,,,,
12049804,0,0,3,4,,,,,,,,,
12049817,0,0,5,3,,,,,,,,,
12061293,1,1,4,7,1,,,,14,,,,
12056909,2,2,7,6,,,,7,,,,,
12056906,2,2,3,7,7,,,,9,7,,,
12061298,0,0,6,6,,,,3,8,,,,
12056908,0,0,3,4,,,,,,,,,
12056902,1,1,6,4,3,,,,,,,,
12058339,0,0,6,1,,,,5,,,,,
12056899,2,2,6,6,,,,,,,,,
12056905,1,1,6,6,6,,,,5,4,,,
12061324,0,0,5,3,,,,,,,,,
12056907,2,2,6,6,7,,,,9,11,,,
12056904,2,2,7,4,6,,,7,,,,,
12061325,0,0,6,6,,,,4,5,,,,
12056903,2,2,7,6,,,,7,,,,,
12049651,2,2,6,6,,,,,,,,,
12056901,1,1,4,6,1,,,,,,,,
12063509,2,2,3,6,12,,,,,,,,
12063508,0,0,6,2,,,,4,,,,,
12063506,1,1,6,1,4,,,,,,,,
12062146,2,2,6,4,10,,,,,,,,
12062137,1,1,6,4,8,,,,,,,,
12062144,1,1,1,7,6,,,,,,,,
12062141,1,1,7,5,9,,,,,,,,
12062140,2,2,6,6,,,,,,,,,
12062139,2,2,7,6,,,,,,,,,
12062148,2,2,6,6,,,,,,,,,
12062147,1,1,7,4,5,,,,,,,,
12062135,0,0,2,2,,,,,,,,,
12062133,1,1,6,4,5,,,,,,,,
12062134,0,0,2,3,,,,,,,,,
12062138,0,0,4,4,,,,,,,,,
12062136,1,1,0,7,6,,,,,,,,
12062142,2,2,6,6,,,,,,,,,
12062145,0,0,3,4,,,,,,,,,
12062143,2,2,6,7,,,,,,,,,
12064412,1,1,6,6,4,,,,,,,,
12064410,2,2,6,6,12,,,,,,,,
12064419,2,2,6,6,,,,,,,,,
12064411,2,2,6,6,,,,,,,,,
12064417,0,0,5,2,,,,,,,,,
12064409,2,2,6,2,10,,,,,,,,
12064414,0,0,3,1,,,,,,,,,
12064413,,,,,,,,,,,,,
12061956,2,2,6,6,,,,,,,,,
12061963,2,2,6,7,,,,,,,,,
12061967,2,2,6,1,11,,,,,,,,
12061965,0,0,4,2,,,,,,,,,
12061966,1,1,6,0,2,,,,,,,,
12061960,0,0,2,0,,,,,,,,,
12061954,0,0,4,3,,,,,,,,,
12061962,2,2,7,6,,,,,,,,,
12061959,2,2,6,6,,,,,,,,,
12061957,2,2,6,6,,,,,,,,,
12061955,2,2,6,6,,,,,,,,,
12061961,2,2,6,6,,,,,,,,,
12061964,2,2,6,6,,,,,,,,,
12061968,1,1,2,6,3,,,,,,,,
12061958,2,2,6,6,,,,,,,,,
12061953,0,0,1,2,,,,,,,,,
12064217,2,2,6,6,,,,,,,,,
12064214,2,2,3,6,10,,,,,,,,
12064211,0,0,6,4,,,,3,,,,,
12066179,2,2,6,6,,,,,,,,,
12066577,1,1,6,2,8,,,,,,,,
12066325,2,2,6,6,,,,,,,,,
12066324,2,2,6,7,,,,,,,,,
12066790,0,0,3,6,,,,,2,,,,
12063669,2,2,6,7,10,,,8,,,,,
12063666,2,2,6,7,,,,,10,,,,
12063663,2,2,1,7,11,,,,7,,,,
12063672,2,2,7,6,,,,,,,,,
12063662,2,2,7,6,,,,,,,,,
12063661,2,2,7,6,,,,,,,,,
12063671,1,1,4,6,4,,,,,,,,
12063660,2,2,7,3,10,,,,,,,,
12061472,2,2,6,6,,,,,,,,,
12061477,1,1,7,2,5,,,8,,,,,
12061460,0,0,2,1,,,,,,,,,
12061740,2,2,6,6,,,,,,,,,
12061481,2,2,6,6,,,,,,,,,
12061018,0,0,1,2,,,,,,,,,
12061024,0,0,1,3,,,,,,,,,
12061026,1,1,5,6,3,,,,,,,,
12061007,1,1,7,5,6,,,,,,,,
12061014,2,2,6,6,,,,,,,,,
12061020,2,2,6,6,,,,,,,,,
12063615,2,2,6,6,,,,,,,,,
12063587,0,0,3,3,,,,,,,,,
12063611,0,0,1,4,,,,,,,,,
12061464,2,2,6,6,,,,,,,,,
12061451,,,,,,,,,,,,,
12061457,0,0,1,2,,,,,,,,,
12061466,0,0,0,3,,,,,,,,,
12061473,2,2,6,6,,,,,,,,,
12061448,2,2,6,6,,,,,,,,,
12061469,0,0,3,1,,,,,,,,,
12061479,2,2,2,6,10,,,,,,,,
12063877,2,2,6,7,,,,,11,,,,
12063871,2,2,1,6,10,,,,,,,,
12063889,2,2,6,6,,,,,,,,,
12063882,2,2,6,6,,,,,,,,,
12063860,1,1,2,7,6,,,,,,,,
12063869,1,1,2,6,7,,,,,,,,
12063863,0,0,3,0,,,,,,,,,
12063884,1,1,0,6,3,,,,,,,,
12061250,1,1,4,6,1,,,,,,,,
12061254,0,0,4,1,,,,,,,,,
12061259,0,0,2,1,,,,,,,,,
12061241,1,1,6,6,9,,,,,,,,
12061245,0,0,3,1,,,,,,,,,
12063756,0,0,5,0,,,,,,,,,
12063762,2,2,6,6,,,,,,,,,
12063766,2,2,6,7,10,,,,,,,,
12063767,2,2,6,6,,,,,,,,,
12063768,1,1,7,3,9,,,,,,,,
12063765,2,2,6,6,,,,,,,,,
12063759,0,0,4,1,,,,,,,,,
12063761,2,2,1,6,10,,,,,,,,
12061572,2,2,6,6,,,,,,,,,
12061564,2,2,6,6,,,,,,,,,
12061570,2,2,6,6,,,,,,,,,
12061561,2,2,4,6,10,,,,,,,,
12061574,0,0,5,3,,,,,,,,,
12063396,2,2,6,6,,,,,,,,,
12063402,2,2,6,6,,,,,,,,,
12063409,0,0,4,6,,,,,,,,,
12063406,2,2,6,6,,,,,,,,,
12063399,2,2,6,6,,,,,,,,,
12063403,1,1,6,3,8,,,,,,,,
12063400,2,2,6,6,,,,,,,,,
12063405,0,0,4,6,,,,,,,,,
12063397,0,0,4,2,,,,,,,,,
12064000,0,0,3,4,,,,,,,,,
12063991,2,2,7,7,,,,,,,,,
12063398,0,0,1,2,,,,,,,,,
12064001,2,2,6,7,,,,,12,,,,
12063408,2,2,6,7,,,,,,,,,
12066013,0,0,1,0,,,,,,,,,
12065890,2,2,3,6,13,,,,,,,,
12065914,1,1,6,4,5,,,,,,,,
12065913,1,1,4,7,11,,,,7,,,,
12063985,2,2,6,6,,,,,,,,,
12062455,2,2,6,6,,,,,,,,,
12062459,0,0,2,4,,,,,,,,,
12062456,2,2,6,2,6,,,,,,,,
12062457,2,2,6,7,,,,,,,,,
12062460,0,0,2,6,,,,,5,,,,
12062454,2,2,6,7,,,,,7,,,,
12062453,2,2,7,6,,,,7,,,,,
12062458,0,0,4,4,,,,,,,,,
12061282,1,1,4,6,1,,,,,,,,
12061283,0,0,3,2,,,,,,,,,
12061278,1,1,6,3,3,,,,,,,,
12061552,0,0,4,0,,,,,,,,,
12061553,0,0,3,2,,,,,,,,,
12063652,2,2,6,6,,,,,,,,,
12063651,2,2,6,6,,,,,,,,,
12063644,2,2,2,6,10,,,,,,,,
12063643,2,2,6,6,,,,,,,,,
12063641,0,0,2,0,,,,,,,,,
12063642,2,2,6,6,,,,,,,,,
12063649,2,2,6,6,,,,,,,,,
12063645,0,0,5,4,,,,,,,,,
12064980,2,2,6,6,,,,,,,,,
12064973,2,2,6,5,6,,,,,,,,
12063604,0,0,1,3,,,,,,,,,
12064985,2,2,6,6,,,,,,,,,
12063614,2,2,0,6,6,,,,,,,,
12063613,0,0,0,0,,,,,,,,,
12064981,2,2,6,6,,,,,,,,,
12071943,1,1,1,6,4,,,,,,,,
12063607,2,2,6,6,,,,,,,,,
12063875,0,0,1,1,,,,,,,,,
12063876,2,2,3,7,6,,,,,,,,
12064938,0,0,1,3,,,,,,,,,
12066342,2,2,3,6,7,,,,,,,,
12066340,1,1,0,6,0,,,,,,,,
12066339,0,0,3,0,,,,,,,,,
12064948,0,0,1,4,,,,,,,,,
12066341,1,1,2,7,1,,,,7,,,,
12064949,2,2,6,6,,,,,,,,,
12066343,1,1,6,5,2,,,,,,,,
12066344,2,2,6,6,,,,,,,,,
12064951,0,0,1,0,,,,,,,,,
12064945,2,2,6,6,,,,,,,,,
12066345,0,0,1,0,,,,,,,,,
12066346,0,0,3,3,,,,,,,,,
12069106,1,1,7,3,0,,,7,,,,,
12069064,0,0,4,3,,,,,,,,,
12066276,1,1,6,2,1,,,,,,,,
12069643,1,1,5,6,1,,,,,,,,
12069330,0,0,0,4,,,,,,,,,
12069384,2,2,7,2,6,,,7,,,,,
12069780,0,0,1,3,,,,,,,,,
12069331,1,1,6,3,,,,,,,,,
12063770,0,0,2,1,,,,,,,,,
12063758,2,2,7,6,,,,7,,,,,
12066504,0,0,4,5,,,,,,,,,
12065018,2,2,6,6,,,,,,,,,
12066507,0,0,1,1,,,,,,,,,
12066512,0,0,4,2,,,,,,,,,
12066508,1,1,6,4,3,,,,,,,,
12065015,2,2,7,6,,,,7,,,,,
12066510,0,0,3,3,,,,,,,,,
12066515,0,0,5,6,,,,,2,,,,
12066511,2,2,6,6,,,,,,,,,
12065024,0,0,4,4,,,,,,,,,
12066503,1,1,7,1,2,,,,,,,,
12065019,2,2,5,6,7,,,,,,,,
12066120,0,0,6,2,,,,5,,,,,
12069327,1,1,7,0,0,,,,,,,,
12069140,2,2,6,6,,,,,,,,,
12069822,0,0,6,3,,,,1,,,,,
12069699,2,2,6,1,7,,,,,7,,,
12069923,2,2,6,3,6,,,,,,,,
12069537,2,2,6,1,7,,,,,9,,,
12065028,2,2,6,6,,,,,,,,,
12064983,0,0,2,4,,,,,,,,,
12066757,2,2,6,6,6,,,3,,,,,
12064972,2,2,6,6,,,,,,,,,
12066756,0,0,3,2,,,,,,,,,
12064979,2,2,6,6,,,,,,,,,
12066762,0,0,6,5,,,,5,,,,,
12066758,2,2,2,6,7,,,,,,,,
12064978,0,0,3,1,,,,,,,,,
12066759,0,0,5,4,,,,,,,,,
12064958,0,0,2,0,,,,,,,,,
12064955,2,2,2,7,6,,,,7,,,,
12066761,,,,,,,,,,,,,
12069329,1,1,6,6,2,,,,5,,,,
12066760,0,0,2,2,,,,,,,,,
12069074,1,1,6,6,3,,,,5,,,,
12064962,1,1,6,3,6,,,,,7,,,
12069069,2,2,6,6,,,,,,,,,
12069902,2,2,6,6,,,,,,,,,
12069398,2,2,6,6,,,,,,,,,
12069696,2,2,6,6,,,,,,,,,
12069153,1,1,6,4,1,,,,,,,,
12069908,2,2,6,6,,,,,,,,,
12064510,2,2,6,0,6,,,,,,,,
12064505,2,2,7,6,,,,,,,,,
12064507,2,2,7,4,6,,,,,,,,
12064514,2,2,5,6,6,,,,,,,,
12064506,0,0,1,5,,,,,,,,,
12064519,2,2,6,6,,,,,,,,,
12064504,2,2,6,6,6,,,5,,,,,
12064508,2,2,6,6,,,,,,,,,
12064509,0,0,3,1,,,,,,,,,
12064516,0,0,5,4,,,,,,,,,
12064518,0,0,1,4,,,,,,,,,
12064511,0,0,2,4,,,,,,,,,
12064515,2,2,6,1,7,,,,,,,,
12064513,1,1,4,6,3,,,,,,,,
12064512,,,,,,,,,,,,,
12067467,,,1,0,,,,,,,,,
12064517,2,2,6,6,,,,,,,,,
12067299,2,2,6,6,,,,,,,,,
12067531,0,0,3,4,,,,,,,,,
12067446,1,1,6,3,2,,,,,,,,
12067530,0,0,1,2,,,,,,,,,
12067154,2,2,6,2,6,,,,,,,,
12067969,2,2,7,7,,,,7,,,,,
12067979,1,1,6,2,4,,,,,,,,
12067156,0,0,3,4,,,,,,,,,
12064418,2,2,6,6,,,,,,,,,
12064416,2,2,4,6,6,,,,,,,,
12064422,2,2,6,7,,,,,7,,,,
12067110,0,0,1,3,,,,,,,,,
12065010,0,0,1,2,,,,,,,,,
12067106,1,1,4,6,4,,,,,,,,
12067112,2,2,3,7,7,,,,,,,,
12067111,2,2,6,6,,,,,,,,,
12067107,1,1,6,1,1,,,,,,,,
12067108,0,0,2,3,,,,,,,,,
12065026,0,0,3,4,,,,,,,,,
12065025,0,0,4,4,,,,,,,,,
12067109,2,2,6,6,7,,,9,,,,,
12065012,2,2,4,6,6,,,,,,,,
12065030,0,0,3,3,,,,,,,,,
12064212,0,0,3,0,,,,,,,,,
12064215,1,1,6,2,0,,,,,,,,
12064216,0,0,4,6,,,,,4,,,,
12064213,2,2,6,3,6,,,,,,,,
12065032,2,2,7,0,7,,,7,,,,,
12067405,2,2,6,6,,,,,,,,,
12065029,1,1,6,5,2,,,,,,,,
12065031,2,2,6,7,,,,,,,,,
12065027,2,2,6,3,6,,,,,,,,
12067406,2,2,6,4,6,,,,,,,,
12067410,2,2,6,6,6,,,,5,,,,
12067411,2,2,7,6,,,,7,,,,,
12067409,0,0,4,0,,,,,,,,,
12065009,0,0,3,1,,,,,,,,,
12067408,2,2,6,2,7,,,,,7,,,
12067407,1,1,6,3,2,,,,,,,,
12067464,0,0,5,3,,,,,,,,,
12069800,2,2,6,6,,,,,,,,,
12069916,2,2,6,5,6,,,,,,,,
12070034,2,2,3,6,6,,,,,,,,
12066137,2,2,6,7,,,,,7,,,,
12064906,2,2,6,6,,,,,,,,,
12064911,0,0,2,1,,,,,,,,,
12064889,2,2,6,6,,,,,,,,,
12064907,0,0,5,,,,,,,,,,
12064912,0,0,2,3,,,,,,,,,
12066135,2,2,6,7,7,,,3,7,,,,
12064887,2,2,6,6,,,,,,,,,
12064910,2,2,6,6,,,,,,,,,
12064908,2,2,6,6,,,,,,,,,
12066133,2,2,6,4,6,,,,,,,,
12066140,0,0,5,2,,,,,,,,,
12064904,0,0,3,3,,,,,,,,,
12066136,0,0,2,1,,,,,,,,,
12066134,0,0,6,1,,,,5,,,,,
12066138,1,1,6,2,,,,,,,,,
12069209,0,0,2,6,,,,,7,,,,
12069397,0,0,2,4,,,,,,,,,
12069563,0,0,5,2,,,,,,,,,
12069512,0,0,4,0,,,,,,,,,
12068864,2,2,5,6,6,,,,,,,,
12069399,1,1,3,6,3,,,,,,,,
12069117,2,2,3,6,7,,,,,,,,
12069793,2,2,6,4,6,,,,,,,,
12064997,2,2,6,6,,,,,,,,,
12064996,2,2,7,7,,,,7,,,,,
12064990,1,1,6,6,1,,,,1,,,,
12064995,0,0,2,2,,,,,,,,,
12064999,2,2,6,6,,,,,,,,,
12064988,2,2,7,6,,,,,,,,,
12064987,2,2,6,6,,,,,,,,,
12064986,2,2,5,6,7,,,,,,,,
12069267,0,0,3,2,,,,,,,,,
12069265,1,1,6,1,4,,,,,,,,
12069271,2,2,6,6,,,,,,,,,
12069269,2,2,6,6,,,,,,,,,
12063948,2,2,6,6,,,,,,,,,
12063950,0,0,2,2,,,,,,,,,
12063947,2,2,6,6,,,,,,,,,
12063533,1,1,6,4,8,,,,,,,,
12064027,0,0,3,4,,,,,,,,,
12063946,2,2,6,6,,,,,,,,,
12063949,,,,,,,,,,,,,
12066108,2,2,6,6,,,,,,,,,
12066333,2,2,6,6,,,,,,,,,
12066334,2,2,7,2,10,,,,,,,,
12066109,2,2,6,6,,,,,,,,,
12067038,2,2,6,6,,,,,,,,,
12067036,2,2,6,7,,,,,7,,,,
12066584,2,2,6,6,,,,,,,,,
12067037,2,2,6,6,,,,,,,,,
12063813,2,2,4,6,6,,,,,,,,
12063811,2,2,6,5,7,,,,,7,,,
12066500,1,1,4,6,4,,,,,,,,
12064929,0,0,6,0,,,,3,,,,,
12066509,2,2,7,7,,,,,7,,,,
12066501,2,2,6,6,,,,,,,,,
12066506,1,1,6,6,2,,,,4,,,,
12066514,2,2,6,7,,,,,7,,,,
12066502,2,2,4,7,6,,,,,,,,
12066505,2,2,7,6,,,,7,,,,,
12064935,2,2,6,6,,,,,,,,,
12064942,2,2,6,7,,,,,7,,,,
12066513,0,0,4,2,,,,,,,,,
12066841,2,2,4,6,7,,,,,,,,
12069967,1,1,3,6,4,,,,,,,,
12065958,2,2,6,6,,,,,,,,,
12064927,2,2,7,4,6,,,7,,,,,
12063595,0,0,4,2,,,,,,,,,
12049740,2,2,6,6,,,,,,,,,
12058633,2,2,6,6,,,,,,,,,
12058635,2,2,6,6,12,,,,6,,,,
12058639,2,2,6,6,,,,,,,,,
12065955,2,2,6,7,,,,,9,,,,
12058634,,,,,,,,,,,,,
12058636,0,0,4,4,,,,,,,,,
12058637,2,2,6,6,,,,,,,,,
12065959,1,1,7,3,5,,,,,,,,
12058638,2,2,6,6,,,,,,,,,
12049737,2,2,6,7,,,,,8,,,,
12063593,0,0,1,0,,,,,,,,,
12064946,0,0,2,4,,,,,,,,,
12063596,1,1,6,3,4,,,,,,,,
12064937,1,1,7,4,,,,,,,,,
12063601,2,2,6,6,,,,,,,,,
12064932,1,1,6,6,1,,,6,,,,,
12063591,1,1,4,6,6,,,,,1,,,
12063597,1,1,7,3,2,,,,,,,,
12071906,1,1,7,2,2,,,7,,,,,
12064931,2,2,6,7,,,,,,,,,
12071827,2,2,3,6,6,,,,,,,,
12071825,2,2,6,6,,,,,,,,,
12071831,0,0,3,2,,,,,,,,,
12071830,0,0,2,2,,,,,,,,,
12066014,0,0,6,3,,,,4,,,,,
12064967,0,0,3,1,,,,,,,,,
12064963,2,2,7,6,7,,,,4,7,,,
12066015,0,0,3,1,,,,,,,,,
12064965,2,2,6,6,,,,,,,,,
12064975,2,2,6,6,,,,,,,,,
12064959,0,0,1,6,,,,,,,,,
12064964,0,0,3,5,,,,,,,,,
12066018,1,1,6,6,4,,,,1,,,,
12066016,0,0,0,3,,,,,,,,,
12066020,2,2,7,7,,,,7,10,,,,
12066019,0,0,1,4,,,,,,,,,
12066022,0,0,3,2,,,,,,,,,
12066021,2,2,6,6,,,,,,,,,
12069700,0,0,4,5,,,,,,,,,
12069154,0,0,5,5,,,,,,,,,
12069823,2,2,6,6,,,,,,,,,
12069799,2,2,6,6,,,,,,,,,
12069328,2,2,6,4,7,,,,,,,,
12069698,2,2,6,6,,,,,,,,,
12069348,2,2,6,5,6,,,,,,,,
12065900,0,0,2,2,,,,,,,,,
12064960,0,0,3,6,,,,,5,,,,
12065897,0,0,4,4,,,,,,,,,
12065896,0,0,4,1,,,,,,,,,
12064936,0,0,3,6,,,,,0,,,,
12064969,0,0,2,1,,,,,,,,,
12065895,2,2,6,6,,,,,,,,,
12065894,0,0,3,1,,,,,,,,,
12065899,2,2,7,2,6,,,7,,,,,
12065893,2,2,6,6,,,,,,,,,
12065898,2,2,6,2,6,,,,,,,,
12064933,2,2,7,6,,,,7,,,,,
12069622,1,1,7,4,1,,,,,,,,
12069400,2,2,6,6,,,,,,,,,
12069073,2,2,7,5,6,,,,,,,,
12069513,1,1,1,7,1,,,,8,,,,
12069121,1,1,6,3,1,,,,,,,,
12069094,2,2,6,6,7,,,,4,,,,
12069708,0,0,2,3,,,,,,,,,
12069227,0,0,4,2,,,,,,,,,
12064943,0,0,0,5,,,,,,,,,
12065153,1,1,3,7,6,,,,,7,,,
12064941,2,2,6,3,6,,,,,,,,
12065152,0,0,1,4,,,,,,,,,
12065148,0,0,1,4,,,,,,,,,
12064914,0,0,2,3,,,,,,,,,
12065149,2,2,6,6,,,,,,,,,
12065151,0,0,3,4,,,,,,,,,
12064920,0,0,2,2,,,,,,,,,
12065147,2,2,6,6,,,,,,,,,
12065150,2,2,7,6,,,,,,,,,
12068799,2,2,7,2,6,,,7,,,,,
12068830,0,0,6,2,,,,4,,,,,
12068094,0,0,6,5,,,,1,,,,,
12068103,0,0,1,5,,,,,,,,,
12065113,2,2,7,6,,,,7,,,,,
12068073,1,1,6,3,1,,,,,,,,
12068012,2,2,7,4,6,,,7,,,,,
12068731,0,0,5,4,,,,,,,,,
12063563,1,1,3,7,2,,,,7,,,,
12063560,2,2,6,6,,,,,,,,,
12063569,2,2,7,6,,,,11,,,,,
12063568,0,0,6,3,,,,5,,,,,
12063566,1,1,6,1,,,,,,,,,
12063556,0,0,3,,,,,,,,,,
12063561,0,0,2,6,,,,,6,,,,
12063562,1,1,3,7,2,,,,10,,,,
12063559,2,2,6,6,,,,,,,,,
12063554,2,2,6,6,,,,,,,,,
12063558,0,0,4,0,,,,,,,,,
12069795,0,0,6,4,,,,2,,,,,
12069782,0,0,4,5,,,,,,,,,
12069079,0,0,5,4,,,,,,,,,
12069628,2,2,6,6,6,,,5,,,,,
12069199,1,1,6,6,4,,,,2,,,,
12066148,0,0,6,4,,,,2,,,,,
12066809,0,0,3,4,,,,,,,,,
12064415,2,2,6,7,,,,,,,,,
12059444,0,0,3,4,,,,,,,,,
12059441,2,2,6,6,,,,,,,,,
12049589,0,0,3,0,,,,,,,,,
12049572,2,2,6,1,6,,,,,,,,
12049573,2,2,7,6,,,,7,,,,,
12049586,2,2,6,6,7,,,3,,7,,,
12057534,2,2,6,1,6,,,,,,,,
12057529,0,0,5,0,,,,,,,,,
12064031,0,0,5,3,,,,,,,,,
12057528,,,,,,,,,,,,,
12064030,0,0,2,6,,,,,3,,,,
12066746,2,2,1,6,7,,,,,7,,,
12064028,2,2,4,6,6,,,,,,,,
12057532,2,2,6,7,,,,,7,,,,
12064029,2,2,6,6,,,,,,,,,
12049624,0,0,4,4,,,,,,,,,
12049626,2,2,6,3,6,,,,,,,,
12049622,1,1,0,7,1,,,,7,,,,
12049611,2,2,7,6,,,,7,,,,,
12049679,1,1,6,2,3,,,,,,,,
12049678,2,2,6,6,,,,,,,,,
12049695,0,0,6,2,,,,2,,,,,
12049674,2,2,3,7,7,,,,7,,,,
12049677,2,2,6,7,,,,,,,,,
12049693,1,1,0,6,1,,,,,,,,
12049697,1,1,1,7,4,,,,,,,,
12049672,2,2,6,6,,,,,,,,,
12049696,0,0,0,3,,,,,,,,,
12049694,0,0,3,2,,,,,,,,,
12049698,0,0,3,6,,,,,9,,,,
12049680,0,0,2,1,,,,,,,,,
12049692,,,,,,,,,,,,,
12049689,0,0,5,3,,,,,,,,,
12049690,2,2,6,6,,,,,,,,,
12049691,0,0,5,3,,,,,,,,,
12049676,2,2,3,7,6,,,,,,,,
12067090,1,1,1,7,4,,,,8,,,,
12049669,,,,,,,,,,,,,
12049670,2,2,6,6,,,,,,,,,
12049671,2,2,6,6,,,,,,,,,
12049685,2,2,7,6,,,,,,,,,
12059243,0,0,6,6,,,,3,5,,,,
12059239,2,2,7,6,,,,7,,,,,
12059241,0,0,2,4,,,,,,,,,
12063940,2,2,3,6,7,,,,,8,,,
12063938,0,0,1,4,,,,,,,,,
12059242,0,0,3,4,,,,,,,,,
12063941,1,1,4,6,5,,,,,,,,
12049782,0,0,0,1,,,,,,,,,
12049778,2,2,7,6,7,,,,5,,,,
12049788,0,0,1,4,,,,,,,,,
12049787,0,0,4,4,,,,,,,,,
12049780,1,1,6,1,4,,,,,,,,
12049786,2,2,3,7,6,,,,7,,,,
12049781,2,2,6,6,,,,,,,,,
12049775,0,0,5,3,,,,,,,,,
12049777,0,0,3,1,,,,,,,,,
12049774,2,2,6,6,,,,,,,,,
12049791,0,0,4,4,,,,,,,,,
12049779,1,1,7,1,2,,,,,,,,
12059844,0,0,2,2,,,,,,,,,
12059840,2,2,6,6,,,,,,,,,
12059850,2,2,6,6,,,,,,,,,
12049802,1,1,6,4,4,,,,,,,,
12049804,0,0,3,4,,,,,,,,,
12049817,0,0,5,3,,,,,,,,,
12049812,0,0,4,5,,,,,,,,,
12049811,2,2,6,6,,,,,,,,,
12049809,0,0,2,2,,,,,,,,,
12049808,2,2,6,4,6,,,,,,,,
12049803,0,0,2,5,,,,,,,,,
12059253,1,1,7,2,0,,,8,,,,,
12059256,,,,,,,,,,,,,
12065726,2,2,6,6,,,,,,,,,
12063928,2,2,6,3,7,,,,,7,,,
12059254,2,2,6,3,6,,,,,,,,
12049726,2,2,6,6,,,,,,,,,
12059249,0,0,4,4,,,,,,,,,
12049715,0,0,4,4,,,,,,,,,
12049720,0,0,3,5,,,,,,,,,
12059255,2,2,7,6,,,,,,,,,
12049711,0,0,6,1,,,,5,,,,,
12049719,1,1,6,3,2,,,,,,,,
12049727,2,2,6,6,,,,,,,,,
12063637,2,2,6,6,,,,,,,,,
12063638,2,2,6,7,,,,,7,,,,
12059266,1,1,4,7,6,,,,,5,,,
12059261,2,2,6,2,6,,,,,,,,
12059269,2,2,5,7,6,,,,7,,,,
12063639,2,2,6,5,6,,,,,,,,
12059262,0,0,5,4,,,,,,,,,
12059270,0,0,5,2,,,,,,,,,
12063636,0,0,3,3,,,,,,,,,
12063640,0,0,4,3,,,,,,,,,
12049736,2,2,6,6,,,,,,,,,
12049732,2,2,1,7,6,,,,,,,,
12049744,2,2,6,6,,,,,,,,,
12049748,0,0,4,3,,,,,,,,,
12049730,2,2,6,6,,,,,,,,,
12049743,2,2,7,7,,,,7,7,,,,
12056902,1,1,6,4,3,,,,,,,,
12058339,0,0,6,1,,,,5,,,,,
12056899,2,2,6,6,,,,,,,,,
12056905,1,1,6,6,6,,,,5,4,,,
12061324,0,0,5,3,,,,,,,,,
12056907,2,2,6,6,7,,,,9,11,,,
12056904,2,2,7,4,6,,,7,,,,,
12061325,0,0,6,6,,,,4,5,,,,
12056903,2,2,7,6,,,,7,,,,,
12049651,2,2,6,6,,,,,,,,,
12056901,1,1,4,6,1,,,,,,,,
12049650,2,2,6,6,,,,,,,,,
12056910,2,2,6,6,,,,,,,,,
12049640,1,1,6,6,5,,,,6,,,,
12049641,2,2,6,7,,,,,,,,,
12049649,2,2,6,1,6,,,,,,,,
12049648,1,1,7,6,6,,,7,5,4,,,
12059443,0,0,1,3,,,,,,,,,
12059440,1,1,5,6,5,,,,,,,,
12062467,2,2,6,6,,,,,,,,,
12062468,0,0,6,4,,,,5,,,,,
12062466,1,1,6,1,4,,,,,,,,
12062465,2,2,6,6,,,,,,,,,
12064881,1,1,3,6,6,,,,,2,,,
12064885,2,2,6,6,,,,,,,,,
12064886,,,,,,,,,,,,,
12064882,2,2,3,7,6,,,,,,,,
12064884,0,0,0,4,,,,,,,,,
12068007,2,2,6,6,,,,,,,,,
12064883,0,0,2,5,,,,,,,,,
12065696,2,2,2,6,6,,,,,,,,
12068138,0,0,4,1,,,,,,,,,
12065110,0,0,3,4,,,,,,,,,
12068756,0,0,6,3,,,,4,,,,,
12068757,2,2,7,3,6,,,,,,,,
12068165,0,0,6,1,,,,5,,,,,
12065312,1,1,4,6,6,,,,,7,,,
12068072,2,2,6,6,,,,,,,,,
12064017,2,2,2,6,6,,,,,,,,
12064014,1,1,2,6,3,,,,,,,,
12064008,2,2,6,7,,,,,8,,,,
12064007,1,1,3,6,1,,,,,,,,
12064011,2,2,6,6,,,,,,,,,
12064013,2,2,6,6,,,,,,,,,
12065006,0,0,4,3,,,,,,,,,
12065003,1,1,7,3,1,,,,,,,,
12065001,0,0,5,3,,,,,,,,,
12065007,0,0,4,2,,,,,,,,,
12065008,,,,,,,,,,,,,
12069098,2,2,5,6,7,,,,,7,,,
12065002,0,0,3,1,,,,,,,,,
12065005,1,1,3,6,3,,,,,,,,
12065000,0,0,1,2,,,,,,,,,
12067131,2,2,6,7,,,,,,,,,
12069781,0,0,1,4,,,,,,,,,
12066785,0,0,2,2,,,,,,,,,
12066843,2,2,6,6,,,,,,,,,
12069518,0,0,3,3,,,,,,,,,
12069974,2,2,6,6,,,,,,,,,
12066191,2,2,7,3,6,,,,,,,,
12066188,0,0,3,6,,,,,4,,,,
12066184,2,2,6,6,,,,,,,,,
12066183,2,2,4,6,6,,,,,,,,
12066181,0,0,2,2,,,,,,,,,
12066189,2,2,7,3,6,,,,,,,,
12066190,0,0,6,3,,,,8,,,,,
12066185,2,2,6,7,,,,,7,,,,
12066195,0,0,2,3,,,,,,,,,
12066187,0,0,3,4,,,,,,,,,
12066192,2,2,6,6,,,,,,,,,
12066194,0,0,3,6,,,,,9,,,,
12066182,0,0,3,0,,,,,,,,,
12066186,1,1,6,1,2,,,,,,,,
12066193,0,0,1,2,,,,,,,,,
12066196,0,0,3,5,,,,,,,,,
12069326,1,1,7,3,4,,,,,,,,
12069254,2,2,6,6,,,,,,,,,
12069075,1,1,2,7,3,,,,,,,,
12069836,1,1,6,3,3,,,,,,,,
12069982,2,2,7,6,,,,,,,,,
12069579,0,0,3,4,,,,,,,,,
12069886,0,0,4,1,,,,,,,,,
12063582,2,2,6,7,,,,,,,,,
12063599,2,2,6,4,10,,,,,,,,
12063583,0,0,2,1,,,,,,,,,
12063589,2,2,6,3,10,,,,,,,,
12063588,1,1,6,3,7,,,,,,,,
12063600,1,1,5,6,7,,,,,,,,
12063580,2,2,6,6,,,,,,,,,
12063581,2,2,7,5,13,,,7,,,,,
12064412,1,1,6,6,4,,,,,,,,
12064410,2,2,6,6,12,,,,,,,,
12064419,2,2,6,6,,,,,,,,,
12064411,2,2,6,6,,,,,,,,,
12064417,0,0,5,2,,,,,,,,,
12064409,2,2,6,2,10,,,,,,,,
12064414,0,0,3,1,,,,,,,,,
12064413,,,,,,,,,,,,,
12061964,2,2,6,6,,,,,,,,,
12061968,1,1,2,6,3,,,,,,,,
12061958,2,2,6,6,,,,,,,,,
12061953,0,0,1,2,,,,,,,,,
12064217,2,2,6,6,,,,,,,,,
12064214,2,2,3,6,10,,,,,,,,
12064211,0,0,6,4,,,,3,,,,,
12066179,2,2,6,6,,,,,,,,,
12066577,1,1,6,2,8,,,,,,,,
12066325,2,2,6,6,,,,,,,,,
12066324,2,2,6,7,,,,,,,,,
12066790,0,0,3,6,,,,,2,,,,
12063615,2,2,6,6,,,,,,,,,
12063587,0,0,3,3,,,,,,,,,
12063611,0,0,1,4,,,,,,,,,
12063606,2,2,6,6,,,,,,,,,
12063586,2,2,7,6,,,,,,,,,
12063602,1,1,5,6,10,,,,,,,,
12063605,2,2,6,4,10,,,,,,,,
12063609,0,0,4,2,,,,,,,,,
12065914,1,1,6,4,5,,,,,,,,
12065913,1,1,4,7,11,,,,7,,,,
12063985,2,2,6,6,,,,,,,,,
12056903,2,2,7,6,,,,7,,,,,
12049651,2,2,6,6,,,,,,,,,
12056901,1,1,4,6,1,,,,,,,,
12049650,2,2,6,6,,,,,,,,,
12056910,2,2,6,6,,,,,,,,,
12049640,1,1,6,6,5,,,,6,,,,
12049641,2,2,6,7,,,,,,,,,
12049649,2,2,6,1,6,,,,,,,,
12049648,1,1,7,6,6,,,7,5,4,,,
12049644,2,2,6,3,6,,,,,,,,
12049646,0,0,3,3,,,,,,,,,
12049634,2,2,7,3,6,,,7,,,,,
12049589,0,0,3,0,,,,,,,,,
12049572,2,2,6,1,6,,,,,,,,
12049573,2,2,7,6,,,,7,,,,,
12049586,2,2,6,6,7,,,3,,7,,,
12049570,2,2,6,7,,,,,,,,,
12049578,2,2,6,4,6,,,,,,,,
12049583,2,2,6,7,,,,,,,,,
12049585,2,2,6,7,,,,,,,,,
12049624,0,0,4,4,,,,,,,,,
12049626,2,2,6,3,6,,,,,,,,
12049622,1,1,0,7,1,,,,7,,,,
12049611,2,2,7,6,,,,7,,,,,
12049623,2,2,6,6,,,,,,,,,
12049621,1,1,7,4,6,,,,,4,,,
12049617,1,1,4,7,2,,,,7,,,,
12049616,0,0,6,6,,,,5,4,,,,
12049690,2,2,6,6,,,,,,,,,
12049691,0,0,5,3,,,,,,,,,
12049676,2,2,3,7,6,,,,,,,,
12067090,1,1,1,7,4,,,,8,,,,
12049669,,,,,,,,,,,,,
12049670,2,2,6,6,,,,,,,,,
12049671,2,2,6,6,,,,,,,,,
12049685,2,2,7,6,,,,,,,,,
12049687,0,0,4,2,,,,,,,,,
12049688,2,2,6,6,,,,,,,,,
12049686,0,0,6,6,,,,6,5,,,,
12072038,2,2,6,6,,,,,,,,,
12072029,2,2,6,6,,,,,,,,,
12072035,0,0,6,1,,,,2,,,,,
12072039,1,1,6,1,2,,,,,,,,
12072052,2,2,6,6,,,,,,,,,
12072044,2,2,3,6,6,,,,,,,,
12072048,2,2,3,7,6,,,,7,,,,
12072047,1,1,2,6,4,,,,,,,,
12072049,2,2,6,6,,,,,,,,,
12072060,,,,,,,,,,,,,
12072058,0,0,0,3,,,,,,,,,
12072050,2,2,6,6,,,,,,,,,
12072045,0,0,1,1,,,,,,,,,
12072051,0,0,5,4,,,,,,,,,
12072043,,,,,,,,,,,,,
12074230,2,2,6,6,,,,,,,,,
12072061,0,0,4,0,,,,,,,,,
12073831,2,2,6,2,6,,,,,,,,
12049781,2,2,6,6,,,,,,,,,
12049775,0,0,5,3,,,,,,,,,
12049777,0,0,3,1,,,,,,,,,
12049774,2,2,6,6,,,,,,,,,
12049791,0,0,4,4,,,,,,,,,
12049779,1,1,7,1,2,,,,,,,,
12049793,0,0,3,2,,,,,,,,,
12049776,2,2,6,7,,,,,7,,,,
12049811,2,2,6,6,,,,,,,,,
12049809,0,0,2,2,,,,,,,,,
12049808,2,2,6,4,6,,,,,,,,
12049803,0,0,2,5,,,,,,,,,
12049813,1,1,6,6,5,,,5,,,,,
12049806,1,1,5,7,4,,,,,,,,
12049816,2,2,6,6,6,,,5,,,,,
12059249,0,0,4,4,,,,,,,,,
12049715,0,0,4,4,,,,,,,,,
12049720,0,0,3,5,,,,,,,,,
12059255,2,2,7,6,,,,,,,,,
12049711,0,0,6,1,,,,5,,,,,
12049719,1,1,6,3,2,,,,,,,,
12049727,2,2,6,6,,,,,,,,,
12049714,0,0,1,4,,,,,,,,,
12049710,0,0,3,6,,,,,3,,,,
12049721,2,2,6,6,,,,,,,,,
12063636,0,0,3,3,,,,,,,,,
12063640,0,0,4,3,,,,,,,,,
12049736,2,2,6,6,,,,,,,,,
12049732,2,2,1,7,6,,,,,,,,
12049744,2,2,6,6,,,,,,,,,
12049748,0,0,4,3,,,,,,,,,
12049730,2,2,6,6,,,,,,,,,
12049743,2,2,7,7,,,,7,7,,,,
12049740,2,2,6,6,,,,,,,,,
12049749,0,0,2,2,,,,,,,,,
12049733,1,1,6,4,4,,,,,,,,
12049750,2,2,7,6,,,,7,,,,,
12049745,1,1,4,6,2,,,,,,,,
12058636,0,0,4,4,,,,,,,,,
12058637,2,2,6,6,,,,,,,,,
12065959,1,1,7,3,5,,,,,,,,
12058638,2,2,6,6,,,,,,,,,
12049737,2,2,6,7,,,,,8,,,,
12049742,2,2,6,1,10,,,,,,,,
12049741,2,2,6,6,,,,,,,,,
12049735,1,1,6,4,5,,,,,,,,
12063593,0,0,1,0,,,,,,,,,
12064946,0,0,2,4,,,,,,,,,
12063596,1,1,6,3,4,,,,,,,,
12064937,1,1,7,4,,,,,,,,,
12063601,2,2,6,6,,,,,,,,,
12064932,1,1,6,6,1,,,6,,,,,
12063591,1,1,4,6,6,,,,,1,,,
12063597,1,1,7,3,2,,,,,,,,
12071906,1,1,7,2,2,,,7,,,,,
12064931,2,2,6,7,,,,,,,,,
12071827,2,2,3,6,6,,,,,,,,
12071825,2,2,6,6,,,,,,,,,
12071831,0,0,3,2,,,,,,,,,
12071830,0,0,2,2,,,,,,,,,
12071828,0,0,3,3,,,,,,,,,
12071969,0,0,2,6,,,,,2,,,,
12071829,2,2,6,6,,,,,,,,,
12071826,2,2,6,6,,,,,,,,,
12071970,2,2,6,6,,,,,,,,,
12072409,,,,,,,,,,,,,
12072329,2,2,7,6,,,,,,,,,
12072371,0,0,5,1,,,,,,,,,
12072661,0,0,4,6,,,,,3,,,,
12072522,2,2,6,6,,,,,,,,,
12072533,2,2,6,6,,,,,,,,,
12074135,0,0,2,6,,,,,1,,,,
12074163,0,0,1,3,,,,,,,,,
12074422,2,2,6,7,,,,,9,,,,
12066020,2,2,7,7,,,,7,10,,,,
12066019,0,0,1,4,,,,,,,,,
12066022,0,0,3,2,,,,,,,,,
12066021,2,2,6,6,,,,,,,,,
12069700,0,0,4,5,,,,,,,,,
12069154,0,0,5,5,,,,,,,,,
12069823,2,2,6,6,,,,,,,,,
12069799,2,2,6,6,,,,,,,,,
12069328,2,2,6,4,7,,,,,,,,
12069698,2,2,6,6,,,,,,,,,
12069348,2,2,6,5,6,,,,,,,,
12069697,2,2,7,6,,,,15,,,,,
12071922,2,2,6,6,,,,,,,,,
12071956,2,2,7,1,7,,,7,,,,,
12072164,2,2,6,6,,,,,,,,,
12072521,2,2,6,6,,,,,,,,,
12065893,2,2,6,6,,,,,,,,,
12065898,2,2,6,2,6,,,,,,,,
12064933,2,2,7,6,,,,7,,,,,
12069622,1,1,7,4,1,,,,,,,,
12069400,2,2,6,6,,,,,,,,,
12069073,2,2,7,5,6,,,,,,,,
12069513,1,1,1,7,1,,,,8,,,,
12069121,1,1,6,3,1,,,,,,,,
12069094,2,2,6,6,7,,,,4,,,,
12069708,0,0,2,3,,,,,,,,,
12069227,0,0,4,2,,,,,,,,,
12071930,0,0,1,1,,,,,,,,,
12071921,1,1,5,6,3,,,,,,,,
12072138,2,2,6,6,,,,,,,,,
12072027,0,0,2,1,,,,,,,,,
12068799,2,2,7,2,6,,,7,,,,,
12068830,0,0,6,2,,,,4,,,,,
12068094,0,0,6,5,,,,1,,,,,
12068103,0,0,1,5,,,,,,,,,
12065113,2,2,7,6,,,,7,,,,,
12068073,1,1,6,3,1,,,,,,,,
12068012,2,2,7,4,6,,,7,,,,,
12068731,0,0,5,4,,,,,,,,,
12070913,0,0,3,6,,,,,3,,,,
12070984,2,2,6,6,,,,,,,,,
12071549,0,0,5,4,,,,,,,,,
12070812,0,0,5,6,,,,,4,,,,
12063559,2,2,6,6,,,,,,,,,
12063554,2,2,6,6,,,,,,,,,
12063558,0,0,4,0,,,,,,,,,
12069795,0,0,6,4,,,,2,,,,,
12069782,0,0,4,5,,,,,,,,,
12069079,0,0,5,4,,,,,,,,,
12069628,2,2,6,6,6,,,5,,,,,
12069199,1,1,6,6,4,,,,2,,,,
12066148,0,0,6,4,,,,2,,,,,
12066809,0,0,3,4,,,,,,,,,
12069301,2,2,6,6,,,,,,,,,
12072227,1,1,6,4,4,,,,,,,,
12072359,0,0,3,0,,,,,,,,,
12072455,2,2,7,6,,,,8,,,,,
12072076,0,0,2,4,,,,,,,,,
12067110,0,0,1,3,,,,,,,,,
12065010,0,0,1,2,,,,,,,,,
12067106,1,1,4,6,4,,,,,,,,
12067112,2,2,3,7,7,,,,,,,,
12067111,2,2,6,6,,,,,,,,,
12067107,1,1,6,1,1,,,,,,,,
12067108,0,0,2,3,,,,,,,,,
12065026,0,0,3,4,,,,,,,,,
12065025,0,0,4,4,,,,,,,,,
12067109,2,2,6,6,7,,,9,,,,,
12065012,2,2,4,6,6,,,,,,,,
12065030,0,0,3,3,,,,,,,,,
12070287,1,1,6,2,1,,,,,,,,
12070122,2,2,6,6,,,,,,,,,
12070046,2,2,6,6,,,,,,,,,
12069987,0,0,1,2,,,,,,,,,
12070305,,,,,,,,,,,,,
12067229,2,2,6,6,,,,,,,,,
12070304,0,0,4,4,,,,,,,,,
12070302,0,0,3,5,,,,,,,,,
12064213,2,2,6,3,6,,,,,,,,
12065032,2,2,7,0,7,,,7,,,,,
12067405,2,2,6,6,,,,,,,,,
12065029,1,1,6,5,2,,,,,,,,
12065031,2,2,6,7,,,,,,,,,
12065027,2,2,6,3,6,,,,,,,,
12067406,2,2,6,4,6,,,,,,,,
12067410,2,2,6,6,6,,,,5,,,,
12067411,2,2,7,6,,,,7,,,,,
12067409,0,0,4,0,,,,,,,,,
12065009,0,0,3,1,,,,,,,,,
12067408,2,2,6,2,7,,,,,7,,,
12067407,1,1,6,3,2,,,,,,,,
12067464,0,0,5,3,,,,,,,,,
12069800,2,2,6,6,,,,,,,,,
12069916,2,2,6,5,6,,,,,,,,
12070034,2,2,3,6,6,,,,,,,,
12070257,0,0,2,5,,,,,,,,,
12065013,1,1,6,4,4,,,,,,,,
12070306,2,2,6,6,,,,,,,,,
12070315,0,0,3,3,,,,,,,,,
12072526,2,2,6,6,,,,,,,,,
12072523,1,1,7,5,6,,,7,,6,,,
12066140,0,0,5,2,,,,,,,,,
12064904,0,0,3,3,,,,,,,,,
12066136,0,0,2,1,,,,,,,,,
12066134,0,0,6,1,,,,5,,,,,
12066138,1,1,6,2,,,,,,,,,
12069209,0,0,2,6,,,,,7,,,,
12069397,0,0,2,4,,,,,,,,,
12069563,0,0,5,2,,,,,,,,,
12069512,0,0,4,0,,,,,,,,,
12068864,2,2,5,6,6,,,,,,,,
12069399,1,1,3,6,3,,,,,,,,
12069117,2,2,3,6,7,,,,,,,,
12069793,2,2,6,4,6,,,,,,,,
12072177,2,2,7,7,,,,7,7,,,,
12072365,0,0,6,6,,,,5,6,,,,
12072114,0,0,1,5,,,,,,,,,
12072437,0,0,0,3,,,,,,,,,
12064999,2,2,6,6,,,,,,,,,
12064988,2,2,7,6,,,,,,,,,
12064987,2,2,6,6,,,,,,,,,
12064986,2,2,5,6,7,,,,,,,,
12069267,0,0,3,2,,,,,,,,,
12069265,1,1,6,1,4,,,,,,,,
12069271,2,2,6,6,,,,,,,,,
12069269,2,2,6,6,,,,,,,,,
12069266,2,2,5,6,6,,,,,,,,
12069272,2,2,6,5,6,,,,,,,,
12069270,2,2,6,6,,,,,,,,,
12069268,1,1,4,6,1,,,,,,,,
12069580,0,0,2,6,,,,,5,,,,
12069872,2,2,7,6,,,,,,,,,
12069794,2,2,7,6,,,,,,,,,
12069983,0,0,5,4,,,,,,,,,
12064991,2,2,6,6,,,,,,,,,
12065004,0,0,5,3,,,,,,,,,
12072511,2,2,4,6,6,,,,,,,,
12072555,2,2,6,6,,,,,,,,,
12074538,0,0,2,3,,,,,,,,,
12074598,0,0,1,6,,,,,10,,,,
12066109,2,2,6,6,,,,,,,,,
12066501,2,2,6,6,,,,,,,,,
12066506,1,1,6,6,2,,,,4,,,,
12066514,2,2,6,7,,,,,7,,,,
12066502,2,2,4,7,6,,,,,,,,
12066505,2,2,7,6,,,,7,,,,,
12064935,2,2,6,6,,,,,,,,,
12064942,2,2,6,7,,,,,7,,,,
12066513,0,0,4,2,,,,,,,,,
12066841,2,2,4,6,7,,,,,,,,
12069967,1,1,3,6,4,,,,,,,,
12065958,2,2,6,6,,,,,,,,,
12064927,2,2,7,4,6,,,7,,,,,
12069175,1,1,6,4,0,,,,,,,,
12070026,1,1,7,4,3,,,10,,,,,
12070258,2,2,6,6,,,,,,,,,
12066017,2,2,6,6,,,,,,,,,
12072460,0,0,1,2,,,,,,,,,
12063595,0,0,4,2,,,,,,,,,
12064980,2,2,6,6,,,,,,,,,
12064973,2,2,6,5,6,,,,,,,,
12063604,0,0,1,3,,,,,,,,,
12064985,2,2,6,6,,,,,,,,,
12063614,2,2,0,6,6,,,,,,,,
12063613,0,0,0,0,,,,,,,,,
12064981,2,2,6,6,,,,,,,,,
12071943,1,1,1,6,4,,,,,,,,
12063607,2,2,6,6,,,,,,,,,
12071945,2,2,4,7,6,,,,7,,,,
12071946,0,0,3,1,,,,,,,,,
12071944,0,0,2,2,,,,,,,,,
12071942,2,2,6,6,,,,,,,,,
12063603,2,2,6,6,,,,,,,,,
12072077,2,2,6,7,,,,,7,,,,
12071941,1,1,3,6,2,,,,,,,,
12072005,0,0,2,1,,,,,,,,,
12072538,2,2,6,6,6,,,2,,,,,
12072541,1,1,6,1,2,,,,,,,,
12072492,2,2,6,6,,,,,,,,,
12072626,0,0,2,2,,,,,,,,,
12072582,2,2,7,1,6,,,,,,,,
12072520,1,1,6,0,3,,,,,,,,
12074227,2,2,3,6,6,,,,,,,,
12072674,2,2,6,6,,,,,,,,,
12074179,1,1,6,6,4,,,,3,,,,
12074547,2,2,6,6,,,,,,,,,
12064945,2,2,6,6,,,,,,,,,
12066345,0,0,1,0,,,,,,,,,
12066346,0,0,3,3,,,,,,,,,
12069106,1,1,7,3,0,,,7,,,,,
12069064,0,0,4,3,,,,,,,,,
12066276,1,1,6,2,1,,,,,,,,
12069643,1,1,5,6,1,,,,,,,,
12069330,0,0,0,4,,,,,,,,,
12069384,2,2,7,2,6,,,7,,,,,
12069780,0,0,1,3,,,,,,,,,
12069331,1,1,6,3,,,,,,,,,
12072003,0,0,4,0,,,,,,,,,
12071936,1,1,7,4,2,,,7,,,,,
12072004,0,0,4,1,,,,,,,,,
12072028,0,0,2,1,,,,,,,,,
12066511,2,2,6,6,,,,,,,,,
12065024,0,0,4,4,,,,,,,,,
12066503,1,1,7,1,2,,,,,,,,
12065019,2,2,5,6,7,,,,,,,,
12066120,0,0,6,2,,,,5,,,,,
12069327,1,1,7,0,0,,,,,,,,
12069140,2,2,6,6,,,,,,,,,
12069822,0,0,6,3,,,,1,,,,,
12069699,2,2,6,1,7,,,,,7,,,
12069923,2,2,6,3,6,,,,,,,,
12069537,2,2,6,1,7,,,,,9,,,
12065028,2,2,6,6,,,,,,,,,
12072151,2,2,6,3,6,,,,,,,,
12071931,0,0,4,2,,,,,,,,,
12072024,0,0,5,3,,,,,,,,,
12072081,2,2,6,6,,,,,,,,,
12064958,0,0,2,0,,,,,,,,,
12064955,2,2,2,7,6,,,,7,,,,
12066761,,,,,,,,,,,,,
12069329,1,1,6,6,2,,,,5,,,,
12066760,0,0,2,2,,,,,,,,,
12069074,1,1,6,6,3,,,,5,,,,
12064962,1,1,6,3,6,,,,,7,,,
12069069,2,2,6,6,,,,,,,,,
12069902,2,2,6,6,,,,,,,,,
12069398,2,2,6,6,,,,,,,,,
12069696,2,2,6,6,,,,,,,,,
12069153,1,1,6,4,1,,,,,,,,
12069908,2,2,6,6,,,,,,,,,
12071947,1,1,6,4,1,,,,,,,,
12072016,2,2,6,7,,,,,,,,,
12072002,0,0,1,3,,,,,,,,,
12072099,2,2,7,7,,,,,10,,,,
12067299,2,2,6,6,,,,,,,,,
12067531,0,0,3,4,,,,,,,,,
12067446,1,1,6,3,2,,,,,,,,
12067530,0,0,1,2,,,,,,,,,
12067154,2,2,6,2,6,,,,,,,,
12067969,2,2,7,7,,,,7,,,,,
12067979,1,1,6,2,4,,,,,,,,
12067156,0,0,3,4,,,,,,,,,
12070362,1,1,7,3,1,,,7,,,,,
12070802,0,0,4,2,,,,,,,,,
12070062,2,2,6,6,,,,,,,,,
12070262,2,2,4,6,6,,,,,,,,
12065696,2,2,2,6,6,,,,,,,,
12068138,0,0,4,1,,,,,,,,,
12065110,0,0,3,4,,,,,,,,,
12068756,0,0,6,3,,,,4,,,,,
12068757,2,2,7,3,6,,,,,,,,
12068165,0,0,6,1,,,,5,,,,,
12065312,1,1,4,6,6,,,,,7,,,
12068072,2,2,6,6,,,,,,,,,
12070914,2,2,7,6,,,,7,,,,,
12070983,2,2,6,6,,,,,,,,,
12071568,2,2,6,4,6,,,,,,,,
12071503,2,2,6,6,,,,,,,,,
12065007,0,0,4,2,,,,,,,,,
12065008,,,,,,,,,,,,,
12069098,2,2,5,6,7,,,,,7,,,
12065002,0,0,3,1,,,,,,,,,
12065005,1,1,3,6,3,,,,,,,,
12065000,0,0,1,2,,,,,,,,,
12067131,2,2,6,7,,,,,,,,,
12069781,0,0,1,4,,,,,,,,,
12066785,0,0,2,2,,,,,,,,,
12066843,2,2,6,6,,,,,,,,,
12069518,0,0,3,3,,,,,,,,,
12069974,2,2,6,6,,,,,,,,,
12069887,2,2,6,6,6,,,,7,,,,
12069954,0,0,2,0,,,,,,,,,
12072344,2,2,6,6,,,,,,,,,
12072544,0,0,3,6,,,,,6,,,,
12072026,2,2,6,4,7,,,,,,,,
12072510,0,0,3,3,,,,,,,,,
12066195,0,0,2,3,,,,,,,,,
12066187,0,0,3,4,,,,,,,,,
12066192,2,2,6,6,,,,,,,,,
12066194,0,0,3,6,,,,,9,,,,
12066182,0,0,3,0,,,,,,,,,
12066186,1,1,6,1,2,,,,,,,,
12066193,0,0,1,2,,,,,,,,,
12066196,0,0,3,5,,,,,,,,,
12069326,1,1,7,3,4,,,,,,,,
12069254,2,2,6,6,,,,,,,,,
12069075,1,1,2,7,3,,,,,,,,
12069836,1,1,6,3,3,,,,,,,,
12069982,2,2,7,6,,,,,,,,,
12069579,0,0,3,4,,,,,,,,,
12069886,0,0,4,1,,,,,,,,,
12069921,0,0,0,0,,,,,,,,,
12072312,0,0,3,4,,,,,,,,,
12072165,,,,,,,,,,,,,
12072006,2,2,6,6,,,,,,,,,
12072439,0,0,4,6,,,,,1,,,,
12063582,2,2,6,7,,,,,,,,,
12063599,2,2,6,4,10,,,,,,,,
12063583,0,0,2,1,,,,,,,,,
12063589,2,2,6,3,10,,,,,,,,
12063588,1,1,6,3,7,,,,,,,,
12063600,1,1,5,6,7,,,,,,,,
12063580,2,2,6,6,,,,,,,,,
12063581,2,2,7,5,13,,,7,,,,,
12063615,2,2,6,6,,,,,,,,,
12063587,0,0,3,3,,,,,,,,,
12063611,0,0,1,4,,,,,,,,,
12063606,2,2,6,6,,,,,,,,,
12063586,2,2,7,6,,,,,,,,,
12063602,1,1,5,6,10,,,,,,,,
12063605,2,2,6,4,10,,,,,,,,
12063609,0,0,4,2,,,,,,,,,
12049649,2,2,6,1,6,,,,,,,,
12049648,1,1,7,6,6,,,7,5,4,,,
12049644,2,2,6,3,6,,,,,,,,
12049646,0,0,3,3,,,,,,,,,
12049634,2,2,7,3,6,,,7,,,,,
12049647,2,2,7,4,6,,,7,,,,,
12049653,2,2,7,7,,,,,7,,,,
12049635,1,1,7,1,,,,7,,,,,
12049570,2,2,6,7,,,,,,,,,
12049578,2,2,6,4,6,,,,,,,,
12049583,2,2,6,7,,,,,,,,,
12049585,2,2,6,7,,,,,,,,,
12049581,0,0,4,3,,,,,,,,,
12049577,0,0,1,4,,,,,,,,,
12049582,2,2,7,6,,,,7,,,,,
12049580,1,1,4,7,,,,,,,,,
12049623,2,2,6,6,,,,,,,,,
12049621,1,1,7,4,6,,,,,4,,,
12049617,1,1,4,7,2,,,,7,,,,
12049616,0,0,6,6,,,,5,4,,,,
12049612,0,0,4,3,,,,,,,,,
12049619,0,0,4,2,,,,,,,,,
12049625,2,2,6,6,,,,,,,,,
12049631,2,2,6,6,,,,,,,,,
12049685,2,2,7,6,,,,,,,,,
12049687,0,0,4,2,,,,,,,,,
12049688,2,2,6,6,,,,,,,,,
12049686,0,0,6,6,,,,6,5,,,,
12049682,2,2,6,6,,,,,,,,,
12049684,,,,,,,,,,,,,
12075096,1,1,6,6,3,,,2,,,,,
12075102,2,2,7,6,,,,10,,,,,
12075098,0,0,2,4,,,,,,,,,
12075092,0,0,3,2,,,,,,,,,
12075101,0,0,4,3,,,,,,,,,
12075097,0,0,4,6,,,,,6,,,,
12075099,2,2,6,6,,,,,,,,,
12075100,0,0,4,3,,,,,,,,,
12072038,2,2,6,6,,,,,,,,,
12072029,2,2,6,6,,,,,,,,,
12072035,0,0,6,1,,,,2,,,,,
12072039,1,1,6,1,2,,,,,,,,
12072052,2,2,6,6,,,,,,,,,
12072044,2,2,3,6,6,,,,,,,,
12072048,2,2,3,7,6,,,,7,,,,
12072047,1,1,2,6,4,,,,,,,,
12072049,2,2,6,6,,,,,,,,,
12072060,,,,,,,,,,,,,
12072058,0,0,0,3,,,,,,,,,
12072050,2,2,6,6,,,,,,,,,
12072045,0,0,1,1,,,,,,,,,
12072051,0,0,5,4,,,,,,,,,
12072043,,,,,,,,,,,,,
12074230,2,2,6,6,,,,,,,,,
12072061,0,0,4,0,,,,,,,,,
12073831,2,2,6,2,6,,,,,,,,
12074506,2,2,6,6,,,,,,,,,
12074234,1,1,6,5,2,,,,,,,,
12074233,2,2,6,6,,,,,,,,,
12074705,2,2,4,6,6,,,,,,,,
12074639,2,2,6,3,6,,,,,,,,
12074649,1,1,6,3,4,,,,,,,,
12074723,2,2,6,6,,,,,,,,,
12074891,0,0,4,3,,,,,,,,,
12049793,0,0,3,2,,,,,,,,,
12049776,2,2,6,7,,,,,7,,,,
12049803,0,0,2,5,,,,,,,,,
12049813,1,1,6,6,5,,,5,,,,,
12049806,1,1,5,7,4,,,,,,,,
12049816,2,2,6,6,6,,,5,,,,,
12049798,0,0,5,2,,,,,,,,,
12049815,2,2,6,3,6,,,,,,,,
12049814,2,2,7,6,,,,7,,,,,
12049727,2,2,6,6,,,,,,,,,
12049714,0,0,1,4,,,,,,,,,
12049710,0,0,3,6,,,,,3,,,,
12049721,2,2,6,6,,,,,,,,,
12049724,2,2,6,6,,,,,,,,,
12049713,1,1,5,6,3,,,,,,,,
12049725,1,1,4,6,4,,,,,,,,
12049743,2,2,7,7,,,,7,7,,,,
12049740,2,2,6,6,,,,,,,,,
12049749,0,0,2,2,,,,,,,,,
12049733,1,1,6,4,4,,,,,,,,
12049750,2,2,7,6,,,,7,,,,,
12049745,1,1,4,6,2,,,,,,,,
12049747,,,,,,,,,,,,,
12049746,2,2,6,6,,,,,,,,,
12049734,2,2,4,7,6,,,,7,,,,
12049742,2,2,6,1,10,,,,,,,,
12049741,2,2,6,6,,,,,,,,,
12049735,1,1,6,4,5,,,,,,,,
12049739,2,2,7,6,10,,,9,5,,,,
12049751,2,2,6,3,10,,,,,,,,
12071906,1,1,7,2,2,,,7,,,,,
12064931,2,2,6,7,,,,,,,,,
12071827,2,2,3,6,6,,,,,,,,
12071825,2,2,6,6,,,,,,,,,
12071831,0,0,3,2,,,,,,,,,
12071830,0,0,2,2,,,,,,,,,
12071828,0,0,3,3,,,,,,,,,
12071969,0,0,2,6,,,,,2,,,,
12071829,2,2,6,6,,,,,,,,,
12071826,2,2,6,6,,,,,,,,,
12071970,2,2,6,6,,,,,,,,,
12072409,,,,,,,,,,,,,
12072329,2,2,7,6,,,,,,,,,
12072371,0,0,5,1,,,,,,,,,
12072661,0,0,4,6,,,,,3,,,,
12072522,2,2,6,6,,,,,,,,,
12072533,2,2,6,6,,,,,,,,,
12074135,0,0,2,6,,,,,1,,,,
12074163,0,0,1,3,,,,,,,,,
12074422,2,2,6,7,,,,,9,,,,
12074659,2,2,6,7,,,,,7,,,,
12075040,1,1,0,6,4,,,,,,,,
12069348,2,2,6,5,6,,,,,,,,
12069697,2,2,7,6,,,,15,,,,,
12071922,2,2,6,6,,,,,,,,,
12071956,2,2,7,1,7,,,7,,,,,
12072164,2,2,6,6,,,,,,,,,
12072521,2,2,6,6,,,,,,,,,
12074640,1,1,6,3,3,,,,,,,,
12074761,0,0,4,4,,,,,,,,,
12071930,0,0,1,1,,,,,,,,,
12071921,1,1,5,6,3,,,,,,,,
12072138,2,2,6,6,,,,,,,,,
12072027,0,0,2,1,,,,,,,,,
12070913,0,0,3,6,,,,,3,,,,
12070984,2,2,6,6,,,,,,,,,
12071549,0,0,5,4,,,,,,,,,
12070812,0,0,5,6,,,,,4,,,,
12073876,2,2,6,7,,,,,7,,,,
12073795,2,2,7,6,,,,11,,,,,
12069199,1,1,6,6,4,,,,2,,,,
12066148,0,0,6,4,,,,2,,,,,
12066809,0,0,3,4,,,,,,,,,
12069301,2,2,6,6,,,,,,,,,
12072227,1,1,6,4,4,,,,,,,,
12072359,0,0,3,0,,,,,,,,,
12072455,2,2,7,6,,,,8,,,,,
12072076,0,0,2,4,,,,,,,,,
12074863,2,2,6,7,,,,,7,,,,
12070287,1,1,6,2,1,,,,,,,,
12070122,2,2,6,6,,,,,,,,,
12070046,2,2,6,6,,,,,,,,,
12069987,0,0,1,2,,,,,,,,,
12070305,,,,,,,,,,,,,
12067229,2,2,6,6,,,,,,,,,
12070304,0,0,4,4,,,,,,,,,
12070302,0,0,3,5,,,,,,,,,
12072990,0,0,2,1,,,,,,,,,
12072635,0,0,4,3,,,,,,,,,
12072509,0,0,2,2,,,,,,,,,
12072750,0,0,6,2,,,,1,,,,,
12075086,0,0,2,0,,,,,,,,,
12075087,2,2,6,7,,,,,7,,,,
12067464,0,0,5,3,,,,,,,,,
12069800,2,2,6,6,,,,,,,,,
12069916,2,2,6,5,6,,,,,,,,
12070034,2,2,3,6,6,,,,,,,,
12070257,0,0,2,5,,,,,,,,,
12065013,1,1,6,4,4,,,,,,,,
12070306,2,2,6,6,,,,,,,,,
12070315,0,0,3,3,,,,,,,,,
12072526,2,2,6,6,,,,,,,,,
12072523,1,1,7,5,6,,,7,,6,,,
12072673,1,1,7,4,3,,,,,,,,
12072546,2,2,4,7,6,,,,,,,,
12069399,1,1,3,6,3,,,,,,,,
12069117,2,2,3,6,7,,,,,,,,
12069793,2,2,6,4,6,,,,,,,,
12072177,2,2,7,7,,,,7,7,,,,
12072365,0,0,6,6,,,,5,6,,,,
12072114,0,0,1,5,,,,,,,,,
12072437,0,0,0,3,,,,,,,,,
12074218,2,2,6,6,,,,,,,,,
12074505,2,2,6,3,7,,,,,7,,,
12069269,2,2,6,6,,,,,,,,,
12069266,2,2,5,6,6,,,,,,,,
12069272,2,2,6,5,6,,,,,,,,
12069270,2,2,6,6,,,,,,,,,
12069268,1,1,4,6,1,,,,,,,,
12069580,0,0,2,6,,,,,5,,,,
12069872,2,2,7,6,,,,,,,,,
12069794,2,2,7,6,,,,,,,,,
12069983,0,0,5,4,,,,,,,,,
12064991,2,2,6,6,,,,,,,,,
12065004,0,0,5,3,,,,,,,,,
12072511,2,2,4,6,6,,,,,,,,
12072555,2,2,6,6,,,,,,,,,
12074538,0,0,2,3,,,,,,,,,
12074598,0,0,1,6,,,,,10,,,,
12074772,2,2,7,5,7,,,9,,7,,,
12074793,0,0,4,1,,,,,,,,,
12074991,2,2,6,3,6,,,,,,,,
12076754,0,0,3,0,,,,,,,,,
12065958,2,2,6,6,,,,,,,,,
12064927,2,2,7,4,6,,,7,,,,,
12069175,1,1,6,4,0,,,,,,,,
12070026,1,1,7,4,3,,,10,,,,,
12070258,2,2,6,6,,,,,,,,,
12066017,2,2,6,6,,,,,,,,,
12072460,0,0,1,2,,,,,,,,,
12072774,0,0,1,4,,,,,,,,,
12072499,0,0,1,5,,,,,,,,,
12072543,2,2,0,6,6,,,,,,,,
12063613,0,0,0,0,,,,,,,,,
12064981,2,2,6,6,,,,,,,,,
12071943,1,1,1,6,4,,,,,,,,
12063607,2,2,6,6,,,,,,,,,
12071945,2,2,4,7,6,,,,7,,,,
12071946,0,0,3,1,,,,,,,,,
12071944,0,0,2,2,,,,,,,,,
12071942,2,2,6,6,,,,,,,,,
12063603,2,2,6,6,,,,,,,,,
12072077,2,2,6,7,,,,,7,,,,
12071941,1,1,3,6,2,,,,,,,,
12072005,0,0,2,1,,,,,,,,,
12072538,2,2,6,6,6,,,2,,,,,
12072541,1,1,6,1,2,,,,,,,,
12072492,2,2,6,6,,,,,,,,,
12072626,0,0,2,2,,,,,,,,,
12072582,2,2,7,1,6,,,,,,,,
12072520,1,1,6,0,3,,,,,,,,
12074227,2,2,3,6,6,,,,,,,,
12072674,2,2,6,6,,,,,,,,,
12074179,1,1,6,6,4,,,,3,,,,
12074547,2,2,6,6,,,,,,,,,
12074862,0,0,2,0,,,,,,,,,
12074888,2,2,6,6,,,,,,,,,
12072003,0,0,4,0,,,,,,,,,
12071936,1,1,7,4,2,,,7,,,,,
12072004,0,0,4,1,,,,,,,,,
12072028,0,0,2,1,,,,,,,,,
12074670,1,1,7,2,,,,,,,,,
12074741,1,1,4,6,6,,,,,5,,,
12072151,2,2,6,3,6,,,,,,,,
12071931,0,0,4,2,,,,,,,,,
12072024,0,0,5,3,,,,,,,,,
12072081,2,2,6,6,,,,,,,,,
12074864,2,2,4,7,6,,,,,,,,
12074696,0,0,2,5,,,,,,,,,
12071947,1,1,6,4,1,,,,,,,,
12072016,2,2,6,7,,,,,,,,,
12072002,0,0,1,3,,,,,,,,,
12072099,2,2,7,7,,,,,10,,,,
12070362,1,1,7,3,1,,,7,,,,,
12070802,0,0,4,2,,,,,,,,,
12070062,2,2,6,6,,,,,,,,,
12070262,2,2,4,6,6,,,,,,,,
12070914,2,2,7,6,,,,7,,,,,
12070983,2,2,6,6,,,,,,,,,
12071568,2,2,6,4,6,,,,,,,,
12071503,2,2,6,6,,,,,,,,,
12073715,0,0,6,3,,,,2,,,,,
12073714,0,0,4,3,,,,,,,,,
12069518,0,0,3,3,,,,,,,,,
12069974,2,2,6,6,,,,,,,,,
12069887,2,2,6,6,6,,,,7,,,,
12069954,0,0,2,0,,,,,,,,,
12072344,2,2,6,6,,,,,,,,,
12072544,0,0,3,6,,,,,6,,,,
12072026,2,2,6,4,7,,,,,,,,
12072510,0,0,3,3,,,,,,,,,
12074894,0,0,1,0,,,,,,,,,
12074795,2,2,6,6,,,,,,,,,
12069982,2,2,7,6,,,,,,,,,
12069579,0,0,3,4,,,,,,,,,
12069886,0,0,4,1,,,,,,,,,
12069921,0,0,0,0,,,,,,,,,
12072312,0,0,3,4,,,,,,,,,
12072165,,,,,,,,,,,,,
12072006,2,2,6,6,,,,,,,,,
12072439,0,0,4,6,,,,,1,,,,
12074401,2,2,3,6,6,,,,,,,,
12074690,1,1,6,4,2,,,,,,,,
12049634,2,2,7,3,6,,,7,,,,,
12049647,2,2,7,4,6,,,7,,,,,
12049653,2,2,7,7,,,,,7,,,,
12049635,1,1,7,1,,,,7,,,,,
12049638,0,0,4,3,,,,,,,,,
12049637,2,2,6,6,,,,,,,,,
12049581,0,0,4,3,,,,,,,,,
12049577,0,0,1,4,,,,,,,,,
12049582,2,2,7,6,,,,7,,,,,
12049580,1,1,4,7,,,,,,,,,
12049568,2,2,6,6,,,,,,,,,
12049569,0,0,6,3,,,,2,,,,,
12049612,0,0,4,3,,,,,,,,,
12049619,0,0,4,2,,,,,,,,,
12049625,2,2,6,6,,,,,,,,,
12049631,2,2,6,6,,,,,,,,,
12049618,2,2,6,6,,,,,,,,,
12049614,2,2,7,6,,,,10,,,,,
12049682,2,2,6,6,,,,,,,,,
12049684,,,,,,,,,,,,,
12049683,2,2,7,6,,,,10,,,,,
12077078,0,0,6,3,,,,2,,,,,
12076690,1,1,2,6,1,,,,,,,,
12076704,0,0,2,1,,,,,,,,,
12077080,2,2,6,3,6,,,,,,,,
12076693,0,0,2,4,,,,,,,,,
12076694,1,1,6,5,4,,,,,,,,
12077082,2,2,6,6,,,,,,,,,
12076700,2,2,4,6,6,,,,,,,,
12077079,2,2,6,1,6,,,,,,,,
12076691,,,,,,,,,,,,,
12077796,0,0,2,2,,,,,,,,,
12075279,,,,,,,,,,,,,
12075266,2,2,6,6,,,,,,,,,
12075275,,,,,,,,,,,,,
12077774,0,0,5,1,,,,,,,,,
12075274,1,1,6,4,1,,,,,,,,
12075280,1,1,6,4,,,,,,,,,
12075273,0,0,3,4,,,,,,,,,
12075268,2,2,6,6,,,,,,,,,
12075272,0,0,2,2,,,,,,,,,
12075096,1,1,6,6,3,,,2,,,,,
12075102,2,2,7,6,,,,10,,,,,
12075098,0,0,2,4,,,,,,,,,
12075092,0,0,3,2,,,,,,,,,
12075101,0,0,4,3,,,,,,,,,
12075097,0,0,4,6,,,,,6,,,,
12075099,2,2,6,6,,,,,,,,,
12075100,0,0,4,3,,,,,,,,,
12076723,0,0,4,4,,,,,,,,,
12076933,0,0,5,1,,,,,,,,,
12076681,0,0,3,1,,,,,,,,,
12076932,2,2,6,6,,,,,,,,,
12075953,0,0,0,1,,,,,,,,,
12075951,2,2,6,6,,,,,,,,,
12075955,2,2,6,3,6,,,,,,,,
12075957,0,0,5,5,,,,,,,,,
12075954,1,1,3,6,5,,,,,,,,
12075958,2,2,7,6,,,,,,,,,
12075956,2,2,3,6,6,,,,,,,,
12075950,2,2,6,6,,,,,,,,,
12072061,0,0,4,0,,,,,,,,,
12073831,2,2,6,2,6,,,,,,,,
12074506,2,2,6,6,,,,,,,,,
12074234,1,1,6,5,2,,,,,,,,
12074233,2,2,6,6,,,,,,,,,
12074705,2,2,4,6,6,,,,,,,,
12074639,2,2,6,3,6,,,,,,,,
12074649,1,1,6,3,4,,,,,,,,
12074723,2,2,6,6,,,,,,,,,
12074891,0,0,4,3,,,,,,,,,
12049776,2,2,6,7,,,,,7,,,,
12049783,0,0,6,4,,,,5,,,,,
12049798,0,0,5,2,,,,,,,,,
12049815,2,2,6,3,6,,,,,,,,
12049814,2,2,7,6,,,,7,,,,,
12049801,1,1,6,3,3,,,,,,,,
12049724,2,2,6,6,,,,,,,,,
12049713,1,1,5,6,3,,,,,,,,
12049725,1,1,4,6,4,,,,,,,,
12049718,0,0,5,4,,,,,,,,,
12049712,2,2,7,6,,,,7,,,,,
12049750,2,2,7,6,,,,7,,,,,
12049745,1,1,4,6,2,,,,,,,,
12049747,,,,,,,,,,,,,
12049746,2,2,6,6,,,,,,,,,
12049734,2,2,4,7,6,,,,7,,,,
12049738,2,2,0,6,6,,,,,,,,
12049739,2,2,7,6,10,,,9,5,,,,
12049751,2,2,6,3,10,,,,,,,,
12049731,2,2,6,6,,,,,,,,,
12077523,2,2,6,7,,,,,7,,,,
12077505,2,2,6,6,,,,,,,,,
12077514,0,0,4,1,,,,,,,,,
12077521,1,1,6,1,,,,,,,,,
12077511,2,2,6,6,,,,,,,,,
12077522,2,2,6,6,,,,,,,,,
12077513,1,1,6,3,3,,,,,,,,
12077016,2,2,6,6,6,,,5,,,,,
12077015,2,2,6,6,,,,,,,,,
12077021,2,2,7,1,6,,,7,,,,,
12077019,0,0,3,4,,,,,,,,,
12077018,1,1,7,4,3,,,,,,,,
12077020,2,2,7,7,,,,,7,,,,
12077023,2,2,6,6,,,,,,,,,
12077024,0,0,1,4,,,,,,,,,
12077022,2,2,7,3,6,,,7,,,,,
12077025,2,2,6,6,6,,,,6,,,,
12077027,2,2,6,6,,,,,,,,,
12077026,0,0,6,4,,,,5,,,,,
12077797,1,1,6,1,1,,,,,,,,
12077803,1,1,6,3,4,,,,,,,,
12077805,2,2,4,6,6,,,,,,,,
12077806,0,0,6,4,,,,0,,,,,
12077799,2,2,7,6,,,,,,,,,
12077802,0,0,3,4,,,,,,,,,
12077801,2,2,3,6,6,,,,,,,,
12074659,2,2,6,7,,,,,7,,,,
12075040,1,1,0,6,4,,,,,,,,
12077105,1,1,6,5,3,,,,,,,,
12074640,1,1,6,3,3,,,,,,,,
12074761,0,0,4,4,,,,,,,,,
12076813,0,0,3,3,,,,,,,,,
12072027,0,0,2,1,,,,,,,,,
12074726,2,2,7,2,6,,,7,,,,,
12074762,0,0,5,5,,,,,,,,,
12076835,0,0,6,1,,,,4,,,,,
12076841,0,0,2,3,,,,,,,,,
12076837,2,2,6,7,,,,,,,,,
12076842,2,2,6,6,,,,,,,,,
12076845,2,2,6,6,,,,,,,,,
12076848,2,2,5,7,10,,,,7,,,,
12076847,2,2,6,6,,,,,,,,,
12076840,0,0,3,5,,,,,,,,,
12076843,1,1,6,3,9,,,,,,,,
12076834,0,0,2,5,,,,,,,,,
12076849,2,2,6,6,,,,,,,,,
12076838,0,0,3,5,,,,,,,,,
12076846,0,0,2,0,,,,,,,,,
12076839,0,0,2,3,,,,,,,,,
12076844,2,2,6,4,10,,,,,,,,
12076836,2,2,6,6,,,,,,,,,
12073876,2,2,6,7,,,,,7,,,,
12073795,2,2,7,6,,,,11,,,,,
12076026,2,2,6,6,,,,,,,,,
12072076,0,0,2,4,,,,,,,,,
12074863,2,2,6,7,,,,,7,,,,
12074771,0,0,4,6,,,,,3,,,,
12077281,0,0,6,1,,,,3,,,,,
12072990,0,0,2,1,,,,,,,,,
12072635,0,0,4,3,,,,,,,,,
12072509,0,0,2,2,,,,,,,,,
12072750,0,0,6,2,,,,1,,,,,
12075086,0,0,2,0,,,,,,,,,
12075087,2,2,6,7,,,,,7,,,,
12072526,2,2,6,6,,,,,,,,,
12072523,1,1,7,5,6,,,7,,6,,,
12072673,1,1,7,4,3,,,,,,,,
12072546,2,2,4,7,6,,,,,,,,
12075187,2,2,6,6,,,,,,,,,
12075142,0,0,2,4,,,,,,,,,
12074218,2,2,6,6,,,,,,,,,
12074505,2,2,6,3,7,,,,,7,,,
12076648,0,0,2,2,,,,,,,,,
12074538,0,0,2,3,,,,,,,,,
12074598,0,0,1,6,,,,,10,,,,
12074772,2,2,7,5,7,,,9,,7,,,
12074793,0,0,4,1,,,,,,,,,
12074991,2,2,6,3,6,,,,,,,,
12076754,0,0,3,0,,,,,,,,,
12077045,0,0,0,3,,,,,,,,,
12072460,0,0,1,2,,,,,,,,,
12072774,0,0,1,4,,,,,,,,,
12072499,0,0,1,5,,,,,,,,,
12072543,2,2,0,6,6,,,,,,,,
12075028,1,1,4,7,3,,,,,,,,
12075186,1,1,6,3,4,,,,,,,,
12077719,2,2,6,6,,,,,,,,,
12074547,2,2,6,6,,,,,,,,,
12074862,0,0,2,0,,,,,,,,,
12074888,2,2,6,6,,,,,,,,,
12076432,0,0,3,0,,,,,,,,,
12074670,1,1,7,2,,,,,,,,,
12074741,1,1,4,6,6,,,,,5,,,
12076879,0,0,2,5,,,,,,,,,
12077047,,,,,,,,,,,,,
12072081,2,2,6,6,,,,,,,,,
12074864,2,2,4,7,6,,,,,,,,
12074696,0,0,2,5,,,,,,,,,
12077048,2,2,6,4,7,,,,,7,,,
12074567,1,1,2,6,1,,,,,,,,
12074548,2,2,6,6,,,,,,,,,
12073704,2,2,7,6,,,,,,,,,
12073579,2,2,4,6,7,,,,,,,,
12077811,1,1,7,1,6,,,13,,1,,,
12076851,2,2,6,6,,,,,,,,,
12076859,2,2,6,6,,,,,,,,,
12076865,2,2,6,6,,,,,,,,,
12076862,2,2,7,6,,,,,,,,,
12076857,2,2,6,6,,,,,,,,,
12076861,0,0,3,1,,,,,,,,,
12076853,2,2,3,6,10,,,,,,,,
12076864,1,1,5,6,6,,,,,,,,
12076856,0,0,2,6,,,,,3,,,,
12076850,0,0,3,1,,,,,,,,,
12076858,2,2,6,6,,,,,,,,,
12076854,0,0,2,4,,,,,,,,,
12076855,0,0,1,2,,,,,,,,,
12076852,0,0,2,5,,,,,,,,,
12076860,0,0,1,1,,,,,,,,,
12076863,2,2,7,6,,,,,,,,,
12073715,0,0,6,3,,,,2,,,,,
12073714,0,0,4,3,,,,,,,,,
12076027,2,2,2,6,6,,,,,,,,
12072026,2,2,6,4,7,,,,,,,,
12072510,0,0,3,3,,,,,,,,,
12074894,0,0,1,0,,,,,,,,,
12074795,2,2,6,6,,,,,,,,,
12076941,2,2,7,7,,,,,,,,,
12074401,2,2,3,6,6,,,,,,,,
12074690,1,1,6,4,2,,,,,,,,
12076801,2,2,6,6,,,,,,,,,
12077325,2,2,6,6,,,,,,,,,
12077297,2,2,6,6,,,,,,,,,
12077332,0,0,4,2,,,,,,,,,
12079580,0,0,1,4,,,,,,,,,
12077314,,,,,,,,,,,,,
12077303,2,2,7,4,10,,,,,,,,
12077302,2,2,5,6,10,,,,,,,,
12077307,2,2,6,6,,,,,,,,,
12077320,0,0,1,2,,,,,,,,,
12077298,0,0,1,3,,,,,,,,,
12077317,2,2,7,6,,,,,,,,,
12077340,1,1,2,7,10,,,,,,,,
12077341,1,1,6,4,7,,,,,,,,
12077305,2,2,6,6,,,,,,,,,
12077300,2,2,6,6,,,,,,,,,
12077326,2,2,6,6,,,,,,,,,
12077327,2,2,6,6,,,,,,,,,
12077343,0,0,3,3,,,,,,,,,
12077299,2,2,6,6,,,,,,,,,
12077294,0,0,2,2,,,,,,,,,
12077339,0,0,4,2,,,,,,,,,
12077344,2,2,6,6,,,,,,,,,
12077318,0,0,0,3,,,,,,,,,
12077296,2,2,7,7,,,,,,,,,
12077329,,,,,,,,,,,,,
12077304,2,2,7,3,10,,,,,,,,
12077295,2,2,6,6,,,,,,,,,
12077328,0,0,2,2,,,,,,,,,
12077347,1,1,7,1,6,,,,,,,,
12077301,0,0,6,6,,,,,,,,,
12077346,0,0,3,1,,,,,,,,,
12077322,1,1,4,6,6,,,,,,,,
12077306,0,0,4,4,,,,,,,,,
12077549,0,0,4,5,,,,,,,,,
12077550,0,0,0,0,,,,,,,,,
12077564,2,2,6,6,,,,,,,,,
12077566,0,0,3,2,,,,,,,,,
12077563,1,1,0,7,5,,,,,,,,
12077551,1,1,6,6,3,,,,,,,,
12077572,0,0,1,1,,,,,,,,,
12077561,0,0,2,1,,,,,,,,,
12077559,0,0,1,1,,,,,,,,,
12077569,2,2,7,6,,,,,,,,,
12077548,0,0,3,3,,,,,,,,,
12077552,2,2,7,0,11,,,,,,,,
12077560,0,0,2,1,,,,,,,,,
12077570,0,0,0,0,,,,,,,,,
12077562,0,0,4,3,,,,,,,,,
12077571,1,1,2,7,4,,,,,,,,
12077574,0,0,3,4,,,,,,,,,
12077575,2,2,6,6,,,,,,,,,
12077555,,,,,,,,,,,,,
12077554,2,2,6,6,,,,,,,,,
12077567,0,0,1,0,,,,,,,,,
12077568,2,2,6,6,,,,,,,,,
12077553,2,2,6,6,,,,,,,,,
12077556,2,2,7,6,,,,,,,,,
12077573,,,,,,,,,,,,,
12077557,0,0,3,2,,,,,,,,,
12077565,0,0,6,6,,,,,,,,,
12077558,2,2,6,6,,,,,,,,,
12077760,0,0,2,4,,,,,,,,,
12077737,0,0,3,3,,,,,,,,,
12077726,2,2,6,6,,,,,,,,,
12077729,1,1,7,2,3,,,,,,,,
12077741,0,0,1,6,,,,,,,,,
12077756,1,1,6,4,2,,,,,,,,
12077758,0,0,1,2,,,,,,,,,
12077730,2,2,4,6,10,,,,,,,,
12077732,0,0,3,1,,,,,,,,,
12077763,0,0,1,4,,,,,,,,,
12077751,0,0,5,5,,,,,,,,,
12077727,0,0,6,5,,,,,,,,,
12077753,2,2,6,6,,,,,,,,,
12077767,2,2,6,7,,,,,,,,,
12077734,2,2,6,6,,,,,,,,,
12077769,,,,,,,,,,,,,
12077761,2,2,2,6,13,,,,,,,,
12077745,2,2,6,6,,,,,,,,,
12077739,2,2,6,6,,,,,,,,,
12077740,2,2,5,6,10,,,,,,,,
12077757,0,0,3,4,,,,,,,,,
12077733,2,2,4,6,11,,,,,,,,
12077768,0,0,4,4,,,,,,,,,
12077755,2,2,4,6,10,,,,,,,,
12077728,,,,,,,,,,,,,
12077766,2,2,6,6,,,,,,,,,
12077773,2,2,6,6,10,,,,,,,,
12077398,2,2,7,6,,,,,,,,,
12077397,2,2,6,6,,,,,,,,,
12077403,,,,,,,,,,,,,
12079306,2,2,6,6,,,,,,,,,
12077422,2,2,6,6,,,,,,,,,
12077419,0,0,4,3,,,,,,,,,
12077412,1,1,5,6,9,,,,,,,,
12077415,0,0,3,3,,,,,,,,,
12077394,2,2,7,6,,,,,,,,,
12077405,0,0,4,2,,,,,,,,,
12077401,0,0,4,2,,,,,,,,,
12077406,2,2,6,6,,,,,,,,,
12077399,0,0,1,1,,,,,,,,,
12077426,2,2,6,6,,,,,,,,,
12077418,0,0,1,0,,,,,,,,,
12077410,0,0,4,2,,,,,,,,,
12077416,2,2,6,6,,,,,,,,,
12077408,1,1,3,6,7,,,,,,,,
12077395,0,0,6,4,,,,,,,,,
12077424,2,2,6,6,,,,,,,,,
12077413,2,2,6,1,10,,,,,,,,
12077400,0,0,5,6,,,,,,,,,
12077407,2,2,6,6,,,,,,,,,
12077421,2,2,6,6,,,,,,,,,
12077414,2,2,6,6,,,,,,,,,
12077409,0,0,0,2,,,,,,,,,
12077420,2,2,6,6,,,,,,,,,
12077396,0,0,1,2,,,,,,,,,
12076299,2,2,6,6,,,,,,,,,
12076817,2,2,6,5,14,,,,,,,,
12076310,2,2,6,7,,,,,,,,,
12076301,2,2,5,7,10,,,,,,,,
12076287,2,2,6,6,,,,,,,,,
12076311,2,2,6,7,,,,,,,,,
12076291,2,2,6,6,,,,,,,,,
12076304,0,0,4,3,,,,,,,,,
12076296,0,0,1,2,,,,,,,,,
12076294,0,0,2,3,,,,,,,,,
12076300,0,0,5,4,,,,,,,,,
12076309,0,0,2,2,,,,,,,,,
12076293,2,2,5,6,10,,,,,,,,
12076307,0,0,2,4,,,,,,,,,
12076286,1,1,6,6,3,,,,,,,,
12076298,1,1,5,6,10,,,,,,,,
12077791,,,,,,,,,,,,,
12079400,2,2,7,1,10,,,,,,,,
12077788,2,2,6,7,,,,,,,,,
12077787,2,2,7,2,10,,,,,,,,
12077782,1,1,6,4,7,,,,,,,,
12077783,0,0,3,4,,,,,,,,,
12077780,0,0,3,2,,,,,,,,,
12077786,0,0,4,1,,,,,,,,,
12077777,2,2,6,6,,,,,,,,,
12078144,2,2,6,6,,,,,,,,,
12078153,0,0,5,3,,,,,,,,,
12078143,2,2,6,6,,,,,,,,,
12078139,2,2,6,6,,,,,,,,,
12078134,2,2,3,6,10,,,,,,,,
12078150,2,2,5,7,10,,,,,,,,
12078149,2,2,6,6,,,,,,,,,
12078162,2,2,6,6,,,,,,,,,
12078148,2,2,6,0,11,,,,,,,,
12078164,0,0,2,2,,,,,,,,,
12078160,0,0,1,0,,,,,,,,,
12078161,0,0,6,1,,,,,,,,,
12078135,2,2,6,6,10,,,,,,,,
12078158,2,2,6,6,,,,,,,,,
12078151,0,0,3,1,,,,,,,,,
12078165,2,2,7,7,,,,,,,,,
12078141,0,0,4,0,,,,,,,,,
12078147,0,0,1,3,,,,,,,,,
12078146,2,2,6,6,,,,,,,,,
12078163,2,2,6,6,,,,,,,,,
12077685,0,0,2,3,,,,,,,,,
12077704,0,0,4,5,,,,,,,,,
12077699,2,2,6,6,,,,,,,,,
12077688,0,0,5,0,,,,,,,,,
12077689,2,2,6,6,,,,,,,,,
12077713,,,,,,,,,,,,,
12079449,2,2,6,6,,,,,,,,,
12077696,0,0,1,2,,,,,,,,,
12077691,2,2,6,6,,,,,,,,,
12077714,0,0,2,0,,,,,,,,,
12077695,2,2,7,7,,,,,,,,,
12077706,0,0,0,0,,,,,,,,,
12079519,1,1,4,6,9,,,,,,,,
12077709,2,2,6,6,,,,,,,,,
12077708,,,,,,,,,,,,,
12077687,2,2,6,6,,,,,,,,,
12077693,0,0,3,4,,,,,,,,,
12077690,2,2,6,6,,,,,,,,,
12077697,2,2,3,6,10,,,,,,,,
12077701,2,2,6,6,,,,,,,,,
12077711,0,0,3,2,,,,,,,,,
12077686,0,0,4,0,,,,,,,,,
12077694,1,1,6,3,6,,,,,,,,
12077707,2,2,6,6,,,,,,,,,
12077700,0,0,3,6,,,,,,,,,
12077312,,,,,,,,,,,,,
12077321,0,0,3,2,,,,,,,,,
12077313,0,0,4,1,,,,,,,,,
12077316,0,0,3,0,,,,,,,,,
12077319,,,,,,,,,,,,,
12077331,2,2,6,6,,,,,,,,,
12077330,2,2,3,7,10,,,,,,,,
12077345,,,,,,,,,,,,,
12077311,0,0,2,4,,,,,,,,,
12077333,0,0,3,4,,,,,,,,,
12077315,0,0,0,1,,,,,,,,,
12077348,0,0,4,0,,,,,,,,,
12077338,2,2,6,6,,,,,,,,,
12077308,,,,,,,,,,,,,
12077335,1,1,3,6,4,,,,,,,,
12077336,0,0,4,4,,,,,,,,,
12077349,0,0,0,0,,,,,,,,,
12077337,2,2,6,6,,,,,,,,,
12077342,2,2,6,6,,,,,,,,,
12077323,2,2,6,6,,,,,,,,,
12077324,0,0,4,1,,,,,,,,,
12077351,2,2,7,6,,,,,,,,,
12077334,2,2,6,6,,,,,,,,,
12077310,2,2,6,6,,,,,,,,,
12077309,2,2,6,6,,,,,,,,,
12077593,0,0,6,2,,,,,,,,,
12077589,0,0,6,6,,,,,,,,,
12077580,2,2,6,6,,,,,,,,,
12077597,2,2,6,6,,,,,,,,,
12077606,0,0,0,0,,,,,,,,,
12077587,2,2,6,6,,,,,,,,,
12077585,0,0,4,4,,,,,,,,,
12077607,2,2,6,0,10,,,,,,,,
12077599,0,0,4,1,,,,,,,,,
12077581,,,,,,,,,,,,,
12079549,0,0,2,2,,,,,,,,,
12077601,0,0,1,0,,,,,,,,,
12077595,1,1,6,1,12,,,,,,,,
12077586,2,2,6,6,,,,,,,,,
12077578,2,2,6,7,,,,,,,,,
12077592,2,2,6,7,,,,,,,,,
12077582,2,2,6,6,,,,,,,,,
12077596,,,,,,,,,,,,,
12077588,,,,,,,,,,,,,
12079548,2,2,2,7,10,,,,,,,,
12077598,2,2,6,6,,,,,,,,,
12077591,,,,,,,,,,,,,
12077604,1,1,4,6,4,,,,,,,,
12077590,1,1,6,4,7,,,,,,,,
12077600,2,2,6,6,,,,,,,,,
12077584,2,2,6,6,,,,,,,,,
12077577,1,1,1,6,6,,,,,,,,
12077579,2,2,6,6,,,,,,,,,
12077583,2,2,6,6,,,,,,,,,
12077603,2,2,6,7,,,,,,,,,
12077602,2,2,6,6,,,,,,,,,
12077608,2,2,4,6,10,,,,,,,,
12077594,2,2,6,6,,,,,,,,,
12077605,1,1,3,7,7,,,,,,,,
12077288,0,0,3,2,,,,,,,,,
12077289,2,2,6,6,,,,,,,,,
12077286,0,0,2,1,,,,,,,,,
12077291,2,2,6,6,,,,,,,,,
12077361,0,0,1,0,,,,,,,,,
12077359,2,2,6,6,,,,,,,,,
12077360,0,0,2,3,,,,,,,,,
12077290,1,1,6,3,,,,,,,,,
12077292,2,2,6,6,,,,,,,,,
12077287,2,2,6,6,,,,,,,,,
12077376,0,0,4,4,,,,,,,,,
12077369,2,2,6,6,,,,,,,,,
12077383,2,2,6,4,10,,,,,,,,
12077373,2,2,6,6,,,,,,,,,
12077375,0,0,1,1,,,,,,,,,
12077374,0,0,3,0,,,,,,,,,
12077372,2,2,6,6,,,,,,,,,
12077381,1,1,6,2,3,,,,,,,,
12077377,0,0,0,3,,,,,,,,,
12077371,0,0,0,4,,,,,,,,,
12077378,2,2,6,6,,,,,,,,,
12077379,2,2,6,6,,,,,,,,,
12077380,0,0,3,0,,,,,,,,,
12077382,1,1,6,2,3,,,,,,,,
12077384,,,,,,,,,,,,,
12079975,1,1,6,3,7,,,,,,,,
12077370,0,0,4,1,,,,,,,,,
12076303,0,0,3,4,,,,,,,,,
12076289,0,0,3,1,,,,,,,,,
12076306,2,2,6,6,,,,,,,,,
12076312,0,0,2,6,,,,,,,,,
12076288,0,0,4,0,,,,,,,,,
12076292,0,0,4,4,,,,,,,,,
12076305,0,0,1,4,,,,,,,,,
12076314,2,2,6,5,10,,,,,,,,
12076285,2,2,6,6,,,,,,,,,
12076302,0,0,0,3,,,,,,,,,
12076284,2,2,3,6,10,,,,,,,,
12076308,2,2,6,6,,,,,,,,,
12076290,2,2,6,6,,,,,,,,,
12076295,0,0,3,2,,,,,,,,,
12076313,2,2,6,6,,,,,,,,,
12076297,,,,,,,,,,,,,
12078210,2,2,6,6,,,,,,,,,
12049638,0,0,4,3,,,,,,,,,
12049637,2,2,6,6,,,,,,,,,
12049636,2,2,7,6,,,,,,,,,
12049568,2,2,6,6,,,,,,,,,
12049569,0,0,6,3,,,,2,,,,,
12049571,0,0,3,4,,,,,,,,,
12049618,2,2,6,6,,,,,,,,,
12049614,2,2,7,6,,,,10,,,,,
12076746,,,,,,,,,,,,,
12076748,,,,,,,,,,,,,
12049683,2,2,7,6,,,,10,,,,,
12077078,0,0,6,3,,,,2,,,,,
12076690,1,1,2,6,1,,,,,,,,
12076704,0,0,2,1,,,,,,,,,
12077080,2,2,6,3,6,,,,,,,,
12076693,0,0,2,4,,,,,,,,,
12076694,1,1,6,5,4,,,,,,,,
12077082,2,2,6,6,,,,,,,,,
12076700,2,2,4,6,6,,,,,,,,
12077079,2,2,6,1,6,,,,,,,,
12076691,,,,,,,,,,,,,
12079471,1,1,6,3,6,,,,,3,,,
12076696,2,2,3,6,6,,,,,,,,
12076701,0,0,3,6,,,,,2,,,,
12077083,,,,,,,,,,,,,
12076692,,,,,,,,,,,,,
12076699,,,,,,,,,,,,,
12076695,,,,,,,,,,,,,
12076697,,,,,,,,,,,,,
12076703,,,,,,,,,,,,,
12076698,,,,,,,,,,,,,
12077081,,,,,,,,,,,,,
12077084,,,,,,,,,,,,,
12076702,,,,,,,,,,,,,
12077796,0,0,2,2,,,,,,,,,
12075279,,,,,,,,,,,,,
12075266,2,2,6,6,,,,,,,,,
12075275,,,,,,,,,,,,,
12077774,0,0,5,1,,,,,,,,,
12075274,1,1,6,4,1,,,,,,,,
12075280,1,1,6,4,,,,,,,,,
12075273,0,0,3,4,,,,,,,,,
12075268,2,2,6,6,,,,,,,,,
12075272,0,0,2,2,,,,,,,,,
12078246,0,0,3,6,,,,,6,,,,
12078109,2,2,6,7,,,,,7,,,,
12078107,0,0,3,2,,,,,,,,,
12078277,0,0,4,3,,,,,,,,,
12076723,0,0,4,4,,,,,,,,,
12076933,0,0,5,1,,,,,,,,,
12076681,0,0,3,1,,,,,,,,,
12076932,2,2,6,6,,,,,,,,,
12075953,0,0,0,1,,,,,,,,,
12075951,2,2,6,6,,,,,,,,,
12075955,2,2,6,3,6,,,,,,,,
12075957,0,0,5,5,,,,,,,,,
12075954,1,1,3,6,5,,,,,,,,
12075958,2,2,7,6,,,,,,,,,
12075956,2,2,3,6,6,,,,,,,,
12075950,2,2,6,6,,,,,,,,,
12078716,2,2,6,6,,,,,,,,,
12078694,0,0,4,3,,,,,,,,,
12078819,2,2,6,6,,,,,,,,,
12078755,0,0,5,5,,,,,,,,,
12049783,0,0,6,4,,,,5,,,,,
12049814,2,2,7,6,,,,7,,,,,
12049801,1,1,6,3,3,,,,,,,,
12049718,0,0,5,4,,,,,,,,,
12049712,2,2,7,6,,,,7,,,,,
12049716,0,0,3,4,,,,,,,,,
12049734,2,2,4,7,6,,,,7,,,,
12049738,2,2,0,6,6,,,,,,,,
12079371,,,,,,,,,,,,,
12079373,,,,,,,,,,,,,
12079375,,,,,,,,,,,,,
12079369,,,,,,,,,,,,,
12079370,,,,,,,,,,,,,
12077819,,,,,,,,,,,,,
12077814,,,,,,,,,,,,,
12077818,,,,,,,,,,,,,
12049731,2,2,6,6,,,,,,,,,
12077523,2,2,6,7,,,,,7,,,,
12077505,2,2,6,6,,,,,,,,,
12077514,0,0,4,1,,,,,,,,,
12077521,1,1,6,1,,,,,,,,,
12077511,2,2,6,6,,,,,,,,,
12077522,2,2,6,6,,,,,,,,,
12077513,1,1,6,3,3,,,,,,,,
12077530,1,1,6,6,2,,,,5,,,,
12077512,0,0,3,3,,,,,,,,,
12077520,0,0,4,4,,,,,,,,,
12077531,1,1,4,6,6,,,,,3,,,
12077529,2,2,3,6,6,,,,,,,,
12079640,,,,,,,,,,,,,
12079514,,,,,,,,,,,,,
12079959,,,,,,,,,,,,,
12080585,,,,,,,,,,,,,
12080911,,,,,,,,,,,,,
12080584,,,,,,,,,,,,,
12077016,2,2,6,6,6,,,5,,,,,
12077015,2,2,6,6,,,,,,,,,
12077021,2,2,7,1,6,,,7,,,,,
12077019,0,0,3,4,,,,,,,,,
12077018,1,1,7,4,3,,,,,,,,
12077020,2,2,7,7,,,,,7,,,,
12077023,2,2,6,6,,,,,,,,,
12077024,0,0,1,4,,,,,,,,,
12077022,2,2,7,3,6,,,7,,,,,
12077025,2,2,6,6,6,,,,6,,,,
12077027,2,2,6,6,,,,,,,,,
12077026,0,0,6,4,,,,5,,,,,
12079377,0,0,5,2,,,,,,,,,
12079378,2,2,6,6,,,,,,,,,
12079470,1,1,6,5,,,,,,,,,
12079645,,,,,,,,,,,,,
12079552,,,,,,,,,,,,,
12079772,,,,,,,,,,,,,
12077797,1,1,6,1,1,,,,,,,,
12077803,1,1,6,3,4,,,,,,,,
12077805,2,2,4,6,6,,,,,,,,
12077806,0,0,6,4,,,,0,,,,,
12077799,2,2,7,6,,,,,,,,,
12077802,0,0,3,4,,,,,,,,,
12077801,2,2,3,6,6,,,,,,,,
12077807,0,0,4,3,,,,,,,,,
12077800,2,2,7,6,,,,,,,,,
12077808,1,1,6,3,1,,,,,,,,
12077804,2,2,6,7,,,,,7,,,,
12077798,2,2,6,3,6,,,,,,,,
12079726,,,,,,,,,,,,,
12079737,,,,,,,,,,,,,
12079732,,,,,,,,,,,,,
12080596,,,,,,,,,,,,,
12080595,,,,,,,,,,,,,
12080152,,,,,,,,,,,,,
12077105,1,1,6,5,3,,,,,,,,
12076813,0,0,3,3,,,,,,,,,
12074726,2,2,7,2,6,,,7,,,,,
12074762,0,0,5,5,,,,,,,,,
12079571,2,2,0,6,6,,,,,,,,
12076835,0,0,6,1,,,,4,,,,,
12076841,0,0,2,3,,,,,,,,,
12076837,2,2,6,7,,,,,,,,,
12076842,2,2,6,6,,,,,,,,,
12076845,2,2,6,6,,,,,,,,,
12076848,2,2,5,7,10,,,,7,,,,
12076847,2,2,6,6,,,,,,,,,
12076840,0,0,3,5,,,,,,,,,
12076843,1,1,6,3,9,,,,,,,,
12076834,0,0,2,5,,,,,,,,,
12076849,2,2,6,6,,,,,,,,,
12076838,0,0,3,5,,,,,,,,,
12076846,0,0,2,0,,,,,,,,,
12076839,0,0,2,3,,,,,,,,,
12076844,2,2,6,4,10,,,,,,,,
12076836,2,2,6,6,,,,,,,,,
12079485,0,0,6,5,,,,1,,,,,
12079492,0,0,6,6,,,,6,5,,,,
12079481,0,0,5,3,,,,,,,,,
12079483,1,1,6,4,3,,,,,,,,
12079491,2,2,6,6,,,,,,,,,
12079482,2,2,7,6,,,,7,,,,,
12079486,2,2,7,7,,,,,7,,,,
12079495,1,1,6,3,10,,,,,,,,
12076026,2,2,6,6,,,,,,,,,
12074863,2,2,6,7,,,,,7,,,,
12074771,0,0,4,6,,,,,3,,,,
12077281,0,0,6,1,,,,3,,,,,
12075087,2,2,6,7,,,,,7,,,,
12065022,,,,,,,,,,,,,
12065014,,,,,,,,,,,,,
12075187,2,2,6,6,,,,,,,,,
12075142,0,0,2,4,,,,,,,,,
12077829,2,2,6,6,,,,,,,,,
12076648,0,0,2,2,,,,,,,,,
12076754,0,0,3,0,,,,,,,,,
12077045,0,0,0,3,,,,,,,,,
12075028,1,1,4,7,3,,,,,,,,
12075186,1,1,6,3,4,,,,,,,,
12077719,2,2,6,6,,,,,,,,,
12076432,0,0,3,0,,,,,,,,,
12076879,0,0,2,5,,,,,,,,,
12077047,,,,,,,,,,,,,
12077048,2,2,6,4,7,,,,,7,,,
12074567,1,1,2,6,1,,,,,,,,
12074548,2,2,6,6,,,,,,,,,
12079570,0,0,3,2,,,,,,,,,
12073704,2,2,7,6,,,,,,,,,
12073579,2,2,4,6,7,,,,,,,,
12077811,1,1,7,1,6,,,13,,1,,,
12076851,2,2,6,6,,,,,,,,,
12076859,2,2,6,6,,,,,,,,,
12076865,2,2,6,6,,,,,,,,,
12076862,2,2,7,6,,,,,,,,,
12076857,2,2,6,6,,,,,,,,,
12076861,0,0,3,1,,,,,,,,,
12076853,2,2,3,6,10,,,,,,,,
12076864,1,1,5,6,6,,,,,,,,
12076856,0,0,2,6,,,,,3,,,,
12076850,0,0,3,1,,,,,,,,,
12076858,2,2,6,6,,,,,,,,,
12076854,0,0,2,4,,,,,,,,,
12076855,0,0,1,2,,,,,,,,,
12076852,0,0,2,5,,,,,,,,,
12076860,0,0,1,1,,,,,,,,,
12076863,2,2,7,6,,,,,,,,,
12079493,2,2,6,3,11,,,,,,,,
12079490,2,2,7,6,,,,7,,,,,
12079488,0,0,1,2,,,,,,,,,
12079489,2,2,7,4,11,,,,,,,,
12079487,0,0,0,3,,,,,,,,,
12079496,1,1,6,1,0,,,,,,,,
12079494,0,0,0,6,,,,,2,,,,
12079484,0,0,1,4,,,,,,,,,
12076027,2,2,2,6,6,,,,,,,,
12076941,2,2,7,7,,,,,,,,,
12076801,2,2,6,6,,,,,,,,,
12077325,2,2,6,6,,,,,,,,,
12077297,2,2,6,6,,,,,,,,,
12077332,0,0,4,2,,,,,,,,,
12079580,0,0,1,4,,,,,,,,,
12077314,,,,,,,,,,,,,
12077303,2,2,7,4,10,,,,,,,,
12077302,2,2,5,6,10,,,,,,,,
12077307,2,2,6,6,,,,,,,,,
12077320,0,0,1,2,,,,,,,,,
12077298,0,0,1,3,,,,,,,,,
12077317,2,2,7,6,,,,,,,,,
12077340,1,1,2,7,10,,,,,,,,
12077341,1,1,6,4,7,,,,,,,,
12077305,2,2,6,6,,,,,,,,,
12077300,2,2,6,6,,,,,,,,,
12077326,2,2,6,6,,,,,,,,,
12077327,2,2,6,6,,,,,,,,,
12077343,0,0,3,3,,,,,,,,,
12077299,2,2,6,6,,,,,,,,,
12077294,0,0,2,2,,,,,,,,,
12077339,0,0,4,2,,,,,,,,,
12077344,2,2,6,6,,,,,,,,,
12077318,0,0,0,3,,,,,,,,,
12077296,2,2,7,7,,,,,,,,,
12077329,,,,,,,,,,,,,
12077304,2,2,7,3,10,,,,,,,,
12077295,2,2,6,6,,,,,,,,,
12077328,0,0,2,2,,,,,,,,,
12077347,1,1,7,1,6,,,,,,,,
12077301,0,0,6,6,,,,,,,,,
12077346,0,0,3,1,,,,,,,,,
12077322,1,1,4,6,6,,,,,,,,
12077306,0,0,4,4,,,,,,,,,
12079599,0,0,1,,,,,,,,,,
12079588,0,0,1,,,,,,,,,,
12079583,0,0,1,,,,,,,,,,
12079597,0,0,1,,,,,,,,,,
12079605,,,,,,,,,,,,,
12079592,,,,,,,,,,,,,
12079590,,,,,,,,,,,,,
12079577,,,,,,,,,,,,,
12079603,,,,,,,,,,,,,
12079582,,,,,,,,,,,,,
12079586,,,,,,,,,,,,,
12079594,,,,,,,,,,,,,
12079576,,,,,,,,,,,,,
12079584,,,,,,,,,,,,,
12079581,,,,,,,,,,,,,
12079607,,,,,,,,,,,,,
12077549,0,0,4,5,,,,,,,,,
12077550,0,0,0,0,,,,,,,,,
12077564,2,2,6,6,,,,,,,,,
12077566,0,0,3,2,,,,,,,,,
12077563,1,1,0,7,5,,,,,,,,
12077551,1,1,6,6,3,,,,,,,,
12077572,0,0,1,1,,,,,,,,,
12077561,0,0,2,1,,,,,,,,,
12077559,0,0,1,1,,,,,,,,,
12077569,2,2,7,6,,,,,,,,,
12077548,0,0,3,3,,,,,,,,,
12077552,2,2,7,0,11,,,,,,,,
12077560,0,0,2,1,,,,,,,,,
12077570,0,0,0,0,,,,,,,,,
12077562,0,0,4,3,,,,,,,,,
12077571,1,1,2,7,4,,,,,,,,
12077574,0,0,3,4,,,,,,,,,
12077575,2,2,6,6,,,,,,,,,
12077555,,,,,,,,,,,,,
12077554,2,2,6,6,,,,,,,,,
12077567,0,0,1,0,,,,,,,,,
12077568,2,2,6,6,,,,,,,,,
12077553,2,2,6,6,,,,,,,,,
12077556,2,2,7,6,,,,,,,,,
12077573,,,,,,,,,,,,,
12077557,0,0,3,2,,,,,,,,,
12077565,0,0,6,6,,,,,,,,,
12077558,2,2,6,6,,,,,,,,,
12080202,,,,,,,,,,,,,
12080191,,,,,,,,,,,,,
12080182,,,,,,,,,,,,,
12080174,,,,,,,,,,,,,
12080196,,,,,,,,,,,,,
12080193,,,,,,,,,,,,,
12080173,,,,,,,,,,,,,
12080177,,,,,,,,,,,,,
12080203,,,,,,,,,,,,,
12080200,,,,,,,,,,,,,
12080195,,,,,,,,,,,,,
12080184,,,,,,,,,,,,,
12080197,,,,,,,,,,,,,
12080201,,,,,,,,,,,,,
12080187,,,,,,,,,,,,,
12080172,,,,,,,,,,,,,
12077760,0,0,2,4,,,,,,,,,
12077737,0,0,3,3,,,,,,,,,
12077726,2,2,6,6,,,,,,,,,
12077729,1,1,7,2,3,,,,,,,,
12077741,0,0,1,6,,,,,,,,,
12077756,1,1,6,4,2,,,,,,,,
12077758,0,0,1,2,,,,,,,,,
12077730,2,2,4,6,10,,,,,,,,
12077732,0,0,3,1,,,,,,,,,
12077763,0,0,1,4,,,,,,,,,
12077751,0,0,5,5,,,,,,,,,
12077727,0,0,6,5,,,,,,,,,
12077753,2,2,6,6,,,,,,,,,
12077767,2,2,6,7,,,,,,,,,
12077734,2,2,6,6,,,,,,,,,
12077769,,,,,,,,,,,,,
12077761,2,2,2,6,13,,,,,,,,
12077745,2,2,6,6,,,,,,,,,
12077739,2,2,6,6,,,,,,,,,
12077740,2,2,5,6,10,,,,,,,,
12077757,0,0,3,4,,,,,,,,,
12077733,2,2,4,6,11,,,,,,,,
12077768,0,0,4,4,,,,,,,,,
12077755,2,2,4,6,10,,,,,,,,
12077728,,,,,,,,,,,,,
12077766,2,2,6,6,,,,,,,,,
12077773,2,2,6,6,10,,,,,,,,
12077752,2,2,6,6,,,,,,,,,
12077748,0,0,2,2,,,,,,,,,
12077770,0,0,3,4,,,,,,,,,
12077754,1,1,4,6,6,,,,,,,,
12077731,1,1,5,6,10,,,,,,,,
12080890,,,,,,,,,,,,,
12080901,,,,,,,,,,,,,
12080891,,,,,,,,,,,,,
12080899,,,,,,,,,,,,,
12080892,,,,,,,,,,,,,
12080893,,,,,,,,,,,,,
12080902,,,,,,,,,,,,,
12080888,,,,,,,,,,,,,
12080887,,,,,,,,,,,,,
12080895,,,,,,,,,,,,,
12080894,,,,,,,,,,,,,
12080898,,,,,,,,,,,,,
12080889,,,,,,,,,,,,,
12080897,,,,,,,,,,,,,
12080900,,,,,,,,,,,,,
12080896,,,,,,,,,,,,,
12077398,2,2,7,6,,,,,,,,,
12077397,2,2,6,6,,,,,,,,,
12077403,,,,,,,,,,,,,
12079306,2,2,6,6,,,,,,,,,
12077422,2,2,6,6,,,,,,,,,
12077419,0,0,4,3,,,,,,,,,
12077412,1,1,5,6,9,,,,,,,,
12077415,0,0,3,3,,,,,,,,,
12077394,2,2,7,6,,,,,,,,,
12077405,0,0,4,2,,,,,,,,,
12077401,0,0,4,2,,,,,,,,,
12077406,2,2,6,6,,,,,,,,,
12077399,0,0,1,1,,,,,,,,,
12077426,2,2,6,6,,,,,,,,,
12077418,0,0,1,0,,,,,,,,,
12077410,0,0,4,2,,,,,,,,,
12077416,2,2,6,6,,,,,,,,,
12077408,1,1,3,6,7,,,,,,,,
12077395,0,0,6,4,,,,,,,,,
12077424,2,2,6,6,,,,,,,,,
12077413,2,2,6,1,10,,,,,,,,
12077400,0,0,5,6,,,,,,,,,
12077407,2,2,6,6,,,,,,,,,
12077421,2,2,6,6,,,,,,,,,
12077414,2,2,6,6,,,,,,,,,
12077409,0,0,0,2,,,,,,,,,
12077420,2,2,6,6,,,,,,,,,
12077396,0,0,1,2,,,,,,,,,
12077423,2,2,6,6,,,,,,,,,
12077404,2,2,6,6,,,,,,,,,
12077417,0,0,1,0,,,,,,,,,
12080109,2,2,6,6,,,,,,,,,
12077411,,,,,,,,,,,,,
12077402,1,1,6,3,5,,,,,,,,
12080357,,,,,,,,,,,,,
12080353,,,,,,,,,,,,,
12080362,,,,,,,,,,,,,
12080351,,,,,,,,,,,,,
12080350,,,,,,,,,,,,,
12080363,,,,,,,,,,,,,
12080361,,,,,,,,,,,,,
12080355,,,,,,,,,,,,,
12080354,,,,,,,,,,,,,
12080364,,,,,,,,,,,,,
12080352,,,,,,,,,,,,,
12080356,,,,,,,,,,,,,
12080458,,,,,,,,,,,,,
12080358,,,,,,,,,,,,,
12080359,,,,,,,,,,,,,
12080360,,,,,,,,,,,,,
12076299,2,2,6,6,,,,,,,,,
12076817,2,2,6,5,14,,,,,,,,
12076310,2,2,6,7,,,,,,,,,
12076301,2,2,5,7,10,,,,,,,,
12076287,2,2,6,6,,,,,,,,,
12076311,2,2,6,7,,,,,,,,,
12076291,2,2,6,6,,,,,,,,,
12076304,0,0,4,3,,,,,,,,,
12076296,0,0,1,2,,,,,,,,,
12076294,0,0,2,3,,,,,,,,,
12076300,0,0,5,4,,,,,,,,,
12076309,0,0,2,2,,,,,,,,,
12076293,2,2,5,6,10,,,,,,,,
12076307,0,0,2,4,,,,,,,,,
12076286,1,1,6,6,3,,,,,,,,
12076298,1,1,5,6,10,,,,,,,,
12078779,,,,,,,,,,,,,
12078776,,,,,,,,,,,,,
12078780,,,,,,,,,,,,,
12078777,,,,,,,,,,,,,
12081617,,,,,,,,,,,,,
12078773,,,,,,,,,,,,,
12078815,,,,,,,,,,,,,
12078840,,,,,,,,,,,,,
12078813,,,,,,,,,,,,,
12078775,,,,,,,,,,,,,
12078812,,,,,,,,,,,,,
12078778,,,,,,,,,,,,,
12078774,,,,,,,,,,,,,
12078781,,,,,,,,,,,,,
12078814,,,,,,,,,,,,,
12078772,,,,,,,,,,,,,
12078802,,,,,,,,,,,,,
12080444,,,,,,,,,,,,,
12080450,,,,,,,,,,,,,
12080453,,,,,,,,,,,,,
12080446,,,,,,,,,,,,,
12080445,,,,,,,,,,,,,
12080441,,,,,,,,,,,,,
12080443,,,,,,,,,,,,,
12080447,,,,,,,,,,,,,
12080451,,,,,,,,,,,,,
12080452,,,,,,,,,,,,,
12080449,,,,,,,,,,,,,
12080448,,,,,,,,,,,,,
12077791,,,,,,,,,,,,,
12079400,2,2,7,1,10,,,,,,,,
12077788,2,2,6,7,,,,,,,,,
12077787,2,2,7,2,10,,,,,,,,
12077782,1,1,6,4,7,,,,,,,,
12077783,0,0,3,4,,,,,,,,,
12077780,0,0,3,2,,,,,,,,,
12077786,0,0,4,1,,,,,,,,,
12077777,2,2,6,6,,,,,,,,,
12077778,2,2,7,6,,,,,,,,,
12077784,2,2,6,3,10,,,,,,,,
12077785,2,2,6,6,,,,,,,,,
12077790,,,,,,,,,,,,,
12077781,,,,,,,,,,,,,
12077776,2,2,6,6,,,,,,,,,
12077779,,,,,,,,,,,,,
12080474,,,,,,,,,,,,,
12077789,,,,,,,,,,,,,
12080483,,,,,,,,,,,,,
12080482,,,,,,,,,,,,,
12080475,,,,,,,,,,,,,
12080480,,,,,,,,,,,,,
12080485,,,,,,,,,,,,,
12080476,,,,,,,,,,,,,
12080479,,,,,,,,,,,,,
12078144,2,2,6,6,,,,,,,,,
12078153,0,0,5,3,,,,,,,,,
12078143,2,2,6,6,,,,,,,,,
12078139,2,2,6,6,,,,,,,,,
12078134,2,2,3,6,10,,,,,,,,
12078150,2,2,5,7,10,,,,,,,,
12078149,2,2,6,6,,,,,,,,,
12078162,2,2,6,6,,,,,,,,,
12078148,2,2,6,0,11,,,,,,,,
12078164,0,0,2,2,,,,,,,,,
12078160,0,0,1,0,,,,,,,,,
12078161,0,0,6,1,,,,,,,,,
12078135,2,2,6,6,10,,,,,,,,
12078158,2,2,6,6,,,,,,,,,
12078151,0,0,3,1,,,,,,,,,
12078165,2,2,7,7,,,,,,,,,
12078141,0,0,4,0,,,,,,,,,
12078147,0,0,1,3,,,,,,,,,
12078146,2,2,6,6,,,,,,,,,
12078163,2,2,6,6,,,,,,,,,
12078156,1,1,5,6,7,,,,,,,,
12078138,0,0,1,3,,,,,,,,,
12078159,0,0,4,1,,,,,,,,,
12078140,0,0,2,3,,,,,,,,,
12078145,0,0,0,5,,,,,,,,,
12078155,0,0,0,2,,,,,,,,,
12078142,2,2,6,5,11,,,,,,,,
12078137,0,0,1,3,,,,,,,,,
12078157,2,2,6,6,,,,,,,,,
12078136,2,2,7,5,14,,,,,,,,
12078152,0,0,1,1,,,,,,,,,
12078154,2,2,6,6,,,,,,,,,
12080801,,,,,,,,,,,,,
12080813,,,,,,,,,,,,,
12080803,,,,,,,,,,,,,
12080805,,,,,,,,,,,,,
12080810,,,,,,,,,,,,,
12080807,,,,,,,,,,,,,
12080812,,,,,,,,,,,,,
12080811,,,,,,,,,,,,,
12080808,,,,,,,,,,,,,
12080815,,,,,,,,,,,,,
12080816,,,,,,,,,,,,,
12080804,,,,,,,,,,,,,
12080814,,,,,,,,,,,,,
12080806,,,,,,,,,,,,,
12080802,,,,,,,,,,,,,
12080809,,,,,,,,,,,,,
12077685,0,0,2,3,,,,,,,,,
12077704,0,0,4,5,,,,,,,,,
12077699,2,2,6,6,,,,,,,,,
12077688,0,0,5,0,,,,,,,,,
12077689,2,2,6,6,,,,,,,,,
12077713,,,,,,,,,,,,,
12079449,2,2,6,6,,,,,,,,,
12077696,0,0,1,2,,,,,,,,,
12077691,2,2,6,6,,,,,,,,,
12077714,0,0,2,0,,,,,,,,,
12077695,2,2,7,7,,,,,,,,,
12077706,0,0,0,0,,,,,,,,,
12079519,1,1,4,6,9,,,,,,,,
12077709,2,2,6,6,,,,,,,,,
12077708,,,,,,,,,,,,,
12077687,2,2,6,6,,,,,,,,,
12077693,0,0,3,4,,,,,,,,,
12077690,2,2,6,6,,,,,,,,,
12077697,2,2,3,6,10,,,,,,,,
12077701,2,2,6,6,,,,,,,,,
12077711,0,0,3,2,,,,,,,,,
12077686,0,0,4,0,,,,,,,,,
12077694,1,1,6,3,6,,,,,,,,
12077707,2,2,6,6,,,,,,,,,
12077700,0,0,3,6,,,,,,,,,
12077705,1,1,3,7,6,,,,,,,,
12077716,2,2,6,6,,,,,,,,,
12077712,,,,,,,,,,,,,
12077692,2,2,7,6,,,,,,,,,
12077710,0,0,2,0,,,,,,,,,
12077698,1,1,6,6,8,,,,,,,,
12077715,,,,,,,,,,,,,
12077702,0,0,2,2,,,,,,,,,
12077703,0,0,2,4,,,,,,,,,
12079931,,,,,,,,,,,,,
12079932,,,,,,,,,,,,,
12079929,,,,,,,,,,,,,
12079933,,,,,,,,,,,,,
12080135,,,,,,,,,,,,,
12079926,,,,,,,,,,,,,
12079930,,,,,,,,,,,,,
12079927,,,,,,,,,,,,,
12080405,,,,,,,,,,,,,
12080404,,,,,,,,,,,,,
12080403,,,,,,,,,,,,,
12079928,,,,,,,,,,,,,
12077312,,,,,,,,,,,,,
12077321,0,0,3,2,,,,,,,,,
12077313,0,0,4,1,,,,,,,,,
12077316,0,0,3,0,,,,,,,,,
12077319,,,,,,,,,,,,,
12077331,2,2,6,6,,,,,,,,,
12077330,2,2,3,7,10,,,,,,,,
12077345,,,,,,,,,,,,,
12077311,0,0,2,4,,,,,,,,,
12077333,0,0,3,4,,,,,,,,,
12077315,0,0,0,1,,,,,,,,,
12077348,0,0,4,0,,,,,,,,,
12077338,2,2,6,6,,,,,,,,,
12077308,,,,,,,,,,,,,
12077335,1,1,3,6,4,,,,,,,,
12077336,0,0,4,4,,,,,,,,,
12077349,0,0,0,0,,,,,,,,,
12077337,2,2,6,6,,,,,,,,,
12077342,2,2,6,6,,,,,,,,,
12077323,2,2,6,6,,,,,,,,,
12077324,0,0,4,1,,,,,,,,,
12077351,2,2,7,6,,,,,,,,,
12077334,2,2,6,6,,,,,,,,,
12077310,2,2,6,6,,,,,,,,,
12077309,2,2,6,6,,,,,,,,,
12079602,2,2,6,6,,,,,,,,,
12079578,1,1,6,4,,,,,,,,,
12079591,0,0,1,1,,,,,,,,,
12079606,0,0,2,1,,,,,,,,,
12079589,,,,,,,,,,,,,
12079575,,,,,,,,,,,,,
12079600,,,,,,,,,,,,,
12079598,,,,,,,,,,,,,
12079585,,,,,,,,,,,,,
12079587,,,,,,,,,,,,,
12079595,,,,,,,,,,,,,
12079596,,,,,,,,,,,,,
12079604,,,,,,,,,,,,,
12079593,,,,,,,,,,,,,
12079579,,,,,,,,,,,,,
12079601,,,,,,,,,,,,,
12080185,,,,,,,,,,,,,
12080198,,,,,,,,,,,,,
12080179,,,,,,,,,,,,,
12080189,,,,,,,,,,,,,
12080180,,,,,,,,,,,,,
12080176,,,,,,,,,,,,,
12080192,,,,,,,,,,,,,
12080186,,,,,,,,,,,,,
12080178,,,,,,,,,,,,,
12080199,,,,,,,,,,,,,
12080194,,,,,,,,,,,,,
12080181,,,,,,,,,,,,,
12080190,,,,,,,,,,,,,
12080188,,,,,,,,,,,,,
12080183,,,,,,,,,,,,,
12080175,,,,,,,,,,,,,
12077593,0,0,6,2,,,,,,,,,
12077589,0,0,6,6,,,,,,,,,
12077580,2,2,6,6,,,,,,,,,
12077597,2,2,6,6,,,,,,,,,
12077606,0,0,0,0,,,,,,,,,
12077587,2,2,6,6,,,,,,,,,
12077585,0,0,4,4,,,,,,,,,
12077607,2,2,6,0,10,,,,,,,,
12077599,0,0,4,1,,,,,,,,,
12077581,,,,,,,,,,,,,
12079549,0,0,2,2,,,,,,,,,
12077601,0,0,1,0,,,,,,,,,
12077595,1,1,6,1,12,,,,,,,,
12077586,2,2,6,6,,,,,,,,,
12077578,2,2,6,7,,,,,,,,,
12077592,2,2,6,7,,,,,,,,,
12077582,2,2,6,6,,,,,,,,,
12077596,,,,,,,,,,,,,
12077588,,,,,,,,,,,,,
12079548,2,2,2,7,10,,,,,,,,
12077598,2,2,6,6,,,,,,,,,
12077591,,,,,,,,,,,,,
12077604,1,1,4,6,4,,,,,,,,
12077590,1,1,6,4,7,,,,,,,,
12077600,2,2,6,6,,,,,,,,,
12077584,2,2,6,6,,,,,,,,,
12077577,1,1,1,6,6,,,,,,,,
12077579,2,2,6,6,,,,,,,,,
12077583,2,2,6,6,,,,,,,,,
12077603,2,2,6,7,,,,,,,,,
12077602,2,2,6,6,,,,,,,,,
12077608,2,2,4,6,10,,,,,,,,
12077594,2,2,6,6,,,,,,,,,
12077605,1,1,3,7,7,,,,,,,,
12079897,,,,,,,,,,,,,
12079907,,,,,,,,,,,,,
12079896,,,,,,,,,,,,,
12079903,,,,,,,,,,,,,
12079900,,,,,,,,,,,,,
12079899,,,,,,,,,,,,,
12079898,,,,,,,,,,,,,
12079894,,,,,,,,,,,,,
12079904,,,,,,,,,,,,,
12079902,,,,,,,,,,,,,
12079901,,,,,,,,,,,,,
12079980,,,,,,,,,,,,,
12079906,,,,,,,,,,,,,
12079895,,,,,,,,,,,,,
12079905,,,,,,,,,,,,,
12079908,,,,,,,,,,,,,
12078691,0,0,0,1,,,,,,,,,
12078693,0,0,1,1,,,,,,,,,
12078689,0,0,0,0,,,,,,,,,
12078692,0,0,1,2,,,,,,,,,
12078687,0,0,1,0,,,,,,,,,
12078688,1,1,6,2,0,,,,,,,,
12078690,,,,,,,,,,,,,
12077771,2,2,6,6,,,,,,,,,
12077742,0,0,4,0,,,,,,,,,
12077736,0,0,3,1,,,,,,,,,
12077743,1,1,7,4,4,,,,,,,,
12077746,0,0,4,2,,,,,,,,,
12077749,0,0,0,2,,,,,,,,,
12077750,2,2,7,6,,,,,,,,,
12077744,0,0,5,4,,,,,,,,,
12077765,2,2,6,6,,,,,,,,,
12077738,0,0,1,0,,,,,,,,,
12077764,2,2,6,6,,,,,,,,,
12077747,2,2,6,6,,,,,,,,,
12077762,2,2,6,6,,,,,,,,,
12080862,,,,,,,,,,,,,
12080876,,,,,,,,,,,,,
12080874,,,,,,,,,,,,,
12080872,,,,,,,,,,,,,
12080861,,,,,,,,,,,,,
12080873,,,,,,,,,,,,,
12080875,,,,,,,,,,,,,
12080877,,,,,,,,,,,,,
12080992,,,,,,,,,,,,,
12080863,,,,,,,,,,,,,
12080864,,,,,,,,,,,,,
12080991,,,,,,,,,,,,,
12080993,,,,,,,,,,,,,
12080995,,,,,,,,,,,,,
12080994,,,,,,,,,,,,,
12080878,,,,,,,,,,,,,
12077665,1,1,3,6,0,,,,,,,,
12077664,1,1,6,4,0,,,,,,,,
12077663,2,2,6,6,,,,,,,,,
12080312,,,,,,,,,,,,,
12080311,,,,,,,,,,,,,
12080310,,,,,,,,,,,,,
12080309,,,,,,,,,,,,,
12077288,0,0,3,2,,,,,,,,,
12077289,2,2,6,6,,,,,,,,,
12077286,0,0,2,1,,,,,,,,,
12077291,2,2,6,6,,,,,,,,,
12077361,0,0,1,0,,,,,,,,,
12077359,2,2,6,6,,,,,,,,,
12077360,0,0,2,3,,,,,,,,,
12077290,1,1,6,3,,,,,,,,,
12077292,2,2,6,6,,,,,,,,,
12077287,2,2,6,6,,,,,,,,,
12079565,0,0,4,,,,,,,,,,
12079563,1,1,6,0,,,,,,,,,
12079561,1,1,6,0,,,,,,,,,
12079564,0,0,5,,,,,,,,,,
12079566,,,,,,,,,,,,,
12079562,,,,,,,,,,,,,
12079560,,,,,,,,,,,,,
12079567,,,,,,,,,,,,,
12077376,0,0,4,4,,,,,,,,,
12077369,2,2,6,6,,,,,,,,,
12077383,2,2,6,4,10,,,,,,,,
12077373,2,2,6,6,,,,,,,,,
12077375,0,0,1,1,,,,,,,,,
12077374,0,0,3,0,,,,,,,,,
12077372,2,2,6,6,,,,,,,,,
12077381,1,1,6,2,3,,,,,,,,
12077377,0,0,0,3,,,,,,,,,
12077371,0,0,0,4,,,,,,,,,
12077378,2,2,6,6,,,,,,,,,
12077379,2,2,6,6,,,,,,,,,
12077380,0,0,3,0,,,,,,,,,
12077382,1,1,6,2,3,,,,,,,,
12077384,,,,,,,,,,,,,
12079975,1,1,6,3,7,,,,,,,,
12077370,0,0,4,1,,,,,,,,,
12080297,,,,,,,,,,,,,
12080298,,,,,,,,,,,,,
12080283,,,,,,,,,,,,,
12080294,,,,,,,,,,,,,
12080286,,,,,,,,,,,,,
12080287,,,,,,,,,,,,,
12080291,,,,,,,,,,,,,
12080295,,,,,,,,,,,,,
12080296,,,,,,,,,,,,,
12080292,,,,,,,,,,,,,
12080293,,,,,,,,,,,,,
12080290,,,,,,,,,,,,,
12080285,,,,,,,,,,,,,
12080284,,,,,,,,,,,,,
12080289,,,,,,,,,,,,,
12080288,,,,,,,,,,,,,
12076303,0,0,3,4,,,,,,,,,
12076289,0,0,3,1,,,,,,,,,
12076306,2,2,6,6,,,,,,,,,
12076312,0,0,2,6,,,,,,,,,
12076288,0,0,4,0,,,,,,,,,
12076292,0,0,4,4,,,,,,,,,
12076305,0,0,1,4,,,,,,,,,
12076314,2,2,6,5,10,,,,,,,,
12076285,2,2,6,6,,,,,,,,,
12076302,0,0,0,3,,,,,,,,,
12076284,2,2,3,6,10,,,,,,,,
12076308,2,2,6,6,,,,,,,,,
12076290,2,2,6,6,,,,,,,,,
12076295,0,0,3,2,,,,,,,,,
12076313,2,2,6,6,,,,,,,,,
12076297,,,,,,,,,,,,,
12078210,2,2,6,6,,,,,,,,,
12078767,,,,,,,,,,,,,
12078769,2,2,6,6,,,,,,,,,
12078757,,,,,,,,,,,,,
12078759,0,0,1,2,,,,,,,,,
12078765,,,,,,,,,,,,,
12078763,2,2,6,6,,,,,,,,,
12078768,,,,,,,,,,,,,
12078761,2,2,6,6,,,,,,,,,
12078756,2,2,6,6,,,,,,,,,
12078771,,,,,,,,,,,,,
12078760,2,2,6,6,,,,,,,,,
12078770,,,,,,,,,,,,,
12078762,,,,,,,,,,,,,
12078758,0,0,2,3,,,,,,,,,
12078766,0,0,1,1,,,,,,,,,
12078764,2,2,6,7,,,,,,,,,
12081055,2,2,6,1,6,,,,,,,,
12077838,0,0,5,3,,,,,,,,,
12077846,1,1,6,3,5,,,,,,,,
12077837,0,0,3,2,,,,,,,,,
12077839,1,1,6,4,4,,,,,,,,
12077844,0,0,3,1,,,,,,,,,
12077840,0,0,3,1,,,,,,,,,
12049636,2,2,7,6,,,,,,,,,
12049571,0,0,3,4,,,,,,,,,
12049627,2,2,6,6,,,,,,,,,
12076746,2,2,6,7,,,,,,,,,
12076748,2,2,6,6,,,,,,,,,
12076750,2,2,6,6,,,,,,,,,
12079918,2,2,7,7,,,,,8,,,,
12076749,2,2,3,6,6,,,,,,,,
12076745,2,2,7,6,,,,7,,,,,
12076751,0,0,4,4,,,,,,,,,
12079940,0,0,6,5,,,,2,,,,,
12076744,0,0,4,4,,,,,,,,,
12078333,2,2,6,6,,,,,,,,,
12078331,0,0,3,6,,,,,3,,,,
12078327,2,2,6,4,6,,,,,,,,
12081702,2,2,6,6,,,,,,,,,
12078335,2,2,4,7,6,,,,7,,,,
12077079,2,2,6,1,6,,,,,,,,
12076691,,,,,,,,,,,,,
12079471,1,1,6,3,6,,,,,3,,,
12076696,2,2,3,6,6,,,,,,,,
12076701,0,0,3,6,,,,,2,,,,
12077083,2,2,6,6,,,,,,,,,
12076692,2,2,6,7,,,,,7,,,,
12076699,0,0,2,4,,,,,,,,,
12076703,1,1,6,2,4,,,,,,,,
12076697,2,2,6,7,,,,,,,,,
12076695,2,2,6,6,,,,,,,,,
12077081,2,2,5,6,6,,,,,,,,
12076698,2,2,6,1,6,,,,,,,,
12077084,0,0,6,3,,,,2,,,,,
12076702,0,0,4,,,,,,,,,,
12076706,0,0,3,6,,,,,7,,,,
12076705,,,,,,,,,,,,,
12079944,1,1,6,6,5,,,5,,,,,
12067272,0,0,3,4,,,,,,,,,
12067271,2,2,6,1,6,,,,,,,,
12067267,2,2,6,6,,,,,,,,,
12067247,2,2,6,5,6,,,,,,,,
12067245,2,2,6,6,6,,,5,,,,,
12067250,,,,,,,,,,,,,
12080100,2,2,6,6,,,,,,,,,
12067251,0,0,1,4,,,,,,,,,
12067266,0,0,0,3,,,,,,,,,
12067264,0,0,3,3,,,,,,,,,
12067273,2,2,6,6,,,,,,,,,
12067270,1,1,6,2,,,,,,,,,
12067260,1,1,7,2,2,,,,,,,,
12078246,0,0,3,6,,,,,6,,,,
12078109,2,2,6,7,,,,,7,,,,
12078107,0,0,3,2,,,,,,,,,
12078277,0,0,4,3,,,,,,,,,
12076723,0,0,4,4,,,,,,,,,
12076933,0,0,5,1,,,,,,,,,
12076681,0,0,3,1,,,,,,,,,
12076932,2,2,6,6,,,,,,,,,
12078716,2,2,6,6,,,,,,,,,
12078694,0,0,4,3,,,,,,,,,
12078819,2,2,6,6,,,,,,,,,
12078755,0,0,5,5,,,,,,,,,
12049801,1,1,6,3,3,,,,,,,,
12049716,0,0,3,4,,,,,,,,,
12078287,0,0,4,4,,,,,,,,,
12078308,1,1,4,6,4,,,,,,,,
12078310,2,2,7,7,,,,,7,,,,
12083319,2,2,6,6,,,,,,,,,
12078305,2,2,6,6,,,,,,,,,
12083323,0,0,5,6,,,,,3,,,,
12083320,1,1,6,3,2,,,,,,,,
12083322,0,0,3,0,,,,,,,,,
12079373,2,2,6,6,7,,,,2,7,,,
12079375,0,0,4,3,,,,,,,,,
12079371,0,0,6,3,,,,7,,,,,
12079370,0,0,3,2,,,,,,,,,
12079369,2,2,7,6,6,,,7,5,,,,
12079376,1,1,6,1,6,,,,,4,,,
12082595,0,0,4,2,,,,,,,,,
12082592,1,1,6,6,3,,,4,,,,,
12079374,0,0,4,2,,,,,,,,,
12082590,0,0,6,2,,,,1,,,,,
12082588,0,0,6,3,,,,4,,,,,
12082596,2,2,6,7,,,,,,,,,
12079367,2,2,6,4,6,,,,,,,,
12079372,2,2,7,6,,,,8,,,,,
12082586,1,1,7,6,3,,,,1,,,,
12079368,0,0,6,6,,,,5,1,,,,
12077818,,,,,,,,,,,,,
12077814,0,0,3,6,,,,,3,,,,
12077819,2,2,7,6,,,,7,,,,,
12077822,1,1,1,6,2,,,,,,,,
12077821,2,2,6,6,,,,,,,,,
12083110,1,1,6,4,3,,,,,,,,
12083106,1,1,6,3,5,,,,,,,,
12077813,2,2,7,5,6,,,,,,,,
12083109,2,2,6,4,7,,,,,,,,
12083108,2,2,4,6,7,,,,,,,,
12077522,2,2,6,6,,,,,,,,,
12077513,1,1,6,3,3,,,,,,,,
12077530,1,1,6,6,2,,,,5,,,,
12077512,0,0,3,3,,,,,,,,,
12077520,0,0,4,4,,,,,,,,,
12077531,1,1,4,6,6,,,,,3,,,
12077529,2,2,3,6,6,,,,,,,,
12079640,1,1,6,0,3,,,,,,,,
12079514,2,2,6,6,,,,,,,,,
12080585,0,0,2,4,,,,,,,,,
12079959,0,0,5,4,,,,,,,,,
12080584,2,2,6,7,,,,,,,,,
12080911,2,2,6,6,7,,,2,,7,,,
12077026,0,0,6,4,,,,5,,,,,
12079377,0,0,5,2,,,,,,,,,
12079378,2,2,6,6,,,,,,,,,
12079470,2,2,6,5,6,,,,,,,,
12079645,1,1,5,7,3,,,,8,,,,
12079772,1,1,6,6,3,,,,3,,,,
12079552,2,2,6,7,6,,,4,7,,,,
12077806,0,0,6,4,,,,0,,,,,
12077799,2,2,7,6,,,,,,,,,
12077802,0,0,3,4,,,,,,,,,
12077801,2,2,3,6,6,,,,,,,,
12077807,0,0,4,3,,,,,,,,,
12077800,2,2,7,6,,,,,,,,,
12077808,1,1,6,3,1,,,,,,,,
12077804,2,2,6,7,,,,,7,,,,
12077798,2,2,6,3,6,,,,,,,,
12079726,2,2,6,3,6,,,,,,,,
12079737,0,0,2,1,,,,,,,,,
12079732,0,0,4,6,,,,,3,,,,
12080596,2,2,7,6,,,,,,,,,
12080152,0,0,4,0,,,,,,,,,
12080595,0,0,2,3,,,,,,,,,
12081565,0,0,2,0,,,,,,,,,
12081564,1,1,6,5,0,,,,,,,,
12081563,0,0,3,2,,,,,,,,,
12081568,0,0,3,4,,,,,,,,,
12081567,0,0,5,1,,,,,,,,,
12081485,1,1,4,6,1,,,,,,,,
12081486,2,2,6,6,,,,,,,,,
12081484,1,1,5,6,4,,,,,,,,
12081483,,,,,,,,,,,,,
12083654,0,0,2,4,,,,,,,,,
12083035,2,2,4,7,6,,,,,,,,
12083038,0,0,3,0,,,,,,,,,
12083031,1,1,6,1,5,,,,,,,,
12083037,1,1,6,3,,,,,,,,,
12083055,1,1,3,6,0,,,,,,,,
12083033,0,0,3,3,,,,,,,,,
12083186,2,2,7,2,6,,,,,,,,
12083188,0,0,5,4,,,,,,,,,
12083190,2,2,6,6,,,,,,,,,
12083185,0,0,3,1,,,,,,,,,
12079571,2,2,0,6,6,,,,,,,,
12083423,2,2,6,7,,,,,7,,,,
12083404,0,0,1,4,,,,,,,,,
12083399,0,0,1,1,,,,,,,,,
12083402,2,2,6,6,,,,,,,,,
12083419,2,2,6,6,,,,,,,,,
12083416,2,2,1,6,6,,,,,,,,
12082222,2,2,6,3,6,,,,,,,,
12082228,2,2,6,4,6,,,,,,,,
12082219,0,0,1,1,,,,,,,,,
12082211,2,2,6,6,,,,,,,,,
12082215,2,2,1,6,6,,,,,,,,
12082227,2,2,6,6,,,,,,,,,
12079485,0,0,6,5,,,,1,,,,,
12079492,0,0,6,6,,,,6,5,,,,
12079481,0,0,5,3,,,,,,,,,
12079483,1,1,6,4,3,,,,,,,,
12079491,2,2,6,6,,,,,,,,,
12079482,2,2,7,6,,,,7,,,,,
12079486,2,2,7,7,,,,,7,,,,
12079495,1,1,6,3,10,,,,,,,,
12077281,0,0,6,1,,,,3,,,,,
12077162,1,1,5,6,5,,,,,,,,
12077829,2,2,6,6,,,,,,,,,
12081968,0,0,3,3,,,,,,,,,
12081964,0,0,4,2,,,,,,,,,
12081978,2,2,6,6,,,,,,,,,
12081961,0,0,1,2,,,,,,,,,
12083286,2,2,6,6,,,,,,,,,
12083289,0,0,2,5,,,,,,,,,
12083283,0,0,4,4,,,,,,,,,
12083284,2,2,6,6,,,,,,,,,
12083611,2,2,6,6,,,,,,,,,
12077045,0,0,0,3,,,,,,,,,
12083230,2,2,6,2,6,,,,,,,,
12083238,2,2,6,6,,,,,,,,,
12083229,2,2,6,6,,,,,,,,,
12083241,2,2,6,6,,,,,,,,,
12077719,2,2,6,6,,,,,,,,,
12083045,2,2,6,7,,,,,7,,,,
12083046,0,0,3,2,,,,,,,,,
12083039,1,1,6,4,1,,,,,,,,
12083201,2,2,4,6,6,,,,,,,,
12083200,1,1,6,2,4,,,,,,,,
12083194,2,2,6,7,,,,,,,,,
12083339,1,1,7,6,5,,,,4,,,,
12083338,2,2,7,6,,,,7,,,,,
12083340,2,2,6,6,6,,,,5,,,,
12079570,0,0,3,2,,,,,,,,,
12083412,2,2,6,6,,,,,,,,,
12083403,1,1,4,6,0,,,,,,,,
12083405,2,2,4,6,6,,,,,,,,
12083414,0,0,1,1,,,,,,,,,
12083420,0,0,1,2,,,,,,,,,
12082208,2,2,6,6,,,,,,,,,
12082224,2,2,6,6,,,,,,,,,
12082207,2,2,6,6,,,,,,,,,
12082206,0,0,3,2,,,,,,,,,
12082220,2,2,7,6,,,,,,,,,
12082210,1,1,2,6,3,,,,,,,,
12082209,2,2,6,6,,,,,,,,,
12079493,2,2,6,3,11,,,,,,,,
12079490,2,2,7,6,,,,7,,,,,
12079488,0,0,1,2,,,,,,,,,
12079489,2,2,7,4,11,,,,,,,,
12079487,0,0,0,3,,,,,,,,,
12079496,1,1,6,1,1,,,,,,,,
12079494,0,0,0,6,,,,,2,,,,
12079484,0,0,1,6,,,,,2,,,,
12083072,1,1,7,4,4,,,,,,,,
12083077,2,2,6,6,,,,,,,,,
12083070,2,2,6,6,,,,,,,,,
12083071,2,2,1,7,7,,,,9,,,,
12083069,2,2,6,6,,,,,,,,,
12082876,2,2,6,4,7,,,,,7,,,
12082872,1,1,5,6,3,,,,,,,,
12082882,2,2,7,6,,,,,,,,,
12082867,0,0,3,3,,,,,,,,,
12082875,2,2,4,6,6,,,,,,,,
12082869,2,2,5,7,7,,,,,7,,,
12082874,2,2,6,6,,,,,,,,,
12082868,0,0,1,4,,,,,,,,,
12082878,2,2,6,6,,,,,,,,,
12082879,2,2,6,6,,,,,,,,,
12082881,0,0,1,4,,,,,,,,,
12082880,2,2,6,6,,,,,,,,,
12082877,2,2,6,7,,,,,,,,,
12082870,2,2,6,6,,,,,,,,,
12082871,2,2,6,6,,,,,,,,,
12081972,2,2,6,6,,,,,,,,,
12081977,2,2,7,6,,,,7,,,,,
12081957,2,2,3,6,6,,,,,,,,
12081966,0,0,4,1,,,,,,,,,
12079597,2,2,2,6,13,,,,,,,,
12079599,2,2,6,6,,,,,,,,,
12079588,2,2,6,6,,,,,,,,,
12079583,0,0,4,2,,,,,,,,,
12079590,0,0,1,4,,,,,,,,,
12079605,0,0,6,4,,,,4,,,,,
12079577,0,0,2,2,,,,,,,,,
12079592,1,1,7,3,8,,,7,,,,,
12079594,0,0,4,4,,,,,,,,,
12079603,2,2,6,6,,,,,,,,,
12079586,2,2,7,6,,,,9,,,,,
12079576,1,1,6,3,7,,,,,,,,
12079584,2,2,7,6,,,,7,,,,,
12079582,2,2,6,6,,,,,,,,,
12079607,0,0,1,2,,,,,,,,,
12079581,2,2,4,6,10,,,,,,,,
12083043,2,2,6,6,,,,,,,,,
12083036,0,0,1,0,,,,,,,,,
12083025,2,2,7,6,,,,7,,,,,
12083023,0,0,5,2,,,,,,,,,
12083030,0,0,2,5,,,,,,,,,
12083050,0,0,3,4,,,,,,,,,
12083022,1,1,6,6,5,,,,2,,,,
12083091,2,2,5,7,10,,,,7,,,,
12077565,0,0,6,6,,,,,,,,,
12077558,2,2,6,6,,,,,,,,,
12080202,2,2,6,6,,,,,,,,,
12080191,2,2,6,6,,,,,,,,,
12080182,1,1,6,3,7,,,,,,,,
12080174,1,1,6,1,8,,,,,,,,
12080196,1,1,7,4,14,,,,,,,,
12080193,2,2,6,6,,,,,,,,,
12080173,1,1,3,6,1,,,,,,,,
12080177,0,0,2,5,,,,,,,,,
12080203,2,2,6,3,10,,,,,,,,
12080200,2,2,7,2,10,,,,,,,,
12080195,2,2,6,6,,,,,,,,,
12080184,0,0,1,4,,,,,,,,,
12080197,1,1,0,6,3,,,,,,,,
12080201,2,2,1,6,10,,,,,,,,
12080187,2,2,7,6,,,,,,,,,
12080172,2,2,6,6,,,,,,,,,
12083203,0,0,2,4,,,,,,,,,
12083193,2,2,6,6,,,,,,,,,
12083198,2,2,7,6,,,,,,,,,
12083178,0,0,3,2,,,,,,,,,
12083220,2,2,7,6,,,,,,,,,
12083175,2,2,6,6,,,,,,,,,
12083208,2,2,6,6,,,,,,,,,
12085822,2,2,6,4,10,,,,,,,,
12077752,2,2,6,6,,,,,,,,,
12077748,0,0,2,2,,,,,,,,,
12077770,0,0,3,4,,,,,,,,,
12077754,1,1,4,6,6,,,,,,,,
12077731,1,1,5,6,10,,,,,,,,
12080890,2,2,6,3,10,,,,,,,,
12080901,2,2,6,7,,,,,,,,,
12080891,2,2,6,6,,,,,,,,,
12080899,2,2,6,6,,,,,,,,,
12080892,2,2,6,6,,,,,,,,,
12080893,2,2,6,6,,,,,,,,,
12080902,2,2,6,6,,,,,,,,,
12080888,,,,,,,,,,,,,
12080887,2,2,6,6,,,,,,,,,
12080895,0,0,0,4,,,,,,,,,
12080894,1,1,4,6,8,,,,,,,,
12080898,2,2,6,1,12,,,,,,,,
12080889,2,2,7,6,,,,,,,,,
12080897,2,2,6,7,10,,,,,,,,
12080900,1,1,6,6,1,,,,,,,,
12080896,1,1,5,6,4,,,,,,,,
12082543,2,2,6,6,,,,,,,,,
12082545,0,0,6,2,,,,2,,,,,
12082544,0,0,3,1,,,,,,,,,
12082542,2,2,6,6,,,,,,,,,
12082606,0,0,1,4,,,,,,,,,
12082928,1,1,6,4,8,,,,,,,,
12082938,2,2,7,6,,,,,,,,,
12082927,2,2,6,6,,,,,,,,,
12081519,0,0,1,3,,,,,,,,,
12081516,0,0,5,1,,,,,,,,,
12081528,2,2,7,6,,,,,,,,,
12081523,2,2,3,6,10,,,,,,,,
12081521,0,0,1,2,,,,,,,,,
12081517,2,2,7,6,,,,,,,,,
12081525,2,2,6,6,,,,,,,,,
12081515,2,2,7,6,12,,,,,,,,
12081526,0,0,0,1,,,,,,,,,
12081530,0,0,3,6,,,,,,,,,
12081524,2,2,6,6,,,,,,,,,
12081522,0,0,2,4,,,,,,,,,
12081520,0,0,6,0,,,,,,,,,
12081529,2,2,6,6,,,,,,,,,
12081527,2,2,7,6,,,,,,,,,
12081518,0,0,1,1,,,,,,,,,
12077421,2,2,6,6,,,,,,,,,
12077414,2,2,6,6,,,,,,,,,
12077409,0,0,0,2,,,,,,,,,
12077420,2,2,6,6,,,,,,,,,
12077396,0,0,1,2,,,,,,,,,
12077423,2,2,6,6,,,,,,,,,
12077404,2,2,6,6,,,,,,,,,
12077417,0,0,1,0,,,,,,,,,
12080109,2,2,6,6,,,,,,,,,
12077411,,,,,,,,,,,,,
12077402,1,1,6,3,5,,,,,,,,
12080357,0,0,3,3,,,,,,,,,
12080353,2,2,6,6,,,,,,,,,
12080362,2,2,6,6,,,,,,,,,
12080351,2,2,6,2,10,,,,,,,,
12080350,2,2,6,7,,,,,,,,,
12080363,0,0,6,2,,,,,,,,,
12080361,1,1,6,6,5,,,,,,,,
12080355,2,2,6,6,,,,,,,,,
12080354,0,0,6,1,,,,,,,,,
12080364,2,2,6,6,,,,,,,,,
12080352,2,2,6,6,10,,,,,,,,
12080356,2,2,6,6,,,,,,,,,
12080458,2,2,7,6,,,,,,,,,
12080358,2,2,6,7,,,,,,,,,
12080359,2,2,6,6,,,,,,,,,
12080360,0,0,6,2,,,,,,,,,
12083171,2,2,6,6,,,,,,,,,
12083180,2,2,6,6,,,,,,,,,
12083172,2,2,4,6,10,,,,,,,,
12083177,0,0,2,3,,,,,,,,,
12083176,2,2,6,6,,,,,,,,,
12083181,2,2,6,6,,,,,,,,,
12083168,0,0,2,0,,,,,,,,,
12083167,2,2,7,6,,,,7,,,,,
12078779,2,2,7,6,,,,,,,,,
12078776,0,0,4,6,,,,,,,,,
12078780,0,0,2,2,,,,,,,,,
12078777,1,1,5,6,15,,,,,,,,
12081617,0,0,4,6,,,,,,,,,
12078773,2,2,4,6,10,,,,,,,,
12078815,2,2,6,6,,,,,,,,,
12078840,1,1,4,6,5,,,,,,,,
12078813,0,0,3,6,,,,,,,,,
12078775,2,2,1,6,10,,,,,,,,
12078812,,,,,,,,,,,,,
12078778,2,2,6,4,10,,,,,,,,
12078774,1,1,6,6,2,,,,,,,,
12078781,0,0,2,3,,,,,,,,,
12078814,0,0,3,5,,,,,,,,,
12078772,0,0,3,2,,,,,,,,,
12078802,0,0,1,4,,,,,,,,,
12081954,0,0,4,2,,,,,,,,,
12081951,1,1,1,7,6,,,,9,,,,
12081955,1,1,1,7,6,,,,,,,,
12081970,2,2,6,6,,,,,,,,,
12081956,,,,,,,,,,,,,
12081969,2,2,7,6,,,,9,,,,,
12081965,2,2,4,6,10,,,,,,,,
12081976,2,2,7,6,,,,10,,,,,
12080444,2,2,6,6,,,,,,,,,
12080450,0,0,0,1,,,,,,,,,
12080453,0,0,5,4,,,,,,,,,
12080441,2,2,6,6,,,,,,,,,
12080446,2,2,7,3,10,,,7,,,,,
12080445,2,2,6,4,10,,,,,,,,
12080447,2,2,7,6,,,,,,,,,
12080443,2,2,7,6,,,,,,,,,
12080451,1,1,6,2,5,,,,,,,,
12080449,0,0,4,0,,,,,,,,,
12080452,0,0,1,2,,,,,,,,,
12080448,2,2,6,7,,,,,7,,,,
12080454,0,0,4,4,,,,,,,,,
12080440,2,2,6,6,,,,,,,,,
12080442,2,2,6,6,,,,,,,,,
12080439,1,1,6,4,4,,,,,,,,
12083278,2,2,6,6,,,,,,,,,
12083277,2,2,7,6,,,,,,,,,
12083282,2,2,7,7,,,,,,,,,
12083279,0,0,1,2,,,,,,,,,
12083832,0,0,6,4,,,,1,,,,,
12083765,0,0,3,4,,,,,,,,,
12083833,2,2,6,6,,,,,,,,,
12083280,2,2,6,7,,,,,,,,,
12077780,0,0,3,2,,,,,,,,,
12077786,0,0,4,1,,,,,,,,,
12077777,2,2,6,6,,,,,,,,,
12077778,2,2,7,6,,,,,,,,,
12077784,2,2,6,3,10,,,,,,,,
12077785,2,2,6,6,,,,,,,,,
12077790,2,2,6,6,,,,,,,,,
12077781,2,2,6,7,,,,,,,,,
12077776,2,2,6,6,,,,,,,,,
12077779,0,0,4,2,,,,,,,,,
12080474,2,2,6,6,,,,,,,,,
12077789,0,0,1,4,,,,,,,,,
12080483,2,2,6,6,,,,,,,,,
12080482,0,0,3,6,,,,,,,,,
12080475,2,2,6,6,,,,,,,,,
12080480,0,0,2,6,,,,,,,,,
12080485,2,2,6,6,,,,,,,,,
12080476,2,2,7,6,,,,,,,,,
12080479,0,0,6,3,,,,,,,,,
12082510,0,0,2,6,,,,,,,,,
12080477,0,0,0,1,,,,,,,,,
12082804,1,1,7,2,10,,,,,,,,
12080484,2,2,6,7,,,,,,,,,
12080478,0,0,5,2,,,,,,,,,
12080481,2,2,2,6,10,,,,,,,,
12082803,0,0,2,2,,,,,,,,,
12082548,2,2,3,7,13,,,,,,,,
12083606,2,2,6,6,10,,,3,,,,,
12083605,2,2,4,6,10,,,,,,,,
12083604,2,2,6,6,,,,,,,,,
12083614,2,2,6,7,,,,,7,,,,
12085931,2,2,2,7,11,,,,,,,,
12083610,1,1,2,6,6,,,,,,,,
12083607,0,0,0,3,,,,,,,,,
12078144,2,2,6,6,,,,,,,,,
12078153,0,0,5,3,,,,,,,,,
12078143,2,2,6,6,,,,,,,,,
12078139,2,2,6,6,,,,,,,,,
12078134,2,2,3,6,10,,,,,,,,
12078150,2,2,5,7,10,,,,,,,,
12078149,2,2,6,6,,,,,,,,,
12078162,2,2,6,6,,,,,,,,,
12078148,2,2,6,0,11,,,,,,,,
12078164,0,0,2,2,,,,,,,,,
12078160,0,0,1,0,,,,,,,,,
12078161,0,0,6,1,,,,,,,,,
12078135,2,2,6,6,10,,,,,,,,
12078158,2,2,6,6,,,,,,,,,
12078151,0,0,3,1,,,,,,,,,
12078165,2,2,7,7,,,,,,,,,
12078141,0,0,4,0,,,,,,,,,
12078147,0,0,1,3,,,,,,,,,
12078146,2,2,6,6,,,,,,,,,
12078163,2,2,6,6,,,,,,,,,
12078156,1,1,5,6,7,,,,,,,,
12078138,0,0,1,3,,,,,,,,,
12078159,0,0,4,1,,,,,,,,,
12078140,0,0,2,3,,,,,,,,,
12078145,0,0,0,5,,,,,,,,,
12078155,0,0,0,2,,,,,,,,,
12078142,2,2,6,5,11,,,,,,,,
12078137,0,0,1,3,,,,,,,,,
12078157,2,2,6,6,,,,,,,,,
12078136,2,2,7,5,14,,,,,,,,
12078152,0,0,1,1,,,,,,,,,
12078154,2,2,6,6,,,,,,,,,
12080801,2,2,6,6,,,,,,,,,
12080813,2,2,7,6,,,,,,,,,
12080803,1,1,4,7,4,,,,,,,,
12080805,1,1,6,5,5,,,,,,,,
12080810,2,2,6,6,,,,,,,,,
12080807,0,0,1,6,,,,,,,,,
12080812,2,2,6,6,,,,,,,,,
12080811,0,0,2,4,,,,,,,,,
12080808,0,0,5,2,,,,,,,,,
12080815,2,2,6,6,10,,,,,,,,
12080816,2,2,6,6,,,,,,,,,
12080804,2,2,6,6,,,,,,,,,
12080814,2,2,6,6,,,,,,,,,
12080806,2,2,6,6,,,,,,,,,
12080802,0,0,4,2,,,,,,,,,
12080809,1,1,2,6,7,,,,,,,,
12083516,2,2,6,6,,,,,,,,,
12083519,2,2,6,6,,,,,,,,,
12083515,2,2,6,6,,,,,,,,,
12083514,0,0,2,2,,,,,,,,,
12083522,2,2,7,3,10,,,,,,,,
12083526,2,2,6,6,,,,,,,,,
12083523,0,0,3,5,,,,,,,,,
12083513,2,2,6,6,,,,,,,,,
12077696,0,0,1,2,,,,,,,,,
12077691,2,2,6,6,,,,,,,,,
12077714,0,0,2,0,,,,,,,,,
12077695,2,2,7,7,,,,,,,,,
12077706,0,0,0,0,,,,,,,,,
12079519,1,1,4,6,9,,,,,,,,
12077709,2,2,6,6,,,,,,,,,
12077708,,,,,,,,,,,,,
12077687,2,2,6,6,,,,,,,,,
12077693,0,0,3,4,,,,,,,,,
12077690,2,2,6,6,,,,,,,,,
12077697,2,2,3,6,10,,,,,,,,
12077701,2,2,6,6,,,,,,,,,
12077711,0,0,3,2,,,,,,,,,
12077686,0,0,4,0,,,,,,,,,
12077694,1,1,6,3,6,,,,,,,,
12077707,2,2,6,6,,,,,,,,,
12077700,0,0,3,6,,,,,,,,,
12077705,1,1,3,7,6,,,,,,,,
12077716,2,2,6,6,,,,,,,,,
12077712,,,,,,,,,,,,,
12077692,2,2,7,6,,,,,,,,,
12077710,0,0,2,0,,,,,,,,,
12077698,1,1,6,6,8,,,,,,,,
12077715,,,,,,,,,,,,,
12077702,0,0,2,2,,,,,,,,,
12077703,0,0,2,4,,,,,,,,,
12079931,2,2,6,6,12,,,,,,,,
12079932,2,2,6,6,,,,,,,,,
12079929,0,0,1,4,,,,,,,,,
12079933,0,0,5,2,,,,,,,,,
12080135,0,0,0,4,,,,,,,,,
12079926,0,0,3,2,,,,,,,,,
12079930,0,0,4,3,,,,,,,,,
12079927,2,2,6,6,,,,,,,,,
12080405,0,0,6,6,,,,,,,,,
12080404,0,0,4,4,,,,,,,,,
12080403,2,2,6,7,,,,,,,,,
12079928,2,2,6,7,,,,,,,,,
12080407,0,0,6,2,,,,,,,,,
12080406,2,2,6,6,,,,,,,,,
12080402,0,0,3,3,,,,,,,,,
12080134,2,2,6,6,,,,,,,,,
12083228,1,1,1,6,8,,,,,,,,
12083239,0,0,4,0,,,,,,,,,
12083226,0,0,4,2,,,,,,,,,
12083240,2,2,6,6,,,,,,,,,
12083296,2,2,6,6,,,,,,,,,
12083295,0,0,4,5,,,,,,,,,
12083297,2,2,6,6,,,,,,,,,
12083227,2,2,4,6,10,,,,,,,,
12079606,0,0,2,1,,,,,,,,,
12079602,2,2,6,6,,,,,,,,,
12079578,2,2,6,6,,,,,,,,,
12079591,0,0,1,2,,,,,,,,,
12079598,2,2,6,6,,,,,,,,,
12079575,0,0,0,0,,,,,,,,,
12079585,0,0,6,5,,,,7,,,,,
12079600,2,2,6,6,,,,,,,,,
12079589,2,2,7,4,10,,,7,,,,,
12079596,0,0,4,0,,,,,,,,,
12079593,1,1,6,4,4,,,,,,,,
12079601,0,0,1,4,,,,,,,,,
12079595,2,2,6,6,,,,,,,,,
12079587,1,1,6,6,10,,,,8,,,,
12079604,2,2,6,6,,,,,,,,,
12079579,0,0,4,3,,,,,,,,,
12083040,2,2,6,6,,,,,,,,,
12083024,0,0,2,3,,,,,,,,,
12083054,2,2,6,6,,,,,,,,,
12083026,2,2,6,6,,,,,,,,,
12083027,2,2,6,6,,,,,,,,,
12083047,2,2,6,6,,,,,,,,,
12083290,0,0,2,5,,,,,,,,,
12083028,2,2,6,6,,,,,,,,,
12080185,0,0,0,1,,,,,,,,,
12080198,2,2,6,6,,,,,,,,,
12080179,2,2,6,6,,,,,,,,,
12080189,2,2,6,6,,,,,,,,,
12080180,1,1,6,6,5,,,,,,,,
12080176,0,0,0,1,,,,,,,,,
12080192,2,2,6,6,,,,,,,,,
12080186,2,2,6,6,,,,,,,,,
12080178,2,2,6,6,,,,,,,,,
12080199,0,0,1,0,,,,,,,,,
12080194,2,2,6,6,,,,,,,,,
12080181,2,2,6,6,,,,,,,,,
12080190,0,0,1,0,,,,,,,,,
12080188,1,1,3,6,5,,,,,,,,
12080183,0,0,0,0,,,,,,,,,
12080175,0,0,6,4,,,,,,,,,
12083195,2,2,6,6,,,,,,,,,
12083197,2,2,7,7,,,,,,,,,
12083199,2,2,6,6,,,,,,,,,
12083219,2,2,6,6,,,,,,,,,
12083196,2,2,6,6,,,,,,,,,
12083205,2,2,6,6,,,,,,,,,
12083207,0,0,4,6,,,,,0,,,,
12083204,2,2,6,6,,,,,,,,,
12077594,2,2,6,6,,,,,,,,,
12077605,1,1,3,7,7,,,,,,,,
12079897,1,1,7,1,7,,,,,,,,
12079907,1,1,6,4,8,,,,,,,,
12079896,0,0,6,4,,,,,,,,,
12079903,1,1,3,6,8,,,,,,,,
12079900,2,2,6,6,,,,,,,,,
12079904,0,0,1,2,,,,,,,,,
12079899,2,2,6,6,,,,,,,,,
12079901,1,1,3,6,9,,,,,,,,
12079980,0,0,2,2,,,,,,,,,
12079898,0,0,2,3,,,,,,,,,
12079906,1,1,1,6,8,,,,,,,,
12079894,1,1,6,3,10,,,,,,,,
12079895,2,2,6,6,,,,,,,,,
12079905,2,2,6,7,,,,,,,,,
12079902,0,0,1,4,,,,,,,,,
12079908,1,1,2,6,8,,,,,,,,
12083330,0,0,1,1,,,,,,,,,
12083553,0,0,4,3,,,,,,,,,
12083554,1,1,6,2,10,,,,,,,,
12083552,1,1,6,6,9,,,,,,,,
12083335,2,2,6,6,,,,,,,,,
12083332,2,2,6,6,,,,,,,,,
12083551,0,0,3,3,,,,,,,,,
12083331,2,2,6,6,,,,,,,,,
12078691,0,0,0,1,,,,,,,,,
12078693,0,0,1,1,,,,,,,,,
12078689,0,0,0,0,,,,,,,,,
12078692,0,0,1,2,,,,,,,,,
12078687,0,0,1,0,,,,,,,,,
12078688,1,1,6,2,0,,,,,,,,
12078690,,,,,,,,,,,,,
12081461,2,2,6,1,6,,,,,,,,
12081458,2,2,6,4,6,,,,,,,,
12081462,0,0,4,3,,,,,,,,,
12081463,2,2,3,7,7,,,,8,,,,
12081460,2,2,6,6,,,,,,,,,
12081459,2,2,6,6,,,,,,,,,
12077771,2,2,6,6,,,,,,,,,
12077742,0,0,4,0,,,,,,,,,
12077736,0,0,3,1,,,,,,,,,
12077759,0,0,4,3,,,,,,,,,
12077735,2,2,6,6,,,,,,,,,
12077772,2,2,4,6,10,,,,,,,,
12077743,1,1,7,4,4,,,,,,,,
12077746,0,0,4,2,,,,,,,,,
12077749,0,0,0,2,,,,,,,,,
12077750,2,2,7,6,,,,,,,,,
12077744,0,0,5,4,,,,,,,,,
12077765,2,2,6,6,,,,,,,,,
12077738,0,0,1,0,,,,,,,,,
12077764,2,2,6,6,,,,,,,,,
12077747,2,2,6,6,,,,,,,,,
12077762,2,2,6,6,,,,,,,,,
12080862,2,2,6,6,,,,,,,,,
12080876,2,2,3,6,11,,,,,,,,
12080874,0,0,0,2,,,,,,,,,
12080872,2,2,6,6,,,,,,,,,
12080861,0,0,0,3,,,,,,,,,
12080873,1,1,4,6,8,,,,,,,,
12080875,2,2,7,6,,,,,,,,,
12080877,2,2,6,6,,,,,,,,,
12080992,2,2,7,6,,,,,,,,,
12080863,0,0,2,1,,,,,,,,,
12080864,2,2,7,3,10,,,,,,,,
12080991,0,0,5,1,,,,,,,,,
12080993,0,0,5,1,,,,,,,,,
12080995,2,2,6,6,,,,,,,,,
12080994,1,1,7,3,2,,,,,,,,
12080878,0,0,2,6,,,,,,,,,
12083421,2,2,6,6,,,,,,,,,
12083417,0,0,1,2,,,,,,,,,
12083398,2,2,6,6,,,,,,,,,
12083413,2,2,6,4,11,,,,,,,,
12083400,0,0,4,0,,,,,,,,,
12083422,2,2,6,6,,,,,,,,,
12083396,2,2,6,2,10,,,,,,,,
12083397,2,2,7,6,,,,7,,,,,
12077665,1,1,3,6,0,,,,,,,,
12077664,1,1,6,4,0,,,,,,,,
12077663,2,2,6,6,,,,,,,,,
12080312,0,0,4,6,,,,,10,,,,
12080311,1,1,6,3,3,,,,,,,,
12080309,2,2,6,6,,,,,,,,,
12080310,2,2,6,6,,,,,,,,,
12079565,2,2,6,6,,,,,,,,,
12079563,2,2,6,6,,,,,,,,,
12079561,2,2,6,6,,,,,,,,,
12079564,2,2,6,6,,,,,,,,,
12079566,0,0,5,5,,,,,,,,,
12079562,2,2,6,6,,,,,,,,,
12079560,2,2,6,6,,,,,,,,,
12079567,1,1,1,6,4,,,,,,,,
12077379,2,2,6,6,,,,,,,,,
12077380,0,0,3,0,,,,,,,,,
12077382,1,1,6,2,3,,,,,,,,
12077384,,,,,,,,,,,,,
12079975,1,1,6,3,7,,,,,,,,
12077370,0,0,4,1,,,,,,,,,
12080297,1,1,6,4,6,,,,,,,,
12080298,2,2,6,6,,,,,,,,,
12080283,2,2,6,6,,,,,,,,,
12080294,2,2,6,6,,,,,,,,,
12080286,2,2,6,6,,,,,,,,,
12080287,2,2,2,6,14,,,,,,,,
12080291,0,0,1,2,,,,,,,,,
12080295,0,0,2,5,,,,,,,,,
12080296,2,2,6,6,,,,,,,,,
12080292,0,0,6,6,,,,,,,,,
12080293,2,2,6,6,,,,,,,,,
12080290,2,2,6,6,,,,,,,,,
12080285,0,0,0,2,,,,,,,,,
12080284,0,0,1,3,,,,,,,,,
12080289,2,2,6,6,,,,,,,,,
12080288,0,0,2,3,,,,,,,,,
12083117,2,2,6,7,,,,,,,,,
12083116,2,2,6,6,,,,,,,,,
12083121,0,0,2,4,,,,,,,,,
12083115,2,2,3,6,10,,,,,,,,
12083111,2,2,3,6,10,,,,,,,,
12083113,,,,,,,,,,,,,
12083114,2,2,6,3,10,,,,,,,,
12083112,0,0,0,1,,,,,,,,,
12078767,0,0,6,0,,,,,,,,,
12078769,2,2,6,6,,,,,,,,,
12078757,0,0,4,2,,,,,,,,,
12078759,0,0,1,2,,,,,,,,,
12078765,2,2,6,6,,,,,,,,,
12078763,2,2,6,6,,,,,,,,,
12078768,1,1,3,7,4,,,,,,,,
12078761,2,2,6,6,,,,,,,,,
12078756,2,2,6,6,,,,,,,,,
12078771,2,2,6,6,,,,,,,,,
12078760,2,2,6,6,,,,,,,,,
12078770,0,0,0,2,,,,,,,,,
12078762,0,0,5,0,,,,,,,,,
12078758,0,0,2,3,,,,,,,,,
12078766,0,0,1,1,,,,,,,,,
12078764,2,2,6,7,,,,,,,,,
12081948,0,0,5,2,,,,,,,,,
12081953,0,0,6,1,,,,1,,,,,
12081958,2,2,7,4,10,,,,,,,,
12081950,2,2,6,6,,,,,,,,,
12081947,2,2,7,6,,,,,,,,,
12081963,2,2,6,6,,,,,,,,,
12081952,2,2,6,6,,,,,,,,,
12081949,2,2,6,6,,,,,,,,,
12081055,2,2,6,1,6,,,,,,,,
12077838,0,0,5,3,,,,,,,,,
12077846,1,1,6,3,5,,,,,,,,
12077837,0,0,3,2,,,,,,,,,
12077839,1,1,6,4,4,,,,,,,,
12077844,0,0,3,1,,,,,,,,,
12077840,0,0,3,1,,,,,,,,,
12077847,2,2,7,6,,,,,,,,,
12077845,2,2,4,7,6,,,,10,,,,
12081056,2,2,6,3,6,,,,,,,,
12081057,0,0,4,3,,,,,,,,,
12077842,1,1,6,6,3,,,,1,,,,
12077841,2,2,6,1,7,,,,,,,,
12077848,0,0,1,,,,,,,,,,
12081058,1,1,6,4,2,,,,,,,,
12049627,2,2,6,6,,,,,,,,,
12076748,2,2,6,6,,,,,,,,,
12076750,2,2,6,6,,,,,,,,,
12079918,2,2,7,7,,,,,8,,,,
12076749,2,2,3,6,6,,,,,,,,
12076745,2,2,7,6,,,,7,,,,,
12076751,0,0,4,4,,,,,,,,,
12079940,0,0,6,5,,,,2,,,,,
12076744,0,0,4,4,,,,,,,,,
12079938,,,,,,,,,,,,,
12086081,0,0,6,5,,,,5,,,,,
12079936,0,0,1,6,,,,,5,,,,
12076747,2,2,6,7,,,,,11,,,,
12067166,,,,,,,,,,,,,
12067164,,,,,,,,,,,,,
12067170,,,,,,,,,,,,,
12067168,,,,,,,,,,,,,
12067161,,,,,,,,,,,,,
12078333,2,2,6,6,,,,,,,,,
12078331,0,0,3,6,,,,,3,,,,
12078327,2,2,6,4,6,,,,,,,,
12081702,2,2,6,6,,,,,,,,,
12078335,2,2,4,7,6,,,,7,,,,
12078329,0,0,4,3,,,,,,,,,
12078321,0,0,3,6,,,,,2,,,,
12078325,0,0,6,2,,,,2,,,,,
12081703,0,0,1,0,,,,,,,,,
12081701,0,0,4,3,,,,,,,,,
12078323,0,0,4,5,,,,,,,,,
12078318,2,2,7,7,,,,7,12,,,,
12077084,0,0,6,3,,,,2,,,,,
12076702,0,0,4,,,,,,,,,,
12076706,0,0,3,6,,,,,7,,,,
12076705,,,,,,,,,,,,,
12079944,1,1,6,6,5,,,5,,,,,
12067272,0,0,3,4,,,,,,,,,
12067271,2,2,6,1,6,,,,,,,,
12067267,2,2,6,6,,,,,,,,,
12067247,2,2,6,5,6,,,,,,,,
12067245,2,2,6,6,6,,,5,,,,,
12067250,,,,,,,,,,,,,
12080100,2,2,6,6,,,,,,,,,
12067251,0,0,1,4,,,,,,,,,
12067266,0,0,0,3,,,,,,,,,
12067264,0,0,3,3,,,,,,,,,
12067273,2,2,6,6,,,,,,,,,
12067270,1,1,6,2,,,,,,,,,
12067260,1,1,7,2,2,,,,,,,,
12067265,2,2,6,6,,,,,,,,,
12067274,2,2,6,6,6,,,2,,,,,
12067262,2,2,6,7,,,,,,,,,
12067257,,,,,,,,,,,,,
12067256,,,,,,,,,,,,,
12067248,,,,,,,,,,,,,
12067246,,,,,,,,,,,,,
12067259,,,,,,,,,,,,,
12067244,,,,,,,,,,,,,
12078287,0,0,4,4,,,,,,,,,
12078308,1,1,4,6,4,,,,,,,,
12078310,2,2,7,7,,,,,7,,,,
12083319,2,2,6,6,,,,,,,,,
12078305,2,2,6,6,,,,,,,,,
12083323,0,0,5,6,,,,,3,,,,
12083320,1,1,6,3,2,,,,,,,,
12083322,0,0,3,0,,,,,,,,,
12083324,2,2,7,6,6,,,7,3,,,,
12083321,2,2,6,6,,,,,,,,,
12078283,0,0,4,6,,,,,3,,,,
12078289,2,2,6,7,,,,,7,,,,
12078299,0,0,2,2,,,,,,,,,
12078294,,,,,,,,,,,,,
12067359,,,,,,,,,,,,,
12067344,,,,,,,,,,,,,
12079370,0,0,3,2,,,,,,,,,
12079369,2,2,7,6,6,,,7,5,,,,
12079376,1,1,6,1,6,,,,,4,,,
12082595,0,0,4,2,,,,,,,,,
12082592,1,1,6,6,3,,,4,,,,,
12079374,0,0,4,2,,,,,,,,,
12082590,0,0,6,2,,,,1,,,,,
12082588,0,0,6,3,,,,4,,,,,
12082596,2,2,6,7,,,,,,,,,
12079367,2,2,6,4,6,,,,,,,,
12079372,2,2,7,6,,,,8,,,,,
12082586,1,1,7,6,3,,,,1,,,,
12079368,0,0,6,6,,,,5,1,,,,
12067314,0,0,1,,,,,,,,,,
12067310,,,,,,,,,,,,,
12067312,,,,,,,,,,,,,
12067313,,,,,,,,,,,,,
12077818,,,,,,,,,,,,,
12077814,0,0,3,6,,,,,3,,,,
12077819,2,2,7,6,,,,7,,,,,
12077822,1,1,1,6,2,,,,,,,,
12077821,2,2,6,6,,,,,,,,,
12083110,1,1,6,4,3,,,,,,,,
12083106,1,1,6,3,5,,,,,,,,
12077813,2,2,7,5,6,,,,,,,,
12083109,2,2,6,4,7,,,,,,,,
12083108,2,2,4,6,7,,,,,,,,
12077820,1,1,6,5,4,,,,,,,,
12083105,1,1,5,6,2,,,,,,,,
12077817,2,2,3,7,6,,,,7,,,,
12077816,,,,,,,,,,,,,
12083107,2,2,6,6,,,,,,,,,
12067338,,,,,,,,,,,,,
12077815,,,,,,,,,,,,,
12077823,,,,,,,,,,,,,
12086951,0,0,3,,,,,,,,,,
12067336,,,,,,,,,,,,,
12067332,,,,,,,,,,,,,
12079959,0,0,5,4,,,,,,,,,
12080584,2,2,6,7,,,,,,,,,
12080911,2,2,6,6,7,,,2,,7,,,
12080152,0,0,4,0,,,,,,,,,
12080595,0,0,2,3,,,,,,,,,
12081565,0,0,2,0,,,,,,,,,
12081564,1,1,6,5,0,,,,,,,,
12081563,0,0,3,2,,,,,,,,,
12081568,0,0,3,4,,,,,,,,,
12081567,0,0,5,1,,,,,,,,,
12081583,2,2,6,6,,,,,,,,,
12084014,1,1,7,4,5,,,8,,,,,
12081580,2,2,6,6,,,,,,,,,
12081585,0,0,4,2,,,,,,,,,
12081581,0,0,3,4,,,,,,,,,
12084017,2,2,6,7,,,,,,,,,
12084012,2,2,6,7,,,,,,,,,
12081586,2,2,6,7,,,,,,,,,
12081582,2,2,6,6,,,,,,,,,
12084018,2,2,6,1,7,,,,,,,,
12081584,,,,,,,,,,,,,
12086967,2,2,6,6,,,,,,,,,
12081485,1,1,4,6,1,,,,,,,,
12081486,2,2,6,6,,,,,,,,,
12081484,1,1,5,6,4,,,,,,,,
12081483,,,,,,,,,,,,,
12083654,0,0,2,4,,,,,,,,,
12083035,2,2,4,7,6,,,,,,,,
12083038,0,0,3,0,,,,,,,,,
12083031,1,1,6,1,5,,,,,,,,
12083037,1,1,6,3,,,,,,,,,
12083055,1,1,3,6,0,,,,,,,,
12083033,0,0,3,3,,,,,,,,,
12086238,,,,,,,,,,,,,
12086241,,,,,,,,,,,,,
12084404,,,,,,,,,,,,,
12086240,,,,,,,,,,,,,
12086236,,,,,,,,,,,,,
12086237,,,,,,,,,,,,,
12084396,,,,,,,,,,,,,
12084427,,,,,,,,,,,,,
12086239,,,,,,,,,,,,,
12086242,,,,,,,,,,,,,
12083186,2,2,7,2,6,,,,,,,,
12083188,0,0,5,4,,,,,,,,,
12083190,2,2,6,6,,,,,,,,,
12083185,0,0,3,1,,,,,,,,,
12086534,,,,,,,,,,,,,
12084512,,,,,,,,,,,,,
12086529,,,,,,,,,,,,,
12086527,,,,,,,,,,,,,
12086528,,,,,,,,,,,,,
12086526,,,,,,,,,,,,,
12084517,,,,,,,,,,,,,
12084514,,,,,,,,,,,,,
12084513,,,,,,,,,,,,,
12086532,,,,,,,,,,,,,
12086530,,,,,,,,,,,,,
12086533,,,,,,,,,,,,,
12083423,2,2,6,7,,,,,7,,,,
12083404,0,0,1,4,,,,,,,,,
12083399,0,0,1,1,,,,,,,,,
12083402,2,2,6,6,,,,,,,,,
12083419,2,2,6,6,,,,,,,,,
12083416,2,2,1,6,6,,,,,,,,
12084310,,,,,,,,,,,,,
12084303,,,,,,,,,,,,,
12084299,,,,,,,,,,,,,
12084298,,,,,,,,,,,,,
12084315,,,,,,,,,,,,,
12084305,,,,,,,,,,,,,
12084304,,,,,,,,,,,,,
12084312,,,,,,,,,,,,,
12084297,,,,,,,,,,,,,
12084307,,,,,,,,,,,,,
12082222,2,2,6,3,6,,,,,,,,
12082228,2,2,6,4,6,,,,,,,,
12082219,0,0,1,1,,,,,,,,,
12082211,2,2,6,6,,,,,,,,,
12082215,2,2,1,6,6,,,,,,,,
12082227,2,2,6,6,,,,,,,,,
12084435,2,2,7,6,,,,7,,,,,
12084437,0,0,6,2,,,,5,,,,,
12084429,0,0,1,4,,,,,,,,,
12084410,0,0,4,1,,,,,,,,,
12084430,1,1,6,5,3,,,,,,,,
12084432,1,1,2,6,4,,,,,,,,
12084434,1,1,5,7,0,,,,7,,,,
12084428,1,1,6,6,3,,,2,,,,,
12084433,2,2,3,6,6,,,,,,,,
12084426,0,0,4,2,,,,,,,,,
12083939,2,2,6,6,,,,,,,,,
12083938,2,2,0,6,6,,,,,,,,
12077162,1,1,5,6,5,,,,,,,,
12086208,,,,,,,,,,,,,
12084306,,,,,,,,,,,,,
12084328,,,,,,,,,,,,,
12084300,,,,,,,,,,,,,
12086201,,,,,,,,,,,,,
12086206,,,,,,,,,,,,,
12086202,,,,,,,,,,,,,
12086204,,,,,,,,,,,,,
12086203,,,,,,,,,,,,,
12084302,,,,,,,,,,,,,
12084309,,,,,,,,,,,,,
12084316,,,,,,,,,,,,,
12084301,,,,,,,,,,,,,
12086207,,,,,,,,,,,,,
12084313,,,,,,,,,,,,,
12086205,,,,,,,,,,,,,
12081968,0,0,3,3,,,,,,,,,
12081964,0,0,4,2,,,,,,,,,
12081978,2,2,6,6,,,,,,,,,
12081961,0,0,1,2,,,,,,,,,
12084802,2,2,6,6,,,,,,,,,
12084804,1,1,6,6,5,,,,5,,,,
12084534,0,0,6,2,,,,2,,,,,
12084528,2,2,6,6,,,,,,,,,
12084831,1,1,6,3,3,,,,,,,,
12084801,1,1,6,1,1,,,,,,,,
12084800,2,2,7,6,,,,11,,,,,
12084798,0,0,2,2,,,,,,,,,
12084520,2,2,6,6,,,,,,,,,
12084799,2,2,7,6,6,,,7,4,,,,
12084530,2,2,6,7,,,,,7,,,,
12084803,2,2,6,6,,,,,,,,,
12083286,2,2,6,6,,,,,,,,,
12083289,0,0,2,5,,,,,,,,,
12083283,0,0,4,4,,,,,,,,,
12083284,2,2,6,6,,,,,,,,,
12083285,0,0,1,1,,,,,,,,,
12083288,2,2,6,6,6,,,,3,,,,
12086546,,,,,,,,,,,,,
12084340,,,,,,,,,,,,,
12086543,,,,,,,,,,,,,
12086545,,,,,,,,,,,,,
12086540,,,,,,,,,,,,,
12086544,,,,,,,,,,,,,
12084350,,,,,,,,,,,,,
12086541,,,,,,,,,,,,,
12083611,2,2,6,6,,,,,,,,,
12083608,2,2,6,6,,,,,,,,,
12083617,2,2,6,7,,,,,7,,,,
12083615,1,1,6,3,3,,,,,,,,
12083612,0,0,2,4,,,,,,,,,
12083609,0,0,4,3,,,,,,,,,
12083613,2,2,6,6,,,,,,,,,
12086718,,,,,,,,,,,,,
12084319,,,,,,,,,,,,,
12086716,,,,,,,,,,,,,
12086715,,,,,,,,,,,,,
12086719,,,,,,,,,,,,,
12086712,,,,,,,,,,,,,
12086713,,,,,,,,,,,,,
12086714,,,,,,,,,,,,,
12086717,,,,,,,,,,,,,
12083518,1,1,7,0,1,,,,,,,,
12083524,2,2,6,7,,,,,8,,,,
12083517,0,0,4,0,,,,,,,,,
12083529,2,2,6,6,,,,,,,,,
12083521,0,0,4,1,,,,,,,,,
12083532,2,2,6,6,6,,,,4,,,,
12083520,1,1,4,6,6,,,,,6,,,
12086956,,,,,,,,,,,,,
12086962,,,,,,,,,,,,,
12086958,,,,,,,,,,,,,
12086957,,,,,,,,,,,,,
12083230,2,2,6,2,6,,,,,,,,
12083238,2,2,6,6,,,,,,,,,
12083229,2,2,6,6,,,,,,,,,
12083241,2,2,6,6,,,,,,,,,
12084358,,,,,,,,,,,,,
12086423,,,,,,,,,,,,,
12086421,,,,,,,,,,,,,
12086426,,,,,,,,,,,,,
12086420,,,,,,,,,,,,,
12084374,,,,,,,,,,,,,
12086425,,,,,,,,,,,,,
12086422,,,,,,,,,,,,,
12084365,,,,,,,,,,,,,
12086424,,,,,,,,,,,,,
12086419,,,,,,,,,,,,,
12084360,,,,,,,,,,,,,
12083045,2,2,6,7,,,,,7,,,,
12083046,0,0,3,2,,,,,,,,,
12083039,1,1,6,4,1,,,,,,,,
12084323,,,,,,,,,,,,,
12085982,0,0,3,,,,,,,,,,
12084327,,,,,,,,,,,,,
12085986,,,,,,,,,,,,,
12085979,,,,,,,,,,,,,
12085983,,,,,,,,,,,,,
12085985,,,,,,,,,,,,,
12084326,,,,,,,,,,,,,
12085978,,,,,,,,,,,,,
12084321,,,,,,,,,,,,,
12085981,,,,,,,,,,,,,
12085980,,,,,,,,,,,,,
12084324,,,,,,,,,,,,,
12085984,,,,,,,,,,,,,
12083201,2,2,4,6,6,,,,,,,,
12083200,1,1,6,2,4,,,,,,,,
12083194,2,2,6,7,,,,,,,,,
12086014,,,,,,,,,,,,,
12084449,,,,,,,,,,,,,
12083202,1,1,7,2,0,,,7,,,,,
12084447,,,,,,,,,,,,,
12086017,,,,,,,,,,,,,
12086013,,,,,,,,,,,,,
12084420,,,,,,,,,,,,,
12086015,,,,,,,,,,,,,
12086012,,,,,,,,,,,,,
12084444,,,,,,,,,,,,,
12086016,,,,,,,,,,,,,
12084455,,,,,,,,,,,,,
12086011,,,,,,,,,,,,,
12083339,1,1,7,6,5,,,,4,,,,
12083338,2,2,7,6,,,,7,,,,,
12083340,2,2,6,6,6,,,,5,,,,
12083341,2,2,6,3,7,,,,,,,,
12084436,,,,,,,,,,,,,
12086498,,,,,,,,,,,,,
12086497,,,,,,,,,,,,,
12086496,,,,,,,,,,,,,
12086493,,,,,,,,,,,,,
12084439,,,,,,,,,,,,,
12084442,,,,,,,,,,,,,
12086500,,,,,,,,,,,,,
12084438,,,,,,,,,,,,,
12086495,,,,,,,,,,,,,
12086499,,,,,,,,,,,,,
12086501,,,,,,,,,,,,,
12084084,0,0,3,3,,,,,,,,,
12084073,2,2,6,6,,,,,,,,,
12084081,2,2,7,6,,,,7,,,,,
12084086,2,2,6,6,,,,,,,,,
12084075,1,1,6,4,5,,,,,,,,
12084076,0,0,1,1,,,,,,,,,
12084088,1,1,2,6,6,,,,,5,,,
12084078,1,1,6,6,4,,,5,,,,,
12084079,2,2,7,4,6,,,,,,,,
12084083,1,1,1,7,4,,,,,,,,
12084074,2,2,6,6,,,,,,,,,
12084080,0,0,1,3,,,,,,,,,
12084077,2,2,6,7,,,,,7,,,,
12084087,2,2,6,6,,,,,,,,,
12084085,2,2,6,6,,,,,,,,,
12084082,0,0,3,0,,,,,,,,,
12083412,2,2,6,6,,,,,,,,,
12083403,1,1,4,6,0,,,,,,,,
12083405,2,2,4,6,6,,,,,,,,
12083414,0,0,1,1,,,,,,,,,
12083420,0,0,1,2,,,,,,,,,
12086312,,,,,,,,,,,,,
12086311,,,,,,,,,,,,,
12084521,,,,,,,,,,,,,
12084525,,,,,,,,,,,,,
12086313,,,,,,,,,,,,,
12086317,,,,,,,,,,,,,
12086310,,,,,,,,,,,,,
12084523,,,,,,,,,,,,,
12086315,,,,,,,,,,,,,
12086316,,,,,,,,,,,,,
12086319,,,,,,,,,,,,,
12082208,2,2,6,6,,,,,,,,,
12082224,2,2,6,6,,,,,,,,,
12082207,2,2,6,6,,,,,,,,,
12082206,0,0,3,2,,,,,,,,,
12082220,2,2,7,6,,,,,,,,,
12082210,1,1,2,6,3,,,,,,,,
12082209,2,2,6,6,,,,,,,,,
12084402,2,2,6,6,,,,,,,,,
12084401,1,1,5,6,1,,,,,,,,
12084408,2,2,6,6,,,,,,,,,
12084400,0,0,2,4,,,,,,,,,
12082221,1,1,4,6,4,,,,,,,,
12084399,0,0,5,,,,,,,,,,
12084407,0,0,0,,,,,,,,,,
12084406,0,0,5,,,,,,,,,,
12084405,1,1,7,0,,,,,,,,,
12083072,1,1,7,4,4,,,,,,,,
12083077,2,2,6,6,,,,,,,,,
12083070,2,2,6,6,,,,,,,,,
12083071,2,2,1,7,7,,,,9,,,,
12083069,2,2,6,6,,,,,,,,,
12083073,1,1,1,6,3,,,,,,,,
12083074,2,2,6,6,,,,,,,,,
12084363,,,,,,,,,,,,,
12084359,,,,,,,,,,,,,
12084330,,,,,,,,,,,,,
12084337,,,,,,,,,,,,,
12084329,,,,,,,,,,,,,
12084333,,,,,,,,,,,,,
12082876,2,2,6,4,7,,,,,7,,,
12082872,1,1,5,6,3,,,,,,,,
12082882,2,2,7,6,,,,,,,,,
12082867,0,0,3,3,,,,,,,,,
12082875,2,2,4,6,6,,,,,,,,
12082869,2,2,5,7,7,,,,,7,,,
12082874,2,2,6,6,,,,,,,,,
12082868,0,0,1,4,,,,,,,,,
12082878,2,2,6,6,,,,,,,,,
12082879,2,2,6,6,,,,,,,,,
12082881,0,0,1,4,,,,,,,,,
12082880,2,2,6,6,,,,,,,,,
12082877,2,2,6,7,,,,,,,,,
12082870,2,2,6,6,,,,,,,,,
12082871,2,2,6,6,,,,,,,,,
12082873,0,0,3,3,,,,,,,,,
12086460,,,,,,,,,,,,,
12086072,,,,,,,,,,,,,
12086432,,,,,,,,,,,,,
12086228,,,,,,,,,,,,,
12086455,,,,,,,,,,,,,
12086218,,,,,,,,,,,,,
12086318,,,,,,,,,,,,,
12086474,0,0,1,,,,,,,,,,
12086464,0,0,1,,,,,,,,,,
12086472,0,0,3,,,,,,,,,,
12086475,0,0,2,,,,,,,,,,
12086465,,,,,,,,,,,,,
12086467,,,,,,,,,,,,,
12086473,,,,,,,,,,,,,
12086470,,,,,,,,,,,,,
12086478,,,,,,,,,,,,,
12086471,,,,,,,,,,,,,
12086466,,,,,,,,,,,,,
12086469,,,,,,,,,,,,,
12086477,,,,,,,,,,,,,
12086468,,,,,,,,,,,,,
12086476,,,,,,,,,,,,,
12086463,,,,,,,,,,,,,
12081972,2,2,6,6,,,,,,,,,
12081977,2,2,7,6,,,,7,,,,,
12081957,2,2,3,6,6,,,,,,,,
12081966,0,0,4,1,,,,,,,,,
12084354,2,2,6,6,,,,,,,,,
12084747,0,0,1,1,,,,,,,,,
12084750,0,0,0,0,,,,,,,,,
12084348,1,1,3,6,6,,,,,5,,,
12084752,0,0,2,0,,,,,,,,,
12084749,2,2,6,6,,,,,,,,,
12084349,2,2,6,6,6,,,,3,,,,
12084753,2,2,7,7,,,,7,,,,,
12084751,2,2,6,6,,,,,,,,,
12084351,0,0,2,6,,,,,6,,,,
12084748,2,2,6,6,,,,,,,,,
12084347,0,0,2,6,,,,,9,,,,
12079582,2,2,6,6,,,,,,,,,
12079607,0,0,1,2,,,,,,,,,
12079581,2,2,4,6,10,,,,,,,,
12083043,2,2,6,6,,,,,,,,,
12083036,0,0,1,0,,,,,,,,,
12083025,2,2,7,6,,,,7,,,,,
12083023,0,0,5,2,,,,,,,,,
12083030,0,0,2,5,,,,,,,,,
12083050,0,0,3,4,,,,,,,,,
12083022,1,1,6,6,5,,,,2,,,,
12083091,2,2,5,7,10,,,,7,,,,
12080201,2,2,1,6,10,,,,,,,,
12080187,2,2,7,6,,,,,,,,,
12080172,2,2,6,6,,,,,,,,,
12083203,0,0,2,4,,,,,,,,,
12083193,2,2,6,6,,,,,,,,,
12083198,2,2,7,6,,,,,,,,,
12083178,0,0,3,2,,,,,,,,,
12083220,2,2,7,6,,,,,,,,,
12083175,2,2,6,6,,,,,,,,,
12083208,2,2,6,6,,,,,,,,,
12085822,2,2,6,4,10,,,,,,,,
12082543,2,2,6,6,,,,,,,,,
12082545,0,0,6,2,,,,2,,,,,
12082544,0,0,3,1,,,,,,,,,
12082542,2,2,6,6,,,,,,,,,
12082606,0,0,1,4,,,,,,,,,
12082928,1,1,6,4,8,,,,,,,,
12082938,2,2,7,6,,,,,,,,,
12082927,2,2,6,6,,,,,,,,,
12081519,0,0,1,3,,,,,,,,,
12081516,0,0,5,1,,,,,,,,,
12081528,2,2,7,6,,,,,,,,,
12081523,2,2,3,6,10,,,,,,,,
12081521,0,0,1,2,,,,,,,,,
12081517,2,2,7,6,,,,,,,,,
12081525,2,2,6,6,,,,,,,,,
12081515,2,2,7,6,12,,,,,,,,
12081526,0,0,0,1,,,,,,,,,
12081530,0,0,3,6,,,,,,,,,
12081524,2,2,6,6,,,,,,,,,
12081522,0,0,2,4,,,,,,,,,
12081520,0,0,6,0,,,,,,,,,
12081529,2,2,6,6,,,,,,,,,
12081527,2,2,7,6,,,,,,,,,
12081518,0,0,1,1,,,,,,,,,
12083932,2,2,6,6,,,,,,,,,
12083934,1,1,6,4,7,,,,,,,,
12083960,1,1,3,6,9,,,,,,,,
12083930,0,0,5,3,,,,,,,,,
12083929,2,2,7,6,,,,10,,,,,
12083933,2,2,6,6,,,,,,,,,
12083931,0,0,4,2,,,,,,,,,
12083943,2,2,7,6,,,,,,,,,
12083171,2,2,6,6,,,,,,,,,
12083180,2,2,6,6,,,,,,,,,
12083172,2,2,4,6,10,,,,,,,,
12083177,0,0,2,3,,,,,,,,,
12083176,2,2,6,6,,,,,,,,,
12083181,2,2,6,6,,,,,,,,,
12083168,0,0,2,0,,,,,,,,,
12083167,2,2,7,6,,,,7,,,,,
12081954,0,0,4,2,,,,,,,,,
12081951,1,1,1,7,6,,,,9,,,,
12081955,1,1,1,7,6,,,,,,,,
12081970,2,2,6,6,,,,,,,,,
12081956,,,,,,,,,,,,,
12081969,2,2,7,6,,,,9,,,,,
12081965,2,2,4,6,10,,,,,,,,
12081976,2,2,7,6,,,,10,,,,,
12080443,2,2,7,6,,,,,,,,,
12080451,1,1,6,2,5,,,,,,,,
12080449,0,0,4,0,,,,,,,,,
12080452,0,0,1,2,,,,,,,,,
12080448,2,2,6,7,,,,,7,,,,
12080454,0,0,4,4,,,,,,,,,
12080440,2,2,6,6,,,,,,,,,
12080442,2,2,6,6,,,,,,,,,
12080439,1,1,6,4,4,,,,,,,,
12083278,2,2,6,6,,,,,,,,,
12083277,2,2,7,6,,,,,,,,,
12083282,2,2,7,7,,,,,,,,,
12083279,0,0,1,2,,,,,,,,,
12083832,0,0,6,4,,,,1,,,,,
12083765,0,0,3,4,,,,,,,,,
12083833,2,2,6,6,,,,,,,,,
12083280,2,2,6,7,,,,,,,,,
12080480,0,0,2,6,,,,,,,,,
12080485,2,2,6,6,,,,,,,,,
12080476,2,2,7,6,,,,,,,,,
12080479,0,0,6,3,,,,,,,,,
12082510,0,0,2,6,,,,,,,,,
12080477,0,0,0,1,,,,,,,,,
12082804,1,1,7,2,10,,,,,,,,
12080484,2,2,6,7,,,,,,,,,
12080478,0,0,5,2,,,,,,,,,
12080481,2,2,2,6,10,,,,,,,,
12082803,0,0,2,2,,,,,,,,,
12082548,2,2,3,7,13,,,,,,,,
12083606,2,2,6,6,10,,,3,,,,,
12083605,2,2,4,6,10,,,,,,,,
12083604,2,2,6,6,,,,,,,,,
12083614,2,2,6,7,,,,,7,,,,
12085931,2,2,2,7,11,,,,,,,,
12083610,1,1,2,6,6,,,,,,,,
12083607,0,0,0,3,,,,,,,,,
12086244,2,2,6,6,,,,,,,,,
12080801,2,2,6,6,,,,,,,,,
12080813,2,2,7,6,,,,,,,,,
12080803,1,1,4,7,4,,,,,,,,
12080805,1,1,6,5,5,,,,,,,,
12080810,2,2,6,6,,,,,,,,,
12080807,0,0,1,6,,,,,,,,,
12080812,2,2,6,6,,,,,,,,,
12080811,0,0,2,4,,,,,,,,,
12080808,0,0,5,2,,,,,,,,,
12080815,2,2,6,6,10,,,,,,,,
12080816,2,2,6,6,,,,,,,,,
12080804,2,2,6,6,,,,,,,,,
12080814,2,2,6,6,,,,,,,,,
12080806,2,2,6,6,,,,,,,,,
12080802,0,0,4,2,,,,,,,,,
12080809,1,1,2,6,7,,,,,,,,
12083516,2,2,6,6,,,,,,,,,
12083519,2,2,6,6,,,,,,,,,
12083515,2,2,6,6,,,,,,,,,
12083514,0,0,2,2,,,,,,,,,
12083522,2,2,7,3,10,,,,,,,,
12083526,2,2,6,6,,,,,,,,,
12083523,0,0,3,5,,,,,,,,,
12083513,2,2,6,6,,,,,,,,,
12080135,0,0,0,4,,,,,,,,,
12079926,0,0,3,2,,,,,,,,,
12079930,0,0,4,3,,,,,,,,,
12079927,2,2,6,6,,,,,,,,,
12080405,0,0,6,6,,,,,,,,,
12080404,0,0,4,4,,,,,,,,,
12080403,2,2,6,7,,,,,,,,,
12079928,2,2,6,7,,,,,,,,,
12080407,0,0,6,2,,,,,,,,,
12080406,2,2,6,6,,,,,,,,,
12080402,0,0,3,3,,,,,,,,,
12080134,2,2,6,6,,,,,,,,,
12083228,1,1,1,6,8,,,,,,,,
12083239,0,0,4,0,,,,,,,,,
12083226,0,0,4,2,,,,,,,,,
12083240,2,2,6,6,,,,,,,,,
12083296,2,2,6,6,,,,,,,,,
12083295,0,0,4,5,,,,,,,,,
12083297,2,2,6,6,,,,,,,,,
12083227,2,2,4,6,10,,,,,,,,
12079604,2,2,6,6,,,,,,,,,
12079579,0,0,4,3,,,,,,,,,
12083040,2,2,6,6,,,,,,,,,
12083024,0,0,2,3,,,,,,,,,
12083054,2,2,6,6,,,,,,,,,
12083026,2,2,6,6,,,,,,,,,
12083027,2,2,6,6,,,,,,,,,
12083047,2,2,6,6,,,,,,,,,
12083290,0,0,2,5,,,,,,,,,
12083028,2,2,6,6,,,,,,,,,
12080188,1,1,3,6,5,,,,,,,,
12080183,0,0,0,0,,,,,,,,,
12080175,0,0,6,4,,,,,,,,,
12083195,2,2,6,6,,,,,,,,,
12083197,2,2,7,7,,,,,,,,,
12083199,2,2,6,6,,,,,,,,,
12083219,2,2,6,6,,,,,,,,,
12083196,2,2,6,6,,,,,,,,,
12083205,2,2,6,6,,,,,,,,,
12083207,0,0,4,6,,,,,0,,,,
12083204,2,2,6,6,,,,,,,,,
12079904,0,0,1,2,,,,,,,,,
12079899,2,2,6,6,,,,,,,,,
12079901,1,1,3,6,9,,,,,,,,
12079980,0,0,2,2,,,,,,,,,
12079898,0,0,2,3,,,,,,,,,
12079906,1,1,1,6,8,,,,,,,,
12079894,1,1,6,3,10,,,,,,,,
12079895,2,2,6,6,,,,,,,,,
12079905,2,2,6,7,,,,,,,,,
12079902,0,0,1,4,,,,,,,,,
12079908,1,1,2,6,8,,,,,,,,
12083330,0,0,1,1,,,,,,,,,
12083553,0,0,4,3,,,,,,,,,
12083554,1,1,6,2,10,,,,,,,,
12083552,1,1,6,6,9,,,,,,,,
12083335,2,2,6,6,,,,,,,,,
12083332,2,2,6,6,,,,,,,,,
12083551,0,0,3,3,,,,,,,,,
12083331,2,2,6,6,,,,,,,,,
12081461,2,2,6,1,6,,,,,,,,
12081458,2,2,6,4,6,,,,,,,,
12081462,0,0,4,3,,,,,,,,,
12081463,2,2,3,7,7,,,,8,,,,
12081460,2,2,6,6,,,,,,,,,
12081459,2,2,6,6,,,,,,,,,
12080991,0,0,5,1,,,,,,,,,
12080993,0,0,5,1,,,,,,,,,
12080995,2,2,6,6,,,,,,,,,
12080994,1,1,7,3,2,,,,,,,,
12080878,0,0,2,6,,,,,,,,,
12083421,2,2,6,6,,,,,,,,,
12083417,0,0,1,2,,,,,,,,,
12083398,2,2,6,6,,,,,,,,,
12083413,2,2,6,4,11,,,,,,,,
12083400,0,0,4,0,,,,,,,,,
12083422,2,2,6,6,,,,,,,,,
12083396,2,2,6,2,10,,,,,,,,
12083397,2,2,7,6,,,,7,,,,,
12080309,2,2,6,6,,,,,,,,,
12080310,2,2,6,6,,,,,,,,,
12083117,2,2,6,7,,,,,,,,,
12083116,2,2,6,6,,,,,,,,,
12083121,0,0,2,4,,,,,,,,,
12083115,2,2,3,6,10,,,,,,,,
12083111,2,2,3,6,10,,,,,,,,
12083113,,,,,,,,,,,,,
12083114,2,2,6,3,10,,,,,,,,
12083112,0,0,0,1,,,,,,,,,
12081948,0,0,5,2,,,,,,,,,
12081953,0,0,6,1,,,,1,,,,,
12081958,2,2,7,4,10,,,,,,,,
12081950,2,2,6,6,,,,,,,,,
12081947,2,2,7,6,,,,,,,,,
12081963,2,2,6,6,,,,,,,,,
12081952,2,2,6,6,,,,,,,,,
12081949,2,2,6,6,,,,,,,,,
12077847,2,2,7,6,,,,,,,,,
12077845,2,2,4,7,6,,,,10,,,,
12081056,2,2,6,3,6,,,,,,,,
12081057,0,0,4,3,,,,,,,,,
12077842,1,1,6,6,3,,,,1,,,,
12077841,2,2,6,1,7,,,,,,,,
12077848,0,0,1,,,,,,,,,,
12081058,1,1,6,4,2,,,,,,,,
12067222,2,2,6,6,,,,,,,,,
12077843,0,0,0,4,,,,,,,,,
12076744,0,0,4,4,,,,,,,,,
12079938,,,,,,,,,,,,,
12086081,0,0,6,5,,,,5,,,,,
12079936,0,0,1,6,,,,,5,,,,
12076747,2,2,6,7,,,,,11,,,,
12067166,0,0,4,5,,,,,,,,,
12067164,0,0,3,3,,,,,,,,,
12067170,1,1,6,3,4,,,,,,,,
12067161,1,1,6,7,6,,,6,7,4,,,
12067168,1,1,6,7,1,,,3,10,,,,
12067167,2,2,6,6,,,,,,,,,
12067172,2,2,6,6,,,,,,,,,
12067163,2,2,4,7,7,,,,,7,,,
12067162,2,2,6,6,,,,,,,,,
12067160,0,0,0,,,,,,,,,,
12078329,0,0,4,3,,,,,,,,,
12078321,0,0,3,6,,,,,2,,,,
12078325,0,0,6,2,,,,2,,,,,
12081703,0,0,1,0,,,,,,,,,
12081701,0,0,4,3,,,,,,,,,
12078323,0,0,4,5,,,,,,,,,
12078318,2,2,7,7,,,,7,12,,,,
12067196,1,1,3,6,4,,,,,,,,
12067197,0,0,4,1,,,,,,,,,
12067195,0,0,6,3,,,,5,,,,,
12067200,0,0,3,3,,,,,,,,,
12067191,0,0,3,0,,,,,,,,,
12067198,0,0,1,0,,,,,,,,,
12067193,2,2,6,6,,,,,,,,,
12067199,2,2,6,6,,,,,,,,,
12067260,1,1,7,2,2,,,,,,,,
12067265,2,2,6,6,,,,,,,,,
12067274,2,2,6,6,6,,,2,,,,,
12067262,2,2,6,7,,,,,,,,,
12067257,0,0,4,2,,,,,,,,,
12067256,2,2,6,6,,,,,,,,,
12067248,0,0,4,5,,,,,,,,,
12067246,1,1,6,6,4,,,5,,,,,
12067259,2,2,3,6,7,,,,,,,,
12067244,2,2,2,6,6,,,,,,,,
12067249,2,2,6,6,,,,,,,,,
12067254,0,0,3,2,,,,,,,,,
12067258,1,1,6,6,2,,,,1,,,,
12067261,,,,,,,,,,,,,
12083320,1,1,6,3,2,,,,,,,,
12083322,0,0,3,0,,,,,,,,,
12083324,2,2,7,6,6,,,7,3,,,,
12083321,2,2,6,6,,,,,,,,,
12078283,0,0,4,6,,,,,3,,,,
12078289,2,2,6,7,,,,,7,,,,
12078299,0,0,2,2,,,,,,,,,
12078294,0,0,1,2,,,,,,,,,
12067359,0,0,4,4,,,,,,,,,
12067344,0,0,3,6,,,,,4,,,,
12078291,1,1,6,7,5,,,2,7,,,,
12078285,2,2,6,6,,,,,,,,,
12067356,2,2,6,4,6,,,,,,,,
12067353,0,0,2,3,,,,,,,,,
12067361,0,0,0,,,,,,,,,,
12067314,1,1,6,5,4,,,,,,,,
12067313,2,2,6,6,,,,,,,,,
12067312,1,1,0,7,6,,,,7,4,,,
12067310,2,2,6,6,,,,,,,,,
12067308,0,0,1,2,,,,,,,,,
12067303,0,0,4,1,,,,,,,,,
12067311,2,2,6,6,,,,,,,,,
12067300,0,0,4,3,,,,,,,,,
12083109,2,2,6,4,7,,,,,,,,
12083108,2,2,4,6,7,,,,,,,,
12077820,1,1,6,5,4,,,,,,,,
12083105,1,1,5,6,2,,,,,,,,
12077817,2,2,3,7,6,,,,7,,,,
12077816,,,,,,,,,,,,,
12083107,2,2,6,6,,,,,,,,,
12067338,1,1,6,6,5,,,,4,,,,
12077815,0,0,6,1,,,,2,,,,,
12077823,2,2,7,2,7,,,,,13,,,
12086951,0,0,5,6,,,,,3,,,,
12067336,2,2,6,6,,,,,,,,,
12067332,2,2,6,6,,,,,,,,,
12067333,2,2,6,1,6,,,,,,,,
12067334,2,2,2,6,6,,,,,,,,
12067339,0,0,2,4,,,,,,,,,
12067341,1,1,6,0,,,,,,,,,
12067324,,,,,,,,,,,,,
12081583,2,2,6,6,,,,,,,,,
12084014,1,1,7,4,5,,,8,,,,,
12081580,2,2,6,6,,,,,,,,,
12081585,0,0,4,2,,,,,,,,,
12081581,0,0,3,4,,,,,,,,,
12084017,2,2,6,7,,,,,,,,,
12084012,2,2,6,7,,,,,,,,,
12081586,2,2,6,7,,,,,,,,,
12081582,2,2,6,6,,,,,,,,,
12084018,2,2,6,1,7,,,,,,,,
12081584,,,,,,,,,,,,,
12086967,2,2,6,6,,,,,,,,,
12067285,0,0,3,5,,,,,,,,,
12067279,2,2,2,7,6,,,,,,,,
12067282,2,2,6,6,,,,,,,,,
12067293,2,2,6,6,,,,,,,,,
12086238,0,0,1,1,,,,,,,,,
12086241,0,0,1,,,,,,,,,,
12084404,2,2,6,6,,,,,,,,,
12086240,2,2,6,6,,,,,,,,,
12086236,0,0,4,0,,,,,,,,,
12086237,0,0,0,4,,,,,,,,,
12084396,0,0,0,0,,,,,,,,,
12086239,0,0,5,4,,,,,,,,,
12084427,0,0,5,3,,,,,,,,,
12086242,0,0,1,2,,,,,,,,,
12088540,2,2,6,6,,,,,,,,,
12088652,2,2,6,6,,,,,,,,,
12088531,2,2,6,6,,,,,,,,,
12089075,0,0,4,4,,,,,,,,,
12086329,0,0,5,5,,,,,,,,,
12084398,0,0,6,1,,,,4,,,,,
12088567,2,2,6,7,,,,,,,,,
12086431,0,0,3,2,,,,,,,,,
12083185,0,0,3,1,,,,,,,,,
12086534,1,1,6,6,1,,,,3,,,,
12084512,0,0,3,3,,,,,,,,,
12084514,2,2,7,3,6,,,7,,,,,
12086529,0,0,3,3,,,,,,,,,
12086526,1,1,6,1,3,,,,,,,,
12084517,2,2,6,6,,,,,,,,,
12086533,0,0,1,2,,,,,,,,,
12086527,0,0,1,1,,,,,,,,,
12086528,0,0,0,2,,,,,,,,,
12086530,2,2,6,6,,,,,,,,,
12084513,2,2,6,6,,,,,,,,,
12086532,1,1,6,2,2,,,,,,,,
12083416,2,2,1,6,6,,,,,,,,
12084303,1,1,6,6,1,,,4,,,,,
12084310,1,1,5,6,6,,,,,5,,,
12084315,0,0,4,1,,,,,,,,,
12084304,2,2,6,6,,,,,,,,,
12084299,0,0,2,0,,,,,,,,,
12084307,0,0,5,1,,,,,,,,,
12084305,2,2,7,1,6,,,,,,,,
12084297,2,2,6,2,7,,,,,,,,
12084312,0,0,3,2,,,,,,,,,
12084298,2,2,6,2,6,,,,,,,,
12090127,2,2,6,6,,,,,,,,,
12086235,2,2,6,7,,,,,,,,,
12090081,0,0,3,3,,,,,,,,,
12090338,0,0,5,4,,,,,,,,,
12090340,2,2,6,6,,,,,,,,,
12090341,2,2,7,7,,,,,7,,,,
12090069,2,2,6,6,,,,,,,,,
12090217,0,0,5,1,,,,,,,,,
12084435,2,2,7,6,,,,7,,,,,
12084437,0,0,6,2,,,,5,,,,,
12084429,0,0,1,4,,,,,,,,,
12084410,0,0,4,1,,,,,,,,,
12084430,1,1,6,5,3,,,,,,,,
12084432,1,1,2,6,4,,,,,,,,
12084434,1,1,5,7,0,,,,7,,,,
12084428,2,2,6,6,7,,,2,,,,,
12084433,2,2,3,6,6,,,,,,,,
12084426,0,0,4,2,,,,,,,,,
12088403,2,2,6,6,,,,,,,,,
12084824,2,2,6,6,,,,,,,,,
12088006,0,0,2,3,,,,,,,,,
12088297,2,2,6,7,,,,,7,,,,
12088298,2,2,6,6,,,,,,,,,
12088106,0,0,0,6,,,,,5,,,,
12088356,0,0,3,6,,,,,3,,,,
12087958,2,2,6,6,,,,,,,,,
12083939,2,2,6,6,,,,,,,,,
12083938,2,2,0,6,6,,,,,,,,
12087222,2,2,6,6,,,,,,,,,
12087224,2,2,7,6,6,,,7,4,,,,
12084390,0,0,3,5,,,,,,,,,
12084395,2,2,6,7,,,,,7,,,,
12084397,2,2,6,6,,,,,,,,,
12087225,2,2,6,3,6,,,,,,,,
12087219,1,1,6,3,2,,,,,,,,
12087220,2,2,6,7,,,,,,,,,
12084375,0,0,2,3,,,,,,,,,
12087221,0,0,2,1,,,,,,,,,
12084392,2,2,6,7,,,,,7,,,,
12084377,0,0,3,5,,,,,,,,,
12087223,2,2,1,6,6,,,,,,,,
12087218,0,0,3,2,,,,,,,,,
12086208,1,1,4,6,6,,,,,5,,,
12084306,0,0,1,1,,,,,,,,,
12084328,0,0,2,5,,,,,,,,,
12084300,2,2,7,6,,,,,,,,,
12086206,2,2,6,6,,,,,,,,,
12086202,2,2,6,6,,,,,,,,,
12086201,2,2,6,6,,,,,,,,,
12086204,0,0,4,1,,,,,,,,,
12084309,2,2,4,6,6,,,,,,,,
12086203,0,0,0,1,,,,,,,,,
12084316,2,2,6,6,,,,,,,,,
12084302,0,0,1,0,,,,,,,,,
12086207,0,0,2,,,,,,,,,,
12084313,2,2,7,6,6,,,7,4,,,,
12084301,0,0,4,1,,,,,,,,,
12086205,1,1,0,6,1,,,,,,,,
12089169,2,2,6,7,,,,,7,,,,
12089560,0,0,6,5,,,,5,,,,,
12089570,1,1,6,6,5,,,,5,,,,
12089569,1,1,6,1,3,,,,,,,,
12089315,0,0,3,2,,,,,,,,,
12089785,2,2,6,2,7,,,,,,,,
12089089,2,2,6,6,,,,,,,,,
12089990,1,1,6,4,4,,,,,,,,
12084802,2,2,6,6,,,,,,,,,
12084804,1,1,6,6,5,,,,5,,,,
12084534,0,0,6,2,,,,2,,,,,
12084528,2,2,6,6,,,,,,,,,
12084831,1,1,6,3,3,,,,,,,,
12084801,1,1,6,1,1,,,,,,,,
12084800,2,2,7,6,,,,11,,,,,
12084798,0,0,2,2,,,,,,,,,
12084520,2,2,6,6,,,,,,,,,
12084799,2,2,7,6,6,,,7,4,,,,
12084530,2,2,6,7,,,,,7,,,,
12084803,2,2,6,6,,,,,,,,,
12084823,0,0,1,4,,,,,,,,,
12088015,2,2,5,7,7,,,,7,,,,
12088274,2,2,7,7,,,,7,,,,,
12088285,0,0,6,6,,,,4,11,,,,
12087903,2,2,6,6,,,,,,,,,
12084815,0,0,4,6,,,,,3,,,,
12088272,2,2,3,6,6,,,,,,,,
12087902,1,1,6,6,2,,,3,,,,,
12083286,2,2,6,6,,,,,,,,,
12083289,0,0,2,5,,,,,,,,,
12083283,0,0,4,4,,,,,,,,,
12083284,2,2,6,6,,,,,,,,,
12083285,0,0,1,1,,,,,,,,,
12083288,2,2,6,6,6,,,,3,,,,
12086546,2,2,6,1,6,,,,,,,,
12084340,1,1,7,6,5,,,7,1,,,,
12086545,0,0,4,,,,,,,,,,
12086540,2,2,6,6,7,,,6,,,,,
12086543,0,0,3,6,,,,,3,,,,
12086544,2,2,6,6,,,,,,,,,
12084350,0,0,6,4,,,,6,,,,,
12086541,1,1,2,7,4,,,,7,,,,
12086542,1,1,7,3,3,,,7,,,,,
12086547,0,0,4,2,,,,,,,,,
12090068,0,0,5,1,,,,,,,,,
12086969,2,2,3,6,6,,,,,,,,
12089571,2,2,6,6,,,,,,,,,
12089886,2,2,3,6,7,,,,,7,,,
12086511,2,2,6,6,,,,,,,,,
12089170,0,0,6,0,,,,4,,,,,
12084322,0,0,2,,,,,,,,,,
12083611,2,2,6,6,,,,,,,,,
12083608,2,2,6,6,,,,,,,,,
12083617,2,2,6,7,,,,,7,,,,
12083615,1,1,6,3,3,,,,,,,,
12083612,0,0,2,4,,,,,,,,,
12083609,0,0,4,3,,,,,,,,,
12083613,2,2,6,6,,,,,,,,,
12086718,0,0,1,2,,,,,,,,,
12084319,2,2,6,6,,,,,,,,,
12086716,0,0,6,4,,,,5,,,,,
12086715,2,2,6,2,6,,,,,,,,
12086713,2,2,6,6,,,,,,,,,
12086719,0,0,2,0,,,,,,,,,
12086712,2,2,6,6,,,,,,,,,
12086714,2,2,6,6,,,,,,,,,
12086717,0,0,2,1,,,,,,,,,
12086619,1,1,6,4,6,,,,,,,,
12089577,1,1,0,6,3,,,,,,,,
12089464,2,2,6,6,6,,,3,,,,,
12086573,1,1,2,7,1,,,,8,,,,
12089439,1,1,6,0,,,,,,,,,
12089232,0,0,1,,,,,,,,,,
12084332,0,0,0,,,,,,,,,,
12086927,,,,,,,,,,,,,
12083518,1,1,7,0,1,,,,,,,,
12083524,2,2,6,7,,,,,8,,,,
12083517,0,0,4,0,,,,,,,,,
12083529,2,2,6,6,,,,,,,,,
12083521,0,0,4,1,,,,,,,,,
12083532,2,2,6,6,6,,,,4,,,,
12083520,1,1,4,6,6,,,,,6,,,
12086956,0,0,5,3,,,,,,,,,
12086958,2,2,6,6,,,,,,,,,
12086962,0,0,0,6,,,,,4,,,,
12086957,2,2,6,6,,,,,,,,,
12086960,1,1,6,2,,,,,,,,,
12086961,2,2,6,4,6,,,,,,,,
12086959,0,0,6,3,,,,2,,,,,
12084317,2,2,7,6,,,,7,,,,,
12086955,2,2,7,6,,,,7,,,,,
12083229,2,2,6,6,,,,,,,,,
12083241,2,2,6,6,,,,,,,,,
12084358,,,,,,,,,,,,,
12086421,2,2,6,6,,,,,,,,,
12086423,1,1,2,6,4,,,,,,,,
12086426,0,0,4,6,,,,,9,,,,
12086422,0,0,5,2,,,,,,,,,
12084374,1,1,6,6,3,,,,7,,,,
12086420,1,1,7,4,4,,,,,,,,
12086425,2,2,7,7,,,,,,,,,
12086424,2,2,6,7,,,,,,,,,
12084365,1,1,6,5,4,,,,,,,,
12086419,2,2,6,6,,,,,,,,,
12084360,0,0,1,3,,,,,,,,,
12084361,1,1,5,6,4,,,,,,,,
12089180,0,0,4,3,,,,,,,,,
12089167,1,1,6,5,6,,,,,3,,,
12086572,2,2,6,6,,,,,,,,,
12089873,1,1,6,6,4,,,,5,,,,
12089772,2,2,6,6,,,,,,,,,
12090123,2,2,6,6,7,,,4,,,,,
12089616,0,0,6,2,,,,2,,,,,
12089968,0,0,6,0,,,,3,,,,,
12085982,0,0,5,6,,,,,5,,,,
12084323,,,,,,,,,,,,,
12085983,2,2,6,6,,,,,,,,,
12085986,2,2,7,7,,,,,,,,,
12085985,1,1,6,1,0,,,,,,,,
12085979,2,2,6,6,,,,,,,,,
12084326,2,2,7,2,6,,,,,,,,
12084327,2,2,6,6,,,,,,,,,
12085984,0,0,2,0,,,,,,,,,
12085978,0,0,2,2,,,,,,,,,
12084324,2,2,6,6,,,,,,,,,
12084321,0,0,2,3,,,,,,,,,
12085981,0,0,0,0,,,,,,,,,
12085980,2,2,6,6,,,,,,,,,
12084325,1,1,3,7,4,,,,7,,,,
12089572,0,0,4,1,,,,,,,,,
12086330,0,0,2,0,,,,,,,,,
12089316,0,0,0,0,,,,,,,,,
12089252,2,2,6,6,,,,,,,,,
12089171,2,2,6,6,,,,,,,,,
12088643,2,2,2,6,6,,,,,,,,
12089166,0,0,2,2,,,,,,,,,
12083194,2,2,6,7,,,,,,,,,
12086015,0,0,2,2,,,,,,,,,
12086012,1,1,7,6,4,,,7,6,,,,
12084444,1,1,6,4,3,,,,,,,,
12084455,2,2,6,1,6,,,,,,,,
12083202,2,2,7,2,6,,,7,,,,,
12086014,0,0,6,1,,,,0,,,,,
12086017,1,1,2,7,2,,,,,,,,
12084449,2,2,6,6,,,,,,,,,
12086013,2,2,7,5,6,,,,,,,,
12084447,0,0,2,1,,,,,,,,,
12084420,0,0,3,1,,,,,,,,,
12086016,0,0,3,2,,,,,,,,,
12083340,2,2,6,6,6,,,,5,,,,
12083341,2,2,6,3,7,,,,,,,,
12086498,1,1,7,6,4,,,,3,,,,
12086497,0,0,2,6,,,,,0,,,,
12084436,2,2,2,6,6,,,,,,,,
12086496,2,2,6,7,,,,,7,,,,
12086500,0,0,4,3,,,,,,,,,
12086493,2,2,6,3,6,,,,,,,,
12084439,1,1,3,7,3,,,,,,,,
12084442,2,2,6,6,,,,,,,,,
12084438,0,0,0,0,,,,,,,,,
12086501,2,2,6,6,,,,,,,,,
12086499,0,0,2,0,,,,,,,,,
12086495,0,0,2,0,,,,,,,,,
12086652,2,2,6,6,,,,,,,,,
12089401,2,2,7,5,6,,,,,,,,
12089578,,,,,,,,,,,,,
12089221,2,2,7,6,,,,7,,,,,
12089766,1,1,4,6,2,,,,,,,,
12089582,2,2,6,7,,,,,,,,,
12089784,0,0,1,4,,,,,,,,,
12089573,0,0,3,4,,,,,,,,,
12084084,0,0,3,3,,,,,,,,,
12084073,2,2,6,6,,,,,,,,,
12084081,2,2,7,6,,,,7,,,,,
12084086,2,2,6,6,,,,,,,,,
12084075,1,1,6,4,5,,,,,,,,
12084076,0,0,1,1,,,,,,,,,
12084088,1,1,2,6,6,,,,,5,,,
12084078,1,1,6,6,4,,,5,,,,,
12084079,2,2,7,4,6,,,,,,,,
12084083,1,1,1,7,4,,,,,,,,
12084074,2,2,6,6,,,,,,,,,
12084080,0,0,1,3,,,,,,,,,
12084077,2,2,6,7,,,,,7,,,,
12084087,2,2,6,6,,,,,,,,,
12084085,2,2,6,6,,,,,,,,,
12084082,0,0,3,0,,,,,,,,,
12087244,2,2,6,6,,,,,,,,,
12087412,2,2,6,6,6,,,1,,,,,
12086922,2,2,6,5,6,,,,,,,,
12087338,2,2,1,6,6,,,,,,,,
12087411,0,0,4,1,,,,,,,,,
12087122,2,2,6,6,,,,,,,,,
12087824,2,2,6,3,6,,,,,,,,
12087341,2,2,6,6,,,,,,,,,
12086311,2,2,6,6,,,,,,,,,
12084521,2,2,6,6,,,,,,,,,
12086313,2,2,6,3,6,,,,,,,,
12086317,0,0,0,,,,,,,,,,
12086312,2,2,6,6,,,,,,,,,
12084525,2,2,7,6,,,,,,,,,
12086315,2,2,6,6,,,,,,,,,
12086310,2,2,6,6,,,,,,,,,
12086316,0,0,4,2,,,,,,,,,
12084523,2,2,6,4,6,,,,,,,,
12086319,0,0,6,1,,,,6,,,,,
12090105,0,0,4,3,,,,,,,,,
12089967,2,2,6,6,,,,,,,,,
12089887,0,0,4,3,,,,,,,,,
12090226,0,0,2,0,,,,,,,,,
12090280,2,2,6,6,,,,,,,,,
12085927,2,2,6,6,,,,,,,,,
12089991,0,0,5,1,,,,,,,,,
12090090,2,2,7,6,,,,8,,,,,
12084402,2,2,6,6,,,,,,,,,
12084401,1,1,5,6,1,,,,,,,,
12084408,2,2,6,6,,,,,,,,,
12084400,0,0,2,4,,,,,,,,,
12082221,2,2,4,6,6,,,,,,,,
12084405,2,2,7,6,,,,,,,,,
12084399,2,2,6,6,,,,,,,,,
12084406,2,2,7,3,6,,,7,,,,,
12084407,1,1,6,3,5,,,,,,,,
12088530,2,2,6,6,,,,,,,,,
12088149,0,0,5,0,,,,,,,,,
12088507,0,0,3,5,,,,,,,,,
12089071,0,0,2,4,,,,,,,,,
12089126,2,2,3,6,7,,,,,7,,,
12088287,0,0,1,1,,,,,,,,,
12088454,2,2,6,6,,,,,,,,,
12084957,0,0,2,3,,,,,,,,,
12083070,2,2,6,6,,,,,,,,,
12083071,2,2,1,7,7,,,,9,,,,
12083069,2,2,6,6,,,,,,,,,
12083073,1,1,1,6,3,,,,,,,,
12083074,2,2,6,6,,,,,,,,,
12084363,2,2,1,7,6,,,,,,,,
12084359,2,2,6,6,,,,,,,,,
12084330,2,2,7,6,,,,,,,,,
12084337,0,0,4,2,,,,,,,,,
12084329,2,2,6,4,6,,,,,,,,
12084333,2,2,7,4,6,,,,,,,,
12084362,2,2,6,6,,,,,,,,,
12084335,2,2,6,6,,,,,,,,,
12084336,0,0,0,1,,,,,,,,,
12086635,1,1,6,6,1,,,,4,,,,
12089858,0,0,4,6,,,,,9,,,,
12086461,0,0,3,1,,,,,,,,,
12089519,1,1,4,6,2,,,,,,,,
12082880,2,2,6,6,,,,,,,,,
12082877,2,2,6,7,,,,,,,,,
12082870,2,2,6,6,,,,,,,,,
12082871,2,2,6,6,,,,,,,,,
12082873,1,1,3,6,,,,,,,,,
12086460,0,0,5,1,,,,,,,,,
12086072,2,2,7,2,6,,,7,,,,,
12086432,0,0,1,2,,,,,,,,,
12086455,2,2,6,6,6,,,4,,,,,
12086218,0,0,2,3,,,,,,,,,
12088485,0,0,3,4,,,,,,,,,
12086318,2,2,7,6,,,,7,,,,,
12086228,2,2,6,6,,,,,,,,,
12089270,2,2,6,7,,,,,7,,,,
12089164,0,0,4,3,,,,,,,,,
12089520,2,2,2,6,6,,,,,,,,
12089463,2,2,6,6,,,,,,,,,
12086474,2,2,1,6,6,,,,,,,,
12086464,2,2,3,6,6,,,,,,,,
12086472,2,2,6,6,,,,,,,,,
12086475,2,2,6,6,,,,,,,,,
12086473,0,0,1,4,,,,,,,,,
12086465,0,0,2,0,,,,,,,,,
12086467,2,2,6,4,6,,,,,,,,
12086478,2,2,6,7,,,,,,,,,
12086471,2,2,6,6,,,,,,,,,
12086476,0,0,2,4,,,,,,,,,
12086469,0,0,3,0,,,,,,,,,
12086466,0,0,3,2,,,,,,,,,
12086470,2,2,6,7,,,,,,,,,
12086463,2,2,6,6,,,,,,,,,
12086468,2,2,6,6,,,,,,,,,
12086477,2,2,6,6,,,,,,,,,
12089181,2,2,6,6,,,,,,,,,
12089744,1,1,2,6,0,,,,,,,,
12089634,0,0,1,4,,,,,,,,,
12089966,2,2,6,6,,,,,,,,,
12090056,2,2,6,4,6,,,,,,,,
12090005,0,0,4,5,,,,,,,,,
12089541,2,2,6,6,,,,,,,,,
12089070,0,0,2,4,,,,,,,,,
12084354,2,2,6,6,,,,,,,,,
12084747,0,0,1,1,,,,,,,,,
12084750,0,0,0,0,,,,,,,,,
12084348,1,1,3,6,6,,,,,5,,,
12084752,0,0,2,0,,,,,,,,,
12084749,2,2,6,6,,,,,,,,,
12084349,2,2,6,6,6,,,,3,,,,
12084753,2,2,7,7,,,,7,,,,,
12084751,2,2,6,6,,,,,,,,,
12084351,0,0,2,6,,,,,6,,,,
12084748,2,2,6,6,,,,,,,,,
12084347,0,0,2,6,,,,,9,,,,
12088102,2,2,4,6,6,,,,,,,,
12088127,0,0,4,4,,,,,,,,,
12084806,0,0,6,3,,,,7,,,,,
12084355,2,2,6,6,,,,,,,,,
12084352,0,0,0,4,,,,,,,,,
12088286,2,2,6,6,,,,,,,,,
12088126,2,2,2,7,6,,,,,,,,
12084816,2,2,6,6,,,,,,,,,
12083932,2,2,6,6,,,,,,,,,
12083934,1,1,6,4,7,,,,,,,,
12083960,1,1,3,6,9,,,,,,,,
12083930,0,0,5,3,,,,,,,,,
12083929,2,2,7,6,,,,10,,,,,
12083933,2,2,6,6,,,,,,,,,
12083931,0,0,4,2,,,,,,,,,
12083943,2,2,7,6,,,,,,,,,
12085931,2,2,2,7,11,,,,,,,,
12083610,1,1,2,6,6,,,,,,,,
12083607,0,0,0,3,,,,,,,,,
12086244,2,2,6,6,,,,,,,,,
12083516,2,2,6,6,,,,,,,,,
12083519,2,2,6,6,,,,,,,,,
12083515,2,2,6,6,,,,,,,,,
12083514,0,0,2,2,,,,,,,,,
12083522,2,2,7,3,10,,,,,,,,
12083526,2,2,6,6,,,,,,,,,
12083523,0,0,3,5,,,,,,,,,
12083513,2,2,6,6,,,,,,,,,
12067222,2,2,6,6,,,,,,,,,
12077843,0,0,0,4,,,,,,,,,
12067219,2,2,6,7,,,,,,,,,
12067216,1,1,2,6,3,,,,,,,,
12067221,0,0,1,1,,,,,,,,,
12067208,0,0,6,3,,,,1,,,,,
12067212,2,2,7,6,,,,,,,,,
12067217,2,2,6,6,,,,,,,,,
12067218,2,2,6,6,,,,,,,,,
12067170,1,1,6,3,4,,,,,,,,
12067161,1,1,6,7,6,,,6,7,4,,,
12067168,1,1,6,7,1,,,3,10,,,,
12067167,2,2,6,6,,,,,,,,,
12067172,2,2,6,6,,,,,,,,,
12067163,2,2,4,7,7,,,,,7,,,
12067162,2,2,6,6,,,,,,,,,
12067160,0,0,0,,,,,,,,,,
12067171,0,0,4,6,,,,,6,,,,
12067159,0,0,2,4,,,,,,,,,
12067196,1,1,3,6,4,,,,,,,,
12067197,0,0,4,1,,,,,,,,,
12067195,0,0,6,3,,,,5,,,,,
12067200,0,0,3,3,,,,,,,,,
12067191,0,0,3,0,,,,,,,,,
12067198,0,0,1,0,,,,,,,,,
12067193,2,2,6,6,,,,,,,,,
12067199,2,2,6,6,,,,,,,,,
12067189,0,0,3,2,,,,,,,,,
12067188,1,1,6,6,5,,,,1,,,,
12067190,0,0,6,3,,,,1,,,,,
12067194,2,2,6,6,,,,,,,,,
12067244,2,2,2,6,6,,,,,,,,
12067249,2,2,6,6,,,,,,,,,
12067254,0,0,3,2,,,,,,,,,
12067258,1,1,6,6,2,,,,1,,,,
12067261,,,,,,,,,,,,,
12067255,2,2,6,6,,,,,,,,,
12067263,1,1,6,4,2,,,,,,,,
12067253,1,1,6,5,,,,,,,,,
12067344,0,0,3,6,,,,,4,,,,
12078291,1,1,6,7,5,,,2,7,,,,
12078285,2,2,6,6,,,,,,,,,
12067356,2,2,6,4,6,,,,,,,,
12067353,0,0,2,3,,,,,,,,,
12067361,0,0,4,3,,,,,,,,,
12067363,2,2,6,7,,,,,,,,,
12067360,2,2,6,6,,,,,,,,,
12067364,0,0,0,6,,,,,3,,,,
12067358,1,1,7,3,6,,,,,,,,
12067354,,,,,,,,,,,,,
12067308,0,0,1,2,,,,,,,,,
12067303,0,0,4,1,,,,,,,,,
12067311,2,2,6,6,,,,,,,,,
12067300,0,0,4,3,,,,,,,,,
12067309,,,,,,,,,,,,,
12067307,2,2,7,6,,,,7,,,,,
12067301,0,0,4,3,,,,,,,,,
12067306,1,1,6,2,6,,,,,3,,,
12067336,2,2,6,6,,,,,,,,,
12067332,2,2,6,6,,,,,,,,,
12067333,2,2,6,1,6,,,,,,,,
12067334,2,2,2,6,6,,,,,,,,
12067339,0,0,2,4,,,,,,,,,
12067341,2,2,6,6,,,,,,,,,
12067324,2,2,6,6,,,,,,,,,
12067325,1,1,5,6,0,,,,,,,,
12067343,2,2,6,7,,,,,,,,,
12067328,1,1,7,5,,,,7,,,,,
12067326,,,,,,,,,,,,,
12067285,0,0,3,5,,,,,,,,,
12067279,2,2,2,7,6,,,,,,,,
12067282,2,2,6,6,,,,,,,,,
12067293,2,2,6,6,,,,,,,,,
12067283,0,0,4,3,,,,,,,,,
12067291,1,1,3,6,2,,,,,,,,
12067278,2,2,6,6,,,,,,,,,
12067284,1,1,6,2,3,,,,,,,,
12088540,2,2,6,6,,,,,,,,,
12088652,2,2,6,6,,,,,,,,,
12088531,2,2,6,6,,,,,,,,,
12089075,0,0,4,4,,,,,,,,,
12086329,0,0,5,5,,,,,,,,,
12084398,0,0,6,1,,,,4,,,,,
12088567,2,2,6,7,,,,,,,,,
12086431,0,0,3,2,,,,,,,,,
12092742,2,2,6,6,6,,,,6,,,,
12092722,2,2,4,6,6,,,,,,,,
12092727,1,1,7,0,,,,7,,,,,
12092728,2,2,4,7,6,,,,,,,,
12084514,2,2,7,3,6,,,7,,,,,
12086529,0,0,3,3,,,,,,,,,
12086526,1,1,6,1,3,,,,,,,,
12084517,2,2,6,6,,,,,,,,,
12086533,0,0,1,2,,,,,,,,,
12086527,0,0,1,1,,,,,,,,,
12086528,0,0,0,2,,,,,,,,,
12086530,2,2,6,6,,,,,,,,,
12084513,2,2,6,6,,,,,,,,,
12086532,1,1,6,2,2,,,,,,,,
12086453,1,1,6,6,3,,,0,,,,,
12089648,1,1,6,1,4,,,,,,,,
12086287,2,2,6,6,,,,,,,,,
12092751,2,2,6,6,,,,,,,,,
12084519,0,0,2,2,,,,,,,,,
12092699,2,2,6,6,,,,,,,,,
12084516,1,1,6,2,3,,,,,,,,
12089986,0,0,1,4,,,,,,,,,
12084303,1,1,6,6,1,,,4,,,,,
12084310,1,1,5,6,6,,,,,5,,,
12084315,0,0,4,1,,,,,,,,,
12084304,2,2,6,6,,,,,,,,,
12084299,0,0,2,0,,,,,,,,,
12084307,0,0,5,1,,,,,,,,,
12084305,2,2,7,1,6,,,,,,,,
12084297,2,2,6,2,7,,,,,,,,
12084312,0,0,3,2,,,,,,,,,
12084298,2,2,6,2,6,,,,,,,,
12090127,2,2,6,6,,,,,,,,,
12086235,2,2,6,7,,,,,,,,,
12090081,0,0,3,3,,,,,,,,,
12090338,0,0,5,4,,,,,,,,,
12090340,2,2,6,6,,,,,,,,,
12090341,2,2,7,7,,,,,7,,,,
12090069,2,2,6,6,,,,,,,,,
12090217,0,0,5,1,,,,,,,,,
12093038,2,2,7,6,,,,7,,,,,
12093063,0,0,3,4,,,,,,,,,
12093062,2,2,4,6,6,,,,,,,,
12093039,1,1,3,6,3,,,,,,,,
12088403,2,2,6,6,,,,,,,,,
12084824,2,2,6,6,,,,,,,,,
12088006,0,0,2,3,,,,,,,,,
12088297,2,2,6,7,,,,,7,,,,
12088298,2,2,6,6,,,,,,,,,
12088106,0,0,0,6,,,,,5,,,,
12088356,0,0,3,6,,,,,3,,,,
12087958,2,2,6,6,,,,,,,,,
12091060,1,1,6,6,2,,,,9,,,,
12091131,2,2,7,7,,,,,8,,,,
12091176,1,1,6,6,1,,,,5,,,,
12092627,0,0,6,5,,,,6,,,,,
12087222,2,2,6,6,,,,,,,,,
12087224,2,2,7,6,6,,,7,4,,,,
12084390,0,0,3,5,,,,,,,,,
12084395,2,2,6,7,,,,,7,,,,
12084397,2,2,6,6,,,,,,,,,
12087225,2,2,6,3,6,,,,,,,,
12087219,1,1,6,3,2,,,,,,,,
12087220,2,2,6,7,,,,,,,,,
12084375,0,0,2,3,,,,,,,,,
12087221,0,0,2,1,,,,,,,,,
12084392,2,2,6,7,,,,,7,,,,
12084377,0,0,3,5,,,,,,,,,
12087223,2,2,1,6,6,,,,,,,,
12087218,0,0,3,2,,,,,,,,,
12090358,2,2,6,6,,,,,,,,,
12090509,2,2,6,6,,,,,,,,,
12086965,2,2,6,6,,,,,,,,,
12090067,1,1,6,3,4,,,,,,,,
12090207,2,2,6,7,,,,,,,,,
12090206,0,0,1,3,,,,,,,,,
12090404,0,0,4,4,,,,,,,,,
12084382,1,1,6,4,3,,,,,,,,
12084302,0,0,1,0,,,,,,,,,
12086207,0,0,2,,,,,,,,,,
12084313,2,2,7,6,6,,,7,4,,,,
12084301,0,0,4,1,,,,,,,,,
12086205,1,1,0,6,1,,,,,,,,
12089169,2,2,6,7,,,,,7,,,,
12089560,0,0,6,5,,,,5,,,,,
12089570,1,1,6,6,5,,,,5,,,,
12089569,1,1,6,1,3,,,,,,,,
12089315,0,0,3,2,,,,,,,,,
12089785,2,2,6,2,7,,,,,,,,
12089089,2,2,6,6,,,,,,,,,
12089990,1,1,6,4,4,,,,,,,,
12092857,1,1,1,6,3,,,,,,,,
12092948,2,2,6,6,,,,,,,,,
12093076,0,0,0,,,,,,,,,,
12092757,2,2,3,6,6,,,,,,,,
12084823,0,0,1,4,,,,,,,,,
12088015,2,2,5,7,7,,,,7,,,,
12088274,2,2,7,7,,,,7,,,,,
12088285,0,0,6,6,,,,4,11,,,,
12087903,2,2,6,6,,,,,,,,,
12084815,0,0,4,6,,,,,3,,,,
12088272,2,2,3,6,6,,,,,,,,
12087902,1,1,6,6,2,,,3,,,,,
12091036,2,2,6,6,,,,,,,,,
12091243,1,1,2,7,2,,,,7,,,,
12091244,0,0,4,3,,,,,,,,,
12091122,2,2,6,6,,,,,,,,,
12086544,2,2,6,6,,,,,,,,,
12084350,0,0,6,4,,,,6,,,,,
12086541,1,1,2,7,4,,,,7,,,,
12086542,1,1,7,3,3,,,7,,,,,
12086547,0,0,4,2,,,,,,,,,
12090068,0,0,5,1,,,,,,,,,
12086969,2,2,3,6,6,,,,,,,,
12089571,2,2,6,6,,,,,,,,,
12089886,2,2,3,6,7,,,,,7,,,
12086511,2,2,6,6,,,,,,,,,
12089170,2,2,6,7,6,,,4,8,,,,
12084322,0,0,6,6,,,,3,5,,,,
12089649,2,2,6,6,,,,,,,,,
12093084,2,2,4,6,6,,,,,,,,
12093534,0,0,4,4,,,,,,,,,
12093686,0,0,4,,,,,,,,,,
12086713,2,2,6,6,,,,,,,,,
12086719,0,0,2,0,,,,,,,,,
12086712,2,2,6,6,,,,,,,,,
12086714,2,2,6,6,,,,,,,,,
12086717,0,0,2,1,,,,,,,,,
12086619,2,2,6,4,7,,,,,8,,,
12089577,1,1,0,6,3,,,,,,,,
12089464,2,2,6,6,6,,,3,,,,,
12086573,1,1,2,7,1,,,,8,,,,
12089439,2,2,6,6,,,,,,,,,
12089232,2,2,6,6,,,,,,,,,
12084332,2,2,6,6,6,,,0,,,,,
12086927,2,2,3,6,6,,,,,,,,
12093368,1,1,7,1,,,,,,,,,
12093415,1,1,4,6,4,,,,,,,,
12086956,0,0,5,3,,,,,,,,,
12086958,2,2,6,6,,,,,,,,,
12086962,0,0,0,6,,,,,4,,,,
12086957,2,2,6,6,,,,,,,,,
12086960,1,1,6,2,,,,,,,,,
12086961,2,2,6,4,6,,,,,,,,
12086959,0,0,6,3,,,,2,,,,,
12084317,2,2,7,6,,,,7,,,,,
12086955,2,2,7,6,,,,7,,,,,
12089720,1,1,0,6,3,,,,,,,,
12090102,0,0,6,5,,,,4,,,,,
12090144,2,2,6,4,6,,,,,,,,
12086699,0,0,2,2,,,,,,,,,
12089770,2,2,6,6,,,,,,,,,
12087000,2,2,7,4,6,,,8,,,,,
12086817,2,2,6,6,,,,,,,,,
12090070,2,2,6,6,,,,,,,,,
12093647,0,0,4,0,,,,,,,,,
12086425,2,2,7,7,,,,,,,,,
12086424,2,2,6,7,,,,,,,,,
12084365,1,1,6,5,4,,,,,,,,
12086419,2,2,6,6,,,,,,,,,
12084360,0,0,1,3,,,,,,,,,
12084361,1,1,5,6,4,,,,,,,,
12089180,0,0,4,3,,,,,,,,,
12089167,1,1,6,5,6,,,,,3,,,
12086572,2,2,6,6,,,,,,,,,
12089873,1,1,6,6,4,,,,5,,,,
12089772,2,2,6,6,,,,,,,,,
12090123,2,2,6,6,7,,,4,,,,,
12089616,0,0,6,3,,,,2,,,,,
12089968,0,0,6,4,,,,3,,,,,
12093160,2,2,6,2,6,,,,,,,,
12093401,0,0,1,5,,,,,,,,,
12093324,2,2,4,7,7,,,,7,,,,
12093486,2,2,7,7,,,,8,7,,,,
12084325,1,1,3,7,4,,,,7,,,,
12089572,0,0,4,1,,,,,,,,,
12086330,0,0,2,0,,,,,,,,,
12089316,0,0,0,0,,,,,,,,,
12089252,2,2,6,6,,,,,,,,,
12089171,2,2,6,6,,,,,,,,,
12088643,2,2,2,6,6,,,,,,,,
12089166,0,0,2,2,,,,,,,,,
12092918,1,1,6,4,,,,,,,,,
12092703,0,0,2,2,,,,,,,,,
12092720,2,2,3,7,6,,,,,,,,
12092796,0,0,5,2,,,,,,,,,
12083202,2,2,7,2,6,,,7,,,,,
12086013,2,2,7,5,6,,,,,,,,
12086014,0,0,6,1,,,,0,,,,,
12086015,0,0,2,2,,,,,,,,,
12086012,1,1,7,6,4,,,7,6,,,,
12084444,1,1,6,4,3,,,,,,,,
12084455,2,2,6,1,6,,,,,,,,
12086017,1,1,2,7,2,,,,,,,,
12084449,2,2,6,6,,,,,,,,,
12084447,0,0,2,1,,,,,,,,,
12084420,0,0,3,1,,,,,,,,,
12086016,0,0,3,2,,,,,,,,,
12086011,0,0,0,2,,,,,,,,,
12093075,2,2,7,6,,,,7,,,,,
12092779,0,0,1,5,,,,,,,,,
12086459,2,2,7,6,,,,,,,,,
12093068,0,0,0,1,,,,,,,,,
12093051,2,2,6,6,,,,,,,,,
12093083,2,2,6,6,,,,,,,,,
12093052,2,2,2,6,6,,,,,,,,
12093416,1,1,6,6,0,,,,11,,,,
12084438,0,0,0,0,,,,,,,,,
12086501,2,2,6,6,,,,,,,,,
12086499,0,0,2,0,,,,,,,,,
12086495,0,0,2,0,,,,,,,,,
12086652,2,2,6,6,,,,,,,,,
12089401,2,2,7,5,6,,,,,,,,
12089578,,,,,,,,,,,,,
12089221,2,2,7,6,,,,7,,,,,
12089766,1,1,4,6,2,,,,,,,,
12089582,2,2,6,7,,,,,,,,,
12089784,0,0,1,4,,,,,,,,,
12089573,0,0,3,4,,,,,,,,,
12093003,0,0,2,3,,,,,,,,,
12093085,0,0,3,3,,,,,,,,,
12093208,0,0,4,3,,,,,,,,,
12093189,0,0,0,1,,,,,,,,,
12087244,2,2,6,6,,,,,,,,,
12087412,2,2,6,6,6,,,1,,,,,
12086922,2,2,6,5,6,,,,,,,,
12087338,2,2,1,6,6,,,,,,,,
12087411,0,0,4,1,,,,,,,,,
12087122,2,2,6,6,,,,,,,,,
12087824,2,2,6,3,6,,,,,,,,
12087341,2,2,6,6,,,,,,,,,
12090294,0,0,6,3,,,,2,,,,,
12090557,2,2,7,7,,,,,7,,,,
12090343,0,0,1,6,,,,,4,,,,
12090208,0,0,2,4,,,,,,,,,
12086311,2,2,6,6,,,,,,,,,
12084521,2,2,6,6,,,,,,,,,
12086313,2,2,6,3,6,,,,,,,,
12086317,0,0,0,,,,,,,,,,
12086312,2,2,6,6,,,,,,,,,
12084525,2,2,7,6,,,,,,,,,
12086315,2,2,6,6,,,,,,,,,
12086310,2,2,6,6,,,,,,,,,
12086316,0,0,4,2,,,,,,,,,
12084523,2,2,6,4,6,,,,,,,,
12086319,0,0,6,1,,,,6,,,,,
12090105,0,0,4,3,,,,,,,,,
12089967,2,2,6,6,,,,,,,,,
12089887,0,0,4,3,,,,,,,,,
12090226,0,0,2,0,,,,,,,,,
12090280,2,2,6,6,,,,,,,,,
12085927,2,2,6,6,,,,,,,,,
12089991,0,0,5,1,,,,,,,,,
12090090,2,2,7,6,,,,8,,,,,
12092780,2,2,6,6,,,,,,,,,
12092752,0,0,4,2,,,,,,,,,
12093058,0,0,3,2,,,,,,,,,
12092971,0,0,6,3,,,,5,,,,,
12088530,2,2,6,6,,,,,,,,,
12088149,0,0,5,0,,,,,,,,,
12088507,0,0,3,5,,,,,,,,,
12089071,0,0,2,4,,,,,,,,,
12089126,2,2,3,6,7,,,,,7,,,
12088287,0,0,1,1,,,,,,,,,
12088454,2,2,6,6,,,,,,,,,
12084957,0,0,2,3,,,,,,,,,
12091121,1,1,6,4,4,,,,,,,,
12091245,2,2,7,6,,,,,,,,,
12091226,2,2,6,6,,,,,,,,,
12091261,0,0,6,2,,,,5,,,,,
12084337,0,0,4,2,,,,,,,,,
12084329,2,2,6,4,6,,,,,,,,
12084333,2,2,7,4,6,,,,,,,,
12084362,2,2,6,6,,,,,,,,,
12084335,2,2,6,6,,,,,,,,,
12084336,0,0,0,1,,,,,,,,,
12086635,1,1,6,6,1,,,,4,,,,
12089858,0,0,4,6,,,,,9,,,,
12086461,0,0,3,1,,,,,,,,,
12089519,1,1,4,6,2,,,,,,,,
12090050,0,0,0,3,,,,,,,,,
12090104,1,1,7,1,0,,,7,,,,,
12086597,2,2,6,6,6,,,,7,,,,
12090033,2,2,6,7,,,,,,,,,
12093384,1,1,4,6,4,,,,,,,,
12093133,2,2,6,7,,,,,7,,,,
12093570,1,1,4,7,1,,,,7,,,,
12089270,2,2,6,7,,,,,7,,,,
12089164,0,0,4,3,,,,,,,,,
12089520,2,2,2,6,6,,,,,,,,
12089463,2,2,6,6,,,,,,,,,
12092723,1,1,6,6,2,,,4,,,,,
12092716,0,0,3,4,,,,,,,,,
12086476,0,0,2,4,,,,,,,,,
12086469,0,0,3,0,,,,,,,,,
12086466,0,0,3,2,,,,,,,,,
12086470,2,2,6,7,,,,,,,,,
12086463,2,2,6,6,,,,,,,,,
12086468,2,2,6,6,,,,,,,,,
12086477,2,2,6,6,,,,,,,,,
12089181,2,2,6,6,,,,,,,,,
12089744,1,1,2,6,0,,,,,,,,
12089634,0,0,1,4,,,,,,,,,
12089966,2,2,6,6,,,,,,,,,
12090056,2,2,6,4,6,,,,,,,,
12090005,0,0,4,5,,,,,,,,,
12089541,2,2,6,6,,,,,,,,,
12089070,0,0,2,4,,,,,,,,,
12092919,1,1,4,6,2,,,,,,,,
12092881,1,1,6,3,2,,,,,,,,
12092696,0,0,2,6,,,,,4,,,,
12093061,2,2,6,6,,,,,,,,,
12088102,2,2,4,6,6,,,,,,,,
12088127,0,0,4,4,,,,,,,,,
12084806,0,0,6,3,,,,7,,,,,
12084355,2,2,6,6,,,,,,,,,
12084352,0,0,0,4,,,,,,,,,
12088286,2,2,6,6,,,,,,,,,
12088126,2,2,2,7,6,,,,,,,,
12084816,2,2,6,6,,,,,,,,,
12091132,2,2,6,7,,,,,,,,,
12091061,0,0,4,1,,,,,,,,,
12091008,2,2,6,6,,,,,,,,,
12091013,2,2,6,6,,,,,,,,,
12067219,2,2,6,7,,,,,,,,,
12067216,1,1,2,6,3,,,,,,,,
12067221,0,0,1,1,,,,,,,,,
12067208,0,0,6,3,,,,1,,,,,
12067212,2,2,7,6,,,,,,,,,
12067217,2,2,6,6,,,,,,,,,
12067218,2,2,6,6,,,,,,,,,
12067211,2,2,3,6,6,,,,,,,,
12067220,1,1,4,6,2,,,,,,,,
12067214,1,1,1,6,2,,,,,,,,
12067215,1,1,6,3,3,,,,,,,,
12067160,0,0,0,,,,,,,,,,
12067171,0,0,4,6,,,,,6,,,,
12067159,0,0,2,4,,,,,,,,,
12067165,0,0,6,2,,,,12,,,,,
12067169,2,2,6,1,6,,,,,,,,
12067189,0,0,3,2,,,,,,,,,
12067188,1,1,6,6,5,,,,1,,,,
12067190,0,0,6,3,,,,1,,,,,
12067194,2,2,6,6,,,,,,,,,
12067187,2,2,6,7,,,,,7,,,,
12067201,1,1,5,6,6,,,,,2,,,
12067255,2,2,6,6,,,,,,,,,
12067263,1,1,6,4,2,,,,,,,,
12067253,2,2,6,7,,,,,8,,,,
12067252,0,0,4,4,,,,,,,,,
12095972,0,0,3,3,,,,,,,,,
12095974,2,2,6,7,,,,,,,,,
12095977,1,1,6,4,2,,,,,,,,
12095976,2,2,7,6,,,,7,,,,,
12095973,0,0,6,4,,,,4,,,,,
12095978,0,0,3,4,,,,,,,,,
12095975,2,2,6,6,,,,,,,,,
12095971,0,0,6,3,,,,4,,,,,
12067353,0,0,2,3,,,,,,,,,
12067361,0,0,4,3,,,,,,,,,
12067363,2,2,6,7,,,,,,,,,
12067360,2,2,6,6,,,,,,,,,
12067364,0,0,0,6,,,,,3,,,,
12067358,2,2,7,3,7,,,,,,,,
12067354,1,1,6,4,6,,,,,2,,,
12067362,2,2,3,6,7,,,,,,,,
12067349,2,2,7,7,,,,7,7,,,,
12067300,0,0,4,3,,,,,,,,,
12067309,,,,,,,,,,,,,
12067307,2,2,7,6,,,,7,,,,,
12067301,0,0,4,3,,,,,,,,,
12067306,1,1,6,2,6,,,,,3,,,
12067304,2,2,7,7,,,,,8,,,,
12067305,1,1,6,2,4,,,,,,,,
12067341,2,2,6,6,,,,,,,,,
12067324,2,2,6,6,,,,,,,,,
12067325,1,1,5,6,0,,,,,,,,
12067343,2,2,6,7,,,,,,,,,
12067328,2,2,7,6,,,,7,,,,,
12067326,2,2,6,1,6,,,,,,,,
12067342,0,0,2,3,,,,,,,,,
12067335,0,0,0,4,,,,,,,,,
12067283,0,0,4,3,,,,,,,,,
12067291,1,1,3,6,2,,,,,,,,
12067278,2,2,6,6,,,,,,,,,
12067284,1,1,6,2,3,,,,,,,,
12067287,0,0,5,4,,,,,,,,,
12067292,2,2,6,6,,,,,,,,,
12067286,1,1,6,4,2,,,,,,,,
12067289,2,2,4,6,6,,,,,,,,
12092742,2,2,6,6,6,,,,6,,,,
12092722,2,2,4,6,6,,,,,,,,
12092727,1,1,7,0,,,,7,,,,,
12092728,2,2,4,7,6,,,,,,,,
12095412,1,1,6,2,,,,,,,,,
12095657,2,2,6,6,,,,,,,,,
12086453,1,1,6,6,3,,,0,,,,,
12089648,1,1,6,1,4,,,,,,,,
12086287,2,2,6,6,,,,,,,,,
12092751,2,2,6,6,,,,,,,,,
12084519,0,0,2,2,,,,,,,,,
12092699,2,2,6,6,,,,,,,,,
12084516,1,1,6,2,3,,,,,,,,
12089986,0,0,1,4,,,,,,,,,
12095718,0,0,6,3,,,,6,,,,,
12095360,2,2,6,7,,,,,7,,,,
12095231,0,0,2,3,,,,,,,,,
12095628,0,0,2,3,,,,,,,,,
12098083,0,0,2,3,,,,,,,,,
12098082,0,0,3,4,,,,,,,,,
12093038,2,2,7,6,,,,7,,,,,
12093063,0,0,3,4,,,,,,,,,
12093062,2,2,4,6,6,,,,,,,,
12093039,1,1,3,6,3,,,,,,,,
12095359,2,2,7,6,,,,,,,,,
12095630,2,2,4,7,6,,,,7,,,,
12091060,1,1,6,6,2,,,,9,,,,
12091131,2,2,7,7,,,,,8,,,,
12091176,1,1,6,6,1,,,,5,,,,
12092627,0,0,6,5,,,,6,,,,,
12094587,2,2,6,7,,,,,,,,,
12094775,2,2,6,4,6,,,,,,,,
12090358,2,2,6,6,,,,,,,,,
12090509,2,2,6,6,,,,,,,,,
12086965,2,2,6,6,,,,,,,,,
12090067,1,1,6,3,4,,,,,,,,
12090207,2,2,6,7,,,,,,,,,
12090206,0,0,1,3,,,,,,,,,
12090404,0,0,4,4,,,,,,,,,
12084382,1,1,6,4,3,,,,,,,,
12093724,2,2,3,6,6,,,,,,,,
12093818,0,0,3,5,,,,,,,,,
12093760,2,2,6,5,6,,,,,,,,
12093777,0,0,5,6,,,,,4,,,,
12092857,1,1,1,6,3,,,,,,,,
12092948,2,2,6,6,,,,,,,,,
12093076,0,0,0,,,,,,,,,,
12092757,2,2,3,6,6,,,,,,,,
12095304,2,2,6,6,,,,,,,,,
12095318,0,0,3,3,,,,,,,,,
12091036,2,2,6,6,,,,,,,,,
12091243,1,1,2,7,2,,,,7,,,,
12091244,0,0,4,3,,,,,,,,,
12091122,2,2,6,6,,,,,,,,,
12094567,2,2,7,6,,,,,,,,,
12094629,0,0,6,6,,,,5,4,,,,
12086511,2,2,6,6,,,,,,,,,
12089170,2,2,6,7,6,,,4,8,,,,
12084322,0,0,6,6,,,,3,5,,,,
12089649,2,2,6,6,,,,,,,,,
12093084,2,2,4,6,6,,,,,,,,
12093534,0,0,4,4,,,,,,,,,
12093686,0,0,4,,,,,,,,,,
12093074,2,2,6,1,6,,,,,,,,
12095992,0,0,2,6,,,,,4,,,,
12095739,1,1,6,6,4,,,,5,,,,
12089439,2,2,6,6,,,,,,,,,
12089232,2,2,6,6,,,,,,,,,
12084332,2,2,6,6,6,,,0,,,,,
12086927,2,2,3,6,6,,,,,,,,
12093368,1,1,7,3,6,,,,,3,,,
12093415,1,1,4,6,6,,,,,1,,,
12093713,2,2,6,6,,,,,,,,,
12096060,0,0,3,1,,,,,,,,,
12093729,2,2,7,6,,,,8,,,,,
12098312,0,0,2,2,,,,,,,,,
12089720,1,1,0,6,3,,,,,,,,
12090102,0,0,6,5,,,,4,,,,,
12090144,2,2,6,4,6,,,,,,,,
12086699,0,0,2,2,,,,,,,,,
12089770,2,2,6,6,,,,,,,,,
12087000,2,2,7,4,6,,,8,,,,,
12086817,2,2,6,6,,,,,,,,,
12090070,2,2,6,6,,,,,,,,,
12093647,0,0,4,4,,,,,,,,,
12093759,1,1,6,6,6,,,4,,3,,,
12093861,0,0,3,6,,,,,5,,,,
12093902,2,2,6,6,,,,,,,,,
12084320,,,,,,,,,,,,,
12084318,,,,,,,,,,,,,
12089616,0,0,6,3,,,,2,,,,,
12089968,0,0,6,4,,,,3,,,,,
12093160,2,2,6,2,6,,,,,,,,
12093401,0,0,1,5,,,,,,,,,
12093324,2,2,4,7,7,,,,7,,,,
12093486,2,2,7,7,,,,8,7,,,,
12095710,2,2,6,6,,,,,,,,,
12095769,1,1,7,4,5,,,,,,,,
12092918,1,1,6,4,,,,,,,,,
12092703,0,0,2,2,,,,,,,,,
12092720,2,2,3,7,6,,,,,,,,
12092796,0,0,5,2,,,,,,,,,
12084338,,,,,,,,,,,,,
12095411,1,1,7,3,4,,,12,,,,,
12095570,1,1,6,6,6,,,,3,5,,,
12084420,0,0,3,1,,,,,,,,,
12086016,0,0,3,2,,,,,,,,,
12086011,0,0,0,2,,,,,,,,,
12093075,2,2,7,6,,,,7,,,,,
12092779,0,0,1,5,,,,,,,,,
12086459,2,2,7,6,,,,,,,,,
12093068,0,0,0,1,,,,,,,,,
12093051,2,2,6,6,,,,,,,,,
12093083,2,2,6,6,,,,,,,,,
12093052,2,2,2,6,6,,,,,,,,
12093416,1,1,6,6,0,,,,11,,,,
12095440,0,0,2,3,,,,,,,,,
12095629,0,0,3,4,,,,,,,,,
12095577,2,2,6,7,,,,,,,,,
12095422,1,1,6,4,1,,,,,,,,
12097965,0,0,1,1,,,,,,,,,
12098297,0,0,6,2,,,,5,,,,,
12089582,2,2,6,7,,,,,,,,,
12089784,0,0,1,4,,,,,,,,,
12089573,0,0,3,4,,,,,,,,,
12093003,0,0,2,3,,,,,,,,,
12093085,0,0,3,3,,,,,,,,,
12093208,0,0,4,3,,,,,,,,,
12093189,0,0,0,1,,,,,,,,,
12084450,,,,,,,,,,,,,
12084440,,,,,,,,,,,,,
12095626,2,2,6,7,,,,,7,,,,
12095562,0,0,0,,,,,,,,,,
12090294,0,0,6,3,,,,2,,,,,
12090557,2,2,7,7,,,,,7,,,,
12090343,0,0,1,6,,,,,4,,,,
12090208,0,0,2,4,,,,,,,,,
12094021,2,2,7,6,,,,7,,,,,
12094044,1,1,6,2,3,,,,,,,,
12092780,2,2,6,6,,,,,,,,,
12092752,0,0,4,2,,,,,,,,,
12093058,0,0,3,2,,,,,,,,,
12092971,0,0,6,3,,,,5,,,,,
12095346,2,2,6,6,,,,,,,,,
12095413,0,0,4,0,,,,,,,,,
12091121,1,1,6,4,4,,,,,,,,
12091245,2,2,7,6,,,,,,,,,
12091226,2,2,6,6,,,,,,,,,
12091261,0,0,6,2,,,,5,,,,,
12094569,1,1,3,6,0,,,,,,,,
12094568,1,1,6,2,3,,,,,,,,
12086461,0,0,3,1,,,,,,,,,
12089519,1,1,4,6,2,,,,,,,,
12090050,0,0,0,3,,,,,,,,,
12090104,1,1,7,1,0,,,7,,,,,
12086597,2,2,6,6,6,,,,7,,,,
12090033,2,2,6,7,,,,,,,,,
12093384,1,1,4,6,4,,,,,,,,
12093133,2,2,6,7,,,,,7,,,,
12093570,1,1,4,7,1,,,,7,,,,
12093767,1,1,7,6,4,,,,5,,,,
12095897,1,1,6,6,3,,,,5,,,,
12096217,0,0,4,5,,,,,,,,,
12092723,1,1,6,6,2,,,4,,,,,
12092716,0,0,3,4,,,,,,,,,
12095423,2,2,6,7,,,,,,,,,
12092919,1,1,4,6,2,,,,,,,,
12092881,1,1,6,3,2,,,,,,,,
12092696,0,0,2,6,,,,,4,,,,
12093061,2,2,6,6,,,,,,,,,
12095523,2,2,7,6,,,,7,,,,,
12095410,2,2,7,6,,,,7,,,,,
12091132,2,2,6,7,,,,,,,,,
12091061,0,0,4,1,,,,,,,,,
12091008,2,2,6,6,,,,,,,,,
12091013,2,2,6,6,,,,,,,,,
12094566,0,0,1,3,,,,,,,,,
12094550,0,0,3,2,,,,,,,,,
12067211,2,2,3,6,6,,,,,,,,
12067220,1,1,4,6,2,,,,,,,,
12067214,1,1,1,6,2,,,,,,,,
12067215,1,1,6,3,3,,,,,,,,
12067209,2,2,7,6,,,,,,,,,
12067213,2,2,6,6,,,,,,,,,
12067165,0,0,6,2,,,,12,,,,,
12067169,2,2,6,1,6,,,,,,,,
12067158,0,0,6,4,,,,12,,,,,
12067187,2,2,6,7,,,,,7,,,,
12067201,1,1,5,6,6,,,,,2,,,
12067192,2,2,6,7,,,,,7,,,,
12067253,2,2,6,7,,,,,8,,,,
12067252,0,0,4,4,,,,,,,,,
12067268,1,1,6,5,5,,,,,,,,
12097137,0,0,4,4,,,,,,,,,
12097134,2,2,6,0,7,,,,,,,,
12097135,1,1,4,6,2,,,,,,,,
12097139,2,2,6,2,6,,,,,,,,
12097136,1,1,6,1,,,,,,,,,
12097140,0,0,4,3,,,,,,,,,
12097138,2,2,6,6,,,,,,,,,
12097141,0,0,4,,,,,,,,,,
12095972,0,0,3,3,,,,,,,,,
12095974,2,2,6,7,,,,,,,,,
12095977,1,1,6,4,2,,,,,,,,
12095976,2,2,7,6,,,,7,,,,,
12095973,0,0,6,4,,,,4,,,,,
12095978,0,0,3,4,,,,,,,,,
12095975,2,2,6,6,,,,,,,,,
12095971,0,0,6,3,,,,4,,,,,
12098080,1,1,7,3,4,,,,,,,,
12098028,0,0,6,4,,,,5,,,,,
12098091,2,2,6,6,6,,,5,,,,,
12098584,2,2,4,6,6,,,,,,,,
12097144,2,2,6,4,6,,,,,,,,
12097142,2,2,6,5,7,,,,,7,,,
12097146,1,1,4,7,0,,,,,,,,
12097148,,,,,,,,,,,,,
12097143,1,1,3,7,3,,,,7,,,,
12098903,2,2,6,6,,,,,,,,,
12097145,2,2,6,7,,,,,7,,,,
12097147,2,2,7,7,,,,12,8,,,,
12097149,0,0,1,6,,,,,4,,,,
12097163,0,0,3,2,,,,,,,,,
12097164,0,0,2,0,,,,,,,,,
12097162,2,2,6,6,,,,,,,,,
12097165,0,0,3,2,,,,,,,,,
12097167,0,0,1,6,,,,,2,,,,
12097166,0,0,5,5,,,,,,,,,
12097171,0,0,3,5,,,,,,,,,
12097168,2,2,6,6,,,,,,,,,
12097169,1,1,6,6,4,,,5,,,,,
12097170,2,2,6,6,,,,,,,,,
12097172,0,0,2,2,,,,,,,,,
12097173,2,2,6,6,,,,,,,,,
12097131,2,2,6,6,,,,,,,,,
12097118,2,2,7,6,,,,,,,,,
12097119,2,2,5,7,6,,,,7,,,,
12097128,2,2,6,6,,,,,,,,,
12097125,1,1,7,3,4,,,,,,,,
12097129,0,0,5,5,,,,,,,,,
12097124,0,0,0,3,,,,,,,,,
12097123,0,0,3,3,,,,,,,,,
12097122,0,0,2,3,,,,,,,,,
12097126,2,2,6,6,,,,,,,,,
12097130,0,0,3,1,,,,,,,,,
12097127,2,2,6,6,6,,,,7,,,,
12067358,2,2,7,3,7,,,,,,,,
12067354,1,1,6,4,6,,,,,2,,,
12067362,2,2,3,6,7,,,,,,,,
12067349,2,2,7,7,,,,7,7,,,,
12067350,0,0,4,6,,,,,4,,,,
12067346,2,2,6,6,,,,,,,,,
12067306,1,1,6,2,6,,,,,3,,,
12067304,2,2,7,7,,,,,8,,,,
12067305,1,1,6,2,4,,,,,,,,
12067302,2,2,3,7,7,,,,7,7,,,
12067328,2,2,7,6,,,,7,,,,,
12067326,2,2,6,1,6,,,,,,,,
12067342,0,0,2,3,,,,,,,,,
12067335,0,0,0,4,,,,,,,,,
12067340,0,0,2,4,,,,,,,,,
12099689,1,1,6,7,3,,,1,7,,,,
12099681,2,2,6,6,,,,,,,,,
12099688,0,0,1,4,,,,,,,,,
12099690,0,0,6,3,,,,5,,,,,
12099697,0,0,0,2,,,,,,,,,
12099691,2,2,6,6,,,,,,,,,
12099695,2,2,6,6,,,,,,,,,
12099698,2,2,6,7,6,,,4,8,,,,
12099705,2,2,6,6,,,,,,,,,
12099704,0,0,1,1,,,,,,,,,
12099696,0,0,1,4,,,,,,,,,
12099703,2,2,6,2,6,,,,,,,,
12099606,1,1,2,7,1,,,,7,,,,
12099607,2,2,6,6,,,,,,,,,
12099625,2,2,6,6,,,,,,,,,
12099626,0,0,5,3,,,,,,,,,
12099624,2,2,7,6,,,,7,,,,,
12099634,0,0,3,5,,,,,,,,,
12099633,0,0,3,,,,,,,,,,
12098837,0,0,0,0,,,,,,,,,
12098840,1,1,0,7,3,,,,,,,,
12098847,0,0,6,0,,,,1,,,,,
12098839,0,0,3,3,,,,,,,,,
12098846,2,2,6,6,,,,,,,,,
12098836,2,2,6,3,7,,,,,7,,,
12098841,0,0,4,6,,,,,2,,,,
12098842,2,2,6,6,,,,,,,,,
12098838,2,2,6,6,,,,,,,,,
12098845,1,1,6,2,,,,,,,,,
12098844,2,2,6,6,,,,,,,,,
12098843,1,1,1,6,5,,,,,,,,
12100048,0,0,4,6,,,,,2,,,,
12100040,2,2,6,7,,,,,,,,,
12100045,1,1,2,7,4,,,,10,,,,
12100047,2,2,6,6,,,,,,,,,
12100049,0,0,2,4,,,,,,,,,
12100043,2,2,6,6,,,,,,,,,
12100052,2,2,6,6,,,,,,,,,
12067287,0,0,5,4,,,,,,,,,
12067292,2,2,6,6,,,,,,,,,
12067286,1,1,6,4,2,,,,,,,,
12067289,2,2,4,6,6,,,,,,,,
12067290,2,2,6,6,,,,,,,,,
12067288,0,0,4,4,,,,,,,,,
12095412,1,1,6,2,,,,,,,,,
12095657,2,2,6,6,,,,,,,,,
12098033,2,2,1,7,7,,,,7,,,,
12095718,0,0,6,3,,,,6,,,,,
12095360,2,2,6,7,,,,,7,,,,
12095231,0,0,2,3,,,,,,,,,
12095628,0,0,2,3,,,,,,,,,
12098083,0,0,2,3,,,,,,,,,
12098082,0,0,3,4,,,,,,,,,
12098854,2,2,4,6,6,,,,,,,,
12095359,2,2,7,6,,,,,,,,,
12095630,2,2,4,7,6,,,,7,,,,
12098605,1,1,6,3,0,,,,,,,,
12094587,2,2,6,7,,,,,,,,,
12094775,2,2,6,4,6,,,,,,,,
12097161,1,1,7,6,4,,,7,2,,,,
12093724,2,2,3,6,6,,,,,,,,
12093818,0,0,3,5,,,,,,,,,
12093760,2,2,6,5,6,,,,,,,,
12093777,0,0,5,6,,,,,4,,,,
12096061,2,2,6,6,,,,,,,,,
12096338,2,2,6,4,6,,,,,,,,
12095304,2,2,6,6,,,,,,,,,
12095318,0,0,3,3,,,,,,,,,
12097983,2,2,6,6,,,,,,,,,
12094567,2,2,7,6,,,,,,,,,
12094629,0,0,6,6,,,,5,4,,,,
12097231,0,0,6,2,,,,1,,,,,
12093686,0,0,4,,,,,,,,,,
12093074,2,2,6,1,6,,,,,,,,
12095992,0,0,2,6,,,,,4,,,,
12095739,1,1,6,6,4,,,,5,,,,
12099275,2,2,7,6,,,,7,,,,,
12093368,1,1,7,3,6,,,,,3,,,
12093713,2,2,6,6,,,,,,,,,
12093729,2,2,7,6,,,,8,,,,,
12096060,0,0,3,1,,,,,,,,,
12098312,0,0,2,2,,,,,,,,,
12093647,0,0,4,4,,,,,,,,,
12093759,1,1,6,6,6,,,4,,3,,,
12093861,0,0,3,6,,,,,5,,,,
12093902,2,2,6,6,,,,,,,,,
12096221,2,2,6,7,,,,,,,,,
12096055,0,0,2,1,,,,,,,,,
12095710,2,2,6,6,,,,,,,,,
12095769,1,1,7,4,5,,,,,,,,
12098597,1,1,4,6,2,,,,,,,,
12095411,1,1,7,3,4,,,12,,,,,
12095570,1,1,6,6,6,,,,3,5,,,
12098960,2,2,6,6,,,,,,,,,
12095440,0,0,2,3,,,,,,,,,
12095629,0,0,3,4,,,,,,,,,
12095577,2,2,6,7,,,,,,,,,
12095422,1,1,6,4,1,,,,,,,,
12097965,0,0,1,1,,,,,,,,,
12098297,0,0,6,2,,,,5,,,,,
12098995,0,0,1,,,,,,,,,,
12095626,2,2,6,7,,,,,7,,,,
12095562,0,0,0,,,,,,,,,,
12098589,0,0,5,2,,,,,,,,,
12094021,2,2,7,6,,,,7,,,,,
12094044,1,1,6,2,3,,,,,,,,
12096370,2,2,6,6,,,,,,,,,
12095346,2,2,6,6,,,,,,,,,
12095413,0,0,4,0,,,,,,,,,
12098190,2,2,6,6,,,,,,,,,
12094569,1,1,3,6,0,,,,,,,,
12094568,1,1,6,2,3,,,,,,,,
12097188,0,0,6,5,,,,7,,,,,
12093133,2,2,6,7,,,,,7,,,,
12093570,1,1,4,7,1,,,,7,,,,
12093767,1,1,7,6,4,,,,5,,,,
12095897,1,1,6,6,3,,,,5,,,,
12096217,0,0,4,5,,,,,,,,,
12098997,0,0,6,2,,,,4,,,,,
12095423,2,2,6,7,,,,,,,,,
12095523,2,2,7,6,,,,7,,,,,
12095410,2,2,7,6,,,,7,,,,,
12098214,2,2,4,7,6,,,,,,,,
12094566,0,0,1,3,,,,,,,,,
12094550,0,0,3,2,,,,,,,,,
12097150,0,0,3,3,,,,,,,,,
12099191,2,2,6,6,,,,,,,,,
12099201,2,2,6,6,,,,,,,,,
12099161,2,2,6,4,10,,,,,,,,
12099203,0,0,2,3,,,,,,,,,
12099188,1,1,6,3,6,,,,,,,,
12099205,0,0,1,1,,,,,,,,,
12099207,0,0,4,1,,,,,,,,,
12099202,2,2,4,6,10,,,,,,,,
12099209,2,2,7,6,,,,,,,,,
12099212,1,1,4,6,5,,,,,,,,
12099165,2,2,6,6,,,,,,,,,
12099172,2,2,6,6,,,,,,,,,
12099189,2,2,6,6,10,,,,,,,,
12099176,2,2,6,6,,,,,,,,,
12099190,2,2,6,6,,,,,,,,,
12099163,2,2,6,6,,,,,,,,,
12099184,2,2,6,6,,,,,,,,,
12099180,0,0,2,2,,,,,,,,,
12099178,0,0,2,0,,,,,,,,,
12099196,2,2,6,6,,,,,,,,,
12099185,0,0,1,3,,,,,,,,,
12099214,0,0,2,1,,,,,,,,,
12099195,0,0,0,2,,,,,,,,,
12099171,0,0,6,1,,,,,,,,,
12099160,2,2,6,6,,,,,,,,,
12099210,2,2,6,6,,,,,,,,,
12099162,0,0,4,4,,,,,,,,,
12099206,0,0,4,4,,,,,,,,,
12099186,0,0,2,2,,,,,,,,,
12099166,0,0,1,0,,,,,,,,,
12099177,0,0,3,3,,,,,,,,,
12099208,2,2,6,6,,,,,,,,,
12099652,2,2,6,6,,,,,,,,,
12099654,0,0,4,0,,,,,,,,,
12099650,0,0,3,1,,,,,,,,,
12099655,0,0,3,1,,,,,,,,,
12099666,2,2,6,7,,,,,,,,,
12099660,,,,,,,,,,,,,
12099662,2,2,6,6,,,,,,,,,
12099659,,,,,,,,,,,,,
12099657,2,2,6,6,,,,,,,,,
12099665,2,2,6,6,,,,,,,,,
12099250,1,1,2,6,8,,,,,,,,
12099252,0,0,5,5,,,,,,,,,
12099255,2,2,6,6,,,,,,,,,
12099239,2,2,6,7,,,,,,,,,
12099253,2,2,6,6,,,,,,,,,
12099266,,,,,,,,,,,,,
12099260,2,2,6,6,,,,,,,,,
12099261,0,0,1,0,,,,,,,,,
12099242,0,0,0,4,,,,,,,,,
12099249,2,2,6,6,,,,,,,,,
12099254,2,2,6,6,,,,,,,,,
12099267,0,0,0,4,,,,,,,,,
12101132,0,0,1,1,,,,,,,,,
12099262,0,0,5,2,,,,,,,,,
12099265,0,0,1,2,,,,,,,,,
12099258,,,,,,,,,,,,,
12099245,0,0,0,0,,,,,,,,,
12099243,2,2,6,6,,,,,,,,,
12099248,2,2,6,6,,,,,,,,,
12099238,,,,,,,,,,,,,
12099240,0,0,1,0,,,,,,,,,
12099237,0,0,0,1,,,,,,,,,
12099256,0,0,1,2,,,,,,,,,
12099264,0,0,3,5,,,,,,,,,
12099244,0,0,0,0,,,,,,,,,
12099259,2,2,6,6,,,,,,,,,
12099263,2,2,6,6,,,,,,,,,
12099251,2,2,6,6,,,,,,,,,
12099247,0,0,1,1,,,,,,,,,
12099257,2,2,6,6,,,,,,,,,
12099246,0,0,0,1,,,,,,,,,
12099268,,,,,,,,,,,,,
12099241,2,2,7,6,,,,,,,,,
12099466,0,0,6,4,,,,5,,,,,
12099467,0,0,2,4,,,,,,,,,
12099473,1,1,3,6,6,,,,,,,,
12099470,0,0,1,0,,,,,,,,,
12099471,0,0,3,1,,,,,,,,,
12099469,0,0,4,1,,,,,,,,,
12099468,0,0,4,2,,,,,,,,,
12099544,1,1,6,2,7,,,,,,,,
12099538,0,0,2,3,,,,,,,,,
12099546,2,2,6,7,,,,,,,,,
12099519,2,2,7,7,,,,,,,,,
12099534,2,2,6,6,,,,,,,,,
12099518,2,2,6,6,,,,,,,,,
12099528,0,0,2,2,,,,,,,,,
12099537,2,2,6,5,10,,,,,,,,
12099513,0,0,1,6,,,,,,,,,
12099542,0,0,0,1,,,,,,,,,
12099521,,,,,,,,,,,,,
12099511,2,2,7,6,,,,,,,,,
12099529,0,0,5,2,,,,,,,,,
12099523,1,1,6,3,7,,,,,,,,
12099535,2,2,6,6,,,,,,,,,
12099545,0,0,2,1,,,,,,,,,
12099515,0,0,0,0,,,,,,,,,
12099522,1,1,2,6,10,,,,,,,,
12099527,2,2,2,6,10,,,,,,,,
12099533,1,1,4,6,6,,,,,,,,
12099539,2,2,6,6,,,,,,,,,
12099531,2,2,6,6,,,,,,,,,
12099543,0,0,1,0,,,,,,,,,
12099536,0,0,3,4,,,,,,,,,
12099532,2,2,6,6,,,,,,,,,
12099514,2,2,6,6,,,,,,,,,
12099548,2,2,6,6,,,,,,,,,
12099551,0,0,4,3,,,,,,,,,
12099525,2,2,7,6,10,,,,,,,,
12099549,2,2,6,6,11,,,,,,,,
12099540,0,0,5,6,,,,,,,,,
12099516,2,2,6,6,,,,,,,,,
12098343,2,2,1,6,10,,,,,,,,
12098356,2,2,6,6,,,,,,,,,
12098355,0,0,6,1,,,,5,,,,,
12098353,2,2,6,6,10,,,4,,,,,
12098349,1,1,7,4,12,,,7,,,,,
12098345,2,2,6,6,,,,,,,,,
12098342,0,0,5,4,,,,,,,,,
12098354,0,0,3,4,,,,,,,,,
12098348,2,2,5,6,10,,,,,,,,
12098363,0,0,4,1,,,,,,,,,
12098359,2,2,6,6,11,,,,5,,,,
12098357,1,1,7,5,,,,7,,,,,
12098358,0,0,3,2,,,,,,,,,
12098344,0,0,4,2,,,,,,,,,
12098352,2,2,6,6,,,,,,,,,
12098346,2,2,7,6,,,,7,,,,,
12099340,1,1,7,6,8,,,,,,,,
12099319,1,1,6,4,8,,,,,,,,
12099331,0,0,2,0,,,,,,,,,
12099325,1,1,7,3,4,,,,,,,,
12099347,2,2,6,6,,,,,,,,,
12099344,0,0,3,4,,,,,,,,,
12099333,0,0,1,0,,,,,,,,,
12101012,2,2,6,3,10,,,,,,,,
12099342,,,,,,,,,,,,,
12099338,,,,,,,,,,,,,
12099336,0,0,3,4,,,,,,,,,
12099339,2,2,6,6,,,,,,,,,
12099321,0,0,1,1,,,,,,,,,
12099320,2,2,6,3,10,,,,,,,,
12099343,,,,,,,,,,,,,
12099384,2,2,6,6,,,,,,,,,
12101870,0,0,1,4,,,,,,,,,
12099326,0,0,4,4,,,,,,,,,
12099349,,,,,,,,,,,,,
12099346,0,0,5,2,,,,,,,,,
12099329,1,1,6,6,5,,,,,,,,
12099337,2,2,6,6,,,,,,,,,
12099323,0,0,2,2,,,,,,,,,
12099334,2,2,6,6,,,,,,,,,
12099348,2,2,6,6,,,,,,,,,
12099350,2,2,6,5,10,,,,,,,,
12099322,2,2,6,6,,,,,,,,,
12099328,2,2,7,6,,,,,,,,,
12099332,,,,,,,,,,,,,
12099341,0,0,2,2,,,,,,,,,
12097736,0,0,5,2,,,,,,,,,
12097757,2,2,6,6,,,,,,,,,
12097753,2,2,6,6,,,,,,,,,
12097739,2,2,7,6,,,,,,,,,
12097766,0,0,4,5,,,,,,,,,
12097750,1,1,2,6,12,,,,,,,,
12097737,0,0,1,1,,,,,,,,,
12097746,2,2,3,6,10,,,,,,,,
12097738,2,2,6,6,,,,,,,,,
12097745,0,0,1,0,,,,,,,,,
12097763,0,0,4,2,,,,,,,,,
12097765,0,0,6,2,,,,,,,,,
12097764,1,1,1,6,7,,,,,,,,
12097756,0,0,6,1,,,,,,,,,
12097755,2,2,7,4,10,,,,,,,,
12097740,2,2,3,6,10,,,,,,,,
12100097,2,2,6,6,,,,,,,,,
12100077,1,1,3,6,7,,,,,,,,
12100078,0,0,1,4,,,,,,,,,
12100104,2,2,6,6,,,,,,,,,
12100068,0,0,3,0,,,,,,,,,
12100095,,,,,,,,,,,,,
12100070,2,2,6,7,,,,,,,,,
12100101,0,0,4,2,,,,,,,,,
12100082,0,0,1,3,,,,,,,,,
12100089,0,0,3,1,,,,,,,,,
12100109,0,0,1,0,,,,,,,,,
12100076,2,2,7,7,,,,,,,,,
12100103,2,2,6,6,,,,,,,,,
12100075,2,2,6,6,,,,,,,,,
12100112,2,2,6,6,,,,,,,,,
12100111,0,0,5,5,,,,,,,,,
12100108,2,2,6,6,,,,,,,,,
12100072,0,0,0,0,,,,,,,,,
12099438,2,2,4,6,10,,,,,,,,
12099422,0,0,3,2,,,,,,,,,
12099430,0,0,0,3,,,,,,,,,
12099420,2,2,6,6,,,,,,,,,
12099429,0,0,1,3,,,,,,,,,
12099437,0,0,1,0,,,,,,,,,
12099424,0,0,2,3,,,,,,,,,
12099444,0,0,6,2,,,,,,,,,
12099440,2,2,6,3,11,,,,,,,,
12099426,,,,,,,,,,,,,
12099434,0,0,5,6,,,,,,,,,
12099441,2,2,6,6,,,,,,,,,
12099416,0,0,5,2,,,,,,,,,
12099439,2,2,6,7,,,,,,,,,
12099435,1,1,6,6,7,,,,,,,,
12099418,0,0,1,2,,,,,,,,,
12099413,2,2,6,6,,,,,,,,,
12099414,2,2,6,6,,,,,,,,,
12099442,2,2,3,7,10,,,,,,,,
12099432,0,0,1,1,,,,,,,,,
12099443,2,2,6,6,,,,,,,,,
12099417,0,0,2,0,,,,,,,,,
12099433,0,0,3,2,,,,,,,,,
12099200,2,2,6,7,,,,,,,,,
12099173,2,2,6,6,,,,,,,,,
12099159,1,1,1,6,1,,,,,,,,
12099198,0,0,2,0,,,,,,,,,
12099170,2,2,6,6,,,,,,,,,
12099187,2,2,6,6,,,,,,,,,
12099167,2,2,6,6,,,,,,,,,
12099179,2,2,2,6,10,,,,,,,,
12099199,0,0,4,1,,,,,,,,,
12099158,2,2,0,6,10,,,,,,,,
12099155,,,,,,,,,,,,,
12099211,2,2,3,6,10,,,,,,,,
12099197,0,0,6,2,,,,,,,,,
12099174,2,2,7,6,,,,,,,,,
12099156,2,2,6,6,,,,,,,,,
12099154,2,2,6,6,,,,,,,,,
12099193,2,2,7,6,,,,,,,,,
12099169,0,0,1,3,,,,,,,,,
12099192,0,0,3,2,,,,,,,,,
12099164,2,2,6,6,,,,,,,,,
12099157,2,2,6,7,,,,,,,,,
12099182,0,0,0,0,,,,,,,,,
12099181,,,,,,,,,,,,,
12099183,2,2,6,6,,,,,,,,,
12099194,0,0,2,3,,,,,,,,,
12099153,2,2,6,6,,,,,,,,,
12099175,2,2,7,6,,,,,,,,,
12099168,2,2,6,7,,,,,,,,,
12099204,2,2,6,6,,,,,,,,,
12098630,2,2,6,6,,,,,,,,,
12098634,0,0,2,1,,,,,,,,,
12098636,0,0,5,2,,,,,,,,,
12098640,0,0,2,6,,,,,,,,,
12098643,2,2,6,6,,,,,,,,,
12098631,0,0,2,2,,,,,,,,,
12098628,0,0,0,2,,,,,,,,,
12098641,2,2,6,6,,,,,,,,,
12098632,0,0,2,3,,,,,,,,,
12098635,2,2,6,6,,,,,,,,,
12098642,2,2,7,3,10,,,,,,,,
12098633,0,0,2,2,,,,,,,,,
12098638,2,2,6,6,,,,,,,,,
12098629,2,2,6,6,,,,,,,,,
12098639,2,2,6,6,,,,,,,,,
12098637,0,0,2,1,,,,,,,,,
12098241,1,1,2,6,6,,,,,,,,
12098235,2,2,2,6,10,,,,,,,,
12098233,2,2,6,6,,,,,,,,,
12098236,0,0,2,0,,,,,,,,,
12098234,2,2,6,6,,,,,,,,,
12098239,0,0,5,4,,,,,,,,,
12098237,2,2,6,7,,,,,,,,,
12098238,2,2,6,6,,,,,,,,,
12099558,1,1,7,0,5,,,7,,,,,
12099556,0,0,3,3,,,,,,,,,
12099555,2,2,6,6,,,,,,,,,
12099559,0,0,4,4,,,,,,,,,
12099553,0,0,4,3,,,,,,,,,
12099563,0,0,4,5,,,,,,,,,
12099577,2,2,6,6,,,,,,,,,
12099562,2,2,6,6,,,,,,,,,
12099579,2,2,6,6,,,,,,,,,
12099573,0,0,2,0,,,,,,,,,
12099586,2,2,7,3,10,,,,,,,,
12099567,2,2,6,1,10,,,,,,,,
12099583,2,2,6,6,,,,,,,,,
12099589,2,2,6,7,,,,,,,,,
12099564,2,2,7,6,,,,,,,,,
12099587,2,2,6,6,,,,,,,,,
12099592,1,1,6,4,8,,,,,,,,
12099576,1,1,6,4,6,,,,,,,,
12099585,0,0,1,2,,,,,,,,,
12099580,,,,,,,,,,,,,
12101268,0,0,2,0,,,,,,,,,
12099561,1,1,3,7,5,,,,,,,,
12099572,2,2,6,7,,,,,,,,,
12099570,0,0,2,0,,,,,,,,,
12099591,2,2,6,6,,,,,,,,,
12099575,2,2,6,6,,,,,,,,,
12099571,0,0,4,3,,,,,,,,,
12099569,1,1,3,6,4,,,,,,,,
12099578,0,0,2,3,,,,,,,,,
12099565,2,2,6,6,,,,,,,,,
12099588,0,0,6,1,,,,,,,,,
12099590,1,1,4,6,6,,,,,,,,
12099568,2,2,6,6,,,,,,,,,
12099582,0,0,2,0,,,,,,,,,
12099581,2,2,6,6,,,,,,,,,
12099566,2,2,6,6,,,,,,,,,
12099574,2,2,6,6,,,,,,,,,
12099584,2,2,6,6,,,,,,,,,
12099512,0,0,3,0,,,,,,,,,
12099541,1,1,2,6,5,,,,,,,,
12099526,1,1,5,6,6,,,,,,,,
12099524,2,2,6,3,10,,,,,,,,
12099547,,,,,,,,,,,,,
12099530,,,,,,,,,,,,,
12099550,2,2,5,6,10,,,,,,,,
12099510,2,2,6,1,10,,,,,,,,
12099517,2,2,2,6,10,,,,,,,,
12099520,0,0,1,4,,,,,,,,,
12098361,0,0,1,0,,,,,,,,,
12098350,0,0,2,2,,,,,,,,,
12098351,2,2,7,3,10,,,7,,,,,
12098362,,,,,,,,,,,,,
12098360,1,1,6,2,,,,,,,,,
12098347,0,0,2,5,,,,,,,,,
12099098,,,,,,,,,,,,,
12099095,0,0,0,6,,,,,4,,,,
12099099,0,0,0,2,,,,,,,,,
12099091,0,0,0,1,,,,,,,,,
12099097,2,2,6,6,,,,,,,,,
12099092,0,0,1,0,,,,,,,,,
12099096,0,0,3,5,,,,,,,,,
12099093,0,0,1,0,,,,,,,,,
12099094,2,2,6,6,,,,,,,,,
12099357,2,2,6,6,,,,,,,,,
12099355,2,2,6,6,,,,,,,,,
12099361,0,0,5,1,,,,,,,,,
12099362,1,1,6,3,7,,,,,,,,
12099358,1,1,4,6,8,,,,,,,,
12099359,,,,,,,,,,,,,
12099353,1,1,2,6,8,,,,,,,,
12099360,0,0,0,2,,,,,,,,,
12099354,0,0,3,1,,,,,,,,,
12099356,0,0,2,1,,,,,,,,,
12097741,2,2,6,6,,,,,,,,,
12097742,2,2,6,6,,,,,,,,,
12097744,2,2,6,6,10,,,,,,,,
12097751,0,0,2,4,,,,,,,,,
12097761,0,0,0,1,,,,,,,,,
12097762,2,2,6,6,,,,,,,,,
12097748,2,2,6,6,,,,,,,,,
12097767,0,0,3,2,,,,,,,,,
12097749,1,1,6,3,7,,,,,,,,
12097743,1,1,7,4,8,,,,,,,,
12097759,2,2,6,6,,,,,,,,,
12097752,2,2,6,6,,,,,,,,,
12097758,,,,,,,,,,,,,
12097760,0,0,2,3,,,,,,,,,
12097747,2,2,2,7,10,,,,,,,,
12097754,2,2,6,6,,,,,,,,,
12098339,,,,,,,,,,,,,
12098338,,,,,,,,,,,,,
12098334,,,,,,,,,,,,,
12102031,,,,,,,,,,,,,
12067209,2,2,7,6,,,,,,,,,
12067213,2,2,6,6,,,,,,,,,
12067207,2,2,6,6,,,,,,,,,
12067158,0,0,6,4,,,,12,,,,,
12067192,2,2,6,7,,,,,7,,,,
12067268,1,1,6,5,5,,,,,,,,
12097137,0,0,4,4,,,,,,,,,
12097134,2,2,6,0,7,,,,,,,,
12097135,1,1,4,6,2,,,,,,,,
12097139,2,2,6,2,6,,,,,,,,
12097136,1,1,6,1,,,,,,,,,
12097140,0,0,4,3,,,,,,,,,
12097138,2,2,6,6,,,,,,,,,
12097141,0,0,4,,,,,,,,,,
12100804,2,2,1,6,6,,,,,,,,
12100801,2,2,7,3,6,,,,,,,,
12100805,1,1,6,2,6,,,,,4,,,
12100830,1,1,2,6,0,,,,,,,,
12098080,1,1,7,3,4,,,,,,,,
12098028,0,0,6,4,,,,5,,,,,
12098091,2,2,6,6,6,,,5,,,,,
12098584,2,2,4,6,6,,,,,,,,
12097144,2,2,6,4,6,,,,,,,,
12097142,2,2,6,5,7,,,,,7,,,
12097146,1,1,4,7,0,,,,,,,,
12097148,,,,,,,,,,,,,
12097143,1,1,3,7,3,,,,7,,,,
12098903,2,2,6,6,,,,,,,,,
12097145,2,2,6,7,,,,,7,,,,
12097147,2,2,7,7,,,,12,8,,,,
12097149,0,0,1,6,,,,,4,,,,
12099852,0,0,3,1,,,,,,,,,
12099891,0,0,4,2,,,,,,,,,
12099968,2,2,6,6,,,,,,,,,
12100114,2,2,6,6,,,,,,,,,
12097163,0,0,3,2,,,,,,,,,
12097164,0,0,2,0,,,,,,,,,
12097162,2,2,6,6,,,,,,,,,
12097165,0,0,3,2,,,,,,,,,
12097167,0,0,1,6,,,,,2,,,,
12097166,0,0,5,5,,,,,,,,,
12097171,0,0,3,5,,,,,,,,,
12097168,2,2,6,6,,,,,,,,,
12097169,1,1,6,6,4,,,5,,,,,
12097170,2,2,6,6,,,,,,,,,
12097172,0,0,2,2,,,,,,,,,
12097173,2,2,6,6,,,,,,,,,
12100267,0,0,3,0,,,,,,,,,
12099895,2,2,6,6,,,,,,,,,
12100059,2,2,4,6,6,,,,,,,,
12100791,2,2,7,6,,,,7,,,,,
12100831,0,0,4,1,,,,,,,,,
12100807,0,0,4,2,,,,,,,,,
12097131,2,2,6,6,,,,,,,,,
12097118,2,2,7,6,,,,,,,,,
12097119,2,2,5,7,6,,,,7,,,,
12097128,2,2,6,6,,,,,,,,,
12097125,1,1,7,3,4,,,,,,,,
12097129,0,0,5,5,,,,,,,,,
12097124,0,0,0,3,,,,,,,,,
12097123,0,0,3,3,,,,,,,,,
12097122,0,0,2,3,,,,,,,,,
12097126,2,2,6,6,,,,,,,,,
12097130,0,0,3,1,,,,,,,,,
12097127,2,2,6,6,6,,,,7,,,,
12100057,1,1,6,3,4,,,,,,,,
12099893,2,2,6,7,,,,,7,,,,
12099894,2,2,6,3,6,,,,,,,,
12100133,2,2,6,6,,,,,,,,,
12100058,0,0,5,0,,,,,,,,,
12100802,0,0,3,6,,,,,6,,,,
12099908,,,,,,,,,,,,,
12099897,,,,,,,,,,,,,
12099907,,,,,,,,,,,,,
12099900,,,,,,,,,,,,,
12099896,,,,,,,,,,,,,
12099899,,,,,,,,,,,,,
12099616,,,,,,,,,,,,,
12099029,0,0,0,,,,,,,,,,
12099028,,,,,,,,,,,,,
12099025,,,,,,,,,,,,,
12099027,,,,,,,,,,,,,
12067350,0,0,4,6,,,,,4,,,,
12067346,2,2,6,6,,,,,,,,,
12067365,0,0,5,5,,,,,,,,,
12067302,2,2,3,7,7,,,,7,7,,,
12067335,0,0,0,4,,,,,,,,,
12067340,0,0,2,4,,,,,,,,,
12100224,,,,,,,,,,,,,
12100233,,,,,,,,,,,,,
12100239,,,,,,,,,,,,,
12100226,,,,,,,,,,,,,
12099689,1,1,6,7,3,,,1,7,,,,
12099681,2,2,6,6,,,,,,,,,
12099688,0,0,1,4,,,,,,,,,
12099690,0,0,6,3,,,,5,,,,,
12099697,0,0,0,2,,,,,,,,,
12099691,2,2,6,6,,,,,,,,,
12099695,2,2,6,6,,,,,,,,,
12099698,2,2,6,7,6,,,4,8,,,,
12099705,2,2,6,6,,,,,,,,,
12099704,0,0,1,1,,,,,,,,,
12099696,0,0,1,4,,,,,,,,,
12099703,2,2,6,2,6,,,,,,,,
12101940,,,,,,,,,,,,,
12102203,,,,,,,,,,,,,
12102201,,,,,,,,,,,,,
12101941,,,,,,,,,,,,,
12102208,,,,,,,,,,,,,
12102205,,,,,,,,,,,,,
12099606,1,1,2,7,1,,,,7,,,,
12099607,2,2,6,6,,,,,,,,,
12099625,2,2,6,6,,,,,,,,,
12099626,0,0,5,3,,,,,,,,,
12099624,2,2,7,6,,,,7,,,,,
12099634,0,0,3,5,,,,,,,,,
12099633,0,0,3,,,,,,,,,,
12099643,2,2,6,6,,,,,,,,,
12099632,0,0,3,4,,,,,,,,,
12099642,0,0,6,6,,,,5,3,,,,
12099631,0,0,4,6,,,,,2,,,,
12099641,2,2,6,6,6,,,5,,,,,
12102334,,,,,,,,,,,,,
12101942,,,,,,,,,,,,,
12102333,,,,,,,,,,,,,
12102336,,,,,,,,,,,,,
12102796,,,,,,,,,,,,,
12102520,,,,,,,,,,,,,
12098837,0,0,0,0,,,,,,,,,
12098840,1,1,0,7,3,,,,,,,,
12098847,0,0,6,0,,,,1,,,,,
12098839,0,0,3,3,,,,,,,,,
12098846,2,2,6,6,,,,,,,,,
12098836,2,2,6,3,7,,,,,7,,,
12098841,0,0,4,6,,,,,2,,,,
12098842,2,2,6,6,,,,,,,,,
12098838,2,2,6,6,,,,,,,,,
12098845,1,1,6,2,,,,,,,,,
12098844,2,2,6,6,,,,,,,,,
12098843,1,1,1,6,5,,,,,,,,
12101803,2,2,6,3,7,,,,,,,,
12100958,2,2,6,2,6,,,,,,,,
12101054,2,2,6,7,,,,,,,,,
12102021,0,0,5,,,,,,,,,,
12101928,0,0,1,,,,,,,,,,
12102044,0,0,2,,,,,,,,,,
12100048,0,0,4,6,,,,,2,,,,
12100040,2,2,6,7,,,,,,,,,
12100045,1,1,2,7,4,,,,10,,,,
12100047,2,2,6,6,,,,,,,,,
12100049,0,0,2,4,,,,,,,,,
12100043,2,2,6,6,,,,,,,,,
12100052,2,2,6,6,,,,,,,,,
12100051,0,0,3,4,,,,,,,,,
12100044,2,2,6,7,6,,,4,9,,,,
12100053,0,0,6,2,,,,3,,,,,
12100050,2,2,6,6,,,,,,,,,
12100042,2,2,6,6,,,,,,,,,
12102726,,,,,,,,,,,,,
12102337,,,,,,,,,,,,,
12102332,,,,,,,,,,,,,
12102728,,,,,,,,,,,,,
12102335,,,,,,,,,,,,,
12102727,,,,,,,,,,,,,
12067290,2,2,6,6,,,,,,,,,
12067288,0,0,4,4,,,,,,,,,
12067280,1,1,7,3,0,,,,,,,,
12098033,2,2,1,7,7,,,,7,,,,
12098083,0,0,2,3,,,,,,,,,
12098082,0,0,3,4,,,,,,,,,
12098854,2,2,4,6,6,,,,,,,,
12098605,1,1,6,3,0,,,,,,,,
12097161,1,1,7,6,4,,,7,2,,,,
12096061,2,2,6,6,,,,,,,,,
12096338,2,2,6,4,6,,,,,,,,
12099794,1,1,6,6,4,,,,4,,,,
12097983,2,2,6,6,,,,,,,,,
12097231,0,0,6,2,,,,1,,,,,
12095739,1,1,6,6,4,,,,5,,,,
12099275,2,2,7,6,,,,7,,,,,
12098312,0,0,2,2,,,,,,,,,
12098852,2,2,6,6,,,,,,,,,
12096221,2,2,6,7,,,,,,,,,
12096055,0,0,2,1,,,,,,,,,
12099504,,,,,,,,,,,,,
12098597,1,1,4,6,2,,,,,,,,
12098960,2,2,6,6,,,,,,,,,
12097965,0,0,1,1,,,,,,,,,
12098297,0,0,6,2,,,,5,,,,,
12098995,0,0,1,,,,,,,,,,
12098589,0,0,5,2,,,,,,,,,
12096370,2,2,6,6,,,,,,,,,
12098190,2,2,6,6,,,,,,,,,
12097188,0,0,6,5,,,,7,,,,,
12096217,0,0,4,5,,,,,,,,,
12098997,0,0,6,2,,,,4,,,,,
12098214,2,2,4,7,6,,,,,,,,
12097150,0,0,3,3,,,,,,,,,
12099191,2,2,6,6,,,,,,,,,
12099201,2,2,6,6,,,,,,,,,
12099161,2,2,6,4,10,,,,,,,,
12099203,0,0,2,3,,,,,,,,,
12099188,1,1,6,3,6,,,,,,,,
12099205,0,0,1,1,,,,,,,,,
12099207,0,0,4,1,,,,,,,,,
12099202,2,2,4,6,10,,,,,,,,
12099209,2,2,7,6,,,,,,,,,
12099212,1,1,4,6,5,,,,,,,,
12099165,2,2,6,6,,,,,,,,,
12099172,2,2,6,6,,,,,,,,,
12099189,2,2,6,6,10,,,,,,,,
12099176,2,2,6,6,,,,,,,,,
12099190,2,2,6,6,,,,,,,,,
12099163,2,2,6,6,,,,,,,,,
12099184,2,2,6,6,,,,,,,,,
12099180,0,0,2,2,,,,,,,,,
12099178,0,0,2,0,,,,,,,,,
12099196,2,2,6,6,,,,,,,,,
12099185,0,0,1,3,,,,,,,,,
12099214,0,0,2,1,,,,,,,,,
12099195,0,0,0,2,,,,,,,,,
12099171,0,0,6,1,,,,,,,,,
12099160,2,2,6,6,,,,,,,,,
12099210,2,2,6,6,,,,,,,,,
12099162,0,0,4,4,,,,,,,,,
12099206,0,0,4,4,,,,,,,,,
12099186,0,0,2,2,,,,,,,,,
12099166,0,0,1,0,,,,,,,,,
12099177,0,0,3,3,,,,,,,,,
12099208,2,2,6,6,,,,,,,,,
12102059,,,,,,,,,,,,,
12102073,,,,,,,,,,,,,
12102050,,,,,,,,,,,,,
12102078,,,,,,,,,,,,,
12102066,,,,,,,,,,,,,
12102074,,,,,,,,,,,,,
12102071,,,,,,,,,,,,,
12102056,,,,,,,,,,,,,
12102047,,,,,,,,,,,,,
12102065,,,,,,,,,,,,,
12102067,,,,,,,,,,,,,
12102051,,,,,,,,,,,,,
12102058,,,,,,,,,,,,,
12102075,,,,,,,,,,,,,
12102069,,,,,,,,,,,,,
12102063,,,,,,,,,,,,,
12099652,2,2,6,6,,,,,,,,,
12099654,0,0,4,0,,,,,,,,,
12099650,0,0,3,1,,,,,,,,,
12099655,0,0,3,1,,,,,,,,,
12099666,2,2,6,7,,,,,,,,,
12099660,,,,,,,,,,,,,
12099662,2,2,6,6,,,,,,,,,
12099659,,,,,,,,,,,,,
12099657,2,2,6,6,,,,,,,,,
12099665,2,2,6,6,,,,,,,,,
12099653,,,,,,,,,,,,,
12099651,2,2,6,6,10,,,,,,,,
12099661,,,,,,,,,,,,,
12099799,,,,,,,,,,,,,
12099667,,,,,,,,,,,,,
12099658,,,,,,,,,,,,,
12099656,,,,,,,,,,,,,
12102513,,,,,,,,,,,,,
12102516,,,,,,,,,,,,,
12102515,,,,,,,,,,,,,
12102519,,,,,,,,,,,,,
12102514,,,,,,,,,,,,,
12099250,1,1,2,6,8,,,,,,,,
12099252,0,0,5,5,,,,,,,,,
12099255,2,2,6,6,,,,,,,,,
12099239,2,2,6,7,,,,,,,,,
12099253,2,2,6,6,,,,,,,,,
12099266,,,,,,,,,,,,,
12099260,2,2,6,6,,,,,,,,,
12099261,0,0,1,0,,,,,,,,,
12099242,0,0,0,4,,,,,,,,,
12099249,2,2,6,6,,,,,,,,,
12099254,2,2,6,6,,,,,,,,,
12099267,0,0,0,4,,,,,,,,,
12101132,0,0,1,1,,,,,,,,,
12099262,0,0,5,2,,,,,,,,,
12099265,0,0,1,2,,,,,,,,,
12099258,,,,,,,,,,,,,
12099245,0,0,0,0,,,,,,,,,
12099243,2,2,6,6,,,,,,,,,
12099248,2,2,6,6,,,,,,,,,
12099238,,,,,,,,,,,,,
12099240,0,0,1,0,,,,,,,,,
12099237,0,0,0,1,,,,,,,,,
12099256,0,0,1,2,,,,,,,,,
12099264,0,0,3,5,,,,,,,,,
12099244,0,0,0,0,,,,,,,,,
12099259,2,2,6,6,,,,,,,,,
12099263,2,2,6,6,,,,,,,,,
12099251,2,2,6,6,,,,,,,,,
12099247,0,0,1,1,,,,,,,,,
12099257,2,2,6,6,,,,,,,,,
12099246,0,0,0,1,,,,,,,,,
12099268,,,,,,,,,,,,,
12099241,2,2,7,6,,,,,,,,,
12102278,,,,,,,,,,,,,
12102277,,,,,,,,,,,,,
12102270,,,,,,,,,,,,,
12102267,,,,,,,,,,,,,
12102275,,,,,,,,,,,,,
12102273,,,,,,,,,,,,,
12102265,,,,,,,,,,,,,
12102268,,,,,,,,,,,,,
12102274,,,,,,,,,,,,,
12102266,,,,,,,,,,,,,
12102272,,,,,,,,,,,,,
12102264,,,,,,,,,,,,,
12102276,,,,,,,,,,,,,
12102269,,,,,,,,,,,,,
12102271,,,,,,,,,,,,,
12102263,,,,,,,,,,,,,
12099466,0,0,6,4,,,,5,,,,,
12099467,0,0,2,4,,,,,,,,,
12099473,1,1,3,6,6,,,,,,,,
12099470,0,0,1,0,,,,,,,,,
12099471,0,0,3,1,,,,,,,,,
12099469,0,0,4,1,,,,,,,,,
12099468,0,0,4,2,,,,,,,,,
12099475,2,2,6,3,10,,,,,,,,
12099465,,,,,,,,,,,,,
12102303,,,,,,,,,,,,,
12102302,,,,,,,,,,,,,
12102299,,,,,,,,,,,,,
12102304,,,,,,,,,,,,,
12102301,,,,,,,,,,,,,
12102300,,,,,,,,,,,,,
12099544,1,1,6,2,7,,,,,,,,
12099538,0,0,2,3,,,,,,,,,
12099546,2,2,6,7,,,,,,,,,
12099519,2,2,7,7,,,,,,,,,
12099534,2,2,6,6,,,,,,,,,
12099518,2,2,6,6,,,,,,,,,
12099528,0,0,2,2,,,,,,,,,
12099537,2,2,6,5,10,,,,,,,,
12099513,0,0,1,6,,,,,,,,,
12099542,0,0,0,1,,,,,,,,,
12099521,,,,,,,,,,,,,
12099511,2,2,7,6,,,,,,,,,
12099529,0,0,5,2,,,,,,,,,
12099523,1,1,6,3,7,,,,,,,,
12099535,2,2,6,6,,,,,,,,,
12099545,0,0,2,1,,,,,,,,,
12099515,0,0,0,0,,,,,,,,,
12099522,1,1,2,6,10,,,,,,,,
12099527,2,2,2,6,10,,,,,,,,
12099533,1,1,4,6,6,,,,,,,,
12099539,2,2,6,6,,,,,,,,,
12099531,2,2,6,6,,,,,,,,,
12099543,0,0,1,0,,,,,,,,,
12099536,0,0,3,4,,,,,,,,,
12099532,2,2,6,6,,,,,,,,,
12099514,2,2,6,6,,,,,,,,,
12099548,2,2,6,6,,,,,,,,,
12099551,0,0,4,3,,,,,,,,,
12099525,2,2,7,6,10,,,,,,,,
12099549,2,2,6,6,11,,,,,,,,
12099540,0,0,5,6,,,,,,,,,
12099516,2,2,6,6,,,,,,,,,
12102587,,,,,,,,,,,,,
12102609,,,,,,,,,,,,,
12102595,,,,,,,,,,,,,
12102592,,,,,,,,,,,,,
12102607,,,,,,,,,,,,,
12102585,,,,,,,,,,,,,
12102611,,,,,,,,,,,,,
12102604,,,,,,,,,,,,,
12102596,,,,,,,,,,,,,
12102606,,,,,,,,,,,,,
12102608,,,,,,,,,,,,,
12102602,,,,,,,,,,,,,
12102614,,,,,,,,,,,,,
12102613,,,,,,,,,,,,,
12102600,,,,,,,,,,,,,
12102610,,,,,,,,,,,,,
12098343,2,2,1,6,10,,,,,,,,
12098356,2,2,6,6,,,,,,,,,
12098355,0,0,6,1,,,,5,,,,,
12098353,2,2,6,6,10,,,4,,,,,
12098349,1,1,7,4,12,,,7,,,,,
12098345,2,2,6,6,,,,,,,,,
12098342,0,0,5,4,,,,,,,,,
12098354,0,0,3,4,,,,,,,,,
12098348,2,2,5,6,10,,,,,,,,
12098363,0,0,4,1,,,,,,,,,
12098359,2,2,6,6,11,,,,5,,,,
12098357,1,1,7,5,,,,7,,,,,
12098358,0,0,3,2,,,,,,,,,
12098344,0,0,4,2,,,,,,,,,
12098352,2,2,6,6,,,,,,,,,
12098346,2,2,7,6,,,,7,,,,,
12101242,2,2,6,6,,,,,,,,,
12101245,2,2,6,7,,,,,,,,,
12101241,0,0,3,4,,,,,,,,,
12101240,2,2,6,6,,,,,,,,,
12101244,1,1,6,6,5,,,2,,,,,
12101238,2,2,6,7,,,,,7,,,,
12101243,2,2,6,6,,,,,,,,,
12101236,2,2,7,7,,,,7,,,,,
12099340,1,1,7,6,8,,,,,,,,
12099319,1,1,6,4,8,,,,,,,,
12099331,0,0,2,0,,,,,,,,,
12099325,1,1,7,3,4,,,,,,,,
12099347,2,2,6,6,,,,,,,,,
12099344,0,0,3,4,,,,,,,,,
12099333,0,0,1,0,,,,,,,,,
12101012,2,2,6,3,10,,,,,,,,
12099342,,,,,,,,,,,,,
12099338,,,,,,,,,,,,,
12099336,0,0,3,4,,,,,,,,,
12099339,2,2,6,6,,,,,,,,,
12099321,0,0,1,1,,,,,,,,,
12099320,2,2,6,3,10,,,,,,,,
12099343,,,,,,,,,,,,,
12099384,2,2,6,6,,,,,,,,,
12101870,0,0,1,4,,,,,,,,,
12099326,0,0,4,4,,,,,,,,,
12099349,,,,,,,,,,,,,
12099346,0,0,5,2,,,,,,,,,
12099329,1,1,6,6,5,,,,,,,,
12099337,2,2,6,6,,,,,,,,,
12099323,0,0,2,2,,,,,,,,,
12099334,2,2,6,6,,,,,,,,,
12099348,2,2,6,6,,,,,,,,,
12099350,2,2,6,5,10,,,,,,,,
12099322,2,2,6,6,,,,,,,,,
12099328,2,2,7,6,,,,,,,,,
12099332,,,,,,,,,,,,,
12099341,0,0,2,2,,,,,,,,,
12099327,0,0,2,0,,,,,,,,,
12099324,2,2,6,6,,,,,,,,,
12099345,0,0,0,0,,,,,,,,,
12099330,2,2,6,2,10,,,,,,,,
12099335,2,2,6,6,,,,,,,,,
12102499,,,,,,,,,,,,,
12102492,,,,,,,,,,,,,
12102498,,,,,,,,,,,,,
12102495,,,,,,,,,,,,,
12102502,,,,,,,,,,,,,
12102500,,,,,,,,,,,,,
12102501,,,,,,,,,,,,,
12102497,,,,,,,,,,,,,
12102494,,,,,,,,,,,,,
12102491,,,,,,,,,,,,,
12102493,,,,,,,,,,,,,
12102490,,,,,,,,,,,,,
12102623,,,,,,,,,,,,,
12102496,,,,,,,,,,,,,
12102528,,,,,,,,,,,,,
12102518,,,,,,,,,,,,,
12097736,0,0,5,2,,,,,,,,,
12097757,2,2,6,6,,,,,,,,,
12097753,2,2,6,6,,,,,,,,,
12097739,2,2,7,6,,,,,,,,,
12097766,0,0,4,5,,,,,,,,,
12097750,1,1,2,6,12,,,,,,,,
12097737,0,0,1,1,,,,,,,,,
12097746,2,2,3,6,10,,,,,,,,
12097738,2,2,6,6,,,,,,,,,
12097745,0,0,1,0,,,,,,,,,
12097763,0,0,4,2,,,,,,,,,
12097765,0,0,6,2,,,,,,,,,
12097764,1,1,1,6,7,,,,,,,,
12097756,0,0,6,1,,,,,,,,,
12097755,2,2,7,4,10,,,,,,,,
12097740,2,2,3,6,10,,,,,,,,
12103504,,,,,,,,,,,,,
12100924,,,,,,,,,,,,,
12100921,,,,,,,,,,,,,
12100922,,,,,,,,,,,,,
12100927,2,2,6,6,,,,,,,,,
12100980,2,2,7,0,10,,,,,,,,
12100919,,,,,,,,,,,,,
12100910,2,2,6,6,,,,,,,,,
12100915,,,,,,,,,,,,,
12100913,,,,,,,,,,,,,
12100914,,,,,,,,,,,,,
12100979,,,,,,,,,,,,,
12100916,,,,,,,,,,,,,
12100909,,,,,,,,,,,,,
12100925,,,,,,,,,,,,,
12100902,,,,,,,,,,,,,
12100931,2,2,6,6,,,,,,,,,
12100097,2,2,6,6,,,,,,,,,
12100077,1,1,3,6,7,,,,,,,,
12100078,0,0,1,4,,,,,,,,,
12100104,2,2,6,6,,,,,,,,,
12100068,0,0,3,0,,,,,,,,,
12100095,,,,,,,,,,,,,
12100070,2,2,6,7,,,,,,,,,
12100101,0,0,4,2,,,,,,,,,
12100082,0,0,1,3,,,,,,,,,
12100089,0,0,3,1,,,,,,,,,
12100109,0,0,1,0,,,,,,,,,
12100076,2,2,7,7,,,,,,,,,
12100103,2,2,6,6,,,,,,,,,
12100075,2,2,6,6,,,,,,,,,
12100112,2,2,6,6,,,,,,,,,
12100111,0,0,5,5,,,,,,,,,
12100108,2,2,6,6,,,,,,,,,
12100072,0,0,0,0,,,,,,,,,
12100087,2,2,6,6,,,,,,,,,
12100088,0,0,2,2,,,,,,,,,
12100098,0,0,5,0,,,,,,,,,
12100096,,,,,,,,,,,,,
12100107,0,0,3,3,,,,,,,,,
12100106,1,1,6,2,6,,,,,,,,
12100086,2,2,6,6,,,,,,,,,
12100100,2,2,6,6,,,,,,,,,
12100081,1,1,4,7,4,,,,,,,,
12100093,0,0,3,5,,,,,,,,,
12100105,2,2,6,6,,,,,,,,,
12100113,2,2,7,6,,,,,,,,,
12103434,,,,,,,,,,,,,
12103444,,,,,,,,,,,,,
12103449,,,,,,,,,,,,,
12103445,,,,,,,,,,,,,
12103443,,,,,,,,,,,,,
12103432,,,,,,,,,,,,,
12103441,,,,,,,,,,,,,
12103448,,,,,,,,,,,,,
12103430,,,,,,,,,,,,,
12103452,,,,,,,,,,,,,
12103446,,,,,,,,,,,,,
12103433,,,,,,,,,,,,,
12103429,,,,,,,,,,,,,
12103427,,,,,,,,,,,,,
12103442,,,,,,,,,,,,,
12103436,,,,,,,,,,,,,
12099438,2,2,4,6,10,,,,,,,,
12099422,0,0,3,2,,,,,,,,,
12099430,0,0,0,3,,,,,,,,,
12099420,2,2,6,6,,,,,,,,,
12099429,0,0,1,3,,,,,,,,,
12099437,0,0,1,0,,,,,,,,,
12099424,0,0,2,3,,,,,,,,,
12099444,0,0,6,2,,,,,,,,,
12099440,2,2,6,3,11,,,,,,,,
12099426,,,,,,,,,,,,,
12099434,0,0,5,6,,,,,,,,,
12099441,2,2,6,6,,,,,,,,,
12099416,0,0,5,2,,,,,,,,,
12099439,2,2,6,7,,,,,,,,,
12099435,1,1,6,6,7,,,,,,,,
12099418,0,0,1,2,,,,,,,,,
12099413,2,2,6,6,,,,,,,,,
12099414,,,,,,,,,,,,,
12099442,,,,,,,,,,,,,
12099432,0,0,1,1,,,,,,,,,
12099443,,,,,,,,,,,,,
12099417,0,0,2,0,,,,,,,,,
12099433,0,0,3,2,,,,,,,,,
12099427,,,,,,,,,,,,,
12099423,2,2,6,6,,,,,,,,,
12099425,,,,,,,,,,,,,
12099436,,,,,,,,,,,,,
12099415,,,,,,,,,,,,,
12099431,,,,,,,,,,,,,
12099428,0,0,1,2,,,,,,,,,
12099421,,,,,,,,,,,,,
12099419,,,,,,,,,,,,,
12102198,,,,,,,,,,,,,
12102504,,,,,,,,,,,,,
12102191,,,,,,,,,,,,,
12102192,,,,,,,,,,,,,
12102510,,,,,,,,,,,,,
12102508,,,,,,,,,,,,,
12102197,,,,,,,,,,,,,
12102193,,,,,,,,,,,,,
12102196,,,,,,,,,,,,,
12102509,,,,,,,,,,,,,
12102505,,,,,,,,,,,,,
12102507,,,,,,,,,,,,,
12099200,2,2,6,7,,,,,,,,,
12099173,2,2,6,6,,,,,,,,,
12099159,1,1,1,6,1,,,,,,,,
12099198,0,0,2,0,,,,,,,,,
12099170,2,2,6,6,,,,,,,,,
12099187,2,2,6,6,,,,,,,,,
12099167,2,2,6,6,,,,,,,,,
12099179,2,2,2,6,10,,,,,,,,
12099199,0,0,4,1,,,,,,,,,
12099158,2,2,0,6,10,,,,,,,,
12099155,,,,,,,,,,,,,
12099211,2,2,3,6,10,,,,,,,,
12099197,0,0,6,2,,,,,,,,,
12099174,2,2,7,6,,,,,,,,,
12099156,2,2,6,6,,,,,,,,,
12099154,2,2,6,6,,,,,,,,,
12099193,2,2,7,6,,,,,,,,,
12099169,0,0,1,3,,,,,,,,,
12099192,0,0,3,2,,,,,,,,,
12099164,2,2,6,6,,,,,,,,,
12099157,2,2,6,7,,,,,,,,,
12099182,0,0,0,0,,,,,,,,,
12099181,,,,,,,,,,,,,
12099183,2,2,6,6,,,,,,,,,
12099194,0,0,2,3,,,,,,,,,
12099153,2,2,6,6,,,,,,,,,
12099175,2,2,7,6,,,,,,,,,
12099168,2,2,6,7,,,,,,,,,
12099204,2,2,6,6,,,,,,,,,
12102077,,,,,,,,,,,,,
12102052,,,,,,,,,,,,,
12102070,,,,,,,,,,,,,
12102062,,,,,,,,,,,,,
12102061,,,,,,,,,,,,,
12102048,,,,,,,,,,,,,
12102068,,,,,,,,,,,,,
12102049,,,,,,,,,,,,,
12102053,,,,,,,,,,,,,
12102055,,,,,,,,,,,,,
12102060,,,,,,,,,,,,,
12102057,,,,,,,,,,,,,
12102064,,,,,,,,,,,,,
12102072,,,,,,,,,,,,,
12102054,,,,,,,,,,,,,
12102076,,,,,,,,,,,,,
12098630,2,2,6,6,,,,,,,,,
12098634,0,0,2,1,,,,,,,,,
12098636,0,0,5,2,,,,,,,,,
12098640,0,0,2,6,,,,,,,,,
12098643,2,2,6,6,,,,,,,,,
12098631,0,0,2,2,,,,,,,,,
12098628,0,0,0,2,,,,,,,,,
12098641,2,2,6,6,,,,,,,,,
12098632,0,0,2,3,,,,,,,,,
12098635,2,2,6,6,,,,,,,,,
12098642,2,2,7,3,10,,,,,,,,
12098633,0,0,2,2,,,,,,,,,
12098638,2,2,6,6,,,,,,,,,
12098629,2,2,6,6,,,,,,,,,
12098639,2,2,6,6,,,,,,,,,
12098637,0,0,2,1,,,,,,,,,
12101879,,,,,,,,,,,,,
12101880,2,2,6,6,,,,,,,,,
12101889,0,0,2,0,,,,,,,,,
12101891,2,2,6,6,,,,,,,,,
12101886,1,1,6,4,9,,,,,,,,
12101878,2,2,6,6,,,,,,,,,
12101892,1,1,1,7,11,,,,11,,,,
12101887,2,2,6,6,,,,,,,,,
12101888,2,2,6,6,,,,,,,,,
12101881,2,2,6,6,,,,,,,,,
12101883,0,0,1,0,,,,,,,,,
12101885,2,2,6,6,,,,,,,,,
12101882,0,0,4,,,,,,,,,,
12101890,0,0,0,,,,,,,,,,
12101884,0,0,0,,,,,,,,,,
12102422,0,0,1,2,,,,,,,,,
12102418,0,0,1,1,,,,,,,,,
12102416,0,0,1,1,,,,,,,,,
12102419,0,0,1,2,,,,,,,,,
12102421,,,,,,,,,,,,,
12102413,,,,,,,,,,,,,
12102417,,,,,,,,,,,,,
12102412,,,,,,,,,,,,,
12102415,,,,,,,,,,,,,
12102414,,,,,,,,,,,,,
12098241,1,1,2,6,6,,,,,,,,
12098235,2,2,2,6,10,,,,,,,,
12098233,2,2,6,6,,,,,,,,,
12098236,0,0,2,0,,,,,,,,,
12098234,2,2,6,6,,,,,,,,,
12098239,0,0,5,4,,,,,,,,,
12098237,2,2,6,7,,,,,,,,,
12098238,2,2,6,6,,,,,,,,,
12100844,,,,,,,,,,,,,
12100837,,,,,,,,,,,,,
12100846,,,,,,,,,,,,,
12100842,,,,,,,,,,,,,
12100841,,,,,,,,,,,,,
12100835,,,,,,,,,,,,,
12100840,,,,,,,,,,,,,
12100839,,,,,,,,,,,,,
12100838,,,,,,,,,,,,,
12100847,,,,,,,,,,,,,
12100836,,,,,,,,,,,,,
12100833,,,,,,,,,,,,,
12100848,,,,,,,,,,,,,
12100834,,,,,,,,,,,,,
12100845,,,,,,,,,,,,,
12100843,,,,,,,,,,,,,
12099558,1,1,7,0,5,,,7,,,,,
12099556,0,0,3,3,,,,,,,,,
12099555,2,2,6,6,,,,,,,,,
12099559,0,0,4,4,,,,,,,,,
12099553,0,0,4,3,,,,,,,,,
12099552,2,2,6,3,6,,,,,,,,
12099557,0,0,1,4,,,,,,,,,
12099554,1,1,6,2,0,,,,,,,,
12102288,,,,,,,,,,,,,
12102290,,,,,,,,,,,,,
12102287,,,,,,,,,,,,,
12102459,,,,,,,,,,,,,
12099563,0,0,4,5,,,,,,,,,
12099577,2,2,6,6,,,,,,,,,
12099562,2,2,6,6,,,,,,,,,
12099579,2,2,6,6,,,,,,,,,
12099573,0,0,2,0,,,,,,,,,
12099586,2,2,7,3,10,,,,,,,,
12099567,2,2,6,1,10,,,,,,,,
12099583,2,2,6,6,,,,,,,,,
12099589,2,2,6,7,,,,,,,,,
12099564,2,2,7,6,,,,,,,,,
12099587,2,2,6,6,,,,,,,,,
12099592,1,1,6,4,8,,,,,,,,
12099576,1,1,6,4,6,,,,,,,,
12099585,0,0,1,2,,,,,,,,,
12099580,,,,,,,,,,,,,
12101268,0,0,2,0,,,,,,,,,
12099561,1,1,3,7,5,,,,,,,,
12099572,2,2,6,7,,,,,,,,,
12099570,0,0,2,0,,,,,,,,,
12099591,2,2,6,6,,,,,,,,,
12099575,2,2,6,6,,,,,,,,,
12099571,0,0,4,3,,,,,,,,,
12099569,1,1,3,6,4,,,,,,,,
12099578,0,0,2,3,,,,,,,,,
12099565,2,2,6,6,,,,,,,,,
12099588,0,0,6,1,,,,,,,,,
12099590,1,1,4,6,6,,,,,,,,
12099568,2,2,6,6,,,,,,,,,
12099582,0,0,2,0,,,,,,,,,
12099581,2,2,6,6,,,,,,,,,
12099566,2,2,6,6,,,,,,,,,
12099574,2,2,6,6,,,,,,,,,
12099584,2,2,6,6,,,,,,,,,
12102163,,,,,,,,,,,,,
12102157,,,,,,,,,,,,,
12102165,,,,,,,,,,,,,
12102162,,,,,,,,,,,,,
12102158,,,,,,,,,,,,,
12102156,,,,,,,,,,,,,
12102160,,,,,,,,,,,,,
12102164,,,,,,,,,,,,,
12102161,,,,,,,,,,,,,
12102169,,,,,,,,,,,,,
12102167,,,,,,,,,,,,,
12102166,,,,,,,,,,,,,
12102168,,,,,,,,,,,,,
12102159,,,,,,,,,,,,,
12102202,,,,,,,,,,,,,
12102170,,,,,,,,,,,,,
12099512,0,0,3,0,,,,,,,,,
12099541,1,1,2,6,5,,,,,,,,
12099526,1,1,5,6,6,,,,,,,,
12099524,2,2,6,3,10,,,,,,,,
12099547,,,,,,,,,,,,,
12099530,,,,,,,,,,,,,
12099550,2,2,5,6,10,,,,,,,,
12099510,2,2,6,1,10,,,,,,,,
12099517,2,2,2,6,10,,,,,,,,
12099520,0,0,1,4,,,,,,,,,
12102597,,,,,,,,,,,,,
12102594,,,,,,,,,,,,,
12102603,,,,,,,,,,,,,
12102591,,,,,,,,,,,,,
12102588,,,,,,,,,,,,,
12102584,,,,,,,,,,,,,
12102605,,,,,,,,,,,,,
12102590,,,,,,,,,,,,,
12102586,,,,,,,,,,,,,
12102589,,,,,,,,,,,,,
12102599,,,,,,,,,,,,,
12102646,,,,,,,,,,,,,
12102612,,,,,,,,,,,,,
12102598,,,,,,,,,,,,,
12102601,,,,,,,,,,,,,
12102593,,,,,,,,,,,,,
12098361,0,0,1,0,,,,,,,,,
12098350,0,0,2,2,,,,,,,,,
12098351,2,2,7,3,10,,,7,,,,,
12098362,,,,,,,,,,,,,
12098360,1,1,6,2,,,,,,,,,
12098347,0,0,2,5,,,,,,,,,
12101234,1,1,3,6,8,,,,,,,,
12101233,2,2,6,6,,,,,,,,,
12101235,2,2,6,6,,,,,,,,,
12101246,2,2,6,6,,,,,,,,,
12101239,2,2,6,7,10,,,7,7,,,,
12101232,2,2,7,6,,,,7,,,,,
12101237,0,0,6,1,,,,1,,,,,
12101231,0,0,1,3,,,,,,,,,
12099098,,,,,,,,,,,,,
12099095,0,0,0,6,,,,,4,,,,
12099099,0,0,0,2,,,,,,,,,
12099091,0,0,0,1,,,,,,,,,
12099097,2,2,6,6,,,,,,,,,
12099092,0,0,1,0,,,,,,,,,
12099096,0,0,3,5,,,,,,,,,
12099093,0,0,1,0,,,,,,,,,
12099094,2,2,6,6,,,,,,,,,
12101981,2,2,6,6,,,,,,,,,
12101979,2,2,6,6,,,,,,,,,
12101983,2,2,6,6,,,,,,,,,
12101986,2,2,6,6,,,,,,,,,
12101985,0,0,1,,,,,,,,,,
12101982,0,0,1,,,,,,,,,,
12101980,0,0,3,,,,,,,,,,
12101984,0,0,2,,,,,,,,,,
12099357,2,2,6,6,,,,,,,,,
12099355,2,2,6,6,,,,,,,,,
12099361,0,0,5,1,,,,,,,,,
12099362,1,1,6,3,7,,,,,,,,
12099358,1,1,4,6,8,,,,,,,,
12099359,,,,,,,,,,,,,
12099353,1,1,2,6,8,,,,,,,,
12099360,0,0,0,2,,,,,,,,,
12099354,0,0,3,1,,,,,,,,,
12099356,0,0,2,1,,,,,,,,,
12102142,,,,,,,,,,,,,
12102137,,,,,,,,,,,,,
12102146,,,,,,,,,,,,,
12102145,,,,,,,,,,,,,
12102144,,,,,,,,,,,,,
12102134,,,,,,,,,,,,,
12102138,,,,,,,,,,,,,
12102133,,,,,,,,,,,,,
12102140,,,,,,,,,,,,,
12102141,,,,,,,,,,,,,
12102147,,,,,,,,,,,,,
12102143,,,,,,,,,,,,,
12102148,,,,,,,,,,,,,
12102139,,,,,,,,,,,,,
12102136,,,,,,,,,,,,,
12102135,,,,,,,,,,,,,
12097741,2,2,6,6,,,,,,,,,
12097742,2,2,6,6,,,,,,,,,
12097744,2,2,6,6,10,,,,,,,,
12097751,0,0,2,4,,,,,,,,,
12097761,0,0,0,1,,,,,,,,,
12097762,2,2,6,6,,,,,,,,,
12097748,2,2,6,6,,,,,,,,,
12097767,0,0,3,2,,,,,,,,,
12097749,1,1,6,3,7,,,,,,,,
12097743,1,1,7,4,8,,,,,,,,
12097759,2,2,6,6,,,,,,,,,
12097752,2,2,6,6,,,,,,,,,
12097758,,,,,,,,,,,,,
12097760,0,0,2,3,,,,,,,,,
12097747,2,2,2,7,10,,,,,,,,
12097754,2,2,6,6,,,,,,,,,
12100911,2,2,6,6,,,,,,,,,
12100917,2,2,6,6,,,,,,,,,
12100912,0,0,0,1,,,,,,,,,
12100907,0,0,1,3,,,,,,,,,
12100903,2,2,6,6,,,,,,,,,
12100920,0,0,5,2,,,,,,,,,
12100928,2,2,6,6,,,,,,,,,
12100929,0,0,2,4,,,,,,,,,
12100926,2,2,6,6,,,,,,,,,
12100930,,,,,,,,,,,,,
12100904,2,2,6,6,,,,,,,,,
12100908,1,1,7,1,8,,,,,,,,
12100905,2,2,6,6,,,,,,,,,
12100918,0,0,2,1,,,,,,,,,
12100906,0,0,4,6,,,,,,,,,
12100923,2,2,6,6,,,,,,,,,
12102570,,,,,,,,,,,,,
12102560,,,,,,,,,,,,,
12102562,,,,,,,,,,,,,
12102565,,,,,,,,,,,,,
12102568,,,,,,,,,,,,,
12102564,,,,,,,,,,,,,
12102567,,,,,,,,,,,,,
12102571,,,,,,,,,,,,,
12102573,,,,,,,,,,,,,
12102569,,,,,,,,,,,,,
12102572,,,,,,,,,,,,,
12102561,,,,,,,,,,,,,
12100085,0,0,1,0,,,,,,,,,
12100073,0,0,2,0,,,,,,,,,
12100102,0,0,4,4,,,,,,,,,
12100099,0,0,3,0,,,,,,,,,
12100094,2,2,6,7,,,,,,,,,
12100084,,,,,,,,,,,,,
12100091,0,0,0,2,,,,,,,,,
12100071,1,1,6,3,7,,,,,,,,
12100092,2,2,7,6,,,,,,,,,
12100080,0,0,4,0,,,,,,,,,
12100074,2,2,6,6,,,,,,,,,
12100069,2,2,7,6,,,,,,,,,
12100090,2,2,6,6,,,,,,,,,
12100079,0,0,4,4,,,,,,,,,
12100110,0,0,2,1,,,,,,,,,
12067207,2,2,6,6,,,,,,,,,
12067280,1,1,7,3,0,,,,,,,,
12067340,0,0,2,4,,,,,,,,,
12067365,0,0,5,5,,,,,,,,,
12097935,2,2,6,6,,,,,,,,,
12097936,2,2,7,6,,,,,,,,,
12097937,,,,,,,,,,,,,
12097939,1,1,6,7,6,,,3,,,,,
12098330,,,,,,,,,,,,,
12098331,0,0,3,1,,,,,,,,,
12098333,2,2,7,6,7,,,7,4,8,,,
12098334,1,1,6,6,3,,,,5,,,,
12098335,0,0,5,,,,,,,,,,
12098336,1,1,7,2,,,,,,,,,
12098337,,,,,,,,,,,,,
12098338,0,0,6,5,,,,3,,,,,
12098339,0,0,0,2,,,,,,,,,
12098340,1,1,7,2,4,,,7,,,,,
12098852,2,2,6,6,,,,,,,,,
12099020,,,,,,,,,,,,,
12099021,1,1,2,6,1,,,,,,,,
12099022,,,,,,,,,,,,,
12099023,0,0,6,1,,,,2,,,,,
12099024,1,1,3,7,6,,,,7,7,,,
12099025,1,1,3,6,4,,,,,,,,
12099026,0,0,3,2,,,,,,,,,
12099027,2,2,6,4,7,,,,,,,,
12099028,1,1,6,3,4,,,,,,,,
12099029,2,2,6,6,,,,,,,,,
12099030,2,2,6,6,6,,,6,,,,,
12099322,2,2,6,6,,,,,,,,,
12099324,2,2,6,6,,,,,,,,,
12099327,0,0,2,0,,,,,,,,,
12099328,2,2,7,6,,,,,,,,,
12099330,2,2,6,2,10,,,,,,,,
12099332,,,,,,,,,,,,,
12099335,2,2,6,6,,,,,,,,,
12099341,0,0,2,2,,,,,,,,,
12099345,0,0,0,0,,,,,,,,,
12099350,2,2,6,5,10,,,,,,,,
12099413,2,2,6,6,,,,,,,,,
12099414,2,2,6,6,,,,,,,,,
12099415,0,0,2,3,,,,,,,,,
12099417,0,0,2,0,,,,,,,,,
12099418,0,0,1,2,,,,,,,,,
12099419,0,0,3,2,,,,,,,,,
12099421,2,2,6,6,,,,,,,,,
12099423,2,2,6,6,,,,,,,,,
12099425,0,0,5,3,,,,,,,,,
12099427,0,0,4,3,,,,,,,,,
12099428,0,0,1,2,,,,,,,,,
12099431,0,0,0,3,,,,,,,,,
12099432,0,0,1,1,,,,,,,,,
12099433,0,0,3,2,,,,,,,,,
12099435,1,1,6,6,7,,,,,,,,
12099436,2,2,6,6,,,,,,,,,
12099442,2,2,3,7,10,,,,,,,,
12099443,2,2,6,6,,,,,,,,,
12099465,,,,,,,,,,,,,
12099468,0,0,4,2,,,,,,,,,
12099469,0,0,4,1,,,,,,,,,
12099471,0,0,3,1,,,,,,,,,
12099475,2,2,6,3,10,,,,,,,,
12099492,0,0,3,1,,,,,,,,,
12099494,1,1,2,6,1,,,,,,,,
12099504,2,2,6,6,,,,,,,,,
12099510,2,2,6,1,10,,,,,,,,
12099512,0,0,3,0,,,,,,,,,
12099514,2,2,6,6,,,,,,,,,
12099516,2,2,6,6,,,,,,,,,
12099517,2,2,2,6,10,,,,,,,,
12099520,0,0,1,4,,,,,,,,,
12099524,2,2,6,3,10,,,,,,,,
12099525,2,2,7,6,10,,,,,,,,
12099526,1,1,5,6,6,,,,,,,,
12099530,,,,,,,,,,,,,
12099540,0,0,5,6,,,,,,,,,
12099541,1,1,2,6,5,,,,,,,,
12099547,,,,,,,,,,,,,
12099548,2,2,6,6,,,,,,,,,
12099549,2,2,6,6,11,,,,,,,,
12099550,2,2,5,6,10,,,,,,,,
12099551,0,0,4,3,,,,,,,,,
12099552,2,2,6,3,6,,,,,,,,
12099553,0,0,4,3,,,,,,,,,
12099554,1,1,6,2,0,,,,,,,,
12099557,0,0,1,4,,,,,,,,,
12099559,0,0,4,4,,,,,,,,,
12099574,2,2,6,6,,,,,,,,,
12099584,2,2,6,6,,,,,,,,,
12099611,2,2,6,7,,,,,7,,,,
12099614,0,0,3,3,,,,,,,,,
12099616,2,2,6,6,6,,,,5,,,,
12099617,2,2,6,6,,,,,,,,,
12099619,2,2,6,1,6,,,,,,,,
12099621,2,2,6,6,,,,,,,,,
12099622,,,,,,,,,,,,,
12099631,0,0,4,6,,,,,2,,,,
12099632,0,0,3,4,,,,,,,,,
12099633,0,0,3,,,,,,,,,,
12099634,0,0,3,5,,,,,,,,,
12099641,2,2,6,6,6,,,5,,,,,
12099642,0,0,6,6,,,,5,3,,,,
12099643,2,2,6,6,,,,,,,,,
12099651,2,2,6,6,10,,,,,,,,
12099653,2,2,3,6,10,,,,,,,,
12099656,0,0,6,3,,,,,,,,,
12099658,2,2,6,6,,,,,,,,,
12099661,2,2,6,7,,,,,,,,,
12099667,2,2,6,6,,,,,,,,,
12099696,0,0,1,4,,,,,,,,,
12099703,2,2,6,2,6,,,,,,,,
12099794,1,1,6,6,4,,,,4,,,,
12099799,2,2,6,7,,,,,,,,,
12099852,0,0,3,1,,,,,,,,,
12099891,0,0,4,2,,,,,,,,,
12099893,2,2,6,7,,,,,7,,,,
12099894,2,2,6,3,6,,,,,,,,
12099895,2,2,6,6,,,,,,,,,
12099896,1,1,6,1,,,,,,,,,
12099897,0,0,1,6,,,,,7,,,,
12099898,0,0,2,1,,,,,,,,,
12099899,1,1,6,4,6,,,,,,,,
12099900,2,2,6,6,,,,,,,,,
12099901,2,2,7,6,,,,11,,,,,
12099903,0,0,3,2,,,,,,,,,
12099905,,,,,,,,,,,,,
12099907,2,2,7,7,,,,7,,,,,
12099908,1,1,7,3,6,,,,,3,,,
12099968,2,2,6,6,,,,,,,,,
12100042,2,2,6,6,,,,,,,,,
12100043,2,2,6,6,,,,,,,,,
12100044,2,2,6,7,6,,,4,9,,,,
12100049,0,0,2,4,,,,,,,,,
12100050,2,2,6,6,,,,,,,,,
12100051,0,0,3,4,,,,,,,,,
12100052,2,2,6,6,,,,,,,,,
12100053,0,0,6,2,,,,3,,,,,
12100057,1,1,6,3,4,,,,,,,,
12100058,0,0,5,0,,,,,,,,,
12100059,2,2,4,6,6,,,,,,,,
12100068,0,0,3,0,,,,,,,,,
12100069,2,2,7,6,,,,,,,,,
12100070,2,2,6,7,,,,,,,,,
12100071,1,1,6,3,7,,,,,,,,
12100072,0,0,0,0,,,,,,,,,
12100073,0,0,2,0,,,,,,,,,
12100074,2,2,6,6,,,,,,,,,
12100075,2,2,6,6,,,,,,,,,
12100076,2,2,7,7,,,,,,,,,
12100077,1,1,3,6,7,,,,,,,,
12100078,0,0,1,4,,,,,,,,,
12100079,0,0,4,4,,,,,,,,,
12100080,0,0,4,0,,,,,,,,,
12100081,1,1,4,7,4,,,,,,,,
12100082,0,0,1,3,,,,,,,,,
12100084,,,,,,,,,,,,,
12100085,0,0,1,0,,,,,,,,,
12100086,2,2,6,6,,,,,,,,,
12100087,2,2,6,6,,,,,,,,,
12100088,0,0,2,2,,,,,,,,,
12100089,0,0,3,1,,,,,,,,,
12100090,2,2,6,6,,,,,,,,,
12100091,0,0,0,2,,,,,,,,,
12100092,2,2,7,6,,,,,,,,,
12100093,0,0,3,5,,,,,,,,,
12100094,2,2,6,7,,,,,,,,,
12100095,,,,,,,,,,,,,
12100096,,,,,,,,,,,,,
12100097,2,2,6,6,,,,,,,,,
12100098,0,0,5,0,,,,,,,,,
12100099,0,0,3,0,,,,,,,,,
12100100,2,2,6,6,,,,,,,,,
12100101,0,0,4,2,,,,,,,,,
12100102,0,0,4,4,,,,,,,,,
12100103,2,2,6,6,,,,,,,,,
12100104,2,2,6,6,,,,,,,,,
12100105,2,2,6,6,,,,,,,,,
12100106,1,1,6,2,6,,,,,,,,
12100107,0,0,3,3,,,,,,,,,
12100108,2,2,6,6,,,,,,,,,
12100109,0,0,1,0,,,,,,,,,
12100110,0,0,2,1,,,,,,,,,
12100111,0,0,5,5,,,,,,,,,
12100112,2,2,6,6,,,,,,,,,
12100113,2,2,7,6,,,,,,,,,
12100114,2,2,6,6,,,,,,,,,
12100133,2,2,6,6,,,,,,,,,
12100223,,,,,,,,,,,,,
12100224,,,,,,,,,,,,,
12100226,2,2,6,7,,,,,7,,,,
12100227,2,2,6,4,6,,,,,,,,
12100228,,,,,,,,,,,,,
12100229,1,1,6,5,6,,,,,5,,,
12100230,0,0,2,3,,,,,,,,,
12100233,0,0,6,6,,,,5,5,,,,
12100235,,,,,,,,,,,,,
12100237,,,,,,,,,,,,,
12100238,1,1,7,4,6,,,9,,4,,,
12100239,0,0,6,0,,,,6,,,,,
12100240,2,2,6,6,,,,,,,,,
12100242,2,2,6,6,,,,,,,,,
12100244,2,2,4,6,6,,,,,,,,
12100245,,,,,,,,,,,,,
12100257,0,0,4,1,,,,,,,,,
12100260,2,2,5,6,7,,,,,7,,,
12100267,0,0,3,0,,,,,,,,,
12100791,2,2,7,6,,,,7,,,,,
12100801,2,2,7,3,6,,,,,,,,
12100802,0,0,3,6,,,,,6,,,,
12100804,2,2,1,6,6,,,,,,,,
12100805,1,1,6,2,6,,,,,4,,,
12100807,0,0,4,2,,,,,,,,,
12100830,1,1,2,6,0,,,,,,,,
12100831,0,0,4,1,,,,,,,,,
12100833,2,2,6,1,10,,,,,,,,
12100834,0,0,4,5,,,,,,,,,
12100835,2,2,6,6,,,,,,,,,
12100836,2,2,6,7,,,,,,,,,
12100837,2,2,6,6,,,,,,,,,
12100838,2,2,6,6,,,,,,,,,
12100839,2,2,6,6,,,,,,,,,
12100840,0,0,1,1,,,,,,,,,
12100841,0,0,4,3,,,,,,,,,
12100842,2,2,6,6,,,,,,,,,
12100843,2,2,6,6,,,,,,,,,
12100844,2,2,6,6,,,,,,,,,
12100845,2,2,6,6,,,,,,,,,
12100846,2,2,6,6,,,,,,,,,
12100847,2,2,6,6,,,,,,,,,
12100848,2,2,6,6,,,,,,,,,
12100902,0,0,1,6,,,,,,,,,
12100903,2,2,6,6,,,,,,,,,
12100904,2,2,6,6,,,,,,,,,
12100905,2,2,6,6,,,,,,,,,
12100906,0,0,4,6,,,,,,,,,
12100907,0,0,1,3,,,,,,,,,
12100908,1,1,7,1,8,,,,,,,,
12100909,2,2,7,6,,,,,,,,,
12100910,2,2,6,6,,,,,,,,,
12100911,2,2,6,6,,,,,,,,,
12100912,0,0,0,1,,,,,,,,,
12100913,0,0,4,4,,,,,,,,,
12100914,2,2,6,5,10,,,,,,,,
12100915,,,,,,,,,,,,,
12100916,1,1,3,7,8,,,,,,,,
12100917,2,2,6,6,,,,,,,,,
12100918,0,0,2,1,,,,,,,,,
12100919,2,2,6,7,,,,,,,,,
12100920,0,0,5,2,,,,,,,,,
12100921,1,1,1,7,6,,,,,,,,
12100922,2,2,6,6,,,,,,,,,
12100923,2,2,6,6,,,,,,,,,
12100924,2,2,7,7,,,,,,,,,
12100925,2,2,7,6,,,,,,,,,
12100926,2,2,6,6,,,,,,,,,
12100927,2,2,6,6,,,,,,,,,
12100928,2,2,6,6,,,,,,,,,
12100929,0,0,2,4,,,,,,,,,
12100930,,,,,,,,,,,,,
12100931,2,2,6,6,,,,,,,,,
12100958,2,2,6,2,6,,,,,,,,
12100979,0,0,2,2,,,,,,,,,
12100980,2,2,7,0,10,,,,,,,,
12101054,2,2,6,7,,,,,,,,,
12101101,2,2,7,6,,,,7,,,,,
12101103,2,2,3,6,6,,,,,,,,
12101108,2,2,6,6,,,,,,,,,
12101231,0,0,1,3,,,,,,,,,
12101232,2,2,7,6,,,,7,,,,,
12101233,2,2,6,6,,,,,,,,,
12101234,1,1,3,6,8,,,,,,,,
12101235,2,2,6,6,,,,,,,,,
12101236,2,2,7,7,,,,7,,,,,
12101237,0,0,6,1,,,,1,,,,,
12101238,2,2,6,7,,,,,7,,,,
12101239,2,2,6,7,10,,,7,7,,,,
12101240,2,2,6,6,,,,,,,,,
12101241,0,0,3,4,,,,,,,,,
12101242,2,2,6,6,,,,,,,,,
12101243,2,2,6,6,,,,,,,,,
12101244,1,1,6,6,5,,,2,,,,,
12101245,2,2,6,7,,,,,,,,,
12101246,2,2,6,6,,,,,,,,,
12101803,2,2,6,3,7,,,,,,,,
12101878,2,2,6,6,,,,,,,,,
12101879,1,1,6,2,6,,,,,,,,
12101880,2,2,6,6,,,,,,,,,
12101881,2,2,6,6,,,,,,,,,
12101882,2,2,6,6,,,,,,,,,
12101883,0,0,1,0,,,,,,,,,
12101884,1,1,0,7,5,,,,,,,,
12101885,2,2,6,6,,,,,,,,,
12101886,1,1,6,4,9,,,,,,,,
12101887,2,2,6,6,,,,,,,,,
12101888,2,2,6,6,,,,,,,,,
12101889,0,0,2,0,,,,,,,,,
12101890,0,0,3,5,,,,,,,,,
12101891,2,2,6,6,,,,,,,,,
12101892,1,1,1,7,11,,,,11,,,,
12101928,0,0,2,3,,,,,,,,,
12101940,2,2,7,6,,,,,,,,,
12101941,1,1,4,7,4,,,,7,,,,
12101942,1,1,6,4,4,,,,,,,,
12101979,2,2,6,6,,,,,,,,,
12101980,2,2,6,5,6,,,,,,,,
12101981,2,2,6,6,,,,,,,,,
12101982,2,2,6,6,,,,,,,,,
12101983,2,2,6,6,,,,,,,,,
12101984,2,2,6,6,,,,,,,,,
12101985,2,2,6,6,6,,,,1,,,,
12101986,2,2,6,6,,,,,,,,,
12102021,0,0,5,,,,,,,,,,
12102031,2,2,2,6,7,,,,,7,,,
12102032,,,,,,,,,,,,,
12102033,0,0,4,,,,,,,,,,
12102035,,,,,,,,,,,,,
12102044,1,1,6,6,6,,,4,,3,,,
12102047,,,,,,,,,,,,,
12102048,2,2,6,6,,,,,,,,,
12102049,0,0,2,4,,,,,,,,,
12102050,,,,,,,,,,,,,
12102051,,,,,,,,,,,,,
12102052,2,2,6,6,,,,,,,,,
12102053,2,2,6,7,,,,,,,,,
12102054,,,,,,,,,,,,,
12102055,,,,,,,,,,,,,
12102056,0,0,2,2,,,,,,,,,
12102057,2,2,6,6,,,,,,,,,
12102058,,,,,,,,,,,,,
12102059,0,0,2,2,,,,,,,,,
12102060,,,,,,,,,,,,,
12102061,0,0,1,2,,,,,,,,,
12102062,2,2,6,6,,,,,,,,,
12102063,0,0,2,1,,,,,,,,,
12102064,0,0,2,0,,,,,,,,,
12102065,,,,,,,,,,,,,
12102066,,,,,,,,,,,,,
12102067,,,,,,,,,,,,,
12102068,0,0,1,2,,,,,,,,,
12102069,,,,,,,,,,,,,
12102070,2,2,6,6,,,,,,,,,
12102071,2,2,6,6,,,,,,,,,
12102072,,,,,,,,,,,,,
12102073,0,0,0,3,,,,,,,,,
12102074,2,2,6,6,,,,,,,,,
12102075,,,,,,,,,,,,,
12102076,,,,,,,,,,,,,
12102077,0,0,1,2,,,,,,,,,
12102078,,,,,,,,,,,,,
12102133,0,0,4,0,,,,,,,,,
12102134,2,2,6,6,,,,,,,,,
12102135,2,2,6,6,,,,,,,,,
12102136,2,2,6,6,,,,,,,,,
12102137,2,2,7,4,12,,,,,,,,
12102138,2,2,6,6,,,,,,,,,
12102139,0,0,1,4,,,,,,,,,
12102140,2,2,7,6,,,,,,,,,
12102141,1,1,5,6,6,,,,,,,,
12102142,2,2,6,6,,,,,,,,,
12102143,1,1,3,6,3,,,,,,,,
12102144,,,,,,,,,,,,,
12102145,0,0,2,3,,,,,,,,,
12102146,,,,,,,,,,,,,
12102147,2,2,6,6,,,,,,,,,
12102148,2,2,7,6,,,,,,,,,
12102156,0,0,4,4,,,,,,,,,
12102157,2,2,3,6,11,,,,,,,,
12102158,2,2,6,7,,,,,,,,,
12102159,,,,,,,,,,,,,
12102160,2,2,7,7,,,,,,,,,
12102161,0,0,2,1,,,,,,,,,
12102162,2,2,6,6,,,,,,,,,
12102163,0,0,1,4,,,,,,,,,
12102164,0,0,2,3,,,,,,,,,
12102165,2,2,6,6,,,,,,,,,
12102166,,,,,,,,,,,,,
12102167,2,2,6,6,,,,,,,,,
12102168,,,,,,,,,,,,,
12102169,2,2,3,6,10,,,,,,,,
12102170,2,2,3,6,10,,,,,,,,
12102191,1,1,4,6,5,,,,,,,,
12102192,2,2,6,7,,,,,,,,,
12102193,1,1,6,2,8,,,,,,,,
12102194,2,2,7,6,,,,,,,,,
12102195,0,0,2,4,,,,,,,,,
12102196,0,0,0,2,,,,,,,,,
12102197,2,2,6,3,10,,,,,,,,
12102198,2,2,7,6,,,,,,,,,
12102199,2,2,6,6,,,,,,,,,
12102201,2,2,7,6,,,,7,,,,,
12102202,,,,,,,,,,,,,
12102203,0,0,1,3,,,,,,,,,
12102205,2,2,6,7,,,,,9,,,,
12102208,2,2,6,3,6,,,,,,,,
12102263,2,2,6,6,,,,,,,,,
12102264,0,0,5,0,,,,,,,,,
12102265,2,2,6,6,,,,,,,,,
12102266,2,2,6,7,10,,,,,,,,
12102267,2,2,6,6,,,,,,,,,
12102268,2,2,7,6,,,,,,,,,
12102269,2,2,6,6,,,,,,,,,
12102270,2,2,6,6,,,,,,,,,
12102271,0,0,4,3,,,,,,,,,
12102272,0,0,5,0,,,,,,,,,
12102273,0,0,1,1,,,,,,,,,
12102274,2,2,6,6,,,,,,,,,
12102275,2,2,6,6,,,,,,,,,
12102276,2,2,6,6,,,,,,,,,
12102277,2,2,6,6,,,,,,,,,
12102278,2,2,6,4,11,,,,,,,,
12102287,2,2,7,6,,,,8,,,,,
12102288,2,2,6,6,,,,,,,,,
12102289,,,,,,,,,,,,,
12102290,0,0,2,3,,,,,,,,,
12102291,2,2,6,6,7,,,,3,,,,
12102297,2,2,6,6,,,,,,,,,
12102298,2,2,6,6,,,,,,,,,
12102299,2,2,6,7,10,,,6,,,,,
12102300,2,2,4,6,10,,,,,,,,
12102301,1,1,7,3,8,,,9,,,,,
12102302,2,2,6,3,10,,,,,,,,
12102303,2,2,6,6,12,,,3,,,,,
12102304,2,2,1,6,10,,,,,,,,
12102332,0,0,5,2,,,,,,,,,
12102333,2,2,6,7,,,,,,,,,
12102334,0,0,3,4,,,,,,,,,
12102335,0,0,4,,,,,,,,,,
12102336,2,2,6,6,7,,,,5,7,,,
12102337,2,2,6,6,,,,,,,,,
12102412,2,2,2,6,10,,,,,,,,
12102413,0,0,1,2,,,,,,,,,
12102414,0,0,2,0,,,,,,,,,
12102415,0,0,1,2,,,,,,,,,
12102416,0,0,1,1,,,,,,,,,
12102417,2,2,6,6,,,,,,,,,
12102418,0,0,1,2,,,,,,,,,
12102419,0,0,1,3,,,,,,,,,
12102421,0,0,5,4,,,,,,,,,
12102422,0,0,1,2,,,,,,,,,
12102459,2,2,1,6,6,,,,,,,,
12102490,0,0,3,3,,,,,,,,,
12102491,0,0,4,2,,,,,,,,,
12102492,2,2,6,4,11,,,,,,,,
12102493,2,2,6,6,,,,,,,,,
12102494,,,,,,,,,,,,,
12102495,2,2,6,6,,,,,,,,,
12102496,0,0,4,3,,,,,,,,,
12102497,,,,,,,,,,,,,
12102498,0,0,2,2,,,,,,,,,
12102499,0,0,1,0,,,,,,,,,
12102500,2,2,6,6,,,,,,,,,
12102501,2,2,6,6,,,,,,,,,
12102502,1,1,7,3,8,,,,,,,,
12102504,2,2,6,7,,,,,,,,,
12102505,1,1,6,5,6,,,,,,,,
12102506,0,0,2,2,,,,,,,,,
12102507,0,0,4,4,,,,,,,,,
12102508,2,2,7,6,,,,,,,,,
12102509,2,2,6,6,,,,,,,,,
12102510,0,0,3,1,,,,,,,,,
12102513,2,2,7,6,,,,7,,,,,
12102514,2,2,6,6,,,,,,,,,
12102515,1,1,6,5,6,,,,,,,,
12102516,0,0,2,0,,,,,,,,,
12102517,2,2,6,7,,,,,7,,,,
12102518,2,2,6,7,,,,,,,,,
12102519,2,2,6,6,,,,,,,,,
12102520,0,0,3,4,,,,,,,,,
12102528,0,0,1,1,,,,,,,,,
12102559,0,0,2,4,,,,,,,,,
12102560,2,2,6,6,,,,,,,,,
12102561,1,1,6,2,6,,,,,3,,,
12102562,2,2,6,6,,,,,,,,,
12102563,2,2,6,6,,,,,,,,,
12102564,2,2,6,7,,,,,,,,,
12102565,0,0,2,2,,,,,,,,,
12102566,0,0,4,4,,,,,,,,,
12102567,2,2,6,6,,,,,,,,,
12102568,1,1,6,3,6,,,,,2,,,
12102569,1,1,2,6,4,,,,,,,,
12102570,0,0,1,0,,,,,,,,,
12102571,2,2,6,6,,,,,,,,,
12102572,2,2,6,6,,,,,,,,,
12102573,2,2,6,6,,,,,,,,,
12102574,,,,,,,,,,,,,
12102584,0,0,3,2,,,,,,,,,
12102585,2,2,7,6,,,,,,,,,
12102586,2,2,6,7,,,,,,,,,
12102587,2,2,3,6,10,,,,,,,,
12102588,2,2,6,6,,,,,,,,,
12102589,0,0,4,4,,,,,,,,,
12102590,2,2,7,6,,,,,,,,,
12102591,0,0,1,1,,,,,,,,,
12102592,0,0,2,5,,,,,,,,,
12102593,1,1,3,6,5,,,,,,,,
12102594,0,0,0,2,,,,,,,,,
12102595,0,0,0,1,,,,,,,,,
12102596,2,2,6,6,,,,,,,,,
12102597,2,2,4,6,10,,,,,,,,
12102598,,,,,,,,,,,,,
12102599,2,2,6,6,,,,,,,,,
12102600,,,,,,,,,,,,,
12102601,2,2,6,6,,,,,,,,,
12102602,0,0,4,4,,,,,,,,,
12102603,2,2,6,6,,,,,,,,,
12102604,1,1,6,3,10,,,,,,,,
12102605,2,2,6,6,,,,,,,,,
12102606,1,1,2,6,5,,,,,,,,
12102607,2,2,6,7,,,,,,,,,
12102608,2,2,6,6,,,,,,,,,
12102609,0,0,5,3,,,,,,,,,
12102610,0,0,3,1,,,,,,,,,
12102611,2,2,6,6,,,,,,,,,
12102612,,,,,,,,,,,,,
12102613,0,0,1,2,,,,,,,,,
12102614,2,2,7,6,,,,,,,,,
12102623,,,,,,,,,,,,,
12102642,1,1,6,3,2,,,,,,,,
12102646,1,1,7,3,7,,,,,,,,
12102674,2,2,6,5,6,,,,,,,,
12102676,0,0,1,6,,,,,1,,,,
12102726,0,0,4,3,,,,,,,,,
12102727,2,2,3,6,6,,,,,,,,
12102728,2,2,6,6,,,,,,,,,
12102796,2,2,5,7,6,,,,7,,,,
12102823,0,0,3,6,,,,,4,,,,
12103426,0,0,0,0,,,,,,,,,
12103427,1,1,7,4,6,,,,,,,,
12103428,0,0,6,3,,,,,,,,,
12103429,0,0,6,5,,,,,,,,,
12103430,0,0,2,0,,,,,,,,,
12103431,0,0,1,0,,,,,,,,,
12103432,1,1,6,1,9,,,,,,,,
12103433,2,2,6,6,,,,,,,,,
12103434,2,2,6,6,,,,,,,,,
12103435,0,0,1,1,,,,,,,,,
12103436,0,0,1,6,,,,,,,,,
12103437,0,0,3,1,,,,,,,,,
12103438,2,2,6,6,,,,,,,,,
12103439,0,0,2,2,,,,,,,,,
12103440,2,2,2,6,10,,,,,,,,
12103441,2,2,6,6,,,,,,,,,
12103442,2,2,2,7,10,,,,,,,,
12103443,0,0,1,1,,,,,,,,,
12103444,0,0,3,1,,,,,,,,,
12103445,2,2,6,6,,,,,,,,,
12103446,2,2,6,7,,,,,,,,,
12103447,2,2,6,6,,,,,,,,,
12103448,0,0,1,1,,,,,,,,,
12103449,2,2,6,6,,,,,,,,,
12103450,2,2,6,7,,,,,,,,,
12103451,1,1,2,6,7,,,,,,,,
12103452,2,2,6,6,,,,,,,,,
12103453,2,2,6,6,10,,,,,,,,
12103454,2,2,6,6,,,,,,,,,
12103455,2,2,6,7,,,,,,,,,
12103456,1,1,6,2,8,,,,,,,,
12103457,0,0,3,1,,,,,,,,,
12103459,1,1,7,4,3,,,,,,,,
12103460,2,2,6,3,10,,,,,,,,
12103461,2,2,2,6,10,,,,,,,,
12103462,1,1,6,3,4,,,,,,,,
12103463,0,0,1,0,,,,,,,,,
12103464,2,2,6,6,,,,,,,,,
12103465,2,2,7,7,,,,,,,,,
12103466,2,2,6,6,,,,,,,,,
12103467,2,2,6,6,,,,,,,,,
12103468,0,0,0,0,,,,,,,,,
12103469,0,0,4,5,,,,,,,,,
12103470,0,0,2,5,,,,,,,,,
12103471,2,2,6,6,,,,,,,,,
12103472,2,2,4,7,10,,,,,,,,
12103473,2,2,6,1,11,,,,,,,,
12103474,2,2,6,6,,,,,,,,,
12103504,1,1,7,2,8,,,,,,,,
12103505,2,2,6,6,,,,,,,,,
12103506,2,2,6,6,,,,,,,,,
12103507,1,1,4,6,2,,,,,,,,
12103509,1,1,4,7,1,,,,,,,,
12103754,1,1,6,2,4,,,,,,,,
12103755,1,1,6,3,2,,,,,,,,
12103948,1,1,6,2,,,,,,,,,
12103949,2,2,6,7,,,,,,,,,
12103950,2,2,6,6,,,,,,,,,
12103951,2,2,6,6,,,,,,,,,
12103952,2,2,7,5,10,,,7,,,,,
12103953,2,2,6,7,,,,,,,,,
12103955,0,0,5,2,,,,,,,,,
12103956,2,2,6,6,,,,,,,,,
12103959,2,2,6,7,,,,,8,,,,
12103961,2,2,7,7,,,,,7,,,,
12103967,2,2,3,6,7,,,,,7,,,
12103970,0,0,3,2,,,,,,,,,
12103971,2,2,6,6,6,,,,1,,,,
12103977,1,1,7,5,3,,,7,,,,,
12103978,2,2,6,4,10,,,,,,,,
12103979,0,0,2,3,,,,,,,,,
12103980,2,2,7,6,,,,7,,,,,
12103981,2,2,6,6,,,,,,,,,
12103983,2,2,6,7,,,,,7,,,,
12103984,2,2,6,6,,,,,,,,,
12103985,2,2,5,6,10,,,,,,,,
12103989,2,2,6,6,,,,,,,,,
12103990,2,2,6,6,,,,,,,,,
12103992,0,0,4,0,,,,,,,,,
12103995,0,0,1,4,,,,,,,,,
12103996,2,2,6,6,,,,,,,,,
12104096,2,2,6,6,10,,,,3,,,,
12104097,0,0,3,1,,,,,,,,,
12104098,0,0,3,4,,,,,,,,,
12104099,1,1,2,6,6,,,,,,,,
12104100,2,2,6,6,,,,,,,,,
12104101,2,2,6,6,,,,,,,,,
12104102,0,0,0,4,,,,,,,,,
12104103,1,1,2,6,3,,,,,,,,
12104104,2,2,6,1,10,,,,,,,,
12104108,0,0,2,4,,,,,,,,,
12104177,0,0,2,0,,,,,,,,,
12104178,1,1,6,3,4,,,,,,,,
12104179,0,0,3,1,,,,,,,,,
12104181,0,0,4,4,,,,,,,,,
12104182,1,1,6,6,7,,,,2,,,,
12104183,0,0,0,2,,,,,,,,,
12104185,0,0,4,1,,,,,,,,,
12104186,2,2,4,7,10,,,,7,,,,
12104187,0,0,5,1,,,,,,,,,
12104188,0,0,6,2,,,,5,,,,,
12104190,1,1,6,4,6,,,,,0,,,
12104191,2,2,7,6,,,,,,,,,
12104192,1,1,7,3,,,,,,,,,
12104193,0,0,2,,,,,,,,,,
12104195,2,2,6,6,,,,,,,,,
12104196,2,2,6,7,,,,,,,,,
12104199,1,1,6,5,2,,,,,,,,
12104200,2,2,7,2,10,,,,,,,,
12104201,0,0,1,3,,,,,,,,,
12104579,2,2,6,6,,,,,,,,,
12104580,2,2,6,2,10,,,,,,,,
12104581,1,1,6,3,9,,,,,,,,
12104582,0,0,4,1,,,,,,,,,
12104583,2,2,6,6,,,,,,,,,
12104584,2,2,6,6,,,,,,,,,
12104586,2,2,6,6,,,,,,,,,
12104587,2,2,4,6,6,,,,,,,,
12104588,0,0,2,1,,,,,,,,,
12104590,2,2,6,6,,,,,,,,,
12104611,2,2,7,6,,,,7,,,,,
12104612,2,2,6,6,10,,,,3,,,,
12104724,0,0,4,,,,,,,,,,
12104725,2,2,6,6,,,,,,,,,
12104726,0,0,0,,,,,,,,,,
12104727,1,1,7,4,,,,,,,,,
12104728,2,2,6,6,,,,,,,,,
12104729,0,0,3,,,,,,,,,,
12104730,,,,,,,,,,,,,
12104731,2,2,6,6,,,,,,,,,
12104732,,,,,,,,,,,,,
12104733,2,2,6,6,6,,,6,,,,,
12104734,0,0,5,1,,,,,,,,,
12104735,0,0,0,,,,,,,,,,
12104736,0,0,0,0,,,,,,,,,
12104737,2,2,6,6,6,,,6,,,,,
12104738,0,0,0,0,,,,,,,,,
12104739,0,0,1,,,,,,,,,,
12104797,2,2,7,6,,,,,,,,,
12104798,1,1,6,4,6,,,,,,,,
12104799,1,1,3,6,7,,,,,,,,
12104800,2,2,6,6,,,,,,,,,
12104801,2,2,6,6,,,,,,,,,
12104802,2,2,7,6,,,,,,,,,
12104803,2,2,6,6,,,,,,,,,
12104804,2,2,6,6,,,,,,,,,
12104805,0,0,3,2,,,,,,,,,
12104806,1,1,6,1,10,,,,,,,,
12104807,2,2,6,6,,,,,,,,,
12104808,0,0,2,2,,,,,,,,,
12104809,2,2,6,7,,,,,7,,,,
12104810,2,2,6,6,,,,,,,,,
12104842,2,2,6,4,10,,,,,,,,
12104843,2,2,6,6,,,,,,,,,
12104848,1,1,1,7,2,,,,7,,,,
12104849,2,2,6,6,,,,,,,,,
12104908,2,2,6,6,,,,,,,,,
12104909,,,,,,,,,,,,,
12104911,2,2,6,6,7,,,,5,7,,,
12104912,,,,,,,,,,,,,
12104913,,,,,,,,,,,,,
12104942,,,,,,,,,,,,,
12104943,,,,,,,,,,,,,
12104946,,,,,,,,,,,,,
12104947,1,1,5,6,5,,,,,,,,
12104948,,,,,,,,,,,,,
12104949,,,,,,,,,,,,,
12104952,,,,,,,,,,,,,
12104953,,,,,,,,,,,,,
12104955,,,,,,,,,,,,,
12104963,,,,,,,,,,,,,
12104964,,,,,,,,,,,,,
12104965,1,1,6,1,,,,,,,,,
12104966,0,0,6,,,,,,,,,,
12104967,0,0,6,,,,,,,,,,
12104980,2,2,6,2,10,,,,,,,,
12104981,0,0,4,4,,,,,,,,,
12104982,0,0,1,4,,,,,,,,,
12104983,0,0,3,2,,,,,,,,,
12104985,2,2,6,6,,,,,,,,,
12104986,2,2,6,6,10,,,5,,,,,
12104995,2,2,6,6,,,,,,,,,
12105003,0,0,4,4,,,,,,,,,
12105004,2,2,7,2,10,,,,,,,,
12105039,0,0,2,2,,,,,,,,,
12105040,0,0,4,4,,,,,,,,,
12105041,2,2,6,6,,,,,,,,,
12105042,2,2,6,6,,,,,,,,,
12105043,2,2,6,6,,,,,,,,,
12105044,1,1,6,4,,,,,,,,,
12105045,2,2,6,6,,,,,,,,,
12105050,0,0,4,4,,,,,,,,,
12105058,,,,,,,,,,,,,
12105064,2,2,6,6,,,,,,,,,
12105065,,,,,,,,,,,,,
12105066,,,,,,,,,,,,,
12105067,,,,,,,,,,,,,
12105068,0,0,1,2,,,,,,,,,
12105073,,,,,,,,,,,,,
12105074,1,1,6,1,,,,,,,,,
12105075,,,,,,,,,,,,,
12105077,,,,,,,,,,,,,
12105079,,,,,,,,,,,,,
12105171,0,0,3,0,,,,,,,,,
12105172,2,2,7,6,,,,,,,,,
12105173,1,1,6,4,8,,,,,,,,
12105179,0,0,2,6,,,,,5,,,,
12105180,0,0,1,1,,,,,,,,,
12105183,0,0,2,1,,,,,,,,,
12105186,2,2,6,6,,,,,,,,,
12105187,2,2,6,6,,,,,,,,,
12105190,0,0,6,0,,,,2,,,,,
12105191,,,,,,,,,,,,,
12105192,0,0,4,3,,,,,,,,,
12105193,,,,,,,,,,,,,
12105194,1,1,6,4,7,,,,,,,,
12105196,1,1,0,6,7,,,,,,,,
12105198,1,1,1,7,0,,,,7,,,,
12105199,2,2,6,4,11,,,,,,,,
12105200,0,0,1,0,,,,,,,,,
12105201,0,0,2,6,,,,,,,,,
12105204,,,,,,,,,,,,,
12105205,2,2,6,6,,,,,,,,,
12105206,,,,,,,,,,,,,
12105207,,,,,,,,,,,,,
12105217,,,,,,,,,,,,,
12105218,,,,,,,,,,,,,
12105219,2,2,6,6,,,,,,,,,
12105220,0,0,2,,,,,,,,,,
12105221,0,0,1,2,,,,,,,,,
12105222,2,2,6,5,6,,,,,,,,
12105223,2,2,7,6,,,,7,,,,,
12105224,0,0,0,6,,,,,,,,,
12105253,0,0,4,2,,,,,,,,,
12105268,0,0,6,3,,,,0,,,,,
12105270,,,,,,,,,,,,,
12105271,,,,,,,,,,,,,
12105272,,,,,,,,,,,,,
12105276,1,1,7,2,,,,,,,,,
12105277,,,,,,,,,,,,,
12105278,1,1,7,0,,,,,,,,,
12105279,,,,,,,,,,,,,
12105386,,,,,,,,,,,,,
12105387,1,1,6,4,4,,,,,,,,
12105388,0,0,3,1,,,,,,,,,
12105389,,,,,,,,,,,,,
12105390,,,,,,,,,,,,,
12105394,0,0,4,2,,,,,,,,,
12105395,1,1,6,6,,,,,,,,,
12105399,0,0,4,,,,,,,,,,
12105402,,,,,,,,,,,,,
12105405,,,,,,,,,,,,,
12105407,,,,,,,,,,,,,
12105462,,,,,,,,,,,,,
12105463,,,,,,,,,,,,,
12105464,,,,,,,,,,,,,
12105465,0,0,5,1,,,,,,,,,
12105468,2,2,7,6,,,,,,,,,
12105469,,,,,,,,,,,,,
12105613,,,,,,,,,,,,,
12105614,,,,,,,,,,,,,
12105615,,,,,,,,,,,,,
12105853,,,,,,,,,,,,,
12105854,,,,,,,,,,,,,
12106045,0,0,4,,,,,,,,,,
12106046,0,0,2,,,,,,,,,,
12106047,0,0,4,,,,,,,,,,
12106048,0,0,3,,,,,,,,,,
12106049,,,,,,,,,,,,,
12106050,,,,,,,,,,,,,
12106051,,,,,,,,,,,,,
12106052,,,,,,,,,,,,,
12106053,0,0,1,,,,,,,,,,
12106059,0,0,2,,,,,,,,,,
12106070,0,0,3,,,,,,,,,,
12106072,0,0,1,,,,,,,,,,
12106077,,,,,,,,,,,,,
12106105,,,,,,,,,,,,,
12106158,,,,,,,,,,,,,
12106159,,,,,,,,,,,,,
12106160,,,,,,,,,,,,,
12106347,,,,,,,,,,,,,
12106348,,,,,,,,,,,,,
12107071,2,2,6,6,,,,,,,,,
12107255,,,,,,,,,,,,,
12107256,2,2,6,6,,,,,,,,,
12107257,0,0,2,4,,,,,,,,,
12107258,2,2,6,6,,,,,,,,,
12107259,2,2,6,6,,,,,,,,,
12107350,,,,,,,,,,,,,
12107351,0,0,2,,,,,,,,,,
12107352,,,,,,,,,,,,,
12107353,,,,,,,,,,,,,
12107354,,,,,,,,,,,,,
12107355,,,,,,,,,,,,,
12107365,,,,,,,,,,,,,
12107366,2,2,6,6,,,,,,,,,
12107367,,,,,,,,,,,,,
12107560,,,,,,,,,,,,,
12100242,2,2,6,6,,,,,,,,,
12100229,1,1,6,5,6,,,,,5,,,
12100244,2,2,4,6,6,,,,,,,,
12100223,,,,,,,,,,,,,
12100238,1,1,7,4,6,,,9,,4,,,
12103754,1,1,6,2,4,,,,,,,,
12100240,2,2,6,6,,,,,,,,,
12100227,2,2,6,4,6,,,,,,,,
12103755,1,1,6,3,2,,,,,,,,
12103757,1,1,4,6,0,,,,,,,,
12100236,0,0,3,4,,,,,,,,,
12100225,2,2,4,6,6,,,,,,,,
12103760,0,0,2,3,,,,,,,,,
12100234,2,2,6,6,6,,,,5,,,,
12103759,2,2,6,5,6,,,,,,,,
12100246,1,1,3,6,3,,,,,,,,
12100231,0,0,2,2,,,,,,,,,
12098334,1,1,6,6,3,,,,5,,,,
12102031,2,2,2,6,7,,,,,7,,,
12098340,1,1,7,2,4,,,7,,,,,
12098336,1,1,7,2,,,,,,,,,
12098333,2,2,7,6,7,,,7,4,8,,,
12102033,2,2,6,3,7,,,,,,,,
12098331,1,1,3,6,1,,,,,,,,
12098335,1,1,6,3,3,,,,,,,,
12102035,0,0,4,6,,,,,2,,,,
12098337,,,,,,,,,,,,,
12105058,0,0,2,3,,,,,,,,,
12102032,0,0,2,4,,,,,,,,,
12098330,2,2,4,6,7,,,,,9,,,
12098326,2,2,6,7,,,,,,,,,
12098328,1,1,4,7,1,,,,,,,,
12087887,,,,,,,,,,,,,
12087896,,,,,,,,,,,,,
12087897,,,,,,,,,,,,,
12087894,,,,,,,,,,,,,
12087899,,,,,,,,,,,,,
12100257,0,0,4,1,,,,,,,,,
12102676,0,0,1,6,,,,,1,,,,
12100260,2,2,5,6,7,,,,,7,,,
12102674,2,2,6,5,6,,,,,,,,
12102677,2,2,3,6,7,,,,,,,,
12100261,,,,,,,,,,,,,
12100255,2,2,6,6,,,,,,,,,
12100251,,,,,,,,,,,,,
12102675,2,2,6,6,,,,,,,,,
12100253,2,2,6,6,,,,,,,,,
12100263,2,2,7,7,,,,,,,,,
12105227,1,1,2,6,1,,,,,,,,
12100262,0,0,6,5,,,,3,,,,,
12105229,1,1,6,7,6,,,4,8,5,,,
12099492,0,0,3,1,,,,,,,,,
12103506,2,2,6,6,,,,,,,,,
12103505,2,2,6,6,,,,,,,,,
12103509,1,1,4,7,1,,,,,,,,
12099494,1,1,2,6,1,,,,,,,,
12103507,1,1,4,6,2,,,,,,,,
12099490,1,1,4,7,1,,,,,,,,
12103508,0,0,3,1,,,,,,,,,
12099491,1,1,7,0,,,,9,,,,,
12100832,2,2,6,4,6,,,,,,,,
12099489,2,2,7,6,,,,,,,,,
12099493,1,1,6,4,1,,,,,,,,
12101103,2,2,3,6,6,,,,,,,,
12102823,0,0,3,6,,,,,4,,,,
12101101,2,2,7,6,,,,7,,,,,
12101108,2,2,6,6,,,,,,,,,
12101102,2,2,6,6,,,,,,,,,
12101107,2,2,6,6,7,,,,4,7,,,
12101105,2,2,6,6,6,,,2,,,,,
12101109,2,2,3,6,6,,,,,,,,
12103384,0,0,4,0,,,,,,,,,
12101104,0,0,5,4,,,,,,,,,
12103367,2,2,6,6,,,,,,,,,
12101106,2,2,6,7,,,,,8,,,,
12103386,0,0,2,4,,,,,,,,,
12101096,2,2,6,6,,,,,,,,,
12101100,1,1,2,6,5,,,,,,,,
12103363,2,2,7,6,,,,,,,,,
12099908,1,1,7,3,6,,,,,3,,,
12099897,0,0,1,6,,,,,7,,,,
12099907,2,2,7,7,,,,7,,,,,
12099898,0,0,2,1,,,,,,,,,
12099901,2,2,7,6,,,,11,,,,,
12099903,0,0,3,2,,,,,,,,,
12099896,2,2,6,7,,,,,7,,,,
12099900,2,2,6,6,,,,,,,,,
12099899,1,1,6,4,6,,,,,3,,,
12107351,0,0,4,4,,,,,,,,,
12107352,0,0,0,6,,,,,0,,,,
12099905,2,2,6,6,,,,,,,,,
12107353,1,1,1,7,2,,,,,,,,
12107355,0,0,4,2,,,,,,,,,
12107350,1,1,6,6,3,,,,2,,,,
12107354,2,2,6,6,,,,,,,,,
12088093,,,,,,,,,,,,,
12088098,,,,,,,,,,,,,
12088088,,,,,,,,,,,,,
12088097,,,,,,,,,,,,,
12088089,,,,,,,,,,,,,
12088096,,,,,,,,,,,,,
12088099,,,,,,,,,,,,,
12088087,,,,,,,,,,,,,
12099616,2,2,6,6,6,,,,5,,,,
12099617,2,2,6,6,,,,,,,,,
12099614,0,0,3,3,,,,,,,,,
12099611,2,2,6,7,,,,,7,,,,
12099622,,,,,,,,,,,,,
12099619,2,2,6,1,6,,,,,,,,
12099621,2,2,6,6,,,,,,,,,
12105204,1,1,7,6,3,,,7,8,,,,
12105217,0,0,6,2,,,,2,,,,,
12105207,1,1,6,4,5,,,,,,,,
12105218,2,2,6,6,,,,,,,,,
12105206,0,0,6,5,,,,9,,,,,
12099618,2,2,4,7,7,,,,,7,,,
12099610,0,0,6,3,,,,4,,,,,
12088024,,,,,,,,,,,,,
12088028,,,,,,,,,,,,,
12088023,,,,,,,,,,,,,
12088029,,,,,,,,,,,,,
12099609,,,,,,,,,,,,,
12099027,2,2,6,4,7,,,,,,,,
12099030,2,2,6,6,6,,,6,,,,,
12099026,0,0,3,2,,,,,,,,,
12099024,1,1,3,7,6,,,,7,7,,,
12104911,2,2,6,6,7,,,,5,7,,,
12104908,2,2,6,6,,,,,,,,,
12099021,1,1,2,6,2,,,,,,,,
12099023,2,2,6,7,6,,,2,,,,,
12104913,1,1,3,6,3,,,,,,,,
12099022,0,0,3,4,,,,,,,,,
12104909,0,0,4,2,,,,,,,,,
12104912,2,2,6,6,,,,,,,,,
12099020,0,0,4,0,,,,,,,,,
12088047,2,2,7,6,,,,7,,,,,
12088042,2,2,6,7,,,,,,,,,
12088045,,,,,,,,,,,,,
12088043,,,,,,,,,,,,,
12100226,2,2,6,7,,,,,7,,,,
12100239,0,0,6,0,,,,6,,,,,
12100233,0,0,6,6,,,,5,5,,,,
12100230,0,0,2,3,,,,,,,,,
12104967,2,2,7,6,,,,,,,,,
12104966,1,1,7,4,6,,,7,,7,,,
12104965,2,2,6,2,6,,,,,,,,
12100235,2,2,7,6,,,,,,,,,
12104963,1,1,6,1,,,,,,,,,
12100228,2,2,6,6,,,,,,,,,
12100245,2,2,6,6,,,,,,,,,
12104964,2,2,6,7,,,,,,,,,
12100243,2,2,6,4,6,,,,,,,,
12100237,0,0,3,2,,,,,,,,,
12104960,1,1,6,2,3,,,,,,,,
12104962,0,0,6,3,,,,3,,,,,
12088075,,,,,,,,,,,,,
12088070,,,,,,,,,,,,,
12088065,,,,,,,,,,,,,
12088074,,,,,,,,,,,,,
12097937,,,,,,,,,,,,,
12097936,2,2,7,6,,,,,,,,,
12097935,2,2,6,6,,,,,,,,,
12097939,1,1,6,7,6,,,3,,,,,
12097940,,,,,,,,,,,,,
12110081,0,0,6,,,,,,,,,,
12106837,,,,,,,,,,,,,
12097938,,,,,,,,,,,,,
12097941,,,,,,,,,,,,,
12097934,,,,,,,,,,,,,
12101941,1,1,4,7,4,,,,7,,,,
12102208,2,2,6,3,6,,,,,,,,
12102205,2,2,6,7,,,,,9,,,,
12102333,2,2,6,7,,,,,,,,,
12102520,0,0,3,4,,,,,,,,,
12102796,2,2,5,7,6,,,,7,,,,
12102335,0,0,4,,,,,,,,,,
12106323,1,1,6,4,,,,,,,,,
12106274,0,0,2,3,,,,,,,,,
12106270,1,1,4,6,1,,,,,,,,
12108731,,,,,,,,,,,,,
12106286,,,,,,,,,,,,,
12106272,0,0,0,,,,,,,,,,
12106324,,,,,,,,,,,,,
12106273,,,,,,,,,,,,,
12108727,,,,,,,,,,,,,
12108733,,,,,,,,,,,,,
12106275,,,,,,,,,,,,,
12106269,,,,,,,,,,,,,
12108722,,,,,,,,,,,,,
12108730,,,,,,,,,,,,,
12106276,,,,,,,,,,,,,
12108728,,,,,,,,,,,,,
12105278,2,2,7,6,,,,,,,,,
12105276,2,2,7,6,,,,,,,,,
12105268,2,2,6,6,6,,,0,,,,,
12105271,2,2,0,6,6,,,,,,,,
12105272,0,0,2,2,,,,,,,,,
12105277,2,2,6,6,,,,,,,,,
12105270,2,2,6,7,,,,,,,,,
12105279,2,2,6,6,,,,,,,,,
12106741,,,,,,,,,,,,,
12106749,,,,,,,,,,,,,
12106751,,,,,,,,,,,,,
12108695,,,,,,,,,,,,,
12106750,,,,,,,,,,,,,
12106748,,,,,,,,,,,,,
12106747,,,,,,,,,,,,,
12106745,,,,,,,,,,,,,
12106742,,,,,,,,,,,,,
12104947,2,2,5,6,6,,,,,,,,
12108534,1,1,6,5,,,,,,,,,
12106307,1,1,7,2,,,,7,,,,,
12108547,0,0,4,0,,,,,,,,,
12108544,0,0,1,3,,,,,,,,,
12108535,2,2,6,6,,,,,,,,,
12108545,,,,,,,,,,,,,
12108543,0,0,1,,,,,,,,,,
12106297,,,,,,,,,,,,,
12106289,,,,,,,,,,,,,
12106330,,,,,,,,,,,,,
12108546,,,,,,,,,,,,,
12106295,,,,,,,,,,,,,
12106293,,,,,,,,,,,,,
12106298,,,,,,,,,,,,,
12106296,,,,,,,,,,,,,
12105387,1,1,6,4,4,,,,,,,,
12105394,0,0,4,2,,,,,,,,,
12105395,2,2,6,7,,,,,7,,,,
12105388,0,0,3,1,,,,,,,,,
12105399,2,2,4,6,6,,,,,,,,
12105407,1,1,6,3,6,,,,,5,,,
12105389,0,0,4,2,,,,,,,,,
12105386,2,2,6,6,,,,,,,,,
12105390,2,2,5,7,6,,,,,,,,
12105402,2,2,4,6,6,,,,,,,,
12105405,0,0,1,5,,,,,,,,,
12105398,0,0,2,2,,,,,,,,,
12105403,2,2,6,6,,,,,,,,,
12105397,1,1,3,6,3,,,,,,,,
12105391,1,1,3,7,2,,,,,,,,
12105396,2,2,7,6,,,,,,,,,
12108301,,,,,,,,,,,,,
12107768,,,,,,,,,,,,,
12108805,,,,,,,,,,,,,
12108875,,,,,,,,,,,,,
12108776,,,,,,,,,,,,,
12109048,,,,,,,,,,,,,
12105179,0,0,2,6,,,,,5,,,,
12105187,2,2,6,6,,,,,,,,,
12105201,0,0,2,6,,,,,2,,,,
12105183,0,0,2,2,,,,,,,,,
12105191,2,2,6,6,,,,,,,,,
12106253,,,,,,,,,,,,,
12106252,,,,,,,,,,,,,
12106251,,,,,,,,,,,,,
12106245,,,,,,,,,,,,,
12106262,,,,,,,,,,,,,
12106259,,,,,,,,,,,,,
12106242,,,,,,,,,,,,,
12106264,,,,,,,,,,,,,
12106261,,,,,,,,,,,,,
12106267,,,,,,,,,,,,,
12106260,,,,,,,,,,,,,
12104179,0,0,3,1,,,,,,,,,
12104195,2,2,6,6,,,,,,,,,
12104201,0,0,1,3,,,,,,,,,
12104192,1,1,7,3,,,,,,,,,
12104185,0,0,4,1,,,,,,,,,
12104196,2,2,6,7,,,,,,,,,
12104181,0,0,4,4,,,,,,,,,
12104190,1,1,6,4,6,,,,,0,,,
12106300,2,2,6,7,,,,,,,,,
12106301,2,2,6,6,,,,,,,,,
12106303,1,1,6,6,3,,,3,,,,,
12106309,,,,,,,,,,,,,
12106306,2,2,6,7,,,,,,,,,
12106304,0,0,3,1,,,,,,,,,
12106302,2,2,6,6,,,,,,,,,
12107260,0,0,2,4,,,,,,,,,
12106277,0,0,6,0,,,,5,,,,,
12107750,0,0,4,,,,,,,,,,
12107747,0,0,3,,,,,,,,,,
12107757,0,0,1,,,,,,,,,,
12107743,0,0,3,,,,,,,,,,
12107755,,,,,,,,,,,,,
12107744,,,,,,,,,,,,,
12107756,,,,,,,,,,,,,
12107745,,,,,,,,,,,,,
12107749,,,,,,,,,,,,,
12107753,,,,,,,,,,,,,
12107754,,,,,,,,,,,,,
12107752,,,,,,,,,,,,,
12107742,,,,,,,,,,,,,
12107746,,,,,,,,,,,,,
12107748,,,,,,,,,,,,,
12107758,,,,,,,,,,,,,
12103959,2,2,6,7,,,,,8,,,,
12103983,2,2,6,7,,,,,7,,,,
12103971,2,2,6,6,6,,,,1,,,,
12103992,0,0,4,0,,,,,,,,,
12103995,0,0,1,4,,,,,,,,,
12103967,2,2,3,6,7,,,,,7,,,
12106796,2,2,6,6,,,,,,,,,
12106800,0,0,3,3,,,,,,,,,
12103958,2,2,6,6,,,,,,,,,
12106797,1,1,5,6,2,,,,,,,,
12103991,0,0,1,2,,,,,,,,,
12106798,0,0,1,2,,,,,,,,,
12106795,2,2,2,6,7,,,,,7,,,
12103973,0,0,5,3,,,,,,,,,
12106794,0,0,0,2,,,,,,,,,
12106799,2,2,6,6,,,,,,,,,
12106068,2,2,6,6,,,,,,,,,
12106058,0,0,3,1,,,,,,,,,
12106081,1,1,3,7,5,,,,7,,,,
12106071,2,2,7,4,6,,,,,,,,
12106057,0,0,3,3,,,,,,,,,
12106353,,,,,,,,,,,,,
12109043,,,,,,,,,,,,,
12109042,,,,,,,,,,,,,
12109036,,,,,,,,,,,,,
12109038,,,,,,,,,,,,,
12099504,2,2,6,6,,,,,,,,,
12105074,2,2,6,1,6,,,,,,,,
12105068,0,0,1,3,,,,,,,,,
12105077,2,2,6,6,,,,,,,,,
12105067,0,0,5,0,,,,,,,,,
12106759,,,,,,,,,,,,,
12108426,,,,,,,,,,,,,
12108431,,,,,,,,,,,,,
12108434,,,,,,,,,,,,,
12108421,,,,,,,,,,,,,
12108424,,,,,,,,,,,,,
12108420,,,,,,,,,,,,,
12106761,,,,,,,,,,,,,
12106766,,,,,,,,,,,,,
12106768,,,,,,,,,,,,,
12108425,,,,,,,,,,,,,
12106764,,,,,,,,,,,,,
12106729,2,2,7,6,,,,,,,,,
12108721,0,0,1,0,,,,,,,,,
12106725,1,1,3,6,2,,,,,,,,
12106726,2,2,6,6,,,,,,,,,
12106728,1,1,4,7,0,,,,7,,,,
12108723,0,0,0,,,,,,,,,,
12108725,0,0,1,,,,,,,,,,
12106730,1,1,6,0,,,,,,,,,
12108724,,,,,,,,,,,,,
12106724,,,,,,,,,,,,,
12108726,,,,,,,,,,,,,
12108729,,,,,,,,,,,,,
12108732,,,,,,,,,,,,,
12106732,,,,,,,,,,,,,
12106727,,,,,,,,,,,,,
12106731,,,,,,,,,,,,,
12104587,2,2,4,6,6,,,,,,,,
12104588,0,0,2,1,,,,,,,,,
12104583,2,2,6,6,,,,,,,,,
12104590,2,2,6,6,,,,,,,,,
12107548,2,2,6,6,,,,,,,,,
12106334,2,2,6,6,,,,,,,,,
12107547,0,0,6,4,,,,5,,,,,
12107546,0,0,0,2,,,,,,,,,
12106333,0,0,1,6,,,,,4,,,,
12107545,0,0,3,0,,,,,,,,,
12107544,2,2,7,6,,,,,,,,,
12107550,0,0,1,2,,,,,,,,,
12107549,2,2,6,2,6,,,,,,,,
12106331,1,1,7,4,,,,,,,,,
12106332,0,0,4,1,,,,,,,,,
12107543,1,1,7,3,,,,,,,,,
12104811,2,2,6,6,,,,,,,,,
12104812,2,2,6,6,,,,,,,,,
12106760,0,0,5,,,,,,,,,,
12106762,0,0,3,0,,,,,,,,,
12106763,0,0,5,,,,,,,,,,
12106758,0,0,5,,,,,,,,,,
12107730,0,0,4,3,,,,,,,,,
12107726,,,,,,,,,,,,,
12107725,,,,,,,,,,,,,
12106765,,,,,,,,,,,,,
12107729,,,,,,,,,,,,,
12107724,,,,,,,,,,,,,
12107727,,,,,,,,,,,,,
12106769,,,,,,,,,,,,,
12104108,0,0,2,4,,,,,,,,,
12104102,0,0,0,4,,,,,,,,,
12106311,1,1,6,5,3,,,,,,,,
12106314,0,0,6,1,,,,7,,,,,
12106834,2,2,6,6,,,,,,,,,
12106319,1,1,7,2,,,,,,,,,
12106830,0,0,1,2,,,,,,,,,
12106322,2,2,6,4,6,,,,,,,,
12106320,,,,,,,,,,,,,
12106835,0,0,4,4,,,,,,,,,
12109820,2,2,6,6,,,,,,,,,
12106833,0,0,2,1,,,,,,,,,
12106831,1,1,7,3,3,,,7,,,,,
12106318,2,2,6,4,6,,,,,,,,
12106836,0,0,0,5,,,,,,,,,
12106317,2,2,6,6,,,,,,,,,
12106832,0,0,0,1,,,,,,,,,
12105468,2,2,7,6,,,,,,,,,
12105465,0,0,5,1,,,,,,,,,
12105462,0,0,4,1,,,,,,,,,
12105469,0,0,3,3,,,,,,,,,
12105463,2,2,6,4,6,,,,,,,,
12105464,1,1,6,6,4,,,5,,,,,
12105466,2,2,6,7,,,,,7,,,,
12105467,2,2,6,6,,,,,,,,,
12109019,,,,,,,,,,,,,
12108777,,,,,,,,,,,,,
12106282,,,,,,,,,,,,,
12106279,,,,,,,,,,,,,
12106292,,,,,,,,,,,,,
12106284,,,,,,,,,,,,,
12105246,2,2,6,5,7,,,,,,,,
12105245,2,2,6,7,,,,,,,,,
12105249,1,1,3,6,2,,,,,,,,
12105244,0,0,3,4,,,,,,,,,
12108978,,,,,,,,,,,,,
12106339,,,,,,,,,,,,,
12108983,,,,,,,,,,,,,
12108982,,,,,,,,,,,,,
12108984,,,,,,,,,,,,,
12106338,,,,,,,,,,,,,
12108980,,,,,,,,,,,,,
12108979,,,,,,,,,,,,,
12108981,,,,,,,,,,,,,
12106341,,,,,,,,,,,,,
12106342,,,,,,,,,,,,,
12106340,,,,,,,,,,,,,
12105198,1,1,1,7,0,,,,7,,,,
12105192,0,0,4,3,,,,,,,,,
12105200,0,0,1,0,,,,,,,,,
12105180,0,0,1,3,,,,,,,,,
12105193,2,2,6,6,,,,,,,,,
12108496,0,0,0,,,,,,,,,,
12108497,,,,,,,,,,,,,
12106294,0,0,1,,,,,,,,,,
12108491,0,0,0,,,,,,,,,,
12108495,0,0,0,,,,,,,,,,
12108499,,,,,,,,,,,,,
12106283,0,0,0,,,,,,,,,,
12106285,,,,,,,,,,,,,
12108493,,,,,,,,,,,,,
12108492,,,,,,,,,,,,,
12108494,,,,,,,,,,,,,
12104193,0,0,2,,,,,,,,,,
12104178,1,1,6,3,4,,,,,,,,
12104188,0,0,6,2,,,,5,,,,,
12104199,1,1,6,5,2,,,,,,,,
12104183,0,0,0,2,,,,,,,,,
12104177,0,0,2,0,,,,,,,,,
12104191,2,2,7,6,,,,,,,,,
12106369,2,2,6,6,,,,,,,,,
12106366,1,1,7,4,1,,,8,,,,,
12106367,0,0,4,2,,,,,,,,,
12106370,2,2,6,6,,,,,,,,,
12106368,1,1,2,6,2,,,,,,,,
12106371,2,2,0,6,6,,,,,,,,
12106373,1,1,6,2,2,,,,,,,,
12106374,0,0,4,2,,,,,,,,,
12106372,2,2,6,3,6,,,,,,,,
12104737,2,2,6,6,6,,,6,,,,,
12104730,,,,,,,,,,,,,
12107071,2,2,6,6,,,,,,,,,
12104738,0,0,0,0,,,,,,,,,
12104733,2,2,6,6,6,,,6,,,,,
12104731,2,2,6,6,,,,,,,,,
12104734,0,0,5,1,,,,,,,,,
12104725,2,2,6,6,,,,,,,,,
12104736,0,0,0,0,,,,,,,,,
12104728,2,2,6,6,,,,,,,,,
12104727,2,2,7,6,,,,,,,,,
12104724,2,2,5,6,6,,,,,,,,
12104729,2,2,6,6,,,,,,,,,
12104735,0,0,1,1,,,,,,,,,
12104739,0,0,2,2,,,,,,,,,
12104726,0,0,2,3,,,,,,,,,
12104732,0,0,2,2,,,,,,,,,
12107838,0,0,1,5,,,,,,,,,
12107959,0,0,5,,,,,,,,,,
12107527,1,1,6,1,,,,,,,,,
12107943,,,,,,,,,,,,,
12107717,,,,,,,,,,,,,
12107981,,,,,,,,,,,,,
12108144,,,,,,,,,,,,,
12107982,,,,,,,,,,,,,
12108468,2,2,6,6,,,,,,,,,
12108462,2,2,6,6,,,,,,,,,
12108467,0,0,1,1,,,,,,,,,
12108455,0,0,5,3,,,,,,,,,
12108464,0,0,3,,,,,,,,,,
12108469,0,0,5,,,,,,,,,,
12108461,0,0,3,,,,,,,,,,
12108454,,,,,,,,,,,,,
12108458,,,,,,,,,,,,,
12108457,,,,,,,,,,,,,
12108473,,,,,,,,,,,,,
12108456,,,,,,,,,,,,,
12108459,,,,,,,,,,,,,
12108465,,,,,,,,,,,,,
12108466,,,,,,,,,,,,,
12108463,,,,,,,,,,,,,
12106032,0,0,3,1,,,,,,,,,
12106033,2,2,6,6,,,,,,,,,
12106030,0,0,6,4,,,,9,,,,,
12103961,2,2,7,7,,,,,7,,,,
12103970,0,0,3,2,,,,,,,,,
12103979,0,0,2,3,,,,,,,,,
12103955,0,0,5,2,,,,,,,,,
12103993,2,2,6,6,,,,,,,,,
12106362,2,2,4,6,6,,,,,,,,
12106359,0,0,3,6,,,,,8,,,,
12106363,0,0,0,1,,,,,,,,,
12103974,2,2,6,5,6,,,,,,,,
12106364,1,1,6,2,2,,,,,,,,
12103957,2,2,6,6,,,,,,,,,
12106361,0,0,4,4,,,,,,,,,
12106360,0,0,3,3,,,,,,,,,
12103988,2,2,7,6,,,,,,,,,
12106358,0,0,4,2,,,,,,,,,
12103954,2,2,2,6,6,,,,,,,,
12105208,2,2,0,6,6,,,,,,,,
12105210,0,0,2,3,,,,,,,,,
12105209,1,1,6,4,,,,,,,,,
12105213,1,1,2,6,4,,,,,,,,
12108422,0,0,5,,,,,,,,,,
12108429,0,0,1,,,,,,,,,,
12108432,0,0,1,,,,,,,,,,
12108433,,,,,,,,,,,,,
12108436,,,,,,,,,,,,,
12106786,,,,,,,,,,,,,
12106785,,,,,,,,,,,,,
12106787,,,,,,,,,,,,,
12108423,,,,,,,,,,,,,
12106789,,,,,,,,,,,,,
12108430,,,,,,,,,,,,,
12108427,,,,,,,,,,,,,
12106066,0,0,6,2,,,,4,,,,,
12106065,1,1,4,6,4,,,,,,,,
12106063,0,0,4,1,,,,,,,,,
12106054,1,1,4,7,2,,,,7,,,,
12106056,2,2,6,4,6,,,,,,,,
12106062,2,2,6,6,,,,,,,,,
12106073,0,0,4,4,,,,,,,,,
12109027,,,,,,,,,,,,,
12109032,,,,,,,,,,,,,
12109029,,,,,,,,,,,,,
12109028,,,,,,,,,,,,,
12109030,,,,,,,,,,,,,
12109031,,,,,,,,,,,,,
12109037,,,,,,,,,,,,,
12109034,,,,,,,,,,,,,
12109033,,,,,,,,,,,,,
12104200,2,2,7,2,10,,,,,,,,
12104182,1,1,6,6,7,,,,2,,,,
12104187,0,0,5,1,,,,,,,,,
12104186,2,2,4,7,10,,,,7,,,,
12107406,,,,,,,,,,,,,
12106315,2,2,6,1,10,,,,,,,,
12106313,2,2,6,6,,,,,,,,,
12106310,0,0,4,1,,,,,,,,,
12106312,1,1,7,2,,,,,,,,,
12102047,2,2,6,6,,,,,,,,,
12102059,0,0,2,2,,,,,,,,,
12102073,0,0,0,3,,,,,,,,,
12102050,2,2,6,4,10,,,,,,,,
12102065,1,1,4,6,6,,,,,,,,
12102067,2,2,7,6,,,,,,,,,
12102051,1,1,6,5,5,,,,,,,,
12102078,2,2,7,6,,,,,,,,,
12102058,2,2,6,6,,,,,,,,,
12102066,0,0,2,3,,,,,,,,,
12102074,2,2,6,6,,,,,,,,,
12102075,2,2,6,6,,,,,,,,,
12102069,1,1,7,4,4,,,,,,,,
12102071,2,2,6,6,,,,,,,,,
12102056,0,0,2,2,,,,,,,,,
12102063,0,0,2,1,,,,,,,,,
12107687,0,0,4,4,,,,,,,,,
12107367,2,2,6,6,,,,,,,,,
12107257,0,0,2,4,,,,,,,,,
12107255,2,2,6,6,,,,,,,,,
12107365,2,2,6,7,,,,,,,,,
12107686,0,0,2,1,,,,,,,,,
12107560,0,0,2,3,,,,,,,,,
12107684,2,2,6,6,,,,,,,,,
12102519,2,2,6,6,,,,,,,,,
12102514,2,2,6,6,,,,,,,,,
12104848,1,1,1,7,2,,,,7,,,,
12104849,2,2,6,6,,,,,,,,,
12105064,2,2,6,6,,,,,,,,,
12104955,2,2,6,6,,,,,,,,,
12104952,2,2,6,6,,,,,,,,,
12104953,2,2,6,6,,,,,,,,,
12104943,2,2,6,6,,,,,,,,,
12104949,2,2,4,7,10,,,,,,,,
12104946,2,2,6,6,,,,,,,,,
12104942,1,1,4,6,7,,,,,,,,
12104948,2,2,6,6,,,,,,,,,
12102301,1,1,7,3,8,,,9,,,,,
12102300,2,2,4,6,10,,,,,,,,
12102298,2,2,6,6,,,,,,,,,
12102297,2,2,6,6,,,,,,,,,
12104799,1,1,3,6,7,,,,,,,,
12104801,2,2,6,6,,,,,,,,,
12104802,2,2,7,6,,,,,,,,,
12104798,1,1,6,4,6,,,,,,,,
12104797,2,2,7,6,,,,,,,,,
12104843,2,2,6,6,,,,,,,,,
12104800,2,2,6,6,,,,,,,,,
12104842,2,2,6,4,10,,,,,,,,
12102623,,,,,,,,,,,,,
12102496,0,0,4,3,,,,,,,,,
12102528,0,0,1,1,,,,,,,,,
12102518,2,2,6,7,,,,,,,,,
12105040,0,0,4,4,,,,,,,,,
12105039,0,0,2,2,,,,,,,,,
12105045,2,2,6,6,,,,,,,,,
12105044,1,1,6,4,,,,,,,,,
12105042,2,2,6,6,,,,,,,,,
12105041,2,2,6,6,,,,,,,,,
12105050,0,0,4,4,,,,,,,,,
12105043,2,2,6,6,,,,,,,,,
12103978,2,2,6,4,10,,,,,,,,
12103977,1,1,7,5,3,,,7,,,,,
12103951,2,2,6,6,,,,,,,,,
12103980,2,2,7,6,,,,7,,,,,
12103949,2,2,6,7,,,,,,,,,
12103956,2,2,6,6,,,,,,,,,
12103950,2,2,6,6,,,,,,,,,
12103952,2,2,7,5,10,,,7,,,,,
12103434,2,2,6,6,,,,,,,,,
12103444,0,0,3,1,,,,,,,,,
12103449,2,2,6,6,,,,,,,,,
12103445,2,2,6,6,,,,,,,,,
12103443,0,0,1,1,,,,,,,,,
12103432,1,1,6,1,9,,,,,,,,
12103441,2,2,6,6,,,,,,,,,
12103448,0,0,1,1,,,,,,,,,
12103430,0,0,2,0,,,,,,,,,
12103452,2,2,6,6,,,,,,,,,
12103446,2,2,6,7,,,,,,,,,
12103433,2,2,6,6,,,,,,,,,
12103429,0,0,6,5,,,,,,,,,
12103427,1,1,7,4,6,,,,,,,,
12103442,2,2,2,7,10,,,,,,,,
12103436,0,0,1,6,,,,,,,,,
12106059,0,0,4,0,,,,,,,,,
12106048,2,2,5,6,10,,,,,,,,
12106046,1,1,6,3,6,,,,,,,,
12106070,2,2,6,6,,,,,,,,,
12106047,2,2,7,7,,,,8,7,,,,
12106053,1,1,6,6,8,,,8,,,,,
12106072,0,0,3,4,,,,,,,,,
12106045,1,1,6,3,,,,,,,,,
12102196,0,0,0,2,,,,,,,,,
12102509,2,2,6,6,,,,,,,,,
12102194,2,2,7,6,,,,,,,,,
12102510,0,0,3,1,,,,,,,,,
12102198,2,2,7,6,,,,,,,,,
12102508,2,2,7,6,,,,,,,,,
12102504,2,2,6,7,,,,,,,,,
12102506,0,0,2,2,,,,,,,,,
12102195,0,0,2,4,,,,,,,,,
12102199,2,2,6,6,,,,,,,,,
12102191,1,1,4,6,5,,,,,,,,
12102192,2,2,6,7,,,,,,,,,
12102197,2,2,6,3,10,,,,,,,,
12102193,1,1,6,2,8,,,,,,,,
12102505,1,1,6,5,6,,,,,,,,
12102507,0,0,4,4,,,,,,,,,
12105079,0,0,5,6,,,,,,,,,
12105614,2,2,1,6,10,,,,,,,,
12105073,1,1,6,2,8,,,,,,,,
12105066,1,1,6,6,9,,,,,,,,
12105065,2,2,6,6,,,,,,,,,
12105615,1,1,6,2,8,,,,,,,,
12105075,2,2,6,6,,,,,,,,,
12105613,1,1,7,6,5,,,,,,,,
12102053,2,2,6,7,,,,,,,,,
12102077,0,0,1,2,,,,,,,,,
12102055,0,0,5,5,,,,,,,,,
12102052,2,2,6,6,,,,,,,,,
12102057,2,2,6,6,,,,,,,,,
12102062,2,2,6,6,,,,,,,,,
12102064,0,0,2,0,,,,,,,,,
12102048,2,2,6,6,,,,,,,,,
12102072,0,0,3,5,,,,,,,,,
12102068,0,0,1,2,,,,,,,,,
12102054,2,2,6,5,10,,,,,,,,
12102049,0,0,2,4,,,,,,,,,
12102060,2,2,6,6,10,,,,,,,,
12102070,2,2,6,6,,,,,,,,,
12102061,0,0,1,2,,,,,,,,,
12102076,2,2,6,6,,,,,,,,,
12107258,2,2,6,6,,,,,,,,,
12107256,2,2,6,6,,,,,,,,,
12107259,2,2,6,6,,,,,,,,,
12107366,2,2,6,6,,,,,,,,,
12107683,1,1,2,6,4,,,,,,,,
12107688,2,2,6,6,,,,,,,,,
12107685,1,1,6,2,,,,,,,,,
12107762,2,2,6,7,,,,,,,,,
12104580,2,2,6,2,10,,,,,,,,
12104581,1,1,6,3,9,,,,,,,,
12104584,2,2,6,6,,,,,,,,,
12104579,2,2,6,6,,,,,,,,,
12104582,0,0,4,1,,,,,,,,,
12104586,2,2,6,6,,,,,,,,,
12104611,2,2,7,6,,,,7,,,,,
12104612,2,2,6,6,10,,,,3,,,,
12104807,2,2,6,6,,,,,,,,,
12104808,0,0,2,2,,,,,,,,,
12104803,2,2,6,6,,,,,,,,,
12104804,2,2,6,6,,,,,,,,,
12104809,2,2,6,7,,,,,7,,,,
12104806,1,1,6,1,10,,,,,,,,
12104805,0,0,3,2,,,,,,,,,
12104810,2,2,6,6,,,,,,,,,
12104101,2,2,6,6,,,,,,,,,
12104100,2,2,6,6,,,,,,,,,
12104096,2,2,6,6,10,,,,3,,,,
12104103,1,1,2,6,3,,,,,,,,
12104098,0,0,3,4,,,,,,,,,
12104097,0,0,3,1,,,,,,,,,
12104099,1,1,2,6,6,,,,,,,,
12104104,2,2,6,1,10,,,,,,,,
12102291,2,2,6,6,7,,,,3,,,,
12102517,2,2,6,7,,,,,7,,,,
12102642,1,1,6,3,2,,,,,,,,
12102289,,,,,,,,,,,,,
12102163,0,0,1,4,,,,,,,,,
12102157,2,2,3,6,11,,,,,,,,
12102165,2,2,6,6,,,,,,,,,
12102162,2,2,6,6,,,,,,,,,
12102158,2,2,6,7,,,,,,,,,
12102164,0,0,2,3,,,,,,,,,
12102156,0,0,4,4,,,,,,,,,
12102160,2,2,7,7,,,,,,,,,
12102161,0,0,2,1,,,,,,,,,
12102167,2,2,6,6,,,,,,,,,
12102170,2,2,3,6,10,,,,,,,,
12102169,2,2,3,6,10,,,,,,,,
12102166,1,1,6,5,7,,,,,,,,
12105854,2,2,6,2,10,,,,,,,,
12102159,2,2,3,6,10,,,,,,,,
12102168,1,1,6,6,7,,,,,,,,
12106348,1,1,1,6,3,,,,,,,,
12106105,2,2,6,6,,,,,,,,,
12105853,0,0,4,1,,,,,,,,,
12102202,0,0,1,1,,,,,,,,,
12106365,0,0,3,0,,,,,,,,,
12106347,1,1,4,6,6,,,,,,,,
12108003,2,2,6,6,,,,,,,,,
12108713,,,,,,,,,,,,,
12102646,1,1,7,3,7,,,,,,,,
12102612,,,,,,,,,,,,,
12102598,,,,,,,,,,,,,
12102601,2,2,6,6,,,,,,,,,
12102593,1,1,3,6,5,,,,,,,,
12105190,0,0,6,0,,,,2,,,,,
12105196,1,1,0,6,7,,,,,,,,
12105172,2,2,7,6,,,,,,,,,
12105194,1,1,6,4,7,,,,,,,,
12105173,1,1,6,4,8,,,,,,,,
12105199,2,2,6,4,11,,,,,,,,
12105186,2,2,6,6,,,,,,,,,
12105171,0,0,3,0,,,,,,,,,
12104982,0,0,1,4,,,,,,,,,
12104983,0,0,3,2,,,,,,,,,
12104986,2,2,6,6,10,,,5,,,,,
12104980,2,2,6,2,10,,,,,,,,
12104981,0,0,4,4,,,,,,,,,
12105003,0,0,4,4,,,,,,,,,
12104985,2,2,6,6,,,,,,,,,
12105004,2,2,7,2,10,,,,,,,,
12103462,1,1,6,3,4,,,,,,,,
12103461,2,2,2,6,10,,,,,,,,
12103459,1,1,7,4,3,,,,,,,,
12103470,0,0,2,5,,,,,,,,,
12103466,2,2,6,6,,,,,,,,,
12103463,0,0,1,0,,,,,,,,,
12103467,2,2,6,6,,,,,,,,,
12103471,2,2,6,6,,,,,,,,,
12103464,2,2,6,6,,,,,,,,,
12103474,2,2,6,6,,,,,,,,,
12103473,2,2,6,1,11,,,,,,,,
12103465,2,2,7,7,,,,,,,,,
12103460,2,2,6,3,10,,,,,,,,
12103468,0,0,0,0,,,,,,,,,
12103472,2,2,4,7,10,,,,,,,,
12103469,0,0,4,5,,,,,,,,,
12106035,2,2,6,5,10,,,,,,,,
12106029,0,0,2,4,,,,,,,,,
12106034,0,0,6,3,,,,1,,,,,
12106036,2,2,6,1,10,,,,,,,,
12106336,2,2,6,6,,,,,,,,,
12106037,1,1,2,6,12,,,,,,,,
12106031,2,2,6,6,,,,,,,,,
12106337,2,2,1,6,10,,,,,,,,
12103989,2,2,6,6,,,,,,,,,
12103984,2,2,6,6,,,,,,,,,
12103948,1,1,6,2,,,,,,,,,
12103981,2,2,6,6,,,,,,,,,
12103990,2,2,6,6,,,,,,,,,
12103953,2,2,6,7,,,,,,,,,
12103985,2,2,5,6,10,,,,,,,,
12103996,2,2,6,6,,,,,,,,,
12102573,2,2,6,6,,,,,,,,,
12102569,1,1,2,6,4,,,,,,,,
12102571,2,2,6,6,,,,,,,,,
12102561,1,1,6,2,6,,,,,3,,,
12102572,2,2,6,6,,,,,,,,,
12102563,2,2,6,6,,,,,,,,,
12102566,0,0,4,4,,,,,,,,,
12102574,,,,,,,,,,,,,
12104995,2,2,6,6,,,,,,,,,
12102559,0,0,2,4,,,,,,,,,
12105205,2,2,6,6,,,,,,,,,
12105222,2,2,6,5,6,,,,,,,,
12105221,0,0,1,2,,,,,,,,,
12105219,2,2,6,6,,,,,,,,,
12105223,2,2,7,6,,,,7,,,,,
12105253,0,0,4,2,,,,,,,,,
12105224,0,0,0,6,,,,,5,,,,
12105220,2,2,6,6,,,,,,,,,
12103453,2,2,6,6,10,,,,,,,,
12103431,0,0,1,0,,,,,,,,,
12103451,1,1,2,6,7,,,,,,,,
12103439,0,0,2,2,,,,,,,,,
12103447,2,2,6,6,,,,,,,,,
12103457,0,0,3,1,,,,,,,,,
12103438,2,2,6,6,,,,,,,,,
12103437,0,0,3,1,,,,,,,,,
12103450,2,2,6,7,,,,,,,,,
12103435,0,0,1,1,,,,,,,,,
12103455,2,2,6,7,,,,,,,,,
12103440,2,2,2,6,10,,,,,,,,
12103454,2,2,6,6,,,,,,,,,
12103456,1,1,6,2,8,,,,,,,,
12103428,0,0,6,3,,,,,,,,,
12103426,0,0,0,0,,,,,,,,,
12106050,0,0,1,5,,,,,,,,,
12106077,0,0,4,1,,,,,,,,,
12106159,0,0,4,5,,,,,,,,,
12106158,0,0,5,0,,,,,,,,,
12106052,2,2,2,6,10,,,,,,,,
12106051,2,2,6,6,,,,,,,,,
12106049,2,2,6,6,10,,,,,,,,
12106160,0,0,2,3,,,,,,,,,
12087273,1,1,7,6,2,,,,2,,,,
12087278,0,0,4,3,,,,,,,,,
12087280,2,2,3,6,6,,,,,,,,
12087281,2,2,6,6,,,,,,,,,
12087306,2,2,6,6,,,,,,,,,
12087312,0,0,3,3,,,,,,,,,
12087315,0,0,2,2,,,,,,,,,
12087316,2,2,6,7,,,,,7,,,,
12087887,2,2,7,7,,,,10,7,,,,
12087888,2,2,3,6,6,,,,,,,,
12087890,1,1,6,4,,,,,,,,,
12087891,2,2,7,6,,,,7,,,,,
12087892,0,0,6,0,,,,7,,,,,
12087893,0,0,4,3,,,,,,,,,
12087894,0,0,2,4,,,,,,,,,
12087896,0,0,4,4,,,,,,,,,
12087897,2,2,6,7,6,,,6,7,,,,
12087899,0,0,1,0,,,,,,,,,
12087914,2,2,6,7,,,,,,,,,
12087915,0,0,3,0,,,,,,,,,
12087916,0,0,4,4,,,,,,,,,
12087918,0,0,6,2,,,,5,,,,,
12087919,2,2,7,3,6,,,7,,,,,
12087921,2,2,6,6,,,,,,,,,
12087926,0,0,3,6,,,,,6,,,,
12087928,1,1,4,7,1,,,,,,,,
12087940,1,1,3,7,2,,,,7,,,,
12087943,1,1,6,7,1,,,4,7,,,,
12087944,0,0,3,3,,,,,,,,,
12087948,2,2,7,6,,,,7,,,,,
12088022,0,0,6,6,,,,3,2,,,,
12088023,2,2,6,4,6,,,,,,,,
12088024,2,2,7,6,,,,,,,,,
12088025,0,0,1,5,,,,,,,,,
12088028,2,2,6,7,,,,,,,,,
12088029,0,0,5,1,,,,,,,,,
12088039,2,2,7,6,,,,,,,,,
12088041,0,0,3,2,,,,,,,,,
12088042,2,2,6,7,,,,,,,,,
12088043,0,0,5,4,,,,,,,,,
12088044,0,0,5,2,,,,,,,,,
12088045,,,,,,,,,,,,,
12088047,2,2,7,6,,,,7,,,,,
12088048,2,2,6,6,,,,,,,,,
12088055,0,0,4,3,,,,,,,,,
12088059,2,2,6,6,,,,,,,,,
12088060,2,2,7,6,10,,,7,4,,,,
12088061,0,0,4,5,,,,,,,,,
12088064,1,1,6,1,6,,,,,2,,,
12088065,2,2,4,6,7,,,,,7,,,
12088066,2,2,6,6,6,,,,5,,,,
12088069,2,2,6,7,,,,,,,,,
12088070,2,2,4,6,7,,,,,,,,
12088074,2,2,6,6,,,,,,,,,
12088075,1,1,4,7,3,,,,7,,,,
12088087,2,2,6,6,,,,,,,,,
12088088,0,0,1,5,,,,,,,,,
12088089,0,0,4,4,,,,,,,,,
12088091,1,1,6,3,1,,,,,,,,
12088093,2,2,7,6,,,,,,,,,
12088094,0,0,5,3,,,,,,,,,
12088096,1,1,5,7,6,,,,7,5,,,
12088097,1,1,4,6,3,,,,,,,,
12088098,2,2,6,6,,,,,,,,,
12088099,1,1,6,6,2,,,,2,,,,
12088100,0,0,2,3,,,,,,,,,
12097934,0,0,6,3,,,,5,,,,,
12097938,0,0,4,4,,,,,,,,,
12097940,,,,,,,,,,,,,
12097941,,,,,,,,,,,,,
12098326,2,2,6,7,,,,,,,,,
12098328,1,1,4,7,1,,,,,,,,
12098330,2,2,4,6,7,,,,,9,,,
12098337,,,,,,,,,,,,,
12099020,0,0,4,0,,,,,,,,,
12099489,2,2,7,6,,,,,,,,,
12099490,1,1,4,7,1,,,,,,,,
12099491,1,1,7,0,,,,9,,,,,
12099493,1,1,6,4,1,,,,,,,,
12099609,2,2,6,6,,,,,,,,,
12099610,0,0,6,3,,,,4,,,,,
12099613,1,1,4,7,3,,,,,,,,
12099618,2,2,4,7,7,,,,,7,,,
12100225,2,2,4,6,6,,,,,,,,
12100228,2,2,6,6,,,,,,,,,
12100231,0,0,2,2,,,,,,,,,
12100234,2,2,6,6,6,,,,5,,,,
12100235,2,2,7,6,,,,,,,,,
12100236,0,0,3,4,,,,,,,,,
12100237,0,0,3,2,,,,,,,,,
12100243,2,2,6,4,6,,,,,,,,
12100245,2,2,6,6,,,,,,,,,
12100246,1,1,3,6,3,,,,,,,,
12100251,,,,,,,,,,,,,
12100253,2,2,6,6,,,,,,,,,
12100255,2,2,6,6,,,,,,,,,
12100261,,,,,,,,,,,,,
12100262,0,0,6,5,,,,3,,,,,
12100263,2,2,7,7,,,,,,,,,
12100832,2,2,6,4,6,,,,,,,,
12101096,2,2,6,6,,,,,,,,,
12101100,1,1,2,6,5,,,,,,,,
12101102,2,2,6,6,,,,,,,,,
12101104,0,0,5,4,,,,,,,,,
12101105,2,2,6,6,6,,,2,,,,,
12101106,2,2,6,7,,,,,8,,,,
12101107,2,2,6,6,7,,,,4,7,,,
12101109,2,2,3,6,6,,,,,,,,
12102032,0,0,2,4,,,,,,,,,
12102168,1,1,6,6,7,,,,,,,,
12102202,0,0,1,1,,,,,,,,,
12102675,2,2,6,6,,,,,,,,,
12102677,2,2,3,6,7,,,,,,,,
12103363,2,2,7,6,,,,,,,,,
12103367,2,2,6,6,,,,,,,,,
12103384,0,0,4,0,,,,,,,,,
12103386,0,0,2,4,,,,,,,,,
12103508,0,0,3,1,,,,,,,,,
12103757,1,1,4,6,0,,,,,,,,
12103759,2,2,6,5,6,,,,,,,,
12103760,0,0,2,3,,,,,,,,,
12103954,2,2,2,6,6,,,,,,,,
12103957,2,2,6,6,,,,,,,,,
12103958,2,2,6,6,,,,,,,,,
12103973,0,0,5,3,,,,,,,,,
12103974,2,2,6,5,6,,,,,,,,
12103988,2,2,7,6,,,,,,,,,
12103991,0,0,1,2,,,,,,,,,
12103993,2,2,6,6,,,,,,,,,
12104732,0,0,2,2,,,,,,,,,
12104811,2,2,6,6,,,,,,,,,
12104812,2,2,6,6,,,,,,,,,
12104909,0,0,4,2,,,,,,,,,
12104912,2,2,6,6,,,,,,,,,
12104960,1,1,6,2,3,,,,,,,,
12104962,0,0,6,3,,,,3,,,,,
12104963,1,1,6,1,,,,,,,,,
12104964,2,2,6,7,,,,,,,,,
12105058,0,0,2,3,,,,,,,,,
12105067,0,0,5,0,,,,,,,,,
12105077,2,2,6,6,,,,,,,,,
12105191,2,2,6,6,,,,,,,,,
12105193,2,2,6,6,,,,,,,,,
12105206,0,0,6,5,,,,9,,,,,
12105207,1,1,6,4,5,,,,,,,,
12105208,2,2,0,6,6,,,,,,,,
12105209,1,1,6,4,,,,,,,,,
12105210,0,0,2,3,,,,,,,,,
12105213,1,1,2,6,4,,,,,,,,
12105216,2,2,6,3,6,,,,,,,,
12105217,0,0,6,2,,,,2,,,,,
12105218,2,2,6,6,,,,,,,,,
12105220,2,2,6,6,,,,,,,,,
12105224,0,0,0,6,,,,,5,,,,
12105227,1,1,2,6,1,,,,,,,,
12105229,1,1,6,7,6,,,4,8,5,,,
12105244,0,0,3,4,,,,,,,,,
12105245,2,2,6,7,,,,,,,,,
12105246,2,2,6,5,7,,,,,,,,
12105249,1,1,3,6,2,,,,,,,,
12105253,0,0,4,2,,,,,,,,,
12105270,2,2,6,7,,,,,,,,,
12105271,2,2,0,6,6,,,,,,,,
12105272,0,0,2,2,,,,,,,,,
12105277,2,2,6,6,,,,,,,,,
12105279,2,2,6,6,,,,,,,,,
12105386,2,2,6,6,,,,,,,,,
12105390,2,2,5,7,6,,,,,,,,
12105391,1,1,3,7,2,,,,,,,,
12105396,2,2,7,6,,,,,,,,,
12105397,1,1,3,6,3,,,,,,,,
12105398,0,0,2,2,,,,,,,,,
12105402,2,2,4,6,6,,,,,,,,
12105403,2,2,6,6,,,,,,,,,
12105405,0,0,1,5,,,,,,,,,
12105463,2,2,6,4,6,,,,,,,,
12105464,1,1,6,6,4,,,5,,,,,
12105466,2,2,6,7,,,,,7,,,,
12105467,2,2,6,6,,,,,,,,,
12105469,0,0,3,3,,,,,,,,,
12105853,0,0,4,1,,,,,,,,,
12106029,0,0,2,4,,,,,,,,,
12106030,0,0,6,4,,,,9,,,,,
12106031,2,2,6,6,,,,,,,,,
12106032,0,0,3,1,,,,,,,,,
12106033,2,2,6,6,,,,,,,,,
12106034,0,0,6,3,,,,1,,,,,
12106035,2,2,6,5,10,,,,,,,,
12106036,2,2,6,1,10,,,,,,,,
12106037,1,1,2,6,12,,,,,,,,
12106045,1,1,6,3,,,,,,,,,
12106046,1,1,6,3,6,,,,,,,,
12106047,2,2,7,7,,,,8,7,,,,
12106048,2,2,5,6,10,,,,,,,,
12106049,2,2,6,6,10,,,,,,,,
12106050,0,0,1,5,,,,,,,,,
12106051,2,2,6,6,,,,,,,,,
12106052,2,2,2,6,10,,,,,,,,
12106053,1,1,6,6,8,,,8,,,,,
12106054,1,1,4,7,2,,,,7,,,,
12106056,2,2,6,4,6,,,,,,,,
12106057,0,0,3,3,,,,,,,,,
12106058,0,0,3,1,,,,,,,,,
12106062,2,2,6,6,,,,,,,,,
12106063,0,0,4,1,,,,,,,,,
12106065,1,1,4,6,4,,,,,,,,
12106066,0,0,6,2,,,,4,,,,,
12106068,2,2,6,6,,,,,,,,,
12106070,2,2,6,6,,,,,,,,,
12106071,2,2,7,4,6,,,,,,,,
12106072,0,0,3,4,,,,,,,,,
12106073,0,0,4,4,,,,,,,,,
12106077,0,0,4,1,,,,,,,,,
12106081,1,1,3,7,5,,,,7,,,,
12106105,2,2,6,6,,,,,,,,,
12106158,0,0,5,0,,,,,,,,,
12106159,0,0,4,5,,,,,,,,,
12106160,0,0,2,3,,,,,,,,,
12106242,2,2,6,7,,,,,11,,,,
12106243,,,,,,,,,,,,,
12106245,0,0,5,1,,,,,,,,,
12106246,1,1,6,6,3,,,1,,,,,
12106250,1,1,6,3,2,,,,,,,,
12106251,2,2,6,6,,,,,,,,,
12106252,1,1,2,6,4,,,,,,,,
12106253,0,0,4,5,,,,,,,,,
12106255,0,0,6,3,,,,2,,,,,
12106256,0,0,4,5,,,,,,,,,
12106259,2,2,6,7,,,,,8,,,,
12106260,2,2,6,6,,,,,,,,,
12106261,0,0,4,4,,,,,,,,,
12106262,1,1,3,6,3,,,,,,,,
12106263,2,2,6,6,,,,,,,,,
12106264,1,1,6,0,2,,,,,,,,
12106267,0,0,3,3,,,,,,,,,
12106269,2,2,6,6,,,,,,,,,
12106270,2,2,4,6,6,,,,,,,,
12106272,0,0,3,5,,,,,,,,,
12106273,2,2,6,6,,,,,,,,,
12106274,0,0,2,3,,,,,,,,,
12106275,2,2,7,6,,,,,,,,,
12106276,2,2,6,6,,,,,,,,,
12106277,0,0,6,3,,,,5,,,,,
12106278,1,1,3,6,4,,,,,,,,
12106279,0,0,1,0,,,,,,,,,
12106281,1,1,6,3,1,,,,,,,,
12106282,0,0,4,3,,,,,,,,,
12106283,2,2,6,6,6,,,5,,,,,
12106284,2,2,6,6,,,,,,,,,
12106285,2,2,7,6,,,,7,,,,,
12106286,0,0,0,1,,,,,,,,,
12106287,1,1,4,6,4,,,,,,,,
12106288,2,2,6,6,,,,,,,,,
12106289,2,2,3,6,7,,,,,,,,
12106292,2,2,6,6,,,,,,,,,
12106293,0,0,3,4,,,,,,,,,
12106294,2,2,6,3,6,,,,,,,,
12106295,2,2,4,6,7,,,,,7,,,
12106296,2,2,6,6,,,,,,,,,
12106297,1,1,6,1,1,,,,,,,,
12106298,1,1,2,7,2,,,,8,,,,
12106300,2,2,6,7,,,,,,,,,
12106301,2,2,6,6,,,,,,,,,
12106302,2,2,6,6,,,,,,,,,
12106303,1,1,6,6,3,,,3,,,,,
12106304,0,0,3,1,,,,,,,,,
12106306,2,2,6,7,,,,,,,,,
12106307,1,1,7,5,2,,,7,,,,,
12106308,1,1,6,2,5,,,,,,,,
12106309,,,,,,,,,,,,,
12106310,0,0,4,1,,,,,,,,,
12106311,1,1,6,5,3,,,,,,,,
12106312,1,1,7,3,5,,,,,,,,
12106313,2,2,6,6,,,,,,,,,
12106314,0,0,6,1,,,,7,,,,,
12106315,2,2,6,1,10,,,,,,,,
12106317,2,2,6,6,,,,,,,,,
12106318,2,2,6,4,6,,,,,,,,
12106319,1,1,7,2,,,,,,,,,
12106320,,,,,,,,,,,,,
12106321,1,1,7,3,,,,,,,,,
12106322,2,2,6,4,6,,,,,,,,
12106323,2,2,6,5,6,,,,,,,,
12106324,0,0,4,2,,,,,,,,,
12106329,2,2,6,6,,,,,,,,,
12106330,2,2,6,6,,,,,,,,,
12106331,2,2,7,6,,,,,,,,,
12106332,0,0,4,2,,,,,,,,,
12106333,0,0,1,6,,,,,4,,,,
12106334,2,2,6,6,,,,,,,,,
12106336,2,2,6,6,,,,,,,,,
12106337,2,2,1,6,10,,,,,,,,
12106338,2,2,6,6,,,,,,,,,
12106339,0,0,6,0,,,,6,,,,,
12106340,2,2,6,6,,,,,,,,,
12106341,2,2,6,6,,,,,,,,,
12106342,2,2,6,1,6,,,,,,,,
12106343,0,0,0,0,,,,,,,,,
12106347,1,1,4,6,6,,,,,,,,
12106348,1,1,1,6,3,,,,,,,,
12106351,0,0,1,3,,,,,,,,,
12106352,0,0,3,1,,,,,,,,,
12106353,,,,,,,,,,,,,
12106356,2,2,3,7,6,,,,7,,,,
12106358,0,0,4,2,,,,,,,,,
12106359,0,0,3,6,,,,,8,,,,
12106360,0,0,3,3,,,,,,,,,
12106361,0,0,4,4,,,,,,,,,
12106362,2,2,4,6,6,,,,,,,,
12106363,0,0,0,1,,,,,,,,,
12106364,1,1,6,2,2,,,,,,,,
12106365,0,0,3,0,,,,,,,,,
12106366,1,1,7,4,1,,,8,,,,,
12106367,0,0,4,2,,,,,,,,,
12106368,1,1,2,6,2,,,,,,,,
12106369,2,2,6,6,,,,,,,,,
12106370,2,2,6,6,,,,,,,,,
12106371,2,2,0,6,6,,,,,,,,
12106372,2,2,6,3,6,,,,,,,,
12106373,1,1,6,2,2,,,,,,,,
12106374,0,0,4,2,,,,,,,,,
12106722,2,2,6,6,,,,,,,,,
12106724,0,0,3,4,,,,,,,,,
12106725,2,2,3,6,6,,,,,,,,
12106726,2,2,6,6,,,,,,,,,
12106727,2,2,6,6,,,,,,,,,
12106728,2,2,4,7,6,,,,7,,,,
12106729,2,2,7,6,,,,,,,,,
12106730,2,2,6,6,,,,,,,,,
12106731,2,2,6,6,,,,,,,,,
12106732,2,2,6,6,,,,,,,,,
12106741,0,0,6,6,,,,4,4,,,,
12106742,2,2,5,6,6,,,,,,,,
12106745,2,2,6,6,,,,,,,,,
12106747,1,1,6,7,3,,,1,,,,,
12106748,2,2,5,6,6,,,,,,,,
12106749,1,1,6,6,3,,,,5,,,,
12106750,2,2,6,6,,,,,,,,,
12106751,2,2,7,7,,,,7,8,,,,
12106758,0,0,6,0,,,,4,,,,,
12106759,0,0,2,2,,,,,,,,,
12106760,0,0,5,3,,,,,,,,,
12106761,2,2,6,6,,,,,,,,,
12106762,0,0,3,5,,,,,,,,,
12106763,0,0,5,3,,,,,,,,,
12106764,,,,,,,,,,,,,
12106765,0,0,5,5,,,,,,,,,
12106766,0,0,5,5,,,,,,,,,
12106767,2,2,6,6,,,,,,,,,
12106768,0,0,2,1,,,,,,,,,
12106769,1,1,6,4,5,,,,,,,,
12106785,0,0,6,4,,,,4,,,,,
12106786,0,0,4,3,,,,,,,,,
12106787,2,2,6,6,,,,,,,,,
12106789,2,2,6,6,,,,,,,,,
12106793,2,2,6,6,,,,,,,,,
12106794,0,0,0,2,,,,,,,,,
12106795,2,2,2,6,7,,,,,7,,,
12106796,2,2,6,6,,,,,,,,,
12106797,1,1,5,6,2,,,,,,,,
12106798,0,0,1,2,,,,,,,,,
12106799,2,2,6,6,,,,,,,,,
12106800,0,0,3,3,,,,,,,,,
12106813,1,1,4,6,4,,,,,,,,
12106830,0,0,1,2,,,,,,,,,
12106831,1,1,7,3,3,,,7,,,,,
12106832,0,0,0,1,,,,,,,,,
12106833,0,0,2,1,,,,,,,,,
12106834,2,2,6,6,,,,,,,,,
12106835,0,0,4,4,,,,,,,,,
12106836,0,0,0,5,,,,,,,,,
12106837,,,,,,,,,,,,,
12106841,2,2,7,6,,,,7,,,,,
12106861,2,2,6,6,,,,,,,,,
12106912,0,0,0,3,,,,,,,,,
12107260,0,0,2,4,,,,,,,,,
12107350,1,1,6,6,3,,,,2,,,,
12107353,1,1,1,7,2,,,,,,,,
12107354,2,2,6,6,,,,,,,,,
12107355,0,0,4,2,,,,,,,,,
12107358,2,2,1,6,7,,,,,7,,,
12107406,2,2,6,6,,,,,,,,,
12107526,0,0,6,3,,,,4,,,,,
12107527,2,2,6,6,,,,,,,,,
12107543,2,2,7,6,,,,,,,,,
12107544,2,2,7,6,,,,,,,,,
12107545,0,0,3,0,,,,,,,,,
12107546,0,0,0,2,,,,,,,,,
12107547,0,0,6,4,,,,5,,,,,
12107548,2,2,6,6,,,,,,,,,
12107549,2,2,6,2,6,,,,,,,,
12107550,0,0,1,2,,,,,,,,,
12107560,0,0,2,3,,,,,,,,,
12107648,0,0,0,2,,,,,,,,,
12107683,1,1,2,6,4,,,,,,,,
12107684,2,2,6,6,,,,,,,,,
12107685,1,1,6,2,,,,,,,,,
12107686,0,0,2,1,,,,,,,,,
12107688,2,2,6,6,,,,,,,,,
12107717,0,0,1,0,,,,,,,,,
12107724,0,0,1,6,,,,,4,,,,
12107725,0,0,2,4,,,,,,,,,
12107726,2,2,6,6,,,,,,,,,
12107727,,,,,,,,,,,,,
12107728,0,0,4,2,,,,,,,,,
12107729,2,2,2,6,6,,,,,,,,
12107730,1,1,4,6,1,,,,,,,,
12107731,0,0,2,2,,,,,,,,,
12107742,2,2,6,6,,,,,,,,,
12107743,2,2,6,7,,,,,7,,,,
12107744,0,0,2,2,,,,,,,,,
12107745,0,0,2,1,,,,,,,,,
12107746,2,2,6,6,6,,,,10,,,,
12107747,2,2,7,7,,,,7,7,,,,
12107748,1,1,6,6,4,,,11,,,,,
12107749,1,1,6,6,1,,,,0,,,,
12107750,1,1,6,1,1,,,,,,,,
12107752,2,2,7,7,,,,7,,,,,
12107753,0,0,3,3,,,,,,,,,
12107754,1,1,7,0,3,,,7,,,,,
12107755,1,1,3,6,3,,,,,,,,
12107756,0,0,2,4,,,,,,,,,
12107757,2,2,3,6,7,,,,,8,,,
12107758,1,1,6,4,1,,,,,,,,
12107762,2,2,6,7,,,,,,,,,
12107768,2,2,6,6,7,,,,5,,,,
12107829,0,0,3,3,,,,,,,,,
12107838,1,1,1,6,3,,,,,,,,
12107863,2,2,6,6,,,,,,,,,
12107943,2,2,6,6,,,,,,,,,
12107959,2,2,7,6,,,,10,,,,,
12107981,2,2,6,6,,,,,,,,,
12107982,0,0,1,1,,,,,,,,,
12108003,2,2,6,6,,,,,,,,,
12108144,0,0,4,1,,,,,,,,,
12108169,0,0,4,4,,,,,,,,,
12108301,0,0,2,4,,,,,,,,,
12108340,2,2,7,6,,,,7,,,,,
12108420,1,1,3,6,3,,,,,,,,
12108421,2,2,6,7,,,,,7,,,,
12108422,2,2,6,6,,,,,,,,,
12108423,2,2,1,6,7,,,,,,,,
12108424,0,0,1,3,,,,,,,,,
12108425,0,0,0,1,,,,,,,,,
12108426,2,2,6,6,,,,,,,,,
12108427,0,0,3,2,,,,,,,,,
12108429,0,0,2,3,,,,,,,,,
12108430,2,2,6,6,,,,,,,,,
12108431,1,1,6,3,4,,,,,,,,
12108432,0,0,2,3,,,,,,,,,
12108433,0,0,2,6,,,,,4,,,,
12108434,2,2,6,6,,,,,,,,,
12108436,0,0,3,4,,,,,,,,,
12108454,0,0,6,1,,,,4,,,,,
12108455,1,1,5,6,3,,,,,,,,
12108456,0,0,3,3,,,,,,,,,
12108457,,,6,,,,,,,,,,
12108458,2,2,6,6,,,,,,,,,
12108459,1,1,6,3,1,,,,,,,,
12108461,2,2,6,6,,,,,,,,,
12108462,2,2,6,6,,,,,,,,,
12108463,0,0,2,2,,,,,,,,,
12108464,1,1,7,2,4,,,7,,,,,
12108465,2,2,6,6,,,,,,,,,
12108466,2,2,7,4,6,,,7,,,,,
12108467,0,0,1,1,,,,,,,,,
12108468,2,2,6,6,,,,,,,,,
12108469,2,2,6,6,,,,,,,,,
12108473,0,0,1,4,,,,,,,,,
12108491,2,2,6,6,,,,,,,,,
12108492,1,1,6,2,2,,,,,,,,
12108493,0,0,1,2,,,,,,,,,
12108494,2,2,6,6,,,,,,,,,
12108495,0,0,3,1,,,,,,,,,
12108496,1,1,6,5,1,,,,,,,,
12108497,0,0,2,5,,,,,,,,,
12108499,0,0,3,3,,,,,,,,,
12108534,2,2,6,6,,,,,,,,,
12108535,2,2,6,6,,,,,,,,,
12108543,0,0,1,2,,,,,,,,,
12108544,0,0,1,3,,,,,,,,,
12108545,0,0,4,3,,,,,,,,,
12108546,2,2,6,2,7,,,,,,,,
12108547,0,0,4,0,,,,,,,,,
12108695,2,2,6,7,,,,,9,,,,
12108713,,,,,,,,,,,,,
12108721,0,0,1,0,,,,,,,,,
12108722,2,2,6,1,7,,,,,,,,
12108723,2,2,6,6,,,,,,,,,
12108724,0,0,3,5,,,,,,,,,
12108725,2,2,6,6,7,,,,4,,,,
12108726,0,0,2,0,,,,,,,,,
12108727,1,1,6,3,3,,,,,,,,
12108728,2,2,2,7,6,,,,7,,,,
12108729,0,0,6,4,,,,0,,,,,
12108730,1,1,0,6,3,,,,,,,,
12108731,2,2,6,6,,,,,,,,,
12108732,1,1,7,3,1,,,,,,,,
12108733,0,0,2,2,,,,,,,,,
12108754,0,0,6,6,,,,5,5,,,,
12108776,0,0,4,4,,,,,,,,,
12108777,1,1,6,3,,,,,,,,,
12108805,2,2,6,6,,,,,,,,,
12108875,0,0,2,3,,,,,,,,,
12108964,0,0,1,5,,,,,,,,,
12108978,0,0,5,4,,,,,,,,,
12108979,2,2,7,3,7,,,7,,,,,
12108980,0,0,4,2,,,,,,,,,
12108981,2,2,6,1,6,,,,,,,,
12108982,2,2,6,6,,,,,,,,,
12108983,1,1,7,6,0,,,7,2,,,,
12108984,2,2,7,4,6,,,7,,,,,
12109017,0,0,1,1,,,,,,,,,
12109018,2,2,6,6,,,,,,,,,
12109019,0,0,2,4,,,,,,,,,
12109027,0,0,4,1,,,,,,,,,
12109028,2,2,6,6,,,,,,,,,
12109029,0,0,1,2,,,,,,,,,
12109030,2,2,6,6,,,,,,,,,
12109031,0,0,4,4,,,,,,,,,
12109032,1,1,5,6,5,,,,,,,,
12109033,0,0,3,4,,,,,,,,,
12109034,0,0,3,2,,,,,,,,,
12109035,2,2,6,6,,,,,,,,,
12109036,0,0,0,4,,,,,,,,,
12109037,0,0,4,4,,,,,,,,,
12109038,2,2,6,6,,,,,,,,,
12109039,1,1,6,4,6,,,,,5,,,
12109040,0,0,3,5,,,,,,,,,
12109041,1,1,7,5,0,,,7,,,,,
12109042,2,2,6,7,,,,,,,,,
12109043,2,2,7,6,,,,7,,,,,
12109044,2,2,6,6,,,,,,,,,
12109048,0,0,3,5,,,,,,,,,
12109163,0,0,2,0,,,,,,,,,
12109164,1,1,6,3,4,,,,,,,,
12109165,0,0,2,3,,,,,,,,,
12109166,1,1,4,7,4,,,,,,,,
12109167,1,1,4,6,2,,,,,,,,
12109168,2,2,6,6,,,,,,,,,
12109169,0,0,1,3,,,,,,,,,
12109170,1,1,7,3,4,,,8,,,,,
12109790,2,2,2,6,6,,,,,,,,
12109808,0,0,3,2,,,,,,,,,
12109815,0,0,3,2,,,,,,,,,
12109816,0,0,0,2,,,,,,,,,
12109818,1,1,1,7,4,,,,7,,,,
12109819,0,0,3,2,,,,,,,,,
12109820,2,2,6,6,,,,,,,,,
12109884,2,2,6,6,,,,,,,,,
12109885,2,2,6,6,,,,,,,,,
12109886,0,0,3,1,,,,,,,,,
12109887,0,0,4,1,,,,,,,,,
12109889,2,2,6,6,,,,,,,,,
12109890,2,2,6,6,,,,,,,,,
12109891,0,0,1,2,,,,,,,,,
12109892,1,1,6,3,1,,,,,,,,
12109893,2,2,6,6,,,,,,,,,
12109934,2,2,7,6,,,,9,,,,,
12110080,2,2,6,6,,,,,,,,,
12110081,1,1,6,6,9,,,5,,,,,
12110082,0,0,2,0,,,,,,,,,
12110083,0,0,1,1,,,,,,,,,
12110084,0,0,0,,,,,,,,,,
12110087,2,2,6,1,7,,,,,7,,,
12110088,0,0,0,6,,,,,4,,,,
12110100,0,0,6,1,,,,2,,,,,
12110123,2,2,6,7,,,,,7,,,,
12110153,2,2,6,6,,,,,,,,,
12110157,2,2,6,7,,,,,,,,,
12110160,2,2,6,6,,,,,,,,,
12110372,1,1,7,3,0,,,,,,,,
12110388,1,1,6,3,4,,,,,,,,
12110419,2,2,6,6,,,,,,,,,
12110441,0,0,3,1,,,,,,,,,
12110442,1,1,7,4,2,,,11,,,,,
12110453,0,0,6,1,,,,2,,,,,
12110455,2,2,6,6,,,,,,,,,
12110456,1,1,6,4,4,,,,,,,,
12110457,2,2,6,6,,,,,,,,,
12110459,2,2,6,6,,,,,,,,,
12110460,2,2,3,7,6,,,,,,,,
12110467,0,0,6,5,,,,8,,,,,
12110477,2,2,7,6,,,,7,,,,,
12110493,1,1,3,7,4,,,,7,,,,
12110494,2,2,6,4,6,,,,,,,,
12110495,2,2,6,6,,,,,,,,,
12110506,0,0,2,1,,,,,,,,,
12110513,2,2,6,6,,,,,,,,,
12110514,2,2,6,6,,,,,,,,,
12110517,2,2,6,6,,,,,,,,,
12110518,2,2,7,6,,,,7,,,,,
12110520,2,2,6,6,,,,,,,,,
12110530,1,1,1,6,2,,,,,,,,
12110534,0,0,3,6,,,,,3,,,,
12110566,0,0,4,1,,,,,,,,,
12110572,2,2,6,6,,,,,,,,,
12110582,2,2,4,6,6,,,,,,,,
12110583,2,2,6,7,,,,,,,,,
12110585,0,0,2,2,,,,,,,,,
12110586,2,2,6,6,,,,,,,,,
12110592,0,0,0,4,,,,,,,,,
12110633,2,2,6,6,,,,,,,,,
12110636,0,0,4,4,,,,,,,,,
12110637,1,1,6,6,5,,,,4,,,,
12110649,0,0,1,0,,,,,,,,,
12110650,2,2,6,6,,,,,,,,,
12110651,2,2,6,3,6,,,,,,,,
12110656,2,2,3,6,6,,,,,,,,
12110659,0,0,3,4,,,,,,,,,
12110660,0,0,1,1,,,,,,,,,
12110662,2,2,7,6,,,,,,,,,
12110663,0,0,4,2,,,,,,,,,
12110664,2,2,6,6,,,,,,,,,
12110665,1,1,6,5,2,,,,,,,,
12110670,2,2,6,6,,,,,,,,,
12110675,0,0,4,6,,,,,3,,,,
12110702,1,1,7,4,2,,,,,,,,
12110733,2,2,7,6,,,,7,,,,,
12110735,1,1,1,6,1,,,,,,,,
12110736,0,0,1,4,,,,,,,,,
12110749,2,2,2,6,6,,,,,,,,
12110831,2,2,6,3,6,,,,,,,,
12110832,0,0,3,3,,,,,,,,,
12110833,1,1,6,6,3,,,3,,,,,
12110834,0,0,4,3,,,,,,,,,
12110835,0,0,1,2,,,,,,,,,
12110848,0,0,6,3,,,,3,,,,,
12110849,2,2,7,7,,,,,7,,,,
12110850,0,0,3,1,,,,,,,,,
12110863,0,0,4,1,,,,,,,,,
12110864,2,2,6,6,,,,,,,,,
12110876,0,0,2,4,,,,,,,,,
12110885,2,2,4,7,6,,,,9,,,,
12110886,1,1,6,6,2,,,,3,,,,
12110892,2,2,7,6,,,,7,,,,,
12110893,0,0,3,5,,,,,,,,,
12110894,2,2,6,4,6,,,,,,,,
12110918,0,0,2,2,,,,,,,,,
12110975,0,0,4,5,,,,,,,,,
12110976,2,2,3,6,6,,,,,,,,
12111058,0,0,4,0,,,,,,,,,
12111059,2,2,6,7,,,,,9,,,,
12111081,0,0,3,4,,,,,,,,,
12111082,1,1,4,6,1,,,,,,,,
12111094,2,2,6,7,,,,,7,,,,
12111128,0,0,4,4,,,,,,,,,
12111129,1,1,4,6,4,,,,,,,,
12111174,2,2,7,7,,,,,7,,,,
12111176,1,1,4,6,1,,,,,,,,
12111177,0,0,4,4,,,,,,,,,
12111182,1,1,6,4,1,,,,,,,,
12111184,0,0,6,5,,,,7,,,,,
12111222,2,2,2,6,7,,,,,,,,
12111229,2,2,1,6,7,,,,,7,,,
12111232,0,0,4,4,,,,,,,,,
12111233,2,2,6,6,,,,,,,,,
12111235,0,0,2,4,,,,,,,,,
12111291,0,0,6,4,,,,2,,,,,
12111305,2,2,4,6,6,,,,,,,,
12111340,2,2,6,6,,,,,,,,,
12111377,0,0,3,6,,,,,4,,,,
12111400,0,0,4,2,,,,,,,,,
12111435,0,0,3,0,,,,,,,,,
12111444,2,2,6,6,,,,,,,,,
12111465,1,1,2,6,2,,,,,,,,
12111466,2,2,6,6,,,,,,,,,
12111490,2,2,6,4,6,,,,,,,,
12111509,2,2,7,3,6,,,,,,,,
12111522,2,2,6,6,,,,,,,,,
12111542,0,0,4,3,,,,,,,,,
12111560,2,2,6,5,6,,,,,,,,
12111572,2,2,3,7,6,,,,8,,,,
12111605,0,0,4,6,,,,,2,,,,
12111635,2,2,6,6,,,,,,,,,
12111784,2,2,5,6,6,,,,,,,,
12112023,0,0,3,0,,,,,,,,,
12112183,2,2,6,6,,,,,,,,,
12112214,2,2,6,6,,,,,,,,,
12087266,1,1,3,6,1,,,,,,,,
12087270,2,2,6,3,6,,,,,,,,
12087271,2,2,7,6,,,,8,,,,,
12087273,1,1,7,6,2,,,,2,,,,
12087278,0,0,4,3,,,,,,,,,
12087280,2,2,3,6,6,,,,,,,,
12087281,2,2,6,6,,,,,,,,,
12087282,2,2,4,7,6,,,,7,,,,
12087305,2,2,4,7,6,,,,7,,,,
12087306,2,2,6,6,,,,,,,,,
12087307,2,2,5,7,7,,,,7,,,,
12087310,2,2,6,6,,,,,,,,,
12087312,0,0,3,3,,,,,,,,,
12087315,0,0,2,2,,,,,,,,,
12087316,2,2,6,7,,,,,7,,,,
12087318,0,0,1,2,,,,,,,,,
12087888,2,2,3,6,6,,,,,,,,
12087889,,,6,7,6,,,4,7,,,,
12087890,1,1,6,4,,,,,,,,,
12087891,2,2,7,6,,,,7,,,,,
12087892,0,0,6,0,,,,7,,,,,
12087893,0,0,4,3,,,,,,,,,
12087894,0,0,2,4,,,,,,,,,
12087895,1,1,6,6,3,,,,8,,,,
12087897,2,2,6,7,6,,,6,7,,,,
12087899,0,0,1,0,,,,,,,,,
12087900,2,2,6,6,,,,,,,,,
12087914,2,2,6,7,,,,,,,,,
12087915,0,0,3,0,,,,,,,,,
12087916,0,0,4,4,,,,,,,,,
12087917,0,0,2,2,,,,,,,,,
12087918,0,0,6,2,,,,5,,,,,
12087919,2,2,7,3,6,,,7,,,,,
12087921,2,2,6,6,,,,,,,,,
12087924,2,2,1,6,6,,,,,,,,
12087925,2,2,6,6,6,,,7,,,,,
12087926,0,0,3,6,,,,,6,,,,
12087927,0,0,6,6,,,,2,0,,,,
12087928,1,1,4,7,1,,,,,,,,
12087937,2,2,6,6,,,,,,,,,
12087940,1,1,3,7,2,,,,7,,,,
12087941,2,2,6,3,6,,,,,,,,
12087942,1,1,6,4,2,,,,,,,,
12087943,1,1,6,7,1,,,4,7,,,,
12087944,0,0,3,3,,,,,,,,,
12087948,2,2,7,6,,,,7,,,,,
12087949,2,2,6,7,,,,,,,,,
12088016,1,1,3,6,6,,,,,2,,,
12088018,0,0,6,6,,,,3,4,,,,
12088020,2,2,6,7,6,,,8,,,,,
12088022,0,0,6,6,,,,3,2,,,,
12088025,0,0,1,5,,,,,,,,,
12088027,0,0,1,4,,,,,,,,,
12088029,0,0,5,1,,,,,,,,,
12088038,0,0,6,2,,,,3,,,,,
12088039,2,2,7,6,,,,,,,,,
12088041,0,0,3,2,,,,,,,,,
12088044,0,0,5,2,,,,,,,,,
12088046,2,2,7,7,,,,,,,,,
12088048,2,2,6,6,,,,,,,,,
12088049,2,2,7,6,,,,12,,,,,
12088050,2,2,7,7,,,,7,7,,,,
12088055,0,0,4,3,,,,,,,,,
12088057,2,2,7,6,,,,7,,,,,
12088058,2,2,3,7,10,,,,8,,,,
12088059,2,2,6,6,,,,,,,,,
12088060,2,2,7,6,10,,,7,4,,,,
12088061,0,0,4,5,,,,,,,,,
12088064,1,1,6,1,6,,,,,2,,,
12088065,2,2,4,6,7,,,,,7,,,
12088066,2,2,6,6,6,,,,5,,,,
12088067,2,2,7,7,,,,9,7,,,,
12088069,2,2,6,7,,,,,,,,,
12088071,2,2,7,7,,,,7,,,,,
12088073,1,1,6,4,,,,,,,,,
12088074,2,2,6,6,,,,,,,,,
12088078,0,0,3,4,,,,,,,,,
12088087,2,2,6,6,,,,,,,,,
12088090,0,0,3,2,,,,,,,,,
12088091,1,1,6,3,1,,,,,,,,
12088092,1,1,6,4,3,,,,,,,,
12088094,0,0,5,3,,,,,,,,,
12088095,2,2,3,6,6,,,,,,,,
12088100,0,0,2,3,,,,,,,,,
12099609,2,2,6,6,,,,,,,,,
12099613,1,1,4,7,3,,,,,,,,
12105216,2,2,6,3,6,,,,,,,,
12106242,2,2,6,7,,,,,11,,,,
12106243,,,,,,,,,,,,,
12106246,1,1,6,6,3,,,1,,,,,
12106247,1,1,6,5,3,,,,,,,,
12106250,1,1,6,3,2,,,,,,,,
12106255,0,0,6,3,,,,2,,,,,
12106256,0,0,4,5,,,,,,,,,
12106257,2,2,4,6,6,,,,,,,,
12106260,2,2,6,6,,,,,,,,,
12106261,0,0,4,4,,,,,,,,,
12106263,2,2,6,6,,,,,,,,,
12106264,1,1,6,0,2,,,,,,,,
12106267,0,0,3,3,,,,,,,,,
12106269,2,2,6,6,,,,,,,,,
12106273,2,2,6,6,,,,,,,,,
12106276,2,2,6,6,,,,,,,,,
12106278,1,1,3,6,4,,,,,,,,
12106279,0,0,1,0,,,,,,,,,
12106281,1,1,6,3,1,,,,,,,,
12106284,2,2,6,6,,,,,,,,,
12106287,1,1,4,6,4,,,,,,,,
12106288,2,2,6,6,,,,,,,,,
12106292,2,2,6,6,,,,,,,,,
12106308,1,1,6,2,5,,,,,,,,
12106321,1,1,7,3,,,,,,,,,
12106329,2,2,6,6,,,,,,,,,
12106338,2,2,6,6,,,,,,,,,
12106339,0,0,6,0,,,,6,,,,,
12106340,2,2,6,6,,,,,,,,,
12106341,2,2,6,6,,,,,,,,,
12106342,2,2,6,1,6,,,,,,,,
12106343,0,0,0,0,,,,,,,,,
12106351,0,0,1,3,,,,,,,,,
12106352,0,0,3,1,,,,,,,,,
12106353,,,,,,,,,,,,,
12106354,2,2,6,6,,,,,,,,,
12106356,2,2,3,7,6,,,,7,,,,
12106722,2,2,6,6,,,,,,,,,
12106727,2,2,6,6,,,,,,,,,
12106731,2,2,6,6,,,,,,,,,
12106742,2,2,5,6,6,,,,,,,,
12106745,2,2,6,6,,,,,,,,,
12106747,1,1,6,7,3,,,1,,,,,
12106748,2,2,5,6,6,,,,,,,,
12106750,2,2,6,6,,,,,,,,,
12106764,,,,,,,,,,,,,
12106766,0,0,5,5,,,,,,,,,
12106767,2,2,6,6,,,,,,,,,
12106768,0,0,2,1,,,,,,,,,
12106769,1,1,6,4,5,,,,,,,,
12106785,0,0,6,4,,,,4,,,,,
12106787,2,2,6,6,,,,,,,,,
12106789,2,2,6,6,,,,,,,,,
12106793,2,2,6,6,,,,,,,,,
12106813,1,1,4,6,4,,,,,,,,
12106841,2,2,7,6,,,,7,,,,,
12106861,2,2,6,6,,,,,,,,,
12106912,0,0,0,3,,,,,,,,,
12107358,2,2,1,6,7,,,,,7,,,
12107406,2,2,6,6,,,,,,,,,
12107526,0,0,6,3,,,,4,,,,,
12107648,0,0,0,2,,,,,,,,,
12107727,,,,,,,,,,,,,
12107728,0,0,4,2,,,,,,,,,
12107731,0,0,2,2,,,,,,,,,
12107741,2,2,6,6,,,,,,,,,
12107742,2,2,6,6,,,,,,,,,
12107746,2,2,6,6,6,,,,10,,,,
12107748,1,1,6,6,4,,,11,,,,,
12107749,1,1,6,6,1,,,,0,,,,
12107758,1,1,6,4,1,,,,,,,,
12107829,0,0,3,3,,,,,,,,,
12107863,2,2,6,6,,,,,,,,,
12108169,0,0,4,4,,,,,,,,,
12108340,2,2,7,6,,,,7,,,,,
12108423,2,2,1,6,7,,,,,,,,
12108425,0,0,0,1,,,,,,,,,
12108427,0,0,3,2,,,,,,,,,
12108430,2,2,6,6,,,,,,,,,
12108456,0,0,3,3,,,,,,,,,
12108457,,,6,,,,,,,,,,
12108459,1,1,6,3,1,,,,,,,,
12108463,0,0,2,2,,,,,,,,,
12108465,2,2,6,6,,,,,,,,,
12108466,2,2,7,4,6,,,7,,,,,
12108494,2,2,6,6,,,,,,,,,
12108695,2,2,6,7,,,,,9,,,,
12108728,2,2,2,7,6,,,,7,,,,
12108730,1,1,0,6,3,,,,,,,,
12108732,1,1,7,3,1,,,,,,,,
12108754,0,0,6,6,,,,5,5,,,,
12108776,0,0,4,4,,,,,,,,,
12108777,1,1,6,3,,,,,,,,,
12108875,0,0,2,3,,,,,,,,,
12108964,0,0,1,5,,,,,,,,,
12108978,0,0,5,4,,,,,,,,,
12108979,2,2,7,3,7,,,7,,,,,
12108980,0,0,4,2,,,,,,,,,
12108981,2,2,6,1,6,,,,,,,,
12109003,2,2,6,3,6,,,,,,,,
12109017,0,0,1,1,,,,,,,,,
12109018,2,2,6,6,,,,,,,,,
12109019,0,0,2,4,,,,,,,,,
12109027,0,0,4,1,,,,,,,,,
12109028,2,2,6,6,,,,,,,,,
12109029,0,0,1,2,,,,,,,,,
12109030,2,2,6,6,,,,,,,,,
12109031,0,0,4,4,,,,,,,,,
12109032,1,1,5,6,5,,,,,,,,
12109033,0,0,3,4,,,,,,,,,
12109034,0,0,3,2,,,,,,,,,
12109035,2,2,6,6,,,,,,,,,
12109036,0,0,0,4,,,,,,,,,
12109037,0,0,4,4,,,,,,,,,
12109038,2,2,6,6,,,,,,,,,
12109039,1,1,6,4,6,,,,,5,,,
12109040,0,0,3,5,,,,,,,,,
12109041,1,1,7,5,0,,,7,,,,,
12109042,2,2,6,7,,,,,,,,,
12109043,2,2,7,6,,,,7,,,,,
12109044,2,2,6,6,,,,,,,,,
12109048,0,0,3,5,,,,,,,,,
12109163,0,0,2,0,,,,,,,,,
12109164,1,1,6,3,4,,,,,,,,
12109165,0,0,2,3,,,,,,,,,
12109166,1,1,4,7,4,,,,,,,,
12109167,1,1,4,6,2,,,,,,,,
12109168,2,2,6,6,,,,,,,,,
12109169,0,0,1,3,,,,,,,,,
12109170,1,1,7,3,4,,,8,,,,,
12109297,2,2,5,6,7,,,,,8,,,
12109790,2,2,2,6,6,,,,,,,,
12109807,1,1,6,,,,,,,,,,
12109808,0,0,3,2,,,,,,,,,
12109815,0,0,3,2,,,,,,,,,
12109816,0,0,0,2,,,,,,,,,
12109818,1,1,1,7,4,,,,7,,,,
12109819,0,0,3,2,,,,,,,,,
12109884,2,2,6,6,,,,,,,,,
12109885,2,2,6,6,,,,,,,,,
12109886,0,0,3,1,,,,,,,,,
12109887,0,0,4,1,,,,,,,,,
12109889,2,2,6,6,,,,,,,,,
12109890,2,2,6,6,,,,,,,,,
12109891,0,0,1,2,,,,,,,,,
12109892,1,1,6,3,1,,,,,,,,
12109893,2,2,6,6,,,,,,,,,
12109934,2,2,7,6,,,,9,,,,,
12110080,2,2,6,6,,,,,,,,,
12110082,0,0,2,0,,,,,,,,,
12110083,0,0,1,1,,,,,,,,,
12110084,0,0,0,,,,,,,,,,
12110087,2,2,6,1,7,,,,,7,,,
12110088,0,0,0,6,,,,,4,,,,
12110100,0,0,6,1,,,,2,,,,,
12110123,2,2,6,7,,,,,7,,,,
12110153,2,2,6,6,,,,,,,,,
12110157,2,2,6,7,,,,,,,,,
12110160,2,2,6,6,,,,,,,,,
12110372,1,1,7,3,0,,,,,,,,
12110388,1,1,6,3,4,,,,,,,,
12110419,2,2,6,6,,,,,,,,,
12110441,0,0,3,1,,,,,,,,,
12110442,1,1,7,4,2,,,11,,,,,
12110453,0,0,6,1,,,,2,,,,,
12110455,2,2,6,6,,,,,,,,,
12110456,1,1,6,4,4,,,,,,,,
12110457,2,2,6,6,,,,,,,,,
12110459,2,2,6,6,,,,,,,,,
12110460,2,2,3,7,6,,,,,,,,
12110467,0,0,6,5,,,,8,,,,,
12110477,2,2,7,6,,,,7,,,,,
12110493,1,1,3,7,4,,,,7,,,,
12110494,2,2,6,4,6,,,,,,,,
12110495,2,2,6,6,,,,,,,,,
12110506,0,0,2,1,,,,,,,,,
12110513,2,2,6,6,,,,,,,,,
12110514,2,2,6,6,,,,,,,,,
12110517,2,2,6,6,,,,,,,,,
12110518,2,2,7,6,,,,7,,,,,
12110520,2,2,6,6,,,,,,,,,
12110530,1,1,1,6,2,,,,,,,,
12110534,0,0,3,6,,,,,3,,,,
12110566,0,0,4,1,,,,,,,,,
12110572,2,2,6,6,,,,,,,,,
12110582,2,2,4,6,6,,,,,,,,
12110583,2,2,6,7,,,,,,,,,
12110585,0,0,2,2,,,,,,,,,
12110586,2,2,6,6,,,,,,,,,
12110592,0,0,0,4,,,,,,,,,
12110633,2,2,6,6,,,,,,,,,
12110636,0,0,4,4,,,,,,,,,
12110637,1,1,6,6,5,,,,4,,,,
12110649,0,0,1,0,,,,,,,,,
12110650,2,2,6,6,,,,,,,,,
12110651,2,2,6,3,6,,,,,,,,
12110656,2,2,3,6,6,,,,,,,,
12110659,0,0,3,4,,,,,,,,,
12110660,0,0,1,1,,,,,,,,,
12110662,2,2,7,6,,,,,,,,,
12110663,0,0,4,2,,,,,,,,,
12110664,2,2,6,6,,,,,,,,,
12110665,1,1,6,5,2,,,,,,,,
12110670,2,2,6,6,,,,,,,,,
12110675,0,0,4,6,,,,,3,,,,
12110702,1,1,7,4,2,,,,,,,,
12110714,0,0,5,0,,,,,,,,,
12110733,2,2,7,6,,,,7,,,,,
12110735,1,1,1,6,1,,,,,,,,
12110736,0,0,1,4,,,,,,,,,
12110749,2,2,2,6,6,,,,,,,,
12110831,2,2,6,3,6,,,,,,,,
12110832,0,0,3,3,,,,,,,,,
12110833,1,1,6,6,3,,,3,,,,,
12110834,0,0,4,3,,,,,,,,,
12110835,0,0,1,2,,,,,,,,,
12110848,0,0,6,3,,,,3,,,,,
12110849,2,2,7,7,,,,,7,,,,
12110850,0,0,3,1,,,,,,,,,
12110863,0,0,4,1,,,,,,,,,
12110864,2,2,6,6,,,,,,,,,
12110875,2,2,6,6,,,,,,,,,
12110876,0,0,2,4,,,,,,,,,
12110885,2,2,4,7,6,,,,9,,,,
12110886,1,1,6,6,2,,,,3,,,,
12110892,2,2,7,6,,,,7,,,,,
12110893,0,0,3,5,,,,,,,,,
12110894,2,2,6,4,6,,,,,,,,
12110918,0,0,2,2,,,,,,,,,
12110919,2,2,6,6,,,,,,,,,
12110975,0,0,4,5,,,,,,,,,
12110976,2,2,3,6,6,,,,,,,,
12110977,2,2,6,4,6,,,,,,,,
12111058,0,0,4,0,,,,,,,,,
12111059,2,2,6,7,,,,,9,,,,
12111081,0,0,3,4,,,,,,,,,
12111082,1,1,4,6,1,,,,,,,,
12111094,2,2,6,7,,,,,7,,,,
12111128,0,0,4,4,,,,,,,,,
12111129,1,1,4,6,4,,,,,,,,
12111174,2,2,7,7,,,,,7,,,,
12111176,1,1,4,6,1,,,,,,,,
12111177,0,0,4,4,,,,,,,,,
12111182,1,1,6,4,1,,,,,,,,
12111184,0,0,6,5,,,,7,,,,,
12111214,0,0,4,3,,,,,,,,,
12111222,2,2,2,6,7,,,,,,,,
12111229,2,2,1,6,7,,,,,7,,,
12111232,0,0,4,4,,,,,,,,,
12111233,2,2,6,6,,,,,,,,,
12111235,0,0,2,4,,,,,,,,,
12111291,0,0,6,4,,,,2,,,,,
12111305,2,2,4,6,6,,,,,,,,
12111340,2,2,6,6,,,,,,,,,
12111377,0,0,3,6,,,,,4,,,,
12111400,0,0,4,2,,,,,,,,,
12111413,0,0,2,,,,,,,,,,
12111435,0,0,3,0,,,,,,,,,
12111444,2,2,6,6,,,,,,,,,
12111445,1,1,6,,,,,,,,,,
12111465,1,1,2,6,2,,,,,,,,
12111466,2,2,6,6,,,,,,,,,
12111490,2,2,6,4,6,,,,,,,,
12111509,2,2,7,3,6,,,,,,,,
12111522,2,2,6,6,,,,,,,,,
12111542,0,0,4,3,,,,,,,,,
12111560,2,2,6,5,6,,,,,,,,
12111566,2,2,6,6,,,,,,,,,
12111571,1,1,6,3,,,,,,,,,
12111572,2,2,3,7,6,,,,8,,,,
12111605,0,0,4,6,,,,,2,,,,
12111635,2,2,6,6,,,,,,,,,
12111692,0,0,4,5,,,,,,,,,
12111693,2,2,7,2,6,,,7,,,,,
12111700,2,2,6,6,,,,,,,,,
12111746,2,2,6,6,,,,,,,,,
12111784,2,2,5,6,6,,,,,,,,
12111866,1,1,6,4,1,,,,,,,,
12111980,2,2,6,6,,,,,,,,,
12111990,2,2,6,6,,,,,,,,,
12112023,0,0,3,0,,,,,,,,,
12112050,2,2,6,4,6,,,,,,,,
12112058,2,2,6,6,,,,,,,,,
12112096,0,0,1,1,,,,,,,,,
12112183,2,2,6,6,,,,,,,,,
12112193,2,2,6,6,,,,,,,,,
12112205,0,0,3,4,,,,,,,,,
12112214,2,2,6,6,,,,,,,,,
12112643,0,0,2,4,,,,,,,,,
12112644,2,2,6,6,,,,,,,,,
12112648,1,1,1,6,5,,,,,,,,
12112649,2,2,6,6,,,,,,,,,
12112650,2,2,3,6,6,,,,,,,,
12112652,2,2,7,6,,,,,,,,,
12112673,0,0,1,1,,,,,,,,,
12112674,0,0,1,1,,,,,,,,,
12112705,1,1,5,6,5,,,,,,,,
12112706,0,0,4,6,,,,,4,,,,
12112709,2,2,3,7,7,,,,,,,,
12112710,2,2,6,6,,,,,,,,,
12112740,0,0,3,5,,,,,,,,,
12112743,0,0,5,3,,,,,,,,,
12112746,0,0,3,2,,,,,,,,,
12112747,0,0,2,4,,,,,,,,,
12112795,1,1,6,3,4,,,,,,,,
12112816,0,0,2,0,,,,,,,,,
12112897,0,0,1,1,,,,,,,,,
12113049,2,2,6,2,6,,,,,,,,
12113218,0,0,4,6,,,,,3,,,,
12113219,0,0,4,5,,,,,,,,,
12113268,2,2,6,6,,,,,,,,,
12113284,2,2,6,6,,,,,,,,,
12113285,2,2,7,3,6,,,,,,,,
12113294,2,2,6,6,,,,,,,,,
12113295,1,1,6,2,4,,,,,,,,
12113307,0,0,1,0,,,,,,,,,
12113308,2,2,6,7,,,,,9,,,,
12113325,2,2,6,6,,,,,,,,,
12113351,2,2,7,6,7,,,,1,7,,,
12113520,1,1,6,3,3,,,,,,,,
12113560,2,2,6,4,7,,,,,,,,
12113601,0,0,4,4,,,,,,,,,
12113637,2,2,6,6,,,,,,,,,
12113638,2,2,6,6,,,,,,,,,
12113698,0,0,5,4,,,,,,,,,
12113724,2,2,7,6,,,,,,,,,
12113725,0,0,3,4,,,,,,,,,
12113726,2,2,6,6,,,,,,,,,
12113753,2,2,6,7,,,,,7,,,,
12113769,0,0,1,2,,,,,,,,,
12113771,2,2,7,6,,,,7,,,,,
12113823,2,2,6,6,,,,,,,,,
12113840,0,0,3,4,,,,,,,,,
12113857,0,0,3,4,,,,,,,,,
12113875,2,2,6,6,,,,,,,,,
12113877,2,2,6,7,,,,,7,,,,
12113879,2,2,6,6,,,,,,,,,
12113902,2,2,6,6,,,,,,,,,
12113937,2,2,6,3,7,,,,,7,,,
12113989,0,0,5,4,,,,,,,,,
12113990,0,0,0,,,,,,,,,,
12113991,2,2,7,6,,,,7,,,,,
12114091,2,2,6,5,6,,,,,,,,
12114171,1,1,6,5,3,,,,,,,,
12114291,2,2,6,7,,,,,7,,,,
12114293,2,2,2,6,6,,,,,,,,
12114411,2,2,6,6,,,,,,,,,
12114412,0,0,4,3,,,,,,,,,
12114506,0,0,3,5,,,,,,,,,
12114507,1,1,6,1,4,,,,,,,,
12114646,2,2,6,4,6,,,,,,,,
12114659,0,0,3,4,,,,,,,,,
12114675,2,2,6,3,6,,,,,,,,
12114745,2,2,6,6,,,,,,,,,
12114877,2,2,7,6,,,,7,,,,,
12114926,2,2,3,6,7,,,,,7,,,
12114975,2,2,6,6,,,,,,,,,
12115070,0,0,5,3,,,,,,,,,
12115163,1,1,3,7,1,,,,7,,,,
12115176,2,2,6,4,6,,,,,,,,
12115417,0,0,2,2,,,,,,,,,
12116852,2,2,6,5,6,,,,,,,,
12117459,0,0,3,2,,,,,,,,,
12113561,2,2,7,6,,,,,,,,,
12112746,0,1,4,2,,,,,,,,,
12111572,3,3,4,7,6,,,,9,,,,
12115413,1,1,4,3,,,,,,,,,
12111692,1,0,5,5,,,,,,,,,
12117362,2,2,6,7,,,,,,,,,
12088058,3,2,4,8,10,,,,9,,,,
12115417,0,1,3,3,,,,,,,,,
12087307,2,3,5,7,7,,,,7,,,,
12114091,3,3,7,6,7,,,,,,,,
12113560,3,2,7,4,8,,,,,,,,
12087267,0,1,5,3,,,,,,,,,
12088095,2,3,4,7,6,,,,,,,,
12087936,2,3,7,7,,,,,,,,,
12118220,2,2,7,7,6,,,4,,,,,
12110675,0,1,4,7,,,,,4,,,,
12107829,1,0,3,4,,,,,,,,,
12117667,3,2,6,7,,,,,,,,,
12113284,2,3,6,6,,,,,,,,,
12112644,3,3,6,7,,,,,,,,,
12088073,2,2,6,5,,,,,,,,,
12088025,0,1,2,6,,,,,,,,,
12087282,2,3,4,7,6,,,,7,,,,
12113520,1,2,7,3,3,,,,,,,,
12115294,1,2,6,5,3,,,,,,,,
12115432,2,3,7,7,,,,,,,,,
12087937,2,2,7,6,,,,,,,,,
12115482,3,3,7,6,,,,,,,,,
12116318,3,2,7,7,,,,7,,,,,
12110714,0,1,5,0,,,,,,,,,
12117624,1,2,4,6,2,,,,,,,,
12088040,1,1,3,4,,,,,,,,,
12112747,1,0,3,5,,,,,,,,,
12109018,3,3,6,7,,,,,,,,,
12113601,0,1,4,5,,,,,,,,,
12113902,2,3,7,7,,,,,,,,,
12112193,2,2,7,6,,,,,,,,,
12117499,2,2,2,8,7,,,,,8,,,
12111700,3,2,6,7,,,,,,,,,
12088051,1,1,7,4,,,,5,,,,,
12088078,1,0,4,4,,,,,,,,,
12108169,0,0,5,5,,,,,,,,,
12114975,3,3,6,7,,,,,,,,,
12110977,2,3,7,4,7,,,,,,,,
12087314,2,2,2,7,6,,,,,,,,
12088090,0,0,3,3,,,,,,,,,
12113989,1,0,6,5,,,,,,,,,
12112709,3,3,3,8,8,,,,,,,,
12113875,3,2,6,7,,,,,,,,,
12087303,1,0,3,,,,,,,,,,
12117623,3,3,7,3,6,,,,,,,,
12113308,2,2,7,7,,,,,10,,,,
12111990,2,2,6,7,,,,,,,,,
12111413,1,1,2,,,,,,,,,,
12114293,2,2,3,7,7,,,,,,,,
12106354,2,2,7,7,,,,,,,,,
12115451,2,2,7,7,,,,,,,,,
12116337,3,2,6,7,,,,,,,,,
12116336,1,1,3,7,3,,,,,,,,
12114215,2,3,6,7,,,,,,,,,
12116719,2,3,7,8,,,,,,,,,
12112710,3,2,7,6,,,,,,,,,
12109003,2,3,6,4,6,,,,,,,,
12113317,3,2,4,6,7,,,,,,,,
12112648,1,2,1,7,5,,,,,,,,
12115547,2,3,6,7,,,,,,,,,
12087269,0,1,5,3,,,,,,,,,
12087927,1,1,7,7,,,,3,0,,,,
12114956,0,1,5,4,,,,,,,,,
12111784,3,3,5,6,7,,,,,,,,
12112743,1,1,5,4,,,,,,,,,
12112795,2,2,7,4,5,,,,,,,,
12114171,2,1,6,6,3,,,,,,,,
12088057,2,2,7,7,,,,8,,,,,
12113753,3,3,6,7,,,,,8,,,,
12114508,2,2,6,7,,,,,,,,,
12116344,2,3,6,4,6,,,,,,,,
12114764,3,3,6,6,,,,,,,,,
12114675,2,2,7,3,6,,,,,,,,
12117901,2,2,4,7,7,,,,,,,,
12087917,1,0,3,2,,,,,,,,,
12112643,0,1,2,4,,,,,,,,,
12113840,0,0,3,5,,,,,,,,,
12111435,0,1,4,0,,,,,,,,,
12112023,1,1,3,1,,,,,,,,,
12113769,1,0,2,3,,,,,,,,,
12113268,3,3,7,7,,,,,,,,,
12118853,2,2,7,7,,,,,,,,,
12113307,0,0,1,1,,,,,,,,,
12114412,0,1,5,3,,,,,,,,,
12115057,3,3,7,6,,,,8,,,,,
12088056,0,0,5,5,,,,,,,,,
12118243,1,1,4,3,,,,,,,,,
12110514,3,2,6,7,,,,,,,,,
12116339,1,1,6,1,,,,6,,,,,
12113294,2,2,7,6,,,,,,,,,
12087946,0,0,6,7,,,,5,3,,,,
12087271,3,3,8,7,,,,9,,,,,
12087922,2,2,3,6,7,,,,,,,,
12111490,2,3,6,5,6,,,,,,,,
12088019,3,2,5,8,6,,,,,,,,
12116852,3,3,7,6,6,,,,,,,,
12106257,3,2,5,7,6,,,,,,,,
12113823,3,2,6,6,,,,,,,,,
12112673,0,1,1,2,,,,,,,,,
12116699,3,3,7,7,,,,7,,,,,
12087277,1,1,7,4,4,,,,,,,,
12113726,2,3,7,6,,,,,,,,,
12118435,1,1,6,4,2,,,,,,,,
12087889,,,6,8,6,,,4,8,,,,
12111866,2,2,6,4,2,,,,,,,,
12115163,1,2,4,8,2,,,,8,,,,
12087309,0,0,5,2,,,,,,,,,
12115577,1,2,7,5,2,,,,,,,,
12113990,1,0,0,,,,,,,,,,
12088020,2,2,6,7,6,,,9,,,,,
12113770,2,3,7,7,,,,,,,,,
12115070,1,0,5,3,,,,,,,,,
12118244,1,1,7,6,6,,,4,,3,,,
12117498,0,0,6,3,,,,,,,,,
12113991,3,3,8,7,,,,8,,,,,
12112705,1,1,6,7,6,,,,,,,,
12113698,0,1,5,4,,,,,,,,,
12087941,3,2,6,3,7,,,,,,,,
12111746,3,3,6,7,,,,,,,,,
12112706,0,1,5,7,,,,,5,,,,
12110875,2,3,7,6,,,,,,,,,
12088076,1,2,7,6,7,,,,1,7,,,
12087923,2,2,4,6,0,,,,,,,,
12114877,3,3,8,7,,,,8,,,,,
12114646,2,2,7,4,6,,,,,,,,
12088050,3,3,8,8,,,,8,8,,,,
12111635,3,3,7,6,,,,,,,,,
12112650,2,2,3,7,6,,,,,,,,
12113857,1,1,4,5,,,,,,,,,
12088016,2,1,3,6,6,,,,,3,,,
12116371,0,0,4,2,,,,,,,,,
12113879,3,3,7,6,,,,,,,,,
12111059,2,3,7,7,,,,,9,,,,
12117691,2,2,6,4,7,,,,,,,,
12087266,2,2,3,6,1,,,,,,,,
12110850,0,0,4,1,,,,,,,,,
12116372,2,1,3,7,5,,,,,,,,
12111693,3,3,7,2,6,,,8,,,,,
12111980,2,2,6,6,,,,,,,,,
12116878,2,1,7,1,,,,,,,,,
12113771,3,3,8,6,,,,7,,,,,
12117459,1,1,4,2,,,,,,,,,
12106247,2,1,6,5,4,,,,,,,,
12087318,0,0,1,3,,,,,,,,,
12113049,2,3,6,3,6,,,,,,,,
12111566,3,2,7,7,,,,,,,,,
12112816,0,1,3,0,,,,,,,,,
12112649,3,2,7,6,,,,,,,,,
12109297,2,2,5,6,7,,,,,9,,,
12114745,2,3,6,7,,,,,,,,,
12088018,0,0,6,7,,,,4,5,,,,
12113219,0,0,5,5,,,,,,,,,
12113637,2,2,7,6,,,,,,,,,
12117874,3,2,7,7,,,,,,,,,
12087895,1,2,6,6,4,,,,8,,,,
12117970,2,3,7,6,,,,,,,,,
12087305,2,3,4,7,6,,,,7,,,,
12113724,3,2,7,6,,,,,,,,,
12113638,2,2,6,7,,,,,,,,,
12110919,3,2,7,6,,,,,,,,,
12112674,1,1,2,2,,,,,,,,,
12115176,3,3,7,4,7,,,,,,,,
12117823,1,1,7,2,6,,,,,0,,,
12087939,3,2,7,6,7,,,,6,,,,
12087942,1,2,6,4,2,,,,,,,,
12113351,3,2,8,7,7,,,,2,8,,,
12087901,1,0,5,3,,,,,,,,,
12116672,1,1,4,7,,,,,1,,,,
12112050,2,3,7,4,7,,,,,,,,
12087279,2,2,7,3,7,,,,,,,,
12112652,2,2,7,6,,,,,,,,,
12112214,3,2,7,6,,,,,,,,,
12112897,0,0,1,2,,,,,,,,,
12118602,2,2,7,3,7,,,,,,,,
12088067,3,3,8,7,,,,10,7,,,,
12087311,3,3,6,7,,,,,,,,,
12088027,1,0,1,5,,,,,,,,,
12087900,2,3,6,6,,,,,,,,,
12115380,0,1,3,2,,,,,,,,,
12112183,3,3,6,7,,,,,,,,,
12088071,2,2,7,8,,,,8,,,,,
12118510,2,2,7,7,,,,,,,,,
12115412,1,0,6,1,,,,,,,,,
12113937,3,2,6,3,7,,,,,7,,,
12117656,1,2,6,4,,,,,,,,,
12113877,2,2,6,8,,,,,7,,,,
12113218,0,1,4,7,,,,,3,,,,
12112740,1,1,3,5,,,,,,,,,
12087947,1,1,5,5,,,,,,,,,
12088046,2,3,7,7,,,,,,,,,
12117464,1,0,5,2,,,,,,,,,
12112205,0,0,4,5,,,,,,,,,
12088038,0,0,6,3,,,,4,,,,,
12111445,1,1,6,,,,,,,,,,
12114926,2,3,3,7,7,,,,,7,,,
12109807,1,1,6,,,,,,,,,,
12107741,2,3,6,7,,,,,,,,,
12114506,1,0,4,6,,,,,,,,,
12118601,2,3,6,7,,,,,,,,,
12087949,2,2,6,7,,,,,,,,,
12112058,2,2,7,7,,,,,,,,,
12113285,3,2,8,4,6,,,,,,,,
12114659,1,0,3,5,,,,,,,,,
12110894,2,2,6,4,6,,,,,,,,
12114411,3,2,7,7,,,,,,,,,
12111571,1,1,7,3,,,,,,,,,
12111214,1,0,4,3,,,,,,,,,
12116545,2,1,5,7,7,,,,,0,,,
12113322,3,3,6,7,,,,,,,,,
12112096,0,1,1,2,,,,,,,,,
12110863,0,0,5,1,,,,,,,,,
12111605,0,0,4,7,,,,,3,,,,
12114291,3,2,6,7,,,,,7,,,,
12115875,2,2,8,0,8,,,7,,8,,,
12088049,3,2,8,7,,,,12,,,,,
12116338,2,3,7,6,,,,,,,,,
12087310,2,3,6,6,,,,,,,,,
12117465,2,3,8,8,,,,,7,,,,
12110886,2,2,7,6,3,,,,4,,,,
12117997,2,3,6,7,,,,,,,,,
12111466,2,2,6,6,,,,,,,,,
12087924,3,3,2,6,6,,,,,,,,
12116452,2,2,8,6,,,,,,,,,
12087270,2,2,7,4,6,,,,,,,,
12113325,2,2,7,7,,,,,,,,,
12113295,2,2,7,3,5,,,,,,,,
12115456,3,2,6,6,,,,,,,,,
12113725,0,0,4,4,,,,,,,,,
12088092,2,2,6,5,4,,,,,,,,
12088072,3,2,7,7,,,,,,,,,
12087925,3,3,6,7,6,,,8,,,,,
12114507,1,1,6,1,5,,,,,,,,
12088069,2,3,7,8,,,,,,,,,
12088086,2,3,6,7,,,,,,,,,
12088021,3,3,7,6,,,,,,,,,
12110637,1,2,7,6,6,,,,4,,,,
12121196,2,3,7,7,,,,,,,,,
12121029,3,3,1,6,11,,,,,,,,
12120483,3,3,6,6,,,,,,,,,
12121731,2,2,3,6,11,,,,,,,,
12121058,2,3,6,7,,,,,,,,,
12113561,3,3,6,6,,,,,,,,,
12121340,,,,,,,,,,,,,
12115413,0,1,5,4,,,,,,,,,
12111692,0,0,5,6,,,,,,,,,
12117362,3,2,7,7,,,,,,,,,
12121288,2,2,6,7,,,,,,,,,
12121730,2,1,4,6,5,,,,,,,,
12121096,2,2,4,8,11,,,,,,,,
12115417,0,1,3,3,,,,,,,,,
12120471,3,2,7,6,,,,,,,,,
12087284,1,0,3,1,,,,,,,,,
12121110,3,3,7,7,,,,,,,,,
12121061,2,3,7,7,,,,,,,,,
12121306,2,2,7,7,,,,,,,,,
12121177,0,0,4,1,,,,,,,,,
12087267,0,0,4,3,,,,,,,,,
12087936,3,3,6,7,,,,,,,,,
12121186,3,2,7,7,,,,,,,,,
12121411,3,3,6,7,,,,,,,,,
12121211,1,2,6,8,3,,,,,,,,
12118220,2,2,7,6,7,,,3,,,,,
12121037,1,1,0,2,,,,,,,,,
12121384,1,1,0,3,,,,,,,,,
12121364,3,3,6,6,,,,,,,,,
12121351,,,,,,,,,,,,,
12121100,1,1,2,4,,,,,,,,,
12122138,0,1,2,5,,,,,,,,,
12121301,0,1,2,3,,,,,,,,,
12117667,2,3,7,7,,,,,,,,,
12121175,3,3,6,7,,,,,,,,,
12120616,2,2,4,8,8,,,,,,,,
12120462,3,2,7,7,,,,,,,,,
12121192,0,0,2,1,,,,,,,,,
12121222,,,,,,,,,,,,,
12121425,2,2,6,6,,,,,,,,,
12121050,1,1,1,2,,,,,,,,,
12121191,3,3,6,6,,,,,,,,,
12121243,3,2,6,6,,,,,,,,,
12143171,3,2,3,8,11,,,,,,,,
12121069,2,1,7,0,6,,,,,,,,
12121265,1,2,6,4,9,,,,,,,,
12115294,1,1,7,5,2,,,,,,,,
12115432,2,2,6,7,,,,,,,,,
12121374,2,3,8,6,,,,,,,,,
12087304,1,0,4,7,,,,,5,,,,
12121706,3,3,6,7,,,,,,,,,
12121701,0,1,2,5,,,,,,,,,
12115482,3,3,7,7,,,,,,,,,
12121319,1,1,4,7,5,,,,,,,,
12120603,0,0,1,1,,,,,,,,,
12121310,2,3,7,6,,,,,,,,,
12116318,2,2,8,6,,,,8,,,,,
12117624,2,2,4,6,2,,,,,,,,
12121430,1,1,1,1,,,,,,,,,
12120617,3,3,4,6,10,,,,,,,,
12088040,0,0,4,4,,,,,,,,,
12121235,0,0,2,1,,,,,,,,,
12121737,3,2,7,6,,,,,,,,,
12121057,1,1,2,0,,,,,,,,,
12121405,1,1,7,2,3,,,,,,,,
12121076,0,0,2,5,,,,,,,,,
12121040,1,1,2,0,,,,,,,,,
12121161,3,2,6,6,,,,,,,,,
12117499,3,2,1,7,8,,,,,7,,,
12121434,1,1,1,5,,,,,,,,,
12121734,2,3,6,6,,,,,,,,,
12121440,1,0,3,4,,,,,,,,,
12121699,1,1,2,2,,,,,,,,,
12120465,1,1,3,2,,,,,,,,,
12121415,0,0,2,3,,,,,,,,,
12121292,2,2,7,6,,,,,,,,,
12121052,1,1,6,4,,,,,,,,,
12121370,2,3,7,7,,,,,,,,,
12088051,1,0,6,4,,,,6,,,,,
12088078,0,1,3,4,,,,,,,,,
12121223,1,1,6,0,0,,,,,,,,
12120744,3,2,6,6,,,,,,,,,
12123806,1,1,1,1,,,,,,,,,
12114975,2,3,7,7,,,,,,,,,
12088017,2,2,7,6,,,,,,,,,
12121003,3,3,6,6,,,,,,,,,
12118939,0,1,6,7,,,,,4,,,,
12121242,2,2,7,6,,,,,,,,,
12121318,2,2,7,5,11,,,,,,,,
12121015,3,2,6,7,,,,,,,,,
12088077,2,3,3,6,7,,,,,7,,,
12087314,2,3,2,7,6,,,,,,,,
12121294,3,2,7,6,,,,,,,,,
12120607,1,1,3,7,9,,,,,,,,
12121427,1,1,7,2,3,,,,,,,,
12121022,2,2,7,6,,,,,,,,,
12120998,1,0,1,1,,,,,,,,,
12118818,2,2,6,6,,,,,,,,,
12087303,1,0,2,,,,,,,,,,
12120602,2,1,7,2,8,,,,,,,,
12121272,1,2,7,2,8,,,,,,,,
12087920,3,3,7,6,,,,,,,,,
12117623,2,3,6,3,6,,,,,,,,
12120614,2,2,7,7,,,,,,,,,
12121437,3,3,6,6,11,,,,,,,,
12121060,1,1,2,2,,,,,,,,,
12120463,1,1,5,1,,,,,,,,,
12121733,1,1,4,2,,,,,,,,,
12120451,1,1,4,2,,,,,,,,,
12121402,3,2,7,7,,,,,,,,,
12121422,2,2,6,6,,,,,,,,,
12123736,0,1,2,4,,,,,,,,,
12120467,0,0,2,0,,,,,,,,,
12115451,3,2,7,7,,,,,,,,,
12121365,1,1,2,4,,,,,,,,,
12121239,2,3,7,7,,,,,,,,,
12121322,2,2,7,6,13,,,,,,,,
12116337,3,2,7,6,,,,,,,,,
12121720,1,0,1,0,,,,,,,,,
12121268,1,0,3,0,,,,,,,,,
12121332,1,1,1,3,,,,,,,,,
12121121,3,3,7,7,,,,,,,,,
12121083,1,0,5,3,,,,,,,,,
12121269,1,0,1,0,,,,,,,,,
12116336,1,1,4,6,2,,,,,,,,
12114215,2,3,7,7,,,,,,,,,
12116719,3,2,6,8,,,,,,,,,
12121366,3,3,7,6,,,,,,,,,
12120464,1,1,3,2,,,,,,,,,
12121065,2,1,6,7,8,,,,,,,,
12113317,3,3,4,6,6,,,,,,,,
12115547,2,3,6,7,,,,,,,,,
12121086,0,0,0,1,,,,,,,,,
12087269,0,1,5,2,,,,,,,,,
12121345,3,2,7,7,,,,,,,,,
12121414,3,2,8,5,10,,,,,,,,
12122131,0,0,1,0,,,,,,,,,
12121266,1,1,2,1,,,,,,,,,
12114956,0,1,4,4,,,,,,,,,
12121379,3,3,6,7,,,,,,,,,
12087950,1,2,7,4,5,,,,,,,,
12121230,2,3,7,6,,,,,,,,,
12114171,1,2,7,5,4,,,,,,,,
12121074,2,3,7,6,,,,,,,,,
12121728,3,3,6,7,,,,,,,,,
12121184,1,1,1,0,,,,,,,,,
12121078,3,2,7,7,,,,,,,,,
12122766,2,3,7,7,,,,,,,,,
12114508,3,2,7,7,,,,,,,,,
12116344,3,3,7,3,6,,,,,,,,
12121291,0,0,2,5,,,,,,,,,
12121297,2,2,7,6,,,,,,,,,
12121081,3,2,6,6,,,,,,,,,
12121059,3,2,6,6,10,,,,,,,,
12114764,2,3,7,6,,,,,,,,,
12121127,1,1,2,3,,,,,,,,,
12117901,3,2,5,7,6,,,,,,,,
12120612,2,3,6,6,,,,,,,,,
12121429,1,1,2,1,,,,,,,,,
12119930,1,2,3,8,3,,,,8,,,,
12121431,3,3,6,6,,,,,,,,,
12121441,1,0,4,2,,,,,,,,,
12122124,2,3,7,7,,,,,,,,,
12121221,1,1,6,5,9,,,,,,,,
12143168,3,2,7,6,,,,,,,,,
12121028,3,2,7,7,,,,,,,,,
12121409,1,0,2,1,,,,,,,,,
12121122,,,,,,,,,,,,,
12121259,3,3,8,1,17,,,,,,,,
12121418,2,1,6,5,10,,,,,,,,
12121095,,,,,,,,,,,,,
12121248,3,2,6,6,,,,,,,,,
12118853,3,3,6,8,,,,,,,,,
12120610,3,3,7,6,,,,,,,,,
12121260,2,3,6,7,,,,,,,,,
12121201,3,3,6,7,11,,,,,,,,
12121011,2,3,6,7,,,,,,,,,
12121228,2,3,7,6,,,,,,,,,
12121300,3,3,7,7,,,,,,,,,
12121299,3,3,6,6,,,,,,,,,
12121021,1,0,3,7,,,,,,,,,
12121234,1,1,0,2,,,,,,,,,
12121216,0,1,2,3,,,,,,,,,
12115057,2,2,7,6,,,,8,,,,,
12120445,3,2,6,6,,,,,,,,,
12121046,2,2,7,6,,,,,,,,,
12088056,1,1,5,5,,,,,,,,,
12087938,0,0,4,3,,,,,,,,,
12118243,0,1,5,3,,,,,,,,,
12121090,1,1,4,2,,,,,,,,,
12116339,1,0,6,0,,,,7,,,,,
12122141,0,1,1,1,,,,,,,,,
12120470,3,3,6,7,,,,,,,,,
12121185,,,,,,,,,,,,,
12121200,1,1,7,2,3,,,,,,,,
12121014,2,3,3,6,11,,,,,,,,
12121700,3,2,6,6,,,,,,,,,
12121048,3,2,7,6,,,,,,,,,
12121111,1,1,7,6,3,,,,4,,,,
12120615,3,2,7,7,,,,,,,,,
12121336,3,2,6,6,,,,,,,,,
12119028,1,2,7,3,3,,,,,,,,
12087946,0,0,7,7,,,,6,4,,,,
12121426,0,1,3,2,,,,,,,,,
12121068,1,0,2,1,,,,,,,,,
12121123,2,3,6,8,,,,,,,,,
12121307,3,2,6,6,,,,,,,,,
12121550,2,2,7,7,,,,,,,,,
12121376,3,2,7,7,,,,,,,,,
12087922,3,3,4,6,7,,,,,,,,
12121126,3,3,6,7,,,,,,,,,
12088019,3,2,5,7,7,,,,,,,,
12121819,,,,,,,,,,,,,
12121311,,,,,,,,,,,,,
12120606,1,1,4,7,9,,,,,,,,
12121026,1,0,0,1,,,,,,,,,
12120452,3,3,6,6,,,,,,,,,
12121331,3,3,6,7,,,,,,,,,
12121054,3,2,6,7,,,,,,,,,
12121010,1,1,1,2,,,,,,,,,
12121302,3,3,6,3,11,,,,,,,,
12121038,0,1,2,2,,,,,,,,,
12121197,1,1,3,3,,,,,,,,,
12116699,2,2,8,6,,,,7,,,,,
12121188,,,,,,,,,,,,,
12087277,2,1,6,4,4,,,,,,,,
12121087,0,0,0,2,,,,,,,,,
12121593,2,3,6,4,7,,,,,,,,
12121264,,,,,,,,,,,,,
12121072,3,3,7,7,,,,,,,,,
12121027,,,,,,,,,,,,,
12121213,3,3,7,6,,,,,,,,,
12118435,2,2,7,4,3,,,,,,,,
12120609,0,1,1,1,,,,,,,,,
12087889,,,7,8,6,,,4,7,,,,
12121270,0,1,3,0,,,,,,,,,
12115163,2,1,4,8,2,,,,8,,,,
12087309,0,1,4,2,,,,,,,,,
12115577,1,2,7,6,2,,,,,,,,
12121190,1,2,8,3,9,,,,,,,,
12113770,3,2,6,7,,,,,,,,,
12118244,1,2,6,6,7,,,4,,3,,,
12117498,0,1,5,4,,,,,,,,,
12121067,3,3,7,6,,,,,,,,,
12121303,1,1,3,2,,,,,,,,,
12121317,2,2,3,7,10,,,,,,,,
12121049,3,3,6,7,,,,,,,,,
12121710,0,1,2,3,,,,,,,,,
12121421,1,1,0,2,,,,,,,,,
12120739,3,2,7,4,7,,,,,,,,
12120475,3,2,7,7,,,,,,,,,
12120611,3,2,6,1,15,,,,,,,,
12088076,1,2,6,6,7,,,,1,8,,,
12087923,2,1,3,7,0,,,,,,,,
12114877,2,2,8,7,,,,7,,,,,
12121225,,,,,,,,,,,,,
12121385,0,0,4,5,,,,,,,,,
12121327,1,1,5,2,,,,,,,,,
12121271,0,0,4,0,,,,,,,,,
12121245,2,3,7,7,,,,,,,,,
12121118,3,2,7,6,,,,7,,,,,
12143174,,,,,,,,,,,,,
12121363,1,1,1,1,,,,,,,,,
12121388,0,0,3,3,,,,,,,,,
12121432,2,2,6,4,5,,,,,,,,
12121338,1,0,1,5,,,,,,,,,
12121036,0,0,0,2,,,,,,,,,
12121098,3,2,6,7,,,,,,,,,
12121007,2,2,7,6,,,,,,,,,
12121232,3,3,7,7,,,,,,,,,
12121233,,,,,,,,,,,,,
12088016,1,1,4,7,7,,,,,3,,,
12116371,1,1,4,3,,,,,,,,,
12121092,0,0,4,1,,,,,,,,,
12121335,1,0,0,0,,,,,,,,,
12121419,2,2,6,7,,,,,,,,,
12117691,3,3,6,4,8,,,,,,,,
12121262,2,3,6,6,,,,,,,,,
12121053,3,3,6,7,,,,,,,,,
12116372,1,1,3,8,5,,,,,,,,
12121250,2,3,6,7,,,,,,,,,
12121075,1,1,5,7,5,,,,,,,,
12116878,1,2,6,1,,,,,,,,,
12087898,3,2,6,7,,,,,,,,,
12121341,3,3,6,6,,,,,,,,,
12121018,0,1,2,3,,,,,,,,,
12121382,1,2,4,7,9,,,,,,,,
12121296,3,2,1,6,10,,,,,,,,
12121339,1,1,7,2,12,,,,,,,,
12121587,2,3,7,4,6,,,,,,,,
12117459,1,1,3,2,,,,,,,,,
12121094,2,3,5,7,11,,,,,,,,
12121273,1,1,4,4,,,,,,,,,
12119953,3,2,7,7,,,,,,,,,
12143169,,,,,,,,,,,,,
12121387,2,3,2,7,10,,,,,,,,
12121428,3,2,8,7,,,,,,,,,
12121194,0,1,3,3,,,,,,,,,
12121304,3,3,7,6,,,,,,,,,
12121349,3,2,7,6,,,,,,,,,
12121381,2,2,6,6,,,,,,,,,
12121444,,,,,,,,,,,,,
12121025,2,2,6,7,,,,,,,,,
12121199,2,3,7,7,,,,,,,,,
12121214,1,0,3,4,,,,,,,,,
12121195,2,2,6,4,11,,,,,,,,
12088052,0,0,5,2,,,,,,,,,
12120604,3,3,6,6,,,,,,,,,
12121042,2,3,6,7,,,,,,,,,
12121020,0,0,3,4,,,,,,,,,
12121399,2,2,3,7,11,,,,,,,,
12121231,3,2,7,5,11,,,,,,,,
12121179,0,1,5,2,,,,,,,,,
12120473,0,1,3,3,,,,,,,,,
12121329,,,,,,,,,,,,,
12121088,0,1,1,0,,,,,,,,,
12121377,3,3,6,6,,,,,,,,,
12120502,2,2,6,6,,,,,,,,,
12121347,1,1,3,4,,,,,,,,,
12121315,3,2,4,7,11,,,,,,,,
12121187,2,2,6,7,,,,,,,,,
12121392,3,3,6,7,,,,,,,,,
12120767,3,3,4,6,6,,,,,,,,
12121325,0,0,4,1,,,,,,,,,
12121326,2,3,7,7,,,,,,,,,
12121055,1,1,2,2,,,,,,,,,
12121236,,,,,,,,,,,,,
12121553,2,2,6,6,,,,,,,,,
12087317,2,2,6,7,,,,,,,,,
12121109,1,0,2,1,,,,,,,,,
12117874,2,3,8,6,,,,,,,,,
12121410,1,0,5,2,,,,,,,,,
12117970,2,2,6,7,,,,,,,,,
12121174,1,1,3,5,,,,,,,,,
12121066,3,2,7,6,,,,,,,,,
12121224,,,,,,,,,,,,,
12121099,2,3,6,7,,,,,,,,,
12119305,0,0,6,7,,,,8,7,,,,
12121071,,,,,,,,,,,,,
12121002,3,3,6,6,,,,,,,,,
12119359,3,2,6,8,,,,,,,,,
12121212,1,1,3,3,,,,,,,,,
12121397,3,3,4,6,10,,,,,,,,
12121249,3,2,6,8,,,,,,,,,
12121227,1,1,4,6,9,,,,,,,,
12121408,0,1,1,0,,,,,,,,,
12121375,0,1,2,2,,,,,,,,,
12121176,2,1,7,1,2,,,,,,,,
12121312,1,0,2,4,,,,,,,,,
12121309,2,3,7,2,11,,,,,,,,
12121047,2,2,6,7,,,,,,,,,
12121180,1,2,7,4,5,,,,,,,,
12117823,2,2,6,2,7,,,,,0,,,
12121348,3,2,7,7,,,,,,,,,
12087939,3,3,7,7,7,,,,6,,,,
12121085,1,1,7,6,6,,,,,,,,
12121001,2,2,8,6,,,,,,,,,
12121041,0,1,1,2,,,,,,,,,
12121396,2,2,7,7,,,,,,,,,
12121244,2,1,4,7,11,,,,,,,,
12121350,1,1,2,0,,,,,,,,,
12121008,2,3,7,6,,,,,,,,,
12121056,0,1,1,3,,,,,,,,,
12122132,3,3,7,6,,,,,,,,,
12121817,,,,,,,,,,,,,
12121120,,,,,,,,,,,,,
12087901,0,0,6,3,,,,,,,,,
12121077,0,1,3,0,,,,,,,,,
12122821,1,1,6,3,,,,6,,,,,
12121328,0,1,3,1,,,,,,,,,
12116672,1,1,4,7,,,,,1,,,,
12087279,2,2,7,2,7,,,,,,,,
12119356,0,0,2,2,,,,,,,,,
12121182,1,0,5,2,,,,,,,,,
12121093,1,0,4,1,,,,,,,,,
12122136,2,3,7,7,,,,,,,,,
12121091,,,,,,,,,,,,,
12121308,3,3,6,2,12,,,,,,,,
12118602,2,2,6,4,7,,,,,,,,
12121237,,,,,,,,,,,,,
12122140,,,,,,,,,,,,,
12121217,,,,,,,,,,,,,
12087311,3,3,6,7,,,,,,,,,
12119796,3,2,4,6,7,,,,,,,,
12121004,1,1,3,2,,,,,,,,,
12121295,3,3,2,6,10,,,,,,,,
12121079,2,3,6,6,,,,,,,,,
12121097,2,2,7,7,,,,,,,,,
12088026,2,2,6,5,7,,,,,,,,
12119277,0,1,6,1,,,,,,,,,
12121521,2,1,6,5,5,,,,,,,,
12120466,3,3,8,6,,,,,,,,,
12121330,3,3,7,7,,,,,,,,,
12115380,1,1,4,1,,,,,,,,,
12121220,,,,,,,,,,,,,
12120461,3,2,7,7,,,,,,,,,
12121433,1,0,6,1,,,,,,,,,
12121420,3,3,7,2,11,,,,,,,,
12120358,3,2,7,6,,,,,,,,,
12121298,3,3,8,8,,,,,,,,,
12120372,1,0,2,,,,,,,,,,
12121263,0,1,6,1,,,,,,,,,
12121044,2,3,6,7,,,,,,,,,
12143170,,,,,,,,,,,,,
12121189,1,2,6,4,4,,,,,,,,
12121708,0,0,2,2,,,,,,,,,
12118510,3,2,8,7,,,,,,,,,
12115412,0,0,6,1,,,,,,,,,
12113937,2,3,7,3,7,,,,,7,,,
12117656,1,1,7,4,,,,,,,,,
12087947,0,0,4,4,,,,,,,,,
12121229,,,,,,,,,,,,,
12121442,3,3,6,7,,,,,,,,,
12121241,,,,,,,,,,,,,
12117464,0,1,5,1,,,,,,,,,
12121314,1,1,3,5,,,,,,,,,
12121030,1,0,2,1,,,,,,,,,
12121013,0,1,2,2,,,,,,,,,
12121334,2,2,7,3,10,,,,,,,,
12114926,2,3,3,6,7,,,,,8,,,
12121435,3,3,6,7,,,,,,,,,
12124011,2,3,6,7,,,,,,,,,
12120472,1,1,4,1,,,,,,,,,
12121398,1,0,3,4,,,,,,,,,
12121073,2,1,7,5,5,,,,,,,,
12121323,0,0,3,4,,,,,,,,,
12121588,2,2,6,6,,,,,,,,,
12121439,1,1,2,5,,,,,,,,,
12118601,2,2,6,6,,,,,,,,,
12121247,2,3,6,7,,,,,,,,,
12120605,2,2,4,6,7,,,,,,,,
12119954,0,0,2,4,,,,,,,,,
12121721,2,2,7,6,,,,,,,,,
12121045,2,3,6,6,,,,,,,,,
12121043,2,3,7,7,,,,,,,,,
12087276,1,1,6,2,,,,5,,,,,
12121413,3,3,7,6,,,,,,,,,
12121183,,,,,,,,,,,,,
12121333,,,,,,,,,,,,,
12121290,1,0,3,2,,,,,,,,,
12121313,1,1,3,2,,,,,,,,,
12088068,2,1,6,2,,,,,,,,,
12121070,3,3,7,7,,,,,,,,,
12121246,0,0,6,2,,,,,,,,,
12121193,0,1,3,0,,,,,,,,,
12121181,3,2,6,7,,,,,,,,,
12120999,2,3,7,7,,,,,,,,,
12121172,3,3,7,6,,,,,,,,,
12121005,2,1,7,3,11,,,,,,,,
12121321,2,2,7,7,,,,,,,,,
12121344,3,2,6,7,,,,,,,,,
12121404,0,0,3,5,,,,,,,,,
12116545,1,2,5,6,6,,,,,0,,,
12121342,2,2,6,7,,,,,,,,,
12113322,3,2,7,6,,,,,,,,,
12122162,1,2,6,3,8,,,,,,,,
12119931,2,2,4,7,3,,,,,,,,
12121423,0,1,1,5,,,,,,,,,
12121305,2,2,6,4,8,,,,,,,,
12121215,2,3,7,7,,,,,,,,,
12121173,0,0,2,2,,,,,,,,,
12121818,,,,,,,,,,,,,
12143173,2,2,1,7,8,,,,,,,,
12120468,3,3,7,7,,,,,,,,,
12115875,2,3,8,1,7,,,8,,7,,,
12116338,2,3,7,7,,,,,,,,,
12121717,2,3,7,7,,,,,,,,,
12121012,0,1,2,0,,,,,,,,,
12120613,3,3,7,7,,,,,,,,,
12121416,1,0,4,2,,,,,,,,,
12121438,0,1,3,1,,,,,,,,,
12118895,2,1,7,6,4,,,,5,,,,
12121343,2,3,2,6,11,,,,,,,,
12120608,0,0,3,2,,,,,,,,,
12121198,0,1,5,1,,,,,,,,,
12121019,1,0,3,4,,,,,,,,,
12143172,,,7,6,,,,,,,,,
12121352,2,3,7,7,,,,,,,,,
12117465,2,2,7,8,,,,,8,,,,
12121346,3,2,7,7,,,,,,,,,
12121082,3,2,6,6,,,,,,,,,
12121289,1,1,7,4,10,,,,,,,,
12121424,2,2,6,6,,,,,,,,,
12121000,1,0,2,4,,,,,,,,,
12121240,0,1,2,0,,,,,,,,,
12121119,3,2,3,8,6,,,,7,,,,
12120846,1,1,7,4,4,,,,,,,,
12121064,3,2,6,6,,,,,,,,,
12121417,0,0,1,1,,,,,,,,,
12121324,2,2,7,7,,,,,,,,,
12121016,2,3,6,7,,,,,,,,,
12121084,2,1,3,8,10,,,,,,,,
12121267,2,3,6,6,,,,,,,,,
12121218,2,2,6,7,,,,,,,,,
12121238,3,2,6,7,,,,,,,,,
12121017,1,0,1,2,,,,,,,,,
12121412,2,3,7,6,,,,,,,,,
12121219,2,3,7,7,,,,,,,,,
12121124,2,2,7,4,,,,,,,,,
12117997,3,2,6,7,,,,,,,,,
12122733,3,2,7,7,,,,,,,,,
12116452,2,2,8,7,,,,,,,,,
12121039,1,1,3,5,,,,,,,,,
12121080,,,,,,,,,,,,,
12120591,0,0,3,1,,,,,,,,,
12120469,2,2,6,7,,,,,,,,,
12121006,2,3,7,7,,,,,,,,,
12121337,1,0,0,1,,,,,,,,,
12121380,1,1,2,4,,,,,,,,,
12121089,2,2,6,7,,,,,,,,,
12121063,1,0,2,2,,,,,,,,,
12121023,0,1,4,1,,,,,,,,,
12121293,2,2,7,7,,,,,,,,,
12121261,2,3,7,6,,,,,,,,,
12119917,1,1,4,5,,,,,,,,,
12115456,3,2,7,6,,,,,,,,,
12121436,0,0,4,5,,,,,,,,,
12120399,3,2,6,6,,,,,,,,,
12120474,3,2,7,6,,,,,,,,,
12121443,2,3,7,7,,,,,,,,,
12088072,2,3,7,6,,,,,,,,,
12121274,3,2,7,7,,,,,,,,,
12121125,1,0,4,3,,,,,,,,,
12121712,1,1,3,2,,,,,,,,,
12121009,2,2,7,7,,,,,,,,,
12088086,2,2,6,6,,,,,,,,,
12088021,3,2,7,7,,,,,,,,,
12121178,,,,,,,,,,,,,
12121316,0,1,0,2,,,,,,,,,
12121051,,,,,,,,,,,,,
12087276,0,1,6,2,,,,4,,,,,
12087284,1,1,4,2,,,,,,,,,
12087304,1,0,4,6,,,,,4,,,,
12087308,1,0,5,7,,,,,4,,,,
12087313,1,2,7,2,3,,,,,,,,
12087317,2,2,7,7,,,,,,,,,
12087898,3,2,6,7,,,,,,,,,
12087920,3,2,7,7,,,,,,,,,
12087938,0,1,4,3,,,,,,,,,
12087945,2,2,7,0,5,,,,,,,,
12087950,2,2,7,5,5,,,,,,,,
12088017,3,3,8,6,,,,,,,,,
12088026,3,2,7,5,7,,,,,,,,
12088030,3,3,6,4,8,,,,,10,,,
12088052,1,0,4,2,,,,,,,,,
12088068,1,2,6,3,,,,,,,,,
12088076,2,2,7,6,7,,,,1,7,,,
12088077,2,2,3,6,8,,,,,8,,,
12088086,2,2,7,6,,,,,,,,,
12117901,3,2,4,6,6,,,,,,,,
12118435,2,1,6,5,3,,,,,,,,
12118510,2,2,8,7,,,,,,,,,
12118601,2,3,7,7,,,,,,,,,
12118602,3,2,7,3,6,,,,,,,,
12118818,3,3,6,6,,,,,,,,,
12118895,2,2,7,7,4,,,,5,,,,
12118939,0,1,6,7,,,,,3,,,,
12119028,1,2,7,3,3,,,,,,,,
12119277,0,0,6,1,,,,,,,,,
12119305,1,1,6,7,,,,7,7,,,,
12119356,1,1,1,2,,,,,,,,,
12119359,2,3,6,8,,,,,,,,,
12119796,3,3,5,6,7,,,,,,,,
12119917,0,1,5,6,,,,,,,,,
12119930,1,2,3,7,2,,,,8,,,,
12119931,1,1,4,7,3,,,,,,,,
12119953,2,3,6,7,,,,,,,,,
12119954,1,0,2,4,,,,,,,,,
12120358,2,3,7,7,,,,,,,,,
12120372,1,0,1,,,,,,,,,,
12120399,3,3,7,6,,,,,,,,,
12120445,3,3,6,7,,,,,,,,,
12120451,0,0,4,1,,,,,,,,,
12120452,2,3,7,7,,,,,,,,,
12120461,3,2,6,7,,,,,,,,,
12120462,3,3,6,6,,,,,,,,,
12120463,1,0,6,2,,,,,,,,,
12120464,1,0,4,1,,,,,,,,,
12120465,0,0,4,1,,,,,,,,,
12120466,2,3,7,7,,,,,,,,,
12120467,0,0,1,1,,,,,,,,,
12120468,2,3,7,6,,,,,,,,,
12120469,2,2,7,7,,,,,,,,,
12120470,2,2,7,6,,,,,,,,,
12120471,2,3,7,7,,,,,,,,,
12120472,0,0,3,0,,,,,,,,,
12120473,1,0,2,3,,,,,,,,,
12120474,2,2,7,7,,,,,,,,,
12120475,2,3,8,8,,,,,,,,,
12120483,3,2,7,6,,,,,,,,,
12120502,2,2,6,7,,,,,,,,,
12120591,0,1,2,1,,,,,,,,,
12120602,2,1,6,3,8,,,,,,,,
12120603,1,1,1,2,,,,,,,,,
12120604,3,2,6,6,,,,,,,,,
12120605,2,2,4,6,7,,,,,,,,
12120606,1,2,4,7,10,,,,,,,,
12120607,1,2,2,6,10,,,,,,,,
12120608,1,0,3,2,,,,,,,,,
12120609,0,1,1,1,,,,,,,,,
12120610,3,3,6,7,,,,,,,,,
12120611,3,3,6,1,15,,,,,,,,
12120612,2,3,6,7,,,,,,,,,
12120613,3,3,7,7,,,,,,,,,
12120614,2,2,7,7,,,,,,,,,
12120615,2,2,6,7,,,,,,,,,
12120616,1,2,5,8,8,,,,,,,,
12120617,3,2,3,6,11,,,,,,,,
12120739,2,2,6,5,7,,,,,,,,
12120744,3,2,7,6,,,,,,,,,
12120767,2,2,4,7,6,,,,,,,,
12120846,2,1,6,4,4,,,,,,,,
12120998,1,0,1,1,,,,,,,,,
12120999,3,3,7,7,,,,,,,,,
12121000,1,0,3,5,,,,,,,,,
12121001,2,3,8,7,,,,,,,,,
12121002,2,2,7,6,,,,,,,,,
12121003,3,3,7,7,,,,,,,,,
12121004,1,0,2,3,,,,,,,,,
12121005,1,2,7,3,10,,,,,,,,
12121006,2,3,6,6,,,,,,,,,
12121007,2,3,7,7,,,,,,,,,
12121008,3,3,6,7,,,,,,,,,
12121009,2,3,7,7,,,,,,,,,
12121010,1,1,1,2,,,,,,,,,
12121011,3,3,7,7,,,,,,,,,
12121012,1,1,2,0,,,,,,,,,
12121013,0,1,3,3,,,,,,,,,
12121014,3,3,4,6,10,,,,,,,,
12121015,2,3,6,6,,,,,,,,,
12121016,2,3,7,6,,,,,,,,,
12121017,0,0,1,1,,,,,,,,,
12121018,0,0,2,3,,,,,,,,,
12121019,1,0,2,4,,,,,,,,,
12121020,0,0,2,4,,,,,,,,,
12121021,1,0,3,6,,,,,,,,,
12121022,2,2,6,7,,,,,,,,,
12121023,0,0,5,1,,,,,,,,,
12121025,2,3,6,7,,,,,,,,,
12121026,0,1,1,0,,,,,,,,,
12121027,,,,,,,,,,,,,
12121028,2,2,6,6,,,,,,,,,
12121029,3,3,1,7,11,,,,,,,,
12121030,0,1,2,2,,,,,,,,,
12121036,1,1,1,2,,,,,,,,,
12121037,0,0,1,1,,,,,,,,,
12121038,1,0,3,1,,,,,,,,,
12121039,0,1,3,4,,,,,,,,,
12121040,1,1,3,1,,,,,,,,,
12121041,0,0,1,2,,,,,,,,,
12121042,2,2,6,7,,,,,,,,,
12121043,3,2,7,7,,,,,,,,,
12121044,3,2,7,7,,,,,,,,,
12121045,2,3,7,7,,,,,,,,,
12121046,2,3,8,7,,,,,,,,,
12121047,2,2,6,7,,,,,,,,,
12121048,2,2,7,6,,,,,,,,,
12121049,3,2,7,6,,,,,,,,,
12121050,1,1,1,2,,,,,,,,,
12121051,,,,,,,,,,,,,
12121052,1,1,5,4,,,,,,,,,
12121053,3,2,6,6,,,,,,,,,
12121054,3,2,6,6,,,,,,,,,
12121055,1,0,2,2,,,,,,,,,
12121056,1,0,1,3,,,,,,,,,
12121057,0,1,1,0,,,,,,,,,
12121058,3,3,6,7,,,,,,,,,
12121059,2,2,7,6,10,,,,,,,,
12121060,1,0,3,1,,,,,,,,,
12121061,3,3,7,6,,,,,,,,,
12121063,0,0,3,2,,,,,,,,,
12121064,2,3,7,6,,,,,,,,,
12121065,2,1,5,6,8,,,,,,,,
12121066,3,2,7,7,,,,,,,,,
12121067,3,3,7,7,,,,,,,,,
12121068,1,1,3,1,,,,,,,,,
12121069,2,1,6,0,7,,,,,,,,
12121070,2,2,7,7,,,,,,,,,
12121071,,,,,,,,,,,,,
12121072,2,3,6,7,,,,,,,,,
12121073,1,1,7,5,6,,,,,,,,
12121074,3,3,7,6,,,,,,,,,
12121075,2,1,4,6,5,,,,,,,,
12121076,0,0,1,4,,,,,,,,,
12121077,1,1,3,1,,,,,,,,,
12121078,3,3,7,7,,,,,,,,,
12121079,3,2,7,6,,,,,,,,,
12121080,,,,,,,,,,,,,
12121081,2,3,6,7,,,,,,,,,
12121082,2,3,7,6,,,,,,,,,
12121083,0,1,4,3,,,,,,,,,
12121084,2,1,3,8,10,,,,,,,,
12121085,1,1,7,5,5,,,,,,,,
12121086,1,0,1,0,,,,,,,,,
12121087,1,0,1,1,,,,,,,,,
12121088,1,1,1,0,,,,,,,,,
12121089,3,3,7,6,,,,,,,,,
12121090,1,1,4,3,,,,,,,,,
12121091,,,,,,,,,,,,,
12121092,0,0,5,2,,,,,,,,,
12121093,1,1,5,0,,,,,,,,,
12121094,3,2,4,6,10,,,,,,,,
12121095,,,,,,,,,,,,,
12121096,2,2,5,8,11,,,,,,,,
12121097,3,3,7,7,,,,,,,,,
12121098,2,3,7,6,,,,,,,,,
12121099,2,3,6,7,,,,,,,,,
12121100,1,0,2,4,,,,,,,,,
12121109,1,0,3,1,,,,,,,,,
12121110,2,3,7,7,,,,,,,,,
12121111,1,1,6,7,3,,,,4,,,,
12121118,3,3,8,6,,,,7,,,,,
12121119,3,3,3,8,7,,,,7,,,,
12121120,,,,,,,,,,,,,
12121121,3,2,7,7,,,,,,,,,
12121122,,,,,,,,,,,,,
12121123,2,3,7,8,,,,,,,,,
12121124,1,1,7,5,,,,,,,,,
12121125,1,0,4,2,,,,,,,,,
12121126,2,2,6,7,,,,,,,,,
12121127,1,0,2,4,,,,,,,,,
12121161,2,3,6,7,,,,,,,,,
12121172,2,2,8,7,,,,,,,,,
12121173,1,0,3,3,,,,,,,,,
12121174,1,0,2,5,,,,,,,,,
12121175,3,2,7,6,,,,,,,,,
12121176,1,1,7,2,2,,,,,,,,
12121177,0,0,3,1,,,,,,,,,
12121178,,,,,,,,,,,,,
12121179,1,0,5,3,,,,,,,,,
12121180,2,1,7,3,4,,,,,,,,
12121181,2,3,7,6,,,,,,,,,
12121182,1,1,5,1,,,,,,,,,
12121183,,,,,,,,,,,,,
12121184,1,0,0,1,,,,,,,,,
12121185,,,,,,,,,,,,,
12121186,3,3,7,7,,,,,,,,,
12121187,2,3,6,7,,,,,,,,,
12121188,,,,,,,,,,,,,
12121189,1,1,7,3,4,,,,,,,,
12121190,2,2,8,4,10,,,,,,,,
12121191,3,2,7,6,,,,,,,,,
12121192,1,1,1,1,,,,,,,,,
12121193,0,0,4,1,,,,,,,,,
12121194,1,0,3,4,,,,,,,,,
12121195,3,3,7,4,12,,,,,,,,
12121196,3,2,7,6,,,,,,,,,
12121197,1,0,3,4,,,,,,,,,
12121198,1,0,5,2,,,,,,,,,
12121199,3,3,7,7,,,,,,,,,
12121200,1,1,8,2,2,,,,,,,,
12121201,3,2,7,6,10,,,,,,,,
12121211,2,2,5,8,4,,,,,,,,
12121212,1,1,3,3,,,,,,,,,
12121213,2,2,6,7,,,,,,,,,
12121214,0,1,3,3,,,,,,,,,
12121215,3,3,7,6,,,,,,,,,
12121216,1,1,3,3,,,,,,,,,
12121217,,,,,,,,,,,,,
12121218,2,3,7,7,,,,,,,,,
12121219,3,3,6,6,,,,,,,,,
12121220,,,,,,,,,,,,,
12121221,2,2,6,5,8,,,,,,,,
12121222,,,,,,,,,,,,,
12121223,1,2,6,1,0,,,,,,,,
12121224,,,,,,,,,,,,,
12121225,,,,,,,,,,,,,
12121227,2,1,3,6,9,,,,,,,,
12121228,3,3,7,6,,,,,,,,,
12121229,,,,,,,,,,,,,
12121230,2,3,6,7,,,,,,,,,
12121231,3,3,6,5,11,,,,,,,,
12121232,3,3,7,7,,,,,,,,,
12121233,,,,,,,,,,,,,
12121234,1,1,1,2,,,,,,,,,
12121235,1,1,2,0,,,,,,,,,
12121236,,,,,,,,,,,,,
12121237,,,,,,,,,,,,,
12121238,2,2,7,6,,,,,,,,,
12121239,2,2,7,8,,,,,,,,,
12121240,0,1,1,0,,,,,,,,,
12121241,,,,,,,,,,,,,
12121242,2,2,6,6,,,,,,,,,
12121243,3,2,6,6,,,,,,,,,
12121244,2,1,4,6,11,,,,,,,,
12121245,3,2,6,7,,,,,,,,,
12121246,0,1,6,1,,,,,,,,,
12121247,3,2,7,7,,,,,,,,,
12121248,2,3,6,6,,,,,,,,,
12121249,2,2,6,7,,,,,,,,,
12121250,2,2,6,6,,,,,,,,,
12121259,3,3,8,1,17,,,,,,,,
12121260,3,3,6,6,,,,,,,,,
12121261,3,3,7,6,,,,,,,,,
12121262,3,2,6,6,,,,,,,,,
12121263,0,1,7,2,,,,,,,,,
12121264,,,,,,,,,,,,,
12121265,2,1,7,5,9,,,,,,,,
12121266,0,0,2,1,,,,,,,,,
12121267,3,2,6,7,,,,,,,,,
12121268,0,1,4,0,,,,,,,,,
12121269,1,0,0,0,,,,,,,,,
12121270,1,0,3,0,,,,,,,,,
12121271,0,0,5,0,,,,,,,,,
12121272,2,2,7,1,8,,,,,,,,
12121273,0,1,4,3,,,,,,,,,
12121274,2,2,7,8,,,,,,,,,
12121288,2,3,7,7,,,,,,,,,
12121289,2,2,7,4,10,,,,,,,,
12121290,1,0,4,2,,,,,,,,,
12121291,1,1,1,5,,,,,,,,,
12121292,3,3,8,7,,,,,,,,,
12121293,2,2,7,7,,,,,,,,,
12121294,3,3,7,7,,,,,,,,,
12121295,2,2,2,7,11,,,,,,,,
12121296,2,3,2,7,11,,,,,,,,
12121297,3,3,7,7,,,,,,,,,
12121298,3,2,7,7,,,,,,,,,
12121299,3,2,6,6,,,,,,,,,
12121300,3,2,7,6,,,,,,,,,
12121301,1,1,3,3,,,,,,,,,
12121302,2,3,6,2,11,,,,,,,,
12121303,0,0,3,1,,,,,,,,,
12121304,2,2,7,6,,,,,,,,,
12121305,2,2,7,5,8,,,,,,,,
12121306,2,2,7,7,,,,,,,,,
12121307,3,3,6,6,,,,,,,,,
12121308,2,3,7,1,13,,,,,,,,
12121309,3,2,7,3,10,,,,,,,,
12121310,3,3,7,6,,,,,,,,,
12121311,,,,,,,,,,,,,
12121312,1,0,2,5,,,,,,,,,
12121313,0,1,2,3,,,,,,,,,
12121314,0,1,2,4,,,,,,,,,
12121315,2,2,5,8,11,,,,,,,,
12121316,1,1,1,3,,,,,,,,,
12121317,2,3,4,7,10,,,,,,,,
12121318,2,3,6,5,10,,,,,,,,
12121319,2,1,4,6,5,,,,,,,,
12121321,3,3,6,7,,,,,,,,,
12121322,3,2,8,5,14,,,,,,,,
12121323,0,0,4,4,,,,,,,,,
12121324,2,2,7,7,,,,,,,,,
12121325,1,1,4,2,,,,,,,,,
12121326,3,3,6,7,,,,,,,,,
12121327,1,1,5,2,,,,,,,,,
12121328,0,1,3,2,,,,,,,,,
12121329,,,,,,,,,,,,,
12121330,3,2,6,6,,,,,,,,,
12121331,2,3,6,7,,,,,,,,,
12121332,1,0,2,4,,,,,,,,,
12121333,,,,,,,,,,,,,
12121334,2,3,7,4,11,,,,,,,,
12121335,1,1,1,0,,,,,,,,,
12121336,3,3,6,7,,,,,,,,,
12121337,1,0,1,1,,,,,,,,,
12121338,0,1,1,4,,,,,,,,,
12121339,2,2,8,2,13,,,,,,,,
12121340,,,,,,,,,,,,,
12121341,3,3,7,6,,,,,,,,,
12121342,2,3,7,7,,,,,,,,,
12121343,3,3,3,7,11,,,,,,,,
12121344,3,2,6,7,,,,,,,,,
12121345,2,2,6,7,,,,,,,,,
12121346,3,3,7,7,,,,,,,,,
12121347,0,0,3,4,,,,,,,,,
12121348,2,3,6,7,,,,,,,,,
12121349,2,2,7,6,,,,,,,,,
12121350,0,1,2,1,,,,,,,,,
12121351,,,,,,,,,,,,,
12121352,3,3,7,7,,,,,,,,,
12121363,0,0,2,0,,,,,,,,,
12121364,3,3,7,7,,,,,,,,,
12121365,0,1,2,4,,,,,,,,,
12121366,2,2,6,7,,,,,,,,,
12121367,1,0,2,2,,,,,,,,,
12121368,0,0,1,1,,,,,,,,,
12121369,2,3,6,8,,,,,,,,,
12121370,2,2,6,6,,,,,,,,,
12121372,1,0,4,2,,,,,,,,,
12121373,2,3,6,7,,,,,,,,,
12121374,2,3,7,7,,,,,,,,,
12121375,0,1,1,2,,,,,,,,,
12121376,3,2,7,7,,,,,,,,,
12121377,2,2,6,7,,,,,,,,,
12121378,0,1,4,6,,,,,,,,,
12121379,3,2,6,7,,,,,,,,,
12121380,0,0,1,4,,,,,,,,,
12121381,3,3,7,7,,,,,,,,,
12121382,1,1,3,6,8,,,,,,,,
12121383,1,1,4,2,,,,,,,,,
12121384,1,0,1,2,,,,,,,,,
12121385,0,0,4,6,,,,,,,,,
12121386,3,3,7,6,,,,,,,,,
12121387,2,3,2,6,10,,,,,,,,
12121388,1,0,2,2,,,,,,,,,
12121389,3,2,6,7,,,,,,,,,
12121390,2,2,6,6,5,,,,,,,,
12121391,1,0,5,2,,,,,,,,,
12121392,2,3,7,6,,,,,,,,,
12121393,2,2,6,7,,,,,,,,,
12121394,3,3,6,7,,,,,,,,,
12121395,1,0,4,1,,,,,,,,,
12121396,2,2,7,7,,,,,,,,,
12121397,2,2,5,7,10,,,,,,,,
12121398,1,1,3,5,,,,,,,,,
12121399,2,2,4,7,10,,,,,,,,
12121400,2,2,7,3,11,,,,,,,,
12121401,0,0,1,1,,,,,,,,,
12121402,3,2,6,8,,,,,,,,,
12121403,2,2,5,8,10,,,,8,,,,
12121404,0,1,2,6,,,,,,,,,
12121405,1,2,7,3,4,,,,,,,,
12121406,2,1,6,6,5,,,7,,,,,
12121407,2,2,6,6,,,,,,,,,
12121408,1,0,1,1,,,,,,,,,
12121409,0,1,2,0,,,,,,,,,
12121410,1,1,4,2,,,,,,,,,
12121411,3,2,6,8,,,,,,,,,
12121412,2,2,6,7,,,,,,,,,
12121413,3,2,7,6,,,,,,,,,
12121414,2,2,7,5,10,,,,,,,,
12121415,1,0,2,4,,,,,,,,,
12121416,0,1,3,3,,,,,,,,,
12121417,1,1,1,2,,,,,,,,,
12121418,1,2,6,5,9,,,,,,,,
12121419,2,2,6,7,,,,,,,,,
12121420,3,3,7,2,11,,,,,,,,
12121421,0,0,1,2,,,,,,,,,
12121422,3,2,6,7,,,,,,,,,
12121423,0,0,1,6,,,,,,,,,
12121424,2,3,7,6,,,,,,,,,
12121425,3,2,6,6,,,,,,,,,
12121426,0,0,3,3,,,,,,,,,
12121427,2,1,7,2,3,,,,,,,,
12121428,2,2,8,6,,,,,,,,,
12121429,0,1,3,1,,,,,,,,,
12121430,1,1,1,0,,,,,,,,,
12121431,3,3,7,7,,,,,,,,,
12121432,2,1,7,4,4,,,,,,,,
12121433,1,0,7,1,,,,,,,,,
12121434,0,1,0,5,,,,,,,,,
12121435,2,2,7,7,,,,,,,,,
12121436,0,1,5,4,,,,,,,,,
12121437,2,2,5,7,11,,,,,,,,
12121438,1,1,3,1,,,,,,,,,
12121439,0,1,2,4,,,,,,,,,
12121440,0,0,3,4,,,,,,,,,
12121441,1,1,4,1,,,,,,,,,
12121442,3,3,7,7,,,,,,,,,
12121443,3,3,7,7,,,,,,,,,
12121444,,,,,,,,,,,,,
12121521,2,1,6,4,5,,,,,,,,
12121550,2,2,7,6,,,,,,,,,
12121551,2,2,7,6,3,,,,5,,,,
12121553,3,2,6,6,,,,,,,,,
12121554,2,2,5,7,6,,,,,,,,
12121555,1,2,6,1,3,,,,,,,,
12121587,3,3,6,4,6,,,,,,,,
12121588,2,2,7,6,,,,,,,,,
12121589,2,2,3,7,8,,,,,8,,,
12121590,0,1,6,4,,,,5,,,,,
12121591,2,3,7,7,,,,,,,,,
12121592,2,2,5,6,7,,,,,,,,
12121593,2,2,7,3,7,,,,,,,,
12121596,2,1,7,2,7,,,,,3,,,
12121599,2,3,7,6,,,,,,,,,
12121600,3,3,7,7,,,,,,,,,
12121602,1,0,2,3,,,,,,,,,
12121699,0,1,2,3,,,,,,,,,
12121700,3,3,7,6,,,,,,,,,
12121701,0,1,1,4,,,,,,,,,
12121702,3,2,6,6,,,,,,,,,
12121703,2,2,4,7,11,,,,,,,,
12121704,3,2,6,8,,,,,,,,,
12121705,2,2,7,6,,,,,,,,,
12121706,3,3,6,7,,,,,,,,,
12121707,1,1,3,3,,,,,,,,,
12121708,1,0,2,3,,,,,,,,,
12121709,0,1,0,0,,,,,,,,,
12121710,0,1,1,3,,,,,,,,,
12121711,0,1,0,1,,,,,,,,,
12121712,0,0,4,2,,,,,,,,,
12121713,1,1,3,2,,,,,,,,,
12121714,2,2,6,7,,,,,,,,,
12121715,2,3,7,7,,,,,,,,,
12121716,1,1,7,5,8,,,,,,,,
12121717,3,2,6,6,,,,,,,,,
12121718,2,3,1,7,11,,,,,,,,
12121719,1,1,4,7,3,,,,,,,,
12121720,1,0,1,0,,,,,,,,,
12121721,3,2,7,6,,,,,,,,,
12121724,3,2,7,7,,,,,,,,,
12121725,1,0,3,4,,,,,,,,,
12121726,0,0,1,3,,,,,,,,,
12121727,3,3,6,6,,,,,,,,,
12121728,3,2,7,7,,,,,,,,,
12121729,1,1,8,3,11,,,,,,,,
12121730,2,2,4,6,5,,,,,,,,
12121731,2,2,3,6,10,,,,,,,,
12121732,2,3,6,7,,,,,,,,,
12121733,1,0,5,3,,,,,,,,,
12121734,3,3,6,6,,,,,,,,,
12121735,2,2,2,6,8,,,,,,,,
12121736,3,2,4,7,10,,,,,,,,
12121737,3,2,6,6,,,,,,,,,
12121806,2,3,7,7,,,,,,,,,
12121807,1,1,1,5,,,,,,,,,
12121808,1,1,0,1,,,,,,,,,
12121809,3,2,6,7,,,,,,,,,
12121810,1,0,3,,,,,,,,,,
12121811,1,0,2,1,,,,,,,,,
12121812,1,1,5,,,,,,,,,,
12121817,,,,,,,,,,,,,
12121818,,,,,,,,,,,,,
12121819,,,,,,,,,,,,,
12121826,3,2,6,6,,,,,,,,,
12121827,2,2,6,6,,,,,,,,,
12121828,0,0,1,1,,,,,,,,,
12121829,1,0,1,4,,,,,,,,,
12122124,2,3,6,7,,,,,,,,,
12122125,2,1,7,3,4,,,,,,,,
12122126,2,3,6,6,,,,,,,,,
12122127,2,3,6,6,,,,,,,,,
12122128,0,1,4,2,,,,,,,,,
12122129,1,1,4,3,,,,,,,,,
12122130,3,2,6,6,,,,,,,,,
12122131,1,0,1,1,,,,,,,,,
12122132,2,2,7,6,,,,,,,,,
12122133,0,0,3,4,,,,,,,,,
12122134,,,,,,,,,,,,,
12122135,1,0,2,3,,,,,,,,,
12122136,3,2,6,7,,,,,,,,,
12122137,3,2,8,7,,,,,,,,,
12122138,1,0,1,4,,,,,,,,,
12122139,2,3,6,6,,,,,,,,,
12122140,,,,,,,,,,,,,
12122141,1,0,1,1,,,,,,,,,
12122142,1,0,4,2,,,,,,,,,
12122143,1,1,1,2,,,,,,,,,
12122144,,,,,,,,,,,,,
12122145,1,1,1,0,,,,,,,,,
12122146,,,,,,,,,,,,,
12122147,0,0,0,1,,,,,,,,,
12122148,0,1,3,4,,,,,,,,,
12122149,0,0,3,4,,,,,,,,,
12122150,0,1,4,2,,,,,,,,,
12122151,,,,,,,,,,,,,
12122152,,,,,,,,,,,,,
12122153,,,,,,,,,,,,,
12122154,0,1,7,2,,,,,,,,,
12122155,0,0,4,4,,,,,,,,,
12122156,1,2,5,7,13,,,,,,,,
12122157,3,2,7,6,,,,,,,,,
12122158,2,2,7,6,,,,,,,,,
12122159,3,3,7,6,,,,,,,,,
12122160,2,3,7,6,,,,,,,,,
12122161,3,3,6,7,10,,,,,,,,
12122162,2,2,7,3,8,,,,,,,,
12122163,2,2,7,6,,,,,,,,,
12122164,0,1,3,3,,,,,,,,,
12122165,,,,,,,,,,,,,
12122166,3,2,5,6,10,,,,,,,,
12122167,2,3,7,7,,,,,,,,,
12122168,2,3,7,7,,,,,,,,,
12122172,2,2,7,4,7,,,,,,,,
12122307,3,3,8,6,,,,7,,,,,
12122308,3,3,6,7,,,,,,,,,
12122309,2,2,6,6,,,,,,,,,
12122310,1,2,7,5,4,,,,,,,,
12122311,2,3,7,7,,,,,,,,,
12122317,2,3,5,6,8,,,,,8,,,
12122318,3,3,7,6,,,,,,,,,
12122319,1,0,6,4,,,,4,,,,,
12122320,3,2,6,5,6,,,,,,,,
12122321,3,2,6,6,7,,,,,,,,
12122322,0,1,1,1,,,,,,,,,
12122323,1,1,1,6,5,,,,,,,,
12122324,1,0,3,6,,,,,,,,,
12122325,3,2,8,7,,,,,,,,,
12122326,2,3,3,7,7,,,,,,,,
12122327,2,2,8,6,,,,7,,,,,
12122733,3,3,7,7,,,,,,,,,
12122766,2,3,7,6,,,,,,,,,
12122821,1,1,6,3,,,,6,,,,,
12123190,2,2,4,6,10,,,,,,,,
12123191,1,2,1,6,8,,,,,,,,
12123192,3,2,7,6,,,,,,,,,
12123193,3,2,7,7,,,,,,,,,
12123195,1,0,6,2,,,,,,,,,
12123196,2,2,6,5,5,,,,,,,,
12123197,1,0,2,4,,,,,,,,,
12123199,1,0,3,4,,,,,,,,,
12123277,2,2,7,6,,,,,,,,,
12123278,2,3,6,6,10,,,,,,,,
12123279,3,2,6,6,,,,,,,,,
12123280,2,3,7,7,,,,,,,,,
12123281,,,,,,,,,,,,,
12123282,1,1,3,2,,,,,,,,,
12123283,1,1,8,5,5,,,,,,,,
12123284,0,0,5,3,,,,,,,,,
12123658,2,2,7,7,,,,,,,,,
12123659,3,2,6,7,,,,,,,,,
12123666,3,3,6,6,,,,,,,,,
12123667,3,3,7,7,,,,,,,,,
12123668,3,2,3,6,11,,,,,,,,
12123669,1,1,4,2,,,,,,,,,
12123670,2,2,7,4,10,,,,,,,,
12123671,0,0,4,3,,,,,,,,,
12123672,2,1,8,3,13,,,,,,,,
12123673,3,2,7,6,,,,,,,,,
12123687,1,1,4,2,,,,,,,,,
12123696,2,2,3,7,6,,,,,,,,
12123697,3,2,7,7,,,,8,8,,,,
12123698,3,2,7,6,,,,,,,,,
12123699,3,2,8,6,,,,,,,,,
12123700,3,2,7,6,,,,,,,,,
12123701,0,0,4,4,,,,,,,,,
12123702,0,1,1,0,,,,,,,,,
12123703,2,3,7,7,,,,,,,,,
12123704,3,3,7,7,,,,,,,,,
12123705,1,1,6,3,,,,,,,,,
12123706,2,3,7,7,,,,,,,,,
12123707,2,3,7,3,10,,,,,,,,
12123708,2,2,8,6,,,,,,,,,
12123709,3,2,8,7,,,,,,,,,
12123710,1,1,2,5,,,,,,,,,
12123711,3,2,7,5,12,,,,,,,,
12123712,2,2,2,7,11,,,,,,,,
12123713,1,1,1,2,,,,,,,,,
12123736,0,0,3,3,,,,,,,,,
12123806,1,0,1,0,,,,,,,,,
12123807,2,3,4,6,11,,,,,,,,
12123808,1,0,0,1,,,,,,,,,
12123809,0,1,2,4,,,,,,,,,
12123810,0,1,1,1,,,,,,,,,
12123811,0,0,2,2,,,,,,,,,
12123812,3,3,6,8,,,,,,,,,
12123813,2,2,6,6,,,,,,,,,
12123814,3,3,7,6,,,,,,,,,
12123815,0,1,3,0,,,,,,,,,
12123816,1,0,3,3,,,,,,,,,
12123817,3,2,7,7,,,,,,,,,
12123818,2,3,6,7,,,,,,,,,
12123819,3,3,6,7,,,,,,,,,
12123821,2,3,8,7,,,,8,,,,,
12123822,3,3,7,7,,,,,,,,,
12123823,3,2,7,7,,,,,,,,,
12123826,2,2,8,6,,,,,,,,,
12123827,2,3,7,3,10,,,,,,,,
12123828,1,0,4,2,,,,,,,,,
12123829,0,1,3,2,,,,,,,,,
12123830,1,0,7,1,,,,,,,,,
12123831,3,3,7,7,,,,,,,,,
12123832,3,3,6,7,,,,,,,,,
12123833,2,2,7,7,,,,,,,,,
12123834,1,0,5,1,,,,,,,,,
12123835,2,3,6,6,,,,,,,,,
12123836,2,2,7,7,,,,,,,,,
12123837,1,1,3,7,8,,,,,,,,
12123838,,,,,,,,,,,,,
12123839,1,0,1,3,,,,,,,,,
12123840,2,3,6,7,,,,,,,,,
12123841,0,1,3,1,,,,,,,,,
12123842,3,2,8,7,,,,,,,,,
12123843,3,3,7,6,,,,,,,,,
12123844,2,3,1,7,11,,,,,,,,
12123845,2,2,7,6,,,,,,,,,
12123846,2,3,6,6,,,,,,,,,
12123847,3,2,7,7,,,,,,,,,
12123848,3,3,6,6,,,,,,,,,
12123849,3,3,6,6,,,,,,,,,
12123850,0,1,2,3,,,,,,,,,
12123851,3,3,6,6,,,,,,,,,
12123852,3,2,7,8,,,,,,,,,
12123853,3,3,6,7,,,,,,,,,
12123854,0,0,1,3,,,,,,,,,
12123855,2,1,4,6,7,,,,,,,,
12123856,3,3,6,7,,,,,,,,,
12123857,0,0,2,2,,,,,,,,,
12123858,3,3,7,7,,,,,,,,,
12123889,1,1,4,4,,,,,,,,,
12123890,0,1,6,0,,,,1,,,,,
12123891,1,1,2,3,,,,,,,,,
12123892,3,3,7,6,,,,8,,,,,
12123893,2,2,6,6,,,,,,,,,
12123894,1,1,6,4,9,,,,,,,,
12123895,3,3,8,6,,,,,,,,,
12123896,2,3,7,7,,,,,,,,,
12123897,2,2,6,7,,,,,,,,,
12123898,2,1,7,5,6,,,,,,,,
12123899,2,3,6,7,11,,,3,,,,,
12123900,2,2,2,6,7,,,,,,,,
12123901,3,3,6,6,,,,,,,,,
12123902,0,1,6,4,,,,,,,,,
12123903,1,2,7,3,7,,,,,,,,
12123904,1,2,1,7,7,,,,,,,,
12123929,3,2,6,2,11,,,,,,,,
12123930,3,2,7,6,,,,,,,,,
12123931,1,1,7,0,9,,,,,,,,
12123932,2,3,6,6,,,,,,,,,
12123933,0,1,2,5,,,,,,,,,
12123934,2,2,7,6,,,,,,,,,
12123935,1,1,2,3,,,,,,,,,
12123936,2,2,6,1,11,,,,,,,,
12123937,1,1,3,3,,,,,,,,,
12123938,3,3,6,6,,,,,,,,,
12123939,2,2,7,7,,,,,,,,,
12123940,2,2,6,0,4,,,,,,,,
12123941,1,0,6,3,,,,3,,,,,
12123942,2,3,8,7,,,,8,,,,,
12123943,2,3,7,6,,,,,,,,,
12123944,0,1,1,5,,,,,,,,,
12123945,0,1,6,1,,,,3,,,,,
12123946,2,2,6,7,,,,,,,,,
12123947,2,3,7,6,,,,,,,,,
12123948,3,2,3,7,10,,,,,,,,
12123949,2,2,6,6,10,,,6,,,,,
12123950,3,2,3,6,12,,,,,,,,
12123951,2,2,6,6,,,,,,,,,
12123952,1,1,7,1,4,,,,,,,,
12123953,3,3,7,7,,,,,,,,,
12123954,2,2,7,7,,,,,,,,,
12123955,0,0,1,1,,,,,,,,,
12123956,0,0,3,3,,,,,,,,,
12123957,0,0,3,4,,,,,,,,,
12123958,2,2,7,7,,,,,,,,,
12123959,0,0,2,4,,,,,,,,,
12123960,0,0,2,3,,,,,,,,,
12123961,1,0,4,0,,,,,,,,,
12123962,1,1,6,5,7,,,,,,,,
12123963,3,2,6,3,14,,,,,,,,
12123964,1,1,4,4,,,,,,,,,
12123965,3,2,7,7,,,,,,,,,
12123966,2,1,5,7,15,,,,,,,,
12123967,0,0,3,5,,,,,,,,,
12123968,1,2,6,6,10,,,,,,,,
12123973,0,1,6,6,,,,7,3,,,,
12124004,1,1,4,4,,,,,,,,,
12124011,2,3,6,7,,,,,,,,,
12124015,1,0,4,4,,,,,,,,,
12124016,2,3,6,7,,,,,,,,,
12124017,3,2,7,8,,,,,10,,,,
12124018,1,1,5,1,,,,,,,,,
12124019,3,2,7,4,11,,,10,,,,,
12124020,2,3,8,7,,,,,,,,,
12124021,0,0,5,1,,,,,,,,,
12124022,1,1,5,3,,,,,,,,,
12124046,3,2,6,8,,,,,,,,,
12124047,2,2,2,7,10,,,,,,,,
12124048,1,1,1,3,,,,,,,,,
12124049,2,3,6,7,,,,,,,,,
12124050,0,1,3,6,,,,,,,,,
12124051,1,0,1,1,,,,,,,,,
12124052,2,2,8,7,,,,,,,,,
12124053,0,1,2,3,,,,,,,,,
12124054,3,3,6,6,,,,,,,,,
12124055,0,1,0,2,,,,,,,,,
12124056,2,3,6,5,11,,,,,,,,
12124057,2,2,6,6,,,,,,,,,
12124058,1,0,3,1,,,,,,,,,
12124059,0,1,2,1,,,,,,,,,
12124060,3,2,7,6,,,,,,,,,
12124061,2,2,7,7,,,,,,,,,
12124084,2,2,7,6,,,,,,,,,
12124085,2,3,7,3,10,,,,,,,,
12124087,0,1,3,0,,,,,,,,,
12124089,2,1,4,7,8,,,,,,,,
12124090,1,1,6,7,8,,,,,,,,
12124091,0,0,3,5,,,,,,,,,
12124093,2,2,7,1,11,,,,,,,,
12124094,2,2,6,6,,,,,,,,,
12124127,3,2,6,7,,,,,,,,,
12124128,2,2,7,6,11,,,7,,,,,
12124129,3,3,6,6,,,,,,,,,
12124130,3,3,6,6,,,,,,,,,
12124131,0,0,1,4,,,,,,,,,
12124132,0,1,0,2,,,,,,,,,
12124133,0,1,3,0,,,,,,,,,
12124134,1,0,5,5,,,,,,,,,
12124135,1,2,8,0,8,,,8,,,,,
12124138,3,2,7,6,,,,,,,,,
12124139,1,1,7,2,4,,,,,,,,
12124140,3,2,7,7,,,,,,,,,
12124141,2,3,7,7,,,,,,,,,
12124142,1,1,8,1,6,,,,,,,,
12124143,3,3,8,6,,,,,,,,,
12124144,1,0,4,6,,,,,,,,,
12124145,2,1,6,5,4,,,,,,,,
12124146,3,2,8,6,,,,,,,,,
12124147,1,1,3,3,,,,,,,,,
12124148,1,1,5,4,,,,,,,,,
12124149,3,2,7,6,,,,,,,,,
12124150,3,3,7,8,,,,,,,,,
12124153,2,2,7,7,,,,,,,,,
12124154,3,2,4,7,11,,,,,,,,
12124164,2,2,7,4,6,,,,,,,,
12124165,3,3,7,3,10,,,,,,,,
12124166,0,0,5,1,,,,,,,,,
12124167,1,1,8,1,8,,,,,,,,
12124168,0,1,1,3,,,,,,,,,
12124169,3,2,7,6,,,,,,,,,
12124170,3,2,7,7,,,,,,,,,
12124171,3,2,7,6,,,,,,,,,
12124172,3,3,6,7,,,,,,,,,
12124173,0,1,0,2,,,,,,,,,
12124174,,,,,,,,,,,,,
12124175,3,2,6,7,,,,,,,,,
12124176,3,3,7,6,,,,,,,,,
12124177,2,1,3,7,3,,,,,,,,
12124249,2,3,6,6,,,,,,,,,
12124256,2,2,7,4,7,,,,,6,,,
12124257,3,2,6,7,,,,,,,,,
12124259,3,2,7,6,,,,,,,,,
12124264,1,1,3,6,,,,,,,,,
12124265,2,2,8,5,7,,,,,,,,
12124266,2,2,4,7,5,,,,,,,,
12124269,0,1,0,5,,,,,,,,,
12124270,1,1,8,4,5,,,8,,,,,
12124287,1,0,7,3,,,,,,,,,
12124288,3,3,4,7,10,,,,,,,,
12124289,0,1,5,5,,,,,,,,,
12124290,0,1,6,4,,,,,,,,,
12124291,0,0,1,1,,,,,,,,,
12124292,2,3,6,6,,,,,,,,,
12124293,0,0,1,0,,,,,,,,,
12124294,1,0,3,3,,,,,,,,,
12124295,3,3,7,6,,,,,,,,,
12124296,2,3,6,7,,,,,,,,,
12124297,2,2,7,7,,,,,,,,,
12124298,3,3,6,6,,,,,,,,,
12124299,2,2,6,6,,,,,,,,,
12124300,0,0,4,6,,,,,,,,,
12124366,2,2,7,7,,,,8,,,,,
12124374,3,3,6,7,,,,,,,,,
12124375,3,3,3,7,10,,,,,,,,
12124376,1,2,7,4,7,,,,,,,,
12124377,1,0,4,5,,,,,,,,,
12124378,2,2,7,6,,,,,,,,,
12124379,2,2,4,8,10,,,,,,,,
12124380,2,2,6,4,10,,,,,,,,
12124381,,,,,,,,,,,,,
12124382,0,0,1,3,,,,,,,,,
12124383,2,3,6,6,,,,,,,,,
12124384,0,1,3,4,,,,,,,,,
12124385,1,1,2,4,,,,,,,,,
12124386,0,1,5,0,,,,,,,,,
12124427,1,0,6,5,,,,,,,,,
12124481,2,3,6,7,,,,,,,,,
12124532,3,3,4,7,6,,,,,,,,
12124607,3,3,6,7,11,,,,,,,,
12124620,1,0,4,4,,,,,,,,,
12124638,2,1,7,7,3,,,,6,,,,
12124641,,,,,,,,,,,,,
12124643,1,1,3,2,,,,,,,,,
12124645,3,3,7,7,,,,,,,,,
12124646,2,2,6,6,,,,,,,,,
12124647,2,2,6,6,,,,,,,,,
12124653,2,3,7,7,,,,,,,,,
12124657,1,1,4,1,,,,,,,,,
12124659,1,1,4,3,,,,,,,,,
12124665,3,3,7,7,,,,,,,,,
12124680,2,2,7,6,,,,10,,,,,
12124681,2,3,7,7,,,,,,,,,
12124684,2,3,8,7,,,,7,,,,,
12124760,2,1,8,0,7,,,,,,,,
12124761,3,2,7,7,,,,,,,,,
12124762,2,2,5,6,10,,,,,,,,
12124763,3,2,7,6,,,,,,,,,
12124765,1,1,0,0,,,,,,,,,
12124766,1,0,5,2,,,,,,,,,
12124769,3,3,7,7,,,,,,,,,
12124772,1,0,3,2,,,,,,,,,
12124773,3,3,7,7,,,,,,,,,
12124775,0,0,3,0,,,,,,,,,
12125953,2,2,6,7,,,,,,,,,
12125954,2,2,7,7,,,,,,,,,
12125955,3,3,3,7,13,,,,,,,,
12143168,2,2,6,7,,,,,,,,,
12143169,,,,,,,,,,,,,
12143170,,,,,,,,,,,,,
12143171,2,3,3,7,11,,,,,,,,
12143172,,,7,7,,,,,,,,,
12143173,2,1,1,8,9,,,,,,,,
12143174,,,,,,,,,,,,,
12143175,2,3,7,7,,,,,,,,,
12143176,2,3,6,6,,,,,,,,,
12143177,2,2,2,,9,,,,,,,,
12143178,0,1,3,3,,,,,,,,,
12143179,3,3,6,7,,,,,,,,,
12143180,0,1,3,3,,,,,,,,,
12143181,3,2,7,7,,,,,,,,,
12143182,1,1,4,3,,,,,,,,,
12143183,2,3,7,7,,,,,,,,,
12143184,0,0,1,2,,,,,,,,,
12143185,,,,,,,,,,,,,
12143186,1,2,6,7,4,,,,,,,,
12143187,1,1,,1,,,,,,,,,
12143188,3,2,,7,,,,,,,,,
12143189,,,,,,,,,,,,,
12143190,0,1,1,0,,,,,,,,,
12087308,1,1,4,6,,,,,5,,,,
12087313,2,1,7,2,3,,,,,,,,
12087945,1,1,7,1,5,,,,,,,,
12088030,2,2,6,3,8,,,,,10,,,
12121109,1,1,3,1,,,,,,,,,
12121124,2,1,8,4,,,,,,,,,
12121126,3,3,7,6,,,,,,,,,
12121172,3,2,8,6,,,,,,,,,
12121174,0,1,2,5,,,,,,,,,
12121178,,,,,,,,,,,,,
12121182,0,0,5,1,,,,,,,,,
12121187,3,2,6,6,,,,,,,,,
12121194,0,1,2,3,,,,,,,,,
12121197,0,1,4,4,,,,,,,,,
12121199,3,3,7,6,,,,,,,,,
12121274,3,2,6,8,,,,,,,,,
12121326,2,2,6,6,,,,,,,,,
12121328,0,1,3,2,,,,,,,,,
12121329,,,,,,,,,,,,,
12121334,3,2,6,3,10,,,,,,,,
12121338,0,1,0,4,,,,,,,,,
12121341,3,2,7,7,,,,,,,,,
12121347,1,0,3,3,,,,,,,,,
12121350,0,1,2,1,,,,,,,,,
12121364,3,2,7,7,,,,,,,,,
12121365,1,0,2,4,,,,,,,,,
12121366,2,3,6,6,,,,,,,,,
12121367,1,1,3,3,,,,,,,,,
12121368,1,0,0,0,,,,,,,,,
12121369,3,3,6,8,,,,,,,,,
12121370,3,3,6,7,,,,,,,,,
12121372,1,1,3,1,,,,,,,,,
12121373,3,3,7,7,,,,,,,,,
12121374,3,3,8,7,,,,,,,,,
12121375,0,1,1,2,,,,,,,,,
12121378,1,0,5,6,,,,,,,,,
12121379,2,2,7,7,,,,,,,,,
12121380,0,1,1,4,,,,,,,,,
12121381,2,2,7,6,,,,,,,,,
12121383,1,0,4,2,,,,,,,,,
12121384,0,0,0,3,,,,,,,,,
12121385,0,1,4,5,,,,,,,,,
12121386,2,2,7,6,,,,,,,,,
12121389,2,2,6,6,,,,,,,,,
12121390,2,1,7,5,5,,,,,,,,
12121391,0,1,5,2,,,,,,,,,
12121393,3,2,6,7,,,,,,,,,
12121394,3,2,7,6,,,,,,,,,
12121395,0,1,4,1,,,,,,,,,
12121396,2,2,6,6,,,,,,,,,
12121397,3,3,4,6,11,,,,,,,,
12121400,2,2,7,2,11,,,,,,,,
12121401,1,1,1,1,,,,,,,,,
12121402,3,2,6,7,,,,,,,,,
12121403,3,2,4,7,10,,,,7,,,,
12121406,2,1,6,7,5,,,7,,,,,
12121407,3,3,7,7,,,,,,,,,
12121411,2,3,7,8,,,,,,,,,
12121412,2,3,6,6,,,,,,,,,
12121553,2,2,7,7,,,,,,,,,
12121554,3,3,4,6,6,,,,,,,,
12121555,2,2,7,2,3,,,,,,,,
12121588,2,3,6,6,,,,,,,,,
12121589,3,3,3,6,7,,,,,8,,,
12121590,1,0,7,4,,,,4,,,,,
12121591,3,2,7,7,,,,,,,,,
12121592,3,3,4,7,7,,,,,,,,
12121594,,,,,,,,,,,,,
12121595,2,3,7,6,,,,,,,,,
12121596,1,2,7,1,7,,,,,4,,,
12121597,0,1,6,2,,,,,,,,,
12121598,1,0,4,4,,,,,,,,,
12121599,2,2,7,7,,,,,,,,,
12121600,2,2,7,6,,,,,,,,,
12121601,3,3,6,6,,,,,,,,,
12121602,1,0,2,2,,,,,,,,,
12121603,3,3,8,6,,,,,,,,,
12121607,,,,,,,,,,,,,
12121676,2,2,6,7,,,,,,,,,
12121679,3,2,7,7,,,,,,,,,
12121680,3,2,7,7,6,,,8,,,,,
12121682,2,2,7,6,,,,,,,,,
12121684,2,3,8,7,,,,,,,,,
12121699,0,0,1,3,,,,,,,,,
12121700,2,2,6,7,,,,,,,,,
12121701,1,0,1,4,,,,,,,,,
12121702,3,3,6,7,,,,,,,,,
12121703,2,3,3,6,10,,,,,,,,
12121704,2,2,7,7,,,,,,,,,
12121705,3,2,7,7,,,,,,,,,
12121706,2,3,7,7,,,,,,,,,
12121707,1,0,3,4,,,,,,,,,
12121708,1,1,2,2,,,,,,,,,
12121709,1,0,1,1,,,,,,,,,
12121710,1,1,1,3,,,,,,,,,
12121711,1,1,1,2,,,,,,,,,
12121712,1,0,4,2,,,,,,,,,
12121713,0,0,3,2,,,,,,,,,
12121714,3,2,6,7,,,,,,,,,
12121715,3,3,6,7,,,,,,,,,
12121716,2,1,7,4,7,,,,,,,,
12121717,3,3,6,7,,,,,,,,,
12121718,2,3,1,7,11,,,,,,,,
12121719,2,1,4,7,4,,,,,,,,
12121720,1,0,1,0,,,,,,,,,
12121721,3,2,7,7,,,,,,,,,
12121724,3,2,7,6,,,,,,,,,
12121725,1,1,2,4,,,,,,,,,
12121726,0,0,0,2,,,,,,,,,
12121727,3,3,6,7,,,,,,,,,
12121728,2,3,6,7,,,,,,,,,
12121729,2,2,8,4,11,,,,,,,,
12121730,2,2,3,6,6,,,,,,,,
12121731,2,3,3,7,11,,,,,,,,
12121732,2,3,7,7,,,,,,,,,
12121733,0,0,5,2,,,,,,,,,
12121734,3,3,6,6,,,,,,,,,
12121735,2,1,2,6,8,,,,,,,,
12121736,3,3,5,8,10,,,,,,,,
12121737,3,2,6,7,,,,,,,,,
12121805,,,,,,,,,,,,,
12121806,2,2,7,6,,,,,,,,,
12121807,0,1,2,5,,,,,,,,,
12121808,0,0,1,1,,,,,,,,,
12121809,2,3,7,7,,,,,,,,,
12121810,1,0,3,,,,,,,,,,
12121811,0,1,1,1,,,,,,,,,
12121812,0,0,4,,,,,,,,,,
12121817,,,,,,,,,,,,,
12121818,,,,,,,,,,,,,
12121819,,,,,,,,,,,,,
12121826,2,2,6,6,,,,,,,,,
12121827,3,3,6,6,,,,,,,,,
12121828,1,0,1,0,,,,,,,,,
12121829,1,0,1,5,,,,,,,,,
12121874,0,1,3,2,,,,,,,,,
12121878,0,0,5,1,,,,,,,,,
12121879,,,8,6,4,,,12,,,,,
12121883,2,2,7,6,,,,,,,,,
12121885,3,3,7,7,,,,,,,,,
12122124,3,2,6,6,,,,,,,,,
12122125,2,1,7,3,4,,,,,,,,
12122126,2,3,7,6,,,,,,,,,
12122127,2,3,7,7,,,,,,,,,
12122128,0,1,4,2,,,,,,,,,
12122129,0,1,4,2,,,,,,,,,
12122130,3,3,6,6,,,,,,,,,
12122131,0,0,0,1,,,,,,,,,
12122132,2,2,7,6,,,,,,,,,
12122133,0,0,4,3,,,,,,,,,
12122134,,,,,,,,,,,,,
12122135,1,0,1,4,,,,,,,,,
12122136,2,2,6,6,,,,,,,,,
12122137,3,3,7,6,,,,,,,,,
12122138,0,0,1,5,,,,,,,,,
12122139,3,3,6,6,,,,,,,,,
12122140,,,,,,,,,,,,,
12122141,1,1,0,2,,,,,,,,,
12122142,0,0,4,2,,,,,,,,,
12122143,1,0,1,2,,,,,,,,,
12122144,,,,,,,,,,,,,
12122145,0,1,1,1,,,,,,,,,
12122146,,,,,,,,,,,,,
12122147,0,1,0,1,,,,,,,,,
12122148,1,1,4,4,,,,,,,,,
12122149,0,1,4,4,,,,,,,,,
12122150,0,0,4,2,,,,,,,,,
12122151,,,,,,,,,,,,,
12122152,,,,,,,,,,,,,
12122153,,,,,,,,,,,,,
12122154,0,1,7,3,,,,,,,,,
12122155,0,1,4,4,,,,,,,,,
12122156,2,2,6,8,13,,,,,,,,
12122157,2,3,7,7,,,,,,,,,
12122158,3,3,6,7,,,,,,,,,
12122159,2,2,7,7,,,,,,,,,
12122160,2,2,7,7,,,,,,,,,
12122161,2,3,5,7,11,,,,,,,,
12122162,1,2,7,3,8,,,,,,,,
12122163,2,3,6,6,,,,,,,,,
12122164,0,1,4,3,,,,,,,,,
12122165,,,,,,,,,,,,,
12122166,2,2,5,7,11,,,,,,,,
12122167,3,3,6,6,,,,,,,,,
12122168,2,2,6,6,,,,,,,,,
12122172,2,2,7,5,6,,,,,,,,
12122307,3,3,7,6,,,,7,,,,,
12122308,2,3,7,6,,,,,,,,,
12122309,3,2,6,6,,,,,,,,,
12122310,1,1,7,4,4,,,,,,,,
12122311,3,3,6,7,,,,,,,,,
12122317,3,2,6,7,7,,,,,8,,,
12122318,3,3,7,7,,,,,,,,,
12122319,0,1,7,3,,,,4,,,,,
12122320,3,3,7,4,7,,,,,,,,
12122321,2,3,5,6,6,,,,,,,,
12122322,1,1,0,1,,,,,,,,,
12122323,1,1,2,6,4,,,,,,,,
12122324,1,0,2,5,,,,,,,,,
12122325,3,2,8,6,,,,,,,,,
12122326,2,2,4,6,7,,,,,,,,
12122327,2,3,7,6,,,,7,,,,,
12122328,2,3,7,7,,,,,,,,,
12122329,,,,,,,,,,,,,
12122330,2,2,7,5,2,,,,,,,,
12122331,2,3,7,7,,,,,,,,,
12122332,1,0,4,6,,,,,,,,,
12122333,2,1,7,4,4,,,,,,,,
12122334,3,3,7,7,,,,,,,,,
12122335,2,2,7,6,,,,,,,,,
12123190,2,2,5,7,11,,,,,,,,
12123191,1,1,2,7,8,,,,,,,,
12123192,3,2,7,6,,,,,,,,,
12123193,3,2,6,6,,,,,,,,,
12123195,0,0,7,1,,,,,,,,,
12123196,2,2,7,5,5,,,,,,,,
12123197,1,0,2,4,,,,,,,,,
12123199,1,0,4,5,,,,,,,,,
12123277,3,2,7,7,,,,,,,,,
12123278,3,2,6,6,11,,,,,,,,
12123279,3,2,7,7,,,,,,,,,
12123280,2,2,6,7,,,,,,,,,
12123281,,,,,,,,,,,,,
12123282,0,0,3,2,,,,,,,,,
12123283,1,2,8,4,5,,,,,,,,
12123284,0,0,5,3,,,,,,,,,
12123658,3,3,6,6,,,,,,,,,
12123659,3,3,7,6,,,,,,,,,
12123666,3,3,6,7,,,,,,,,,
12123667,3,3,6,7,,,,,,,,,
12123668,3,3,4,6,10,,,,,,,,
12123669,1,1,4,2,,,,,,,,,
12123670,2,3,6,3,10,,,,,,,,
12123671,0,1,3,2,,,,,,,,,
12123672,2,2,7,2,12,,,,,,,,
12123673,2,2,6,6,,,,,,,,,
12123687,1,0,3,2,,,,,,,,,
12123696,3,2,2,6,6,,,,,,,,
12123697,2,2,7,8,,,,7,8,,,,
12123698,2,3,6,6,,,,,,,,,
12123699,3,2,8,6,,,,,,,,,
12123700,3,3,6,6,,,,,,,,,
12123701,0,1,3,5,,,,,,,,,
12123702,1,0,2,0,,,,,,,,,
12123703,3,2,7,7,,,,,,,,,
12123704,2,3,7,7,,,,,,,,,
12123705,0,1,6,3,,,,,,,,,
12123706,2,3,7,7,,,,,,,,,
12123707,2,3,6,4,11,,,,,,,,
12123708,3,2,8,7,,,,,,,,,
12123709,2,2,7,7,,,,,,,,,
12123710,1,0,2,5,,,,,,,,,
12123711,2,2,6,5,12,,,,,,,,
12123712,2,2,2,6,11,,,,,,,,
12123713,1,0,2,3,,,,,,,,,
12123807,3,2,4,7,10,,,,,,,,
12123808,0,0,1,1,,,,,,,,,
12123809,0,1,1,4,,,,,,,,,
12123810,1,0,0,0,,,,,,,,,
12123811,1,1,3,3,,,,,,,,,
12123812,2,3,7,7,,,,,,,,,
12123813,2,2,7,6,,,,,,,,,
12123814,3,3,6,6,,,,,,,,,
12123815,1,0,3,1,,,,,,,,,
12123816,1,1,2,3,,,,,,,,,
12123817,2,2,7,6,,,,,,,,,
12123818,2,2,6,7,,,,,,,,,
12123819,3,2,7,6,,,,,,,,,
12123821,2,2,8,7,,,,8,,,,,
12123822,2,2,7,6,,,,,,,,,
12123823,2,3,7,6,,,,,,,,,
12123826,3,2,7,7,,,,,,,,,
12123827,2,3,8,3,11,,,,,,,,
12123828,0,1,5,2,,,,,,,,,
12123829,1,0,2,2,,,,,,,,,
12123830,0,0,6,1,,,,,,,,,
12123831,2,3,6,8,,,,,,,,,
12123832,2,3,6,7,,,,,,,,,
12123833,2,3,7,7,,,,,,,,,
12123834,1,0,5,2,,,,,,,,,
12123835,2,3,6,6,,,,,,,,,
12123836,3,2,6,6,,,,,,,,,
12123837,1,2,2,6,8,,,,,,,,
12123838,,,,,,,,,,,,,
12123839,1,1,2,3,,,,,,,,,
12123840,3,2,7,7,,,,,,,,,
12123841,0,1,2,0,,,,,,,,,
12123842,3,2,8,6,,,,,,,,,
12123843,3,2,6,6,,,,,,,,,
12123844,3,2,1,7,11,,,,,,,,
12123845,3,3,7,6,,,,,,,,,
12123846,2,2,6,7,,,,,,,,,
12123847,3,3,7,7,,,,,,,,,
12123848,3,3,7,6,,,,,,,,,
12123849,2,2,6,6,,,,,,,,,
12123850,1,1,2,3,,,,,,,,,
12123851,3,3,6,7,,,,,,,,,
12123852,2,3,7,7,,,,,,,,,
12123853,3,2,7,6,,,,,,,,,
12123854,0,0,2,4,,,,,,,,,
12123855,2,2,4,7,8,,,,,,,,
12123856,3,2,6,6,,,,,,,,,
12123857,0,0,2,3,,,,,,,,,
12123858,2,3,6,6,,,,,,,,,
12123889,1,0,5,4,,,,,,,,,
12123890,0,1,6,1,,,,2,,,,,
12123891,1,1,1,3,,,,,,,,,
12123892,3,2,7,7,,,,8,,,,,
12123893,3,3,7,6,,,,,,,,,
12123894,1,2,6,4,8,,,,,,,,
12123895,2,2,7,6,,,,,,,,,
12123896,2,2,7,7,,,,,,,,,
12123897,2,3,6,7,,,,,,,,,
12123898,2,2,7,5,6,,,,,,,,
12123899,3,3,7,7,11,,,3,,,,,
12123900,2,2,2,6,7,,,,,,,,
12123901,3,3,7,7,,,,,,,,,
12123902,1,1,5,5,,,,,,,,,
12123903,2,1,6,3,7,,,,,,,,
12123904,1,1,1,6,6,,,,,,,,
12123929,3,3,7,2,11,,,,,,,,
12123930,3,3,7,6,,,,,,,,,
12123931,1,2,7,0,8,,,,,,,,
12123932,2,3,7,7,,,,,,,,,
12123933,1,0,2,6,,,,,,,,,
12123934,3,2,7,7,,,,,,,,,
12123935,1,0,2,3,,,,,,,,,
12123936,3,2,6,1,10,,,,,,,,
12123937,0,0,3,2,,,,,,,,,
12123938,2,2,7,6,,,,,,,,,
12123939,2,3,7,6,,,,,,,,,
12123940,2,1,7,0,3,,,,,,,,
12123941,1,0,7,2,,,,4,,,,,
12123942,2,3,7,6,,,,7,,,,,
12123943,2,2,7,7,,,,,,,,,
12123944,1,1,2,4,,,,,,,,,
12123945,0,0,6,2,,,,3,,,,,
12123946,2,3,7,7,,,,,,,,,
12123947,2,2,7,6,,,,,,,,,
12123948,2,2,4,7,10,,,,,,,,
12123949,2,3,7,7,11,,,6,,,,,
12123950,3,3,2,7,11,,,,,,,,
12123951,2,2,7,7,,,,,,,,,
12123952,1,1,6,1,4,,,,,,,,
12123953,2,3,6,7,,,,,,,,,
12123954,2,3,7,6,,,,,,,,,
12123955,0,1,0,2,,,,,,,,,
12123956,1,1,2,3,,,,,,,,,
12123957,1,0,2,3,,,,,,,,,
12123958,2,2,7,7,,,,,,,,,
12123959,1,1,3,5,,,,,,,,,
12123960,1,0,2,2,,,,,,,,,
12123961,0,1,5,0,,,,,,,,,
12123962,1,1,6,5,6,,,,,,,,
12123963,3,3,6,2,14,,,,,,,,
12123964,1,0,4,3,,,,,,,,,
12123965,3,2,7,6,,,,,,,,,
12123966,1,1,5,8,14,,,,,,,,
12123967,1,1,3,4,,,,,,,,,
12123968,2,2,7,5,9,,,,,,,,
12123973,1,0,7,7,,,,7,2,,,,
12124004,0,0,4,4,,,,,,,,,
12124015,0,1,3,3,,,,,,,,,
12124016,2,2,7,6,,,,,,,,,
12124017,2,2,6,8,,,,,10,,,,
12124018,0,0,5,2,,,,,,,,,
12124019,3,3,8,4,10,,,9,,,,,
12124020,2,3,8,7,,,,,,,,,
12124021,0,1,5,2,,,,,,,,,
12124022,0,1,6,3,,,,,,,,,
12124046,2,3,7,7,,,,,,,,,
12124047,2,2,2,7,10,,,,,,,,
12124048,0,0,1,3,,,,,,,,,
12124049,3,3,6,6,,,,,,,,,
12124050,0,1,3,7,,,,,,,,,
12124051,0,0,1,2,,,,,,,,,
12124052,2,3,7,6,,,,,,,,,
12124053,0,1,1,2,,,,,,,,,
12124054,3,3,6,6,,,,,,,,,
12124055,0,0,1,1,,,,,,,,,
12124056,2,3,6,5,10,,,,,,,,
12124057,2,2,6,7,,,,,,,,,
12124058,1,0,3,1,,,,,,,,,
12124059,1,1,2,2,,,,,,,,,
12124060,3,2,7,6,,,,,,,,,
12124061,2,3,7,6,,,,,,,,,
12124079,2,2,6,6,,,,,,,,,
12124080,3,2,4,6,11,,,,,,,,
12124081,2,2,6,6,,,,,,,,,
12124082,1,2,3,6,8,,,,,,,,
12124083,1,0,4,3,,,,,,,,,
12124084,2,3,6,7,,,,,,,,,
12124085,2,2,7,4,10,,,,,,,,
12124086,1,1,3,5,,,,,,,,,
12124087,1,0,2,0,,,,,,,,,
12124088,0,1,1,5,,,,,,,,,
12124089,2,1,4,7,7,,,,,,,,
12124090,2,2,7,7,8,,,,,,,,
12124091,1,0,2,5,,,,,,,,,
12124092,1,1,4,2,,,,,,,,,
12124093,3,2,8,1,11,,,,,,,,
12124094,2,3,6,6,,,,,,,,,
12124105,1,2,8,2,3,,,7,,,,,
12124127,2,3,6,7,,,,,,,,,
12124128,3,3,7,7,10,,,7,,,,,
12124129,3,2,6,7,,,,,,,,,
12124130,3,2,7,6,,,,,,,,,
12124131,1,0,1,4,,,,,,,,,
12124132,0,1,1,1,,,,,,,,,
12124133,1,1,3,1,,,,,,,,,
12124134,0,1,4,5,,,,,,,,,
12124135,1,1,8,0,7,,,7,,,,,
12124138,3,3,7,6,,,,,,,,,
12124139,1,2,6,3,4,,,,,,,,
12124140,2,3,6,7,,,,,,,,,
12124141,2,2,7,7,,,,,,,,,
12124142,2,2,7,1,6,,,,,,,,
12124143,3,2,8,7,,,,,,,,,
12124144,1,0,4,7,,,,,,,,,
12124145,1,2,6,5,4,,,,,,,,
12124146,3,3,7,7,,,,,,,,,
12124147,0,1,3,2,,,,,,,,,
12124148,0,1,5,4,,,,,,,,,
12124149,3,2,6,7,,,,,,,,,
12124150,3,2,7,8,,,,,,,,,
12124153,2,3,7,6,,,,,,,,,
12124154,2,3,4,6,11,,,,,,,,
12124164,2,1,6,4,6,,,,,,,,
12124165,3,3,7,3,10,,,,,,,,
12124166,1,0,5,2,,,,,,,,,
12124167,2,1,8,2,8,,,,,,,,
12124168,0,1,1,3,,,,,,,,,
12124169,2,3,7,6,,,,,,,,,
12124170,3,3,7,7,,,,,,,,,
12124171,2,2,7,6,,,,,,,,,
12124172,2,2,6,6,,,,,,,,,
12124173,1,1,0,3,,,,,,,,,
12124174,,,,,,,,,,,,,
12124175,3,3,7,7,,,,,,,,,
12124176,2,2,7,6,,,,,,,,,
12124177,2,1,2,7,4,,,,,,,,
12124249,2,3,6,6,,,,,,,,,
12124255,1,1,6,4,1,,,,,,,,
12124256,2,2,7,3,6,,,,,7,,,
12124257,2,2,6,6,,,,,,,,,
12124258,1,1,3,2,,,,,,,,,
12124259,2,2,6,6,,,,,,,,,
12124260,0,1,6,4,,,,,,,,,
12124261,3,2,7,7,,,,,,,,,
12124262,1,0,1,2,,,,,,,,,
12124263,2,3,6,7,,,,,,,,,
12124264,1,1,4,6,,,,,,,,,
12124265,3,3,7,4,7,,,,,,,,
12124266,2,2,5,7,5,,,,,,,,
12124267,2,3,6,7,,,,,,,,,
12124268,2,2,7,6,,,,,,,,,
12124269,1,0,1,5,,,,,,,,,
12124270,2,1,7,3,4,,,7,,,,,
12124279,1,2,6,5,,,,,,,,,
12124282,0,0,2,4,,,,,,,,,
12124287,0,1,7,4,,,,,,,,,
12124288,3,2,3,7,10,,,,,,,,
12124289,0,0,6,6,,,,,,,,,
12124290,1,0,5,4,,,,,,,,,
12124291,1,1,1,1,,,,,,,,,
12124292,2,2,6,7,,,,,,,,,
12124293,0,0,1,1,,,,,,,,,
12124294,1,1,3,3,,,,,,,,,
12124295,3,3,7,7,,,,,,,,,
12124296,3,3,7,7,,,,,,,,,
12124297,3,3,6,6,,,,,,,,,
12124298,2,3,7,7,,,,,,,,,
12124299,2,2,7,6,,,,,,,,,
12124300,1,1,3,7,,,,,,,,,
12124302,,,,,,,,,,,,,
12124366,3,3,8,6,,,,8,,,,,
12124367,2,3,6,7,,,,,,,,,
12124374,2,3,6,8,,,,,,,,,
12124375,3,2,3,6,10,,,,,,,,
12124376,2,2,7,4,8,,,,,,,,
12124377,1,0,3,4,,,,,,,,,
12124378,3,2,7,6,,,,,,,,,
12124379,2,3,4,8,10,,,,,,,,
12124380,2,2,6,4,11,,,,,,,,
12124381,,,,,,,,,,,,,
12124382,1,1,2,3,,,,,,,,,
12124383,2,3,6,6,,,,,,,,,
12124384,1,0,3,4,,,,,,,,,
12124385,0,1,1,5,,,,,,,,,
12124386,1,1,4,1,,,,,,,,,
12124401,3,2,7,7,,,,,7,,,,
12124427,0,0,5,6,,,,,,,,,
12124472,2,2,7,5,11,,,8,,,,,
12124481,3,2,7,6,,,,,,,,,
12124494,0,1,1,4,,,,,,,,,
12124532,2,2,4,8,7,,,,,,,,
12124600,1,1,7,1,,,,6,,,,,
12124601,1,0,3,2,,,,,,,,,
12124602,2,2,6,6,,,,,,,,,
12124607,2,3,6,8,10,,,,,,,,
12124620,1,0,3,4,,,,,,,,,
12124627,2,2,4,8,7,,,,,,,,
12124638,1,2,7,7,4,,,,6,,,,
12124640,0,1,2,0,,,,,,,,,
12124641,,,,,,,,,,,,,
12124642,1,1,3,2,,,,,,,,,
12124643,1,1,4,2,,,,,,,,,
12124644,2,2,6,6,,,,,,,,,
12124645,3,2,7,7,,,,,,,,,
12124646,3,2,6,7,,,,,,,,,
12124647,2,2,7,6,,,,,,,,,
12124648,2,3,4,7,11,,,,,,,,
12124649,3,3,7,3,11,,,,,,,,
12124650,2,2,7,7,,,,,,,,,
12124651,1,1,0,4,,,,,,,,,
12124652,0,1,4,4,,,,,,,,,
12124653,2,2,6,7,,,,,,,,,
12124654,2,2,6,7,,,,,,,,,
12124656,2,2,7,7,,,,,,,,,
12124657,0,1,5,0,,,,,,,,,
12124658,0,0,2,2,,,,,,,,,
12124659,0,1,5,2,,,,,,,,,
12124660,1,1,0,5,,,,,,,,,
12124661,1,0,4,5,,,,,,,,,
12124662,1,1,2,3,,,,,,,,,
12124663,2,3,7,7,,,,10,,,,,
12124664,3,2,6,6,,,,,,,,,
12124665,2,3,6,7,,,,,,,,,
12124666,2,1,2,7,6,,,,,6,,,
12124679,1,1,6,6,,,,,2,,,,
12124680,2,3,7,7,,,,9,,,,,
12124681,3,3,6,6,,,,,,,,,
12124682,0,1,2,4,,,,,,,,,
12124683,1,0,0,6,,,,,3,,,,
12124684,3,3,7,7,,,,8,,,,,
12124741,3,3,6,6,,,,,,,,,
12124742,2,3,7,7,,,,,,,,,
12124743,2,2,7,7,5,,,,,,,,
12124750,0,1,6,3,,,,,,,,,
12124753,1,0,3,7,,,,,5,,,,
12124760,2,1,7,1,6,,,,,,,,
12124761,2,3,6,6,,,,,,,,,
12124762,3,3,5,6,10,,,,,,,,
12124763,2,3,6,7,,,,,,,,,
12124764,3,2,4,6,11,,,,,,,,
12124765,1,0,1,1,,,,,,,,,
12124766,0,1,4,3,,,,,,,,,
12124767,2,3,7,8,,,,,,,,,
12124768,0,0,0,6,,,,,,,,,
12124769,2,3,6,6,,,,,,,,,
12124770,3,2,7,6,,,,,,,,,
12124771,2,1,6,5,7,,,,,,,,
12124772,0,1,4,1,,,,,,,,,
12124773,3,3,8,6,,,,,,,,,
12124774,1,2,8,3,5,,,,,,,,
12124775,1,1,3,1,,,,,,,,,
12124783,3,3,6,7,,,,,,,,,
12124802,1,1,3,4,,,,,,,,,
12124803,2,2,7,6,,,,,,,,,
12124804,3,3,6,6,,,,,,,,,
12124805,1,1,3,1,,,,,,,,,
12124806,3,3,6,7,,,,,,,,,
12124807,2,3,7,6,,,,,,,,,
12124808,0,0,1,1,,,,,,,,,
12124809,0,1,3,5,,,,,,,,,
12124810,2,2,7,7,11,,,,5,,,,
12124811,1,0,4,2,,,,,,,,,
12124812,1,0,3,5,,,,,,,,,
12124813,2,2,6,7,,,,,,,,,
12124814,3,2,8,8,,,,,,,,,
12124815,0,0,5,2,,,,,,,,,
12124816,,,,,,,,,,,,,
12124817,2,3,4,6,10,,,,,,,,
12125315,1,0,1,5,,,,,,,,,
12125316,2,3,6,7,,,,,,,,,
12125317,3,3,7,6,,,,,,,,,
12125318,0,1,5,4,,,,,,,,,
12125319,0,0,3,2,,,,,,,,,
12125320,,,,,,,,,,,,,
12125321,1,0,7,3,,,,6,,,,,
12125322,1,1,5,5,,,,,,,,,
12125324,3,3,3,6,6,,,,,,,,
12125325,1,0,2,4,,,,,,,,,
12125326,2,2,7,6,,,,,,,,,
12125327,3,3,7,7,,,,,10,,,,
12125328,1,1,3,4,,,,,,,,,
12125329,3,3,6,6,,,,,,,,,
12125330,2,3,7,7,,,,,,,,,
12125331,2,2,6,7,,,,,,,,,
12125332,1,2,7,6,3,,,,12,,,,
12125338,2,1,7,2,3,,,,,,,,
12125339,0,1,4,1,,,,,,,,,
12125340,2,2,7,7,,,,,,,,,
12125341,1,2,7,3,4,,,7,,,,,
12125342,2,2,8,6,5,,,9,10,,,,
12125343,0,1,1,3,,,,,,,,,
12125344,3,3,4,7,6,,,,,,,,
12125759,3,3,7,2,6,,,,,,,,
12125761,3,3,6,6,,,,,,,,,
12125762,3,3,7,8,,,,,9,,,,
12125763,3,3,7,6,,,,,,,,,
12125764,3,2,8,6,,,,,,,,,
12125767,0,1,1,1,,,,,,,,,
12125768,3,2,6,3,7,,,,,,,,
12125769,0,0,1,2,,,,,,,,,
12125924,2,3,6,7,,,,,,,,,
12125925,3,2,8,7,,,,,,,,,
12125926,2,2,6,1,10,,,,,,,,
12125927,2,3,6,6,,,,,,,,,
12125928,3,2,6,7,,,,,,,,,
12125929,2,1,7,2,6,,,,,,,,
12125931,0,1,3,1,,,,,,,,,
12125933,0,0,1,3,,,,,,,,,
12125938,1,1,6,2,,,,,,,,,
12125953,3,3,7,7,,,,,,,,,
12125954,2,3,7,6,,,,,,,,,
12125955,2,3,3,7,14,,,,,,,,
12125992,3,2,7,6,,,,,,,,,
12126012,0,1,4,5,,,,,,,,,
12126013,3,2,6,6,,,,,,,,,
12126014,3,3,7,7,11,,,5,,,,,
12126015,2,2,6,6,,,,,,,,,
12126016,3,3,8,6,,,,,,,,,
12126044,3,3,6,6,,,,,,,,,
12126051,2,2,4,6,6,,,,,,,,
12126052,2,2,2,7,8,,,,,,,,
12126088,2,2,6,8,,,,,,,,,
12126160,2,2,7,4,5,,,,,,,,
12126165,0,0,3,1,,,,,,,,,
12126187,2,3,6,6,,,,,,,,,
12126221,3,2,6,7,,,,,,,,,
12126222,2,3,7,7,,,,,,,,,
12126223,0,1,4,4,,,,,,,,,
12126260,3,2,6,6,,,,,,,,,
12126292,3,3,4,7,11,,,,,,,,
12126293,2,3,7,2,11,,,,,,,,
12126294,2,2,7,7,,,,,,,,,
12126295,1,1,3,6,7,,,,,,,,
12126296,3,2,6,6,,,,,,,,,
12126299,1,1,6,1,2,,,,,,,,
12126300,0,1,1,2,,,,,,,,,
12126301,3,2,5,7,11,,,,,,,,
12126302,1,1,7,4,,,,3,,,,,
12126303,2,2,3,7,11,,,,,,,,
12126304,2,2,7,5,10,,,,,,,,
12126305,1,1,6,5,5,,,,,,,,
12126307,2,1,1,7,3,,,,11,,,,
12126308,3,2,7,6,,,,,,,,,
12126309,1,0,2,0,,,,,,,,,
12126310,0,1,0,3,,,,,,,,,
12126311,1,0,4,,,,,,,,,,
12126312,1,1,7,4,9,,,,,,,,
12126315,1,0,2,7,,,,,7,,,,
12126316,2,2,7,6,,,,,,,,,
12126317,3,3,6,6,,,,,,,,,
12126319,1,1,5,7,7,,,,,,,,
12126321,1,0,4,1,,,,,,,,,
12126325,2,2,6,7,,,,,,,,,
12126340,3,3,6,7,,,,,,,,,
12126341,0,0,4,5,,,,,,,,,
12126342,2,2,7,8,,,,,,,,,
12126343,2,3,8,7,,,,,,,,,
12126344,2,2,6,7,,,,,,,,,
12126345,3,3,5,8,10,,,,,,,,
12126346,3,2,7,7,,,,,,,,,
12126347,3,3,7,7,,,,,,,,,
12126348,0,0,6,3,,,,,,,,,
12126353,3,3,8,6,,,,,,,,,
12126363,0,0,2,1,,,,,,,,,
12126374,1,1,5,6,,,,,,,,,
12126375,1,0,2,2,,,,,,,,,
12126376,,,,,,,,,,,,,
12126444,1,1,7,2,6,,,,,,,,
12126445,0,0,2,2,,,,,,,,,
12126446,2,1,3,7,9,,,,,,,,
12126447,3,2,7,7,,,,,,,,,
12126448,3,3,7,6,,,,,,,,,
12126449,3,3,6,7,,,,,,,,,
12126450,2,3,6,6,,,,,,,,,
12126451,2,3,7,6,,,,,,,,,
12126452,2,2,8,7,,,,,,,,,
12126459,3,3,7,7,,,,,,,,,
12126460,,,,,,,,,,,,,
12126461,1,1,6,3,,,,,,,,,
12126462,3,3,4,7,10,,,,,,,,
12126463,1,1,7,4,,,,,,,,,
12126466,1,1,3,3,,,,,,,,,
12126467,3,3,2,6,10,,,,,,,,
12126469,1,2,6,5,0,,,,,,,,
12126470,2,2,7,7,,,,,,,,,
12126474,3,2,7,6,,,,,,,,,
12126476,2,3,7,7,6,,,6,,,,,
12126478,1,0,2,1,,,,,,,,,
12126506,3,2,8,5,11,,,,,,,,
12126525,3,2,7,6,,,,,,,,,
12126530,3,2,6,6,11,,,,,,,,
12126533,2,1,6,7,10,,,,,,,,
12126534,2,3,6,7,,,,,,,,,
12126535,3,2,4,7,11,,,,,,,,
12126536,1,1,2,1,,,,,,,,,
12126538,2,2,4,8,7,,,,8,,,,
12126540,2,2,8,6,,,,,,,,,
12126543,0,0,5,4,,,,,,,,,
12126547,1,1,3,5,,,,,,,,,
12126549,2,1,6,1,11,,,,,,,,
12126550,1,1,7,7,5,,,,,,,,
12126563,1,2,6,0,8,,,,,,,,
12126564,1,0,5,4,,,,,,,,,
12126565,1,1,6,6,7,,,,6,,,,
12126566,2,2,6,2,8,,,,,,,,
12126567,2,1,7,3,,,,,,,,,
12126568,3,2,3,7,10,,,,,,,,
12126571,3,2,8,2,10,,,,,,,,
12126573,2,2,6,7,4,,,,,,,,
12126612,0,1,1,3,,,,,,,,,
12126631,2,3,7,8,,,,,,,,,
12126633,2,3,6,8,,,,,,,,,
12126634,3,2,6,6,,,,,,,,,
12126635,3,3,7,7,,,,,,,,,
12126636,2,2,7,7,,,,,,,,,
12126637,0,1,6,3,,,,5,,,,,
12126641,1,1,2,5,,,,,,,,,
12126644,3,3,4,6,6,,,,,,,,
12126645,2,2,6,7,,,,,,,,,
12126646,3,2,7,6,,,,7,,,,,
12126647,3,3,6,6,,,,,,,,,
12126656,3,2,7,8,,,,,,,,,
12126657,2,2,7,7,,,,8,,,,,
12126658,3,2,7,6,,,,,,,,,
12126659,2,3,5,6,7,,,,,,,,
12126779,0,1,6,1,,,,,,,,,
12126780,3,3,7,7,,,,,,,,,
12126782,2,1,8,3,4,,,,,,,,
12126792,0,0,1,2,,,,,,,,,
12126794,2,3,7,7,,,,,,,,,
12126830,0,1,0,0,,,,,,,,,
12126833,2,1,7,0,,,,,,,,,
12126834,3,3,7,6,,,,,,,,,
12126838,3,2,7,7,,,,,,,,,
12126845,3,3,6,6,,,,,,,,,
12126846,3,3,6,6,,,,,,,,,
12126847,3,3,6,6,,,,,,,,,
12126848,2,2,2,7,11,,,,,,,,
12126849,3,3,6,7,,,,,,,,,
12126850,2,2,7,5,9,,,,,,,,
12126853,3,3,6,6,11,,,7,,,,,
12126856,3,3,7,4,11,,,,,,,,
12126904,1,0,4,2,,,,,,,,,
12126914,0,1,4,4,,,,,,,,,
12126920,1,0,4,7,,,,,3,,,,
12126921,3,2,7,7,,,,,,,,,
12126922,3,3,6,6,,,,,,,,,
12126923,3,2,7,7,,,,,,,,,
12126924,1,1,4,,,,,,,,,,
12126948,2,3,5,7,6,,,,7,,,,
12127034,3,2,8,7,,,,8,,,,,
12127039,0,1,1,4,,,,,,,,,
12127040,0,0,2,3,,,,,,,,,
12127041,0,1,5,2,,,,,,,,,
12127043,2,3,4,7,6,,,,8,,,,
12127055,0,1,3,3,,,,,,,,,
12127062,0,0,6,7,,,,,3,,,,
12127064,0,1,5,3,,,,,,,,,
12127107,3,2,7,1,7,,,,,,,,
12127109,2,3,7,8,,,,,7,,,,
12127280,0,0,3,3,,,,,,,,,
12127281,0,0,3,5,,,,,,,,,
12127282,2,1,7,3,9,,,,,,,,
12127284,0,1,1,5,,,,,,,,,
12127285,3,2,6,3,11,,,,,,,,
12127286,3,3,7,7,,,,,,,,,
12127287,3,3,7,7,,,,,,,,,
12127291,2,2,7,8,,,,,,,,,
12127439,1,1,5,2,,,,,,,,,
12127440,1,2,7,4,7,,,,,,,,
12127441,2,3,7,8,,,,,,,,,
12127442,0,0,4,3,,,,,,,,,
12127443,,,,,,,,,,,,,
12127444,2,3,6,6,,,,,,,,,
12127447,3,2,6,7,,,,,,,,,
12127448,2,3,6,7,,,,,,,,,
12127755,2,2,6,2,4,,,,,,,,
12127772,2,2,7,6,,,,,,,,,
12127777,1,0,5,4,,,,,,,,,
12128295,2,1,6,4,8,,,,,,,,
12128296,3,3,7,8,,,,,,,,,
12128297,1,0,6,2,,,,,,,,,
12128298,2,2,6,6,,,,,,,,,
12128299,2,2,7,5,5,,,,,,,,
12128300,2,3,7,7,,,,,,,,,
12128301,1,2,8,2,8,,,,,,,,
12128302,2,2,6,7,,,,,,,,,
12128625,3,3,6,6,,,,,,,,,
12128667,3,3,6,7,,,,,,,,,
12128668,2,2,7,7,,,,,,,,,
12128669,1,0,1,3,,,,,,,,,
12128920,3,2,6,2,11,,,,,,,,
12129141,2,3,7,6,,,,,,,,,
12129153,0,0,7,2,,,,,,,,,
12129154,2,2,4,7,10,,,,,,,,
12129160,3,3,6,6,,,,,,,,,
12129193,1,1,6,6,13,,,,,,,,
12129257,2,1,6,8,9,,,,10,,,,
12143168,2,2,6,7,,,,,,,,,
12143169,,,,,,,,,,,,,
12143170,,,,,,,,,,,,,
12143171,2,2,2,8,10,,,,,,,,
12143172,,,6,7,,,,,,,,,
12143173,1,1,1,7,8,,,,,,,,
12143174,,,,,,,,,,,,,
12143175,2,3,6,6,,,,,,,,,
12143176,3,2,6,6,,,,,,,,,
12143177,2,2,3,,8,,,,,,,,
12143178,1,0,3,3,,,,,,,,,
12143179,3,2,6,7,,,,,,,,,
12143180,0,1,2,3,,,,,,,,,
12143181,3,2,6,7,,,,,,,,,
12143182,1,0,4,4,,,,,,,,,
12143183,2,2,6,7,,,,,,,,,
12143184,0,0,1,2,,,,,,,,,
12143185,,,,,,,,,,,,,
12143186,1,1,6,6,5,,,,,,,,
12143187,0,1,,1,,,,,,,,,
12143188,3,3,,7,,,,,,,,,
12143189,,,,,,,,,,,,,
12143190,0,0,1,0,,,,,,,,,
12143191,,,1,,,,,,,,,,
12143192,3,3,3,7,11,,,,,,,,
12143193,,,6,,,,,,,,,,
12143194,,,,,,,,,,,,,
12143195,,,8,,,,,7,,,,,
12143196,1,2,5,,8,,,,,,,,
12143197,,,7,3,6,,,,,,,,
12143198,1,1,2,1,,,,,,,,,
12143199,,,,,,,,,,,,,
12143200,2,2,,6,3,,,,,,,,
12143201,3,3,7,,,,,,,,,,
12109854,2,2,7,6,,,,7,,,,,
12109900,0,0,3,,,,,,,,,,
12109904,2,2,6,6,,,,,,,,,
12109906,0,0,6,2,,,,4,,,,,
12109908,2,2,6,6,,,,,,,,,
12121594,,,,,,,,,,,,,
12121595,2,2,6,6,,,,,,,,,
12121597,0,0,5,1,,,,,,,,,
12121598,0,0,3,4,,,,,,,,,
12121599,2,2,6,6,,,,,,,,,
12121601,2,2,6,6,,,,,,,,,
12121603,2,2,7,6,,,,,,,,,
12121604,0,0,3,6,,,,,5,,,,
12121607,,,,,,,,,,,,,
12121675,0,0,4,0,,,,,,,,,
12121676,2,2,6,6,,,,,,,,,
12121677,2,2,3,7,7,,,,8,,,,
12121678,0,0,5,3,,,,,,,,,
12121679,2,2,6,6,,,,,,,,,
12121680,2,2,6,6,6,,,7,,,,,
12121681,,,,,,,,,,,,,
12121682,2,2,6,6,,,,,,,,,
12121683,2,2,3,6,6,,,,,,,,
12121684,2,2,7,6,,,,,,,,,
12121805,,,,,,,,,,,,,
12121866,1,1,7,3,1,,,7,,,,,
12121868,2,2,7,6,,,,,,,,,
12121870,1,1,6,2,3,,,,,,,,
12121872,2,2,6,6,,,,,,,,,
12121874,0,0,2,2,,,,,,,,,
12121876,2,2,6,6,,,,,,,,,
12121878,0,0,4,0,,,,,,,,,
12121879,,,7,5,4,,,12,,,,,
12121881,2,2,6,6,,,,,,,,,
12121883,2,2,6,6,,,,,,,,,
12121885,2,2,6,6,,,,,,,,,
12122328,2,2,6,6,,,,,,,,,
12122329,,,,,,,,,,,,,
12122330,1,1,6,4,1,,,,,,,,
12122331,2,2,6,6,,,,,,,,,
12122332,0,0,3,5,,,,,,,,,
12122333,1,1,6,3,4,,,,,,,,
12122334,2,2,6,6,,,,,,,,,
12122335,2,2,6,6,,,,,,,,,
12123895,2,2,7,6,,,,,,,,,
12123929,2,2,6,2,10,,,,,,,,
12123941,0,0,6,2,,,,3,,,,,
12123945,0,0,6,1,,,,2,,,,,
12123959,0,0,2,4,,,,,,,,,
12124015,0,0,3,3,,,,,,,,,
12124016,2,2,6,6,,,,,,,,,
12124079,2,2,6,6,,,,,,,,,
12124080,2,2,3,6,10,,,,,,,,
12124081,2,2,6,6,,,,,,,,,
12124082,1,1,2,6,8,,,,,,,,
12124083,0,0,4,3,,,,,,,,,
12124086,0,0,3,5,,,,,,,,,
12124088,0,0,0,4,,,,,,,,,
12124092,0,0,4,1,,,,,,,,,
12124105,1,1,7,1,2,,,7,,,,,
12124127,2,2,6,6,,,,,,,,,
12124128,2,2,6,6,10,,,6,,,,,
12124129,2,2,6,6,,,,,,,,,
12124130,2,2,6,6,,,,,,,,,
12124134,0,0,4,4,,,,,,,,,
12124135,1,1,7,0,7,,,7,,,,,
12124139,1,1,6,2,4,,,,,,,,
12124142,1,1,7,1,5,,,,,,,,
12124143,2,2,7,6,,,,,,,,,
12124146,2,2,7,6,,,,,,,,,
12124255,1,1,6,4,1,,,,,,,,
12124258,0,0,3,2,,,,,,,,,
12124260,0,0,5,4,,,,,,,,,
12124261,2,2,6,6,,,,,,,,,
12124262,0,0,1,1,,,,,,,,,
12124263,2,2,6,6,,,,,,,,,
12124264,0,0,3,5,,,,,,,,,
12124265,2,2,7,4,6,,,,,,,,
12124266,1,1,4,7,4,,,,,,,,
12124267,2,2,6,6,,,,,,,,,
12124268,2,2,6,6,,,,,,,,,
12124279,1,1,6,4,,,,,,,,,
12124282,0,0,2,3,,,,,,,,,
12124302,,,,,,,,,,,,,
12124366,2,2,7,6,,,,7,,,,,
12124367,2,2,6,6,,,,,,,,,
12124401,2,2,6,7,,,,,7,,,,
12124472,2,2,7,5,10,,,7,,,,,
12124494,0,0,1,3,,,,,,,,,
12124600,0,0,6,1,,,,5,,,,,
12124601,0,0,3,2,,,,,,,,,
12124602,2,2,6,6,,,,,,,,,
12124620,0,0,3,4,,,,,,,,,
12124627,2,2,4,7,7,,,,,,,,
12124638,1,1,6,6,3,,,,5,,,,
12124640,0,0,2,0,,,,,,,,,
12124641,,,,,,,,,,,,,
12124642,0,0,2,1,,,,,,,,,
12124643,0,0,3,2,,,,,,,,,
12124644,2,2,6,6,,,,,,,,,
12124645,2,2,6,6,,,,,,,,,
12124646,2,2,6,6,,,,,,,,,
12124647,2,2,6,6,,,,,,,,,
12124648,2,2,4,7,10,,,,,,,,
12124649,2,2,6,3,10,,,,,,,,
12124650,2,2,6,6,,,,,,,,,
12124651,0,0,0,4,,,,,,,,,
12124652,0,0,3,4,,,,,,,,,
12124653,2,2,6,6,,,,,,,,,
12124654,2,2,6,6,,,,,,,,,
12124656,2,2,6,6,,,,,,,,,
12124657,0,0,4,0,,,,,,,,,
12124658,0,0,2,1,,,,,,,,,
12124659,0,0,4,2,,,,,,,,,
12124660,0,0,0,4,,,,,,,,,
12124661,0,0,3,4,,,,,,,,,
12124662,0,0,2,3,,,,,,,,,
12124663,2,2,7,6,,,,9,,,,,
12124664,2,2,6,6,,,,,,,,,
12124665,2,2,6,6,,,,,,,,,
12124666,1,1,1,7,6,,,,,5,,,
12124679,0,0,5,6,,,,,2,,,,
12124680,2,2,7,6,,,,9,,,,,
12124681,2,2,6,6,,,,,,,,,
12124682,0,0,2,4,,,,,,,,,
12124683,0,0,0,6,,,,,3,,,,
12124684,2,2,7,6,,,,7,,,,,
12124741,2,2,6,6,,,,,,,,,
12124742,2,2,6,6,,,,,,,,,
12124743,1,1,6,6,4,,,,,,,,
12124750,0,0,5,3,,,,,,,,,
12124753,0,0,2,6,,,,,5,,,,
12124760,1,1,7,0,6,,,,,,,,
12124761,2,2,6,6,,,,,,,,,
12124762,2,2,4,6,10,,,,,,,,
12124763,2,2,6,6,,,,,,,,,
12124764,2,2,3,6,10,,,,,,,,
12124765,0,0,0,0,,,,,,,,,
12124766,0,0,4,2,,,,,,,,,
12124767,2,2,7,7,,,,,,,,,
12124768,0,0,0,6,,,,,,,,,
12124769,2,2,6,6,,,,,,,,,
12124770,2,2,7,6,,,,,,,,,
12124771,1,1,6,4,7,,,,,,,,
12124772,0,0,3,1,,,,,,,,,
12124773,2,2,7,6,,,,,,,,,
12124774,1,1,7,3,4,,,,,,,,
12124775,0,0,2,0,,,,,,,,,
12124783,2,2,6,6,,,,,,,,,
12124802,0,0,2,3,,,,,,,,,
12124803,2,2,6,6,,,,,,,,,
12124804,2,2,6,6,,,,,,,,,
12124805,0,0,2,1,,,,,,,,,
12124806,2,2,6,6,,,,,,,,,
12124807,2,2,6,6,,,,,,,,,
12124808,0,0,1,1,,,,,,,,,
12124809,0,0,2,4,,,,,,,,,
12124810,2,2,6,6,11,,,,5,,,,
12124811,0,0,3,2,,,,,,,,,
12124812,0,0,2,5,,,,,,,,,
12124813,2,2,6,6,,,,,,,,,
12124814,2,2,7,7,,,,,,,,,
12124815,0,0,4,2,,,,,,,,,
12124816,,,,,,,,,,,,,
12124817,2,2,4,6,10,,,,,,,,
12124907,2,2,2,6,6,,,,,,,,
12124909,2,2,6,5,6,,,,,,,,
12124911,0,0,1,5,,,,,,,,,
12125050,2,2,6,6,,,,,,,,,
12125053,2,2,6,6,,,,,,,,,
12125055,1,1,7,4,6,,,7,,5,,,
12125056,2,2,6,6,,,,,,,,,
12125302,2,2,6,6,,,,,,,,,
12125315,0,0,1,5,,,,,,,,,
12125316,2,2,6,6,,,,,,,,,
12125317,2,2,6,6,,,,,,,,,
12125318,0,0,4,3,,,,,,,,,
12125319,0,0,3,2,,,,,,,,,
12125320,,,,,,,,,,,,,
12125321,0,0,6,3,,,,5,,,,,
12125322,0,0,4,4,,,,,,,,,
12125323,2,2,2,6,7,,,,,7,,,
12125324,2,2,2,6,6,,,,,,,,
12125325,0,0,2,4,,,,,,,,,
12125326,2,2,6,6,,,,,,,,,
12125327,2,2,6,7,,,,,9,,,,
12125328,0,0,2,3,,,,,,,,,
12125329,2,2,6,6,,,,,,,,,
12125330,2,2,6,6,,,,,,,,,
12125331,2,2,6,6,,,,,,,,,
12125332,1,1,6,6,3,,,,12,,,,
12125338,1,1,7,1,3,,,,,,,,
12125339,0,0,3,1,,,,,,,,,
12125340,2,2,6,6,,,,,,,,,
12125341,1,1,7,3,3,,,7,,,,,
12125342,1,1,7,6,4,,,8,10,,,,
12125343,0,0,1,3,,,,,,,,,
12125344,2,2,3,6,6,,,,,,,,
12125759,2,2,6,2,6,,,,,,,,
12125761,2,2,6,6,,,,,,,,,
12125762,2,2,7,7,,,,,8,,,,
12125763,2,2,6,6,,,,,,,,,
12125764,2,2,7,6,,,,,,,,,
12125767,0,0,0,0,,,,,,,,,
12125768,2,2,6,2,6,,,,,,,,
12125769,0,0,0,1,,,,,,,,,
12125924,2,2,6,6,,,,,,,,,
12125925,2,2,7,6,,,,,,,,,
12125926,2,2,6,0,10,,,,,,,,
12125927,2,2,6,6,,,,,,,,,
12125928,2,2,6,6,,,,,,,,,
12125929,1,1,6,2,5,,,,,,,,
12125931,0,0,2,1,,,,,,,,,
12125933,0,0,0,2,,,,,,,,,
12125938,0,0,5,1,,,,,,,,,
12125953,2,2,6,6,,,,,,,,,
12125954,2,2,6,6,,,,,,,,,
12125955,2,2,3,6,13,,,,,,,,
12125992,2,2,6,6,,,,,,,,,
12126012,0,0,3,4,,,,,,,,,
12126013,2,2,6,6,,,,,,,,,
12126014,2,2,6,6,10,,,5,,,,,
12126015,2,2,6,6,,,,,,,,,
12126016,2,2,7,6,,,,,,,,,
12126044,2,2,6,6,,,,,,,,,
12126051,1,1,3,6,6,,,,,,,,
12126052,1,1,1,6,8,,,,,,,,
12126088,2,2,6,7,,,,,,,,,
12126160,1,1,6,3,4,,,,,,,,
12126165,0,0,2,1,,,,,,,,,
12126187,2,2,6,6,,,,,,,,,
12126219,1,1,3,7,5,,,,,,,,
12126220,0,0,2,3,,,,,,,,,
12126221,2,2,6,6,,,,,,,,,
12126222,2,2,6,7,,,,,,,,,
12126223,0,0,4,4,,,,,,,,,
12126260,2,2,6,6,,,,,,,,,
12126292,2,2,4,6,10,,,,,,,,
12126293,2,2,6,1,10,,,,,,,,
12126294,2,2,6,6,,,,,,,,,
12126295,1,1,3,6,7,,,,,,,,
12126296,2,2,6,6,,,,,,,,,
12126299,1,1,6,0,2,,,,,,,,
12126300,0,0,1,1,,,,,,,,,
12126301,2,2,4,6,10,,,,,,,,
12126302,0,0,6,4,,,,3,,,,,
12126303,2,2,3,6,10,,,,,,,,
12126304,2,2,6,4,10,,,,,,,,
12126305,1,1,6,4,5,,,,,,,,
12126307,1,1,1,7,3,,,,10,,,,
12126308,2,2,6,6,,,,,,,,,
12126309,0,0,1,0,,,,,,,,,
12126310,0,0,0,3,,,,,,,,,
12126311,0,0,3,,,,,,,,,,
12126312,1,1,6,3,8,,,,,,,,
12126315,0,0,1,6,,,,,6,,,,
12126316,2,2,6,6,,,,,,,,,
12126317,2,2,6,6,,,,,,,,,
12126319,1,1,5,6,7,,,,,,,,
12126321,0,0,4,1,,,,,,,,,
12126325,2,2,6,6,,,,,,,,,
12126340,2,2,6,6,,,,,,,,,
12126341,0,0,4,5,,,,,,,,,
12126342,2,2,6,7,,,,,,,,,
12126343,2,2,7,6,,,,,,,,,
12126344,2,2,6,6,,,,,,,,,
12126345,2,2,4,7,10,,,,,,,,
12126346,2,2,6,6,,,,,,,,,
12126347,2,2,7,6,,,,,,,,,
12126348,0,0,5,3,,,,,,,,,
12126353,2,2,7,6,,,,,,,,,
12126363,0,0,1,1,,,,,,,,,
12126374,0,0,5,5,,,,,,,,,
12126375,0,0,2,2,,,,,,,,,
12126376,,,,,,,,,,,,,
12126444,1,1,6,2,6,,,,,,,,
12126445,0,0,1,2,,,,,,,,,
12126446,1,1,3,6,9,,,,,,,,
12126447,2,2,6,6,,,,,,,,,
12126448,2,2,7,6,,,,,,,,,
12126449,2,2,6,7,,,,,,,,,
12126450,2,2,6,6,,,,,,,,,
12126451,2,2,6,6,,,,,,,,,
12126452,2,2,7,6,,,,,,,,,
12126459,2,2,6,6,,,,,,,,,
12126460,,,,,,,,,,,,,
12126461,0,0,5,3,,,,,,,,,
12126462,2,2,4,6,10,,,,,,,,
12126463,0,0,6,4,,,,,,,,,
12126466,0,0,3,2,,,,,,,,,
12126467,2,2,2,6,10,,,,,,,,
12126469,1,1,6,4,0,,,,,,,,
12126470,2,2,6,7,,,,,,,,,
12126474,2,2,6,6,,,,,,,,,
12126476,2,2,6,6,6,,,5,,,,,
12126478,0,0,1,1,,,,,,,,,
12126506,2,2,7,5,10,,,,,,,,
12126525,2,2,6,6,,,,,,,,,
12126530,2,2,5,6,10,,,,,,,,
12126533,1,1,6,6,10,,,,,,,,
12126534,2,2,6,6,,,,,,,,,
12126535,2,2,4,6,10,,,,,,,,
12126536,0,0,1,1,,,,,,,,,
12126538,2,2,3,7,6,,,,7,,,,
12126540,2,2,7,6,,,,,,,,,
12126543,0,0,5,4,,,,,,,,,
12126546,2,2,4,6,7,,,,,,,,
12126547,0,0,3,4,,,,,,,,,
12126549,1,1,6,1,10,,,,,,,,
12126550,1,1,6,6,5,,,,,,,,
12126563,1,1,6,0,8,,,,,,,,
12126564,0,0,5,4,,,,,,,,,
12126565,1,1,6,6,7,,,,5,,,,
12126566,1,1,6,1,7,,,,,,,,
12126567,1,1,6,2,,,,,,,,,
12126568,2,2,3,6,10,,,,,,,,
12126571,2,2,7,2,10,,,,,,,,
12126573,1,1,5,6,3,,,,,,,,
12126612,0,0,0,2,,,,,,,,,
12126631,2,2,6,7,,,,,,,,,
12126633,2,2,6,7,,,,,,,,,
12126634,2,2,6,6,,,,,,,,,
12126635,2,2,6,6,,,,,,,,,
12126636,2,2,7,6,,,,,,,,,
12126637,0,0,6,2,,,,4,,,,,
12126641,0,0,1,4,,,,,,,,,
12126644,2,2,4,6,6,,,,,,,,
12126645,2,2,6,6,,,,,,,,,
12126646,2,2,7,6,,,,7,,,,,
12126647,2,2,6,6,,,,,,,,,
12126651,2,2,6,6,,,,,,,,,
12126654,0,0,2,2,,,,,,,,,
12126656,2,2,6,7,,,,,,,,,
12126657,2,2,7,6,,,,7,,,,,
12126658,2,2,6,6,,,,,,,,,
12126659,2,2,4,6,6,,,,,,,,
12126662,2,2,6,6,,,,,,,,,
12126663,2,2,6,7,,,,,7,,,,
12126665,2,2,7,7,,,,7,7,,,,
12126666,1,1,6,2,1,,,,,,,,
12126779,0,0,5,1,,,,,,,,,
12126780,2,2,6,6,,,,,,,,,
12126781,2,2,6,6,,,,,,,,,
12126782,1,1,7,3,4,,,,,,,,
12126792,0,0,1,1,,,,,,,,,
12126794,2,2,6,6,,,,,,,,,
12126830,0,0,0,0,,,,,,,,,
12126833,1,1,6,0,,,,,,,,,
12126834,2,2,7,6,,,,,,,,,
12126838,2,2,6,6,,,,,,,,,
12126845,2,2,6,6,,,,,,,,,
12126846,2,2,6,6,,,,,,,,,
12126847,2,2,6,6,,,,,,,,,
12126848,1,1,2,6,10,,,,,,,,
12126849,2,2,6,6,,,,,,,,,
12126850,1,1,6,4,8,,,,,,,,
12126853,2,2,6,6,10,,,7,,,,,
12126856,2,2,6,3,11,,,,,,,,
12126904,0,0,4,1,,,,,,,,,
12126914,0,0,3,3,,,,,,,,,
12126920,0,0,4,6,,,,,2,,,,
12126921,2,2,6,6,,,,,,,,,
12126922,2,2,6,6,,,,,,,,,
12126923,2,2,6,6,,,,,,,,,
12126924,0,0,4,,,,,,,,,,
12126926,0,0,1,3,,,,,,,,,
12126927,0,0,2,1,,,,,,,,,
12126928,0,0,2,1,,,,,,,,,
12126929,1,1,6,6,5,,,,5,,,,
12126948,2,2,4,7,6,,,,7,,,,
12127034,2,2,7,6,,,,8,,,,,
12127039,0,0,1,3,,,,,,,,,
12127040,0,0,1,3,,,,,,,,,
12127041,0,0,5,2,,,,,,,,,
12127043,2,2,4,7,6,,,,8,,,,
12127047,2,2,6,6,,,,,,,,,
12127055,0,0,2,3,,,,,,,,,
12127059,2,2,6,6,6,,,,1,,,,
12127060,2,2,6,6,,,,,,,,,
12127061,0,0,4,2,,,,,,,,,
12127062,0,0,5,6,,,,,3,,,,
12127063,2,2,6,3,6,,,,,,,,
12127064,0,0,5,3,,,,,,,,,
12127065,0,0,0,1,,,,,,,,,
12127066,0,0,3,2,,,,,,,,,
12127107,2,2,6,1,6,,,,,,,,
12127108,1,1,2,6,4,,,,,,,,
12127109,2,2,6,7,,,,,7,,,,
12127111,2,2,6,6,,,,,,,,,
12127193,2,2,6,6,,,,,,,,,
12127194,0,0,5,1,,,,,,,,,
12127195,2,2,6,6,,,,,,,,,
12127196,2,2,6,6,,,,,,,,,
12127197,0,0,3,4,,,,,,,,,
12127198,0,0,5,3,,,,,,,,,
12127199,2,2,6,6,,,,,,,,,
12127200,1,1,3,6,0,,,,,,,,
12127207,0,0,3,1,,,,,,,,,
12127280,0,0,3,2,,,,,,,,,
12127281,0,0,3,4,,,,,,,,,
12127282,1,1,6,3,8,,,,,,,,
12127283,2,2,6,5,6,,,,,,,,
12127284,0,0,1,4,,,,,,,,,
12127285,2,2,6,3,11,,,,,,,,
12127286,2,2,6,7,,,,,,,,,
12127287,2,2,6,6,,,,,,,,,
12127291,2,2,6,7,,,,,,,,,
12127294,2,2,6,6,,,,,,,,,
12127295,0,0,4,2,,,,,,,,,
12127296,2,2,6,6,,,,,,,,,
12127300,2,2,3,7,7,,,,7,,,,
12127305,2,2,7,7,,,,7,,,,,
12127307,2,2,6,7,,,,,,,,,
12127308,2,2,6,6,,,,,,,,,
12127309,2,2,6,4,6,,,,,,,,
12127311,0,0,2,3,,,,,,,,,
12127312,2,2,6,6,,,,,,,,,
12127313,2,2,6,6,6,,,,2,,,,
12127316,0,0,2,3,,,,,,,,,
12127425,0,0,1,4,,,,,,,,,
12127439,0,0,4,1,,,,,,,,,
12127440,1,1,6,3,6,,,,,,,,
12127441,2,2,7,7,,,,,,,,,
12127442,0,0,3,3,,,,,,,,,
12127443,,,,,,,,,,,,,
12127444,2,2,6,6,,,,,,,,,
12127447,2,2,6,6,,,,,,,,,
12127448,2,2,6,6,,,,,,,,,
12127451,0,0,3,0,,,,,,,,,
12127453,0,0,1,1,,,,,,,,,
12127454,2,2,7,1,6,,,7,,,,,
12127456,0,0,4,0,,,,,,,,,
12127457,0,0,2,2,,,,,,,,,
12127458,2,2,7,6,,,,,,,,,
12127471,2,2,6,5,6,,,,,,,,
12127472,2,2,6,6,,,,,,,,,
12127473,2,2,6,6,,,,,,,,,
12127474,2,2,6,6,,,,,,,,,
12127475,0,0,3,1,,,,,,,,,
12127476,2,2,6,6,,,,,,,,,
12127612,1,1,6,6,3,,,,6,,,,
12127613,0,0,4,1,,,,,,,,,
12127619,1,1,6,4,3,,,,,,,,
12127620,2,2,7,6,,,,,,,,,
12127621,2,2,6,6,,,,,,,,,
12127622,2,2,6,6,,,,,,,,,
12127624,0,0,4,6,,,,,5,,,,
12127625,0,0,2,1,,,,,,,,,
12127626,0,0,2,4,,,,,,,,,
12127628,2,2,6,6,,,,,,,,,
12127631,1,1,7,1,0,,,7,,,,,
12127634,2,2,6,6,,,,,,,,,
12127637,2,2,6,6,,,,,,,,,
12127639,0,0,2,3,,,,,,,,,
12127642,,,,,,,,,,,,,
12127647,2,2,7,6,,,,,,,,,
12127649,0,0,4,1,,,,,,,,,
12127650,0,0,3,4,,,,,,,,,
12127723,0,0,3,5,,,,,,,,,
12127725,0,0,1,2,,,,,,,,,
12127726,2,2,6,6,,,,,,,,,
12127729,2,2,6,6,,,,,,,,,
12127731,2,2,6,6,,,,,,,,,
12127732,2,2,6,6,,,,,,,,,
12127733,0,0,4,5,,,,,,,,,
12127735,2,2,2,6,7,,,,,7,,,
12127736,0,0,1,2,,,,,,,,,
12127737,2,2,6,6,,,,,,,,,
12127738,0,0,2,4,,,,,,,,,
12127739,0,0,1,6,,,,,4,,,,
12127740,2,2,6,6,7,,,3,,,,,
12127742,0,0,4,2,,,,,,,,,
12127743,1,1,3,7,3,,,,9,,,,
12127744,0,0,2,3,,,,,,,,,
12127745,2,2,6,6,,,,,,,,,
12127747,2,2,6,7,,,,,8,,,,
12127748,1,1,3,7,5,,,,,,,,
12127753,2,2,6,7,,,,,7,,,,
12127755,1,1,6,1,4,,,,,,,,
12127757,2,2,6,6,,,,,,,,,
12127758,0,0,5,3,,,,,,,,,
12127760,2,2,6,6,,,,,,,,,
12127761,0,0,2,2,,,,,,,,,
12127763,0,0,2,2,,,,,,,,,
12127765,0,0,0,1,,,,,,,,,
12127767,2,2,6,6,,,,,,,,,
12127769,2,2,5,7,6,,,,7,,,,
12127770,0,0,1,0,,,,,,,,,
12127771,2,2,6,6,,,,,,,,,
12127772,2,2,6,6,,,,,,,,,
12127773,1,1,6,3,,,,,,,,,
12127774,2,2,7,6,,,,7,,,,,
12127776,2,2,6,6,,,,,,,,,
12127777,0,0,5,4,,,,,,,,,
12127778,2,2,6,6,6,,,3,,,,,
12127779,0,0,1,2,,,,,,,,,
12127780,2,2,6,7,,,,,,,,,
12127782,0,0,5,3,,,,,,,,,
12127784,2,2,6,6,,,,,,,,,
12127787,0,0,2,0,,,,,,,,,
12127800,0,0,4,4,,,,,,,,,
12127802,2,2,3,6,6,,,,,,,,
12127805,0,0,2,2,,,,,,,,,
12127806,1,1,6,2,,,,,,,,,
12127807,0,0,6,3,,,,3,,,,,
12127808,2,2,6,1,6,,,,,,,,
12127810,2,2,7,7,,,,8,7,,,,
12127818,2,2,6,6,,,,,,,,,
12127972,2,2,7,7,,,,,7,,,,
12128055,1,1,6,6,5,,,,4,,,,
12128056,0,0,5,5,,,,,,,,,
12128057,2,2,6,7,,,,,7,,,,
12128059,0,0,2,4,,,,,,,,,
12128176,2,2,6,6,6,,,,6,,,,
12128177,2,2,4,6,6,,,,,,,,
12128178,0,0,3,2,,,,,,,,,
12128179,2,2,6,6,,,,,,,,,
12128180,0,0,4,6,,,,,4,,,,
12128181,1,1,6,2,6,,,,,4,,,
12128182,1,1,3,6,3,,,,,,,,
12128183,2,2,6,6,,,,,,,,,
12128184,2,2,6,3,6,,,,,,,,
12128208,2,2,3,6,6,,,,,,,,
12128209,1,1,1,6,3,,,,,,,,
12128210,0,0,6,6,,,,2,3,,,,
12128216,0,0,2,3,,,,,,,,,
12128217,1,1,6,3,4,,,,,,,,
12128218,1,1,5,7,3,,,,7,,,,
12128221,2,2,0,6,6,,,,,,,,
12128223,1,1,6,7,4,,,4,,,,,
12128236,2,2,6,6,,,,,,,,,
12128237,2,2,6,6,,,,,,,,,
12128238,1,1,5,6,0,,,,,,,,
12128239,0,0,3,4,,,,,,,,,
12128240,0,0,5,2,,,,,,,,,
12128241,0,0,5,4,,,,,,,,,
12128242,2,2,3,6,6,,,,,,,,
12128243,2,2,7,6,,,,7,,,,,
12128244,2,2,3,6,6,,,,,,,,
12128247,2,2,6,6,,,,,,,,,
12128248,2,2,6,7,,,,,8,,,,
12128249,1,1,3,6,4,,,,,,,,
12128250,2,2,6,6,,,,,,,,,
12128257,2,2,6,6,,,,,,,,,
12128258,0,0,4,2,,,,,,,,,
12128259,2,2,6,3,7,,,,,8,,,
12128260,0,0,2,4,,,,,,,,,
12128261,0,0,3,3,,,,,,,,,
12128262,2,2,6,6,,,,,,,,,
12128263,2,2,6,6,,,,,,,,,
12128264,,,,,,,,,,,,,
12128265,,,,,,,,,,,,,
12128266,0,0,4,2,,,,,,,,,
12128267,2,2,6,6,6,,,2,,,,,
12128269,2,2,6,6,,,,,,,,,
12128271,1,1,6,5,6,,,,,3,,,
12128273,2,2,6,6,,,,,,,,,
12128274,1,1,6,3,3,,,,,,,,
12128295,1,1,6,3,7,,,,,,,,
12128296,2,2,6,7,,,,,,,,,
12128297,0,0,5,2,,,,,,,,,
12128298,2,2,6,6,,,,,,,,,
12128299,1,1,6,4,5,,,,,,,,
12128300,2,2,6,6,,,,,,,,,
12128301,1,1,7,2,7,,,,,,,,
12128302,2,2,6,6,,,,,,,,,
12128352,2,2,6,6,,,,,,,,,
12128405,0,0,3,,,,,,,,,,
12128406,2,2,6,7,,,,,,,,,
12128407,1,1,4,6,3,,,,,,,,
12128408,2,2,6,6,,,,,,,,,
12128409,2,2,0,7,7,,,,,7,,,
12128410,2,2,6,6,,,,,,,,,
12128412,0,0,3,,,,,,,,,,
12128413,2,2,6,7,,,,,,,,,
12128625,2,2,6,6,,,,,,,,,
12128667,2,2,6,6,,,,,,,,,
12128668,2,2,6,6,,,,,,,,,
12128669,0,0,1,3,,,,,,,,,
12128749,0,0,3,6,,,,,4,,,,
12128750,0,0,6,3,,,,5,,,,,
12128751,0,0,4,3,,,,,,,,,
12128752,2,2,3,6,6,,,,,,,,
12128753,1,1,6,4,1,,,,,,,,
12128755,2,2,6,6,6,,,,3,,,,
12128756,2,2,6,6,,,,,,,,,
12128757,0,0,0,,,,,,,,,,
12128920,2,2,6,1,10,,,,,,,,
12129141,2,2,6,6,,,,,,,,,
12129153,0,0,6,1,,,,,,,,,
12129154,2,2,4,6,10,,,,,,,,
12129160,2,2,6,6,,,,,,,,,
12129171,2,2,6,3,6,,,,,,,,
12129172,0,0,3,5,,,,,,,,,
12129173,1,1,4,7,2,,,,9,,,,
12129174,2,2,7,7,,,,7,7,,,,
12129175,2,2,4,6,6,,,,,,,,
12129176,2,2,6,7,,,,,7,,,,
12129177,2,2,6,6,,,,,,,,,
12129193,1,1,6,6,13,,,,,,,,
12129257,1,1,5,7,8,,,,9,,,,
12129379,2,2,6,3,6,,,,,,,,
12129380,2,2,7,6,,,,,,,,,
12129381,1,1,6,1,3,,,,,,,,
12129382,2,2,6,2,7,,,,,7,,,
12129383,1,1,4,6,0,,,,,,,,
12129384,2,2,6,6,,,,,,,,,
12129385,2,2,6,6,,,,,,,,,
12129440,2,2,7,4,10,,,,,,,,
12129621,0,0,0,3,,,,,,,,,
12129622,0,0,1,4,,,,,,,,,
12129623,2,2,6,7,,,,,7,,,,
12129624,0,0,1,,,,,,,,,,
12129625,0,0,2,2,,,,,,,,,
12129626,2,2,6,6,,,,,,,,,
12129627,2,2,5,6,6,,,,,,,,
12129628,2,2,6,6,,,,,,,,,
12129629,0,0,2,,,,,,,,,,
12129630,2,2,6,6,,,,,,,,,
12129631,0,0,4,5,,,,,,,,,
12129632,2,2,6,6,,,,,,,,,
12129633,0,0,2,1,,,,,,,,,
12129634,2,2,6,6,,,,,,,,,
12129635,0,0,4,2,,,,,,,,,
12129636,0,0,3,3,,,,,,,,,
12129799,2,2,6,7,,,,,,,,,
12129800,2,2,6,6,,,,,,,,,
12129801,2,2,6,6,,,,,,,,,
12129802,0,0,4,0,,,,,,,,,
12129804,2,2,6,6,,,,,,,,,
12129805,2,2,6,6,6,,,0,,,,,
12129806,2,2,3,6,6,,,,,,,,
12129807,0,0,5,4,,,,,,,,,
12129810,2,2,1,6,6,,,,,,,,
12129811,0,0,0,2,,,,,,,,,
12129812,2,2,6,6,,,,,,,,,
12129813,0,0,3,2,,,,,,,,,
12129814,2,2,4,6,6,,,,,,,,
12129817,2,2,6,6,,,,,,,,,
12129818,2,2,6,6,,,,,,,,,
12129820,2,2,6,6,,,,,,,,,
12129821,0,0,6,1,,,,5,,,,,
12129822,1,1,6,0,,,,,,,,,
12129823,2,2,6,6,,,,,,,,,
12129824,2,2,6,7,,,,,8,,,,
12129825,2,2,6,6,,,,,,,,,
12129827,1,1,3,6,2,,,,,,,,
12129828,2,2,6,6,,,,,,,,,
12129829,2,2,6,6,,,,,,,,,
12129830,2,2,6,6,,,,,,,,,
12129831,0,0,3,2,,,,,,,,,
12129832,2,2,6,6,,,,,,,,,
12129839,1,1,6,2,4,,,,,,,,
12129840,2,2,6,6,,,,,,,,,
12129841,0,0,2,4,,,,,,,,,
12129842,0,0,3,3,,,,,,,,,
12129843,0,0,3,4,,,,,,,,,
12129845,2,2,6,3,6,,,,,,,,
12129847,1,1,7,1,0,,,7,,,,,
12129867,2,2,7,6,,,,,,,,,
12129868,2,2,6,6,,,,,,,,,
12129869,2,2,6,7,,,,,7,,,,
12129870,1,1,4,6,4,,,,,,,,
12129871,1,1,6,3,0,,,,,,,,
12129872,2,2,6,6,,,,,,,,,
12129873,2,2,7,6,,,,,,,,,
12130051,2,2,6,4,6,,,,,,,,
12130053,2,2,6,6,,,,,,,,,
12130054,2,2,6,6,,,,,,,,,
12130055,0,0,3,0,,,,,,,,,
12130056,1,1,2,6,2,,,,,,,,
12130057,2,2,6,4,6,,,,,,,,
12130104,2,2,2,7,6,,,,7,,,,
12130117,2,2,6,6,,,,,,,,,
12130137,,,,,,,,,,,,,
12130138,2,2,6,6,,,,,,,,,
12130139,2,2,6,6,,,,,,,,,
12130140,2,2,6,6,,,,,,,,,
12130143,0,0,2,1,,,,,,,,,
12130152,0,0,0,3,,,,,,,,,
12130153,2,2,6,6,,,,,,,,,
12130154,2,2,6,6,,,,,,,,,
12130155,0,0,0,2,,,,,,,,,
12130156,0,0,3,1,,,,,,,,,
12130157,0,0,1,1,,,,,,,,,
12130158,0,0,0,5,,,,,,,,,
12130236,2,2,4,6,6,,,,,,,,
12130237,2,2,6,6,,,,,,,,,
12130238,1,1,6,6,3,,,,7,,,,
12130239,0,0,0,1,,,,,,,,,
12130311,1,1,6,5,3,,,,,,,,
12130438,2,2,6,5,6,,,,,,,,
12130439,2,2,6,6,,,,,,,,,
12130440,1,1,2,6,3,,,,,,,,
12130441,0,0,3,0,,,,,,,,,
12130442,0,0,2,6,,,,,1,,,,
12130443,2,2,6,6,6,,,5,,,,,
12130656,2,2,6,6,,,,,,,,,
12131793,2,2,6,7,,,,,7,,,,
12132026,,,,,,,,,,,,,
12132081,0,0,6,4,,,,4,,,,,
12132106,2,2,6,6,,,,,,,,,
12132115,2,2,6,4,6,,,,,,,,
12139583,0,0,3,1,,,,,,,,,
12139586,2,2,6,6,,,,,,,,,
12139599,0,0,0,1,,,,,,,,,
12139600,0,0,4,3,,,,,,,,,
12139601,2,2,6,7,,,,,7,,,,
12139603,0,0,6,2,,,,5,,,,,
12139604,2,2,6,4,6,,,,,,,,
12139605,1,1,6,6,1,,,,1,,,,
12139607,2,2,3,6,6,,,,,,,,
12139610,0,0,1,6,,,,,3,,,,
12139613,0,0,4,1,,,,,,,,,
12139616,0,0,2,4,,,,,,,,,
12139617,0,0,3,1,,,,,,,,,
12143190,0,0,0,0,,,,,,,,,
12143191,,,1,,,,,,,,,,
12143192,2,2,2,6,10,,,,,,,,
12143193,,,6,,,,,,,,,,
12143194,,,,,,,,,,,,,
12143195,,,7,,,,,7,,,,,
12143196,1,1,4,,8,,,,,,,,
12143197,,,7,2,5,,,,,,,,
12143198,0,0,2,1,,,,,,,,,
12143199,,,,,,,,,,,,,
12143200,1,1,,6,2,,,,,,,,
12143201,2,2,6,,,,,,,,,,
12109837,2,2,6,6,,,,,,,,,
12109843,2,2,6,6,,,,,,,,,
12109846,1,1,7,0,4,,,,,,,,
12109849,2,2,7,6,,,,7,,,,,
12109850,1,1,6,3,1,,,,,,,,
12109854,2,2,7,6,,,,7,,,,,
12109879,0,0,3,3,,,,,,,,,
12109880,2,2,6,6,,,,,,,,,
12109882,2,2,1,6,6,,,,,,,,
12109883,0,0,6,4,,,,5,,,,,
12109895,1,1,3,6,3,,,,,,,,
12109897,2,2,6,6,,,,,,,,,
12109898,2,2,4,6,7,,,,,,,,
12109900,0,0,3,,,,,,,,,,
12109904,2,2,6,6,,,,,,,,,
12109906,0,0,6,2,,,,4,,,,,
12109907,2,2,7,5,6,,,,,,,,
12109908,2,2,6,6,,,,,,,,,
12121604,0,0,3,6,,,,,5,,,,
12121675,0,0,4,0,,,,,,,,,
12121677,2,2,3,7,7,,,,8,,,,
12121678,0,0,5,3,,,,,,,,,
12121681,,,,,,,,,,,,,
12121683,2,2,3,6,6,,,,,,,,
12121866,1,1,7,3,1,,,7,,,,,
12121868,2,2,7,6,,,,,,,,,
12121870,1,1,6,2,3,,,,,,,,
12121872,2,2,6,6,,,,,,,,,
12121876,2,2,6,6,,,,,,,,,
12121881,2,2,6,6,,,,,,,,,
12124907,2,2,2,6,6,,,,,,,,
12124909,2,2,6,5,6,,,,,,,,
12124911,0,0,1,5,,,,,,,,,
12125048,0,0,4,3,,,,,,,,,
12125050,2,2,6,6,,,,,,,,,
12125053,2,2,6,6,,,,,,,,,
12125055,1,1,7,4,6,,,7,,5,,,
12125056,2,2,6,6,,,,,,,,,
12125302,2,2,6,6,,,,,,,,,
12125323,2,2,2,6,7,,,,,7,,,
12126219,1,1,3,7,5,,,,,,,,
12126220,0,0,2,3,,,,,,,,,
12126296,2,2,6,6,,,,,,,,,
12126300,0,0,1,1,,,,,,,,,
12126546,2,2,4,6,7,,,,,,,,
12126634,2,2,6,6,,,,,,,,,
12126646,2,2,7,6,,,,7,,,,,
12126647,2,2,6,6,,,,,,,,,
12126651,2,2,6,6,,,,,,,,,
12126654,0,0,2,2,,,,,,,,,
12126662,2,2,6,6,,,,,,,,,
12126663,2,2,6,7,,,,,7,,,,
12126665,2,2,7,7,,,,7,7,,,,
12126666,1,1,6,2,1,,,,,,,,
12126781,2,2,6,6,,,,,,,,,
12126782,1,1,7,3,4,,,,,,,,
12126794,2,2,6,6,,,,,,,,,
12126920,0,0,4,6,,,,,2,,,,
12126924,0,0,4,,,,,,,,,,
12126926,0,0,1,3,,,,,,,,,
12126927,0,0,2,1,,,,,,,,,
12126928,0,0,2,1,,,,,,,,,
12126929,1,1,6,6,5,,,,5,,,,
12126984,0,0,2,5,,,,,,,,,
12126985,1,1,6,3,0,,,,,,,,
12126999,1,1,6,3,,,,,,,,,
12127034,2,2,7,6,,,,8,,,,,
12127039,0,0,1,3,,,,,,,,,
12127040,0,0,1,3,,,,,,,,,
12127043,2,2,4,7,6,,,,8,,,,
12127047,2,2,6,6,,,,,,,,,
12127059,2,2,6,6,6,,,,1,,,,
12127060,2,2,6,6,,,,,,,,,
12127061,0,0,4,2,,,,,,,,,
12127062,0,0,5,6,,,,,3,,,,
12127063,2,2,6,3,6,,,,,,,,
12127064,0,0,5,3,,,,,,,,,
12127065,0,0,0,1,,,,,,,,,
12127066,0,0,3,2,,,,,,,,,
12127108,1,1,2,6,4,,,,,,,,
12127110,0,0,3,4,,,,,,,,,
12127111,2,2,6,6,,,,,,,,,
12127193,2,2,6,6,,,,,,,,,
12127194,0,0,5,1,,,,,,,,,
12127195,2,2,6,6,,,,,,,,,
12127196,2,2,6,6,,,,,,,,,
12127197,0,0,3,4,,,,,,,,,
12127198,0,0,5,3,,,,,,,,,
12127199,2,2,6,6,,,,,,,,,
12127200,1,1,3,6,0,,,,,,,,
12127207,0,0,3,1,,,,,,,,,
12127280,0,0,3,2,,,,,,,,,
12127281,0,0,3,4,,,,,,,,,
12127282,1,1,6,3,8,,,,,,,,
12127283,2,2,6,5,6,,,,,,,,
12127284,0,0,1,4,,,,,,,,,
12127285,2,2,6,3,11,,,,,,,,
12127286,2,2,6,7,,,,,,,,,
12127287,2,2,6,6,,,,,,,,,
12127291,2,2,6,7,,,,,,,,,
12127294,2,2,6,6,,,,,,,,,
12127295,0,0,4,2,,,,,,,,,
12127296,2,2,6,6,,,,,,,,,
12127300,2,2,3,7,7,,,,7,,,,
12127305,2,2,7,7,,,,7,,,,,
12127307,2,2,6,7,,,,,,,,,
12127308,2,2,6,6,,,,,,,,,
12127309,2,2,6,4,6,,,,,,,,
12127311,0,0,2,3,,,,,,,,,
12127312,2,2,6,6,,,,,,,,,
12127313,2,2,6,6,6,,,,2,,,,
12127316,0,0,2,3,,,,,,,,,
12127371,2,2,6,6,,,,,,,,,
12127425,0,0,1,4,,,,,,,,,
12127439,0,0,4,1,,,,,,,,,
12127440,1,1,6,3,6,,,,,,,,
12127441,2,2,7,7,,,,,,,,,
12127442,0,0,3,3,,,,,,,,,
12127443,,,,,,,,,,,,,
12127444,2,2,6,6,,,,,,,,,
12127447,2,2,6,6,,,,,,,,,
12127448,2,2,6,6,,,,,,,,,
12127451,0,0,3,0,,,,,,,,,
12127453,0,0,1,1,,,,,,,,,
12127454,2,2,7,1,6,,,7,,,,,
12127456,0,0,4,0,,,,,,,,,
12127457,0,0,2,2,,,,,,,,,
12127458,2,2,7,6,,,,,,,,,
12127471,2,2,6,5,6,,,,,,,,
12127472,2,2,6,6,,,,,,,,,
12127473,2,2,6,6,,,,,,,,,
12127474,2,2,6,6,,,,,,,,,
12127475,0,0,3,1,,,,,,,,,
12127476,2,2,6,6,,,,,,,,,
12127612,1,1,6,6,3,,,,6,,,,
12127613,0,0,4,1,,,,,,,,,
12127614,2,2,7,6,,,,8,,,,,
12127619,1,1,6,4,3,,,,,,,,
12127620,2,2,7,6,,,,,,,,,
12127621,2,2,6,6,,,,,,,,,
12127622,2,2,6,6,,,,,,,,,
12127623,2,2,6,6,,,,,,,,,
12127624,0,0,4,6,,,,,5,,,,
12127625,0,0,2,1,,,,,,,,,
12127626,0,0,2,4,,,,,,,,,
12127627,2,2,6,6,6,,,4,,,,,
12127628,2,2,6,6,,,,,,,,,
12127631,1,1,7,1,0,,,7,,,,,
12127632,1,1,6,2,5,,,,,,,,
12127634,2,2,6,6,,,,,,,,,
12127636,0,0,4,4,,,,,,,,,
12127637,2,2,6,6,,,,,,,,,
12127638,2,2,4,7,6,,,,7,,,,
12127639,0,0,2,3,,,,,,,,,
12127642,,,,,,,,,,,,,
12127647,2,2,7,6,,,,,,,,,
12127648,2,2,7,6,,,,8,,,,,
12127649,0,0,4,1,,,,,,,,,
12127650,0,0,3,4,,,,,,,,,
12127651,0,0,1,1,,,,,,,,,
12127652,0,0,2,2,,,,,,,,,
12127653,2,2,6,5,7,,,,,,,,
12127654,2,2,6,6,,,,,,,,,
12127655,0,0,4,1,,,,,,,,,
12127657,0,0,4,0,,,,,,,,,
12127659,2,2,6,2,6,,,,,,,,
12127723,0,0,3,5,,,,,,,,,
12127725,0,0,1,2,,,,,,,,,
12127726,2,2,6,6,,,,,,,,,
12127729,2,2,6,6,,,,,,,,,
12127731,2,2,6,6,,,,,,,,,
12127732,2,2,6,6,,,,,,,,,
12127733,0,0,4,5,,,,,,,,,
12127735,2,2,2,6,7,,,,,7,,,
12127736,0,0,1,2,,,,,,,,,
12127737,2,2,6,6,,,,,,,,,
12127738,0,0,2,4,,,,,,,,,
12127739,0,0,1,6,,,,,4,,,,
12127740,2,2,6,6,7,,,3,,,,,
12127741,0,0,3,4,,,,,,,,,
12127742,0,0,4,2,,,,,,,,,
12127743,1,1,3,7,3,,,,9,,,,
12127744,0,0,2,3,,,,,,,,,
12127745,2,2,6,6,,,,,,,,,
12127747,2,2,6,7,,,,,8,,,,
12127748,1,1,3,7,5,,,,,,,,
12127749,1,1,3,6,2,,,,,,,,
12127750,0,0,1,0,,,,,,,,,
12127751,1,1,1,7,4,,,,7,,,,
12127752,0,0,6,4,,,,3,,,,,
12127753,2,2,6,7,,,,,7,,,,
12127756,0,0,2,1,,,,,,,,,
12127757,2,2,6,6,,,,,,,,,
12127758,0,0,5,3,,,,,,,,,
12127760,2,2,6,6,,,,,,,,,
12127761,0,0,2,2,,,,,,,,,
12127763,0,0,2,2,,,,,,,,,
12127765,0,0,0,1,,,,,,,,,
12127767,2,2,6,6,,,,,,,,,
12127769,2,2,5,7,6,,,,7,,,,
12127770,0,0,1,0,,,,,,,,,
12127771,2,2,6,6,,,,,,,,,
12127773,1,1,6,3,,,,,,,,,
12127774,2,2,7,6,,,,7,,,,,
12127776,2,2,6,6,,,,,,,,,
12127778,2,2,6,6,6,,,3,,,,,
12127779,0,0,1,2,,,,,,,,,
12127780,2,2,6,7,,,,,,,,,
12127782,0,0,5,3,,,,,,,,,
12127784,2,2,6,6,,,,,,,,,
12127785,0,0,2,1,,,,,,,,,
12127787,0,0,2,0,,,,,,,,,
12127788,0,0,3,3,,,,,,,,,
12127800,0,0,4,4,,,,,,,,,
12127802,2,2,3,6,6,,,,,,,,
12127805,0,0,2,2,,,,,,,,,
12127806,1,1,6,2,,,,,,,,,
12127807,0,0,6,3,,,,3,,,,,
12127808,2,2,6,1,6,,,,,,,,
12127810,2,2,7,7,,,,8,7,,,,
12127818,2,2,6,6,,,,,,,,,
12127972,2,2,7,7,,,,,7,,,,
12128055,1,1,6,6,5,,,,4,,,,
12128056,0,0,5,5,,,,,,,,,
12128057,2,2,6,7,,,,,7,,,,
12128058,0,0,0,0,,,,,,,,,
12128059,0,0,2,4,,,,,,,,,
12128161,0,0,3,6,,,,,3,,,,
12128163,2,2,6,1,7,,,,,7,,,
12128165,2,2,6,7,,,,,,,,,
12128166,2,2,1,6,6,,,,,,,,
12128167,2,2,6,6,6,,,7,,,,,
12128168,2,2,6,6,,,,,,,,,
12128169,,,,,,,,,,,,,
12128170,0,0,6,6,,,,6,3,,,,
12128171,1,1,6,6,0,,,3,,,,,
12128172,0,0,2,4,,,,,,,,,
12128173,0,0,0,0,,,,,,,,,
12128176,2,2,6,6,6,,,,6,,,,
12128177,2,2,4,6,6,,,,,,,,
12128178,0,0,3,2,,,,,,,,,
12128179,2,2,6,6,,,,,,,,,
12128180,0,0,4,6,,,,,4,,,,
12128181,1,1,6,2,6,,,,,4,,,
12128182,1,1,3,6,3,,,,,,,,
12128183,2,2,6,6,,,,,,,,,
12128184,2,2,6,3,6,,,,,,,,
12128185,2,2,6,6,,,,,,,,,
12128186,0,0,2,3,,,,,,,,,
12128187,2,2,6,6,,,,,,,,,
12128189,0,0,5,5,,,,,,,,,
12128190,,,,,,,,,,,,,
12128191,0,0,1,1,,,,,,,,,
12128192,2,2,7,6,,,,7,,,,,
12128208,2,2,3,6,6,,,,,,,,
12128209,1,1,1,6,3,,,,,,,,
12128210,0,0,6,6,,,,2,3,,,,
12128216,0,0,2,3,,,,,,,,,
12128217,1,1,6,3,4,,,,,,,,
12128218,1,1,5,7,3,,,,7,,,,
12128221,2,2,0,6,6,,,,,,,,
12128223,1,1,6,7,4,,,4,,,,,
12128236,2,2,6,6,,,,,,,,,
12128237,2,2,6,6,,,,,,,,,
12128238,1,1,5,6,0,,,,,,,,
12128239,0,0,3,4,,,,,,,,,
12128240,0,0,5,2,,,,,,,,,
12128241,0,0,5,4,,,,,,,,,
12128242,2,2,3,6,6,,,,,,,,
12128243,2,2,7,6,,,,7,,,,,
12128244,2,2,3,6,6,,,,,,,,
12128245,0,0,5,3,,,,,,,,,
12128246,0,0,3,1,,,,,,,,,
12128247,2,2,6,6,,,,,,,,,
12128248,2,2,6,7,,,,,8,,,,
12128249,1,1,3,6,4,,,,,,,,
12128250,2,2,6,6,,,,,,,,,
12128251,1,1,7,6,6,,,7,3,5,,,
12128252,1,1,6,6,3,,,,3,,,,
12128256,0,0,1,0,,,,,,,,,
12128257,2,2,6,6,,,,,,,,,
12128258,0,0,4,2,,,,,,,,,
12128259,2,2,6,3,7,,,,,8,,,
12128260,0,0,2,4,,,,,,,,,
12128261,0,0,3,3,,,,,,,,,
12128262,2,2,6,6,,,,,,,,,
12128263,2,2,6,6,,,,,,,,,
12128264,,,,,,,,,,,,,
12128265,,,,,,,,,,,,,
12128266,0,0,4,2,,,,,,,,,
12128267,2,2,6,6,6,,,2,,,,,
12128268,2,2,6,7,6,,,5,,,,,
12128269,2,2,6,6,,,,,,,,,
12128270,1,1,4,6,4,,,,,,,,
12128271,1,1,6,5,6,,,,,3,,,
12128272,1,1,6,3,1,,,,,,,,
12128273,2,2,6,6,,,,,,,,,
12128274,1,1,6,3,3,,,,,,,,
12128275,0,0,3,1,,,,,,,,,
12128352,2,2,6,6,,,,,,,,,
12128405,0,0,3,,,,,,,,,,
12128406,2,2,6,7,,,,,,,,,
12128407,1,1,4,6,3,,,,,,,,
12128408,2,2,6,6,,,,,,,,,
12128409,2,2,0,7,7,,,,,7,,,
12128410,2,2,6,6,,,,,,,,,
12128411,0,0,4,1,,,,,,,,,
12128412,0,0,3,,,,,,,,,,
12128413,2,2,6,7,,,,,,,,,
12128484,0,0,3,2,,,,,,,,,
12128749,0,0,3,6,,,,,4,,,,
12128750,0,0,6,3,,,,5,,,,,
12128751,0,0,4,3,,,,,,,,,
12128752,2,2,3,6,6,,,,,,,,
12128753,1,1,6,4,1,,,,,,,,
12128755,2,2,6,6,6,,,,3,,,,
12128756,2,2,6,6,,,,,,,,,
12128757,0,0,0,,,,,,,,,,
12128920,2,2,6,1,10,,,,,,,,
12129050,1,1,6,0,4,,,,,,,,
12129153,0,0,6,1,,,,,,,,,
12129154,2,2,4,6,10,,,,,,,,
12129159,0,0,1,3,,,,,,,,,
12129160,2,2,6,6,,,,,,,,,
12129171,2,2,6,3,6,,,,,,,,
12129172,0,0,3,5,,,,,,,,,
12129173,1,1,4,7,2,,,,9,,,,
12129174,2,2,7,7,,,,7,7,,,,
12129175,2,2,4,6,6,,,,,,,,
12129176,2,2,6,7,,,,,7,,,,
12129177,2,2,6,6,,,,,,,,,
12129193,1,1,6,6,13,,,,,,,,
12129257,1,1,5,7,8,,,,9,,,,
12129260,2,2,6,1,6,,,,,,,,
12129276,2,2,6,6,,,,,,,,,
12129376,2,2,7,6,,,,7,,,,,
12129379,2,2,6,3,6,,,,,,,,
12129380,2,2,7,6,,,,,,,,,
12129381,1,1,6,1,3,,,,,,,,
12129382,2,2,6,2,7,,,,,7,,,
12129383,1,1,4,6,0,,,,,,,,
12129384,2,2,6,6,,,,,,,,,
12129385,2,2,6,6,,,,,,,,,
12129397,2,2,6,6,,,,,,,,,
12129433,2,2,6,6,,,,,,,,,
12129440,2,2,7,4,10,,,,,,,,
12129511,0,0,5,4,,,,,,,,,
12129621,0,0,0,3,,,,,,,,,
12129622,0,0,1,4,,,,,,,,,
12129623,2,2,6,7,,,,,7,,,,
12129624,0,0,1,,,,,,,,,,
12129625,0,0,2,2,,,,,,,,,
12129626,2,2,6,6,,,,,,,,,
12129627,2,2,5,6,6,,,,,,,,
12129628,2,2,6,6,,,,,,,,,
12129629,0,0,2,,,,,,,,,,
12129630,2,2,6,6,,,,,,,,,
12129631,0,0,4,5,,,,,,,,,
12129632,2,2,6,6,,,,,,,,,
12129633,0,0,2,1,,,,,,,,,
12129634,2,2,6,6,,,,,,,,,
12129635,0,0,4,2,,,,,,,,,
12129636,0,0,3,3,,,,,,,,,
12129701,0,0,5,5,,,,,,,,,
12129775,2,2,1,6,7,,,,,7,,,
12129799,2,2,6,7,,,,,,,,,
12129800,2,2,6,6,,,,,,,,,
12129801,2,2,6,6,,,,,,,,,
12129802,0,0,4,0,,,,,,,,,
12129803,2,2,6,6,,,,,,,,,
12129804,2,2,6,6,,,,,,,,,
12129805,2,2,6,6,6,,,0,,,,,
12129806,2,2,3,6,6,,,,,,,,
12129807,0,0,5,4,,,,,,,,,
12129808,2,2,6,6,,,,,,,,,
12129809,0,0,2,3,,,,,,,,,
12129810,2,2,1,6,6,,,,,,,,
12129811,0,0,0,2,,,,,,,,,
12129812,2,2,6,6,,,,,,,,,
12129813,0,0,3,2,,,,,,,,,
12129814,2,2,4,6,6,,,,,,,,
12129815,2,2,7,6,,,,,,,,,
12129817,2,2,6,6,,,,,,,,,
12129818,2,2,6,6,,,,,,,,,
12129819,0,0,0,1,,,,,,,,,
12129820,2,2,6,6,,,,,,,,,
12129821,0,0,6,1,,,,5,,,,,
12129822,1,1,6,0,,,,,,,,,
12129823,2,2,6,6,,,,,,,,,
12129824,2,2,6,7,,,,,8,,,,
12129825,2,2,6,6,,,,,,,,,
12129826,2,2,6,6,,,,,,,,,
12129827,1,1,3,6,2,,,,,,,,
12129828,2,2,6,6,,,,,,,,,
12129829,2,2,6,6,,,,,,,,,
12129830,2,2,6,6,,,,,,,,,
12129831,0,0,3,2,,,,,,,,,
12129832,2,2,6,6,,,,,,,,,
12129839,1,1,6,2,4,,,,,,,,
12129840,2,2,6,6,,,,,,,,,
12129841,0,0,2,4,,,,,,,,,
12129842,0,0,3,3,,,,,,,,,
12129843,0,0,3,4,,,,,,,,,
12129845,2,2,6,3,6,,,,,,,,
12129846,2,2,6,6,,,,,,,,,
12129847,1,1,7,1,0,,,7,,,,,
12129867,2,2,7,6,,,,,,,,,
12129868,2,2,6,6,,,,,,,,,
12129869,2,2,6,7,,,,,7,,,,
12129870,1,1,4,6,4,,,,,,,,
12129871,1,1,6,3,0,,,,,,,,
12129872,2,2,6,6,,,,,,,,,
12129873,2,2,7,6,,,,,,,,,
12130051,2,2,6,4,6,,,,,,,,
12130052,0,0,0,2,,,,,,,,,
12130053,2,2,6,6,,,,,,,,,
12130054,2,2,6,6,,,,,,,,,
12130055,0,0,3,0,,,,,,,,,
12130056,1,1,2,6,2,,,,,,,,
12130057,2,2,6,4,6,,,,,,,,
12130104,2,2,2,7,6,,,,7,,,,
12130107,2,2,3,6,6,,,,,,,,
12130117,2,2,6,6,,,,,,,,,
12130118,2,2,4,6,6,,,,,,,,
12130119,2,2,6,6,,,,,,,,,
12130137,,,,,,,,,,,,,
12130138,2,2,6,6,,,,,,,,,
12130139,2,2,6,6,,,,,,,,,
12130140,2,2,6,6,,,,,,,,,
12130141,2,2,3,6,7,,,,,7,,,
12130143,0,0,2,1,,,,,,,,,
12130144,2,2,6,6,,,,,,,,,
12130152,0,0,0,3,,,,,,,,,
12130153,2,2,6,6,,,,,,,,,
12130154,2,2,6,6,,,,,,,,,
12130155,0,0,0,2,,,,,,,,,
12130156,0,0,3,1,,,,,,,,,
12130157,0,0,1,1,,,,,,,,,
12130158,0,0,0,5,,,,,,,,,
12130196,2,2,1,6,6,,,,,,,,
12130236,2,2,4,6,6,,,,,,,,
12130237,2,2,6,6,,,,,,,,,
12130238,1,1,6,6,3,,,,7,,,,
12130239,0,0,0,1,,,,,,,,,
12130240,2,2,6,6,,,,,,,,,
12130241,1,1,6,4,,,,,,,,,
12130242,2,2,2,6,6,,,,,,,,
12130285,2,2,6,6,,,,,,,,,
12130286,0,0,6,2,,,,3,,,,,
12130289,1,1,4,6,4,,,,,,,,
12130290,0,0,1,,,,,,,,,,
12130291,2,2,6,6,,,,,,,,,
12130292,2,2,7,6,,,,,,,,,
12130293,0,0,4,4,,,,,,,,,
12130294,1,1,4,6,3,,,,,,,,
12130311,1,1,6,5,3,,,,,,,,
12130438,2,2,6,5,6,,,,,,,,
12130439,2,2,6,6,,,,,,,,,
12130440,1,1,2,6,3,,,,,,,,
12130441,0,0,3,0,,,,,,,,,
12130442,0,0,2,6,,,,,1,,,,
12130443,2,2,6,6,6,,,5,,,,,
12130518,2,2,6,7,,,,,,,,,
12130651,2,2,7,6,,,,,,,,,
12130656,2,2,6,6,,,,,,,,,
12130694,1,1,6,6,0,,,,5,,,,
12130702,,,,,,,,,,,,,
12130703,0,0,4,1,,,,,,,,,
12130704,2,2,6,6,,,,,,,,,
12130705,0,0,1,1,,,,,,,,,
12130706,1,1,1,6,5,,,,,,,,
12130707,0,0,4,1,,,,,,,,,
12130773,2,2,6,6,,,,,,,,,
12130836,,,,,,,,,,,,,
12131365,0,0,5,4,,,,,,,,,
12131366,2,2,6,6,,,,,,,,,
12131370,2,2,7,4,7,,,,,7,,,
12131371,2,2,5,6,6,,,,,,,,
12131373,2,2,6,6,,,,,,,,,
12131379,2,2,6,6,,,,,,,,,
12131386,1,1,3,6,1,,,,,,,,
12131400,1,1,6,3,2,,,,,,,,
12131633,2,2,6,6,,,,,,,,,
12131680,2,2,6,6,,,,,,,,,
12131698,2,2,1,7,6,,,,,,,,
12131724,1,1,2,6,5,,,,,,,,
12131745,2,2,6,4,6,,,,,,,,
12131746,,,,,,,,,,,,,
12131773,0,0,3,4,,,,,,,,,
12131793,2,2,6,7,,,,,7,,,,
12131810,2,2,6,6,,,,,,,,,
12131894,0,0,1,4,,,,,,,,,
12131896,0,0,6,2,,,,5,,,,,
12131897,1,1,3,6,4,,,,,,,,
12131898,2,2,6,6,,,,,,,,,
12131899,2,2,6,6,,,,,,,,,
12131901,2,2,6,2,6,,,,,,,,
12131908,1,1,4,6,1,,,,,,,,
12131911,2,2,6,6,,,,,,,,,
12131924,2,2,7,3,6,,,,,,,,
12131929,2,2,6,3,6,,,,,,,,
12132026,,,,,,,,,,,,,
12132081,0,0,6,4,,,,4,,,,,
12132087,2,2,6,6,6,,,5,,,,,
12132091,1,1,6,3,4,,,,,,,,
12132097,,,,,,,,,,,,,
12132098,2,2,6,6,,,,,,,,,
12132099,0,0,2,2,,,,,,,,,
12132106,2,2,6,6,,,,,,,,,
12132112,2,2,7,6,,,,,,,,,
12132115,2,2,6,4,6,,,,,,,,
12132118,0,0,1,2,,,,,,,,,
12132131,2,2,6,6,,,,,,,,,
12132142,2,2,6,7,,,,,7,,,,
12132143,2,2,3,6,7,,,,,,,,
12132230,2,2,6,6,,,,,,,,,
12132231,2,2,6,6,,,,,,,,,
12132262,0,0,2,0,,,,,,,,,
12132266,0,0,4,1,,,,,,,,,
12132271,2,2,6,7,,,,,7,,,,
12132309,1,1,7,2,2,,,,,,,,
12132316,2,2,6,6,,,,,,,,,
12132317,2,2,2,7,6,,,,,,,,
12132320,2,2,7,7,,,,,,,,,
12132322,1,1,6,4,1,,,,,,,,
12132323,2,2,6,6,,,,,,,,,
12132325,1,1,6,6,3,,,1,,,,,
12132331,2,2,6,1,6,,,,,,,,
12132343,2,2,6,6,,,,,,,,,
12132361,2,2,3,6,6,,,,,,,,
12132362,1,1,1,6,6,,,,,6,,,
12132370,2,2,3,7,6,,,,7,,,,
12132380,2,2,6,6,,,,,,,,,
12132405,2,2,6,6,,,,,,,,,
12132406,1,1,6,6,3,,,4,,,,,
12132472,1,1,0,6,3,,,,,,,,
12132546,2,2,6,6,,,,,,,,,
12132547,0,0,3,1,,,,,,,,,
12132656,1,1,3,7,4,,,,,,,,
12132657,0,0,5,5,,,,,,,,,
12132675,2,2,7,6,,,,9,,,,,
12132677,2,2,6,6,,,,,,,,,
12132689,2,2,3,6,6,,,,,,,,
12132690,2,2,3,6,6,,,,,,,,
12132691,2,2,7,6,,,,7,,,,,
12132701,2,2,6,6,,,,,,,,,
12132731,0,0,5,1,,,,,,,,,
12132753,2,2,6,6,,,,,,,,,
12132770,2,2,6,6,,,,,,,,,
12132785,1,1,1,6,3,,,,,,,,
12132786,2,2,6,6,,,,,,,,,
12132794,0,0,5,2,,,,,,,,,
12132842,0,0,1,,,,,,,,,,
12132843,2,2,6,6,,,,,,,,,
12132850,2,2,7,6,,,,,,,,,
12132855,0,0,2,4,,,,,,,,,
12132856,2,2,7,6,,,,,,,,,
12132857,1,1,7,5,2,,,7,,,,,
12132942,1,1,6,3,5,,,,,,,,
12132943,1,1,6,6,5,,,2,,,,,
12132972,0,0,4,5,,,,,,,,,
12132975,1,1,6,7,5,,,5,,,,,
12132976,0,0,3,5,,,,,,,,,
12132977,2,2,6,6,,,,,,,,,
12132980,2,2,6,6,,,,,,,,,
12132992,0,0,4,2,,,,,,,,,
12132993,0,0,4,4,,,,,,,,,
12133012,2,2,7,1,6,,,,,,,,
12133077,2,2,6,6,,,,,,,,,
12133078,0,0,3,1,,,,,,,,,
12133088,0,0,2,4,,,,,,,,,
12133116,0,0,0,1,,,,,,,,,
12133120,0,0,3,3,,,,,,,,,
12133121,2,2,6,7,,,,,7,,,,
12133122,0,0,1,0,,,,,,,,,
12133123,0,0,3,4,,,,,,,,,
12133141,0,0,2,2,,,,,,,,,
12133153,0,0,1,1,,,,,,,,,
12133166,0,0,1,,,,,,,,,,
12133182,2,2,6,6,,,,,,,,,
12133204,0,0,4,5,,,,,,,,,
12133223,0,0,4,2,,,,,,,,,
12133255,2,2,6,7,6,,,4,7,,,,
12133256,2,2,6,6,,,,,,,,,
12133333,2,2,6,6,,,,,,,,,
12133335,2,2,6,3,6,,,,,,,,
12133381,2,2,6,6,,,,,,,,,
12133463,2,2,6,6,,,,,,,,,
12133467,0,0,4,6,,,,,4,,,,
12133472,1,1,1,6,2,,,,,,,,
12133473,0,0,4,4,,,,,,,,,
12133487,1,1,6,3,3,,,,,,,,
12133492,0,0,2,4,,,,,,,,,
12133494,0,0,3,2,,,,,,,,,
12133621,2,2,6,6,,,,,,,,,
12133690,0,0,6,3,,,,8,,,,,
12133747,1,1,1,6,6,,,,,5,,,
12133754,0,0,0,2,,,,,,,,,
12133761,2,2,6,6,,,,,,,,,
12133925,0,0,4,0,,,,,,,,,
12133995,1,1,6,4,6,,,,,4,,,
12134027,0,0,2,2,,,,,,,,,
12134050,0,0,1,3,,,,,,,,,
12134073,2,2,6,6,,,,,,,,,
12134074,2,2,7,6,,,,10,,,,,
12134148,1,1,4,6,2,,,,,,,,
12139583,0,0,3,1,,,,,,,,,
12139586,2,2,6,6,,,,,,,,,
12139599,0,0,0,1,,,,,,,,,
12139600,0,0,4,3,,,,,,,,,
12139601,2,2,6,7,,,,,7,,,,
12139603,0,0,6,2,,,,5,,,,,
12139604,2,2,6,4,6,,,,,,,,
12139605,1,1,6,6,1,,,,1,,,,
12139606,2,2,7,6,,,,7,,,,,
12139607,2,2,3,6,6,,,,,,,,
12139608,0,0,4,2,,,,,,,,,
12139609,0,0,2,1,,,,,,,,,
12139610,0,0,1,6,,,,,3,,,,
12139611,2,2,6,6,,,,,,,,,
12139613,0,0,4,1,,,,,,,,,
12139614,0,0,4,4,,,,,,,,,
12139616,0,0,2,4,,,,,,,,,
12139617,0,0,3,1,,,,,,,,,
12139618,2,2,6,6,,,,,,,,,
12139623,0,0,1,3,,,,,,,,,
12139634,2,2,6,2,6,,,,,,,,
12109835,2,2,7,6,,,,12,,,,,
12109836,2,2,6,6,,,,,,,,,
12109837,2,2,6,6,,,,,,,,,
12109843,2,2,6,6,,,,,,,,,
12109845,1,1,3,6,5,,,,,,,,
12109846,1,1,7,0,4,,,,,,,,
12109848,,,,,,,,,,,,,
12109849,2,2,7,6,,,,7,,,,,
12109850,1,1,6,3,1,,,,,,,,
12109854,2,2,7,6,,,,7,,,,,
12109861,0,0,6,6,,,,0,4,,,,
12109876,2,2,7,4,6,,,7,,,,,
12109878,2,2,6,6,,,,,,,,,
12109879,0,0,3,3,,,,,,,,,
12109880,2,2,6,6,,,,,,,,,
12109881,0,0,2,1,,,,,,,,,
12109882,2,2,1,6,6,,,,,,,,
12109883,0,0,6,4,,,,5,,,,,
12109895,1,1,3,6,3,,,,,,,,
12109897,2,2,6,6,,,,,,,,,
12109898,2,2,4,6,7,,,,,,,,
12109901,2,2,1,6,7,,,,,7,,,
12109902,2,2,6,6,,,,,,,,,
12109903,2,2,4,7,6,,,,7,,,,
12109905,2,2,1,6,6,,,,,,,,
12109907,2,2,7,5,6,,,,,,,,
12125048,0,0,4,3,,,,,,,,,
12125050,2,2,6,6,,,,,,,,,
12125055,1,1,7,4,6,,,7,,5,,,
12125056,2,2,6,6,,,,,,,,,
12126984,0,0,2,5,,,,,,,,,
12126985,1,1,6,3,0,,,,,,,,
12126999,1,1,6,3,,,,,,,,,
12127047,2,2,6,6,,,,,,,,,
12127110,0,0,3,4,,,,,,,,,
12127111,2,2,6,6,,,,,,,,,
12127371,2,2,6,6,,,,,,,,,
12127614,2,2,7,6,,,,8,,,,,
12127621,2,2,6,6,,,,,,,,,
12127622,2,2,6,6,,,,,,,,,
12127623,2,2,6,6,,,,,,,,,
12127627,2,2,6,6,6,,,4,,,,,
12127628,2,2,6,6,,,,,,,,,
12127632,1,1,6,2,5,,,,,,,,
12127636,0,0,4,4,,,,,,,,,
12127637,2,2,6,6,,,,,,,,,
12127638,2,2,4,7,6,,,,7,,,,
12127645,2,2,3,7,6,,,,,,,,
12127648,2,2,7,6,,,,8,,,,,
12127650,0,0,3,4,,,,,,,,,
12127651,0,0,1,1,,,,,,,,,
12127652,0,0,2,2,,,,,,,,,
12127653,2,2,6,5,7,,,,,,,,
12127654,2,2,6,6,,,,,,,,,
12127655,0,0,4,1,,,,,,,,,
12127657,0,0,4,0,,,,,,,,,
12127659,2,2,6,2,6,,,,,,,,
12127741,0,0,3,4,,,,,,,,,
12127749,1,1,3,6,2,,,,,,,,
12127750,0,0,1,0,,,,,,,,,
12127751,1,1,1,7,4,,,,7,,,,
12127752,0,0,6,4,,,,3,,,,,
12127756,0,0,2,1,,,,,,,,,
12127780,2,2,6,7,,,,,,,,,
12127782,0,0,5,3,,,,,,,,,
12127785,0,0,2,1,,,,,,,,,
12127788,0,0,3,3,,,,,,,,,
12127802,2,2,3,6,6,,,,,,,,
12128057,2,2,6,7,,,,,7,,,,
12128058,0,0,0,0,,,,,,,,,
12128059,0,0,2,4,,,,,,,,,
12128150,2,2,6,6,,,,,,,,,
12128151,2,2,7,6,,,,7,,,,,
12128152,2,2,7,6,,,,7,,,,,
12128153,2,2,6,6,,,,,,,,,
12128155,2,2,6,5,6,,,,,,,,
12128156,1,1,6,6,2,,,3,,,,,
12128158,2,2,4,6,6,,,,,,,,
12128160,,,,,,,,,,,,,
12128161,0,0,3,6,,,,,3,,,,
12128162,2,2,7,6,,,,,,,,,
12128163,2,2,6,1,7,,,,,7,,,
12128164,2,2,6,3,6,,,,,,,,
12128165,2,2,6,7,,,,,,,,,
12128166,2,2,1,6,6,,,,,,,,
12128167,2,2,6,6,6,,,7,,,,,
12128168,2,2,6,6,,,,,,,,,
12128169,,,,,,,,,,,,,
12128170,0,0,6,6,,,,6,3,,,,
12128171,1,1,6,6,0,,,3,,,,,
12128172,0,0,2,4,,,,,,,,,
12128173,0,0,0,0,,,,,,,,,
12128174,0,0,1,4,,,,,,,,,
12128185,2,2,6,6,,,,,,,,,
12128186,0,0,2,3,,,,,,,,,
12128187,2,2,6,6,,,,,,,,,
12128188,2,2,7,6,,,,8,,,,,
12128189,0,0,5,5,,,,,,,,,
12128190,,,,,,,,,,,,,
12128191,0,0,1,1,,,,,,,,,
12128192,2,2,7,6,,,,7,,,,,
12128194,0,0,2,0,,,,,,,,,
12128195,2,2,7,6,,,,,,,,,
12128196,1,1,6,3,6,,,,,4,,,
12128197,2,2,6,6,,,,,,,,,
12128198,0,0,2,4,,,,,,,,,
12128199,1,1,6,2,4,,,,,,,,
12128200,2,2,6,2,6,,,,,,,,
12128201,2,2,7,6,,,,,,,,,
12128204,2,2,7,7,,,,,7,,,,
12128245,0,0,5,3,,,,,,,,,
12128246,0,0,3,1,,,,,,,,,
12128250,2,2,6,6,,,,,,,,,
12128251,1,1,7,6,6,,,7,3,5,,,
12128252,1,1,6,6,3,,,,3,,,,
12128256,0,0,1,0,,,,,,,,,
12128257,2,2,6,6,,,,,,,,,
12128262,2,2,6,6,,,,,,,,,
12128267,2,2,6,6,6,,,2,,,,,
12128268,2,2,6,7,6,,,5,,,,,
12128270,1,1,4,6,4,,,,,,,,
12128272,1,1,6,3,1,,,,,,,,
12128274,1,1,6,3,3,,,,,,,,
12128275,0,0,3,1,,,,,,,,,
12128411,0,0,4,1,,,,,,,,,
12128484,0,0,3,2,,,,,,,,,
12128755,2,2,6,6,6,,,,3,,,,
12129050,1,1,6,0,4,,,,,,,,
12129159,0,0,1,3,,,,,,,,,
12129173,1,1,4,7,2,,,,9,,,,
12129176,2,2,6,7,,,,,7,,,,
12129260,2,2,6,1,6,,,,,,,,
12129276,2,2,6,6,,,,,,,,,
12129376,2,2,7,6,,,,7,,,,,
12129397,2,2,6,6,,,,,,,,,
12129433,2,2,6,6,,,,,,,,,
12129511,0,0,5,4,,,,,,,,,
12129572,0,0,0,4,,,,,,,,,
12129623,2,2,6,7,,,,,7,,,,
12129625,0,0,2,2,,,,,,,,,
12129626,2,2,6,6,,,,,,,,,
12129629,0,0,2,,,,,,,,,,
12129701,0,0,5,5,,,,,,,,,
12129775,2,2,1,6,7,,,,,7,,,
12129801,2,2,6,6,,,,,,,,,
12129802,0,0,4,0,,,,,,,,,
12129803,2,2,6,6,,,,,,,,,
12129808,2,2,6,6,,,,,,,,,
12129809,0,0,2,3,,,,,,,,,
12129811,0,0,0,2,,,,,,,,,
12129813,0,0,3,2,,,,,,,,,
12129814,2,2,4,6,6,,,,,,,,
12129815,2,2,7,6,,,,,,,,,
12129817,2,2,6,6,,,,,,,,,
12129819,0,0,0,1,,,,,,,,,
12129820,2,2,6,6,,,,,,,,,
12129823,2,2,6,6,,,,,,,,,
12129826,2,2,6,6,,,,,,,,,
12129829,2,2,6,6,,,,,,,,,
12129830,2,2,6,6,,,,,,,,,
12129840,2,2,6,6,,,,,,,,,
12129843,0,0,3,4,,,,,,,,,
12129846,2,2,6,6,,,,,,,,,
12129873,2,2,7,6,,,,,,,,,
12130052,0,0,0,2,,,,,,,,,
12130053,2,2,6,6,,,,,,,,,
12130055,0,0,3,0,,,,,,,,,
12130100,1,1,6,7,3,,,4,,,,,
12130104,2,2,2,7,6,,,,7,,,,
12130107,2,2,3,6,6,,,,,,,,
12130117,2,2,6,6,,,,,,,,,
12130118,2,2,4,6,6,,,,,,,,
12130119,2,2,6,6,,,,,,,,,
12130141,2,2,3,6,7,,,,,7,,,
12130144,2,2,6,6,,,,,,,,,
12130153,2,2,6,6,,,,,,,,,
12130155,0,0,0,2,,,,,,,,,
12130157,0,0,1,1,,,,,,,,,
12130196,2,2,1,6,6,,,,,,,,
12130236,2,2,4,6,6,,,,,,,,
12130237,2,2,6,6,,,,,,,,,
12130238,1,1,6,6,3,,,,7,,,,
12130239,0,0,0,1,,,,,,,,,
12130240,2,2,6,6,,,,,,,,,
12130241,1,1,6,4,,,,,,,,,
12130242,2,2,2,6,6,,,,,,,,
12130285,2,2,6,6,,,,,,,,,
12130286,0,0,6,2,,,,3,,,,,
12130289,1,1,4,6,4,,,,,,,,
12130290,0,0,1,,,,,,,,,,
12130291,2,2,6,6,,,,,,,,,
12130292,2,2,7,6,,,,,,,,,
12130293,0,0,4,4,,,,,,,,,
12130294,1,1,4,6,3,,,,,,,,
12130295,2,2,6,1,7,,,,,,,,
12130311,1,1,6,5,3,,,,,,,,
12130312,0,0,4,3,,,,,,,,,
12130517,1,1,7,5,3,,,,,,,,
12130518,2,2,6,7,,,,,,,,,
12130651,2,2,7,6,,,,,,,,,
12130694,1,1,6,6,0,,,,5,,,,
12130702,,,,,,,,,,,,,
12130703,0,0,4,1,,,,,,,,,
12130704,2,2,6,6,,,,,,,,,
12130705,0,0,1,1,,,,,,,,,
12130706,1,1,1,6,5,,,,,,,,
12130707,0,0,4,1,,,,,,,,,
12130745,2,2,6,7,,,,,,,,,
12130773,2,2,6,6,,,,,,,,,
12130836,,,,,,,,,,,,,
12130846,2,2,6,6,,,,,,,,,
12131283,0,0,4,2,,,,,,,,,
12131365,0,0,5,4,,,,,,,,,
12131366,2,2,6,6,,,,,,,,,
12131367,2,2,6,6,,,,,,,,,
12131368,0,0,3,1,,,,,,,,,
12131369,2,2,6,6,,,,,,,,,
12131370,2,2,7,4,7,,,,,7,,,
12131371,2,2,5,6,6,,,,,,,,
12131372,0,0,3,6,,,,,3,,,,
12131373,2,2,6,6,,,,,,,,,
12131374,2,2,3,7,6,,,,7,,,,
12131375,2,2,2,6,6,,,,,,,,
12131376,1,1,2,6,1,,,,,,,,
12131377,0,0,6,6,,,,3,6,,,,
12131379,2,2,6,6,,,,,,,,,
12131380,0,0,6,6,,,,4,6,,,,
12131381,0,0,1,6,,,,,1,,,,
12131384,2,2,6,6,,,,,,,,,
12131385,2,2,6,6,,,,,,,,,
12131386,1,1,3,6,1,,,,,,,,
12131387,2,2,6,6,,,,,,,,,
12131388,2,2,6,6,,,,,,,,,
12131389,2,2,3,6,6,,,,,,,,
12131400,1,1,6,3,2,,,,,,,,
12131633,2,2,6,6,,,,,,,,,
12131680,2,2,6,6,,,,,,,,,
12131698,2,2,1,7,6,,,,,,,,
12131724,1,1,2,6,5,,,,,,,,
12131745,2,2,6,4,6,,,,,,,,
12131746,,,,,,,,,,,,,
12131773,0,0,3,4,,,,,,,,,
12131793,2,2,6,7,,,,,7,,,,
12131810,2,2,6,6,,,,,,,,,
12131894,0,0,1,4,,,,,,,,,
12131896,0,0,6,2,,,,5,,,,,
12131897,1,1,3,6,4,,,,,,,,
12131898,2,2,6,6,,,,,,,,,
12131899,2,2,6,6,,,,,,,,,
12131900,,,,,,,,,,,,,
12131901,2,2,6,2,6,,,,,,,,
12131908,1,1,4,6,1,,,,,,,,
12131911,2,2,6,6,,,,,,,,,
12131924,2,2,7,3,6,,,,,,,,
12131929,2,2,6,3,6,,,,,,,,
12132087,2,2,6,6,6,,,5,,,,,
12132091,1,1,6,3,4,,,,,,,,
12132097,,,,,,,,,,,,,
12132098,2,2,6,6,,,,,,,,,
12132099,0,0,2,2,,,,,,,,,
12132112,2,2,7,6,,,,,,,,,
12132118,0,0,1,2,,,,,,,,,
12132131,2,2,6,6,,,,,,,,,
12132142,2,2,6,7,,,,,7,,,,
12132143,2,2,3,6,7,,,,,,,,
12132230,2,2,6,6,,,,,,,,,
12132231,2,2,6,6,,,,,,,,,
12132262,0,0,2,0,,,,,,,,,
12132266,0,0,4,1,,,,,,,,,
12132271,2,2,6,7,,,,,7,,,,
12132309,1,1,7,2,2,,,,,,,,
12132316,2,2,6,6,,,,,,,,,
12132317,2,2,2,7,6,,,,,,,,
12132320,2,2,7,7,,,,,,,,,
12132322,1,1,6,4,1,,,,,,,,
12132323,2,2,6,6,,,,,,,,,
12132325,1,1,6,6,3,,,1,,,,,
12132330,0,0,3,4,,,,,,,,,
12132331,2,2,6,1,6,,,,,,,,
12132343,2,2,6,6,,,,,,,,,
12132361,2,2,3,6,6,,,,,,,,
12132362,1,1,1,6,6,,,,,6,,,
12132370,2,2,3,7,6,,,,7,,,,
12132380,2,2,6,6,,,,,,,,,
12132405,2,2,6,6,,,,,,,,,
12132406,1,1,6,6,3,,,4,,,,,
12132472,1,1,0,6,3,,,,,,,,
12132546,2,2,6,6,,,,,,,,,
12132547,0,0,3,1,,,,,,,,,
12132656,1,1,3,7,4,,,,,,,,
12132657,0,0,5,5,,,,,,,,,
12132675,2,2,7,6,,,,9,,,,,
12132677,2,2,6,6,,,,,,,,,
12132689,2,2,3,6,6,,,,,,,,
12132690,2,2,3,6,6,,,,,,,,
12132691,2,2,7,6,,,,7,,,,,
12132701,2,2,6,6,,,,,,,,,
12132731,0,0,5,1,,,,,,,,,
12132753,2,2,6,6,,,,,,,,,
12132770,2,2,6,6,,,,,,,,,
12132785,1,1,1,6,3,,,,,,,,
12132786,2,2,6,6,,,,,,,,,
12132794,0,0,5,2,,,,,,,,,
12132842,0,0,1,,,,,,,,,,
12132843,2,2,6,6,,,,,,,,,
12132850,2,2,7,6,,,,,,,,,
12132855,0,0,2,4,,,,,,,,,
12132856,2,2,7,6,,,,,,,,,
12132857,1,1,7,5,2,,,7,,,,,
12132942,1,1,6,3,5,,,,,,,,
12132943,1,1,6,6,5,,,2,,,,,
12132972,0,0,4,5,,,,,,,,,
12132975,1,1,6,7,5,,,5,,,,,
12132976,0,0,3,5,,,,,,,,,
12132977,2,2,6,6,,,,,,,,,
12132980,2,2,6,6,,,,,,,,,
12132992,0,0,4,2,,,,,,,,,
12132993,0,0,4,4,,,,,,,,,
12133012,2,2,7,1,6,,,,,,,,
12133014,2,2,7,4,6,,,7,,,,,
12133050,0,0,5,1,,,,,,,,,
12133077,2,2,6,6,,,,,,,,,
12133078,0,0,3,1,,,,,,,,,
12133088,0,0,2,4,,,,,,,,,
12133116,0,0,0,1,,,,,,,,,
12133120,0,0,3,3,,,,,,,,,
12133121,2,2,6,7,,,,,7,,,,
12133122,0,0,1,0,,,,,,,,,
12133123,0,0,3,4,,,,,,,,,
12133141,0,0,2,2,,,,,,,,,
12133153,0,0,1,1,,,,,,,,,
12133166,0,0,1,,,,,,,,,,
12133182,2,2,6,6,,,,,,,,,
12133204,0,0,4,5,,,,,,,,,
12133222,2,2,6,6,,,,,,,,,
12133223,0,0,4,2,,,,,,,,,
12133255,2,2,6,7,6,,,4,7,,,,
12133256,2,2,6,6,,,,,,,,,
12133333,2,2,6,6,,,,,,,,,
12133334,2,2,6,5,6,,,,,,,,
12133335,2,2,6,3,6,,,,,,,,
12133380,2,2,6,6,,,,,,,,,
12133381,2,2,6,6,,,,,,,,,
12133463,2,2,6,6,,,,,,,,,
12133467,0,0,4,6,,,,,4,,,,
12133472,1,1,1,6,2,,,,,,,,
12133473,0,0,4,4,,,,,,,,,
12133474,0,0,2,2,,,,,,,,,
12133487,1,1,6,3,3,,,,,,,,
12133492,0,0,2,4,,,,,,,,,
12133494,0,0,3,2,,,,,,,,,
12133618,1,1,6,2,4,,,,,,,,
12133620,0,0,6,4,,,,7,,,,,
12133621,2,2,6,6,,,,,,,,,
12133660,2,2,4,6,6,,,,,,,,
12133690,0,0,6,3,,,,8,,,,,
12133733,2,2,7,6,,,,,,,,,
12133747,1,1,1,6,6,,,,,5,,,
12133754,0,0,0,2,,,,,,,,,
12133761,2,2,6,6,,,,,,,,,
12133783,0,0,2,3,,,,,,,,,
12133812,2,2,6,7,,,,,,,,,
12133858,2,2,6,6,,,,,,,,,
12133859,0,0,3,3,,,,,,,,,
12133883,2,2,6,6,,,,,,,,,
12133890,2,2,6,6,,,,,,,,,
12133925,0,0,4,0,,,,,,,,,
12133995,1,1,6,4,6,,,,,4,,,
12133999,2,2,3,6,6,,,,,,,,
12134013,0,0,5,1,,,,,,,,,
12134027,0,0,2,2,,,,,,,,,
12134050,0,0,1,3,,,,,,,,,
12134073,2,2,6,6,,,,,,,,,
12134074,2,2,7,6,,,,10,,,,,
12134079,2,2,6,6,,,,,,,,,
12134089,2,2,6,6,,,,,,,,,
12134145,0,0,4,0,,,,,,,,,
12134148,1,1,4,6,2,,,,,,,,
12134176,2,2,6,6,,,,,,,,,
12134184,1,1,6,3,5,,,,,,,,
12134185,0,0,3,2,,,,,,,,,
12134259,0,0,0,0,,,,,,,,,
12134822,2,2,6,6,,,,,,,,,
12134836,2,2,6,6,,,,,,,,,
12134969,2,2,0,7,6,,,,,,,,
12134979,1,1,7,1,2,,,,,,,,
12135723,2,2,6,6,,,,,,,,,
12135730,2,2,3,7,6,,,,,,,,
12135731,0,0,4,1,,,,,,,,,
12135732,1,1,6,3,5,,,,,,,,
12135765,0,0,2,3,,,,,,,,,
12135805,2,2,6,6,,,,,,,,,
12135994,0,0,4,3,,,,,,,,,
12136045,0,0,4,6,,,,,3,,,,
12136046,2,2,7,6,,,,,,,,,
12136047,2,2,6,3,6,,,,,,,,
12136081,2,2,7,3,7,,,7,,7,,,
12136160,0,0,2,5,,,,,,,,,
12136161,0,0,1,0,,,,,,,,,
12136163,0,0,6,4,,,,4,,,,,
12136164,2,2,3,6,6,,,,,,,,
12136168,2,2,6,6,6,,,,3,,,,
12136170,2,2,7,6,,,,,,,,,
12136173,2,2,3,6,6,,,,,,,,
12136174,0,0,4,3,,,,,,,,,
12136175,2,2,6,6,,,,,,,,,
12136176,,,,,,,,,,,,,
12136177,1,1,6,4,4,,,,,,,,
12136178,0,0,4,3,,,,,,,,,
12136247,0,0,5,4,,,,,,,,,
12136248,2,2,6,6,,,,,,,,,
12136249,2,2,6,6,,,,,,,,,
12136253,0,0,1,2,,,,,,,,,
12136259,0,0,5,4,,,,,,,,,
12136262,2,2,6,6,,,,,,,,,
12136268,2,2,6,6,,,,,,,,,
12136269,2,2,7,6,,,,7,,,,,
12136281,2,2,4,6,6,,,,,,,,
12136282,1,1,6,4,6,,,,,1,,,
12136283,2,2,7,6,6,,,,4,,,,
12136284,0,0,4,2,,,,,,,,,
12136303,0,0,3,1,,,,,,,,,
12136304,2,2,6,6,,,,,,,,,
12136362,0,0,1,,,,,,,,,,
12136363,2,2,6,6,,,,,,,,,
12136396,1,1,6,4,6,,,,,4,,,
12136397,1,1,4,6,3,,,,,,,,
12136410,2,2,6,6,,,,,,,,,
12136441,2,2,7,4,6,,,12,,,,,
12136449,0,0,0,3,,,,,,,,,
12136494,2,2,6,7,,,,,,,,,
12136495,1,1,6,1,0,,,,,,,,
12136509,2,2,6,6,,,,,,,,,
12136533,2,2,7,6,,,,7,,,,,
12136534,1,1,3,6,4,,,,,,,,
12136553,1,1,7,6,4,,,7,2,,,,
12136674,2,2,3,6,6,,,,,,,,
12136692,0,0,3,2,,,,,,,,,
12136745,0,0,5,1,,,,,,,,,
12136746,1,1,6,4,4,,,,,,,,
12136758,0,0,4,0,,,,,,,,,
12136772,1,1,6,3,0,,,,,,,,
12136778,0,0,3,2,,,,,,,,,
12136837,0,0,2,6,,,,,11,,,,
12136860,1,1,7,1,0,,,7,,,,,
12136869,2,2,6,6,,,,,,,,,
12136898,0,0,4,2,,,,,,,,,
12136961,0,0,2,1,,,,,,,,,
12137032,0,0,1,5,,,,,,,,,
12137039,0,0,1,5,,,,,,,,,
12137107,2,2,6,7,,,,,7,,,,
12137108,2,2,6,4,6,,,,,,,,
12137128,2,2,6,3,6,,,,,,,,
12137174,2,2,6,0,7,,,,,7,,,
12137176,2,2,6,7,,,,,8,,,,
12137290,2,2,6,6,,,,,,,,,
12137318,2,2,6,6,,,,,,,,,
12137378,1,1,1,6,2,,,,,,,,
12139583,0,0,3,1,,,,,,,,,
12139586,2,2,6,6,,,,,,,,,
12139599,0,0,0,1,,,,,,,,,
12139601,2,2,6,7,,,,,7,,,,
12139606,2,2,7,6,,,,7,,,,,
12139608,0,0,4,2,,,,,,,,,
12139609,0,0,2,1,,,,,,,,,
12139611,2,2,6,6,,,,,,,,,
12139614,0,0,4,4,,,,,,,,,
12139618,2,2,6,6,,,,,,,,,
12139619,0,0,3,1,,,,,,,,,
12139620,0,0,1,1,,,,,,,,,
12139622,0,0,0,5,,,,,,,,,
12139623,0,0,1,3,,,,,,,,,
12139625,0,0,0,1,,,,,,,,,
12139634,2,2,6,2,6,,,,,,,,
12109835,2,2,7,6,,,,12,,,,,
12109836,2,2,6,6,,,,,,,,,
12109845,1,1,3,6,5,,,,,,,,
12109848,,,,,,,,,,,,,
12109851,2,2,6,7,,,,,7,,,,
12109858,0,0,3,2,,,,,,,,,
12109861,0,0,6,6,,,,0,4,,,,
12109876,2,2,7,4,6,,,7,,,,,
12109878,2,2,6,6,,,,,,,,,
12109881,0,0,2,1,,,,,,,,,
12109883,0,0,6,4,,,,5,,,,,
12109894,2,2,6,6,,,,,,,,,
12109896,0,0,3,4,,,,,,,,,
12109901,2,2,1,6,7,,,,,7,,,
12109902,2,2,6,6,,,,,,,,,
12109903,2,2,4,7,6,,,,7,,,,
12109905,2,2,1,6,6,,,,,,,,
12109935,2,2,6,6,,,,,,,,,
12109942,2,2,6,6,,,,,,,,,
12109946,2,2,7,6,,,,7,,,,,
12109951,1,1,6,3,4,,,,,,,,
12109952,1,1,7,0,1,,,7,,,,,
12109953,2,2,3,7,6,,,,,,,,
12109956,0,0,1,5,,,,,,,,,
12109958,0,0,3,2,,,,,,,,,
12109962,0,0,1,2,,,,,,,,,
12109964,2,2,6,6,,,,,,,,,
12109965,0,0,3,3,,,,,,,,,
12109966,2,2,6,6,7,,,3,,11,,,
12109967,2,2,6,6,,,,,,,,,
12109969,2,2,4,6,6,,,,,,,,
12109971,0,0,2,1,,,,,,,,,
12109972,0,0,3,0,,,,,,,,,
12110019,,,,,,,,,,,,,
12110020,0,0,3,3,,,,,,,,,
12110021,2,2,6,6,,,,,,,,,
12110022,2,2,7,3,6,,,,,,,,
12110023,0,0,6,3,,,,5,,,,,
12110024,1,1,7,3,3,,,,,,,,
12110025,0,0,5,1,,,,,,,,,
12110026,0,0,1,5,,,,,,,,,
12110029,2,2,7,6,,,,,,,,,
12110040,0,0,3,1,,,,,,,,,
12110043,0,0,0,2,,,,,,,,,
12110046,2,2,7,6,,,,,,,,,
12110054,2,2,6,6,,,,,,,,,
12110069,2,2,6,4,7,,,,,7,,,
12110071,0,0,3,5,,,,,,,,,
12110072,2,2,6,6,,,,,,,,,
12127645,2,2,3,7,6,,,,,,,,
12127728,,,,,,,,,,,,,
12127730,,,,,,,,,,,,,
12127766,,,,,,,,,,,,,
12127768,,,,,,,,,,,,,
12127791,,,,,,,,,,,,,
12128053,,,,,,,,,,,,,
12128054,,,,,,,,,,,,,
12128149,1,1,7,3,5,,,7,,,,,
12128150,2,2,6,6,,,,,,,,,
12128151,2,2,7,6,,,,7,,,,,
12128152,2,2,7,6,,,,7,,,,,
12128153,2,2,6,6,,,,,,,,,
12128154,0,0,4,4,,,,,,,,,
12128155,2,2,6,5,6,,,,,,,,
12128156,1,1,6,6,2,,,3,,,,,
12128157,1,1,6,3,5,,,,,,,,
12128158,2,2,4,6,6,,,,,,,,
12128159,0,0,1,4,,,,,,,,,
12128160,,,,,,,,,,,,,
12128162,2,2,7,6,,,,,,,,,
12128164,2,2,6,3,6,,,,,,,,
12128174,0,0,1,4,,,,,,,,,
12128175,,,,,,,,,,,,,
12128188,2,2,7,6,,,,8,,,,,
12128193,0,0,4,1,,,,,,,,,
12128194,0,0,2,0,,,,,,,,,
12128195,2,2,7,6,,,,,,,,,
12128196,1,1,6,3,6,,,,,4,,,
12128197,2,2,6,6,,,,,,,,,
12128198,0,0,2,4,,,,,,,,,
12128199,1,1,6,2,4,,,,,,,,
12128200,2,2,6,2,6,,,,,,,,
12128201,2,2,7,6,,,,,,,,,
12128202,2,2,6,7,,,,,7,,,,
12128203,2,2,5,7,6,,,,8,,,,
12128204,2,2,7,7,,,,,7,,,,
12128205,0,0,3,2,,,,,,,,,
12128233,,,,,,,,,,,,,
12128235,,,,,,,,,,,,,
12129433,2,2,6,6,,,,,,,,,
12129511,0,0,5,4,,,,,,,,,
12129512,,,,,,,,,,,,,
12129572,0,0,0,4,,,,,,,,,
12129775,2,2,1,6,7,,,,,7,,,
12129962,,,,,,,,,,,,,
12130100,1,1,6,7,3,,,4,,,,,
12130285,2,2,6,6,,,,,,,,,
12130286,0,0,6,2,,,,3,,,,,
12130295,2,2,6,1,7,,,,,,,,
12130312,0,0,4,3,,,,,,,,,
12130517,1,1,7,5,3,,,,,,,,
12130694,1,1,6,6,0,,,,5,,,,
12130745,2,2,6,7,,,,,,,,,
12130846,2,2,6,6,,,,,,,,,
12131283,0,0,4,2,,,,,,,,,
12131367,2,2,6,6,,,,,,,,,
12131368,0,0,3,1,,,,,,,,,
12131369,2,2,6,6,,,,,,,,,
12131372,0,0,3,6,,,,,3,,,,
12131374,2,2,3,7,6,,,,7,,,,
12131375,2,2,2,6,6,,,,,,,,
12131376,1,1,2,6,1,,,,,,,,
12131377,0,0,6,6,,,,3,6,,,,
12131380,0,0,6,6,,,,4,6,,,,
12131381,0,0,1,6,,,,,1,,,,
12131382,0,0,6,4,,,,8,,,,,
12131383,0,0,6,5,,,,5,,,,,
12131384,2,2,6,6,,,,,,,,,
12131385,2,2,6,6,,,,,,,,,
12131387,2,2,6,6,,,,,,,,,
12131388,2,2,6,6,,,,,,,,,
12131389,2,2,3,6,6,,,,,,,,
12131900,,,,,,,,,,,,,
12132112,2,2,7,6,,,,,,,,,
12132143,2,2,3,6,7,,,,,,,,
12132330,0,0,3,4,,,,,,,,,
12132843,2,2,6,6,,,,,,,,,
12132977,2,2,6,6,,,,,,,,,
12132980,2,2,6,6,,,,,,,,,
12133014,2,2,7,4,6,,,7,,,,,
12133050,0,0,5,1,,,,,,,,,
12133077,2,2,6,6,,,,,,,,,
12133120,0,0,3,3,,,,,,,,,
12133123,0,0,3,4,,,,,,,,,
12133222,2,2,6,6,,,,,,,,,
12133333,2,2,6,6,,,,,,,,,
12133334,2,2,6,5,6,,,,,,,,
12133380,2,2,6,6,,,,,,,,,
12133472,1,1,1,6,2,,,,,,,,
12133473,0,0,4,4,,,,,,,,,
12133474,0,0,2,2,,,,,,,,,
12133492,0,0,2,4,,,,,,,,,
12133494,0,0,3,2,,,,,,,,,
12133618,1,1,6,2,4,,,,,,,,
12133620,0,0,6,4,,,,7,,,,,
12133621,2,2,6,6,,,,,,,,,
12133660,2,2,4,6,6,,,,,,,,
12133733,2,2,7,6,,,,,,,,,
12133747,1,1,1,6,6,,,,,5,,,
12133754,0,0,0,2,,,,,,,,,
12133783,0,0,2,3,,,,,,,,,
12133812,2,2,6,7,,,,,,,,,
12133858,2,2,6,6,,,,,,,,,
12133859,0,0,3,3,,,,,,,,,
12133883,2,2,6,6,,,,,,,,,
12133890,2,2,6,6,,,,,,,,,
12133925,0,0,4,0,,,,,,,,,
12133995,1,1,6,4,6,,,,,4,,,
12133999,2,2,3,6,6,,,,,,,,
12134013,0,0,5,1,,,,,,,,,
12134027,0,0,2,2,,,,,,,,,
12134050,0,0,1,3,,,,,,,,,
12134074,2,2,7,6,,,,10,,,,,
12134079,2,2,6,6,,,,,,,,,
12134089,2,2,6,6,,,,,,,,,
12134145,0,0,4,0,,,,,,,,,
12134148,1,1,4,6,2,,,,,,,,
12134176,2,2,6,6,,,,,,,,,
12134184,1,1,6,3,5,,,,,,,,
12134185,0,0,3,2,,,,,,,,,
12134259,0,0,0,0,,,,,,,,,
12134822,2,2,6,6,,,,,,,,,
12134836,2,2,6,6,,,,,,,,,
12134969,2,2,0,7,6,,,,,,,,
12134979,1,1,7,1,2,,,,,,,,
12135723,2,2,6,6,,,,,,,,,
12135730,2,2,3,7,6,,,,,,,,
12135731,0,0,4,1,,,,,,,,,
12135732,1,1,6,3,5,,,,,,,,
12135765,0,0,2,3,,,,,,,,,
12135805,2,2,6,6,,,,,,,,,
12135994,0,0,4,3,,,,,,,,,
12136045,0,0,4,6,,,,,3,,,,
12136046,2,2,7,6,,,,,,,,,
12136047,2,2,6,3,6,,,,,,,,
12136081,2,2,7,3,7,,,7,,7,,,
12136160,0,0,2,5,,,,,,,,,
12136161,0,0,1,0,,,,,,,,,
12136163,0,0,6,4,,,,4,,,,,
12136164,2,2,3,6,6,,,,,,,,
12136168,2,2,6,6,6,,,,3,,,,
12136170,2,2,7,6,,,,,,,,,
12136173,2,2,3,6,6,,,,,,,,
12136174,0,0,4,3,,,,,,,,,
12136175,2,2,6,6,,,,,,,,,
12136176,,,,,,,,,,,,,
12136177,1,1,6,4,4,,,,,,,,
12136178,0,0,4,3,,,,,,,,,
12136247,0,0,5,4,,,,,,,,,
12136248,2,2,6,6,,,,,,,,,
12136249,2,2,6,6,,,,,,,,,
12136253,0,0,1,2,,,,,,,,,
12136259,0,0,5,4,,,,,,,,,
12136262,2,2,6,6,,,,,,,,,
12136268,2,2,6,6,,,,,,,,,
12136269,2,2,7,6,,,,7,,,,,
12136281,2,2,4,6,6,,,,,,,,
12136282,1,1,6,4,6,,,,,1,,,
12136283,2,2,7,6,6,,,,4,,,,
12136284,0,0,4,2,,,,,,,,,
12136303,0,0,3,1,,,,,,,,,
12136304,2,2,6,6,,,,,,,,,
12136362,0,0,1,,,,,,,,,,
12136363,2,2,6,6,,,,,,,,,
12136396,1,1,6,4,6,,,,,4,,,
12136397,1,1,4,6,3,,,,,,,,
12136410,2,2,6,6,,,,,,,,,
12136441,2,2,7,4,6,,,12,,,,,
12136449,0,0,0,3,,,,,,,,,
12136494,2,2,6,7,,,,,,,,,
12136495,1,1,6,1,0,,,,,,,,
12136509,2,2,6,6,,,,,,,,,
12136533,2,2,7,6,,,,7,,,,,
12136534,1,1,3,6,4,,,,,,,,
12136553,1,1,7,6,4,,,7,2,,,,
12136674,2,2,3,6,6,,,,,,,,
12136692,0,0,3,2,,,,,,,,,
12136745,0,0,5,1,,,,,,,,,
12136746,1,1,6,4,4,,,,,,,,
12136758,0,0,4,0,,,,,,,,,
12136772,1,1,6,3,0,,,,,,,,
12136778,0,0,3,2,,,,,,,,,
12136837,0,0,2,6,,,,,11,,,,
12136860,1,1,7,1,0,,,7,,,,,
12136869,2,2,6,6,,,,,,,,,
12136898,0,0,4,2,,,,,,,,,
12136947,0,0,1,3,,,,,,,,,
12136950,0,0,2,4,,,,,,,,,
12136959,2,2,6,6,6,,,2,,,,,
12136961,0,0,2,1,,,,,,,,,
12137032,0,0,1,5,,,,,,,,,
12137039,0,0,1,5,,,,,,,,,
12137082,2,2,6,5,7,,,,,,,,
12137107,2,2,6,7,,,,,7,,,,
12137108,2,2,6,4,6,,,,,,,,
12137128,2,2,6,3,6,,,,,,,,
12137146,2,2,7,6,,,,7,,,,,
12137174,2,2,6,0,7,,,,,7,,,
12137175,1,1,4,6,6,,,,,5,,,
12137176,2,2,6,7,,,,,8,,,,
12137290,2,2,6,6,,,,,,,,,
12137318,2,2,6,6,,,,,,,,,
12137375,2,2,6,6,,,,,,,,,
12137378,1,1,1,6,2,,,,,,,,
12137407,0,0,3,3,,,,,,,,,
12137408,2,2,6,6,6,,,6,,,,,
12137539,1,1,6,2,2,,,,,,,,
12137559,2,2,7,6,,,,,,,,,
12137563,0,0,1,3,,,,,,,,,
12137587,2,2,6,6,,,,,,,,,
12137706,0,0,2,1,,,,,,,,,
12137707,1,1,7,4,4,,,,,,,,
12137743,0,0,2,3,,,,,,,,,
12138398,2,2,6,7,,,,,,,,,
12138514,2,2,6,6,,,,,,,,,
12138547,0,0,4,4,,,,,,,,,
12139257,0,0,4,3,,,,,,,,,
12139398,2,2,4,7,6,,,,,,,,
12139447,0,0,2,1,,,,,,,,,
12139472,2,2,6,7,,,,,,,,,
12139478,1,1,6,5,1,,,,,,,,
12139480,2,2,6,7,,,,,,,,,
12139484,1,1,6,6,4,,,,4,,,,
12139485,1,1,6,0,2,,,,,,,,
12139488,0,0,3,5,,,,,,,,,
12139496,2,2,6,3,7,,,,,7,,,
12139497,0,0,4,6,,,,,5,,,,
12139498,0,0,3,1,,,,,,,,,
12139540,1,1,7,1,4,,,7,,,,,
12139549,0,0,6,1,,,,1,,,,,
12139552,0,0,2,2,,,,,,,,,
12139555,0,0,5,0,,,,,,,,,
12139619,0,0,3,1,,,,,,,,,
12139620,0,0,1,1,,,,,,,,,
12139622,0,0,0,5,,,,,,,,,
12139625,0,0,0,1,,,,,,,,,
12139626,,,,,,,,,,,,,
12139627,2,2,7,6,,,,,,,,,
12139634,2,2,6,2,6,,,,,,,,
12139671,2,2,6,6,,,,,,,,,
12139698,2,2,4,6,6,,,,,,,,
12139699,2,2,6,6,7,,,,3,7,,,
12139738,0,0,5,0,,,,,,,,,
12139747,2,2,3,7,6,,,,,,,,
12139748,1,1,1,6,3,,,,,,,,
12139759,0,0,2,3,,,,,,,,,
12139884,0,0,2,0,,,,,,,,,
12140204,0,0,6,6,,,,2,3,,,,
12140207,1,1,4,7,4,,,,7,,,,
12140221,2,2,6,4,6,,,,,,,,
12140364,2,2,7,6,,,,7,,,,,
12140446,2,2,7,3,6,,,,,,,,
12140777,2,2,4,7,6,,,,7,,,,
12141335,0,0,6,4,,,,3,,,,,
12109834,2,2,4,7,6,,,,7,,,,
12109839,2,2,6,6,,,,,,,,,
12109840,0,0,4,5,,,,,,,,,
12109841,1,1,2,6,4,,,,,,,,
12109842,0,0,3,6,,,,,4,,,,
12109847,1,1,6,2,4,,,,,,,,
12109851,2,2,6,7,,,,,7,,,,
12109858,0,0,3,2,,,,,,,,,
12109859,0,0,1,3,,,,,,,,,
12109865,0,0,2,4,,,,,,,,,
12109872,1,1,7,4,6,,,7,,3,,,
12109878,2,2,6,6,,,,,,,,,
12109894,2,2,6,6,,,,,,,,,
12109896,0,0,3,4,,,,,,,,,
12109899,2,2,6,6,,,,,,,,,
12109935,2,2,6,6,,,,,,,,,
12109936,2,2,6,7,,,,,7,,,,
12109937,2,2,6,2,7,,,,,,,,
12109938,2,2,6,6,,,,,,,,,
12109941,2,2,6,6,,,,,,,,,
12109942,2,2,6,6,,,,,,,,,
12109944,2,2,6,6,,,,,,,,,
12109945,2,2,6,6,,,,,,,,,
12109946,2,2,7,6,,,,7,,,,,
12109947,2,2,6,6,6,,,,5,,,,
12109948,2,2,7,6,,,,7,,,,,
12109951,1,1,6,3,4,,,,,,,,
12109952,1,1,7,0,1,,,7,,,,,
12109953,2,2,3,7,6,,,,,,,,
12109955,,,,,,,,,,,,,
12109956,0,0,1,5,,,,,,,,,
12109957,0,0,4,2,,,,,,,,,
12109958,0,0,3,2,,,,,,,,,
12109962,0,0,1,2,,,,,,,,,
12109963,0,0,5,2,,,,,,,,,
12109964,2,2,6,6,,,,,,,,,
12109965,0,0,3,3,,,,,,,,,
12109966,2,2,6,6,7,,,3,,11,,,
12109967,2,2,6,6,,,,,,,,,
12109969,2,2,4,6,6,,,,,,,,
12109971,0,0,2,1,,,,,,,,,
12109972,0,0,3,0,,,,,,,,,
12109978,2,2,6,6,,,,,,,,,
12109979,0,0,4,4,,,,,,,,,
12109980,,,,,,,,,,,,,
12109981,0,0,5,3,,,,,,,,,
12109982,2,2,6,5,6,,,,,,,,
12109983,2,2,7,2,6,,,,,,,,
12109984,0,0,4,3,,,,,,,,,
12109985,0,0,0,5,,,,,,,,,
12110019,,,,,,,,,,,,,
12110020,0,0,3,3,,,,,,,,,
12110021,2,2,6,6,,,,,,,,,
12110022,2,2,7,3,6,,,,,,,,
12110023,0,0,6,3,,,,5,,,,,
12110024,1,1,7,3,3,,,,,,,,
12110025,0,0,5,1,,,,,,,,,
12110026,0,0,1,5,,,,,,,,,
12110029,2,2,7,6,,,,,,,,,
12110030,2,2,6,2,6,,,,,,,,
12110032,1,1,7,2,6,,,7,,6,,,
12110034,0,0,0,,,,,,,,,,
12110036,1,1,6,5,5,,,,,,,,
12110040,0,0,3,1,,,,,,,,,
12110042,2,2,6,3,6,,,,,,,,
12110043,0,0,0,2,,,,,,,,,
12110044,1,1,7,4,0,,,,,,,,
12110046,2,2,7,6,,,,,,,,,
12110047,1,1,2,6,3,,,,,,,,
12110048,0,0,3,6,,,,,5,,,,
12110049,1,1,6,3,6,,,,,4,,,
12110050,2,2,7,5,6,,,,,,,,
12110052,0,0,1,4,,,,,,,,,
12110054,2,2,6,6,,,,,,,,,
12110055,0,0,5,3,,,,,,,,,
12110061,0,0,3,4,,,,,,,,,
12110069,2,2,6,4,7,,,,,7,,,
12110071,0,0,3,5,,,,,,,,,
12110072,2,2,6,6,,,,,,,,,
12125049,,,,,,,,,,,,,
12125051,,,,,,,,,,,,,
12125052,,,,,,,,,,,,,
12125057,,,,,,,,,,,,,
12127728,,,,,,,,,,,,,
12127730,,,,,,,,,,,,,
12127766,,,,,,,,,,,,,
12127768,,,,,,,,,,,,,
12127791,,,,,,,,,,,,,
12128053,,,,,,,,,,,,,
12128054,,,,,,,,,,,,,
12128149,1,1,7,3,5,,,7,,,,,
12128154,0,0,4,4,,,,,,,,,
12128157,1,1,6,3,5,,,,,,,,
12128159,0,0,1,4,,,,,,,,,
12128175,,,,,,,,,,,,,
12128193,0,0,4,1,,,,,,,,,
12128202,2,2,6,7,,,,,7,,,,
12128203,2,2,5,7,6,,,,8,,,,
12128205,0,0,3,2,,,,,,,,,
12128233,,,,,,,,,,,,,
12128235,,,,,,,,,,,,,
12129512,,,,,,,,,,,,,
12129962,,,,,,,,,,,,,
12130100,1,1,6,7,3,,,4,,,,,
12130295,2,2,6,1,7,,,,,,,,
12131382,0,0,6,4,,,,8,,,,,
12131383,0,0,6,5,,,,5,,,,,
12136495,1,1,6,1,0,,,,,,,,
12136534,1,1,3,6,4,,,,,,,,
12136692,0,0,3,2,,,,,,,,,
12136837,0,0,2,6,,,,,11,,,,
12136947,0,0,1,3,,,,,,,,,
12136950,0,0,2,4,,,,,,,,,
12136959,2,2,6,6,6,,,2,,,,,
12136961,0,0,2,1,,,,,,,,,
12137039,0,0,1,5,,,,,,,,,
12137082,2,2,6,5,7,,,,,,,,
12137107,2,2,6,7,,,,,7,,,,
12137108,2,2,6,4,6,,,,,,,,
12137146,2,2,7,6,,,,7,,,,,
12137175,1,1,4,6,6,,,,,5,,,
12137176,2,2,6,7,,,,,8,,,,
12137290,2,2,6,6,,,,,,,,,
12137318,2,2,6,6,,,,,,,,,
12137375,2,2,6,6,,,,,,,,,
12137378,1,1,1,6,2,,,,,,,,
12137407,0,0,3,3,,,,,,,,,
12137408,2,2,6,6,6,,,6,,,,,
12137539,1,1,6,2,2,,,,,,,,
12137559,2,2,7,6,,,,,,,,,
12137563,0,0,1,3,,,,,,,,,
12137587,2,2,6,6,,,,,,,,,
12137706,0,0,2,1,,,,,,,,,
12137707,1,1,7,4,4,,,,,,,,
12137743,0,0,2,3,,,,,,,,,
12138398,2,2,6,7,,,,,,,,,
12138514,2,2,6,6,,,,,,,,,
12138547,0,0,4,4,,,,,,,,,
12139257,0,0,4,3,,,,,,,,,
12139398,2,2,4,7,6,,,,,,,,
12139447,0,0,2,1,,,,,,,,,
12139472,2,2,6,7,,,,,,,,,
12139478,1,1,6,5,1,,,,,,,,
12139480,2,2,6,7,,,,,,,,,
12139484,1,1,6,6,4,,,,4,,,,
12139485,1,1,6,0,2,,,,,,,,
12139488,0,0,3,5,,,,,,,,,
12139496,2,2,6,3,7,,,,,7,,,
12139497,0,0,4,6,,,,,5,,,,
12139498,0,0,3,1,,,,,,,,,
12139540,1,1,7,1,4,,,7,,,,,
12139549,0,0,6,1,,,,1,,,,,
12139552,0,0,2,2,,,,,,,,,
12139555,0,0,5,0,,,,,,,,,
12139626,,,,,,,,,,,,,
12139627,2,2,7,6,,,,,,,,,
12139671,2,2,6,6,,,,,,,,,
12139698,2,2,4,6,6,,,,,,,,
12139699,2,2,6,6,7,,,,3,7,,,
12139738,0,0,5,0,,,,,,,,,
12139747,2,2,3,7,6,,,,,,,,
12139748,1,1,1,6,3,,,,,,,,
12139759,0,0,2,3,,,,,,,,,
12139884,0,0,2,0,,,,,,,,,
12139937,2,2,6,6,,,,,,,,,
12140204,0,0,6,6,,,,2,3,,,,
12140207,1,1,4,7,4,,,,7,,,,
12140208,0,0,1,3,,,,,,,,,
12140221,2,2,6,4,6,,,,,,,,
12140235,2,2,6,6,,,,,,,,,
12140363,2,2,6,6,6,,,,1,,,,
12140364,2,2,7,6,,,,7,,,,,
12140443,1,1,6,6,0,,,,4,,,,
12140446,2,2,7,3,6,,,,,,,,
12140483,1,1,4,7,3,,,,9,,,,
12140515,1,1,4,6,1,,,,,,,,
12140538,2,2,6,6,,,,,,,,,
12140563,2,2,7,6,,,,11,,,,,
12140581,1,1,6,3,,,,,,,,,
12140633,2,2,6,7,,,,,7,,,,
12140693,0,0,1,1,,,,,,,,,
12140696,1,1,7,3,4,,,,,,,,
12140777,2,2,4,7,6,,,,7,,,,
12140882,2,2,6,6,,,,,,,,,
12141158,0,0,3,4,,,,,,,,,
12141335,0,0,6,4,,,,3,,,,,
12141743,2,2,6,6,,,,,,,,,
12141787,1,1,3,6,3,,,,,,,,
12141826,0,0,1,2,,,,,,,,,
12142269,0,0,4,3,,,,,,,,,
12142285,2,2,6,6,6,,,1,,,,,
12142888,2,2,6,6,,,,,,,,,
12142890,2,2,6,6,,,,,,,,,
12142891,2,2,6,4,10,,,,,,,,
12142892,0,0,2,6,,,,,,,,,
12142893,2,2,3,7,10,,,,,,,,
12142894,0,0,3,0,,,,,,,,,
12142895,,,,,,,,,,,,,
12142896,2,2,6,6,,,,,,,,,
12142897,0,0,3,2,,,,,,,,,
12142898,0,0,3,3,,,,,,,,,
12142901,2,2,6,6,,,,,,,,,
12142902,2,2,4,6,10,,,,,,,,
12142903,0,0,0,0,,,,,,,,,
12142904,0,0,2,1,,,,,,,,,
12142905,2,2,6,7,,,,,,,,,
12142906,2,2,7,7,,,,,,,,,
12142907,1,1,7,4,5,,,,,,,,
12142908,,,,,,,,,,,,,
12142944,0,0,4,1,,,,,,,,,
12142945,2,2,6,6,,,,,,,,,
12143202,2,2,6,6,,,,,,,,,
12143205,0,0,2,5,,,,,,,,,
12143282,2,2,3,6,7,,,,,10,,,
12143285,1,1,6,2,4,,,,,,,,
12143286,2,2,6,6,,,,,,,,,
12143287,2,2,6,6,,,,,,,,,
12143288,1,1,2,6,9,,,,,,,,
12143289,1,1,3,6,7,,,,,,,,
12143290,1,1,6,4,5,,,,,,,,
12143291,1,1,3,6,5,,,,,,,,
12143292,0,0,0,0,,,,,,,,,
12143293,2,2,6,6,,,,,,,,,
12143294,0,0,0,2,,,,,,,,,
12143295,2,2,6,6,,,,,,,,,
12143296,0,0,1,0,,,,,,,,,
12143297,0,0,2,3,,,,,,,,,
12143298,2,2,6,6,,,,,,,,,
12143299,2,2,6,6,,,,,,,,,
12143300,0,0,1,5,,,,,,,,,
12143301,2,2,6,6,,,,,,,,,
12143302,2,2,6,6,,,,,,,,,
12143303,2,2,6,6,,,,,,,,,
12143304,0,0,4,3,,,,,,,,,
12143305,,,,,,,,,,,,,
12143306,0,0,1,2,,,,,,,,,
12143307,0,0,4,1,,,,,,,,,
12143308,0,0,4,2,,,,,,,,,
12143309,0,0,0,5,,,,,,,,,
12143310,2,2,6,6,,,,,,,,,
12143311,0,0,0,1,,,,,,,,,
12143312,2,2,6,6,,,,,,,,,
12143313,2,2,6,6,,,,,,,,,
12143314,,,,,,,,,,,,,
12143315,2,2,7,3,10,,,,,,,,
12143316,0,0,0,1,,,,,,,,,
12143333,1,1,4,6,4,,,,,,,,
12143336,1,1,6,3,,,,,,,,,
12143337,2,2,6,4,6,,,,,,,,
12143405,2,2,6,7,,,,,7,,,,
12143406,0,0,3,2,,,,,,,,,
12143436,2,2,6,6,,,,,,,,,
12143553,2,2,6,5,10,,,,,,,,
12143554,0,0,3,1,,,,,,,,,
12143555,1,1,6,3,7,,,,,,,,
12143556,2,2,6,6,,,,,,,,,
12143557,2,2,6,3,10,,,,,,,,
12143558,0,0,2,5,,,,,,,,,
12143559,2,2,2,7,10,,,,,,,,
12143560,0,0,0,1,,,,,,,,,
12143561,2,2,6,2,10,,,,,,,,
12143562,2,2,6,6,,,,,,,,,
12143563,2,2,6,6,,,,,,,,,
12143564,2,2,6,6,,,,,,,,,
12143565,2,2,6,6,,,,,,,,,
12143566,0,0,3,2,,,,,,,,,
12143567,2,2,6,6,,,,,,,,,
12143568,2,2,3,6,10,,,,,,,,
12143576,2,2,6,6,,,,,,,,,
12143578,2,2,6,6,,,,,,,,,
12143579,2,2,6,6,,,,,,,,,
12143580,0,0,6,1,,,,,,,,,
12143581,0,0,0,3,,,,,,,,,
12143582,0,0,1,4,,,,,,,,,
12143583,2,2,6,6,,,,,,,,,
12143584,0,0,4,1,,,,,,,,,
12143585,2,2,6,6,,,,,,,,,
12143586,2,2,7,6,,,,,,,,,
12143587,0,0,4,1,,,,,,,,,
12143588,2,2,6,6,,,,,,,,,
12143589,0,0,0,0,,,,,,,,,
12143590,,,,,,,,,,,,,
12143591,2,2,6,6,,,,,,,,,
12143592,2,2,6,7,,,,,,,,,
12143593,2,2,6,6,,,,,,,,,
12143709,2,2,6,6,,,,,,,,,
12143776,0,0,3,2,,,,,,,,,
12144031,2,2,6,4,10,,,,,,,,
12144032,2,2,6,6,,,,,,,,,
12144033,2,2,7,6,,,,,,,,,
12144034,0,0,1,2,,,,,,,,,
12144035,0,0,0,0,,,,,,,,,
12144036,2,2,6,4,12,,,,,,,,
12144037,,,,,,,,,,,,,
12144038,0,0,3,4,,,,,,,,,
12144039,2,2,6,6,,,,,,,,,
12144040,,,,,,,,,,,,,
12144041,0,0,0,1,,,,,,,,,
12144042,2,2,6,6,,,,,,,,,
12144043,2,2,7,6,,,,,,,,,
12144044,0,0,3,3,,,,,,,,,
12144045,2,2,6,6,,,,,,,,,
12144046,0,0,4,1,,,,,,,,,
12144047,0,0,4,6,,,,,,,,,
12144048,0,0,2,2,,,,,,,,,
12144049,2,2,6,6,,,,,,,,,
12144050,0,0,1,4,,,,,,,,,
12144051,,,,,,,,,,,,,
12144052,0,0,1,4,,,,,,,,,
12144053,2,2,6,7,,,,,,,,,
12144054,2,2,1,6,10,,,,,,,,
12144055,2,2,6,6,,,,,,,,,
12144056,0,0,6,4,,,,,,,,,
12144057,2,2,6,6,,,,,,,,,
12144058,2,2,6,6,,,,,,,,,
12144059,2,2,7,6,,,,,,,,,
12144060,2,2,6,6,,,,,,,,,
12144061,2,2,7,7,,,,,,,,,
12144062,0,0,4,3,,,,,,,,,
12144063,0,0,0,1,,,,,,,,,
12144064,,,,,,,,,,,,,
12144065,,,,,,,,,,,,,
12144066,0,0,2,2,,,,,,,,,
12144067,,,,,,,,,,,,,
12144068,2,2,6,7,10,,,,,,,,
12144069,2,2,6,6,,,,,,,,,
12144070,2,2,6,1,10,,,,,,,,
12144071,0,0,2,3,,,,,,,,,
12144072,0,0,3,1,,,,,,,,,
12144073,0,0,3,4,,,,,,,,,
12144074,2,2,6,6,,,,,,,,,
12144075,2,2,6,7,,,,,,,,,
12144077,1,1,7,5,5,,,,,,,,
12144078,,,,,,,,,,,,,
12144079,2,2,6,7,,,,,,,,,
12144080,2,2,6,6,,,,,,,,,
12144081,0,0,4,1,,,,,,,,,
12144082,2,2,6,6,,,,,,,,,
12144083,0,0,4,3,,,,,,,,,
12144084,0,0,2,1,,,,,,,,,
12144085,2,2,6,6,,,,,,,,,
12144086,0,0,1,1,,,,,,,,,
12144087,0,0,0,0,,,,,,,,,
12144088,0,0,4,0,,,,,,,,,
12144089,2,2,6,6,,,,,,,,,
12144090,2,2,6,6,,,,,,,,,
12144091,1,1,6,7,8,,,,,,,,
12144092,,,,,,,,,,,,,
12144093,0,0,5,2,,,,,,,,,
12144094,2,2,6,6,,,,,,,,,
12144095,0,0,6,0,,,,5,,,,,
12144096,1,1,6,6,4,,,,,,,,
12144097,1,1,4,6,5,,,,,,,,
12144098,0,0,1,0,,,,,,,,,
12144099,1,1,6,6,5,,,,,,,,
12144100,2,2,6,7,,,,,,,,,
12144101,0,0,0,5,,,,,,,,,
12144102,2,2,6,6,,,,,,,,,
12144103,0,0,2,4,,,,,,,,,
12144104,2,2,6,6,,,,,,,,,
12144105,1,1,6,6,12,,,,,,,,
12144106,0,0,0,1,,,,,,,,,
12144107,0,0,1,0,,,,,,,,,
12144108,,,,,,,,,,,,,
12144109,2,2,6,6,,,,,,,,,
12144110,0,0,5,1,,,,,,,,,
12144111,0,0,4,4,,,,,,,,,
12144112,1,1,7,6,8,,,,,,,,
12144113,0,0,6,1,,,,,,,,,
12144114,2,2,3,7,6,,,,7,,,,
12144115,2,2,6,6,,,,,,,,,
12144116,,,,,,,,,,,,,
12144117,1,1,2,7,4,,,,,,,,
12144122,,,,,,,,,,,,,
12144123,0,0,2,2,,,,,,,,,
12144124,0,0,0,1,,,,,,,,,
12144125,0,0,4,0,,,,,,,,,
12144126,2,2,6,6,,,,,,,,,
12144127,2,2,6,6,,,,,,,,,
12144128,,,,,,,,,,,,,
12144129,,,,,,,,,,,,,
12144130,0,0,3,3,,,,,,,,,
12144135,0,0,2,1,,,,,,,,,
12144136,,,,,,,,,,,,,
12144137,2,2,6,6,,,,,,,,,
12144138,0,0,0,1,,,,,,,,,
12144139,2,2,6,6,,,,,,,,,
12144140,2,2,6,6,,,,,,,,,
12144141,2,2,6,6,,,,,,,,,
12144142,2,2,6,6,,,,,,,,,
12144143,0,0,3,0,,,,,,,,,
12144144,2,2,6,6,,,,,,,,,
12144145,2,2,6,6,,,,,,,,,
12144147,0,0,0,0,,,,,,,,,
12144148,2,2,6,6,,,,,,,,,
12144149,0,0,1,0,,,,,,,,,
12144150,1,1,1,6,4,,,,,,,,
12144176,0,0,1,2,,,,,,,,,
12144177,0,0,0,0,,,,,,,,,
12144178,0,0,4,5,,,,,,,,,
12144180,2,2,6,6,,,,,,,,,
12144181,1,1,1,7,5,,,,,,,,
12144182,0,0,1,0,,,,,,,,,
12144183,1,1,4,6,6,,,,,,,,
12144184,0,0,2,0,,,,,,,,,
12144185,0,0,2,4,,,,,,,,,
12144186,2,2,6,6,,,,,,,,,
12144187,2,2,7,6,,,,,,,,,
12144188,2,2,6,6,,,,,,,,,
12144190,2,2,7,6,,,,,,,,,
12144191,0,0,0,0,,,,,,,,,
12144203,2,2,7,6,,,,7,,,,,
12144207,2,2,7,6,10,,,7,10,,,,
12144209,2,2,6,6,,,,,,,,,
12144210,2,2,6,6,,,,,,,,,
12144211,2,2,6,6,,,,,,,,,
12144212,2,2,7,4,11,,,7,,,,,
12144215,2,2,6,3,10,,,,,,,,
12144216,0,0,4,5,,,,,,,,,
12144218,2,2,6,6,,,,,,,,,
12144219,0,0,3,3,,,,,,,,,
12144220,2,2,7,3,10,,,,,,,,
12144225,1,1,6,4,3,,,,,,,,
12144227,2,2,6,1,10,,,,,,,,
12144228,0,0,2,0,,,,,,,,,
12144232,0,0,6,2,,,,,,,,,
12144233,2,2,2,6,11,,,,,,,,
12144236,0,0,5,2,,,,,,,,,
12144237,2,2,6,6,,,,,,,,,
12144239,,,,,,,,,,,,,
12144240,1,1,7,4,6,,,,,,,,
12144242,2,2,7,3,10,,,,,,,,
12144243,2,2,6,6,,,,,,,,,
12144244,2,2,2,6,10,,,,,,,,
12144245,0,0,2,0,,,,,,,,,
12144246,0,0,2,5,,,,,,,,,
12144247,2,2,6,6,,,,,,,,,
12144257,0,0,6,0,,,,,,,,,
12144258,2,2,6,7,,,,,,,,,
12144259,0,0,6,4,,,,,,,,,
12144260,0,0,3,2,,,,,,,,,
12144261,2,2,6,6,,,,,,,,,
12144262,2,2,6,6,,,,,,,,,
12144263,0,0,6,3,,,,,,,,,
12144264,2,2,6,7,,,,,,,,,
12144265,2,2,6,6,,,,,,,,,
12144266,2,2,6,6,,,,,,,,,
12144267,0,0,1,3,,,,,,,,,
12144268,0,0,3,0,,,,,,,,,
12144269,2,2,6,6,,,,,,,,,
12144270,2,2,6,6,,,,,,,,,
12144271,1,1,6,3,7,,,,,,,,
12144272,2,2,7,6,,,,,,,,,
12144273,2,2,6,6,,,,,,,,,
12144274,2,2,1,7,10,,,,,,,,
12144275,0,0,3,3,,,,,,,,,
12144276,0,0,2,2,,,,,,,,,
12144277,,,,,,,,,,,,,
12144278,0,0,0,0,,,,,,,,,
12144279,2,2,6,4,14,,,,,,,,
12144280,2,2,7,7,,,,,,,,,
12144281,0,0,2,3,,,,,,,,,
12144282,1,1,6,4,4,,,,,,,,
12144283,0,0,0,1,,,,,,,,,
12144284,2,2,6,6,,,,,,,,,
12144285,0,0,3,6,,,,,,,,,
12144286,2,2,6,6,,,,,,,,,
12144287,0,0,0,0,,,,,,,,,
12144288,2,2,6,6,,,,,,,,,
12144289,0,0,2,2,,,,,,,,,
12144290,0,0,0,2,,,,,,,,,
12144291,0,0,3,2,,,,,,,,,
12144292,2,2,6,6,,,,,,,,,
12144293,2,2,6,6,,,,,,,,,
12144294,0,0,0,1,,,,,,,,,
12144295,2,2,6,6,,,,,,,,,
12144296,,,,,,,,,,,,,
12144297,2,2,6,6,,,,,,,,,
12144298,2,2,6,6,,,,,,,,,
12144299,2,2,6,6,,,,,,,,,
12144300,0,0,1,0,,,,,,,,,
12144301,,,,,,,,,,,,,
12144302,2,2,6,3,10,,,,,,,,
12144303,2,2,6,6,,,,,,,,,
12144304,2,2,6,6,,,,,,,,,
12144305,0,0,6,0,,,,,,,,,
12144306,2,2,6,6,,,,,,,,,
12144307,0,0,2,2,,,,,,,,,
12144309,2,2,6,6,,,,,,,,,
12144310,0,0,4,2,,,,,,,,,
12144311,2,2,6,6,,,,,,,,,
12144315,2,2,6,6,,,,,,,,,
12144316,2,2,7,6,,,,7,,,,,
12144317,0,0,4,6,,,,,4,,,,
12144318,1,1,6,2,4,,,,,,,,
12144319,2,2,6,6,,,,,,,,,
12144324,0,0,5,2,,,,,,,,,
12144325,2,2,6,4,6,,,,,,,,
12144329,2,2,7,6,,,,9,,,,,
12144335,2,2,7,3,6,,,,,,,,
12144336,2,2,6,7,,,,,,,,,
12144357,0,0,4,3,,,,,,,,,
12144358,2,2,6,6,,,,,,,,,
12144359,1,1,5,6,4,,,,,,,,
12144360,2,2,6,6,,,,,,,,,
12144361,2,2,6,7,,,,,,,,,
12144362,2,2,6,6,,,,,,,,,
12144363,0,0,0,1,,,,,,,,,
12144364,2,2,7,3,10,,,,,,,,
12144365,0,0,1,3,,,,,,,,,
12144366,0,0,0,0,,,,,,,,,
12144367,2,2,6,6,,,,,,,,,
12144368,1,1,3,6,7,,,,,,,,
12144369,2,2,6,6,,,,,,,,,
12144370,2,2,6,6,,,,,,,,,
12144371,2,2,7,6,,,,,,,,,
12144372,2,2,6,6,,,,,,,,,
12144373,1,1,6,2,9,,,,,,,,
12144374,2,2,6,6,,,,,,,,,
12144375,2,2,6,6,,,,,,,,,
12144376,0,0,0,1,,,,,,,,,
12144377,1,1,6,6,4,,,,,,,,
12144378,2,2,6,6,,,,,,,,,
12144380,0,0,1,2,,,,,,,,,
12144381,2,2,6,6,,,,,,,,,
12144382,0,0,1,5,,,,,,,,,
12144403,,,,,,,,,,,,,
12144405,,,,,,,,,,,,,
12144410,,,,,,,,,,,,,
12144429,,,,,,,,,,,,,
12144435,0,0,3,0,,,,,,,,,
12144436,0,0,1,2,,,,,,,,,
12144437,2,2,7,6,,,,,,,,,
12144438,2,2,6,6,,,,,,,,,
12144439,0,0,3,2,,,,,,,,,
12144440,1,1,1,6,7,,,,,,,,
12144441,2,2,6,6,,,,,,,,,
12144442,0,0,2,1,,,,,,,,,
12144443,0,0,3,3,,,,,,,,,
12144444,2,2,7,7,,,,,,,,,
12144445,2,2,7,6,,,,,,,,,
12144446,0,0,0,1,,,,,,,,,
12144447,1,1,4,7,2,,,,,,,,
12144448,2,2,6,7,,,,,,,,,
12144449,2,2,6,6,,,,,,,,,
12144450,2,2,6,6,,,,,,,,,
12144451,,,,,,,,,,,,,
12144452,2,2,6,6,,,,,,,,,
12144453,0,0,0,2,,,,,,,,,
12144454,0,0,3,6,,,,,,,,,
12144455,0,0,4,3,,,,,,,,,
12144456,2,2,4,6,10,,,,,,,,
12144457,0,0,0,0,,,,,,,,,
12144458,0,0,3,4,,,,,,,,,
12144459,2,2,6,6,,,,,,,,,
12144460,1,1,2,6,7,,,,,,,,
12144461,0,0,4,4,,,,,,,,,
12144462,2,2,6,6,,,,,,,,,
12144463,0,0,2,0,,,,,,,,,
12144466,0,0,5,2,,,,,,,,,
12144467,2,2,6,1,10,,,,,,,,
12144468,0,0,0,0,,,,,,,,,
12144469,2,2,6,6,11,,,,,,,,
12144470,1,1,6,6,4,,,,,,,,
12144471,0,0,1,4,,,,,,,,,
12144472,2,2,6,6,,,,,,,,,
12144473,1,1,7,5,9,,,,,,,,
12144475,,,,,,,,,,,,,
12144479,1,1,6,3,9,,,,,,,,
12144480,2,2,2,7,10,,,,,,,,
12144481,2,2,3,7,10,,,,,,,,
12144482,2,2,6,6,,,,,,,,,
12144483,2,2,6,6,,,,,,,,,
12144484,2,2,6,7,,,,,,,,,
12144485,2,2,6,6,,,,,,,,,
12144486,0,0,5,3,,,,,,,,,
12144487,2,2,6,6,,,,,,,,,
12144488,2,2,6,6,,,,,,,,,
12144489,2,2,6,6,,,,,,,,,
12144490,0,0,3,0,,,,,,,,,
12144491,2,2,6,6,,,,,,,,,
12144492,2,2,6,6,,,,,,,,,
12144493,0,0,5,5,,,,,,,,,
12144494,0,0,4,1,,,,,,,,,
12144495,2,2,6,4,7,,,,,,,,
12144520,,,,,,,,,,,,,
12144535,1,1,6,7,3,,,4,,,,,
12144536,2,2,7,6,,,,,,,,,
12144537,0,0,4,1,,,,,,,,,
12144538,2,2,6,7,6,,,1,,,,,
12144547,2,2,7,6,,,,,,,,,
12144548,,,,,,,,,,,,,
12144657,,,,,,,,,,,,,
12144674,0,0,2,2,,,,,,,,,
12144830,2,2,6,6,,,,,,,,,
12144831,1,1,6,6,5,,,,,,,,
12144832,2,2,6,6,,,,,,,,,
12144833,1,1,6,4,7,,,,,,,,
12144835,2,2,6,6,,,,,,,,,
12144836,2,2,6,6,,,,,,,,,
12144838,0,0,2,3,,,,,,,,,
12144839,2,2,4,7,10,,,,,,,,
12144840,2,2,6,6,,,,,,,,,
12144841,2,2,4,6,10,,,,,,,,
12144842,2,2,6,6,,,,,,,,,
12144844,,,,,,,,,,,,,
12144848,2,2,6,6,,,,,,,,,
12144849,2,2,3,6,10,,,,,,,,
12144850,1,1,6,5,9,,,,,,,,
12144851,2,2,6,6,,,,,,,,,
12144852,2,2,6,6,,,,,,,,,
12144853,,,,,,,,,,,,,
12144854,0,0,2,1,,,,,,,,,
12144855,2,2,6,7,,,,,,,,,
12144856,2,2,6,6,,,,,,,,,
12144857,,,,,,,,,,,,,
12144858,2,2,7,4,10,,,,,,,,
12144859,2,2,2,6,10,,,,,,,,
12144860,0,0,5,2,,,,,,,,,
12144861,2,2,6,6,,,,,,,,,
12144862,2,2,6,4,10,,,,,,,,
12144863,2,2,5,6,10,,,,,,,,
12144989,2,2,6,6,,,,,,,,,
12144996,2,2,6,6,,,,,,,,,
12145002,0,0,2,2,,,,,,,,,
12145006,,,,,,,,,,,,,
12145014,2,2,6,1,12,,,,,,,,
12145016,0,0,2,1,,,,,,,,,
12145018,2,2,6,6,,,,,,,,,
12145024,2,2,6,6,,,,,,,,,
12145292,0,0,1,0,,,,,,,,,
12145293,0,0,6,0,,,,2,,,,,
12145297,2,2,6,6,6,,,4,,,,,
12145322,2,2,6,6,,,,,,,,,
12145533,2,2,6,6,,,,,,,,,
12145567,2,2,6,6,,,,,,,,,
12146045,0,0,4,5,,,,,,,,,
12146165,0,0,5,6,,,,,,,,,
12147195,1,1,6,3,10,,,,,,,,
12109834,2,2,5,7,7,,,,8,,,,
12109838,2,2,7,7,,,,,,,,,
12109839,2,3,6,7,,,,,,,,,
12109840,0,0,5,5,,,,,,,,,
12109841,1,1,2,6,5,,,,,,,,
12109842,1,0,3,7,,,,,4,,,,
12109847,1,1,7,2,5,,,,,,,,
12109859,0,0,1,4,,,,,,,,,
12109865,0,1,3,5,,,,,,,,,
12109872,1,2,8,4,7,,,7,,4,,,
12109899,2,2,7,7,,,,,,,,,
12109936,3,3,6,7,,,,,8,,,,
12109937,3,3,6,2,7,,,,,,,,
12109938,3,2,6,7,,,,,,,,,
12109940,2,2,7,3,7,,,7,,8,,,
12109941,2,3,6,7,,,,,,,,,
12109944,3,2,7,6,,,,,,,,,
12109945,2,2,6,6,,,,,,,,,
12109947,2,2,6,7,7,,,,6,,,,
12109948,3,2,7,6,,,,8,,,,,
12109949,1,1,3,4,,,,,,,,,
12109950,1,1,5,5,,,,,,,,,
12109955,,,,,,,,,,,,,
12109957,1,1,4,2,,,,,,,,,
12109960,0,0,3,4,,,,,,,,,
12109963,1,1,6,2,,,,,,,,,
12109968,0,1,6,0,,,,,,,,,
12109970,1,1,3,4,,,,,,,,,
12109973,2,3,7,7,,,,9,,,,,
12109975,0,0,2,2,,,,,,,,,
12109978,3,2,6,6,,,,,,,,,
12109979,1,1,4,5,,,,,,,,,
12109980,,,,,,,,,,,,,
12109981,0,1,6,4,,,,,,,,,
12109982,2,2,6,6,7,,,,,,,,
12109983,3,2,8,2,7,,,,,,,,
12109984,0,1,5,4,,,,,,,,,
12109985,0,0,0,6,,,,,,,,,
12110027,3,2,7,8,,,,,,,,,
12110028,1,0,5,2,,,,,,,,,
12110030,2,3,6,2,7,,,,,,,,
12110031,2,3,6,7,,,,,,,,,
12110032,1,1,8,3,7,,,8,,7,,,
12110034,1,0,0,,,,,,,,,,
12110036,2,2,6,6,6,,,,,,,,
12110042,3,2,6,3,7,,,,,,,,
12110044,1,2,8,4,0,,,,,,,,
12110047,1,1,2,7,4,,,,,,,,
12110048,0,1,3,6,,,,,6,,,,
12110049,2,2,6,3,6,,,,,4,,,
12110050,3,2,7,5,6,,,,,,,,
12110052,0,1,1,5,,,,,,,,,
12110055,1,0,5,3,,,,,,,,,
12110061,0,1,4,4,,,,,,,,,
12110067,2,2,6,5,4,,,,,,,,
12110068,1,1,3,7,4,,,,,,,,
12110070,3,2,7,5,6,,,,,,,,
12110073,0,0,2,1,,,,,,,,,
12125049,,,,,,,,,,,,,
12125051,,,,,,,,,,,,,
12125052,,,,,,,,,,,,,
12125057,,,,,,,,,,,,,
12128175,,,,,,,,,,,,,
12139759,0,1,2,3,,,,,,,,,
12139937,3,3,7,7,,,,,,,,,
12140208,1,0,1,4,,,,,,,,,
12140221,3,2,6,5,7,,,,,,,,
12140235,2,2,6,6,,,,,,,,,
12140363,3,2,7,6,7,,,,2,,,,
12140443,1,1,7,7,1,,,,4,,,,
12140446,3,3,8,4,7,,,,,,,,
12140483,1,2,5,8,4,,,,10,,,,
12140515,2,1,5,6,1,,,,,,,,
12140538,2,3,7,7,,,,,,,,,
12140563,3,2,7,6,,,,11,,,,,
12140581,1,1,7,4,,,,,,,,,
12140633,2,2,7,8,,,,,8,,,,
12140693,0,1,2,1,,,,,,,,,
12140696,1,1,7,4,5,,,,,,,,
12140777,3,2,5,8,7,,,,7,,,,
12140882,2,3,7,6,,,,,,,,,
12141158,0,1,3,5,,,,,,,,,
12141743,3,3,7,6,,,,,,,,,
12141787,1,2,4,7,4,,,,,,,,
12141826,0,0,2,3,,,,,,,,,
12142269,1,1,5,4,,,,,,,,,
12142285,3,2,6,6,7,,,2,,,,,
12142888,2,2,7,6,,,,,,,,,
12142890,3,3,7,7,,,,,,,,,
12142891,3,2,6,5,10,,,,,,,,
12142892,0,1,3,7,,,,,,,,,
12142893,3,3,3,8,10,,,,,,,,
12142894,0,0,4,1,,,,,,,,,
12142895,,,,,,,,,,,,,
12142896,3,3,6,6,,,,,,,,,
12142897,1,1,4,2,,,,,,,,,
12142898,0,0,4,4,,,,,,,,,
12142901,3,2,7,6,,,,,,,,,
12142902,3,3,4,7,10,,,,,,,,
12142903,0,0,0,0,,,,,,,,,
12142904,1,0,3,1,,,,,,,,,
12142905,2,3,6,8,,,,,,,,,
12142906,2,3,7,8,,,,,,,,,
12142907,1,2,8,5,6,,,,,,,,
12142908,,,,,,,,,,,,,
12142944,1,1,4,1,,,,,,,,,
12142945,3,3,6,6,,,,,,,,,
12143202,3,2,6,6,,,,,,,,,
12143205,0,1,3,6,,,,,,,,,
12143282,2,2,3,7,7,,,,,10,,,
12143285,1,2,7,2,5,,,,,,,,
12143286,3,2,6,6,,,,,,,,,
12143287,3,2,7,6,,,,,,,,,
12143288,2,2,2,6,9,,,,,,,,
12143289,1,2,3,6,7,,,,,,,,
12143290,2,1,6,5,5,,,,,,,,
12143291,1,2,4,6,5,,,,,,,,
12143292,0,0,1,1,,,,,,,,,
12143293,3,2,6,7,,,,,,,,,
12143294,1,1,1,2,,,,,,,,,
12143295,2,3,7,6,,,,,,,,,
12143296,0,1,2,1,,,,,,,,,
12143297,1,0,3,4,,,,,,,,,
12143298,3,3,6,6,,,,,,,,,
12143299,3,2,6,6,,,,,,,,,
12143300,0,0,1,6,,,,,,,,,
12143301,3,3,7,6,,,,,,,,,
12143302,3,3,7,6,,,,,,,,,
12143303,3,3,6,7,,,,,,,,,
12143304,1,0,4,4,,,,,,,,,
12143305,,,,,,,,,,,,,
12143306,0,0,2,3,,,,,,,,,
12143307,0,0,5,2,,,,,,,,,
12143308,1,0,5,2,,,,,,,,,
12143309,1,1,0,6,,,,,,,,,
12143310,2,2,6,7,,,,,,,,,
12143311,0,0,1,2,,,,,,,,,
12143312,2,2,7,6,,,,,,,,,
12143313,3,2,7,6,,,,,,,,,
12143314,,,,,,,,,,,,,
12143315,3,3,7,4,11,,,,,,,,
12143316,1,0,1,1,,,,,,,,,
12143333,1,2,5,6,5,,,,,,,,
12143336,2,1,7,3,,,,,,,,,
12143337,3,3,6,4,6,,,,,,,,
12143405,2,2,7,8,,,,,7,,,,
12143406,1,1,4,3,,,,,,,,,
12143436,2,2,6,7,,,,,,,,,
12143553,3,3,7,5,11,,,,,,,,
12143554,1,1,3,1,,,,,,,,,
12143555,2,1,6,4,7,,,,,,,,
12143556,2,2,6,6,,,,,,,,,
12143557,2,2,6,3,10,,,,,,,,
12143558,0,0,2,5,,,,,,,,,
12143559,2,2,3,8,10,,,,,,,,
12143560,0,1,1,2,,,,,,,,,
12143561,3,2,6,3,10,,,,,,,,
12143562,2,3,6,7,,,,,,,,,
12143563,3,2,7,6,,,,,,,,,
12143564,2,3,7,6,,,,,,,,,
12143565,2,2,6,6,,,,,,,,,
12143566,1,1,4,2,,,,,,,,,
12143567,3,2,6,7,,,,,,,,,
12143568,2,3,3,7,10,,,,,,,,
12143576,3,2,6,6,,,,,,,,,
12143578,3,3,6,7,,,,,,,,,
12143579,2,2,6,7,,,,,,,,,
12143580,1,1,7,2,,,,,,,,,
12143581,1,0,0,4,,,,,,,,,
12143582,1,0,1,5,,,,,,,,,
12143583,2,2,7,6,,,,,,,,,
12143584,1,1,5,1,,,,,,,,,
12143585,2,3,7,6,,,,,,,,,
12143586,2,3,7,6,,,,,,,,,
12143587,0,0,5,2,,,,,,,,,
12143588,2,3,6,6,,,,,,,,,
12143589,0,0,1,1,,,,,,,,,
12143590,,,,,,,,,,,,,
12143591,3,2,7,7,,,,,,,,,
12143592,3,3,7,7,,,,,,,,,
12143593,2,3,6,7,,,,,,,,,
12143709,2,2,7,7,,,,,,,,,
12143776,0,0,4,3,,,,,,,,,
12143912,2,2,7,7,,,,,,,,,
12143962,2,2,6,7,,,,,,,,,
12144031,2,3,6,5,11,,,,,,,,
12144032,3,3,6,6,,,,,,,,,
12144033,2,3,7,6,,,,,,,,,
12144034,1,0,2,2,,,,,,,,,
12144035,1,0,1,0,,,,,,,,,
12144036,3,2,7,4,12,,,,,,,,
12144037,,,,,,,,,,,,,
12144038,1,1,4,5,,,,,,,,,
12144039,2,2,7,6,,,,,,,,,
12144040,,,,,,,,,,,,,
12144041,0,1,0,1,,,,,,,,,
12144042,2,3,6,7,,,,,,,,,
12144043,2,2,8,7,,,,,,,,,
12144044,0,0,3,4,,,,,,,,,
12144045,2,3,6,6,,,,,,,,,
12144046,0,1,4,2,,,,,,,,,
12144047,1,0,4,6,,,,,,,,,
12144048,0,0,3,2,,,,,,,,,
12144049,2,3,7,7,,,,,,,,,
12144050,1,1,2,4,,,,,,,,,
12144051,,,,,,,,,,,,,
12144052,1,0,2,4,,,,,,,,,
12144053,2,2,6,7,,,,,,,,,
12144054,3,3,1,6,10,,,,,,,,
12144055,2,3,7,6,,,,,,,,,
12144056,0,1,7,5,,,,,,,,,
12144057,2,2,6,7,,,,,,,,,
12144058,3,2,7,7,,,,,,,,,
12144059,2,3,8,6,,,,,,,,,
12144060,3,2,7,6,,,,,,,,,
12144061,2,3,7,7,,,,,,,,,
12144062,0,1,4,3,,,,,,,,,
12144063,0,1,1,1,,,,,,,,,
12144064,,,,,,,,,,,,,
12144065,,,,,,,,,,,,,
12144066,1,1,2,2,,,,,,,,,
12144067,,,,,,,,,,,,,
12144068,2,2,6,7,10,,,,,,,,
12144069,2,2,6,6,,,,,,,,,
12144070,2,2,7,2,10,,,,,,,,
12144071,1,0,2,3,,,,,,,,,
12144072,0,1,3,2,,,,,,,,,
12144073,0,0,4,5,,,,,,,,,
12144074,2,2,6,7,,,,,,,,,
12144075,3,3,7,8,,,,,,,,,
12144076,3,3,7,7,,,,,,,,,
12144077,2,2,7,6,6,,,,,,,,
12144078,,,,,,,,,,,,,
12144079,2,2,7,8,,,,,,,,,
12144080,2,3,6,7,,,,,,,,,
12144081,1,1,4,2,,,,,,,,,
12144082,3,3,6,6,,,,,,,,,
12144083,1,1,4,4,,,,,,,,,
12144084,1,0,3,2,,,,,,,,,
12144085,3,2,6,6,,,,,,,,,
12144086,0,0,2,2,,,,,,,,,
12144087,0,0,0,0,,,,,,,,,
12144088,0,0,4,1,,,,,,,,,
12144089,2,2,7,6,,,,,,,,,
12144090,3,2,7,6,,,,,,,,,
12144091,2,1,6,7,8,,,,,,,,
12144092,,,,,,,,,,,,,
12144093,1,1,5,2,,,,,,,,,
12144094,3,2,6,7,,,,,,,,,
12144095,1,1,7,0,,,,5,,,,,
12144096,2,1,7,6,5,,,,,,,,
12144097,1,1,4,6,6,,,,,,,,
12144098,1,1,2,1,,,,,,,,,
12144099,1,2,6,7,6,,,,,,,,
12144100,2,2,6,7,,,,,,,,,
12144101,1,1,0,5,,,,,,,,,
12144102,3,3,7,7,,,,,,,,,
12144103,1,1,3,5,,,,,,,,,
12144104,3,2,6,6,,,,,,,,,
12144105,2,1,7,7,12,,,,,,,,
12144106,1,1,1,1,,,,,,,,,
12144107,1,1,2,1,,,,,,,,,
12144108,,,,,,,,,,,,,
12144109,3,2,7,6,,,,,,,,,
12144110,1,1,5,2,,,,,,,,,
12144111,0,0,5,5,,,,,,,,,
12144112,2,1,8,6,8,,,,,,,,
12144113,1,1,7,2,,,,,,,,,
12144114,2,3,3,7,6,,,,8,,,,
12144115,2,3,7,7,,,,,,,,,
12144116,,,,,,,,,,,,,
12144117,1,2,3,7,5,,,,,,,,
12144122,,,,,,,,,,,,,
12144123,0,0,2,3,,,,,,,,,
12144124,0,1,0,1,,,,,,,,,
12144125,0,0,5,1,,,,,,,,,
12144126,2,3,6,6,,,,,,,,,
12144127,2,3,7,6,,,,,,,,,
12144128,,,,,,,,,,,,,
12144129,,,,,,,,,,,,,
12144130,1,1,3,4,,,,,,,,,
12144135,0,1,2,2,,,,,,,,,
12144136,,,,,,,,,,,,,
12144137,3,3,7,6,,,,,,,,,
12144138,1,0,0,2,,,,,,,,,
12144139,2,3,7,7,,,,,,,,,
12144140,3,2,7,6,,,,,,,,,
12144141,3,3,7,6,,,,,,,,,
12144142,2,3,7,7,,,,,,,,,
12144143,0,0,3,1,,,,,,,,,
12144144,3,2,7,7,,,,,,,,,
12144145,3,3,7,6,,,,,,,,,
12144146,1,0,0,0,,,,,,,,,
12144147,1,1,0,0,,,,,,,,,
12144148,3,3,7,7,,,,,,,,,
12144149,1,0,1,1,,,,,,,,,
12144150,1,2,1,6,5,,,,,,,,
12144176,1,0,2,2,,,,,,,,,
12144177,1,0,1,1,,,,,,,,,
12144178,1,0,5,6,,,,,,,,,
12144179,0,0,4,4,,,,,,,,,
12144180,3,3,6,6,,,,,,,,,
12144181,2,2,1,7,5,,,,,,,,
12144182,0,1,2,0,,,,,,,,,
12144183,1,2,4,6,6,,,,,,,,
12144184,0,1,3,0,,,,,,,,,
12144185,1,0,2,4,,,,,,,,,
12144186,3,3,7,6,,,,,,,,,
12144187,3,2,8,6,,,,,,,,,
12144188,2,3,7,7,,,,,,,,,
12144189,1,1,3,2,,,,,,,,,
12144190,3,3,8,6,,,,,,,,,
12144191,1,0,1,0,,,,,,,,,
12144201,3,2,6,7,,,,,,,,,
12144202,0,1,2,4,,,,,,,,,
12144203,2,2,7,7,,,,7,,,,,
12144204,2,3,7,7,,,,7,,,,,
12144205,2,2,6,7,11,,,,5,,,,
12144206,3,2,6,7,,,,,,,,,
12144207,3,3,8,6,10,,,7,11,,,,
12144208,2,2,8,6,,,,,,,,,
12144209,3,2,7,7,,,,,,,,,
12144210,3,3,6,6,,,,,,,,,
12144211,3,3,7,7,,,,,,,,,
12144212,3,3,8,4,11,,,8,,,,,
12144213,2,3,4,7,10,,,,,,,,
12144214,2,2,7,2,7,,,,,,,,
12144215,3,2,7,4,10,,,,,,,,
12144216,0,0,5,5,,,,,,,,,
12144217,2,2,7,6,,,,,,,,,
12144218,3,3,7,7,,,,,,,,,
12144219,1,0,3,4,,,,,,,,,
12144220,2,2,8,4,11,,,,,,,,
12144221,1,0,2,2,,,,,,,,,
12144222,3,2,6,0,11,,,,,,,,
12144223,3,3,7,0,11,,,,,,,,
12144224,0,1,6,3,,,,,,,,,
12144225,2,2,7,5,3,,,,,,,,
12144226,2,3,6,6,,,,,,,,,
12144227,2,2,6,2,11,,,,,,,,
12144228,1,1,3,1,,,,,,,,,
12144229,2,2,7,7,,,,,,,,,
12144230,3,2,7,6,,,,,,,,,
12144231,2,3,7,6,11,,,,,,,,
12144232,1,0,6,3,,,,,,,,,
12144233,3,2,2,7,11,,,,,,,,
12144234,1,2,5,6,13,,,,,,,,
12144235,3,3,7,7,,,,,,,,,
12144236,0,1,6,2,,,,,,,,,
12144237,3,2,6,6,,,,,,,,,
12144238,0,1,5,3,,,,,,,,,
12144239,,,,,,,,,,,,,
12144240,2,2,8,5,7,,,,,,,,
12144241,2,2,7,7,,,,,,,,,
12144242,2,3,7,4,11,,,,,,,,
12144243,3,2,6,6,,,,,,,,,
12144244,3,3,3,6,11,,,,,,,,
12144245,0,0,2,1,,,,,,,,,
12144246,1,1,2,5,,,,,,,,,
12144247,2,2,7,7,,,,,,,,,
12144248,0,0,2,1,,,,,,,,,
12144257,1,0,6,1,,,,,,,,,
12144258,3,2,7,7,,,,,,,,,
12144259,1,1,7,5,,,,,,,,,
12144260,1,1,3,2,,,,,,,,,
12144261,2,3,7,7,,,,,,,,,
12144262,3,3,6,7,,,,,,,,,
12144263,1,1,6,3,,,,,,,,,
12144264,3,2,6,8,,,,,,,,,
12144265,2,2,7,6,,,,,,,,,
12144266,3,2,7,7,,,,,,,,,
12144267,1,1,1,3,,,,,,,,,
12144268,1,0,3,0,,,,,,,,,
12144269,2,3,7,6,,,,,,,,,
12144270,2,2,7,6,,,,,,,,,
12144271,1,1,6,4,8,,,,,,,,
12144272,3,3,8,7,,,,,,,,,
12144273,3,2,6,6,,,,,,,,,
12144274,3,3,2,8,11,,,,,,,,
12144275,1,1,3,3,,,,,,,,,
12144276,1,1,2,2,,,,,,,,,
12144277,,,,,,,,,,,,,
12144278,1,1,0,0,,,,,,,,,
12144279,3,3,7,4,14,,,,,,,,
12144280,2,3,8,8,,,,,,,,,
12144281,0,1,3,3,,,,,,,,,
12144282,2,2,6,4,5,,,,,,,,
12144283,0,0,0,1,,,,,,,,,
12144284,2,2,7,7,,,,,,,,,
12144285,0,1,4,7,,,,,,,,,
12144286,3,2,7,7,,,,,,,,,
12144287,0,0,0,0,,,,,,,,,
12144288,2,3,6,6,,,,,,,,,
12144289,0,1,2,2,,,,,,,,,
12144290,0,1,0,3,,,,,,,,,
12144291,1,0,3,2,,,,,,,,,
12144292,2,3,7,6,,,,,,,,,
12144293,2,3,6,7,,,,,,,,,
12144294,1,1,0,1,,,,,,,,,
12144295,3,2,6,7,,,,,,,,,
12144296,,,,,,,,,,,,,
12144297,2,2,7,7,,,,,,,,,
12144298,3,2,6,6,,,,,,,,,
12144299,3,2,6,7,,,,,,,,,
12144300,1,0,1,1,,,,,,,,,
12144301,,,,,,,,,,,,,
12144302,2,3,6,4,10,,,,,,,,
12144303,2,2,6,7,,,,,,,,,
12144304,3,3,6,6,,,,,,,,,
12144305,0,0,6,0,,,,,,,,,
12144306,3,3,7,7,,,,,,,,,
12144307,1,1,3,3,,,,,,,,,
12144309,3,2,6,6,,,,,,,,,
12144310,1,1,5,3,,,,,,,,,
12144311,3,2,7,6,,,,,,,,,
12144315,3,3,6,7,,,,,,,,,
12144316,3,2,8,6,,,,8,,,,,
12144317,0,1,4,7,,,,,4,,,,
12144318,2,1,6,3,4,,,,,,,,
12144319,2,3,6,6,,,,,,,,,
12144324,0,0,5,3,,,,,,,,,
12144325,2,3,7,5,7,,,,,,,,
12144329,2,3,7,7,,,,9,,,,,
12144332,2,3,3,8,6,,,,7,,,,
12144335,2,2,8,3,6,,,,,,,,
12144336,2,3,7,7,,,,,,,,,
12144337,3,2,7,6,8,,,,,7,,,
12144350,1,1,3,1,,,,,,,,,
12144357,1,1,5,4,,,,,,,,,
12144358,3,3,7,7,,,,,,,,,
12144359,2,1,6,7,4,,,,,,,,
12144360,2,2,6,6,,,,,,,,,
12144361,3,3,6,8,,,,,,,,,
12144362,2,3,7,7,,,,,,,,,
12144363,1,1,1,1,,,,,,,,,
12144364,2,3,7,4,11,,,,,,,,
12144365,1,1,2,4,,,,,,,,,
12144366,1,0,1,1,,,,,,,,,
12144367,3,3,6,7,,,,,,,,,
12144368,2,2,3,6,7,,,,,,,,
12144369,3,3,6,6,,,,,,,,,
12144370,3,3,7,6,,,,,,,,,
12144371,3,2,8,7,,,,,,,,,
12144372,2,2,7,6,,,,,,,,,
12144373,1,1,7,2,9,,,,,,,,
12144374,3,2,6,7,,,,,,,,,
12144375,3,2,6,6,,,,,,,,,
12144376,0,0,1,1,,,,,,,,,
12144377,2,2,6,7,5,,,,,,,,
12144378,2,3,7,7,,,,,,,,,
12144380,0,1,2,2,,,,,,,,,
12144381,3,3,7,6,,,,,,,,,
12144382,0,1,1,6,,,,,,,,,
12144386,3,3,5,6,7,,,,,,,,
12144400,2,2,7,7,,,,,,,,,
12144401,0,1,0,2,,,,,,,,,
12144402,2,2,6,6,,,,,,,,,
12144403,2,2,6,6,,,,,,,,,
12144404,2,3,7,7,,,,,,,,,
12144405,2,3,6,6,,,,,,,,,
12144406,3,2,5,7,11,,,,,,,,
12144407,3,3,7,7,,,,,,,,,
12144408,0,1,1,4,,,,,,,,,
12144409,2,2,7,7,,,,,,,,,
12144410,2,2,6,5,11,,,,,,,,
12144411,2,3,6,7,,,,,,,,,
12144412,1,2,8,5,11,,,,,,,,
12144413,2,3,6,6,,,,,,,,,
12144414,1,0,2,1,,,,,,,,,
12144415,3,3,4,6,11,,,,,,,,
12144416,0,0,2,2,,,,,,,,,
12144417,2,2,6,7,,,,,,,,,
12144418,3,3,6,8,,,,,,,,,
12144419,3,2,7,7,,,,,,,,,
12144420,3,2,8,6,10,,,,,,,,
12144421,2,3,7,6,,,,,,,,,
12144422,3,3,7,7,,,,,,,,,
12144423,2,2,7,7,,,,,,,,,
12144424,2,3,7,2,10,,,,,,,,
12144425,1,1,5,2,,,,,,,,,
12144426,0,0,4,2,,,,,,,,,
12144427,1,1,0,2,,,,,,,,,
12144428,,,,,,,,,,,,,
12144429,1,2,3,6,4,,,,,,,,
12144430,,,,,,,,,,,,,
12144431,,,,,,,,,,,,,
12144433,2,1,8,4,2,,,9,,,,,
12144435,0,0,3,1,,,,,,,,,
12144436,0,1,2,2,,,,,,,,,
12144437,3,3,7,7,,,,,,,,,
12144438,2,3,7,6,,,,,,,,,
12144439,1,0,3,2,,,,,,,,,
12144440,1,1,2,7,8,,,,,,,,
12144441,2,3,6,7,,,,,,,,,
12144442,1,0,2,2,,,,,,,,,
12144443,0,0,3,3,,,,,,,,,
12144444,2,3,7,7,,,,,,,,,
12144445,2,2,8,6,,,,,,,,,
12144446,0,0,0,1,,,,,,,,,
12144447,1,1,5,8,3,,,,,,,,
12144448,2,3,6,8,,,,,,,,,
12144449,2,2,6,7,,,,,,,,,
12144450,2,3,6,7,,,,,,,,,
12144451,,,,,,,,,,,,,
12144452,2,2,6,7,,,,,,,,,
12144453,0,0,0,3,,,,,,,,,
12144454,0,0,3,7,,,,,,,,,
12144455,1,1,4,4,,,,,,,,,
12144456,2,2,4,6,10,,,,,,,,
12144457,0,1,1,1,,,,,,,,,
12144458,0,1,3,4,,,,,,,,,
12144459,2,2,7,6,,,,,,,,,
12144460,1,1,3,7,8,,,,,,,,
12144461,1,1,5,4,,,,,,,,,
12144462,3,2,6,6,,,,,,,,,
12144463,1,0,3,0,,,,,,,,,
12144464,3,3,7,8,,,,,,,,,
12144465,0,1,0,1,,,,,,,,,
12144466,0,0,5,2,,,,,,,,,
12144467,2,2,7,2,11,,,,,,,,
12144468,0,1,1,1,,,,,,,,,
12144469,2,3,6,6,11,,,,,,,,
12144470,1,1,7,7,4,,,,,,,,
12144471,1,1,1,4,,,,,,,,,
12144472,3,2,7,6,,,,,,,,,
12144473,2,2,8,5,10,,,,,,,,
12144475,,,,,,,,,,,,,
12144479,2,1,7,3,10,,,,,,,,
12144480,2,2,3,8,10,,,,,,,,
12144481,3,3,4,8,11,,,,,,,,
12144482,2,3,6,7,,,,,,,,,
12144483,2,2,6,7,,,,,,,,,
12144484,2,2,7,8,,,,,,,,,
12144485,3,3,6,6,,,,,,,,,
12144486,1,1,5,3,,,,,,,,,
12144487,2,3,7,6,,,,,,,,,
12144488,2,3,7,7,,,,,,,,,
12144489,2,2,6,7,,,,,,,,,
12144490,0,1,3,1,,,,,,,,,
12144491,3,2,6,6,,,,,,,,,
12144492,3,3,6,7,,,,,,,,,
12144493,1,0,5,5,,,,,,,,,
12144494,0,1,5,1,,,,,,,,,
12144495,2,2,6,5,7,,,,,,,,
12144508,3,2,6,6,7,,,,5,,,,
12144520,,,,,,,,,,,,,
12144535,1,2,6,7,3,,,5,,,,,
12144536,2,2,8,6,,,,,,,,,
12144537,1,0,5,2,,,,,,,,,
12144538,2,2,7,7,6,,,1,,,,,
12144547,3,3,8,6,,,,,,,,,
12144548,,,,,,,,,,,,,
12144561,3,2,8,2,7,,,7,,,,,
12144562,2,3,7,6,,,,,,,,,
12144654,0,0,2,4,,,,,,,,,
12144655,,,,,,,,,,,,,
12144656,1,1,7,3,1,,,,,,,,
12144657,,,,,,,,,,,,,
12144659,0,0,5,6,,,,,3,,,,
12144674,1,1,2,2,,,,,,,,,
12144830,3,3,6,6,,,,,,,,,
12144831,2,2,6,7,6,,,,,,,,
12144832,2,3,6,6,,,,,,,,,
12144833,1,2,6,5,8,,,,,,,,
12144834,2,2,2,7,6,,,,,,,,
12144835,2,3,7,7,,,,,,,,,
12144836,2,3,6,6,,,,,,,,,
12144837,0,1,0,1,,,,,,,,,
12144838,0,1,3,3,,,,,,,,,
12144839,2,2,5,7,10,,,,,,,,
12144840,2,3,6,7,,,,,,,,,
12144841,3,2,4,6,11,,,,,,,,
12144842,3,3,6,7,,,,,,,,,
12144843,,,,,,,,,,,,,
12144844,,,,,,,,,,,,,
12144845,3,3,7,6,,,,,,,,,
12144848,3,3,7,7,,,,,,,,,
12144849,3,3,4,6,11,,,,,,,,
12144850,1,2,6,6,10,,,,,,,,
12144851,2,2,6,6,,,,,,,,,
12144852,3,2,7,7,,,,,,,,,
12144853,,,,,,,,,,,,,
12144854,0,0,2,1,,,,,,,,,
12144855,3,3,6,7,,,,,,,,,
12144856,3,3,7,7,,,,,,,,,
12144857,,,,,,,,,,,,,
12144858,2,3,7,4,11,,,,,,,,
12144859,2,2,2,6,10,,,,,,,,
12144860,1,0,6,3,,,,,,,,,
12144861,2,2,7,7,,,,,,,,,
12144862,2,3,6,5,11,,,,,,,,
12144863,2,3,5,6,10,,,,,,,,
12144986,,,,,,,,,,,,,
12144987,0,1,4,0,,,,,,,,,
12144988,0,0,1,0,,,,,,,,,
12144989,3,3,7,7,,,,,,,,,
12144990,0,0,2,3,,,,,,,,,
12144991,1,1,6,5,6,,,,,,,,
12144992,,,,,,,,,,,,,
12144993,3,3,7,6,,,,,,,,,
12144994,,,,,,,,,,,,,
12144995,1,0,1,3,,,,,,,,,
12144996,3,2,7,7,,,,,,,,,
12144997,1,1,5,3,,,,,,,,,
12144998,0,1,2,4,,,,,,,,,
12144999,0,0,2,1,,,,,,,,,
12145000,,,,,,,,,,,,,
12145001,1,0,5,1,,,,,,,,,
12145002,0,0,2,3,,,,,,,,,
12145003,3,2,7,7,,,,,,,,,
12145004,1,1,1,0,,,,,,,,,
12145005,1,0,2,4,,,,,,,,,
12145006,,,,,,,,,,,,,
12145007,,,,,,,,,,,,,
12145008,,,,,,,,,,,,,
12145009,3,2,8,6,,,,,,,,,
12145010,2,3,7,6,,,,,,,,,
12145011,0,0,1,2,,,,,,,,,
12145012,2,2,6,7,,,,,,,,,
12145013,,,,,,,,,,,,,
12145014,3,2,7,2,12,,,,,,,,
12145015,,,,,,,,,,,,,
12145016,1,1,2,1,,,,,,,,,
12145017,3,3,6,6,,,,,,,,,
12145018,2,2,6,6,,,,,,,,,
12145019,3,2,6,7,,,,,,,,,
12145020,0,1,2,2,,,,,,,,,
12145021,0,1,1,4,,,,,,,,,
12145022,2,3,8,6,,,,,,,,,
12145023,3,2,6,6,,,,,,,,,
12145024,2,2,6,6,,,,,,,,,
12145025,,,,,,,,,,,,,
12145026,0,0,2,2,,,,,,,,,
12145286,2,2,7,7,,,,,,,,,
12145287,0,0,2,2,,,,,,,,,
12145288,3,3,6,6,,,,,,,,,
12145289,1,0,3,,,,,,,,,,
12145290,2,2,6,6,7,,,,4,,,,
12145291,3,3,7,2,6,,,,,,,,
12145292,1,1,1,1,,,,,,,,,
12145293,0,0,7,0,,,,3,,,,,
12145294,0,0,7,3,,,,6,,,,,
12145295,1,0,0,2,,,,,,,,,
12145296,3,3,6,6,,,,,,,,,
12145297,2,2,6,7,7,,,4,,,,,
12145298,,,,,,,,,,,,,
12145299,,,,,,,,,,,,,
12145300,2,3,7,6,,,,,,,,,
12145301,2,3,7,7,,,,,,,,,
12145302,3,3,7,7,,,,,,,,,
12145303,1,0,4,4,,,,,,,,,
12145304,0,0,1,4,,,,,,,,,
12145305,3,3,6,8,,,,,,,,,
12145306,2,2,6,6,,,,,,,,,
12145307,3,3,6,6,,,,,,,,,
12145308,2,2,7,6,,,,,,,,,
12145309,3,2,7,7,,,,,,,,,
12145310,0,0,5,5,,,,,,,,,
12145311,3,2,6,2,10,,,,,,,,
12145312,3,3,6,6,,,,,,,,,
12145313,2,2,6,3,10,,,,,,,,
12145314,2,1,6,3,6,,,,,,,,
12145315,1,1,5,4,,,,,,,,,
12145316,1,1,2,3,,,,,,,,,
12145317,,,,,,,,,,,,,
12145318,0,1,4,6,,,,,,,,,
12145319,3,2,3,6,11,,,,,,,,
12145320,3,3,7,6,,,,,,,,,
12145321,1,1,6,3,7,,,,,,,,
12145322,2,3,7,6,,,,,,,,,
12145385,,,,,,,,,,,,,
12145386,,,0,,,,,,,,,,
12145387,,,,,,,,,,,,,
12145388,3,2,7,7,,,,,,,,,
12145389,,,,,,,,,,,,,
12145390,,,1,,,,,,,,,,
12145393,,,,,,,,,,,,,
12145394,,,,,,,,,,,,,
12145395,1,0,2,0,,,,,,,,,
12145396,0,1,1,4,,,,,,,,,
12145397,3,2,6,7,,,,,,,,,
12145398,3,2,8,2,10,,,,,,,,
12145399,2,3,6,4,10,,,,,,,,
12145400,2,2,6,7,,,,,,,,,
12145437,2,2,7,7,,,,,,,,,
12145438,1,0,5,6,,,,,,,,,
12145478,2,3,6,6,,,,,,,,,
12145480,0,1,3,2,,,,,,,,,
12145488,3,2,7,2,7,,,,,,,,
12145490,3,2,8,6,,,,,,,,,
12145533,3,3,6,7,,,,,,,,,
12145567,2,3,7,7,,,,,,,,,
12145900,2,2,6,6,,,,,,,,,
12145901,2,1,6,7,9,,,,,,,,
12145902,3,2,7,7,,,,,,,,,
12145903,1,1,2,4,,,,,,,,,
12145904,2,3,7,7,,,,,,,,,
12145905,3,3,4,7,12,,,,,,,,
12145906,1,1,6,0,,,,,,,,,
12145907,3,2,6,6,,,,,,,,,
12145908,1,0,2,5,,,,,,,,,
12145909,2,3,7,7,,,,,,,,,
12145910,2,1,3,8,6,,,,,,,,
12145911,3,3,7,7,,,,,,,,,
12145912,2,1,7,3,4,,,,,,,,
12145913,2,2,7,7,,,,,,,,,
12145914,3,2,7,8,,,,,,,,,
12145915,1,0,3,6,,,,,,,,,
12146045,1,1,4,5,,,,,,,,,
12146046,2,2,7,6,,,,,,,,,
12146165,1,0,5,7,,,,,,,,,
12146587,2,2,8,7,,,,,8,,,,
12146723,2,2,3,7,11,,,,9,,,,
12146841,2,2,7,6,10,,,,3,,,,
12146925,0,0,2,3,,,,,,,,,
12146942,0,0,1,1,,,,,,,,,
12146943,2,2,7,6,,,,,,,,,
12146944,3,2,6,6,,,,,,,,,
12146945,3,2,7,6,,,,,,,,,
12146946,2,2,6,5,11,,,,,,,,
12146947,0,1,5,5,,,,,,,,,
12146948,2,3,6,7,,,,,,,,,
12146949,1,2,7,2,8,,,,,,,,
12146950,2,2,7,6,,,,,,,,,
12146951,1,0,0,5,,,,,,,,,
12146952,0,0,1,1,,,,,,,,,
12146953,2,2,6,6,,,,,,,,,
12146954,,,,,,,,,,,,,
12146955,0,0,3,1,,,,,,,,,
12146956,2,3,7,6,,,,,,,,,
12146957,2,2,6,6,12,,,5,,,,,
12146963,3,2,7,6,10,,,,,,,,
12146964,1,1,5,2,,,,,,,,,
12146965,0,0,6,3,,,,,,,,,
12146966,2,2,6,6,,,,,,,,,
12146967,0,0,2,2,,,,,,,,,
12146968,2,2,3,7,11,,,,,,,,
12146969,2,1,7,4,8,,,,,,,,
12146970,2,2,4,6,10,,,,,,,,
12146971,2,3,6,7,,,,,,,,,
12146972,2,2,7,4,6,,,,,,,,
12146973,2,2,6,6,,,,,,,,,
12146974,2,2,6,6,,,,,,,,,
12146975,2,2,7,7,,,,,,,,,
12146976,3,3,7,6,,,,,,,,,
12146977,3,3,6,7,,,,,,,,,
12146978,1,2,6,2,4,,,,,,,,
12147043,0,0,4,4,,,,,,,,,
12147060,2,1,6,1,2,,,,,,,,
12147062,0,1,4,1,,,,,,,,,
12147092,1,2,6,7,5,,,9,,,,,
12147093,3,2,7,7,,,,,8,,,,
12147102,2,3,7,6,12,,,5,,,,,
12147142,2,1,6,3,10,,,,,,,,
12147195,2,1,7,3,10,,,,,,,,
12147207,3,2,5,7,11,,,,,,,,
12147208,2,3,8,6,,,,,,,,,
12147209,3,3,7,7,,,,,,,,,
12147210,0,1,4,4,,,,,,,,,
12147211,0,1,2,2,,,,,,,,,
12147212,0,1,3,3,,,,,,,,,
12147213,0,0,2,0,,,,,,,,,
12147214,1,1,2,3,,,,,,,,,
12147215,,,,,,,,,,,,,
12147216,2,2,5,6,5,,,,,,,,
12147217,3,3,7,7,,,,,,,,,
12147218,2,2,6,6,,,,,,,,,
12147219,0,1,2,6,,,,,,,,,
12147220,3,3,7,6,,,,,,,,,
12147221,,,,,,,,,,,,,
12147222,3,3,7,7,,,,,,,,,
12147223,3,3,7,7,,,,,,,,,
12147249,3,2,8,7,,,,7,,,,,
12147250,3,2,3,8,10,,,,8,,,,
12147251,2,2,8,7,,,,,,,,,
12147252,3,3,6,6,,,,,,,,,
12147253,3,3,6,7,,,,,,,,,
12147254,1,1,3,1,,,,,,,,,
12147255,0,0,4,0,,,,,,,,,
12147256,0,0,2,4,,,,,,,,,
12147257,1,0,1,2,,,,,,,,,
12147258,0,1,1,2,,,,,,,,,
12147259,3,3,7,8,,,,,7,,,,
12147260,1,1,7,7,,,,4,6,,,,
12147261,3,3,6,7,,,,,,,,,
12147262,2,3,7,3,10,,,,,,,,
12147263,2,3,6,6,,,,,,,,,
12147264,2,2,7,7,,,,,,,,,
12147265,2,3,6,6,,,,,,,,,
12147266,3,3,6,6,,,,,,,,,
12147267,2,2,6,6,9,,,5,,,,,
12147268,3,2,7,7,,,,,,,,,
12147269,3,3,7,8,,,,,,,,,
12147270,2,3,6,3,11,,,,,,,,
12147271,3,2,6,2,11,,,,,,,,
12147272,3,3,6,7,,,,,,,,,
12147273,2,2,6,7,,,,,,,,,
12147274,0,1,4,5,,,,,,,,,
12147275,0,1,3,4,,,,,,,,,
12147276,3,2,7,4,11,,,,,,,,
12147277,2,1,3,7,6,,,,,,,,
12147278,0,1,3,3,,,,,,,,,
12147279,0,1,1,1,,,,,,,,,
12147280,3,3,6,6,,,,,,,,,
12147281,3,3,7,7,,,,,9,,,,
12147282,0,1,1,2,,,,,,,,,
12147283,1,1,7,5,10,,,,,,,,
12147284,0,0,2,2,,,,,,,,,
12147285,3,3,7,7,,,,,,,,,
12147286,3,3,6,6,,,,,,,,,
12147287,2,2,7,5,6,,,,,,,,
12147288,1,2,6,7,6,,,,1,,,,
12147289,2,1,6,5,8,,,,,,,,
12147290,0,1,2,7,,,,,2,,,,
12147291,1,1,2,5,,,,,,,,,
12147292,2,2,7,8,,,,,,,,,
12147293,1,0,4,1,,,,,,,,,
12147307,2,2,7,7,2,,,9,4,,,,
12147365,2,2,3,7,11,,,,,,,,
12147366,0,1,4,3,,,,,,,,,
12147367,3,2,7,7,,,,,,,,,
12147368,2,2,8,6,,,,7,,,,,
12147371,0,0,2,3,,,,,,,,,
12147373,0,0,4,5,,,,,,,,,
12147379,3,2,7,5,11,,,,,,,,
12147380,1,1,1,4,,,,,,,,,
12147382,2,3,6,7,,,,,,,,,
12147383,0,1,3,3,,,,,,,,,
12147384,2,2,7,3,9,,,7,,,,,
12147385,3,2,8,7,,,,,,,,,
12147386,0,1,4,4,,,,,,,,,
12147387,2,2,7,6,,,,,,,,,
12147388,1,1,5,6,,,,,,,,,
12147389,2,2,7,6,,,,,,,,,
12147396,2,2,8,2,11,,,10,,,,,
12147410,1,1,6,5,,,,,,,,,
12147411,0,0,1,7,,,,,1,,,,
12147412,3,2,7,7,,,,,,,,,
12147413,1,0,2,2,,,,,,,,,
12147414,1,0,3,1,,,,,,,,,
12147415,2,1,6,7,3,,,6,,,,,
12147416,2,2,6,4,7,,,,,,,,
12147424,2,2,7,6,,,,,,,,,
12147425,1,1,7,4,3,,,,,,,,
12147426,3,3,6,7,,,,,,,,,
12147427,0,1,4,3,,,,,,,,,
12147428,1,1,5,4,,,,,,,,,
12147429,1,2,6,5,2,,,,,,,,
12147430,2,1,6,3,3,,,,,,,,
12147480,0,1,1,2,,,,,,,,,
12147481,3,2,7,8,,,,,,,,,
12147482,1,2,7,1,7,,,,,,,,
12147483,2,3,7,6,,,,,,,,,
12147484,3,2,6,7,,,,,,,,,
12147485,1,0,7,6,,,,,,,,,
12147486,2,2,7,6,,,,,,,,,
12147487,0,1,4,7,,,,,,,,,
12147488,2,3,6,6,,,,,,,,,
12147489,2,2,8,7,,,,,,,,,
12147490,1,1,7,3,7,,,,,,,,
12147491,3,3,7,7,,,,,,,,,
12147492,2,2,7,5,10,,,,,,,,
12147493,,,,,,,,,,,,,
12147494,3,3,6,6,10,,,,,,,,
12147495,3,2,7,7,,,,,,,,,
12147501,3,3,6,7,,,,,,,,,
12147502,1,0,2,6,,,,,3,,,,
12147507,1,0,1,2,,,,,,,,,
12147531,1,2,4,7,5,,,,,,,,
12147558,1,0,0,1,,,,,,,,,
12147559,1,1,1,3,,,,,,,,,
12147560,3,2,7,6,,,,,,,,,
12147561,3,3,8,7,,,,,,,,,
12147562,2,2,6,7,10,,,,8,,,,
12147563,0,1,2,2,,,,,,,,,
12147564,2,2,2,6,8,,,,,,,,
12147565,1,0,1,1,,,,,,,,,
12147566,0,0,6,3,,,,,,,,,
12147567,2,3,8,6,,,,,,,,,
12147568,2,3,6,6,,,,,,,,,
12147569,3,3,6,6,,,,,,,,,
12147570,2,2,5,7,11,,,,,,,,
12147571,3,3,7,7,,,,,,,,,
12147572,3,3,8,4,11,,,,,,,,
12147573,0,1,3,2,,,,,,,,,
12147574,2,2,8,6,,,,8,,,,,
12147575,3,3,6,6,,,,,,,,,
12147576,0,1,1,7,,,,,,,,,
12147577,3,3,7,7,,,,,,,,,
12147578,1,1,4,7,8,,,,,,,,
12147579,2,2,7,6,,,,,,,,,
12147580,,,5,,,,,,,,,,
12147581,2,2,6,6,,,,,,,,,
12147582,0,1,2,3,,,,,,,,,
12147583,,,,,,,,,,,,,
12147584,0,1,2,4,,,,,,,,,
12147585,2,3,6,7,,,,,,,,,
12147586,1,1,0,1,,,,,,,,,
12147587,0,0,4,2,,,,,,,,,
12147588,0,1,7,4,,,,,,,,,
12147589,3,2,7,7,,,,,,,,,
12147590,,,,,,,,,,,,,
12147591,0,0,0,3,,,,,,,,,
12147592,1,0,3,2,,,,,,,,,
12147593,0,1,2,2,,,,,,,,,
12147594,2,3,6,6,,,,,,,,,
12147595,1,2,2,6,11,,,,,,,,
12147596,3,2,6,7,,,,,,,,,
12147597,3,2,6,7,11,,,,,,,,
12147598,0,0,1,5,,,,,,,,,
12147599,3,2,6,7,,,,,,,,,
12147600,1,0,4,5,,,,,,,,,
12147601,2,2,3,8,9,,,,,,,,
12147602,2,2,6,6,,,,,,,,,
12147603,3,2,7,6,,,,,,,,,
12147604,1,2,7,6,6,,,,,,,,
12147605,3,2,7,6,,,,,,,,,
12147606,2,3,6,6,,,,,,,,,
12147607,1,2,6,5,8,,,,,,,,
12147608,2,2,7,7,,,,,,,,,
12147609,1,1,4,6,4,,,,,,,,
12147610,0,0,2,6,,,,,,,,,
12147611,2,2,3,6,10,,,,,,,,
12147612,2,3,7,7,,,,,,,,,
12147615,2,3,7,6,,,,,,,,,
12147616,0,0,2,0,,,,,,,,,
12147618,1,2,4,8,8,,,,7,,,,
12147619,3,3,2,7,10,,,,8,,,,
12147620,3,3,6,6,,,,,,,,,
12147622,2,2,3,7,4,,,,,,,,
12147624,0,0,4,1,,,,,,,,,
12147642,1,0,7,5,,,,,,,,,
12147643,3,3,6,7,,,,,,,,,
12147644,2,2,6,6,,,,,,,,,
12147645,1,1,3,5,,,,,,,,,
12147646,0,1,1,3,,,,,,,,,
12147647,3,2,7,6,,,,,,,,,
12147648,0,1,1,4,,,,,,,,,
12147649,3,3,6,4,10,,,,,,,,
12147651,3,2,8,6,,,,,,,,,
12147652,3,3,6,7,,,,,,,,,
12147653,2,2,6,2,1,,,,,,,,
12147655,1,1,5,5,,,,,,,,,
12147663,2,2,6,8,,,,,,,,,
12147665,3,2,6,6,,,,,,,,,
12147666,1,1,6,2,,,,,,,,,
12147668,1,1,3,3,,,,,,,,,
12147669,0,0,0,1,,,,,,,,,
12147670,2,2,7,7,,,,,,,,,
12147671,2,2,7,7,11,,,,,,,,
12147672,2,3,2,7,10,,,,,,,,
12147673,2,2,6,7,,,,,,,,,
12147674,1,1,7,2,11,,,,,,,,
12147675,3,3,7,7,,,,,,,,,
12147676,2,2,6,6,,,,,,,,,
12147677,0,1,3,4,,,,,,,,,
12147678,2,2,7,7,,,,,,,,,
12147679,1,2,6,2,11,,,,,,,,
12147680,1,1,6,1,,,,,,,,,
12147681,2,2,7,7,,,,,,,,,
12147682,0,1,4,5,,,,,,,,,
12147683,3,2,7,6,,,,,,,,,
12147690,3,3,6,7,,,,,,,,,
12147691,1,2,5,8,4,,,,,,,,
12147692,1,0,4,5,,,,,,,,,
12147693,2,3,6,6,,,,,,,,,
12147695,1,1,0,0,,,,,,,,,
12147696,0,0,3,4,,,,,,,,,
12147697,2,3,8,6,,,,,,,,,
12147698,0,0,4,3,,,,,,,,,
12147699,3,3,7,6,,,,,,,,,
12147700,0,0,2,3,,,,,,,,,
12147701,1,1,0,0,,,,,,,,,
12147706,1,1,6,5,7,,,,,,,,
12147709,2,3,6,7,,,,,,,,,
12147710,3,3,6,7,,,,,,,,,
12147711,0,0,0,0,,,,,,,,,
12147712,2,2,7,7,,,,,,,,,
12147713,2,2,7,8,,,,,,,,,
12147714,2,3,7,7,,,,,,,,,
12147715,2,2,7,6,,,,,,,,,
12147716,1,2,3,6,6,,,,,,,,
12147717,1,2,3,7,5,,,,,,,,
12147718,0,0,5,1,,,,,,,,,
12147719,2,3,6,7,,,,,,,,,
12147720,0,1,3,1,,,,,,,,,
12147721,3,3,7,6,11,,,,,,,,
12147722,3,2,7,6,,,,,,,,,
12147723,3,3,7,7,,,,,,,,,
12147724,3,3,6,7,,,,,,,,,
12147727,0,1,5,2,,,,,,,,,
12147730,3,2,8,7,,,,,8,,,,
12147732,3,2,6,7,11,,,,,,,,
12147734,3,3,7,6,,,,,,,,,
12147735,2,3,8,7,,,,,,,,,
12147736,1,0,3,5,,,,,,,,,
12147737,1,1,4,2,,,,,,,,,
12147739,0,1,2,1,,,,,,,,,
12147740,0,0,3,4,,,,,,,,,
12147741,2,3,6,7,,,,,,,,,
12147742,,,,,,,,,,,,,
12147744,2,2,7,6,4,,,,,,,,
12147768,1,2,7,7,6,,,5,,2,,,
12147770,0,1,7,4,,,,7,,,,,
12147771,2,3,6,7,,,,,,,,,
12147772,1,0,2,1,,,,,,,,,
12147773,0,0,2,1,,,,,,,,,
12147774,1,1,1,2,,,,,,,,,
12147775,0,1,2,2,,,,,,,,,
12147776,2,1,7,7,6,,,,9,,,,
12147777,3,2,7,6,,,,,,,,,
12147778,2,3,7,6,,,,,,,,,
12147779,3,2,7,6,,,,,,,,,
12147780,1,1,1,2,,,,,,,,,
12147781,2,3,7,7,,,,,,,,,
12147789,2,3,7,6,,,,,,,,,
12147790,3,3,7,7,8,,,,3,8,,,
12147791,2,2,8,6,,,,,,,,,
12147820,3,2,7,4,7,,,,,,,,
12147856,2,2,6,7,,,,,,,,,
12147895,3,3,7,6,,,,,,,,,
12147896,2,2,7,7,,,,,,,,,
12147897,3,2,7,7,,,,,,,,,
12147905,0,1,5,5,,,,,,,,,
12147918,2,3,7,6,11,,,,4,,,,
12147922,2,3,5,7,10,,,,,,,,
12147923,3,2,5,8,12,,,,,,,,
12147924,3,2,7,7,,,,,,,,,
12147925,3,3,5,6,11,,,,,,,,
12147927,0,0,5,3,,,,,,,,,
12147929,3,3,7,7,,,,,,,,,
12147930,2,3,6,6,,,,,,,,,
12147931,1,0,2,2,,,,,,,,,
12147932,2,2,6,6,,,,,,,,,
12147934,1,0,4,2,,,,,,,,,
12147935,,,,,,,,,,,,,
12147937,2,2,4,6,8,,,,,,,,
12148000,2,3,6,7,,,,,,,,,
12148043,3,3,3,6,11,,,,,,,,
12148054,2,3,7,7,,,,,,,,,
12148114,2,3,6,6,,,,,,,,,
12148126,1,0,2,2,,,,,,,,,
12148127,3,2,7,7,10,,,,,,,,
12148132,0,1,3,0,,,,,,,,,
12148135,1,0,0,2,,,,,,,,,
12148137,2,1,5,7,5,,,,,,,,
12148146,,,,,,,,,,,,,
12148149,3,3,8,6,,,,,,,,,
12148156,1,1,1,3,,,,,,,,,
12148208,1,1,3,,,,,,,,,,
12148209,3,3,7,7,,,,,,,,,
12148211,3,2,6,7,,,,,,,,,
12148300,3,2,6,6,,,,,,,,,
12148301,3,2,7,7,,,,,,,,,
12148302,0,0,3,5,,,,,,,,,
12148303,1,0,5,1,,,,,,,,,
12148304,0,0,1,3,,,,,,,,,
12148305,3,3,7,6,,,,,,,,,
12148306,2,3,6,7,,,,,,,,,
12148307,1,0,2,4,,,,,,,,,
12148308,1,1,3,3,,,,,,,,,
12148309,2,2,7,7,,,,,,,,,
12148310,0,0,6,2,,,,,,,,,
12148311,3,3,7,6,,,,,,,,,
12148312,1,0,6,3,,,,,,,,,
12148313,3,2,6,6,,,,,,,,,
12148314,2,3,7,7,,,,,,,,,
12148315,2,3,7,6,,,,,,,,,
12148329,2,2,8,6,,,,,,,,,
12148330,3,3,6,7,,,,,,,,,
12148331,1,2,6,2,9,,,,,,,,
12148627,0,1,3,4,,,,,,,,,
12148640,3,3,7,6,,,,,,,,,
12148850,2,3,6,6,,,,,,,,,
12148873,1,0,5,3,,,,,,,,,
12148934,3,3,6,6,,,,,,,,,
12148943,1,0,3,5,,,,,,,,,
12148944,1,1,6,6,3,,,,,,,,
12148945,2,2,7,6,,,,,,,,,
12148992,3,3,7,2,10,,,,,,,,
12149324,1,1,5,5,,,,,,,,,
12149448,2,1,2,6,7,,,,,,,,
12149488,2,2,7,7,12,,,2,,,,,
12149578,1,0,2,3,,,,,,,,,
12149579,3,3,7,7,,,,,,,,,
12149580,2,3,6,6,,,,,,,,,
12149620,2,2,7,7,,,,,,,,,
12149621,2,3,8,7,13,,,8,3,,,,
12149653,0,1,0,2,,,,,,,,,
12149654,2,2,7,7,,,,,,,,,
12149655,0,1,1,2,,,,,,,,,
12149694,2,2,7,5,8,,,,,,,,
12149704,1,2,1,8,9,,,,,,,,
12149705,2,1,7,3,9,,,,,,,,
12149766,3,2,6,6,,,,,,,,,
12149767,2,2,7,6,,,,,,,,,
12149893,1,0,4,,,,,,,,,,
12149913,0,0,5,5,,,,,,,,,
12149914,3,3,4,6,11,,,,,,,,
12149915,2,2,6,6,,,,,,,,,
12150662,3,2,7,6,12,,,,4,,,,
12109838,2,3,6,7,,,,,,,,,
12109872,1,1,7,5,6,,,7,,4,,,
12109939,1,1,5,7,4,,,,,,,,
12109940,3,3,7,3,7,,,8,,7,,,
12109943,2,1,7,6,3,,,8,6,,,,
12109949,1,1,4,4,,,,,,,,,
12109950,0,0,4,5,,,,,,,,,
12109954,3,2,6,6,,,,,,,,,
12109959,2,3,7,6,,,,,,,,,
12109960,1,1,3,5,,,,,,,,,
12109961,0,1,2,7,,,,,5,,,,
12109968,0,0,6,1,,,,,,,,,
12109970,0,0,2,3,,,,,,,,,
12109973,2,2,7,6,,,,9,,,,,
12109974,0,0,4,4,,,,,,,,,
12109975,1,0,2,2,,,,,,,,,
12109976,2,2,6,7,,,,,,,,,
12109977,2,3,7,6,6,,,,,,,,
12110027,3,3,6,7,,,,,,,,,
12110028,0,1,5,2,,,,,,,,,
12110031,2,2,7,7,,,,,,,,,
12110057,1,1,3,5,,,,,,,,,
12110059,1,1,1,6,3,,,,,,,,
12110060,0,0,3,4,,,,,,,,,
12110062,0,1,4,4,,,,,,,,,
12110063,0,1,3,6,,,,,5,,,,
12110064,1,2,6,4,5,,,,,,,,
12110065,,,,,,,,,,,,,
12110066,1,0,6,5,,,,,,,,,
12110067,2,1,7,5,4,,,,,,,,
12110068,2,2,3,6,4,,,,,,,,
12110070,2,3,7,5,7,,,,,,,,
12110073,1,1,1,1,,,,,,,,,
12110076,3,3,2,6,8,,,,,7,,,
12143912,2,3,7,6,,,,,,,,,
12143962,3,2,7,7,,,,,,,,,
12144038,0,0,3,5,,,,,,,,,
12144045,3,3,7,6,,,,,,,,,
12144049,2,2,7,7,,,,,,,,,
12144055,2,3,7,6,,,,,,,,,
12144061,2,3,8,8,,,,,,,,,
12144076,3,3,7,6,,,,,,,,,
12144081,0,1,5,2,,,,,,,,,
12144088,0,1,4,0,,,,,,,,,
12144146,0,1,1,0,,,,,,,,,
12144176,0,1,1,2,,,,,,,,,
12144179,0,0,4,3,,,,,,,,,
12144183,2,2,4,7,7,,,,,,,,
12144185,0,1,3,5,,,,,,,,,
12144187,3,2,8,6,,,,,,,,,
12144189,0,0,2,3,,,,,,,,,
12144190,3,3,7,7,,,,,,,,,
12144201,2,3,7,7,,,,,,,,,
12144202,0,1,3,4,,,,,,,,,
12144203,3,3,7,6,,,,8,,,,,
12144204,3,2,7,7,,,,8,,,,,
12144205,2,3,6,7,10,,,,5,,,,
12144206,3,2,6,7,,,,,,,,,
12144208,3,2,8,7,,,,,,,,,
12144210,2,3,7,7,,,,,,,,,
12144211,2,2,7,7,,,,,,,,,
12144213,3,3,5,6,11,,,,,,,,
12144214,1,2,7,2,8,,,,,,,,
12144216,1,0,5,5,,,,,,,,,
12144217,2,2,7,7,,,,,,,,,
12144219,0,1,3,3,,,,,,,,,
12144221,0,0,2,1,,,,,,,,,
12144222,2,2,6,1,11,,,,,,,,
12144223,3,2,6,0,10,,,,,,,,
12144224,1,0,7,4,,,,,,,,,
12144226,3,3,6,7,,,,,,,,,
12144227,3,2,6,1,11,,,,,,,,
12144228,1,0,2,0,,,,,,,,,
12144229,2,2,6,7,,,,,,,,,
12144230,3,3,6,7,,,,,,,,,
12144231,2,3,7,7,10,,,,,,,,
12144233,3,2,2,7,12,,,,,,,,
12144234,1,1,4,6,13,,,,,,,,
12144235,3,2,7,6,,,,,,,,,
12144236,1,0,5,2,,,,,,,,,
12144237,2,3,7,7,,,,,,,,,
12144238,1,0,6,3,,,,,,,,,
12144240,1,1,7,4,7,,,,,,,,
12144241,3,2,7,7,,,,,,,,,
12144242,3,2,7,4,11,,,,,,,,
12144243,2,3,6,7,,,,,,,,,
12144245,0,1,3,1,,,,,,,,,
12144246,1,1,3,6,,,,,,,,,
12144247,3,3,7,7,,,,,,,,,
12144248,0,0,1,1,,,,,,,,,
12144259,0,0,7,5,,,,,,,,,
12144260,0,0,4,3,,,,,,,,,
12144263,0,1,7,4,,,,,,,,,
12144266,3,2,6,6,,,,,,,,,
12144276,1,1,2,2,,,,,,,,,
12144297,3,3,6,6,,,,,,,,,
12144307,1,0,3,3,,,,,,,,,
12144324,0,1,5,3,,,,,,,,,
12144325,2,2,7,5,7,,,,,,,,
12144329,3,2,8,7,,,,9,,,,,
12144332,3,3,3,8,6,,,,8,,,,
12144336,3,2,6,7,,,,,,,,,
12144337,2,3,7,5,8,,,,,8,,,
12144350,1,0,2,0,,,,,,,,,
12144386,3,3,5,6,7,,,,,,,,
12144400,2,2,8,6,,,,,,,,,
12144401,1,0,0,2,,,,,,,,,
12144402,3,2,7,6,,,,,,,,,
12144403,3,3,7,7,,,,,,,,,
12144404,3,3,7,6,,,,,,,,,
12144405,3,2,7,6,,,,,,,,,
12144406,3,2,5,6,11,,,,,,,,
12144407,3,3,7,7,,,,,,,,,
12144408,1,0,1,5,,,,,,,,,
12144409,2,3,7,6,,,,,,,,,
12144410,3,2,6,4,10,,,,,,,,
12144411,3,3,6,6,,,,,,,,,
12144412,2,1,7,5,10,,,,,,,,
12144413,2,3,7,7,,,,,,,,,
12144414,0,1,2,0,,,,,,,,,
12144415,2,2,4,6,11,,,,,,,,
12144416,0,0,2,2,,,,,,,,,
12144417,3,3,7,7,,,,,,,,,
12144418,2,3,7,7,,,,,,,,,
12144419,3,3,7,6,,,,,,,,,
12144420,2,2,8,5,11,,,,,,,,
12144421,3,3,6,7,,,,,,,,,
12144422,2,2,7,7,,,,,,,,,
12144423,2,3,7,7,,,,,,,,,
12144424,3,3,8,2,11,,,,,,,,
12144425,0,1,5,2,,,,,,,,,
12144426,1,1,4,1,,,,,,,,,
12144427,0,1,0,3,,,,,,,,,
12144428,,,,,,,,,,,,,
12144429,2,1,3,7,3,,,,,,,,
12144430,,,,,,,,,,,,,
12144431,,,,,,,,,,,,,
12144433,1,1,7,4,3,,,9,,,,,
12144464,3,2,7,8,,,,,,,,,
12144465,1,0,0,1,,,,,,,,,
12144508,3,2,7,7,6,,,,4,,,,
12144547,3,2,8,6,,,,,,,,,
12144561,2,3,8,1,7,,,8,,,,,
12144562,3,2,6,6,,,,,,,,,
12144654,0,0,2,4,,,,,,,,,
12144655,,,,,,,,,,,,,
12144656,2,1,6,2,0,,,,,,,,
12144659,0,1,4,6,,,,,4,,,,
12144830,2,2,7,7,,,,,,,,,
12144831,1,1,7,7,6,,,,,,,,
12144832,3,3,6,7,,,,,,,,,
12144833,1,2,6,4,8,,,,,,,,
12144834,2,1,3,7,6,,,,,,,,
12144835,3,2,7,7,,,,,,,,,
12144836,2,3,7,7,,,,,,,,,
12144837,0,1,0,1,,,,,,,,,
12144838,1,1,2,3,,,,,,,,,
12144839,2,3,4,8,10,,,,,,,,
12144840,3,2,7,6,,,,,,,,,
12144841,2,2,5,7,10,,,,,,,,
12144842,3,3,7,7,,,,,,,,,
12144843,,,,,,,,,,,,,
12144844,,,,,,,,,,,,,
12144845,2,2,6,6,,,,,,,,,
12144848,2,2,6,7,,,,,,,,,
12144849,2,2,3,7,11,,,,,,,,
12144850,2,2,7,5,10,,,,,,,,
12144851,2,3,7,6,,,,,,,,,
12144852,3,3,7,6,,,,,,,,,
12144853,,,,,,,,,,,,,
12144854,0,0,2,1,,,,,,,,,
12144855,2,2,6,8,,,,,,,,,
12144856,2,3,7,6,,,,,,,,,
12144857,,,,,,,,,,,,,
12144858,2,3,8,5,10,,,,,,,,
12144859,3,3,2,7,11,,,,,,,,
12144860,0,0,6,3,,,,,,,,,
12144861,2,3,7,6,,,,,,,,,
12144862,2,3,7,4,10,,,,,,,,
12144863,2,3,5,6,10,,,,,,,,
12144986,,,,,,,,,,,,,
12144987,0,0,3,0,,,,,,,,,
12144988,0,1,1,1,,,,,,,,,
12144989,3,2,6,7,,,,,,,,,
12144990,0,0,1,4,,,,,,,,,
12144991,1,1,7,5,6,,,,,,,,
12144992,,,,,,,,,,,,,
12144993,3,2,6,7,,,,,,,,,
12144994,,,,,,,,,,,,,
12144995,1,0,0,3,,,,,,,,,
12144996,3,2,6,7,,,,,,,,,
12144997,0,1,4,3,,,,,,,,,
12144998,0,0,2,4,,,,,,,,,
12144999,1,0,3,1,,,,,,,,,
12145000,,,,,,,,,,,,,
12145001,1,0,4,1,,,,,,,,,
12145002,1,1,2,2,,,,,,,,,
12145003,2,3,7,6,,,,,,,,,
12145004,1,1,0,0,,,,,,,,,
12145005,0,1,2,5,,,,,,,,,
12145006,,,,,,,,,,,,,
12145007,,,,,,,,,,,,,
12145008,,,,,,,,,,,,,
12145009,3,3,7,6,,,,,,,,,
12145010,3,3,6,6,,,,,,,,,
12145011,1,1,1,3,,,,,,,,,
12145012,2,3,6,7,,,,,,,,,
12145013,,,,,,,,,,,,,
12145014,3,2,6,1,13,,,,,,,,
12145015,,,,,,,,,,,,,
12145016,1,1,3,1,,,,,,,,,
12145017,3,2,6,6,,,,,,,,,
12145018,2,3,6,7,,,,,,,,,
12145019,2,2,7,7,,,,,,,,,
12145020,1,1,3,1,,,,,,,,,
12145021,1,0,1,4,,,,,,,,,
12145022,3,3,7,6,,,,,,,,,
12145023,2,2,7,7,,,,,,,,,
12145024,2,3,6,7,,,,,,,,,
12145025,,,,,,,,,,,,,
12145026,0,1,1,2,,,,,,,,,
12145286,2,2,7,6,,,,,,,,,
12145287,1,1,2,2,,,,,,,,,
12145288,3,2,7,7,,,,,,,,,
12145289,1,0,3,,,,,,,,,,
12145290,3,3,6,6,7,,,,3,,,,
12145291,2,2,6,2,7,,,,,,,,
12145292,0,1,1,0,,,,,,,,,
12145293,1,1,6,1,,,,2,,,,,
12145294,0,1,7,3,,,,6,,,,,
12145295,0,0,1,2,,,,,,,,,
12145296,2,2,7,6,,,,,,,,,
12145297,2,3,7,7,7,,,5,,,,,
12145298,,,,,,,,,,,,,
12145299,,,,,,,,,,,,,
12145300,2,3,7,7,,,,,,,,,
12145301,2,2,7,7,,,,,,,,,
12145302,2,3,7,7,,,,,,,,,
12145303,1,1,4,4,,,,,,,,,
12145304,1,1,1,3,,,,,,,,,
12145305,3,3,7,7,,,,,,,,,
12145306,3,3,6,7,,,,,,,,,
12145307,3,2,6,6,,,,,,,,,
12145308,3,3,7,6,,,,,,,,,
12145309,3,3,7,6,,,,,,,,,
12145310,1,0,5,5,,,,,,,,,
12145311,3,3,7,3,11,,,,,,,,
12145312,2,3,6,7,,,,,,,,,
12145313,3,3,7,3,10,,,,,,,,
12145314,2,1,7,3,6,,,,,,,,
12145315,0,1,5,3,,,,,,,,,
12145316,1,0,1,3,,,,,,,,,
12145317,,,,,,,,,,,,,
12145318,0,0,3,5,,,,,,,,,
12145319,3,2,3,6,10,,,,,,,,
12145320,3,3,7,7,,,,,,,,,
12145321,1,2,7,3,6,,,,,,,,
12145385,,,,,,,,,,,,,
12145386,,,0,,,,,,,,,,
12145387,,,,,,,,,,,,,
12145388,3,2,6,7,,,,,,,,,
12145389,,,,,,,,,,,,,
12145390,,,1,,,,,,,,,,
12145393,,,,,,,,,,,,,
12145394,,,,,,,,,,,,,
12145395,1,0,2,1,,,,,,,,,
12145396,1,1,1,4,,,,,,,,,
12145397,2,3,6,7,,,,,,,,,
12145398,3,3,8,2,10,,,,,,,,
12145399,2,3,7,3,10,,,,,,,,
12145400,3,2,6,6,,,,,,,,,
12145437,2,3,6,6,,,,,,,,,
12145438,1,1,4,6,,,,,,,,,
12145472,2,3,6,8,,,,,7,,,,
12145473,3,2,6,6,,,,,,,,,
12145474,0,0,5,7,,,,,4,,,,
12145475,2,2,6,6,,,,,,,,,
12145478,3,2,7,6,,,,,,,,,
12145479,0,0,5,7,,,,,6,,,,
12145480,1,1,4,2,,,,,,,,,
12145481,1,0,3,4,,,,,,,,,
12145482,2,3,6,6,,,,,,,,,
12145483,2,3,6,7,7,,,,5,,,,
12145484,0,1,6,0,,,,2,,,,,
12145485,0,0,3,0,,,,,,,,,
12145486,2,1,7,4,5,,,,,,,,
12145487,1,1,7,1,2,,,,,,,,
12145488,2,3,6,1,7,,,,,,,,
12145489,2,1,7,2,4,,,7,,,,,
12145490,3,3,7,7,,,,,,,,,
12145491,2,1,7,3,7,,,,,7,,,
12145495,1,1,7,5,3,,,,,,,,
12145496,3,2,6,6,7,,,7,,8,,,
12145497,3,3,3,7,6,,,,,,,,
12145499,2,3,3,6,7,,,,,,,,
12145900,2,3,6,7,,,,,,,,,
12145901,1,2,6,7,8,,,,,,,,
12145902,2,2,7,7,,,,,,,,,
12145903,0,0,1,4,,,,,,,,,
12145904,2,2,6,6,,,,,,,,,
12145905,2,3,4,7,13,,,,,,,,
12145906,0,0,7,0,,,,,,,,,
12145907,3,2,6,6,,,,,,,,,
12145908,1,1,1,5,,,,,,,,,
12145909,3,2,7,7,,,,,,,,,
12145910,2,1,2,8,5,,,,,,,,
12145911,3,2,7,7,,,,,,,,,
12145912,1,2,7,3,4,,,,,,,,
12145913,2,2,6,6,,,,,,,,,
12145914,3,3,7,8,,,,,,,,,
12145915,0,1,4,7,,,,,,,,,
12146045,0,1,4,6,,,,,,,,,
12146046,3,3,6,6,,,,,,,,,
12146587,2,3,7,8,,,,,8,,,,
12146723,2,3,3,8,10,,,,8,,,,
12146841,1,2,6,7,11,,,,4,,,,
12146925,1,1,3,2,,,,,,,,,
12146942,0,1,1,0,,,,,,,,,
12146943,3,3,7,7,,,,,,,,,
12146944,3,3,7,7,,,,,,,,,
12146945,3,2,6,6,,,,,,,,,
12146946,2,3,7,6,10,,,,,,,,
12146947,0,1,5,4,,,,,,,,,
12146948,3,2,6,6,,,,,,,,,
12146949,2,1,7,2,8,,,,,,,,
12146950,2,3,6,7,,,,,,,,,
12146951,1,1,0,5,,,,,,,,,
12146952,0,1,2,1,,,,,,,,,
12146953,3,2,6,7,,,,,,,,,
12146954,,,,,,,,,,,,,
12146955,0,0,4,1,,,,,,,,,
12146956,2,2,7,7,,,,,,,,,
12146957,3,2,7,7,11,,,5,,,,,
12146963,3,2,7,7,10,,,,,,,,
12146964,0,0,5,2,,,,,,,,,
12146965,0,0,7,3,,,,,,,,,
12146966,3,3,7,6,,,,,,,,,
12146967,0,1,2,1,,,,,,,,,
12146968,2,3,4,7,12,,,,,,,,
12146969,1,2,6,3,8,,,,,,,,
12146970,2,3,3,7,10,,,,,,,,
12146971,2,2,7,6,,,,,,,,,
12146972,1,2,7,4,6,,,,,,,,
12146973,3,3,6,6,,,,,,,,,
12146974,2,2,6,6,,,,,,,,,
12146975,3,3,8,7,,,,,,,,,
12146976,2,2,7,7,,,,,,,,,
12146977,3,3,6,7,,,,,,,,,
12146978,2,1,6,1,4,,,,,,,,
12147043,1,1,5,5,,,,,,,,,
12147060,1,2,6,0,2,,,,,,,,
12147062,1,1,3,1,,,,,,,,,
12147092,1,2,7,6,5,,,9,,,,,
12147093,3,3,7,8,,,,,8,,,,
12147102,2,3,6,7,12,,,5,,,,,
12147142,1,1,7,4,10,,,,,,,,
12147195,2,1,6,3,11,,,,,,,,
12147207,3,2,4,7,10,,,,,,,,
12147208,3,2,8,6,,,,,,,,,
12147209,3,2,6,6,,,,,,,,,
12147210,0,0,5,3,,,,,,,,,
12147211,0,0,3,2,,,,,,,,,
12147212,1,1,3,4,,,,,,,,,
12147213,0,0,1,0,,,,,,,,,
12147214,0,0,3,2,,,,,,,,,
12147215,,,,,,,,,,,,,
12147216,2,2,5,6,5,,,,,,,,
12147217,2,2,6,6,,,,,,,,,
12147218,2,3,6,7,,,,,,,,,
12147219,0,1,2,6,,,,,,,,,
12147220,3,3,7,7,,,,,,,,,
12147221,,,,,,,,,,,,,
12147222,3,3,6,7,,,,,,,,,
12147223,3,2,6,6,,,,,,,,,
12147249,3,3,7,6,,,,7,,,,,
12147250,2,2,2,8,10,,,,7,,,,
12147251,3,2,7,6,,,,,,,,,
12147252,2,2,6,7,,,,,,,,,
12147253,2,2,6,7,,,,,,,,,
12147254,0,0,2,1,,,,,,,,,
12147255,0,0,4,1,,,,,,,,,
12147256,0,1,3,5,,,,,,,,,
12147257,1,0,0,2,,,,,,,,,
12147258,1,1,1,3,,,,,,,,,
12147259,2,2,6,8,,,,,7,,,,
12147260,0,0,7,6,,,,4,6,,,,
12147261,2,3,7,7,,,,,,,,,
12147262,3,3,7,2,11,,,,,,,,
12147263,3,3,7,6,,,,,,,,,
12147264,3,3,7,6,,,,,,,,,
12147265,3,3,7,7,,,,,,,,,
12147266,2,3,7,6,,,,,,,,,
12147267,1,2,6,6,9,,,4,,,,,
12147268,2,3,7,7,,,,,,,,,
12147269,2,2,7,8,,,,,,,,,
12147270,2,3,7,3,11,,,,,,,,
12147271,2,3,6,2,10,,,,,,,,
12147272,3,3,7,6,,,,,,,,,
12147273,2,3,7,7,,,,,,,,,
12147274,1,0,5,5,,,,,,,,,
12147275,0,0,3,3,,,,,,,,,
12147276,3,3,6,5,11,,,,,,,,
12147277,2,1,3,7,5,,,,,,,,
12147278,0,0,3,4,,,,,,,,,
12147279,1,0,2,0,,,,,,,,,
12147280,2,2,6,7,,,,,,,,,
12147281,2,2,6,7,,,,,10,,,,
12147282,1,1,2,1,,,,,,,,,
12147283,2,1,7,5,10,,,,,,,,
12147284,0,0,2,3,,,,,,,,,
12147285,3,3,7,7,,,,,,,,,
12147286,2,2,7,6,,,,,,,,,
12147287,2,2,6,6,5,,,,,,,,
12147288,1,1,6,6,7,,,,2,,,,
12147289,2,1,7,5,7,,,,,,,,
12147290,0,1,2,6,,,,,3,,,,
12147291,1,1,2,5,,,,,,,,,
12147292,2,3,6,7,,,,,,,,,
12147293,1,0,4,2,,,,,,,,,
12147307,1,1,8,6,2,,,9,3,,,,
12147365,3,2,4,7,10,,,,,,,,
12147366,0,0,5,4,,,,,,,,,
12147367,3,2,8,6,,,,,,,,,
12147368,2,2,8,6,,,,8,,,,,
12147371,1,1,2,4,,,,,,,,,
12147373,1,0,5,5,,,,,,,,,
12147379,3,3,7,4,11,,,,,,,,
12147380,0,1,1,5,,,,,,,,,
12147382,3,3,7,7,,,,,,,,,
12147383,1,1,4,2,,,,,,,,,
12147384,1,1,7,3,9,,,7,,,,,
12147385,2,3,7,7,,,,,,,,,
12147386,0,1,4,5,,,,,,,,,
12147387,2,3,6,7,,,,,,,,,
12147388,1,1,5,5,,,,,,,,,
12147389,2,3,7,7,,,,,,,,,
12147396,2,2,8,2,11,,,10,,,,,
12147410,0,1,5,4,,,,,,,,,
12147411,1,1,1,6,,,,,1,,,,
12147412,3,3,6,6,,,,,,,,,
12147413,0,0,2,1,,,,,,,,,
12147414,0,1,4,2,,,,,,,,,
12147415,1,2,7,6,4,,,6,,,,,
12147416,3,3,6,5,6,,,,,,,,
12147424,2,3,7,6,,,,,,,,,
12147425,2,1,8,5,4,,,,,,,,
12147426,2,2,6,6,,,,,,,,,
12147427,0,0,4,3,,,,,,,,,
12147428,1,0,4,5,,,,,,,,,
12147429,1,2,6,4,2,,,,,,,,
12147430,1,2,7,3,4,,,,,,,,
12147480,0,1,2,3,,,,,,,,,
12147481,3,3,7,7,,,,,,,,,
12147482,1,2,7,0,7,,,,,,,,
12147483,2,2,6,6,,,,,,,,,
12147484,3,3,6,7,,,,,,,,,
12147485,1,0,6,6,,,,,,,,,
12147486,2,2,6,7,,,,,,,,,
12147487,0,1,3,6,,,,,,,,,
12147488,3,2,7,6,,,,,,,,,
12147489,3,2,8,6,,,,,,,,,
12147490,2,2,7,3,8,,,,,,,,
12147491,3,3,7,6,,,,,,,,,
12147492,3,2,7,5,11,,,,,,,,
12147493,,,,,,,,,,,,,
12147494,2,3,7,6,10,,,,,,,,
12147495,3,3,6,6,,,,,,,,,
12147501,2,3,7,6,,,,,,,,,
12147502,1,0,2,7,,,,,3,,,,
12147507,1,0,0,2,,,,,,,,,
12147531,2,2,3,6,4,,,,,,,,
12147555,2,2,2,6,6,,,,,,,,
12147556,2,3,7,7,,,,,7,,,,
12147558,1,1,0,0,,,,,,,,,
12147559,1,0,2,2,,,,,,,,,
12147560,2,3,7,6,,,,,,,,,
12147561,2,2,8,7,,,,,,,,,
12147562,2,3,6,8,10,,,,7,,,,
12147563,0,0,3,2,,,,,,,,,
12147564,2,2,2,7,7,,,,,,,,
12147565,1,1,2,1,,,,,,,,,
12147566,0,0,5,2,,,,,,,,,
12147567,3,2,8,6,,,,,,,,,
12147568,3,2,6,6,,,,,,,,,
12147569,2,3,6,6,,,,,,,,,
12147570,2,2,4,7,11,,,,,,,,
12147571,2,2,7,6,,,,,,,,,
12147572,2,3,7,5,11,,,,,,,,
12147573,1,0,4,2,,,,,,,,,
12147574,2,3,8,7,,,,8,,,,,
12147575,2,3,6,6,,,,,,,,,
12147576,1,0,2,6,,,,,,,,,
12147577,3,2,8,7,,,,,,,,,
12147578,2,1,4,7,8,,,,,,,,
12147579,2,2,6,7,,,,,,,,,
12147580,,,5,,,,,,,,,,
12147581,2,3,7,7,,,,,,,,,
12147582,1,1,2,2,,,,,,,,,
12147583,,,,,,,,,,,,,
12147584,0,0,1,4,,,,,,,,,
12147585,2,3,6,6,,,,,,,,,
12147586,0,1,1,1,,,,,,,,,
12147587,1,0,3,2,,,,,,,,,
12147588,0,0,6,4,,,,,,,,,
12147589,2,2,6,7,,,,,,,,,
12147590,,,,,,,,,,,,,
12147591,1,0,1,2,,,,,,,,,
12147592,1,1,4,2,,,,,,,,,
12147593,1,0,1,2,,,,,,,,,
12147594,2,2,7,6,,,,,,,,,
12147595,1,2,2,6,11,,,,,,,,
12147596,3,2,6,8,,,,,,,,,
12147597,3,2,7,8,10,,,,,,,,
12147598,0,0,2,4,,,,,,,,,
12147599,3,2,7,6,,,,,,,,,
12147600,1,0,4,4,,,,,,,,,
12147601,2,1,4,7,9,,,,,,,,
12147602,2,2,6,6,,,,,,,,,
12147603,2,2,6,6,,,,,,,,,
12147604,1,1,6,6,6,,,,,,,,
12147605,3,2,6,7,,,,,,,,,
12147606,3,3,6,6,,,,,,,,,
12147607,1,2,6,5,8,,,,,,,,
12147608,3,2,7,6,,,,,,,,,
12147609,1,2,4,6,4,,,,,,,,
12147610,1,0,3,6,,,,,,,,,
12147611,3,3,4,7,10,,,,,,,,
12147612,2,2,6,6,,,,,,,,,
12147615,3,3,7,6,,,,,,,,,
12147616,0,0,2,0,,,,,,,,,
12147617,1,1,7,8,5,,,12,,,,,
12147618,1,2,3,7,8,,,,7,,,,
12147619,3,2,3,8,11,,,,8,,,,
12147620,3,2,7,7,,,,,,,,,
12147622,1,1,3,7,3,,,,,,,,
12147624,0,0,4,2,,,,,,,,,
12147642,1,0,6,5,,,,,,,,,
12147643,2,3,6,6,,,,,,,,,
12147644,2,3,6,7,,,,,,,,,
12147645,0,0,3,5,,,,,,,,,
12147646,1,1,1,2,,,,,,,,,
12147647,2,2,7,7,,,,,,,,,
12147648,0,1,2,4,,,,,,,,,
12147649,3,3,7,5,11,,,,,,,,
12147651,2,3,8,6,,,,,,,,,
12147652,3,3,7,6,,,,,,,,,
12147653,2,1,7,1,2,,,,,,,,
12147655,1,1,4,4,,,,,,,,,
12147663,2,3,7,8,,,,,,,,,
12147665,3,2,6,6,,,,,,,,,
12147666,1,0,6,2,,,,,,,,,
12147667,0,1,3,5,,,,,,,,,
12147668,0,0,3,3,,,,,,,,,
12147669,0,0,0,1,,,,,,,,,
12147670,2,2,6,7,,,,,,,,,
12147671,2,2,7,7,10,,,,,,,,
12147672,3,3,2,6,10,,,,,,,,
12147673,2,3,6,7,,,,,,,,,
12147674,2,2,6,1,11,,,,,,,,
12147675,3,2,7,7,,,,,,,,,
12147676,3,3,6,6,,,,,,,,,
12147677,0,1,3,3,,,,,,,,,
12147678,2,3,6,6,,,,,,,,,
12147679,1,2,6,3,12,,,,,,,,
12147680,0,1,5,2,,,,,,,,,
12147681,2,3,7,7,,,,,,,,,
12147682,0,1,4,5,,,,,,,,,
12147683,2,2,6,7,,,,,,,,,
12147690,2,2,7,8,,,,,,,,,
12147691,2,1,4,7,4,,,,,,,,
12147692,0,1,5,5,,,,,,,,,
12147693,2,3,6,7,,,,,,,,,
12147694,3,3,6,7,,,,,,,,,
12147695,1,0,1,0,,,,,,,,,
12147696,1,0,3,3,,,,,,,,,
12147697,3,2,7,6,,,,,,,,,
12147698,0,1,4,4,,,,,,,,,
12147699,3,3,6,6,,,,,,,,,
12147700,0,1,1,3,,,,,,,,,
12147701,1,1,1,1,,,,,,,,,
12147706,1,1,6,5,7,,,,,,,,
12147709,3,3,7,7,,,,,,,,,
12147710,2,3,7,7,,,,,,,,,
12147711,1,1,0,1,,,,,,,,,
12147712,2,2,7,7,,,,,,,,,
12147713,3,2,7,7,,,,,,,,,
12147714,3,2,6,7,,,,,,,,,
12147715,3,3,7,7,,,,,,,,,
12147716,1,1,3,7,6,,,,,,,,
12147717,1,2,3,7,5,,,,,,,,
12147718,0,1,4,2,,,,,,,,,
12147719,3,3,6,7,,,,,,,,,
12147720,0,0,2,0,,,,,,,,,
12147721,2,3,7,7,12,,,,,,,,
12147722,3,2,6,7,,,,,,,,,
12147723,2,2,7,7,,,,,,,,,
12147724,2,2,7,7,,,,,,,,,
12147727,1,0,6,2,,,,,,,,,
12147728,0,0,3,5,,,,,,,,,
12147729,2,3,6,6,11,,,,4,,,,
12147730,3,3,8,7,,,,,8,,,,
12147731,2,2,7,5,6,,,,,,,,
12147732,2,2,6,7,11,,,,,,,,
12147733,2,1,5,6,7,,,,,,,,
12147734,2,3,7,6,,,,,,,,,
12147735,3,2,8,7,,,,,,,,,
12147736,1,1,3,5,,,,,,,,,
12147737,0,0,3,3,,,,,,,,,
12147738,3,3,7,7,,,,,,,,,
12147739,0,0,1,2,,,,,,,,,
12147740,1,1,3,3,,,,,,,,,
12147741,3,2,7,7,,,,,,,,,
12147742,,,,,,,,,,,,,
12147744,2,1,6,6,3,,,,,,,,
12147768,2,1,7,6,7,,,4,,3,,,
12147770,1,0,6,5,,,,6,,,,,
12147771,3,3,7,6,,,,,,,,,
12147772,0,0,2,1,,,,,,,,,
12147773,1,1,2,1,,,,,,,,,
12147774,0,1,1,3,,,,,,,,,
12147775,1,0,2,1,,,,,,,,,
12147776,1,2,8,6,6,,,,8,,,,
12147777,2,3,7,6,,,,,,,,,
12147778,2,3,6,6,,,,,,,,,
12147779,2,2,7,7,,,,,,,,,
12147780,0,1,1,3,,,,,,,,,
12147781,3,2,7,8,,,,,,,,,
12147789,2,2,7,7,,,,,,,,,
12147790,3,3,7,7,7,,,,4,7,,,
12147791,3,3,7,7,,,,,,,,,
12147820,3,3,6,5,6,,,,,,,,
12147838,1,0,3,1,,,,,,,,,
12147855,2,3,6,3,10,,,,,,,,
12147856,3,3,6,7,,,,,,,,,
12147881,2,3,7,8,,,,7,8,,,,
12147895,3,3,7,6,,,,,,,,,
12147896,2,3,7,6,,,,,,,,,
12147897,3,3,7,6,,,,,,,,,
12147898,3,3,7,6,,,,,,,,,
12147905,0,0,4,4,,,,,,,,,
12147918,2,3,6,7,10,,,,3,,,,
12147922,2,2,5,7,10,,,,,,,,
12147923,3,3,4,8,12,,,,,,,,
12147924,2,3,7,7,,,,,,,,,
12147925,2,2,5,6,11,,,,,,,,
12147926,2,3,7,7,,,,,,,,,
12147927,0,0,5,3,,,,,,,,,
12147928,2,2,7,7,,,,,,,,,
12147929,3,3,6,7,,,,,,,,,
12147930,2,2,7,7,,,,,,,,,
12147931,1,1,3,3,,,,,,,,,
12147932,3,2,6,7,,,,,,,,,
12147933,3,3,7,1,11,,,,,,,,
12147934,0,0,4,2,,,,,,,,,
12147935,,,,,,,,,,,,,
12147936,3,3,6,7,,,,,,,,,
12147937,2,1,3,6,8,,,,,,,,
12147942,1,2,1,6,1,,,,,,,,
12147948,2,2,6,4,8,,,,,,,,
12147949,2,2,7,5,4,,,,,,,,
12147950,1,0,2,5,,,,,,,,,
12147952,,,,,,,,,,,,,
12147953,3,2,7,7,,,,,,,,,
12147956,2,2,3,7,7,,,,,,,,
12147958,,,,,,,,,,,,,
12148000,2,2,6,6,,,,,,,,,
12148009,1,0,2,3,,,,,,,,,
12148043,3,3,3,6,11,,,,,,,,
12148054,2,2,6,7,,,,,,,,,
12148114,2,2,6,6,,,,,,,,,
12148124,1,1,0,2,,,,,,,,,
12148125,3,2,6,6,,,,,,,,,
12148126,0,1,3,2,,,,,,,,,
12148127,3,2,6,6,10,,,,,,,,
12148128,3,2,6,6,,,,,,,,,
12148129,1,1,2,2,,,,,,,,,
12148130,3,2,7,7,,,,,,,,,
12148131,2,3,7,7,,,,,,,,,
12148132,1,0,3,1,,,,,,,,,
12148133,2,2,7,6,,,,,,,,,
12148134,2,3,7,7,,,,,,,,,
12148135,0,0,0,1,,,,,,,,,
12148136,0,1,0,1,,,,,,,,,
12148137,1,2,4,8,5,,,,,,,,
12148138,0,1,1,1,,,,,,,,,
12148139,2,2,3,7,10,,,,,,,,
12148140,1,1,4,1,,,,,,,,,
12148141,2,3,6,6,,,,,,,,,
12148142,2,3,7,6,,,,,,,,,
12148143,2,2,7,4,6,,,,,,,,
12148144,3,2,5,6,7,,,,,,,,
12148145,1,0,4,2,,,,,,,,,
12148146,,,,,,,,,,,,,
12148147,1,0,0,1,,,,,,,,,
12148148,2,2,8,7,,,,,,,,,
12148149,2,3,7,6,,,,,,,,,
12148150,2,2,6,7,,,,,,,,,
12148151,1,0,2,2,,,,,,,,,
12148152,1,1,2,7,,,,,3,,,,
12148154,1,1,5,1,,,,,,,,,
12148155,3,2,7,7,,,,,8,,,,
12148156,0,0,0,3,,,,,,,,,
12148172,3,2,6,6,,,,,,,,,
12148173,2,2,7,7,,,,,,,,,
12148184,2,2,7,6,,,,,,,,,
12148190,1,1,7,4,5,,,,,,,,
12148206,2,2,6,6,,,,,,,,,
12148207,1,1,7,3,4,,,,,,,,
12148208,0,0,2,,,,,,,,,,
12148209,2,2,7,7,,,,,,,,,
12148210,3,3,7,6,,,,,,,,,
12148211,2,3,7,6,,,,,,,,,
12148300,3,3,6,6,,,,,,,,,
12148301,3,3,7,6,,,,,,,,,
12148302,1,0,4,4,,,,,,,,,
12148303,0,1,6,2,,,,,,,,,
12148304,0,0,1,2,,,,,,,,,
12148305,3,3,7,6,,,,,,,,,
12148306,3,2,6,6,,,,,,,,,
12148307,0,1,1,4,,,,,,,,,
12148308,1,0,3,4,,,,,,,,,
12148309,3,2,6,7,,,,,,,,,
12148310,0,1,7,3,,,,,,,,,
12148311,3,3,6,6,,,,,,,,,
12148312,1,0,6,3,,,,,,,,,
12148313,3,2,6,6,,,,,,,,,
12148314,2,3,7,7,,,,,,,,,
12148315,3,2,6,6,,,,,,,,,
12148323,2,3,8,6,,,,,,,,,
12148324,2,3,6,7,,,,,,,,,
12148325,3,2,7,7,,,,,,,,,
12148326,0,1,0,3,,,,,,,,,
12148327,2,2,6,7,,,,,,,,,
12148328,1,0,6,3,,,,6,,,,,
12148329,2,2,7,7,,,,,,,,,
12148330,3,2,7,7,,,,,,,,,
12148331,1,1,7,2,9,,,,,,,,
12148332,3,3,6,7,,,,,,,,,
12148333,0,0,2,4,,,,,,,,,
12148334,2,2,6,3,12,,,,,,,,
12148335,0,1,1,2,,,,,,,,,
12148336,3,2,6,6,,,,,,,,,
12148337,3,2,8,7,,,,,8,,,,
12148369,3,2,3,6,11,,,,,,,,
12148370,0,0,5,2,,,,,,,,,
12148601,0,1,4,2,,,,,,,,,
12148602,1,1,1,1,,,,,,,,,
12148611,2,3,7,6,,,,,,,,,
12148612,0,1,4,6,,,,,,,,,
12148613,3,3,6,1,11,,,,,,,,
12148614,3,2,6,7,,,,,,,,,
12148615,3,3,7,6,,,,,,,,,
12148616,3,3,7,7,,,,,,,,,
12148617,1,1,2,5,,,,,,,,,
12148618,0,1,4,2,,,,,,,,,
12148619,2,3,8,6,,,,,,,,,
12148620,3,3,6,6,,,,,,,,,
12148621,1,0,4,1,,,,,,,,,
12148622,3,3,8,6,,,,,,,,,
12148623,3,3,7,7,,,,,,,,,
12148624,2,1,3,7,9,,,,,,,,
12148625,3,2,7,7,,,,,,,,,
12148626,3,2,6,7,,,,,,,,,
12148627,1,0,3,4,,,,,,,,,
12148628,0,1,2,3,,,,,,,,,
12148629,3,3,7,6,,,,,,,,,
12148630,1,1,7,3,,,,,,,,,
12148631,1,1,3,2,,,,,,,,,
12148632,3,2,7,6,,,,,,,,,
12148633,2,3,3,8,7,,,,8,,,,
12148634,1,0,3,7,,,,,1,,,,
12148635,0,1,3,4,,,,,,,,,
12148636,1,0,4,0,,,,,,,,,
12148637,0,0,3,1,,,,,,,,,
12148638,1,1,6,6,6,,,4,,,,,
12148639,3,3,3,7,7,,,,,,,,
12148640,3,3,6,6,,,,,,,,,
12148850,3,3,6,6,,,,,,,,,
12148873,0,1,5,3,,,,,,,,,
12148934,2,2,7,7,,,,,,,,,
12148943,0,0,3,6,,,,,,,,,
12148944,2,2,6,5,3,,,,,,,,
12148945,3,3,6,7,,,,,,,,,
12148953,1,2,6,6,7,,,,,,,,
12148954,2,1,7,6,9,,,,,,,,
12148955,2,1,6,2,11,,,,,,,,
12148956,0,1,4,3,,,,,,,,,
12148957,1,0,2,7,,,,,2,,,,
12148959,2,2,6,6,,,,,,,,,
12148960,3,3,3,7,11,,,,,,,,
12148961,1,0,3,6,,,,,6,,,,
12148962,3,3,6,6,,,,,,,,,
12148964,3,3,7,6,,,,8,,,,,
12148966,3,2,7,7,,,,8,,,,,
12148967,2,3,6,6,,,,,,,,,
12148968,1,1,7,6,,,,6,,,,,
12148969,0,0,1,2,,,,,,,,,
12148970,1,0,1,0,,,,,,,,,
12148971,0,0,2,3,,,,,,,,,
12148972,2,2,6,6,,,,,,,,,
12148973,2,2,6,7,,,,,,,,,
12148976,1,1,6,3,6,,,,,,,,
12148977,2,1,2,7,3,,,,,,,,
12148978,1,2,7,7,4,,,7,,,,,
12148979,2,2,6,6,,,,,,,,,
12148981,2,2,5,6,7,,,,,,,,
12148983,2,3,7,7,,,,,,,,,
12148992,2,2,6,2,11,,,,,,,,
12149324,0,1,4,5,,,,,,,,,
12149448,1,2,1,6,6,,,,,,,,
12149481,1,2,3,6,3,,,,,,,,
12149483,1,2,3,6,4,,,,,,,,
12149484,0,1,5,1,,,,,,,,,
12149486,2,3,7,6,,,,,,,,,
12149488,2,3,7,7,12,,,2,,,,,
12149578,1,0,3,2,,,,,,,,,
12149579,3,2,7,7,,,,,,,,,
12149580,3,3,7,7,,,,,,,,,
12149620,3,3,6,7,,,,,,,,,
12149621,2,2,8,7,13,,,8,2,,,,
12149653,0,1,0,2,,,,,,,,,
12149654,3,2,7,7,,,,,,,,,
12149655,1,0,1,2,,,,,,,,,
12149665,3,3,7,7,,,,,,,,,
12149666,3,2,7,7,,,,,,,,,
12149667,0,1,1,1,,,,,,,,,
12149668,3,2,7,7,,,,,,,,,
12149669,3,2,6,7,10,,,,,,,,
12149670,2,2,6,6,,,,,,,,,
12149671,1,1,7,2,7,,,,,,,,
12149672,2,2,7,5,3,,,,,,,,
12149673,2,2,7,6,,,,,,,,,
12149674,3,3,6,8,,,,,10,,,,
12149675,2,2,7,7,,,,,,,,,
12149680,3,3,7,7,,,,,,,,,
12149694,2,2,6,4,7,,,,,,,,
12149703,1,0,3,4,,,,,,,,,
12149704,2,2,1,7,8,,,,,,,,
12149705,1,2,6,3,8,,,,,,,,
12149714,0,0,3,1,,,,,,,,,
12149715,1,1,0,1,,,,,,,,,
12149716,2,3,5,6,11,,,,,,,,
12149717,1,0,4,3,,,,,,,,,
12149718,2,1,6,6,9,,,,7,,,,
12149719,3,2,6,7,,,,,,,,,
12149720,2,3,6,6,,,,,,,,,
12149721,1,1,6,1,,,,5,,,,,
12149722,2,2,7,7,,,,,,,,,
12149723,3,3,7,7,,,,,,,,,
12149724,3,2,4,8,7,,,,,,,,
12149766,2,2,7,6,,,,,,,,,
12149767,3,2,6,6,,,,,,,,,
12149808,0,0,4,2,,,,,,,,,
12149809,2,2,7,6,,,,,,,,,
12149893,0,0,4,,,,,,,,,,
12149910,2,2,5,7,5,,,,,,,,
12149913,1,1,5,5,,,,,,,,,
12149914,2,3,4,6,11,,,,,,,,
12149915,2,3,6,6,,,,,,,,,
12149991,2,2,6,8,,,,,,,,,
12149992,3,2,6,6,,,,,,,,,
12149993,3,3,6,7,,,,,,,,,
12150001,2,2,7,2,4,,,,,,,,
12150009,3,3,7,6,,,,,,,,,
12150010,2,2,6,7,,,,,,,,,
12150011,2,2,5,6,7,,,,,,,,
12150012,0,0,2,,,,,,,,,,
12150013,3,3,7,7,,,,,,,,,
12150014,,,,,,,,,,,,,
12150015,2,3,7,6,,,,,,,,,
12150016,2,3,6,7,,,,,,,,,
12150017,3,2,7,6,,,,,,,,,
12150018,3,3,7,6,,,,,,,,,
12150026,1,0,2,3,,,,,,,,,
12150067,2,3,6,7,,,,,,,,,
12150073,3,2,5,7,10,,,,,,,,
12150171,2,2,6,3,10,,,,,,,,
12150180,,,,,,,,,,,,,
12150182,3,2,7,6,,,,,,,,,
12150183,3,2,3,6,10,,,,,,,,
12150185,2,1,3,6,9,,,,,,,,
12150187,0,0,3,3,,,,,,,,,
12150188,3,2,8,7,,,,,,,,,
12150191,1,1,3,5,,,,,,,,,
12150193,2,2,7,6,,,,,,,,,
12150196,2,2,7,8,,,,,,,,,
12150199,2,3,6,7,,,,,,,,,
12150200,2,3,7,6,,,,,,,,,
12150206,1,0,7,4,,,,7,,,,,
12150230,0,0,3,1,,,,,,,,,
12150295,2,2,7,6,,,,,,,,,
12150296,0,0,3,4,,,,,,,,,
12150297,1,0,5,4,,,,,,,,,
12150298,2,2,3,7,8,,,,,8,,,
12150300,1,0,1,5,,,,,,,,,
12150307,,,,,,,,,,,,,
12150322,2,1,6,0,9,,,,,,,,
12150537,3,2,6,6,,,,,,,,,
12150539,2,2,7,6,,,,,,,,,
12150540,1,0,3,2,,,,,,,,,
12150543,1,1,2,2,,,,,,,,,
12150544,1,1,3,3,,,,,,,,,
12150546,3,2,6,8,,,,,7,,,,
12150549,1,0,3,2,,,,,,,,,
12150551,2,2,6,6,,,,,,,,,
12150552,3,2,5,7,10,,,,,,,,
12150625,0,1,5,4,,,,,,,,,
12150628,1,0,0,2,,,,,,,,,
12150630,2,1,2,8,3,,,,9,,,,
12150660,2,2,7,5,6,,,,,,,,
12150661,3,2,7,6,,,,,,,,,
12150662,2,3,6,7,11,,,,4,,,,
12150671,3,3,8,6,,,,,,,,,
12150672,3,2,2,6,10,,,,,,,,
12150673,1,0,1,2,,,,,,,,,
12150674,1,0,5,5,,,,,,,,,
12150675,2,1,7,6,9,,,,,,,,
12150676,2,3,7,6,,,,,,,,,
12150677,3,3,6,6,,,,,,,,,
12150678,2,2,6,6,,,,,,,,,
12150679,2,3,6,1,8,,,,,8,,,
12150680,2,2,6,6,,,,,,,,,
12150681,0,0,4,3,,,,,,,,,
12150685,0,1,2,4,,,,,,,,,
12150688,3,3,6,7,,,,,,,,,
12150691,1,2,2,7,8,,,,8,,,,
12150692,3,3,7,6,,,,,,,,,
12150693,1,0,2,5,,,,,,,,,
12150694,1,0,1,1,,,,,,,,,
12150699,2,3,6,7,,,,,,,,,
12150701,0,0,5,1,,,,,,,,,
12150705,3,2,7,7,,,,,,,,,
12150708,3,3,7,7,,,,,,,,,
12150733,1,2,4,7,7,,,,,6,,,
12150745,2,1,8,3,5,,,,,,,,
12150746,1,0,5,2,,,,,,,,,
12150747,0,1,5,3,,,,,,,,,
12150748,1,1,7,5,9,,,,,,,,
12150749,1,1,5,1,,,,,,,,,
12150750,3,2,7,8,,,,,,,,,
12150751,2,2,7,7,,,,,,,,,
12150752,0,0,1,1,,,,,,,,,
12150753,,,,,,,,,,,,,
12150755,3,3,6,6,,,,,,,,,
12150756,2,2,7,6,,,,,,,,,
12150760,3,2,7,7,,,,7,,,,,
12150762,2,2,7,7,,,,,,,,,
12150764,3,2,6,7,,,,,,,,,
12150771,1,0,4,7,,,,,5,,,,
12150772,3,3,2,7,7,,,,,,,,
12150775,3,2,5,7,11,,,,,,,,
12150776,0,0,4,4,,,,,,,,,
12150777,2,3,7,6,,,,,,,,,
12150778,1,0,4,7,,,,,,,,,
12150779,1,0,3,2,,,,,,,,,
12150781,2,2,4,7,5,,,,,,,,
12150782,3,2,6,6,,,,,,,,,
12150783,2,3,6,6,,,,,,,,,
12150785,3,2,7,5,10,,,,,,,,
12150786,2,2,6,7,,,,,,,,,
12150787,0,1,6,1,,,,8,,,,,
12150788,0,1,2,5,,,,,,,,,
12150789,2,3,7,7,10,,,11,,,,,
12150790,0,0,4,3,,,,,,,,,
12150791,2,2,7,7,,,,,,,,,
12150792,1,1,5,8,10,,,,8,,,,
12150869,3,2,6,4,10,,,,,,,,
12150870,2,2,8,7,,,,,,,,,
12150876,1,0,6,4,,,,5,,,,,
12150880,1,1,6,2,3,,,,,,,,
12150883,2,1,6,6,7,,,,7,,,,
12150884,3,2,6,7,,,,,,,,,
12150894,2,2,6,6,,,,,,,,,
12150911,2,1,5,7,7,,,,,,,,
12150912,3,2,6,7,,,,,,,,,
12150913,0,1,1,2,,,,,,,,,
12150914,2,2,4,7,11,,,,,,,,
12150915,2,1,2,7,2,,,,,,,,
12150918,3,3,6,7,,,,,,,,,
12150920,2,1,7,2,7,,,8,,,,,
12150922,1,1,7,4,3,,,,,,,,
12150923,2,2,6,6,,,,,,,,,
12150924,2,1,2,6,5,,,,,,,,
12150932,3,3,4,8,10,,,,7,,,,
12150933,0,0,2,3,,,,,,,,,
12150934,2,2,6,6,,,,,,,,,
12150935,2,1,4,7,9,,,,,,,,
12150936,3,2,4,6,11,,,,,,,,
12150937,2,3,6,4,10,,,,,,,,
12150938,2,2,7,7,,,,,,,,,
12150939,2,2,6,6,,,,,,,,,
12150973,1,1,1,1,,,,,,,,,
12150996,1,0,3,2,,,,,,,,,
12151055,1,1,5,6,,,,,,,,,
12151056,2,2,7,6,,,,,,,,,
12151057,3,3,6,6,,,,,,,,,
12151058,3,2,6,7,,,,,,,,,
12151060,2,2,7,6,,,,,,,,,
12151061,1,1,3,1,,,,,,,,,
12151062,1,1,4,6,2,,,,,,,,
12151065,1,1,4,1,,,,,,,,,
12151066,1,0,2,3,,,,,,,,,
12151069,3,3,6,7,,,,,,,,,
12151070,1,1,2,2,,,,,,,,,
12151072,2,2,8,4,7,,,,,,,,
12151073,1,0,5,2,,,,,,,,,
12151074,2,2,6,6,,,,,,,,,
12151076,3,2,7,6,,,,,,,,,
12151077,2,3,6,6,,,,,,,,,
12151078,2,3,8,8,,,,,8,,,,
12151093,3,3,6,6,,,,,,,,,
12151094,0,0,4,2,,,,,,,,,
12151116,2,3,6,7,,,,,,,,,
12151117,1,1,6,3,6,,,,,,,,
12151164,1,1,7,2,4,,,,,,,,
12151168,2,3,8,4,6,,,,,,,,
12151169,2,3,7,4,6,,,,,,,,
12151172,2,3,6,6,,,,,,,,,
12151261,2,2,7,7,,,,,,,,,
12151291,2,2,6,6,6,,,,6,5,,,
12151293,2,2,6,2,7,,,,,,,,
12151294,0,1,6,4,,,,,,,,,
12151299,2,3,6,8,,,,,7,,,,
12151301,,,,,,,,,,,,,
12151302,0,0,3,4,,,,,,,,,
12151303,3,2,7,8,,,,,,,,,
12151311,1,1,2,7,5,,,,,,,,
12151360,2,3,7,7,,,,,,,,,
12151361,2,3,7,6,11,,,,,,,,
12151370,2,3,6,6,13,,,,8,,,,
12151471,2,3,7,7,11,,,,,,,,
12151472,2,2,7,7,,,,,,,,,
12151473,3,2,8,7,,,,,,,,,
12151474,2,2,7,7,,,,,,,,,
12151475,3,3,7,7,,,,,,,,,
12151476,2,3,7,6,,,,,,,,,
12151477,2,3,8,8,,,,7,,,,,
12151483,3,2,7,7,,,,,,,,,
12151484,3,3,6,7,,,,,,,,,
12151486,3,3,7,7,,,,,,,,,
12151524,0,0,3,2,,,,,,,,,
12151525,3,2,6,6,,,,,,,,,
12151527,2,2,2,7,2,,,,11,,,,
12151528,2,3,3,8,6,,,,,,,,
12151530,1,2,3,6,6,,,,,3,,,
12151531,2,2,5,7,7,,,,,,,,
12151532,2,3,7,7,,,,,7,,,,
12151573,3,3,6,6,,,,,,,,,
12151707,2,2,6,6,,,,,,,,,
12151717,2,3,7,7,,,,8,,,,,
12151718,2,2,6,3,7,,,,,,,,
12151719,3,2,7,1,12,,,7,,,,,
12151720,2,2,8,3,11,,,,,,,,
12151724,3,2,7,5,10,,,,,,,,
12151725,1,2,7,3,,,,,,,,,
12151739,3,3,2,6,11,,,,,,,,
12152955,0,0,6,3,,,,,,,,,
12152956,3,3,6,6,,,,,,,,,
12152957,2,3,7,7,,,,,,,,,
12152958,0,1,3,4,,,,,,,,,
12152959,2,3,6,7,,,,,,,,,
12152960,0,0,5,5,,,,,,,,,
12153237,3,2,7,4,10,,,,,,,,
12153288,3,2,7,7,,,,,,,,,
12153585,1,0,5,4,,,,,,,,,
12153909,2,3,6,7,,,,,,,,,
12153914,0,1,3,0,,,,,,,,,
12109939,1,1,4,6,3,,,,,,,,
12109943,1,1,7,6,3,,,7,5,,,,
12109954,2,2,6,6,,,,,,,,,
12109959,2,2,6,6,,,,,,,,,
12109961,0,0,2,6,,,,,5,,,,
12109974,0,0,3,3,,,,,,,,,
12109976,2,2,6,6,,,,,,,,,
12109977,2,2,6,5,6,,,,,,,,
12110009,0,0,6,1,,,,4,,,,,
12110013,2,2,6,6,,,,,,,,,
12110014,2,2,5,6,6,,,,,,,,
12110015,0,0,3,3,,,,,,,,,
12110051,0,0,4,1,,,,,,,,,
12110053,2,2,7,0,6,,,,,,,,
12110056,0,0,4,2,,,,,,,,,
12110057,0,0,3,5,,,,,,,,,
12110058,2,2,6,6,,,,,,,,,
12110059,1,1,1,6,3,,,,,,,,
12110060,0,0,3,4,,,,,,,,,
12110062,0,0,4,3,,,,,,,,,
12110063,0,0,2,6,,,,,5,,,,
12110064,1,1,6,4,4,,,,,,,,
12110065,,,,,,,,,,,,,
12110066,0,0,5,4,,,,,,,,,
12110076,2,2,1,6,7,,,,,7,,,
12131502,1,1,6,2,1,,,,,,,,
12131506,1,1,4,7,4,,,,,,,,
12131512,2,2,6,6,,,,,,,,,
12131575,2,2,4,6,6,,,,,,,,
12131576,2,2,6,6,,,,,,,,,
12131578,0,0,4,6,,,,,2,,,,
12145469,2,2,7,6,,,,7,,,,,
12145470,2,2,4,6,6,,,,,,,,
12145472,2,2,6,7,,,,,7,,,,
12145473,2,2,6,6,,,,,,,,,
12145474,0,0,4,6,,,,,4,,,,
12145475,2,2,6,6,,,,,,,,,
12145476,0,0,2,6,,,,,4,,,,
12145477,,,,,,,,,,,,,
12145478,2,2,6,6,,,,,,,,,
12145479,0,0,4,6,,,,,5,,,,
12145480,0,0,3,2,,,,,,,,,
12145481,0,0,2,3,,,,,,,,,
12145482,2,2,6,6,,,,,,,,,
12145483,2,2,6,6,6,,,,5,,,,
12145484,0,0,6,0,,,,2,,,,,
12145485,0,0,3,0,,,,,,,,,
12145486,1,1,6,3,4,,,,,,,,
12145487,1,1,6,1,1,,,,,,,,
12145488,2,2,6,1,6,,,,,,,,
12145489,1,1,7,2,4,,,7,,,,,
12145490,2,2,7,6,,,,,,,,,
12145491,1,1,6,3,6,,,,,6,,,
12145492,2,2,6,6,,,,,,,,,
12145493,2,2,6,6,,,,,,,,,
12145494,1,1,6,4,3,,,,,,,,
12145495,1,1,6,4,2,,,,,,,,
12145496,2,2,6,6,7,,,7,,7,,,
12145497,2,2,2,7,6,,,,,,,,
12145498,0,0,4,6,,,,,4,,,,
12145499,2,2,3,6,6,,,,,,,,
12145500,0,0,3,1,,,,,,,,,
12145501,0,0,3,4,,,,,,,,,
12147268,2,2,6,6,,,,,,,,,
12147274,0,0,4,4,,,,,,,,,
12147275,0,0,3,3,,,,,,,,,
12147279,0,0,1,0,,,,,,,,,
12147280,2,2,6,6,,,,,,,,,
12147281,2,2,6,7,,,,,9,,,,
12147282,0,0,1,1,,,,,,,,,
12147287,1,1,6,5,5,,,,,,,,
12147396,2,2,7,2,10,,,9,,,,,
12147429,1,1,6,4,2,,,,,,,,
12147430,1,1,6,2,3,,,,,,,,
12147482,1,1,6,0,7,,,,,,,,
12147487,0,0,3,6,,,,,,,,,
12147494,2,2,6,6,10,,,,,,,,
12147495,2,2,6,6,,,,,,,,,
12147507,0,0,0,2,,,,,,,,,
12147555,2,2,1,6,6,,,,,,,,
12147556,2,2,6,7,,,,,7,,,,
12147617,1,1,6,7,5,,,12,,,,,
12147619,2,2,2,7,10,,,,7,,,,
12147649,2,2,6,4,10,,,,,,,,
12147655,0,0,4,4,,,,,,,,,
12147667,0,0,3,5,,,,,,,,,
12147674,1,1,6,1,10,,,,,,,,
12147676,2,2,6,6,,,,,,,,,
12147694,2,2,6,6,,,,,,,,,
12147728,0,0,2,4,,,,,,,,,
12147729,2,2,6,6,10,,,,4,,,,
12147731,1,1,6,4,6,,,,,,,,
12147733,1,1,5,6,7,,,,,,,,
12147735,2,2,7,6,,,,,,,,,
12147737,0,0,3,2,,,,,,,,,
12147738,2,2,6,7,,,,,,,,,
12147739,0,0,1,1,,,,,,,,,
12147740,0,0,3,3,,,,,,,,,
12147741,2,2,6,6,,,,,,,,,
12147791,2,2,7,6,,,,,,,,,
12147820,2,2,6,4,6,,,,,,,,
12147838,0,0,2,1,,,,,,,,,
12147855,2,2,6,3,10,,,,,,,,
12147856,2,2,6,6,,,,,,,,,
12147881,2,2,7,7,,,,7,7,,,,
12147895,2,2,6,6,,,,,,,,,
12147896,2,2,6,6,,,,,,,,,
12147898,2,2,6,6,,,,,,,,,
12147905,0,0,4,4,,,,,,,,,
12147918,2,2,6,6,10,,,,3,,,,
12147922,2,2,4,6,10,,,,,,,,
12147923,2,2,4,7,11,,,,,,,,
12147924,2,2,6,6,,,,,,,,,
12147925,2,2,4,6,10,,,,,,,,
12147926,2,2,6,6,,,,,,,,,
12147927,0,0,4,3,,,,,,,,,
12147928,2,2,6,6,,,,,,,,,
12147929,2,2,6,6,,,,,,,,,
12147930,2,2,6,6,,,,,,,,,
12147931,0,0,2,2,,,,,,,,,
12147932,2,2,6,6,,,,,,,,,
12147933,2,2,6,0,10,,,,,,,,
12147934,0,0,3,2,,,,,,,,,
12147935,,,,,,,,,,,,,
12147936,2,2,6,6,,,,,,,,,
12147937,1,1,3,6,8,,,,,,,,
12147942,1,1,1,6,1,,,,,,,,
12147948,2,2,6,4,7,,,,,,,,
12147949,1,1,7,5,4,,,,,,,,
12147950,0,0,2,4,,,,,,,,,
12147951,0,0,3,2,,,,,,,,,
12147952,,,,,,,,,,,,,
12147953,2,2,6,6,,,,,,,,,
12147954,0,0,2,4,,,,,,,,,
12147955,0,0,3,2,,,,,,,,,
12147956,2,2,3,6,6,,,,,,,,
12147957,0,0,3,2,,,,,,,,,
12147958,,,,,,,,,,,,,
12148000,2,2,6,6,,,,,,,,,
12148009,0,0,1,2,,,,,,,,,
12148043,2,2,3,6,10,,,,,,,,
12148054,2,2,6,6,,,,,,,,,
12148114,2,2,6,6,,,,,,,,,
12148124,0,0,0,1,,,,,,,,,
12148125,2,2,6,6,,,,,,,,,
12148126,0,0,2,1,,,,,,,,,
12148127,2,2,6,6,10,,,,,,,,
12148128,2,2,6,6,,,,,,,,,
12148129,0,0,2,1,,,,,,,,,
12148130,2,2,7,6,,,,,,,,,
12148131,2,2,6,6,,,,,,,,,
12148132,0,0,3,0,,,,,,,,,
12148133,2,2,6,6,,,,,,,,,
12148134,2,2,6,6,,,,,,,,,
12148135,0,0,0,1,,,,,,,,,
12148136,0,0,0,1,,,,,,,,,
12148137,1,1,4,7,5,,,,,,,,
12148138,0,0,1,1,,,,,,,,,
12148139,1,1,3,6,10,,,,,,,,
12148140,0,0,3,1,,,,,,,,,
12148141,2,2,6,6,,,,,,,,,
12148142,2,2,6,6,,,,,,,,,
12148143,2,2,6,3,6,,,,,,,,
12148144,2,2,4,6,6,,,,,,,,
12148145,0,0,4,2,,,,,,,,,
12148146,,,,,,,,,,,,,
12148147,0,0,0,1,,,,,,,,,
12148148,2,2,7,7,,,,,,,,,
12148149,2,2,7,6,,,,,,,,,
12148150,2,2,6,6,,,,,,,,,
12148151,0,0,1,1,,,,,,,,,
12148152,0,0,2,6,,,,,2,,,,
12148154,0,0,5,1,,,,,,,,,
12148155,2,2,7,7,,,,,7,,,,
12148156,0,0,0,3,,,,,,,,,
12148172,2,2,6,6,,,,,,,,,
12148173,2,2,6,6,,,,,,,,,
12148184,2,2,6,6,,,,,,,,,
12148190,1,1,6,3,5,,,,,,,,
12148206,2,2,6,6,,,,,,,,,
12148207,1,1,6,2,3,,,,,,,,
12148208,0,0,2,,,,,,,,,,
12148209,2,2,6,6,,,,,,,,,
12148210,2,2,6,6,,,,,,,,,
12148211,2,2,6,6,,,,,,,,,
12148323,2,2,7,6,,,,,,,,,
12148324,2,2,6,6,,,,,,,,,
12148325,2,2,6,6,,,,,,,,,
12148326,0,0,0,3,,,,,,,,,
12148327,2,2,6,6,,,,,,,,,
12148328,0,0,6,2,,,,6,,,,,
12148329,2,2,7,6,,,,,,,,,
12148330,2,2,6,6,,,,,,,,,
12148331,1,1,6,1,9,,,,,,,,
12148332,2,2,6,6,,,,,,,,,
12148333,0,0,2,3,,,,,,,,,
12148334,2,2,6,3,11,,,,,,,,
12148335,0,0,1,1,,,,,,,,,
12148336,2,2,6,6,,,,,,,,,
12148337,2,2,7,7,,,,,8,,,,
12148369,2,2,3,6,10,,,,,,,,
12148370,0,0,4,2,,,,,,,,,
12148591,0,0,4,4,,,,,,,,,
12148595,,,,,,,,,,,,,
12148597,2,2,7,6,,,,7,,,,,
12148601,0,0,4,2,,,,,,,,,
12148602,0,0,0,0,,,,,,,,,
12148603,0,0,2,3,,,,,,,,,
12148611,2,2,6,6,,,,,,,,,
12148612,0,0,3,5,,,,,,,,,
12148613,2,2,6,1,10,,,,,,,,
12148614,2,2,6,6,,,,,,,,,
12148615,2,2,6,6,,,,,,,,,
12148616,2,2,6,6,,,,,,,,,
12148617,0,0,2,4,,,,,,,,,
12148618,0,0,3,2,,,,,,,,,
12148619,2,2,7,6,,,,,,,,,
12148620,2,2,6,6,,,,,,,,,
12148621,0,0,3,0,,,,,,,,,
12148622,2,2,7,6,,,,,,,,,
12148623,2,2,6,6,,,,,,,,,
12148624,1,1,2,6,8,,,,,,,,
12148625,2,2,6,6,,,,,,,,,
12148626,2,2,6,6,,,,,,,,,
12148628,0,0,2,2,,,,,,,,,
12148629,2,2,6,6,,,,,,,,,
12148630,1,1,6,2,,,,,,,,,
12148631,0,0,3,2,,,,,,,,,
12148632,2,2,6,6,,,,,,,,,
12148633,2,2,3,7,6,,,,7,,,,
12148634,0,0,3,6,,,,,1,,,,
12148635,0,0,3,3,,,,,,,,,
12148636,0,0,3,0,,,,,,,,,
12148637,0,0,3,1,,,,,,,,,
12148638,1,1,6,6,5,,,4,,,,,
12148639,2,2,2,6,6,,,,,,,,
12148923,1,1,6,3,1,,,,,,,,
12148924,,,,,,,,,,,,,
12148925,1,1,6,5,6,,,,,5,,,
12148928,0,0,4,4,,,,,,,,,
12148929,1,1,3,6,1,,,,,,,,
12148931,2,2,5,6,6,,,,,,,,
12148953,1,1,5,6,7,,,,,,,,
12148954,1,1,6,5,9,,,,,,,,
12148955,1,1,6,2,10,,,,,,,,
12148956,0,0,4,3,,,,,,,,,
12148957,0,0,2,6,,,,,2,,,,
12148959,2,2,6,6,,,,,,,,,
12148960,2,2,3,6,10,,,,,,,,
12148961,0,0,2,6,,,,,5,,,,
12148962,2,2,6,6,,,,,,,,,
12148964,2,2,7,6,,,,7,,,,,
12148966,2,2,7,6,,,,7,,,,,
12148967,2,2,6,6,,,,,,,,,
12148968,0,0,6,5,,,,6,,,,,
12148969,0,0,1,2,,,,,,,,,
12148970,0,0,1,0,,,,,,,,,
12148971,0,0,2,3,,,,,,,,,
12148972,2,2,6,6,,,,,,,,,
12148973,2,2,6,6,,,,,,,,,
12148976,1,1,6,3,6,,,,,,,,
12148977,1,1,1,7,3,,,,,,,,
12148978,1,1,6,6,4,,,7,,,,,
12148979,2,2,6,6,,,,,,,,,
12148981,1,1,4,6,6,,,,,,,,
12148983,2,2,7,6,,,,,,,,,
12149448,1,1,1,6,6,,,,,,,,
12149481,1,1,2,6,2,,,,,,,,
12149483,1,1,2,6,4,,,,,,,,
12149484,0,0,5,1,,,,,,,,,
12149486,2,2,6,6,,,,,,,,,
12149488,2,2,6,7,11,,,2,,,,,
12149578,0,0,2,2,,,,,,,,,
12149579,2,2,7,6,,,,,,,,,
12149580,2,2,6,6,,,,,,,,,
12149620,2,2,6,6,,,,,,,,,
12149621,2,2,7,6,12,,,7,2,,,,
12149653,0,0,0,1,,,,,,,,,
12149654,2,2,6,6,,,,,,,,,
12149655,0,0,1,2,,,,,,,,,
12149665,2,2,6,6,,,,,,,,,
12149666,2,2,6,6,,,,,,,,,
12149667,0,0,0,1,,,,,,,,,
12149668,2,2,6,6,,,,,,,,,
12149669,2,2,5,6,10,,,,,,,,
12149670,2,2,6,6,,,,,,,,,
12149671,1,1,6,2,7,,,,,,,,
12149672,1,1,6,4,2,,,,,,,,
12149673,2,2,6,6,,,,,,,,,
12149674,2,2,6,7,,,,,9,,,,
12149675,2,2,6,6,,,,,,,,,
12149680,2,2,6,6,,,,,,,,,
12149694,1,1,6,4,7,,,,,,,,
12149703,0,0,3,4,,,,,,,,,
12149704,1,1,1,7,8,,,,,,,,
12149705,1,1,6,3,8,,,,,,,,
12149714,0,0,3,0,,,,,,,,,
12149715,0,0,0,1,,,,,,,,,
12149716,2,2,4,6,10,,,,,,,,
12149717,0,0,4,2,,,,,,,,,
12149718,1,1,6,6,9,,,,6,,,,
12149719,2,2,6,6,,,,,,,,,
12149720,2,2,6,6,,,,,,,,,
12149721,0,0,6,1,,,,4,,,,,
12149722,2,2,6,6,,,,,,,,,
12149723,2,2,6,6,,,,,,,,,
12149724,2,2,4,7,6,,,,,,,,
12149766,2,2,6,6,,,,,,,,,
12149767,2,2,6,6,,,,,,,,,
12149808,0,0,4,2,,,,,,,,,
12149809,2,2,6,6,,,,,,,,,
12149893,0,0,4,,,,,,,,,,
12149910,1,1,5,6,5,,,,,,,,
12149913,0,0,4,4,,,,,,,,,
12149914,2,2,3,6,10,,,,,,,,
12149915,2,2,6,6,,,,,,,,,
12149991,2,2,6,7,,,,,,,,,
12149992,2,2,6,6,,,,,,,,,
12149993,2,2,6,6,,,,,,,,,
12150001,1,1,6,1,4,,,,,,,,
12150009,2,2,6,6,,,,,,,,,
12150010,2,2,6,6,,,,,,,,,
12150011,1,1,4,6,6,,,,,,,,
12150012,0,0,2,,,,,,,,,,
12150013,2,2,6,6,,,,,,,,,
12150014,,,,,,,,,,,,,
12150015,2,2,7,6,,,,,,,,,
12150016,2,2,6,6,,,,,,,,,
12150017,2,2,6,6,,,,,,,,,
12150018,2,2,6,6,,,,,,,,,
12150026,0,0,1,3,,,,,,,,,
12150067,2,2,6,6,,,,,,,,,
12150073,2,2,4,6,10,,,,,,,,
12150171,2,2,6,2,10,,,,,,,,
12150180,,,,,,,,,,,,,
12150182,2,2,6,6,,,,,,,,,
12150183,2,2,3,6,10,,,,,,,,
12150185,1,1,3,6,8,,,,,,,,
12150187,0,0,2,2,,,,,,,,,
12150188,2,2,7,6,,,,,,,,,
12150191,0,0,2,5,,,,,,,,,
12150193,2,2,6,6,,,,,,,,,
12150196,2,2,6,7,,,,,,,,,
12150199,2,2,6,6,,,,,,,,,
12150200,2,2,6,6,,,,,,,,,
12150206,0,0,6,3,,,,7,,,,,
12150230,0,0,3,1,,,,,,,,,
12150295,2,2,6,6,,,,,,,,,
12150296,0,0,3,4,,,,,,,,,
12150297,0,0,4,4,,,,,,,,,
12150298,2,2,3,7,7,,,,,7,,,
12150299,,,,,,,,,,,,,
12150300,0,0,1,4,,,,,,,,,
12150307,,,,,,,,,,,,,
12150322,1,1,6,0,8,,,,,,,,
12150537,2,2,6,6,,,,,,,,,
12150539,2,2,6,6,,,,,,,,,
12150540,0,0,3,2,,,,,,,,,
12150543,0,0,1,2,,,,,,,,,
12150544,0,0,2,2,,,,,,,,,
12150545,2,2,6,6,,,,,,,,,
12150546,2,2,6,7,,,,,7,,,,
12150549,0,0,2,1,,,,,,,,,
12150551,2,2,6,6,,,,,,,,,
12150552,2,2,4,6,10,,,,,,,,
12150625,0,0,4,3,,,,,,,,,
12150627,1,1,6,1,3,,,,,,,,
12150628,0,0,0,2,,,,,,,,,
12150630,1,1,2,7,3,,,,8,,,,
12150632,2,2,6,7,,,,,10,,,,
12150660,1,1,6,4,6,,,,,,,,
12150661,2,2,6,6,,,,,,,,,
12150671,2,2,7,6,,,,,,,,,
12150672,2,2,2,6,10,,,,,,,,
12150673,0,0,0,1,,,,,,,,,
12150674,0,0,4,4,,,,,,,,,
12150675,1,1,7,5,8,,,,,,,,
12150676,2,2,6,6,,,,,,,,,
12150677,2,2,6,6,,,,,,,,,
12150678,2,2,6,6,,,,,,,,,
12150679,2,2,6,1,7,,,,,7,,,
12150680,2,2,6,6,,,,,,,,,
12150681,0,0,3,3,,,,,,,,,
12150685,0,0,2,4,,,,,,,,,
12150686,1,1,6,2,1,,,,,,,,
12150688,2,2,6,6,,,,,,,,,
12150691,1,1,2,7,7,,,,7,,,,
12150692,2,2,6,6,,,,,,,,,
12150693,0,0,1,5,,,,,,,,,
12150694,0,0,1,0,,,,,,,,,
12150699,2,2,6,6,,,,,,,,,
12150701,0,0,4,1,,,,,,,,,
12150705,2,2,6,6,,,,,,,,,
12150708,2,2,6,6,,,,,,,,,
12150729,0,0,3,4,,,,,,,,,
12150730,2,2,6,6,,,,,,,,,
12150731,0,0,4,2,,,,,,,,,
12150732,1,1,6,4,3,,,,,,,,
12150733,1,1,3,6,6,,,,,5,,,
12150745,1,1,7,3,4,,,,,,,,
12150746,0,0,4,1,,,,,,,,,
12150747,0,0,4,3,,,,,,,,,
12150748,1,1,6,4,8,,,,,,,,
12150749,0,0,5,0,,,,,,,,,
12150750,2,2,7,7,,,,,,,,,
12150751,2,2,6,6,,,,,,,,,
12150752,0,0,1,1,,,,,,,,,
12150753,,,,,,,,,,,,,
12150755,2,2,6,6,,,,,,,,,
12150756,2,2,6,6,,,,,,,,,
12150760,2,2,7,6,,,,7,,,,,
12150762,2,2,6,6,,,,,,,,,
12150764,2,2,6,6,,,,,,,,,
12150771,0,0,4,6,,,,,5,,,,
12150772,2,2,2,6,6,,,,,,,,
12150775,2,2,4,6,10,,,,,,,,
12150776,0,0,3,3,,,,,,,,,
12150777,2,2,6,6,,,,,,,,,
12150778,0,0,3,6,,,,,,,,,
12150779,0,0,2,1,,,,,,,,,
12150781,1,1,3,7,5,,,,,,,,
12150782,2,2,6,6,,,,,,,,,
12150783,2,2,6,6,,,,,,,,,
12150785,2,2,6,4,10,,,,,,,,
12150786,2,2,6,6,,,,,,,,,
12150787,0,0,6,0,,,,7,,,,,
12150788,0,0,2,4,,,,,,,,,
12150789,2,2,6,6,10,,,11,,,,,
12150790,0,0,3,3,,,,,,,,,
12150791,2,2,6,6,,,,,,,,,
12150792,1,1,4,7,9,,,,8,,,,
12150869,2,2,6,4,10,,,,,,,,
12150870,2,2,7,6,,,,,,,,,
12150876,0,0,6,3,,,,5,,,,,
12150880,1,1,6,2,3,,,,,,,,
12150883,1,1,6,6,6,,,,6,,,,
12150884,2,2,6,6,,,,,,,,,
12150894,2,2,6,6,,,,,,,,,
12150911,1,1,4,6,6,,,,,,,,
12150912,2,2,6,7,,,,,,,,,
12150913,0,0,1,1,,,,,,,,,
12150914,2,2,4,6,10,,,,,,,,
12150915,1,1,2,6,2,,,,,,,,
12150918,2,2,6,6,,,,,,,,,
12150920,1,1,7,2,7,,,7,,,,,
12150922,1,1,6,3,2,,,,,,,,
12150923,2,2,6,6,,,,,,,,,
12150924,1,1,2,6,4,,,,,,,,
12150932,2,2,4,7,10,,,,7,,,,
12150933,0,0,2,3,,,,,,,,,
12150934,2,2,6,6,,,,,,,,,
12150935,1,1,3,6,8,,,,,,,,
12150936,2,2,3,6,10,,,,,,,,
12150937,2,2,6,3,10,,,,,,,,
12150938,2,2,6,6,,,,,,,,,
12150939,2,2,6,6,,,,,,,,,
12150973,0,0,0,0,,,,,,,,,
12150996,0,0,2,2,,,,,,,,,
12151055,0,0,4,5,,,,,,,,,
12151056,2,2,6,6,,,,,,,,,
12151057,2,2,6,6,,,,,,,,,
12151058,2,2,6,7,,,,,,,,,
12151060,2,2,6,6,,,,,,,,,
12151061,0,0,3,0,,,,,,,,,
12151062,1,1,4,6,2,,,,,,,,
12151065,0,0,3,0,,,,,,,,,
12151066,0,0,2,2,,,,,,,,,
12151069,2,2,6,6,,,,,,,,,
12151070,0,0,2,1,,,,,,,,,
12151072,2,2,7,3,6,,,,,,,,
12151073,0,0,4,1,,,,,,,,,
12151074,2,2,6,6,,,,,,,,,
12151076,2,2,6,6,,,,,,,,,
12151077,2,2,6,6,,,,,,,,,
12151078,2,2,7,7,,,,,7,,,,
12151093,2,2,6,6,,,,,,,,,
12151094,0,0,4,2,,,,,,,,,
12151114,2,2,6,6,,,,,,,,,
12151116,2,2,6,6,,,,,,,,,
12151117,1,1,6,2,6,,,,,,,,
12151164,1,1,6,1,4,,,,,,,,
12151165,1,1,6,6,2,,,4,,,,,
12151166,1,1,4,6,4,,,,,,,,
12151168,2,2,7,3,6,,,,,,,,
12151169,2,2,6,3,6,,,,,,,,
12151172,2,2,6,6,,,,,,,,,
12151173,2,2,6,6,,,,,,,,,
12151261,2,2,6,7,,,,,,,,,
12151263,2,2,6,6,,,,,,,,,
12151264,2,2,6,6,,,,,,,,,
12151266,1,1,6,6,4,,,2,,,,,
12151267,,,6,2,,,,,,,,,
12151291,1,1,6,6,6,,,,5,5,,,
12151293,2,2,6,2,6,,,,,,,,
12151294,0,0,5,3,,,,,,,,,
12151299,2,2,6,7,,,,,7,,,,
12151301,,,,,,,,,,,,,
12151302,0,0,3,3,,,,,,,,,
12151303,2,2,6,7,,,,,,,,,
12151307,2,2,7,6,,,,,,,,,
12151311,1,1,1,6,5,,,,,,,,
12151312,0,0,2,0,,,,,,,,,
12151330,2,2,6,6,,,,,,,,,
12151359,0,0,4,4,,,,,,,,,
12151360,2,2,6,6,,,,,,,,,
12151361,2,2,6,5,10,,,,,,,,
12151362,2,2,6,7,,,,,,,,,
12151363,0,0,0,1,,,,,,,,,
12151364,0,0,3,3,,,,,,,,,
12151365,2,2,6,6,,,,,,,,,
12151368,1,1,6,3,8,,,,,,,,
12151370,2,2,6,6,12,,,,8,,,,
12151426,0,0,2,3,,,,,,,,,
12151471,2,2,6,7,10,,,,,,,,
12151472,2,2,7,6,,,,,,,,,
12151473,2,2,7,6,,,,,,,,,
12151474,2,2,6,6,,,,,,,,,
12151475,2,2,6,6,,,,,,,,,
12151476,2,2,6,6,,,,,,,,,
12151477,2,2,7,7,,,,7,,,,,
12151483,2,2,6,6,,,,,,,,,
12151484,2,2,6,6,,,,,,,,,
12151486,2,2,6,7,,,,,,,,,
12151510,0,0,3,2,,,,,,,,,
12151524,0,0,2,1,,,,,,,,,
12151525,2,2,6,6,,,,,,,,,
12151526,0,0,0,6,,,,,3,,,,
12151527,1,1,2,7,1,,,,11,,,,
12151528,2,2,3,7,6,,,,,,,,
12151530,1,1,3,6,6,,,,,2,,,
12151531,2,2,4,6,6,,,,,,,,
12151532,2,2,6,7,,,,,7,,,,
12151573,2,2,6,6,,,,,,,,,
12151606,1,1,6,3,3,,,,,,,,
12151618,0,0,2,2,,,,,,,,,
12151619,0,0,4,2,,,,,,,,,
12151690,0,0,2,4,,,,,,,,,
12151705,0,0,6,2,,,,2,,,,,
12151706,2,2,6,6,,,,,,,,,
12151707,2,2,6,6,,,,,,,,,
12151717,2,2,7,6,,,,7,,,,,
12151718,1,1,6,2,6,,,,,,,,
12151719,2,2,7,1,11,,,7,,,,,
12151720,2,2,7,3,10,,,,,,,,
12151721,0,0,2,0,,,,,,,,,
12151723,0,0,3,5,,,,,,,,,
12151724,2,2,6,5,10,,,,,,,,
12151725,1,1,6,2,,,,,,,,,
12151726,2,2,6,6,,,,,,,,,
12151729,0,0,4,0,,,,,,,,,
12151730,2,2,6,6,,,,,,,,,
12151731,1,1,5,6,3,,,,,,,,
12151734,2,2,6,6,,,,,,,,,
12151736,2,2,7,6,,,,7,,,,,
12151738,1,1,3,7,4,,,,,,,,
12151739,2,2,2,6,10,,,,,,,,
12151826,2,2,6,6,,,,,,,,,
12151827,2,2,6,6,,,,,,,,,
12151938,2,2,4,6,6,,,,,,,,
12151939,0,0,5,1,,,,,,,,,
12151940,1,1,3,6,3,,,,,,,,
12151941,0,0,4,4,,,,,,,,,
12151942,1,1,7,2,3,,,7,,,,,
12151943,0,0,2,4,,,,,,,,,
12152000,2,2,6,6,,,,,,,,,
12152176,1,1,6,4,5,,,,,,,,
12152179,2,2,6,3,6,,,,,,,,
12152182,0,0,6,4,,,,6,,,,,
12152185,2,2,6,6,,,,,,,,,
12152263,2,2,3,6,6,,,,,,,,
12152265,0,0,3,1,,,,,,,,,
12152268,2,2,6,6,,,,,,,,,
12152271,0,0,4,4,,,,,,,,,
12152272,0,0,2,0,,,,,,,,,
12152274,2,2,6,6,,,,,,,,,
12152275,2,2,6,6,,,,,,,,,
12152276,0,0,3,0,,,,,,,,,
12152282,2,2,6,6,,,,,,,,,
12152295,2,2,6,6,,,,,,,,,
12152299,2,2,6,6,,,,,,,,,
12152301,2,2,3,7,6,,,,7,,,,
12152302,2,2,6,6,,,,,,,,,
12152304,2,2,7,6,,,,,,,,,
12152306,0,0,0,1,,,,,,,,,
12152308,2,2,6,4,6,,,,,,,,
12152309,1,1,3,6,4,,,,,,,,
12152315,1,1,7,1,3,,,7,,,,,
12152326,0,0,3,4,,,,,,,,,
12152327,0,0,3,2,,,,,,,,,
12152328,0,0,6,4,,,,5,,,,,
12152330,0,0,0,3,,,,,,,,,
12152331,2,2,5,6,6,,,,,,,,
12152333,1,1,7,5,1,,,,,,,,
12152335,2,2,7,6,,,,,,,,,
12152336,2,2,6,6,,,,,,,,,
12152337,0,0,1,4,,,,,,,,,
12152338,2,2,6,6,,,,,,,,,
12152339,2,2,1,7,7,,,,,8,,,
12152340,2,2,6,6,,,,,,,,,
12152343,1,1,6,3,4,,,,,,,,
12152344,2,2,6,2,6,,,,,,,,
12152346,2,2,6,2,6,,,,,,,,
12152347,0,0,2,2,,,,,,,,,
12152348,1,1,6,6,4,,,2,,,,,
12152350,0,0,1,1,,,,,,,,,
12152351,0,0,5,3,,,,,,,,,
12152352,2,2,3,6,6,,,,,,,,
12152353,2,2,6,6,,,,,,,,,
12152355,0,0,3,2,,,,,,,,,
12152357,2,2,6,7,,,,,,,,,
12152386,2,2,6,6,,,,,,,,,
12152387,2,2,6,6,,,,,,,,,
12152388,2,2,6,7,,,,,8,,,,
12152389,2,2,6,6,,,,,,,,,
12152390,0,0,6,3,,,,4,,,,,
12152391,2,2,6,6,,,,,,,,,
12152392,1,1,2,6,7,,,,,,,,
12152396,0,0,3,1,,,,,,,,,
12152398,1,1,6,1,2,,,,,,,,
12152399,2,2,6,6,,,,,,,,,
12152400,1,1,4,6,4,,,,,,,,
12152401,2,2,6,6,,,,,,,,,
12152403,2,2,6,7,6,,,2,,,,,
12152404,2,2,7,6,,,,8,,,,,
12152410,2,2,6,7,,,,,,,,,
12152411,2,2,6,6,,,,,,,,,
12152413,1,1,7,5,2,,,7,,,,,
12152414,2,2,6,4,6,,,,,,,,
12152415,2,2,6,6,,,,,,,,,
12152416,0,0,0,2,,,,,,,,,
12152417,1,1,6,6,2,,,,2,,,,
12152418,1,1,6,4,0,,,,,,,,
12152419,0,0,2,3,,,,,,,,,
12152420,1,1,6,6,3,,,,9,,,,
12152421,2,2,6,6,6,,,,4,,,,
12152432,2,2,6,6,,,,,,,,,
12152446,2,2,3,6,6,,,,,,,,
12152447,2,2,6,6,,,,,,,,,
12152448,2,2,6,6,7,,,,3,8,,,
12152449,2,2,7,3,6,,,7,,,,,
12152450,2,2,6,6,,,,,,,,,
12152451,2,2,6,6,,,,,,,,,
12152452,2,2,6,7,,,,,7,,,,
12152453,2,2,6,6,,,,,,,,,
12152454,0,0,5,3,,,,,,,,,
12152455,2,2,0,7,6,,,,8,,,,
12152456,1,1,6,6,1,,,,3,,,,
12152457,0,0,4,2,,,,,,,,,
12152459,1,1,4,6,3,,,,,,,,
12152460,0,0,3,6,,,,,3,,,,
12152461,2,2,6,5,6,,,,,,,,
12152462,2,2,4,6,6,,,,,,,,
12152463,1,1,5,6,6,,,,,6,,,
12152464,2,2,6,6,,,,,,,,,
12152494,0,0,1,1,,,,,,,,,
12152495,0,0,2,1,,,,,,,,,
12152496,1,1,3,6,1,,,,,,,,
12152497,2,2,6,6,,,,,,,,,
12152498,2,2,6,6,,,,,,,,,
12152499,2,2,6,6,,,,,,,,,
12152500,1,1,6,2,1,,,,,,,,
12152501,2,2,6,7,,,,,,,,,
12152507,2,2,2,6,6,,,,,,,,
12152512,2,2,6,6,,,,,,,,,
12152513,0,0,1,1,,,,,,,,,
12152515,1,1,2,6,2,,,,,,,,
12152516,2,2,6,7,,,,,7,,,,
12152517,2,2,6,6,,,,,,,,,
12152518,2,2,7,6,,,,,,,,,
12152519,1,1,6,4,3,,,,,,,,
12152520,0,0,3,3,,,,,,,,,
12152521,2,2,6,6,,,,,,,,,
12152522,0,0,3,0,,,,,,,,,
12152525,0,0,0,1,,,,,,,,,
12152529,2,2,6,7,,,,,7,,,,
12152530,1,1,6,,,,,,,,,,
12152531,2,2,7,2,7,,,7,,9,,,
12152532,0,0,3,2,,,,,,,,,
12152533,2,2,6,6,,,,,,,,,
12152535,2,2,6,6,,,,,,,,,
12152536,2,2,7,6,,,,7,,,,,
12152538,2,2,6,6,,,,,,,,,
12152539,2,2,6,6,,,,,,,,,
12152540,0,0,4,0,,,,,,,,,
12152542,0,0,2,2,,,,,,,,,
12152543,2,2,6,7,,,,,7,,,,
12152545,2,2,6,6,,,,,,,,,
12152546,2,2,7,6,,,,,,,,,
12152548,2,2,6,2,6,,,,,,,,
12152550,1,1,7,2,,,,7,,,,,
12152552,2,2,6,7,,,,,7,,,,
12152553,2,2,6,6,,,,,,,,,
12152554,0,0,3,2,,,,,,,,,
12152555,1,1,2,6,6,,,,,4,,,
12152557,0,0,5,1,,,,,,,,,
12152560,0,0,3,4,,,,,,,,,
12152563,2,2,6,6,,,,,,,,,
12152564,0,0,4,3,,,,,,,,,
12152565,1,1,6,3,6,,,,,6,,,
12152566,,,,,,,,,,,,,
12152567,1,1,6,1,3,,,,,,,,
12152569,1,1,0,6,4,,,,,,,,
12152570,0,0,0,1,,,,,,,,,
12152571,2,2,6,6,,,,,,,,,
12152572,1,1,6,7,1,,,5,,,,,
12152573,2,2,6,7,,,,,,,,,
12152574,1,1,6,0,6,,,,,6,,,
12152575,2,2,6,6,,,,,,,,,
12152576,0,0,4,3,,,,,,,,,
12152578,0,0,3,0,,,,,,,,,
12152579,2,2,6,6,,,,,,,,,
12152583,0,0,2,2,,,,,,,,,
12152585,2,2,6,2,7,,,,,,,,
12152587,2,2,6,6,,,,,,,,,
12152588,2,2,6,6,,,,,,,,,
12152590,0,0,3,1,,,,,,,,,
12152591,2,2,6,6,,,,,,,,,
12152593,0,0,3,0,,,,,,,,,
12152594,2,2,6,6,,,,,,,,,
12152596,0,0,4,1,,,,,,,,,
12152597,1,1,6,4,,,,,,,,,
12152599,0,0,6,2,,,,2,,,,,
12152600,2,2,6,6,,,,,,,,,
12152601,0,0,5,5,,,,,,,,,
12152602,2,2,6,6,,,,,,,,,
12152603,1,1,2,6,6,,,,,2,,,
12152604,0,0,3,2,,,,,,,,,
12152606,0,0,5,5,,,,,,,,,
12152607,0,0,3,3,,,,,,,,,
12152608,0,0,5,4,,,,,,,,,
12152610,0,0,4,5,,,,,,,,,
12152615,1,1,6,5,4,,,,,,,,
12152616,0,0,1,4,,,,,,,,,
12152619,2,2,5,7,7,,,,7,,,,
12152620,2,2,6,3,7,,,,,7,,,
12152621,1,1,6,3,2,,,,,,,,
12152630,0,0,2,3,,,,,,,,,
12152633,2,2,6,6,,,,,,,,,
12152635,2,2,6,6,,,,,,,,,
12152637,1,1,6,1,4,,,,,,,,
12152639,2,2,6,1,7,,,,,7,,,
12152640,1,1,6,3,3,,,,,,,,
12152641,0,0,2,2,,,,,,,,,
12152642,2,2,6,7,,,,,7,,,,
12152643,1,1,6,3,3,,,,,,,,
12152644,0,0,3,2,,,,,,,,,
12152645,0,0,2,1,,,,,,,,,
12152646,0,0,2,5,,,,,,,,,
12152648,0,0,2,1,,,,,,,,,
12152649,0,0,4,2,,,,,,,,,
12152650,0,0,0,6,,,,,5,,,,
12152953,0,0,6,5,,,,,,,,,
12152954,2,2,6,6,,,,,,,,,
12152955,0,0,6,3,,,,,,,,,
12152956,2,2,6,6,,,,,,,,,
12152957,2,2,6,6,,,,,,,,,
12152958,0,0,2,4,,,,,,,,,
12152959,2,2,6,6,,,,,,,,,
12152960,0,0,4,4,,,,,,,,,
12153237,2,2,6,4,10,,,,,,,,
12153288,2,2,6,6,,,,,,,,,
12153356,2,2,6,3,6,,,,,,,,
12153357,2,2,6,6,,,,,,,,,
12153358,2,2,6,6,,,,,,,,,
12153359,2,2,6,6,,,,,,,,,
12153360,2,2,6,7,,,,,7,,,,
12153361,1,1,6,4,0,,,,,,,,
12153585,0,0,4,3,,,,,,,,,
12153630,0,0,1,3,,,,,,,,,
12153631,2,2,6,6,,,,,,,,,
12153632,2,2,6,2,6,,,,,,,,
12153633,0,0,3,1,,,,,,,,,
12153634,0,0,0,3,,,,,,,,,
12153635,1,1,6,6,5,,,,3,,,,
12153636,0,0,3,3,,,,,,,,,
12153855,2,2,7,7,,,,,7,,,,
12153856,0,0,2,2,,,,,,,,,
12153857,0,0,3,4,,,,,,,,,
12153858,1,1,6,3,4,,,,,,,,
12153861,2,2,6,6,,,,,,,,,
12153866,2,2,6,6,7,,,,2,,,,
12153867,0,0,3,3,,,,,,,,,
12153870,2,2,6,1,6,,,,,,,,
12153871,0,0,3,4,,,,,,,,,
12153872,2,2,4,6,6,,,,,,,,
12153883,0,0,1,2,,,,,,,,,
12153884,0,0,4,2,,,,,,,,,
12153885,0,0,2,3,,,,,,,,,
12153886,0,0,2,3,,,,,,,,,
12153891,0,0,2,1,,,,,,,,,
12153892,1,1,6,2,2,,,,,,,,
12153893,0,0,4,1,,,,,,,,,
12153894,2,2,6,6,,,,,,,,,
12153895,0,0,3,4,,,,,,,,,
12153896,1,1,7,3,1,,,7,,,,,
12153897,2,2,6,6,,,,,,,,,
12153898,0,0,2,1,,,,,,,,,
12153899,1,1,4,6,3,,,,,,,,
12153900,2,2,6,6,,,,,,,,,
12153901,1,1,6,3,1,,,,,,,,
12153902,2,2,7,7,,,,7,,,,,
12153909,2,2,6,6,,,,,,,,,
12153914,0,0,2,0,,,,,,,,,
12154110,2,2,7,7,,,,8,,,,,
12154111,1,1,6,0,3,,,,,,,,
12154112,1,1,6,4,,,,,,,,,
12154113,2,2,7,7,,,,,7,,,,
12154114,0,0,4,2,,,,,,,,,
12154115,1,1,1,7,4,,,,7,,,,
12154116,2,2,6,6,,,,,,,,,
12154118,1,1,5,6,2,,,,,,,,
12154119,1,1,3,7,5,,,,,,,,
12154121,0,0,1,2,,,,,,,,,
12154123,0,0,4,6,,,,,5,,,,
12154124,0,0,3,0,,,,,,,,,
12154125,0,0,3,1,,,,,,,,,
12154126,1,1,6,3,3,,,,,,,,
12154127,2,2,6,6,,,,,,,,,
12154128,2,2,7,6,,,,,,,,,
12154150,2,2,6,6,,,,,,,,,
12154152,1,1,6,3,6,,,,,5,,,
12154153,2,2,6,3,7,,,,,8,,,
12154154,0,0,3,1,,,,,,,,,
12154155,0,0,4,2,,,,,,,,,
12154156,1,1,7,2,5,,,7,,,,,
12154157,0,0,3,1,,,,,,,,,
12154209,0,0,1,1,,,,,,,,,
12154210,2,2,6,2,6,,,,,,,,
12154211,2,2,7,6,,,,7,,,,,
12154212,0,0,2,2,,,,,,,,,
12154213,2,2,6,6,,,,,,,,,
12154214,0,0,6,2,,,,4,,,,,
12154215,0,0,1,1,,,,,,,,,
12154216,2,2,6,6,,,,,,,,,
12154217,0,0,4,2,,,,,,,,,
12154218,2,2,6,6,,,,,,,,,
12154219,1,1,6,2,3,,,,,,,,
12154220,2,2,7,6,,,,7,,,,,
12154224,0,0,0,3,,,,,,,,,
12154225,2,2,4,6,6,,,,,,,,
12154226,2,2,6,6,,,,,,,,,
12154227,2,2,7,5,6,,,7,,,,,
12154228,1,1,7,4,2,,,7,,,,,
12154229,1,1,3,6,4,,,,,,,,
12154230,2,2,6,6,,,,,,,,,
12154231,2,2,6,6,,,,,,,,,
12154232,2,2,6,6,,,,,,,,,
12154233,2,2,6,6,,,,,,,,,
12154234,2,2,7,6,,,,,,,,,
12154236,2,2,6,6,,,,,,,,,
12154237,0,0,1,2,,,,,,,,,
12154238,2,2,5,6,6,,,,,,,,
12154239,2,2,6,6,,,,,,,,,
12154240,2,2,7,6,,,,7,,,,,
12154242,0,0,4,5,,,,,,,,,
12154243,1,1,3,6,3,,,,,,,,
12154245,1,1,1,7,3,,,,7,,,,
12154258,1,1,2,6,1,,,,,,,,
12154259,0,0,2,1,,,,,,,,,
12154260,0,0,6,4,,,,3,,,,,
12154269,1,1,5,7,2,,,,7,,,,
12154275,0,0,0,2,,,,,,,,,
12154276,0,0,3,2,,,,,,,,,
12154279,2,2,6,6,,,,,,,,,
12154281,2,2,6,7,,,,,,,,,
12154283,2,2,4,6,7,,,,,7,,,
12154325,0,0,3,4,,,,,,,,,
12154326,0,0,3,0,,,,,,,,,
12154327,2,2,7,6,,,,7,,,,,
12154329,2,2,6,6,,,,,,,,,
12154330,2,2,7,6,,,,7,,,,,
12154331,2,2,6,6,,,,,,,,,
12154333,1,1,3,6,4,,,,,,,,
12154433,,,1,,,,,,,,,,
12154435,2,2,2,6,6,,,,,,,,
12154439,0,0,6,1,,,,5,,,,,
12154442,2,2,6,6,,,,,,,,,
12154443,1,1,6,1,5,,,,,,,,
12154453,0,0,6,0,,,,4,,,,,
12154638,2,2,6,6,,,,,,,,,
12155031,0,0,5,0,,,,,,,,,
12155034,0,0,0,4,,,,,,,,,
12155076,0,0,2,0,,,,,,,,,
12155077,1,1,6,6,3,,,12,,,,,
12155078,2,2,6,6,,,,,,,,,
12155079,0,0,0,1,,,,,,,,,
12156759,1,1,5,6,4,,,,,,,,
12157451,2,2,6,4,6,,,,,,,,
12110005,0,0,4,3,,,,,,,,,
12110006,1,1,6,6,3,,,,2,,,,
12110009,0,0,6,1,,,,4,,,,,
12110011,2,2,6,6,,,,,,,,,
12110013,2,2,6,6,,,,,,,,,
12110014,2,2,5,6,6,,,,,,,,
12110015,0,0,3,3,,,,,,,,,
12110016,2,2,3,7,6,,,,7,,,,
12110035,2,2,6,3,6,,,,,,,,
12110038,0,0,0,2,,,,,,,,,
12110039,2,2,4,6,6,,,,,,,,
12110045,1,1,2,6,3,,,,,,,,
12110051,0,0,4,1,,,,,,,,,
12110053,2,2,7,0,6,,,,,,,,
12110056,0,0,4,2,,,,,,,,,
12110058,2,2,6,6,,,,,,,,,
12131502,1,1,6,2,1,,,,,,,,
12131505,2,2,6,6,,,,,,,,,
12131506,1,1,4,7,4,,,,,,,,
12131508,1,1,6,6,2,,,,6,,,,
12131512,2,2,6,6,,,,,,,,,
12131513,0,0,4,2,,,,,,,,,
12131516,0,0,4,4,,,,,,,,,
12131570,2,2,6,7,,,,,7,,,,
12131573,1,1,5,6,3,,,,,,,,
12131574,2,2,2,6,6,,,,,,,,
12131575,2,2,4,6,6,,,,,,,,
12131576,2,2,6,6,,,,,,,,,
12131578,0,0,4,6,,,,,2,,,,
12131581,2,2,6,7,,,,,,,,,
12131582,2,2,6,6,,,,,,,,,
12131611,1,1,1,6,1,,,,,,,,
12131612,0,0,6,4,,,,9,,,,,
12131613,0,0,1,5,,,,,,,,,
12131614,1,1,3,6,6,,,,,3,,,
12131636,1,1,6,6,3,,,,3,,,,
12131638,1,1,5,6,6,,,,,9,,,
12131639,2,2,6,6,,,,,,,,,
12131640,0,0,4,4,,,,,,,,,
12131641,0,0,0,3,,,,,,,,,
12131642,2,2,7,6,,,,,,,,,
12131645,0,0,3,3,,,,,,,,,
12131647,0,0,1,5,,,,,,,,,
12145469,2,2,7,6,,,,7,,,,,
12145470,2,2,4,6,6,,,,,,,,
12145471,2,2,6,7,,,,,,,,,
12145475,2,2,6,6,,,,,,,,,
12145476,0,0,2,6,,,,,4,,,,
12145477,,,,,,,,,,,,,
12145487,1,1,6,1,1,,,,,,,,
12145492,2,2,6,6,,,,,,,,,
12145493,2,2,6,6,,,,,,,,,
12145494,1,1,6,4,3,,,,,,,,
12145497,2,2,2,7,6,,,,,,,,
12145498,0,0,4,6,,,,,4,,,,
12145499,2,2,3,6,6,,,,,,,,
12145500,0,0,3,1,,,,,,,,,
12145501,0,0,3,4,,,,,,,,,
12147928,2,2,6,6,,,,,,,,,
12147951,0,0,3,2,,,,,,,,,
12147954,0,0,2,4,,,,,,,,,
12147955,0,0,3,2,,,,,,,,,
12147957,0,0,3,2,,,,,,,,,
12148591,0,0,4,4,,,,,,,,,
12148592,2,2,6,6,,,,,,,,,
12148593,2,2,6,6,,,,,,,,,
12148595,,,,,,,,,,,,,
12148596,2,2,6,3,6,,,,,,,,
12148597,2,2,7,6,,,,7,,,,,
12148598,2,2,6,6,,,,,,,,,
12148599,1,1,4,6,6,,,,,,,,
12148600,1,1,6,,,,,,,,,,
12148601,0,0,4,2,,,,,,,,,
12148602,0,0,0,0,,,,,,,,,
12148603,0,0,2,3,,,,,,,,,
12148604,2,2,6,6,,,,,,,,,
12148923,1,1,6,3,1,,,,,,,,
12148924,,,,,,,,,,,,,
12148925,1,1,6,5,6,,,,,5,,,
12148926,2,2,7,6,,,,7,,,,,
12148927,1,1,6,4,,,,,,,,,
12148928,0,0,4,4,,,,,,,,,
12148929,1,1,3,6,1,,,,,,,,
12148930,0,0,2,4,,,,,,,,,
12148931,2,2,5,6,6,,,,,,,,
12148932,2,2,6,6,,,,,,,,,
12148933,0,0,5,5,,,,,,,,,
12149481,1,1,2,6,2,,,,,,,,
12149483,1,1,2,6,4,,,,,,,,
12150298,2,2,3,7,7,,,,,7,,,
12150299,,,,,,,,,,,,,
12150300,0,0,1,4,,,,,,,,,
12150307,,,,,,,,,,,,,
12150545,2,2,6,6,,,,,,,,,
12150549,0,0,2,1,,,,,,,,,
12150627,1,1,6,1,3,,,,,,,,
12150628,0,0,0,2,,,,,,,,,
12150632,2,2,6,7,,,,,10,,,,
12150679,2,2,6,1,7,,,,,7,,,
12150680,2,2,6,6,,,,,,,,,
12150685,0,0,2,4,,,,,,,,,
12150686,1,1,6,2,1,,,,,,,,
12150729,0,0,3,4,,,,,,,,,
12150730,2,2,6,6,,,,,,,,,
12150731,0,0,4,2,,,,,,,,,
12150732,1,1,6,4,3,,,,,,,,
12150915,1,1,2,6,2,,,,,,,,
12150922,1,1,6,3,2,,,,,,,,
12150924,1,1,2,6,4,,,,,,,,
12150996,0,0,2,2,,,,,,,,,
12151072,2,2,7,3,6,,,,,,,,
12151094,0,0,4,2,,,,,,,,,
12151114,2,2,6,6,,,,,,,,,
12151116,2,2,6,6,,,,,,,,,
12151164,1,1,6,1,4,,,,,,,,
12151165,1,1,6,6,2,,,4,,,,,
12151166,1,1,4,6,4,,,,,,,,
12151168,2,2,7,3,6,,,,,,,,
12151173,2,2,6,6,,,,,,,,,
12151261,2,2,6,7,,,,,,,,,
12151263,2,2,6,6,,,,,,,,,
12151264,2,2,6,6,,,,,,,,,
12151266,1,1,6,6,4,,,2,,,,,
12151267,,,6,2,,,,,,,,,
12151291,1,1,6,6,6,,,,5,5,,,
12151301,,,,,,,,,,,,,
12151303,2,2,6,7,,,,,,,,,
12151307,2,2,7,6,,,,,,,,,
12151311,1,1,1,6,5,,,,,,,,
12151312,0,0,2,0,,,,,,,,,
12151328,1,1,6,6,2,,,9,,,,,
12151329,2,2,6,4,6,,,,,,,,
12151330,2,2,6,6,,,,,,,,,
12151344,0,0,4,2,,,,,,,,,
12151359,0,0,4,4,,,,,,,,,
12151360,2,2,6,6,,,,,,,,,
12151361,2,2,6,5,10,,,,,,,,
12151362,2,2,6,7,,,,,,,,,
12151363,0,0,0,1,,,,,,,,,
12151364,0,0,3,3,,,,,,,,,
12151365,2,2,6,6,,,,,,,,,
12151368,1,1,6,3,8,,,,,,,,
12151370,2,2,6,6,12,,,,8,,,,
12151426,0,0,2,3,,,,,,,,,
12151477,2,2,7,7,,,,7,,,,,
12151483,2,2,6,6,,,,,,,,,
12151510,0,0,3,2,,,,,,,,,
12151526,0,0,0,6,,,,,3,,,,
12151570,1,1,6,4,4,,,,,,,,
12151571,0,0,6,0,,,,8,,,,,
12151572,2,2,7,6,,,,,,,,,
12151573,2,2,6,6,,,,,,,,,
12151574,2,2,7,6,,,,,,,,,
12151575,2,2,6,7,,,,,,,,,
12151576,2,2,6,7,,,,,,,,,
12151577,0,0,2,4,,,,,,,,,
12151578,1,1,4,6,2,,,,,,,,
12151606,1,1,6,3,3,,,,,,,,
12151607,1,1,6,4,1,,,,,,,,
12151618,0,0,2,2,,,,,,,,,
12151619,0,0,4,2,,,,,,,,,
12151690,0,0,2,4,,,,,,,,,
12151705,0,0,6,2,,,,2,,,,,
12151706,2,2,6,6,,,,,,,,,
12151707,2,2,6,6,,,,,,,,,
12151717,2,2,7,6,,,,7,,,,,
12151718,1,1,6,2,6,,,,,,,,
12151719,2,2,7,1,11,,,7,,,,,
12151720,2,2,7,3,10,,,,,,,,
12151721,0,0,2,0,,,,,,,,,
12151723,0,0,3,5,,,,,,,,,
12151724,2,2,6,5,10,,,,,,,,
12151725,1,1,6,2,,,,,,,,,
12151726,2,2,6,6,,,,,,,,,
12151729,0,0,4,0,,,,,,,,,
12151730,2,2,6,6,,,,,,,,,
12151731,1,1,5,6,3,,,,,,,,
12151734,2,2,6,6,,,,,,,,,
12151736,2,2,7,6,,,,7,,,,,
12151738,1,1,3,7,4,,,,,,,,
12151739,2,2,2,6,10,,,,,,,,
12151803,0,0,6,4,,,,4,,,,,
12151826,2,2,6,6,,,,,,,,,
12151827,2,2,6,6,,,,,,,,,
12151938,2,2,4,6,6,,,,,,,,
12151939,0,0,5,1,,,,,,,,,
12151940,1,1,3,6,3,,,,,,,,
12151941,0,0,4,4,,,,,,,,,
12151942,1,1,7,2,3,,,7,,,,,
12151943,0,0,2,4,,,,,,,,,
12151951,0,0,3,4,,,,,,,,,
12152000,2,2,6,6,,,,,,,,,
12152176,1,1,6,4,5,,,,,,,,
12152179,2,2,6,3,6,,,,,,,,
12152182,0,0,6,4,,,,6,,,,,
12152185,2,2,6,6,,,,,,,,,
12152262,0,0,4,2,,,,,,,,,
12152263,2,2,3,6,6,,,,,,,,
12152265,0,0,3,1,,,,,,,,,
12152268,2,2,6,6,,,,,,,,,
12152271,0,0,4,4,,,,,,,,,
12152272,0,0,2,0,,,,,,,,,
12152273,2,2,6,6,,,,,,,,,
12152274,2,2,6,6,,,,,,,,,
12152275,2,2,6,6,,,,,,,,,
12152276,0,0,3,0,,,,,,,,,
12152277,0,0,6,2,,,,2,,,,,
12152278,2,2,6,6,,,,,,,,,
12152279,2,2,6,7,,,,,,,,,
12152282,2,2,6,6,,,,,,,,,
12152290,0,0,4,5,,,,,,,,,
12152294,2,2,6,6,,,,,,,,,
12152295,2,2,6,6,,,,,,,,,
12152296,1,1,3,6,1,,,,,,,,
12152298,2,2,6,6,,,,,,,,,
12152299,2,2,6,6,,,,,,,,,
12152300,1,1,6,3,5,,,,,,,,
12152301,2,2,3,7,6,,,,7,,,,
12152302,2,2,6,6,,,,,,,,,
12152304,2,2,7,6,,,,,,,,,
12152306,0,0,0,1,,,,,,,,,
12152308,2,2,6,4,6,,,,,,,,
12152309,1,1,3,6,4,,,,,,,,
12152310,1,1,6,2,1,,,,,,,,
12152315,1,1,7,1,3,,,7,,,,,
12152318,2,2,6,3,6,,,,,,,,
12152319,0,0,3,2,,,,,,,,,
12152320,2,2,5,6,7,,,,,13,,,
12152321,2,2,6,6,,,,,,,,,
12152326,0,0,3,4,,,,,,,,,
12152327,0,0,3,2,,,,,,,,,
12152328,0,0,6,4,,,,5,,,,,
12152330,0,0,0,3,,,,,,,,,
12152331,2,2,5,6,6,,,,,,,,
12152333,1,1,7,5,1,,,,,,,,
12152334,2,2,2,6,6,,,,,,,,
12152335,2,2,7,6,,,,,,,,,
12152336,2,2,6,6,,,,,,,,,
12152337,0,0,1,4,,,,,,,,,
12152338,2,2,6,6,,,,,,,,,
12152339,2,2,1,7,7,,,,,8,,,
12152340,2,2,6,6,,,,,,,,,
12152343,1,1,6,3,4,,,,,,,,
12152344,2,2,6,2,6,,,,,,,,
12152346,2,2,6,2,6,,,,,,,,
12152347,0,0,2,2,,,,,,,,,
12152348,1,1,6,6,4,,,2,,,,,
12152350,0,0,1,1,,,,,,,,,
12152351,0,0,5,3,,,,,,,,,
12152352,2,2,3,6,6,,,,,,,,
12152353,2,2,6,6,,,,,,,,,
12152355,0,0,3,2,,,,,,,,,
12152357,2,2,6,7,,,,,,,,,
12152386,2,2,6,6,,,,,,,,,
12152387,2,2,6,6,,,,,,,,,
12152388,2,2,6,7,,,,,8,,,,
12152389,2,2,6,6,,,,,,,,,
12152390,0,0,6,3,,,,4,,,,,
12152391,2,2,6,6,,,,,,,,,
12152392,1,1,2,6,7,,,,,,,,
12152396,0,0,3,1,,,,,,,,,
12152398,1,1,6,1,2,,,,,,,,
12152399,2,2,6,6,,,,,,,,,
12152400,1,1,4,6,4,,,,,,,,
12152401,2,2,6,6,,,,,,,,,
12152402,2,2,7,6,,,,,,,,,
12152403,2,2,6,7,6,,,2,,,,,
12152404,2,2,7,6,,,,8,,,,,
12152409,2,2,6,6,,,,,,,,,
12152410,2,2,6,7,,,,,,,,,
12152411,2,2,6,6,,,,,,,,,
12152412,1,1,6,3,2,,,,,,,,
12152413,1,1,7,5,2,,,7,,,,,
12152414,2,2,6,4,6,,,,,,,,
12152415,2,2,6,6,,,,,,,,,
12152416,0,0,0,2,,,,,,,,,
12152417,1,1,6,6,2,,,,2,,,,
12152418,1,1,6,4,0,,,,,,,,
12152419,0,0,2,3,,,,,,,,,
12152420,1,1,6,6,3,,,,9,,,,
12152421,2,2,6,6,6,,,,4,,,,
12152422,2,2,2,6,6,,,,,,,,
12152423,1,1,4,7,0,,,,,,,,
12152424,2,2,6,6,,,,,,,,,
12152425,2,2,6,6,,,,,,,,,
12152428,0,0,4,,,,,,,,,,
12152429,2,2,7,3,6,,,7,,,,,
12152430,2,2,7,1,7,,,7,,,,,
12152432,2,2,6,6,,,,,,,,,
12152446,2,2,3,6,6,,,,,,,,
12152447,2,2,6,6,,,,,,,,,
12152448,2,2,6,6,7,,,,3,8,,,
12152449,2,2,7,3,6,,,7,,,,,
12152450,2,2,6,6,,,,,,,,,
12152451,2,2,6,6,,,,,,,,,
12152452,2,2,6,7,,,,,7,,,,
12152453,2,2,6,6,,,,,,,,,
12152454,0,0,5,3,,,,,,,,,
12152455,2,2,0,7,6,,,,8,,,,
12152456,1,1,6,6,1,,,,3,,,,
12152457,0,0,4,2,,,,,,,,,
12152459,1,1,4,6,3,,,,,,,,
12152460,0,0,3,6,,,,,3,,,,
12152461,2,2,6,5,6,,,,,,,,
12152462,2,2,4,6,6,,,,,,,,
12152463,1,1,5,6,6,,,,,6,,,
12152464,2,2,6,6,,,,,,,,,
12152494,0,0,1,1,,,,,,,,,
12152495,0,0,2,1,,,,,,,,,
12152496,1,1,3,6,1,,,,,,,,
12152497,2,2,6,6,,,,,,,,,
12152498,2,2,6,6,,,,,,,,,
12152499,2,2,6,6,,,,,,,,,
12152500,1,1,6,2,1,,,,,,,,
12152501,2,2,6,7,,,,,,,,,
12152507,2,2,2,6,6,,,,,,,,
12152512,2,2,6,6,,,,,,,,,
12152513,0,0,1,1,,,,,,,,,
12152515,1,1,2,6,2,,,,,,,,
12152516,2,2,6,7,,,,,7,,,,
12152517,2,2,6,6,,,,,,,,,
12152518,2,2,7,6,,,,,,,,,
12152519,1,1,6,4,3,,,,,,,,
12152520,0,0,3,3,,,,,,,,,
12152521,2,2,6,6,,,,,,,,,
12152522,0,0,3,0,,,,,,,,,
12152523,1,1,4,7,4,,,,,,,,
12152524,0,0,6,3,,,,3,,,,,
12152525,0,0,0,1,,,,,,,,,
12152526,0,0,2,4,,,,,,,,,
12152529,2,2,6,7,,,,,7,,,,
12152530,1,1,6,,,,,,,,,,
12152531,2,2,7,2,7,,,7,,9,,,
12152532,0,0,3,2,,,,,,,,,
12152533,2,2,6,6,,,,,,,,,
12152535,2,2,6,6,,,,,,,,,
12152536,2,2,7,6,,,,7,,,,,
12152537,2,2,6,7,,,,,7,,,,
12152538,2,2,6,6,,,,,,,,,
12152539,2,2,6,6,,,,,,,,,
12152540,0,0,4,0,,,,,,,,,
12152541,0,0,1,2,,,,,,,,,
12152542,0,0,2,2,,,,,,,,,
12152543,2,2,6,7,,,,,7,,,,
12152545,2,2,6,6,,,,,,,,,
12152546,2,2,7,6,,,,,,,,,
12152548,2,2,6,2,6,,,,,,,,
12152549,2,2,6,6,,,,,,,,,
12152550,1,1,7,2,,,,7,,,,,
12152552,2,2,6,7,,,,,7,,,,
12152553,2,2,6,6,,,,,,,,,
12152554,0,0,3,2,,,,,,,,,
12152555,1,1,2,6,6,,,,,4,,,
12152556,0,0,4,2,,,,,,,,,
12152557,0,0,5,1,,,,,,,,,
12152559,2,2,6,6,,,,,,,,,
12152560,0,0,3,4,,,,,,,,,
12152562,1,1,7,2,3,,,7,,,,,
12152563,2,2,6,6,,,,,,,,,
12152564,0,0,4,3,,,,,,,,,
12152565,1,1,6,3,6,,,,,6,,,
12152566,,,,,,,,,,,,,
12152567,1,1,6,1,3,,,,,,,,
12152568,2,2,6,6,6,,,,4,,,,
12152569,1,1,0,6,4,,,,,,,,
12152570,0,0,0,1,,,,,,,,,
12152571,2,2,6,6,,,,,,,,,
12152572,1,1,6,7,1,,,5,,,,,
12152573,2,2,6,7,,,,,,,,,
12152574,1,1,6,0,6,,,,,6,,,
12152575,2,2,6,6,,,,,,,,,
12152576,0,0,4,3,,,,,,,,,
12152578,0,0,3,0,,,,,,,,,
12152579,2,2,6,6,,,,,,,,,
12152581,0,0,2,1,,,,,,,,,
12152583,0,0,2,2,,,,,,,,,
12152584,2,2,6,6,,,,,,,,,
12152585,2,2,6,2,7,,,,,,,,
12152587,2,2,6,6,,,,,,,,,
12152588,2,2,6,6,,,,,,,,,
12152589,0,0,5,4,,,,,,,,,
12152590,0,0,3,1,,,,,,,,,
12152591,2,2,6,6,,,,,,,,,
12152592,2,2,6,7,,,,,,,,,
12152593,0,0,3,0,,,,,,,,,
12152594,2,2,6,6,,,,,,,,,
12152595,2,2,6,6,,,,,,,,,
12152596,0,0,4,1,,,,,,,,,
12152597,1,1,6,4,,,,,,,,,
12152598,0,0,1,6,,,,,4,,,,
12152599,0,0,6,2,,,,2,,,,,
12152600,2,2,6,6,,,,,,,,,
12152601,0,0,5,5,,,,,,,,,
12152602,2,2,6,6,,,,,,,,,
12152603,1,1,2,6,6,,,,,2,,,
12152604,0,0,3,2,,,,,,,,,
12152605,2,2,7,6,,,,,,,,,
12152606,0,0,5,5,,,,,,,,,
12152607,0,0,3,3,,,,,,,,,
12152608,0,0,5,4,,,,,,,,,
12152610,0,0,4,5,,,,,,,,,
12152612,0,0,4,1,,,,,,,,,
12152614,2,2,2,6,6,,,,,,,,
12152615,1,1,6,5,4,,,,,,,,
12152616,0,0,1,4,,,,,,,,,
12152617,2,2,6,4,7,,,,,,,,
12152619,2,2,5,7,7,,,,7,,,,
12152620,2,2,6,3,7,,,,,7,,,
12152621,1,1,6,3,2,,,,,,,,
12152624,0,0,3,3,,,,,,,,,
12152627,0,0,1,0,,,,,,,,,
12152630,0,0,2,3,,,,,,,,,
12152633,2,2,6,6,,,,,,,,,
12152635,2,2,6,6,,,,,,,,,
12152637,1,1,6,1,4,,,,,,,,
12152639,2,2,6,1,7,,,,,7,,,
12152640,1,1,6,3,3,,,,,,,,
12152641,0,0,2,2,,,,,,,,,
12152642,2,2,6,7,,,,,7,,,,
12152643,1,1,6,3,3,,,,,,,,
12152644,0,0,3,2,,,,,,,,,
12152645,0,0,2,1,,,,,,,,,
12152646,0,0,2,5,,,,,,,,,
12152648,0,0,2,1,,,,,,,,,
12152649,0,0,4,2,,,,,,,,,
12152650,0,0,0,6,,,,,5,,,,
12152953,0,0,6,5,,,,,,,,,
12152954,2,2,6,6,,,,,,,,,
12153225,0,0,4,5,,,,,,,,,
12153356,2,2,6,3,6,,,,,,,,
12153357,2,2,6,6,,,,,,,,,
12153358,2,2,6,6,,,,,,,,,
12153359,2,2,6,6,,,,,,,,,
12153360,2,2,6,7,,,,,7,,,,
12153361,1,1,6,4,0,,,,,,,,
12153398,2,2,4,6,6,,,,,,,,
12153444,0,0,3,5,,,,,,,,,
12153585,0,0,4,3,,,,,,,,,
12153630,0,0,1,3,,,,,,,,,
12153631,2,2,6,6,,,,,,,,,
12153632,2,2,6,2,6,,,,,,,,
12153633,0,0,3,1,,,,,,,,,
12153634,0,0,0,3,,,,,,,,,
12153635,1,1,6,6,5,,,,3,,,,
12153636,0,0,3,3,,,,,,,,,
12153691,2,2,6,4,6,,,,,,,,
12153855,2,2,7,7,,,,,7,,,,
12153856,0,0,2,2,,,,,,,,,
12153857,0,0,3,4,,,,,,,,,
12153858,1,1,6,3,4,,,,,,,,
12153859,2,2,6,6,,,,,,,,,
12153860,0,0,5,3,,,,,,,,,
12153861,2,2,6,6,,,,,,,,,
12153866,2,2,6,6,7,,,,2,,,,
12153867,0,0,3,3,,,,,,,,,
12153868,0,0,2,1,,,,,,,,,
12153869,2,2,5,6,6,,,,,,,,
12153870,2,2,6,1,6,,,,,,,,
12153871,0,0,3,4,,,,,,,,,
12153872,2,2,4,6,6,,,,,,,,
12153883,0,0,1,2,,,,,,,,,
12153884,0,0,4,2,,,,,,,,,
12153885,0,0,2,3,,,,,,,,,
12153886,0,0,2,3,,,,,,,,,
12153891,0,0,2,1,,,,,,,,,
12153892,1,1,6,2,2,,,,,,,,
12153893,0,0,4,1,,,,,,,,,
12153894,2,2,6,6,,,,,,,,,
12153895,0,0,3,4,,,,,,,,,
12153896,1,1,7,3,1,,,7,,,,,
12153897,2,2,6,6,,,,,,,,,
12153898,0,0,2,1,,,,,,,,,
12153899,1,1,4,6,3,,,,,,,,
12153900,2,2,6,6,,,,,,,,,
12153901,1,1,6,3,1,,,,,,,,
12153902,2,2,7,7,,,,7,,,,,
12153909,2,2,6,6,,,,,,,,,
12153910,2,2,6,6,,,,,,,,,
12153914,0,0,2,0,,,,,,,,,
12153917,2,2,6,6,,,,,,,,,
12153926,1,1,0,6,3,,,,,,,,
12154093,1,1,3,6,0,,,,,,,,
12154094,2,2,6,6,,,,,,,,,
12154106,1,1,1,6,1,,,,,,,,
12154110,2,2,7,7,,,,8,,,,,
12154111,1,1,6,0,3,,,,,,,,
12154112,1,1,6,4,,,,,,,,,
12154113,2,2,7,7,,,,,7,,,,
12154114,0,0,4,2,,,,,,,,,
12154115,1,1,1,7,4,,,,7,,,,
12154116,2,2,6,6,,,,,,,,,
12154118,1,1,5,6,2,,,,,,,,
12154119,1,1,3,7,5,,,,,,,,
12154121,0,0,1,2,,,,,,,,,
12154123,0,0,4,6,,,,,5,,,,
12154124,0,0,3,0,,,,,,,,,
12154125,0,0,3,1,,,,,,,,,
12154126,1,1,6,3,3,,,,,,,,
12154127,2,2,6,6,,,,,,,,,
12154128,2,2,7,6,,,,,,,,,
12154150,2,2,6,6,,,,,,,,,
12154152,1,1,6,3,6,,,,,5,,,
12154153,2,2,6,3,7,,,,,8,,,
12154154,0,0,3,1,,,,,,,,,
12154155,0,0,4,2,,,,,,,,,
12154156,1,1,7,2,5,,,7,,,,,
12154157,0,0,3,1,,,,,,,,,
12154195,1,1,6,3,0,,,,,,,,
12154209,0,0,1,1,,,,,,,,,
12154210,2,2,6,2,6,,,,,,,,
12154211,2,2,7,6,,,,7,,,,,
12154212,0,0,2,2,,,,,,,,,
12154213,2,2,6,6,,,,,,,,,
12154214,0,0,6,2,,,,4,,,,,
12154215,0,0,1,1,,,,,,,,,
12154216,2,2,6,6,,,,,,,,,
12154217,0,0,4,2,,,,,,,,,
12154218,2,2,6,6,,,,,,,,,
12154219,1,1,6,2,3,,,,,,,,
12154220,2,2,7,6,,,,7,,,,,
12154221,1,1,6,3,4,,,,,,,,
12154222,2,2,7,7,,,,7,,,,,
12154223,0,0,2,6,,,,,3,,,,
12154224,0,0,0,3,,,,,,,,,
12154225,2,2,4,6,6,,,,,,,,
12154226,2,2,6,6,,,,,,,,,
12154227,2,2,7,5,6,,,7,,,,,
12154228,1,1,7,4,2,,,7,,,,,
12154229,1,1,3,6,4,,,,,,,,
12154230,2,2,6,6,,,,,,,,,
12154231,2,2,6,6,,,,,,,,,
12154232,2,2,6,6,,,,,,,,,
12154233,2,2,6,6,,,,,,,,,
12154234,2,2,7,6,,,,,,,,,
12154235,2,2,6,6,,,,,,,,,
12154236,2,2,6,6,,,,,,,,,
12154237,0,0,1,2,,,,,,,,,
12154238,2,2,5,6,6,,,,,,,,
12154239,2,2,6,6,,,,,,,,,
12154240,2,2,7,6,,,,7,,,,,
12154241,0,0,0,1,,,,,,,,,
12154242,0,0,4,5,,,,,,,,,
12154243,1,1,3,6,3,,,,,,,,
12154244,2,2,5,6,6,,,,,,,,
12154245,1,1,1,7,3,,,,7,,,,
12154258,1,1,2,6,1,,,,,,,,
12154259,0,0,2,1,,,,,,,,,
12154260,0,0,6,4,,,,3,,,,,
12154269,1,1,5,7,2,,,,7,,,,
12154275,0,0,0,2,,,,,,,,,
12154276,0,0,3,2,,,,,,,,,
12154279,2,2,6,6,,,,,,,,,
12154281,2,2,6,7,,,,,,,,,
12154283,2,2,4,6,7,,,,,7,,,
12154325,0,0,3,4,,,,,,,,,
12154326,0,0,3,0,,,,,,,,,
12154327,2,2,7,6,,,,7,,,,,
12154328,2,2,7,7,,,,7,7,,,,
12154329,2,2,6,6,,,,,,,,,
12154330,2,2,7,6,,,,7,,,,,
12154331,2,2,6,6,,,,,,,,,
12154332,2,2,7,6,,,,7,,,,,
12154333,1,1,3,6,4,,,,,,,,
12154408,2,2,6,7,,,,,7,,,,
12154433,,,1,,,,,,,,,,
12154434,2,2,6,6,,,,,,,,,
12154435,2,2,2,6,6,,,,,,,,
12154439,0,0,6,1,,,,5,,,,,
12154440,2,2,6,6,,,,,,,,,
12154441,2,2,6,6,,,,,,,,,
12154442,2,2,6,6,,,,,,,,,
12154443,1,1,6,1,5,,,,,,,,
12154453,0,0,6,0,,,,4,,,,,
12154472,0,0,4,6,,,,,3,,,,
12154561,2,2,6,7,,,,,7,,,,
12154593,0,0,4,2,,,,,,,,,
12154625,2,2,6,6,,,,,,,,,
12154633,0,0,4,3,,,,,,,,,
12154634,2,2,4,6,6,,,,,,,,
12154635,0,0,2,4,,,,,,,,,
12154636,2,2,6,6,,,,,,,,,
12154637,2,2,7,4,6,,,7,,,,,
12154638,2,2,6,6,,,,,,,,,
12154639,1,1,6,3,0,,,,,,,,
12154640,2,2,6,6,,,,,,,,,
12154641,2,2,6,6,,,,,,,,,
12154693,1,1,5,6,5,,,,,,,,
12154763,2,2,6,6,,,,,,,,,
12154855,1,1,6,2,,,,,,,,,
12155008,2,2,6,7,,,,,,,,,
12155014,2,2,5,6,7,,,,,,,,
12155030,2,2,6,6,,,,,,,,,
12155031,0,0,5,0,,,,,,,,,
12155032,0,0,1,4,,,,,,,,,
12155033,2,2,6,6,,,,,,,,,
12155034,0,0,0,4,,,,,,,,,
12155035,0,0,0,2,,,,,,,,,
12155036,0,0,1,2,,,,,,,,,
12155049,2,2,6,6,,,,,,,,,
12155072,2,2,5,6,6,,,,,,,,
12155073,,,,,,,,,,,,,
12155074,1,1,2,6,3,,,,,,,,
12155075,2,2,6,6,,,,,,,,,
12155076,0,0,2,0,,,,,,,,,
12155077,1,1,6,6,3,,,12,,,,,
12155078,2,2,6,6,,,,,,,,,
12155079,0,0,0,1,,,,,,,,,
12155314,2,2,6,7,,,,,,,,,
12155629,1,1,6,4,4,,,,,,,,
12155631,2,2,6,6,,,,,,,,,
12155632,2,2,6,6,,,,,,,,,
12155634,2,2,7,6,,,,7,,,,,
12155635,0,0,3,5,,,,,,,,,
12155636,2,2,7,1,6,,,7,,,,,
12155644,0,0,4,2,,,,,,,,,
12155645,,,,,,,,,,,,,
12155646,2,2,6,6,,,,,,,,,
12155647,2,2,6,6,,,,,,,,,
12155648,0,0,3,4,,,,,,,,,
12155649,2,2,7,6,,,,,,,,,
12155650,0,0,4,4,,,,,,,,,
12155651,2,2,7,7,,,,8,,,,,
12156004,2,2,6,6,6,,,,4,,,,
12156024,2,2,6,6,,,,,,,,,
12156035,0,0,5,0,,,,,,,,,
12156052,2,2,6,7,,,,,7,,,,
12156086,2,2,2,6,6,,,,,,,,
12156087,0,0,6,1,,,,3,,,,,
12156238,0,0,2,2,,,,,,,,,
12156354,2,2,6,7,,,,,7,,,,
12156355,2,2,6,6,6,,,2,,,,,
12156361,0,0,1,4,,,,,,,,,
12156368,0,0,4,4,,,,,,,,,
12156371,0,0,1,2,,,,,,,,,
12156373,2,2,3,7,6,,,,9,,,,
12156385,2,2,6,6,,,,,,,,,
12156387,2,2,6,6,,,,,,,,,
12156389,0,0,1,0,,,,,,,,,
12156405,2,2,6,6,,,,,,,,,
12156408,1,1,0,6,1,,,,,,,,
12156419,2,2,6,6,,,,,,,,,
12156420,0,0,3,4,,,,,,,,,
12156436,2,2,6,6,,,,,,,,,
12156487,0,0,1,,,,,,,,,,
12156560,0,0,1,2,,,,,,,,,
12156570,2,2,6,6,6,,,3,,,,,
12156572,0,0,3,3,,,,,,,,,
12156758,2,2,6,6,,,,,,,,,
12156759,1,1,5,6,4,,,,,,,,
12156789,2,2,7,6,,,,7,,,,,
12156801,0,0,3,4,,,,,,,,,
12156808,1,1,6,1,1,,,,,,,,
12156809,0,0,4,4,,,,,,,,,
12156819,0,0,3,3,,,,,,,,,
12156820,2,2,6,6,,,,,,,,,
12156829,2,2,6,6,,,,,,,,,
12156830,2,2,6,6,,,,,,,,,
12156831,2,2,4,6,6,,,,,,,,
12156839,2,2,6,6,,,,,,,,,
12156846,1,1,3,7,6,,,,7,4,,,
12156850,2,2,7,6,,,,,,,,,
12156904,2,2,7,4,7,,,7,,,,,
12156934,0,0,1,4,,,,,,,,,
12156935,0,0,2,2,,,,,,,,,
12156939,0,0,2,4,,,,,,,,,
12156953,0,0,2,0,,,,,,,,,
12156954,0,0,5,4,,,,,,,,,
12156960,1,1,4,6,4,,,,,,,,
12157141,0,0,0,3,,,,,,,,,
12157146,0,0,3,4,,,,,,,,,
12157147,2,2,7,6,,,,,,,,,
12157148,0,0,3,4,,,,,,,,,
12157149,0,0,1,1,,,,,,,,,
12157150,0,0,2,3,,,,,,,,,
12157151,1,1,3,7,3,,,,,,,,
12157152,0,0,4,3,,,,,,,,,
12157157,0,0,4,2,,,,,,,,,
12157179,2,2,6,6,,,,,,,,,
12157230,0,0,1,4,,,,,,,,,
12157240,2,2,6,6,6,,,,3,,,,
12157242,1,1,6,3,2,,,,,,,,
12157244,0,0,6,2,,,,5,,,,,
12157245,0,0,6,2,,,,7,,,,,
12157246,1,1,6,4,,,,,,,,,
12157248,2,2,6,7,,,,,,,,,
12157271,2,2,6,6,,,,,,,,,
12157272,1,1,6,5,1,,,,,,,,
12157273,2,2,6,7,,,,,,,,,
12157281,2,2,6,6,,,,,,,,,
12157297,1,1,4,6,2,,,,,,,,
12157298,2,2,6,6,,,,,,,,,
12157307,2,2,4,6,7,,,,,,,,
12157315,0,0,4,2,,,,,,,,,
12157333,2,2,6,2,6,,,,,,,,
12157367,2,2,6,6,,,,,,,,,
12157368,2,2,6,4,7,,,,,9,,,
12157393,2,2,6,7,,,,,,,,,
12157394,2,2,6,6,,,,,,,,,
12157395,0,0,3,3,,,,,,,,,
12157399,2,2,7,6,,,,7,,,,,
12157400,2,2,4,6,6,,,,,,,,
12157408,2,2,6,6,,,,,,,,,
12157409,0,0,6,6,,,,2,5,,,,
12157418,0,0,4,2,,,,,,,,,
12157432,2,2,6,2,6,,,,,,,,
12157433,2,2,6,6,6,,,,6,,,,
12157434,0,0,1,1,,,,,,,,,
12157451,2,2,6,4,6,,,,,,,,
12157458,0,0,4,3,,,,,,,,,
12157459,2,2,6,6,,,,,,,,,
12157469,0,0,6,1,,,,1,,,,,
12157470,2,2,6,6,,,,,,,,,
12157486,1,1,6,1,1,,,,,,,,
12157499,0,0,1,,,,,,,,,,
12157504,1,1,6,6,3,,,,5,,,,
12157508,0,0,4,4,,,,,,,,,
12157509,2,2,7,6,,,,7,,,,,
12157517,2,2,6,6,,,,,,,,,
12157518,0,0,1,5,,,,,,,,,
12157519,0,0,4,4,,,,,,,,,
12157521,0,0,3,3,,,,,,,,,
12157522,0,0,4,3,,,,,,,,,
12157523,,,,,,,,,,,,,
12157524,2,2,2,6,6,,,,,,,,
12157525,0,0,2,1,,,,,,,,,
12157534,2,2,7,6,,,,,,,,,
12157541,2,2,6,6,,,,,,,,,
12157561,2,2,6,6,,,,,,,,,
12157571,2,2,6,6,,,,,,,,,
12157572,1,1,6,4,2,,,,,,,,
12157613,2,2,6,6,,,,,,,,,
12157614,1,1,4,6,2,,,,,,,,
12157616,2,2,6,6,,,,,,,,,
12157683,2,2,2,6,6,,,,,,,,
12157684,2,2,6,6,,,,,,,,,
12157685,2,2,6,6,7,,,7,,,,,
12157690,1,1,3,6,4,,,,,,,,
12157691,0,0,3,2,,,,,,,,,
12157692,2,2,6,6,,,,,,,,,
12157694,0,0,2,1,,,,,,,,,
12157695,0,0,1,0,,,,,,,,,
12157709,2,2,6,6,,,,,,,,,
12157738,0,0,1,5,,,,,,,,,
12157739,,,,,,,,,,,,,
12157740,2,2,6,6,,,,,,,,,
12157757,2,2,5,6,6,,,,,,,,
12157772,2,2,7,3,6,,,7,,,,,
12157774,2,2,6,6,,,,,,,,,
12157775,2,2,6,6,,,,,,,,,
12157805,2,2,6,4,6,,,,,,,,
12157830,,,,,,,,,,,,,
12157831,2,2,6,6,,,,,,,,,
12157832,2,2,6,6,,,,,,,,,
12157837,2,2,6,4,6,,,,,,,,
12157838,2,2,6,6,,,,,,,,,
12157917,2,2,4,7,7,,,,7,,,,
12157918,0,0,2,2,,,,,,,,,
12157919,0,0,2,4,,,,,,,,,
12157939,0,0,2,2,,,,,,,,,
12157962,1,1,6,6,3,,,4,,,,,
12157964,2,2,7,4,6,,,8,,,,,
12157965,2,2,7,7,,,,11,7,,,,
12158032,,,,,,,,,,,,,
12158033,0,0,4,2,,,,,,,,,
12158044,2,2,6,6,,,,,,,,,
12158051,2,2,6,7,,,,,7,,,,
12158052,2,2,6,6,,,,,,,,,
12158054,0,0,2,3,,,,,,,,,
12158075,2,2,6,3,7,,,,,,,,
12158078,1,1,3,6,4,,,,,,,,
12158080,2,2,7,6,,,,,,,,,
12158081,2,2,6,6,,,,,,,,,
12158082,0,0,0,3,,,,,,,,,
12158083,0,0,2,4,,,,,,,,,
12158084,2,2,6,6,,,,,,,,,
12158100,2,2,7,6,,,,7,,,,,
12158103,0,0,3,2,,,,,,,,,
12158117,1,1,7,3,3,,,8,,,,,
12158118,0,0,4,3,,,,,,,,,
12158121,1,1,2,7,6,,,,7,3,,,
12158139,2,2,6,2,6,,,,,,,,
12158141,0,0,3,2,,,,,,,,,
12158142,2,2,6,6,,,,,,,,,
12158195,0,0,4,3,,,,,,,,,
12158200,0,0,6,4,,,,3,,,,,
12158204,0,0,1,1,,,,,,,,,
12158210,2,2,6,4,6,,,,,,,,
12158226,2,2,6,1,6,,,,,,,,
12158230,0,0,3,2,,,,,,,,,
12158237,2,2,6,6,,,,,,,,,
12158239,1,1,6,0,1,,,,,,,,
12158246,0,0,1,1,,,,,,,,,
12158247,0,0,6,3,,,,4,,,,,
12158252,1,1,4,6,4,,,,,,,,
12158279,2,2,6,6,,,,,,,,,
12158282,2,2,5,6,6,,,,,,,,
12158300,0,0,1,3,,,,,,,,,
12158303,1,1,6,4,2,,,,,,,,
12158317,1,1,2,6,4,,,,,,,,
12158320,0,0,2,4,,,,,,,,,
12158347,2,2,6,6,,,,,,,,,
12158357,0,0,1,3,,,,,,,,,
12158363,1,1,6,6,1,,,,8,,,,
12158365,,,5,0,,,,,,,,,
12158368,0,0,3,2,,,,,,,,,
12110005,0,0,4,3,,,,,,,,,
12110006,1,1,6,6,3,,,,2,,,,
12110008,2,2,7,6,,,,,,,,,
12110010,0,0,3,3,,,,,,,,,
12110011,2,2,6,6,,,,,,,,,
12110012,0,0,3,1,,,,,,,,,
12110016,2,2,3,7,6,,,,7,,,,
12110018,2,2,6,1,6,,,,,,,,
12110033,0,0,4,3,,,,,,,,,
12110035,2,2,6,3,6,,,,,,,,
12110037,0,0,0,5,,,,,,,,,
12110038,0,0,0,2,,,,,,,,,
12110039,2,2,4,6,6,,,,,,,,
12110041,1,1,6,1,,,,,,,,,
12110045,1,1,2,6,3,,,,,,,,
12110075,2,2,5,6,6,,,,,,,,
12131505,2,2,6,6,,,,,,,,,
12131507,0,0,4,3,,,,,,,,,
12131508,1,1,6,6,2,,,,6,,,,
12131509,2,2,7,6,,,,,,,,,
12131510,0,0,4,6,,,,,5,,,,
12131511,1,1,4,6,5,,,,,,,,
12131513,0,0,4,2,,,,,,,,,
12131514,0,0,5,,,,,,,,,,
12131516,0,0,4,4,,,,,,,,,
12131546,2,2,6,3,6,,,,,,,,
12131549,1,1,5,6,3,,,,,,,,
12131552,2,2,6,2,6,,,,,,,,
12131553,2,2,6,6,,,,,,,,,
12131555,2,2,6,6,,,,,,,,,
12131556,0,0,2,,,,,,,,,,
12131557,0,0,4,,,,,,,,,,
12131568,0,0,2,3,,,,,,,,,
12131569,1,1,6,6,3,,,,1,,,,
12131570,2,2,6,7,,,,,7,,,,
12131571,2,2,4,6,6,,,,,,,,
12131573,1,1,5,6,3,,,,,,,,
12131574,2,2,2,6,6,,,,,,,,
12131575,2,2,4,6,6,,,,,,,,
12131577,2,2,6,4,6,,,,,,,,
12131581,2,2,6,7,,,,,,,,,
12131582,2,2,6,6,,,,,,,,,
12131604,1,1,6,1,0,,,,,,,,
12131605,2,2,7,6,,,,,,,,,
12131610,1,1,7,1,2,,,,,,,,
12131611,1,1,1,6,1,,,,,,,,
12131612,0,0,6,4,,,,9,,,,,
12131613,0,0,1,5,,,,,,,,,
12131614,1,1,3,6,6,,,,,3,,,
12131618,2,2,6,6,,,,,,,,,
12131636,1,1,6,6,3,,,,3,,,,
12131638,1,1,5,6,6,,,,,9,,,
12131639,2,2,6,6,,,,,,,,,
12131640,0,0,4,4,,,,,,,,,
12131641,0,0,0,3,,,,,,,,,
12131642,2,2,7,6,,,,,,,,,
12131643,0,0,2,4,,,,,,,,,
12131644,0,0,5,3,,,,,,,,,
12131645,0,0,3,3,,,,,,,,,
12131646,0,0,3,2,,,,,,,,,
12131647,0,0,1,5,,,,,,,,,
12131648,2,2,7,3,6,,,7,,,,,
12145471,2,2,6,7,,,,,,,,,
12145476,0,0,2,6,,,,,4,,,,
12148591,0,0,4,4,,,,,,,,,
12148592,2,2,6,6,,,,,,,,,
12148593,2,2,6,6,,,,,,,,,
12148595,,,,,,,,,,,,,
12148596,2,2,6,3,6,,,,,,,,
12148597,2,2,7,6,,,,7,,,,,
12148598,2,2,6,6,,,,,,,,,
12148599,1,1,4,6,6,,,,,,,,
12148600,1,1,6,,,,,,,,,,
12148604,2,2,6,6,,,,,,,,,
12148926,2,2,7,6,,,,7,,,,,
12148927,1,1,6,4,,,,,,,,,
12148930,0,0,2,4,,,,,,,,,
12148932,2,2,6,6,,,,,,,,,
12148933,0,0,5,5,,,,,,,,,
12150729,0,0,3,4,,,,,,,,,
12151114,2,2,6,6,,,,,,,,,
12151328,1,1,6,6,2,,,9,,,,,
12151329,2,2,6,4,6,,,,,,,,
12151330,2,2,6,6,,,,,,,,,
12151344,0,0,4,2,,,,,,,,,
12151426,0,0,2,3,,,,,,,,,
12151570,1,1,6,4,4,,,,,,,,
12151571,0,0,6,0,,,,8,,,,,
12151572,2,2,7,6,,,,,,,,,
12151574,2,2,7,6,,,,,,,,,
12151575,2,2,6,7,,,,,,,,,
12151576,2,2,6,7,,,,,,,,,
12151577,0,0,2,4,,,,,,,,,
12151578,1,1,4,6,2,,,,,,,,
12151606,1,1,6,3,3,,,,,,,,
12151607,1,1,6,4,1,,,,,,,,
12151618,0,0,2,2,,,,,,,,,
12151619,0,0,4,2,,,,,,,,,
12151690,0,0,2,4,,,,,,,,,
12151803,0,0,6,4,,,,4,,,,,
12151951,0,0,3,4,,,,,,,,,
12152262,0,0,4,2,,,,,,,,,
12152273,2,2,6,6,,,,,,,,,
12152277,0,0,6,2,,,,2,,,,,
12152278,2,2,6,6,,,,,,,,,
12152279,2,2,6,7,,,,,,,,,
12152290,0,0,4,5,,,,,,,,,
12152294,2,2,6,6,,,,,,,,,
12152296,1,1,3,6,1,,,,,,,,
12152298,2,2,6,6,,,,,,,,,
12152300,1,1,6,3,5,,,,,,,,
12152310,1,1,6,2,1,,,,,,,,
12152315,1,1,7,1,3,,,7,,,,,
12152318,2,2,6,3,6,,,,,,,,
12152319,0,0,3,2,,,,,,,,,
12152320,2,2,5,6,7,,,,,13,,,
12152321,2,2,6,6,,,,,,,,,
12152325,1,1,6,2,1,,,,,,,,
12152326,0,0,3,4,,,,,,,,,
12152327,0,0,3,2,,,,,,,,,
12152334,2,2,2,6,6,,,,,,,,
12152335,2,2,7,6,,,,,,,,,
12152338,2,2,6,6,,,,,,,,,
12152346,2,2,6,2,6,,,,,,,,
12152402,2,2,7,6,,,,,,,,,
12152409,2,2,6,6,,,,,,,,,
12152412,1,1,6,3,2,,,,,,,,
12152414,2,2,6,4,6,,,,,,,,
12152422,2,2,2,6,6,,,,,,,,
12152423,1,1,4,7,0,,,,,,,,
12152424,2,2,6,6,,,,,,,,,
12152425,2,2,6,6,,,,,,,,,
12152426,1,1,3,7,6,,,,,4,,,
12152428,0,0,4,,,,,,,,,,
12152429,2,2,7,3,6,,,7,,,,,
12152430,2,2,7,1,7,,,7,,,,,
12152523,1,1,4,7,4,,,,,,,,
12152524,0,0,6,3,,,,3,,,,,
12152526,0,0,2,4,,,,,,,,,
12152531,2,2,7,2,7,,,7,,9,,,
12152532,0,0,3,2,,,,,,,,,
12152537,2,2,6,7,,,,,7,,,,
12152541,0,0,1,2,,,,,,,,,
12152545,2,2,6,6,,,,,,,,,
12152549,2,2,6,6,,,,,,,,,
12152550,1,1,7,2,,,,7,,,,,
12152554,0,0,3,2,,,,,,,,,
12152556,0,0,4,2,,,,,,,,,
12152559,2,2,6,6,,,,,,,,,
12152562,1,1,7,2,3,,,7,,,,,
12152565,1,1,6,3,6,,,,,6,,,
12152568,2,2,6,6,6,,,,4,,,,
12152570,0,0,0,1,,,,,,,,,
12152573,2,2,6,7,,,,,,,,,
12152576,0,0,4,3,,,,,,,,,
12152578,0,0,3,0,,,,,,,,,
12152581,0,0,2,1,,,,,,,,,
12152584,2,2,6,6,,,,,,,,,
12152587,2,2,6,6,,,,,,,,,
12152589,0,0,5,4,,,,,,,,,
12152591,2,2,6,6,,,,,,,,,
12152592,2,2,6,7,,,,,,,,,
12152595,2,2,6,6,,,,,,,,,
12152598,0,0,1,6,,,,,4,,,,
12152605,2,2,7,6,,,,,,,,,
12152607,0,0,3,3,,,,,,,,,
12152608,0,0,5,4,,,,,,,,,
12152612,0,0,4,1,,,,,,,,,
12152613,0,0,3,4,,,,,,,,,
12152614,2,2,2,6,6,,,,,,,,
12152617,2,2,6,4,7,,,,,,,,
12152619,2,2,5,7,7,,,,7,,,,
12152620,2,2,6,3,7,,,,,7,,,
12152624,0,0,3,3,,,,,,,,,
12152627,0,0,1,0,,,,,,,,,
12152637,1,1,6,1,4,,,,,,,,
12152645,0,0,2,1,,,,,,,,,
12153225,0,0,4,5,,,,,,,,,
12153398,2,2,4,6,6,,,,,,,,
12153444,0,0,3,5,,,,,,,,,
12153691,2,2,6,4,6,,,,,,,,
12153857,0,0,3,4,,,,,,,,,
12153859,2,2,6,6,,,,,,,,,
12153860,0,0,5,3,,,,,,,,,
12153861,2,2,6,6,,,,,,,,,
12153868,0,0,2,1,,,,,,,,,
12153869,2,2,5,6,6,,,,,,,,
12153871,0,0,3,4,,,,,,,,,
12153872,2,2,4,6,6,,,,,,,,
12153894,2,2,6,6,,,,,,,,,
12153900,2,2,6,6,,,,,,,,,
12153901,1,1,6,3,1,,,,,,,,
12153910,2,2,6,6,,,,,,,,,
12153917,2,2,6,6,,,,,,,,,
12153926,1,1,0,6,3,,,,,,,,
12154093,1,1,3,6,0,,,,,,,,
12154094,2,2,6,6,,,,,,,,,
12154106,1,1,1,6,1,,,,,,,,
12154125,0,0,3,1,,,,,,,,,
12154153,2,2,6,3,7,,,,,8,,,
12154195,1,1,6,3,0,,,,,,,,
12154210,2,2,6,2,6,,,,,,,,
12154216,2,2,6,6,,,,,,,,,
12154221,1,1,6,3,4,,,,,,,,
12154222,2,2,7,7,,,,7,,,,,
12154223,0,0,2,6,,,,,3,,,,
12154225,2,2,4,6,6,,,,,,,,
12154227,2,2,7,5,6,,,7,,,,,
12154228,1,1,7,4,2,,,7,,,,,
12154235,2,2,6,6,,,,,,,,,
12154237,0,0,1,2,,,,,,,,,
12154239,2,2,6,6,,,,,,,,,
12154241,0,0,0,1,,,,,,,,,
12154243,1,1,3,6,3,,,,,,,,
12154244,2,2,5,6,6,,,,,,,,
12154258,1,1,2,6,1,,,,,,,,
12154283,2,2,4,6,7,,,,,7,,,
12154326,0,0,3,0,,,,,,,,,
12154327,2,2,7,6,,,,7,,,,,
12154328,2,2,7,7,,,,7,7,,,,
12154332,2,2,7,6,,,,7,,,,,
12154333,1,1,3,6,4,,,,,,,,
12154408,2,2,6,7,,,,,7,,,,
12154433,,,1,,,,,,,,,,
12154434,2,2,6,6,,,,,,,,,
12154440,2,2,6,6,,,,,,,,,
12154441,2,2,6,6,,,,,,,,,
12154443,1,1,6,1,5,,,,,,,,
12154472,0,0,4,6,,,,,3,,,,
12154561,2,2,6,7,,,,,7,,,,
12154593,0,0,4,2,,,,,,,,,
12154625,2,2,6,6,,,,,,,,,
12154633,0,0,4,3,,,,,,,,,
12154634,2,2,4,6,6,,,,,,,,
12154635,0,0,2,4,,,,,,,,,
12154636,2,2,6,6,,,,,,,,,
12154637,2,2,7,4,6,,,7,,,,,
12154638,2,2,6,6,,,,,,,,,
12154639,1,1,6,3,0,,,,,,,,
12154640,2,2,6,6,,,,,,,,,
12154641,2,2,6,6,,,,,,,,,
12154646,0,0,3,3,,,,,,,,,
12154693,1,1,5,6,5,,,,,,,,
12154763,2,2,6,6,,,,,,,,,
12154855,1,1,6,2,,,,,,,,,
12154976,0,0,3,3,,,,,,,,,
12155008,2,2,6,7,,,,,,,,,
12155014,2,2,5,6,7,,,,,,,,
12155030,2,2,6,6,,,,,,,,,
12155031,0,0,5,0,,,,,,,,,
12155032,0,0,1,4,,,,,,,,,
12155033,2,2,6,6,,,,,,,,,
12155034,0,0,0,4,,,,,,,,,
12155035,0,0,0,2,,,,,,,,,
12155036,0,0,1,2,,,,,,,,,
12155049,2,2,6,6,,,,,,,,,
12155072,2,2,5,6,6,,,,,,,,
12155073,,,,,,,,,,,,,
12155074,1,1,2,6,3,,,,,,,,
12155075,2,2,6,6,,,,,,,,,
12155076,0,0,2,0,,,,,,,,,
12155078,2,2,6,6,,,,,,,,,
12155079,0,0,0,1,,,,,,,,,
12155314,2,2,6,7,,,,,,,,,
12155629,1,1,6,4,4,,,,,,,,
12155631,2,2,6,6,,,,,,,,,
12155632,2,2,6,6,,,,,,,,,
12155634,2,2,7,6,,,,7,,,,,
12155635,0,0,3,5,,,,,,,,,
12155636,2,2,7,1,6,,,7,,,,,
12155644,0,0,4,2,,,,,,,,,
12155645,,,,,,,,,,,,,
12155646,2,2,6,6,,,,,,,,,
12155647,2,2,6,6,,,,,,,,,
12155648,0,0,3,4,,,,,,,,,
12155649,2,2,7,6,,,,,,,,,
12155650,0,0,4,4,,,,,,,,,
12155651,2,2,7,7,,,,8,,,,,
12156004,2,2,6,6,6,,,,4,,,,
12156024,2,2,6,6,,,,,,,,,
12156035,0,0,5,0,,,,,,,,,
12156052,2,2,6,7,,,,,7,,,,
12156086,2,2,2,6,6,,,,,,,,
12156087,0,0,6,1,,,,3,,,,,
12156238,0,0,2,2,,,,,,,,,
12156283,2,2,6,6,,,,,,,,,
12156354,2,2,6,7,,,,,7,,,,
12156355,2,2,6,6,6,,,2,,,,,
12156361,0,0,1,4,,,,,,,,,
12156368,0,0,4,4,,,,,,,,,
12156371,0,0,1,2,,,,,,,,,
12156373,2,2,3,7,6,,,,9,,,,
12156385,2,2,6,6,,,,,,,,,
12156387,2,2,6,6,,,,,,,,,
12156389,0,0,1,0,,,,,,,,,
12156405,2,2,6,6,,,,,,,,,
12156408,1,1,0,6,1,,,,,,,,
12156419,2,2,6,6,,,,,,,,,
12156420,0,0,3,4,,,,,,,,,
12156436,2,2,6,6,,,,,,,,,
12156487,0,0,1,,,,,,,,,,
12156560,0,0,1,2,,,,,,,,,
12156570,2,2,6,6,6,,,3,,,,,
12156572,0,0,3,3,,,,,,,,,
12156758,2,2,6,6,,,,,,,,,
12156789,2,2,7,6,,,,7,,,,,
12156801,0,0,3,4,,,,,,,,,
12156808,1,1,6,1,1,,,,,,,,
12156809,0,0,4,4,,,,,,,,,
12156819,0,0,3,3,,,,,,,,,
12156820,2,2,6,6,,,,,,,,,
12156829,2,2,6,6,,,,,,,,,
12156830,2,2,6,6,,,,,,,,,
12156831,2,2,4,6,6,,,,,,,,
12156839,2,2,6,6,,,,,,,,,
12156846,1,1,3,7,6,,,,7,4,,,
12156850,2,2,7,6,,,,,,,,,
12156904,2,2,7,4,7,,,7,,,,,
12156934,0,0,1,4,,,,,,,,,
12156935,0,0,2,2,,,,,,,,,
12156939,0,0,2,4,,,,,,,,,
12156953,0,0,2,0,,,,,,,,,
12156954,0,0,5,4,,,,,,,,,
12156960,1,1,4,6,4,,,,,,,,
12157141,0,0,0,3,,,,,,,,,
12157146,0,0,3,4,,,,,,,,,
12157147,2,2,7,6,,,,,,,,,
12157148,0,0,3,4,,,,,,,,,
12157149,0,0,1,1,,,,,,,,,
12157150,0,0,2,3,,,,,,,,,
12157151,1,1,3,7,3,,,,,,,,
12157152,0,0,4,3,,,,,,,,,
12157157,0,0,4,2,,,,,,,,,
12157179,2,2,6,6,,,,,,,,,
12157230,0,0,1,4,,,,,,,,,
12157240,2,2,6,6,6,,,,3,,,,
12157242,1,1,6,3,2,,,,,,,,
12157243,2,2,7,6,,,,,,,,,
12157244,0,0,6,2,,,,5,,,,,
12157245,0,0,6,2,,,,7,,,,,
12157246,1,1,6,4,,,,,,,,,
12157247,0,0,2,2,,,,,,,,,
12157248,2,2,6,7,,,,,,,,,
12157271,2,2,6,6,,,,,,,,,
12157272,1,1,6,5,1,,,,,,,,
12157273,2,2,6,7,,,,,,,,,
12157281,2,2,6,6,,,,,,,,,
12157297,1,1,4,6,2,,,,,,,,
12157298,2,2,6,6,,,,,,,,,
12157307,2,2,4,6,7,,,,,,,,
12157315,0,0,4,2,,,,,,,,,
12157333,2,2,6,2,6,,,,,,,,
12157367,2,2,6,6,,,,,,,,,
12157368,2,2,6,4,7,,,,,9,,,
12157393,2,2,6,7,,,,,,,,,
12157394,2,2,6,6,,,,,,,,,
12157395,0,0,3,3,,,,,,,,,
12157398,0,0,3,3,,,,,,,,,
12157399,2,2,7,6,,,,7,,,,,
12157400,2,2,4,6,6,,,,,,,,
12157408,2,2,6,6,,,,,,,,,
12157409,0,0,6,6,,,,2,5,,,,
12157418,0,0,4,2,,,,,,,,,
12157432,2,2,6,2,6,,,,,,,,
12157433,2,2,6,6,6,,,,6,,,,
12157434,0,0,1,1,,,,,,,,,
12157451,2,2,6,4,6,,,,,,,,
12157458,0,0,4,3,,,,,,,,,
12157459,2,2,6,6,,,,,,,,,
12157469,0,0,6,1,,,,1,,,,,
12157470,2,2,6,6,,,,,,,,,
12157486,1,1,6,1,1,,,,,,,,
12157499,0,0,1,,,,,,,,,,
12157504,1,1,6,6,3,,,,5,,,,
12157508,0,0,4,4,,,,,,,,,
12157509,2,2,7,6,,,,7,,,,,
12157517,2,2,6,6,,,,,,,,,
12157518,0,0,1,5,,,,,,,,,
12157519,0,0,4,4,,,,,,,,,
12157521,0,0,3,3,,,,,,,,,
12157522,0,0,4,3,,,,,,,,,
12157523,,,,,,,,,,,,,
12157524,2,2,2,6,6,,,,,,,,
12157525,0,0,2,1,,,,,,,,,
12157534,2,2,7,6,,,,,,,,,
12157537,0,0,5,4,,,,,,,,,
12157541,2,2,6,6,,,,,,,,,
12157542,2,2,2,6,6,,,,,,,,
12157543,1,1,6,6,3,,,,6,,,,
12157561,2,2,6,6,,,,,,,,,
12157571,2,2,6,6,,,,,,,,,
12157572,1,1,6,4,2,,,,,,,,
12157613,2,2,6,6,,,,,,,,,
12157614,1,1,4,6,2,,,,,,,,
12157616,2,2,6,6,,,,,,,,,
12157683,2,2,2,6,6,,,,,,,,
12157684,2,2,6,6,,,,,,,,,
12157685,2,2,6,6,7,,,7,,,,,
12157690,1,1,3,6,4,,,,,,,,
12157691,0,0,3,2,,,,,,,,,
12157692,2,2,6,6,,,,,,,,,
12157694,0,0,2,1,,,,,,,,,
12157695,0,0,1,0,,,,,,,,,
12157709,2,2,6,6,,,,,,,,,
12157738,0,0,1,5,,,,,,,,,
12157739,,,,,,,,,,,,,
12157740,2,2,6,6,,,,,,,,,
12157757,2,2,5,6,6,,,,,,,,
12157772,2,2,7,3,6,,,7,,,,,
12157774,2,2,6,6,,,,,,,,,
12157775,2,2,6,6,,,,,,,,,
12157805,2,2,6,4,6,,,,,,,,
12157808,2,2,4,7,6,,,,7,,,,
12157830,,,,,,,,,,,,,
12157831,2,2,6,6,,,,,,,,,
12157832,2,2,6,6,,,,,,,,,
12157837,2,2,6,4,6,,,,,,,,
12157838,2,2,6,6,,,,,,,,,
12157915,2,2,6,3,7,,,,,,,,
12157917,2,2,4,7,7,,,,7,,,,
12157918,0,0,2,2,,,,,,,,,
12157919,0,0,2,4,,,,,,,,,
12157936,2,2,6,6,,,,,,,,,
12157939,0,0,2,2,,,,,,,,,
12157962,1,1,6,6,3,,,4,,,,,
12157963,0,0,6,4,,,,4,,,,,
12157964,2,2,7,4,6,,,8,,,,,
12157965,2,2,7,7,,,,11,7,,,,
12158032,,,,,,,,,,,,,
12158033,0,0,4,2,,,,,,,,,
12158044,2,2,6,6,,,,,,,,,
12158051,2,2,6,7,,,,,7,,,,
12158052,2,2,6,6,,,,,,,,,
12158054,0,0,2,3,,,,,,,,,
12158075,2,2,6,3,7,,,,,,,,
12158078,1,1,3,6,4,,,,,,,,
12158080,2,2,7,6,,,,,,,,,
12158081,2,2,6,6,,,,,,,,,
12158082,0,0,0,3,,,,,,,,,
12158083,0,0,2,4,,,,,,,,,
12158084,2,2,6,6,,,,,,,,,
12158100,2,2,7,6,,,,7,,,,,
12158103,0,0,3,2,,,,,,,,,
12158114,,,,,,,,,,,,,
12158117,1,1,7,3,3,,,8,,,,,
12158118,0,0,4,3,,,,,,,,,
12158121,1,1,2,7,6,,,,7,3,,,
12158139,2,2,6,2,6,,,,,,,,
12158140,2,2,7,2,6,,,,,,,,
12158141,0,0,3,2,,,,,,,,,
12158142,2,2,6,6,,,,,,,,,
12158195,0,0,4,3,,,,,,,,,
12158200,0,0,6,4,,,,3,,,,,
12158204,0,0,1,1,,,,,,,,,
12158206,2,2,6,6,,,,,,,,,
12158210,2,2,6,4,6,,,,,,,,
12158226,2,2,6,1,6,,,,,,,,
12158230,0,0,3,2,,,,,,,,,
12158236,2,2,6,7,,,,,9,,,,
12158237,2,2,6,6,,,,,,,,,
12158239,1,1,6,0,1,,,,,,,,
12158242,2,2,6,7,,,,,,,,,
12158243,0,0,4,2,,,,,,,,,
12158246,0,0,1,1,,,,,,,,,
12158247,0,0,6,3,,,,4,,,,,
12158252,1,1,4,6,4,,,,,,,,
12158257,0,0,5,3,,,,,,,,,
12158258,1,1,7,2,0,,,7,,,,,
12158259,2,2,7,7,,,,8,,,,,
12158260,2,2,6,3,6,,,,,,,,
12158261,2,2,3,6,7,,,,,,,,
12158262,2,2,6,6,,,,,,,,,
12158263,1,1,6,4,4,,,,,,,,
12158264,2,2,6,6,,,,,,,,,
12158275,2,2,7,6,,,,,,,,,
12158276,0,0,1,3,,,,,,,,,
12158279,2,2,6,6,,,,,,,,,
12158282,2,2,5,6,6,,,,,,,,
12158300,0,0,1,3,,,,,,,,,
12158303,1,1,6,4,2,,,,,,,,
12158317,1,1,2,6,4,,,,,,,,
12158320,0,0,2,4,,,,,,,,,
12158347,2,2,6,6,,,,,,,,,
12158348,2,2,7,6,,,,,,,,,
12158357,0,0,1,3,,,,,,,,,
12158363,1,1,6,6,1,,,,8,,,,
12158365,,,5,0,,,,,,,,,
12158368,0,0,3,2,,,,,,,,,
12158392,1,1,6,2,4,,,,,,,,
12158447,0,0,4,1,,,,,,,,,
12158448,2,2,6,4,6,,,,,,,,
12158508,1,1,6,3,6,,,,,4,,,
12158515,1,1,3,7,1,,,,,,,,
12158518,0,0,6,3,,,,,,,,,
12158538,2,2,7,2,6,,,,,,,,
12158548,0,0,2,3,,,,,,,,,
12158553,0,0,2,6,,,,,3,,,,
12158586,0,0,3,1,,,,,,,,,
12158587,0,0,6,3,,,,4,,,,,
12158663,2,2,7,6,,,,,,,,,
12158704,2,2,6,6,,,,,,,,,
12158712,2,2,7,6,,,,7,,,,,
12159141,0,0,4,4,,,,,,,,,
12159142,2,2,7,6,,,,,,,,,
12159147,1,1,4,6,3,,,,,,,,
12159148,1,1,6,1,3,,,,,,,,
12159151,1,1,7,5,2,,,,,,,,
12159182,1,1,7,1,4,,,8,,,,,
12159183,0,0,5,1,,,,,,,,,
12159184,2,2,6,6,6,,,,5,,,,
12159185,2,2,6,6,,,,,,,,,
12159197,0,0,4,5,,,,,,,,,
12159206,0,0,3,3,,,,,,,,,
12159207,2,2,6,6,,,,,,,,,
12159209,0,0,0,0,,,,,,,,,
12159224,0,0,2,1,,,,,,,,,
12159291,0,0,3,1,,,,,,,,,
12159292,2,2,6,7,,,,,8,,,,
12159375,0,0,3,6,,,,,4,,,,
12159377,2,2,6,6,,,,,,,,,
12159593,0,0,4,2,,,,,,,,,
12159651,1,1,6,4,,,,,,,,,
12159765,2,2,6,6,,,,,,,,,
12159786,2,2,6,6,6,,,5,,,,,
12159792,0,0,1,,,,,,,,,,
12159802,2,2,6,7,,,,,7,,,,
12159804,2,2,6,6,,,,,,,,,
12159841,2,2,4,6,6,,,,,,,,
12159842,1,1,6,5,3,,,,,,,,
12160069,2,2,6,6,,,,,,,,,
12160070,2,2,6,7,,,,,,,,,
12160166,2,2,6,3,6,,,,,,,,
12160167,2,2,6,6,,,,,,,,,
12160171,0,0,6,3,,,,1,,,,,
12160177,2,2,6,6,,,,,,,,,
12160183,2,2,6,6,,,,,,,,,
12160196,0,0,5,3,,,,,,,,,
12160216,0,0,3,4,,,,,,,,,
12160235,2,2,6,6,,,,,,,,,
12160236,0,0,1,0,,,,,,,,,
12160255,2,2,7,6,,,,7,,,,,
12160347,0,0,4,3,,,,,,,,,
12160368,2,2,6,6,,,,,,,,,
12160369,1,1,7,4,1,,,9,,,,,
12160387,2,2,6,6,,,,,,,,,
12160413,0,0,6,3,,,,8,,,,,
12160432,2,2,6,7,,,,,,,,,
12160440,2,2,6,6,,,,,,,,,
12160441,2,2,6,6,,,,,,,,,
12160454,0,0,3,1,,,,,,,,,
12160455,2,2,6,6,,,,,,,,,
12160457,0,0,4,3,,,,,,,,,
12160468,2,2,6,6,6,,,4,,,,,
12160469,0,0,2,0,,,,,,,,,
12160557,0,0,5,2,,,,,,,,,
12160558,1,1,1,6,2,,,,,,,,
12160559,0,0,6,4,,,,5,,,,,
12160621,2,2,6,7,,,,,,,,,
12160636,2,2,6,6,6,,,,4,,,,
12160649,0,0,2,2,,,,,,,,,
12160651,0,0,3,0,,,,,,,,,
12160652,2,2,1,7,6,,,,,,,,
12160665,0,0,5,2,,,,,,,,,
12160681,2,2,3,6,6,,,,,,,,
12160682,0,0,5,2,,,,,,,,,
12160683,2,2,7,6,,,,7,,,,,
12160684,0,0,3,3,,,,,,,,,
12160685,2,2,7,4,7,,,,,8,,,
12160693,2,2,6,6,,,,,,,,,
12160694,2,2,6,6,,,,,,,,,
12160703,2,2,6,6,,,,,,,,,
12160732,2,2,6,6,,,,,,,,,
12160737,0,0,4,1,,,,,,,,,
12160753,0,0,3,4,,,,,,,,,
12160756,0,0,6,3,,,,4,,,,,
12160757,2,2,2,7,6,,,,9,,,,
12160758,2,2,7,7,,,,9,,,,,
12160759,1,1,6,4,4,,,,,,,,
12160760,0,0,4,3,,,,,,,,,
12160773,0,0,3,3,,,,,,,,,
12160831,0,0,2,4,,,,,,,,,
12160832,2,2,6,6,,,,,,,,,
12160912,2,2,6,6,,,,,,,,,
12160946,2,2,6,6,,,,,,,,,
12160947,2,2,6,6,6,,,,7,,,,
12160949,2,2,7,6,,,,7,,,,,
12160958,2,2,7,7,,,,7,,,,,
12160977,2,2,6,6,,,,,,,,,
12160984,2,2,6,6,,,,,,,,,
12160985,2,2,6,6,,,,,,,,,
12160986,2,2,6,6,,,,,,,,,
12161004,0,0,0,,,,,,,,,,
12161014,2,2,7,6,,,,,,,,,
12161015,0,0,1,1,,,,,,,,,
12161030,0,0,1,6,,,,,5,,,,
12161046,0,0,6,2,,,,6,,,,,
12161109,0,0,4,2,,,,,,,,,
12161118,0,0,4,5,,,,,,,,,
12161140,0,0,3,6,,,,,4,,,,
12161141,0,0,0,0,,,,,,,,,
12161172,0,0,4,2,,,,,,,,,
12161180,0,0,3,3,,,,,,,,,
12161192,2,2,6,6,,,,,,,,,
12161203,1,1,1,6,3,,,,,,,,
12161265,2,2,6,6,,,,,,,,,
12161391,2,2,6,6,6,,,6,,,,,
12161393,0,0,2,3,,,,,,,,,
12161460,0,0,2,3,,,,,,,,,
12161477,,,,,,,,,,,,,
12110008,2,2,7,6,,,,,,,,,
12110010,0,0,3,3,,,,,,,,,
12110012,0,0,3,1,,,,,,,,,
12110018,2,2,6,1,6,,,,,,,,
12110033,0,0,4,3,,,,,,,,,
12110037,0,0,0,5,,,,,,,,,
12110041,1,1,6,1,,,,,,,,,
12110075,2,2,5,6,6,,,,,,,,
12110077,2,2,6,6,,,,,,,,,
12110078,1,1,4,7,2,,,,7,,,,
12131503,2,2,6,7,,,,,,,,,
12131505,2,2,6,6,,,,,,,,,
12131507,0,0,4,3,,,,,,,,,
12131509,2,2,7,6,,,,,,,,,
12131510,0,0,4,6,,,,,5,,,,
12131511,1,1,4,6,5,,,,,,,,
12131514,0,0,5,,,,,,,,,,
12131515,2,2,6,7,,,,,8,,,,
12131546,2,2,6,3,6,,,,,,,,
12131547,0,0,6,1,,,,1,,,,,
12131549,1,1,5,6,3,,,,,,,,
12131550,1,1,6,1,5,,,,,,,,
12131551,0,0,3,1,,,,,,,,,
12131552,2,2,6,2,6,,,,,,,,
12131553,2,2,6,6,,,,,,,,,
12131555,2,2,6,6,,,,,,,,,
12131556,0,0,2,,,,,,,,,,
12131557,0,0,4,,,,,,,,,,
12131568,0,0,2,3,,,,,,,,,
12131569,1,1,6,6,3,,,,1,,,,
12131571,2,2,4,6,6,,,,,,,,
12131572,0,0,2,2,,,,,,,,,
12131577,2,2,6,4,6,,,,,,,,
12131579,1,1,6,4,4,,,,,,,,
12131581,2,2,6,7,,,,,,,,,
12131604,1,1,6,1,0,,,,,,,,
12131605,2,2,7,6,,,,,,,,,
12131607,2,2,6,7,,,,,7,,,,
12131610,1,1,7,1,2,,,,,,,,
12131615,2,2,6,5,7,,,,,,,,
12131616,1,1,5,6,6,,,,,6,,,
12131617,2,2,6,7,,,,,10,,,,
12131618,2,2,6,6,,,,,,,,,
12131634,2,2,7,6,,,,7,,,,,
12131637,1,1,6,3,3,,,,,,,,
12131643,0,0,2,4,,,,,,,,,
12131644,0,0,5,3,,,,,,,,,
12131646,0,0,3,2,,,,,,,,,
12131648,2,2,7,3,6,,,7,,,,,
12151570,1,1,6,4,4,,,,,,,,
12151572,2,2,7,6,,,,,,,,,
12152261,,,,,,,,,,,,,
12152264,,,,,,,,,,,,,
12152279,2,2,6,7,,,,,,,,,
12152324,,,,,,,,,,,,,
12152325,1,1,6,2,1,,,,,,,,
12152349,,,,,,,,,,,,,
12152354,,,,,,,,,,,,,
12152426,1,1,3,7,6,,,,,4,,,
12152527,,,,,,,,,,,,,
12152528,,,,,,,,,,,,,
12152547,,,,,,,,,,,,,
12152558,,,,,,,,,,,,,
12152580,,,,,,,,,,,,,
12152582,,,,,,,,,,,,,
12152586,,,,,,,,,,,,,
12152609,,,,,,,,,,,,,
12152611,,,,,,,,,,,,,
12152613,0,0,3,4,,,,,,,,,
12152625,,,,,,,,,,,,,
12152647,,,,,,,,,,,,,
12153293,,,,,,,,,,,,,
12153298,,,,,,,,,,,,,
12153331,,,,,,,,,,,,,
12153332,,,,,,,,,,,,,
12153399,,,,,,,,,,,,,
12153917,2,2,6,6,,,,,,,,,
12154053,,,,,,,,,,,,,
12154081,,,,,,,,,,,,,
12154195,1,1,6,3,0,,,,,,,,
12154636,2,2,6,6,,,,,,,,,
12154646,0,0,3,3,,,,,,,,,
12154839,,,,,,,,,,,,,
12154852,,,,,,,,,,,,,
12154976,0,0,3,3,,,,,,,,,
12155014,2,2,5,6,7,,,,,,,,
12155314,2,2,6,7,,,,,,,,,
12156283,2,2,6,6,,,,,,,,,
12157243,2,2,7,6,,,,,,,,,
12157245,0,0,6,2,,,,7,,,,,
12157247,0,0,2,2,,,,,,,,,
12157398,0,0,3,3,,,,,,,,,
12157409,0,0,6,6,,,,2,5,,,,
12157458,0,0,4,3,,,,,,,,,
12157508,0,0,4,4,,,,,,,,,
12157537,0,0,5,4,,,,,,,,,
12157542,2,2,2,6,6,,,,,,,,
12157543,1,1,6,6,3,,,,6,,,,
12157572,1,1,6,4,2,,,,,,,,
12157684,2,2,6,6,,,,,,,,,
12157685,2,2,6,6,7,,,7,,,,,
12157739,,,,,,,,,,,,,
12157772,2,2,7,3,6,,,7,,,,,
12157774,2,2,6,6,,,,,,,,,
12157775,2,2,6,6,,,,,,,,,
12157805,2,2,6,4,6,,,,,,,,
12157808,2,2,4,7,6,,,,7,,,,
12157915,2,2,6,3,7,,,,,,,,
12157918,0,0,2,2,,,,,,,,,
12157936,2,2,6,6,,,,,,,,,
12157963,0,0,6,4,,,,4,,,,,
12158032,,,,,,,,,,,,,
12158081,2,2,6,6,,,,,,,,,
12158114,,,,,,,,,,,,,
12158117,1,1,7,3,3,,,8,,,,,
12158118,0,0,4,3,,,,,,,,,
12158140,2,2,7,2,6,,,,,,,,
12158141,0,0,3,2,,,,,,,,,
12158142,2,2,6,6,,,,,,,,,
12158204,0,0,1,1,,,,,,,,,
12158206,2,2,6,6,,,,,,,,,
12158236,2,2,6,7,,,,,9,,,,
12158237,2,2,6,6,,,,,,,,,
12158242,2,2,6,7,,,,,,,,,
12158243,0,0,4,2,,,,,,,,,
12158252,1,1,4,6,4,,,,,,,,
12158257,0,0,5,3,,,,,,,,,
12158258,1,1,7,2,0,,,7,,,,,
12158259,2,2,7,7,,,,8,,,,,
12158260,2,2,6,3,6,,,,,,,,
12158261,2,2,3,6,7,,,,,,,,
12158262,2,2,6,6,,,,,,,,,
12158263,1,1,6,4,4,,,,,,,,
12158264,2,2,6,6,,,,,,,,,
12158275,2,2,7,6,,,,,,,,,
12158276,0,0,1,3,,,,,,,,,
12158282,2,2,5,6,6,,,,,,,,
12158300,0,0,1,3,,,,,,,,,
12158317,1,1,2,6,4,,,,,,,,
12158347,2,2,6,6,,,,,,,,,
12158348,2,2,7,6,,,,,,,,,
12158357,0,0,1,3,,,,,,,,,
12158363,1,1,6,6,1,,,,8,,,,
12158365,,,5,0,,,,,,,,,
12158368,0,0,3,2,,,,,,,,,
12158392,1,1,6,2,4,,,,,,,,
12158447,0,0,4,1,,,,,,,,,
12158448,2,2,6,4,6,,,,,,,,
12158508,1,1,6,3,6,,,,,4,,,
12158515,1,1,3,7,1,,,,,,,,
12158518,0,0,6,3,,,,,,,,,
12158538,2,2,7,2,6,,,,,,,,
12158548,0,0,2,3,,,,,,,,,
12158553,0,0,2,6,,,,,3,,,,
12158586,0,0,3,1,,,,,,,,,
12158587,0,0,6,3,,,,4,,,,,
12158663,2,2,7,6,,,,,,,,,
12158704,2,2,6,6,,,,,,,,,
12158712,2,2,7,6,,,,7,,,,,
12159141,0,0,4,4,,,,,,,,,
12159142,2,2,7,6,,,,,,,,,
12159147,1,1,4,6,3,,,,,,,,
12159148,1,1,6,1,3,,,,,,,,
12159151,1,1,7,5,2,,,,,,,,
12159182,1,1,7,1,4,,,8,,,,,
12159183,0,0,5,1,,,,,,,,,
12159184,2,2,6,6,6,,,,5,,,,
12159185,2,2,6,6,,,,,,,,,
12159197,0,0,4,5,,,,,,,,,
12159206,0,0,3,3,,,,,,,,,
12159207,2,2,6,6,,,,,,,,,
12159209,0,0,0,0,,,,,,,,,
12159224,0,0,2,1,,,,,,,,,
12159291,0,0,3,1,,,,,,,,,
12159292,2,2,6,7,,,,,8,,,,
12159375,0,0,3,6,,,,,4,,,,
12159377,2,2,6,6,,,,,,,,,
12159593,0,0,4,2,,,,,,,,,
12159651,1,1,6,4,,,,,,,,,
12159765,2,2,6,6,,,,,,,,,
12159786,2,2,6,6,6,,,5,,,,,
12159792,0,0,1,,,,,,,,,,
12159802,2,2,6,7,,,,,7,,,,
12159804,2,2,6,6,,,,,,,,,
12159841,2,2,4,6,6,,,,,,,,
12159842,1,1,6,5,3,,,,,,,,
12160069,2,2,6,6,,,,,,,,,
12160070,2,2,6,7,,,,,,,,,
12160166,2,2,6,3,6,,,,,,,,
12160167,2,2,6,6,,,,,,,,,
12160171,0,0,6,3,,,,1,,,,,
12160177,2,2,6,6,,,,,,,,,
12160183,2,2,6,6,,,,,,,,,
12160196,0,0,5,3,,,,,,,,,
12160216,0,0,3,4,,,,,,,,,
12160235,2,2,6,6,,,,,,,,,
12160236,0,0,1,0,,,,,,,,,
12160255,2,2,7,6,,,,7,,,,,
12160347,0,0,4,3,,,,,,,,,
12160368,2,2,6,6,,,,,,,,,
12160369,1,1,7,4,1,,,9,,,,,
12160387,2,2,6,6,,,,,,,,,
12160413,0,0,6,3,,,,8,,,,,
12160432,2,2,6,7,,,,,,,,,
12160440,2,2,6,6,,,,,,,,,
12160441,2,2,6,6,,,,,,,,,
12160454,0,0,3,1,,,,,,,,,
12160455,2,2,6,6,,,,,,,,,
12160457,0,0,4,3,,,,,,,,,
12160468,2,2,6,6,6,,,4,,,,,
12160469,0,0,2,0,,,,,,,,,
12160557,0,0,5,2,,,,,,,,,
12160558,1,1,1,6,2,,,,,,,,
12160559,0,0,6,4,,,,5,,,,,
12160621,2,2,6,7,,,,,,,,,
12160636,2,2,6,6,6,,,,4,,,,
12160649,0,0,2,2,,,,,,,,,
12160650,,,,,,,,,,,,,
12160651,0,0,3,0,,,,,,,,,
12160652,2,2,1,7,6,,,,,,,,
12160653,0,0,3,1,,,,,,,,,
12160654,1,1,6,3,6,,,,,3,,,
12160665,0,0,5,2,,,,,,,,,
12160681,2,2,3,6,6,,,,,,,,
12160682,0,0,5,2,,,,,,,,,
12160683,2,2,7,6,,,,7,,,,,
12160684,0,0,3,3,,,,,,,,,
12160685,2,2,7,4,7,,,,,8,,,
12160693,2,2,6,6,,,,,,,,,
12160694,2,2,6,6,,,,,,,,,
12160703,2,2,6,6,,,,,,,,,
12160732,2,2,6,6,,,,,,,,,
12160737,0,0,4,1,,,,,,,,,
12160753,0,0,3,4,,,,,,,,,
12160756,0,0,6,3,,,,4,,,,,
12160757,2,2,2,7,6,,,,9,,,,
12160758,2,2,7,7,,,,9,,,,,
12160759,1,1,6,4,4,,,,,,,,
12160760,0,0,4,3,,,,,,,,,
12160773,0,0,3,3,,,,,,,,,
12160831,0,0,2,4,,,,,,,,,
12160832,2,2,6,6,,,,,,,,,
12160912,2,2,6,6,,,,,,,,,
12160913,2,2,1,6,6,,,,,,,,
12160946,2,2,6,6,,,,,,,,,
12160947,2,2,6,6,6,,,,7,,,,
12160949,2,2,7,6,,,,7,,,,,
12160958,2,2,7,7,,,,7,,,,,
12160977,2,2,6,6,,,,,,,,,
12160984,2,2,6,6,,,,,,,,,
12160985,2,2,6,6,,,,,,,,,
12160986,2,2,6,6,,,,,,,,,
12161004,0,0,0,,,,,,,,,,
12161014,2,2,7,6,,,,,,,,,
12161015,0,0,1,1,,,,,,,,,
12161030,0,0,1,6,,,,,5,,,,
12161046,0,0,6,2,,,,6,,,,,
12161109,0,0,4,2,,,,,,,,,
12161118,0,0,4,5,,,,,,,,,
12161140,0,0,3,6,,,,,4,,,,
12161141,0,0,0,0,,,,,,,,,
12161172,0,0,4,2,,,,,,,,,
12161176,2,2,6,7,,,,,7,,,,
12161180,0,0,3,3,,,,,,,,,
12161184,2,2,4,6,6,,,,,,,,
12161192,2,2,6,6,,,,,,,,,
12161203,1,1,1,6,3,,,,,,,,
12161204,0,0,4,3,,,,,,,,,
12161211,2,2,6,6,6,,,,6,,,,
12161265,2,2,6,6,,,,,,,,,
12161271,2,2,6,6,6,,,5,,,,,
12161284,0,0,3,2,,,,,,,,,
12161316,2,2,6,6,,,,,,,,,
12161319,0,0,4,4,,,,,,,,,
12161322,0,0,3,3,,,,,,,,,
12161330,2,2,6,7,6,,,4,7,,,,
12161345,2,2,6,6,,,,,,,,,
12161384,,,,,,,,,,,,,
12161391,2,2,6,6,6,,,6,,,,,
12161393,0,0,2,3,,,,,,,,,
12161413,2,2,3,7,6,,,,,,,,
12161441,0,0,6,0,,,,3,,,,,
12161460,0,0,2,3,,,,,,,,,
12161468,2,2,6,7,,,,,7,,,,
12161477,,,,,,,,,,,,,
12161479,0,0,1,4,,,,,,,,,
12161531,1,1,4,6,6,,,,,,,,
12161565,2,2,6,6,,,,,,,,,
12161612,2,2,6,7,,,,,,,,,
12162112,0,0,4,4,,,,,,,,,
12162129,2,2,6,6,,,,,,,,,
12162140,2,2,7,7,,,,,8,,,,
12162141,1,1,7,5,3,,,7,,,,,
12162144,2,2,6,7,,,,,7,,,,
12162167,1,1,4,7,6,,,,8,3,,,
12162184,2,2,6,6,,,,,,,,,
12162192,0,0,6,3,,,,4,,,,,
12162193,2,2,6,6,,,,,,,,,
12162197,2,2,7,7,,,,7,7,,,,
12162328,0,0,3,4,,,,,,,,,
12162697,2,2,6,6,,,,,,,,,
12162709,1,1,5,6,3,,,,,,,,
12162730,2,2,6,6,,,,,,,,,
12162753,0,0,1,4,,,,,,,,,
12162770,0,0,3,1,,,,,,,,,
12162823,2,2,6,6,,,,,,,,,
12163101,0,0,3,3,,,,,,,,,
12163102,0,0,0,2,,,,,,,,,
12163136,0,0,1,1,,,,,,,,,
12163138,0,0,5,2,,,,,,,,,
12163140,1,1,7,2,0,,,10,,,,,
12163144,2,2,6,7,,,,,,,,,
12163155,0,0,0,1,,,,,,,,,
12163162,1,1,1,7,6,,,,,3,,,
12163163,0,0,3,2,,,,,,,,,
12163168,1,1,6,4,3,,,,,,,,
12163215,2,2,7,7,,,,,7,,,,
12163217,2,2,6,6,,,,,,,,,
12163255,2,2,6,7,,,,,8,,,,
12163256,2,2,7,6,,,,,,,,,
12163262,2,2,6,7,,,,,,,,,
12163284,2,2,6,6,,,,,,,,,
12163300,2,2,4,6,6,,,,,,,,
12163301,2,2,6,7,,,,,,,,,
12163302,2,2,2,6,6,,,,,,,,
12163308,0,0,4,1,,,,,,,,,
12163309,0,0,3,1,,,,,,,,,
12163310,0,0,0,0,,,,,,,,,
12163311,2,2,6,7,,,,,,,,,
12163339,0,0,2,6,,,,,5,,,,
12163340,1,1,1,6,4,,,,,,,,
12163341,2,2,6,6,,,,,,,,,
12163362,2,2,7,6,7,,,7,5,7,,,
12163367,0,0,0,2,,,,,,,,,
12163387,1,1,5,6,4,,,,,,,,
12163401,1,1,3,7,1,,,,7,,,,
12163403,2,2,6,6,,,,,,,,,
12163433,0,0,6,4,,,,2,,,,,
12163449,2,2,7,7,,,,,,,,,
12163456,2,2,7,6,,,,7,,,,,
12163495,2,2,6,7,,,,,7,,,,
12163513,1,1,7,4,6,,,7,,2,,,
12163586,2,2,6,6,,,,,,,,,
12163594,1,1,1,6,3,,,,,,,,
12163643,0,0,3,2,,,,,,,,,
12163651,2,2,6,7,,,,,7,,,,
12163848,0,0,2,0,,,,,,,,,
12163875,0,0,4,6,,,,,7,,,,
12163974,0,0,5,0,,,,,,,,,
12164046,0,0,4,1,,,,,,,,,
12164069,0,0,0,3,,,,,,,,,
12164072,1,1,6,1,,,,,,,,,
12110007,1,1,6,3,2,,,,,,,,
12110017,1,1,6,6,2,,,,3,,,,
12110077,2,2,6,6,,,,,,,,,
12110078,1,1,4,7,2,,,,7,,,,
12131503,2,2,6,7,,,,,,,,,
12131504,,,,,,,,,,,,,
12131507,0,0,4,3,,,,,,,,,
12131514,0,0,5,,,,,,,,,,
12131515,2,2,6,7,,,,,8,,,,
12131547,0,0,6,1,,,,1,,,,,
12131548,2,2,6,6,,,,,,,,,
12131550,1,1,6,1,5,,,,,,,,
12131551,0,0,3,1,,,,,,,,,
12131554,2,2,3,7,7,,,,7,8,,,
12131558,0,0,6,6,,,,2,2,,,,
12131560,2,2,6,4,6,,,,,,,,
12131568,0,0,2,3,,,,,,,,,
12131569,1,1,6,6,3,,,,1,,,,
12131572,0,0,2,2,,,,,,,,,
12131579,1,1,6,4,4,,,,,,,,
12131580,,,,,,,,,,,,,
12131606,0,0,4,6,,,,,1,,,,
12131607,2,2,6,7,,,,,7,,,,
12131608,0,0,3,2,,,,,,,,,
12131615,2,2,6,5,7,,,,,,,,
12131616,1,1,5,6,6,,,,,6,,,
12131617,2,2,6,7,,,,,10,,,,
12131634,2,2,7,6,,,,7,,,,,
12131635,0,0,3,2,,,,,,,,,
12131637,1,1,6,3,3,,,,,,,,
12148594,,,,,,,,,,,,,
12152261,,,,,,,,,,,,,
12152264,,,,,,,,,,,,,
12152324,,,,,,,,,,,,,
12152349,,,,,,,,,,,,,
12152354,,,,,,,,,,,,,
12152427,,,,,,,,,,,,,
12152431,,,,,,,,,,,,,
12152527,,,,,,,,,,,,,
12152528,,,,,,,,,,,,,
12152547,,,,,,,,,,,,,
12152558,,,,,,,,,,,,,
12152580,,,,,,,,,,,,,
12152582,,,,,,,,,,,,,
12152586,,,,,,,,,,,,,
12152609,,,,,,,,,,,,,
12152611,,,,,,,,,,,,,
12152625,,,,,,,,,,,,,
12152647,,,,,,,,,,,,,
12153293,,,,,,,,,,,,,
12153298,,,,,,,,,,,,,
12153331,,,,,,,,,,,,,
12153332,,,,,,,,,,,,,
12153399,,,,,,,,,,,,,
12154053,,,,,,,,,,,,,
12154081,,,,,,,,,,,,,
12154839,,,,,,,,,,,,,
12154852,,,,,,,,,,,,,
12158242,2,2,6,7,,,,,,,,,
12158257,0,0,5,3,,,,,,,,,
12158258,1,1,7,2,0,,,7,,,,,
12158261,2,2,3,6,7,,,,,,,,
12158263,1,1,6,4,4,,,,,,,,
12158264,2,2,6,6,,,,,,,,,
12158518,0,0,6,3,,,,,,,,,
12160650,,,,,,,,,,,,,
12160653,0,0,3,1,,,,,,,,,
12160654,1,1,6,3,6,,,,,3,,,
12160913,2,2,1,6,6,,,,,,,,
12160947,2,2,6,6,6,,,,7,,,,
12161014,2,2,7,6,,,,,,,,,
12161030,0,0,1,6,,,,,5,,,,
12161046,0,0,6,2,,,,6,,,,,
12161109,0,0,4,2,,,,,,,,,
12161118,0,0,4,5,,,,,,,,,
12161140,0,0,3,6,,,,,4,,,,
12161176,2,2,6,7,,,,,7,,,,
12161180,0,0,3,3,,,,,,,,,
12161184,2,2,4,6,6,,,,,,,,
12161192,2,2,6,6,,,,,,,,,
12161203,1,1,1,6,3,,,,,,,,
12161204,0,0,4,3,,,,,,,,,
12161211,2,2,6,6,6,,,,6,,,,
12161265,2,2,6,6,,,,,,,,,
12161271,2,2,6,6,6,,,5,,,,,
12161284,0,0,3,2,,,,,,,,,
12161316,2,2,6,6,,,,,,,,,
12161319,0,0,4,4,,,,,,,,,
12161322,0,0,3,3,,,,,,,,,
12161330,2,2,6,7,6,,,4,7,,,,
12161345,2,2,6,6,,,,,,,,,
12161384,,,,,,,,,,,,,
12161391,2,2,6,6,6,,,6,,,,,
12161393,0,0,2,3,,,,,,,,,
12161413,2,2,3,7,6,,,,,,,,
12161441,0,0,6,0,,,,3,,,,,
12161460,0,0,2,3,,,,,,,,,
12161468,2,2,6,7,,,,,7,,,,
12161477,,,,,,,,,,,,,
12161479,0,0,1,4,,,,,,,,,
12161531,1,1,4,6,6,,,,,,,,
12161565,2,2,6,6,,,,,,,,,
12161612,2,2,6,7,,,,,,,,,
12162112,0,0,4,4,,,,,,,,,
12162129,2,2,6,6,,,,,,,,,
12162140,2,2,7,7,,,,,8,,,,
12162141,1,1,7,5,3,,,7,,,,,
12162144,2,2,6,7,,,,,7,,,,
12162167,1,1,4,7,6,,,,8,3,,,
12162184,2,2,6,6,,,,,,,,,
12162192,0,0,6,3,,,,4,,,,,
12162193,2,2,6,6,,,,,,,,,
12162197,2,2,7,7,,,,7,7,,,,
12162328,0,0,3,4,,,,,,,,,
12162697,2,2,6,6,,,,,,,,,
12162709,1,1,5,6,3,,,,,,,,
12162730,2,2,6,6,,,,,,,,,
12162753,0,0,1,4,,,,,,,,,
12162770,0,0,3,1,,,,,,,,,
12162823,2,2,6,6,,,,,,,,,
12163101,0,0,3,3,,,,,,,,,
12163102,0,0,0,2,,,,,,,,,
12163136,0,0,1,1,,,,,,,,,
12163138,0,0,5,2,,,,,,,,,
12163140,1,1,7,2,0,,,10,,,,,
12163144,2,2,6,7,,,,,,,,,
12163155,0,0,0,1,,,,,,,,,
12163162,1,1,1,7,6,,,,,3,,,
12163163,0,0,3,2,,,,,,,,,
12163168,1,1,6,4,3,,,,,,,,
12163215,2,2,7,7,,,,,7,,,,
12163217,2,2,6,6,,,,,,,,,
12163255,2,2,6,7,,,,,8,,,,
12163256,2,2,7,6,,,,,,,,,
12163262,2,2,6,7,,,,,,,,,
12163283,2,2,7,6,,,,,,,,,
12163284,2,2,6,6,,,,,,,,,
12163300,2,2,4,6,6,,,,,,,,
12163301,2,2,6,7,,,,,,,,,
12163302,2,2,2,6,6,,,,,,,,
12163308,0,0,4,1,,,,,,,,,
12163309,0,0,3,1,,,,,,,,,
12163310,0,0,0,0,,,,,,,,,
12163311,2,2,6,7,,,,,,,,,
12163339,0,0,2,6,,,,,5,,,,
12163340,1,1,1,6,4,,,,,,,,
12163341,2,2,6,6,,,,,,,,,
12163362,2,2,7,6,7,,,7,5,7,,,
12163367,0,0,0,2,,,,,,,,,
12163387,1,1,5,6,4,,,,,,,,
12163401,1,1,3,7,1,,,,7,,,,
12163403,2,2,6,6,,,,,,,,,
12163433,0,0,6,4,,,,2,,,,,
12163449,2,2,7,7,,,,,,,,,
12163456,2,2,7,6,,,,7,,,,,
12163495,2,2,6,7,,,,,7,,,,
12163496,0,0,3,4,,,,,,,,,
12163513,1,1,7,4,6,,,7,,2,,,
12163586,2,2,6,6,,,,,,,,,
12163594,1,1,1,6,3,,,,,,,,
12163631,1,1,5,7,4,,,,,,,,
12163643,0,0,3,2,,,,,,,,,
12163651,2,2,6,7,,,,,7,,,,
12163698,2,2,7,6,,,,7,,,,,
12163722,2,2,6,7,,,,,,,,,
12163758,1,1,6,6,4,,,,4,,,,
12163803,0,0,5,3,,,,,,,,,
12163848,0,0,2,0,,,,,,,,,
12163863,2,2,6,7,,,,,,,,,
12163875,0,0,4,6,,,,,7,,,,
12163974,0,0,5,0,,,,,,,,,
12164046,0,0,4,1,,,,,,,,,
12164069,0,0,0,3,,,,,,,,,
12164072,1,1,6,1,,,,,,,,,
12164530,1,1,4,7,3,,,,7,,,,
12164637,2,2,6,6,,,,,,,,,
12164655,2,2,6,6,,,,,,,,,
12164751,2,2,6,6,,,,,,,,,
12164754,0,0,3,2,,,,,,,,,
12164755,,,,,,,,,,,,,
12164773,0,0,1,,,,,,,,,,
12164792,2,2,6,6,,,,,,,,,
12164800,2,2,6,6,,,,,,,,,
12164801,,,,,,,,,,,,,
12164802,2,2,6,7,,,,,,,,,
12164803,2,2,3,6,11,,,,,,,,
12164804,0,0,4,2,,,,,,,,,
12164805,0,0,3,4,,,,,,,,,
12164806,,,,,,,,,,,,,
12164807,,,,,,,,,,,,,
12164808,,,,,,,,,,,,,
12164809,0,0,3,0,,,,,,,,,
12164810,2,2,4,6,10,,,,,,,,
12164811,2,2,7,6,,,,,,,,,
12164812,1,1,6,2,6,,,,,,,,
12164813,,,,,,,,,,,,,
12164814,,,,,,,,,,,,,
12164815,,,,,,,,,,,,,
12164816,2,2,6,7,,,,,,,,,
12164817,,,,,,,,,,,,,
12164818,1,1,6,2,7,,,,,,,,
12164819,1,1,6,1,6,,,,,,,,
12164820,2,2,6,6,,,,,,,,,
12164821,,,,,,,,,,,,,
12164822,,,,,,,,,,,,,
12164823,0,0,1,1,,,,,,,,,
12164824,2,2,6,6,,,,,,,,,
12164827,1,1,6,2,,,,,,,,,
12164845,,,,,,,,,,,,,
12164888,,,,,,,,,,,,,
12164889,,,,,,,,,,,,,
12164892,,,,,,,,,,,,,
12164893,2,2,6,6,,,,,,,,,
12164895,2,2,4,6,10,,,,,,,,
12164896,0,0,6,1,,,,,,,,,
12164897,1,1,4,6,9,,,,,,,,
12164898,,,,,,,,,,,,,
12164900,0,0,3,5,,,,,,,,,
12164901,,,,,,,,,,,,,
12164902,,,,,,,,,,,,,
12164903,,,,,,,,,,,,,
12164904,,,,,,,,,,,,,
12164905,2,2,7,7,,,,,,,,,
12164906,0,0,4,5,,,,,,,,,
12164907,0,0,3,0,,,,,,,,,
12164908,0,0,4,2,,,,,,,,,
12164909,,,,,,,,,,,,,
12164910,2,2,6,6,,,,,,,,,
12164911,,,,,,,,,,,,,
12164912,,,,,,,,,,,,,
12164913,,,,,,,,,,,,,
12164914,,,,,,,,,,,,,
12164915,,,,,,,,,,,,,
12164916,,,,,,,,,,,,,
12164917,,,,,,,,,,,,,
12164918,,,,,,,,,,,,,
12164919,0,0,4,6,,,,,,,,,
12164920,2,2,7,6,,,,,,,,,
12164921,,,,,,,,,,,,,
12164922,,,,,,,,,,,,,
12164923,,,,,,,,,,,,,
12164924,,,,,,,,,,,,,
12164925,,,,,,,,,,,,,
12164932,,,,,,,,,,,,,
12164934,,,,,,,,,,,,,
12164953,,,,,,,,,,,,,
12164954,,,,,,,,,,,,,
12165006,,,,,,,,,,,,,
12165024,,,,,,,,,,,,,
12165045,,,,,,,,,,,,,
12165046,,,,,,,,,,,,,
12165086,,,,,,,,,,,,,
12165135,,,,,,,,,,,,,
12165234,,,,,,,,,,,,,
12165237,,,,,,,,,,,,,
12165238,,,,,,,,,,,,,
12165239,,,,,,,,,,,,,
12165240,,,,,,,,,,,,,
12165241,,,,,,,,,,,,,
12165242,,,,,,,,,,,,,
12165243,,,,,,,,,,,,,
12165244,,,,,,,,,,,,,
12165245,,,,,,,,,,,,,
12165246,,,,,,,,,,,,,
12165247,,,,,,,,,,,,,
12165248,,,,,,,,,,,,,
12165249,,,,,,,,,,,,,
12165250,,,,,,,,,,,,,
12165251,,,,,,,,,,,,,
12165252,,,,,,,,,,,,,
12165387,,,,,,,,,,,,,
12165394,2,2,4,6,6,,,,,,,,
12165395,2,2,6,3,6,,,,,,,,
12165514,,,,,,,,,,,,,
12165516,,,,,,,,,,,,,
12165517,,,,,,,,,,,,,
12165518,,,,,,,,,,,,,
12165519,,,,,,,,,,,,,
12165520,,,,,,,,,,,,,
12165521,,,,,,,,,,,,,
12165522,,,,,,,,,,,,,
12165523,,,,,,,,,,,,,
12165524,,,,,,,,,,,,,
12165525,,,,,,,,,,,,,
12165526,,,,,,,,,,,,,
12165527,,,,,,,,,,,,,
12165528,,,,,,,,,,,,,
12165529,,,,,,,,,,,,,
12165530,,,,,,,,,,,,,
12165531,,,,,,,,,,,,,
12165532,,,,,,,,,,,,,
12165533,,,,,,,,,,,,,
12165534,,,,,,,,,,,,,
12165535,,,,,,,,,,,,,
12165536,,,,,,,,,,,,,
12165537,,,,,,,,,,,,,
12165538,,,,,,,,,,,,,
12165539,,,,,,,,,,,,,
12165540,,,,,,,,,,,,,
12165541,,,,,,,,,,,,,
12165542,,,,,,,,,,,,,
12165543,,,,,,,,,,,,,
12165544,,,,,,,,,,,,,
12165545,,,,,,,,,,,,,
12165546,,,,,,,,,,,,,
12165547,,,,,,,,,,,,,
12165548,,,,,,,,,,,,,
12165549,,,,,,,,,,,,,
12165550,,,,,,,,,,,,,
12165551,,,,,,,,,,,,,
12165552,,,,,,,,,,,,,
12165553,,,,,,,,,,,,,
12165554,,,,,,,,,,,,,
12165555,,,,,,,,,,,,,
12165556,,,,,,,,,,,,,
12165557,,,,,,,,,,,,,
12165558,,,,,,,,,,,,,
12165559,,,,,,,,,,,,,
12165560,,,,,,,,,,,,,
12165561,,,,,,,,,,,,,
12165562,,,,,,,,,,,,,
12165563,,,,,,,,,,,,,
12165564,,,,,,,,,,,,,
12165565,,,,,,,,,,,,,
12165566,,,,,,,,,,,,,
12165567,,,,,,,,,,,,,
12165568,,,,,,,,,,,,,
12165569,,,,,,,,,,,,,
12165570,,,,,,,,,,,,,
12165571,,,,,,,,,,,,,
12165572,,,,,,,,,,,,,
12165573,,,,,,,,,,,,,
12165574,,,,,,,,,,,,,
12165647,,,,,,,,,,,,,
12165648,,,,,,,,,,,,,
12165649,,,,,,,,,,,,,
12165650,,,,,,,,,,,,,
12165651,,,,,,,,,,,,,
12165652,,,,,,,,,,,,,
12165667,,,,,,,,,,,,,
12165668,,,,,,,,,,,,,
12165669,,,,,,,,,,,,,
12165670,,,,,,,,,,,,,
12165671,,,,,,,,,,,,,
12165672,,,,,,,,,,,,,
12165673,,,,,,,,,,,,,
12165674,,,,,,,,,,,,,
12165675,,,,,,,,,,,,,
12165676,,,,,,,,,,,,,
12165677,,,,,,,,,,,,,
12165678,,,,,,,,,,,,,
12165679,,,,,,,,,,,,,
12165680,,,,,,,,,,,,,
12165681,,,,,,,,,,,,,
12165682,,,,,,,,,,,,,
12165683,,,,,,,,,,,,,
12165684,,,,,,,,,,,,,
12165685,,,,,,,,,,,,,
12165686,,,,,,,,,,,,,
12165687,,,,,,,,,,,,,
12165688,,,,,,,,,,,,,
12165689,,,,,,,,,,,,,
12165690,,,,,,,,,,,,,
12165691,,,,,,,,,,,,,
12165692,,,,,,,,,,,,,
12165693,,,,,,,,,,,,,
12165700,,,,,,,,,,,,,
12165701,,,,,,,,,,,,,
12165702,,,,,,,,,,,,,
12165703,,,,,,,,,,,,,
12165704,,,,,,,,,,,,,
12165705,,,,,,,,,,,,,
12165706,,,,,,,,,,,,,
12165707,,,,,,,,,,,,,
12165708,,,,,,,,,,,,,
12165709,,,,,,,,,,,,,
12165710,,,,,,,,,,,,,
12165711,,,,,,,,,,,,,
12165712,,,,,,,,,,,,,
12165713,,,,,,,,,,,,,
12165714,,,,,,,,,,,,,
12165715,,,,,,,,,,,,,
12165752,,,,,,,,,,,,,
12165753,,,,,,,,,,,,,
12165754,0,0,1,,,,,,,,,,
12165755,,,,,,,,,,,,,
12165756,,,,,,,,,,,,,
12165758,,,,,,,,,,,,,
12165759,,,,,,,,,,,,,
12165760,,,,,,,,,,,,,
12165761,0,0,1,,,,,,,,,,
12165763,0,0,0,,,,,,,,,,
12165764,,,,,,,,,,,,,
12165767,,,,,,,,,,,,,
12165769,,,,,,,,,,,,,
12165770,,,,,,,,,,,,,
12165771,,,,,,,,,,,,,
12165772,,,,,,,,,,,,,
12165774,,,,,,,,,,,,,
12165775,,,,,,,,,,,,,
12165776,,,,,,,,,,,,,
12165777,,,,,,,,,,,,,
12165778,,,,,,,,,,,,,
12165779,,,,,,,,,,,,,
12165781,,,,,,,,,,,,,
12165811,,,,,,,,,,,,,
12165812,,,,,,,,,,,,,
12165813,,,,,,,,,,,,,
12165814,,,,,,,,,,,,,
12165815,,,,,,,,,,,,,
12165816,,,,,,,,,,,,,
12165817,,,,,,,,,,,,,
12165818,,,,,,,,,,,,,
12165819,,,,,,,,,,,,,
12165820,,,,,,,,,,,,,
12165821,,,,,,,,,,,,,
12165822,,,,,,,,,,,,,
12165823,,,,,,,,,,,,,
12165824,,,,,,,,,,,,,
12165825,,,,,,,,,,,,,
12165826,,,,,,,,,,,,,
12165827,,,,,,,,,,,,,
12165828,,,,,,,,,,,,,
12165829,,,,,,,,,,,,,
12165830,,,,,,,,,,,,,
12165831,,,,,,,,,,,,,
12165832,,,,,,,,,,,,,
12165833,,,,,,,,,,,,,
12165834,,,,,,,,,,,,,
12165835,,,,,,,,,,,,,
12165836,,,,,,,,,,,,,
12165837,,,,,,,,,,,,,
12165838,,,,,,,,,,,,,
12165839,,,,,,,,,,,,,
12165840,,,,,,,,,,,,,
12165841,,,,,,,,,,,,,
12165842,,,,,,,,,,,,,
12165843,,,,,,,,,,,,,
12165844,,,,,,,,,,,,,
12165845,,,,,,,,,,,,,
12165846,,,,,,,,,,,,,
12165847,,,,,,,,,,,,,
12165848,,,,,,,,,,,,,
12165849,,,,,,,,,,,,,
12165850,,,,,,,,,,,,,
12165887,,,,,,,,,,,,,
12165888,,,,,,,,,,,,,
12165889,,,,,,,,,,,,,
12165890,,,,,,,,,,,,,
12165891,,,,,,,,,,,,,
12165892,,,,,,,,,,,,,
12165893,,,,,,,,,,,,,
12165894,,,,,,,,,,,,,
12165895,,,,,,,,,,,,,
12165896,,,,,,,,,,,,,
12165897,,,,,,,,,,,,,
12165898,,,,,,,,,,,,,
12165899,,,,,,,,,,,,,
12165900,,,,,,,,,,,,,
12165901,,,,,,,,,,,,,
12165902,,,,,,,,,,,,,
12165903,,,,,,,,,,,,,
12165904,,,,,,,,,,,,,
12165905,,,,,,,,,,,,,
12165906,,,,,,,,,,,,,
12165907,,,,,,,,,,,,,
12165908,,,,,,,,,,,,,
12165909,,,,,,,,,,,,,
12165910,,,,,,,,,,,,,
12165911,,,,,,,,,,,,,
12165912,,,,,,,,,,,,,
12165913,,,,,,,,,,,,,
12165914,,,,,,,,,,,,,
12165915,,,,,,,,,,,,,
12165916,,,,,,,,,,,,,
12165917,,,,,,,,,,,,,
12165918,,,,,,,,,,,,,
12165919,,,,,,,,,,,,,
12165920,,,,,,,,,,,,,
12165921,,,,,,,,,,,,,
12165922,,,,,,,,,,,,,
12165923,,,,,,,,,,,,,
12165924,,,,,,,,,,,,,
12165925,,,,,,,,,,,,,
12165926,,,,,,,,,,,,,
12165927,,,,,,,,,,,,,
12165928,,,,,,,,,,,,,
12165929,,,,,,,,,,,,,
12165930,,,,,,,,,,,,,
12165931,,,,,,,,,,,,,
12165932,,,,,,,,,,,,,
12165933,,,,,,,,,,,,,
12165934,,,,,,,,,,,,,
12165935,,,,,,,,,,,,,
12165936,,,,,,,,,,,,,
12165937,,,,,,,,,,,,,
12165938,,,,,,,,,,,,,
12165939,,,,,,,,,,,,,
12165940,,,,,,,,,,,,,
12165941,,,,,,,,,,,,,
12165942,,,,,,,,,,,,,
12165943,,,,,,,,,,,,,
12165944,,,,,,,,,,,,,
12165945,,,,,,,,,,,,,
12165946,,,,,,,,,,,,,
12165947,,,,,,,,,,,,,
12165948,,,,,,,,,,,,,
12165949,,,,,,,,,,,,,
12165950,,,,,,,,,,,,,
12165951,,,,,,,,,,,,,
12165952,,,,,,,,,,,,,
12165953,,,,,,,,,,,,,
12165954,,,,,,,,,,,,,
12165955,,,,,,,,,,,,,
12165956,,,,,,,,,,,,,
12165957,,,,,,,,,,,,,
12165958,,,,,,,,,,,,,
12165959,,,,,,,,,,,,,
12165960,,,,,,,,,,,,,
12165961,,,,,,,,,,,,,
12165962,,,,,,,,,,,,,
12165963,,,,,,,,,,,,,
12165964,,,,,,,,,,,,,
12165965,,,,,,,,,,,,,
12165966,,,,,,,,,,,,,
12165967,,,,,,,,,,,,,
12165968,,,,,,,,,,,,,
12165969,,,,,,,,,,,,,
12165970,,,,,,,,,,,,,
12165971,,,,,,,,,,,,,
12165972,,,,,,,,,,,,,
12165973,,,,,,,,,,,,,
12165974,,,,,,,,,,,,,
12165975,,,,,,,,,,,,,
12165976,,,,,,,,,,,,,
12165977,,,,,,,,,,,,,
12165978,,,,,,,,,,,,,
12165979,,,,,,,,,,,,,
12165982,,,,,,,,,,,,,
12165983,,,,,,,,,,,,,
12165984,,,,,,,,,,,,,
12165985,,,,,,,,,,,,,
12165986,,,,,,,,,,,,,
12165987,,,,,,,,,,,,,
12165989,,,,,,,,,,,,,
12165991,,,,,,,,,,,,,
12165992,,,,,,,,,,,,,
12165996,,,,,,,,,,,,,
12165997,,,,,,,,,,,,,
12165998,,,,,,,,,,,,,
12165999,,,,,,,,,,,,,
12166000,,,,,,,,,,,,,
12166001,,,,,,,,,,,,,
12166002,,,,,,,,,,,,,
12166003,,,,,,,,,,,,,
12166004,,,,,,,,,,,,,
12166005,,,,,,,,,,,,,
12166006,,,,,,,,,,,,,
12166007,,,,,,,,,,,,,
12166008,,,,,,,,,,,,,
12166010,,,,,,,,,,,,,
12166011,,,,,,,,,,,,,
12166012,,,,,,,,,,,,,
12166013,,,,,,,,,,,,,
12166014,,,,,,,,,,,,,
12166015,,,,,,,,,,,,,
12166016,,,,,,,,,,,,,
12166017,,,,,,,,,,,,,
12166018,,,,,,,,,,,,,
12166019,,,,,,,,,,,,,
12166020,,,,,,,,,,,,,
12166021,,,,,,,,,,,,,
12166022,,,,,,,,,,,,,
12166023,,,,,,,,,,,,,
12166024,,,,,,,,,,,,,
12166025,,,,,,,,,,,,,
12166026,,,,,,,,,,,,,
12166027,,,,,,,,,,,,,
12166028,,,,,,,,,,,,,
12166029,,,,,,,,,,,,,
12166030,,,,,,,,,,,,,
12166031,,,,,,,,,,,,,
12166032,,,,,,,,,,,,,
12166033,,,,,,,,,,,,,
12166034,,,,,,,,,,,,,
12166035,,,,,,,,,,,,,
12166036,,,,,,,,,,,,,
12166037,,,,,,,,,,,,,
12166038,,,,,,,,,,,,,
12166039,,,,,,,,,,,,,
12166040,,,,,,,,,,,,,
12166041,,,,,,,,,,,,,
12166047,,,,,,,,,,,,,
12166048,,,,,,,,,,,,,
12166049,,,,,,,,,,,,,
12166050,,,,,,,,,,,,,
12166051,,,,,,,,,,,,,
12166052,,,,,,,,,,,,,
12166053,,,,,,,,,,,,,
12166054,,,,,,,,,,,,,
12166055,,,,,,,,,,,,,
12166056,,,,,,,,,,,,,
12166057,,,,,,,,,,,,,
12166058,,,,,,,,,,,,,
12166059,,,,,,,,,,,,,
12166060,,,,,,,,,,,,,
12166061,,,,,,,,,,,,,
12166062,,,,,,,,,,,,,
12166063,,,,,,,,,,,,,
12166064,,,,,,,,,,,,,
12166065,,,,,,,,,,,,,
12166066,,,,,,,,,,,,,
12166067,,,,,,,,,,,,,
12166068,,,,,,,,,,,,,
12166069,,,,,,,,,,,,,
12166070,,,,,,,,,,,,,
12166071,,,,,,,,,,,,,
12166072,,,,,,,,,,,,,
12166073,,,,,,,,,,,,,
12166074,,,,,,,,,,,,,
12166075,,,,,,,,,,,,,
12166076,,,,,,,,,,,,,
12166077,,,,,,,,,,,,,
12166078,,,,,,,,,,,,,
12166079,,,,,,,,,,,,,
12166080,,,,,,,,,,,,,
12166081,,,,,,,,,,,,,
12166082,,,,,,,,,,,,,
12166083,,,,,,,,,,,,,
12166084,,,,,,,,,,,,,
12166085,,,,,,,,,,,,,
12166086,,,,,,,,,,,,,
12166087,,,,,,,,,,,,,
12166088,,,,,,,,,,,,,
12166089,,,,,,,,,,,,,
12166090,,,,,,,,,,,,,
12166091,,,,,,,,,,,,,
12166092,,,,,,,,,,,,,
12166093,,,,,,,,,,,,,
12166094,,,,,,,,,,,,,
12166096,,,,,,,,,,,,,
12166097,,,,,,,,,,,,,
12166098,,,,,,,,,,,,,
12166100,,,,,,,,,,,,,
12166101,,,,,,,,,,,,,
12166102,,,,,,,,,,,,,
12166103,,,,,,,,,,,,,
12166104,,,,,,,,,,,,,
12166105,,,,,,,,,,,,,
12166106,,,,,,,,,,,,,
12166107,,,,,,,,,,,,,
12166108,,,,,,,,,,,,,
12166273,,,,,,,,,,,,,
12166278,,,,,,,,,,,,,
12166279,,,,,,,,,,,,,
12166281,,,,,,,,,,,,,
12166283,,,,,,,,,,,,,
12166285,,,,,,,,,,,,,
12166288,,,,,,,,,,,,,
12166289,,,,,,,,,,,,,
12166290,,,,,,,,,,,,,
12166291,,,,,,,,,,,,,
12166292,,,,,,,,,,,,,
12166293,,,,,,,,,,,,,
12166294,,,,,,,,,,,,,
12166296,,,,,,,,,,,,,
12166297,,,,,,,,,,,,,
12166298,,,,,,,,,,,,,
12166299,,,,,,,,,,,,,
12166300,,,,,,,,,,,,,
12166302,,,,,,,,,,,,,
12166797,2,2,6,6,,,,,,,,,
12166798,,,,,,,,,,,,,
12110004,0,0,6,1,,,,5,,,,,
12110007,1,1,6,3,2,,,,,,,,
12110017,1,1,6,6,2,,,,3,,,,
12110074,2,2,6,6,,,,,,,,,
12131503,2,2,6,7,,,,,,,,,
12131504,2,2,6,6,,,,,,,,,
12131515,2,2,6,7,,,,,8,,,,
12131548,2,2,6,6,,,,,,,,,
12131554,2,2,3,7,7,,,,7,8,,,
12131558,0,0,6,6,,,,2,2,,,,
12131559,2,2,7,7,,,,,7,,,,
12131560,2,2,6,4,6,,,,,,,,
12131579,1,1,6,4,4,,,,,,,,
12131580,0,0,4,,,,,,,,,,
12131606,0,0,4,6,,,,,1,,,,
12131608,0,0,3,2,,,,,,,,,
12131609,0,0,3,2,,,,,,,,,
12131635,0,0,3,2,,,,,,,,,
12148594,,,,,,,,,,,,,
12152261,,,,,,,,,,,,,
12152264,,,,,,,,,,,,,
12152324,,,,,,,,,,,,,
12152427,,,,,,,,,,,,,
12152431,,,,,,,,,,,,,
12152611,,,,,,,,,,,,,
12163283,2,2,7,6,,,,,,,,,
12163433,0,0,6,4,,,,2,,,,,
12163456,2,2,7,6,,,,7,,,,,
12163495,2,2,6,7,,,,,7,,,,
12163496,0,0,3,4,,,,,,,,,
12163513,1,1,7,4,6,,,7,,2,,,
12163586,2,2,6,6,,,,,,,,,
12163631,1,1,5,7,4,,,,,,,,
12163643,0,0,3,2,,,,,,,,,
12163651,2,2,6,7,,,,,7,,,,
12163698,2,2,7,6,,,,7,,,,,
12163722,2,2,6,7,,,,,,,,,
12163758,1,1,6,6,4,,,,4,,,,
12163803,0,0,5,3,,,,,,,,,
12163848,0,0,2,0,,,,,,,,,
12163863,2,2,6,7,,,,,,,,,
12163875,0,0,4,6,,,,,7,,,,
12163974,0,0,5,0,,,,,,,,,
12164046,0,0,4,1,,,,,,,,,
12164069,0,0,0,3,,,,,,,,,
12164072,1,1,6,1,,,,,,,,,
12164530,1,1,4,7,3,,,,7,,,,
12164637,2,2,6,6,,,,,,,,,
12164655,2,2,6,6,,,,,,,,,
12164751,2,2,6,6,,,,,,,,,
12164754,0,0,3,2,,,,,,,,,
12164755,0,0,2,2,,,,,,,,,
12164773,0,0,1,1,,,,,,,,,
12164792,2,2,6,6,,,,,,,,,
12164800,2,2,6,6,,,,,,,,,
12164801,0,0,5,1,,,,,,,,,
12164802,2,2,6,7,,,,,,,,,
12164803,2,2,3,6,11,,,,,,,,
12164804,0,0,4,2,,,,,,,,,
12164805,0,0,3,4,,,,,,,,,
12164806,2,2,1,6,10,,,,,,,,
12164807,2,2,6,7,,,,,,,,,
12164808,0,0,2,6,,,,,,,,,
12164809,0,0,3,0,,,,,,,,,
12164810,2,2,4,6,10,,,,,,,,
12164811,2,2,7,6,,,,,,,,,
12164812,1,1,6,2,6,,,,,,,,
12164813,2,2,7,6,,,,,,,,,
12164814,2,2,6,6,,,,,,,,,
12164815,2,2,6,6,,,,,,,,,
12164816,2,2,6,7,,,,,,,,,
12164817,0,0,1,3,,,,,,,,,
12164818,1,1,6,2,7,,,,,,,,
12164819,1,1,6,1,6,,,,,,,,
12164820,2,2,6,6,,,,,,,,,
12164821,2,2,6,6,,,,,,,,,
12164822,,,,,,,,,,,,,
12164823,0,0,1,1,,,,,,,,,
12164824,2,2,6,6,,,,,,,,,
12164827,2,2,6,3,6,,,,,,,,
12164845,2,2,6,6,,,,,,,,,
12164888,0,0,2,3,,,,,,,,,
12164889,0,0,3,2,,,,,,,,,
12164892,0,0,3,5,,,,,,,,,
12164893,2,2,6,6,,,,,,,,,
12164895,2,2,4,6,10,,,,,,,,
12164896,0,0,6,1,,,,,,,,,
12164897,1,1,4,6,9,,,,,,,,
12164898,0,0,1,0,,,,,,,,,
12164900,0,0,3,5,,,,,,,,,
12164901,1,1,2,6,4,,,,,,,,
12164902,,,,,,,,,,,,,
12164903,2,2,6,6,,,,,,,,,
12164904,1,1,6,2,9,,,,,,,,
12164905,2,2,7,7,,,,,,,,,
12164906,0,0,4,5,,,,,,,,,
12164907,0,0,3,0,,,,,,,,,
12164908,0,0,4,2,,,,,,,,,
12164909,,,,,,,,,,,,,
12164910,2,2,6,6,,,,,,,,,
12164911,0,0,4,2,,,,,,,,,
12164912,2,2,6,6,,,,,,,,,
12164913,1,1,4,7,6,,,,,,,,
12164914,0,0,5,0,,,,,,,,,
12164915,2,2,6,6,,,,,,,,,
12164916,0,0,4,4,,,,,,,,,
12164917,2,2,6,6,,,,,,,,,
12164918,0,0,1,0,,,,,,,,,
12164919,0,0,4,6,,,,,,,,,
12164920,2,2,7,6,,,,,,,,,
12164921,2,2,6,7,,,,,,,,,
12164922,2,2,6,3,10,,,,,,,,
12164923,0,0,1,0,,,,,,,,,
12164924,2,2,6,6,,,,,,,,,
12164925,0,0,6,2,,,,,,,,,
12164932,1,1,6,4,,,,,,,,,
12164934,2,2,7,6,,,,,,,,,
12164953,0,0,6,3,,,,2,,,,,
12164954,2,2,6,7,,,,,7,,,,
12165006,0,0,6,6,,,,3,5,,,,
12165024,0,0,4,3,,,,,,,,,
12165045,2,2,6,6,,,,,,,,,
12165046,0,0,6,2,,,,4,,,,,
12165086,1,1,6,3,1,,,,,,,,
12165135,0,0,6,4,,,,4,,,,,
12165234,2,2,6,6,,,,,,,,,
12165237,2,2,6,6,,,,,,,,,
12165238,2,2,6,6,,,,,,,,,
12165239,2,2,6,6,,,,,,,,,
12165240,1,1,6,3,8,,,,,,,,
12165241,2,2,7,7,,,,,,,,,
12165242,0,0,3,4,,,,,,,,,
12165243,1,1,6,1,6,,,,,,,,
12165244,2,2,6,6,10,,,,,,,,
12165245,0,0,0,1,,,,,,,,,
12165246,2,2,6,6,10,,,,,,,,
12165247,2,2,6,6,,,,,,,,,
12165248,2,2,2,7,14,,,,,,,,
12165249,2,2,6,6,,,,,,,,,
12165250,2,2,7,6,,,,,,,,,
12165251,2,2,6,6,,,,,,,,,
12165252,0,0,4,6,,,,,,,,,
12165387,0,0,1,4,,,,,,,,,
12165394,2,2,4,6,6,,,,,,,,
12165395,2,2,6,3,6,,,,,,,,
12165514,2,2,6,4,6,,,,,,,,
12165516,0,0,1,3,,,,,,,,,
12165517,2,2,1,6,10,,,,,,,,
12165518,0,0,2,1,,,,,,,,,
12165519,0,0,1,2,,,,,,,,,
12165520,0,0,1,2,,,,,,,,,
12165521,,,,,,,,,,,,,
12165522,2,2,6,6,,,,,,,,,
12165523,0,0,0,0,,,,,,,,,
12165524,,,,,,,,,,,,,
12165525,,,,,,,,,,,,,
12165526,0,0,4,3,,,,,,,,,
12165527,2,2,6,4,10,,,,,,,,
12165528,1,1,5,6,7,,,,,,,,
12165529,0,0,3,0,,,,,,,,,
12165530,2,2,7,6,,,,,,,,,
12165531,0,0,5,1,,,,,,,,,
12165532,2,2,6,6,,,,,,,,,
12165533,0,0,0,0,,,,,,,,,
12165534,2,2,3,7,10,,,,,,,,
12165535,0,0,5,3,,,,,,,,,
12165536,2,2,7,6,,,,,,,,,
12165537,1,1,4,6,6,,,,,,,,
12165538,1,1,6,4,5,,,,,,,,
12165539,0,0,4,2,,,,,,,,,
12165540,2,2,6,6,,,,,,,,,
12165541,0,0,1,1,,,,,,,,,
12165542,2,2,6,6,,,,,,,,,
12165543,2,2,5,6,10,,,,,,,,
12165544,0,0,3,0,,,,,,,,,
12165545,2,2,6,6,,,,,,,,,
12165546,0,0,3,1,,,,,,,,,
12165547,1,1,4,6,8,,,,,,,,
12165548,2,2,6,6,,,,,,,,,
12165549,2,2,6,7,,,,,,,,,
12165550,2,2,6,6,,,,,,,,,
12165551,1,1,5,6,7,,,,,,,,
12165552,1,1,6,3,7,,,,,,,,
12165553,2,2,0,6,11,,,,,,,,
12165554,2,2,6,6,,,,,,,,,
12165555,2,2,7,6,,,,,,,,,
12165556,0,0,0,4,,,,,,,,,
12165557,0,0,3,3,,,,,,,,,
12165558,0,0,2,0,,,,,,,,,
12165559,0,0,2,2,,,,,,,,,
12165560,2,2,7,0,10,,,,,,,,
12165561,2,2,3,6,10,,,,,,,,
12165562,,,,,,,,,,,,,
12165563,1,1,6,4,4,,,,,,,,
12165564,0,0,3,3,,,,,,,,,
12165565,,,,,,,,,,,,,
12165566,2,2,1,6,10,,,,,,,,
12165567,2,2,6,6,,,,,,,,,
12165568,2,2,6,6,,,,,,,,,
12165569,0,0,2,2,,,,,,,,,
12165570,0,0,0,1,,,,,,,,,
12165571,0,0,0,1,,,,,,,,,
12165572,1,1,6,4,4,,,,,,,,
12165573,2,2,6,3,10,,,,,,,,
12165574,0,0,1,0,,,,,,,,,
12165609,2,2,6,6,,,,,,,,,
12165644,2,2,6,7,,,,,7,,,,
12165646,2,2,6,5,7,,,,,,,,
12165647,0,0,2,0,,,,,,,,,
12165648,0,0,2,4,,,,,,,,,
12165649,1,1,3,6,5,,,,,,,,
12165650,0,0,0,1,,,,,,,,,
12165651,0,0,0,0,,,,,,,,,
12165652,0,0,2,1,,,,,,,,,
12165653,0,0,0,3,,,,,,,,,
12165667,2,2,6,6,,,,,,,,,
12165668,1,1,6,4,5,,,,,,,,
12165669,,,,,,,,,,,,,
12165670,0,0,2,1,,,,,,,,,
12165671,0,0,4,3,,,,,,,,,
12165672,0,0,1,3,,,,,,,,,
12165673,2,2,6,6,,,,,,,,,
12165674,0,0,2,2,,,,,,,,,
12165675,2,2,7,1,10,,,,,,,,
12165676,2,2,6,6,,,,,,,,,
12165677,0,0,1,2,,,,,,,,,
12165678,0,0,6,4,,,,,,,,,
12165679,0,0,3,1,,,,,,,,,
12165680,,,,,,,,,,,,,
12165681,0,0,4,3,,,,,,,,,
12165682,2,2,6,6,,,,,,,,,
12165683,2,2,6,6,,,,,,,,,
12165684,2,2,7,6,,,,,,,,,
12165685,0,0,3,6,,,,,,,,,
12165686,2,2,6,6,10,,,,,,,,
12165687,1,1,4,6,10,,,,,,,,
12165688,,,,,,,,,,,,,
12165689,2,2,6,6,,,,,,,,,
12165690,2,2,6,6,,,,,,,,,
12165691,0,0,1,0,,,,,,,,,
12165692,,,,,,,,,,,,,
12165693,0,0,2,3,,,,,,,,,
12165700,2,2,6,6,,,,,,,,,
12165701,2,2,3,7,10,,,,,,,,
12165702,0,0,0,2,,,,,,,,,
12165703,0,0,2,4,,,,,,,,,
12165704,2,2,6,6,,,,,,,,,
12165705,0,0,2,3,,,,,,,,,
12165706,2,2,6,6,,,,,,,,,
12165707,2,2,6,6,,,,,,,,,
12165708,2,2,6,6,,,,,,,,,
12165709,0,0,0,3,,,,,,,,,
12165710,0,0,2,3,,,,,,,,,
12165711,0,0,2,2,,,,,,,,,
12165712,2,2,6,6,,,,,,,,,
12165713,2,2,7,6,,,,,,,,,
12165714,2,2,4,6,12,,,,,,,,
12165715,2,2,6,6,,,,,,,,,
12165751,2,2,6,2,6,,,,,,,,
12165752,2,2,3,6,10,,,,,,,,
12165753,2,2,6,6,,,,,,,,,
12165754,2,2,6,6,,,,,,,,,
12165755,2,2,6,7,,,,,,,,,
12165756,0,0,4,6,,,,,7,,,,
12165757,0,0,0,3,,,,,,,,,
12165758,2,2,6,7,,,,,,,,,
12165759,2,2,1,6,10,,,,,,,,
12165760,2,2,6,6,,,,,,,,,
12165761,0,0,1,0,,,,,,,,,
12165762,2,2,6,7,,,,,7,,,,
12165763,0,0,2,4,,,,,,,,,
12165764,0,0,2,3,,,,,,,,,
12165765,2,2,6,7,,,,,7,,,,
12165766,2,2,6,6,,,,,,,,,
12165767,2,2,7,7,,,,8,,,,,
12165769,0,0,2,1,,,,,,,,,
12165770,2,2,6,6,,,,,,,,,
12165771,1,1,7,6,10,,,7,3,,,,
12165772,2,2,6,6,,,,,,,,,
12165773,0,0,1,1,,,,,,,,,
12165774,0,0,4,4,,,,,,,,,
12165775,0,0,5,3,,,,,,,,,
12165776,2,2,6,7,,,,,,,,,
12165777,0,0,5,0,,,,,,,,,
12165778,0,0,1,4,,,,,,,,,
12165779,0,0,2,1,,,,,,,,,
12165780,2,2,6,6,,,,,,,,,
12165781,0,0,2,1,,,,,,,,,
12165811,2,2,6,6,,,,,,,,,
12165812,0,0,0,0,,,,,,,,,
12165813,0,0,2,1,,,,,,,,,
12165814,2,2,6,6,,,,,,,,,
12165815,1,1,6,3,1,,,,,,,,
12165816,2,2,6,3,10,,,,,,,,
12165817,0,0,1,4,,,,,,,,,
12165818,0,0,4,2,,,,,,,,,
12165819,1,1,0,6,6,,,,,,,,
12165820,0,0,5,6,,,,,,,,,
12165821,2,2,6,6,,,,,,,,,
12165822,0,0,4,0,,,,,,,,,
12165823,0,0,0,0,,,,,,,,,
12165824,2,2,7,4,10,,,,,,,,
12165825,1,1,1,6,8,,,,,,,,
12165826,2,2,6,6,,,,,,,,,
12165827,,,,,,,,,,,,,
12165828,2,2,6,6,,,,,,,,,
12165829,0,0,5,4,,,,,,,,,
12165830,,,,,,,,,,,,,
12165831,2,2,6,6,,,,,,,,,
12165832,2,2,6,6,,,,,,,,,
12165833,2,2,6,6,,,,,,,,,
12165834,2,2,6,6,,,,,,,,,
12165835,2,2,6,6,,,,,,,,,
12165836,0,0,6,5,,,,,,,,,
12165837,0,0,2,3,,,,,,,,,
12165838,0,0,2,3,,,,,,,,,
12165839,0,0,0,0,,,,,,,,,
12165840,0,0,2,3,,,,,,,,,
12165841,2,2,7,6,10,,,,,,,,
12165842,2,2,6,2,12,,,,,,,,
12165843,1,1,4,6,8,,,,,,,,
12165844,2,2,6,6,,,,,,,,,
12165845,0,0,1,0,,,,,,,,,
12165846,0,0,3,0,,,,,,,,,
12165847,2,2,6,6,10,,,,,,,,
12165848,,,,,,,,,,,,,
12165849,2,2,6,6,,,,,,,,,
12165850,0,0,3,2,,,,,,,,,
12165879,2,2,6,6,,,,,,,,,
12165887,2,2,4,6,10,,,,,,,,
12165888,2,2,4,6,10,,,,,,,,
12165889,0,0,1,0,,,,,,,,,
12165890,,,,,,,,,,,,,
12165891,0,0,0,1,,,,,,,,,
12165892,2,2,6,6,,,,,,,,,
12165893,1,1,4,6,7,,,,,,,,
12165894,0,0,0,1,,,,,,,,,
12165895,0,0,0,2,,,,,,,,,
12165896,2,2,6,7,,,,,,,,,
12165897,2,2,6,6,,,,,,,,,
12165898,1,1,6,4,7,,,,,,,,
12165899,1,1,6,4,6,,,,,,,,
12165900,2,2,6,6,,,,,,,,,
12165901,2,2,6,6,,,,,,,,,
12165902,2,2,6,6,,,,,,,,,
12165903,0,0,1,2,,,,,,,,,
12165904,2,2,7,7,,,,,,,,,
12165905,0,0,1,6,,,,,,,,,
12165906,2,2,6,7,,,,,,,,,
12165907,1,1,6,4,7,,,,,,,,
12165908,2,2,6,6,,,,,,,,,
12165909,0,0,3,1,,,,,,,,,
12165910,0,0,0,1,,,,,,,,,
12165911,2,2,6,6,,,,,,,,,
12165912,2,2,3,6,10,,,,,,,,
12165913,1,1,4,6,6,,,,,,,,
12165914,2,2,6,7,,,,,,,,,
12165915,0,0,1,3,,,,,,,,,
12165916,0,0,6,1,,,,,,,,,
12165917,,,,,,,,,,,,,
12165918,2,2,6,6,,,,,,,,,
12165919,1,1,4,6,6,,,,,,,,
12165920,0,0,1,1,,,,,,,,,
12165921,2,2,6,6,,,,,,,,,
12165922,1,1,6,6,6,,,,,,,,
12165923,0,0,2,2,,,,,,,,,
12165924,0,0,1,3,,,,,,,,,
12165925,2,2,6,5,10,,,,,,,,
12165926,0,0,1,2,,,,,,,,,
12165927,2,2,6,6,,,,,,,,,
12165928,0,0,3,3,,,,,,,,,
12165929,2,2,6,6,,,,,,,,,
12165930,0,0,1,1,,,,,,,,,
12165931,0,0,4,2,,,,,,,,,
12165932,0,0,3,1,,,,,,,,,
12165933,0,0,3,3,,,,,,,,,
12165934,2,2,6,6,,,,,,,,,
12165935,2,2,6,6,,,,,,,,,
12165936,0,0,2,3,,,,,,,,,
12165937,2,2,6,6,,,,,,,,,
12165938,2,2,7,6,,,,,,,,,
12165939,0,0,4,1,,,,,,,,,
12165940,0,0,5,3,,,,,,,,,
12165941,0,0,1,0,,,,,,,,,
12165942,0,0,0,0,,,,,,,,,
12165943,2,2,6,6,,,,,,,,,
12165944,0,0,0,0,,,,,,,,,
12165945,0,0,2,0,,,,,,,,,
12165946,2,2,4,6,10,,,,,,,,
12165947,2,2,6,7,,,,,,,,,
12165948,2,2,7,6,,,,,,,,,
12165949,0,0,4,4,,,,,,,,,
12165950,0,0,3,2,,,,,,,,,
12165951,0,0,3,5,,,,,,,,,
12165952,2,2,6,6,,,,,,,,,
12165953,2,2,6,6,,,,,,,,,
12165954,2,2,6,6,,,,,,,,,
12165955,2,2,6,6,,,,,,,,,
12165956,2,2,6,3,10,,,,,,,,
12165957,2,2,6,7,,,,,,,,,
12165958,0,0,0,0,,,,,,,,,
12165959,0,0,2,2,,,,,,,,,
12165960,2,2,6,7,,,,,,,,,
12165961,2,2,6,6,,,,,,,,,
12165962,2,2,6,6,,,,,,,,,
12165963,0,0,2,3,,,,,,,,,
12165964,2,2,6,6,,,,,,,,,
12165965,2,2,6,7,,,,,,,,,
12165966,0,0,1,2,,,,,,,,,
12165967,1,1,6,4,6,,,,,,,,
12165968,1,1,6,3,9,,,,,,,,
12165969,0,0,4,1,,,,,,,,,
12165970,1,1,7,4,7,,,,,,,,
12165971,1,1,6,4,9,,,,,,,,
12165972,2,2,6,6,,,,,,,,,
12165973,2,2,6,7,,,,,,,,,
12165974,0,0,3,0,,,,,,,,,
12165975,1,1,6,1,5,,,,,,,,
12165976,2,2,7,6,,,,,,,,,
12165977,,,,,,,,,,,,,
12165978,0,0,2,3,,,,,,,,,
12165979,1,1,6,6,2,,,,,,,,
12165982,2,2,6,4,6,,,,,,,,
12165983,2,2,7,6,,,,7,,,,,
12165984,0,0,6,3,,,,3,,,,,
12165985,2,2,6,6,,,,,,,,,
12165986,2,2,6,5,6,,,,,,,,
12165987,0,0,4,3,,,,,,,,,
12165989,0,0,3,4,,,,,,,,,
12165990,2,2,6,6,,,,,,,,,
12165991,1,1,6,2,3,,,,,,,,
12165992,0,0,2,0,,,,,,,,,
12165993,2,2,4,6,6,,,,,,,,
12165994,0,0,5,6,,,,,6,,,,
12165995,2,2,6,6,,,,,,,,,
12165996,0,0,2,3,,,,,,,,,
12165997,0,0,4,4,,,,,,,,,
12165998,2,2,6,6,10,,,,,,,,
12165999,2,2,6,6,,,,,,,,,
12166000,2,2,6,6,,,,,,,,,
12166001,2,2,0,7,10,,,,,,,,
12166002,2,2,6,6,,,,,,,,,
12166003,0,0,3,4,,,,,,,,,
12166004,2,2,7,6,,,,,,,,,
12166005,0,0,1,3,,,,,,,,,
12166006,2,2,7,6,,,,,,,,,
12166007,2,2,6,6,,,,,,,,,
12166008,0,0,6,4,,,,,,,,,
12166010,2,2,7,6,,,,,,,,,
12166011,2,2,6,6,,,,,,,,,
12166012,0,0,3,1,,,,,,,,,
12166013,2,2,3,7,10,,,,,,,,
12166014,0,0,0,1,,,,,,,,,
12166015,0,0,2,3,,,,,,,,,
12166016,2,2,7,3,10,,,,,,,,
12166017,2,2,6,6,,,,,,,,,
12166018,2,2,6,6,,,,,,,,,
12166019,2,2,6,6,,,,,,,,,
12166020,0,0,1,0,,,,,,,,,
12166021,2,2,6,6,,,,,,,,,
12166022,2,2,6,6,,,,,,,,,
12166023,2,2,6,7,,,,,,,,,
12166024,2,2,7,6,,,,,,,,,
12166025,2,2,6,6,,,,,,,,,
12166026,2,2,6,6,,,,,,,,,
12166027,2,2,6,6,,,,,,,,,
12166028,,,,,,,,,,,,,
12166029,0,0,1,5,,,,,,,,,
12166030,2,2,6,7,,,,,,,,,
12166031,0,0,0,0,,,,,,,,,
12166032,0,0,6,4,,,,,,,,,
12166033,2,2,1,7,10,,,,,,,,
12166034,1,1,4,7,5,,,,,,,,
12166035,2,2,6,6,,,,,,,,,
12166036,1,1,6,3,5,,,,,,,,
12166037,0,0,2,1,,,,,,,,,
12166038,2,2,7,6,,,,,,,,,
12166039,2,2,6,6,,,,,,,,,
12166040,2,2,6,6,,,,,,,,,
12166041,0,0,1,5,,,,,,,,,
12166047,,,,,,,,,,,,,
12166048,0,0,2,0,,,,,,,,,
12166049,2,2,6,6,,,,,,,,,
12166050,0,0,1,2,,,,,,,,,
12166051,0,0,1,0,,,,,,,,,
12166052,2,2,6,6,,,,,,,,,
12166053,1,1,2,7,7,,,,,,,,
12166054,2,2,6,6,,,,,,,,,
12166055,2,2,6,6,,,,,,,,,
12166056,1,1,3,6,7,,,,,,,,
12166057,,,,,,,,,,,,,
12166058,0,0,3,3,,,,,,,,,
12166059,2,2,6,7,,,,,,,,,
12166060,0,0,0,3,,,,,,,,,
12166061,1,1,6,3,7,,,,,,,,
12166062,2,2,6,6,,,,,,,,,
12166063,0,0,6,1,,,,,,,,,
12166064,2,2,6,6,,,,,,,,,
12166065,0,0,3,0,,,,,,,,,
12166066,2,2,6,6,,,,,,,,,
12166067,1,1,6,3,3,,,,,,,,
12166068,2,2,6,6,,,,,,,,,
12166069,2,2,7,7,,,,,,,,,
12166070,2,2,6,6,,,,,,,,,
12166071,0,0,0,3,,,,,,,,,
12166072,1,1,6,4,7,,,,,,,,
12166073,0,0,3,1,,,,,,,,,
12166074,0,0,3,3,,,,,,,,,
12166075,2,2,6,6,,,,,,,,,
12166076,0,0,4,1,,,,,,,,,
12166077,0,0,1,1,,,,,,,,,
12166078,0,0,3,2,,,,,,,,,
12166079,2,2,6,6,,,,,,,,,
12166080,0,0,4,2,,,,,,,,,
12166081,2,2,6,6,,,,,,,,,
12166082,2,2,6,2,10,,,,,,,,
12166083,0,0,3,1,,,,,,,,,
12166084,2,2,6,6,,,,,,,,,
12166085,1,1,3,6,7,,,,,,,,
12166086,0,0,0,1,,,,,,,,,
12166087,0,0,1,2,,,,,,,,,
12166088,2,2,6,7,,,,,,,,,
12166089,2,2,7,0,13,,,,,,,,
12166090,2,2,6,6,,,,,,,,,
12166091,0,0,0,0,,,,,,,,,
12166092,2,2,6,6,,,,,,,,,
12166093,0,0,0,2,,,,,,,,,
12166094,2,2,6,6,,,,,,,,,
12166096,2,2,6,6,,,,,,,,,
12166097,2,2,6,6,,,,,,,,,
12166098,0,0,5,4,,,,,,,,,
12166100,2,2,6,6,,,,,,,,,
12166101,0,0,2,0,,,,,,,,,
12166102,1,1,6,1,1,,,,,,,,
12166103,2,2,6,6,6,,,,2,,,,
12166104,0,0,0,0,,,,,,,,,
12166105,2,2,6,6,,,,,,,,,
12166106,2,2,6,7,,,,,,,,,
12166107,2,2,6,6,,,,,,,,,
12166108,1,1,2,6,2,,,,,,,,
12166154,0,0,3,4,,,,,,,,,
12166272,2,2,6,7,,,,,,,,,
12166273,2,2,6,6,,,,,,,,,
12166274,2,2,6,6,,,,,,,,,
12166275,2,2,3,6,10,,,,,,,,
12166276,2,2,6,6,,,,,,,,,
12166277,2,2,6,3,10,,,,,,,,
12166278,2,2,6,6,,,,,,,,,
12166279,0,0,6,2,,,,,,,,,
12166280,2,2,6,6,,,,,,,,,
12166281,0,0,2,3,,,,,,,,,
12166282,,,,,,,,,,,,,
12166283,1,1,6,7,1,,,,,,,,
12166284,2,2,6,6,,,,,,,,,
12166285,2,2,1,6,10,,,,,,,,
12166286,1,1,6,6,9,,,,,,,,
12166287,0,0,4,2,,,,,,,,,
12166288,0,0,1,1,,,,,,,,,
12166289,,,,,,,,,,,,,
12166290,0,0,0,4,,,,,,,,,
12166291,1,1,6,3,8,,,,,,,,
12166292,1,1,5,6,4,,,,,,,,
12166293,0,0,1,3,,,,,,,,,
12166294,2,2,6,6,,,,,,,,,
12166295,2,2,6,6,,,,,,,,,
12166296,1,1,5,7,2,,,,,,,,
12166297,0,0,3,1,,,,,,,,,
12166298,0,0,4,0,,,,,,,,,
12166299,2,2,4,7,10,,,,,,,,
12166300,0,0,4,1,,,,,,,,,
12166301,0,0,1,5,,,,,,,,,
12166302,0,0,1,3,,,,,,,,,
12166303,2,2,6,7,,,,,,,,,
12166338,2,2,7,6,,,,7,,,,,
12166339,2,2,7,4,6,,,,,,,,
12166340,1,1,6,4,4,,,,,,,,
12166341,2,2,7,6,,,,,,,,,
12166342,2,2,6,6,,,,,,,,,
12166343,2,2,7,2,6,,,7,,,,,
12166344,2,2,6,6,6,,,7,,,,,
12166345,2,2,6,6,,,,,,,,,
12166346,2,2,6,6,,,,,,,,,
12166347,2,2,6,6,,,,,,,,,
12166348,2,2,6,6,,,,,,,,,
12166349,2,2,6,6,,,,,,,,,
12166350,2,2,4,6,7,,,,,7,,,
12166351,2,2,6,6,,,,,,,,,
12166352,2,2,6,7,,,,,7,,,,
12166353,1,1,6,6,4,,,5,,,,,
12166354,1,1,3,6,2,,,,,,,,
12166355,2,2,6,6,,,,,,,,,
12166356,2,2,6,1,6,,,,,,,,
12166357,1,1,5,7,4,,,,,,,,
12166358,0,0,1,2,,,,,,,,,
12166359,0,0,4,3,,,,,,,,,
12166360,2,2,6,6,,,,,,,,,
12166361,0,0,3,1,,,,,,,,,
12166423,2,2,6,6,,,,,,,,,
12166424,0,0,2,0,,,,,,,,,
12166425,,,,,,,,,,,,,
12166426,2,2,6,6,,,,,,,,,
12166427,0,0,4,2,,,,,,,,,
12166428,0,0,5,3,,,,,,,,,
12166429,2,2,6,6,,,,,,,,,
12166430,2,2,6,6,,,,,,,,,
12166431,2,2,6,7,,,,,,,,,
12166434,2,2,6,3,6,,,,,,,,
12166435,2,2,7,3,6,,,7,,,,,
12166437,0,0,2,2,,,,,,,,,
12166797,2,2,6,6,,,,,,,,,
12166798,0,0,1,1,,,,,,,,,
12166828,0,0,4,4,,,,,,,,,
12166925,0,0,1,0,,,,,,,,,
12166926,2,2,7,6,,,,7,,,,,
12166927,2,2,6,6,,,,,,,,,
12166928,0,0,2,1,,,,,,,,,
12166936,0,0,5,3,,,,,,,,,
12166937,0,0,0,4,,,,,,,,,
12166946,2,2,5,6,6,,,,,,,,
12166955,0,0,1,2,,,,,,,,,
12166960,2,2,6,6,,,,,,,,,
12166961,2,2,7,6,,,,,,,,,
12166973,2,2,6,6,,,,,,,,,
12166974,2,2,6,4,10,,,,,,,,
12166975,2,2,6,6,,,,,,,,,
12166976,2,2,6,6,,,,,,,,,
12166977,0,0,2,5,,,,,,,,,
12166978,1,1,6,6,4,,,,,,,,
12166979,0,0,2,1,,,,,,,,,
12166980,,,,,,,,,,,,,
12166981,,,,,,,,,,,,,
12166982,,,,,,,,,,,,,
12166983,1,1,4,6,7,,,,,,,,
12166984,0,0,5,5,,,,,,,,,
12166985,2,2,6,1,10,,,,,,,,
12166986,2,2,6,6,,,,,,,,,
12166989,2,2,6,6,,,,,,,,,
12166990,2,2,6,6,,,,,,,,,
12166991,2,2,6,7,,,,,,,,,
12166992,2,2,6,6,,,,,,,,,
12166993,0,0,3,0,,,,,,,,,
12166994,0,0,2,1,,,,,,,,,
12166995,2,2,6,6,,,,,,,,,
12166996,2,2,6,1,10,,,,,,,,
12166997,2,2,7,6,,,,,,,,,
12166998,0,0,6,6,,,,,,,,,
12166999,2,2,6,6,,,,,,,,,
12167000,0,0,6,4,,,,,,,,,
12167001,1,1,6,1,11,,,,,,,,
12167002,,,,,,,,,,,,,
12167003,0,0,1,6,,,,,,,,,
12167004,2,2,6,6,,,,,,,,,
12167005,2,2,3,6,10,,,,,,,,
12167311,2,2,6,6,,,,,,,,,
12167312,0,0,0,1,,,,,,,,,
12167313,2,2,7,4,10,,,,,,,,
12167314,0,0,4,2,,,,,,,,,
12167315,1,1,7,2,8,,,,,,,,
12167316,1,1,3,6,8,,,,,,,,
12167317,0,0,4,4,,,,,,,,,
12167318,0,0,1,1,,,,,,,,,
12167319,0,0,3,2,,,,,,,,,
12167320,2,2,7,6,,,,,,,,,
12167321,2,2,6,6,,,,,,,,,
12167322,0,0,2,5,,,,,,,,,
12167323,2,2,6,6,,,,,,,,,
12167324,1,1,6,6,6,,,,,,,,
12167325,0,0,4,1,,,,,,,,,
12167326,0,0,1,0,,,,,,,,,
12167327,2,2,6,6,,,,,,,,,
12167328,2,2,7,6,,,,,,,,,
12167329,0,0,0,1,,,,,,,,,
12167330,2,2,6,6,,,,,,,,,
12167331,2,2,6,6,,,,,,,,,
12167332,0,0,3,1,,,,,,,,,
12167333,,,,,,,,,,,,,
12167334,2,2,6,6,,,,,,,,,
12167335,0,0,6,2,,,,,,,,,
12167336,0,0,2,3,,,,,,,,,
12167337,0,0,1,2,,,,,,,,,
12167338,1,1,5,6,4,,,,,,,,
12167339,0,0,3,4,,,,,,,,,
12167340,2,2,7,5,11,,,,,,,,
12167341,2,2,6,6,,,,,,,,,
12167342,2,2,4,6,10,,,,,,,,
12167591,0,0,2,4,,,,,,,,,
12167593,2,2,6,6,,,,,,,,,
12167668,1,1,6,4,9,,,,,,,,
12167669,2,2,6,7,,,,,,,,,
12167670,2,2,6,6,,,,,,,,,
12167671,0,0,3,0,,,,,,,,,
12167672,1,1,7,5,5,,,,,,,,
12167673,2,2,0,7,10,,,,,,,,
12167674,2,2,6,6,,,,,,,,,
12167675,2,2,6,6,,,,,,,,,
12167676,2,2,6,6,,,,,,,,,
12167677,2,2,2,6,10,,,,,,,,
12167678,0,0,1,3,,,,,,,,,
12167679,2,2,6,4,10,,,,,,,,
12167680,2,2,6,6,,,,,,,,,
12167681,0,0,3,1,,,,,,,,,
12167682,0,0,4,1,,,,,,,,,
12167725,0,0,3,2,,,,,,,,,
12167729,0,0,1,4,,,,,,,,,
12167748,2,2,6,2,7,,,,,7,,,
12167751,2,2,6,7,,,,,,,,,
12167771,0,0,3,2,,,,,,,,,
12167805,0,0,3,5,,,,,,,,,
12167806,2,2,7,6,,,,7,,,,,
12167807,,,,,,,,,,,,,
12167808,2,2,6,6,,,,,,,,,
12167809,2,2,7,6,,,,7,,,,,
12167810,0,0,0,0,,,,,,,,,
12167811,2,2,6,3,10,,,,,,,,
12167812,2,2,6,6,,,,,,,,,
12167813,2,2,6,6,,,,,,,,,
12167814,2,2,6,6,,,,,,,,,
12167815,1,1,6,2,7,,,,,,,,
12167816,2,2,6,6,,,,,,,,,
12167817,1,1,6,0,3,,,,,,,,
12167818,0,0,6,2,,,,4,,,,,
12167819,0,0,2,5,,,,,,,,,
12167820,2,2,6,6,,,,,,,,,
12167821,2,2,6,6,,,,,,,,,
12167822,0,0,3,0,,,,,,,,,
12167823,0,0,4,3,,,,,,,,,
12167824,0,0,4,1,,,,,,,,,
12167825,0,0,2,4,,,,,,,,,
12167848,2,2,6,6,,,,,,,,,
12167854,2,2,4,6,13,,,,,,,,
12167855,2,2,7,6,,,,,,,,,
12167856,0,0,2,2,,,,,,,,,
12167892,0,0,4,0,,,,,,,,,
12167901,2,2,6,6,,,,,,,,,
12167910,2,2,7,6,,,,,,,,,
12167911,1,1,1,6,4,,,,,,,,
12167912,0,0,4,3,,,,,,,,,
12167913,2,2,6,6,,,,,,,,,
12167915,2,2,6,6,,,,,,,,,
12167916,0,0,2,3,,,,,,,,,
12167917,1,1,6,6,8,,,,,,,,
12167918,0,0,2,1,,,,,,,,,
12167919,2,2,6,6,,,,,,,,,
12167920,2,2,6,6,,,,,,,,,
12167921,2,2,6,6,,,,,,,,,
12167922,1,1,6,2,6,,,,,,,,
12167923,0,0,2,3,,,,,,,,,
12167924,1,1,3,7,8,,,,,,,,
12167925,1,1,6,6,5,,,,,,,,
12167926,,,,,,,,,,,,,
12167928,2,2,7,4,10,,,,,,,,
12167929,2,2,6,6,,,,,,,,,
12167930,1,1,1,7,6,,,,,,,,
12167931,0,0,6,2,,,,,,,,,
12167932,2,2,6,7,,,,,,,,,
12167933,2,2,6,6,,,,,,,,,
12167934,1,1,6,5,3,,,,,,,,
12167935,0,0,1,2,,,,,,,,,
12167936,2,2,6,6,,,,,,,,,
12167937,0,0,1,2,,,,,,,,,
12167938,2,2,6,6,,,,,,,,,
12167939,2,2,1,6,10,,,,,,,,
12167940,2,2,6,6,,,,,,,,,
12167941,1,1,3,6,10,,,,,,,,
12167942,0,0,5,1,,,,,,,,,
12167943,0,0,2,1,,,,,,,,,
12167944,2,2,6,6,,,,,,,,,
12167945,2,2,7,6,,,,,,,,,
12167946,2,2,6,4,10,,,,,,,,
12167947,0,0,3,1,,,,,,,,,
12167948,2,2,6,6,,,,,,,,,
12167949,0,0,1,2,,,,,,,,,
12167950,0,0,0,2,,,,,,,,,
12167951,0,0,2,6,,,,,,,,,
12167952,2,2,6,6,,,,,,,,,
12167953,2,2,6,6,,,,,,,,,
12167954,2,2,6,6,,,,,,,,,
12167955,0,0,3,4,,,,,,,,,
12167956,0,0,3,1,,,,,,,,,
12167957,0,0,4,1,,,,,,,,,
12167958,0,0,3,2,,,,,,,,,
12167959,2,2,7,6,,,,,,,,,
12167960,1,1,3,6,6,,,,,,,,
12167961,2,2,6,6,,,,,,,,,
12167962,0,0,3,1,,,,,,,,,
12167963,0,0,4,0,,,,,,,,,
12167964,2,2,6,7,,,,,,,,,
12167965,1,1,6,4,3,,,,,,,,
12167966,1,1,6,3,6,,,,,,,,
12167967,2,2,7,6,,,,,,,,,
12167968,2,2,6,6,,,,,,,,,
12167969,1,1,3,6,4,,,,,,,,
12167970,0,0,3,2,,,,,,,,,
12167971,1,1,4,6,6,,,,,,,,
12167972,2,2,6,6,,,,,,,,,
12167975,2,2,6,6,,,,,,,,,
12167976,0,0,3,3,,,,,,,,,
12167977,,,,,,,,,,,,,
12167978,0,0,0,1,,,,,,,,,
12167979,2,2,7,6,,,,,,,,,
12167980,1,1,3,6,8,,,,,,,,
12167981,0,0,6,1,,,,5,,,,,
12167982,2,2,6,6,,,,,,,,,
12167983,1,1,6,4,8,,,,,,,,
12167984,1,1,4,6,7,,,,,,,,
12167986,2,2,6,6,,,,,,,,,
12167987,,,,,,,,,,,,,
12167988,2,2,0,6,10,,,,,,,,
12167989,2,2,6,6,,,,,,,,,
12167990,2,2,6,6,,,,,,,,,
12167991,2,2,6,6,,,,,,,,,
12167992,2,2,6,6,,,,,,,,,
12167993,2,2,6,3,10,,,,,,,,
12167994,1,1,6,4,7,,,,,,,,
12167995,2,2,6,6,,,,,,,,,
12167996,2,2,6,6,,,,,,,,,
12167997,2,2,6,6,,,,,,,,,
12167998,0,0,0,1,,,,,,,,,
12167999,0,0,5,2,,,,,,,,,
12168000,2,2,7,6,,,,,,,,,
12168003,0,0,6,2,,,,,,,,,
12168004,0,0,0,0,,,,,,,,,
12168005,0,0,1,3,,,,,,,,,
12168006,2,2,3,6,10,,,,,,,,
12168007,2,2,6,6,,,,,,,,,
12168008,0,0,1,5,,,,,,,,,
12168011,2,2,6,6,,,,,,,,,
12168012,2,2,7,7,,,,,,,,,
12168013,2,2,7,2,10,,,,,,,,
12168014,2,2,5,6,10,,,,,,,,
12168015,2,2,6,6,,,,,,,,,
12168016,2,2,2,6,10,,,,,,,,
12168017,2,2,7,5,14,,,,,,,,
12168018,2,2,7,6,,,,,,,,,
12168019,2,2,6,6,,,,,,,,,
12168020,0,0,1,3,,,,,,,,,
12168021,1,1,0,7,8,,,,,,,,
12168022,0,0,4,0,,,,,,,,,
12168023,0,0,0,0,,,,,,,,,
12168024,2,2,6,6,,,,,,,,,
12168025,,,,,,,,,,,,,
12168026,2,2,6,6,,,,,,,,,
12168027,0,0,4,3,,,,,,,,,
12168028,2,2,6,6,,,,,,,,,
12168029,2,2,6,6,10,,,,,,,,
12168030,2,2,6,6,,,,,,,,,
12168031,2,2,7,6,,,,,,,,,
12168032,2,2,6,6,,,,,,,,,
12168033,1,1,4,6,3,,,,,,,,
12168034,2,2,7,7,,,,,,,,,
12168035,2,2,6,6,,,,,,,,,
12168036,2,2,6,6,,,,,,,,,
12168037,0,0,1,6,,,,,,,,,
12168038,0,0,4,3,,,,,,,,,
12168039,2,2,6,6,,,,,,,,,
12168040,0,0,3,4,,,,,,,,,
12168041,2,2,7,7,,,,,,,,,
12168042,2,2,6,6,,,,,,,,,
12168043,2,2,6,6,10,,,,,,,,
12168044,,,,,,,,,,,,,
12168045,0,0,4,2,,,,,,,,,
12168046,,,,,,,,,,,,,
12168047,2,2,6,6,,,,,,,,,
12168048,2,2,7,6,,,,,,,,,
12168055,2,2,7,3,12,,,7,,,,,
12168056,,,,,,,,,,,,,
12168057,0,0,2,2,,,,,,,,,
12168058,2,2,6,6,,,,,,,,,
12168073,2,2,6,6,,,,,,,,,
12168104,0,0,2,5,,,,,,,,,
12168105,1,1,3,6,7,,,,,,,,
12168106,2,2,6,6,,,,,,,,,
12168107,0,0,3,4,,,,,,,,,
12168108,1,1,6,2,6,,,,,,,,
12168109,2,2,4,6,10,,,,,,,,
12168110,2,2,6,6,,,,,,,,,
12168111,2,2,6,6,,,,,,,,,
12168112,1,1,3,6,6,,,,,,,,
12168152,2,2,6,6,,,,,,,,,
12168174,2,2,6,7,,,,,7,,,,
12168175,2,2,6,6,,,,,,,,,
12168185,2,2,6,6,,,,,,,,,
12168186,1,1,6,5,10,,,,,,,,
12168187,2,2,4,6,10,,,,,,,,
12168188,0,0,1,0,,,,,,,,,
12168189,2,2,6,6,,,,,,,,,
12168197,2,2,6,6,,,,,,,,,
12168198,2,2,6,6,,,,,,,,,
12168199,0,0,3,3,,,,,,,,,
12168200,0,0,2,4,,,,,,,,,
12168201,0,0,2,0,,,,,,,,,
12168202,2,2,7,6,,,,,,,,,
12168203,2,2,7,6,,,,,,,,,
12168204,2,2,6,3,10,,,,,,,,
12168205,2,2,6,6,,,,,,,,,
12168206,1,1,0,7,5,,,,,,,,
12168207,0,0,1,3,,,,,,,,,
12168221,0,0,1,1,,,,,,,,,
12168230,2,2,6,4,12,,,,,,,,
12168234,2,2,6,7,,,,,,,,,
12168235,2,2,7,3,10,,,7,,,,,
12168236,2,2,7,1,10,,,,,,,,
12168237,2,2,2,7,10,,,,,,,,
12168238,2,2,6,6,,,,,,,,,
12168239,2,2,5,6,10,,,,,,,,
12168242,2,2,6,6,,,,,,,,,
12168243,2,2,6,6,,,,,,,,,
12168245,2,2,7,3,6,,,7,,,,,
12168246,2,2,6,5,6,,,,,,,,
12168247,,,,,,,,,,,,,
12168249,0,0,5,3,,,,,,,,,
12168251,2,2,6,6,,,,,,,,,
12168252,1,1,6,3,8,,,,,,,,
12168254,2,2,6,6,,,,,,,,,
12168275,2,2,6,6,,,,,,,,,
12168276,0,0,1,3,,,,,,,,,
12168277,2,2,6,6,,,,,,,,,
12168278,2,2,6,6,,,,,,,,,
12168279,2,2,6,7,,,,,,,,,
12168280,0,0,1,1,,,,,,,,,
12168281,1,1,6,2,4,,,,,,,,
12168282,2,2,6,6,,,,,,,,,
12168283,2,2,6,6,,,,,,,,,
12168284,2,2,6,6,,,,,,,,,
12168285,0,0,4,3,,,,,,,,,
12168286,2,2,6,6,,,,,,,,,
12168287,2,2,6,6,,,,,,,,,
12168288,2,2,6,6,,,,,,,,,
12168289,0,0,3,1,,,,,,,,,
12168290,2,2,6,6,,,,,,,,,
12168298,2,2,7,1,6,,,7,,,,,
12168351,0,0,4,1,,,,,,,,,
12168405,2,2,6,7,,,,,,,,,
12168551,1,1,7,2,9,,,,,,,,
12168552,2,2,6,6,,,,,,,,,
12168553,0,0,6,2,,,,,,,,,
12168554,0,0,4,4,,,,,,,,,
12168555,2,2,6,6,,,,,,,,,
12168556,2,2,6,6,,,,,,,,,
12168557,2,2,6,6,,,,,,,,,
12168558,1,1,6,6,7,,,,,,,,
12168559,0,0,4,1,,,,,,,,,
12168560,2,2,6,7,,,,,,,,,
12168561,1,1,7,3,5,,,,,,,,
12168562,,,,,,,,,,,,,
12168563,2,2,6,6,,,,,,,,,
12168564,0,0,0,2,,,,,,,,,
12168565,2,2,6,4,10,,,,,,,,
12168566,2,2,6,6,,,,,,,,,
12168614,0,0,2,2,,,,,,,,,
12168615,2,2,6,6,,,,,,,,,
12168616,2,2,7,6,,,,,,,,,
12168617,0,0,6,4,,,,,,,,,
12168618,2,2,6,6,,,,,,,,,
12168619,2,2,6,6,,,,,,,,,
12168620,2,2,6,6,,,,,,,,,
12168622,1,1,7,3,14,,,,,,,,
12168623,2,2,6,7,,,,,,,,,
12168624,2,2,6,6,,,,,,,,,
12168626,0,0,2,2,,,,,,,,,
12168627,0,0,2,2,,,,,,,,,
12168628,2,2,6,6,,,,,,,,,
12168629,1,1,2,6,7,,,,,,,,
12169394,2,2,7,6,,,,,,,,,
12169451,0,0,2,1,,,,,,,,,
12169502,2,2,6,6,,,,,,,,,
12169503,2,2,7,6,,,,,,,,,
12169536,0,0,4,3,,,,,,,,,
12169540,2,2,6,6,10,,,,,,,,
12169554,2,2,7,3,10,,,,,,,,
12169555,0,0,1,3,,,,,,,,,
12169606,1,1,6,2,2,,,,,,,,
12169652,0,0,0,3,,,,,,,,,
12170067,2,2,6,6,,,,,,,,,
12170077,2,2,6,7,,,,,7,,,,
12170296,0,0,4,3,,,,,,,,,
12170297,1,1,3,6,8,,,,,,,,
12170298,2,2,6,6,,,,,,,,,
12170411,0,0,0,0,,,,,,,,,
12110004,0,0,6,1,,,,5,,,,,
12110074,2,2,6,6,,,,,,,,,
12131504,2,2,6,6,,,,,,,,,
12131559,2,2,7,7,,,,,7,,,,
12131580,0,0,4,,,,,,,,,,
12131609,0,0,3,2,,,,,,,,,
12164954,2,2,6,7,,,,,7,,,,
12165045,2,2,6,6,,,,,,,,,
12165514,2,2,6,4,6,,,,,,,,
12165527,2,2,6,4,10,,,,,,,,
12165531,0,0,5,1,,,,,,,,,
12165533,0,0,0,0,,,,,,,,,
12165534,2,2,3,7,10,,,,,,,,
12165535,0,0,5,3,,,,,,,,,
12165538,1,1,6,4,5,,,,,,,,
12165540,2,2,6,6,,,,,,,,,
12165543,2,2,5,6,10,,,,,,,,
12165546,0,0,3,1,,,,,,,,,
12165549,2,2,6,7,,,,,,,,,
12165550,2,2,6,6,,,,,,,,,
12165553,2,2,0,6,11,,,,,,,,
12165556,0,0,0,4,,,,,,,,,
12165559,0,0,2,2,,,,,,,,,
12165560,2,2,7,0,10,,,,,,,,
12165572,1,1,6,4,4,,,,,,,,
12165609,2,2,6,6,,,,,,,,,
12165644,2,2,6,7,,,,,7,,,,
12165646,2,2,6,5,7,,,,,,,,
12165651,0,0,0,0,,,,,,,,,
12165652,0,0,2,1,,,,,,,,,
12165653,0,0,0,3,,,,,,,,,
12165667,2,2,6,6,,,,,,,,,
12165751,2,2,6,2,6,,,,,,,,
12165755,2,2,6,7,,,,,,,,,
12165757,0,0,0,3,,,,,,,,,
12165762,2,2,6,7,,,,,7,,,,
12165764,0,0,2,3,,,,,,,,,
12165765,2,2,6,7,,,,,7,,,,
12165766,2,2,6,6,,,,,,,,,
12165767,2,2,7,7,,,,8,,,,,
12165770,2,2,6,6,,,,,,,,,
12165771,1,1,7,6,10,,,7,3,,,,
12165773,0,0,1,1,,,,,,,,,
12165775,0,0,5,3,,,,,,,,,
12165779,0,0,2,1,,,,,,,,,
12165780,2,2,6,6,,,,,,,,,
12165879,2,2,6,6,,,,,,,,,
12165889,0,0,1,0,,,,,,,,,
12165906,2,2,6,7,,,,,,,,,
12165914,2,2,6,7,,,,,,,,,
12165926,0,0,1,2,,,,,,,,,
12165927,2,2,6,6,,,,,,,,,
12165930,0,0,1,1,,,,,,,,,
12165931,0,0,4,2,,,,,,,,,
12165932,0,0,3,1,,,,,,,,,
12165935,2,2,6,6,,,,,,,,,
12165937,2,2,6,6,,,,,,,,,
12165940,0,0,5,3,,,,,,,,,
12165941,0,0,1,0,,,,,,,,,
12165947,2,2,6,7,,,,,,,,,
12165949,0,0,4,4,,,,,,,,,
12165950,0,0,3,2,,,,,,,,,
12165954,2,2,6,6,,,,,,,,,
12165957,2,2,6,7,,,,,,,,,
12165958,0,0,0,0,,,,,,,,,
12165961,2,2,6,6,,,,,,,,,
12165966,0,0,1,2,,,,,,,,,
12165967,1,1,6,4,6,,,,,,,,
12165970,1,1,7,4,7,,,,,,,,
12165971,1,1,6,4,9,,,,,,,,
12165972,2,2,6,6,,,,,,,,,
12165973,2,2,6,7,,,,,,,,,
12165974,0,0,3,0,,,,,,,,,
12165975,1,1,6,1,5,,,,,,,,
12165976,2,2,7,6,,,,,,,,,
12165979,1,1,6,6,2,,,,,,,,
12165985,2,2,6,6,,,,,,,,,
12165986,2,2,6,5,6,,,,,,,,
12165987,0,0,4,3,,,,,,,,,
12165989,0,0,3,4,,,,,,,,,
12165990,2,2,6,6,,,,,,,,,
12165991,1,1,6,2,3,,,,,,,,
12165992,0,0,2,0,,,,,,,,,
12165993,2,2,4,6,6,,,,,,,,
12165994,0,0,5,6,,,,,6,,,,
12165995,2,2,6,6,,,,,,,,,
12166010,2,2,7,6,,,,,,,,,
12166011,2,2,6,6,,,,,,,,,
12166014,0,0,0,1,,,,,,,,,
12166015,0,0,2,3,,,,,,,,,
12166018,2,2,6,6,,,,,,,,,
12166023,2,2,6,7,,,,,,,,,
12166025,2,2,6,6,,,,,,,,,
12166029,0,0,1,5,,,,,,,,,
12166030,2,2,6,7,,,,,,,,,
12166031,0,0,0,0,,,,,,,,,
12166033,2,2,1,7,10,,,,,,,,
12166034,1,1,4,7,5,,,,,,,,
12166035,2,2,6,6,,,,,,,,,
12166036,1,1,6,3,5,,,,,,,,
12166039,2,2,6,6,,,,,,,,,
12166041,0,0,1,5,,,,,,,,,
12166050,0,0,1,2,,,,,,,,,
12166058,0,0,3,3,,,,,,,,,
12166063,0,0,6,1,,,,,,,,,
12166067,1,1,6,3,3,,,,,,,,
12166072,1,1,6,4,7,,,,,,,,
12166073,0,0,3,1,,,,,,,,,
12166074,0,0,3,3,,,,,,,,,
12166081,2,2,6,6,,,,,,,,,
12166087,0,0,1,2,,,,,,,,,
12166093,0,0,0,2,,,,,,,,,
12166103,2,2,6,6,6,,,,2,,,,
12166105,2,2,6,6,,,,,,,,,
12166107,2,2,6,6,,,,,,,,,
12166108,1,1,2,6,2,,,,,,,,
12166154,0,0,3,4,,,,,,,,,
12166272,2,2,6,7,,,,,,,,,
12166273,2,2,6,6,,,,,,,,,
12166274,2,2,6,6,,,,,,,,,
12166275,2,2,3,6,10,,,,,,,,
12166276,2,2,6,6,,,,,,,,,
12166277,2,2,6,3,10,,,,,,,,
12166278,2,2,6,6,,,,,,,,,
12166279,0,0,6,2,,,,,,,,,
12166280,2,2,6,6,,,,,,,,,
12166281,0,0,2,3,,,,,,,,,
12166282,,,,,,,,,,,,,
12166283,1,1,6,7,1,,,,,,,,
12166284,2,2,6,6,,,,,,,,,
12166285,2,2,1,6,10,,,,,,,,
12166286,1,1,6,6,9,,,,,,,,
12166287,0,0,4,2,,,,,,,,,
12166288,0,0,1,1,,,,,,,,,
12166289,,,,,,,,,,,,,
12166290,0,0,0,4,,,,,,,,,
12166291,1,1,6,3,8,,,,,,,,
12166292,1,1,5,6,4,,,,,,,,
12166293,0,0,1,3,,,,,,,,,
12166294,2,2,6,6,,,,,,,,,
12166295,2,2,6,6,,,,,,,,,
12166296,1,1,5,7,2,,,,,,,,
12166297,0,0,3,1,,,,,,,,,
12166298,0,0,4,0,,,,,,,,,
12166299,2,2,4,7,10,,,,,,,,
12166300,0,0,4,1,,,,,,,,,
12166301,0,0,1,5,,,,,,,,,
12166302,0,0,1,3,,,,,,,,,
12166303,2,2,6,7,,,,,,,,,
12166338,2,2,7,6,,,,7,,,,,
12166339,2,2,7,4,6,,,,,,,,
12166340,1,1,6,4,4,,,,,,,,
12166341,2,2,7,6,,,,,,,,,
12166342,2,2,6,6,,,,,,,,,
12166343,2,2,7,2,6,,,7,,,,,
12166344,2,2,6,6,6,,,7,,,,,
12166345,2,2,6,6,,,,,,,,,
12166346,2,2,6,6,,,,,,,,,
12166347,2,2,6,6,,,,,,,,,
12166348,2,2,6,6,,,,,,,,,
12166349,2,2,6,6,,,,,,,,,
12166350,2,2,4,6,7,,,,,7,,,
12166351,2,2,6,6,,,,,,,,,
12166352,2,2,6,7,,,,,7,,,,
12166353,1,1,6,6,4,,,5,,,,,
12166354,1,1,3,6,2,,,,,,,,
12166355,2,2,6,6,,,,,,,,,
12166356,2,2,6,1,6,,,,,,,,
12166357,1,1,5,7,4,,,,,,,,
12166358,0,0,1,2,,,,,,,,,
12166359,0,0,4,3,,,,,,,,,
12166360,2,2,6,6,,,,,,,,,
12166361,0,0,3,1,,,,,,,,,
12166423,2,2,6,6,,,,,,,,,
12166424,0,0,2,0,,,,,,,,,
12166425,,,,,,,,,,,,,
12166426,2,2,6,6,,,,,,,,,
12166427,0,0,4,2,,,,,,,,,
12166428,0,0,5,3,,,,,,,,,
12166429,2,2,6,6,,,,,,,,,
12166430,2,2,6,6,,,,,,,,,
12166431,2,2,6,7,,,,,,,,,
12166434,2,2,6,3,6,,,,,,,,
12166435,2,2,7,3,6,,,7,,,,,
12166437,0,0,2,2,,,,,,,,,
12166828,0,0,4,4,,,,,,,,,
12166874,2,2,4,6,6,,,,,,,,
12166880,1,1,6,2,4,,,,,,,,
12166881,1,1,6,3,4,,,,,,,,
12166882,0,0,4,4,,,,,,,,,
12166925,0,0,1,0,,,,,,,,,
12166926,2,2,7,6,,,,7,,,,,
12166927,2,2,6,6,,,,,,,,,
12166928,0,0,2,1,,,,,,,,,
12166929,2,2,6,6,,,,,,,,,
12166930,2,2,6,6,,,,,,,,,
12166931,2,2,6,6,,,,,,,,,
12166934,1,1,2,6,1,,,,,,,,
12166936,0,0,5,3,,,,,,,,,
12166937,0,0,0,4,,,,,,,,,
12166938,0,0,3,2,,,,,,,,,
12166939,2,2,6,6,,,,,,,,,
12166940,2,2,6,4,6,,,,,,,,
12166946,2,2,5,6,6,,,,,,,,
12166947,1,1,6,7,1,,,5,7,,,,
12166948,0,0,0,6,,,,,5,,,,
12166950,0,0,1,4,,,,,,,,,
12166951,2,2,6,6,,,,,,,,,
12166952,2,2,6,6,,,,,,,,,
12166953,2,2,6,6,6,,,,4,,,,
12166954,2,2,7,6,,,,7,,,,,
12166955,0,0,1,2,,,,,,,,,
12166956,2,2,6,7,,,,,7,,,,
12166957,0,0,4,4,,,,,,,,,
12166959,2,2,7,7,,,,7,8,,,,
12166960,2,2,6,6,,,,,,,,,
12166961,2,2,7,6,,,,,,,,,
12166962,2,2,6,6,,,,,,,,,
12166963,1,1,4,7,3,,,,7,,,,
12166964,1,1,6,4,3,,,,,,,,
12166966,,,,,,,,,,,,,
12166973,2,2,6,6,,,,,,,,,
12166974,2,2,6,4,10,,,,,,,,
12166975,2,2,6,6,,,,,,,,,
12166976,2,2,6,6,,,,,,,,,
12166977,0,0,2,5,,,,,,,,,
12166978,1,1,6,6,4,,,,,,,,
12166979,0,0,2,1,,,,,,,,,
12166980,,,,,,,,,,,,,
12166981,,,,,,,,,,,,,
12166982,,,,,,,,,,,,,
12166983,1,1,4,6,7,,,,,,,,
12166984,0,0,5,5,,,,,,,,,
12166985,2,2,6,1,10,,,,,,,,
12166986,2,2,6,6,,,,,,,,,
12166989,2,2,6,6,,,,,,,,,
12166990,2,2,6,6,,,,,,,,,
12166991,2,2,6,7,,,,,,,,,
12166992,2,2,6,6,,,,,,,,,
12166993,0,0,3,0,,,,,,,,,
12166994,0,0,2,1,,,,,,,,,
12166995,2,2,6,6,,,,,,,,,
12166996,2,2,6,1,10,,,,,,,,
12166997,2,2,7,6,,,,,,,,,
12166998,0,0,6,6,,,,,,,,,
12166999,2,2,6,6,,,,,,,,,
12167000,0,0,6,4,,,,,,,,,
12167001,1,1,6,1,11,,,,,,,,
12167002,,,,,,,,,,,,,
12167003,0,0,1,6,,,,,,,,,
12167004,2,2,6,6,,,,,,,,,
12167005,2,2,3,6,10,,,,,,,,
12167311,2,2,6,6,,,,,,,,,
12167312,0,0,0,1,,,,,,,,,
12167313,2,2,7,4,10,,,,,,,,
12167314,0,0,4,2,,,,,,,,,
12167315,1,1,7,2,8,,,,,,,,
12167316,1,1,3,6,8,,,,,,,,
12167317,0,0,4,4,,,,,,,,,
12167318,0,0,1,1,,,,,,,,,
12167319,0,0,3,2,,,,,,,,,
12167320,2,2,7,6,,,,,,,,,
12167321,2,2,6,6,,,,,,,,,
12167322,0,0,2,5,,,,,,,,,
12167323,2,2,6,6,,,,,,,,,
12167324,1,1,6,6,6,,,,,,,,
12167325,0,0,4,1,,,,,,,,,
12167326,0,0,1,0,,,,,,,,,
12167327,2,2,6,6,,,,,,,,,
12167328,2,2,7,6,,,,,,,,,
12167329,0,0,0,1,,,,,,,,,
12167330,2,2,6,6,,,,,,,,,
12167331,2,2,6,6,,,,,,,,,
12167332,0,0,3,1,,,,,,,,,
12167333,,,,,,,,,,,,,
12167334,2,2,6,6,,,,,,,,,
12167335,0,0,6,2,,,,,,,,,
12167336,0,0,2,3,,,,,,,,,
12167337,0,0,1,2,,,,,,,,,
12167338,1,1,5,6,4,,,,,,,,
12167339,0,0,3,4,,,,,,,,,
12167340,2,2,7,5,11,,,,,,,,
12167341,2,2,6,6,,,,,,,,,
12167342,2,2,4,6,10,,,,,,,,
12167591,0,0,2,4,,,,,,,,,
12167593,2,2,6,6,,,,,,,,,
12167668,1,1,6,4,9,,,,,,,,
12167669,2,2,6,7,,,,,,,,,
12167670,2,2,6,6,,,,,,,,,
12167671,0,0,3,0,,,,,,,,,
12167672,1,1,7,5,5,,,,,,,,
12167673,2,2,0,7,10,,,,,,,,
12167674,2,2,6,6,,,,,,,,,
12167675,2,2,6,6,,,,,,,,,
12167676,2,2,6,6,,,,,,,,,
12167677,2,2,2,6,10,,,,,,,,
12167678,0,0,1,3,,,,,,,,,
12167679,2,2,6,4,10,,,,,,,,
12167680,2,2,6,6,,,,,,,,,
12167681,0,0,3,1,,,,,,,,,
12167682,0,0,4,1,,,,,,,,,
12167725,0,0,3,2,,,,,,,,,
12167729,0,0,1,4,,,,,,,,,
12167748,2,2,6,2,7,,,,,7,,,
12167751,2,2,6,7,,,,,,,,,
12167771,0,0,3,2,,,,,,,,,
12167805,0,0,3,5,,,,,,,,,
12167806,2,2,7,6,,,,7,,,,,
12167807,,,,,,,,,,,,,
12167808,2,2,6,6,,,,,,,,,
12167809,2,2,7,6,,,,7,,,,,
12167810,0,0,0,0,,,,,,,,,
12167811,2,2,6,3,10,,,,,,,,
12167812,2,2,6,6,,,,,,,,,
12167813,2,2,6,6,,,,,,,,,
12167814,2,2,6,6,,,,,,,,,
12167815,1,1,6,2,7,,,,,,,,
12167816,2,2,6,6,,,,,,,,,
12167817,1,1,6,0,3,,,,,,,,
12167818,0,0,6,2,,,,4,,,,,
12167819,0,0,2,5,,,,,,,,,
12167820,2,2,6,6,,,,,,,,,
12167821,2,2,6,6,,,,,,,,,
12167822,0,0,3,0,,,,,,,,,
12167823,0,0,4,3,,,,,,,,,
12167824,0,0,4,1,,,,,,,,,
12167825,0,0,2,4,,,,,,,,,
12167848,2,2,6,6,,,,,,,,,
12167854,2,2,4,6,13,,,,,,,,
12167855,2,2,7,6,,,,,,,,,
12167856,0,0,2,2,,,,,,,,,
12167892,0,0,4,0,,,,,,,,,
12167901,2,2,6,6,,,,,,,,,
12167910,2,2,7,6,,,,,,,,,
12167911,1,1,1,6,4,,,,,,,,
12167912,0,0,4,3,,,,,,,,,
12167913,2,2,6,6,,,,,,,,,
12167915,2,2,6,6,,,,,,,,,
12167916,0,0,2,3,,,,,,,,,
12167917,1,1,6,6,8,,,,,,,,
12167918,0,0,2,1,,,,,,,,,
12167919,2,2,6,6,,,,,,,,,
12167920,2,2,6,6,,,,,,,,,
12167921,2,2,6,6,,,,,,,,,
12167922,1,1,6,2,6,,,,,,,,
12167923,0,0,2,3,,,,,,,,,
12167924,1,1,3,7,8,,,,,,,,
12167925,1,1,6,6,5,,,,,,,,
12167926,,,,,,,,,,,,,
12167928,2,2,7,4,10,,,,,,,,
12167929,2,2,6,6,,,,,,,,,
12167930,1,1,1,7,6,,,,,,,,
12167931,0,0,6,2,,,,,,,,,
12167932,2,2,6,7,,,,,,,,,
12167933,2,2,6,6,,,,,,,,,
12167934,1,1,6,5,3,,,,,,,,
12167935,0,0,1,2,,,,,,,,,
12167936,2,2,6,6,,,,,,,,,
12167937,0,0,1,2,,,,,,,,,
12167938,2,2,6,6,,,,,,,,,
12167939,2,2,1,6,10,,,,,,,,
12167940,2,2,6,6,,,,,,,,,
12167941,1,1,3,6,10,,,,,,,,
12167942,0,0,5,1,,,,,,,,,
12167943,0,0,2,1,,,,,,,,,
12167944,2,2,6,6,,,,,,,,,
12167945,2,2,7,6,,,,,,,,,
12167946,2,2,6,4,10,,,,,,,,
12167947,0,0,3,1,,,,,,,,,
12167948,2,2,6,6,,,,,,,,,
12167949,0,0,1,2,,,,,,,,,
12167950,0,0,0,2,,,,,,,,,
12167951,0,0,2,6,,,,,,,,,
12167952,2,2,6,6,,,,,,,,,
12167953,2,2,6,6,,,,,,,,,
12167954,2,2,6,6,,,,,,,,,
12167955,0,0,3,4,,,,,,,,,
12167956,0,0,3,1,,,,,,,,,
12167957,0,0,4,1,,,,,,,,,
12167958,0,0,3,2,,,,,,,,,
12167959,2,2,7,6,,,,,,,,,
12167960,1,1,3,6,6,,,,,,,,
12167961,2,2,6,6,,,,,,,,,
12167962,0,0,3,1,,,,,,,,,
12167963,0,0,4,0,,,,,,,,,
12167964,2,2,6,7,,,,,,,,,
12167965,1,1,6,4,3,,,,,,,,
12167966,1,1,6,3,6,,,,,,,,
12167967,2,2,7,6,,,,,,,,,
12167968,2,2,6,6,,,,,,,,,
12167969,1,1,3,6,4,,,,,,,,
12167970,0,0,3,2,,,,,,,,,
12167971,1,1,4,6,6,,,,,,,,
12167972,2,2,6,6,,,,,,,,,
12167975,2,2,6,6,,,,,,,,,
12167976,0,0,3,3,,,,,,,,,
12167977,,,,,,,,,,,,,
12167978,0,0,0,1,,,,,,,,,
12167979,2,2,7,6,,,,,,,,,
12167980,1,1,3,6,8,,,,,,,,
12167981,0,0,6,1,,,,5,,,,,
12167982,2,2,6,6,,,,,,,,,
12167983,1,1,6,4,8,,,,,,,,
12167984,1,1,4,6,7,,,,,,,,
12167986,2,2,6,6,,,,,,,,,
12167987,,,,,,,,,,,,,
12167988,2,2,0,6,10,,,,,,,,
12167989,2,2,6,6,,,,,,,,,
12167990,2,2,6,6,,,,,,,,,
12167991,2,2,6,6,,,,,,,,,
12167992,2,2,6,6,,,,,,,,,
12167993,2,2,6,3,10,,,,,,,,
12167994,1,1,6,4,7,,,,,,,,
12167995,2,2,6,6,,,,,,,,,
12167996,2,2,6,6,,,,,,,,,
12167997,2,2,6,6,,,,,,,,,
12167998,0,0,0,1,,,,,,,,,
12167999,0,0,5,2,,,,,,,,,
12168000,2,2,7,6,,,,,,,,,
12168003,0,0,6,2,,,,,,,,,
12168004,0,0,0,0,,,,,,,,,
12168005,0,0,1,3,,,,,,,,,
12168006,2,2,3,6,10,,,,,,,,
12168007,2,2,6,6,,,,,,,,,
12168008,0,0,1,5,,,,,,,,,
12168009,0,0,2,1,,,,,,,,,
12168010,0,0,1,3,,,,,,,,,
12168011,2,2,6,6,,,,,,,,,
12168012,2,2,7,7,,,,,,,,,
12168013,2,2,7,2,10,,,,,,,,
12168014,2,2,5,6,10,,,,,,,,
12168015,2,2,6,6,,,,,,,,,
12168016,2,2,2,6,10,,,,,,,,
12168017,2,2,7,5,14,,,,,,,,
12168018,2,2,7,6,,,,,,,,,
12168019,2,2,6,6,,,,,,,,,
12168020,0,0,1,3,,,,,,,,,
12168021,1,1,0,7,8,,,,,,,,
12168022,0,0,4,0,,,,,,,,,
12168023,0,0,0,0,,,,,,,,,
12168024,2,2,6,6,,,,,,,,,
12168025,,,,,,,,,,,,,
12168026,2,2,6,6,,,,,,,,,
12168027,0,0,4,3,,,,,,,,,
12168028,2,2,6,6,,,,,,,,,
12168029,2,2,6,6,10,,,,,,,,
12168030,2,2,6,6,,,,,,,,,
12168031,2,2,7,6,,,,,,,,,
12168032,2,2,6,6,,,,,,,,,
12168033,1,1,4,6,3,,,,,,,,
12168034,2,2,7,7,,,,,,,,,
12168035,2,2,6,6,,,,,,,,,
12168036,2,2,6,6,,,,,,,,,
12168037,0,0,1,6,,,,,,,,,
12168038,0,0,4,3,,,,,,,,,
12168039,2,2,6,6,,,,,,,,,
12168040,0,0,3,4,,,,,,,,,
12168041,2,2,7,7,,,,,,,,,
12168042,2,2,6,6,,,,,,,,,
12168043,2,2,6,6,10,,,,,,,,
12168044,,,,,,,,,,,,,
12168045,0,0,4,2,,,,,,,,,
12168046,,,,,,,,,,,,,
12168047,2,2,6,6,,,,,,,,,
12168048,2,2,7,6,,,,,,,,,
12168055,2,2,7,3,12,,,7,,,,,
12168056,,,,,,,,,,,,,
12168057,0,0,2,2,,,,,,,,,
12168058,2,2,6,6,,,,,,,,,
12168059,2,2,5,6,10,,,,,,,,
12168060,1,1,6,6,6,,,10,,,,,
12168073,2,2,6,6,,,,,,,,,
12168104,0,0,2,5,,,,,,,,,
12168105,1,1,3,6,7,,,,,,,,
12168106,2,2,6,6,,,,,,,,,
12168107,0,0,3,4,,,,,,,,,
12168108,1,1,6,2,6,,,,,,,,
12168109,2,2,4,6,10,,,,,,,,
12168110,2,2,6,6,,,,,,,,,
12168111,2,2,6,6,,,,,,,,,
12168112,1,1,3,6,6,,,,,,,,
12168152,2,2,6,6,,,,,,,,,
12168167,0,0,4,3,,,,,,,,,
12168174,2,2,6,7,,,,,7,,,,
12168175,2,2,6,6,,,,,,,,,
12168185,2,2,6,6,,,,,,,,,
12168186,1,1,6,5,10,,,,,,,,
12168187,2,2,4,6,10,,,,,,,,
12168188,0,0,1,0,,,,,,,,,
12168189,2,2,6,6,,,,,,,,,
12168197,2,2,6,6,,,,,,,,,
12168198,2,2,6,6,,,,,,,,,
12168199,0,0,3,3,,,,,,,,,
12168200,0,0,2,4,,,,,,,,,
12168201,0,0,2,0,,,,,,,,,
12168202,2,2,7,6,,,,,,,,,
12168203,2,2,7,6,,,,,,,,,
12168204,2,2,6,3,10,,,,,,,,
12168205,2,2,6,6,,,,,,,,,
12168206,1,1,0,7,5,,,,,,,,
12168207,0,0,1,3,,,,,,,,,
12168221,0,0,1,1,,,,,,,,,
12168223,2,2,6,6,,,,,,,,,
12168224,,,,,,,,,,,,,
12168230,2,2,6,4,12,,,,,,,,
12168233,2,2,6,6,,,,,,,,,
12168234,2,2,6,7,,,,,,,,,
12168235,2,2,7,3,10,,,7,,,,,
12168236,2,2,7,1,10,,,,,,,,
12168237,2,2,2,7,10,,,,,,,,
12168238,2,2,6,6,,,,,,,,,
12168239,2,2,5,6,10,,,,,,,,
12168240,0,0,0,4,,,,,,,,,
12168241,1,1,2,6,7,,,,,,,,
12168242,2,2,6,6,,,,,,,,,
12168243,2,2,6,6,,,,,,,,,
12168244,1,1,6,5,3,,,,,,,,
12168245,2,2,7,3,6,,,7,,,,,
12168246,2,2,6,5,6,,,,,,,,
12168247,,,,,,,,,,,,,
12168248,2,2,6,6,,,,,,,,,
12168249,0,0,5,3,,,,,,,,,
12168251,2,2,6,6,,,,,,,,,
12168252,1,1,6,3,8,,,,,,,,
12168254,2,2,6,6,,,,,,,,,
12168267,0,0,2,1,,,,,,,,,
12168268,2,2,6,6,,,,,,,,,
12168275,2,2,6,6,,,,,,,,,
12168276,0,0,1,3,,,,,,,,,
12168277,2,2,6,6,,,,,,,,,
12168278,2,2,6,6,,,,,,,,,
12168279,2,2,6,7,,,,,,,,,
12168280,0,0,1,1,,,,,,,,,
12168281,1,1,6,2,4,,,,,,,,
12168282,2,2,6,6,,,,,,,,,
12168283,2,2,6,6,,,,,,,,,
12168284,2,2,6,6,,,,,,,,,
12168285,0,0,4,3,,,,,,,,,
12168286,2,2,6,6,,,,,,,,,
12168287,2,2,6,6,,,,,,,,,
12168288,2,2,6,6,,,,,,,,,
12168289,0,0,3,1,,,,,,,,,
12168290,2,2,6,6,,,,,,,,,
12168298,2,2,7,1,6,,,7,,,,,
12168351,0,0,4,1,,,,,,,,,
12168383,2,2,6,3,6,,,,,,,,
12168384,2,2,6,5,6,,,,,,,,
12168396,0,0,4,6,,,,,1,,,,
12168403,2,2,6,7,,,,,,,,,
12168404,2,2,6,6,,,,,,,,,
12168405,2,2,6,7,,,,,,,,,
12168551,1,1,7,2,9,,,,,,,,
12168552,2,2,6,6,,,,,,,,,
12168553,0,0,6,2,,,,,,,,,
12168554,0,0,4,4,,,,,,,,,
12168555,2,2,6,6,,,,,,,,,
12168556,2,2,6,6,,,,,,,,,
12168557,2,2,6,6,,,,,,,,,
12168558,1,1,6,6,7,,,,,,,,
12168559,0,0,4,1,,,,,,,,,
12168560,2,2,6,7,,,,,,,,,
12168561,1,1,7,3,5,,,,,,,,
12168562,,,,,,,,,,,,,
12168563,2,2,6,6,,,,,,,,,
12168564,0,0,0,2,,,,,,,,,
12168565,2,2,6,4,10,,,,,,,,
12168566,2,2,6,6,,,,,,,,,
12168587,2,2,6,6,,,,,,,,,
12168588,2,2,2,7,6,,,,,,,,
12168614,0,0,2,2,,,,,,,,,
12168615,2,2,6,6,,,,,,,,,
12168616,2,2,7,6,,,,,,,,,
12168617,0,0,6,4,,,,,,,,,
12168618,2,2,6,6,,,,,,,,,
12168619,2,2,6,6,,,,,,,,,
12168620,2,2,6,6,,,,,,,,,
12168621,1,1,6,6,3,,,,5,,,,
12168622,1,1,7,3,14,,,,,,,,
12168623,2,2,6,7,,,,,,,,,
12168624,2,2,6,6,,,,,,,,,
12168625,2,2,6,6,,,,,,,,,
12168626,0,0,2,2,,,,,,,,,
12168627,0,0,2,2,,,,,,,,,
12168628,2,2,6,6,,,,,,,,,
12168629,1,1,2,6,7,,,,,,,,
12168630,0,0,3,1,,,,,,,,,
12168666,2,2,6,6,,,,,,,,,
12168667,2,2,4,7,6,,,,7,,,,
12168668,2,2,7,6,6,,,,4,,,,
12168674,0,0,5,2,,,,,,,,,
12168675,2,2,6,6,,,,,,,,,
12168676,2,2,6,6,,,,,,,,,
12168677,2,2,6,6,,,,,,,,,
12168678,,,,,,,,,,,,,
12168721,2,2,6,6,,,,,,,,,
12168827,2,2,6,7,,,,,7,,,,
12168828,1,1,6,1,4,,,,,,,,
12168829,0,0,6,2,,,,4,,,,,
12168830,2,2,6,7,,,,,7,,,,
12168831,,,,,,,,,,,,,
12168832,2,2,6,7,,,,,,,,,
12168833,0,0,6,4,,,,7,,,,,
12168834,1,1,6,4,,,,,,,,,
12168835,2,2,6,7,6,,,5,7,,,,
12168836,0,0,3,6,,,,,6,,,,
12168837,2,2,6,6,,,,,,,,,
12168838,1,1,7,6,2,,,7,7,,,,
12168839,2,2,6,6,,,,,,,,,
12168840,2,2,6,6,,,,,,,,,
12168841,0,0,3,4,,,,,,,,,
12168842,2,2,4,7,7,,,,7,7,,,
12168843,2,2,2,7,6,,,,7,,,,
12168844,2,2,6,6,,,,,,,,,
12168845,2,2,6,7,,,,,,,,,
12168846,0,0,6,2,,,,3,,,,,
12168847,2,2,6,7,,,,,7,,,,
12168848,1,1,2,6,2,,,,,,,,
12168849,1,1,4,7,2,,,,,,,,
12168850,0,0,6,6,,,,5,5,,,,
12168865,0,0,3,2,,,,,,,,,
12168870,2,2,6,6,,,,,,,,,
12169394,2,2,7,6,,,,,,,,,
12169425,0,0,4,5,,,,,,,,,
12169430,1,1,6,3,3,,,,,,,,
12169447,2,2,6,6,,,,,,,,,
12169448,2,2,6,6,,,,,,,,,
12169449,0,0,6,6,,,,4,3,,,,
12169451,0,0,2,1,,,,,,,,,
12169482,2,2,6,6,,,,,,,,,
12169483,2,2,6,7,,,,,,,,,
12169484,,,,,,,,,,,,,
12169485,0,0,4,2,,,,,,,,,
12169486,2,2,6,7,,,,,,,,,
12169487,0,0,4,2,,,,,,,,,
12169488,0,0,3,2,,,,,,,,,
12169489,0,0,1,1,,,,,,,,,
12169490,2,2,6,6,,,,,,,,,
12169491,2,2,3,7,10,,,,,,,,
12169492,2,2,6,6,,,,,,,,,
12169493,2,2,6,6,10,,,,,,,,
12169494,0,0,2,2,,,,,,,,,
12169495,0,0,3,3,,,,,,,,,
12169496,2,2,6,6,,,,,,,,,
12169497,0,0,0,2,,,,,,,,,
12169498,0,0,5,3,,,,,,,,,
12169499,2,2,6,6,,,,,,,,,
12169502,2,2,6,6,,,,,,,,,
12169503,2,2,7,6,,,,,,,,,
12169536,0,0,4,3,,,,,,,,,
12169537,,,,,,,,,,,,,
12169540,2,2,6,6,10,,,,,,,,
12169554,2,2,7,3,10,,,,,,,,
12169555,0,0,1,3,,,,,,,,,
12169606,1,1,6,2,2,,,,,,,,
12169652,0,0,0,3,,,,,,,,,
12169683,1,1,6,2,8,,,,,,,,
12169684,2,2,6,6,,,,,,,,,
12169685,2,2,7,6,,,,,,,,,
12169686,1,1,4,7,6,,,,8,,,,
12169687,2,2,6,6,,,,,,,,,
12169688,2,2,6,6,,,,,,,,,
12169689,2,2,6,6,,,,,,,,,
12169690,0,0,4,4,,,,,,,,,
12169691,1,1,5,6,4,,,,,,,,
12169692,2,2,6,6,6,,,,3,,,,
12169694,2,2,6,3,13,,,,,,,,
12169695,1,1,6,6,7,,,5,,,,,
12169698,2,2,6,6,,,,,,,,,
12169699,0,0,3,4,,,,,,,,,
12169700,2,2,6,6,,,,,,,,,
12169701,2,2,7,6,,,,7,,,,,
12169703,,,,,,,,,,,,,
12169706,0,0,4,3,,,,,,,,,
12169707,0,0,2,,,,,,,,,,
12169710,2,2,4,7,6,,,,,,,,
12169712,2,2,6,6,,,,,,,,,
12169713,0,0,1,2,,,,,,,,,
12169716,2,2,4,7,6,,,,7,,,,
12169717,2,2,6,7,,,,,7,,,,
12169939,2,2,6,6,,,,,,,,,
12169941,2,2,6,6,,,,,,,,,
12169942,0,0,3,1,,,,,,,,,
12169943,2,2,6,4,6,,,,,,,,
12169944,1,1,4,7,4,,,,7,,,,
12169946,0,0,2,4,,,,,,,,,
12169948,2,2,6,6,,,,,,,,,
12169952,2,2,6,6,,,,,,,,,
12169965,2,2,6,7,,,,,,,,,
12169966,2,2,6,7,,,,,,,,,
12169967,0,0,2,2,,,,,,,,,
12169968,2,2,6,6,,,,,,,,,
12169969,0,0,5,3,,,,,,,,,
12169970,0,0,4,1,,,,,,,,,
12169971,0,0,6,1,,,,5,,,,,
12169973,2,2,3,6,10,,,,,,,,
12169975,0,0,6,2,,,,2,,,,,
12169977,2,2,6,6,,,,,,,,,
12169979,2,2,6,6,,,,,,,,,
12169980,0,0,4,6,,,,,2,,,,
12170067,2,2,6,6,,,,,,,,,
12170077,2,2,6,7,,,,,7,,,,
12170233,2,2,2,7,10,,,,,,,,
12170234,0,0,2,6,,,,,3,,,,
12170235,2,2,6,7,,,,,,,,,
12170236,1,1,4,6,9,,,,,,,,
12170237,2,2,6,6,,,,,,,,,
12170238,0,0,2,3,,,,,,,,,
12170239,2,2,6,6,,,,,,,,,
12170240,2,2,6,6,,,,,,,,,
12170241,2,2,7,4,6,,,,,,,,
12170244,0,0,5,3,,,,,,,,,
12170245,0,0,3,1,,,,,,,,,
12170267,1,1,7,6,3,,,,,,,,
12170296,0,0,4,3,,,,,,,,,
12170297,1,1,3,6,8,,,,,,,,
12170298,2,2,6,6,,,,,,,,,
12170309,2,2,6,6,,,,,,,,,
12170310,1,1,1,7,6,,,,,,,,
12170334,0,0,0,4,,,,,,,,,
12170348,0,0,1,,,,,,,,,,
12170349,2,2,6,6,,,,,,,,,
12170350,2,2,6,6,,,,,,,,,
12170351,0,0,1,1,,,,,,,,,
12170352,0,0,3,0,,,,,,,,,
12170353,2,2,7,6,,,,,,,,,
12170354,2,2,6,6,,,,,,,,,
12170364,0,0,4,0,,,,,,,,,
12170366,1,1,0,6,4,,,,,,,,
12170369,2,2,3,6,10,,,,,,,,
12170394,0,0,0,0,,,,,,,,,
12170411,0,0,0,0,,,,,,,,,
12170531,1,1,1,7,6,,,,,,,,
12170532,1,1,3,6,3,,,,,,,,
12170533,2,2,6,6,,,,,,,,,
12170534,2,2,3,6,6,,,,,,,,
12170536,2,2,6,6,,,,,,,,,
12170537,2,2,6,6,,,,,,,,,
12170540,2,2,3,7,10,,,,7,,,,
12170547,1,1,1,7,2,,,,,,,,
12170548,0,0,3,2,,,,,,,,,
12170550,1,1,2,6,4,,,,,,,,
12170554,2,2,6,6,,,,,,,,,
12170555,1,1,5,6,2,,,,,,,,
12170556,0,0,6,2,,,,4,,,,,
12170557,0,0,4,4,,,,,,,,,
12170558,0,0,1,3,,,,,,,,,
12170559,1,1,4,6,9,,,,,,,,
12170560,2,2,6,6,,,,,,,,,
12170562,0,0,3,0,,,,,,,,,
12170564,2,2,7,1,10,,,7,,,,,
12170566,0,0,2,4,,,,,,,,,
12170587,2,2,6,6,,,,,,,,,
12170588,1,1,6,2,7,,,,,,,,
12170589,2,2,6,6,10,,,,7,,,,
12170610,2,2,6,6,,,,,,,,,
12170611,2,2,6,6,,,,,,,,,
12170612,2,2,6,6,,,,,,,,,
12170613,2,2,6,3,10,,,,,,,,
12170614,0,0,2,5,,,,,,,,,
12170615,2,2,6,6,,,,,,,,,
12170619,1,1,7,3,2,,,7,,,,,
12170623,0,0,3,1,,,,,,,,,
12170624,2,2,3,6,11,,,,,,,,
12170625,0,0,3,1,,,,,,,,,
12170626,2,2,5,6,6,,,,,,,,
12170627,,,,,,,,,,,,,
12170628,1,1,2,6,10,,,,,,,,
12170629,1,1,4,6,10,,,,,,,,
12170630,0,0,3,2,,,,,,,,,
12170634,1,1,4,6,4,,,,,,,,
12170635,2,2,6,4,7,,,,,7,,,
12170636,0,0,5,3,,,,,,,,,
12170637,0,0,1,4,,,,,,,,,
12170638,0,0,3,1,,,,,,,,,
12170641,2,2,6,6,,,,,,,,,
12170643,2,2,7,6,,,,,,,,,
12170645,2,2,6,3,7,,,,,8,,,
12170652,2,2,6,6,,,,,,,,,
12170653,2,2,6,3,10,,,,,,,,
12170655,2,2,6,6,10,,,,5,,,,
12170656,2,2,6,6,,,,,,,,,
12170659,2,2,6,6,,,,,,,,,
12170661,2,2,6,6,,,,,,,,,
12170674,1,1,4,6,3,,,,,,,,
12170677,0,0,6,2,,,,4,,,,,
12170678,2,2,7,6,,,,7,,,,,
12170731,0,0,2,3,,,,,,,,,
12170732,2,2,6,7,,,,,,,,,
12170733,2,2,6,6,,,,,,,,,
12170736,2,2,6,6,,,,,,,,,
12170737,0,0,2,2,,,,,,,,,
12170742,2,2,6,5,10,,,,,,,,
12170743,0,0,0,0,,,,,,,,,
12170745,2,2,7,6,,,,12,,,,,
12170746,1,1,6,6,7,,,,,,,,
12170754,2,2,7,1,10,,,,,,,,
12170760,2,2,3,7,10,,,,,,,,
12170761,2,2,6,6,,,,,,,,,
12170762,2,2,6,6,,,,,,,,,
12170763,0,0,2,2,,,,,,,,,
12170767,2,2,6,6,,,,,,,,,
12170768,0,0,6,6,,,,7,5,,,,
12170771,2,2,7,4,10,,,9,,,,,
12170795,0,0,3,1,,,,,,,,,
12170796,2,2,6,7,,,,,,,,,
12170797,0,0,4,4,,,,,,,,,
12170798,2,2,6,3,11,,,,,,,,
12170799,0,0,2,4,,,,,,,,,
12170800,2,2,6,6,,,,,,,,,
12170803,0,0,2,2,,,,,,,,,
12170804,2,2,1,6,7,,,,,,,,
12170807,2,2,6,6,,,,,,,,,
12170808,2,2,6,6,,,,,,,,,
12170812,2,2,3,6,6,,,,,,,,
12170813,2,2,6,6,,,,,,,,,
12170814,2,2,6,6,,,,,,,,,
12170815,0,0,3,2,,,,,,,,,
12170817,2,2,6,6,,,,,,,,,
12170818,0,0,6,6,,,,5,5,,,,
12170820,2,2,6,7,,,,,7,,,,
12170821,1,1,6,5,2,,,,,,,,
12170838,2,2,6,6,,,,,,,,,
12170839,2,2,7,6,,,,,,,,,
12170840,2,2,6,6,,,,,,,,,
12170841,1,1,6,6,7,,,,,,,,
12170842,0,0,3,1,,,,,,,,,
12170843,2,2,6,6,,,,,,,,,
12170844,1,1,6,6,5,,,,,,,,
12170845,2,2,6,6,,,,,,,,,
12170846,0,0,1,0,,,,,,,,,
12170849,2,2,5,6,10,,,,,,,,
12170850,2,2,6,4,6,,,,,,,,
12170852,0,0,0,5,,,,,,,,,
12170854,2,2,6,6,,,,,,,,,
12170856,2,2,6,6,,,,,,,,,
12170857,2,2,6,6,,,,,,,,,
12170863,0,0,3,3,,,,,,,,,
12170864,2,2,6,7,,,,,,,,,
12170866,1,1,6,2,3,,,,,,,,
12170868,2,2,6,6,,,,,,,,,
12170869,0,0,3,2,,,,,,,,,
12170873,0,0,3,3,,,,,,,,,
12170874,2,2,6,6,,,,,,,,,
12170875,1,1,7,1,9,,,,,,,,
12170876,2,2,3,6,6,,,,,,,,
12170877,2,2,3,6,6,,,,,,,,
12170878,0,0,1,2,,,,,,,,,
12170879,2,2,3,6,6,,,,,,,,
12170880,2,2,6,5,10,,,,,,,,
12170885,2,2,6,7,10,,,5,7,,,,
12170919,2,2,6,6,,,,,,,,,
12170946,2,2,6,4,6,,,,,,,,
12170947,2,2,7,4,7,,,,,,,,
12170949,2,2,1,6,6,,,,,,,,
12170950,2,2,6,6,,,,,,,,,
12170952,1,1,6,0,1,,,,,,,,
12170992,0,0,2,1,,,,,,,,,
12170993,2,2,6,6,,,,,,,,,
12171044,0,0,2,2,,,,,,,,,
12171045,2,2,6,1,7,,,,,7,,,
12171046,1,1,6,3,3,,,,,,,,
12171048,0,0,4,2,,,,,,,,,
12171049,0,0,2,,,,,,,,,,
12171050,0,0,4,3,,,,,,,,,
12171054,0,0,2,4,,,,,,,,,
12171066,2,2,2,6,10,,,,,,,,
12171067,0,0,2,2,,,,,,,,,
12171068,2,2,6,6,,,,,,,,,
12171069,2,2,6,6,,,,,,,,,
12171070,2,2,6,6,,,,,,,,,
12171071,2,2,6,6,,,,,,,,,
12171072,2,2,7,4,10,,,,,,,,
12171076,2,2,6,6,,,,,,,,,
12171122,2,2,6,6,,,,,,,,,
12171150,0,0,3,3,,,,,,,,,
12171151,2,2,6,6,,,,,,,,,
12171152,2,2,6,6,,,,,,,,,
12171153,1,1,7,6,8,,,,,,,,
12171159,2,2,6,6,,,,,,,,,
12171164,2,2,6,6,,,,,,,,,
12171165,2,2,6,6,,,,,,,,,
12171169,2,2,6,6,,,,,,,,,
12171477,2,2,6,6,,,,,,,,,
12171478,2,2,6,7,,,,,,,,,
12171480,2,2,7,6,,,,,,,,,
12171481,0,0,1,0,,,,,,,,,
12171484,0,0,4,3,,,,,,,,,
12171487,0,0,2,0,,,,,,,,,
12171556,1,1,6,6,6,,,3,,,,,
12171557,0,0,1,3,,,,,,,,,
12171561,0,0,2,0,,,,,,,,,
12171563,,,,,,,,,,,,,
12171564,2,2,6,6,,,,,,,,,
12171568,2,2,6,6,,,,,,,,,
12171569,1,1,6,2,5,,,,,,,,
12171673,2,2,6,6,,,,,,,,,
12173404,2,2,6,6,,,,,,,,,
12156251,2,2,7,2,6,,,7,,,,,
12156260,2,2,6,7,,,,,7,,,,
12156268,0,0,2,1,,,,,,,,,
12156273,2,2,7,0,6,,,10,,,,,
12156278,2,2,6,6,,,,,,,,,
12156280,0,0,6,2,,,,7,,,,,
12166873,2,2,6,7,6,,,1,,,,,
12166874,2,2,4,6,6,,,,,,,,
12166875,2,2,6,6,,,,,,,,,
12166876,2,2,6,6,,,,,,,,,
12166877,2,2,6,6,,,,,,,,,
12166878,1,1,6,3,4,,,,,,,,
12166879,0,0,3,4,,,,,,,,,
12166880,1,1,6,2,4,,,,,,,,
12166881,1,1,6,3,4,,,,,,,,
12166882,0,0,4,4,,,,,,,,,
12166883,2,2,1,6,6,,,,,,,,
12166929,2,2,6,6,,,,,,,,,
12166930,2,2,6,6,,,,,,,,,
12166931,2,2,6,6,,,,,,,,,
12166932,2,2,6,6,,,,,,,,,
12166933,0,0,4,5,,,,,,,,,
12166934,1,1,2,6,1,,,,,,,,
12166935,0,0,4,6,,,,,4,,,,
12166938,0,0,3,2,,,,,,,,,
12166939,2,2,6,6,,,,,,,,,
12166940,2,2,6,4,6,,,,,,,,
12166946,2,2,5,6,6,,,,,,,,
12166947,1,1,6,7,1,,,5,7,,,,
12166948,0,0,0,6,,,,,5,,,,
12166949,1,1,7,5,,,,7,,,,,
12166950,0,0,1,4,,,,,,,,,
12166951,2,2,6,6,,,,,,,,,
12166952,2,2,6,6,,,,,,,,,
12166953,2,2,6,6,6,,,,4,,,,
12166954,2,2,7,6,,,,7,,,,,
12166955,0,0,1,2,,,,,,,,,
12166956,2,2,6,7,,,,,7,,,,
12166957,0,0,4,4,,,,,,,,,
12166958,1,1,4,6,3,,,,,,,,
12166959,2,2,7,7,,,,7,8,,,,
12166960,2,2,6,6,,,,,,,,,
12166961,2,2,7,6,,,,,,,,,
12166962,2,2,6,6,,,,,,,,,
12166963,1,1,4,7,3,,,,7,,,,
12166964,1,1,6,4,3,,,,,,,,
12166965,2,2,4,6,6,,,,,,,,
12166966,,,,,,,,,,,,,
12167993,2,2,6,3,10,,,,,,,,
12168006,2,2,3,6,10,,,,,,,,
12168009,0,0,2,1,,,,,,,,,
12168010,0,0,1,3,,,,,,,,,
12168014,2,2,5,6,10,,,,,,,,
12168056,,,,,,,,,,,,,
12168059,2,2,5,6,10,,,,,,,,
12168060,1,1,6,6,6,,,10,,,,,
12168104,0,0,2,5,,,,,,,,,
12168105,1,1,3,6,7,,,,,,,,
12168106,2,2,6,6,,,,,,,,,
12168107,0,0,3,4,,,,,,,,,
12168108,1,1,6,2,6,,,,,,,,
12168109,2,2,4,6,10,,,,,,,,
12168110,2,2,6,6,,,,,,,,,
12168112,1,1,3,6,6,,,,,,,,
12168152,2,2,6,6,,,,,,,,,
12168167,0,0,4,3,,,,,,,,,
12168174,2,2,6,7,,,,,7,,,,
12168185,2,2,6,6,,,,,,,,,
12168187,2,2,4,6,10,,,,,,,,
12168188,0,0,1,0,,,,,,,,,
12168198,2,2,6,6,,,,,,,,,
12168200,0,0,2,4,,,,,,,,,
12168205,2,2,6,6,,,,,,,,,
12168223,2,2,6,6,,,,,,,,,
12168224,,,,,,,,,,,,,
12168230,2,2,6,4,12,,,,,,,,
12168233,2,2,6,6,,,,,,,,,
12168234,2,2,6,7,,,,,,,,,
12168235,2,2,7,3,10,,,7,,,,,
12168240,0,0,0,4,,,,,,,,,
12168241,1,1,2,6,7,,,,,,,,
12168242,2,2,6,6,,,,,,,,,
12168244,1,1,6,5,3,,,,,,,,
12168248,2,2,6,6,,,,,,,,,
12168249,0,0,5,3,,,,,,,,,
12168251,2,2,6,6,,,,,,,,,
12168252,1,1,6,3,8,,,,,,,,
12168254,2,2,6,6,,,,,,,,,
12168267,0,0,2,1,,,,,,,,,
12168268,2,2,6,6,,,,,,,,,
12168298,2,2,7,1,6,,,7,,,,,
12168383,2,2,6,3,6,,,,,,,,
12168384,2,2,6,5,6,,,,,,,,
12168396,0,0,4,6,,,,,1,,,,
12168403,2,2,6,7,,,,,,,,,
12168404,2,2,6,6,,,,,,,,,
12168551,1,1,7,2,9,,,,,,,,
12168552,2,2,6,6,,,,,,,,,
12168553,0,0,6,2,,,,,,,,,
12168554,0,0,4,4,,,,,,,,,
12168555,2,2,6,6,,,,,,,,,
12168556,2,2,6,6,,,,,,,,,
12168557,2,2,6,6,,,,,,,,,
12168558,1,1,6,6,7,,,,,,,,
12168559,0,0,4,1,,,,,,,,,
12168560,2,2,6,7,,,,,,,,,
12168561,1,1,7,3,5,,,,,,,,
12168562,,,,,,,,,,,,,
12168563,2,2,6,6,,,,,,,,,
12168564,0,0,0,2,,,,,,,,,
12168565,2,2,6,4,10,,,,,,,,
12168566,2,2,6,6,,,,,,,,,
12168587,2,2,6,6,,,,,,,,,
12168588,2,2,2,7,6,,,,,,,,
12168614,0,0,2,2,,,,,,,,,
12168615,2,2,6,6,,,,,,,,,
12168616,2,2,7,6,,,,,,,,,
12168617,0,0,6,4,,,,,,,,,
12168618,2,2,6,6,,,,,,,,,
12168619,2,2,6,6,,,,,,,,,
12168620,2,2,6,6,,,,,,,,,
12168621,1,1,6,6,3,,,,5,,,,
12168622,1,1,7,3,14,,,,,,,,
12168623,2,2,6,7,,,,,,,,,
12168624,2,2,6,6,,,,,,,,,
12168625,2,2,6,6,,,,,,,,,
12168626,0,0,2,2,,,,,,,,,
12168627,0,0,2,2,,,,,,,,,
12168628,2,2,6,6,,,,,,,,,
12168629,1,1,2,6,7,,,,,,,,
12168630,0,0,3,1,,,,,,,,,
12168666,2,2,6,6,,,,,,,,,
12168667,2,2,4,7,6,,,,7,,,,
12168668,2,2,7,6,6,,,,4,,,,
12168674,0,0,5,2,,,,,,,,,
12168675,2,2,6,6,,,,,,,,,
12168676,2,2,6,6,,,,,,,,,
12168677,2,2,6,6,,,,,,,,,
12168678,,,,,,,,,,,,,
12168721,2,2,6,6,,,,,,,,,
12168827,2,2,6,7,,,,,7,,,,
12168828,1,1,6,1,4,,,,,,,,
12168829,0,0,6,2,,,,4,,,,,
12168830,2,2,6,7,,,,,7,,,,
12168831,,,,,,,,,,,,,
12168832,2,2,6,7,,,,,,,,,
12168833,0,0,6,4,,,,7,,,,,
12168834,1,1,6,4,,,,,,,,,
12168835,2,2,6,7,6,,,5,7,,,,
12168836,0,0,3,6,,,,,6,,,,
12168837,2,2,6,6,,,,,,,,,
12168838,1,1,7,6,2,,,7,7,,,,
12168839,2,2,6,6,,,,,,,,,
12168840,2,2,6,6,,,,,,,,,
12168841,0,0,3,4,,,,,,,,,
12168842,2,2,4,7,7,,,,7,7,,,
12168843,2,2,2,7,6,,,,7,,,,
12168844,2,2,6,6,,,,,,,,,
12168845,2,2,6,7,,,,,,,,,
12168846,0,0,6,2,,,,3,,,,,
12168847,2,2,6,7,,,,,7,,,,
12168848,1,1,2,6,2,,,,,,,,
12168849,1,1,4,7,2,,,,,,,,
12168850,0,0,6,6,,,,5,5,,,,
12168865,0,0,3,2,,,,,,,,,
12168870,2,2,6,6,,,,,,,,,
12169403,0,0,4,2,,,,,,,,,
12169404,2,2,6,2,6,,,,,,,,
12169405,,,,,,,,,,,,,
12169406,2,2,7,6,,,,7,,,,,
12169407,2,2,6,6,,,,,,,,,
12169408,0,0,2,4,,,,,,,,,
12169409,2,2,6,6,,,,,,,,,
12169410,0,0,6,2,,,,2,,,,,
12169411,1,1,2,6,4,,,,,,,,
12169412,2,2,2,6,6,,,,,,,,
12169413,0,0,1,4,,,,,,,,,
12169414,1,1,6,4,3,,,,,,,,
12169425,0,0,4,5,,,,,,,,,
12169430,1,1,6,3,3,,,,,,,,
12169447,2,2,6,6,,,,,,,,,
12169448,2,2,6,6,,,,,,,,,
12169449,0,0,6,6,,,,4,3,,,,
12169482,2,2,6,6,,,,,,,,,
12169483,2,2,6,7,,,,,,,,,
12169484,,,,,,,,,,,,,
12169485,0,0,4,2,,,,,,,,,
12169486,2,2,6,7,,,,,,,,,
12169487,0,0,4,2,,,,,,,,,
12169488,0,0,3,2,,,,,,,,,
12169489,0,0,1,1,,,,,,,,,
12169490,2,2,6,6,,,,,,,,,
12169491,2,2,3,7,10,,,,,,,,
12169492,2,2,6,6,,,,,,,,,
12169493,2,2,6,6,10,,,,,,,,
12169494,0,0,2,2,,,,,,,,,
12169495,0,0,3,3,,,,,,,,,
12169496,2,2,6,6,,,,,,,,,
12169497,0,0,0,2,,,,,,,,,
12169498,0,0,5,3,,,,,,,,,
12169499,2,2,6,6,,,,,,,,,
12169537,,,,,,,,,,,,,
12169683,1,1,6,2,8,,,,,,,,
12169684,2,2,6,6,,,,,,,,,
12169685,2,2,7,6,,,,,,,,,
12169686,1,1,4,7,6,,,,8,,,,
12169687,2,2,6,6,,,,,,,,,
12169688,2,2,6,6,,,,,,,,,
12169689,2,2,6,6,,,,,,,,,
12169690,0,0,4,4,,,,,,,,,
12169691,1,1,5,6,4,,,,,,,,
12169692,2,2,6,6,6,,,,3,,,,
12169694,2,2,6,3,13,,,,,,,,
12169695,1,1,6,6,7,,,5,,,,,
12169698,2,2,6,6,,,,,,,,,
12169699,0,0,3,4,,,,,,,,,
12169700,2,2,6,6,,,,,,,,,
12169701,2,2,7,6,,,,7,,,,,
12169703,,,,,,,,,,,,,
12169706,0,0,4,3,,,,,,,,,
12169707,0,0,2,,,,,,,,,,
12169710,2,2,4,7,6,,,,,,,,
12169712,2,2,6,6,,,,,,,,,
12169713,0,0,1,2,,,,,,,,,
12169716,2,2,4,7,6,,,,7,,,,
12169717,2,2,6,7,,,,,7,,,,
12169939,2,2,6,6,,,,,,,,,
12169941,2,2,6,6,,,,,,,,,
12169942,0,0,3,1,,,,,,,,,
12169943,2,2,6,4,6,,,,,,,,
12169944,1,1,4,7,4,,,,7,,,,
12169946,0,0,2,4,,,,,,,,,
12169948,2,2,6,6,,,,,,,,,
12169952,2,2,6,6,,,,,,,,,
12169965,2,2,6,7,,,,,,,,,
12169966,2,2,6,7,,,,,,,,,
12169967,0,0,2,2,,,,,,,,,
12169968,2,2,6,6,,,,,,,,,
12169969,0,0,5,3,,,,,,,,,
12169970,0,0,4,1,,,,,,,,,
12169971,0,0,6,1,,,,5,,,,,
12169973,2,2,3,6,10,,,,,,,,
12169975,0,0,6,2,,,,2,,,,,
12169977,2,2,6,6,,,,,,,,,
12169979,2,2,6,6,,,,,,,,,
12169980,0,0,4,6,,,,,2,,,,
12170077,2,2,6,7,,,,,7,,,,
12170233,2,2,2,7,10,,,,,,,,
12170234,0,0,2,6,,,,,3,,,,
12170235,2,2,6,7,,,,,,,,,
12170236,1,1,4,6,9,,,,,,,,
12170237,2,2,6,6,,,,,,,,,
12170238,0,0,2,3,,,,,,,,,
12170239,2,2,6,6,,,,,,,,,
12170240,2,2,6,6,,,,,,,,,
12170241,2,2,7,4,6,,,,,,,,
12170244,0,0,5,3,,,,,,,,,
12170245,0,0,3,1,,,,,,,,,
12170267,1,1,7,6,3,,,,,,,,
12170296,0,0,4,3,,,,,,,,,
12170297,1,1,3,6,8,,,,,,,,
12170298,2,2,6,6,,,,,,,,,
12170309,2,2,6,6,,,,,,,,,
12170310,1,1,1,7,6,,,,,,,,
12170334,0,0,0,4,,,,,,,,,
12170348,0,0,1,,,,,,,,,,
12170349,2,2,6,6,,,,,,,,,
12170350,2,2,6,6,,,,,,,,,
12170351,0,0,1,1,,,,,,,,,
12170352,0,0,3,0,,,,,,,,,
12170353,2,2,7,6,,,,,,,,,
12170354,2,2,6,6,,,,,,,,,
12170364,0,0,4,0,,,,,,,,,
12170366,1,1,0,6,4,,,,,,,,
12170369,2,2,3,6,10,,,,,,,,
12170394,0,0,0,0,,,,,,,,,
12170411,0,0,0,0,,,,,,,,,
12170531,1,1,1,7,6,,,,,,,,
12170532,1,1,3,6,3,,,,,,,,
12170533,2,2,6,6,,,,,,,,,
12170534,2,2,3,6,6,,,,,,,,
12170536,2,2,6,6,,,,,,,,,
12170537,2,2,6,6,,,,,,,,,
12170540,2,2,3,7,10,,,,7,,,,
12170547,1,1,1,7,2,,,,,,,,
12170548,0,0,3,2,,,,,,,,,
12170549,2,2,6,6,,,,,,,,,
12170550,1,1,2,6,4,,,,,,,,
12170551,0,0,2,6,,,,,3,,,,
12170554,2,2,6,6,,,,,,,,,
12170555,1,1,5,6,2,,,,,,,,
12170556,0,0,6,2,,,,4,,,,,
12170557,0,0,4,4,,,,,,,,,
12170558,0,0,1,3,,,,,,,,,
12170559,1,1,4,6,9,,,,,,,,
12170560,2,2,6,6,,,,,,,,,
12170562,0,0,3,0,,,,,,,,,
12170564,2,2,7,1,10,,,7,,,,,
12170566,0,0,2,4,,,,,,,,,
12170587,2,2,6,6,,,,,,,,,
12170588,1,1,6,2,7,,,,,,,,
12170589,2,2,6,6,10,,,,7,,,,
12170610,2,2,6,6,,,,,,,,,
12170611,2,2,6,6,,,,,,,,,
12170612,2,2,6,6,,,,,,,,,
12170613,2,2,6,3,10,,,,,,,,
12170614,0,0,2,5,,,,,,,,,
12170615,2,2,6,6,,,,,,,,,
12170619,1,1,7,3,2,,,7,,,,,
12170620,2,2,4,7,6,,,,,,,,
12170623,0,0,3,1,,,,,,,,,
12170624,2,2,3,6,11,,,,,,,,
12170625,0,0,3,1,,,,,,,,,
12170626,2,2,5,6,6,,,,,,,,
12170627,,,,,,,,,,,,,
12170628,1,1,2,6,10,,,,,,,,
12170629,1,1,4,6,10,,,,,,,,
12170630,0,0,3,2,,,,,,,,,
12170631,0,0,5,,,,,,,,,,
12170632,0,0,4,2,,,,,,,,,
12170633,0,0,4,3,,,,,,,,,
12170634,1,1,4,6,4,,,,,,,,
12170635,2,2,6,4,7,,,,,7,,,
12170636,0,0,5,3,,,,,,,,,
12170637,0,0,1,4,,,,,,,,,
12170638,0,0,3,1,,,,,,,,,
12170640,2,2,6,6,,,,,,,,,
12170641,2,2,6,6,,,,,,,,,
12170643,2,2,7,6,,,,,,,,,
12170645,2,2,6,3,7,,,,,8,,,
12170652,2,2,6,6,,,,,,,,,
12170653,2,2,6,3,10,,,,,,,,
12170655,2,2,6,6,10,,,,5,,,,
12170656,2,2,6,6,,,,,,,,,
12170659,2,2,6,6,,,,,,,,,
12170661,2,2,6,6,,,,,,,,,
12170672,2,2,6,7,,,,,7,,,,
12170673,0,0,3,1,,,,,,,,,
12170674,1,1,4,6,3,,,,,,,,
12170675,2,2,6,2,6,,,,,,,,
12170676,0,0,3,2,,,,,,,,,
12170677,0,0,6,2,,,,4,,,,,
12170678,2,2,7,6,,,,7,,,,,
12170731,0,0,2,3,,,,,,,,,
12170732,2,2,6,7,,,,,,,,,
12170733,2,2,6,6,,,,,,,,,
12170734,0,0,4,6,,,,,4,,,,
12170736,2,2,6,6,,,,,,,,,
12170737,0,0,2,2,,,,,,,,,
12170742,2,2,6,5,10,,,,,,,,
12170743,0,0,0,0,,,,,,,,,
12170745,2,2,7,6,,,,12,,,,,
12170746,1,1,6,6,7,,,,,,,,
12170754,2,2,7,1,10,,,,,,,,
12170760,2,2,3,7,10,,,,,,,,
12170761,2,2,6,6,,,,,,,,,
12170762,2,2,6,6,,,,,,,,,
12170763,0,0,2,2,,,,,,,,,
12170767,2,2,6,6,,,,,,,,,
12170768,0,0,6,6,,,,7,5,,,,
12170771,2,2,7,4,10,,,9,,,,,
12170795,0,0,3,1,,,,,,,,,
12170796,2,2,6,7,,,,,,,,,
12170797,0,0,4,4,,,,,,,,,
12170798,2,2,6,3,11,,,,,,,,
12170799,0,0,2,4,,,,,,,,,
12170800,2,2,6,6,,,,,,,,,
12170803,0,0,2,2,,,,,,,,,
12170804,2,2,1,6,7,,,,,,,,
12170807,2,2,6,6,,,,,,,,,
12170808,2,2,6,6,,,,,,,,,
12170812,2,2,3,6,6,,,,,,,,
12170813,2,2,6,6,,,,,,,,,
12170814,2,2,6,6,,,,,,,,,
12170815,0,0,3,2,,,,,,,,,
12170817,2,2,6,6,,,,,,,,,
12170818,0,0,6,6,,,,5,5,,,,
12170820,2,2,6,7,,,,,7,,,,
12170821,1,1,6,5,2,,,,,,,,
12170838,2,2,6,6,,,,,,,,,
12170839,2,2,7,6,,,,,,,,,
12170840,2,2,6,6,,,,,,,,,
12170841,1,1,6,6,7,,,,,,,,
12170842,0,0,3,1,,,,,,,,,
12170843,2,2,6,6,,,,,,,,,
12170844,1,1,6,6,5,,,,,,,,
12170845,2,2,6,6,,,,,,,,,
12170846,0,0,1,0,,,,,,,,,
12170849,2,2,5,6,10,,,,,,,,
12170850,2,2,6,4,6,,,,,,,,
12170852,0,0,0,5,,,,,,,,,
12170854,2,2,6,6,,,,,,,,,
12170856,2,2,6,6,,,,,,,,,
12170857,2,2,6,6,,,,,,,,,
12170863,0,0,3,3,,,,,,,,,
12170864,2,2,6,7,,,,,,,,,
12170866,1,1,6,2,3,,,,,,,,
12170868,2,2,6,6,,,,,,,,,
12170869,0,0,3,2,,,,,,,,,
12170873,0,0,3,3,,,,,,,,,
12170874,2,2,6,6,,,,,,,,,
12170875,1,1,7,1,9,,,,,,,,
12170876,2,2,3,6,6,,,,,,,,
12170877,2,2,3,6,6,,,,,,,,
12170878,0,0,1,2,,,,,,,,,
12170879,2,2,3,6,6,,,,,,,,
12170880,2,2,6,5,10,,,,,,,,
12170885,2,2,6,7,10,,,5,7,,,,
12170919,2,2,6,6,,,,,,,,,
12170945,2,2,6,6,,,,,,,,,
12170946,2,2,6,4,6,,,,,,,,
12170947,2,2,7,4,7,,,,,,,,
12170948,0,0,3,2,,,,,,,,,
12170949,2,2,1,6,6,,,,,,,,
12170950,2,2,6,6,,,,,,,,,
12170951,0,0,3,3,,,,,,,,,
12170952,1,1,6,0,1,,,,,,,,
12170992,0,0,2,1,,,,,,,,,
12170993,2,2,6,6,,,,,,,,,
12171044,0,0,2,2,,,,,,,,,
12171045,2,2,6,1,7,,,,,7,,,
12171046,1,1,6,3,3,,,,,,,,
12171047,2,2,6,6,,,,,,,,,
12171048,0,0,4,2,,,,,,,,,
12171049,0,0,2,,,,,,,,,,
12171050,0,0,4,3,,,,,,,,,
12171054,0,0,2,4,,,,,,,,,
12171066,2,2,2,6,10,,,,,,,,
12171067,0,0,2,2,,,,,,,,,
12171068,2,2,6,6,,,,,,,,,
12171069,2,2,6,6,,,,,,,,,
12171070,2,2,6,6,,,,,,,,,
12171071,2,2,6,6,,,,,,,,,
12171072,2,2,7,4,10,,,,,,,,
12171076,2,2,6,6,,,,,,,,,
12171081,2,2,6,6,,,,,,,,,
12171122,2,2,6,6,,,,,,,,,
12171150,0,0,3,3,,,,,,,,,
12171151,2,2,6,6,,,,,,,,,
12171152,2,2,6,6,,,,,,,,,
12171153,1,1,7,6,8,,,,,,,,
12171158,2,2,6,7,,,,,7,,,,
12171159,2,2,6,6,,,,,,,,,
12171160,2,2,6,7,,,,,,,,,
12171161,0,0,2,4,,,,,,,,,
12171164,2,2,6,6,,,,,,,,,
12171165,2,2,6,6,,,,,,,,,
12171167,1,1,6,3,2,,,,,,,,
12171168,0,0,4,4,,,,,,,,,
12171169,2,2,6,6,,,,,,,,,
12171477,2,2,6,6,,,,,,,,,
12171478,2,2,6,7,,,,,,,,,
12171479,2,2,6,6,,,,,,,,,
12171480,2,2,7,6,,,,,,,,,
12171481,0,0,1,0,,,,,,,,,
12171484,0,0,4,3,,,,,,,,,
12171487,0,0,2,0,,,,,,,,,
12171488,2,2,6,7,,,,,7,,,,
12171556,1,1,6,6,6,,,3,,,,,
12171557,0,0,1,3,,,,,,,,,
12171558,0,0,3,5,,,,,,,,,
12171559,2,2,6,6,,,,,,,,,
12171560,2,2,4,7,6,,,,,,,,
12171561,0,0,2,0,,,,,,,,,
12171562,2,2,6,7,,,,,7,,,,
12171563,,,,,,,,,,,,,
12171564,2,2,6,6,,,,,,,,,
12171565,0,0,0,4,,,,,,,,,
12171566,0,0,2,1,,,,,,,,,
12171567,1,1,7,4,3,,,7,,,,,
12171568,2,2,6,6,,,,,,,,,
12171569,1,1,6,2,5,,,,,,,,
12171597,0,0,1,2,,,,,,,,,
12171598,2,2,7,6,,,,,,,,,
12171599,0,0,2,1,,,,,,,,,
12171600,2,2,1,6,6,,,,,,,,
12171603,0,0,4,4,,,,,,,,,
12171604,0,0,4,0,,,,,,,,,
12171605,0,0,1,4,,,,,,,,,
12171607,0,0,6,4,,,,4,,,,,
12171634,2,2,6,6,,,,,,,,,
12171635,2,2,7,6,,,,7,,,,,
12171636,2,2,3,6,7,,,,,,,,
12171637,1,1,6,2,3,,,,,,,,
12171638,2,2,7,6,,,,7,,,,,
12171639,1,1,3,6,4,,,,,,,,
12171667,1,1,6,6,3,,,0,,,,,
12171668,1,1,4,6,3,,,,,,,,
12171669,2,2,6,6,,,,,,,,,
12171670,2,2,6,3,6,,,,,,,,
12171671,1,1,7,4,3,,,7,,,,,
12171672,2,2,7,6,,,,7,,,,,
12171673,2,2,6,6,,,,,,,,,
12171690,2,2,6,6,,,,,,,,,
12171691,2,2,6,6,,,,,,,,,
12171692,1,1,6,2,3,,,,,,,,
12171693,2,2,6,6,,,,,,,,,
12171694,2,2,6,2,10,,,,,,,,
12171695,0,0,3,3,,,,,,,,,
12171696,1,1,6,6,9,,,6,,,,,
12171697,1,1,7,6,1,,,,4,,,,
12171698,0,0,5,3,,,,,,,,,
12171699,1,1,6,3,2,,,,,,,,
12171701,2,2,6,6,,,,,,,,,
12171706,2,2,6,6,,,,,,,,,
12171728,2,2,7,7,,,,7,,,,,
12171729,0,0,5,6,,,,,6,,,,
12171730,0,0,6,5,,,,6,,,,,
12171731,1,1,2,6,6,,,,,3,,,
12171732,0,0,1,,,,,,,,,,
12171777,1,1,6,3,6,,,,,1,,,
12171922,2,2,7,6,,,,,,,,,
12171923,2,2,7,6,,,,,,,,,
12171926,2,2,6,6,,,,,,,,,
12171928,2,2,6,6,,,,,,,,,
12171931,1,1,3,6,3,,,,,,,,
12171933,0,0,2,6,,,,,5,,,,
12171934,0,0,4,1,,,,,,,,,
12171937,2,2,6,6,,,,,,,,,
12171938,2,2,6,6,,,,,,,,,
12171939,2,2,7,6,,,,,,,,,
12171941,2,2,4,6,6,,,,,,,,
12171942,1,1,6,5,4,,,,,,,,
12171943,0,0,4,5,,,,,,,,,
12171944,0,0,2,1,,,,,,,,,
12171945,1,1,1,6,2,,,,,,,,
12171947,2,2,6,6,,,,,,,,,
12171949,,,,,,,,,,,,,
12171969,0,0,0,2,,,,,,,,,
12171970,0,0,3,2,,,,,,,,,
12171971,1,1,6,1,2,,,,,,,,
12171975,0,0,3,1,,,,,,,,,
12171977,2,2,6,7,,,,,,,,,
12171982,1,1,6,5,4,,,,,,,,
12171983,2,2,4,6,6,,,,,,,,
12171984,2,2,4,6,6,,,,,,,,
12171989,0,0,3,5,,,,,,,,,
12171990,0,0,3,4,,,,,,,,,
12171993,0,0,6,3,,,,3,,,,,
12171996,0,0,4,4,,,,,,,,,
12171998,0,0,5,4,,,,,,,,,
12171999,1,1,7,3,3,,,,,,,,
12172000,0,0,5,6,,,,,3,,,,
12172001,0,0,3,2,,,,,,,,,
12172002,0,0,3,4,,,,,,,,,
12172003,0,0,4,2,,,,,,,,,
12172004,2,2,6,1,6,,,,,,,,
12172005,2,2,6,7,,,,,,,,,
12172006,0,0,5,3,,,,,,,,,
12172008,2,2,6,6,,,,,,,,,
12172009,0,0,3,3,,,,,,,,,
12172010,0,0,3,0,,,,,,,,,
12172011,2,2,6,6,,,,,,,,,
12172142,2,2,6,6,,,,,,,,,
12172147,2,2,6,6,,,,,,,,,
12172152,1,1,4,6,6,,,,,7,,,
12172155,1,1,3,6,6,,,,,5,,,
12172157,0,0,1,4,,,,,,,,,
12172206,2,2,6,6,,,,,,,,,
12172207,2,2,6,6,,,,,,,,,
12172212,0,0,1,3,,,,,,,,,
12172213,0,0,6,3,,,,4,,,,,
12172217,2,2,6,6,,,,,,,,,
12172218,0,0,1,2,,,,,,,,,
12172221,0,0,4,1,,,,,,,,,
12172224,1,1,6,2,1,,,,,,,,
12172227,1,1,6,3,4,,,,,,,,
12172230,2,2,6,6,,,,,,,,,
12172233,1,1,7,2,3,,,,,,,,
12172305,2,2,6,4,6,,,,,,,,
12172307,2,2,2,6,6,,,,,,,,
12172308,2,2,6,6,,,,,,,,,
12172309,0,0,6,5,,,,5,,,,,
12172311,1,1,4,6,4,,,,,,,,
12172402,1,1,3,6,2,,,,,,,,
12172410,1,1,6,3,4,,,,,,,,
12172412,2,2,6,6,,,,,,,,,
12172413,2,2,4,6,6,,,,,,,,
12172414,0,0,3,3,,,,,,,,,
12172544,1,1,7,3,2,,,7,,,,,
12172546,0,0,3,4,,,,,,,,,
12172549,0,0,2,2,,,,,,,,,
12172553,0,0,4,4,,,,,,,,,
12172555,1,1,5,6,3,,,,,,,,
12172646,0,0,6,1,,,,1,,,,,
12172647,2,2,6,6,,,,,,,,,
12172648,0,0,2,5,,,,,,,,,
12172649,2,2,7,7,,,,7,,,,,
12172650,2,2,7,6,,,,,,,,,
12172651,2,2,7,6,,,,7,,,,,
12172652,0,0,0,3,,,,,,,,,
12172734,2,2,6,7,,,,,7,,,,
12172735,0,0,2,5,,,,,,,,,
12172736,0,0,4,4,,,,,,,,,
12172737,0,0,4,6,,,,,1,,,,
12172740,2,2,6,6,,,,,,,,,
12172741,1,1,6,4,3,,,,,,,,
12172742,0,0,1,2,,,,,,,,,
12172743,2,2,6,6,,,,,,,,,
12172745,2,2,6,3,6,,,,,,,,
12172746,0,0,2,3,,,,,,,,,
12172747,2,2,6,6,,,,,,,,,
12172749,2,2,7,3,6,,,7,,,,,
12172751,0,0,4,3,,,,,,,,,
12172752,0,0,6,2,,,,7,,,,,
12172756,2,2,6,6,,,,,,,,,
12172758,0,0,5,1,,,,,,,,,
12172759,2,2,6,6,,,,,,,,,
12172760,2,2,6,6,,,,,,,,,
12172764,2,2,6,6,,,,,,,,,
12172767,1,1,6,3,,,,,,,,,
12172770,1,1,3,6,6,,,,,6,,,
12172771,0,0,1,,,,,,,,,,
12172772,2,2,6,1,6,,,,,,,,
12172773,2,2,6,6,,,,,,,,,
12172774,2,2,6,6,6,,,8,,,,,
12172775,0,0,3,2,,,,,,,,,
12172780,1,1,4,7,2,,,,,,,,
12172790,2,2,6,6,,,,,,,,,
12172792,0,0,2,2,,,,,,,,,
12172798,2,2,6,6,,,,,,,,,
12172802,2,2,6,6,,,,,,,,,
12172806,1,1,6,6,3,,,2,,,,,
12172810,2,2,6,4,6,,,,,,,,
12172811,0,0,1,1,,,,,,,,,
12172814,1,1,6,6,1,,,6,,,,,
12172815,2,2,3,6,6,,,,,,,,
12172823,2,2,6,6,,,,,,,,,
12172824,2,2,6,6,,,,,,,,,
12172830,0,0,4,5,,,,,,,,,
12172831,0,0,2,6,,,,,4,,,,
12172832,2,2,6,7,7,,,4,8,7,,,
12172833,0,0,3,3,,,,,,,,,
12172834,0,0,2,1,,,,,,,,,
12172835,2,2,6,6,,,,,,,,,
12172836,,,,,,,,,,,,,
12172847,0,0,1,3,,,,,,,,,
12172848,2,2,6,6,,,,,,,,,
12172849,2,2,6,6,,,,,,,,,
12172850,0,0,0,1,,,,,,,,,
12172851,0,0,1,4,,,,,,,,,
12172852,2,2,3,6,6,,,,,,,,
12172853,2,2,6,6,,,,,,,,,
12172976,0,0,3,5,,,,,,,,,
12173290,2,2,6,6,,,,,,,,,
12173291,2,2,6,6,,,,,,,,,
12173292,0,0,6,2,,,,5,,,,,
12173293,0,0,4,5,,,,,,,,,
12173294,2,2,7,7,,,,7,7,,,,
12173295,1,1,7,6,4,,,,4,,,,
12173296,2,2,6,6,,,,,,,,,
12173297,2,2,6,6,,,,,,,,,
12173404,2,2,6,6,,,,,,,,,
12173757,0,0,5,0,,,,,,,,,
12173758,2,2,6,6,,,,,,,,,
12173759,1,1,6,5,0,,,,,,,,
12173760,2,2,7,6,,,,7,,,,,
12173761,,,,,,,,,,,,,
12173762,0,0,4,2,,,,,,,,,
12173764,1,1,7,5,3,,,,,,,,
12174060,1,1,7,0,,,,,,,,,
12174061,2,2,6,6,,,,,,,,,
12174062,1,1,2,6,5,,,,,,,,
12174063,0,0,5,,,,,,,,,,
12174064,1,1,5,6,3,,,,,,,,
12174065,0,0,0,2,,,,,,,,,
12174066,0,0,2,0,,,,,,,,,
12174067,0,0,3,2,,,,,,,,,
12174135,0,0,0,3,,,,,,,,,
12174136,2,2,6,6,,,,,,,,,
12174138,0,0,4,3,,,,,,,,,
12174140,1,1,7,2,2,,,7,,,,,
12174141,2,2,2,7,7,,,,,,,,
12174222,0,0,4,1,,,,,,,,,
12174223,2,2,3,6,6,,,,,,,,
12174225,1,1,1,7,4,,,,10,,,,
12174226,2,2,6,0,7,,,,,,,,
12174227,0,0,2,4,,,,,,,,,
12174228,0,0,4,1,,,,,,,,,
12174230,2,2,6,6,,,,,,,,,
12174266,2,2,7,6,,,,7,,,,,
12174267,2,2,4,7,6,,,,7,,,,
12174268,2,2,7,6,,,,,,,,,
12174269,0,0,3,1,,,,,,,,,
12174271,2,2,6,6,,,,,,,,,
12174272,2,2,6,6,,,,,,,,,
12174273,0,0,4,1,,,,,,,,,
12174274,0,0,0,2,,,,,,,,,
12174275,2,2,6,6,6,,,,2,,,,
12174276,2,2,7,6,,,,7,,,,,
12174277,2,2,3,6,6,,,,,,,,
12174278,2,2,6,6,,,,,,,,,
12174279,0,0,3,4,,,,,,,,,
12174281,2,2,6,6,,,,,,,,,
12174317,2,2,6,6,,,,,,,,,
12174319,2,2,6,6,6,,,,2,,,,
12174320,2,2,6,6,,,,,,,,,
12174321,0,0,6,5,,,,7,,,,,
12174322,2,2,7,6,,,,7,,,,,
12174324,2,2,6,6,,,,,,,,,
12174356,2,2,3,6,6,,,,,,,,
12174357,1,1,6,4,6,,,,,5,,,
12174358,2,2,6,6,6,,,3,,,,,
12174359,0,0,2,3,,,,,,,,,
12174360,2,2,6,6,,,,,,,,,
12174361,0,0,4,3,,,,,,,,,
12174364,2,2,6,6,,,,,,,,,
12174365,2,2,6,6,,,,,,,,,
12174366,2,2,6,6,,,,,,,,,
12174367,0,0,2,6,,,,,5,,,,
12174368,2,2,6,6,,,,,,,,,
12174369,1,1,6,4,4,,,,,,,,
12174382,2,2,4,6,6,,,,,,,,
12174383,,,,,,,,,,,,,
12174384,2,2,7,6,,,,,,,,,
12174385,2,2,6,6,,,,,,,,,
12174386,0,0,1,0,,,,,,,,,
12174388,1,1,6,5,,,,,,,,,
12174390,2,2,6,6,,,,,,,,,
12174479,2,2,6,6,,,,,,,,,
12174480,2,2,6,6,,,,,,,,,
12174481,2,2,6,6,,,,,,,,,
12174482,0,0,6,2,,,,2,,,,,
12174483,2,2,6,6,,,,,,,,,
12174484,2,2,6,6,,,,,,,,,
12174486,2,2,6,6,,,,,,,,,
12174487,1,1,1,6,1,,,,,,,,
12174488,0,0,3,4,,,,,,,,,
12174489,0,0,1,0,,,,,,,,,
12174490,0,0,4,3,,,,,,,,,
12174491,0,0,6,6,,,,6,7,,,,
12174492,0,0,2,6,,,,,5,,,,
12174493,0,0,2,4,,,,,,,,,
12174494,2,2,6,7,,,,,7,,,,
12174506,2,2,6,6,,,,,,,,,
12174578,2,2,6,6,,,,,,,,,
12174580,1,1,3,7,2,,,,7,,,,
12174583,0,0,4,4,,,,,,,,,
12174633,2,2,6,6,,,,,,,,,
12174634,2,2,6,6,,,,,,,,,
12174635,1,1,2,6,5,,,,,,,,
12174636,,,,,,,,,,,,,
12174637,0,0,3,2,,,,,,,,,
12174639,0,0,2,1,,,,,,,,,
12174764,0,0,5,1,,,,,,,,,
12174765,0,0,1,3,,,,,,,,,
12174766,1,1,6,2,3,,,,,,,,
12174767,2,2,6,6,,,,,,,,,
12174768,2,2,6,6,,,,,,,,,
12174769,0,0,4,4,,,,,,,,,
12174770,1,1,5,7,4,,,,7,,,,
12175247,2,2,6,6,,,,,,,,,
12175248,2,2,6,6,,,,,,,,,
12175249,2,2,6,7,,,,,,,,,
12175250,0,0,4,2,,,,,,,,,
12175251,1,1,2,7,2,,,,7,,,,
12176543,2,2,6,6,,,,,,,,,
12176556,2,2,6,3,6,,,,,,,,
12156093,1,1,4,7,2,,,,7,,,,
12156096,0,0,2,3,,,,,,,,,
12156098,2,2,6,6,,,,,,,,,
12156108,0,0,5,1,,,,,,,,,
12156216,1,1,1,6,3,,,,,,,,
12156217,2,2,6,7,,,,,,,,,
12156219,,,,,,,,,,,,,
12156220,2,2,6,4,6,,,,,,,,
12156221,2,2,6,6,,,,,,,,,
12156227,0,0,3,2,,,,,,,,,
12156232,0,0,1,3,,,,,,,,,
12156235,0,0,6,3,,,,3,,,,,
12156239,1,1,3,6,0,,,,,,,,
12156251,2,2,7,2,6,,,7,,,,,
12156253,2,2,7,3,6,,,,,,,,
12156255,2,2,6,7,,,,,,,,,
12156256,2,2,6,7,,,,,,,,,
12156260,2,2,6,7,,,,,7,,,,
12156268,0,0,2,1,,,,,,,,,
12156273,2,2,7,0,6,,,10,,,,,
12156276,1,1,6,3,2,,,,,,,,
12156278,2,2,6,6,,,,,,,,,
12156279,2,2,6,4,6,,,,,,,,
12156280,0,0,6,2,,,,7,,,,,
12156281,0,0,1,4,,,,,,,,,
12156282,1,1,6,6,3,,,,4,,,,
12166873,2,2,6,7,6,,,1,,,,,
12166875,2,2,6,6,,,,,,,,,
12166876,2,2,6,6,,,,,,,,,
12166877,2,2,6,6,,,,,,,,,
12166878,1,1,6,3,4,,,,,,,,
12166879,0,0,3,4,,,,,,,,,
12166883,2,2,1,6,6,,,,,,,,
12166932,2,2,6,6,,,,,,,,,
12166933,0,0,4,5,,,,,,,,,
12166935,0,0,4,6,,,,,4,,,,
12166949,1,1,7,5,,,,7,,,,,
12166952,2,2,6,6,,,,,,,,,
12166958,1,1,4,6,3,,,,,,,,
12166965,2,2,4,6,6,,,,,,,,
12169395,0,0,4,2,,,,,,,,,
12169396,2,2,4,6,6,,,,,,,,
12169397,2,2,6,2,6,,,,,,,,
12169398,0,0,2,4,,,,,,,,,
12169399,0,0,0,3,,,,,,,,,
12169400,0,0,3,4,,,,,,,,,
12169401,2,2,6,6,,,,,,,,,
12169402,2,2,6,3,6,,,,,,,,
12169403,0,0,4,2,,,,,,,,,
12169404,2,2,6,2,6,,,,,,,,
12169405,,,,,,,,,,,,,
12169406,2,2,7,6,,,,7,,,,,
12169407,2,2,6,6,,,,,,,,,
12169408,0,0,2,4,,,,,,,,,
12169409,2,2,6,6,,,,,,,,,
12169410,0,0,6,2,,,,2,,,,,
12169411,1,1,2,6,4,,,,,,,,
12169412,2,2,2,6,6,,,,,,,,
12169413,0,0,1,4,,,,,,,,,
12169414,1,1,6,4,3,,,,,,,,
12170549,2,2,6,6,,,,,,,,,
12170550,1,1,2,6,4,,,,,,,,
12170551,0,0,2,6,,,,,3,,,,
12170620,2,2,4,7,6,,,,,,,,
12170631,0,0,5,,,,,,,,,,
12170632,0,0,4,2,,,,,,,,,
12170633,0,0,4,3,,,,,,,,,
12170634,1,1,4,6,4,,,,,,,,
12170640,2,2,6,6,,,,,,,,,
12170641,2,2,6,6,,,,,,,,,
12170672,2,2,6,7,,,,,7,,,,
12170673,0,0,3,1,,,,,,,,,
12170674,1,1,4,6,3,,,,,,,,
12170675,2,2,6,2,6,,,,,,,,
12170676,0,0,3,2,,,,,,,,,
12170677,0,0,6,2,,,,4,,,,,
12170733,2,2,6,6,,,,,,,,,
12170734,0,0,4,6,,,,,4,,,,
12170797,0,0,4,4,,,,,,,,,
12170807,2,2,6,6,,,,,,,,,
12170840,2,2,6,6,,,,,,,,,
12170846,0,0,1,0,,,,,,,,,
12170863,0,0,3,3,,,,,,,,,
12170945,2,2,6,6,,,,,,,,,
12170948,0,0,3,2,,,,,,,,,
12170950,2,2,6,6,,,,,,,,,
12170951,0,0,3,3,,,,,,,,,
12171044,0,0,2,2,,,,,,,,,
12171047,2,2,6,6,,,,,,,,,
12171066,2,2,2,6,10,,,,,,,,
12171067,0,0,2,2,,,,,,,,,
12171071,2,2,6,6,,,,,,,,,
12171076,2,2,6,6,,,,,,,,,
12171081,2,2,6,6,,,,,,,,,
12171150,0,0,3,3,,,,,,,,,
12171151,2,2,6,6,,,,,,,,,
12171152,2,2,6,6,,,,,,,,,
12171153,1,1,7,6,8,,,,,,,,
12171158,2,2,6,7,,,,,7,,,,
12171159,2,2,6,6,,,,,,,,,
12171160,2,2,6,7,,,,,,,,,
12171161,0,0,2,4,,,,,,,,,
12171164,2,2,6,6,,,,,,,,,
12171165,2,2,6,6,,,,,,,,,
12171167,1,1,6,3,2,,,,,,,,
12171168,0,0,4,4,,,,,,,,,
12171169,2,2,6,6,,,,,,,,,
12171479,2,2,6,6,,,,,,,,,
12171484,0,0,4,3,,,,,,,,,
12171487,0,0,2,0,,,,,,,,,
12171488,2,2,6,7,,,,,7,,,,
12171556,1,1,6,6,6,,,3,,,,,
12171557,0,0,1,3,,,,,,,,,
12171558,0,0,3,5,,,,,,,,,
12171559,2,2,6,6,,,,,,,,,
12171560,2,2,4,7,6,,,,,,,,
12171561,0,0,2,0,,,,,,,,,
12171562,2,2,6,7,,,,,7,,,,
12171563,,,,,,,,,,,,,
12171564,2,2,6,6,,,,,,,,,
12171565,0,0,0,4,,,,,,,,,
12171566,0,0,2,1,,,,,,,,,
12171567,1,1,7,4,3,,,7,,,,,
12171568,2,2,6,6,,,,,,,,,
12171569,1,1,6,2,5,,,,,,,,
12171597,0,0,1,2,,,,,,,,,
12171598,2,2,7,6,,,,,,,,,
12171599,0,0,2,1,,,,,,,,,
12171600,2,2,1,6,6,,,,,,,,
12171603,0,0,4,4,,,,,,,,,
12171604,0,0,4,0,,,,,,,,,
12171605,0,0,1,4,,,,,,,,,
12171607,0,0,6,4,,,,4,,,,,
12171634,2,2,6,6,,,,,,,,,
12171635,2,2,7,6,,,,7,,,,,
12171636,2,2,3,6,7,,,,,,,,
12171637,1,1,6,2,3,,,,,,,,
12171638,2,2,7,6,,,,7,,,,,
12171639,1,1,3,6,4,,,,,,,,
12171667,1,1,6,6,3,,,0,,,,,
12171668,1,1,4,6,3,,,,,,,,
12171669,2,2,6,6,,,,,,,,,
12171670,2,2,6,3,6,,,,,,,,
12171671,1,1,7,4,3,,,7,,,,,
12171672,2,2,7,6,,,,7,,,,,
12171673,2,2,6,6,,,,,,,,,
12171690,2,2,6,6,,,,,,,,,
12171691,2,2,6,6,,,,,,,,,
12171692,1,1,6,2,3,,,,,,,,
12171693,2,2,6,6,,,,,,,,,
12171694,2,2,6,2,10,,,,,,,,
12171695,0,0,3,3,,,,,,,,,
12171696,1,1,6,6,9,,,6,,,,,
12171697,1,1,7,6,1,,,,4,,,,
12171698,0,0,5,3,,,,,,,,,
12171699,1,1,6,3,2,,,,,,,,
12171701,2,2,6,6,,,,,,,,,
12171706,2,2,6,6,,,,,,,,,
12171728,2,2,7,7,,,,7,,,,,
12171729,0,0,5,6,,,,,6,,,,
12171730,0,0,6,5,,,,6,,,,,
12171731,1,1,2,6,6,,,,,3,,,
12171732,0,0,1,,,,,,,,,,
12171749,0,0,3,5,,,,,,,,,
12171750,1,1,6,6,6,,,5,,5,,,
12171751,2,2,6,6,,,,,,,,,
12171752,,,,,,,,,,,,,
12171753,0,0,5,6,,,,,3,,,,
12171754,1,1,6,1,4,,,,,,,,
12171755,0,0,2,1,,,,,,,,,
12171756,2,2,6,6,,,,,,,,,
12171757,2,2,4,6,6,,,,,,,,
12171758,0,0,3,4,,,,,,,,,
12171759,1,1,3,7,4,,,,7,,,,
12171760,2,2,7,7,,,,7,7,,,,
12171777,1,1,6,3,6,,,,,1,,,
12171920,0,0,2,1,,,,,,,,,
12171922,2,2,7,6,,,,,,,,,
12171923,2,2,7,6,,,,,,,,,
12171924,1,1,6,4,2,,,,,,,,
12171925,2,2,6,6,,,,,,,,,
12171926,2,2,6,6,,,,,,,,,
12171927,1,1,6,7,2,,,6,,,,,
12171928,2,2,6,6,,,,,,,,,
12171930,1,1,6,0,5,,,,,,,,
12171931,1,1,3,6,3,,,,,,,,
12171933,0,0,2,6,,,,,5,,,,
12171934,0,0,4,1,,,,,,,,,
12171937,2,2,6,6,,,,,,,,,
12171938,2,2,6,6,,,,,,,,,
12171939,2,2,7,6,,,,,,,,,
12171941,2,2,4,6,6,,,,,,,,
12171942,1,1,6,5,4,,,,,,,,
12171943,0,0,4,5,,,,,,,,,
12171944,0,0,2,1,,,,,,,,,
12171945,1,1,1,6,2,,,,,,,,
12171946,2,2,3,6,7,,,,,8,,,
12171947,2,2,6,6,,,,,,,,,
12171948,0,0,3,3,,,,,,,,,
12171949,,,,,,,,,,,,,
12171950,2,2,6,6,,,,,,,,,
12171953,1,1,3,6,1,,,,,,,,
12171955,1,1,6,4,3,,,,,,,,
12171963,2,2,6,6,,,,,,,,,
12171969,0,0,0,2,,,,,,,,,
12171970,0,0,3,2,,,,,,,,,
12171971,1,1,6,1,2,,,,,,,,
12171975,0,0,3,1,,,,,,,,,
12171977,2,2,6,7,,,,,,,,,
12171982,1,1,6,5,4,,,,,,,,
12171983,2,2,4,6,6,,,,,,,,
12171984,2,2,4,6,6,,,,,,,,
12171986,2,2,7,7,,,,7,7,,,,
12171988,2,2,4,6,6,,,,,,,,
12171989,0,0,3,5,,,,,,,,,
12171990,0,0,3,4,,,,,,,,,
12171991,2,2,3,6,6,,,,,,,,
12171992,0,0,3,2,,,,,,,,,
12171993,0,0,6,3,,,,3,,,,,
12171994,1,1,2,6,3,,,,,,,,
12171996,0,0,4,4,,,,,,,,,
12171998,0,0,5,4,,,,,,,,,
12171999,1,1,7,3,3,,,,,,,,
12172000,0,0,5,6,,,,,3,,,,
12172001,0,0,3,2,,,,,,,,,
12172002,0,0,3,4,,,,,,,,,
12172003,0,0,4,2,,,,,,,,,
12172004,2,2,6,1,6,,,,,,,,
12172005,2,2,6,7,,,,,,,,,
12172006,0,0,5,3,,,,,,,,,
12172008,2,2,6,6,,,,,,,,,
12172009,0,0,3,3,,,,,,,,,
12172010,0,0,3,0,,,,,,,,,
12172011,2,2,6,6,,,,,,,,,
12172142,2,2,6,6,,,,,,,,,
12172147,2,2,6,6,,,,,,,,,
12172152,1,1,4,6,6,,,,,7,,,
12172155,1,1,3,6,6,,,,,5,,,
12172157,0,0,1,4,,,,,,,,,
12172206,2,2,6,6,,,,,,,,,
12172207,2,2,6,6,,,,,,,,,
12172212,0,0,1,3,,,,,,,,,
12172213,0,0,6,3,,,,4,,,,,
12172217,2,2,6,6,,,,,,,,,
12172218,0,0,1,2,,,,,,,,,
12172221,0,0,4,1,,,,,,,,,
12172224,1,1,6,2,1,,,,,,,,
12172227,1,1,6,3,4,,,,,,,,
12172230,2,2,6,6,,,,,,,,,
12172233,1,1,7,2,3,,,,,,,,
12172305,2,2,6,4,6,,,,,,,,
12172307,2,2,2,6,6,,,,,,,,
12172308,2,2,6,6,,,,,,,,,
12172309,0,0,6,5,,,,5,,,,,
12172311,1,1,4,6,4,,,,,,,,
12172402,1,1,3,6,2,,,,,,,,
12172403,0,0,3,3,,,,,,,,,
12172404,2,2,6,4,6,,,,,,,,
12172405,1,1,6,3,,,,,,,,,
12172406,0,0,2,3,,,,,,,,,
12172407,2,2,6,6,,,,,,,,,
12172408,2,2,6,6,,,,,,,,,
12172409,2,2,6,6,,,,,,,,,
12172410,1,1,6,3,4,,,,,,,,
12172411,1,1,6,1,1,,,,,,,,
12172412,2,2,6,6,,,,,,,,,
12172413,2,2,4,6,6,,,,,,,,
12172414,0,0,3,3,,,,,,,,,
12172544,1,1,7,3,2,,,7,,,,,
12172546,0,0,3,4,,,,,,,,,
12172549,0,0,2,2,,,,,,,,,
12172553,0,0,4,4,,,,,,,,,
12172555,1,1,5,6,3,,,,,,,,
12172586,2,2,7,7,,,,11,,,,,
12172587,2,2,6,6,,,,,,,,,
12172588,0,0,3,6,,,,,4,,,,
12172589,2,2,2,6,6,,,,,,,,
12172646,0,0,6,1,,,,1,,,,,
12172647,2,2,6,6,,,,,,,,,
12172648,0,0,2,5,,,,,,,,,
12172649,2,2,7,7,,,,7,,,,,
12172650,2,2,7,6,,,,,,,,,
12172651,2,2,7,6,,,,7,,,,,
12172652,0,0,0,3,,,,,,,,,
12172734,2,2,6,7,,,,,7,,,,
12172735,0,0,2,5,,,,,,,,,
12172736,0,0,4,4,,,,,,,,,
12172737,0,0,4,6,,,,,1,,,,
12172740,2,2,6,6,,,,,,,,,
12172741,1,1,6,4,3,,,,,,,,
12172742,0,0,1,2,,,,,,,,,
12172743,2,2,6,6,,,,,,,,,
12172745,2,2,6,3,6,,,,,,,,
12172746,0,0,2,3,,,,,,,,,
12172747,2,2,6,6,,,,,,,,,
12172749,2,2,7,3,6,,,7,,,,,
12172751,0,0,4,3,,,,,,,,,
12172752,0,0,6,2,,,,7,,,,,
12172756,2,2,6,6,,,,,,,,,
12172758,0,0,5,1,,,,,,,,,
12172759,2,2,6,6,,,,,,,,,
12172760,2,2,6,6,,,,,,,,,
12172761,1,1,6,5,,,,,,,,,
12172763,0,0,4,1,,,,,,,,,
12172764,2,2,6,6,,,,,,,,,
12172766,1,1,4,7,4,,,,,,,,
12172767,1,1,6,3,,,,,,,,,
12172768,2,2,6,6,,,,,,,,,
12172769,2,2,4,6,6,,,,,,,,
12172770,1,1,3,6,6,,,,,6,,,
12172771,0,0,1,,,,,,,,,,
12172772,2,2,6,1,6,,,,,,,,
12172773,2,2,6,6,,,,,,,,,
12172774,2,2,6,6,6,,,8,,,,,
12172775,0,0,3,2,,,,,,,,,
12172776,2,2,6,6,,,,,,,,,
12172777,0,0,1,2,,,,,,,,,
12172780,1,1,4,7,2,,,,,,,,
12172790,2,2,6,6,,,,,,,,,
12172792,0,0,2,2,,,,,,,,,
12172795,0,0,6,1,,,,4,,,,,
12172798,2,2,6,6,,,,,,,,,
12172802,2,2,6,6,,,,,,,,,
12172806,1,1,6,6,3,,,2,,,,,
12172807,1,1,6,6,5,,,,5,,,,
12172810,2,2,6,4,6,,,,,,,,
12172811,0,0,1,1,,,,,,,,,
12172814,1,1,6,6,1,,,6,,,,,
12172815,2,2,3,6,6,,,,,,,,
12172818,0,0,3,4,,,,,,,,,
12172820,2,2,7,6,,,,7,,,,,
12172823,2,2,6,6,,,,,,,,,
12172824,2,2,6,6,,,,,,,,,
12172830,0,0,4,5,,,,,,,,,
12172831,0,0,2,6,,,,,4,,,,
12172832,2,2,6,7,7,,,4,8,7,,,
12172833,0,0,3,3,,,,,,,,,
12172834,0,0,2,1,,,,,,,,,
12172835,2,2,6,6,,,,,,,,,
12172836,,,,,,,,,,,,,
12172837,,,,,,,,,,,,,
12172844,0,0,4,5,,,,,,,,,
12172845,0,0,3,2,,,,,,,,,
12172846,0,0,1,3,,,,,,,,,
12172847,0,0,1,3,,,,,,,,,
12172848,2,2,6,6,,,,,,,,,
12172849,2,2,6,6,,,,,,,,,
12172850,0,0,0,1,,,,,,,,,
12172851,0,0,1,4,,,,,,,,,
12172852,2,2,3,6,6,,,,,,,,
12172853,2,2,6,6,,,,,,,,,
12172889,1,1,4,6,6,,,,,5,,,
12172905,0,0,6,4,,,,3,,,,,
12172976,0,0,3,5,,,,,,,,,
12172977,0,0,3,3,,,,,,,,,
12172984,0,0,2,3,,,,,,,,,
12173290,2,2,6,6,,,,,,,,,
12173291,2,2,6,6,,,,,,,,,
12173292,0,0,6,2,,,,5,,,,,
12173293,0,0,4,5,,,,,,,,,
12173294,2,2,7,7,,,,7,7,,,,
12173295,1,1,7,6,4,,,,4,,,,
12173296,2,2,6,6,,,,,,,,,
12173297,2,2,6,6,,,,,,,,,
12173404,2,2,6,6,,,,,,,,,
12173757,0,0,5,0,,,,,,,,,
12173758,2,2,6,6,,,,,,,,,
12173759,1,1,6,5,0,,,,,,,,
12173760,2,2,7,6,,,,7,,,,,
12173761,,,,,,,,,,,,,
12173762,0,0,4,2,,,,,,,,,
12173764,1,1,7,5,3,,,,,,,,
12173964,1,1,2,7,2,,,,,,,,
12174060,1,1,7,0,,,,,,,,,
12174061,2,2,6,6,,,,,,,,,
12174062,1,1,2,6,5,,,,,,,,
12174063,0,0,5,,,,,,,,,,
12174064,1,1,5,6,3,,,,,,,,
12174065,0,0,0,2,,,,,,,,,
12174066,0,0,2,0,,,,,,,,,
12174067,0,0,3,2,,,,,,,,,
12174130,2,2,7,7,,,,,,,,,
12174135,0,0,0,3,,,,,,,,,
12174136,2,2,6,6,,,,,,,,,
12174137,1,1,6,3,0,,,,,,,,
12174138,0,0,4,3,,,,,,,,,
12174139,0,0,6,1,,,,4,,,,,
12174140,1,1,7,2,2,,,7,,,,,
12174141,2,2,2,7,7,,,,,,,,
12174142,0,0,0,2,,,,,,,,,
12174151,1,1,4,7,3,,,,,,,,
12174173,2,2,7,6,,,,,,,,,
12174180,2,2,6,6,,,,,,,,,
12174207,,,,,,,,,,,,,
12174222,0,0,4,1,,,,,,,,,
12174223,2,2,3,6,6,,,,,,,,
12174225,1,1,1,7,4,,,,10,,,,
12174226,2,2,6,0,7,,,,,,,,
12174227,0,0,2,4,,,,,,,,,
12174228,0,0,4,1,,,,,,,,,
12174229,2,2,6,2,6,,,,,,,,
12174230,2,2,6,6,,,,,,,,,
12174232,2,2,4,6,6,,,,,,,,
12174233,0,0,4,0,,,,,,,,,
12174234,2,2,6,6,,,,,,,,,
12174235,1,1,7,4,3,,,7,,,,,
12174265,2,2,6,6,,,,,,,,,
12174266,2,2,7,6,,,,7,,,,,
12174267,2,2,4,7,6,,,,7,,,,
12174268,2,2,7,6,,,,,,,,,
12174269,0,0,3,1,,,,,,,,,
12174270,0,0,1,0,,,,,,,,,
12174271,2,2,6,6,,,,,,,,,
12174272,2,2,6,6,,,,,,,,,
12174273,0,0,4,1,,,,,,,,,
12174274,0,0,0,2,,,,,,,,,
12174275,2,2,6,6,6,,,,2,,,,
12174276,2,2,7,6,,,,7,,,,,
12174277,2,2,3,6,6,,,,,,,,
12174278,2,2,6,6,,,,,,,,,
12174279,0,0,3,4,,,,,,,,,
12174281,2,2,6,6,,,,,,,,,
12174317,2,2,6,6,,,,,,,,,
12174318,2,2,6,7,,,,,,,,,
12174319,2,2,6,6,6,,,,2,,,,
12174320,2,2,6,6,,,,,,,,,
12174321,0,0,6,5,,,,7,,,,,
12174322,2,2,7,6,,,,7,,,,,
12174323,2,2,3,6,6,,,,,,,,
12174324,2,2,6,6,,,,,,,,,
12174325,2,2,6,6,6,,,,3,,,,
12174343,2,2,6,6,,,,,,,,,
12174345,0,0,1,1,,,,,,,,,
12174354,1,1,6,5,5,,,,,,,,
12174355,0,0,2,4,,,,,,,,,
12174356,2,2,3,6,6,,,,,,,,
12174357,1,1,6,4,6,,,,,5,,,
12174358,2,2,6,6,6,,,3,,,,,
12174359,0,0,2,3,,,,,,,,,
12174360,2,2,6,6,,,,,,,,,
12174361,0,0,4,3,,,,,,,,,
12174362,2,2,6,6,,,,,,,,,
12174363,1,1,6,2,2,,,,,,,,
12174364,2,2,6,6,,,,,,,,,
12174365,2,2,6,6,,,,,,,,,
12174366,2,2,6,6,,,,,,,,,
12174367,0,0,2,6,,,,,5,,,,
12174368,2,2,6,6,,,,,,,,,
12174369,1,1,6,4,4,,,,,,,,
12174382,2,2,4,6,6,,,,,,,,
12174383,,,,,,,,,,,,,
12174384,2,2,7,6,,,,,,,,,
12174385,2,2,6,6,,,,,,,,,
12174386,0,0,1,0,,,,,,,,,
12174387,1,1,6,6,1,,,,2,,,,
12174388,1,1,6,5,,,,,,,,,
12174390,2,2,6,6,,,,,,,,,
12174447,,,,,,,,,,,,,
12174449,2,2,7,3,6,,,7,,,,,
12174477,1,1,6,2,3,,,,,,,,
12174479,2,2,6,6,,,,,,,,,
12174480,2,2,6,6,,,,,,,,,
12174481,2,2,6,6,,,,,,,,,
12174482,0,0,6,2,,,,2,,,,,
12174483,2,2,6,6,,,,,,,,,
12174484,2,2,6,6,,,,,,,,,
12174485,2,2,4,6,6,,,,,,,,
12174486,2,2,6,6,,,,,,,,,
12174487,1,1,1,6,1,,,,,,,,
12174488,0,0,3,4,,,,,,,,,
12174489,0,0,1,0,,,,,,,,,
12174490,0,0,4,3,,,,,,,,,
12174491,0,0,6,6,,,,6,7,,,,
12174492,0,0,2,6,,,,,5,,,,
12174493,0,0,2,4,,,,,,,,,
12174494,2,2,6,7,,,,,7,,,,
12174506,2,2,6,6,,,,,,,,,
12174551,0,0,2,4,,,,,,,,,
12174568,2,2,7,6,,,,7,,,,,
12174578,2,2,6,6,,,,,,,,,
12174579,2,2,4,6,6,,,,,,,,
12174580,1,1,3,7,2,,,,7,,,,
12174581,2,2,2,6,6,,,,,,,,
12174582,2,2,6,6,,,,,,,,,
12174583,0,0,4,4,,,,,,,,,
12174620,2,2,7,6,,,,,,,,,
12174622,0,0,1,0,,,,,,,,,
12174628,0,0,1,1,,,,,,,,,
12174629,0,0,1,3,,,,,,,,,
12174630,0,0,2,4,,,,,,,,,
12174633,2,2,6,6,,,,,,,,,
12174634,2,2,6,6,,,,,,,,,
12174635,1,1,2,6,5,,,,,,,,
12174636,,,,,,,,,,,,,
12174637,0,0,3,2,,,,,,,,,
12174638,2,2,6,6,,,,,,,,,
12174639,0,0,2,1,,,,,,,,,
12174686,0,0,3,4,,,,,,,,,
12174687,2,2,6,1,6,,,,,,,,
12174690,0,0,3,4,,,,,,,,,
12174692,1,1,4,6,2,,,,,,,,
12174764,0,0,5,1,,,,,,,,,
12174765,0,0,1,3,,,,,,,,,
12174766,1,1,6,2,3,,,,,,,,
12174767,2,2,6,6,,,,,,,,,
12174768,2,2,6,6,,,,,,,,,
12174769,0,0,4,4,,,,,,,,,
12174770,1,1,5,7,4,,,,7,,,,
12174987,2,2,6,6,,,,,,,,,
12175021,0,0,2,1,,,,,,,,,
12175247,2,2,6,6,,,,,,,,,
12175248,2,2,6,6,,,,,,,,,
12175249,2,2,6,7,,,,,,,,,
12175250,0,0,4,2,,,,,,,,,
12175251,1,1,2,7,2,,,,7,,,,
12175252,0,0,6,4,,,,4,,,,,
12175275,2,2,6,6,,,,,,,,,
12175294,2,2,6,6,,,,,,,,,
12175295,1,1,6,1,5,,,,,,,,
12175296,2,2,6,6,,,,,,,,,
12175297,0,0,5,4,,,,,,,,,
12175298,2,2,6,6,,,,,,,,,
12175299,1,1,4,6,6,,,,,7,,,
12175300,0,0,5,0,,,,,,,,,
12175358,0,0,3,4,,,,,,,,,
12175771,2,2,7,6,,,,7,,,,,
12175772,2,2,6,6,,,,,,,,,
12175773,1,1,6,1,4,,,,,,,,
12175774,2,2,6,7,,,,,,,,,
12175775,0,0,2,2,,,,,,,,,
12175793,2,2,6,6,,,,,,,,,
12175818,0,0,3,4,,,,,,,,,
12175823,1,1,3,7,1,,,,7,,,,
12175824,2,2,7,6,,,,7,,,,,
12175862,1,1,7,,,,,7,,,,,
12175863,0,0,6,0,,,,5,,,,,
12175864,2,2,6,6,6,,,3,,,,,
12175882,0,0,6,6,,,,6,6,,,,
12175883,2,2,5,6,6,,,,,,,,
12175884,2,2,6,7,,,,,8,,,,
12175885,0,0,3,0,,,,,,,,,
12175909,2,2,3,6,6,,,,,,,,
12175951,0,0,2,5,,,,,,,,,
12175952,2,2,6,6,6,,,2,,,,,
12175953,1,1,5,6,6,,,,,5,,,
12175954,2,2,6,6,7,,,,5,7,,,
12175955,1,1,6,6,3,,,,4,,,,
12175956,2,2,6,7,,,,,7,,,,
12176004,2,2,6,5,6,,,,,,,,
12176005,2,2,2,6,6,,,,,,,,
12176053,2,2,7,6,,,,7,,,,,
12176057,0,0,2,5,,,,,,,,,
12176099,2,2,6,6,,,,,,,,,
12176120,0,0,4,4,,,,,,,,,
12176281,2,2,6,7,6,,,2,7,,,,
12176283,1,1,6,3,2,,,,,,,,
12176289,2,2,6,6,,,,,,,,,
12176291,2,2,6,6,,,,,,,,,
12176321,0,0,1,1,,,,,,,,,
12176344,0,0,2,3,,,,,,,,,
12176345,2,2,6,1,6,,,,,,,,
12176348,2,2,7,5,7,,,,,15,,,
12176351,2,2,6,4,6,,,,,,,,
12176352,0,0,3,4,,,,,,,,,
12176372,2,2,7,6,,,,7,,,,,
12176373,2,2,6,6,,,,,,,,,
12176374,2,2,6,6,,,,,,,,,
12176464,0,0,1,,,,,,,,,,
12176506,2,2,6,6,,,,,,,,,
12176541,0,0,3,1,,,,,,,,,
12176543,2,2,6,6,,,,,,,,,
12176551,0,0,2,4,,,,,,,,,
12176556,2,2,6,3,6,,,,,,,,
12176557,0,0,4,6,,,,,,,,,
12176601,2,2,6,6,,,,,,,,,
12176621,1,1,6,6,4,,,,6,,,,
12176622,2,2,7,6,,,,7,,,,,
12176638,0,0,3,2,,,,,,,,,
12176639,2,2,2,6,6,,,,,,,,
12176652,1,1,6,0,4,,,,,,,,
12176678,0,0,4,1,,,,,,,,,
12176679,2,2,4,7,7,,,,,,,,
12176680,0,0,2,2,,,,,,,,,
12176710,2,2,6,6,,,,,,,,,
12176730,1,1,6,3,0,,,,,,,,
12176731,2,2,6,7,,,,,,,,,
12176747,2,2,6,7,,,,,8,,,,
12176754,2,2,6,7,,,,,,,,,
12176758,2,2,6,6,,,,,,,,,
12176759,2,2,7,6,,,,,,,,,
12176762,0,0,1,2,,,,,,,,,
12176781,1,1,6,5,5,,,,,,,,
12176800,2,2,6,6,,,,,,,,,
12176801,1,1,7,4,,,,,,,,,
12176802,2,2,6,6,,,,,,,,,
12176815,0,0,3,3,,,,,,,,,
12176816,1,1,6,0,0,,,,,,,,
12176851,2,2,6,6,,,,,,,,,
12176852,2,2,7,6,,,,,,,,,
12176984,1,1,3,6,1,,,,,,,,
12176985,2,2,6,7,,,,,,,,,
12176987,0,0,4,5,,,,,,,,,
12176988,2,2,4,6,6,,,,,,,,
12176989,2,2,6,6,,,,,,,,,
12176990,0,0,1,6,,,,,7,,,,
12176991,0,0,2,6,,,,,2,,,,
12176992,2,2,6,6,,,,,,,,,
12176993,2,2,6,6,,,,,,,,,
12176994,0,0,3,1,,,,,,,,,
12176996,2,2,6,6,,,,,,,,,
12176997,2,2,6,6,,,,,,,,,
12176998,2,2,7,6,,,,,,,,,
12176999,2,2,6,3,6,,,,,,,,
12177000,2,2,6,6,,,,,,,,,
12177001,2,2,7,7,,,,7,7,,,,
12177002,2,2,2,7,6,,,,,,,,
12177003,0,0,2,4,,,,,,,,,
12177005,2,2,6,6,,,,,,,,,
12177006,2,2,2,7,6,,,,,,,,
12177007,0,0,4,4,,,,,,,,,
12177034,2,2,6,6,,,,,,,,,
12177036,2,2,6,6,,,,,,,,,
12177041,2,2,7,6,,,,,,,,,
12177042,0,0,3,3,,,,,,,,,
12177058,0,0,2,6,,,,,3,,,,
12177072,0,0,6,4,,,,5,,,,,
12177083,0,0,5,4,,,,,,,,,
12177084,1,1,1,6,4,,,,,,,,
12177151,0,0,6,5,,,,3,,,,,
12177153,0,0,4,2,,,,,,,,,
12177231,0,0,2,1,,,,,,,,,
12177250,0,0,1,0,,,,,,,,,
12177252,2,2,6,2,6,,,,,,,,
12177291,0,0,1,0,,,,,,,,,
12177292,2,2,6,7,,,,,,,,,
12177293,1,1,3,6,2,,,,,,,,
12177307,2,2,6,6,,,,,,,,,
12177381,2,2,6,6,,,,,,,,,
12177389,2,2,6,6,,,,,,,,,
12177390,0,0,5,4,,,,,,,,,
12177414,0,0,5,4,,,,,,,,,
12177415,0,0,3,3,,,,,,,,,
12177416,,,,,,,,,,,,,
12177419,1,1,7,4,3,,,,,,,,
12177544,1,1,3,6,2,,,,,,,,
12177546,2,2,6,5,6,,,,,,,,
12177548,1,1,3,6,3,,,,,,,,
12177566,1,1,1,6,0,,,,,,,,
12177601,0,0,2,4,,,,,,,,,
12177610,0,0,1,1,,,,,,,,,
12177611,0,0,5,3,,,,,,,,,
12177614,2,2,4,6,6,,,,,,,,
12177616,0,0,3,1,,,,,,,,,
12177623,0,0,4,4,,,,,,,,,
12177651,0,0,3,3,,,,,,,,,
12177689,0,0,1,1,,,,,,,,,
12177726,0,0,3,3,,,,,,,,,
12177777,2,2,6,6,,,,,,,,,
12177784,2,2,6,6,6,,,,3,,,,
12177837,2,2,2,7,7,,,,9,7,,,
12178782,0,0,1,3,,,,,,,,,
12179725,1,1,3,6,4,,,,,,,,
12179787,0,0,2,0,,,,,,,,,
12179788,0,0,6,2,,,,6,,,,,
12156090,0,0,1,3,,,,,,,,,
12156091,0,0,5,3,,,,,,,,,
12156092,0,0,4,0,,,,,,,,,
12156093,1,1,4,7,2,,,,7,,,,
12156096,0,0,2,3,,,,,,,,,
12156098,2,2,6,6,,,,,,,,,
12156107,2,2,6,6,,,,,,,,,
12156108,0,0,5,1,,,,,,,,,
12156216,1,1,1,6,3,,,,,,,,
12156217,2,2,6,7,,,,,,,,,
12156219,,,,,,,,,,,,,
12156220,2,2,6,4,6,,,,,,,,
12156221,2,2,6,6,,,,,,,,,
12156226,2,2,6,6,,,,,,,,,
12156227,0,0,3,2,,,,,,,,,
12156232,0,0,1,3,,,,,,,,,
12156233,2,2,7,6,,,,8,,,,,
12156234,2,2,1,6,6,,,,,,,,
12156235,0,0,6,3,,,,3,,,,,
12156236,0,0,2,2,,,,,,,,,
12156239,1,1,3,6,0,,,,,,,,
12156241,2,2,4,6,6,,,,,,,,
12156246,2,2,6,3,7,,,,,,,,
12156248,0,0,2,2,,,,,,,,,
12156252,2,2,7,6,,,,7,,,,,
12156253,2,2,7,3,6,,,,,,,,
12156255,2,2,6,7,,,,,,,,,
12156256,2,2,6,7,,,,,,,,,
12156257,2,2,6,3,7,,,,,8,,,
12156262,2,2,3,6,7,,,,,7,,,
12156263,1,1,6,3,4,,,,,,,,
12156268,0,0,2,1,,,,,,,,,
12156271,1,1,6,4,2,,,,,,,,
12156276,1,1,6,3,2,,,,,,,,
12156277,1,1,3,6,4,,,,,,,,
12156279,2,2,6,4,6,,,,,,,,
12156281,0,0,1,4,,,,,,,,,
12156282,1,1,6,6,3,,,,4,,,,
12156316,1,1,7,1,,,,7,,,,,
12156320,1,1,6,1,4,,,,,,,,
12156321,1,1,1,6,3,,,,,,,,
12156322,1,1,4,6,1,,,,,,,,
12156323,1,1,5,6,4,,,,,,,,
12156324,2,2,6,6,,,,,,,,,
12156325,1,1,6,5,4,,,,,,,,
12156327,0,0,3,2,,,,,,,,,
12156329,0,0,2,2,,,,,,,,,
12156330,2,2,6,6,,,,,,,,,
12156331,0,0,6,4,,,,3,,,,,
12156334,0,0,2,4,,,,,,,,,
12156337,0,0,5,5,,,,,,,,,
12156339,2,2,5,7,6,,,,,,,,
12169395,0,0,4,2,,,,,,,,,
12169396,2,2,4,6,6,,,,,,,,
12169397,2,2,6,2,6,,,,,,,,
12169398,0,0,2,4,,,,,,,,,
12169399,0,0,0,3,,,,,,,,,
12169400,0,0,3,4,,,,,,,,,
12169401,2,2,6,6,,,,,,,,,
12169402,2,2,6,3,6,,,,,,,,
12171739,0,0,6,3,,,,2,,,,,
12171740,0,0,6,4,,,,5,,,,,
12171742,2,2,6,1,7,,,,,,,,
12171743,1,1,4,6,4,,,,,,,,
12171744,1,1,7,6,5,,,7,4,,,,
12171745,1,1,6,3,4,,,,,,,,
12171746,2,2,6,6,,,,,,,,,
12171747,0,0,6,3,,,,3,,,,,
12171748,2,2,6,6,,,,,,,,,
12171749,0,0,3,5,,,,,,,,,
12171750,1,1,6,6,6,,,5,,5,,,
12171751,2,2,6,6,,,,,,,,,
12171752,,,,,,,,,,,,,
12171753,0,0,5,6,,,,,3,,,,
12171754,1,1,6,1,4,,,,,,,,
12171755,0,0,2,1,,,,,,,,,
12171756,2,2,6,6,,,,,,,,,
12171757,2,2,4,6,6,,,,,,,,
12171758,0,0,3,4,,,,,,,,,
12171759,1,1,3,7,4,,,,7,,,,
12171760,2,2,7,7,,,,7,7,,,,
12171920,0,0,2,1,,,,,,,,,
12171924,1,1,6,4,2,,,,,,,,
12171925,2,2,6,6,,,,,,,,,
12171927,1,1,6,7,2,,,6,,,,,
12171928,2,2,6,6,,,,,,,,,
12171930,1,1,6,0,5,,,,,,,,
12171931,1,1,3,6,3,,,,,,,,
12171933,0,0,2,6,,,,,5,,,,
12171934,0,0,4,1,,,,,,,,,
12171941,2,2,4,6,6,,,,,,,,
12171944,0,0,2,1,,,,,,,,,
12171945,1,1,1,6,2,,,,,,,,
12171946,2,2,3,6,7,,,,,8,,,
12171948,0,0,3,3,,,,,,,,,
12171949,,,,,,,,,,,,,
12171950,2,2,6,6,,,,,,,,,
12171953,1,1,3,6,1,,,,,,,,
12171955,1,1,6,4,3,,,,,,,,
12171962,1,1,3,6,4,,,,,,,,
12171963,2,2,6,6,,,,,,,,,
12171964,0,0,3,3,,,,,,,,,
12171966,0,0,2,1,,,,,,,,,
12171967,1,1,6,4,3,,,,,,,,
12171982,1,1,6,5,4,,,,,,,,
12171986,2,2,7,7,,,,7,7,,,,
12171988,2,2,4,6,6,,,,,,,,
12171991,2,2,3,6,6,,,,,,,,
12171992,0,0,3,2,,,,,,,,,
12171993,0,0,6,3,,,,3,,,,,
12171994,1,1,2,6,3,,,,,,,,
12171999,1,1,7,3,3,,,,,,,,
12172005,2,2,6,7,,,,,,,,,
12172009,0,0,3,3,,,,,,,,,
12172010,0,0,3,0,,,,,,,,,
12172403,0,0,3,3,,,,,,,,,
12172404,2,2,6,4,6,,,,,,,,
12172405,1,1,6,3,,,,,,,,,
12172406,0,0,2,3,,,,,,,,,
12172407,2,2,6,6,,,,,,,,,
12172408,2,2,6,6,,,,,,,,,
12172409,2,2,6,6,,,,,,,,,
12172411,1,1,6,1,1,,,,,,,,
12172586,2,2,7,7,,,,11,,,,,
12172587,2,2,6,6,,,,,,,,,
12172588,0,0,3,6,,,,,4,,,,
12172589,2,2,2,6,6,,,,,,,,
12172759,2,2,6,6,,,,,,,,,
12172761,1,1,6,5,,,,,,,,,
12172763,0,0,4,1,,,,,,,,,
12172766,1,1,4,7,4,,,,,,,,
12172768,2,2,6,6,,,,,,,,,
12172769,2,2,4,6,6,,,,,,,,
12172776,2,2,6,6,,,,,,,,,
12172777,0,0,1,2,,,,,,,,,
12172780,1,1,4,7,2,,,,,,,,
12172790,2,2,6,6,,,,,,,,,
12172795,0,0,6,1,,,,4,,,,,
12172798,2,2,6,6,,,,,,,,,
12172806,1,1,6,6,3,,,2,,,,,
12172807,1,1,6,6,5,,,,5,,,,
12172810,2,2,6,4,6,,,,,,,,
12172818,0,0,3,4,,,,,,,,,
12172820,2,2,7,6,,,,7,,,,,
12172837,,,,,,,,,,,,,
12172844,0,0,4,5,,,,,,,,,
12172845,0,0,3,2,,,,,,,,,
12172846,0,0,1,3,,,,,,,,,
12172889,1,1,4,6,6,,,,,5,,,
12172905,0,0,6,4,,,,3,,,,,
12172977,0,0,3,3,,,,,,,,,
12172984,0,0,2,3,,,,,,,,,
12173964,1,1,2,7,2,,,,,,,,
12174130,2,2,7,7,,,,,,,,,
12174137,1,1,6,3,0,,,,,,,,
12174138,0,0,4,3,,,,,,,,,
12174139,0,0,6,1,,,,4,,,,,
12174142,0,0,0,2,,,,,,,,,
12174151,1,1,4,7,3,,,,,,,,
12174173,2,2,7,6,,,,,,,,,
12174180,2,2,6,6,,,,,,,,,
12174207,,,,,,,,,,,,,
12174229,2,2,6,2,6,,,,,,,,
12174230,2,2,6,6,,,,,,,,,
12174232,2,2,4,6,6,,,,,,,,
12174233,0,0,4,0,,,,,,,,,
12174234,2,2,6,6,,,,,,,,,
12174235,1,1,7,4,3,,,7,,,,,
12174265,2,2,6,6,,,,,,,,,
12174266,2,2,7,6,,,,7,,,,,
12174270,0,0,1,0,,,,,,,,,
12174273,0,0,4,1,,,,,,,,,
12174274,0,0,0,2,,,,,,,,,
12174276,2,2,7,6,,,,7,,,,,
12174279,0,0,3,4,,,,,,,,,
12174318,2,2,6,7,,,,,,,,,
12174319,2,2,6,6,6,,,,2,,,,
12174322,2,2,7,6,,,,7,,,,,
12174323,2,2,3,6,6,,,,,,,,
12174325,2,2,6,6,6,,,,3,,,,
12174343,2,2,6,6,,,,,,,,,
12174345,0,0,1,1,,,,,,,,,
12174354,1,1,6,5,5,,,,,,,,
12174355,0,0,2,4,,,,,,,,,
12174356,2,2,3,6,6,,,,,,,,
12174360,2,2,6,6,,,,,,,,,
12174362,2,2,6,6,,,,,,,,,
12174363,1,1,6,2,2,,,,,,,,
12174366,2,2,6,6,,,,,,,,,
12174369,1,1,6,4,4,,,,,,,,
12174386,0,0,1,0,,,,,,,,,
12174387,1,1,6,6,1,,,,2,,,,
12174388,1,1,6,5,,,,,,,,,
12174390,2,2,6,6,,,,,,,,,
12174447,,,,,,,,,,,,,
12174449,2,2,7,3,6,,,7,,,,,
12174477,1,1,6,2,3,,,,,,,,
12174479,2,2,6,6,,,,,,,,,
12174485,2,2,4,6,6,,,,,,,,
12174487,1,1,1,6,1,,,,,,,,
12174491,0,0,6,6,,,,6,7,,,,
12174494,2,2,6,7,,,,,7,,,,
12174551,0,0,2,4,,,,,,,,,
12174568,2,2,7,6,,,,7,,,,,
12174578,2,2,6,6,,,,,,,,,
12174579,2,2,4,6,6,,,,,,,,
12174580,1,1,3,7,2,,,,7,,,,
12174581,2,2,2,6,6,,,,,,,,
12174582,2,2,6,6,,,,,,,,,
12174583,0,0,4,4,,,,,,,,,
12174618,2,2,7,6,,,,7,,,,,
12174620,2,2,7,6,,,,,,,,,
12174622,0,0,1,0,,,,,,,,,
12174628,0,0,1,1,,,,,,,,,
12174629,0,0,1,3,,,,,,,,,
12174630,0,0,2,4,,,,,,,,,
12174633,2,2,6,6,,,,,,,,,
12174634,2,2,6,6,,,,,,,,,
12174635,1,1,2,6,5,,,,,,,,
12174638,2,2,6,6,,,,,,,,,
12174685,2,2,4,6,6,,,,,,,,
12174686,0,0,3,4,,,,,,,,,
12174687,2,2,6,1,6,,,,,,,,
12174688,2,2,6,6,,,,,,,,,
12174689,1,1,6,2,3,,,,,,,,
12174690,0,0,3,4,,,,,,,,,
12174692,1,1,4,6,2,,,,,,,,
12174786,0,0,1,1,,,,,,,,,
12174796,1,1,7,4,4,,,,,,,,
12174987,2,2,6,6,,,,,,,,,
12175021,0,0,2,1,,,,,,,,,
12175248,2,2,6,6,,,,,,,,,
12175249,2,2,6,7,,,,,,,,,
12175250,0,0,4,2,,,,,,,,,
12175251,1,1,2,7,2,,,,7,,,,
12175252,0,0,6,4,,,,4,,,,,
12175275,2,2,6,6,,,,,,,,,
12175294,2,2,6,6,,,,,,,,,
12175295,1,1,6,1,5,,,,,,,,
12175296,2,2,6,6,,,,,,,,,
12175297,0,0,5,4,,,,,,,,,
12175298,2,2,6,6,,,,,,,,,
12175299,1,1,4,6,6,,,,,7,,,
12175300,0,0,5,0,,,,,,,,,
12175345,2,2,6,6,,,,,,,,,
12175355,2,2,6,6,,,,,,,,,
12175358,0,0,3,4,,,,,,,,,
12175763,2,2,7,6,,,,,,,,,
12175769,,,6,5,0,,,,,,,,
12175770,0,0,1,0,,,,,,,,,
12175771,2,2,7,6,,,,7,,,,,
12175772,2,2,6,6,,,,,,,,,
12175773,1,1,6,1,4,,,,,,,,
12175774,2,2,6,7,,,,,,,,,
12175775,0,0,2,2,,,,,,,,,
12175776,2,2,7,7,,,,,7,,,,
12175777,2,2,6,7,,,,,,,,,
12175778,2,2,6,3,6,,,,,,,,
12175779,0,0,3,6,,,,,4,,,,
12175780,0,0,3,2,,,,,,,,,
12175781,2,2,6,6,,,,,,,,,
12175782,2,2,7,6,,,,,,,,,
12175793,2,2,6,6,,,,,,,,,
12175818,0,0,3,4,,,,,,,,,
12175823,1,1,3,7,1,,,,7,,,,
12175824,2,2,7,6,,,,7,,,,,
12175862,1,1,7,,,,,7,,,,,
12175863,0,0,6,0,,,,5,,,,,
12175864,2,2,6,6,6,,,3,,,,,
12175882,0,0,6,6,,,,6,6,,,,
12175883,2,2,5,6,6,,,,,,,,
12175884,2,2,6,7,,,,,8,,,,
12175885,0,0,3,0,,,,,,,,,
12175895,0,0,5,1,,,,,,,,,
12175909,2,2,3,6,6,,,,,,,,
12175951,0,0,2,5,,,,,,,,,
12175952,2,2,6,6,6,,,2,,,,,
12175953,1,1,5,6,6,,,,,5,,,
12175954,2,2,6,6,7,,,,5,7,,,
12175955,1,1,6,6,3,,,,4,,,,
12175956,2,2,6,7,,,,,7,,,,
12176004,2,2,6,5,6,,,,,,,,
12176005,2,2,2,6,6,,,,,,,,
12176053,2,2,7,6,,,,7,,,,,
12176057,0,0,2,5,,,,,,,,,
12176099,2,2,6,6,,,,,,,,,
12176120,0,0,4,4,,,,,,,,,
12176281,2,2,6,7,6,,,2,7,,,,
12176283,1,1,6,3,2,,,,,,,,
12176289,2,2,6,6,,,,,,,,,
12176291,2,2,6,6,,,,,,,,,
12176321,0,0,1,1,,,,,,,,,
12176344,0,0,2,3,,,,,,,,,
12176345,2,2,6,1,6,,,,,,,,
12176348,2,2,7,5,7,,,,,15,,,
12176351,2,2,6,4,6,,,,,,,,
12176352,0,0,3,4,,,,,,,,,
12176372,2,2,7,6,,,,7,,,,,
12176373,2,2,6,6,,,,,,,,,
12176374,2,2,6,6,,,,,,,,,
12176464,0,0,1,,,,,,,,,,
12176506,2,2,6,6,,,,,,,,,
12176541,0,0,3,1,,,,,,,,,
12176551,0,0,2,4,,,,,,,,,
12176557,0,0,4,6,,,,,,,,,
12176601,2,2,6,6,,,,,,,,,
12176621,1,1,6,6,4,,,,6,,,,
12176622,2,2,7,6,,,,7,,,,,
12176638,0,0,3,2,,,,,,,,,
12176639,2,2,2,6,6,,,,,,,,
12176652,1,1,6,0,4,,,,,,,,
12176678,0,0,4,1,,,,,,,,,
12176679,2,2,4,7,7,,,,,,,,
12176680,0,0,2,2,,,,,,,,,
12176710,2,2,6,6,,,,,,,,,
12176730,1,1,6,3,0,,,,,,,,
12176731,2,2,6,7,,,,,,,,,
12176747,2,2,6,7,,,,,8,,,,
12176754,2,2,6,7,,,,,,,,,
12176758,2,2,6,6,,,,,,,,,
12176759,2,2,7,6,,,,,,,,,
12176762,0,0,1,2,,,,,,,,,
12176781,1,1,6,5,5,,,,,,,,
12176800,2,2,6,6,,,,,,,,,
12176801,1,1,7,4,,,,,,,,,
12176802,2,2,6,6,,,,,,,,,
12176815,0,0,3,3,,,,,,,,,
12176816,1,1,6,0,0,,,,,,,,
12176851,2,2,6,6,,,,,,,,,
12176852,2,2,7,6,,,,,,,,,
12176984,1,1,3,6,1,,,,,,,,
12176985,2,2,6,7,,,,,,,,,
12176986,2,2,7,6,,,,,,,,,
12176987,0,0,4,5,,,,,,,,,
12176988,2,2,4,6,6,,,,,,,,
12176989,2,2,6,6,,,,,,,,,
12176990,0,0,1,6,,,,,7,,,,
12176991,0,0,2,6,,,,,2,,,,
12176992,2,2,6,6,,,,,,,,,
12176993,2,2,6,6,,,,,,,,,
12176994,0,0,3,1,,,,,,,,,
12176995,0,0,5,3,,,,,,,,,
12176996,2,2,6,6,,,,,,,,,
12176997,2,2,6,6,,,,,,,,,
12176998,2,2,7,6,,,,,,,,,
12176999,2,2,6,3,6,,,,,,,,
12177000,2,2,6,6,,,,,,,,,
12177001,2,2,7,7,,,,7,7,,,,
12177002,2,2,2,7,6,,,,,,,,
12177003,0,0,2,4,,,,,,,,,
12177005,2,2,6,6,,,,,,,,,
12177006,2,2,2,7,6,,,,,,,,
12177007,0,0,4,4,,,,,,,,,
12177034,2,2,6,6,,,,,,,,,
12177036,2,2,6,6,,,,,,,,,
12177041,2,2,7,6,,,,,,,,,
12177042,0,0,3,3,,,,,,,,,
12177058,0,0,2,6,,,,,3,,,,
12177072,0,0,6,4,,,,5,,,,,
12177083,0,0,5,4,,,,,,,,,
12177084,1,1,1,6,4,,,,,,,,
12177151,0,0,6,5,,,,3,,,,,
12177153,0,0,4,2,,,,,,,,,
12177231,0,0,2,1,,,,,,,,,
12177250,0,0,1,0,,,,,,,,,
12177251,0,0,2,2,,,,,,,,,
12177252,2,2,6,2,6,,,,,,,,
12177291,0,0,1,0,,,,,,,,,
12177292,2,2,6,7,,,,,,,,,
12177293,1,1,3,6,2,,,,,,,,
12177307,2,2,6,6,,,,,,,,,
12177381,2,2,6,6,,,,,,,,,
12177389,2,2,6,6,,,,,,,,,
12177390,0,0,5,4,,,,,,,,,
12177412,2,2,6,6,,,,,,,,,
12177414,0,0,5,4,,,,,,,,,
12177415,0,0,3,3,,,,,,,,,
12177416,,,,,,,,,,,,,
12177419,1,1,7,4,3,,,,,,,,
12177544,1,1,3,6,2,,,,,,,,
12177546,2,2,6,5,6,,,,,,,,
12177547,2,2,6,6,,,,,,,,,
12177548,1,1,3,6,3,,,,,,,,
12177566,1,1,1,6,0,,,,,,,,
12177601,0,0,2,4,,,,,,,,,
12177610,0,0,1,1,,,,,,,,,
12177611,0,0,5,3,,,,,,,,,
12177614,2,2,4,6,6,,,,,,,,
12177616,0,0,3,1,,,,,,,,,
12177617,2,2,6,4,6,,,,,,,,
12177623,0,0,4,4,,,,,,,,,
12177651,0,0,3,3,,,,,,,,,
12177677,2,2,4,6,7,,,,,7,,,
12177678,0,0,4,4,,,,,,,,,
12177689,0,0,1,1,,,,,,,,,
12177691,0,0,6,6,,,,1,3,,,,
12177726,0,0,3,3,,,,,,,,,
12177777,2,2,6,6,,,,,,,,,
12177780,0,0,4,2,,,,,,,,,
12177781,1,1,1,6,3,,,,,,,,
12177784,2,2,6,6,6,,,,3,,,,
12177790,2,2,6,6,,,,,,,,,
12177825,2,2,6,6,,,,,,,,,
12177837,2,2,2,7,7,,,,9,7,,,
12177855,2,2,7,6,,,,7,,,,,
12177861,1,1,6,6,6,,,,3,10,,,
12177881,0,0,4,4,,,,,,,,,
12177905,0,0,3,2,,,,,,,,,
12177927,0,0,2,2,,,,,,,,,
12177971,1,1,2,6,4,,,,,,,,
12178012,2,2,6,6,,,,,,,,,
12178046,0,0,4,3,,,,,,,,,
12178047,2,2,6,7,,,,,,,,,
12178450,2,2,6,6,,,,,,,,,
12178458,0,0,3,4,,,,,,,,,
12178477,0,0,0,4,,,,,,,,,
12178496,1,1,6,4,3,,,,,,,,
12178500,1,1,3,6,1,,,,,,,,
12178501,0,0,1,0,,,,,,,,,
12178505,0,0,6,5,,,,4,,,,,
12178514,2,2,6,6,,,,,,,,,
12178515,2,2,6,6,,,,,,,,,
12178519,0,0,3,5,,,,,,,,,
12178520,0,0,6,1,,,,0,,,,,
12178521,2,2,6,6,,,,,,,,,
12178528,1,1,1,6,4,,,,,,,,
12178535,0,0,4,3,,,,,,,,,
12178536,1,1,6,3,0,,,,,,,,
12178573,0,0,6,4,,,,4,,,,,
12178576,1,1,2,7,6,,,,9,3,,,
12178587,2,2,3,6,6,,,,,,,,
12178671,1,1,6,2,4,,,,,,,,
12178682,2,2,7,6,,,,7,,,,,
12178732,1,1,7,4,2,,,,,,,,
12178782,0,0,1,3,,,,,,,,,
12178830,0,0,3,3,,,,,,,,,
12179725,1,1,3,6,4,,,,,,,,
12179726,2,2,7,6,,,,7,,,,,
12179755,2,2,6,6,,,,,,,,,
12179787,0,0,2,0,,,,,,,,,
12179788,0,0,6,2,,,,6,,,,,
12179803,2,2,6,6,,,,,,,,,
12179832,1,1,6,3,4,,,,,,,,
12179833,0,0,2,0,,,,,,,,,
12180306,1,1,6,1,2,,,,,,,,
12180307,0,0,2,0,,,,,,,,,
12180433,0,0,2,3,,,,,,,,,
12180434,2,2,4,6,6,,,,,,,,
12180436,2,2,6,5,6,,,,,,,,
12180437,2,2,7,6,,,,,,,,,
12180438,0,0,6,3,,,,3,,,,,
12180464,2,2,6,6,,,,,,,,,
12180465,2,2,6,6,,,,,,,,,
12180472,0,0,2,1,,,,,,,,,
12180478,0,0,2,2,,,,,,,,,
12180499,2,2,6,6,,,,,,,,,
12180500,2,2,6,6,6,,,6,,,,,
12180516,1,1,2,6,6,,,,,5,,,
12180518,0,0,1,,,,,,,,,,
12180530,0,0,2,4,,,,,,,,,
12180540,0,0,2,2,,,,,,,,,
12180546,0,0,4,2,,,,,,,,,
12180549,1,1,1,6,2,,,,,,,,
12180552,0,0,4,3,,,,,,,,,
12180559,0,0,1,0,,,,,,,,,
12180564,2,2,1,6,6,,,,,,,,
12180583,0,0,6,0,,,,2,,,,,
12180584,2,2,6,6,,,,,,,,,
12180585,0,0,4,1,,,,,,,,,
12180590,2,2,7,6,,,,,,,,,
12180595,1,1,7,2,2,,,7,,,,,
12180603,2,2,6,6,,,,,,,,,
12180604,0,0,2,4,,,,,,,,,
12180611,2,2,6,6,,,,,,,,,
12180630,0,0,6,1,,,,4,,,,,
12180659,2,2,6,6,,,,,,,,,
12180680,2,2,6,7,,,,,7,,,,
12180704,2,2,4,6,6,,,,,,,,
12180705,2,2,6,6,,,,,,,,,
12180710,1,1,7,1,,,,7,,,,,
12180745,0,0,4,3,,,,,,,,,
12180746,1,1,6,6,6,,,,7,6,,,
12180755,1,1,5,6,3,,,,,,,,
12180774,2,2,6,6,,,,,,,,,
12180777,2,2,6,6,,,,,,,,,
12180779,2,2,6,7,,,,,7,,,,
12180798,0,0,2,3,,,,,,,,,
12180882,0,0,0,,,,,,,,,,
12180883,0,0,3,4,,,,,,,,,
12180898,0,0,6,0,,,,6,,,,,
12180919,2,2,6,6,,,,,,,,,
12180940,2,2,6,6,,,,,,,,,
12180968,2,2,7,7,,,,,7,,,,
12180969,2,2,7,6,,,,,,,,,
12181017,2,2,6,6,6,,,4,,,,,
12181054,,,5,0,,,,,,,,,
12181069,2,2,6,6,,,,,,,,,
12181080,1,1,6,5,4,,,,,,,,
12181098,1,1,5,6,4,,,,,,,,
12181099,2,2,6,6,,,,,,,,,
12181100,2,2,7,0,7,,,7,,7,,,
12181228,2,2,6,6,,,,,,,,,
12181229,0,0,2,1,,,,,,,,,
12181238,2,2,6,6,,,,,,,,,
12181242,2,2,6,2,6,,,,,,,,
12181389,0,0,3,4,,,,,,,,,
12181631,0,0,2,3,,,,,,,,,
12181761,1,1,6,3,6,,,,,5,,,
12183897,2,2,6,4,7,,,,,,,,
12156090,0,0,1,3,,,,,,,,,
12156091,0,0,5,3,,,,,,,,,
12156092,0,0,4,0,,,,,,,,,
12156094,1,1,6,6,2,,,,4,,,,
12156105,2,2,6,7,,,,,,,,,
12156106,1,1,6,3,4,,,,,,,,
12156107,2,2,6,6,,,,,,,,,
12156109,0,0,3,6,,,,,3,,,,
12156226,2,2,6,6,,,,,,,,,
12156229,1,1,6,3,4,,,,,,,,
12156231,0,0,1,4,,,,,,,,,
12156233,2,2,7,6,,,,8,,,,,
12156234,2,2,1,6,6,,,,,,,,
12156236,0,0,2,2,,,,,,,,,
12156240,,,,,,,,,,,,,
12156241,2,2,4,6,6,,,,,,,,
12156246,2,2,6,3,7,,,,,,,,
12156248,0,0,2,2,,,,,,,,,
12156249,2,2,7,3,6,,,,,,,,
12156252,2,2,7,6,,,,7,,,,,
12156257,2,2,6,3,7,,,,,8,,,
12156259,1,1,6,0,,,,,,,,,
12156262,2,2,3,6,7,,,,,7,,,
12156263,1,1,6,3,4,,,,,,,,
12156265,0,0,2,,,,,,,,,,
12156269,,,,,,,,,,,,,
12156271,1,1,6,4,2,,,,,,,,
12156277,1,1,3,6,4,,,,,,,,
12156279,2,2,6,4,6,,,,,,,,
12156308,2,2,6,6,,,,,,,,,
12156310,0,0,4,3,,,,,,,,,
12156315,0,0,3,4,,,,,,,,,
12156316,1,1,7,1,,,,7,,,,,
12156317,2,2,6,6,,,,,,,,,
12156320,1,1,6,1,4,,,,,,,,
12156321,1,1,1,6,3,,,,,,,,
12156322,1,1,4,6,1,,,,,,,,
12156323,1,1,5,6,4,,,,,,,,
12156324,2,2,6,6,,,,,,,,,
12156325,1,1,6,5,4,,,,,,,,
12156327,0,0,3,2,,,,,,,,,
12156329,0,0,2,2,,,,,,,,,
12156330,2,2,6,6,,,,,,,,,
12156331,0,0,6,4,,,,3,,,,,
12156334,0,0,2,4,,,,,,,,,
12156336,0,0,4,3,,,,,,,,,
12156337,0,0,5,5,,,,,,,,,
12156339,2,2,5,7,6,,,,,,,,
12159560,2,2,6,6,,,,,,,,,
12159561,0,0,4,4,,,,,,,,,
12171739,0,0,6,3,,,,2,,,,,
12171740,0,0,6,4,,,,5,,,,,
12171742,2,2,6,1,7,,,,,,,,
12171743,1,1,4,6,4,,,,,,,,
12171744,1,1,7,6,5,,,7,4,,,,
12171745,1,1,6,3,4,,,,,,,,
12171746,2,2,6,6,,,,,,,,,
12171747,0,0,6,3,,,,3,,,,,
12171748,2,2,6,6,,,,,,,,,
12171962,1,1,3,6,4,,,,,,,,
12171963,2,2,6,6,,,,,,,,,
12171964,0,0,3,3,,,,,,,,,
12171965,,,,,,,,,,,,,
12171966,0,0,2,1,,,,,,,,,
12171967,1,1,6,4,3,,,,,,,,
12171995,,,,,,,,,,,,,
12172738,,,,,,,,,,,,,
12172739,,,,,,,,,,,,,
12172748,,,,,,,,,,,,,
12172762,,,,,,,,,,,,,
12172765,,,,,,,,,,,,,
12172769,2,2,4,6,6,,,,,,,,
12172782,,,,,,,,,,,,,
12172785,,,,,,,,,,,,,
12173409,,,,,,,,,,,,,
12174029,,,,,,,,,,,,,
12174075,,,,,,,,,,,,,
12174193,,,,,,,,,,,,,
12174343,2,2,6,6,,,,,,,,,
12174449,2,2,7,3,6,,,7,,,,,
12174618,2,2,7,6,,,,7,,,,,
12174685,2,2,4,6,6,,,,,,,,
12174686,0,0,3,4,,,,,,,,,
12174687,2,2,6,1,6,,,,,,,,
12174688,2,2,6,6,,,,,,,,,
12174689,1,1,6,2,3,,,,,,,,
12174690,0,0,3,4,,,,,,,,,
12174692,1,1,4,6,2,,,,,,,,
12174786,0,0,1,1,,,,,,,,,
12174796,1,1,7,4,4,,,,,,,,
12175021,0,0,2,1,,,,,,,,,
12175275,2,2,6,6,,,,,,,,,
12175345,2,2,6,6,,,,,,,,,
12175355,2,2,6,6,,,,,,,,,
12175763,2,2,7,6,,,,,,,,,
12175769,,,6,5,0,,,,,,,,
12175770,0,0,1,0,,,,,,,,,
12175776,2,2,7,7,,,,,7,,,,
12175777,2,2,6,7,,,,,,,,,
12175778,2,2,6,3,6,,,,,,,,
12175779,0,0,3,6,,,,,4,,,,
12175780,0,0,3,2,,,,,,,,,
12175781,2,2,6,6,,,,,,,,,
12175782,2,2,7,6,,,,,,,,,
12175895,0,0,5,1,,,,,,,,,
12176758,2,2,6,6,,,,,,,,,
12176986,2,2,7,6,,,,,,,,,
12176995,0,0,5,3,,,,,,,,,
12176996,2,2,6,6,,,,,,,,,
12176997,2,2,6,6,,,,,,,,,
12176999,2,2,6,3,6,,,,,,,,
12177005,2,2,6,6,,,,,,,,,
12177034,2,2,6,6,,,,,,,,,
12177042,0,0,3,3,,,,,,,,,
12177058,0,0,2,6,,,,,3,,,,
12177250,0,0,1,0,,,,,,,,,
12177251,0,0,2,2,,,,,,,,,
12177252,2,2,6,2,6,,,,,,,,
12177292,2,2,6,7,,,,,,,,,
12177381,2,2,6,6,,,,,,,,,
12177390,0,0,5,4,,,,,,,,,
12177412,2,2,6,6,,,,,,,,,
12177547,2,2,6,6,,,,,,,,,
12177548,1,1,3,6,3,,,,,,,,
12177617,2,2,6,4,6,,,,,,,,
12177677,2,2,4,6,7,,,,,7,,,
12177678,0,0,4,4,,,,,,,,,
12177691,0,0,6,6,,,,1,3,,,,
12177726,0,0,3,3,,,,,,,,,
12177777,2,2,6,6,,,,,,,,,
12177780,0,0,4,2,,,,,,,,,
12177781,1,1,1,6,3,,,,,,,,
12177784,2,2,6,6,6,,,,3,,,,
12177790,2,2,6,6,,,,,,,,,
12177825,2,2,6,6,,,,,,,,,
12177837,2,2,2,7,7,,,,9,7,,,
12177855,2,2,7,6,,,,7,,,,,
12177861,1,1,6,6,6,,,,3,10,,,
12177881,0,0,4,4,,,,,,,,,
12177905,0,0,3,2,,,,,,,,,
12177927,0,0,2,2,,,,,,,,,
12177971,1,1,2,6,4,,,,,,,,
12178012,2,2,6,6,,,,,,,,,
12178046,0,0,4,3,,,,,,,,,
12178047,2,2,6,7,,,,,,,,,
12178450,2,2,6,6,,,,,,,,,
12178458,0,0,3,4,,,,,,,,,
12178477,0,0,0,4,,,,,,,,,
12178496,1,1,6,4,3,,,,,,,,
12178500,1,1,3,6,1,,,,,,,,
12178501,0,0,1,0,,,,,,,,,
12178505,0,0,6,5,,,,4,,,,,
12178514,2,2,6,6,,,,,,,,,
12178515,2,2,6,6,,,,,,,,,
12178519,0,0,3,5,,,,,,,,,
12178520,0,0,6,1,,,,0,,,,,
12178521,2,2,6,6,,,,,,,,,
12178528,1,1,1,6,4,,,,,,,,
12178535,0,0,4,3,,,,,,,,,
12178536,1,1,6,3,0,,,,,,,,
12178573,0,0,6,4,,,,4,,,,,
12178576,1,1,2,7,6,,,,9,3,,,
12178587,2,2,3,6,6,,,,,,,,
12178671,1,1,6,2,4,,,,,,,,
12178682,2,2,7,6,,,,7,,,,,
12178732,1,1,7,4,2,,,,,,,,
12178830,0,0,3,3,,,,,,,,,
12179726,2,2,7,6,,,,7,,,,,
12179755,2,2,6,6,,,,,,,,,
12179803,2,2,6,6,,,,,,,,,
12179832,1,1,6,3,4,,,,,,,,
12179833,0,0,2,0,,,,,,,,,
12180306,1,1,6,1,2,,,,,,,,
12180307,0,0,2,0,,,,,,,,,
12180433,0,0,2,3,,,,,,,,,
12180434,2,2,4,6,6,,,,,,,,
12180436,2,2,6,5,6,,,,,,,,
12180437,2,2,7,6,,,,,,,,,
12180438,0,0,6,3,,,,3,,,,,
12180464,2,2,6,6,,,,,,,,,
12180465,2,2,6,6,,,,,,,,,
12180472,0,0,2,1,,,,,,,,,
12180478,0,0,2,2,,,,,,,,,
12180499,2,2,6,6,,,,,,,,,
12180500,2,2,6,6,6,,,6,,,,,
12180516,1,1,2,6,6,,,,,5,,,
12180518,0,0,1,,,,,,,,,,
12180530,0,0,2,4,,,,,,,,,
12180540,0,0,2,2,,,,,,,,,
12180546,0,0,4,2,,,,,,,,,
12180549,1,1,1,6,2,,,,,,,,
12180552,0,0,4,3,,,,,,,,,
12180559,0,0,1,0,,,,,,,,,
12180564,2,2,1,6,6,,,,,,,,
12180583,0,0,6,0,,,,2,,,,,
12180584,2,2,6,6,,,,,,,,,
12180585,0,0,4,1,,,,,,,,,
12180590,2,2,7,6,,,,,,,,,
12180595,1,1,7,2,2,,,7,,,,,
12180603,2,2,6,6,,,,,,,,,
12180604,0,0,2,4,,,,,,,,,
12180611,2,2,6,6,,,,,,,,,
12180630,0,0,6,1,,,,4,,,,,
12180659,2,2,6,6,,,,,,,,,
12180680,2,2,6,7,,,,,7,,,,
12180681,0,0,4,3,,,,,,,,,
12180704,2,2,4,6,6,,,,,,,,
12180705,2,2,6,6,,,,,,,,,
12180710,1,1,7,1,,,,7,,,,,
12180745,0,0,4,3,,,,,,,,,
12180746,1,1,6,6,6,,,,7,6,,,
12180755,1,1,5,6,3,,,,,,,,
12180774,2,2,6,6,,,,,,,,,
12180776,2,2,4,6,6,,,,,,,,
12180777,2,2,6,6,,,,,,,,,
12180779,2,2,6,7,,,,,7,,,,
12180798,0,0,2,3,,,,,,,,,
12180803,2,2,6,6,,,,,,,,,
12180882,0,0,0,,,,,,,,,,
12180883,0,0,3,4,,,,,,,,,
12180898,0,0,6,0,,,,6,,,,,
12180899,0,0,2,2,,,,,,,,,
12180919,2,2,6,6,,,,,,,,,
12180940,2,2,6,6,,,,,,,,,
12180968,2,2,7,7,,,,,7,,,,
12180969,2,2,7,6,,,,,,,,,
12180987,2,2,6,6,,,,,,,,,
12181017,2,2,6,6,6,,,4,,,,,
12181053,2,2,3,6,6,,,,,,,,
12181054,,,5,0,,,,,,,,,
12181069,2,2,6,6,,,,,,,,,
12181080,1,1,6,5,4,,,,,,,,
12181098,1,1,5,6,4,,,,,,,,
12181099,2,2,6,6,,,,,,,,,
12181100,2,2,7,0,7,,,7,,7,,,
12181228,2,2,6,6,,,,,,,,,
12181229,0,0,2,1,,,,,,,,,
12181238,2,2,6,6,,,,,,,,,
12181242,2,2,6,2,6,,,,,,,,
12181345,2,2,6,6,,,,,,,,,
12181372,1,1,3,7,4,,,,7,,,,
12181373,2,2,6,7,,,,,,,,,
12181389,0,0,3,4,,,,,,,,,
12181401,0,0,4,5,,,,,,,,,
12181631,0,0,2,3,,,,,,,,,
12181688,0,0,1,2,,,,,,,,,
12181695,0,0,5,1,,,,,,,,,
12181731,2,2,1,6,6,,,,,,,,
12181738,1,1,6,6,3,,,,5,,,,
12181745,0,0,3,2,,,,,,,,,
12181761,1,1,6,3,6,,,,,5,,,
12181893,1,1,6,1,4,,,,,,,,
12181894,0,0,4,6,,,,,2,,,,
12181925,2,2,7,7,,,,7,7,,,,
12182028,2,2,6,6,,,,,,,,,
12182455,1,1,7,4,0,,,7,,,,,
12182456,2,2,7,7,,,,7,7,,,,
12182523,1,1,6,6,4,,,,6,,,,
12182526,0,0,2,2,,,,,,,,,
12182527,0,0,2,3,,,,,,,,,
12182600,1,1,6,6,5,,,5,,,,,
12182601,1,1,2,6,4,,,,,,,,
12182670,2,2,7,7,,,,7,9,,,,
12182766,0,0,3,2,,,,,,,,,
12183587,2,2,6,6,,,,,,,,,
12183663,1,1,4,6,5,,,,,,,,
12183684,2,2,6,6,,,,,,,,,
12183723,2,2,4,6,6,,,,,,,,
12183733,2,2,6,6,,,,,,,,,
12183759,0,0,2,4,,,,,,,,,
12183762,0,0,1,3,,,,,,,,,
12183763,2,2,7,7,,,,7,7,,,,
12183769,2,2,6,6,,,,,,,,,
12183770,2,2,7,6,,,,,,,,,
12183771,2,2,6,6,,,,,,,,,
12183841,0,0,6,4,,,,4,,,,,
12183897,2,2,6,4,7,,,,,,,,
12184035,0,0,3,2,,,,,,,,,
12184098,0,0,0,2,,,,,,,,,
12184133,2,2,6,6,,,,,,,,,
12184134,0,0,0,,,,,,,,,,
12184195,2,2,6,6,,,,,,,,,
12184196,2,2,6,6,,,,,,,,,
12184203,2,2,3,6,7,,,,,,,,
12184205,0,0,3,5,,,,,,,,,
12184213,2,2,6,6,,,,,,,,,
12184232,0,0,1,5,,,,,,,,,
12184428,0,0,3,,,,,,,,,,
12184457,,,,,,,,,,,,,
12184498,0,0,4,1,,,,,,,,,
12184687,1,1,4,6,3,,,,,,,,
12184728,,,,,,,,,,,,,
12184775,0,0,1,3,,,,,,,,,
12184776,0,0,5,1,,,,,,,,,
12184822,1,1,6,4,,,,,,,,,
12184865,1,1,6,2,,,,,,,,,
12184866,0,0,1,1,,,,,,,,,
12184867,,,,,,,,,,,,,
12184921,,,,,,,,,,,,,
12184946,,,,,,,,,,,,,
12184954,,,,,,,,,,,,,
12185104,,,,,,,,,,,,,
12185124,,,,,,,,,,,,,
12156089,2,2,7,1,6,,,7,,,,,
12156094,1,1,6,6,2,,,,4,,,,
12156097,0,0,4,2,,,,,,,,,
12156105,2,2,6,7,,,,,,,,,
12156106,1,1,6,3,4,,,,,,,,
12156109,0,0,3,6,,,,,3,,,,
12156228,2,2,7,6,,,,8,,,,,
12156229,1,1,6,3,4,,,,,,,,
12156231,0,0,1,4,,,,,,,,,
12156240,0,0,4,2,,,,,,,,,
12156241,2,2,4,6,6,,,,,,,,
12156249,2,2,7,3,6,,,,,,,,
12156254,1,1,6,6,5,,,,0,,,,
12156259,2,2,6,4,6,,,,,,,,
12156261,2,2,6,6,,,,,,,,,
12156263,1,1,6,3,4,,,,,,,,
12156265,2,2,6,6,,,,,,,,,
12156269,0,0,4,3,,,,,,,,,
12156277,1,1,3,6,4,,,,,,,,
12156284,0,0,4,6,,,,,5,,,,
12156291,2,2,6,6,,,,,,,,,
12156292,0,0,4,5,,,,,,,,,
12156303,2,2,6,1,6,,,,,,,,
12156306,1,1,6,1,,,,,,,,,
12156308,2,2,6,6,,,,,,,,,
12156309,1,1,6,5,,,,,,,,,
12156310,0,0,4,3,,,,,,,,,
12156311,2,2,6,6,,,,,,,,,
12156312,2,2,6,7,,,,,7,,,,
12156313,2,2,7,7,,,,10,,,,,
12156314,2,2,6,6,,,,,,,,,
12156315,0,0,3,4,,,,,,,,,
12156317,2,2,6,6,,,,,,,,,
12156318,0,0,4,4,,,,,,,,,
12156319,0,0,4,1,,,,,,,,,
12156326,0,0,2,1,,,,,,,,,
12156335,0,0,2,2,,,,,,,,,
12156336,0,0,4,3,,,,,,,,,
12156338,2,2,6,4,6,,,,,,,,
12156341,2,2,6,2,6,,,,,,,,
12156342,2,2,6,6,,,,,,,,,
12156344,2,2,7,6,,,,,,,,,
12156345,1,1,3,7,4,,,,7,,,,
12159534,0,0,4,1,,,,,,,,,
12159535,1,1,6,1,,,,,,,,,
12159536,2,2,7,7,,,,,7,,,,
12159537,2,2,6,6,,,,,,,,,
12159538,2,2,7,6,6,,,7,7,,,,
12159539,0,0,3,4,,,,,,,,,
12159552,0,0,2,4,,,,,,,,,
12159555,2,2,7,6,6,,,7,2,,,,
12159556,0,0,3,5,,,,,,,,,
12159557,2,2,7,1,6,,,7,,,,,
12159558,2,2,6,6,,,,,,,,,
12159559,2,2,7,4,7,,,7,,7,,,
12159560,2,2,6,6,,,,,,,,,
12159561,0,0,4,4,,,,,,,,,
12159562,0,0,4,2,,,,,,,,,
12159563,2,2,6,6,,,,,,,,,
12159564,2,2,7,6,6,,,,4,,,,
12159565,2,2,7,6,,,,7,,,,,
12159570,2,2,6,6,,,,,,,,,
12159571,1,1,4,7,3,,,,7,,,,
12159572,2,2,6,6,6,,,2,,,,,
12159573,2,2,6,6,,,,,,,,,
12159575,1,1,6,6,6,,,3,,7,,,
12171967,1,1,6,4,3,,,,,,,,
12177677,2,2,4,6,7,,,,,7,,,
12180583,0,0,6,0,,,,2,,,,,
12180604,0,0,2,4,,,,,,,,,
12180659,2,2,6,6,,,,,,,,,
12180681,0,0,4,3,,,,,,,,,
12180745,0,0,4,3,,,,,,,,,
12180776,2,2,4,6,6,,,,,,,,
12180803,2,2,6,6,,,,,,,,,
12180882,0,0,0,,,,,,,,,,
12180899,0,0,2,2,,,,,,,,,
12180968,2,2,7,7,,,,,7,,,,
12180987,2,2,6,6,,,,,,,,,
12181017,2,2,6,6,6,,,4,,,,,
12181053,2,2,3,6,6,,,,,,,,
12181080,1,1,6,5,4,,,,,,,,
12181099,2,2,6,6,,,,,,,,,
12181229,0,0,2,1,,,,,,,,,
12181238,2,2,6,6,,,,,,,,,
12181242,2,2,6,2,6,,,,,,,,
12181345,2,2,6,6,,,,,,,,,
12181372,1,1,3,7,4,,,,7,,,,
12181373,2,2,6,7,,,,,,,,,
12181389,0,0,3,4,,,,,,,,,
12181401,0,0,4,5,,,,,,,,,
12181688,0,0,1,2,,,,,,,,,
12181695,0,0,5,1,,,,,,,,,
12181731,2,2,1,6,6,,,,,,,,
12181738,1,1,6,6,3,,,,5,,,,
12181745,0,0,3,2,,,,,,,,,
12181761,1,1,6,3,6,,,,,5,,,
12181893,1,1,6,1,4,,,,,,,,
12181894,0,0,4,6,,,,,2,,,,
12181925,2,2,7,7,,,,7,7,,,,
12182028,2,2,6,6,,,,,,,,,
12182455,1,1,7,4,0,,,7,,,,,
12182456,2,2,7,7,,,,7,7,,,,
12182478,2,2,6,6,6,,,3,,,,,
12182523,1,1,6,6,4,,,,6,,,,
12182526,0,0,2,2,,,,,,,,,
12182527,0,0,2,3,,,,,,,,,
12182600,1,1,6,6,5,,,5,,,,,
12182601,1,1,2,6,4,,,,,,,,
12182670,2,2,7,7,,,,7,9,,,,
12182766,0,0,3,2,,,,,,,,,
12183587,2,2,6,6,,,,,,,,,
12183663,2,2,4,6,6,,,,,,,,
12183684,2,2,6,6,,,,,,,,,
12183723,2,2,4,6,6,,,,,,,,
12183733,2,2,6,6,,,,,,,,,
12183759,0,0,2,4,,,,,,,,,
12183762,0,0,1,3,,,,,,,,,
12183763,2,2,7,7,,,,7,7,,,,
12183769,2,2,6,6,,,,,,,,,
12183770,2,2,7,6,,,,,,,,,
12183771,2,2,6,6,,,,,,,,,
12183841,0,0,6,4,,,,4,,,,,
12183897,2,2,6,4,7,,,,,,,,
12184035,0,0,3,2,,,,,,,,,
12184098,0,0,0,2,,,,,,,,,
12184133,2,2,6,6,,,,,,,,,
12184134,2,2,6,6,,,,,,,,,
12184195,2,2,6,6,,,,,,,,,
12184196,2,2,6,6,,,,,,,,,
12184203,2,2,3,6,7,,,,,7,,,
12184205,0,0,3,5,,,,,,,,,
12184213,2,2,6,6,,,,,,,,,
12184232,0,0,1,5,,,,,,,,,
12184428,0,0,4,1,,,,,,,,,
12184457,2,2,6,7,,,,,7,,,,
12184498,0,0,4,5,,,,,,,,,
12184680,2,2,7,6,,,,,,,,,
12184687,1,1,4,6,3,,,,,,,,
12184728,2,2,6,7,,,,,7,,,,
12184775,0,0,1,3,,,,,,,,,
12184776,0,0,5,1,,,,,,,,,
12184822,2,2,6,6,,,,,,,,,
12184865,2,2,6,6,,,,,,,,,
12184866,2,2,1,7,6,,,,8,,,,
12184867,1,1,4,7,4,,,,,,,,
12184920,2,2,7,6,6,,,,6,,,,
12184921,0,0,4,1,,,,,,,,,
12184946,0,0,6,1,,,,5,,,,,
12184954,2,2,6,6,,,,,,,,,
12185104,0,0,5,2,,,,,,,,,
12185124,2,2,6,6,,,,,,,,,
12185200,1,1,6,3,4,,,,,,,,
12185561,2,2,6,5,6,,,,,,,,
12185562,2,2,7,6,7,,,7,8,7,,,
12185935,1,1,6,4,,,,,,,,,
12185952,0,0,2,2,,,,,,,,,
12186004,2,2,6,6,,,,,,,,,
12186007,1,1,7,0,,,,7,,,,,
12186222,2,2,6,6,,,,,,,,,
12186223,2,2,3,6,6,,,,,,,,
12186368,2,2,6,7,,,,,9,,,,
12186390,2,2,6,6,,,,,,,,,
12187015,0,0,2,0,,,,,,,,,
12187016,0,0,1,2,,,,,,,,,
12187017,,,6,,,,,,,,,,
12187018,0,0,1,1,,,,,,,,,
12187019,2,2,6,6,,,,,,,,,
12187020,2,2,6,6,,,,,,,,,
12187021,,,0,,,,,,,,,,
12187022,0,0,3,4,,,,,,,,,
12187023,0,0,3,2,,,,,,,,,
12187024,2,2,6,6,,,,,,,,,
12187025,2,2,6,6,,,,,,,,,
12187026,0,0,1,1,,,,,,,,,
12187027,1,1,6,4,4,,,,,,,,
12187028,,,,,,,,,,,,,
12187029,2,2,7,6,,,,,,,,,
12187030,0,0,2,2,,,,,,,,,
12187065,2,2,6,1,10,,,,,,,,
12187066,0,0,4,4,,,,,,,,,
12187067,2,2,6,6,,,,,,,,,
12187068,0,0,3,4,,,,,,,,,
12187069,0,0,2,4,,,,,,,,,
12187070,0,0,3,1,,,,,,,,,
12187071,2,2,6,7,,,,,,,,,
12187072,2,2,6,6,,,,,,,,,
12187073,,,,,,,,,,,,,
12187074,2,2,7,6,,,,,,,,,
12187075,0,0,4,3,,,,,,,,,
12187076,2,2,7,6,,,,,,,,,
12187077,0,0,3,2,,,,,,,,,
12187078,0,0,6,6,,,,,,,,,
12187079,0,0,1,4,,,,,,,,,
12187080,0,0,0,1,,,,,,,,,
12187143,0,0,1,0,,,,,,,,,
12187190,0,0,4,4,,,,,,,,,
12187196,1,1,7,3,2,,,,,,,,
12187221,0,0,0,0,,,,,,,,,
12187223,2,2,6,6,,,,,,,,,
12187242,0,0,6,6,,,,1,5,,,,
12187310,2,2,6,3,7,,,,,7,,,
12187311,2,2,6,6,,,,,,,,,
12187387,2,2,6,6,,,,,,,,,
12187510,0,0,0,4,,,,,,,,,
12187536,1,1,6,4,3,,,,,,,,
12187583,2,2,6,6,,,,,,,,,
12187697,0,0,4,3,,,,,,,,,
12187698,0,0,1,0,,,,,,,,,
12187734,2,2,7,6,,,,,,,,,
12187745,0,0,3,2,,,,,,,,,
12187810,0,0,6,5,,,,3,,,,,
12187854,2,2,6,6,7,,,2,,,,,
12187855,2,2,7,2,7,,,7,,,,,
12187856,2,2,6,5,6,,,,,,,,
12187860,0,0,1,0,,,,,,,,,
12187861,2,2,6,1,6,,,,,,,,
12187862,2,2,6,1,6,,,,,,,,
12187863,2,2,2,6,6,,,,,,,,
12187869,1,1,6,7,4,,,0,7,,,,
12188107,2,2,6,1,10,,,,,,,,
12188108,1,1,4,7,9,,,,,,,,
12188109,0,0,3,1,,,,,,,,,
12188110,0,0,2,1,,,,,,,,,
12188111,2,2,7,6,,,,,,,,,
12188112,0,0,5,1,,,,,,,,,
12188113,0,0,3,3,,,,,,,,,
12188114,0,0,0,3,,,,,,,,,
12188120,2,2,6,6,,,,,,,,,
12188121,1,1,5,6,7,,,,,,,,
12188122,,,,,,,,,,,,,
12188123,,,,,,,,,,,,,
12188124,0,0,1,1,,,,,,,,,
12188125,2,2,6,6,,,,,,,,,
12188126,0,0,0,1,,,,,,,,,
12188127,0,0,3,2,,,,,,,,,
12188128,0,0,2,4,,,,,,,,,
12188129,0,0,2,3,,,,,,,,,
12188130,2,2,3,6,10,,,,,,,,
12188131,0,0,4,2,,,,,,,,,
12188133,0,0,1,2,,,,,,,,,
12188134,2,2,6,6,,,,,,,,,
12188135,0,0,0,1,,,,,,,,,
12188136,0,0,5,6,,,,,,,,,
12188137,2,2,6,6,,,,,,,,,
12188138,1,1,6,1,3,,,,,,,,
12188139,0,0,3,4,,,,,,,,,
12188140,0,0,0,0,,,,,,,,,
12188141,2,2,6,6,,,,,,,,,
12188142,0,0,3,2,,,,,,,,,
12188143,2,2,6,6,,,,,,,,,
12188144,0,0,3,2,,,,,,,,,
12188145,0,0,2,4,,,,,,,,,
12188171,0,0,0,2,,,,,,,,,
12188172,,,,,,,,,,,,,
12188173,2,2,6,6,,,,,,,,,
12188174,1,1,1,7,8,,,,,,,,
12188175,2,2,5,7,10,,,,,,,,
12188176,2,2,6,7,,,,,,,,,
12188177,2,2,6,6,,,,,,,,,
12188178,2,2,7,3,10,,,,,,,,
12188179,1,1,6,4,5,,,,,,,,
12188180,2,2,4,7,10,,,,,,,,
12188181,2,2,6,6,,,,,,,,,
12188182,1,1,3,6,7,,,,,,,,
12188183,0,0,3,1,,,,,,,,,
12188184,2,2,7,6,,,,,,,,,
12188185,0,0,4,6,,,,,,,,,
12188186,2,2,6,6,,,,,,,,,
12188189,0,0,1,1,,,,,,,,,
12188191,0,0,2,0,,,,,,,,,
12188193,2,2,6,6,,,,,,,,,
12188197,,,,,,,,,,,,,
12188198,0,0,5,1,,,,,,,,,
12188199,0,0,1,2,,,,,,,,,
12188200,1,1,5,6,1,,,,,,,,
12188201,2,2,7,6,,,,7,,,,,
12188211,0,0,2,2,,,,,,,,,
12188212,0,0,3,2,,,,,,,,,
12188213,2,2,6,6,10,,,,,,,,
12188214,0,0,3,4,,,,,,,,,
12188215,,,,,,,,,,,,,
12188216,0,0,1,3,,,,,,,,,
12188217,2,2,6,6,,,,,,,,,
12188218,,,,,,,,,,,,,
12188219,0,0,4,6,,,,,,,,,
12188220,2,2,1,6,12,,,,,,,,
12188221,2,2,3,6,10,,,,,,,,
12188222,,,,,,,,,,,,,
12188223,2,2,6,6,,,,,,,,,
12188224,1,1,6,4,7,,,,,,,,
12188225,2,2,7,6,,,,,,,,,
12188226,2,2,6,6,,,,,,,,,
12188227,0,0,4,2,,,,,,,,,
12188228,0,0,6,1,,,,,,,,,
12188229,2,2,6,7,,,,,,,,,
12188230,,,,,,,,,,,,,
12188231,2,2,6,7,,,,,,,,,
12188232,2,2,6,6,,,,,,,,,
12188233,0,0,2,0,,,,,,,,,
12188234,2,2,6,6,,,,,,,,,
12188235,,,,,,,,,,,,,
12188236,2,2,6,6,,,,,,,,,
12188237,1,1,6,0,2,,,,,,,,
12188238,2,2,1,7,10,,,,,,,,
12188239,2,2,6,6,,,,,,,,,
12188240,1,1,6,2,4,,,,,,,,
12188241,2,2,7,2,10,,,,,,,,
12188242,2,2,6,6,,,,,,,,,
12188243,1,1,6,6,4,,,,,,,,
12188244,0,0,5,6,,,,,,,,,
12188245,0,0,2,3,,,,,,,,,
12188246,,,,,,,,,,,,,
12188247,2,2,3,6,10,,,,,,,,
12188249,2,2,6,6,,,,,,,,,
12188254,2,2,3,7,10,,,,,,,,
12188255,1,1,6,5,7,,,,,,,,
12188256,2,2,6,6,,,,,,,,,
12188257,0,0,4,3,,,,,,,,,
12188258,2,2,6,6,,,,,,,,,
12188259,2,2,6,6,,,,,,,,,
12188260,0,0,3,3,,,,,,,,,
12188261,2,2,6,6,,,,,,,,,
12188262,2,2,6,6,10,,,,,,,,
12188263,0,0,4,4,,,,,,,,,
12188264,0,0,0,1,,,,,,,,,
12188265,2,2,6,6,,,,,,,,,
12188266,2,2,7,6,,,,,,,,,
12188267,2,2,7,6,,,,,,,,,
12188268,0,0,0,0,,,,,,,,,
12188269,2,2,6,6,,,,,,,,,
12188270,0,0,1,2,,,,,,,,,
12188271,0,0,3,4,,,,,,,,,
12188272,0,0,0,1,,,,,,,,,
12188273,0,0,6,5,,,,,,,,,
12188274,0,0,2,3,,,,,,,,,
12188275,2,2,6,6,,,,,,,,,
12188276,2,2,3,7,10,,,,,,,,
12188277,2,2,6,6,,,,,,,,,
12188278,2,2,5,7,10,,,,,,,,
12188279,,,,,,,,,,,,,
12188280,2,2,1,6,10,,,,,,,,
12188281,2,2,7,7,,,,,,,,,
12188282,0,0,1,2,,,,,,,,,
12188283,0,0,0,0,,,,,,,,,
12188284,2,2,6,6,,,,,,,,,
12188285,2,2,6,6,,,,,,,,,
12188286,2,2,6,6,,,,,,,,,
12188287,0,0,2,0,,,,,,,,,
12188288,2,2,6,6,,,,,,,,,
12188289,2,2,7,7,,,,,,,,,
12188290,2,2,6,6,10,,,,,,,,
12188291,2,2,6,7,,,,,,,,,
12188292,2,2,6,6,,,,,,,,,
12188293,2,2,6,6,,,,,,,,,
12188294,2,2,7,6,,,,,,,,,
12188295,1,1,6,6,7,,,,,,,,
12188315,0,0,2,2,,,,,,,,,
12188316,2,2,6,6,,,,,,,,,
12188317,2,2,6,6,10,,,,,,,,
12188318,0,0,0,1,,,,,,,,,
12188319,0,0,3,3,,,,,,,,,
12188320,0,0,6,4,,,,,,,,,
12188321,0,0,5,1,,,,,,,,,
12188322,0,0,4,4,,,,,,,,,
12188323,2,2,7,6,,,,,,,,,
12188324,0,0,3,4,,,,,,,,,
12188325,0,0,1,3,,,,,,,,,
12188326,0,0,3,2,,,,,,,,,
12188327,0,0,5,2,,,,,,,,,
12188328,2,2,6,6,,,,,,,,,
12188329,0,0,0,2,,,,,,,,,
12188330,1,1,6,4,7,,,,,,,,
12188331,0,0,1,2,,,,,,,,,
12188332,2,2,6,6,,,,,,,,,
12188333,0,0,4,3,,,,,,,,,
12188335,0,0,3,2,,,,,,,,,
12188336,1,1,7,0,5,,,,,,,,
12188337,0,0,5,4,,,,,,,,,
12188338,0,0,1,5,,,,,,,,,
12188339,,,,,,,,,,,,,
12188340,2,2,6,6,,,,,,,,,
12188341,1,1,7,4,9,,,,,,,,
12188342,2,2,6,6,,,,,,,,,
12188343,0,0,2,3,,,,,,,,,
12188344,2,2,6,6,,,,,,,,,
12188345,0,0,4,1,,,,,,,,,
12188346,,,,,,,,,,,,,
12188347,0,0,4,1,,,,,,,,,
12188348,2,2,3,6,10,,,,,,,,
12188349,1,1,1,6,4,,,,,,,,
12188350,2,2,6,6,,,,,,,,,
12188351,2,2,6,6,,,,,,,,,
12188352,2,2,6,6,,,,,,,,,
12188353,2,2,6,6,,,,,,,,,
12188354,1,1,6,3,8,,,,,,,,
12188355,2,2,2,6,10,,,,,,,,
12188356,0,0,2,3,,,,,,,,,
12188357,0,0,0,1,,,,,,,,,
12188358,0,0,4,3,,,,,,,,,
12188359,2,2,6,6,,,,,,,,,
12188360,2,2,6,6,,,,,,,,,
12188361,2,2,6,6,,,,,,,,,
12188362,1,1,6,1,9,,,,,,,,
12188368,0,0,2,0,,,,,,,,,
12188369,2,2,6,6,,,,,,,,,
12188370,2,2,6,6,,,,,,,,,
12188371,0,0,5,6,,,,,,,,,
12188372,2,2,6,6,,,,,,,,,
12188373,0,0,4,2,,,,,,,,,
12188374,0,0,3,1,,,,,,,,,
12188375,2,2,6,6,,,,,,,,,
12188376,2,2,6,6,,,,,,,,,
12188377,0,0,4,2,,,,,,,,,
12188378,0,0,3,4,,,,,,,,,
12188379,2,2,6,6,,,,,,,,,
12188380,2,2,6,6,,,,,,,,,
12188381,0,0,2,0,,,,,,,,,
12188382,,,,,,,,,,,,,
12188383,,,,,,,,,,,,,
12188384,0,0,0,1,,,,,,,,,
12188385,,,,,,,,,,,,,
12188386,1,1,6,4,9,,,,,,,,
12188387,,,,,,,,,,,,,
12188388,0,0,1,1,,,,,,,,,
12188408,2,2,6,2,14,,,,,,,,
12188409,2,2,6,7,,,,,,,,,
12188416,2,2,6,6,,,,,,,,,
12188427,2,2,7,7,,,,,,,,,
12188646,2,2,4,6,11,,,,,,,,
12188647,0,0,4,3,,,,,,,,,
12188648,2,2,6,6,,,,,,,,,
12188649,1,1,5,6,9,,,,,,,,
12188650,2,2,4,6,12,,,,,,,,
12188651,0,0,2,5,,,,,,,,,
12188652,,,,,,,,,,,,,
12188653,0,0,4,2,,,,,,,,,
12188654,0,0,6,3,,,,,,,,,
12188656,2,2,6,6,,,,,,,,,
12188657,0,0,2,5,,,,,,,,,
12188658,1,1,1,6,7,,,,,,,,
12188659,2,2,6,6,,,,,,,,,
12188660,0,0,3,2,,,,,,,,,
12188664,2,2,6,6,,,,,,,,,
12188665,2,2,6,6,,,,,,,,,
12188666,0,0,1,0,,,,,,,,,
12188669,0,0,1,0,,,,,,,,,
12188670,0,0,3,1,,,,,,,,,
12188672,2,2,6,7,,,,,,,,,
12188673,2,2,6,6,,,,,,,,,
12188674,2,2,6,6,,,,,,,,,
12188675,2,2,6,6,,,,,,,,,
12188676,0,0,5,4,,,,,,,,,
12188701,2,2,6,6,,,,,,,,,
12188705,2,2,7,6,,,,,,,,,
12188730,0,0,3,1,,,,,,,,,
12188731,2,2,6,6,,,,,,,,,
12188732,2,2,6,7,10,,,4,10,,,,
12188733,0,0,4,3,,,,,,,,,
12188735,1,1,3,6,6,,,,,,,,
12188738,0,0,4,3,,,,,,,,,
12188739,0,0,4,2,,,,,,,,,
12188740,2,2,7,7,,,,7,,,,,
12188742,2,2,7,6,,,,7,,,,,
12188743,2,2,6,6,,,,,,,,,
12188745,2,2,6,6,,,,,,,,,
12188748,0,0,3,6,,,,,4,,,,
12188749,2,2,6,6,,,,,,,,,
12188752,2,2,6,6,,,,,,,,,
12188754,0,0,4,1,,,,,,,,,
12188758,2,2,2,7,6,,,,7,,,,
12188759,0,0,4,2,,,,,,,,,
12188764,1,1,7,1,5,,,7,,,,,
12188775,2,2,6,6,,,,,,,,,
12188778,2,2,6,6,,,,,,,,,
12188779,0,0,2,4,,,,,,,,,
12188781,2,2,6,7,,,,,,,,,
12188782,,,2,,,,,,,,,,
12188783,0,0,4,1,,,,,,,,,
12188784,0,0,3,1,,,,,,,,,
12188785,0,0,3,2,,,,,,,,,
12188786,2,2,6,6,,,,,,,,,
12188788,0,0,2,3,,,,,,,,,
12188791,0,0,0,3,,,,,,,,,
12188792,2,2,6,6,,,,,,,,,
12188852,2,2,1,7,6,,,,,,,,
12188961,0,0,1,0,,,,,,,,,
12188969,1,1,6,2,3,,,,,,,,
12188980,2,2,7,6,,,,10,,,,,
12188997,2,2,6,6,,,,,,,,,
12189027,,,,,,,,,,,,,
12189035,0,0,2,6,,,,,5,,,,
12189047,,,,,,,,,,,,,
12189053,0,0,4,3,,,,,,,,,
12189055,0,0,2,0,,,,,,,,,
12189069,0,0,6,5,,,,5,,,,,
12189080,2,2,6,6,,,,,,,,,
12189362,0,0,4,0,,,,,,,,,
12189363,1,1,5,6,8,,,,,,,,
12189364,2,2,6,6,,,,,,,,,
12189365,0,0,0,2,,,,,,,,,
12189366,0,0,3,0,,,,,,,,,
12189367,2,2,6,6,,,,,,,,,
12189368,0,0,6,2,,,,,,,,,
12189369,2,2,6,6,,,,,,,,,
12189370,2,2,6,6,,,,,,,,,
12189371,1,1,3,6,4,,,,,,,,
12189372,1,1,5,6,6,,,,,,,,
12189373,2,2,6,7,,,,,,,,,
12189374,0,0,0,0,,,,,,,,,
12189375,1,1,6,2,4,,,,,,,,
12189376,2,2,6,7,,,,,,,,,
12189377,1,1,7,3,9,,,,,,,,
12189632,2,2,6,6,,,,,,,,,
12189633,,,,,,,,,,,,,
12189667,2,2,6,6,,,,,,,,,
12189843,1,1,6,3,2,,,,,,,,
12189862,2,2,6,6,,,,,,,,,
12189865,2,2,6,6,,,,,,,,,
12189866,0,0,0,0,,,,,,,,,
12189894,0,0,0,1,,,,,,,,,
12190142,2,2,7,3,10,,,,,,,,
12156089,2,2,7,1,6,,,7,,,,,
12156095,2,2,7,6,6,,,,6,,,,
12156097,0,0,4,2,,,,,,,,,
12156228,2,2,7,6,,,,8,,,,,
12156240,0,0,4,2,,,,,,,,,
12156254,1,1,6,6,5,,,,0,,,,
12156261,2,2,6,6,,,,,,,,,
12156269,0,0,4,3,,,,,,,,,
12156284,0,0,4,6,,,,,5,,,,
12156285,2,2,6,6,,,,,,,,,
12156289,2,2,7,7,,,,7,,,,,
12156291,2,2,6,6,,,,,,,,,
12156292,0,0,4,5,,,,,,,,,
12156293,2,2,6,6,6,,,7,,,,,
12156294,0,0,5,2,,,,,,,,,
12156303,2,2,6,1,6,,,,,,,,
12156306,1,1,6,1,,,,,,,,,
12156309,1,1,6,5,,,,,,,,,
12156311,2,2,6,6,,,,,,,,,
12156312,2,2,6,7,,,,,7,,,,
12156313,2,2,7,7,,,,10,,,,,
12156314,2,2,6,6,,,,,,,,,
12156318,0,0,4,4,,,,,,,,,
12156319,0,0,4,1,,,,,,,,,
12156326,0,0,2,1,,,,,,,,,
12156328,2,2,6,6,,,,,,,,,
12156332,1,1,2,6,0,,,,,,,,
12156333,1,1,4,6,3,,,,,,,,
12156335,0,0,2,2,,,,,,,,,
12156338,2,2,6,4,6,,,,,,,,
12156341,2,2,6,2,6,,,,,,,,
12156342,2,2,6,6,,,,,,,,,
12156343,0,0,5,4,,,,,,,,,
12156344,2,2,7,6,,,,,,,,,
12156345,1,1,3,7,4,,,,7,,,,
12159528,1,1,6,4,3,,,,,,,,
12159529,2,2,5,7,7,,,,,7,,,
12159530,0,0,5,1,,,,,,,,,
12159531,2,2,6,7,,,,,9,,,,
12159532,1,1,7,5,1,,,,,,,,
12159533,0,0,6,6,,,,5,5,,,,
12159534,0,0,4,1,,,,,,,,,
12159535,1,1,6,1,,,,,,,,,
12159536,2,2,7,7,,,,,7,,,,
12159537,2,2,6,6,,,,,,,,,
12159538,2,2,7,6,6,,,7,7,,,,
12159539,0,0,3,4,,,,,,,,,
12159546,2,2,6,7,6,,,1,,,,,
12159548,2,2,6,6,,,,,,,,,
12159550,2,2,6,6,,,,,,,,,
12159551,0,0,3,3,,,,,,,,,
12159552,0,0,2,4,,,,,,,,,
12159553,0,0,4,4,,,,,,,,,
12159554,2,2,6,6,,,,,,,,,
12159555,2,2,7,6,6,,,7,2,,,,
12159556,0,0,3,5,,,,,,,,,
12159557,2,2,7,1,6,,,7,,,,,
12159558,2,2,6,6,,,,,,,,,
12159559,2,2,7,4,7,,,7,,7,,,
12159562,0,0,4,2,,,,,,,,,
12159563,2,2,6,6,,,,,,,,,
12159564,2,2,7,6,6,,,,4,,,,
12159565,2,2,7,6,,,,7,,,,,
12159567,0,0,3,4,,,,,,,,,
12159568,2,2,6,7,6,,,5,7,,,,
12159569,2,2,7,6,,,,,,,,,
12159570,2,2,6,6,,,,,,,,,
12159571,1,1,4,7,3,,,,7,,,,
12159572,2,2,6,6,6,,,2,,,,,
12159573,2,2,6,6,,,,,,,,,
12159574,2,2,3,7,6,,,,7,,,,
12159575,1,1,6,6,6,,,3,,7,,,
12182478,2,2,6,6,6,,,3,,,,,
12184457,2,2,6,7,,,,,7,,,,
12184680,2,2,7,6,,,,,,,,,
12184867,1,1,4,7,4,,,,,,,,
12184920,2,2,7,6,6,,,,6,,,,
12184946,0,0,6,1,,,,5,,,,,
12185104,0,0,5,2,,,,,,,,,
12185124,2,2,6,6,,,,,,,,,
12185200,1,1,6,3,4,,,,,,,,
12185561,2,2,6,5,6,,,,,,,,
12185562,2,2,7,6,7,,,7,8,7,,,
12185935,1,1,6,4,,,,,,,,,
12185952,0,0,2,2,,,,,,,,,
12186004,2,2,6,6,,,,,,,,,
12186007,1,1,7,0,,,,7,,,,,
12186222,2,2,6,6,,,,,,,,,
12186223,2,2,3,6,6,,,,,,,,
12186368,2,2,6,7,,,,,9,,,,
12186390,2,2,6,6,,,,,,,,,
12187015,0,0,2,0,,,,,,,,,
12187016,0,0,1,2,,,,,,,,,
12187017,,,6,,,,,,,,,,
12187018,0,0,1,1,,,,,,,,,
12187019,2,2,6,6,,,,,,,,,
12187020,2,2,6,6,,,,,,,,,
12187021,,,0,,,,,,,,,,
12187022,0,0,3,4,,,,,,,,,
12187023,0,0,3,2,,,,,,,,,
12187024,2,2,6,6,,,,,,,,,
12187025,2,2,6,6,,,,,,,,,
12187026,0,0,1,1,,,,,,,,,
12187027,1,1,6,4,4,,,,,,,,
12187028,,,,,,,,,,,,,
12187029,2,2,7,6,,,,,,,,,
12187030,0,0,2,2,,,,,,,,,
12187065,2,2,6,1,10,,,,,,,,
12187066,0,0,4,4,,,,,,,,,
12187067,2,2,6,6,,,,,,,,,
12187068,0,0,3,4,,,,,,,,,
12187069,0,0,2,4,,,,,,,,,
12187070,0,0,3,1,,,,,,,,,
12187071,2,2,6,7,,,,,,,,,
12187072,2,2,6,6,,,,,,,,,
12187073,,,,,,,,,,,,,
12187074,2,2,7,6,,,,,,,,,
12187075,0,0,4,3,,,,,,,,,
12187076,2,2,7,6,,,,,,,,,
12187077,0,0,3,2,,,,,,,,,
12187078,0,0,6,6,,,,,,,,,
12187079,0,0,1,4,,,,,,,,,
12187080,0,0,0,1,,,,,,,,,
12187143,0,0,1,0,,,,,,,,,
12187190,0,0,4,4,,,,,,,,,
12187196,1,1,7,3,2,,,,,,,,
12187221,0,0,0,0,,,,,,,,,
12187223,2,2,6,6,,,,,,,,,
12187242,0,0,6,6,,,,1,5,,,,
12187310,2,2,6,3,7,,,,,7,,,
12187311,2,2,6,6,,,,,,,,,
12187387,2,2,6,6,,,,,,,,,
12187510,0,0,0,4,,,,,,,,,
12187536,1,1,6,4,3,,,,,,,,
12187583,2,2,6,6,,,,,,,,,
12187697,0,0,4,3,,,,,,,,,
12187698,0,0,1,0,,,,,,,,,
12187734,2,2,7,6,,,,,,,,,
12187745,0,0,3,2,,,,,,,,,
12187810,0,0,6,5,,,,3,,,,,
12187854,2,2,6,6,7,,,2,,,,,
12187855,2,2,7,2,7,,,7,,,,,
12187856,2,2,6,5,6,,,,,,,,
12187860,0,0,1,0,,,,,,,,,
12187861,2,2,6,1,6,,,,,,,,
12187862,2,2,6,1,6,,,,,,,,
12187863,2,2,2,6,6,,,,,,,,
12187869,1,1,6,7,4,,,0,7,,,,
12187998,2,2,6,1,6,,,,,,,,
12188107,2,2,6,1,10,,,,,,,,
12188108,1,1,4,7,9,,,,,,,,
12188109,0,0,3,1,,,,,,,,,
12188110,0,0,2,1,,,,,,,,,
12188111,2,2,7,6,,,,,,,,,
12188112,0,0,5,1,,,,,,,,,
12188113,0,0,3,3,,,,,,,,,
12188114,0,0,0,3,,,,,,,,,
12188120,2,2,6,6,,,,,,,,,
12188121,1,1,5,6,7,,,,,,,,
12188122,,,,,,,,,,,,,
12188123,,,,,,,,,,,,,
12188124,0,0,1,1,,,,,,,,,
12188125,2,2,6,6,,,,,,,,,
12188126,0,0,0,1,,,,,,,,,
12188127,0,0,3,2,,,,,,,,,
12188128,0,0,2,4,,,,,,,,,
12188129,0,0,2,3,,,,,,,,,
12188130,2,2,3,6,10,,,,,,,,
12188131,0,0,4,2,,,,,,,,,
12188132,1,1,1,6,3,,,,,,,,
12188133,0,0,1,2,,,,,,,,,
12188134,2,2,6,6,,,,,,,,,
12188135,0,0,0,1,,,,,,,,,
12188136,0,0,5,6,,,,,,,,,
12188137,2,2,6,6,,,,,,,,,
12188138,1,1,6,1,3,,,,,,,,
12188139,0,0,3,4,,,,,,,,,
12188140,0,0,0,0,,,,,,,,,
12188141,2,2,6,6,,,,,,,,,
12188142,0,0,3,2,,,,,,,,,
12188143,2,2,6,6,,,,,,,,,
12188144,0,0,3,2,,,,,,,,,
12188145,0,0,2,4,,,,,,,,,
12188146,2,2,5,7,10,,,,,,,,
12188171,0,0,0,2,,,,,,,,,
12188172,,,,,,,,,,,,,
12188173,2,2,6,6,,,,,,,,,
12188174,1,1,1,7,8,,,,,,,,
12188175,2,2,5,7,10,,,,,,,,
12188176,2,2,6,7,,,,,,,,,
12188177,2,2,6,6,,,,,,,,,
12188178,2,2,7,3,10,,,,,,,,
12188179,1,1,6,4,5,,,,,,,,
12188180,2,2,4,7,10,,,,,,,,
12188181,2,2,6,6,,,,,,,,,
12188182,1,1,3,6,7,,,,,,,,
12188183,0,0,3,1,,,,,,,,,
12188184,2,2,7,6,,,,,,,,,
12188185,0,0,4,6,,,,,,,,,
12188186,2,2,6,6,,,,,,,,,
12188189,0,0,1,1,,,,,,,,,
12188191,0,0,2,0,,,,,,,,,
12188193,2,2,6,6,,,,,,,,,
12188197,,,,,,,,,,,,,
12188198,0,0,5,1,,,,,,,,,
12188199,0,0,1,2,,,,,,,,,
12188200,1,1,5,6,1,,,,,,,,
12188201,2,2,7,6,,,,7,,,,,
12188211,0,0,2,2,,,,,,,,,
12188212,0,0,3,2,,,,,,,,,
12188213,2,2,6,6,10,,,,,,,,
12188214,0,0,3,4,,,,,,,,,
12188215,,,,,,,,,,,,,
12188216,0,0,1,3,,,,,,,,,
12188217,2,2,6,6,,,,,,,,,
12188218,,,,,,,,,,,,,
12188219,0,0,4,6,,,,,,,,,
12188220,2,2,1,6,12,,,,,,,,
12188221,2,2,3,6,10,,,,,,,,
12188222,,,,,,,,,,,,,
12188223,2,2,6,6,,,,,,,,,
12188224,1,1,6,4,7,,,,,,,,
12188225,2,2,7,6,,,,,,,,,
12188226,2,2,6,6,,,,,,,,,
12188227,0,0,4,2,,,,,,,,,
12188228,0,0,6,1,,,,,,,,,
12188229,2,2,6,7,,,,,,,,,
12188230,,,,,,,,,,,,,
12188231,2,2,6,7,,,,,,,,,
12188232,2,2,6,6,,,,,,,,,
12188233,0,0,2,0,,,,,,,,,
12188234,2,2,6,6,,,,,,,,,
12188235,,,,,,,,,,,,,
12188236,2,2,6,6,,,,,,,,,
12188237,1,1,6,0,2,,,,,,,,
12188238,2,2,1,7,10,,,,,,,,
12188239,2,2,6,6,,,,,,,,,
12188240,1,1,6,2,4,,,,,,,,
12188241,2,2,7,2,10,,,,,,,,
12188242,2,2,6,6,,,,,,,,,
12188243,1,1,6,6,4,,,,,,,,
12188244,0,0,5,6,,,,,,,,,
12188245,0,0,2,3,,,,,,,,,
12188246,,,,,,,,,,,,,
12188247,2,2,3,6,10,,,,,,,,
12188249,2,2,6,6,,,,,,,,,
12188254,2,2,3,7,10,,,,,,,,
12188255,1,1,6,5,7,,,,,,,,
12188256,2,2,6,6,,,,,,,,,
12188257,0,0,4,3,,,,,,,,,
12188258,2,2,6,6,,,,,,,,,
12188259,2,2,6,6,,,,,,,,,
12188260,0,0,3,3,,,,,,,,,
12188261,2,2,6,6,,,,,,,,,
12188262,2,2,6,6,10,,,,,,,,
12188263,0,0,4,4,,,,,,,,,
12188264,0,0,0,1,,,,,,,,,
12188265,2,2,6,6,,,,,,,,,
12188266,2,2,7,6,,,,,,,,,
12188267,2,2,7,6,,,,,,,,,
12188268,0,0,0,0,,,,,,,,,
12188269,2,2,6,6,,,,,,,,,
12188270,0,0,1,2,,,,,,,,,
12188271,0,0,3,4,,,,,,,,,
12188272,0,0,0,1,,,,,,,,,
12188273,0,0,6,5,,,,,,,,,
12188274,0,0,2,3,,,,,,,,,
12188275,2,2,6,6,,,,,,,,,
12188276,2,2,3,7,10,,,,,,,,
12188277,2,2,6,6,,,,,,,,,
12188278,2,2,5,7,10,,,,,,,,
12188279,,,,,,,,,,,,,
12188280,2,2,1,6,10,,,,,,,,
12188281,2,2,7,7,,,,,,,,,
12188282,0,0,1,2,,,,,,,,,
12188283,0,0,0,0,,,,,,,,,
12188284,2,2,6,6,,,,,,,,,
12188285,2,2,6,6,,,,,,,,,
12188286,2,2,6,6,,,,,,,,,
12188287,0,0,2,0,,,,,,,,,
12188288,2,2,6,6,,,,,,,,,
12188289,2,2,7,7,,,,,,,,,
12188290,2,2,6,6,10,,,,,,,,
12188291,2,2,6,7,,,,,,,,,
12188292,2,2,6,6,,,,,,,,,
12188293,2,2,6,6,,,,,,,,,
12188294,2,2,7,6,,,,,,,,,
12188295,1,1,6,6,7,,,,,,,,
12188315,0,0,2,2,,,,,,,,,
12188316,2,2,6,6,,,,,,,,,
12188317,2,2,6,6,10,,,,,,,,
12188318,0,0,0,1,,,,,,,,,
12188319,0,0,3,3,,,,,,,,,
12188320,0,0,6,4,,,,,,,,,
12188321,0,0,5,1,,,,,,,,,
12188322,0,0,4,4,,,,,,,,,
12188323,2,2,7,6,,,,,,,,,
12188324,0,0,3,4,,,,,,,,,
12188325,0,0,1,3,,,,,,,,,
12188326,0,0,3,2,,,,,,,,,
12188327,0,0,5,2,,,,,,,,,
12188328,2,2,6,6,,,,,,,,,
12188329,0,0,0,2,,,,,,,,,
12188330,1,1,6,4,7,,,,,,,,
12188331,0,0,1,2,,,,,,,,,
12188332,2,2,6,6,,,,,,,,,
12188333,0,0,4,3,,,,,,,,,
12188334,2,2,6,6,,,,,,,,,
12188335,0,0,3,2,,,,,,,,,
12188336,1,1,7,0,5,,,,,,,,
12188337,0,0,5,4,,,,,,,,,
12188338,0,0,1,5,,,,,,,,,
12188339,,,,,,,,,,,,,
12188340,2,2,6,6,,,,,,,,,
12188341,1,1,7,4,9,,,,,,,,
12188342,2,2,6,6,,,,,,,,,
12188343,0,0,2,3,,,,,,,,,
12188344,2,2,6,6,,,,,,,,,
12188345,0,0,4,1,,,,,,,,,
12188346,,,,,,,,,,,,,
12188347,0,0,4,1,,,,,,,,,
12188348,2,2,3,6,10,,,,,,,,
12188349,1,1,1,6,4,,,,,,,,
12188350,2,2,6,6,,,,,,,,,
12188351,2,2,6,6,,,,,,,,,
12188352,2,2,6,6,,,,,,,,,
12188353,2,2,6,6,,,,,,,,,
12188354,1,1,6,3,8,,,,,,,,
12188355,2,2,2,6,10,,,,,,,,
12188356,0,0,2,3,,,,,,,,,
12188357,0,0,0,1,,,,,,,,,
12188358,0,0,4,3,,,,,,,,,
12188359,2,2,6,6,,,,,,,,,
12188360,2,2,6,6,,,,,,,,,
12188361,2,2,6,6,,,,,,,,,
12188362,1,1,6,1,9,,,,,,,,
12188368,0,0,2,0,,,,,,,,,
12188369,2,2,6,6,,,,,,,,,
12188370,2,2,6,6,,,,,,,,,
12188371,0,0,5,6,,,,,,,,,
12188372,2,2,6,6,,,,,,,,,
12188373,0,0,4,2,,,,,,,,,
12188374,0,0,3,1,,,,,,,,,
12188375,2,2,6,6,,,,,,,,,
12188376,2,2,6,6,,,,,,,,,
12188377,0,0,4,2,,,,,,,,,
12188378,0,0,3,4,,,,,,,,,
12188379,2,2,6,6,,,,,,,,,
12188380,2,2,6,6,,,,,,,,,
12188381,0,0,2,0,,,,,,,,,
12188382,,,,,,,,,,,,,
12188383,,,,,,,,,,,,,
12188384,0,0,0,1,,,,,,,,,
12188385,,,,,,,,,,,,,
12188386,1,1,6,4,9,,,,,,,,
12188387,,,,,,,,,,,,,
12188388,0,0,1,1,,,,,,,,,
12188408,2,2,6,2,14,,,,,,,,
12188409,2,2,6,7,,,,,,,,,
12188416,2,2,6,6,,,,,,,,,
12188427,2,2,7,7,,,,,,,,,
12188644,0,0,4,2,,,,,,,,,
12188645,2,2,6,7,,,,,,,,,
12188646,2,2,4,6,11,,,,,,,,
12188647,0,0,4,3,,,,,,,,,
12188648,2,2,6,6,,,,,,,,,
12188649,1,1,5,6,9,,,,,,,,
12188650,2,2,4,6,12,,,,,,,,
12188651,0,0,2,5,,,,,,,,,
12188652,,,,,,,,,,,,,
12188653,0,0,4,2,,,,,,,,,
12188654,0,0,6,3,,,,,,,,,
12188655,1,1,4,6,8,,,,,,,,
12188656,2,2,6,6,,,,,,,,,
12188657,0,0,2,5,,,,,,,,,
12188658,1,1,1,6,7,,,,,,,,
12188659,2,2,6,6,,,,,,,,,
12188660,0,0,3,2,,,,,,,,,
12188661,2,2,6,6,,,,,,,,,
12188662,1,1,6,3,9,,,,,,,,
12188663,0,0,1,4,,,,,,,,,
12188664,2,2,6,6,,,,,,,,,
12188665,2,2,6,6,,,,,,,,,
12188666,0,0,1,0,,,,,,,,,
12188669,0,0,1,0,,,,,,,,,
12188670,0,0,3,1,,,,,,,,,
12188671,1,1,1,6,6,,,,,,,,
12188672,2,2,6,7,,,,,,,,,
12188673,2,2,6,6,,,,,,,,,
12188674,2,2,6,6,,,,,,,,,
12188675,2,2,6,6,,,,,,,,,
12188676,0,0,5,4,,,,,,,,,
12188677,2,2,6,6,,,,,,,,,
12188701,2,2,6,6,,,,,,,,,
12188705,2,2,7,6,,,,,,,,,
12188730,0,0,3,1,,,,,,,,,
12188731,2,2,6,6,,,,,,,,,
12188732,2,2,6,7,10,,,4,10,,,,
12188733,0,0,4,3,,,,,,,,,
12188734,0,0,1,3,,,,,,,,,
12188735,1,1,3,6,6,,,,,,,,
12188736,2,2,6,6,,,,,,,,,
12188737,1,1,2,6,7,,,,,,,,
12188738,0,0,4,3,,,,,,,,,
12188739,0,0,4,2,,,,,,,,,
12188740,2,2,7,7,,,,7,,,,,
12188741,0,0,1,2,,,,,,,,,
12188742,2,2,7,6,,,,7,,,,,
12188743,2,2,6,6,,,,,,,,,
12188744,2,2,6,6,,,,,,,,,
12188745,2,2,6,6,,,,,,,,,
12188748,0,0,3,6,,,,,4,,,,
12188749,2,2,6,6,,,,,,,,,
12188752,2,2,6,6,,,,,,,,,
12188754,0,0,4,1,,,,,,,,,
12188758,2,2,2,7,6,,,,7,,,,
12188759,0,0,4,2,,,,,,,,,
12188764,1,1,7,1,5,,,7,,,,,
12188770,0,0,2,3,,,,,,,,,
12188773,0,0,0,0,,,,,,,,,
12188774,2,2,4,7,6,,,,7,,,,
12188775,2,2,6,6,,,,,,,,,
12188776,0,0,5,6,,,,,3,,,,
12188777,1,1,6,5,3,,,,,,,,
12188778,2,2,6,6,,,,,,,,,
12188779,0,0,2,4,,,,,,,,,
12188780,2,2,6,3,6,,,,,,,,
12188781,2,2,6,7,,,,,,,,,
12188782,,,2,,,,,,,,,,
12188783,0,0,4,1,,,,,,,,,
12188784,0,0,3,1,,,,,,,,,
12188785,0,0,3,2,,,,,,,,,
12188786,2,2,6,6,,,,,,,,,
12188787,2,2,6,6,,,,,,,,,
12188788,0,0,2,3,,,,,,,,,
12188791,0,0,0,3,,,,,,,,,
12188792,2,2,6,6,,,,,,,,,
12188824,1,1,6,5,3,,,,,,,,
12188827,2,2,6,6,,,,,,,,,
12188852,2,2,1,7,6,,,,,,,,
12188961,0,0,1,0,,,,,,,,,
12188969,1,1,6,2,3,,,,,,,,
12188980,2,2,7,6,,,,10,,,,,
12188997,2,2,6,6,,,,,,,,,
12189027,,,,,,,,,,,,,
12189035,0,0,2,6,,,,,5,,,,
12189040,2,2,6,6,,,,,,,,,
12189041,1,1,6,4,5,,,,,,,,
12189044,,,,,,,,,,,,,
12189047,,,,,,,,,,,,,
12189053,0,0,4,3,,,,,,,,,
12189055,0,0,2,0,,,,,,,,,
12189069,0,0,6,5,,,,5,,,,,
12189079,2,2,6,6,,,,,,,,,
12189080,2,2,6,6,,,,,,,,,
12189362,0,0,4,0,,,,,,,,,
12189363,1,1,5,6,8,,,,,,,,
12189364,2,2,6,6,,,,,,,,,
12189365,0,0,0,2,,,,,,,,,
12189366,0,0,3,0,,,,,,,,,
12189367,2,2,6,6,,,,,,,,,
12189368,0,0,6,2,,,,,,,,,
12189369,2,2,6,6,,,,,,,,,
12189370,2,2,6,6,,,,,,,,,
12189371,1,1,3,6,4,,,,,,,,
12189372,1,1,5,6,6,,,,,,,,
12189373,2,2,6,7,,,,,,,,,
12189374,0,0,0,0,,,,,,,,,
12189375,1,1,6,2,4,,,,,,,,
12189376,2,2,6,7,,,,,,,,,
12189377,1,1,7,3,9,,,,,,,,
12189434,0,0,3,1,,,,,,,,,
12189435,0,0,0,6,,,,,5,,,,
12189451,2,2,6,6,,,,,,,,,
12189455,2,2,7,6,,,,8,,,,,
12189456,0,0,1,4,,,,,,,,,
12189457,2,2,6,6,,,,,,,,,
12189458,,,,,,,,,,,,,
12189459,0,0,0,2,,,,,,,,,
12189460,2,2,6,6,,,,,,,,,
12189461,0,0,4,2,,,,,,,,,
12189462,0,0,1,4,,,,,,,,,
12189463,2,2,3,6,6,,,,,,,,
12189632,2,2,6,6,,,,,,,,,
12189633,,,,,,,,,,,,,
12189667,2,2,6,6,,,,,,,,,
12189677,2,2,6,6,,,,,,,,,
12189682,2,2,6,6,,,,,,,,,
12189684,0,0,5,6,,,,,5,,,,
12189685,2,2,6,6,,,,,,,,,
12189686,0,0,6,6,,,,4,8,,,,
12189687,2,2,7,6,,,,,,,,,
12189688,1,1,6,4,4,,,,,,,,
12189689,0,0,6,5,,,,1,,,,,
12189690,0,0,1,0,,,,,,,,,
12189691,2,2,6,7,,,,,7,,,,
12189692,0,0,3,3,,,,,,,,,
12189693,2,2,6,6,,,,,,,,,
12189709,,,,,,,,,,,,,
12189711,,,,,,,,,,,,,
12189843,1,1,6,3,2,,,,,,,,
12189862,2,2,6,6,,,,,,,,,
12189865,2,2,6,6,,,,,,,,,
12189866,0,0,0,0,,,,,,,,,
12189894,0,0,0,1,,,,,,,,,
12190053,2,2,3,6,7,,,,,7,,,
12190066,1,1,6,3,4,,,,,,,,
12190067,2,2,7,7,,,,,,,,,
12190068,0,0,3,4,,,,,,,,,
12190069,1,1,4,6,2,,,,,,,,
12190070,2,2,7,6,,,,,,,,,
12190071,1,1,7,0,10,,,,,,,,
12190072,2,2,6,6,,,,,,,,,
12190073,2,2,6,6,,,,,,,,,
12190142,2,2,7,3,10,,,,,,,,
12190219,2,2,6,7,,,,,,,,,
12190221,1,1,4,7,3,,,,7,,,,
12190230,2,2,4,7,6,,,,7,,,,
12190257,0,0,4,6,,,,,2,,,,
12190258,0,0,6,,,,,7,,,,,
12190309,0,0,1,,,,,,,,,,
12190366,2,2,6,2,6,,,,,,,,
12190367,2,2,6,6,,,,,,,,,
12190404,2,2,6,6,,,,,,,,,
12190422,2,2,6,7,,,,,8,,,,
12190423,0,0,4,3,,,,,,,,,
12190424,2,2,6,6,,,,,,,,,
12190425,2,2,6,2,10,,,,,,,,
12190426,2,2,6,6,,,,,,,,,
12190427,0,0,3,6,,,,,2,,,,
12190428,2,2,7,6,,,,7,,,,,
12190429,,,,,,,,,,,,,
12190430,2,2,6,6,,,,,,,,,
12190432,0,0,6,4,,,,1,,,,,
12190433,2,2,7,5,10,,,,,,,,
12190434,1,1,2,6,2,,,,,,,,
12190435,2,2,6,6,,,,,,,,,
12190436,0,0,3,2,,,,,,,,,
12190437,1,1,6,6,13,,,4,,,,,
12190438,1,1,6,3,9,,,,,,,,
12190439,0,0,3,0,,,,,,,,,
12190440,2,2,6,6,,,,,,,,,
12190441,0,0,3,2,,,,,,,,,
12190442,2,2,7,6,,,,,,,,,
12190443,1,1,7,4,8,,,8,,,,,
12190444,2,2,6,6,,,,,,,,,
12190445,0,0,2,2,,,,,,,,,
12190446,2,2,6,6,,,,,,,,,
12190447,0,0,2,2,,,,,,,,,
12190448,,,,,,,,,,,,,
12190449,1,1,6,3,,,,,,,,,
12190450,1,1,6,4,7,,,,,,,,
12190451,1,1,7,3,6,,,,,,,,
12190452,0,0,2,2,,,,,,,,,
12190453,0,0,1,3,,,,,,,,,
12190454,2,2,6,6,,,,,,,,,
12190487,1,1,4,6,4,,,,,,,,
12190488,0,0,5,4,,,,,,,,,
12190494,1,1,6,1,,,,,,,,,
12190496,2,2,6,6,,,,,,,,,
12190497,2,2,6,6,,,,,,,,,
12190498,2,2,4,6,10,,,,,,,,
12190499,,,,,,,,,,,,,
12190500,0,0,3,1,,,,,,,,,
12190501,2,2,6,6,,,,,,,,,
12190502,0,0,3,1,,,,,,,,,
12190503,2,2,7,6,,,,,,,,,
12190504,2,2,6,6,,,,,,,,,
12190505,,,,,,,,,,,,,
12190506,2,2,6,6,,,,,,,,,
12190510,0,0,1,1,,,,,,,,,
12190516,0,0,2,5,,,,,,,,,
12190518,2,2,6,6,,,,,,,,,
12190519,0,0,3,1,,,,,,,,,
12190520,2,2,6,7,,,,,,,,,
12190521,1,1,3,7,5,,,,,,,,
12190522,,,,,,,,,,,,,
12190523,0,0,0,1,,,,,,,,,
12190524,2,2,6,6,,,,,,,,,
12190525,2,2,6,6,,,,,,,,,
12190526,2,2,6,6,,,,,,,,,
12190527,0,0,4,6,,,,,,,,,
12190528,1,1,6,2,2,,,,,,,,
12190529,,,,,,,,,,,,,
12190537,2,2,3,6,7,,,,,,,,
12190552,2,2,6,6,,,,,,,,,
12190553,2,2,6,1,6,,,,,,,,
12190554,2,2,6,6,6,,,,6,,,,
12190555,1,1,4,6,4,,,,,,,,
12190556,2,2,6,7,,,,,7,,,,
12190557,2,2,6,7,,,,,,,,,
12190566,2,2,3,6,10,,,,,,,,
12190567,0,0,4,0,,,,,,,,,
12190591,0,0,0,,,,,,,,,,
12190763,2,2,6,4,6,,,,,,,,
12190769,0,0,2,3,,,,,,,,,
12190770,2,2,6,6,,,,,,,,,
12190771,2,2,3,6,10,,,,,,,,
12190772,2,2,6,6,10,,,,,,,,
12190773,2,2,7,6,,,,,,,,,
12190774,0,0,0,0,,,,,,,,,
12190775,2,2,7,6,,,,,,,,,
12190776,0,0,4,6,,,,,,,,,
12190777,2,2,7,7,,,,,,,,,
12190778,2,2,6,6,,,,,,,,,
12190779,0,0,0,1,,,,,,,,,
12190780,2,2,6,6,,,,,,,,,
12190781,,,,,,,,,,,,,
12190782,1,1,6,1,7,,,,,,,,
12190783,2,2,6,7,,,,,,,,,
12190784,2,2,2,6,10,,,,,,,,
12190785,2,2,6,6,,,,,,,,,
12190786,0,0,5,2,,,,,,,,,
12190787,2,2,6,6,,,,,,,,,
12190788,0,0,1,2,,,,,,,,,
12190789,1,1,3,7,3,,,,,,,,
12190790,2,2,6,6,,,,,,,,,
12190791,2,2,6,7,,,,,,,,,
12190792,0,0,5,3,,,,,,,,,
12190799,0,0,1,1,,,,,,,,,
12190801,,,,,,,,,,,,,
12190802,2,2,6,6,,,,,,,,,
12190803,2,2,6,7,,,,,,,,,
12190804,2,2,7,6,,,,,,,,,
12190805,2,2,6,6,,,,,,,,,
12190806,0,0,4,1,,,,,,,,,
12190807,2,2,6,6,,,,,,,,,
12190808,2,2,6,6,,,,,,,,,
12190840,1,1,6,2,3,,,,,,,,
12190841,2,2,6,6,,,,,,,,,
12190846,1,1,4,6,8,,,,,,,,
12190847,2,2,6,6,,,,,,,,,
12190848,0,0,2,1,,,,,,,,,
12190850,2,2,6,6,,,,,,,,,
12190851,2,2,6,6,,,,,,,,,
12190852,2,2,6,3,10,,,,,,,,
12190854,0,0,6,6,,,,3,3,,,,
12190908,2,2,3,6,10,,,,,,,,
12190909,2,2,4,6,10,,,,,,,,
12190910,2,2,7,7,,,,,7,,,,
12190911,2,2,6,6,,,,,,,,,
12190914,2,2,6,6,,,,,,,,,
12190915,0,0,1,1,,,,,,,,,
12190916,2,2,6,6,,,,,,,,,
12190917,2,2,6,1,10,,,,,,,,
12190918,1,1,6,7,6,,,5,,,,,
12190919,2,2,6,3,6,,,,,,,,
12190920,0,0,4,3,,,,,,,,,
12190921,0,0,0,0,,,,,,,,,
12190922,2,2,7,6,,,,7,,,,,
12190923,2,2,6,6,,,,,,,,,
12190924,2,2,6,6,,,,,,,,,
12190925,1,1,5,6,7,,,,,,,,
12190926,1,1,6,4,6,,,,,2,,,
12190927,,,,,,,,,,,,,
12190928,2,2,6,7,,,,,7,,,,
12190929,0,0,0,0,,,,,,,,,
12190930,2,2,6,6,,,,,,,,,
12190931,0,0,4,3,,,,,,,,,
12190932,2,2,6,6,,,,,,,,,
12190933,0,0,4,1,,,,,,,,,
12190934,0,0,3,1,,,,,,,,,
12190935,0,0,3,2,,,,,,,,,
12190936,0,0,3,3,,,,,,,,,
12190937,0,0,3,0,,,,,,,,,
12190938,0,0,4,1,,,,,,,,,
12190969,0,0,1,1,,,,,,,,,
12190970,1,1,4,7,8,,,,,,,,
12190972,,,,,,,,,,,,,
12190973,2,2,6,6,,,,,,,,,
12190974,2,2,6,6,,,,,,,,,
12190975,0,0,1,4,,,,,,,,,
12190976,0,0,0,1,,,,,,,,,
12190977,2,2,6,3,10,,,,,,,,
12190978,2,2,6,6,,,,,,,,,
12190980,2,2,6,3,10,,,,,,,,
12190981,0,0,2,5,,,,,,,,,
12190982,1,1,7,3,5,,,,,,,,
12190983,2,2,6,6,,,,,,,,,
12190984,2,2,7,6,,,,,,,,,
12190986,2,2,6,6,,,,,,,,,
12190988,2,2,6,6,,,,,,,,,
12190989,2,2,6,3,10,,,,,,,,
12190990,2,2,6,6,,,,,,,,,
12190992,2,2,6,6,,,,,,,,,
12190993,2,2,6,6,,,,,,,,,
12190994,1,1,6,3,9,,,,,,,,
12190995,2,2,6,6,,,,,,,,,
12190996,0,0,2,2,,,,,,,,,
12190997,2,2,6,6,,,,,,,,,
12190998,2,2,7,6,,,,,,,,,
12190999,0,0,4,5,,,,,,,,,
12191000,2,2,6,6,,,,,,,,,
12191001,2,2,6,6,,,,,,,,,
12191002,2,2,7,6,,,,,,,,,
12191006,2,2,6,6,,,,,,,,,
12191096,2,2,6,6,,,,,,,,,
12191098,2,2,6,6,,,,,,,,,
12191099,2,2,6,6,,,,,,,,,
12191100,2,2,3,6,6,,,,,,,,
12191101,2,2,6,6,,,,,,,,,
12191102,2,2,6,3,6,,,,,,,,
12191103,2,2,6,7,,,,,,,,,
12191104,0,0,3,3,,,,,,,,,
12191113,2,2,6,6,,,,,,,,,
12191114,2,2,6,6,,,,,,,,,
12191115,2,2,6,7,,,,,,,,,
12191116,2,2,6,6,,,,,,,,,
12191126,2,2,6,6,,,,,,,,,
12191127,2,2,6,6,,,,,,,,,
12191128,2,2,5,6,10,,,,,,,,
12191129,2,2,6,6,,,,,,,,,
12191130,0,0,1,0,,,,,,,,,
12191131,0,0,1,4,,,,,,,,,
12191147,2,2,6,6,,,,,,,,,
12191148,2,2,3,6,10,,,,,,,,
12191305,1,1,2,6,1,,,,,,,,
12191326,,,,,,,,,,,,,
12191458,2,2,7,6,6,,,,5,,,,
12191459,0,0,2,2,,,,,,,,,
12191462,2,2,7,1,6,,,,,,,,
12191463,2,2,6,6,,,,,,,,,
12191535,2,2,5,6,10,,,,,,,,
12191536,2,2,6,7,,,,,,,,,
12191537,1,1,6,6,5,,,,,,,,
12191538,2,2,7,6,,,,,,,,,
12191539,1,1,6,5,8,,,,,,,,
12191540,,,,,,,,,,,,,
12191541,2,2,6,7,,,,,,,,,
12191542,1,1,7,6,6,,,,,,,,
12191543,0,0,6,5,,,,,,,,,
12191544,2,2,6,6,,,,,,,,,
12191545,1,1,0,6,6,,,,,,,,
12191546,0,0,4,4,,,,,,,,,
12191548,1,1,4,6,12,,,,,,,,
12191549,2,2,6,6,,,,,,,,,
12191550,,,,,,,,,,,,,
12193102,1,1,1,6,8,,,,,,,,
12193179,0,0,3,1,,,,,,,,,
12193203,0,0,2,2,,,,,,,,,
12193217,2,2,6,6,,,,,,,,,
12193297,0,0,4,5,,,,,,,,,
12193299,1,1,1,6,5,,,,,,,,
12193300,0,0,2,3,,,,,,,,,
12193301,0,0,2,1,,,,,,,,,
12193329,2,2,6,6,,,,,,,,,
12193333,0,0,4,2,,,,,,,,,
12193339,0,0,3,1,,,,,,,,,
12193419,0,0,4,4,,,,,,,,,
12193777,0,0,4,1,,,,,,,,,
12193781,2,2,6,6,,,,,,,,,
12193782,0,0,2,4,,,,,,,,,
12193783,1,1,5,6,5,,,,,,,,
12193786,2,2,5,6,10,,,,,,,,
12193822,0,0,2,3,,,,,,,,,
12193823,2,2,6,6,,,,,,,,,
12193824,2,2,6,3,10,,,,,,,,
12193825,2,2,6,7,,,,,,,,,
12193826,2,2,7,6,,,,,,,,,
12193827,1,1,7,1,1,,,,,,,,
12193828,0,0,5,2,,,,,,,,,
12193830,0,0,4,4,,,,,,,,,
12193831,2,2,4,6,6,,,,,,,,
12193832,1,1,7,3,4,,,,,,,,
12193836,1,1,2,6,4,,,,,,,,
12193837,2,2,6,6,,,,,,,,,
12193838,2,2,6,7,,,,,7,,,,
12193839,2,2,6,6,,,,,,,,,
12193840,0,0,1,4,,,,,,,,,
12193841,2,2,6,6,,,,,,,,,
12193842,1,1,6,6,0,,,5,,,,,
12193843,2,2,6,6,,,,,,,,,
12193844,1,1,6,6,3,,,8,,,,,
12193849,0,0,6,2,,,,9,,,,,
12193850,2,2,6,6,,,,,,,,,
12193851,2,2,6,7,,,,,7,,,,
12193857,0,0,4,3,,,,,,,,,
12193913,2,2,7,6,,,,,,,,,
12193914,0,0,4,6,,,,,,,,,
12193915,2,2,5,6,10,,,,,,,,
12193916,2,2,6,6,,,,,,,,,
12193917,1,1,6,1,9,,,,,,,,
12193920,2,2,6,6,,,,,,,,,
12193921,0,0,1,4,,,,,,,,,
12193922,1,1,0,6,4,,,,,,,,
12193923,2,2,2,6,6,,,,,,,,
12193924,2,2,6,6,,,,,,,,,
12193925,2,2,6,2,6,,,,,,,,
12193927,2,2,6,4,11,,,,,,,,
12193937,2,2,6,7,,,,,7,,,,
12193938,2,2,6,6,,,,,,,,,
12193939,0,0,2,1,,,,,,,,,
12193947,0,0,4,2,,,,,,,,,
12193948,2,2,6,6,,,,,,,,,
12193949,2,2,7,6,,,,,,,,,
12193968,0,0,4,1,,,,,,,,,
12193986,2,2,4,6,10,,,,,,,,
12193987,2,2,6,6,,,,,,,,,
12193988,2,2,4,7,11,,,,,,,,
12193989,1,1,5,6,6,,,,,,,,
12193990,2,2,6,7,,,,,7,,,,
12193996,2,2,7,6,,,,,,,,,
12193997,2,2,6,6,,,,,,,,,
12193998,0,0,3,3,,,,,,,,,
12194007,2,2,4,7,7,,,,7,,,,
12194008,2,2,5,7,6,,,,8,,,,
12194009,1,1,6,2,3,,,,,,,,
12194011,1,1,6,6,1,,,,6,,,,
12194012,1,1,6,4,3,,,,,,,,
12194013,1,1,6,5,5,,,,,,,,
12194014,1,1,6,5,4,,,,,,,,
12194017,0,0,4,3,,,,,,,,,
12194077,2,2,7,6,,,,11,,,,,
12194078,2,2,6,6,,,,,,,,,
12194079,2,2,4,6,10,,,,,,,,
12194080,0,0,4,3,,,,,,,,,
12194083,2,2,7,6,,,,,,,,,
12194084,2,2,7,6,,,,,,,,,
12194085,0,0,3,0,,,,,,,,,
12194086,2,2,3,6,7,,,,,7,,,
12194091,0,0,2,2,,,,,,,,,
12194092,2,2,6,6,,,,,,,,,
12194093,0,0,1,2,,,,,,,,,
12194094,0,0,2,4,,,,,,,,,
12194095,2,2,7,6,,,,7,,,,,
12194097,2,2,6,6,,,,,,,,,
12194136,1,1,6,1,3,,,,,,,,
12194137,2,2,6,6,,,,,,,,,
12194138,0,0,0,2,,,,,,,,,
12194152,,,,,,,,,,,,,
12194159,,,,,,,,,,,,,
12194216,0,0,6,4,,,,5,,,,,
12194217,2,2,6,6,,,,,,,,,
12194218,1,1,7,4,10,,,7,,,,,
12194465,0,0,6,5,,,,3,,,,,
12194467,0,0,2,6,,,,,11,,,,
12194468,0,0,1,4,,,,,,,,,
12194470,0,0,1,0,,,,,,,,,
12194471,1,1,6,3,4,,,,,,,,
12194472,0,0,5,3,,,,,,,,,
12194528,0,0,6,5,,,,2,,,,,
12194529,2,2,6,6,,,,,,,,,
12194531,2,2,6,6,,,,,,,,,
12194532,0,0,5,2,,,,,,,,,
12194802,1,1,3,6,7,,,,,,,,
12194803,0,0,6,1,,,,,,,,,
12194804,2,2,6,7,,,,,,,,,
12194805,2,2,1,6,10,,,,,,,,
12194806,2,2,6,7,,,,,,,,,
12194809,2,2,7,6,,,,,,,,,
12194810,2,2,6,7,,,,,,,,,
12194813,1,1,4,7,7,,,,,,,,
12196018,2,2,6,6,,,,,,,,,
12196019,0,0,5,3,,,,,,,,,
12196020,0,0,6,2,,,,3,,,,,
12196021,2,2,7,6,,,,,,,,,
12196022,0,0,5,1,,,,,,,,,
12196023,2,2,6,6,,,,,,,,,
12196024,2,2,6,6,,,,,,,,,
12196025,2,2,6,6,,,,,,,,,
12156286,1,1,5,7,4,,,,7,,,,
12156296,2,2,6,7,,,,,7,,,,
12156297,2,2,7,1,6,,,7,,,,,
12156298,2,2,7,6,,,,,,,,,
12156299,0,0,3,2,,,,,,,,,
12156300,0,0,6,3,,,,1,,,,,
12156301,,,,,,,,,,,,,
12156302,0,0,4,2,,,,,,,,,
12156304,0,0,3,5,,,,,,,,,
12156305,1,1,3,6,2,,,,,,,,
12157161,0,0,4,3,,,,,,,,,
12157162,1,1,4,6,1,,,,,,,,
12157163,2,2,3,6,7,,,,,7,,,
12157167,0,0,6,0,,,,5,,,,,
12157168,2,2,6,6,,,,,,,,,
12157169,2,2,6,6,,,,,,,,,
12157172,2,2,6,6,,,,,,,,,
12157173,0,0,6,3,,,,3,,,,,
12159540,2,2,6,6,,,,,,,,,
12159541,2,2,6,7,,,,,7,,,,
12159542,2,2,6,6,,,,,,,,,
12159543,1,1,1,7,6,,,,,5,,,
12159544,1,1,6,7,3,,,5,7,,,,
12159545,2,2,7,6,,,,,,,,,
12159547,2,2,7,6,,,,7,,,,,
12159549,0,0,5,3,,,,,,,,,
12189037,0,0,3,3,,,,,,,,,
12189039,2,2,6,6,,,,,,,,,
12189040,2,2,6,6,,,,,,,,,
12189041,1,1,6,4,5,,,,,,,,
12189042,1,1,6,5,0,,,,,,,,
12189043,0,0,6,4,,,,4,,,,,
12189044,,,,,,,,,,,,,
12189045,2,2,6,1,6,,,,,,,,
12189706,2,2,4,6,7,,,,,,,,
12189707,2,2,6,5,7,,,,,,,,
12189708,0,0,3,3,,,,,,,,,
12189709,,,,,,,,,,,,,
12189710,0,0,3,2,,,,,,,,,
12189711,,,,,,,,,,,,,
12189712,0,0,3,4,,,,,,,,,
12189713,2,2,6,3,6,,,,,,,,
12189714,0,0,5,3,,,,,,,,,
12189715,2,2,3,6,7,,,,,7,,,
12189716,2,2,6,4,6,,,,,,,,
12189717,0,0,5,4,,,,,,,,,
12189718,0,0,3,4,,,,,,,,,
12189719,0,0,3,1,,,,,,,,,
12189720,0,0,4,2,,,,,,,,,
12189721,1,1,7,3,6,,,7,,6,,,
12189722,1,1,2,6,3,,,,,,,,
12189723,0,0,4,3,,,,,,,,,
12189724,1,1,6,4,3,,,,,,,,
12189725,2,2,6,6,,,,,,,,,
12189959,1,1,4,6,2,,,,,,,,
12189960,0,0,1,3,,,,,,,,,
12189961,1,1,4,6,3,,,,,,,,
12189962,1,1,6,,,,,,,,,,
12189963,2,2,4,6,6,,,,,,,,
12189964,0,0,1,3,,,,,,,,,
12189965,0,0,2,4,,,,,,,,,
12190181,0,0,4,3,,,,,,,,,
12190182,2,2,1,6,6,,,,,,,,
12190183,0,0,2,0,,,,,,,,,
12190184,1,1,7,5,2,,,,,,,,
12190185,0,0,2,0,,,,,,,,,
12190186,1,1,6,3,3,,,,,,,,
12190187,0,0,6,3,,,,5,,,,,
12190188,2,2,6,7,,,,,7,,,,
12190189,0,0,3,1,,,,,,,,,
12190191,0,0,6,1,,,,10,,,,,
12190192,1,1,1,7,2,,,,10,,,,
12190193,2,2,6,6,,,,,,,,,
12190259,2,2,7,1,7,,,,,,,,
12190260,2,2,6,6,,,,,,,,,
12190262,2,2,6,6,,,,,,,,,
12190266,0,0,3,3,,,,,,,,,
12190268,2,2,7,6,,,,7,,,,,
12190270,,,,,,,,,,,,,
12190272,,,,,,,,,,,,,
12190274,0,0,3,5,,,,,,,,,
12190275,2,2,7,7,,,,8,,,,,
12190277,1,1,4,6,4,,,,,,,,
12190406,,,,,,,,,,,,,
12190408,2,2,6,0,6,,,,,,,,
12190424,2,2,6,6,,,,,,,,,
12190426,2,2,6,6,,,,,,,,,
12190430,2,2,6,6,,,,,,,,,
12190434,1,1,2,6,2,,,,,,,,
12190436,0,0,3,2,,,,,,,,,
12190444,2,2,6,6,,,,,,,,,
12190452,0,0,2,2,,,,,,,,,
12190453,0,0,1,3,,,,,,,,,
12190495,0,0,4,3,,,,,,,,,
12190537,2,2,3,6,7,,,,,,,,
12190557,2,2,6,7,,,,,,,,,
12190658,2,2,6,6,,,,,,,,,
12190746,2,2,4,6,6,,,,,,,,
12190799,0,0,1,1,,,,,,,,,
12190801,,,,,,,,,,,,,
12190802,2,2,6,6,,,,,,,,,
12190803,2,2,6,7,,,,,,,,,
12190804,2,2,7,6,,,,,,,,,
12190805,2,2,6,6,,,,,,,,,
12190806,0,0,4,1,,,,,,,,,
12190807,2,2,6,6,,,,,,,,,
12190808,2,2,6,6,,,,,,,,,
12190853,2,2,7,6,,,,9,,,,,
12190854,0,0,6,6,,,,3,3,,,,
12190855,2,2,6,6,,,,,,,,,
12190856,2,2,6,6,,,,,,,,,
12190911,2,2,6,6,,,,,,,,,
12190912,2,2,6,6,,,,,,,,,
12190913,0,0,6,0,,,,3,,,,,
12190936,0,0,3,3,,,,,,,,,
12190937,0,0,3,0,,,,,,,,,
12190938,0,0,4,1,,,,,,,,,
12190975,0,0,1,4,,,,,,,,,
12190979,0,0,3,0,,,,,,,,,
12190981,0,0,2,5,,,,,,,,,
12190983,2,2,6,6,,,,,,,,,
12190985,2,2,6,6,,,,,,,,,
12190987,1,1,6,1,5,,,,,,,,
12190989,2,2,6,3,10,,,,,,,,
12190991,2,2,6,6,,,,,,,,,
12190992,2,2,6,6,,,,,,,,,
12190998,2,2,7,6,,,,,,,,,
12191028,0,0,6,5,,,,3,,,,,
12191095,2,2,6,6,,,,,,,,,
12191097,2,2,6,6,,,,,,,,,
12191098,2,2,6,6,,,,,,,,,
12191099,2,2,6,6,,,,,,,,,
12191101,2,2,6,6,,,,,,,,,
12191103,2,2,6,7,,,,,,,,,
12191113,2,2,6,6,,,,,,,,,
12191114,2,2,6,6,,,,,,,,,
12191115,2,2,6,7,,,,,,,,,
12191116,2,2,6,6,,,,,,,,,
12191119,2,2,6,6,,,,,,,,,
12191147,2,2,6,6,,,,,,,,,
12191148,2,2,3,6,10,,,,,,,,
12191149,0,0,4,3,,,,,,,,,
12191370,0,0,2,5,,,,,,,,,
12191381,2,2,6,7,,,,,7,,,,
12191455,2,2,6,6,,,,,,,,,
12191456,2,2,7,6,,,,7,,,,,
12191457,0,0,2,0,,,,,,,,,
12191459,0,0,2,2,,,,,,,,,
12191460,2,2,6,4,7,,,,,7,,,
12191461,2,2,6,6,,,,,,,,,
12191462,2,2,7,1,6,,,,,,,,
12191463,2,2,6,6,,,,,,,,,
12191464,2,2,6,6,,,,,,,,,
12191465,0,0,3,1,,,,,,,,,
12191466,2,2,6,6,,,,,,,,,
12191467,2,2,4,6,6,,,,,,,,
12191468,2,2,6,6,,,,,,,,,
12191469,0,0,1,5,,,,,,,,,
12191470,2,2,6,6,,,,,,,,,
12191471,,,,,,,,,,,,,
12191500,0,0,2,2,,,,,,,,,
12191510,2,2,7,2,6,,,7,,,,,
12191524,2,2,3,7,6,,,,7,,,,
12191535,2,2,5,6,10,,,,,,,,
12191536,2,2,6,7,,,,,,,,,
12191537,1,1,6,6,5,,,,,,,,
12191538,2,2,7,6,,,,,,,,,
12191539,1,1,6,5,8,,,,,,,,
12191541,2,2,6,7,,,,,,,,,
12191542,1,1,7,6,6,,,,,,,,
12191543,0,0,6,5,,,,,,,,,
12191544,2,2,6,6,,,,,,,,,
12191545,1,1,0,6,6,,,,,,,,
12191546,0,0,4,4,,,,,,,,,
12191547,2,2,3,6,10,,,,,,,,
12191548,1,1,4,6,12,,,,,,,,
12191549,2,2,6,6,,,,,,,,,
12191550,,,,,,,,,,,,,
12191646,2,2,6,7,,,,,,,,,
12191656,1,1,6,1,1,,,,,,,,
12191667,0,0,4,4,,,,,,,,,
12191676,1,1,6,5,3,,,,,,,,
12191703,1,1,6,6,5,,,,3,,,,
12191710,2,2,7,6,,,,,,,,,
12191716,0,0,3,4,,,,,,,,,
12191722,0,0,4,1,,,,,,,,,
12191729,0,0,1,2,,,,,,,,,
12191733,2,2,6,6,,,,,,,,,
12191737,2,2,6,6,7,,,2,,7,,,
12191738,2,2,7,6,,,,,,,,,
12191742,2,2,6,6,6,,,,4,,,,
12191743,1,1,6,6,3,,,4,,,,,
12191747,1,1,2,6,0,,,,,,,,
12191749,0,0,4,4,,,,,,,,,
12191871,1,1,3,6,5,,,,,,,,
12191872,0,0,6,3,,,,9,,,,,
12191873,0,0,0,4,,,,,,,,,
12191874,2,2,7,6,,,,,,,,,
12191876,0,0,4,4,,,,,,,,,
12191877,2,2,6,4,7,,,,,11,,,
12191878,0,0,0,0,,,,,,,,,
12191879,,,,,,,,,,,,,
12191899,2,2,5,6,7,,,,,,,,
12191900,1,1,6,1,2,,,,,,,,
12191915,2,2,6,6,,,,,,,,,
12192441,2,2,6,6,,,,,,,,,
12192442,2,2,6,6,,,,,,,,,
12192443,2,2,6,6,,,,,,,,,
12192444,2,2,7,6,,,,7,,,,,
12192445,0,0,1,2,,,,,,,,,
12192448,2,2,6,6,,,,,,,,,
12192452,2,2,7,6,,,,,,,,,
12192453,0,0,6,4,,,,5,,,,,
12193102,1,1,1,6,8,,,,,,,,
12193158,1,1,3,6,1,,,,,,,,
12193165,2,2,4,6,6,,,,,,,,
12193179,0,0,3,1,,,,,,,,,
12193203,0,0,2,2,,,,,,,,,
12193217,2,2,6,6,,,,,,,,,
12193289,0,0,2,6,,,,,3,,,,
12193290,2,2,6,3,6,,,,,,,,
12193291,2,2,6,7,,,,,7,,,,
12193292,2,2,6,6,,,,,,,,,
12193293,2,2,6,6,,,,,,,,,
12193294,2,2,6,7,,,,,7,,,,
12193295,2,2,6,6,,,,,,,,,
12193296,1,1,6,7,1,,,3,,,,,
12193297,0,0,4,5,,,,,,,,,
12193299,1,1,1,6,5,,,,,,,,
12193300,0,0,2,3,,,,,,,,,
12193301,0,0,2,1,,,,,,,,,
12193329,2,2,6,6,,,,,,,,,
12193333,0,0,4,2,,,,,,,,,
12193336,1,1,6,6,5,,,,2,,,,
12193339,0,0,3,1,,,,,,,,,
12193348,2,2,6,6,,,,,,,,,
12193419,0,0,4,4,,,,,,,,,
12193464,0,0,3,2,,,,,,,,,
12193465,0,0,3,4,,,,,,,,,
12193467,0,0,5,4,,,,,,,,,
12193469,0,0,3,0,,,,,,,,,
12193470,2,2,7,6,,,,7,,,,,
12193509,2,2,6,7,,,,,,,,,
12193521,1,1,5,6,1,,,,,,,,
12193539,0,0,0,3,,,,,,,,,
12193540,2,2,3,7,6,,,,8,,,,
12193639,0,0,4,2,,,,,,,,,
12193640,2,2,3,6,6,,,,,,,,
12193641,0,0,0,4,,,,,,,,,
12193642,0,0,1,3,,,,,,,,,
12193643,0,0,2,3,,,,,,,,,
12193644,2,2,6,6,,,,,,,,,
12193645,2,2,6,6,,,,,,,,,
12193737,1,1,6,2,8,,,,,,,,
12193738,2,2,6,6,,,,,,,,,
12193739,1,1,6,6,6,,,5,,,,,
12193740,1,1,6,3,2,,,,,,,,
12193741,2,2,0,6,6,,,,,,,,
12193742,2,2,6,6,,,,,,,,,
12193744,2,2,6,7,,,,,,,,,
12193750,1,1,2,6,6,,,,,3,,,
12193751,0,0,3,1,,,,,,,,,
12193752,2,2,6,6,,,,,,,,,
12193753,2,2,7,6,,,,,,,,,
12193754,2,2,6,6,,,,,,,,,
12193755,2,2,6,6,,,,,,,,,
12193756,2,2,6,6,,,,,,,,,
12193757,2,2,6,6,,,,,,,,,
12193758,2,2,6,6,,,,,,,,,
12193759,2,2,6,4,10,,,,,,,,
12193760,2,2,6,0,6,,,,,,,,
12193761,0,0,3,2,,,,,,,,,
12193763,2,2,6,6,,,,,,,,,
12193764,1,1,6,6,2,,,5,,,,,
12193767,2,2,4,7,6,,,,,,,,
12193769,2,2,7,6,,,,7,,,,,
12193770,2,2,6,6,,,,,,,,,
12193773,0,0,2,3,,,,,,,,,
12193774,0,0,5,0,,,,,,,,,
12193776,1,1,4,6,3,,,,,,,,
12193777,0,0,4,1,,,,,,,,,
12193781,2,2,6,6,,,,,,,,,
12193782,0,0,2,4,,,,,,,,,
12193783,1,1,5,6,5,,,,,,,,
12193786,2,2,5,6,10,,,,,,,,
12193822,0,0,2,3,,,,,,,,,
12193823,2,2,6,6,,,,,,,,,
12193824,2,2,6,3,10,,,,,,,,
12193825,2,2,6,7,,,,,,,,,
12193826,2,2,7,6,,,,,,,,,
12193827,1,1,7,1,1,,,,,,,,
12193828,0,0,5,2,,,,,,,,,
12193830,0,0,4,4,,,,,,,,,
12193831,2,2,4,6,6,,,,,,,,
12193832,1,1,7,3,4,,,,,,,,
12193836,1,1,2,6,4,,,,,,,,
12193837,2,2,6,6,,,,,,,,,
12193838,2,2,6,7,,,,,7,,,,
12193839,2,2,6,6,,,,,,,,,
12193840,0,0,1,4,,,,,,,,,
12193841,2,2,6,6,,,,,,,,,
12193842,1,1,6,6,0,,,5,,,,,
12193843,2,2,6,6,,,,,,,,,
12193844,1,1,6,6,3,,,8,,,,,
12193849,0,0,6,2,,,,9,,,,,
12193850,2,2,6,6,,,,,,,,,
12193851,2,2,6,7,,,,,7,,,,
12193857,0,0,4,3,,,,,,,,,
12193913,2,2,7,6,,,,,,,,,
12193914,0,0,4,6,,,,,,,,,
12193915,2,2,5,6,10,,,,,,,,
12193916,2,2,6,6,,,,,,,,,
12193917,1,1,6,1,9,,,,,,,,
12193918,2,2,7,6,,,,7,,,,,
12193920,2,2,6,6,,,,,,,,,
12193921,0,0,1,4,,,,,,,,,
12193922,1,1,0,6,4,,,,,,,,
12193923,2,2,2,6,6,,,,,,,,
12193924,2,2,6,6,,,,,,,,,
12193925,2,2,6,2,6,,,,,,,,
12193927,2,2,6,4,11,,,,,,,,
12193937,2,2,6,7,,,,,7,,,,
12193938,2,2,6,6,,,,,,,,,
12193939,0,0,2,1,,,,,,,,,
12193940,0,0,4,4,,,,,,,,,
12193941,0,0,3,2,,,,,,,,,
12193946,2,2,6,6,6,,,5,,,,,
12193947,0,0,4,2,,,,,,,,,
12193948,2,2,6,6,,,,,,,,,
12193949,2,2,7,6,,,,,,,,,
12193968,0,0,4,1,,,,,,,,,
12193986,2,2,4,6,10,,,,,,,,
12193987,2,2,6,6,,,,,,,,,
12193988,2,2,4,7,11,,,,,,,,
12193989,1,1,5,6,6,,,,,,,,
12193990,2,2,6,7,,,,,7,,,,
12193996,2,2,7,6,,,,,,,,,
12193997,2,2,6,6,,,,,,,,,
12193998,0,0,3,3,,,,,,,,,
12194006,0,0,5,4,,,,,,,,,
12194007,2,2,4,7,7,,,,7,,,,
12194008,2,2,5,7,6,,,,8,,,,
12194009,1,1,6,2,3,,,,,,,,
12194010,2,2,6,4,7,,,,,,,,
12194011,1,1,6,6,1,,,,6,,,,
12194012,1,1,6,4,3,,,,,,,,
12194013,1,1,6,5,5,,,,,,,,
12194014,1,1,6,5,4,,,,,,,,
12194015,1,1,7,6,3,,,,3,,,,
12194016,2,2,6,7,,,,,7,,,,
12194017,0,0,4,3,,,,,,,,,
12194018,0,0,3,6,,,,,1,,,,
12194019,0,0,4,2,,,,,,,,,
12194020,0,0,3,3,,,,,,,,,
12194022,2,2,6,6,,,,,,,,,
12194077,2,2,7,6,,,,11,,,,,
12194078,2,2,6,6,,,,,,,,,
12194079,2,2,4,6,10,,,,,,,,
12194080,0,0,4,3,,,,,,,,,
12194083,2,2,7,6,,,,,,,,,
12194084,2,2,7,6,,,,,,,,,
12194085,0,0,3,0,,,,,,,,,
12194086,2,2,3,6,7,,,,,7,,,
12194090,2,2,7,6,,,,7,,,,,
12194091,0,0,2,2,,,,,,,,,
12194092,2,2,6,6,,,,,,,,,
12194093,0,0,1,2,,,,,,,,,
12194094,0,0,2,4,,,,,,,,,
12194095,2,2,7,6,,,,7,,,,,
12194097,2,2,6,6,,,,,,,,,
12194098,0,0,3,1,,,,,,,,,
12194136,1,1,6,1,3,,,,,,,,
12194137,2,2,6,6,,,,,,,,,
12194138,0,0,0,2,,,,,,,,,
12194151,0,0,6,4,,,,9,,,,,
12194152,,,,,,,,,,,,,
12194154,0,0,3,5,,,,,,,,,
12194159,,,,,,,,,,,,,
12194160,0,0,5,2,,,,,,,,,
12194161,2,2,4,6,6,,,,,,,,
12194216,0,0,6,4,,,,5,,,,,
12194217,2,2,6,6,,,,,,,,,
12194218,1,1,7,4,10,,,7,,,,,
12194399,2,2,7,4,6,,,8,,,,,
12194465,0,0,6,5,,,,3,,,,,
12194466,0,0,6,3,,,,4,,,,,
12194467,0,0,2,6,,,,,11,,,,
12194468,0,0,1,4,,,,,,,,,
12194470,0,0,1,0,,,,,,,,,
12194471,1,1,6,3,4,,,,,,,,
12194472,0,0,5,3,,,,,,,,,
12194473,2,2,6,6,6,,,5,,,,,
12194528,0,0,6,5,,,,2,,,,,
12194529,2,2,6,6,,,,,,,,,
12194530,2,2,7,6,,,,,,,,,
12194531,2,2,6,6,,,,,,,,,
12194532,0,0,5,2,,,,,,,,,
12194534,2,2,6,6,,,,,,,,,
12194537,2,2,6,6,,,,,,,,,
12194539,0,0,1,5,,,,,,,,,
12194540,2,2,6,6,,,,,,,,,
12194541,2,2,6,4,6,,,,,,,,
12194639,2,2,6,6,,,,,,,,,
12194640,2,2,6,6,,,,,,,,,
12194641,1,1,6,6,3,,,7,,,,,
12194643,2,2,6,7,,,,,7,,,,
12194644,2,2,7,6,,,,,,,,,
12194645,0,0,2,5,,,,,,,,,
12194646,2,2,7,7,,,,,7,,,,
12194656,2,2,6,6,,,,,,,,,
12194683,2,2,3,6,6,,,,,,,,
12194802,1,1,3,6,7,,,,,,,,
12194803,0,0,6,1,,,,,,,,,
12194804,2,2,6,7,,,,,,,,,
12194805,2,2,1,6,10,,,,,,,,
12194806,2,2,6,7,,,,,,,,,
12194807,1,1,2,7,3,,,,,,,,
12194808,2,2,7,6,,,,9,,,,,
12194809,2,2,7,6,,,,,,,,,
12194810,2,2,6,7,,,,,,,,,
12194811,2,2,6,6,,,,,,,,,
12194812,2,2,7,6,,,,,,,,,
12194813,1,1,4,7,7,,,,,,,,
12194814,1,1,1,6,4,,,,,,,,
12194815,1,1,4,6,3,,,,,,,,
12194816,2,2,6,6,,,,,,,,,
12194966,1,1,7,5,6,,,,,5,,,
12194967,0,0,4,3,,,,,,,,,
12194968,0,0,4,3,,,,,,,,,
12194969,0,0,4,2,,,,,,,,,
12195182,1,1,6,2,3,,,,,,,,
12195183,1,1,7,5,1,,,7,,,,,
12195188,0,0,6,6,,,,4,4,,,,
12195189,1,1,6,3,2,,,,,,,,
12195191,2,2,6,7,6,,,4,7,,,,
12195192,2,2,5,6,6,,,,,,,,
12195196,1,1,3,7,6,,,,7,4,,,
12195199,1,1,1,6,3,,,,,,,,
12195200,0,0,1,4,,,,,,,,,
12195201,2,2,6,6,,,,,,,,,
12195203,2,2,6,6,,,,,,,,,
12195206,2,2,6,6,,,,,,,,,
12195207,0,0,0,3,,,,,,,,,
12195208,1,1,6,6,5,,,,6,,,,
12195209,2,2,6,7,,,,,7,,,,
12195210,2,2,1,7,6,,,,7,,,,
12195211,0,0,2,1,,,,,,,,,
12195212,0,0,2,4,,,,,,,,,
12195213,2,2,6,6,,,,,,,,,
12195214,1,1,6,0,1,,,,,,,,
12195215,2,2,6,6,,,,,,,,,
12195216,1,1,6,3,4,,,,,,,,
12195217,0,0,0,6,,,,,5,,,,
12195218,0,0,2,6,,,,,8,,,,
12195231,2,2,6,6,,,,,,,,,
12195233,0,0,5,1,,,,,,,,,
12195235,2,2,4,7,6,,,,,,,,
12195236,0,0,5,1,,,,,,,,,
12195237,2,2,2,7,6,,,,7,,,,
12195238,0,0,3,3,,,,,,,,,
12195239,0,0,4,1,,,,,,,,,
12195240,2,2,6,6,,,,,,,,,
12195241,2,2,4,6,6,,,,,,,,
12195242,0,0,2,2,,,,,,,,,
12195243,2,2,6,6,,,,,,,,,
12195244,0,0,2,1,,,,,,,,,
12195246,2,2,6,6,,,,,,,,,
12195249,0,0,2,1,,,,,,,,,
12195250,0,0,5,1,,,,,,,,,
12195254,2,2,6,6,,,,,,,,,
12195255,0,0,3,1,,,,,,,,,
12195270,2,2,6,6,,,,,,,,,
12195271,1,1,7,0,2,,,,,,,,
12195272,0,0,4,2,,,,,,,,,
12195273,0,0,1,3,,,,,,,,,
12195274,0,0,3,0,,,,,,,,,
12195276,2,2,6,6,,,,,,,,,
12195277,2,2,6,7,,,,,7,,,,
12195278,2,2,7,6,,,,7,,,,,
12195280,0,0,2,4,,,,,,,,,
12195281,1,1,0,6,0,,,,,,,,
12195283,2,2,6,7,,,,,,,,,
12195284,0,0,4,3,,,,,,,,,
12195285,0,0,0,3,,,,,,,,,
12195286,2,2,4,6,7,,,,,,,,
12195287,0,0,3,2,,,,,,,,,
12195288,2,2,6,6,,,,,,,,,
12195289,2,2,6,6,,,,,,,,,
12195290,0,0,2,4,,,,,,,,,
12195291,2,2,4,6,6,,,,,,,,
12195293,1,1,2,6,4,,,,,,,,
12195296,1,1,6,6,4,,,7,,,,,
12195297,1,1,6,0,2,,,,,,,,
12195298,0,0,2,0,,,,,,,,,
12195299,0,0,4,0,,,,,,,,,
12195300,0,0,1,4,,,,,,,,,
12195302,1,1,3,6,0,,,,,,,,
12195303,1,1,6,3,4,,,,,,,,
12195783,0,0,3,3,,,,,,,,,
12195793,,,,,,,,,,,,,
12195795,2,2,6,6,,,,,,,,,
12195807,2,2,1,7,6,,,,10,,,,
12195808,2,2,6,6,,,,,,,,,
12195809,2,2,6,6,,,,,,,,,
12196018,2,2,6,6,,,,,,,,,
12196019,0,0,5,3,,,,,,,,,
12196020,0,0,6,2,,,,3,,,,,
12196021,2,2,7,6,,,,,,,,,
12196022,0,0,5,1,,,,,,,,,
12196023,2,2,6,6,,,,,,,,,
12196024,2,2,6,6,,,,,,,,,
12196025,2,2,6,6,,,,,,,,,
12196342,2,2,6,6,,,,,,,,,
12196343,2,2,6,6,6,,,7,,,,,
12196344,1,1,6,2,3,,,,,,,,
12196345,0,0,2,5,,,,,,,,,
12196346,0,0,2,3,,,,,,,,,
12196347,2,2,6,6,,,,,,,,,
12196348,2,2,6,6,,,,,,,,,
12196349,0,0,2,4,,,,,,,,,
12196692,2,2,7,6,,,,,,,,,
12196693,1,1,3,6,3,,,,,,,,
12196694,2,2,6,4,7,,,,,7,,,
12196696,1,1,6,5,0,,,,,,,,
12196697,0,0,4,2,,,,,,,,,
12196698,1,1,6,5,3,,,,,,,,
12196712,0,0,4,5,,,,,,,,,
12196713,2,2,6,0,6,,,,,,,,
12196819,0,0,2,1,,,,,,,,,
12196820,2,2,6,3,6,,,,,,,,
12196821,2,2,6,6,,,,,,,,,
12196822,0,0,3,3,,,,,,,,,
12196823,2,2,0,6,6,,,,,,,,
12196824,2,2,7,6,,,,,,,,,
12196825,0,0,4,3,,,,,,,,,
12196862,2,2,6,6,,,,,,,,,
12196863,2,2,6,6,,,,,,,,,
12196864,2,2,6,6,,,,,,,,,
12196865,2,2,6,6,,,,,,,,,
12196866,2,2,6,6,,,,,,,,,
12196867,1,1,7,3,1,,,7,,,,,
12196868,2,2,4,7,6,,,,,,,,
12196869,1,1,6,3,,,,,,,,,
12196870,0,0,1,4,,,,,,,,,
12196871,2,2,7,6,,,,7,,,,,
12196872,1,1,6,3,,,,,,,,,
12196873,0,0,2,4,,,,,,,,,
12196874,2,2,6,6,,,,,,,,,
12196875,2,2,6,7,6,,,7,,,,,
12196876,0,0,4,4,,,,,,,,,
12196940,2,2,7,6,,,,7,,,,,
12196943,0,0,3,0,,,,,,,,,
12196944,2,2,6,5,6,,,,,,,,
12196945,0,0,1,1,,,,,,,,,
12196951,0,0,1,4,,,,,,,,,
12196955,1,1,6,1,3,,,,,,,,
12196960,2,2,7,1,6,,,7,,,,,
12196963,0,0,2,4,,,,,,,,,
12197068,1,1,6,6,4,,,5,,,,,
12197206,1,1,6,0,3,,,,,,,,
12197207,2,2,6,6,,,,,,,,,
12197279,1,1,3,6,5,,,,,,,,
12197282,2,2,5,7,6,,,,,,,,
12197283,1,1,5,6,3,,,,,,,,
12197284,2,2,5,7,6,,,,,,,,
12197285,0,0,3,2,,,,,,,,,
12197361,0,0,1,2,,,,,,,,,
12197510,2,2,6,6,,,,,,,,,
12197543,2,2,6,6,,,,,,,,,
12197544,0,0,1,1,,,,,,,,,
12197546,1,1,6,6,1,,,,4,,,,
12197547,2,2,5,7,6,,,,,,,,
12197549,0,0,1,2,,,,,,,,,
12197550,2,2,2,6,7,,,,,,,,
12197552,2,2,7,6,,,,7,,,,,
12197554,2,2,6,6,,,,,,,,,
12197555,2,2,5,6,6,,,,,,,,
12197557,0,0,1,4,,,,,,,,,
12197558,1,1,2,6,4,,,,,,,,
12197559,1,1,2,6,5,,,,,,,,
12197658,2,2,6,6,,,,,,,,,
12197682,2,2,6,7,,,,,7,,,,
12197693,2,2,6,6,,,,,,,,,
12197694,2,2,6,7,,,,,,,,,
12197695,0,0,2,4,,,,,,,,,
12197696,0,0,5,4,,,,,,,,,
12197697,0,0,3,4,,,,,,,,,
12197698,0,0,1,1,,,,,,,,,
12197699,0,0,5,0,,,,,,,,,
12197700,2,2,6,6,,,,,,,,,
12197713,0,0,3,4,,,,,,,,,
12197715,2,2,2,6,6,,,,,,,,
12197819,0,0,4,5,,,,,,,,,
12197827,2,2,4,6,6,,,,,,,,
12197833,2,2,6,6,,,,,,,,,
12197935,2,2,4,6,6,,,,,,,,
12197936,1,1,7,2,3,,,,,,,,
12197939,1,1,1,7,2,,,,16,,,,
12198024,2,2,4,6,6,,,,,,,,
12198172,0,0,2,1,,,,,,,,,
12198306,0,0,6,1,,,,2,,,,,
12198309,2,2,6,6,,,,,,,,,
12198311,0,0,0,,,,,,,,,,
12198312,2,2,1,6,7,,,,,,,,
12198754,0,0,6,4,,,,7,,,,,
12198755,2,2,7,6,,,,7,,,,,
12198756,1,1,6,2,1,,,,,,,,
12198757,1,1,7,0,0,,,,,,,,
12198758,0,0,3,4,,,,,,,,,
12198759,2,2,7,7,,,,7,7,,,,
12198760,1,1,0,6,0,,,,,,,,
12199666,2,2,6,6,,,,,,,,,
12156286,1,1,5,7,4,,,,7,,,,
12156288,2,2,3,6,6,,,,,,,,
12156290,0,0,3,2,,,,,,,,,
12156297,2,2,7,1,6,,,7,,,,,
12157161,0,0,4,3,,,,,,,,,
12157162,1,1,4,6,1,,,,,,,,
12157163,2,2,3,6,7,,,,,7,,,
12157167,0,0,6,0,,,,5,,,,,
12157168,2,2,6,6,,,,,,,,,
12157169,2,2,6,6,,,,,,,,,
12157170,0,0,4,2,,,,,,,,,
12157172,2,2,6,6,,,,,,,,,
12157173,0,0,6,3,,,,3,,,,,
12157175,0,0,2,6,,,,,7,,,,
12173696,0,0,4,1,,,,,,,,,
12173697,0,0,2,0,,,,,,,,,
12173698,2,2,6,7,,,,,,,,,
12173702,0,0,4,2,,,,,,,,,
12173703,0,0,3,2,,,,,,,,,
12173706,0,0,4,,,,,,,,,,
12173949,2,2,7,0,6,,,8,,,,,
12173951,1,1,4,6,3,,,,,,,,
12173957,,,,,,,,,,,,,
12173990,2,2,6,6,,,,,,,,,
12173992,0,0,0,6,,,,,3,,,,
12173995,2,2,6,1,6,,,,,,,,
12173998,2,2,7,6,,,,,,,,,
12174251,0,0,6,2,,,,5,,,,,
12174252,,,,,,,,,,,,,
12174256,2,2,7,5,6,,,7,,,,,
12174259,2,2,6,2,7,,,,,,,,
12174403,2,2,7,6,,,,10,,,,,
12174404,0,0,1,5,,,,,,,,,
12174405,0,0,5,2,,,,,,,,,
12174407,0,0,3,0,,,,,,,,,
12174409,0,0,6,4,,,,4,,,,,
12174411,2,2,6,6,,,,,,,,,
12174413,2,2,6,7,,,,,7,,,,
12174414,2,2,4,6,6,,,,,,,,
12174430,0,0,0,,,,,,,,,,
12174440,1,1,6,2,5,,,,,,,,
12174442,2,2,6,6,,,,,,,,,
12174443,1,1,7,2,5,,,,,,,,
12189037,0,0,3,3,,,,,,,,,
12189038,2,2,3,7,6,,,,7,,,,
12189039,2,2,6,6,,,,,,,,,
12189043,0,0,6,4,,,,4,,,,,
12189045,2,2,6,1,6,,,,,,,,
12189046,2,2,4,6,7,,,,,7,,,
12189706,2,2,4,6,7,,,,,,,,
12189710,0,0,3,2,,,,,,,,,
12189712,0,0,3,4,,,,,,,,,
12189713,2,2,6,3,6,,,,,,,,
12189715,2,2,3,6,7,,,,,7,,,
12189716,2,2,6,4,6,,,,,,,,
12189717,0,0,5,4,,,,,,,,,
12189718,0,0,3,4,,,,,,,,,
12189719,0,0,3,1,,,,,,,,,
12189959,1,1,4,6,2,,,,,,,,
12189960,0,0,1,3,,,,,,,,,
12189961,1,1,4,6,3,,,,,,,,
12189962,1,1,6,,,,,,,,,,
12189963,2,2,4,6,6,,,,,,,,
12189964,0,0,1,3,,,,,,,,,
12189965,0,0,2,4,,,,,,,,,
12190182,2,2,1,6,6,,,,,,,,
12190183,0,0,2,0,,,,,,,,,
12190184,1,1,7,5,2,,,,,,,,
12190185,0,0,2,0,,,,,,,,,
12190187,0,0,6,3,,,,5,,,,,
12190188,2,2,6,7,,,,,7,,,,
12190189,0,0,3,1,,,,,,,,,
12190192,1,1,1,7,2,,,,10,,,,
12190259,2,2,7,1,7,,,,,,,,
12190260,2,2,6,6,,,,,,,,,
12190262,2,2,6,6,,,,,,,,,
12190263,1,1,6,3,6,,,,,9,,,
12190270,,,,,,,,,,,,,
12190274,0,0,3,5,,,,,,,,,
12190275,2,2,7,7,,,,8,,,,,
12190277,1,1,4,6,4,,,,,,,,
12190406,,,,,,,,,,,,,
12191327,0,0,5,4,,,,,,,,,
12191330,2,2,6,6,,,,,,,,,
12191332,0,0,3,2,,,,,,,,,
12191334,,,,,,,,,,,,,
12191335,,,,,,,,,,,,,
12191336,0,0,3,4,,,,,,,,,
12191337,0,0,3,,,,,,,,,,
12191338,2,2,6,7,,,,,7,,,,
12191547,2,2,3,6,10,,,,,,,,
12191703,1,1,6,6,5,,,,3,,,,
12191710,2,2,7,6,,,,,,,,,
12191729,0,0,1,2,,,,,,,,,
12191737,2,2,6,6,7,,,2,,7,,,
12191743,1,1,6,6,3,,,4,,,,,
12191747,1,1,2,6,0,,,,,,,,
12191749,0,0,4,4,,,,,,,,,
12191872,0,0,6,3,,,,9,,,,,
12191873,0,0,0,4,,,,,,,,,
12191876,0,0,4,4,,,,,,,,,
12191878,0,0,0,0,,,,,,,,,
12192441,2,2,6,6,,,,,,,,,
12192442,2,2,6,6,,,,,,,,,
12192443,2,2,6,6,,,,,,,,,
12192444,2,2,7,6,,,,7,,,,,
12192445,0,0,1,2,,,,,,,,,
12192448,2,2,6,6,,,,,,,,,
12192452,2,2,7,6,,,,,,,,,
12192453,0,0,6,4,,,,5,,,,,
12193158,1,1,3,6,1,,,,,,,,
12193165,2,2,4,6,6,,,,,,,,
12193290,2,2,6,3,6,,,,,,,,
12193294,2,2,6,7,,,,,7,,,,
12193295,2,2,6,6,,,,,,,,,
12193296,1,1,6,7,1,,,3,,,,,
12193464,0,0,3,2,,,,,,,,,
12193465,0,0,3,4,,,,,,,,,
12193466,2,2,6,6,,,,,,,,,
12193467,0,0,5,4,,,,,,,,,
12193468,0,0,4,4,,,,,,,,,
12193469,0,0,3,0,,,,,,,,,
12193470,2,2,7,6,,,,7,,,,,
12193539,0,0,0,3,,,,,,,,,
12193540,2,2,3,7,6,,,,8,,,,
12193642,0,0,1,3,,,,,,,,,
12193643,0,0,2,3,,,,,,,,,
12193644,2,2,6,6,,,,,,,,,
12193645,2,2,6,6,,,,,,,,,
12193760,2,2,6,0,6,,,,,,,,
12193761,0,0,3,2,,,,,,,,,
12193763,2,2,6,6,,,,,,,,,
12193767,2,2,4,7,6,,,,,,,,
12193769,2,2,7,6,,,,7,,,,,
12193770,2,2,6,6,,,,,,,,,
12193918,2,2,7,6,,,,7,,,,,
12193922,1,1,0,6,4,,,,,,,,
12193938,2,2,6,6,,,,,,,,,
12193939,0,0,2,1,,,,,,,,,
12193940,0,0,4,4,,,,,,,,,
12193941,0,0,3,2,,,,,,,,,
12193946,2,2,6,6,6,,,5,,,,,
12193966,0,0,3,0,,,,,,,,,
12194006,0,0,5,4,,,,,,,,,
12194007,2,2,4,7,7,,,,7,,,,
12194008,2,2,5,7,6,,,,8,,,,
12194010,2,2,6,4,7,,,,,,,,
12194015,1,1,7,6,3,,,,3,,,,
12194016,2,2,6,7,,,,,7,,,,
12194018,0,0,3,6,,,,,1,,,,
12194019,0,0,4,2,,,,,,,,,
12194020,0,0,3,3,,,,,,,,,
12194022,2,2,6,6,,,,,,,,,
12194080,0,0,4,3,,,,,,,,,
12194084,2,2,7,6,,,,,,,,,
12194086,2,2,3,6,7,,,,,7,,,
12194090,2,2,7,6,,,,7,,,,,
12194095,2,2,7,6,,,,7,,,,,
12194097,2,2,6,6,,,,,,,,,
12194098,0,0,3,1,,,,,,,,,
12194137,2,2,6,6,,,,,,,,,
12194151,0,0,6,4,,,,9,,,,,
12194154,0,0,3,5,,,,,,,,,
12194159,,,,,,,,,,,,,
12194160,0,0,5,2,,,,,,,,,
12194161,2,2,4,6,6,,,,,,,,
12194216,0,0,6,4,,,,5,,,,,
12194399,2,2,7,4,6,,,8,,,,,
12194465,0,0,6,5,,,,3,,,,,
12194466,0,0,6,3,,,,4,,,,,
12194471,1,1,6,3,4,,,,,,,,
12194473,2,2,6,6,6,,,5,,,,,
12194528,0,0,6,5,,,,2,,,,,
12194529,2,2,6,6,,,,,,,,,
12194530,2,2,7,6,,,,,,,,,
12194531,2,2,6,6,,,,,,,,,
12194532,0,0,5,2,,,,,,,,,
12194534,2,2,6,6,,,,,,,,,
12194537,2,2,6,6,,,,,,,,,
12194539,0,0,1,5,,,,,,,,,
12194540,2,2,6,6,,,,,,,,,
12194541,2,2,6,4,6,,,,,,,,
12194639,2,2,6,6,,,,,,,,,
12194640,2,2,6,6,,,,,,,,,
12194641,1,1,6,6,3,,,7,,,,,
12194643,2,2,6,7,,,,,7,,,,
12194644,2,2,7,6,,,,,,,,,
12194645,0,0,2,5,,,,,,,,,
12194646,2,2,7,7,,,,,7,,,,
12194656,2,2,6,6,,,,,,,,,
12194683,2,2,3,6,6,,,,,,,,
12194802,1,1,3,6,7,,,,,,,,
12194803,0,0,6,1,,,,,,,,,
12194804,2,2,6,7,,,,,,,,,
12194805,2,2,1,6,10,,,,,,,,
12194806,2,2,6,7,,,,,,,,,
12194807,1,1,2,7,3,,,,,,,,
12194808,2,2,7,6,,,,9,,,,,
12194809,2,2,7,6,,,,,,,,,
12194810,2,2,6,7,,,,,,,,,
12194811,2,2,6,6,,,,,,,,,
12194812,2,2,7,6,,,,,,,,,
12194813,1,1,4,7,7,,,,,,,,
12194814,1,1,1,6,4,,,,,,,,
12194815,1,1,4,6,3,,,,,,,,
12194816,2,2,6,6,,,,,,,,,
12194966,1,1,7,5,6,,,,,5,,,
12194967,0,0,4,3,,,,,,,,,
12194968,0,0,4,3,,,,,,,,,
12194969,0,0,4,2,,,,,,,,,
12195182,1,1,6,2,3,,,,,,,,
12195183,1,1,7,5,1,,,7,,,,,
12195188,0,0,6,6,,,,4,4,,,,
12195189,1,1,6,3,2,,,,,,,,
12195191,2,2,6,7,6,,,4,7,,,,
12195192,2,2,5,6,6,,,,,,,,
12195196,1,1,3,7,6,,,,7,4,,,
12195199,1,1,1,6,3,,,,,,,,
12195200,0,0,1,4,,,,,,,,,
12195201,2,2,6,6,,,,,,,,,
12195203,2,2,6,6,,,,,,,,,
12195205,2,2,6,6,,,,,,,,,
12195206,2,2,6,6,,,,,,,,,
12195207,0,0,0,3,,,,,,,,,
12195208,1,1,6,6,5,,,,6,,,,
12195209,2,2,6,7,,,,,7,,,,
12195210,2,2,1,7,6,,,,7,,,,
12195211,0,0,2,1,,,,,,,,,
12195212,0,0,2,4,,,,,,,,,
12195213,2,2,6,6,,,,,,,,,
12195214,1,1,6,0,1,,,,,,,,
12195215,2,2,6,6,,,,,,,,,
12195216,1,1,6,3,4,,,,,,,,
12195217,0,0,0,6,,,,,5,,,,
12195218,0,0,2,6,,,,,8,,,,
12195231,2,2,6,6,,,,,,,,,
12195233,0,0,5,1,,,,,,,,,
12195235,2,2,4,7,6,,,,,,,,
12195236,0,0,5,1,,,,,,,,,
12195237,2,2,2,7,6,,,,7,,,,
12195238,0,0,3,3,,,,,,,,,
12195239,0,0,4,1,,,,,,,,,
12195240,2,2,6,6,,,,,,,,,
12195241,2,2,4,6,6,,,,,,,,
12195242,0,0,2,2,,,,,,,,,
12195243,2,2,6,6,,,,,,,,,
12195244,0,0,2,1,,,,,,,,,
12195246,2,2,6,6,,,,,,,,,
12195247,2,2,3,7,6,,,,8,,,,
12195249,0,0,2,1,,,,,,,,,
12195250,0,0,5,1,,,,,,,,,
12195254,2,2,6,6,,,,,,,,,
12195255,0,0,3,1,,,,,,,,,
12195257,2,2,6,6,,,,,,,,,
12195270,2,2,6,6,,,,,,,,,
12195271,1,1,7,0,2,,,,,,,,
12195272,0,0,4,2,,,,,,,,,
12195273,0,0,1,3,,,,,,,,,
12195274,0,0,3,0,,,,,,,,,
12195276,2,2,6,6,,,,,,,,,
12195277,2,2,6,7,,,,,7,,,,
12195278,2,2,7,6,,,,7,,,,,
12195279,2,2,6,6,,,,,,,,,
12195280,0,0,2,4,,,,,,,,,
12195281,1,1,0,6,0,,,,,,,,
12195283,2,2,6,7,,,,,,,,,
12195284,0,0,4,3,,,,,,,,,
12195285,0,0,0,3,,,,,,,,,
12195286,2,2,4,6,7,,,,,,,,
12195287,0,0,3,2,,,,,,,,,
12195288,2,2,6,6,,,,,,,,,
12195289,2,2,6,6,,,,,,,,,
12195290,0,0,2,4,,,,,,,,,
12195291,2,2,4,6,6,,,,,,,,
12195293,1,1,2,6,4,,,,,,,,
12195296,1,1,6,6,4,,,7,,,,,
12195297,1,1,6,0,2,,,,,,,,
12195298,0,0,2,0,,,,,,,,,
12195299,0,0,4,0,,,,,,,,,
12195300,0,0,1,4,,,,,,,,,
12195302,1,1,3,6,0,,,,,,,,
12195303,1,1,6,3,4,,,,,,,,
12195781,2,2,6,6,,,,,,,,,
12195782,1,1,7,1,6,,,7,,2,,,
12195783,0,0,3,3,,,,,,,,,
12195793,,,,,,,,,,,,,
12195794,2,2,7,6,,,,9,,,,,
12195795,2,2,6,6,,,,,,,,,
12195807,2,2,1,7,6,,,,10,,,,
12195808,2,2,6,6,,,,,,,,,
12195809,2,2,6,6,,,,,,,,,
12195810,2,2,7,6,,,,7,,,,,
12196342,2,2,6,6,,,,,,,,,
12196343,2,2,6,6,6,,,7,,,,,
12196344,1,1,6,2,3,,,,,,,,
12196345,0,0,2,5,,,,,,,,,
12196346,0,0,2,3,,,,,,,,,
12196347,2,2,6,6,,,,,,,,,
12196348,2,2,6,6,,,,,,,,,
12196349,0,0,2,4,,,,,,,,,
12196479,2,2,6,3,7,,,,,,,,
12196582,1,1,6,5,3,,,,,,,,
12196599,2,2,2,6,6,,,,,,,,
12196692,2,2,7,6,,,,,,,,,
12196693,1,1,3,6,3,,,,,,,,
12196694,2,2,6,4,7,,,,,7,,,
12196695,2,2,6,6,6,,,8,,,,,
12196696,1,1,6,5,0,,,,,,,,
12196697,0,0,4,2,,,,,,,,,
12196698,1,1,6,5,3,,,,,,,,
12196712,0,0,4,5,,,,,,,,,
12196713,2,2,6,0,6,,,,,,,,
12196755,1,1,6,4,,,,,,,,,
12196780,0,0,2,2,,,,,,,,,
12196799,2,2,7,6,6,,,,4,,,,
12196819,0,0,2,1,,,,,,,,,
12196820,2,2,6,3,6,,,,,,,,
12196821,2,2,6,6,,,,,,,,,
12196822,0,0,3,3,,,,,,,,,
12196823,2,2,0,6,6,,,,,,,,
12196824,2,2,7,6,,,,,,,,,
12196825,0,0,4,3,,,,,,,,,
12196862,2,2,6,6,,,,,,,,,
12196863,2,2,6,6,,,,,,,,,
12196864,2,2,6,6,,,,,,,,,
12196865,2,2,6,6,,,,,,,,,
12196866,2,2,6,6,,,,,,,,,
12196867,1,1,7,3,1,,,7,,,,,
12196868,2,2,4,7,6,,,,,,,,
12196869,1,1,6,3,,,,,,,,,
12196870,0,0,1,4,,,,,,,,,
12196871,2,2,7,6,,,,7,,,,,
12196872,1,1,6,3,,,,,,,,,
12196873,0,0,2,4,,,,,,,,,
12196874,2,2,6,6,,,,,,,,,
12196875,2,2,6,7,6,,,7,,,,,
12196876,0,0,4,4,,,,,,,,,
12196877,2,2,6,6,,,,,,,,,
12196940,2,2,7,6,,,,7,,,,,
12196943,0,0,3,0,,,,,,,,,
12196944,2,2,6,5,6,,,,,,,,
12196945,0,0,1,1,,,,,,,,,
12196951,0,0,1,4,,,,,,,,,
12196955,1,1,6,1,3,,,,,,,,
12196960,2,2,7,1,6,,,7,,,,,
12196963,0,0,2,4,,,,,,,,,
12197068,1,1,6,6,4,,,5,,,,,
12197206,1,1,6,0,3,,,,,,,,
12197207,2,2,6,6,,,,,,,,,
12197279,1,1,3,6,5,,,,,,,,
12197280,2,2,6,6,,,,,,,,,
12197281,2,2,6,7,,,,,7,,,,
12197282,2,2,5,7,6,,,,,,,,
12197283,1,1,5,6,3,,,,,,,,
12197284,2,2,5,7,6,,,,,,,,
12197285,0,0,3,2,,,,,,,,,
12197295,0,0,2,3,,,,,,,,,
12197356,2,2,4,6,6,,,,,,,,
12197357,0,0,3,6,,,,,8,,,,
12197358,2,2,6,6,,,,,,,,,
12197359,0,0,4,3,,,,,,,,,
12197360,2,2,5,6,7,,,,,,,,
12197361,0,0,1,2,,,,,,,,,
12197362,0,0,6,3,,,,3,,,,,
12197363,1,1,6,5,5,,,,,,,,
12197364,0,0,0,,,,,,,,,,
12197510,2,2,6,6,,,,,,,,,
12197543,2,2,6,6,,,,,,,,,
12197544,0,0,1,1,,,,,,,,,
12197545,2,2,6,5,6,,,,,,,,
12197546,1,1,6,6,1,,,,4,,,,
12197547,2,2,5,7,6,,,,,,,,
12197549,0,0,1,2,,,,,,,,,
12197550,2,2,2,6,7,,,,,,,,
12197551,1,1,6,4,,,,,,,,,
12197552,2,2,7,6,,,,7,,,,,
12197553,2,2,6,6,,,,,,,,,
12197554,2,2,6,6,,,,,,,,,
12197555,2,2,5,6,6,,,,,,,,
12197556,1,1,1,7,5,,,,7,,,,
12197557,0,0,1,4,,,,,,,,,
12197558,1,1,2,6,4,,,,,,,,
12197559,1,1,2,6,5,,,,,,,,
12197658,2,2,6,6,,,,,,,,,
12197675,1,1,7,4,5,,,7,,,,,
12197682,2,2,6,7,,,,,7,,,,
12197693,2,2,6,6,,,,,,,,,
12197694,2,2,6,7,,,,,,,,,
12197695,0,0,2,4,,,,,,,,,
12197696,0,0,5,4,,,,,,,,,
12197697,0,0,3,4,,,,,,,,,
12197698,0,0,1,1,,,,,,,,,
12197699,0,0,5,0,,,,,,,,,
12197700,2,2,6,6,,,,,,,,,
12197705,1,1,6,3,4,,,,,,,,
12197710,0,0,1,4,,,,,,,,,
12197713,0,0,3,4,,,,,,,,,
12197715,2,2,2,6,6,,,,,,,,
12197786,2,2,6,7,,,,,7,,,,
12197793,0,0,3,1,,,,,,,,,
12197816,2,2,4,6,6,,,,,,,,
12197819,0,0,4,5,,,,,,,,,
12197827,2,2,4,6,6,,,,,,,,
12197833,2,2,6,6,,,,,,,,,
12197834,0,0,3,2,,,,,,,,,
12197835,0,0,6,6,,,,4,4,,,,
12197843,2,2,6,6,,,,,,,,,
12197935,2,2,4,6,6,,,,,,,,
12197936,1,1,7,2,3,,,,,,,,
12197938,1,1,3,6,4,,,,,,,,
12197939,1,1,1,7,2,,,,16,,,,
12197940,2,2,6,6,,,,,,,,,
12197941,0,0,1,2,,,,,,,,,
12198024,2,2,4,6,6,,,,,,,,
12198140,0,0,4,2,,,,,,,,,
12198151,0,0,2,5,,,,,,,,,
12198172,0,0,2,1,,,,,,,,,
12198199,1,1,6,5,2,,,,,,,,
12198200,0,0,4,3,,,,,,,,,
12198207,2,2,7,6,,,,,,,,,
12198305,0,0,4,3,,,,,,,,,
12198306,0,0,6,1,,,,2,,,,,
12198307,0,0,3,3,,,,,,,,,
12198308,0,0,0,1,,,,,,,,,
12198309,2,2,6,6,,,,,,,,,
12198310,1,1,5,7,4,,,,,,,,
12198311,0,0,0,,,,,,,,,,
12198312,2,2,1,6,7,,,,,,,,
12198657,2,2,6,6,,,,,,,,,
12198752,0,0,5,3,,,,,,,,,
12198754,0,0,6,4,,,,7,,,,,
12198755,2,2,7,6,,,,7,,,,,
12198756,1,1,6,2,1,,,,,,,,
12198757,1,1,7,1,3,,,,,,,,
12198758,0,0,3,4,,,,,,,,,
12198759,2,2,7,7,,,,7,7,,,,
12198760,1,1,0,6,0,,,,,,,,
12198791,2,2,3,6,7,,,,,,,,
12198870,1,1,6,4,0,,,,,,,,
12198872,0,0,3,6,,,,,6,,,,
12198890,2,2,7,1,6,,,7,,,,,
12198931,2,2,6,6,,,,,,,,,
12198932,0,0,0,5,,,,,,,,,
12198961,0,0,2,1,,,,,,,,,
12199138,0,0,2,2,,,,,,,,,
12199144,2,2,6,6,,,,,,,,,
12199155,0,0,3,4,,,,,,,,,
12199156,1,1,6,2,3,,,,,,,,
12199211,0,0,5,3,,,,,,,,,
12199234,2,2,2,6,6,,,,,,,,
12199342,2,2,7,6,,,,,,,,,
12199352,1,1,7,4,3,,,7,,,,,
12199364,2,2,6,6,,,,,,,,,
12199375,,,,,,,,,,,,,
12199376,0,0,2,4,,,,,,,,,
12199384,0,0,2,3,,,,,,,,,
12199385,1,1,3,6,1,,,,,,,,
12199391,2,2,5,6,6,,,,,,,,
12199435,2,2,6,7,,,,,7,,,,
12199463,1,1,6,6,1,,,,5,,,,
12199491,0,0,3,2,,,,,,,,,
12199570,0,0,4,3,,,,,,,,,
12199571,2,2,6,6,,,,,,,,,
12199587,2,2,7,6,,,,,,,,,
12199593,2,2,7,6,,,,,,,,,
12199594,2,2,6,6,,,,,,,,,
12199595,2,2,6,6,,,,,,,,,
12199613,0,0,2,0,,,,,,,,,
12199614,1,1,5,6,5,,,,,,,,
12199615,2,2,6,6,,,,,,,,,
12199616,0,0,6,1,,,,4,,,,,
12199625,0,0,6,4,,,,4,,,,,
12199628,1,1,6,0,,,,,,,,,
12199634,0,0,4,4,,,,,,,,,
12199639,2,2,6,7,,,,,,,,,
12199640,0,0,5,6,,,,,3,,,,
12199646,1,1,6,5,1,,,,,,,,
12199662,1,1,6,6,2,,,,4,,,,
12199666,2,2,6,6,,,,,,,,,
12199667,1,1,6,2,6,,,,,2,,,
12199668,0,0,3,1,,,,,,,,,
12199670,2,2,6,7,,,,,,,,,
12199671,,,,,,,,,,,,,
12199672,2,2,6,6,,,,,,,,,
12199673,2,2,6,6,,,,,,,,,
12199675,1,1,6,4,6,,,,,4,,,
12199697,0,0,3,3,,,,,,,,,
12199698,0,0,3,2,,,,,,,,,
12199708,2,2,6,1,6,,,,,,,,
12199709,0,0,0,1,,,,,,,,,
12199711,1,1,1,6,4,,,,,,,,
12199712,2,2,6,6,,,,,,,,,
12199716,2,2,6,6,6,,,,4,,,,
12199717,0,0,6,0,,,,4,,,,,
12199728,0,0,5,5,,,,,,,,,
12199768,2,2,6,6,,,,,,,,,
12199769,1,1,6,3,3,,,,,,,,
12199774,0,0,6,2,,,,5,,,,,
12199775,0,0,3,2,,,,,,,,,
12199776,1,1,6,3,5,,,,,,,,
12199780,0,0,1,,,,,,,,,,
12199781,2,2,6,6,6,,,9,,,,,
12199786,0,0,0,2,,,,,,,,,
12199787,0,0,0,3,,,,,,,,,
12199789,0,0,4,1,,,,,,,,,
12199809,0,0,3,1,,,,,,,,,
12199810,0,0,5,2,,,,,,,,,
12199813,0,0,4,4,,,,,,,,,
12199815,2,2,6,6,,,,,,,,,
12199817,0,0,5,4,,,,,,,,,
12199818,1,1,7,3,1,,,9,,,,,
12199822,2,2,6,6,,,,,,,,,
12199823,0,0,3,2,,,,,,,,,
12199845,2,2,6,7,,,,,7,,,,
12199850,2,2,6,7,6,,,7,,,,,
12199860,2,2,7,6,,,,8,,,,,
12199863,2,2,7,6,,,,,,,,,
12199865,2,2,6,6,7,,,3,,8,,,
12199902,0,0,1,0,,,,,,,,,
12199938,2,2,6,6,,,,,,,,,
12199997,1,1,3,7,3,,,,,,,,
12199998,2,2,5,6,6,,,,,,,,
12200027,1,1,4,7,4,,,,7,,,,
12200040,0,0,3,2,,,,,,,,,
12200065,0,0,2,1,,,,,,,,,
12200102,2,2,2,6,6,,,,,,,,
12200135,0,0,4,5,,,,,,,,,
12200174,2,2,6,7,,,,,7,,,,
12200176,1,1,6,1,,,,,,,,,
12200185,0,0,6,3,,,,6,,,,,
12200217,0,0,2,2,,,,,,,,,
12200218,0,0,1,2,,,,,,,,,
12200225,2,2,4,6,7,,,,,7,,,
12200286,1,1,4,7,3,,,,,,,,
12200287,1,1,6,3,4,,,,,,,,
12200336,0,0,3,2,,,,,,,,,
12200520,2,2,7,6,,,,,,,,,
12200526,2,2,6,6,,,,,,,,,
12201735,0,0,3,6,,,,,3,,,,
12201886,0,0,6,4,,,,2,,,,,
12156287,0,0,3,2,,,,,,,,,
12156288,2,2,3,6,6,,,,,,,,
12156290,0,0,3,2,,,,,,,,,
12156346,2,2,6,0,7,,,,,7,,,
12157164,2,2,6,7,,,,,,,,,
12157165,0,0,2,4,,,,,,,,,
12157170,0,0,4,2,,,,,,,,,
12157175,0,0,2,6,,,,,7,,,,
12173696,0,0,4,1,,,,,,,,,
12173697,0,0,2,0,,,,,,,,,
12173698,2,2,6,7,,,,,,,,,
12173699,1,1,6,6,2,,,4,,,,,
12173702,0,0,4,2,,,,,,,,,
12173703,0,0,3,2,,,,,,,,,
12173704,0,0,6,2,,,,3,,,,,
12173706,0,0,4,,,,,,,,,,
12173708,0,0,6,3,,,,5,,,,,
12173713,1,1,7,3,4,,,,,,,,
12173948,1,1,1,6,6,,,,,3,,,
12173949,2,2,7,0,6,,,8,,,,,
12173951,1,1,4,6,3,,,,,,,,
12173952,0,0,6,1,,,,4,,,,,
12173953,1,1,6,2,4,,,,,,,,
12173955,2,2,4,6,6,,,,,,,,
12173957,,,,,,,,,,,,,
12173962,2,2,0,7,6,,,,7,,,,
12173990,2,2,6,6,,,,,,,,,
12173992,0,0,0,6,,,,,3,,,,
12173993,2,2,6,6,,,,,,,,,
12173995,2,2,6,1,6,,,,,,,,
12173998,2,2,7,6,,,,,,,,,
12173999,0,0,5,4,,,,,,,,,
12174000,2,2,7,3,6,,,7,,,,,
12174002,0,0,5,6,,,,,2,,,,
12174249,0,0,1,4,,,,,,,,,
12174251,0,0,6,2,,,,5,,,,,
12174252,,,,,,,,,,,,,
12174255,2,2,6,3,6,,,,,,,,
12174256,2,2,7,5,6,,,7,,,,,
12174258,1,1,4,6,4,,,,,,,,
12174259,2,2,6,2,7,,,,,,,,
12174260,1,1,1,6,4,,,,,,,,
12174391,2,2,6,6,,,,,,,,,
12174394,1,1,3,6,10,,,,,,,,
12174395,0,0,5,4,,,,,,,,,
12174396,0,0,5,0,,,,,,,,,
12174403,2,2,7,6,,,,10,,,,,
12174404,0,0,1,5,,,,,,,,,
12174405,0,0,5,2,,,,,,,,,
12174406,1,1,6,5,3,,,,,,,,
12174407,0,0,3,0,,,,,,,,,
12174409,0,0,6,4,,,,4,,,,,
12174410,0,0,4,4,,,,,,,,,
12174411,2,2,6,6,,,,,,,,,
12174413,2,2,6,7,,,,,7,,,,
12174414,2,2,4,6,6,,,,,,,,
12174415,2,2,7,6,,,,7,,,,,
12174416,0,0,1,1,,,,,,,,,
12174430,0,0,0,,,,,,,,,,
12174436,2,2,2,6,6,,,,,,,,
12174437,0,0,2,1,,,,,,,,,
12174438,1,1,1,7,2,,,,,,,,
12174440,1,1,6,2,5,,,,,,,,
12174441,0,0,1,6,,,,,5,,,,
12174442,2,2,6,6,,,,,,,,,
12174443,1,1,7,2,5,,,,,,,,
12189037,0,0,3,3,,,,,,,,,
12189038,2,2,3,7,6,,,,7,,,,
12189046,2,2,4,6,7,,,,,7,,,
12190263,1,1,6,3,6,,,,,9,,,
12191327,0,0,5,4,,,,,,,,,
12191330,2,2,6,6,,,,,,,,,
12191332,0,0,3,2,,,,,,,,,
12191334,,,,,,,,,,,,,
12191335,,,,,,,,,,,,,
12191336,0,0,3,4,,,,,,,,,
12191337,0,0,3,,,,,,,,,,
12191338,2,2,6,7,,,,,7,,,,
12193465,0,0,3,4,,,,,,,,,
12193466,2,2,6,6,,,,,,,,,
12193468,0,0,4,4,,,,,,,,,
12193966,0,0,3,0,,,,,,,,,
12194154,0,0,3,5,,,,,,,,,
12194807,1,1,2,7,3,,,,,,,,
12194815,1,1,4,6,3,,,,,,,,
12195201,2,2,6,6,,,,,,,,,
12195205,2,2,6,6,,,,,,,,,
12195218,0,0,2,6,,,,,8,,,,
12195233,0,0,5,1,,,,,,,,,
12195238,0,0,3,3,,,,,,,,,
12195240,2,2,6,6,,,,,,,,,
12195247,2,2,3,7,6,,,,8,,,,
12195257,2,2,6,6,,,,,,,,,
12195279,2,2,6,6,,,,,,,,,
12195288,2,2,6,6,,,,,,,,,
12195295,2,2,6,7,,,,,,,,,
12195781,2,2,6,6,,,,,,,,,
12195782,1,1,7,1,6,,,7,,2,,,
12195783,0,0,3,3,,,,,,,,,
12195793,,,,,,,,,,,,,
12195794,2,2,7,6,,,,9,,,,,
12195795,2,2,6,6,,,,,,,,,
12195807,2,2,1,7,6,,,,10,,,,
12195810,2,2,7,6,,,,7,,,,,
12196479,2,2,6,3,7,,,,,,,,
12196582,1,1,6,5,3,,,,,,,,
12196599,2,2,2,6,6,,,,,,,,
12196695,2,2,6,6,6,,,8,,,,,
12196755,1,1,6,4,,,,,,,,,
12196780,0,0,2,2,,,,,,,,,
12196799,2,2,7,6,6,,,,4,,,,
12196864,2,2,6,6,,,,,,,,,
12196867,1,1,7,3,1,,,7,,,,,
12196875,2,2,6,7,6,,,7,,,,,
12196876,0,0,4,4,,,,,,,,,
12196877,2,2,6,6,,,,,,,,,
12197279,1,1,3,6,5,,,,,,,,
12197280,2,2,6,6,,,,,,,,,
12197281,2,2,6,7,,,,,7,,,,
12197283,1,1,5,6,3,,,,,,,,
12197295,0,0,2,3,,,,,,,,,
12197356,2,2,4,6,6,,,,,,,,
12197357,0,0,3,6,,,,,8,,,,
12197358,2,2,6,6,,,,,,,,,
12197359,0,0,4,3,,,,,,,,,
12197360,2,2,5,6,7,,,,,,,,
12197361,0,0,1,2,,,,,,,,,
12197362,0,0,6,3,,,,3,,,,,
12197363,1,1,6,5,5,,,,,,,,
12197364,0,0,0,,,,,,,,,,
12197545,2,2,6,5,6,,,,,,,,
12197546,1,1,6,6,1,,,,4,,,,
12197551,1,1,6,4,,,,,,,,,
12197552,2,2,7,6,,,,7,,,,,
12197553,2,2,6,6,,,,,,,,,
12197555,2,2,5,6,6,,,,,,,,
12197556,1,1,1,7,5,,,,7,,,,
12197559,1,1,2,6,5,,,,,,,,
12197675,1,1,7,4,5,,,7,,,,,
12197681,2,2,7,6,,,,7,,,,,
12197694,2,2,6,7,,,,,,,,,
12197695,0,0,2,4,,,,,,,,,
12197698,0,0,1,1,,,,,,,,,
12197705,1,1,6,3,4,,,,,,,,
12197710,0,0,1,4,,,,,,,,,
12197786,2,2,6,7,,,,,7,,,,
12197793,0,0,3,1,,,,,,,,,
12197816,2,2,4,6,6,,,,,,,,
12197834,0,0,3,2,,,,,,,,,
12197835,0,0,6,6,,,,4,4,,,,
12197843,2,2,6,6,,,,,,,,,
12197935,2,2,4,6,6,,,,,,,,
12197936,1,1,7,2,3,,,,,,,,
12197937,2,2,7,6,,,,7,,,,,
12197938,1,1,3,6,4,,,,,,,,
12197939,1,1,1,7,2,,,,16,,,,
12197940,2,2,6,6,,,,,,,,,
12197941,0,0,1,2,,,,,,,,,
12197942,0,0,1,5,,,,,,,,,
12198115,2,2,6,6,,,,,,,,,
12198140,0,0,4,2,,,,,,,,,
12198151,0,0,2,5,,,,,,,,,
12198172,0,0,2,1,,,,,,,,,
12198199,1,1,6,5,2,,,,,,,,
12198200,0,0,4,3,,,,,,,,,
12198207,2,2,7,6,,,,,,,,,
12198305,0,0,4,3,,,,,,,,,
12198306,0,0,6,1,,,,2,,,,,
12198307,0,0,3,3,,,,,,,,,
12198308,0,0,0,1,,,,,,,,,
12198309,2,2,6,6,,,,,,,,,
12198310,1,1,5,7,4,,,,,,,,
12198311,0,0,0,,,,,,,,,,
12198312,2,2,1,6,7,,,,,,,,
12198657,2,2,6,6,,,,,,,,,
12198752,0,0,5,3,,,,,,,,,
12198791,2,2,3,6,7,,,,,,,,
12198870,1,1,6,4,0,,,,,,,,
12198872,0,0,3,6,,,,,6,,,,
12198890,2,2,7,1,6,,,7,,,,,
12198931,2,2,6,6,,,,,,,,,
12198932,0,0,0,5,,,,,,,,,
12198961,0,0,2,1,,,,,,,,,
12199138,0,0,2,2,,,,,,,,,
12199144,2,2,6,6,,,,,,,,,
12199155,0,0,3,4,,,,,,,,,
12199156,1,1,6,2,3,,,,,,,,
12199211,0,0,5,3,,,,,,,,,
12199234,2,2,2,6,6,,,,,,,,
12199342,2,2,7,6,,,,,,,,,
12199352,1,1,7,4,3,,,7,,,,,
12199364,2,2,6,6,,,,,,,,,
12199375,,,,,,,,,,,,,
12199376,0,0,2,4,,,,,,,,,
12199384,0,0,2,3,,,,,,,,,
12199385,1,1,3,6,1,,,,,,,,
12199391,2,2,5,6,6,,,,,,,,
12199435,2,2,6,7,,,,,7,,,,
12199463,1,1,6,6,1,,,,5,,,,
12199491,0,0,3,2,,,,,,,,,
12199570,0,0,4,3,,,,,,,,,
12199571,2,2,6,6,,,,,,,,,
12199587,2,2,7,6,,,,,,,,,
12199593,2,2,7,6,,,,,,,,,
12199594,2,2,6,6,,,,,,,,,
12199595,2,2,6,6,,,,,,,,,
12199611,2,2,6,6,,,,,,,,,
12199613,0,0,2,0,,,,,,,,,
12199614,1,1,5,6,5,,,,,,,,
12199615,2,2,6,6,,,,,,,,,
12199616,0,0,6,1,,,,4,,,,,
12199623,2,2,6,6,,,,,,,,,
12199625,0,0,6,4,,,,4,,,,,
12199626,0,0,3,0,,,,,,,,,
12199628,1,1,6,0,,,,,,,,,
12199634,0,0,4,4,,,,,,,,,
12199639,2,2,6,7,,,,,,,,,
12199640,0,0,5,6,,,,,3,,,,
12199646,1,1,6,5,1,,,,,,,,
12199662,1,1,6,6,2,,,,4,,,,
12199666,2,2,6,6,,,,,,,,,
12199667,1,1,6,2,6,,,,,2,,,
12199668,0,0,3,1,,,,,,,,,
12199670,2,2,6,7,,,,,,,,,
12199671,,,,,,,,,,,,,
12199672,2,2,6,6,,,,,,,,,
12199673,2,2,6,6,,,,,,,,,
12199675,1,1,6,4,6,,,,,4,,,
12199676,0,0,0,5,,,,,,,,,
12199697,0,0,3,3,,,,,,,,,
12199698,0,0,3,2,,,,,,,,,
12199708,2,2,6,1,6,,,,,,,,
12199709,0,0,0,1,,,,,,,,,
12199711,1,1,1,6,4,,,,,,,,
12199712,2,2,6,6,,,,,,,,,
12199716,2,2,6,6,6,,,,4,,,,
12199717,0,0,6,0,,,,4,,,,,
12199728,0,0,5,5,,,,,,,,,
12199768,2,2,6,6,,,,,,,,,
12199769,1,1,6,3,3,,,,,,,,
12199774,0,0,6,2,,,,5,,,,,
12199775,0,0,3,2,,,,,,,,,
12199776,1,1,6,3,5,,,,,,,,
12199780,0,0,1,,,,,,,,,,
12199781,2,2,6,6,6,,,9,,,,,
12199786,0,0,0,2,,,,,,,,,
12199787,0,0,0,3,,,,,,,,,
12199789,0,0,4,1,,,,,,,,,
12199809,0,0,3,1,,,,,,,,,
12199810,0,0,5,2,,,,,,,,,
12199813,0,0,4,4,,,,,,,,,
12199815,2,2,6,6,,,,,,,,,
12199817,0,0,5,4,,,,,,,,,
12199818,1,1,7,3,1,,,9,,,,,
12199821,1,1,6,6,1,,,,3,,,,
12199822,2,2,6,6,,,,,,,,,
12199823,0,0,3,2,,,,,,,,,
12199845,2,2,6,7,,,,,7,,,,
12199850,2,2,6,7,6,,,7,,,,,
12199860,2,2,7,6,,,,8,,,,,
12199863,2,2,7,6,,,,,,,,,
12199865,2,2,6,6,7,,,3,,8,,,
12199902,0,0,1,0,,,,,,,,,
12199937,2,2,2,6,6,,,,,,,,
12199938,2,2,6,6,,,,,,,,,
12199997,1,1,3,7,3,,,,,,,,
12199998,2,2,5,6,6,,,,,,,,
12200027,1,1,4,7,4,,,,7,,,,
12200040,0,0,3,2,,,,,,,,,
12200065,0,0,2,1,,,,,,,,,
12200102,2,2,2,6,6,,,,,,,,
12200135,0,0,4,5,,,,,,,,,
12200174,2,2,6,7,,,,,7,,,,
12200176,1,1,6,1,,,,,,,,,
12200185,0,0,6,3,,,,6,,,,,
12200217,0,0,2,2,,,,,,,,,
12200218,0,0,1,2,,,,,,,,,
12200224,0,0,3,3,,,,,,,,,
12200225,2,2,4,6,7,,,,,7,,,
12200251,0,0,4,2,,,,,,,,,
12200286,1,1,4,7,3,,,,,,,,
12200287,1,1,6,3,4,,,,,,,,
12200336,0,0,3,2,,,,,,,,,
12200520,2,2,7,6,,,,,,,,,
12200526,2,2,6,6,,,,,,,,,
12201259,1,1,2,6,4,,,,,,,,
12201260,0,0,2,1,,,,,,,,,
12201279,2,2,6,4,6,,,,,,,,
12201307,2,2,4,6,7,,,,,,,,
12201308,1,1,6,4,4,,,,,,,,
12201395,2,2,7,6,7,,,7,6,7,,,
12201399,1,1,6,4,4,,,,,,,,
12201400,2,2,6,0,6,,,,,,,,
12201722,1,1,6,,,,,,,,,,
12201735,0,0,3,6,,,,,3,,,,
12201738,1,1,4,6,2,,,,,,,,
12201760,2,2,7,6,,,,7,,,,,
12201761,0,0,0,2,,,,,,,,,
12201764,1,1,7,4,1,,,,,,,,
12201825,2,2,7,6,,,,,,,,,
12201870,0,0,4,1,,,,,,,,,
12201871,0,0,5,4,,,,,,,,,
12201878,2,2,5,6,6,,,,,,,,
12201886,0,0,6,4,,,,2,,,,,
12201895,1,1,2,6,3,,,,,,,,
12201902,0,0,4,6,,,,,3,,,,
12201922,0,0,3,6,,,,,3,,,,
12201935,0,0,4,3,,,,,,,,,
12201937,0,0,3,4,,,,,,,,,
12201942,1,1,6,6,2,,,,4,,,,
12201943,2,2,7,6,6,,,9,4,,,,
12201991,0,0,3,,,,,,,,,,
12201992,2,2,7,6,,,,7,,,,,
12201993,2,2,6,7,,,,,,,,,
12202009,1,1,1,6,5,,,,,,,,
12202015,2,2,7,6,,,,7,,,,,
12202016,2,2,7,7,,,,7,7,,,,
12202020,1,1,7,5,0,,,8,,,,,
12202026,1,1,3,6,1,,,,,,,,
12202027,1,1,6,3,4,,,,,,,,
12202028,0,0,2,,,,,,,,,,
12202043,2,2,7,3,6,,,8,,,,,
12202056,1,1,6,3,,,,,,,,,
12202071,2,2,6,6,,,,,,,,,
12202079,0,0,3,4,,,,,,,,,
12202099,0,0,4,3,,,,,,,,,
12202104,2,2,6,2,6,,,,,,,,
12202129,2,2,6,6,,,,,,,,,
12202135,1,1,6,6,4,,,,3,,,,
12202150,2,2,6,6,,,,,,,,,
12202164,0,0,2,1,,,,,,,,,
12202168,2,2,6,4,6,,,,,,,,
12202193,0,0,3,4,,,,,,,,,
12202194,1,1,3,6,3,,,,,,,,
12202196,2,2,6,6,,,,,,,,,
12202198,2,2,6,6,,,,,,,,,
12202206,2,2,4,7,6,,,,7,,,,
12202254,2,2,6,2,6,,,,,,,,
12202269,2,2,7,7,,,,7,,,,,
12202270,1,1,7,6,4,,,7,3,,,,
12202290,2,2,7,6,,,,7,,,,,
12202313,0,0,4,4,,,,,,,,,
12202337,1,1,6,2,4,,,,,,,,
12202340,1,1,1,6,3,,,,,,,,
12202343,2,2,7,7,,,,7,,,,,
12202379,0,0,3,3,,,,,,,,,
12202575,0,0,3,2,,,,,,,,,
12202650,2,2,6,6,6,,,3,,,,,
12202711,0,0,4,1,,,,,,,,,
12205115,1,1,4,6,3,,,,,,,,
12205184,2,2,4,6,6,,,,,,,,
12156287,0,0,3,2,,,,,,,,,
12156346,2,2,6,0,7,,,,,7,,,
12157164,2,2,6,7,,,,,,,,,
12157165,0,0,2,4,,,,,,,,,
12157166,2,2,6,6,6,,,,4,,,,
12157174,0,0,1,2,,,,,,,,,
12173699,1,1,6,6,2,,,4,,,,,
12173701,2,2,6,6,,,,,,,,,
12173702,0,0,4,2,,,,,,,,,
12173704,0,0,6,2,,,,3,,,,,
12173705,,,,,,,,,,,,,
12173707,2,2,6,6,,,,,,,,,
12173708,0,0,6,3,,,,5,,,,,
12173713,1,1,7,3,4,,,,,,,,
12173714,0,0,4,5,,,,,,,,,
12173948,1,1,1,6,6,,,,,3,,,
12173952,0,0,6,1,,,,4,,,,,
12173953,1,1,6,2,4,,,,,,,,
12173954,2,2,6,2,6,,,,,,,,
12173955,2,2,4,6,6,,,,,,,,
12173956,1,1,7,4,4,,,7,,,,,
12173958,1,1,6,4,1,,,,,,,,
12173959,0,0,1,5,,,,,,,,,
12173960,1,1,6,3,1,,,,,,,,
12173962,2,2,0,7,6,,,,7,,,,
12173991,0,0,4,0,,,,,,,,,
12173993,2,2,6,6,,,,,,,,,
12173994,0,0,3,4,,,,,,,,,
12173996,2,2,6,6,7,,,,4,,,,
12173999,0,0,5,4,,,,,,,,,
12174000,2,2,7,3,6,,,7,,,,,
12174002,0,0,5,6,,,,,2,,,,
12174003,2,2,6,6,,,,,,,,,
12174249,0,0,1,4,,,,,,,,,
12174250,1,1,6,5,6,,,,,4,,,
12174253,2,2,6,6,,,,,,,,,
12174255,2,2,6,3,6,,,,,,,,
12174257,1,1,2,6,2,,,,,,,,
12174258,1,1,4,6,4,,,,,,,,
12174260,1,1,1,6,4,,,,,,,,
12174261,2,2,6,7,,,,,7,,,,
12174391,2,2,6,6,,,,,,,,,
12174394,1,1,3,6,10,,,,,,,,
12174395,0,0,5,4,,,,,,,,,
12174396,0,0,5,0,,,,,,,,,
12174406,1,1,6,5,3,,,,,,,,
12174408,2,2,7,6,,,,,,,,,
12174410,0,0,4,4,,,,,,,,,
12174412,0,0,2,3,,,,,,,,,
12174415,2,2,7,6,,,,7,,,,,
12174416,0,0,1,1,,,,,,,,,
12174434,0,0,0,2,,,,,,,,,
12174435,0,0,2,2,,,,,,,,,
12174436,2,2,2,6,6,,,,,,,,
12174437,0,0,2,1,,,,,,,,,
12174438,1,1,1,7,2,,,,,,,,
12174439,2,2,6,2,6,,,,,,,,
12174441,0,0,1,6,,,,,5,,,,
12174444,2,2,6,6,,,,,,,,,
12189038,2,2,3,7,6,,,,7,,,,
12195295,2,2,6,7,,,,,,,,,
12195781,2,2,6,6,,,,,,,,,
12195785,1,1,6,3,3,,,,,,,,
12195787,1,1,1,6,5,,,,,,,,
12196799,2,2,7,6,6,,,,4,,,,
12197356,2,2,4,6,6,,,,,,,,
12197358,2,2,6,6,,,,,,,,,
12197681,2,2,7,6,,,,7,,,,,
12197710,0,0,1,4,,,,,,,,,
12197937,2,2,7,6,,,,7,,,,,
12197942,0,0,1,5,,,,,,,,,
12197943,1,1,6,3,1,,,,,,,,
12198115,2,2,6,6,,,,,,,,,
12199611,2,2,6,6,,,,,,,,,
12199623,2,2,6,6,,,,,,,,,
12199626,0,0,3,0,,,,,,,,,
12199676,0,0,0,5,,,,,,,,,
12199716,2,2,6,6,6,,,,4,,,,
12199717,0,0,6,0,,,,4,,,,,
12199787,0,0,0,3,,,,,,,,,
12199818,1,1,7,3,1,,,9,,,,,
12199821,1,1,6,6,1,,,,3,,,,
12199823,0,0,3,2,,,,,,,,,
12199937,2,2,2,6,6,,,,,,,,
12199969,1,1,1,6,3,,,,,,,,
12200027,1,1,4,7,4,,,,7,,,,
12200102,2,2,2,6,6,,,,,,,,
12200135,0,0,4,5,,,,,,,,,
12200218,0,0,1,2,,,,,,,,,
12200224,0,0,3,3,,,,,,,,,
12200225,2,2,4,6,7,,,,,7,,,
12200251,0,0,4,2,,,,,,,,,
12200286,1,1,4,7,3,,,,,,,,
12200595,2,2,6,2,6,,,,,,,,
12200622,2,2,1,6,6,,,,,,,,
12200656,2,2,6,7,6,,,6,7,,,,
12201259,1,1,2,6,4,,,,,,,,
12201260,0,0,2,1,,,,,,,,,
12201279,2,2,6,4,6,,,,,,,,
12201307,2,2,4,6,7,,,,,,,,
12201308,1,1,6,4,4,,,,,,,,
12201395,2,2,7,6,7,,,7,6,7,,,
12201399,1,1,6,4,4,,,,,,,,
12201400,2,2,6,0,6,,,,,,,,
12201722,1,1,6,,,,,,,,,,
12201738,1,1,4,6,2,,,,,,,,
12201760,2,2,7,6,,,,7,,,,,
12201761,0,0,0,2,,,,,,,,,
12201764,1,1,7,4,1,,,,,,,,
12201825,2,2,7,6,,,,,,,,,
12201870,0,0,4,1,,,,,,,,,
12201871,0,0,5,4,,,,,,,,,
12201878,2,2,5,6,6,,,,,,,,
12201886,0,0,6,4,,,,2,,,,,
12201895,1,1,2,6,3,,,,,,,,
12201902,0,0,4,6,,,,,3,,,,
12201922,0,0,3,6,,,,,3,,,,
12201935,0,0,4,3,,,,,,,,,
12201937,0,0,3,4,,,,,,,,,
12201942,1,1,6,6,2,,,,4,,,,
12201943,2,2,7,6,6,,,9,4,,,,
12201991,0,0,3,,,,,,,,,,
12201992,2,2,7,6,,,,7,,,,,
12201993,2,2,6,7,,,,,,,,,
12202009,1,1,1,6,5,,,,,,,,
12202015,2,2,7,6,,,,7,,,,,
12202016,2,2,7,7,,,,7,7,,,,
12202020,1,1,7,5,0,,,8,,,,,
12202026,1,1,3,6,1,,,,,,,,
12202027,1,1,6,3,4,,,,,,,,
12202028,0,0,2,,,,,,,,,,
12202043,2,2,7,3,6,,,8,,,,,
12202056,1,1,6,3,,,,,,,,,
12202071,2,2,6,6,,,,,,,,,
12202079,0,0,3,4,,,,,,,,,
12202099,0,0,4,3,,,,,,,,,
12202104,2,2,6,2,6,,,,,,,,
12202129,2,2,6,6,,,,,,,,,
12202135,1,1,6,6,4,,,,3,,,,
12202150,2,2,6,6,,,,,,,,,
12202164,0,0,2,1,,,,,,,,,
12202168,2,2,6,4,6,,,,,,,,
12202181,2,2,7,6,,,,,,,,,
12202193,0,0,3,4,,,,,,,,,
12202194,1,1,3,6,3,,,,,,,,
12202196,2,2,6,6,,,,,,,,,
12202198,2,2,6,6,,,,,,,,,
12202206,2,2,4,7,6,,,,7,,,,
12202254,2,2,6,2,6,,,,,,,,
12202269,2,2,7,7,,,,7,,,,,
12202270,1,1,7,6,4,,,7,3,,,,
12202290,2,2,7,6,,,,7,,,,,
12202313,0,0,4,4,,,,,,,,,
12202323,0,0,3,2,,,,,,,,,
12202337,1,1,6,2,4,,,,,,,,
12202340,1,1,1,6,3,,,,,,,,
12202343,2,2,7,7,,,,7,,,,,
12202379,0,0,3,3,,,,,,,,,
12202498,1,1,6,1,,,,,,,,,
12202575,0,0,3,2,,,,,,,,,
12202650,2,2,6,6,6,,,3,,,,,
12202671,1,1,6,3,2,,,,,,,,
12202711,0,0,4,1,,,,,,,,,
12202717,1,1,6,3,2,,,,,,,,
12202754,1,1,4,6,1,,,,,,,,
12202800,1,1,7,4,4,,,7,,,,,
12203813,0,0,4,4,,,,,,,,,
12203927,0,0,1,6,,,,,4,,,,
12204459,2,2,6,6,,,,,,,,,
12204495,0,0,5,4,,,,,,,,,
12204496,0,0,2,2,,,,,,,,,
12205083,1,1,6,2,2,,,,,,,,
12205084,1,1,7,1,4,,,,,,,,
12205085,2,2,6,6,,,,,,,,,
12205115,1,1,4,6,3,,,,,,,,
12205135,2,2,5,6,6,,,,,,,,
12205139,0,0,1,6,,,,,3,,,,
12205140,1,1,2,6,1,,,,,,,,
12205151,1,1,1,7,4,,,,,,,,
12205152,2,2,6,7,,,,,,,,,
12205184,2,2,4,6,6,,,,,,,,
12205193,0,0,0,6,,,,,8,,,,
12205194,2,2,7,6,,,,,,,,,
12205212,0,0,4,3,,,,,,,,,
12205219,1,1,6,5,3,,,,,,,,
12205231,0,0,5,0,,,,,,,,,
12205243,2,2,7,7,,,,,,,,,
12205253,0,0,0,3,,,,,,,,,
12205332,2,2,6,5,6,,,,,,,,
12205333,1,1,3,6,1,,,,,,,,
12205348,2,2,4,7,6,,,,7,,,,
12205363,2,2,6,6,,,,,,,,,
12205365,2,2,6,6,,,,,,,,,
12205367,1,1,5,6,4,,,,,,,,
12205483,2,2,6,3,6,,,,,,,,
12205517,2,2,6,6,,,,,,,,,
12205581,2,2,6,6,,,,,,,,,
12205668,0,0,3,3,,,,,,,,,
12205758,2,2,6,6,,,,,,,,,
12206039,2,2,6,6,,,,,,,,,
12206040,2,2,6,6,,,,,,,,,
12206041,1,1,3,6,4,,,,,,,,
12206044,,,,,,,,,,,,,
12206157,0,0,6,5,,,,2,,,,,
12209124,0,0,4,2,,,,,,,,,
12156295,2,2,7,6,,,,,,,,,
12157166,2,2,6,6,6,,,,4,,,,
12157174,0,0,1,2,,,,,,,,,
12173699,1,1,6,6,2,,,4,,,,,
12173700,0,0,5,4,,,,,,,,,
12173701,2,2,6,6,,,,,,,,,
12173705,,,,,,,,,,,,,
12173707,2,2,6,6,,,,,,,,,
12173714,0,0,4,5,,,,,,,,,
12173950,1,1,6,5,1,,,,,,,,
12173954,2,2,6,2,6,,,,,,,,
12173955,2,2,4,6,6,,,,,,,,
12173956,1,1,7,4,4,,,7,,,,,
12173958,1,1,6,4,1,,,,,,,,
12173959,0,0,1,5,,,,,,,,,
12173960,1,1,6,3,1,,,,,,,,
12173991,0,0,4,0,,,,,,,,,
12173994,0,0,3,4,,,,,,,,,
12173996,2,2,6,6,7,,,,4,,,,
12173997,2,2,7,6,,,,11,,,,,
12174001,2,2,6,6,,,,,,,,,
12174003,2,2,6,6,,,,,,,,,
12174250,1,1,6,5,6,,,,,4,,,
12174253,2,2,6,6,,,,,,,,,
12174257,1,1,2,6,2,,,,,,,,
12174261,2,2,6,7,,,,,7,,,,
12174262,1,1,4,6,0,,,,,,,,
12174263,1,1,6,4,6,,,,,2,,,
12174392,1,1,5,6,8,,,,,,,,
12174393,0,0,4,4,,,,,,,,,
12174397,1,1,7,1,,,,7,,,,,
12174408,2,2,7,6,,,,,,,,,
12174410,0,0,4,4,,,,,,,,,
12174412,0,0,2,3,,,,,,,,,
12174417,2,2,6,4,6,,,,,,,,
12174431,2,2,6,7,6,,,5,7,,,,
12174432,2,2,6,6,,,,,,,,,
12174434,0,0,0,2,,,,,,,,,
12174435,0,0,2,2,,,,,,,,,
12174439,2,2,6,2,6,,,,,,,,
12174444,2,2,6,6,,,,,,,,,
12195781,2,2,6,6,,,,,,,,,
12195785,1,1,6,3,3,,,,,,,,
12195787,1,1,1,6,5,,,,,,,,
12197942,0,0,1,5,,,,,,,,,
12197943,1,1,6,3,1,,,,,,,,
12199969,1,1,1,6,3,,,,,,,,
12200595,2,2,6,2,6,,,,,,,,
12200622,2,2,1,6,6,,,,,,,,
12200656,2,2,6,7,6,,,6,7,,,,
12202129,2,2,6,6,,,,,,,,,
12202150,2,2,6,6,,,,,,,,,
12202181,2,2,7,6,,,,,,,,,
12202193,0,0,3,4,,,,,,,,,
12202254,2,2,6,2,6,,,,,,,,
12202323,0,0,3,2,,,,,,,,,
12202498,1,1,6,1,,,,,,,,,
12202575,0,0,3,2,,,,,,,,,
12202650,2,2,6,6,6,,,3,,,,,
12202671,1,1,6,3,2,,,,,,,,
12202717,1,1,6,3,2,,,,,,,,
12202754,1,1,4,6,1,,,,,,,,
12202800,1,1,7,4,4,,,7,,,,,
12203813,0,0,4,4,,,,,,,,,
12203927,0,0,1,6,,,,,4,,,,
12204459,2,2,6,6,,,,,,,,,
12204495,0,0,5,4,,,,,,,,,
12204496,0,0,2,2,,,,,,,,,
12205083,1,1,6,2,2,,,,,,,,
12205084,1,1,7,1,4,,,,,,,,
12205085,2,2,6,6,,,,,,,,,
12205115,1,1,4,6,3,,,,,,,,
12205135,2,2,5,6,6,,,,,,,,
12205139,0,0,1,6,,,,,3,,,,
12205140,1,1,2,6,1,,,,,,,,
12205151,1,1,1,7,4,,,,,,,,
12205152,2,2,6,7,,,,,,,,,
12205184,2,2,4,6,6,,,,,,,,
12205193,0,0,0,6,,,,,8,,,,
12205194,2,2,7,6,,,,,,,,,
12205212,0,0,4,3,,,,,,,,,
12205219,1,1,6,5,3,,,,,,,,
12205231,0,0,5,0,,,,,,,,,
12205243,2,2,7,7,,,,,,,,,
12205253,0,0,0,3,,,,,,,,,
12205332,2,2,6,5,6,,,,,,,,
12205333,1,1,3,6,1,,,,,,,,
12205348,2,2,4,7,6,,,,7,,,,
12205363,2,2,6,6,,,,,,,,,
12205365,2,2,6,6,,,,,,,,,
12205367,1,1,5,6,4,,,,,,,,
12205483,2,2,6,3,6,,,,,,,,
12205516,2,2,6,5,6,,,,,,,,
12205517,2,2,6,6,,,,,,,,,
12205581,2,2,6,6,,,,,,,,,
12205668,0,0,3,3,,,,,,,,,
12205758,2,2,6,6,,,,,,,,,
12206003,0,0,4,1,,,,,,,,,
12206038,0,0,4,3,,,,,,,,,
12206039,2,2,6,6,,,,,,,,,
12206040,2,2,6,6,,,,,,,,,
12206041,1,1,3,6,4,,,,,,,,
12206043,0,0,5,3,,,,,,,,,
12206044,,,,,,,,,,,,,
12206045,0,0,1,0,,,,,,,,,
12206046,2,2,6,3,7,,,,,,,,
12206048,2,2,6,6,,,,,,,,,
12206051,0,0,5,1,,,,,,,,,
12206066,0,0,4,5,,,,,,,,,
12206157,0,0,6,5,,,,2,,,,,
12206193,0,0,6,6,,,,4,6,,,,
12206194,1,1,0,6,6,,,,,4,,,
12206197,2,2,3,6,6,,,,,,,,
12206198,0,0,4,4,,,,,,,,,
12206199,2,2,6,6,,,,,,,,,
12206200,2,2,7,1,6,,,,,,,,
12206201,2,2,6,6,,,,,,,,,
12206202,2,2,6,6,,,,,,,,,
12206489,2,2,6,6,,,,,,,,,
12206497,0,0,2,3,,,,,,,,,
12206498,2,2,6,4,7,,,,,8,,,
12206499,2,2,4,6,6,,,,,,,,
12206500,2,2,6,6,,,,,,,,,
12206501,0,0,6,0,,,,9,,,,,
12206502,2,2,7,7,,,,,7,,,,
12206503,1,1,7,3,4,,,,,,,,
12206504,2,2,6,6,,,,,,,,,
12206505,2,2,6,6,,,,,,,,,
12206506,0,0,0,4,,,,,,,,,
12206507,1,1,5,6,0,,,,,,,,
12206508,0,0,0,2,,,,,,,,,
12206509,2,2,3,6,6,,,,,,,,
12206510,0,0,0,0,,,,,,,,,
12206511,1,1,7,3,3,,,,,,,,
12206512,2,2,6,7,,,,,,,,,
12206513,2,2,6,6,,,,,,,,,
12206514,2,2,6,6,,,,,,,,,
12206515,0,0,3,6,,,,,5,,,,
12206516,1,1,6,6,4,,,,3,,,,
12206517,0,0,2,1,,,,,,,,,
12206518,0,0,4,4,,,,,,,,,
12206519,0,0,1,1,,,,,,,,,
12206520,0,0,2,2,,,,,,,,,
12206521,1,1,7,1,1,,,10,,,,,
12206522,0,0,5,,,,,,,,,,
12206548,2,2,6,6,,,,,,,,,
12208925,2,2,6,6,,,,,,,,,
12208950,2,2,6,6,,,,,,,,,
12208973,1,1,6,3,3,,,,,,,,
12208979,2,2,6,6,,,,,,,,,
12209066,2,2,6,6,,,,,,,,,
12209100,2,2,6,6,10,,,,,,,,
12209101,2,2,6,6,10,,,,,,,,
12209102,2,2,7,6,,,,,,,,,
12209103,2,2,6,6,,,,,,,,,
12209104,0,0,5,2,,,,,,,,,
12209105,2,2,6,6,,,,,,,,,
12209106,0,0,3,5,,,,,,,,,
12209107,,,,,,,,,,,,,
12209108,0,0,2,1,,,,,,,,,
12209109,2,2,6,6,,,,,,,,,
12209110,0,0,1,4,,,,,,,,,
12209111,0,0,4,4,,,,,,,,,
12209112,0,0,1,6,,,,,5,,,,
12209113,0,0,2,2,,,,,,,,,
12209114,2,2,6,7,,,,,,,,,
12209115,0,0,1,2,,,,,,,,,
12209116,1,1,6,1,5,,,,,,,,
12209117,2,2,6,3,10,,,,,,,,
12209118,0,0,2,2,,,,,,,,,
12209119,0,0,1,2,,,,,,,,,
12209120,0,0,2,0,,,,,,,,,
12209121,2,2,6,6,,,,,,,,,
12209122,0,0,3,1,,,,,,,,,
12209123,0,0,4,1,,,,,,,,,
12209124,0,0,4,2,,,,,,,,,
12209125,0,0,4,4,,,,,,,,,
12209126,0,0,6,1,,,,3,,,,,
12209128,2,2,6,2,6,,,,,,,,
12209167,2,2,6,6,,,,,,,,,
12209242,0,0,0,3,,,,,,,,,
12209299,2,2,6,6,,,,,,,,,
12209491,0,0,2,4,,,,,,,,,
12209492,1,1,6,6,5,,,,3,,,,
12209493,,,,,,,,,,,,,
12209494,,,,,,,,,,,,,
12209495,,,,,,,,,,,,,
12209496,2,2,6,7,,,,,,,,,
12209497,2,2,6,6,,,,,,,,,
12209498,,,,,,,,,,,,,
12209499,2,2,6,6,,,,,,,,,
12209500,,,,,,,,,,,,,
12209501,2,2,4,6,10,,,,,,,,
12209502,0,0,1,1,,,,,,,,,
12209503,2,2,7,6,,,,,,,,,
12209504,0,0,1,1,,,,,,,,,
12209505,2,2,6,6,,,,,,,,,
12209506,2,2,6,3,10,,,,,,,,
12209507,,,,,,,,,,,,,
12209508,2,2,6,6,,,,,,,,,
12209509,2,2,6,6,,,,,,,,,
12209510,,,,,,,,,,,,,
12209511,2,2,6,6,,,,,,,,,
12209512,0,0,4,3,,,,,,,,,
12209513,0,0,1,3,,,,,,,,,
12209514,0,0,4,4,,,,,,,,,
12209515,0,0,2,1,,,,,,,,,
12209516,2,2,6,6,,,,,,,,,
12209517,2,2,6,7,,,,,,,,,
12209518,2,2,1,6,10,,,,,,,,
12209519,2,2,7,6,,,,,,,,,
12209520,,,,,,,,,,,,,
12209521,2,2,6,6,,,,,,,,,
12209522,0,0,1,2,,,,,,,,,
12209523,2,2,6,6,,,,,,,,,
12209524,,,,,,,,,,,,,
12209525,1,1,4,6,9,,,,,,,,
12209526,2,2,6,6,,,,,,,,,
12209527,2,2,6,6,,,,,,,,,
12209528,2,2,6,6,,,,,,,,,
12209529,1,1,7,2,8,,,,,,,,
12209530,2,2,6,6,,,,,,,,,
12209531,0,0,2,1,,,,,,,,,
12209532,0,0,0,2,,,,,,,,,
12209533,2,2,7,7,,,,,,,,,
12209534,0,0,2,3,,,,,,,,,
12209535,0,0,0,0,,,,,,,,,
12209536,0,0,4,3,,,,,,,,,
12209537,0,0,0,2,,,,,,,,,
12209538,2,2,6,7,,,,,,,,,
12209539,2,2,6,6,,,,,,,,,
12209540,2,2,6,6,,,,,,,,,
12209541,0,0,3,2,,,,,,,,,
12209542,0,0,5,2,,,,,,,,,
12209543,2,2,6,6,,,,,,,,,
12209544,2,2,7,6,,,,,,,,,
12209545,2,2,6,6,,,,,,,,,
12209546,0,0,3,0,,,,,,,,,
12209547,0,0,1,2,,,,,,,,,
12209548,0,0,4,2,,,,,,,,,
12209549,1,1,6,2,4,,,,,,,,
12209550,0,0,2,5,,,,,,,,,
12209551,0,0,1,1,,,,,,,,,
12209552,0,0,2,4,,,,,,,,,
12209553,2,2,7,5,11,,,,,,,,
12209554,2,2,6,6,,,,,,,,,
12209555,0,0,5,2,,,,,,,,,
12209556,2,2,6,6,,,,,,,,,
12209557,2,2,6,6,,,,,,,,,
12209558,0,0,0,0,,,,,,,,,
12209559,2,2,6,6,,,,,,,,,
12209560,,,,,,,,,,,,,
12209561,,,,,,,,,,,,,
12209602,2,2,6,7,,,,,,,,,
12209603,1,1,7,4,7,,,,,,,,
12209604,0,0,2,0,,,,,,,,,
12209605,2,2,6,0,10,,,,,,,,
12209606,2,2,7,7,,,,,,,,,
12209607,0,0,2,1,,,,,,,,,
12209608,0,0,2,3,,,,,,,,,
12209609,0,0,1,1,,,,,,,,,
12209610,2,2,6,6,,,,,,,,,
12209611,2,2,6,6,,,,,,,,,
12209612,0,0,6,4,,,,,,,,,
12209613,2,2,7,6,,,,,,,,,
12209614,2,2,7,6,,,,,,,,,
12209615,2,2,6,6,,,,,,,,,
12209616,,,,,,,,,,,,,
12209617,2,2,6,5,10,,,,,,,,
12209618,2,2,6,4,10,,,,,,,,
12209619,0,0,3,4,,,,,,,,,
12209620,0,0,1,2,,,,,,,,,
12209621,0,0,0,0,,,,,,,,,
12209622,0,0,0,1,,,,,,,,,
12209623,0,0,0,1,,,,,,,,,
12209624,2,2,6,6,,,,,,,,,
12209625,2,2,6,6,,,,,,,,,
12209626,2,2,6,6,,,,,,,,,
12209627,0,0,2,5,,,,,,,,,
12209628,1,1,6,4,3,,,,,,,,
12209629,2,2,5,6,10,,,,,,,,
12209630,0,0,5,4,,,,,,,,,
12209631,2,2,6,6,,,,,,,,,
12209632,2,2,6,6,,,,,,,,,
12209638,2,2,6,6,,,,,,,,,
12209639,2,2,6,6,,,,,,,,,
12209640,2,2,6,6,,,,,,,,,
12209641,,,,,,,,,,,,,
12209642,2,2,6,6,,,,,,,,,
12209643,2,2,6,6,,,,,,,,,
12209644,1,1,6,6,8,,,,,,,,
12209645,2,2,6,4,10,,,,,,,,
12209646,0,0,3,2,,,,,,,,,
12209647,,,,,,,,,,,,,
12209648,0,0,6,2,,,,,,,,,
12209649,,,,,,,,,,,,,
12209650,2,2,6,6,,,,,,,,,
12209651,0,0,3,3,,,,,,,,,
12209652,2,2,7,6,,,,,,,,,
12209653,,,,,,,,,,,,,
12209654,2,2,6,3,10,,,,,,,,
12209655,2,2,6,6,,,,,,,,,
12209656,0,0,2,1,,,,,,,,,
12209657,0,0,1,4,,,,,,,,,
12209659,0,0,3,1,,,,,,,,,
12209660,2,2,1,6,10,,,,,,,,
12209682,0,0,1,1,,,,,,,,,
12209683,2,2,6,6,,,,,,,,,
12209684,2,2,6,6,,,,,,,,,
12209685,0,0,0,2,,,,,,,,,
12209686,0,0,0,0,,,,,,,,,
12209687,0,0,0,0,,,,,,,,,
12209688,0,0,2,3,,,,,,,,,
12209689,2,2,6,6,,,,,,,,,
12209690,0,0,1,2,,,,,,,,,
12209691,2,2,6,6,,,,,,,,,
12209692,2,2,6,6,,,,,,,,,
12209693,2,2,6,6,,,,,,,,,
12209694,0,0,0,0,,,,,,,,,
12209695,2,2,6,6,,,,,,,,,
12209696,2,2,6,6,,,,,,,,,
12209697,0,0,5,3,,,,,,,,,
12209704,1,1,4,7,1,,,,7,,,,
12209706,0,0,2,6,,,,,2,,,,
12209715,2,2,6,6,,,,,,,,,
12209716,2,2,6,6,,,,,,,,,
12209717,2,2,6,7,,,,,,,,,
12209718,0,0,0,0,,,,,,,,,
12209719,,,,,,,,,,,,,
12209720,1,1,3,6,5,,,,,,,,
12209721,1,1,6,4,7,,,,,,,,
12209722,0,0,0,1,,,,,,,,,
12209723,,,,,,,,,,,,,
12209724,,,,,,,,,,,,,
12209725,,,,,,,,,,,,,
12209726,,,,,,,,,,,,,
12209727,2,2,6,6,,,,,,,,,
12209728,2,2,6,6,,,,,,,,,
12209729,0,0,2,6,,,,,,,,,
12209730,0,0,2,1,,,,,,,,,
12209731,,,,,,,,,,,,,
12209732,2,2,6,6,,,,,,,,,
12209733,,,,,,,,,,,,,
12209734,2,2,3,6,10,,,,,,,,
12209735,2,2,3,6,10,,,,,,,,
12209736,1,1,6,6,2,,,,3,,,,
12209737,0,0,2,1,,,,,,,,,
12209739,2,2,6,6,,,,,,,,,
12209740,0,0,2,3,,,,,,,,,
12209741,2,2,6,6,,,,,,,,,
12209742,2,2,7,6,,,,,,,,,
12209743,2,2,6,6,,,,,,,,,
12209744,0,0,0,0,,,,,,,,,
12209745,,,,,,,,,,,,,
12209747,2,2,6,6,,,,,,,,,
12209748,0,0,1,4,,,,,,,,,
12209749,0,0,0,2,,,,,,,,,
12209750,0,0,0,1,,,,,,,,,
12209756,2,2,6,6,,,,,,,,,
12209757,2,2,6,7,,,,,,,,,
12209758,2,2,6,6,,,,,,,,,
12209759,2,2,6,6,,,,,,,,,
12209760,0,0,0,0,,,,,,,,,
12209761,2,2,7,6,,,,,,,,,
12209762,0,0,5,1,,,,,,,,,
12209763,2,2,6,6,,,,,,,,,
12209764,2,2,6,6,,,,,,,,,
12209765,1,1,3,6,1,,,,,,,,
12209766,0,0,5,3,,,,,,,,,
12209767,0,0,6,5,,,,3,,,,,
12209768,2,2,7,7,,,,,,,,,
12209769,1,1,6,1,3,,,,,,,,
12209770,0,0,4,3,,,,,,,,,
12209771,2,2,6,6,,,,,,,,,
12209772,2,2,6,6,,,,,,,,,
12209773,2,2,6,7,,,,,,,,,
12209774,2,2,6,6,,,,,,,,,
12209776,2,2,6,6,13,,,,,,,,
12209777,2,2,6,6,,,,,,,,,
12209778,0,0,1,1,,,,,,,,,
12209779,1,1,6,2,8,,,,,,,,
12209780,2,2,6,6,,,,,,,,,
12209781,0,0,3,0,,,,,,,,,
12209782,0,0,3,2,,,,,,,,,
12209783,2,2,6,6,,,,,,,,,
12209784,0,0,0,0,,,,,,,,,
12209785,2,2,7,6,,,,,,,,,
12209786,0,0,0,0,,,,,,,,,
12209787,,,,,,,,,,,,,
12209788,0,0,4,0,,,,,,,,,
12209789,2,2,6,6,,,,,,,,,
12209790,0,0,3,2,,,,,,,,,
12209791,0,0,3,3,,,,,,,,,
12209792,0,0,6,6,,,,,,,,,
12209793,0,0,1,0,,,,,,,,,
12209794,2,2,6,7,,,,,,,,,
12209795,0,0,4,5,,,,,,,,,
12209796,1,1,3,7,6,,,,,,,,
12209797,2,2,6,6,,,,,,,,,
12209798,2,2,6,6,,,,,,,,,
12209799,0,0,2,4,,,,,,,,,
12209800,0,0,4,0,,,,,,,,,
12209801,1,1,6,4,7,,,,,,,,
12209802,2,2,7,6,,,,,,,,,
12209803,0,0,4,2,,,,,,,,,
12209804,0,0,2,3,,,,,,,,,
12209805,0,0,3,3,,,,,,,,,
12209806,2,2,6,6,,,,,,,,,
12209807,0,0,4,3,,,,,,,,,
12209808,2,2,6,6,,,,,,,,,
12209809,2,2,7,6,,,,,,,,,
12209810,2,2,6,7,,,,,,,,,
12209811,2,2,6,4,10,,,,,,,,
12209812,2,2,6,7,,,,,,,,,
12209813,0,0,0,2,,,,,,,,,
12209814,2,2,6,7,,,,,,,,,
12209815,0,0,6,5,,,,,,,,,
12209816,0,0,3,1,,,,,,,,,
12209818,2,2,6,6,,,,,,,,,
12209927,2,2,2,7,6,,,,7,,,,
12209928,0,0,3,0,,,,,,,,,
12209930,2,2,6,6,,,,,,,,,
12209932,0,0,3,2,,,,,,,,,
12209933,1,1,6,3,11,,,,,,,,
12209934,2,2,6,2,12,,,,,,,,
12209935,2,2,6,6,,,,,,,,,
12209936,2,2,6,7,,,,,,,,,
12209937,1,1,4,6,5,,,,,,,,
12209938,2,2,6,6,,,,,,,,,
12209939,1,1,6,0,11,,,,,,,,
12209940,2,2,7,6,,,,,,,,,
12209941,2,2,6,6,,,,,,,,,
12209942,0,0,1,1,,,,,,,,,
12209943,2,2,6,6,,,,,,,,,
12209944,,,,,,,,,,,,,
12209945,0,0,2,0,,,,,,,,,
12209946,2,2,6,6,,,,,,,,,
12209947,2,2,6,6,,,,,,,,,
12209948,0,0,1,4,,,,,,,,,
12209949,0,0,2,1,,,,,,,,,
12209950,2,2,6,6,,,,,,,,,
12209951,2,2,6,6,,,,,,,,,
12209952,2,2,6,6,,,,,,,,,
12209953,2,2,6,6,,,,,,,,,
12209954,0,0,1,1,,,,,,,,,
12209955,2,2,6,6,,,,,,,,,
12209956,2,2,6,6,,,,,,,,,
12209957,2,2,6,6,,,,,,,,,
12209958,1,1,6,6,5,,,,,,,,
12209959,2,2,6,7,,,,,,,,,
12209960,0,0,3,5,,,,,,,,,
12209961,2,2,6,6,,,,,,,,,
12209962,1,1,6,1,8,,,,,,,,
12209963,2,2,6,6,,,,,,,,,
12209964,0,0,4,3,,,,,,,,,
12209965,0,0,3,0,,,,,,,,,
12209968,0,0,0,1,,,,,,,,,
12209970,2,2,6,6,,,,,,,,,
12209972,0,0,2,1,,,,,,,,,
12209973,0,0,5,3,,,,,,,,,
12210068,0,0,0,5,,,,,,,,,
12210069,2,2,4,6,6,,,,,,,,
12210070,2,2,6,1,6,,,,,,,,
12210071,0,0,3,1,,,,,,,,,
12210101,2,2,4,6,6,,,,,,,,
12210103,2,2,6,3,6,,,,,,,,
12210106,1,1,3,7,2,,,,11,,,,
12210110,,,,,,,,,,,,,
12210252,2,2,6,6,,,,,,,,,
12210253,2,2,7,6,,,,,,,,,
12210254,2,2,6,6,,,,,,,,,
12210255,0,0,0,2,,,,,,,,,
12210256,2,2,6,6,,,,,,,,,
12210257,2,2,5,6,10,,,,,,,,
12210258,0,0,2,0,,,,,,,,,
12210259,0,0,2,2,,,,,,,,,
12210260,2,2,6,6,,,,,,,,,
12210261,2,2,7,3,10,,,,,,,,
12210262,2,2,6,6,,,,,,,,,
12210263,2,2,2,7,10,,,,,,,,
12210264,0,0,0,2,,,,,,,,,
12210266,0,0,0,1,,,,,,,,,
12210267,2,2,7,6,,,,,,,,,
12210268,2,2,6,6,,,,,,,,,
12210391,2,2,6,6,,,,,,,,,
12210397,1,1,0,6,4,,,,,,,,
12210401,0,0,2,3,,,,,,,,,
12210417,2,2,6,6,,,,,,,,,
12210418,1,1,6,6,5,,,7,,,,,
12210419,0,0,4,,,,,,,,,,
12210427,2,2,6,6,,,,,,,,,
12210870,2,2,6,6,,,,,,,,,
12211254,0,0,3,0,,,,,,,,,
12211255,0,0,5,0,,,,,,,,,
12211320,2,2,6,1,12,,,,,,,,
12211380,0,0,3,4,,,,,,,,,
12211394,1,1,6,4,6,,,,,3,,,
12156295,2,2,7,6,,,,,,,,,
12157171,0,0,3,1,,,,,,,,,
12173700,0,0,5,4,,,,,,,,,
12173714,0,0,4,5,,,,,,,,,
12173950,1,1,6,5,1,,,,,,,,
12173960,1,1,6,3,1,,,,,,,,
12173961,1,1,7,6,2,,,,3,,,,
12173997,2,2,7,6,,,,11,,,,,
12174001,2,2,6,6,,,,,,,,,
12174004,2,2,6,5,6,,,,,,,,
12174250,1,1,6,5,6,,,,,4,,,
12174254,0,0,3,2,,,,,,,,,
12174262,1,1,4,6,0,,,,,,,,
12174263,1,1,6,4,6,,,,,2,,,
12174392,1,1,5,6,8,,,,,,,,
12174393,0,0,4,4,,,,,,,,,
12174397,1,1,7,1,,,,7,,,,,
12174417,2,2,6,4,6,,,,,,,,
12174431,2,2,6,7,6,,,5,7,,,,
12174432,2,2,6,6,,,,,,,,,
12174433,0,0,1,2,,,,,,,,,
12205253,0,0,0,3,,,,,,,,,
12205348,2,2,4,7,6,,,,7,,,,
12205516,2,2,6,5,6,,,,,,,,
12206003,0,0,4,1,,,,,,,,,
12206038,0,0,4,3,,,,,,,,,
12206039,2,2,6,6,,,,,,,,,
12206040,2,2,6,6,,,,,,,,,
12206041,1,1,3,6,4,,,,,,,,
12206043,0,0,5,3,,,,,,,,,
12206044,,,,,,,,,,,,,
12206045,0,0,1,0,,,,,,,,,
12206046,2,2,6,3,7,,,,,,,,
12206048,2,2,6,6,,,,,,,,,
12206051,0,0,5,1,,,,,,,,,
12206066,0,0,4,5,,,,,,,,,
12206157,0,0,6,5,,,,2,,,,,
12206193,0,0,6,6,,,,4,6,,,,
12206194,1,1,0,6,6,,,,,4,,,
12206197,2,2,3,6,6,,,,,,,,
12206198,0,0,4,4,,,,,,,,,
12206199,2,2,6,6,,,,,,,,,
12206200,2,2,7,1,6,,,,,,,,
12206201,2,2,6,6,,,,,,,,,
12206202,2,2,6,6,,,,,,,,,
12206489,2,2,6,6,,,,,,,,,
12206497,0,0,2,3,,,,,,,,,
12206498,2,2,6,4,7,,,,,8,,,
12206499,2,2,4,6,6,,,,,,,,
12206500,2,2,6,6,,,,,,,,,
12206501,0,0,6,0,,,,9,,,,,
12206502,2,2,7,7,,,,,7,,,,
12206503,1,1,7,3,4,,,,,,,,
12206504,2,2,6,6,,,,,,,,,
12206505,2,2,6,6,,,,,,,,,
12206506,0,0,0,4,,,,,,,,,
12206507,1,1,5,6,0,,,,,,,,
12206508,0,0,0,2,,,,,,,,,
12206509,2,2,3,6,6,,,,,,,,
12206510,0,0,0,0,,,,,,,,,
12206511,1,1,7,3,3,,,,,,,,
12206512,2,2,6,7,,,,,,,,,
12206513,2,2,6,6,,,,,,,,,
12206514,2,2,6,6,,,,,,,,,
12206515,0,0,3,6,,,,,5,,,,
12206516,1,1,6,6,4,,,,3,,,,
12206517,0,0,2,1,,,,,,,,,
12206518,0,0,4,4,,,,,,,,,
12206519,0,0,1,1,,,,,,,,,
12206520,0,0,2,2,,,,,,,,,
12206521,1,1,7,1,1,,,10,,,,,
12206522,0,0,5,,,,,,,,,,
12206548,2,2,6,6,,,,,,,,,
12208925,2,2,6,6,,,,,,,,,
12208950,2,2,6,6,,,,,,,,,
12208973,1,1,6,3,3,,,,,,,,
12208979,2,2,6,6,,,,,,,,,
12209066,2,2,6,6,,,,,,,,,
12209100,2,2,6,6,10,,,,,,,,
12209101,2,2,6,6,10,,,,,,,,
12209102,2,2,7,6,,,,,,,,,
12209103,2,2,6,6,,,,,,,,,
12209104,0,0,5,2,,,,,,,,,
12209105,2,2,6,6,,,,,,,,,
12209106,0,0,3,5,,,,,,,,,
12209107,,,,,,,,,,,,,
12209108,0,0,2,1,,,,,,,,,
12209109,2,2,6,6,,,,,,,,,
12209110,0,0,1,4,,,,,,,,,
12209111,0,0,4,4,,,,,,,,,
12209112,0,0,1,6,,,,,5,,,,
12209113,0,0,2,2,,,,,,,,,
12209114,2,2,6,7,,,,,,,,,
12209115,0,0,1,2,,,,,,,,,
12209116,1,1,6,1,5,,,,,,,,
12209117,2,2,6,3,10,,,,,,,,
12209118,0,0,2,2,,,,,,,,,
12209119,0,0,1,2,,,,,,,,,
12209120,0,0,2,0,,,,,,,,,
12209121,2,2,6,6,,,,,,,,,
12209122,0,0,3,1,,,,,,,,,
12209123,0,0,4,1,,,,,,,,,
12209124,0,0,4,2,,,,,,,,,
12209125,0,0,4,4,,,,,,,,,
12209126,0,0,6,1,,,,3,,,,,
12209128,2,2,6,2,6,,,,,,,,
12209167,2,2,6,6,,,,,,,,,
12209242,0,0,0,3,,,,,,,,,
12209299,2,2,6,6,,,,,,,,,
12209491,0,0,2,4,,,,,,,,,
12209492,1,1,6,6,5,,,,3,,,,
12209493,,,,,,,,,,,,,
12209494,,,,,,,,,,,,,
12209495,,,,,,,,,,,,,
12209496,2,2,6,7,,,,,,,,,
12209497,2,2,6,6,,,,,,,,,
12209498,,,,,,,,,,,,,
12209499,2,2,6,6,,,,,,,,,
12209500,,,,,,,,,,,,,
12209501,2,2,4,6,10,,,,,,,,
12209502,0,0,1,1,,,,,,,,,
12209503,2,2,7,6,,,,,,,,,
12209504,0,0,1,1,,,,,,,,,
12209505,2,2,6,6,,,,,,,,,
12209506,2,2,6,3,10,,,,,,,,
12209507,,,,,,,,,,,,,
12209508,2,2,6,6,,,,,,,,,
12209509,2,2,6,6,,,,,,,,,
12209510,,,,,,,,,,,,,
12209511,2,2,6,6,,,,,,,,,
12209512,0,0,4,3,,,,,,,,,
12209513,0,0,1,3,,,,,,,,,
12209514,0,0,4,4,,,,,,,,,
12209515,0,0,2,1,,,,,,,,,
12209516,2,2,6,6,,,,,,,,,
12209517,2,2,6,7,,,,,,,,,
12209518,2,2,1,6,10,,,,,,,,
12209519,2,2,7,6,,,,,,,,,
12209520,,,,,,,,,,,,,
12209521,2,2,6,6,,,,,,,,,
12209522,0,0,1,2,,,,,,,,,
12209523,2,2,6,6,,,,,,,,,
12209524,,,,,,,,,,,,,
12209525,1,1,4,6,9,,,,,,,,
12209526,2,2,6,6,,,,,,,,,
12209527,2,2,6,6,,,,,,,,,
12209528,2,2,6,6,,,,,,,,,
12209529,1,1,7,2,8,,,,,,,,
12209530,2,2,6,6,,,,,,,,,
12209531,0,0,2,1,,,,,,,,,
12209532,0,0,0,2,,,,,,,,,
12209533,2,2,7,7,,,,,,,,,
12209534,0,0,2,3,,,,,,,,,
12209535,0,0,0,0,,,,,,,,,
12209536,0,0,4,3,,,,,,,,,
12209537,0,0,0,2,,,,,,,,,
12209538,2,2,6,7,,,,,,,,,
12209539,2,2,6,6,,,,,,,,,
12209540,2,2,6,6,,,,,,,,,
12209541,0,0,3,2,,,,,,,,,
12209542,0,0,5,2,,,,,,,,,
12209543,2,2,6,6,,,,,,,,,
12209544,2,2,7,6,,,,,,,,,
12209545,2,2,6,6,,,,,,,,,
12209546,0,0,3,0,,,,,,,,,
12209547,0,0,1,2,,,,,,,,,
12209548,0,0,4,2,,,,,,,,,
12209549,1,1,6,2,4,,,,,,,,
12209550,0,0,2,5,,,,,,,,,
12209551,0,0,1,1,,,,,,,,,
12209552,0,0,2,4,,,,,,,,,
12209553,2,2,7,5,11,,,,,,,,
12209554,2,2,6,6,,,,,,,,,
12209555,0,0,5,2,,,,,,,,,
12209556,2,2,6,6,,,,,,,,,
12209557,2,2,6,6,,,,,,,,,
12209558,0,0,0,0,,,,,,,,,
12209559,2,2,6,6,,,,,,,,,
12209560,,,,,,,,,,,,,
12209561,,,,,,,,,,,,,
12209586,0,0,6,2,,,,3,,,,,
12209602,2,2,6,7,,,,,,,,,
12209603,1,1,7,4,7,,,,,,,,
12209604,0,0,2,0,,,,,,,,,
12209605,2,2,6,0,10,,,,,,,,
12209606,2,2,7,7,,,,,,,,,
12209607,0,0,2,1,,,,,,,,,
12209608,0,0,2,3,,,,,,,,,
12209609,0,0,1,1,,,,,,,,,
12209610,2,2,6,6,,,,,,,,,
12209611,2,2,6,6,,,,,,,,,
12209612,0,0,6,4,,,,,,,,,
12209613,2,2,7,6,,,,,,,,,
12209614,2,2,7,6,,,,,,,,,
12209615,2,2,6,6,,,,,,,,,
12209616,,,,,,,,,,,,,
12209617,2,2,6,5,10,,,,,,,,
12209618,2,2,6,4,10,,,,,,,,
12209619,0,0,3,4,,,,,,,,,
12209620,0,0,1,2,,,,,,,,,
12209621,0,0,0,0,,,,,,,,,
12209622,0,0,0,1,,,,,,,,,
12209623,0,0,0,1,,,,,,,,,
12209624,2,2,6,6,,,,,,,,,
12209625,2,2,6,6,,,,,,,,,
12209626,2,2,6,6,,,,,,,,,
12209627,0,0,2,5,,,,,,,,,
12209628,1,1,6,4,3,,,,,,,,
12209629,2,2,5,6,10,,,,,,,,
12209630,0,0,5,4,,,,,,,,,
12209631,2,2,6,6,,,,,,,,,
12209632,2,2,6,6,,,,,,,,,
12209638,2,2,6,6,,,,,,,,,
12209639,2,2,6,6,,,,,,,,,
12209640,2,2,6,6,,,,,,,,,
12209641,,,,,,,,,,,,,
12209642,2,2,6,6,,,,,,,,,
12209643,2,2,6,6,,,,,,,,,
12209644,1,1,6,6,8,,,,,,,,
12209645,2,2,6,4,10,,,,,,,,
12209646,0,0,3,2,,,,,,,,,
12209647,,,,,,,,,,,,,
12209648,0,0,6,2,,,,,,,,,
12209649,,,,,,,,,,,,,
12209650,2,2,6,6,,,,,,,,,
12209651,0,0,3,3,,,,,,,,,
12209652,2,2,7,6,,,,,,,,,
12209653,,,,,,,,,,,,,
12209654,2,2,6,3,10,,,,,,,,
12209655,2,2,6,6,,,,,,,,,
12209656,0,0,2,1,,,,,,,,,
12209657,0,0,1,4,,,,,,,,,
12209659,0,0,3,1,,,,,,,,,
12209660,2,2,1,6,10,,,,,,,,
12209682,0,0,1,1,,,,,,,,,
12209683,2,2,6,6,,,,,,,,,
12209684,2,2,6,6,,,,,,,,,
12209685,0,0,0,2,,,,,,,,,
12209686,0,0,0,0,,,,,,,,,
12209687,0,0,0,0,,,,,,,,,
12209688,0,0,2,3,,,,,,,,,
12209689,2,2,6,6,,,,,,,,,
12209690,0,0,1,2,,,,,,,,,
12209691,2,2,6,6,,,,,,,,,
12209692,2,2,6,6,,,,,,,,,
12209693,2,2,6,6,,,,,,,,,
12209694,0,0,0,0,,,,,,,,,
12209695,2,2,6,6,,,,,,,,,
12209696,2,2,6,6,,,,,,,,,
12209697,0,0,5,3,,,,,,,,,
12209703,1,1,6,3,2,,,,,,,,
12209704,1,1,4,7,1,,,,7,,,,
12209705,0,0,3,4,,,,,,,,,
12209706,0,0,2,6,,,,,2,,,,
12209710,1,1,1,7,4,,,,7,,,,
12209712,2,2,6,7,,,,,,,,,
12209715,2,2,6,6,,,,,,,,,
12209716,2,2,6,6,,,,,,,,,
12209717,2,2,6,7,,,,,,,,,
12209718,0,0,0,0,,,,,,,,,
12209719,,,,,,,,,,,,,
12209720,1,1,3,6,5,,,,,,,,
12209721,1,1,6,4,7,,,,,,,,
12209722,0,0,0,1,,,,,,,,,
12209723,,,,,,,,,,,,,
12209724,,,,,,,,,,,,,
12209725,,,,,,,,,,,,,
12209726,,,,,,,,,,,,,
12209727,2,2,6,6,,,,,,,,,
12209728,2,2,6,6,,,,,,,,,
12209729,0,0,2,6,,,,,,,,,
12209730,0,0,2,1,,,,,,,,,
12209731,,,,,,,,,,,,,
12209732,2,2,6,6,,,,,,,,,
12209733,,,,,,,,,,,,,
12209734,2,2,3,6,10,,,,,,,,
12209735,2,2,3,6,10,,,,,,,,
12209736,1,1,6,6,2,,,,3,,,,
12209737,0,0,2,1,,,,,,,,,
12209738,0,0,6,1,,,,9,,,,,
12209739,2,2,6,6,,,,,,,,,
12209740,0,0,2,3,,,,,,,,,
12209741,2,2,6,6,,,,,,,,,
12209742,2,2,7,6,,,,,,,,,
12209743,2,2,6,6,,,,,,,,,
12209744,0,0,0,0,,,,,,,,,
12209745,,,,,,,,,,,,,
12209746,2,2,6,6,10,,,2,,,,,
12209747,2,2,6,6,,,,,,,,,
12209748,0,0,1,4,,,,,,,,,
12209749,0,0,0,2,,,,,,,,,
12209750,0,0,0,1,,,,,,,,,
12209751,2,2,6,6,,,,,,,,,
12209756,2,2,6,6,,,,,,,,,
12209757,2,2,6,7,,,,,,,,,
12209758,2,2,6,6,,,,,,,,,
12209759,2,2,6,6,,,,,,,,,
12209760,0,0,0,0,,,,,,,,,
12209761,2,2,7,6,,,,,,,,,
12209762,0,0,5,1,,,,,,,,,
12209763,2,2,6,6,,,,,,,,,
12209764,2,2,6,6,,,,,,,,,
12209765,1,1,3,6,1,,,,,,,,
12209766,0,0,5,3,,,,,,,,,
12209767,0,0,6,5,,,,3,,,,,
12209768,2,2,7,7,,,,,,,,,
12209769,1,1,6,1,3,,,,,,,,
12209770,0,0,4,3,,,,,,,,,
12209771,2,2,6,6,,,,,,,,,
12209772,2,2,6,6,,,,,,,,,
12209773,2,2,6,7,,,,,,,,,
12209774,2,2,6,6,,,,,,,,,
12209775,0,0,2,0,,,,,,,,,
12209776,2,2,6,6,13,,,,,,,,
12209777,2,2,6,6,,,,,,,,,
12209778,0,0,1,1,,,,,,,,,
12209779,1,1,6,2,8,,,,,,,,
12209780,2,2,6,6,,,,,,,,,
12209781,0,0,3,0,,,,,,,,,
12209782,0,0,3,2,,,,,,,,,
12209783,2,2,6,6,,,,,,,,,
12209784,0,0,0,0,,,,,,,,,
12209785,2,2,7,6,,,,,,,,,
12209786,0,0,0,0,,,,,,,,,
12209787,,,,,,,,,,,,,
12209788,0,0,4,0,,,,,,,,,
12209789,2,2,6,6,,,,,,,,,
12209790,0,0,3,2,,,,,,,,,
12209791,0,0,3,3,,,,,,,,,
12209792,0,0,6,6,,,,,,,,,
12209793,0,0,1,0,,,,,,,,,
12209794,2,2,6,7,,,,,,,,,
12209795,0,0,4,5,,,,,,,,,
12209796,1,1,3,7,6,,,,,,,,
12209797,2,2,6,6,,,,,,,,,
12209798,2,2,6,6,,,,,,,,,
12209799,0,0,2,4,,,,,,,,,
12209800,0,0,4,0,,,,,,,,,
12209801,1,1,6,4,7,,,,,,,,
12209802,2,2,7,6,,,,,,,,,
12209803,0,0,4,2,,,,,,,,,
12209804,0,0,2,3,,,,,,,,,
12209805,0,0,3,3,,,,,,,,,
12209806,2,2,6,6,,,,,,,,,
12209807,0,0,4,3,,,,,,,,,
12209808,2,2,6,6,,,,,,,,,
12209809,2,2,7,6,,,,,,,,,
12209810,2,2,6,7,,,,,,,,,
12209811,2,2,6,4,10,,,,,,,,
12209812,2,2,6,7,,,,,,,,,
12209813,0,0,0,2,,,,,,,,,
12209814,2,2,6,7,,,,,,,,,
12209815,0,0,6,5,,,,,,,,,
12209816,0,0,3,1,,,,,,,,,
12209817,0,0,1,0,,,,,,,,,
12209818,2,2,6,6,,,,,,,,,
12209927,2,2,2,7,6,,,,7,,,,
12209928,0,0,3,0,,,,,,,,,
12209929,2,2,6,6,,,,,,,,,
12209930,2,2,6,6,,,,,,,,,
12209931,1,1,3,6,2,,,,,,,,
12209932,0,0,3,2,,,,,,,,,
12209933,1,1,6,3,11,,,,,,,,
12209934,2,2,6,2,12,,,,,,,,
12209935,2,2,6,6,,,,,,,,,
12209936,2,2,6,7,,,,,,,,,
12209937,1,1,4,6,5,,,,,,,,
12209938,2,2,6,6,,,,,,,,,
12209939,1,1,6,0,11,,,,,,,,
12209940,2,2,7,6,,,,,,,,,
12209941,2,2,6,6,,,,,,,,,
12209942,0,0,1,1,,,,,,,,,
12209943,2,2,6,6,,,,,,,,,
12209944,,,,,,,,,,,,,
12209945,0,0,2,0,,,,,,,,,
12209946,2,2,6,6,,,,,,,,,
12209947,2,2,6,6,,,,,,,,,
12209948,0,0,1,4,,,,,,,,,
12209949,0,0,2,1,,,,,,,,,
12209950,2,2,6,6,,,,,,,,,
12209951,2,2,6,6,,,,,,,,,
12209952,2,2,6,6,,,,,,,,,
12209953,2,2,6,6,,,,,,,,,
12209954,0,0,1,1,,,,,,,,,
12209955,2,2,6,6,,,,,,,,,
12209956,2,2,6,6,,,,,,,,,
12209957,2,2,6,6,,,,,,,,,
12209958,1,1,6,6,5,,,,,,,,
12209959,2,2,6,7,,,,,,,,,
12209960,0,0,3,5,,,,,,,,,
12209961,2,2,6,6,,,,,,,,,
12209962,1,1,6,1,8,,,,,,,,
12209963,2,2,6,6,,,,,,,,,
12209964,0,0,4,3,,,,,,,,,
12209965,0,0,3,0,,,,,,,,,
12209968,0,0,0,1,,,,,,,,,
12209970,2,2,6,6,,,,,,,,,
12209971,2,2,6,6,,,,,,,,,
12209972,0,0,2,1,,,,,,,,,
12209973,0,0,5,3,,,,,,,,,
12209974,0,0,2,1,,,,,,,,,
12210001,2,2,2,6,6,,,,,,,,
12210007,2,2,6,7,,,,,,,,,
12210008,1,1,6,5,,,,,,,,,
12210068,0,0,0,5,,,,,,,,,
12210069,2,2,4,6,6,,,,,,,,
12210070,2,2,6,1,6,,,,,,,,
12210071,0,0,3,1,,,,,,,,,
12210101,2,2,4,6,6,,,,,,,,
12210102,2,2,7,6,,,,9,,,,,
12210103,2,2,6,3,6,,,,,,,,
12210105,2,2,6,6,,,,,,,,,
12210106,1,1,3,7,2,,,,11,,,,
12210109,0,0,3,4,,,,,,,,,
12210110,,,,,,,,,,,,,
12210111,0,0,1,3,,,,,,,,,
12210112,0,0,3,6,,,,,7,,,,
12210160,2,2,6,6,,,,,,,,,
12210161,2,2,6,6,,,,,,,,,
12210252,2,2,6,6,,,,,,,,,
12210253,2,2,7,6,,,,,,,,,
12210254,2,2,6,6,,,,,,,,,
12210255,0,0,0,2,,,,,,,,,
12210256,2,2,6,6,,,,,,,,,
12210257,2,2,5,6,10,,,,,,,,
12210258,0,0,2,0,,,,,,,,,
12210259,0,0,2,2,,,,,,,,,
12210260,2,2,6,6,,,,,,,,,
12210261,2,2,7,3,10,,,,,,,,
12210262,2,2,6,6,,,,,,,,,
12210263,2,2,2,7,10,,,,,,,,
12210264,0,0,0,2,,,,,,,,,
12210266,0,0,0,1,,,,,,,,,
12210267,2,2,7,6,,,,,,,,,
12210268,2,2,6,6,,,,,,,,,
12210276,0,0,2,1,,,,,,,,,
12210277,2,2,0,6,6,,,,,,,,
12210279,2,2,6,6,,,,,,,,,
12210280,0,0,6,,,,,0,,,,,
12210301,2,2,6,6,,,,,,,,,
12210337,1,1,7,0,3,,,,,,,,
12210389,0,0,6,6,,,,4,5,,,,
12210390,2,2,6,6,,,,,,,,,
12210391,2,2,6,6,,,,,,,,,
12210392,1,1,6,6,4,,,2,,,,,
12210393,2,2,1,6,6,,,,,,,,
12210394,2,2,6,7,,,,,7,,,,
12210395,2,2,6,6,,,,,,,,,
12210396,0,0,0,3,,,,,,,,,
12210397,1,1,0,6,4,,,,,,,,
12210398,2,2,6,6,,,,,,,,,
12210399,2,2,6,6,,,,,,,,,
12210400,2,2,6,6,,,,,,,,,
12210401,0,0,2,3,,,,,,,,,
12210402,0,0,0,1,,,,,,,,,
12210403,2,2,6,6,,,,,,,,,
12210404,0,0,1,0,,,,,,,,,
12210405,2,2,7,6,,,,,,,,,
12210412,0,0,4,,,,,,,,,,
12210414,2,2,7,6,,,,7,,,,,
12210415,0,0,6,4,,,,4,,,,,
12210416,0,0,1,4,,,,,,,,,
12210417,2,2,6,6,,,,,,,,,
12210418,1,1,6,6,5,,,7,,,,,
12210419,0,0,4,,,,,,,,,,
12210420,2,2,3,6,6,,,,,,,,
12210421,2,2,2,6,6,,,,,,,,
12210422,2,2,6,6,,,,,,,,,
12210423,0,0,0,1,,,,,,,,,
12210424,0,0,4,4,,,,,,,,,
12210425,0,0,1,0,,,,,,,,,
12210426,,,,,,,,,,,,,
12210427,2,2,6,6,,,,,,,,,
12210428,2,2,6,6,,,,,,,,,
12210429,1,1,6,0,,,,,,,,,
12210430,1,1,6,6,4,,,,6,,,,
12210498,1,1,6,1,,,,,,,,,
12210860,0,0,6,3,,,,6,,,,,
12210870,2,2,6,6,,,,,,,,,
12210879,2,2,6,6,,,,,,,,,
12210880,1,1,6,2,3,,,,,,,,
12210881,2,2,6,6,,,,,,,,,
12210882,2,2,4,6,6,,,,,,,,
12210883,2,2,6,7,7,,,3,7,7,,,
12210884,0,0,1,1,,,,,,,,,
12210885,2,2,6,6,,,,,,,,,
12210886,0,0,1,4,,,,,,,,,
12210887,0,0,1,0,,,,,,,,,
12210888,2,2,6,6,,,,,,,,,
12210889,2,2,6,6,,,,,,,,,
12210890,1,1,4,6,5,,,,,,,,
12210911,0,0,6,3,,,,3,,,,,
12211254,0,0,3,0,,,,,,,,,
12211255,0,0,5,0,,,,,,,,,
12211320,2,2,6,1,12,,,,,,,,
12211321,0,0,6,5,,,,2,,,,,
12211322,1,1,6,4,3,,,,,,,,
12211323,2,2,6,6,,,,,,,,,
12211324,1,1,4,6,3,,,,,,,,
12211325,0,0,1,3,,,,,,,,,
12211326,0,0,2,3,,,,,,,,,
12211327,2,2,6,3,10,,,,,,,,
12211328,2,2,4,6,10,,,,,,,,
12211329,2,2,6,4,11,,,,,,,,
12211330,2,2,6,6,6,,,,4,,,,
12211331,0,0,5,1,,,,,,,,,
12211332,0,0,1,0,,,,,,,,,
12211333,1,1,6,3,4,,,,,,,,
12211334,0,0,5,6,,,,,4,,,,
12211335,0,0,4,4,,,,,,,,,
12211337,2,2,6,2,6,,,,,,,,
12211380,0,0,3,4,,,,,,,,,
12211394,1,1,6,4,6,,,,,3,,,
12211395,2,2,7,6,,,,,,,,,
12211396,2,2,6,6,,,,,,,,,
12211397,2,2,6,6,,,,,,,,,
12211398,,,,,,,,,,,,,
12211399,2,2,6,6,,,,,,,,,
12211400,2,2,6,6,,,,,,,,,
12211401,2,2,6,6,,,,,,,,,
12211402,2,2,6,6,,,,,,,,,
12211418,2,2,7,6,,,,7,,,,,
12211452,2,2,7,7,,,,,,,,,
12211453,1,1,4,7,2,,,,7,,,,
12211485,0,0,6,4,,,,,,,,,
12211486,0,0,1,2,,,,,,,,,
12211487,0,0,4,2,,,,,,,,,
12211523,2,2,6,6,,,,,,,,,
12211524,2,2,6,2,10,,,,,,,,
12211525,2,2,6,6,,,,,,,,,
12211526,2,2,2,7,10,,,,,,,,
12211527,2,2,6,6,,,,,,,,,
12211528,2,2,7,6,,,,,,,,,
12211529,2,2,3,6,10,,,,,,,,
12211530,2,2,6,6,,,,,,,,,
12211531,0,0,2,1,,,,,,,,,
12211532,2,2,6,6,,,,,,,,,
12211533,2,2,6,6,,,,,,,,,
12211534,0,0,4,0,,,,,,,,,
12211535,2,2,6,6,,,,,,,,,
12211536,2,2,6,6,,,,,,,,,
12211537,,,,,,,,,,,,,
12211538,,,,,,,,,,,,,
12211539,2,2,6,6,,,,,,,,,
12211540,0,0,4,2,,,,,,,,,
12211541,2,2,6,6,,,,,,,,,
12211542,2,2,6,6,,,,,,,,,
12211543,0,0,3,4,,,,,,,,,
12211547,2,2,6,6,,,,,,,,,
12211548,0,0,4,2,,,,,,,,,
12211550,1,1,6,3,3,,,,,,,,
12211551,0,0,1,3,,,,,,,,,
12211552,0,0,3,4,,,,,,,,,
12211553,2,2,7,7,,,,,7,,,,
12211554,2,2,6,6,,,,,,,,,
12211555,0,0,3,2,,,,,,,,,
12211556,0,0,2,1,,,,,,,,,
12211557,0,0,4,3,,,,,,,,,
12211558,2,2,6,6,,,,,,,,,
12211559,2,2,6,6,,,,,,,,,
12211560,2,2,6,6,,,,,,,,,
12211561,1,1,4,6,5,,,,,,,,
12211562,2,2,6,7,,,,,,,,,
12211563,0,0,2,4,,,,,,,,,
12211564,0,0,3,6,,,,,2,,,,
12211565,0,0,1,3,,,,,,,,,
12211566,1,1,7,4,7,,,8,,,,,
12211567,,,,,,,,,,,,,
12211568,2,2,6,6,,,,,,,,,
12211569,1,1,3,6,8,,,,,,,,
12211570,2,2,6,6,,,,,,,,,
12211571,2,2,6,6,,,,,,,,,
12211572,0,0,4,3,,,,,,,,,
12211573,2,2,6,6,,,,,,,,,
12211574,2,2,6,6,,,,,,,,,
12211575,0,0,1,,,,,,,,,,
12211576,2,2,6,6,,,,,,,,,
12211577,2,2,6,6,,,,,,,,,
12211578,2,2,6,1,10,,,,,,,,
12211579,1,1,7,2,2,,,,,,,,
12211597,2,2,7,6,,,,,,,,,
12211598,0,0,3,6,,,,,2,,,,
12211599,2,2,6,6,,,,,,,,,
12211600,2,2,6,6,,,,,,,,,
12211601,2,2,6,7,,,,,7,,,,
12211602,1,1,5,6,6,,,,,1,,,
12211603,2,2,6,6,6,,,,5,,,,
12211604,2,2,6,0,6,,,,,,,,
12211663,0,0,6,4,,,,2,,,,,
12211700,0,0,5,4,,,,,,,,,
12211764,2,2,6,6,,,,,,,,,
12211765,2,2,6,6,6,,,,1,,,,
12211767,2,2,6,6,,,,,,,,,
12211768,2,2,6,6,,,,,,,,,
12211769,2,2,6,6,,,,,,,,,
12211770,1,1,3,6,6,,,,,,,,
12211771,2,2,6,7,,,,,,,,,
12211772,2,2,6,7,,,,,,,,,
12211773,0,0,4,3,,,,,,,,,
12211774,0,0,3,4,,,,,,,,,
12211775,2,2,6,6,,,,,,,,,
12211776,0,0,6,4,,,,,,,,,
12211777,2,2,6,6,,,,,,,,,
12211778,0,0,2,2,,,,,,,,,
12211779,2,2,6,6,,,,,,,,,
12211780,2,2,6,7,,,,,8,,,,
12211781,0,0,3,3,,,,,,,,,
12211782,2,2,7,6,,,,7,,,,,
12211783,2,2,5,6,10,,,,,,,,
12211784,1,1,6,3,6,,,,,,,,
12211785,2,2,6,7,,,,,7,,,,
12211786,2,2,6,6,,,,,,,,,
12211787,2,2,7,6,,,,7,,,,,
12211788,0,0,2,1,,,,,,,,,
12211789,2,2,6,6,,,,,,,,,
12211790,0,0,5,2,,,,,,,,,
12211791,0,0,4,4,,,,,,,,,
12211792,0,0,1,0,,,,,,,,,
12211793,1,1,1,6,6,,,,,,,,
12211794,0,0,1,2,,,,,,,,,
12211795,2,2,6,6,,,,,,,,,
12211796,2,2,7,6,,,,,,,,,
12211797,2,2,6,6,,,,,,,,,
12211798,0,0,2,1,,,,,,,,,
12211799,0,0,4,6,,,,,,,,,
12211800,0,0,3,4,,,,,,,,,
12211801,0,0,5,5,,,,,,,,,
12211802,2,2,6,7,,,,,,,,,
12211803,2,2,6,7,,,,,,,,,
12211804,0,0,2,2,,,,,,,,,
12211805,,,,,,,,,,,,,
12211806,2,2,6,7,,,,,,,,,
12211807,2,2,6,6,,,,,,,,,
12211808,2,2,6,6,,,,,,,,,
12211809,2,2,6,2,10,,,,,,,,
12211877,2,2,6,6,,,,,,,,,
12211900,0,0,5,,,,,,,,,,
12211901,0,0,5,5,,,,,,,,,
12211902,1,1,2,6,1,,,,,,,,
12211903,0,0,6,6,,,,6,5,,,,
12211904,2,2,3,6,6,,,,,,,,
12211921,0,0,3,3,,,,,,,,,
12211922,2,2,6,6,,,,,,,,,
12211923,,,,,,,,,,,,,
12211924,0,0,3,1,,,,,,,,,
12211925,,,,,,,,,,,,,
12211927,0,0,2,2,,,,,,,,,
12211928,2,2,6,6,10,,,,7,,,,
12211930,1,1,6,4,7,,,,,,,,
12211931,0,0,0,0,,,,,,,,,
12211932,2,2,6,7,,,,,,,,,
12211933,2,2,6,6,,,,,,,,,
12211934,0,0,2,5,,,,,,,,,
12211936,2,2,6,4,10,,,,,,,,
12211937,2,2,6,6,,,,,,,,,
12211938,1,1,4,7,11,,,,,,,,
12211939,2,2,6,6,,,,,,,,,
12211940,2,2,6,6,,,,,,,,,
12211942,2,2,6,6,,,,,,,,,
12211943,2,2,6,4,10,,,,,,,,
12211945,0,0,5,,,,,,,,,,
12211947,0,0,0,0,,,,,,,,,
12211948,1,1,2,6,8,,,,,,,,
12211949,2,2,6,6,,,,,,,,,
12211950,0,0,2,2,,,,,,,,,
12211951,0,0,4,4,,,,,,,,,
12211952,2,2,6,6,,,,,,,,,
12211967,1,1,6,6,8,,,,3,,,,
12211968,2,2,6,6,,,,,,,,,
12211969,2,2,6,6,,,,,,,,,
12211970,2,2,6,1,10,,,,,,,,
12211971,0,0,4,6,,,,,1,,,,
12211972,0,0,3,4,,,,,,,,,
12211978,,,,,,,,,,,,,
12211979,2,2,6,6,,,,,,,,,
12211980,0,0,2,2,,,,,,,,,
12211981,0,0,3,4,,,,,,,,,
12211982,2,2,7,7,,,,,,,,,
12211983,0,0,5,4,,,,,,,,,
12211984,0,0,0,1,,,,,,,,,
12211985,,,,,,,,,,,,,
12211986,2,2,6,6,10,,,,,,,,
12211987,0,0,4,4,,,,,,,,,
12211988,2,2,6,6,,,,,,,,,
12211989,2,2,6,6,,,,,,,,,
12211990,,,,,,,,,,,,,
12211991,2,2,6,6,,,,,,,,,
12211992,0,0,4,4,,,,,,,,,
12211993,2,2,7,6,,,,,,,,,
12211994,2,2,6,6,,,,,,,,,
12211995,2,2,6,6,,,,,,,,,
12211996,2,2,6,6,,,,,,,,,
12211997,0,0,4,4,,,,,,,,,
12211998,2,2,7,6,,,,,,,,,
12211999,0,0,0,1,,,,,,,,,
12212000,2,2,6,3,10,,,,,,,,
12212001,2,2,6,6,,,,,,,,,
12212002,0,0,3,2,,,,,,,,,
12212003,2,2,6,6,,,,,,,,,
12212004,2,2,4,7,10,,,,,,,,
12212009,0,0,4,5,,,,,,,,,
12212011,2,2,7,0,7,,,7,,7,,,
12212014,2,2,2,7,10,,,,,,,,
12212015,1,1,3,6,8,,,,,,,,
12212019,2,2,6,6,,,,,,,,,
12212020,2,2,6,6,,,,,,,,,
12212021,2,2,6,6,,,,,,,,,
12212022,2,2,6,6,,,,,,,,,
12212023,1,1,6,1,6,,,,,5,,,
12212024,2,2,7,6,,,,,,,,,
12212025,2,2,6,6,,,,,,,,,
12212026,,,,,,,,,,,,,
12212033,1,1,6,2,,,,,,,,,
12212034,0,0,6,2,,,,3,,,,,
12212068,2,2,2,7,6,,,,10,,,,
12212076,0,0,3,6,,,,,5,,,,
12212077,1,1,6,1,1,,,,,,,,
12212078,2,2,6,6,,,,,,,,,
12212080,2,2,6,7,,,,,,,,,
12212087,2,2,6,6,,,,,,,,,
12212106,2,2,6,6,,,,,,,,,
12212107,2,2,6,6,,,,,,,,,
12212127,0,0,3,4,,,,,,,,,
12212201,2,2,7,7,,,,,,,,,
12212202,2,2,7,6,,,,,,,,,
12212203,2,2,6,6,,,,,,,,,
12212204,2,2,7,2,10,,,,,,,,
12212205,0,0,5,2,,,,,,,,,
12212206,2,2,6,4,11,,,,,,,,
12212207,1,1,4,6,5,,,,,,,,
12212208,2,2,6,7,,,,,,,,,
12212209,2,2,6,6,,,,,,,,,
12212210,0,0,0,4,,,,,,,,,
12212211,0,0,2,1,,,,,,,,,
12212212,2,2,6,6,,,,,,,,,
12212213,1,1,2,7,7,,,,,,,,
12212214,0,0,3,1,,,,,,,,,
12212215,0,0,2,2,,,,,,,,,
12212216,2,2,6,3,11,,,,,,,,
12213156,2,2,7,4,6,,,,,,,,
12213192,2,2,6,6,,,,,,,,,
12213206,2,2,6,6,,,,,,,,,
12213412,0,0,2,1,,,,,,,,,
12213458,1,1,0,7,5,,,,,,,,
12213459,2,2,6,6,,,,,,,,,
12213460,2,2,6,6,,,,,,,,,
12213482,2,2,6,6,,,,,,,,,
12213483,2,2,6,6,,,,,,,,,
12213484,2,2,6,6,,,,,,,,,
12213486,2,2,6,6,,,,,,,,,
12213803,2,2,6,6,,,,,,,,,
