match_id,round_id,name,slug,cup_round_type
11998445,5,Round of 16,round-of-16,8
11998446,5,Round of 16,round-of-16,8
11998447,5,Round of 16,round-of-16,8
11998448,5,Round of 16,round-of-16,8
11998449,5,Round of 16,round-of-16,8
11998450,5,Round of 16,round-of-16,8
11998451,5,Round of 16,round-of-16,8
11998456,27,Quarterfinal,quarterfinal,4
11998459,5,Round of 16,round-of-16,8
11998666,27,Quarterfinal,quarterfinal,4
11998667,27,Quarterfinal,quarterfinal,4
11998670,27,Quarterfinal,quarterfinal,4
11998671,27,Quarterfinal,quarterfinal,4
11998672,5,Round of 16,round-of-16,8
11998674,5,Round of 16,round-of-16,8
11998675,5,Round of 16,round-of-16,8
11998676,5,Round of 16,round-of-16,8
11998772,5,Round of 16,round-of-16,8
11998774,5,Round of 16,round-of-16,8
11998780,5,Round of 16,round-of-16,8
11998782,5,Round of 16,round-of-16,8
11998783,5,Round of 16,round-of-16,8
11998784,5,Round of 16,round-of-16,8
11998785,5,Round of 16,round-of-16,8
11998786,5,Round of 16,round-of-16,8
11999004,5,Round of 16,round-of-16,8
11999005,5,Round of 16,round-of-16,8
11999007,5,Round of 16,round-of-16,8
11999009,5,Round of 16,round-of-16,8
11999010,5,Round of 16,round-of-16,8
11999011,5,Round of 16,round-of-16,8
11999012,5,Round of 16,round-of-16,8
11999013,5,Round of 16,round-of-16,8
11999014,27,Quarterfinal,quarterfinal,4
11999209,5,Round of 16,round-of-16,8
11999210,5,Round of 16,round-of-16,8
11999211,5,Round of 16,round-of-16,8
11999212,5,Round of 16,round-of-16,8
11999213,5,Round of 16,round-of-16,8
11999215,5,Round of 16,round-of-16,8
11999219,5,Round of 16,round-of-16,8
11999220,5,Round of 16,round-of-16,8
12002040,5,Round of 16,round-of-16,8
12002041,5,Round of 16,round-of-16,8
12002042,5,Round of 16,round-of-16,8
12002043,5,Round of 16,round-of-16,8
12002044,5,Round of 16,round-of-16,8
12002048,5,Round of 16,round-of-16,8
12002049,5,Round of 16,round-of-16,8
12002050,5,Round of 16,round-of-16,8
12002051,5,Round of 16,round-of-16,8
12002052,5,Round of 16,round-of-16,8
12002053,5,Round of 16,round-of-16,8
12002055,5,Round of 16,round-of-16,8
12002057,27,Quarterfinal,quarterfinal,4
12002058,27,Quarterfinal,quarterfinal,4
12002060,27,Quarterfinal,quarterfinal,4
12002064,27,Quarterfinal,quarterfinal,4
12002065,27,Quarterfinal,quarterfinal,4
12002068,27,Quarterfinal,quarterfinal,4
12010829,6,Round of 32,round-of-32,16
12010830,6,Round of 32,round-of-32,16
12011297,6,Round of 32,round-of-32,16
12011301,6,Round of 32,round-of-32,16
12011306,6,Round of 32,round-of-32,16
12014547,6,Round of 32,round-of-32,16
12016976,6,Round of 32,round-of-32,16
12017442,6,Round of 32,round-of-32,16
12017453,6,Round of 32,round-of-32,16
12017455,6,Round of 32,round-of-32,16
12017458,5,Round of 16,round-of-16,8
12017459,6,Round of 32,round-of-32,16
12017462,6,Round of 32,round-of-32,16
12017463,5,Round of 16,round-of-16,8
12017464,6,Round of 32,round-of-32,16
12017465,6,Round of 32,round-of-32,16
12017468,5,Round of 16,round-of-16,8
12017473,6,Round of 32,round-of-32,16
12017477,6,Round of 32,round-of-32,16
12017480,5,Round of 16,round-of-16,8
12017483,5,Round of 16,round-of-16,8
12017488,6,Round of 32,round-of-32,16
12017495,6,Round of 32,round-of-32,16
12017501,6,Round of 32,round-of-32,16
12017504,6,Round of 32,round-of-32,16
12017505,6,Round of 32,round-of-32,16
12017506,6,Round of 32,round-of-32,16
12017510,6,Round of 32,round-of-32,16
12017511,6,Round of 32,round-of-32,16
12017513,5,Round of 16,round-of-16,8
12017514,5,Round of 16,round-of-16,8
12017517,6,Round of 32,round-of-32,16
12017520,6,Round of 32,round-of-32,16
12017522,6,Round of 32,round-of-32,16
12017523,6,Round of 32,round-of-32,16
12017526,6,Round of 32,round-of-32,16
12017528,6,Round of 32,round-of-32,16
12017533,6,Round of 32,round-of-32,16
12017539,6,Round of 32,round-of-32,16
12017648,5,Round of 16,round-of-16,8
12017656,5,Round of 16,round-of-16,8
12018083,5,Round of 16,round-of-16,8
12018812,6,Round of 32,round-of-32,16
12018833,5,Round of 16,round-of-16,8
12018836,5,Round of 16,round-of-16,8
12018842,6,Round of 32,round-of-32,16
12018844,6,Round of 32,round-of-32,16
12018847,6,Round of 32,round-of-32,16
12018849,6,Round of 32,round-of-32,16
12018857,5,Round of 16,round-of-16,8
12018899,5,Round of 16,round-of-16,8
12018932,6,Round of 32,round-of-32,16
12018933,6,Round of 32,round-of-32,16
12018934,6,Round of 32,round-of-32,16
12018937,6,Round of 32,round-of-32,16
12018939,6,Round of 32,round-of-32,16
12018941,6,Round of 32,round-of-32,16
12018944,6,Round of 32,round-of-32,16
12018945,6,Round of 32,round-of-32,16
12019043,5,Round of 16,round-of-16,8
12019094,5,Round of 16,round-of-16,8
12019105,5,Round of 16,round-of-16,8
12019106,5,Round of 16,round-of-16,8
12019658,5,Round of 16,round-of-16,8
12019672,6,Round of 32,round-of-32,16
12019673,6,Round of 32,round-of-32,16
12019677,6,Round of 32,round-of-32,16
12019755,5,Round of 16,round-of-16,8
12019899,5,Round of 16,round-of-16,8
12019944,6,Round of 32,round-of-32,16
12019945,6,Round of 32,round-of-32,16
12019949,6,Round of 32,round-of-32,16
12019979,5,Round of 16,round-of-16,8
12020048,5,Round of 16,round-of-16,8
12020068,6,Round of 32,round-of-32,16
12020069,6,Round of 32,round-of-32,16
12020070,6,Round of 32,round-of-32,16
12020071,6,Round of 32,round-of-32,16
12020072,6,Round of 32,round-of-32,16
12020073,6,Round of 32,round-of-32,16
12020074,6,Round of 32,round-of-32,16
12020075,6,Round of 32,round-of-32,16
12020509,5,Round of 16,round-of-16,8
12020510,5,Round of 16,round-of-16,8
12020513,5,Round of 16,round-of-16,8
12020532,5,Round of 16,round-of-16,8
12020544,5,Round of 16,round-of-16,8
12020555,5,Round of 16,round-of-16,8
12020624,5,Round of 16,round-of-16,8
12020718,5,Round of 16,round-of-16,8
12021294,5,Round of 16,round-of-16,8
12021309,5,Round of 16,round-of-16,8
12021318,5,Round of 16,round-of-16,8
12021328,5,Round of 16,round-of-16,8
12021399,5,Round of 16,round-of-16,8
12021419,5,Round of 16,round-of-16,8
12021434,5,Round of 16,round-of-16,8
12021435,5,Round of 16,round-of-16,8
12021442,5,Round of 16,round-of-16,8
12021451,5,Round of 16,round-of-16,8
12021493,5,Round of 16,round-of-16,8
12021494,5,Round of 16,round-of-16,8
12021502,5,Round of 16,round-of-16,8
12021503,5,Round of 16,round-of-16,8
12021508,5,Round of 16,round-of-16,8
12021518,5,Round of 16,round-of-16,8
12021519,5,Round of 16,round-of-16,8
12021521,5,Round of 16,round-of-16,8
12021522,5,Round of 16,round-of-16,8
12021530,5,Round of 16,round-of-16,8
12021532,5,Round of 16,round-of-16,8
12021538,5,Round of 16,round-of-16,8
12021539,5,Round of 16,round-of-16,8
12021558,6,Round of 32,round-of-32,16
12021562,5,Round of 16,round-of-16,8
12021566,5,Round of 16,round-of-16,8
12021581,5,Round of 16,round-of-16,8
12021589,5,Round of 16,round-of-16,8
12021590,5,Round of 16,round-of-16,8
12021599,5,Round of 16,round-of-16,8
12021601,6,Round of 32,round-of-32,16
12021605,5,Round of 16,round-of-16,8
12021622,5,Round of 16,round-of-16,8
12021623,5,Round of 16,round-of-16,8
12021624,5,Round of 16,round-of-16,8
12021658,5,Round of 16,round-of-16,8
12021659,5,Round of 16,round-of-16,8
12021806,5,Round of 16,round-of-16,8
12021807,5,Round of 16,round-of-16,8
12021848,5,Round of 16,round-of-16,8
12022185,5,Round of 16,round-of-16,8
12022248,5,Round of 16,round-of-16,8
12022250,5,Round of 16,round-of-16,8
12022251,5,Round of 16,round-of-16,8
12022262,5,Round of 16,round-of-16,8
12022282,5,Round of 16,round-of-16,8
12022295,5,Round of 16,round-of-16,8
12022305,5,Round of 16,round-of-16,8
12022321,5,Round of 16,round-of-16,8
12022327,5,Round of 16,round-of-16,8
12022336,5,Round of 16,round-of-16,8
12022371,5,Round of 16,round-of-16,8
12022396,5,Round of 16,round-of-16,8
12022430,5,Round of 16,round-of-16,8
12022438,5,Round of 16,round-of-16,8
12022439,5,Round of 16,round-of-16,8
12022452,5,Round of 16,round-of-16,8
12022453,5,Round of 16,round-of-16,8
12022492,5,Round of 16,round-of-16,8
12022513,5,Round of 16,round-of-16,8
12022525,5,Round of 16,round-of-16,8
12022526,5,Round of 16,round-of-16,8
12022527,5,Round of 16,round-of-16,8
12022528,5,Round of 16,round-of-16,8
12022562,5,Round of 16,round-of-16,8
12022672,5,Round of 16,round-of-16,8
12022674,5,Round of 16,round-of-16,8
12022675,5,Round of 16,round-of-16,8
12022680,5,Round of 16,round-of-16,8
12022685,5,Round of 16,round-of-16,8
12022703,5,Round of 16,round-of-16,8
12022718,5,Round of 16,round-of-16,8
12022727,5,Round of 16,round-of-16,8
12022801,5,Round of 16,round-of-16,8
12022802,5,Round of 16,round-of-16,8
12023335,27,Quarterfinal,quarterfinal,4
12023340,27,Quarterfinal,quarterfinal,4
12023461,27,Quarterfinal,quarterfinal,4
12023462,27,Quarterfinal,quarterfinal,4
12023465,27,Quarterfinal,quarterfinal,4
12023470,27,Quarterfinal,quarterfinal,4
12024064,27,Quarterfinal,quarterfinal,4
12024149,27,Quarterfinal,quarterfinal,4
12024225,27,Quarterfinal,quarterfinal,4
12024236,27,Quarterfinal,quarterfinal,4
12024243,27,Quarterfinal,quarterfinal,4
12024248,27,Quarterfinal,quarterfinal,4
12024249,27,Quarterfinal,quarterfinal,4
12024252,27,Quarterfinal,quarterfinal,4
12024254,27,Quarterfinal,quarterfinal,4
12024307,27,Quarterfinal,quarterfinal,4
12024308,27,Quarterfinal,quarterfinal,4
12024356,27,Quarterfinal,quarterfinal,4
12024430,27,Quarterfinal,quarterfinal,4
12024431,27,Quarterfinal,quarterfinal,4
12024440,27,Quarterfinal,quarterfinal,4
12024550,27,Quarterfinal,quarterfinal,4
12024572,27,Quarterfinal,quarterfinal,4
12024628,27,Quarterfinal,quarterfinal,4
12024632,27,Quarterfinal,quarterfinal,4
12024644,27,Quarterfinal,quarterfinal,4
12024645,27,Quarterfinal,quarterfinal,4
12024652,27,Quarterfinal,quarterfinal,4
12024769,27,Quarterfinal,quarterfinal,4
12024782,27,Quarterfinal,quarterfinal,4
12024913,27,Quarterfinal,quarterfinal,4
12025016,27,Quarterfinal,quarterfinal,4
12025030,27,Quarterfinal,quarterfinal,4
12025056,27,Quarterfinal,quarterfinal,4
12025057,27,Quarterfinal,quarterfinal,4
12025085,27,Quarterfinal,quarterfinal,4
12025144,27,Quarterfinal,quarterfinal,4
11998445,5,Round of 16,round-of-16,8
11998446,5,Round of 16,round-of-16,8
11998447,5,Round of 16,round-of-16,8
11998452,27,Quarterfinal,quarterfinal,4
11998453,27,Quarterfinal,quarterfinal,4
11998454,27,Quarterfinal,quarterfinal,4
11998456,27,Quarterfinal,quarterfinal,4
11998459,5,Round of 16,round-of-16,8
11998664,28,Semifinal,semifinal,2
11998666,27,Quarterfinal,quarterfinal,4
11998667,27,Quarterfinal,quarterfinal,4
11998670,27,Quarterfinal,quarterfinal,4
11998671,27,Quarterfinal,quarterfinal,4
11998673,28,Semifinal,semifinal,2
11998772,5,Round of 16,round-of-16,8
11998776,27,Quarterfinal,quarterfinal,4
11998777,27,Quarterfinal,quarterfinal,4
11998779,27,Quarterfinal,quarterfinal,4
11998780,5,Round of 16,round-of-16,8
11998781,27,Quarterfinal,quarterfinal,4
11998784,5,Round of 16,round-of-16,8
11998786,5,Round of 16,round-of-16,8
11999004,5,Round of 16,round-of-16,8
11999005,5,Round of 16,round-of-16,8
11999006,27,Quarterfinal,quarterfinal,4
11999007,5,Round of 16,round-of-16,8
11999009,5,Round of 16,round-of-16,8
11999011,5,Round of 16,round-of-16,8
11999014,27,Quarterfinal,quarterfinal,4
11999015,27,Quarterfinal,quarterfinal,4
11999018,28,Semifinal,semifinal,2
11999019,27,Quarterfinal,quarterfinal,4
11999206,27,Quarterfinal,quarterfinal,4
11999207,27,Quarterfinal,quarterfinal,4
11999208,27,Quarterfinal,quarterfinal,4
11999211,5,Round of 16,round-of-16,8
11999212,5,Round of 16,round-of-16,8
11999213,5,Round of 16,round-of-16,8
11999214,27,Quarterfinal,quarterfinal,4
11999219,5,Round of 16,round-of-16,8
12002041,5,Round of 16,round-of-16,8
12002049,5,Round of 16,round-of-16,8
12002050,5,Round of 16,round-of-16,8
12002051,5,Round of 16,round-of-16,8
12002053,5,Round of 16,round-of-16,8
12002055,5,Round of 16,round-of-16,8
12002057,27,Quarterfinal,quarterfinal,4
12002058,27,Quarterfinal,quarterfinal,4
12002059,27,Quarterfinal,quarterfinal,4
12002060,27,Quarterfinal,quarterfinal,4
12002061,27,Quarterfinal,quarterfinal,4
12002064,27,Quarterfinal,quarterfinal,4
12002065,27,Quarterfinal,quarterfinal,4
12002066,28,Semifinal,semifinal,2
12002067,28,Semifinal,semifinal,2
12002068,27,Quarterfinal,quarterfinal,4
12002072,28,Semifinal,semifinal,2
12017513,5,Round of 16,round-of-16,8
12017514,5,Round of 16,round-of-16,8
12018899,5,Round of 16,round-of-16,8
12019043,5,Round of 16,round-of-16,8
12019658,5,Round of 16,round-of-16,8
12020048,5,Round of 16,round-of-16,8
12021538,5,Round of 16,round-of-16,8
12021658,5,Round of 16,round-of-16,8
12022282,5,Round of 16,round-of-16,8
12022321,5,Round of 16,round-of-16,8
12022492,5,Round of 16,round-of-16,8
12022526,5,Round of 16,round-of-16,8
12022528,5,Round of 16,round-of-16,8
12022562,5,Round of 16,round-of-16,8
12022672,5,Round of 16,round-of-16,8
12022675,5,Round of 16,round-of-16,8
12022685,5,Round of 16,round-of-16,8
12022703,5,Round of 16,round-of-16,8
12022718,5,Round of 16,round-of-16,8
12022727,5,Round of 16,round-of-16,8
12022801,5,Round of 16,round-of-16,8
12022802,5,Round of 16,round-of-16,8
12023335,27,Quarterfinal,quarterfinal,4
12023340,27,Quarterfinal,quarterfinal,4
12023461,27,Quarterfinal,quarterfinal,4
12023462,27,Quarterfinal,quarterfinal,4
12023465,27,Quarterfinal,quarterfinal,4
12023470,27,Quarterfinal,quarterfinal,4
12024064,27,Quarterfinal,quarterfinal,4
12024149,27,Quarterfinal,quarterfinal,4
12024225,27,Quarterfinal,quarterfinal,4
12024226,27,Quarterfinal,quarterfinal,4
12024236,27,Quarterfinal,quarterfinal,4
12024243,27,Quarterfinal,quarterfinal,4
12024245,27,Quarterfinal,quarterfinal,4
12024248,27,Quarterfinal,quarterfinal,4
12024249,27,Quarterfinal,quarterfinal,4
12024252,27,Quarterfinal,quarterfinal,4
12024254,27,Quarterfinal,quarterfinal,4
12024307,27,Quarterfinal,quarterfinal,4
12024308,27,Quarterfinal,quarterfinal,4
12024355,27,Quarterfinal,quarterfinal,4
12024356,27,Quarterfinal,quarterfinal,4
12024365,27,Quarterfinal,quarterfinal,4
12024371,27,Quarterfinal,quarterfinal,4
12024430,27,Quarterfinal,quarterfinal,4
12024431,27,Quarterfinal,quarterfinal,4
12024435,27,Quarterfinal,quarterfinal,4
12024440,27,Quarterfinal,quarterfinal,4
12024489,27,Quarterfinal,quarterfinal,4
12024550,27,Quarterfinal,quarterfinal,4
12024572,27,Quarterfinal,quarterfinal,4
12024628,27,Quarterfinal,quarterfinal,4
12024632,27,Quarterfinal,quarterfinal,4
12024644,27,Quarterfinal,quarterfinal,4
12024645,27,Quarterfinal,quarterfinal,4
12024652,27,Quarterfinal,quarterfinal,4
12024769,27,Quarterfinal,quarterfinal,4
12024782,27,Quarterfinal,quarterfinal,4
12024794,27,Quarterfinal,quarterfinal,4
12024913,27,Quarterfinal,quarterfinal,4
12025016,27,Quarterfinal,quarterfinal,4
12025030,27,Quarterfinal,quarterfinal,4
12025044,27,Quarterfinal,quarterfinal,4
12025056,27,Quarterfinal,quarterfinal,4
12025057,27,Quarterfinal,quarterfinal,4
12025061,27,Quarterfinal,quarterfinal,4
12025067,27,Quarterfinal,quarterfinal,4
12025085,27,Quarterfinal,quarterfinal,4
12025133,27,Quarterfinal,quarterfinal,4
12025142,27,Quarterfinal,quarterfinal,4
12025144,27,Quarterfinal,quarterfinal,4
12025149,27,Quarterfinal,quarterfinal,4
12025174,27,Quarterfinal,quarterfinal,4
12025679,28,Semifinal,semifinal,2
12025752,28,Semifinal,semifinal,2
12025849,28,Semifinal,semifinal,2
12026470,28,Semifinal,semifinal,2
12026623,28,Semifinal,semifinal,2
12026792,28,Semifinal,semifinal,2
12026797,28,Semifinal,semifinal,2
12026987,28,Semifinal,semifinal,2
12027048,28,Semifinal,semifinal,2
12027148,28,Semifinal,semifinal,2
12027491,28,Semifinal,semifinal,2
12027494,28,Semifinal,semifinal,2
12027539,28,Semifinal,semifinal,2
12027547,28,Semifinal,semifinal,2
12027611,28,Semifinal,semifinal,2
12027640,1,Qualification round 1,qualification-round-1,
12027641,1,Qualification round 1,qualification-round-1,
12027643,1,Qualification round 1,qualification-round-1,
12027644,1,Qualification round 1,qualification-round-1,
12027645,1,Qualification round 1,qualification-round-1,
12027646,1,Qualification round 1,qualification-round-1,
12027647,1,Qualification round 1,qualification-round-1,
12027648,1,Qualification round 1,qualification-round-1,
12027649,1,Qualification round 1,qualification-round-1,
12027651,1,Qualification round 1,qualification-round-1,
12027652,1,Qualification round 1,qualification-round-1,
12027653,28,Semifinal,semifinal,2
12027654,1,Qualification round 1,qualification-round-1,
12027665,1,Qualification round 1,qualification-round-1,
12027666,1,Qualification round 1,qualification-round-1,
12027667,1,Qualification round 1,qualification-round-1,
12027668,1,Qualification round 1,qualification-round-1,
12027669,1,Qualification round 1,qualification-round-1,
12027672,1,Qualification round 1,qualification-round-1,
12027673,1,Qualification round 1,qualification-round-1,
12027674,1,Qualification round 1,qualification-round-1,
12027677,1,Qualification round 1,qualification-round-1,
12027678,1,Qualification round 1,qualification-round-1,
12027679,1,Qualification round 1,qualification-round-1,
12027680,1,Qualification round 1,qualification-round-1,
12027950,28,Semifinal,semifinal,2
12027973,1,Qualification round 1,qualification-round-1,
12027974,1,Qualification round 1,qualification-round-1,
12027975,1,Qualification round 1,qualification-round-1,
12027978,1,Qualification round 1,qualification-round-1,
12027980,1,Qualification round 1,qualification-round-1,
12027981,1,Qualification round 1,qualification-round-1,
12027982,1,Qualification round 1,qualification-round-1,
12027984,1,Qualification round 1,qualification-round-1,
12028146,28,Semifinal,semifinal,2
12028542,28,Semifinal,semifinal,2
12029656,1,Qualification round 1,qualification-round-1,
12029664,1,Qualification round 1,qualification-round-1,
12038683,28,Semifinal,semifinal,2
12038684,28,Semifinal,semifinal,2
12038726,28,Semifinal,semifinal,2
11998456,27,Quarterfinal,quarterfinal,4
11998453,27,Quarterfinal,quarterfinal,4
11998454,27,Quarterfinal,quarterfinal,4
11998452,27,Quarterfinal,quarterfinal,4
11998458,28,Semifinal,semifinal,2
11998457,28,Semifinal,semifinal,2
12002065,27,Quarterfinal,quarterfinal,4
12002068,27,Quarterfinal,quarterfinal,4
12002059,27,Quarterfinal,quarterfinal,4
12002061,27,Quarterfinal,quarterfinal,4
12002072,28,Semifinal,semifinal,2
12002070,28,Semifinal,semifinal,2
12002073,29,Final,final,1
12002060,27,Quarterfinal,quarterfinal,4
12002066,28,Semifinal,semifinal,2
12002067,28,Semifinal,semifinal,2
12002069,29,Final,final,1
12028955,1,Qualification round 1,qualification-round-1,
12028951,1,Qualification round 1,qualification-round-1,
12028956,1,Qualification round 1,qualification-round-1,
12028953,1,Qualification round 1,qualification-round-1,
12028954,1,Qualification round 1,qualification-round-1,
12028957,1,Qualification round 1,qualification-round-1,
12028952,1,Qualification round 1,qualification-round-1,
12028958,1,Qualification round 1,qualification-round-1,
12039866,1,Qualification round 1,qualification-round-1,
12039861,1,Qualification round 1,qualification-round-1,
12039867,1,Qualification round 1,qualification-round-1,
12039863,1,Qualification round 1,qualification-round-1,
12039865,1,Qualification round 1,qualification-round-1,
12027641,1,Qualification round 1,qualification-round-1,
12029664,1,Qualification round 1,qualification-round-1,
12027640,1,Qualification round 1,qualification-round-1,
12029656,1,Qualification round 1,qualification-round-1,
12027644,1,Qualification round 1,qualification-round-1,
12027643,1,Qualification round 1,qualification-round-1,
12027645,1,Qualification round 1,qualification-round-1,
12027648,1,Qualification round 1,qualification-round-1,
12027649,1,Qualification round 1,qualification-round-1,
12027647,1,Qualification round 1,qualification-round-1,
12027646,1,Qualification round 1,qualification-round-1,
12027651,1,Qualification round 1,qualification-round-1,
12027654,1,Qualification round 1,qualification-round-1,
12027652,1,Qualification round 1,qualification-round-1,
12027973,1,Qualification round 1,qualification-round-1,
12027981,1,Qualification round 1,qualification-round-1,
12027974,1,Qualification round 1,qualification-round-1,
12027975,1,Qualification round 1,qualification-round-1,
12027980,1,Qualification round 1,qualification-round-1,
12027978,1,Qualification round 1,qualification-round-1,
12027982,1,Qualification round 1,qualification-round-1,
12027984,1,Qualification round 1,qualification-round-1,
12027979,1,Qualification round 1,qualification-round-1,
12027983,1,Qualification round 1,qualification-round-1,
12027977,1,Qualification round 1,qualification-round-1,
12027976,1,Qualification round 1,qualification-round-1,
11998664,28,Semifinal,semifinal,2
11998673,28,Semifinal,semifinal,2
11998663,29,Final,final,1
11998776,27,Quarterfinal,quarterfinal,4
11998777,27,Quarterfinal,quarterfinal,4
11998781,27,Quarterfinal,quarterfinal,4
11998779,27,Quarterfinal,quarterfinal,4
11998775,28,Semifinal,semifinal,2
11998778,28,Semifinal,semifinal,2
11999014,27,Quarterfinal,quarterfinal,4
11999015,27,Quarterfinal,quarterfinal,4
11999019,27,Quarterfinal,quarterfinal,4
11999006,27,Quarterfinal,quarterfinal,4
11999018,28,Semifinal,semifinal,2
11999008,28,Semifinal,semifinal,2
11999016,29,Final,final,1
11999207,27,Quarterfinal,quarterfinal,4
11999208,27,Quarterfinal,quarterfinal,4
11999214,27,Quarterfinal,quarterfinal,4
11999206,27,Quarterfinal,quarterfinal,4
11999216,28,Semifinal,semifinal,2
11999217,28,Semifinal,semifinal,2
12040682,1,Qualification round 1,qualification-round-1,
12039192,1,Qualification round 1,qualification-round-1,
12039179,1,Qualification round 1,qualification-round-1,
12039202,1,Qualification round 1,qualification-round-1,
12039196,1,Qualification round 1,qualification-round-1,
12039181,1,Qualification round 1,qualification-round-1,
12039193,1,Qualification round 1,qualification-round-1,
12039195,1,Qualification round 1,qualification-round-1,
12039180,1,Qualification round 1,qualification-round-1,
12039191,1,Qualification round 1,qualification-round-1,
12039194,1,Qualification round 1,qualification-round-1,
12039178,1,Qualification round 1,qualification-round-1,
12039190,1,Qualification round 1,qualification-round-1,
12039902,1,Qualification round 1,qualification-round-1,
12039906,1,Qualification round 1,qualification-round-1,
12039876,1,Qualification round 1,qualification-round-1,
12039909,1,Qualification round 1,qualification-round-1,
12039905,1,Qualification round 1,qualification-round-1,
12039911,1,Qualification round 1,qualification-round-1,
12039907,1,Qualification round 1,qualification-round-1,
12039912,1,Qualification round 1,qualification-round-1,
12027665,1,Qualification round 1,qualification-round-1,
12027669,1,Qualification round 1,qualification-round-1,
12027679,1,Qualification round 1,qualification-round-1,
12027666,1,Qualification round 1,qualification-round-1,
12027678,1,Qualification round 1,qualification-round-1,
12027674,1,Qualification round 1,qualification-round-1,
12027668,1,Qualification round 1,qualification-round-1,
12027667,1,Qualification round 1,qualification-round-1,
12027673,1,Qualification round 1,qualification-round-1,
12027677,1,Qualification round 1,qualification-round-1,
12027672,1,Qualification round 1,qualification-round-1,
12027680,1,Qualification round 1,qualification-round-1,
12026623,28,Semifinal,semifinal,2
12027491,28,Semifinal,semifinal,2
12038725,29,Final,final,1
12026987,28,Semifinal,semifinal,2
12027048,28,Semifinal,semifinal,2
12038651,29,Final,final,1
12024226,27,Quarterfinal,quarterfinal,4
12024355,27,Quarterfinal,quarterfinal,4
12024365,27,Quarterfinal,quarterfinal,4
12024245,27,Quarterfinal,quarterfinal,4
12038726,28,Semifinal,semifinal,2
12039054,28,Semifinal,semifinal,2
12039714,29,Final,final,1
12026797,28,Semifinal,semifinal,2
12026792,28,Semifinal,semifinal,2
12038552,29,Final,final,1
12025085,27,Quarterfinal,quarterfinal,4
12025044,27,Quarterfinal,quarterfinal,4
12025061,27,Quarterfinal,quarterfinal,4
12028542,28,Semifinal,semifinal,2
12028146,28,Semifinal,semifinal,2
12039364,29,Final,final,1
12025144,27,Quarterfinal,quarterfinal,4
12025067,27,Quarterfinal,quarterfinal,4
12027547,28,Semifinal,semifinal,2
12027985,28,Semifinal,semifinal,2
12039718,29,Final,final,1
12027148,28,Semifinal,semifinal,2
12027494,28,Semifinal,semifinal,2
12038672,29,Final,final,1
12025752,28,Semifinal,semifinal,2
12025679,28,Semifinal,semifinal,2
12029387,29,Final,final,1
12025849,28,Semifinal,semifinal,2
12026470,28,Semifinal,semifinal,2
12038624,29,Final,final,1
12024794,27,Quarterfinal,quarterfinal,4
12024371,27,Quarterfinal,quarterfinal,4
12024435,27,Quarterfinal,quarterfinal,4
12024489,27,Quarterfinal,quarterfinal,4
12038683,28,Semifinal,semifinal,2
12038684,28,Semifinal,semifinal,2
12039389,29,Final,final,1
12025057,27,Quarterfinal,quarterfinal,4
12024644,27,Quarterfinal,quarterfinal,4
12027950,28,Semifinal,semifinal,2
12027653,28,Semifinal,semifinal,2
12039340,29,Final,final,1
12025133,27,Quarterfinal,quarterfinal,4
12025149,27,Quarterfinal,quarterfinal,4
12025142,27,Quarterfinal,quarterfinal,4
12025174,27,Quarterfinal,quarterfinal,4
12028250,28,Semifinal,semifinal,2
12028607,28,Semifinal,semifinal,2
12027611,28,Semifinal,semifinal,2
12027539,28,Semifinal,semifinal,2
12038599,29,Final,final,1
12039886,1,Qualification round 1,qualification-round-1,
12038860,6,Round of 32,round-of-32,16
11998458,28,Semifinal,semifinal,2
11998457,28,Semifinal,semifinal,2
11998455,29,Final,final,1
12039077,6,Round of 32,round-of-32,16
12041918,6,Round of 32,round-of-32,16
12039075,6,Round of 32,round-of-32,16
12002072,28,Semifinal,semifinal,2
12002070,28,Semifinal,semifinal,2
12002073,29,Final,final,1
12039293,6,Round of 32,round-of-32,16
12039297,6,Round of 32,round-of-32,16
12039298,6,Round of 32,round-of-32,16
12039299,6,Round of 32,round-of-32,16
12039455,6,Round of 32,round-of-32,16
12042459,6,Round of 32,round-of-32,16
12002069,29,Final,final,1
12028955,1,Qualification round 1,qualification-round-1,
12028951,1,Qualification round 1,qualification-round-1,
12028956,1,Qualification round 1,qualification-round-1,
12028953,1,Qualification round 1,qualification-round-1,
12028954,1,Qualification round 1,qualification-round-1,
12028957,1,Qualification round 1,qualification-round-1,
12028952,1,Qualification round 1,qualification-round-1,
12028958,1,Qualification round 1,qualification-round-1,
12040508,1,Qualification round 1,qualification-round-1,
12040506,1,Qualification round 1,qualification-round-1,
12040509,1,Qualification round 1,qualification-round-1,
12040507,1,Qualification round 1,qualification-round-1,
12040510,1,Qualification round 1,qualification-round-1,
12040512,1,Qualification round 1,qualification-round-1,
12040511,1,Qualification round 1,qualification-round-1,
12040515,1,Qualification round 1,qualification-round-1,
12039866,1,Qualification round 1,qualification-round-1,
12039861,1,Qualification round 1,qualification-round-1,
12039867,1,Qualification round 1,qualification-round-1,
12039863,1,Qualification round 1,qualification-round-1,
12039865,1,Qualification round 1,qualification-round-1,
12039862,1,Qualification round 1,qualification-round-1,
12039860,1,Qualification round 1,qualification-round-1,
12039868,1,Qualification round 1,qualification-round-1,
12027652,1,Qualification round 1,qualification-round-1,
12027978,1,Qualification round 1,qualification-round-1,
12027982,1,Qualification round 1,qualification-round-1,
12027984,1,Qualification round 1,qualification-round-1,
12027979,1,Qualification round 1,qualification-round-1,
12027983,1,Qualification round 1,qualification-round-1,
12027977,1,Qualification round 1,qualification-round-1,
12027976,1,Qualification round 1,qualification-round-1,
11998663,29,Final,final,1
12037711,6,Round of 32,round-of-32,16
12037714,6,Round of 32,round-of-32,16
12037723,6,Round of 32,round-of-32,16
12037712,6,Round of 32,round-of-32,16
12037717,6,Round of 32,round-of-32,16
12037713,6,Round of 32,round-of-32,16
12039198,6,Round of 32,round-of-32,16
12039183,6,Round of 32,round-of-32,16
12039197,6,Round of 32,round-of-32,16
12039182,6,Round of 32,round-of-32,16
11998775,28,Semifinal,semifinal,2
11998778,28,Semifinal,semifinal,2
11998773,29,Final,final,1
11999018,28,Semifinal,semifinal,2
11999008,28,Semifinal,semifinal,2
11999016,29,Final,final,1
12039966,6,Round of 32,round-of-32,16
12039970,6,Round of 32,round-of-32,16
11999216,28,Semifinal,semifinal,2
11999217,28,Semifinal,semifinal,2
11999218,29,Final,final,1
12040682,1,Qualification round 1,qualification-round-1,
12039192,1,Qualification round 1,qualification-round-1,
12039179,1,Qualification round 1,qualification-round-1,
12039202,1,Qualification round 1,qualification-round-1,
12039196,1,Qualification round 1,qualification-round-1,
12039181,1,Qualification round 1,qualification-round-1,
12039193,1,Qualification round 1,qualification-round-1,
12039195,1,Qualification round 1,qualification-round-1,
12039180,1,Qualification round 1,qualification-round-1,
12039191,1,Qualification round 1,qualification-round-1,
12039194,1,Qualification round 1,qualification-round-1,
12039178,1,Qualification round 1,qualification-round-1,
12039190,1,Qualification round 1,qualification-round-1,
12039902,1,Qualification round 1,qualification-round-1,
12039906,1,Qualification round 1,qualification-round-1,
12039876,1,Qualification round 1,qualification-round-1,
12039909,1,Qualification round 1,qualification-round-1,
12039905,1,Qualification round 1,qualification-round-1,
12039911,1,Qualification round 1,qualification-round-1,
12039907,1,Qualification round 1,qualification-round-1,
12039912,1,Qualification round 1,qualification-round-1,
12039904,1,Qualification round 1,qualification-round-1,
12039910,1,Qualification round 1,qualification-round-1,
12039908,1,Qualification round 1,qualification-round-1,
12039903,1,Qualification round 1,qualification-round-1,
12040213,6,Round of 32,round-of-32,16
12040206,6,Round of 32,round-of-32,16
12040216,6,Round of 32,round-of-32,16
12041727,6,Round of 32,round-of-32,16
12040207,6,Round of 32,round-of-32,16
12043337,6,Round of 32,round-of-32,16
12040219,6,Round of 32,round-of-32,16
12038725,29,Final,final,1
12038651,29,Final,final,1
12038726,28,Semifinal,semifinal,2
12039054,28,Semifinal,semifinal,2
12039714,29,Final,final,1
12038552,29,Final,final,1
12028146,28,Semifinal,semifinal,2
12039364,29,Final,final,1
12027547,28,Semifinal,semifinal,2
12027985,28,Semifinal,semifinal,2
12039718,29,Final,final,1
12038672,29,Final,final,1
12029387,29,Final,final,1
12038624,29,Final,final,1
12038683,28,Semifinal,semifinal,2
12038684,28,Semifinal,semifinal,2
12039389,29,Final,final,1
12027950,28,Semifinal,semifinal,2
12027653,28,Semifinal,semifinal,2
12039340,29,Final,final,1
12028250,28,Semifinal,semifinal,2
12028607,28,Semifinal,semifinal,2
12040023,29,Final,final,1
12038599,29,Final,final,1
12039886,1,Qualification round 1,qualification-round-1,
12039967,6,Round of 32,round-of-32,16
12039972,6,Round of 32,round-of-32,16
12039969,6,Round of 32,round-of-32,16
12046127,6,Round of 32,round-of-32,16
12046130,6,Round of 32,round-of-32,16
12039968,6,Round of 32,round-of-32,16
12046128,6,Round of 32,round-of-32,16
12039973,6,Round of 32,round-of-32,16
11999218,29,Final,final,1
12039907,1,Qualification round 1,qualification-round-1,
12039912,1,Qualification round 1,qualification-round-1,
12039904,1,Qualification round 1,qualification-round-1,
12039910,1,Qualification round 1,qualification-round-1,
12039908,1,Qualification round 1,qualification-round-1,
12039903,1,Qualification round 1,qualification-round-1,
12040213,6,Round of 32,round-of-32,16
12040206,6,Round of 32,round-of-32,16
12040216,6,Round of 32,round-of-32,16
12041727,6,Round of 32,round-of-32,16
12040207,6,Round of 32,round-of-32,16
12043337,6,Round of 32,round-of-32,16
12040219,6,Round of 32,round-of-32,16
12041751,6,Round of 32,round-of-32,16
12040215,6,Round of 32,round-of-32,16
12040218,6,Round of 32,round-of-32,16
12040209,6,Round of 32,round-of-32,16
12047499,6,Round of 32,round-of-32,16
12041752,6,Round of 32,round-of-32,16
12040212,6,Round of 32,round-of-32,16
12041758,6,Round of 32,round-of-32,16
12040211,6,Round of 32,round-of-32,16
12041753,6,Round of 32,round-of-32,16
12040210,6,Round of 32,round-of-32,16
12046062,6,Round of 32,round-of-32,16
12046061,6,Round of 32,round-of-32,16
12046057,6,Round of 32,round-of-32,16
12046078,6,Round of 32,round-of-32,16
12046067,6,Round of 32,round-of-32,16
12046073,6,Round of 32,round-of-32,16
12046058,6,Round of 32,round-of-32,16
12046381,6,Round of 32,round-of-32,16
12046370,6,Round of 32,round-of-32,16
12046369,6,Round of 32,round-of-32,16
12046247,6,Round of 32,round-of-32,16
12046245,6,Round of 32,round-of-32,16
12046252,6,Round of 32,round-of-32,16
12046248,6,Round of 32,round-of-32,16
12046412,6,Round of 32,round-of-32,16
12046398,6,Round of 32,round-of-32,16
12046396,6,Round of 32,round-of-32,16
12046390,6,Round of 32,round-of-32,16
12039718,29,Final,final,1
12046076,6,Round of 32,round-of-32,16
12046070,6,Round of 32,round-of-32,16
12046081,6,Round of 32,round-of-32,16
12043317,6,Round of 32,round-of-32,16
12043313,6,Round of 32,round-of-32,16
12043299,6,Round of 32,round-of-32,16
12043301,6,Round of 32,round-of-32,16
12043298,6,Round of 32,round-of-32,16
12043304,6,Round of 32,round-of-32,16
12043307,6,Round of 32,round-of-32,16
12043303,6,Round of 32,round-of-32,16
12046288,6,Round of 32,round-of-32,16
12046278,6,Round of 32,round-of-32,16
12046279,6,Round of 32,round-of-32,16
12046290,6,Round of 32,round-of-32,16
12046273,6,Round of 32,round-of-32,16
12046289,6,Round of 32,round-of-32,16
12046286,6,Round of 32,round-of-32,16
12046274,6,Round of 32,round-of-32,16
12046284,6,Round of 32,round-of-32,16
12046367,6,Round of 32,round-of-32,16
12046372,6,Round of 32,round-of-32,16
12046368,6,Round of 32,round-of-32,16
12046373,6,Round of 32,round-of-32,16
12046406,6,Round of 32,round-of-32,16
12046394,6,Round of 32,round-of-32,16
12040023,29,Final,final,1
12042476,6,Round of 32,round-of-32,16
12042473,6,Round of 32,round-of-32,16
12039302,6,Round of 32,round-of-32,16
12042475,6,Round of 32,round-of-32,16
12039296,6,Round of 32,round-of-32,16
12040508,1,Qualification round 1,qualification-round-1,
12040506,1,Qualification round 1,qualification-round-1,
12040509,1,Qualification round 1,qualification-round-1,
12040507,1,Qualification round 1,qualification-round-1,
12040510,1,Qualification round 1,qualification-round-1,
12040512,1,Qualification round 1,qualification-round-1,
12040511,1,Qualification round 1,qualification-round-1,
12040515,1,Qualification round 1,qualification-round-1,
12039863,1,Qualification round 1,qualification-round-1,
12039865,1,Qualification round 1,qualification-round-1,
12039862,1,Qualification round 1,qualification-round-1,
12039860,1,Qualification round 1,qualification-round-1,
12039868,1,Qualification round 1,qualification-round-1,
12037711,6,Round of 32,round-of-32,16
12037714,6,Round of 32,round-of-32,16
12037723,6,Round of 32,round-of-32,16
12037712,6,Round of 32,round-of-32,16
12037717,6,Round of 32,round-of-32,16
12037713,6,Round of 32,round-of-32,16
12037716,6,Round of 32,round-of-32,16
12043268,6,Round of 32,round-of-32,16
12037724,6,Round of 32,round-of-32,16
12043264,6,Round of 32,round-of-32,16
12043265,6,Round of 32,round-of-32,16
12043269,6,Round of 32,round-of-32,16
12037715,6,Round of 32,round-of-32,16
12043267,6,Round of 32,round-of-32,16
12037725,6,Round of 32,round-of-32,16
12043266,6,Round of 32,round-of-32,16
12039198,6,Round of 32,round-of-32,16
12039183,6,Round of 32,round-of-32,16
12039197,6,Round of 32,round-of-32,16
12039182,6,Round of 32,round-of-32,16
12045825,6,Round of 32,round-of-32,16
12045827,6,Round of 32,round-of-32,16
12045824,6,Round of 32,round-of-32,16
12045828,6,Round of 32,round-of-32,16
12039189,6,Round of 32,round-of-32,16
12045823,6,Round of 32,round-of-32,16
12039188,6,Round of 32,round-of-32,16
12039447,6,Round of 32,round-of-32,16
12045826,6,Round of 32,round-of-32,16
12039187,6,Round of 32,round-of-32,16
11998773,29,Final,final,1
11999016,29,Final,final,1
12039966,6,Round of 32,round-of-32,16
12039970,6,Round of 32,round-of-32,16
12039971,6,Round of 32,round-of-32,16
12039991,6,Round of 32,round-of-32,16
12042724,6,Round of 32,round-of-32,16
12039979,6,Round of 32,round-of-32,16
12039987,6,Round of 32,round-of-32,16
12042725,6,Round of 32,round-of-32,16
12040230,6,Round of 32,round-of-32,16
12040240,6,Round of 32,round-of-32,16
12038860,6,Round of 32,round-of-32,16
12040226,6,Round of 32,round-of-32,16
12038853,6,Round of 32,round-of-32,16
12038865,6,Round of 32,round-of-32,16
12038857,6,Round of 32,round-of-32,16
12038855,6,Round of 32,round-of-32,16
12048717,6,Round of 32,round-of-32,16
11998455,29,Final,final,1
12039077,6,Round of 32,round-of-32,16
12041918,6,Round of 32,round-of-32,16
12039075,6,Round of 32,round-of-32,16
12041896,6,Round of 32,round-of-32,16
12039079,6,Round of 32,round-of-32,16
12039081,6,Round of 32,round-of-32,16
12041927,6,Round of 32,round-of-32,16
12046039,6,Round of 32,round-of-32,16
12041926,6,Round of 32,round-of-32,16
12039080,6,Round of 32,round-of-32,16
12039078,6,Round of 32,round-of-32,16
12047771,6,Round of 32,round-of-32,16
12041925,6,Round of 32,round-of-32,16
12044869,6,Round of 32,round-of-32,16
12002073,29,Final,final,1
12039293,6,Round of 32,round-of-32,16
12039297,6,Round of 32,round-of-32,16
12039298,6,Round of 32,round-of-32,16
12039299,6,Round of 32,round-of-32,16
12039455,6,Round of 32,round-of-32,16
12042459,6,Round of 32,round-of-32,16
12039290,6,Round of 32,round-of-32,16
12039289,6,Round of 32,round-of-32,16
12039991,6,Round of 32,round-of-32,16
12042724,6,Round of 32,round-of-32,16
12039979,6,Round of 32,round-of-32,16
12039987,6,Round of 32,round-of-32,16
12042725,6,Round of 32,round-of-32,16
12039985,6,Round of 32,round-of-32,16
12039981,6,Round of 32,round-of-32,16
12042727,6,Round of 32,round-of-32,16
12039990,6,Round of 32,round-of-32,16
12039989,6,Round of 32,round-of-32,16
12042726,6,Round of 32,round-of-32,16
12039983,6,Round of 32,round-of-32,16
12046481,6,Round of 32,round-of-32,16
12040230,6,Round of 32,round-of-32,16
12040240,6,Round of 32,round-of-32,16
12040237,6,Round of 32,round-of-32,16
12046772,6,Round of 32,round-of-32,16
12040236,6,Round of 32,round-of-32,16
12046791,6,Round of 32,round-of-32,16
12046789,6,Round of 32,round-of-32,16
12046784,6,Round of 32,round-of-32,16
12049819,6,Round of 32,round-of-32,16
12040239,6,Round of 32,round-of-32,16
12040234,6,Round of 32,round-of-32,16
12040233,6,Round of 32,round-of-32,16
12040226,6,Round of 32,round-of-32,16
12038853,6,Round of 32,round-of-32,16
12038865,6,Round of 32,round-of-32,16
12038857,6,Round of 32,round-of-32,16
12038855,6,Round of 32,round-of-32,16
12048717,6,Round of 32,round-of-32,16
12038862,6,Round of 32,round-of-32,16
12046138,6,Round of 32,round-of-32,16
12046140,6,Round of 32,round-of-32,16
12046137,6,Round of 32,round-of-32,16
12046139,6,Round of 32,round-of-32,16
12018534,5,Round of 16,round-of-16,8
12038858,6,Round of 32,round-of-32,16
12039075,6,Round of 32,round-of-32,16
12041896,6,Round of 32,round-of-32,16
12039079,6,Round of 32,round-of-32,16
12039081,6,Round of 32,round-of-32,16
12041927,6,Round of 32,round-of-32,16
12046039,6,Round of 32,round-of-32,16
12041926,6,Round of 32,round-of-32,16
12039080,6,Round of 32,round-of-32,16
12039078,6,Round of 32,round-of-32,16
12047771,6,Round of 32,round-of-32,16
12041925,6,Round of 32,round-of-32,16
12044869,6,Round of 32,round-of-32,16
12046038,6,Round of 32,round-of-32,16
12039076,6,Round of 32,round-of-32,16
12018666,5,Round of 16,round-of-16,8
12018668,5,Round of 16,round-of-16,8
12042459,6,Round of 32,round-of-32,16
12039290,6,Round of 32,round-of-32,16
12039289,6,Round of 32,round-of-32,16
12042476,6,Round of 32,round-of-32,16
12042473,6,Round of 32,round-of-32,16
12039302,6,Round of 32,round-of-32,16
12042475,6,Round of 32,round-of-32,16
12039296,6,Round of 32,round-of-32,16
12039295,6,Round of 32,round-of-32,16
12049299,6,Round of 32,round-of-32,16
12039294,6,Round of 32,round-of-32,16
12042472,6,Round of 32,round-of-32,16
12042474,6,Round of 32,round-of-32,16
12039300,6,Round of 32,round-of-32,16
12018700,5,Round of 16,round-of-16,8
12037716,6,Round of 32,round-of-32,16
12043268,6,Round of 32,round-of-32,16
12037724,6,Round of 32,round-of-32,16
12043264,6,Round of 32,round-of-32,16
12043265,6,Round of 32,round-of-32,16
12043269,6,Round of 32,round-of-32,16
12037715,6,Round of 32,round-of-32,16
12043267,6,Round of 32,round-of-32,16
12037725,6,Round of 32,round-of-32,16
12043266,6,Round of 32,round-of-32,16
12018583,5,Round of 16,round-of-16,8
12037721,6,Round of 32,round-of-32,16
12018584,5,Round of 16,round-of-16,8
12018579,5,Round of 16,round-of-16,8
12018581,5,Round of 16,round-of-16,8
12039197,6,Round of 32,round-of-32,16
12039182,6,Round of 32,round-of-32,16
12045825,6,Round of 32,round-of-32,16
12045827,6,Round of 32,round-of-32,16
12045824,6,Round of 32,round-of-32,16
12045828,6,Round of 32,round-of-32,16
12039189,6,Round of 32,round-of-32,16
12045823,6,Round of 32,round-of-32,16
12039188,6,Round of 32,round-of-32,16
12039447,6,Round of 32,round-of-32,16
12045826,6,Round of 32,round-of-32,16
12039187,6,Round of 32,round-of-32,16
12039186,6,Round of 32,round-of-32,16
12039184,6,Round of 32,round-of-32,16
12018629,5,Round of 16,round-of-16,8
12018634,5,Round of 16,round-of-16,8
12018625,5,Round of 16,round-of-16,8
12018630,5,Round of 16,round-of-16,8
12039966,6,Round of 32,round-of-32,16
12039970,6,Round of 32,round-of-32,16
12039971,6,Round of 32,round-of-32,16
12039967,6,Round of 32,round-of-32,16
12039972,6,Round of 32,round-of-32,16
12039969,6,Round of 32,round-of-32,16
12046127,6,Round of 32,round-of-32,16
12046130,6,Round of 32,round-of-32,16
12039968,6,Round of 32,round-of-32,16
12046128,6,Round of 32,round-of-32,16
12039973,6,Round of 32,round-of-32,16
12046129,6,Round of 32,round-of-32,16
12046126,6,Round of 32,round-of-32,16
12039975,6,Round of 32,round-of-32,16
12018653,5,Round of 16,round-of-16,8
12018646,5,Round of 16,round-of-16,8
12018652,5,Round of 16,round-of-16,8
12040219,6,Round of 32,round-of-32,16
12041751,6,Round of 32,round-of-32,16
12040215,6,Round of 32,round-of-32,16
12040218,6,Round of 32,round-of-32,16
12040209,6,Round of 32,round-of-32,16
12047499,6,Round of 32,round-of-32,16
12041752,6,Round of 32,round-of-32,16
12040212,6,Round of 32,round-of-32,16
12041758,6,Round of 32,round-of-32,16
12040211,6,Round of 32,round-of-32,16
12041753,6,Round of 32,round-of-32,16
12040210,6,Round of 32,round-of-32,16
12018727,5,Round of 16,round-of-16,8
12018733,5,Round of 16,round-of-16,8
12018731,5,Round of 16,round-of-16,8
12018721,5,Round of 16,round-of-16,8
12046062,6,Round of 32,round-of-32,16
12046061,6,Round of 32,round-of-32,16
12046057,6,Round of 32,round-of-32,16
12046078,6,Round of 32,round-of-32,16
12046067,6,Round of 32,round-of-32,16
12046073,6,Round of 32,round-of-32,16
12046058,6,Round of 32,round-of-32,16
12048616,6,Round of 32,round-of-32,16
12046848,6,Round of 32,round-of-32,16
12048612,6,Round of 32,round-of-32,16
12046863,6,Round of 32,round-of-32,16
12048615,6,Round of 32,round-of-32,16
12048614,6,Round of 32,round-of-32,16
12048617,6,Round of 32,round-of-32,16
12048618,6,Round of 32,round-of-32,16
12048613,6,Round of 32,round-of-32,16
12046381,6,Round of 32,round-of-32,16
12046370,6,Round of 32,round-of-32,16
12046369,6,Round of 32,round-of-32,16
12046366,6,Round of 32,round-of-32,16
12046927,6,Round of 32,round-of-32,16
12046931,6,Round of 32,round-of-32,16
12046929,6,Round of 32,round-of-32,16
12046924,6,Round of 32,round-of-32,16
12046922,6,Round of 32,round-of-32,16
12046920,6,Round of 32,round-of-32,16
12049189,6,Round of 32,round-of-32,16
12046923,6,Round of 32,round-of-32,16
12046247,6,Round of 32,round-of-32,16
12046245,6,Round of 32,round-of-32,16
12046252,6,Round of 32,round-of-32,16
12046248,6,Round of 32,round-of-32,16
12049064,6,Round of 32,round-of-32,16
12049061,6,Round of 32,round-of-32,16
12049065,6,Round of 32,round-of-32,16
12049060,6,Round of 32,round-of-32,16
12046946,6,Round of 32,round-of-32,16
12049066,6,Round of 32,round-of-32,16
12046950,6,Round of 32,round-of-32,16
12046938,6,Round of 32,round-of-32,16
12049058,6,Round of 32,round-of-32,16
12049063,6,Round of 32,round-of-32,16
12049062,6,Round of 32,round-of-32,16
12049059,6,Round of 32,round-of-32,16
12046412,6,Round of 32,round-of-32,16
12046398,6,Round of 32,round-of-32,16
12046396,6,Round of 32,round-of-32,16
12046390,6,Round of 32,round-of-32,16
12046871,6,Round of 32,round-of-32,16
12046872,6,Round of 32,round-of-32,16
12046874,6,Round of 32,round-of-32,16
12046876,6,Round of 32,round-of-32,16
12046881,6,Round of 32,round-of-32,16
12046884,6,Round of 32,round-of-32,16
12046885,6,Round of 32,round-of-32,16
12046879,6,Round of 32,round-of-32,16
12046883,6,Round of 32,round-of-32,16
12046852,6,Round of 32,round-of-32,16
12046850,6,Round of 32,round-of-32,16
12046882,6,Round of 32,round-of-32,16
12046516,6,Round of 32,round-of-32,16
12046521,6,Round of 32,round-of-32,16
12046514,6,Round of 32,round-of-32,16
12046512,6,Round of 32,round-of-32,16
12046519,6,Round of 32,round-of-32,16
12049517,6,Round of 32,round-of-32,16
12049512,6,Round of 32,round-of-32,16
12049518,6,Round of 32,round-of-32,16
12049514,6,Round of 32,round-of-32,16
12046903,6,Round of 32,round-of-32,16
12048709,6,Round of 32,round-of-32,16
12048710,6,Round of 32,round-of-32,16
12046877,6,Round of 32,round-of-32,16
12050625,6,Round of 32,round-of-32,16
12046878,6,Round of 32,round-of-32,16
12048711,6,Round of 32,round-of-32,16
12046893,6,Round of 32,round-of-32,16
12046896,6,Round of 32,round-of-32,16
12048714,6,Round of 32,round-of-32,16
12048712,6,Round of 32,round-of-32,16
12048713,6,Round of 32,round-of-32,16
12048707,6,Round of 32,round-of-32,16
12046875,6,Round of 32,round-of-32,16
12046492,6,Round of 32,round-of-32,16
12046493,6,Round of 32,round-of-32,16
12046490,6,Round of 32,round-of-32,16
12046491,6,Round of 32,round-of-32,16
12046076,6,Round of 32,round-of-32,16
12046070,6,Round of 32,round-of-32,16
12046081,6,Round of 32,round-of-32,16
12046890,6,Round of 32,round-of-32,16
12048841,6,Round of 32,round-of-32,16
12048834,6,Round of 32,round-of-32,16
12048836,6,Round of 32,round-of-32,16
12048833,6,Round of 32,round-of-32,16
12046895,6,Round of 32,round-of-32,16
12048837,6,Round of 32,round-of-32,16
12048839,6,Round of 32,round-of-32,16
12046891,6,Round of 32,round-of-32,16
12048835,6,Round of 32,round-of-32,16
12046892,6,Round of 32,round-of-32,16
12048838,6,Round of 32,round-of-32,16
12048842,6,Round of 32,round-of-32,16
12043317,6,Round of 32,round-of-32,16
12043313,6,Round of 32,round-of-32,16
12043299,6,Round of 32,round-of-32,16
12043301,6,Round of 32,round-of-32,16
12043298,6,Round of 32,round-of-32,16
12043304,6,Round of 32,round-of-32,16
12043307,6,Round of 32,round-of-32,16
12043303,6,Round of 32,round-of-32,16
12043300,6,Round of 32,round-of-32,16
12043312,6,Round of 32,round-of-32,16
12043302,6,Round of 32,round-of-32,16
12043321,6,Round of 32,round-of-32,16
12043305,6,Round of 32,round-of-32,16
12043308,6,Round of 32,round-of-32,16
12043306,6,Round of 32,round-of-32,16
12043314,6,Round of 32,round-of-32,16
12046288,6,Round of 32,round-of-32,16
12046278,6,Round of 32,round-of-32,16
12046279,6,Round of 32,round-of-32,16
12046290,6,Round of 32,round-of-32,16
12046273,6,Round of 32,round-of-32,16
12046289,6,Round of 32,round-of-32,16
12046286,6,Round of 32,round-of-32,16
12046274,6,Round of 32,round-of-32,16
12046284,6,Round of 32,round-of-32,16
12046285,6,Round of 32,round-of-32,16
12046283,6,Round of 32,round-of-32,16
12046281,6,Round of 32,round-of-32,16
12046277,6,Round of 32,round-of-32,16
12046280,6,Round of 32,round-of-32,16
12046276,6,Round of 32,round-of-32,16
12046275,6,Round of 32,round-of-32,16
12049489,5,Round of 16,round-of-16,8
12049096,5,Round of 16,round-of-16,8
12049335,5,Round of 16,round-of-16,8
12049540,5,Round of 16,round-of-16,8
12049245,5,Round of 16,round-of-16,8
12049492,5,Round of 16,round-of-16,8
12049357,5,Round of 16,round-of-16,8
12049021,5,Round of 16,round-of-16,8
12046367,6,Round of 32,round-of-32,16
12046372,6,Round of 32,round-of-32,16
12046368,6,Round of 32,round-of-32,16
12046373,6,Round of 32,round-of-32,16
12046374,6,Round of 32,round-of-32,16
12046380,6,Round of 32,round-of-32,16
12046371,6,Round of 32,round-of-32,16
12046945,6,Round of 32,round-of-32,16
12046940,6,Round of 32,round-of-32,16
12046964,6,Round of 32,round-of-32,16
12046966,6,Round of 32,round-of-32,16
12046583,6,Round of 32,round-of-32,16
12046576,6,Round of 32,round-of-32,16
12046582,6,Round of 32,round-of-32,16
12046579,6,Round of 32,round-of-32,16
12046573,6,Round of 32,round-of-32,16
12046577,6,Round of 32,round-of-32,16
12046580,6,Round of 32,round-of-32,16
12046578,6,Round of 32,round-of-32,16
12046406,6,Round of 32,round-of-32,16
12046394,6,Round of 32,round-of-32,16
12048609,6,Round of 32,round-of-32,16
12046956,6,Round of 32,round-of-32,16
12046949,6,Round of 32,round-of-32,16
12046952,6,Round of 32,round-of-32,16
12046943,6,Round of 32,round-of-32,16
12046933,6,Round of 32,round-of-32,16
12048611,6,Round of 32,round-of-32,16
12048606,6,Round of 32,round-of-32,16
12048608,6,Round of 32,round-of-32,16
12048610,6,Round of 32,round-of-32,16
12048607,6,Round of 32,round-of-32,16
12046953,6,Round of 32,round-of-32,16
12048804,6,Round of 32,round-of-32,16
12048799,6,Round of 32,round-of-32,16
12048807,6,Round of 32,round-of-32,16
12048794,6,Round of 32,round-of-32,16
12048797,6,Round of 32,round-of-32,16
12048803,6,Round of 32,round-of-32,16
12048793,6,Round of 32,round-of-32,16
12048792,6,Round of 32,round-of-32,16
12048806,6,Round of 32,round-of-32,16
12048796,6,Round of 32,round-of-32,16
12048795,6,Round of 32,round-of-32,16
12046540,6,Round of 32,round-of-32,16
12046543,6,Round of 32,round-of-32,16
12046536,6,Round of 32,round-of-32,16
12046537,6,Round of 32,round-of-32,16
12046538,6,Round of 32,round-of-32,16
12049895,6,Round of 32,round-of-32,16
12049904,6,Round of 32,round-of-32,16
12039985,6,Round of 32,round-of-32,16
12039981,6,Round of 32,round-of-32,16
12042727,6,Round of 32,round-of-32,16
12039990,6,Round of 32,round-of-32,16
12039989,6,Round of 32,round-of-32,16
12042726,6,Round of 32,round-of-32,16
12039983,6,Round of 32,round-of-32,16
12046481,6,Round of 32,round-of-32,16
12017962,5,Round of 16,round-of-16,8
12017966,5,Round of 16,round-of-16,8
12017975,5,Round of 16,round-of-16,8
12017968,5,Round of 16,round-of-16,8
12040237,6,Round of 32,round-of-32,16
12046772,6,Round of 32,round-of-32,16
12040236,6,Round of 32,round-of-32,16
12046791,6,Round of 32,round-of-32,16
12046789,6,Round of 32,round-of-32,16
12046784,6,Round of 32,round-of-32,16
12049819,6,Round of 32,round-of-32,16
12040239,6,Round of 32,round-of-32,16
12040234,6,Round of 32,round-of-32,16
12040233,6,Round of 32,round-of-32,16
12018509,5,Round of 16,round-of-16,8
12046787,6,Round of 32,round-of-32,16
12018510,5,Round of 16,round-of-16,8
12040232,6,Round of 32,round-of-32,16
12018498,5,Round of 16,round-of-16,8
12018499,5,Round of 16,round-of-16,8
12038857,6,Round of 32,round-of-32,16
12038855,6,Round of 32,round-of-32,16
12048717,6,Round of 32,round-of-32,16
12038862,6,Round of 32,round-of-32,16
12046138,6,Round of 32,round-of-32,16
12046140,6,Round of 32,round-of-32,16
12046137,6,Round of 32,round-of-32,16
12046139,6,Round of 32,round-of-32,16
12018534,5,Round of 16,round-of-16,8
12038858,6,Round of 32,round-of-32,16
12038856,6,Round of 32,round-of-32,16
12018543,5,Round of 16,round-of-16,8
12018529,5,Round of 16,round-of-16,8
12018536,5,Round of 16,round-of-16,8
12018531,5,Round of 16,round-of-16,8
12044869,6,Round of 32,round-of-32,16
12046038,6,Round of 32,round-of-32,16
12039076,6,Round of 32,round-of-32,16
12018666,5,Round of 16,round-of-16,8
12018668,5,Round of 16,round-of-16,8
12018679,5,Round of 16,round-of-16,8
12018677,5,Round of 16,round-of-16,8
12018667,5,Round of 16,round-of-16,8
12018670,5,Round of 16,round-of-16,8
12018669,5,Round of 16,round-of-16,8
12042475,6,Round of 32,round-of-32,16
12039296,6,Round of 32,round-of-32,16
12039295,6,Round of 32,round-of-32,16
12049299,6,Round of 32,round-of-32,16
12039294,6,Round of 32,round-of-32,16
12042472,6,Round of 32,round-of-32,16
12042474,6,Round of 32,round-of-32,16
12039300,6,Round of 32,round-of-32,16
12018700,5,Round of 16,round-of-16,8
12018696,5,Round of 16,round-of-16,8
12018699,5,Round of 16,round-of-16,8
12018706,5,Round of 16,round-of-16,8
12018709,5,Round of 16,round-of-16,8
12018583,5,Round of 16,round-of-16,8
12037721,6,Round of 32,round-of-32,16
12018584,5,Round of 16,round-of-16,8
12018579,5,Round of 16,round-of-16,8
12018581,5,Round of 16,round-of-16,8
12018578,5,Round of 16,round-of-16,8
12018577,5,Round of 16,round-of-16,8
12018585,5,Round of 16,round-of-16,8
12018582,5,Round of 16,round-of-16,8
12039188,6,Round of 32,round-of-32,16
12039447,6,Round of 32,round-of-32,16
12045826,6,Round of 32,round-of-32,16
12039187,6,Round of 32,round-of-32,16
12039186,6,Round of 32,round-of-32,16
12039184,6,Round of 32,round-of-32,16
12018629,5,Round of 16,round-of-16,8
12018634,5,Round of 16,round-of-16,8
12018625,5,Round of 16,round-of-16,8
12018630,5,Round of 16,round-of-16,8
12018631,5,Round of 16,round-of-16,8
12018621,5,Round of 16,round-of-16,8
12018622,5,Round of 16,round-of-16,8
12018628,5,Round of 16,round-of-16,8
12046127,6,Round of 32,round-of-32,16
12046130,6,Round of 32,round-of-32,16
12039968,6,Round of 32,round-of-32,16
12046128,6,Round of 32,round-of-32,16
12039973,6,Round of 32,round-of-32,16
12046129,6,Round of 32,round-of-32,16
12046126,6,Round of 32,round-of-32,16
12039975,6,Round of 32,round-of-32,16
12018653,5,Round of 16,round-of-16,8
12018646,5,Round of 16,round-of-16,8
12018652,5,Round of 16,round-of-16,8
12046125,6,Round of 32,round-of-32,16
12018644,5,Round of 16,round-of-16,8
12039977,6,Round of 32,round-of-32,16
12018649,5,Round of 16,round-of-16,8
12018655,5,Round of 16,round-of-16,8
12040210,6,Round of 32,round-of-32,16
12018727,5,Round of 16,round-of-16,8
12018733,5,Round of 16,round-of-16,8
12018731,5,Round of 16,round-of-16,8
12018721,5,Round of 16,round-of-16,8
12018723,5,Round of 16,round-of-16,8
12018728,5,Round of 16,round-of-16,8
12018732,5,Round of 16,round-of-16,8
12018722,5,Round of 16,round-of-16,8
12048616,6,Round of 32,round-of-32,16
12046848,6,Round of 32,round-of-32,16
12048612,6,Round of 32,round-of-32,16
12046863,6,Round of 32,round-of-32,16
12048615,6,Round of 32,round-of-32,16
12048614,6,Round of 32,round-of-32,16
12048617,6,Round of 32,round-of-32,16
12048618,6,Round of 32,round-of-32,16
12048613,6,Round of 32,round-of-32,16
12050880,5,Round of 16,round-of-16,8
12051679,5,Round of 16,round-of-16,8
12049155,5,Round of 16,round-of-16,8
12051584,5,Round of 16,round-of-16,8
12051498,5,Round of 16,round-of-16,8
12051707,5,Round of 16,round-of-16,8
12051815,5,Round of 16,round-of-16,8
12050981,5,Round of 16,round-of-16,8
12046366,6,Round of 32,round-of-32,16
12046927,6,Round of 32,round-of-32,16
12046931,6,Round of 32,round-of-32,16
12046929,6,Round of 32,round-of-32,16
12046924,6,Round of 32,round-of-32,16
12046922,6,Round of 32,round-of-32,16
12046920,6,Round of 32,round-of-32,16
12049189,6,Round of 32,round-of-32,16
12046923,6,Round of 32,round-of-32,16
12046918,6,Round of 32,round-of-32,16
12046930,6,Round of 32,round-of-32,16
12046916,6,Round of 32,round-of-32,16
12046926,6,Round of 32,round-of-32,16
12046921,6,Round of 32,round-of-32,16
12052312,5,Round of 16,round-of-16,8
12052307,5,Round of 16,round-of-16,8
12052429,5,Round of 16,round-of-16,8
12051795,5,Round of 16,round-of-16,8
12051817,5,Round of 16,round-of-16,8
12052052,5,Round of 16,round-of-16,8
12049551,5,Round of 16,round-of-16,8
12046252,6,Round of 32,round-of-32,16
12046248,6,Round of 32,round-of-32,16
12049064,6,Round of 32,round-of-32,16
12049061,6,Round of 32,round-of-32,16
12049065,6,Round of 32,round-of-32,16
12049060,6,Round of 32,round-of-32,16
12046946,6,Round of 32,round-of-32,16
12049066,6,Round of 32,round-of-32,16
12046950,6,Round of 32,round-of-32,16
12046938,6,Round of 32,round-of-32,16
12049058,6,Round of 32,round-of-32,16
12049063,6,Round of 32,round-of-32,16
12049062,6,Round of 32,round-of-32,16
12049059,6,Round of 32,round-of-32,16
12051680,5,Round of 16,round-of-16,8
12051939,5,Round of 16,round-of-16,8
12051630,5,Round of 16,round-of-16,8
12051708,5,Round of 16,round-of-16,8
12051796,5,Round of 16,round-of-16,8
12052126,5,Round of 16,round-of-16,8
12052220,5,Round of 16,round-of-16,8
12048849,5,Round of 16,round-of-16,8
12046871,6,Round of 32,round-of-32,16
12046872,6,Round of 32,round-of-32,16
12046874,6,Round of 32,round-of-32,16
12046876,6,Round of 32,round-of-32,16
12046881,6,Round of 32,round-of-32,16
12046884,6,Round of 32,round-of-32,16
12046885,6,Round of 32,round-of-32,16
12046879,6,Round of 32,round-of-32,16
12046883,6,Round of 32,round-of-32,16
12046852,6,Round of 32,round-of-32,16
12046850,6,Round of 32,round-of-32,16
12046882,6,Round of 32,round-of-32,16
12051969,5,Round of 16,round-of-16,8
12051674,5,Round of 16,round-of-16,8
12051714,5,Round of 16,round-of-16,8
12051954,5,Round of 16,round-of-16,8
12052260,5,Round of 16,round-of-16,8
12051608,5,Round of 16,round-of-16,8
12051669,5,Round of 16,round-of-16,8
12051711,5,Round of 16,round-of-16,8
12046516,6,Round of 32,round-of-32,16
12046521,6,Round of 32,round-of-32,16
12046514,6,Round of 32,round-of-32,16
12046512,6,Round of 32,round-of-32,16
12046519,6,Round of 32,round-of-32,16
12049517,6,Round of 32,round-of-32,16
12049512,6,Round of 32,round-of-32,16
12049518,6,Round of 32,round-of-32,16
12049514,6,Round of 32,round-of-32,16
12046973,6,Round of 32,round-of-32,16
12049513,6,Round of 32,round-of-32,16
12046968,6,Round of 32,round-of-32,16
12046967,6,Round of 32,round-of-32,16
12049515,6,Round of 32,round-of-32,16
12049516,6,Round of 32,round-of-32,16
12046969,6,Round of 32,round-of-32,16
12052551,5,Round of 16,round-of-16,8
12046971,5,Round of 16,round-of-16,8
12052333,5,Round of 16,round-of-16,8
12046903,6,Round of 32,round-of-32,16
12048709,6,Round of 32,round-of-32,16
12048710,6,Round of 32,round-of-32,16
12046877,6,Round of 32,round-of-32,16
12050625,6,Round of 32,round-of-32,16
12046878,6,Round of 32,round-of-32,16
12048711,6,Round of 32,round-of-32,16
12046893,6,Round of 32,round-of-32,16
12046896,6,Round of 32,round-of-32,16
12048714,6,Round of 32,round-of-32,16
12048712,6,Round of 32,round-of-32,16
12048713,6,Round of 32,round-of-32,16
12048707,6,Round of 32,round-of-32,16
12046875,6,Round of 32,round-of-32,16
12048708,6,Round of 32,round-of-32,16
12046880,6,Round of 32,round-of-32,16
12048706,6,Round of 32,round-of-32,16
12051670,5,Round of 16,round-of-16,8
12052221,5,Round of 16,round-of-16,8
12051682,5,Round of 16,round-of-16,8
12052127,5,Round of 16,round-of-16,8
12052130,5,Round of 16,round-of-16,8
12051799,5,Round of 16,round-of-16,8
12052353,5,Round of 16,round-of-16,8
12046886,5,Round of 16,round-of-16,8
12046492,6,Round of 32,round-of-32,16
12046493,6,Round of 32,round-of-32,16
12046490,6,Round of 32,round-of-32,16
12046491,6,Round of 32,round-of-32,16
12049889,6,Round of 32,round-of-32,16
12046919,6,Round of 32,round-of-32,16
12049882,6,Round of 32,round-of-32,16
12046913,6,Round of 32,round-of-32,16
12046907,6,Round of 32,round-of-32,16
12049874,6,Round of 32,round-of-32,16
12049884,6,Round of 32,round-of-32,16
12049880,6,Round of 32,round-of-32,16
12046887,6,Round of 32,round-of-32,16
12049876,6,Round of 32,round-of-32,16
12049881,6,Round of 32,round-of-32,16
12049886,6,Round of 32,round-of-32,16
12049878,6,Round of 32,round-of-32,16
12049883,6,Round of 32,round-of-32,16
12046070,6,Round of 32,round-of-32,16
12046081,6,Round of 32,round-of-32,16
12046890,6,Round of 32,round-of-32,16
12048841,6,Round of 32,round-of-32,16
12048834,6,Round of 32,round-of-32,16
12048836,6,Round of 32,round-of-32,16
12048833,6,Round of 32,round-of-32,16
12046895,6,Round of 32,round-of-32,16
12048837,6,Round of 32,round-of-32,16
12048839,6,Round of 32,round-of-32,16
12046891,6,Round of 32,round-of-32,16
12048835,6,Round of 32,round-of-32,16
12046892,6,Round of 32,round-of-32,16
12048838,6,Round of 32,round-of-32,16
12048842,6,Round of 32,round-of-32,16
12051497,5,Round of 16,round-of-16,8
12051681,5,Round of 16,round-of-16,8
12046894,5,Round of 16,round-of-16,8
12051677,5,Round of 16,round-of-16,8
12050843,5,Round of 16,round-of-16,8
12051715,5,Round of 16,round-of-16,8
12051694,5,Round of 16,round-of-16,8
12051676,5,Round of 16,round-of-16,8
12043300,6,Round of 32,round-of-32,16
12043312,6,Round of 32,round-of-32,16
12043302,6,Round of 32,round-of-32,16
12043321,6,Round of 32,round-of-32,16
12043305,6,Round of 32,round-of-32,16
12043308,6,Round of 32,round-of-32,16
12043306,6,Round of 32,round-of-32,16
12043314,6,Round of 32,round-of-32,16
12047510,5,Round of 16,round-of-16,8
12050322,5,Round of 16,round-of-16,8
12047477,5,Round of 16,round-of-16,8
12047478,5,Round of 16,round-of-16,8
12050443,5,Round of 16,round-of-16,8
12050331,5,Round of 16,round-of-16,8
12050338,5,Round of 16,round-of-16,8
12047486,5,Round of 16,round-of-16,8
12046284,6,Round of 32,round-of-32,16
12046285,6,Round of 32,round-of-32,16
12046283,6,Round of 32,round-of-32,16
12046281,6,Round of 32,round-of-32,16
12046277,6,Round of 32,round-of-32,16
12046280,6,Round of 32,round-of-32,16
12046276,6,Round of 32,round-of-32,16
12046275,6,Round of 32,round-of-32,16
12049489,5,Round of 16,round-of-16,8
12049096,5,Round of 16,round-of-16,8
12049335,5,Round of 16,round-of-16,8
12049540,5,Round of 16,round-of-16,8
12049245,5,Round of 16,round-of-16,8
12049492,5,Round of 16,round-of-16,8
12049357,5,Round of 16,round-of-16,8
12049021,5,Round of 16,round-of-16,8
12052157,27,Quarterfinal,quarterfinal,4
12051797,27,Quarterfinal,quarterfinal,4
12052002,27,Quarterfinal,quarterfinal,4
12052003,27,Quarterfinal,quarterfinal,4
12046373,6,Round of 32,round-of-32,16
12046374,6,Round of 32,round-of-32,16
12046380,6,Round of 32,round-of-32,16
12046371,6,Round of 32,round-of-32,16
12046945,6,Round of 32,round-of-32,16
12046940,6,Round of 32,round-of-32,16
12046964,6,Round of 32,round-of-32,16
12046966,6,Round of 32,round-of-32,16
12046960,6,Round of 32,round-of-32,16
12046961,6,Round of 32,round-of-32,16
12046963,6,Round of 32,round-of-32,16
12046965,6,Round of 32,round-of-32,16
12046951,6,Round of 32,round-of-32,16
12049526,5,Round of 16,round-of-16,8
12052020,5,Round of 16,round-of-16,8
12051803,5,Round of 16,round-of-16,8
12052488,5,Round of 16,round-of-16,8
12052255,5,Round of 16,round-of-16,8
12046583,6,Round of 32,round-of-32,16
12046576,6,Round of 32,round-of-32,16
12046582,6,Round of 32,round-of-32,16
12046579,6,Round of 32,round-of-32,16
12046573,6,Round of 32,round-of-32,16
12046577,6,Round of 32,round-of-32,16
12046580,6,Round of 32,round-of-32,16
12046578,6,Round of 32,round-of-32,16
12046857,6,Round of 32,round-of-32,16
12046869,6,Round of 32,round-of-32,16
12046858,6,Round of 32,round-of-32,16
12046861,6,Round of 32,round-of-32,16
12046859,6,Round of 32,round-of-32,16
12046864,6,Round of 32,round-of-32,16
12046868,6,Round of 32,round-of-32,16
12046862,6,Round of 32,round-of-32,16
12048609,6,Round of 32,round-of-32,16
12046956,6,Round of 32,round-of-32,16
12046949,6,Round of 32,round-of-32,16
12046952,6,Round of 32,round-of-32,16
12046943,6,Round of 32,round-of-32,16
12046933,6,Round of 32,round-of-32,16
12048611,6,Round of 32,round-of-32,16
12048606,6,Round of 32,round-of-32,16
12048608,6,Round of 32,round-of-32,16
12048610,6,Round of 32,round-of-32,16
12048607,6,Round of 32,round-of-32,16
12046953,6,Round of 32,round-of-32,16
12048605,6,Round of 32,round-of-32,16
12048604,6,Round of 32,round-of-32,16
12051955,5,Round of 16,round-of-16,8
12051706,5,Round of 16,round-of-16,8
12052222,5,Round of 16,round-of-16,8
12052156,5,Round of 16,round-of-16,8
12052219,5,Round of 16,round-of-16,8
12052141,5,Round of 16,round-of-16,8
12051802,5,Round of 16,round-of-16,8
12051702,5,Round of 16,round-of-16,8
12048804,6,Round of 32,round-of-32,16
12048799,6,Round of 32,round-of-32,16
12048807,6,Round of 32,round-of-32,16
12048794,6,Round of 32,round-of-32,16
12048797,6,Round of 32,round-of-32,16
12048803,6,Round of 32,round-of-32,16
12048793,6,Round of 32,round-of-32,16
12048792,6,Round of 32,round-of-32,16
12048806,6,Round of 32,round-of-32,16
12048796,6,Round of 32,round-of-32,16
12048795,6,Round of 32,round-of-32,16
12048798,6,Round of 32,round-of-32,16
12048805,6,Round of 32,round-of-32,16
12048800,6,Round of 32,round-of-32,16
12048802,6,Round of 32,round-of-32,16
12048801,6,Round of 32,round-of-32,16
12052281,5,Round of 16,round-of-16,8
12050982,5,Round of 16,round-of-16,8
12051020,5,Round of 16,round-of-16,8
12052367,5,Round of 16,round-of-16,8
12051678,5,Round of 16,round-of-16,8
12052382,5,Round of 16,round-of-16,8
12052261,5,Round of 16,round-of-16,8
12051970,5,Round of 16,round-of-16,8
12046540,6,Round of 32,round-of-32,16
12046543,6,Round of 32,round-of-32,16
12046536,6,Round of 32,round-of-32,16
12046537,6,Round of 32,round-of-32,16
12046538,6,Round of 32,round-of-32,16
12049895,6,Round of 32,round-of-32,16
12049904,6,Round of 32,round-of-32,16
12049896,6,Round of 32,round-of-32,16
12046847,6,Round of 32,round-of-32,16
12049903,6,Round of 32,round-of-32,16
12049897,6,Round of 32,round-of-32,16
12046849,6,Round of 32,round-of-32,16
12049898,6,Round of 32,round-of-32,16
12049905,6,Round of 32,round-of-32,16
12046853,6,Round of 32,round-of-32,16
12046854,6,Round of 32,round-of-32,16
12049566,5,Round of 16,round-of-16,8
12052448,5,Round of 16,round-of-16,8
12017962,5,Round of 16,round-of-16,8
12017966,5,Round of 16,round-of-16,8
12017975,5,Round of 16,round-of-16,8
12017968,5,Round of 16,round-of-16,8
12017973,5,Round of 16,round-of-16,8
12018509,5,Round of 16,round-of-16,8
12046787,6,Round of 32,round-of-32,16
12018510,5,Round of 16,round-of-16,8
12040232,6,Round of 32,round-of-32,16
12018498,5,Round of 16,round-of-16,8
12018499,5,Round of 16,round-of-16,8
12018512,5,Round of 16,round-of-16,8
12018508,5,Round of 16,round-of-16,8
12018501,5,Round of 16,round-of-16,8
12018506,5,Round of 16,round-of-16,8
12018534,5,Round of 16,round-of-16,8
12038858,6,Round of 32,round-of-32,16
12038856,6,Round of 32,round-of-32,16
12018543,5,Round of 16,round-of-16,8
12018529,5,Round of 16,round-of-16,8
12018536,5,Round of 16,round-of-16,8
12018531,5,Round of 16,round-of-16,8
12018530,5,Round of 16,round-of-16,8
12018535,5,Round of 16,round-of-16,8
12018541,5,Round of 16,round-of-16,8
12018533,27,Quarterfinal,quarterfinal,4
12018679,5,Round of 16,round-of-16,8
12018677,5,Round of 16,round-of-16,8
12018667,5,Round of 16,round-of-16,8
12018670,5,Round of 16,round-of-16,8
12018669,5,Round of 16,round-of-16,8
12018665,5,Round of 16,round-of-16,8
12018676,27,Quarterfinal,quarterfinal,4
12018672,27,Quarterfinal,quarterfinal,4
12018671,27,Quarterfinal,quarterfinal,4
12018700,5,Round of 16,round-of-16,8
12018696,5,Round of 16,round-of-16,8
12018699,5,Round of 16,round-of-16,8
12018706,5,Round of 16,round-of-16,8
12018709,5,Round of 16,round-of-16,8
12018707,5,Round of 16,round-of-16,8
12018695,5,Round of 16,round-of-16,8
12018705,5,Round of 16,round-of-16,8
12018698,27,Quarterfinal,quarterfinal,4
12018701,27,Quarterfinal,quarterfinal,4
12054734,1,Qualification round 1,qualification-round-1,
12054727,1,Qualification round 1,qualification-round-1,
12054730,1,Qualification round 1,qualification-round-1,
12054732,1,Qualification round 1,qualification-round-1,
12054741,1,Qualification round 1,qualification-round-1,
12054729,1,Qualification round 1,qualification-round-1,
12054738,1,Qualification round 1,qualification-round-1,
12054739,1,Qualification round 1,qualification-round-1,
12054740,1,Qualification round 1,qualification-round-1,
12054728,1,Qualification round 1,qualification-round-1,
12018578,5,Round of 16,round-of-16,8
12018577,5,Round of 16,round-of-16,8
12018585,5,Round of 16,round-of-16,8
12018582,5,Round of 16,round-of-16,8
12018574,27,Quarterfinal,quarterfinal,4
12018588,27,Quarterfinal,quarterfinal,4
12018575,27,Quarterfinal,quarterfinal,4
12018580,27,Quarterfinal,quarterfinal,4
12018630,5,Round of 16,round-of-16,8
12018631,5,Round of 16,round-of-16,8
12018621,5,Round of 16,round-of-16,8
12018622,5,Round of 16,round-of-16,8
12018628,5,Round of 16,round-of-16,8
12018626,27,Quarterfinal,quarterfinal,4
12018624,27,Quarterfinal,quarterfinal,4
12018623,27,Quarterfinal,quarterfinal,4
12018652,5,Round of 16,round-of-16,8
12046125,6,Round of 32,round-of-32,16
12018644,5,Round of 16,round-of-16,8
12039977,6,Round of 32,round-of-32,16
12018649,5,Round of 16,round-of-16,8
12018655,5,Round of 16,round-of-16,8
12018656,5,Round of 16,round-of-16,8
12018648,5,Round of 16,round-of-16,8
12018654,27,Quarterfinal,quarterfinal,4
12018651,27,Quarterfinal,quarterfinal,4
12018643,27,Quarterfinal,quarterfinal,4
12018721,5,Round of 16,round-of-16,8
12018723,5,Round of 16,round-of-16,8
12018728,5,Round of 16,round-of-16,8
12018732,5,Round of 16,round-of-16,8
12018722,5,Round of 16,round-of-16,8
12018734,27,Quarterfinal,quarterfinal,4
12018726,27,Quarterfinal,quarterfinal,4
12018730,27,Quarterfinal,quarterfinal,4
12018720,27,Quarterfinal,quarterfinal,4
12050880,5,Round of 16,round-of-16,8
12051679,5,Round of 16,round-of-16,8
12049155,5,Round of 16,round-of-16,8
12051584,5,Round of 16,round-of-16,8
12051498,5,Round of 16,round-of-16,8
12051707,5,Round of 16,round-of-16,8
12051815,5,Round of 16,round-of-16,8
12050981,5,Round of 16,round-of-16,8
12053865,27,Quarterfinal,quarterfinal,4
12054313,27,Quarterfinal,quarterfinal,4
12046922,6,Round of 32,round-of-32,16
12046920,6,Round of 32,round-of-32,16
12049189,6,Round of 32,round-of-32,16
12046923,6,Round of 32,round-of-32,16
12046918,6,Round of 32,round-of-32,16
12046930,6,Round of 32,round-of-32,16
12046916,6,Round of 32,round-of-32,16
12046926,6,Round of 32,round-of-32,16
12046921,6,Round of 32,round-of-32,16
12052312,5,Round of 16,round-of-16,8
12052307,5,Round of 16,round-of-16,8
12052429,5,Round of 16,round-of-16,8
12051795,5,Round of 16,round-of-16,8
12051817,5,Round of 16,round-of-16,8
12052052,5,Round of 16,round-of-16,8
12049551,5,Round of 16,round-of-16,8
12052502,5,Round of 16,round-of-16,8
12054633,27,Quarterfinal,quarterfinal,4
12054784,27,Quarterfinal,quarterfinal,4
12054651,27,Quarterfinal,quarterfinal,4
12054552,27,Quarterfinal,quarterfinal,4
12049059,6,Round of 32,round-of-32,16
12051680,5,Round of 16,round-of-16,8
12051939,5,Round of 16,round-of-16,8
12051630,5,Round of 16,round-of-16,8
12051708,5,Round of 16,round-of-16,8
12051796,5,Round of 16,round-of-16,8
12052126,5,Round of 16,round-of-16,8
12052220,5,Round of 16,round-of-16,8
12048849,5,Round of 16,round-of-16,8
12054299,27,Quarterfinal,quarterfinal,4
12054402,27,Quarterfinal,quarterfinal,4
12054302,27,Quarterfinal,quarterfinal,4
12054559,27,Quarterfinal,quarterfinal,4
12046883,6,Round of 32,round-of-32,16
12046852,6,Round of 32,round-of-32,16
12046850,6,Round of 32,round-of-32,16
12046882,6,Round of 32,round-of-32,16
12051969,5,Round of 16,round-of-16,8
12051674,5,Round of 16,round-of-16,8
12051714,5,Round of 16,round-of-16,8
12051954,5,Round of 16,round-of-16,8
12052260,5,Round of 16,round-of-16,8
12051608,5,Round of 16,round-of-16,8
12051669,5,Round of 16,round-of-16,8
12051711,5,Round of 16,round-of-16,8
12054328,27,Quarterfinal,quarterfinal,4
12054435,27,Quarterfinal,quarterfinal,4
12054304,27,Quarterfinal,quarterfinal,4
12054429,27,Quarterfinal,quarterfinal,4
12049517,6,Round of 32,round-of-32,16
12049512,6,Round of 32,round-of-32,16
12049518,6,Round of 32,round-of-32,16
12049514,6,Round of 32,round-of-32,16
12046973,6,Round of 32,round-of-32,16
12049513,6,Round of 32,round-of-32,16
12046968,6,Round of 32,round-of-32,16
12046967,6,Round of 32,round-of-32,16
12049515,6,Round of 32,round-of-32,16
12049516,6,Round of 32,round-of-32,16
12046969,6,Round of 32,round-of-32,16
12052551,5,Round of 16,round-of-16,8
12046971,5,Round of 16,round-of-16,8
12052333,5,Round of 16,round-of-16,8
12052428,5,Round of 16,round-of-16,8
12052554,5,Round of 16,round-of-16,8
12049550,5,Round of 16,round-of-16,8
12052175,5,Round of 16,round-of-16,8
12052439,5,Round of 16,round-of-16,8
12048713,6,Round of 32,round-of-32,16
12048707,6,Round of 32,round-of-32,16
12046875,6,Round of 32,round-of-32,16
12048708,6,Round of 32,round-of-32,16
12046880,6,Round of 32,round-of-32,16
12048706,6,Round of 32,round-of-32,16
12051670,5,Round of 16,round-of-16,8
12052221,5,Round of 16,round-of-16,8
12051682,5,Round of 16,round-of-16,8
12052127,5,Round of 16,round-of-16,8
12052130,5,Round of 16,round-of-16,8
12051799,5,Round of 16,round-of-16,8
12052353,5,Round of 16,round-of-16,8
12046886,5,Round of 16,round-of-16,8
12054300,27,Quarterfinal,quarterfinal,4
12053941,27,Quarterfinal,quarterfinal,4
12054419,27,Quarterfinal,quarterfinal,4
12054289,27,Quarterfinal,quarterfinal,4
12049889,6,Round of 32,round-of-32,16
12046919,6,Round of 32,round-of-32,16
12049882,6,Round of 32,round-of-32,16
12046913,6,Round of 32,round-of-32,16
12046907,6,Round of 32,round-of-32,16
12049874,6,Round of 32,round-of-32,16
12049884,6,Round of 32,round-of-32,16
12049880,6,Round of 32,round-of-32,16
12046887,6,Round of 32,round-of-32,16
12049876,6,Round of 32,round-of-32,16
12049881,6,Round of 32,round-of-32,16
12049886,6,Round of 32,round-of-32,16
12049878,6,Round of 32,round-of-32,16
12049883,6,Round of 32,round-of-32,16
12052481,5,Round of 16,round-of-16,8
12052436,5,Round of 16,round-of-16,8
12052614,5,Round of 16,round-of-16,8
12052354,5,Round of 16,round-of-16,8
12052547,5,Round of 16,round-of-16,8
12052321,5,Round of 16,round-of-16,8
12049599,5,Round of 16,round-of-16,8
12046889,5,Round of 16,round-of-16,8
12051497,5,Round of 16,round-of-16,8
12051681,5,Round of 16,round-of-16,8
12046894,5,Round of 16,round-of-16,8
12051677,5,Round of 16,round-of-16,8
12050843,5,Round of 16,round-of-16,8
12051715,5,Round of 16,round-of-16,8
12051694,5,Round of 16,round-of-16,8
12051676,5,Round of 16,round-of-16,8
12054403,27,Quarterfinal,quarterfinal,4
12054312,27,Quarterfinal,quarterfinal,4
12047510,5,Round of 16,round-of-16,8
12050322,5,Round of 16,round-of-16,8
12047477,5,Round of 16,round-of-16,8
12047478,5,Round of 16,round-of-16,8
12050443,5,Round of 16,round-of-16,8
12050331,5,Round of 16,round-of-16,8
12050338,5,Round of 16,round-of-16,8
12047486,5,Round of 16,round-of-16,8
12053221,27,Quarterfinal,quarterfinal,4
12053231,27,Quarterfinal,quarterfinal,4
12053214,27,Quarterfinal,quarterfinal,4
12053258,27,Quarterfinal,quarterfinal,4
12049357,5,Round of 16,round-of-16,8
12049021,5,Round of 16,round-of-16,8
12052157,27,Quarterfinal,quarterfinal,4
12051797,27,Quarterfinal,quarterfinal,4
12052002,27,Quarterfinal,quarterfinal,4
12052003,27,Quarterfinal,quarterfinal,4
12054591,28,Semifinal,semifinal,2
12054428,28,Semifinal,semifinal,2
12046940,6,Round of 32,round-of-32,16
12046964,6,Round of 32,round-of-32,16
12046966,6,Round of 32,round-of-32,16
12046960,6,Round of 32,round-of-32,16
12046961,6,Round of 32,round-of-32,16
12046963,6,Round of 32,round-of-32,16
12046965,6,Round of 32,round-of-32,16
12046951,6,Round of 32,round-of-32,16
12049526,5,Round of 16,round-of-16,8
12052020,5,Round of 16,round-of-16,8
12051803,5,Round of 16,round-of-16,8
12052488,5,Round of 16,round-of-16,8
12052255,5,Round of 16,round-of-16,8
12052001,5,Round of 16,round-of-16,8
12052140,5,Round of 16,round-of-16,8
12052426,5,Round of 16,round-of-16,8
12046857,6,Round of 32,round-of-32,16
12046869,6,Round of 32,round-of-32,16
12046858,6,Round of 32,round-of-32,16
12046861,6,Round of 32,round-of-32,16
12046859,6,Round of 32,round-of-32,16
12046864,6,Round of 32,round-of-32,16
12046868,6,Round of 32,round-of-32,16
12046862,6,Round of 32,round-of-32,16
12052761,5,Round of 16,round-of-16,8
12049729,5,Round of 16,round-of-16,8
12052534,5,Round of 16,round-of-16,8
12052684,5,Round of 16,round-of-16,8
12052535,5,Round of 16,round-of-16,8
12053206,5,Round of 16,round-of-16,8
12050318,5,Round of 16,round-of-16,8
12053218,5,Round of 16,round-of-16,8
12048608,6,Round of 32,round-of-32,16
12048610,6,Round of 32,round-of-32,16
12048607,6,Round of 32,round-of-32,16
12046953,6,Round of 32,round-of-32,16
12048605,6,Round of 32,round-of-32,16
12048604,6,Round of 32,round-of-32,16
12051955,5,Round of 16,round-of-16,8
12051706,5,Round of 16,round-of-16,8
12052222,5,Round of 16,round-of-16,8
12052156,5,Round of 16,round-of-16,8
12052219,5,Round of 16,round-of-16,8
12052141,5,Round of 16,round-of-16,8
12051802,5,Round of 16,round-of-16,8
12051702,5,Round of 16,round-of-16,8
12054581,27,Quarterfinal,quarterfinal,4
12054502,27,Quarterfinal,quarterfinal,4
12054557,27,Quarterfinal,quarterfinal,4
12054583,27,Quarterfinal,quarterfinal,4
12048795,6,Round of 32,round-of-32,16
12048798,6,Round of 32,round-of-32,16
12048805,6,Round of 32,round-of-32,16
12048800,6,Round of 32,round-of-32,16
12048802,6,Round of 32,round-of-32,16
12048801,6,Round of 32,round-of-32,16
12052281,5,Round of 16,round-of-16,8
12050982,5,Round of 16,round-of-16,8
12051020,5,Round of 16,round-of-16,8
12052367,5,Round of 16,round-of-16,8
12051678,5,Round of 16,round-of-16,8
12052382,5,Round of 16,round-of-16,8
12052261,5,Round of 16,round-of-16,8
12051970,5,Round of 16,round-of-16,8
12054479,27,Quarterfinal,quarterfinal,4
12054311,27,Quarterfinal,quarterfinal,4
12054437,27,Quarterfinal,quarterfinal,4
12054690,27,Quarterfinal,quarterfinal,4
12049895,6,Round of 32,round-of-32,16
12049904,6,Round of 32,round-of-32,16
12049896,6,Round of 32,round-of-32,16
12046847,6,Round of 32,round-of-32,16
12049903,6,Round of 32,round-of-32,16
12049897,6,Round of 32,round-of-32,16
12046849,6,Round of 32,round-of-32,16
12049898,6,Round of 32,round-of-32,16
12049905,6,Round of 32,round-of-32,16
12046853,6,Round of 32,round-of-32,16
12046854,6,Round of 32,round-of-32,16
12049566,5,Round of 16,round-of-16,8
12052448,5,Round of 16,round-of-16,8
12052556,5,Round of 16,round-of-16,8
12052418,5,Round of 16,round-of-16,8
12052259,5,Round of 16,round-of-16,8
12052550,5,Round of 16,round-of-16,8
12052498,5,Round of 16,round-of-16,8
12052254,5,Round of 16,round-of-16,8
12017973,5,Round of 16,round-of-16,8
12017963,5,Round of 16,round-of-16,8
12017967,5,Round of 16,round-of-16,8
12017971,5,Round of 16,round-of-16,8
12017970,27,Quarterfinal,quarterfinal,4
12017965,27,Quarterfinal,quarterfinal,4
12017964,27,Quarterfinal,quarterfinal,4
12017974,27,Quarterfinal,quarterfinal,4
12018512,5,Round of 16,round-of-16,8
12018508,5,Round of 16,round-of-16,8
12018501,5,Round of 16,round-of-16,8
12018506,5,Round of 16,round-of-16,8
12018504,27,Quarterfinal,quarterfinal,4
12018502,27,Quarterfinal,quarterfinal,4
12018505,27,Quarterfinal,quarterfinal,4
12018511,27,Quarterfinal,quarterfinal,4
12018536,5,Round of 16,round-of-16,8
12018531,5,Round of 16,round-of-16,8
12018530,5,Round of 16,round-of-16,8
12018535,5,Round of 16,round-of-16,8
12018541,5,Round of 16,round-of-16,8
12018533,27,Quarterfinal,quarterfinal,4
12018542,27,Quarterfinal,quarterfinal,4
12018532,27,Quarterfinal,quarterfinal,4
12018540,27,Quarterfinal,quarterfinal,4
12018669,5,Round of 16,round-of-16,8
12018665,5,Round of 16,round-of-16,8
12018676,27,Quarterfinal,quarterfinal,4
12018672,27,Quarterfinal,quarterfinal,4
12018671,27,Quarterfinal,quarterfinal,4
12018675,27,Quarterfinal,quarterfinal,4
12018678,28,Semifinal,semifinal,2
12018707,5,Round of 16,round-of-16,8
12018695,5,Round of 16,round-of-16,8
12018705,5,Round of 16,round-of-16,8
12018698,27,Quarterfinal,quarterfinal,4
12018701,27,Quarterfinal,quarterfinal,4
12018697,27,Quarterfinal,quarterfinal,4
12018703,27,Quarterfinal,quarterfinal,4
12018704,28,Semifinal,semifinal,2
12056840,5,Round of 16,round-of-16,8
12056841,5,Round of 16,round-of-16,8
12056846,5,Round of 16,round-of-16,8
12056847,5,Round of 16,round-of-16,8
12056844,5,Round of 16,round-of-16,8
12056845,5,Round of 16,round-of-16,8
12054734,1,Qualification round 1,qualification-round-1,
12054727,1,Qualification round 1,qualification-round-1,
12054730,1,Qualification round 1,qualification-round-1,
12054732,1,Qualification round 1,qualification-round-1,
12054741,1,Qualification round 1,qualification-round-1,
12054729,1,Qualification round 1,qualification-round-1,
12054738,1,Qualification round 1,qualification-round-1,
12054739,1,Qualification round 1,qualification-round-1,
12054740,1,Qualification round 1,qualification-round-1,
12054728,1,Qualification round 1,qualification-round-1,
12054731,1,Qualification round 1,qualification-round-1,
12054736,1,Qualification round 1,qualification-round-1,
12054737,1,Qualification round 1,qualification-round-1,
12056233,1,Qualification round 1,qualification-round-1,
12056563,1,Qualification round 1,qualification-round-1,
12054733,1,Qualification round 1,qualification-round-1,
12054735,1,Qualification round 1,qualification-round-1,
12056234,1,Qualification round 1,qualification-round-1,
12018574,27,Quarterfinal,quarterfinal,4
12018588,27,Quarterfinal,quarterfinal,4
12018575,27,Quarterfinal,quarterfinal,4
12018580,27,Quarterfinal,quarterfinal,4
12018587,28,Semifinal,semifinal,2
12018576,28,Semifinal,semifinal,2
12018628,5,Round of 16,round-of-16,8
12018626,27,Quarterfinal,quarterfinal,4
12018624,27,Quarterfinal,quarterfinal,4
12018623,27,Quarterfinal,quarterfinal,4
12018620,27,Quarterfinal,quarterfinal,4
12018627,28,Semifinal,semifinal,2
12018633,28,Semifinal,semifinal,2
12018649,5,Round of 16,round-of-16,8
12018655,5,Round of 16,round-of-16,8
12018656,5,Round of 16,round-of-16,8
12018648,5,Round of 16,round-of-16,8
12018654,27,Quarterfinal,quarterfinal,4
12018651,27,Quarterfinal,quarterfinal,4
12018643,27,Quarterfinal,quarterfinal,4
12018647,27,Quarterfinal,quarterfinal,4
12018645,28,Semifinal,semifinal,2
12018657,28,Semifinal,semifinal,2
12018722,5,Round of 16,round-of-16,8
12018734,27,Quarterfinal,quarterfinal,4
12018726,27,Quarterfinal,quarterfinal,4
12018730,27,Quarterfinal,quarterfinal,4
12018720,27,Quarterfinal,quarterfinal,4
12018725,28,Semifinal,semifinal,2
12018724,28,Semifinal,semifinal,2
12053865,27,Quarterfinal,quarterfinal,4
12054313,27,Quarterfinal,quarterfinal,4
12054355,27,Quarterfinal,quarterfinal,4
12054420,27,Quarterfinal,quarterfinal,4
12058095,28,Semifinal,semifinal,2
12058236,28,Semifinal,semifinal,2
12051795,5,Round of 16,round-of-16,8
12051817,5,Round of 16,round-of-16,8
12052052,5,Round of 16,round-of-16,8
12049551,5,Round of 16,round-of-16,8
12052502,5,Round of 16,round-of-16,8
12054633,27,Quarterfinal,quarterfinal,4
12054784,27,Quarterfinal,quarterfinal,4
12054651,27,Quarterfinal,quarterfinal,4
12054552,27,Quarterfinal,quarterfinal,4
12056494,28,Semifinal,semifinal,2
12056615,28,Semifinal,semifinal,2
12054299,27,Quarterfinal,quarterfinal,4
12054402,27,Quarterfinal,quarterfinal,4
12054302,27,Quarterfinal,quarterfinal,4
12054559,27,Quarterfinal,quarterfinal,4
12056390,28,Semifinal,semifinal,2
12056577,28,Semifinal,semifinal,2
12054328,27,Quarterfinal,quarterfinal,4
12054435,27,Quarterfinal,quarterfinal,4
12054304,27,Quarterfinal,quarterfinal,4
12054429,27,Quarterfinal,quarterfinal,4
12056393,28,Semifinal,semifinal,2
12056498,28,Semifinal,semifinal,2
12052551,5,Round of 16,round-of-16,8
12046971,5,Round of 16,round-of-16,8
12052333,5,Round of 16,round-of-16,8
12052428,5,Round of 16,round-of-16,8
12052554,5,Round of 16,round-of-16,8
12049550,5,Round of 16,round-of-16,8
12052175,5,Round of 16,round-of-16,8
12052439,5,Round of 16,round-of-16,8
12054762,27,Quarterfinal,quarterfinal,4
12055232,27,Quarterfinal,quarterfinal,4
12054845,27,Quarterfinal,quarterfinal,4
12055123,27,Quarterfinal,quarterfinal,4
12056823,28,Semifinal,semifinal,2
12054300,27,Quarterfinal,quarterfinal,4
12053941,27,Quarterfinal,quarterfinal,4
12054419,27,Quarterfinal,quarterfinal,4
12054289,27,Quarterfinal,quarterfinal,4
12056235,28,Semifinal,semifinal,2
12056239,28,Semifinal,semifinal,2
12052481,5,Round of 16,round-of-16,8
12052436,5,Round of 16,round-of-16,8
12052614,5,Round of 16,round-of-16,8
12052354,5,Round of 16,round-of-16,8
12052547,5,Round of 16,round-of-16,8
12052321,5,Round of 16,round-of-16,8
12049599,5,Round of 16,round-of-16,8
12046889,5,Round of 16,round-of-16,8
12055215,27,Quarterfinal,quarterfinal,4
12054861,27,Quarterfinal,quarterfinal,4
12055119,27,Quarterfinal,quarterfinal,4
12054931,27,Quarterfinal,quarterfinal,4
12054403,27,Quarterfinal,quarterfinal,4
12054312,27,Quarterfinal,quarterfinal,4
12053932,27,Quarterfinal,quarterfinal,4
12054269,27,Quarterfinal,quarterfinal,4
12058097,28,Semifinal,semifinal,2
12058286,28,Semifinal,semifinal,2
12053221,27,Quarterfinal,quarterfinal,4
12053231,27,Quarterfinal,quarterfinal,4
12053214,27,Quarterfinal,quarterfinal,4
12053258,27,Quarterfinal,quarterfinal,4
12055836,28,Semifinal,semifinal,2
12055783,28,Semifinal,semifinal,2
12052003,27,Quarterfinal,quarterfinal,4
12054591,28,Semifinal,semifinal,2
12054428,28,Semifinal,semifinal,2
12056503,29,Final,final,1
12051803,5,Round of 16,round-of-16,8
12052488,5,Round of 16,round-of-16,8
12052255,5,Round of 16,round-of-16,8
12052001,5,Round of 16,round-of-16,8
12052140,5,Round of 16,round-of-16,8
12052426,5,Round of 16,round-of-16,8
12054632,27,Quarterfinal,quarterfinal,4
12054770,27,Quarterfinal,quarterfinal,4
12054601,27,Quarterfinal,quarterfinal,4
12055122,27,Quarterfinal,quarterfinal,4
12056915,28,Semifinal,semifinal,2
12052761,5,Round of 16,round-of-16,8
12049729,5,Round of 16,round-of-16,8
12052534,5,Round of 16,round-of-16,8
12052684,5,Round of 16,round-of-16,8
12052535,5,Round of 16,round-of-16,8
12053206,5,Round of 16,round-of-16,8
12050318,5,Round of 16,round-of-16,8
12053218,5,Round of 16,round-of-16,8
12055265,27,Quarterfinal,quarterfinal,4
12055342,27,Quarterfinal,quarterfinal,4
12055835,27,Quarterfinal,quarterfinal,4
12055771,27,Quarterfinal,quarterfinal,4
12051802,5,Round of 16,round-of-16,8
12051702,5,Round of 16,round-of-16,8
12054581,27,Quarterfinal,quarterfinal,4
12054502,27,Quarterfinal,quarterfinal,4
12054557,27,Quarterfinal,quarterfinal,4
12054583,27,Quarterfinal,quarterfinal,4
12056538,28,Semifinal,semifinal,2
12056525,28,Semifinal,semifinal,2
12051970,5,Round of 16,round-of-16,8
12054479,27,Quarterfinal,quarterfinal,4
12054311,27,Quarterfinal,quarterfinal,4
12054437,27,Quarterfinal,quarterfinal,4
12054690,27,Quarterfinal,quarterfinal,4
12056394,28,Semifinal,semifinal,2
12056307,28,Semifinal,semifinal,2
12049566,5,Round of 16,round-of-16,8
12052448,5,Round of 16,round-of-16,8
12052556,5,Round of 16,round-of-16,8
12052418,5,Round of 16,round-of-16,8
12052259,5,Round of 16,round-of-16,8
12052550,5,Round of 16,round-of-16,8
12052498,5,Round of 16,round-of-16,8
12052254,5,Round of 16,round-of-16,8
12054970,27,Quarterfinal,quarterfinal,4
12055042,27,Quarterfinal,quarterfinal,4
12055041,27,Quarterfinal,quarterfinal,4
12054752,27,Quarterfinal,quarterfinal,4
12058940,1,Qualification round 1,qualification-round-1,
12055041,27,Quarterfinal,quarterfinal,4
12054752,27,Quarterfinal,quarterfinal,4
12056830,28,Semifinal,semifinal,2
12056757,28,Semifinal,semifinal,2
12058898,1,Qualification round 1,qualification-round-1,
12059226,1,Qualification round 1,qualification-round-1,
12059218,1,Qualification round 1,qualification-round-1,
12059224,1,Qualification round 1,qualification-round-1,
12018720,27,Quarterfinal,quarterfinal,4
12018725,28,Semifinal,semifinal,2
12018724,28,Semifinal,semifinal,2
12018729,29,Final,final,1
12053865,27,Quarterfinal,quarterfinal,4
12054313,27,Quarterfinal,quarterfinal,4
12054355,27,Quarterfinal,quarterfinal,4
12054420,27,Quarterfinal,quarterfinal,4
12058095,28,Semifinal,semifinal,2
12058236,28,Semifinal,semifinal,2
12058407,29,Final,final,1
12054651,27,Quarterfinal,quarterfinal,4
12054552,27,Quarterfinal,quarterfinal,4
12056494,28,Semifinal,semifinal,2
12056615,28,Semifinal,semifinal,2
12058489,29,Final,final,1
12056390,28,Semifinal,semifinal,2
12056577,28,Semifinal,semifinal,2
12058408,29,Final,final,1
12056393,28,Semifinal,semifinal,2
12056498,28,Semifinal,semifinal,2
12058576,29,Final,final,1
12054762,27,Quarterfinal,quarterfinal,4
12055232,27,Quarterfinal,quarterfinal,4
12054845,27,Quarterfinal,quarterfinal,4
12055123,27,Quarterfinal,quarterfinal,4
12056823,28,Semifinal,semifinal,2
12056892,28,Semifinal,semifinal,2
12059125,29,Final,final,1
12056235,28,Semifinal,semifinal,2
12056239,28,Semifinal,semifinal,2
12058257,29,Final,final,1
12055215,27,Quarterfinal,quarterfinal,4
12054861,27,Quarterfinal,quarterfinal,4
12055119,27,Quarterfinal,quarterfinal,4
12054931,27,Quarterfinal,quarterfinal,4
12056888,28,Semifinal,semifinal,2
12056824,28,Semifinal,semifinal,2
12054403,27,Quarterfinal,quarterfinal,4
12054312,27,Quarterfinal,quarterfinal,4
12053932,27,Quarterfinal,quarterfinal,4
12054269,27,Quarterfinal,quarterfinal,4
12058097,28,Semifinal,semifinal,2
12058286,28,Semifinal,semifinal,2
12058493,29,Final,final,1
12055836,28,Semifinal,semifinal,2
12055783,28,Semifinal,semifinal,2
12057509,29,Final,final,1
12056503,29,Final,final,1
12054632,27,Quarterfinal,quarterfinal,4
12054770,27,Quarterfinal,quarterfinal,4
12054601,27,Quarterfinal,quarterfinal,4
12055122,27,Quarterfinal,quarterfinal,4
12056915,28,Semifinal,semifinal,2
12056829,28,Semifinal,semifinal,2
12055265,27,Quarterfinal,quarterfinal,4
12055342,27,Quarterfinal,quarterfinal,4
12055835,27,Quarterfinal,quarterfinal,4
12055771,27,Quarterfinal,quarterfinal,4
12057053,28,Semifinal,semifinal,2
12057579,28,Semifinal,semifinal,2
12054583,27,Quarterfinal,quarterfinal,4
12056538,28,Semifinal,semifinal,2
12056525,28,Semifinal,semifinal,2
12058409,29,Final,final,1
12056394,28,Semifinal,semifinal,2
12056307,28,Semifinal,semifinal,2
12058311,29,Final,final,1
12054970,27,Quarterfinal,quarterfinal,4
12055042,27,Quarterfinal,quarterfinal,4
12018675,27,Quarterfinal,quarterfinal,4
12018678,28,Semifinal,semifinal,2
12018673,28,Semifinal,semifinal,2
12018674,29,Final,final,1
12018698,27,Quarterfinal,quarterfinal,4
12018701,27,Quarterfinal,quarterfinal,4
12018697,27,Quarterfinal,quarterfinal,4
12018703,27,Quarterfinal,quarterfinal,4
12018704,28,Semifinal,semifinal,2
12018702,28,Semifinal,semifinal,2
12056840,5,Round of 16,round-of-16,8
12056841,5,Round of 16,round-of-16,8
12056846,5,Round of 16,round-of-16,8
12056847,5,Round of 16,round-of-16,8
12056844,5,Round of 16,round-of-16,8
12056845,5,Round of 16,round-of-16,8
12056848,5,Round of 16,round-of-16,8
12056849,5,Round of 16,round-of-16,8
12058235,1,Qualification round 1,qualification-round-1,
12057501,1,Qualification round 1,qualification-round-1,
12057505,1,Qualification round 1,qualification-round-1,
12057504,1,Qualification round 1,qualification-round-1,
12057507,1,Qualification round 1,qualification-round-1,
12057508,1,Qualification round 1,qualification-round-1,
12059044,1,Qualification round 1,qualification-round-1,
12057502,1,Qualification round 1,qualification-round-1,
12057506,1,Qualification round 1,qualification-round-1,
12057503,1,Qualification round 1,qualification-round-1,
12057493,1,Qualification round 1,qualification-round-1,
12057492,1,Qualification round 1,qualification-round-1,
12057498,1,Qualification round 1,qualification-round-1,
12057497,1,Qualification round 1,qualification-round-1,
12057495,1,Qualification round 1,qualification-round-1,
12057496,1,Qualification round 1,qualification-round-1,
12058947,1,Qualification round 1,qualification-round-1,
12059294,1,Qualification round 1,qualification-round-1,
12054738,1,Qualification round 1,qualification-round-1,
12054739,1,Qualification round 1,qualification-round-1,
12054740,1,Qualification round 1,qualification-round-1,
12054728,1,Qualification round 1,qualification-round-1,
12054731,1,Qualification round 1,qualification-round-1,
12054736,1,Qualification round 1,qualification-round-1,
12054737,1,Qualification round 1,qualification-round-1,
12056233,1,Qualification round 1,qualification-round-1,
12056563,1,Qualification round 1,qualification-round-1,
12054733,1,Qualification round 1,qualification-round-1,
12054735,1,Qualification round 1,qualification-round-1,
12056234,1,Qualification round 1,qualification-round-1,
12018587,28,Semifinal,semifinal,2
12018576,28,Semifinal,semifinal,2
12018586,29,Final,final,1
12018620,27,Quarterfinal,quarterfinal,4
12018627,28,Semifinal,semifinal,2
12018633,28,Semifinal,semifinal,2
12018632,29,Final,final,1
12018643,27,Quarterfinal,quarterfinal,4
12018647,27,Quarterfinal,quarterfinal,4
12018645,28,Semifinal,semifinal,2
12018657,28,Semifinal,semifinal,2
12018650,29,Final,final,1
12058642,1,Qualification round 1,qualification-round-1,
12058661,1,Qualification round 1,qualification-round-1,
12058659,1,Qualification round 1,qualification-round-1,
12058701,1,Qualification round 1,qualification-round-1,
12058612,1,Qualification round 1,qualification-round-1,
12058610,1,Qualification round 1,qualification-round-1,
12058608,1,Qualification round 1,qualification-round-1,
12058609,1,Qualification round 1,qualification-round-1,
12058613,1,Qualification round 1,qualification-round-1,
12058611,1,Qualification round 1,qualification-round-1,
12058615,1,Qualification round 1,qualification-round-1,
12059940,1,Qualification round 1,qualification-round-1,
12058616,1,Qualification round 1,qualification-round-1,
12058620,1,Qualification round 1,qualification-round-1,
12058627,1,Qualification round 1,qualification-round-1,
12058628,1,Qualification round 1,qualification-round-1,
12058625,1,Qualification round 1,qualification-round-1,
12058960,1,Qualification round 1,qualification-round-1,
12058984,1,Qualification round 1,qualification-round-1,
12058982,1,Qualification round 1,qualification-round-1,
12058961,1,Qualification round 1,qualification-round-1,
12058983,1,Qualification round 1,qualification-round-1,
12058973,1,Qualification round 1,qualification-round-1,
12058981,1,Qualification round 1,qualification-round-1,
12058972,1,Qualification round 1,qualification-round-1,
12059210,1,Qualification round 1,qualification-round-1,
12059221,1,Qualification round 1,qualification-round-1,
12059228,1,Qualification round 1,qualification-round-1,
12059223,1,Qualification round 1,qualification-round-1,
12017963,5,Round of 16,round-of-16,8
12017967,5,Round of 16,round-of-16,8
12017971,5,Round of 16,round-of-16,8
12017970,27,Quarterfinal,quarterfinal,4
12017965,27,Quarterfinal,quarterfinal,4
12017964,27,Quarterfinal,quarterfinal,4
12017974,27,Quarterfinal,quarterfinal,4
12017976,28,Semifinal,semifinal,2
12017972,28,Semifinal,semifinal,2
12018504,27,Quarterfinal,quarterfinal,4
12018502,27,Quarterfinal,quarterfinal,4
12018505,27,Quarterfinal,quarterfinal,4
12018511,27,Quarterfinal,quarterfinal,4
12018507,28,Semifinal,semifinal,2
12018503,28,Semifinal,semifinal,2
12018533,27,Quarterfinal,quarterfinal,4
12018542,27,Quarterfinal,quarterfinal,4
12018532,27,Quarterfinal,quarterfinal,4
12018540,27,Quarterfinal,quarterfinal,4
12018538,28,Semifinal,semifinal,2
12018537,28,Semifinal,semifinal,2
12056877,32,Round of 64,round-of-64,
12056868,32,Round of 64,round-of-64,
12058885,32,Round of 64,round-of-64,
12056880,32,Round of 64,round-of-64,
12058890,32,Round of 64,round-of-64,
12058889,32,Round of 64,round-of-64,
12018671,27,Quarterfinal,quarterfinal,4
12061293,6,Round of 32,round-of-32,16
12056909,6,Round of 32,round-of-32,16
12017976,28,Semifinal,semifinal,2
12017972,28,Semifinal,semifinal,2
12017969,29,Final,final,1
12018507,28,Semifinal,semifinal,2
12018503,28,Semifinal,semifinal,2
12018500,29,Final,final,1
12018538,28,Semifinal,semifinal,2
12018537,28,Semifinal,semifinal,2
12018539,29,Final,final,1
12056877,32,Round of 64,round-of-64,
12056868,32,Round of 64,round-of-64,
12058885,32,Round of 64,round-of-64,
12056880,32,Round of 64,round-of-64,
12058890,32,Round of 64,round-of-64,
12058889,32,Round of 64,round-of-64,
12058884,32,Round of 64,round-of-64,
12056865,32,Round of 64,round-of-64,
12056876,32,Round of 64,round-of-64,
12056874,32,Round of 64,round-of-64,
12056867,32,Round of 64,round-of-64,
12056875,32,Round of 64,round-of-64,
12058851,32,Round of 64,round-of-64,
12056873,32,Round of 64,round-of-64,
12056871,32,Round of 64,round-of-64,
12058888,32,Round of 64,round-of-64,
12056869,32,Round of 64,round-of-64,
12058886,32,Round of 64,round-of-64,
12056879,32,Round of 64,round-of-64,
12056878,32,Round of 64,round-of-64,
12056866,32,Round of 64,round-of-64,
12058887,32,Round of 64,round-of-64,
12056870,32,Round of 64,round-of-64,
12018673,28,Semifinal,semifinal,2
12018674,29,Final,final,1
12018704,28,Semifinal,semifinal,2
12018702,28,Semifinal,semifinal,2
12018708,29,Final,final,1
12056847,5,Round of 16,round-of-16,8
12056844,5,Round of 16,round-of-16,8
12056845,5,Round of 16,round-of-16,8
12056848,5,Round of 16,round-of-16,8
12056849,5,Round of 16,round-of-16,8
12058235,1,Qualification round 1,qualification-round-1,
12057501,1,Qualification round 1,qualification-round-1,
12057505,1,Qualification round 1,qualification-round-1,
12057504,1,Qualification round 1,qualification-round-1,
12057507,1,Qualification round 1,qualification-round-1,
12057508,1,Qualification round 1,qualification-round-1,
12059044,1,Qualification round 1,qualification-round-1,
12057502,1,Qualification round 1,qualification-round-1,
12057506,1,Qualification round 1,qualification-round-1,
12057503,1,Qualification round 1,qualification-round-1,
12057493,1,Qualification round 1,qualification-round-1,
12057492,1,Qualification round 1,qualification-round-1,
12057498,1,Qualification round 1,qualification-round-1,
12057497,1,Qualification round 1,qualification-round-1,
12057495,1,Qualification round 1,qualification-round-1,
12057496,1,Qualification round 1,qualification-round-1,
12058947,1,Qualification round 1,qualification-round-1,
12059294,1,Qualification round 1,qualification-round-1,
12057500,1,Qualification round 1,qualification-round-1,
12057499,1,Qualification round 1,qualification-round-1,
12059240,6,Round of 32,round-of-32,16
12059846,6,Round of 32,round-of-32,16
12059842,6,Round of 32,round-of-32,16
12059849,6,Round of 32,round-of-32,16
12059848,6,Round of 32,round-of-32,16
12059845,6,Round of 32,round-of-32,16
12018586,29,Final,final,1
12018632,29,Final,final,1
12018657,28,Semifinal,semifinal,2
12018650,29,Final,final,1
12058642,1,Qualification round 1,qualification-round-1,
12058661,1,Qualification round 1,qualification-round-1,
12058659,1,Qualification round 1,qualification-round-1,
12058701,1,Qualification round 1,qualification-round-1,
12058641,1,Qualification round 1,qualification-round-1,
12058688,1,Qualification round 1,qualification-round-1,
12058702,1,Qualification round 1,qualification-round-1,
12058689,1,Qualification round 1,qualification-round-1,
12060110,1,Qualification round 1,qualification-round-1,
12058699,1,Qualification round 1,qualification-round-1,
12058700,1,Qualification round 1,qualification-round-1,
12058660,1,Qualification round 1,qualification-round-1,
12058696,1,Qualification round 1,qualification-round-1,
12058612,1,Qualification round 1,qualification-round-1,
12058610,1,Qualification round 1,qualification-round-1,
12058608,1,Qualification round 1,qualification-round-1,
12058609,1,Qualification round 1,qualification-round-1,
12058613,1,Qualification round 1,qualification-round-1,
12058611,1,Qualification round 1,qualification-round-1,
12058615,1,Qualification round 1,qualification-round-1,
12059940,1,Qualification round 1,qualification-round-1,
12058616,1,Qualification round 1,qualification-round-1,
12058620,1,Qualification round 1,qualification-round-1,
12058627,1,Qualification round 1,qualification-round-1,
12058628,1,Qualification round 1,qualification-round-1,
12058625,1,Qualification round 1,qualification-round-1,
12058960,1,Qualification round 1,qualification-round-1,
12058984,1,Qualification round 1,qualification-round-1,
12058982,1,Qualification round 1,qualification-round-1,
12058961,1,Qualification round 1,qualification-round-1,
12058983,1,Qualification round 1,qualification-round-1,
12058973,1,Qualification round 1,qualification-round-1,
12058981,1,Qualification round 1,qualification-round-1,
12058972,1,Qualification round 1,qualification-round-1,
12058997,1,Qualification round 1,qualification-round-1,
12058974,1,Qualification round 1,qualification-round-1,
12058995,1,Qualification round 1,qualification-round-1,
12058971,1,Qualification round 1,qualification-round-1,
12059210,1,Qualification round 1,qualification-round-1,
12059221,1,Qualification round 1,qualification-round-1,
12059228,1,Qualification round 1,qualification-round-1,
12059223,1,Qualification round 1,qualification-round-1,
12059226,1,Qualification round 1,qualification-round-1,
12059218,1,Qualification round 1,qualification-round-1,
12059224,1,Qualification round 1,qualification-round-1,
12059219,1,Qualification round 1,qualification-round-1,
12059227,1,Qualification round 1,qualification-round-1,
12059222,1,Qualification round 1,qualification-round-1,
12059217,1,Qualification round 1,qualification-round-1,
12059225,1,Qualification round 1,qualification-round-1,
12018729,29,Final,final,1
12058407,29,Final,final,1
12056494,28,Semifinal,semifinal,2
12056615,28,Semifinal,semifinal,2
12058489,29,Final,final,1
12058408,29,Final,final,1
12058576,29,Final,final,1
12056823,28,Semifinal,semifinal,2
12056892,28,Semifinal,semifinal,2
12059125,29,Final,final,1
12058257,29,Final,final,1
12056888,28,Semifinal,semifinal,2
12056824,28,Semifinal,semifinal,2
12058828,29,Final,final,1
12058286,28,Semifinal,semifinal,2
12058493,29,Final,final,1
12057509,29,Final,final,1
12056915,28,Semifinal,semifinal,2
12056829,28,Semifinal,semifinal,2
12058946,29,Final,final,1
12057053,28,Semifinal,semifinal,2
12057579,28,Semifinal,semifinal,2
12059475,29,Final,final,1
12058409,29,Final,final,1
12058311,29,Final,final,1
12056830,28,Semifinal,semifinal,2
12056757,28,Semifinal,semifinal,2
12058910,29,Final,final,1
12061458,2,Qualification round 2,qualification-round-2,
12061465,2,Qualification round 2,qualification-round-2,
12061461,2,Qualification round 2,qualification-round-2,
12061467,2,Qualification round 2,qualification-round-2,
12061476,2,Qualification round 2,qualification-round-2,
12061455,2,Qualification round 2,qualification-round-2,
12061450,2,Qualification round 2,qualification-round-2,
12061470,2,Qualification round 2,qualification-round-2,
12061471,2,Qualification round 2,qualification-round-2,
12061453,2,Qualification round 2,qualification-round-2,
12061475,2,Qualification round 2,qualification-round-2,
12061454,2,Qualification round 2,qualification-round-2,
12061463,2,Qualification round 2,qualification-round-2,
12061449,2,Qualification round 2,qualification-round-2,
12058898,1,Qualification round 1,qualification-round-1,
12061956,1,Qualification round 1,qualification-round-1,
12061963,1,Qualification round 1,qualification-round-1,
12061967,1,Qualification round 1,qualification-round-1,
12061965,1,Qualification round 1,qualification-round-1,
12061966,1,Qualification round 1,qualification-round-1,
12061960,1,Qualification round 1,qualification-round-1,
12061954,1,Qualification round 1,qualification-round-1,
12061962,1,Qualification round 1,qualification-round-1,
12061959,1,Qualification round 1,qualification-round-1,
12061957,1,Qualification round 1,qualification-round-1,
12061955,1,Qualification round 1,qualification-round-1,
12061961,1,Qualification round 1,qualification-round-1,
12061459,1,Qualification round 1,qualification-round-1,
12061443,1,Qualification round 1,qualification-round-1,
12061456,1,Qualification round 1,qualification-round-1,
12061478,1,Qualification round 1,qualification-round-1,
12061468,1,Qualification round 1,qualification-round-1,
12061480,1,Qualification round 1,qualification-round-1,
12061464,1,Qualification round 1,qualification-round-1,
12061451,1,Qualification round 1,qualification-round-1,
12061457,1,Qualification round 1,qualification-round-1,
12061466,1,Qualification round 1,qualification-round-1,
12061473,1,Qualification round 1,qualification-round-1,
12061448,1,Qualification round 1,qualification-round-1,
12061469,1,Qualification round 1,qualification-round-1,
12061479,1,Qualification round 1,qualification-round-1,
12058940,1,Qualification round 1,qualification-round-1,
12061293,6,Round of 32,round-of-32,16
12056909,6,Round of 32,round-of-32,16
12056906,6,Round of 32,round-of-32,16
12061298,6,Round of 32,round-of-32,16
12056908,6,Round of 32,round-of-32,16
12056902,6,Round of 32,round-of-32,16
12059442,6,Round of 32,round-of-32,16
12059447,6,Round of 32,round-of-32,16
12059446,6,Round of 32,round-of-32,16
12059445,6,Round of 32,round-of-32,16
12017969,29,Final,final,1
12018500,29,Final,final,1
12057531,6,Round of 32,round-of-32,16
12057533,6,Round of 32,round-of-32,16
12063982,6,Round of 32,round-of-32,16
12057535,6,Round of 32,round-of-32,16
12057530,6,Round of 32,round-of-32,16
12018539,29,Final,final,1
12058885,32,Round of 64,round-of-64,
12056880,32,Round of 64,round-of-64,
12058890,32,Round of 64,round-of-64,
12058889,32,Round of 64,round-of-64,
12058884,32,Round of 64,round-of-64,
12056865,32,Round of 64,round-of-64,
12056876,32,Round of 64,round-of-64,
12056874,32,Round of 64,round-of-64,
12056867,32,Round of 64,round-of-64,
12056875,32,Round of 64,round-of-64,
12058851,32,Round of 64,round-of-64,
12056873,32,Round of 64,round-of-64,
12058886,32,Round of 64,round-of-64,
12056871,32,Round of 64,round-of-64,
12056869,32,Round of 64,round-of-64,
12063423,32,Round of 64,round-of-64,
12058888,32,Round of 64,round-of-64,
12056878,32,Round of 64,round-of-64,
12056879,32,Round of 64,round-of-64,
12058887,32,Round of 64,round-of-64,
12056870,32,Round of 64,round-of-64,
12056866,32,Round of 64,round-of-64,
12056872,32,Round of 64,round-of-64,
12049681,6,Round of 32,round-of-32,16
12049675,6,Round of 32,round-of-32,16
12049673,6,Round of 32,round-of-32,16
12049668,6,Round of 32,round-of-32,16
12049679,6,Round of 32,round-of-32,16
12049678,6,Round of 32,round-of-32,16
12049695,6,Round of 32,round-of-32,16
12049674,6,Round of 32,round-of-32,16
12049677,6,Round of 32,round-of-32,16
12049693,6,Round of 32,round-of-32,16
12018674,29,Final,final,1
12018708,29,Final,final,1
12057500,1,Qualification round 1,qualification-round-1,
12057499,1,Qualification round 1,qualification-round-1,
12059240,6,Round of 32,round-of-32,16
12059247,6,Round of 32,round-of-32,16
12059244,6,Round of 32,round-of-32,16
12059246,6,Round of 32,round-of-32,16
12059245,6,Round of 32,round-of-32,16
12059248,6,Round of 32,round-of-32,16
12063937,6,Round of 32,round-of-32,16
12063939,6,Round of 32,round-of-32,16
12060816,6,Round of 32,round-of-32,16
12059235,6,Round of 32,round-of-32,16
12059243,6,Round of 32,round-of-32,16
12059239,6,Round of 32,round-of-32,16
12059241,6,Round of 32,round-of-32,16
12059846,6,Round of 32,round-of-32,16
12059842,6,Round of 32,round-of-32,16
12059849,6,Round of 32,round-of-32,16
12059848,6,Round of 32,round-of-32,16
12059845,6,Round of 32,round-of-32,16
12059843,6,Round of 32,round-of-32,16
12063388,6,Round of 32,round-of-32,16
12063390,6,Round of 32,round-of-32,16
12059847,6,Round of 32,round-of-32,16
12059942,6,Round of 32,round-of-32,16
12063389,6,Round of 32,round-of-32,16
12063391,6,Round of 32,round-of-32,16
12063386,6,Round of 32,round-of-32,16
12063387,6,Round of 32,round-of-32,16
12059841,6,Round of 32,round-of-32,16
12059844,6,Round of 32,round-of-32,16
12059258,6,Round of 32,round-of-32,16
12059257,6,Round of 32,round-of-32,16
12059252,6,Round of 32,round-of-32,16
12059259,6,Round of 32,round-of-32,16
12059251,6,Round of 32,round-of-32,16
12063925,6,Round of 32,round-of-32,16
12063932,6,Round of 32,round-of-32,16
12063930,6,Round of 32,round-of-32,16
12063929,6,Round of 32,round-of-32,16
12063931,6,Round of 32,round-of-32,16
12059271,6,Round of 32,round-of-32,16
12059264,6,Round of 32,round-of-32,16
12059273,6,Round of 32,round-of-32,16
12059263,6,Round of 32,round-of-32,16
12059267,6,Round of 32,round-of-32,16
12059268,6,Round of 32,round-of-32,16
12063637,6,Round of 32,round-of-32,16
12063638,6,Round of 32,round-of-32,16
12058640,5,Round of 16,round-of-16,8
12058633,5,Round of 16,round-of-16,8
12058635,5,Round of 16,round-of-16,8
12058641,1,Qualification round 1,qualification-round-1,
12058688,1,Qualification round 1,qualification-round-1,
12058702,1,Qualification round 1,qualification-round-1,
12058689,1,Qualification round 1,qualification-round-1,
12058699,1,Qualification round 1,qualification-round-1,
12058700,1,Qualification round 1,qualification-round-1,
12060110,1,Qualification round 1,qualification-round-1,
12058696,1,Qualification round 1,qualification-round-1,
12058660,1,Qualification round 1,qualification-round-1,
12058983,1,Qualification round 1,qualification-round-1,
12058973,1,Qualification round 1,qualification-round-1,
12058981,1,Qualification round 1,qualification-round-1,
12058972,1,Qualification round 1,qualification-round-1,
12058997,1,Qualification round 1,qualification-round-1,
12058974,1,Qualification round 1,qualification-round-1,
12058995,1,Qualification round 1,qualification-round-1,
12058971,1,Qualification round 1,qualification-round-1,
12059226,1,Qualification round 1,qualification-round-1,
12059218,1,Qualification round 1,qualification-round-1,
12059224,1,Qualification round 1,qualification-round-1,
12059219,1,Qualification round 1,qualification-round-1,
12059227,1,Qualification round 1,qualification-round-1,
12059222,1,Qualification round 1,qualification-round-1,
12059217,1,Qualification round 1,qualification-round-1,
12059225,1,Qualification round 1,qualification-round-1,
12018729,29,Final,final,1
12058489,29,Final,final,1
12063861,6,Round of 32,round-of-32,16
12063874,6,Round of 32,round-of-32,16
12064004,6,Round of 32,round-of-32,16
12063983,6,Round of 32,round-of-32,16
12064002,6,Round of 32,round-of-32,16
12063995,6,Round of 32,round-of-32,16
12063316,6,Round of 32,round-of-32,16
12063312,6,Round of 32,round-of-32,16
12063329,6,Round of 32,round-of-32,16
12063317,6,Round of 32,round-of-32,16
12063321,6,Round of 32,round-of-32,16
12063555,6,Round of 32,round-of-32,16
12063565,6,Round of 32,round-of-32,16
12063557,6,Round of 32,round-of-32,16
12063564,6,Round of 32,round-of-32,16
12063567,6,Round of 32,round-of-32,16
12063563,6,Round of 32,round-of-32,16
12063560,6,Round of 32,round-of-32,16
12059125,29,Final,final,1
12058828,29,Final,final,1
12063814,6,Round of 32,round-of-32,16
12063812,6,Round of 32,round-of-32,16
12063817,6,Round of 32,round-of-32,16
12058946,29,Final,final,1
12063864,6,Round of 32,round-of-32,16
12063875,6,Round of 32,round-of-32,16
12063876,6,Round of 32,round-of-32,16
12059475,29,Final,final,1
12063757,6,Round of 32,round-of-32,16
12063774,6,Round of 32,round-of-32,16
12063770,6,Round of 32,round-of-32,16
12063758,6,Round of 32,round-of-32,16
12063996,6,Round of 32,round-of-32,16
12063999,6,Round of 32,round-of-32,16
12063988,6,Round of 32,round-of-32,16
12063328,6,Round of 32,round-of-32,16
12063315,6,Round of 32,round-of-32,16
12063331,6,Round of 32,round-of-32,16
12063327,6,Round of 32,round-of-32,16
12063313,6,Round of 32,round-of-32,16
12063326,6,Round of 32,round-of-32,16
12063325,6,Round of 32,round-of-32,16
12063324,6,Round of 32,round-of-32,16
12063333,6,Round of 32,round-of-32,16
12063314,6,Round of 32,round-of-32,16
12064009,6,Round of 32,round-of-32,16
12064016,6,Round of 32,round-of-32,16
12064017,6,Round of 32,round-of-32,16
12064014,6,Round of 32,round-of-32,16
12058910,29,Final,final,1
12066508,6,Round of 32,round-of-32,16
12065015,6,Round of 32,round-of-32,16
12066510,6,Round of 32,round-of-32,16
12066515,6,Round of 32,round-of-32,16
12066511,6,Round of 32,round-of-32,16
12065024,6,Round of 32,round-of-32,16
12066503,6,Round of 32,round-of-32,16
12063996,6,Round of 32,round-of-32,16
12063999,6,Round of 32,round-of-32,16
12063988,6,Round of 32,round-of-32,16
12064983,6,Round of 32,round-of-32,16
12066757,6,Round of 32,round-of-32,16
12064972,6,Round of 32,round-of-32,16
12066756,6,Round of 32,round-of-32,16
12064979,6,Round of 32,round-of-32,16
12066762,6,Round of 32,round-of-32,16
12066758,6,Round of 32,round-of-32,16
12064978,6,Round of 32,round-of-32,16
12066759,6,Round of 32,round-of-32,16
12064958,6,Round of 32,round-of-32,16
12064955,6,Round of 32,round-of-32,16
12066761,6,Round of 32,round-of-32,16
12069329,6,Round of 32,round-of-32,16
12066760,6,Round of 32,round-of-32,16
12064510,6,Round of 32,round-of-32,16
12064505,6,Round of 32,round-of-32,16
12064507,6,Round of 32,round-of-32,16
12064514,6,Round of 32,round-of-32,16
12064506,6,Round of 32,round-of-32,16
12064519,6,Round of 32,round-of-32,16
12064504,6,Round of 32,round-of-32,16
12064508,6,Round of 32,round-of-32,16
12064509,6,Round of 32,round-of-32,16
12064516,6,Round of 32,round-of-32,16
12064518,6,Round of 32,round-of-32,16
12064511,6,Round of 32,round-of-32,16
12064515,6,Round of 32,round-of-32,16
12064513,6,Round of 32,round-of-32,16
12064512,6,Round of 32,round-of-32,16
12067467,6,Round of 32,round-of-32,16
12064517,6,Round of 32,round-of-32,16
12063328,6,Round of 32,round-of-32,16
12063315,6,Round of 32,round-of-32,16
12063331,6,Round of 32,round-of-32,16
12063327,6,Round of 32,round-of-32,16
12063313,6,Round of 32,round-of-32,16
12063326,6,Round of 32,round-of-32,16
12063325,6,Round of 32,round-of-32,16
12063324,6,Round of 32,round-of-32,16
12063333,6,Round of 32,round-of-32,16
12063314,6,Round of 32,round-of-32,16
12064881,6,Round of 32,round-of-32,16
12064885,6,Round of 32,round-of-32,16
12064886,6,Round of 32,round-of-32,16
12064882,6,Round of 32,round-of-32,16
12064884,6,Round of 32,round-of-32,16
12068007,6,Round of 32,round-of-32,16
12064883,6,Round of 32,round-of-32,16
12064009,6,Round of 32,round-of-32,16
12064016,6,Round of 32,round-of-32,16
12064017,6,Round of 32,round-of-32,16
12064014,6,Round of 32,round-of-32,16
12064008,6,Round of 32,round-of-32,16
12064007,6,Round of 32,round-of-32,16
12064011,6,Round of 32,round-of-32,16
12064013,6,Round of 32,round-of-32,16
12065006,6,Round of 32,round-of-32,16
12065003,6,Round of 32,round-of-32,16
12065001,6,Round of 32,round-of-32,16
12065007,6,Round of 32,round-of-32,16
12065008,6,Round of 32,round-of-32,16
12069098,6,Round of 32,round-of-32,16
12065002,6,Round of 32,round-of-32,16
12066191,6,Round of 32,round-of-32,16
12066188,6,Round of 32,round-of-32,16
12066184,6,Round of 32,round-of-32,16
12066183,6,Round of 32,round-of-32,16
12066181,6,Round of 32,round-of-32,16
12066189,6,Round of 32,round-of-32,16
12066190,6,Round of 32,round-of-32,16
12066185,6,Round of 32,round-of-32,16
12066195,6,Round of 32,round-of-32,16
12066187,6,Round of 32,round-of-32,16
12066192,6,Round of 32,round-of-32,16
12063563,6,Round of 32,round-of-32,16
12063560,6,Round of 32,round-of-32,16
12063569,6,Round of 32,round-of-32,16
12063568,6,Round of 32,round-of-32,16
12063566,6,Round of 32,round-of-32,16
12063556,6,Round of 32,round-of-32,16
12063561,6,Round of 32,round-of-32,16
12063562,6,Round of 32,round-of-32,16
12063559,6,Round of 32,round-of-32,16
12063554,6,Round of 32,round-of-32,16
12064415,6,Round of 32,round-of-32,16
12064418,6,Round of 32,round-of-32,16
12064416,6,Round of 32,round-of-32,16
12064422,6,Round of 32,round-of-32,16
12064212,6,Round of 32,round-of-32,16
12064215,6,Round of 32,round-of-32,16
12064216,6,Round of 32,round-of-32,16
12064213,6,Round of 32,round-of-32,16
12065032,6,Round of 32,round-of-32,16
12067405,6,Round of 32,round-of-32,16
12065029,6,Round of 32,round-of-32,16
12065031,6,Round of 32,round-of-32,16
12066137,6,Round of 32,round-of-32,16
12064906,6,Round of 32,round-of-32,16
12064911,6,Round of 32,round-of-32,16
12064889,6,Round of 32,round-of-32,16
12064907,6,Round of 32,round-of-32,16
12064912,6,Round of 32,round-of-32,16
12066135,6,Round of 32,round-of-32,16
12064887,6,Round of 32,round-of-32,16
12064910,6,Round of 32,round-of-32,16
12064908,6,Round of 32,round-of-32,16
12066133,6,Round of 32,round-of-32,16
12066140,6,Round of 32,round-of-32,16
12064904,6,Round of 32,round-of-32,16
12066136,6,Round of 32,round-of-32,16
12066134,6,Round of 32,round-of-32,16
12066138,6,Round of 32,round-of-32,16
12064997,6,Round of 32,round-of-32,16
12064996,6,Round of 32,round-of-32,16
12064990,6,Round of 32,round-of-32,16
12064995,6,Round of 32,round-of-32,16
12064999,6,Round of 32,round-of-32,16
12064988,6,Round of 32,round-of-32,16
12064987,6,Round of 32,round-of-32,16
12063814,6,Round of 32,round-of-32,16
12063812,6,Round of 32,round-of-32,16
12063817,6,Round of 32,round-of-32,16
12063813,6,Round of 32,round-of-32,16
12063811,6,Round of 32,round-of-32,16
12066500,6,Round of 32,round-of-32,16
12064929,6,Round of 32,round-of-32,16
12066509,6,Round of 32,round-of-32,16
12066501,6,Round of 32,round-of-32,16
12066506,6,Round of 32,round-of-32,16
12063864,6,Round of 32,round-of-32,16
12063875,6,Round of 32,round-of-32,16
12063876,6,Round of 32,round-of-32,16
12064938,6,Round of 32,round-of-32,16
12066342,6,Round of 32,round-of-32,16
12066340,6,Round of 32,round-of-32,16
12066339,6,Round of 32,round-of-32,16
12064948,6,Round of 32,round-of-32,16
12066341,6,Round of 32,round-of-32,16
12064949,6,Round of 32,round-of-32,16
12066343,6,Round of 32,round-of-32,16
12066344,6,Round of 32,round-of-32,16
12064951,6,Round of 32,round-of-32,16
12064945,6,Round of 32,round-of-32,16
12066345,6,Round of 32,round-of-32,16
12066346,6,Round of 32,round-of-32,16
12063757,6,Round of 32,round-of-32,16
12063774,6,Round of 32,round-of-32,16
12063770,6,Round of 32,round-of-32,16
12063758,6,Round of 32,round-of-32,16
12066504,6,Round of 32,round-of-32,16
12065018,6,Round of 32,round-of-32,16
12066507,6,Round of 32,round-of-32,16
12066512,6,Round of 32,round-of-32,16
12059258,6,Round of 32,round-of-32,16
12059257,6,Round of 32,round-of-32,16
12059252,6,Round of 32,round-of-32,16
12059259,6,Round of 32,round-of-32,16
12059251,6,Round of 32,round-of-32,16
12063925,6,Round of 32,round-of-32,16
12063932,6,Round of 32,round-of-32,16
12063930,6,Round of 32,round-of-32,16
12063929,6,Round of 32,round-of-32,16
12063931,6,Round of 32,round-of-32,16
12059253,6,Round of 32,round-of-32,16
12059256,6,Round of 32,round-of-32,16
12065726,6,Round of 32,round-of-32,16
12063928,6,Round of 32,round-of-32,16
12059254,6,Round of 32,round-of-32,16
12049726,5,Round of 16,round-of-16,8
12059249,6,Round of 32,round-of-32,16
12059271,6,Round of 32,round-of-32,16
12059264,6,Round of 32,round-of-32,16
12059273,6,Round of 32,round-of-32,16
12059263,6,Round of 32,round-of-32,16
12059267,6,Round of 32,round-of-32,16
12059268,6,Round of 32,round-of-32,16
12063637,6,Round of 32,round-of-32,16
12063638,6,Round of 32,round-of-32,16
12059266,6,Round of 32,round-of-32,16
12059261,6,Round of 32,round-of-32,16
12059269,6,Round of 32,round-of-32,16
12063639,6,Round of 32,round-of-32,16
12059262,6,Round of 32,round-of-32,16
12059270,6,Round of 32,round-of-32,16
12063636,6,Round of 32,round-of-32,16
12063640,6,Round of 32,round-of-32,16
12049736,5,Round of 16,round-of-16,8
12058640,5,Round of 16,round-of-16,8
12058633,5,Round of 16,round-of-16,8
12058635,5,Round of 16,round-of-16,8
12058639,5,Round of 16,round-of-16,8
12065955,5,Round of 16,round-of-16,8
12058634,5,Round of 16,round-of-16,8
12058636,5,Round of 16,round-of-16,8
12058637,5,Round of 16,round-of-16,8
12063861,6,Round of 32,round-of-32,16
12063874,6,Round of 32,round-of-32,16
12066014,6,Round of 32,round-of-32,16
12064967,6,Round of 32,round-of-32,16
12064963,6,Round of 32,round-of-32,16
12066015,6,Round of 32,round-of-32,16
12064965,6,Round of 32,round-of-32,16
12064975,6,Round of 32,round-of-32,16
12064959,6,Round of 32,round-of-32,16
12064964,6,Round of 32,round-of-32,16
12066018,6,Round of 32,round-of-32,16
12066016,6,Round of 32,round-of-32,16
12066020,6,Round of 32,round-of-32,16
12066019,6,Round of 32,round-of-32,16
12066022,6,Round of 32,round-of-32,16
12066021,6,Round of 32,round-of-32,16
12064004,6,Round of 32,round-of-32,16
12063983,6,Round of 32,round-of-32,16
12064002,6,Round of 32,round-of-32,16
12063995,6,Round of 32,round-of-32,16
12065900,6,Round of 32,round-of-32,16
12064960,6,Round of 32,round-of-32,16
12065897,6,Round of 32,round-of-32,16
12065896,6,Round of 32,round-of-32,16
12064936,6,Round of 32,round-of-32,16
12064969,6,Round of 32,round-of-32,16
12065895,6,Round of 32,round-of-32,16
12065894,6,Round of 32,round-of-32,16
12065899,6,Round of 32,round-of-32,16
12065893,6,Round of 32,round-of-32,16
12065898,6,Round of 32,round-of-32,16
12064933,6,Round of 32,round-of-32,16
12063316,6,Round of 32,round-of-32,16
12063312,6,Round of 32,round-of-32,16
12063329,6,Round of 32,round-of-32,16
12063317,6,Round of 32,round-of-32,16
12063321,6,Round of 32,round-of-32,16
12064943,6,Round of 32,round-of-32,16
12065153,6,Round of 32,round-of-32,16
12064941,6,Round of 32,round-of-32,16
12065152,6,Round of 32,round-of-32,16
12065148,6,Round of 32,round-of-32,16
12064914,6,Round of 32,round-of-32,16
12065149,6,Round of 32,round-of-32,16
12065151,6,Round of 32,round-of-32,16
12064920,6,Round of 32,round-of-32,16
12065147,6,Round of 32,round-of-32,16
12065150,6,Round of 32,round-of-32,16
12063555,6,Round of 32,round-of-32,16
12063565,6,Round of 32,round-of-32,16
12063557,6,Round of 32,round-of-32,16
12063564,6,Round of 32,round-of-32,16
12063567,6,Round of 32,round-of-32,16
12059442,6,Round of 32,round-of-32,16
12059447,6,Round of 32,round-of-32,16
12059446,6,Round of 32,round-of-32,16
12059445,6,Round of 32,round-of-32,16
12059443,6,Round of 32,round-of-32,16
12059440,6,Round of 32,round-of-32,16
12062467,6,Round of 32,round-of-32,16
12062468,6,Round of 32,round-of-32,16
12062466,6,Round of 32,round-of-32,16
12062465,6,Round of 32,round-of-32,16
12059444,6,Round of 32,round-of-32,16
12059441,6,Round of 32,round-of-32,16
12057531,6,Round of 32,round-of-32,16
12057533,6,Round of 32,round-of-32,16
12063982,6,Round of 32,round-of-32,16
12057535,6,Round of 32,round-of-32,16
12057530,6,Round of 32,round-of-32,16
12057534,6,Round of 32,round-of-32,16
12057529,6,Round of 32,round-of-32,16
12064031,6,Round of 32,round-of-32,16
12057528,6,Round of 32,round-of-32,16
12064030,6,Round of 32,round-of-32,16
12066746,6,Round of 32,round-of-32,16
12064028,6,Round of 32,round-of-32,16
12057532,6,Round of 32,round-of-32,16
12064029,6,Round of 32,round-of-32,16
12056873,32,Round of 64,round-of-64,
12058886,32,Round of 64,round-of-64,
12056871,32,Round of 64,round-of-64,
12056869,32,Round of 64,round-of-64,
12063423,32,Round of 64,round-of-64,
12058888,32,Round of 64,round-of-64,
12056878,32,Round of 64,round-of-64,
12056879,32,Round of 64,round-of-64,
12058887,32,Round of 64,round-of-64,
12056870,32,Round of 64,round-of-64,
12056866,32,Round of 64,round-of-64,
12056872,32,Round of 64,round-of-64,
12049681,6,Round of 32,round-of-32,16
12049675,6,Round of 32,round-of-32,16
12049673,6,Round of 32,round-of-32,16
12049668,6,Round of 32,round-of-32,16
12049679,6,Round of 32,round-of-32,16
12049678,6,Round of 32,round-of-32,16
12049695,6,Round of 32,round-of-32,16
12049674,6,Round of 32,round-of-32,16
12049677,6,Round of 32,round-of-32,16
12049693,6,Round of 32,round-of-32,16
12049697,6,Round of 32,round-of-32,16
12049672,6,Round of 32,round-of-32,16
12049696,6,Round of 32,round-of-32,16
12049694,6,Round of 32,round-of-32,16
12049698,6,Round of 32,round-of-32,16
12049680,6,Round of 32,round-of-32,16
12049692,5,Round of 16,round-of-16,8
12049689,5,Round of 16,round-of-16,8
12049690,5,Round of 16,round-of-16,8
12049691,5,Round of 16,round-of-16,8
12049676,5,Round of 16,round-of-16,8
12059247,6,Round of 32,round-of-32,16
12059244,6,Round of 32,round-of-32,16
12059246,6,Round of 32,round-of-32,16
12059245,6,Round of 32,round-of-32,16
12059248,6,Round of 32,round-of-32,16
12063937,6,Round of 32,round-of-32,16
12063939,6,Round of 32,round-of-32,16
12060816,6,Round of 32,round-of-32,16
12059235,6,Round of 32,round-of-32,16
12059243,6,Round of 32,round-of-32,16
12059239,6,Round of 32,round-of-32,16
12059241,6,Round of 32,round-of-32,16
12063940,6,Round of 32,round-of-32,16
12063938,6,Round of 32,round-of-32,16
12059242,6,Round of 32,round-of-32,16
12063941,6,Round of 32,round-of-32,16
12049782,5,Round of 16,round-of-16,8
12049778,5,Round of 16,round-of-16,8
12049788,5,Round of 16,round-of-16,8
12049787,5,Round of 16,round-of-16,8
12049780,5,Round of 16,round-of-16,8
12049786,5,Round of 16,round-of-16,8
12049781,5,Round of 16,round-of-16,8
12049775,5,Round of 16,round-of-16,8
12059843,6,Round of 32,round-of-32,16
12063388,6,Round of 32,round-of-32,16
12063390,6,Round of 32,round-of-32,16
12059847,6,Round of 32,round-of-32,16
12059942,6,Round of 32,round-of-32,16
12063389,6,Round of 32,round-of-32,16
12063391,6,Round of 32,round-of-32,16
12063386,6,Round of 32,round-of-32,16
12063387,6,Round of 32,round-of-32,16
12059841,6,Round of 32,round-of-32,16
12059844,6,Round of 32,round-of-32,16
12059840,6,Round of 32,round-of-32,16
12059850,6,Round of 32,round-of-32,16
12049802,5,Round of 16,round-of-16,8
12049804,5,Round of 16,round-of-16,8
12049817,5,Round of 16,round-of-16,8
12049812,5,Round of 16,round-of-16,8
12061293,6,Round of 32,round-of-32,16
12056909,6,Round of 32,round-of-32,16
12056906,6,Round of 32,round-of-32,16
12061298,6,Round of 32,round-of-32,16
12056908,6,Round of 32,round-of-32,16
12056902,6,Round of 32,round-of-32,16
12058339,6,Round of 32,round-of-32,16
12056899,6,Round of 32,round-of-32,16
12056905,6,Round of 32,round-of-32,16
12061324,6,Round of 32,round-of-32,16
12056907,6,Round of 32,round-of-32,16
12056904,6,Round of 32,round-of-32,16
12061325,6,Round of 32,round-of-32,16
12056903,6,Round of 32,round-of-32,16
12049651,5,Round of 16,round-of-16,8
12056901,6,Round of 32,round-of-32,16
12064980,6,Round of 32,round-of-32,16
12064973,6,Round of 32,round-of-32,16
12063604,6,Round of 32,round-of-32,16
12064985,6,Round of 32,round-of-32,16
12063614,6,Round of 32,round-of-32,16
12063613,6,Round of 32,round-of-32,16
12064981,6,Round of 32,round-of-32,16
12071943,6,Round of 32,round-of-32,16
12063607,6,Round of 32,round-of-32,16
12063875,6,Round of 32,round-of-32,16
12063876,6,Round of 32,round-of-32,16
12064938,6,Round of 32,round-of-32,16
12066342,6,Round of 32,round-of-32,16
12066340,6,Round of 32,round-of-32,16
12066339,6,Round of 32,round-of-32,16
12064948,6,Round of 32,round-of-32,16
12066341,6,Round of 32,round-of-32,16
12064949,6,Round of 32,round-of-32,16
12066343,6,Round of 32,round-of-32,16
12066344,6,Round of 32,round-of-32,16
12064951,6,Round of 32,round-of-32,16
12064945,6,Round of 32,round-of-32,16
12066345,6,Round of 32,round-of-32,16
12066346,6,Round of 32,round-of-32,16
12069106,5,Round of 16,round-of-16,8
12069064,5,Round of 16,round-of-16,8
12066276,5,Round of 16,round-of-16,8
12069643,5,Round of 16,round-of-16,8
12069330,5,Round of 16,round-of-16,8
12069384,5,Round of 16,round-of-16,8
12069780,5,Round of 16,round-of-16,8
12069331,5,Round of 16,round-of-16,8
12063770,6,Round of 32,round-of-32,16
12063758,6,Round of 32,round-of-32,16
12066504,6,Round of 32,round-of-32,16
12065018,6,Round of 32,round-of-32,16
12066507,6,Round of 32,round-of-32,16
12066512,6,Round of 32,round-of-32,16
12066508,6,Round of 32,round-of-32,16
12065015,6,Round of 32,round-of-32,16
12066510,6,Round of 32,round-of-32,16
12066515,6,Round of 32,round-of-32,16
12066511,6,Round of 32,round-of-32,16
12065024,6,Round of 32,round-of-32,16
12066503,6,Round of 32,round-of-32,16
12065019,6,Round of 32,round-of-32,16
12066120,5,Round of 16,round-of-16,8
12069327,5,Round of 16,round-of-16,8
12069140,5,Round of 16,round-of-16,8
12069822,5,Round of 16,round-of-16,8
12069699,5,Round of 16,round-of-16,8
12069923,5,Round of 16,round-of-16,8
12069537,5,Round of 16,round-of-16,8
12065028,5,Round of 16,round-of-16,8
12064983,6,Round of 32,round-of-32,16
12066757,6,Round of 32,round-of-32,16
12064972,6,Round of 32,round-of-32,16
12066756,6,Round of 32,round-of-32,16
12064979,6,Round of 32,round-of-32,16
12066762,6,Round of 32,round-of-32,16
12066758,6,Round of 32,round-of-32,16
12064978,6,Round of 32,round-of-32,16
12066759,6,Round of 32,round-of-32,16
12064958,6,Round of 32,round-of-32,16
12064955,6,Round of 32,round-of-32,16
12066761,6,Round of 32,round-of-32,16
12069329,6,Round of 32,round-of-32,16
12066760,6,Round of 32,round-of-32,16
12069074,5,Round of 16,round-of-16,8
12064962,5,Round of 16,round-of-16,8
12069069,5,Round of 16,round-of-16,8
12069902,5,Round of 16,round-of-16,8
12069398,5,Round of 16,round-of-16,8
12069696,5,Round of 16,round-of-16,8
12069153,5,Round of 16,round-of-16,8
12069908,5,Round of 16,round-of-16,8
12064510,6,Round of 32,round-of-32,16
12064505,6,Round of 32,round-of-32,16
12064507,6,Round of 32,round-of-32,16
12064514,6,Round of 32,round-of-32,16
12064506,6,Round of 32,round-of-32,16
12064519,6,Round of 32,round-of-32,16
12064504,6,Round of 32,round-of-32,16
12064508,6,Round of 32,round-of-32,16
12064509,6,Round of 32,round-of-32,16
12064516,6,Round of 32,round-of-32,16
12064518,6,Round of 32,round-of-32,16
12064511,6,Round of 32,round-of-32,16
12064515,6,Round of 32,round-of-32,16
12064513,6,Round of 32,round-of-32,16
12064512,6,Round of 32,round-of-32,16
12067467,6,Round of 32,round-of-32,16
12064517,6,Round of 32,round-of-32,16
12067299,5,Round of 16,round-of-16,8
12067531,5,Round of 16,round-of-16,8
12067446,5,Round of 16,round-of-16,8
12067530,5,Round of 16,round-of-16,8
12067154,5,Round of 16,round-of-16,8
12067969,5,Round of 16,round-of-16,8
12067979,5,Round of 16,round-of-16,8
12067156,5,Round of 16,round-of-16,8
12064418,6,Round of 32,round-of-32,16
12064416,6,Round of 32,round-of-32,16
12064422,6,Round of 32,round-of-32,16
12067110,6,Round of 32,round-of-32,16
12065010,6,Round of 32,round-of-32,16
12067106,6,Round of 32,round-of-32,16
12067112,6,Round of 32,round-of-32,16
12067111,6,Round of 32,round-of-32,16
12067107,6,Round of 32,round-of-32,16
12067108,6,Round of 32,round-of-32,16
12065026,6,Round of 32,round-of-32,16
12065025,6,Round of 32,round-of-32,16
12067109,6,Round of 32,round-of-32,16
12065012,6,Round of 32,round-of-32,16
12065030,6,Round of 32,round-of-32,16
12064212,6,Round of 32,round-of-32,16
12064215,6,Round of 32,round-of-32,16
12064216,6,Round of 32,round-of-32,16
12064213,6,Round of 32,round-of-32,16
12065032,6,Round of 32,round-of-32,16
12067405,6,Round of 32,round-of-32,16
12065029,6,Round of 32,round-of-32,16
12065031,6,Round of 32,round-of-32,16
12065027,6,Round of 32,round-of-32,16
12067406,6,Round of 32,round-of-32,16
12067410,6,Round of 32,round-of-32,16
12067411,6,Round of 32,round-of-32,16
12067409,6,Round of 32,round-of-32,16
12065009,6,Round of 32,round-of-32,16
12067408,6,Round of 32,round-of-32,16
12067407,6,Round of 32,round-of-32,16
12067464,5,Round of 16,round-of-16,8
12069800,5,Round of 16,round-of-16,8
12069916,5,Round of 16,round-of-16,8
12070034,5,Round of 16,round-of-16,8
12066137,6,Round of 32,round-of-32,16
12064906,6,Round of 32,round-of-32,16
12064911,6,Round of 32,round-of-32,16
12064889,6,Round of 32,round-of-32,16
12064907,6,Round of 32,round-of-32,16
12064912,6,Round of 32,round-of-32,16
12066135,6,Round of 32,round-of-32,16
12064887,6,Round of 32,round-of-32,16
12064910,6,Round of 32,round-of-32,16
12064908,6,Round of 32,round-of-32,16
12066133,6,Round of 32,round-of-32,16
12066140,6,Round of 32,round-of-32,16
12064904,6,Round of 32,round-of-32,16
12066136,6,Round of 32,round-of-32,16
12066134,6,Round of 32,round-of-32,16
12066138,6,Round of 32,round-of-32,16
12069209,5,Round of 16,round-of-16,8
12069397,5,Round of 16,round-of-16,8
12069563,5,Round of 16,round-of-16,8
12069512,5,Round of 16,round-of-16,8
12068864,5,Round of 16,round-of-16,8
12069399,5,Round of 16,round-of-16,8
12069117,5,Round of 16,round-of-16,8
12069793,5,Round of 16,round-of-16,8
12064997,6,Round of 32,round-of-32,16
12064996,6,Round of 32,round-of-32,16
12064990,6,Round of 32,round-of-32,16
12064995,6,Round of 32,round-of-32,16
12064999,6,Round of 32,round-of-32,16
12064988,6,Round of 32,round-of-32,16
12064987,6,Round of 32,round-of-32,16
12064986,6,Round of 32,round-of-32,16
12069267,6,Round of 32,round-of-32,16
12069265,6,Round of 32,round-of-32,16
12069271,6,Round of 32,round-of-32,16
12069269,6,Round of 32,round-of-32,16
12063813,6,Round of 32,round-of-32,16
12063811,6,Round of 32,round-of-32,16
12066500,6,Round of 32,round-of-32,16
12064929,6,Round of 32,round-of-32,16
12066509,6,Round of 32,round-of-32,16
12066501,6,Round of 32,round-of-32,16
12066506,6,Round of 32,round-of-32,16
12066514,6,Round of 32,round-of-32,16
12066502,6,Round of 32,round-of-32,16
12066505,6,Round of 32,round-of-32,16
12064935,6,Round of 32,round-of-32,16
12064942,6,Round of 32,round-of-32,16
12066513,6,Round of 32,round-of-32,16
12066841,5,Round of 16,round-of-16,8
12069967,5,Round of 16,round-of-16,8
12065958,5,Round of 16,round-of-16,8
12064927,5,Round of 16,round-of-16,8
12063595,6,Round of 32,round-of-32,16
12049740,5,Round of 16,round-of-16,8
12058633,5,Round of 16,round-of-16,8
12058635,5,Round of 16,round-of-16,8
12058639,5,Round of 16,round-of-16,8
12065955,5,Round of 16,round-of-16,8
12058634,5,Round of 16,round-of-16,8
12058636,5,Round of 16,round-of-16,8
12058637,5,Round of 16,round-of-16,8
12065959,5,Round of 16,round-of-16,8
12058638,5,Round of 16,round-of-16,8
12049737,27,Quarterfinal,quarterfinal,4
12063593,6,Round of 32,round-of-32,16
12064946,6,Round of 32,round-of-32,16
12063596,6,Round of 32,round-of-32,16
12064937,6,Round of 32,round-of-32,16
12063601,6,Round of 32,round-of-32,16
12064932,6,Round of 32,round-of-32,16
12063591,6,Round of 32,round-of-32,16
12063597,6,Round of 32,round-of-32,16
12071906,5,Round of 16,round-of-16,8
12064931,6,Round of 32,round-of-32,16
12071827,6,Round of 32,round-of-32,16
12071825,6,Round of 32,round-of-32,16
12071831,6,Round of 32,round-of-32,16
12071830,6,Round of 32,round-of-32,16
12066014,6,Round of 32,round-of-32,16
12064967,6,Round of 32,round-of-32,16
12064963,6,Round of 32,round-of-32,16
12066015,6,Round of 32,round-of-32,16
12064965,6,Round of 32,round-of-32,16
12064975,6,Round of 32,round-of-32,16
12064959,6,Round of 32,round-of-32,16
12064964,6,Round of 32,round-of-32,16
12066018,6,Round of 32,round-of-32,16
12066016,6,Round of 32,round-of-32,16
12066020,6,Round of 32,round-of-32,16
12066019,6,Round of 32,round-of-32,16
12066022,6,Round of 32,round-of-32,16
12066021,6,Round of 32,round-of-32,16
12069700,5,Round of 16,round-of-16,8
12069154,5,Round of 16,round-of-16,8
12069823,5,Round of 16,round-of-16,8
12069799,5,Round of 16,round-of-16,8
12069328,5,Round of 16,round-of-16,8
12069698,5,Round of 16,round-of-16,8
12069348,5,Round of 16,round-of-16,8
12065900,6,Round of 32,round-of-32,16
12064960,6,Round of 32,round-of-32,16
12065897,6,Round of 32,round-of-32,16
12065896,6,Round of 32,round-of-32,16
12064936,6,Round of 32,round-of-32,16
12064969,6,Round of 32,round-of-32,16
12065895,6,Round of 32,round-of-32,16
12065894,6,Round of 32,round-of-32,16
12065899,6,Round of 32,round-of-32,16
12065893,6,Round of 32,round-of-32,16
12065898,6,Round of 32,round-of-32,16
12064933,6,Round of 32,round-of-32,16
12069622,5,Round of 16,round-of-16,8
12069400,5,Round of 16,round-of-16,8
12069073,5,Round of 16,round-of-16,8
12069513,5,Round of 16,round-of-16,8
12069121,5,Round of 16,round-of-16,8
12069094,5,Round of 16,round-of-16,8
12069708,5,Round of 16,round-of-16,8
12069227,5,Round of 16,round-of-16,8
12064943,6,Round of 32,round-of-32,16
12065153,6,Round of 32,round-of-32,16
12064941,6,Round of 32,round-of-32,16
12065152,6,Round of 32,round-of-32,16
12065148,6,Round of 32,round-of-32,16
12064914,6,Round of 32,round-of-32,16
12065149,6,Round of 32,round-of-32,16
12065151,6,Round of 32,round-of-32,16
12064920,6,Round of 32,round-of-32,16
12065147,6,Round of 32,round-of-32,16
12065150,6,Round of 32,round-of-32,16
12068799,5,Round of 16,round-of-16,8
12068830,5,Round of 16,round-of-16,8
12068094,5,Round of 16,round-of-16,8
12068103,5,Round of 16,round-of-16,8
12065113,5,Round of 16,round-of-16,8
12068073,5,Round of 16,round-of-16,8
12068012,5,Round of 16,round-of-16,8
12068731,5,Round of 16,round-of-16,8
12063563,6,Round of 32,round-of-32,16
12063560,6,Round of 32,round-of-32,16
12063569,6,Round of 32,round-of-32,16
12063568,6,Round of 32,round-of-32,16
12063566,6,Round of 32,round-of-32,16
12063556,6,Round of 32,round-of-32,16
12063561,6,Round of 32,round-of-32,16
12063562,6,Round of 32,round-of-32,16
12063559,6,Round of 32,round-of-32,16
12063554,6,Round of 32,round-of-32,16
12063558,6,Round of 32,round-of-32,16
12069795,5,Round of 16,round-of-16,8
12069782,5,Round of 16,round-of-16,8
12069079,5,Round of 16,round-of-16,8
12069628,5,Round of 16,round-of-16,8
12069199,5,Round of 16,round-of-16,8
12066148,5,Round of 16,round-of-16,8
12066809,5,Round of 16,round-of-16,8
12064415,6,Round of 32,round-of-32,16
12059444,6,Round of 32,round-of-32,16
12059441,6,Round of 32,round-of-32,16
12049589,5,Round of 16,round-of-16,8
12049572,5,Round of 16,round-of-16,8
12049573,5,Round of 16,round-of-16,8
12049586,5,Round of 16,round-of-16,8
12057534,6,Round of 32,round-of-32,16
12057529,6,Round of 32,round-of-32,16
12064031,6,Round of 32,round-of-32,16
12057528,6,Round of 32,round-of-32,16
12064030,6,Round of 32,round-of-32,16
12066746,6,Round of 32,round-of-32,16
12064028,6,Round of 32,round-of-32,16
12057532,6,Round of 32,round-of-32,16
12064029,6,Round of 32,round-of-32,16
12049624,5,Round of 16,round-of-16,8
12049626,5,Round of 16,round-of-16,8
12049622,5,Round of 16,round-of-16,8
12049611,5,Round of 16,round-of-16,8
12049679,6,Round of 32,round-of-32,16
12049678,6,Round of 32,round-of-32,16
12049695,6,Round of 32,round-of-32,16
12049674,6,Round of 32,round-of-32,16
12049677,6,Round of 32,round-of-32,16
12049693,6,Round of 32,round-of-32,16
12049697,6,Round of 32,round-of-32,16
12049672,6,Round of 32,round-of-32,16
12049696,6,Round of 32,round-of-32,16
12049694,6,Round of 32,round-of-32,16
12049698,6,Round of 32,round-of-32,16
12049680,6,Round of 32,round-of-32,16
12049692,5,Round of 16,round-of-16,8
12049689,5,Round of 16,round-of-16,8
12049690,5,Round of 16,round-of-16,8
12049691,5,Round of 16,round-of-16,8
12049676,5,Round of 16,round-of-16,8
12067090,5,Round of 16,round-of-16,8
12049669,5,Round of 16,round-of-16,8
12049670,5,Round of 16,round-of-16,8
12049671,5,Round of 16,round-of-16,8
12049685,27,Quarterfinal,quarterfinal,4
12059243,6,Round of 32,round-of-32,16
12059239,6,Round of 32,round-of-32,16
12059241,6,Round of 32,round-of-32,16
12063940,6,Round of 32,round-of-32,16
12063938,6,Round of 32,round-of-32,16
12059242,6,Round of 32,round-of-32,16
12063941,6,Round of 32,round-of-32,16
12049782,5,Round of 16,round-of-16,8
12049778,5,Round of 16,round-of-16,8
12049788,5,Round of 16,round-of-16,8
12049787,5,Round of 16,round-of-16,8
12049780,5,Round of 16,round-of-16,8
12049786,5,Round of 16,round-of-16,8
12049781,5,Round of 16,round-of-16,8
12049775,5,Round of 16,round-of-16,8
12049777,27,Quarterfinal,quarterfinal,4
12049774,27,Quarterfinal,quarterfinal,4
12049791,27,Quarterfinal,quarterfinal,4
12049779,27,Quarterfinal,quarterfinal,4
12059844,6,Round of 32,round-of-32,16
12059840,6,Round of 32,round-of-32,16
12059850,6,Round of 32,round-of-32,16
12049802,5,Round of 16,round-of-16,8
12049804,5,Round of 16,round-of-16,8
12049817,5,Round of 16,round-of-16,8
12049812,5,Round of 16,round-of-16,8
12049811,5,Round of 16,round-of-16,8
12049809,5,Round of 16,round-of-16,8
12049808,5,Round of 16,round-of-16,8
12049803,5,Round of 16,round-of-16,8
12059253,6,Round of 32,round-of-32,16
12059256,6,Round of 32,round-of-32,16
12065726,6,Round of 32,round-of-32,16
12063928,6,Round of 32,round-of-32,16
12059254,6,Round of 32,round-of-32,16
12049726,5,Round of 16,round-of-16,8
12059249,6,Round of 32,round-of-32,16
12049715,5,Round of 16,round-of-16,8
12049720,5,Round of 16,round-of-16,8
12059255,6,Round of 32,round-of-32,16
12049711,5,Round of 16,round-of-16,8
12049719,5,Round of 16,round-of-16,8
12049727,5,Round of 16,round-of-16,8
12063637,6,Round of 32,round-of-32,16
12063638,6,Round of 32,round-of-32,16
12059266,6,Round of 32,round-of-32,16
12059261,6,Round of 32,round-of-32,16
12059269,6,Round of 32,round-of-32,16
12063639,6,Round of 32,round-of-32,16
12059262,6,Round of 32,round-of-32,16
12059270,6,Round of 32,round-of-32,16
12063636,6,Round of 32,round-of-32,16
12063640,6,Round of 32,round-of-32,16
12049736,5,Round of 16,round-of-16,8
12049732,5,Round of 16,round-of-16,8
12049744,5,Round of 16,round-of-16,8
12049748,5,Round of 16,round-of-16,8
12049730,5,Round of 16,round-of-16,8
12049743,5,Round of 16,round-of-16,8
12056902,6,Round of 32,round-of-32,16
12058339,6,Round of 32,round-of-32,16
12056899,6,Round of 32,round-of-32,16
12056905,6,Round of 32,round-of-32,16
12061324,6,Round of 32,round-of-32,16
12056907,6,Round of 32,round-of-32,16
12056904,6,Round of 32,round-of-32,16
12061325,6,Round of 32,round-of-32,16
12056903,6,Round of 32,round-of-32,16
12049651,5,Round of 16,round-of-16,8
12056901,6,Round of 32,round-of-32,16
12049650,5,Round of 16,round-of-16,8
12056910,6,Round of 32,round-of-32,16
12049640,5,Round of 16,round-of-16,8
12049641,5,Round of 16,round-of-16,8
12049649,5,Round of 16,round-of-16,8
12049648,5,Round of 16,round-of-16,8
12059443,6,Round of 32,round-of-32,16
12059440,6,Round of 32,round-of-32,16
12062467,6,Round of 32,round-of-32,16
12062468,6,Round of 32,round-of-32,16
12062466,6,Round of 32,round-of-32,16
12062465,6,Round of 32,round-of-32,16
12064881,6,Round of 32,round-of-32,16
12064885,6,Round of 32,round-of-32,16
12064886,6,Round of 32,round-of-32,16
12064882,6,Round of 32,round-of-32,16
12064884,6,Round of 32,round-of-32,16
12068007,6,Round of 32,round-of-32,16
12064883,6,Round of 32,round-of-32,16
12065696,5,Round of 16,round-of-16,8
12068138,5,Round of 16,round-of-16,8
12065110,5,Round of 16,round-of-16,8
12068756,5,Round of 16,round-of-16,8
12068757,5,Round of 16,round-of-16,8
12068165,5,Round of 16,round-of-16,8
12065312,5,Round of 16,round-of-16,8
12068072,5,Round of 16,round-of-16,8
12064017,6,Round of 32,round-of-32,16
12064014,6,Round of 32,round-of-32,16
12064008,6,Round of 32,round-of-32,16
12064007,6,Round of 32,round-of-32,16
12064011,6,Round of 32,round-of-32,16
12064013,6,Round of 32,round-of-32,16
12065006,6,Round of 32,round-of-32,16
12065003,6,Round of 32,round-of-32,16
12065001,6,Round of 32,round-of-32,16
12065007,6,Round of 32,round-of-32,16
12065008,6,Round of 32,round-of-32,16
12069098,6,Round of 32,round-of-32,16
12065002,6,Round of 32,round-of-32,16
12065005,6,Round of 32,round-of-32,16
12065000,6,Round of 32,round-of-32,16
12067131,5,Round of 16,round-of-16,8
12069781,5,Round of 16,round-of-16,8
12066785,5,Round of 16,round-of-16,8
12066843,5,Round of 16,round-of-16,8
12069518,5,Round of 16,round-of-16,8
12069974,5,Round of 16,round-of-16,8
12066191,6,Round of 32,round-of-32,16
12066188,6,Round of 32,round-of-32,16
12066184,6,Round of 32,round-of-32,16
12066183,6,Round of 32,round-of-32,16
12066181,6,Round of 32,round-of-32,16
12066189,6,Round of 32,round-of-32,16
12066190,6,Round of 32,round-of-32,16
12066185,6,Round of 32,round-of-32,16
12066195,6,Round of 32,round-of-32,16
12066187,6,Round of 32,round-of-32,16
12066192,6,Round of 32,round-of-32,16
12066194,6,Round of 32,round-of-32,16
12066182,6,Round of 32,round-of-32,16
12066186,6,Round of 32,round-of-32,16
12066193,6,Round of 32,round-of-32,16
12066196,6,Round of 32,round-of-32,16
12069326,5,Round of 16,round-of-16,8
12069254,5,Round of 16,round-of-16,8
12069075,5,Round of 16,round-of-16,8
12069836,5,Round of 16,round-of-16,8
12069982,5,Round of 16,round-of-16,8
12069579,5,Round of 16,round-of-16,8
12069886,5,Round of 16,round-of-16,8
12056903,6,Round of 32,round-of-32,16
12049651,5,Round of 16,round-of-16,8
12056901,6,Round of 32,round-of-32,16
12049650,5,Round of 16,round-of-16,8
12056910,6,Round of 32,round-of-32,16
12049640,5,Round of 16,round-of-16,8
12049641,5,Round of 16,round-of-16,8
12049649,5,Round of 16,round-of-16,8
12049648,5,Round of 16,round-of-16,8
12049644,5,Round of 16,round-of-16,8
12049646,5,Round of 16,round-of-16,8
12049634,27,Quarterfinal,quarterfinal,4
12049589,5,Round of 16,round-of-16,8
12049572,5,Round of 16,round-of-16,8
12049573,5,Round of 16,round-of-16,8
12049586,5,Round of 16,round-of-16,8
12049570,5,Round of 16,round-of-16,8
12049578,5,Round of 16,round-of-16,8
12049583,5,Round of 16,round-of-16,8
12049585,5,Round of 16,round-of-16,8
12049624,5,Round of 16,round-of-16,8
12049626,5,Round of 16,round-of-16,8
12049622,5,Round of 16,round-of-16,8
12049611,5,Round of 16,round-of-16,8
12049623,5,Round of 16,round-of-16,8
12049621,5,Round of 16,round-of-16,8
12049617,5,Round of 16,round-of-16,8
12049616,5,Round of 16,round-of-16,8
12049690,5,Round of 16,round-of-16,8
12049691,5,Round of 16,round-of-16,8
12049676,5,Round of 16,round-of-16,8
12067090,5,Round of 16,round-of-16,8
12049669,5,Round of 16,round-of-16,8
12049670,5,Round of 16,round-of-16,8
12049671,5,Round of 16,round-of-16,8
12049685,27,Quarterfinal,quarterfinal,4
12049687,27,Quarterfinal,quarterfinal,4
12049688,27,Quarterfinal,quarterfinal,4
12049686,27,Quarterfinal,quarterfinal,4
12072038,1,Qualification round 1,qualification-round-1,
12072029,1,Qualification round 1,qualification-round-1,
12072035,1,Qualification round 1,qualification-round-1,
12072039,1,Qualification round 1,qualification-round-1,
12072052,1,Qualification round 1,qualification-round-1,
12072044,1,Qualification round 1,qualification-round-1,
12072048,1,Qualification round 1,qualification-round-1,
12072047,1,Qualification round 1,qualification-round-1,
12072049,1,Qualification round 1,qualification-round-1,
12072060,1,Qualification round 1,qualification-round-1,
12072058,1,Qualification round 1,qualification-round-1,
12072050,1,Qualification round 1,qualification-round-1,
12072045,1,Qualification round 1,qualification-round-1,
12072051,1,Qualification round 1,qualification-round-1,
12072043,1,Qualification round 1,qualification-round-1,
12074230,1,Qualification round 1,qualification-round-1,
12072061,1,Qualification round 1,qualification-round-1,
12073831,1,Qualification round 1,qualification-round-1,
12049781,5,Round of 16,round-of-16,8
12049775,5,Round of 16,round-of-16,8
12049777,27,Quarterfinal,quarterfinal,4
12049774,27,Quarterfinal,quarterfinal,4
12049791,27,Quarterfinal,quarterfinal,4
12049779,27,Quarterfinal,quarterfinal,4
12049793,28,Semifinal,semifinal,2
12049776,28,Semifinal,semifinal,2
12049811,5,Round of 16,round-of-16,8
12049809,5,Round of 16,round-of-16,8
12049808,5,Round of 16,round-of-16,8
12049803,5,Round of 16,round-of-16,8
12049813,27,Quarterfinal,quarterfinal,4
12049806,27,Quarterfinal,quarterfinal,4
12049816,27,Quarterfinal,quarterfinal,4
12059249,6,Round of 32,round-of-32,16
12049715,5,Round of 16,round-of-16,8
12049720,5,Round of 16,round-of-16,8
12059255,6,Round of 32,round-of-32,16
12049711,5,Round of 16,round-of-16,8
12049719,5,Round of 16,round-of-16,8
12049727,5,Round of 16,round-of-16,8
12049714,5,Round of 16,round-of-16,8
12049710,5,Round of 16,round-of-16,8
12049721,27,Quarterfinal,quarterfinal,4
12063636,6,Round of 32,round-of-32,16
12063640,6,Round of 32,round-of-32,16
12049736,5,Round of 16,round-of-16,8
12049732,5,Round of 16,round-of-16,8
12049744,5,Round of 16,round-of-16,8
12049748,5,Round of 16,round-of-16,8
12049730,5,Round of 16,round-of-16,8
12049743,5,Round of 16,round-of-16,8
12049740,5,Round of 16,round-of-16,8
12049749,5,Round of 16,round-of-16,8
12049733,27,Quarterfinal,quarterfinal,4
12049750,27,Quarterfinal,quarterfinal,4
12049745,27,Quarterfinal,quarterfinal,4
12058636,5,Round of 16,round-of-16,8
12058637,5,Round of 16,round-of-16,8
12065959,5,Round of 16,round-of-16,8
12058638,5,Round of 16,round-of-16,8
12049737,27,Quarterfinal,quarterfinal,4
12049742,27,Quarterfinal,quarterfinal,4
12049741,27,Quarterfinal,quarterfinal,4
12049735,27,Quarterfinal,quarterfinal,4
12063593,6,Round of 32,round-of-32,16
12064946,6,Round of 32,round-of-32,16
12063596,6,Round of 32,round-of-32,16
12064937,6,Round of 32,round-of-32,16
12063601,6,Round of 32,round-of-32,16
12064932,6,Round of 32,round-of-32,16
12063591,6,Round of 32,round-of-32,16
12063597,6,Round of 32,round-of-32,16
12071906,5,Round of 16,round-of-16,8
12064931,6,Round of 32,round-of-32,16
12071827,6,Round of 32,round-of-32,16
12071825,6,Round of 32,round-of-32,16
12071831,6,Round of 32,round-of-32,16
12071830,6,Round of 32,round-of-32,16
12071828,6,Round of 32,round-of-32,16
12071969,5,Round of 16,round-of-16,8
12071829,6,Round of 32,round-of-32,16
12071826,6,Round of 32,round-of-32,16
12071970,5,Round of 16,round-of-16,8
12072409,5,Round of 16,round-of-16,8
12072329,5,Round of 16,round-of-16,8
12072371,5,Round of 16,round-of-16,8
12072661,5,Round of 16,round-of-16,8
12072522,5,Round of 16,round-of-16,8
12072533,27,Quarterfinal,quarterfinal,4
12074135,27,Quarterfinal,quarterfinal,4
12074163,27,Quarterfinal,quarterfinal,4
12074422,27,Quarterfinal,quarterfinal,4
12066020,6,Round of 32,round-of-32,16
12066019,6,Round of 32,round-of-32,16
12066022,6,Round of 32,round-of-32,16
12066021,6,Round of 32,round-of-32,16
12069700,5,Round of 16,round-of-16,8
12069154,5,Round of 16,round-of-16,8
12069823,5,Round of 16,round-of-16,8
12069799,5,Round of 16,round-of-16,8
12069328,5,Round of 16,round-of-16,8
12069698,5,Round of 16,round-of-16,8
12069348,5,Round of 16,round-of-16,8
12069697,5,Round of 16,round-of-16,8
12071922,27,Quarterfinal,quarterfinal,4
12071956,27,Quarterfinal,quarterfinal,4
12072164,27,Quarterfinal,quarterfinal,4
12072521,27,Quarterfinal,quarterfinal,4
12065893,6,Round of 32,round-of-32,16
12065898,6,Round of 32,round-of-32,16
12064933,6,Round of 32,round-of-32,16
12069622,5,Round of 16,round-of-16,8
12069400,5,Round of 16,round-of-16,8
12069073,5,Round of 16,round-of-16,8
12069513,5,Round of 16,round-of-16,8
12069121,5,Round of 16,round-of-16,8
12069094,5,Round of 16,round-of-16,8
12069708,5,Round of 16,round-of-16,8
12069227,5,Round of 16,round-of-16,8
12071930,27,Quarterfinal,quarterfinal,4
12071921,27,Quarterfinal,quarterfinal,4
12072138,27,Quarterfinal,quarterfinal,4
12072027,27,Quarterfinal,quarterfinal,4
12068799,5,Round of 16,round-of-16,8
12068830,5,Round of 16,round-of-16,8
12068094,5,Round of 16,round-of-16,8
12068103,5,Round of 16,round-of-16,8
12065113,5,Round of 16,round-of-16,8
12068073,5,Round of 16,round-of-16,8
12068012,5,Round of 16,round-of-16,8
12068731,5,Round of 16,round-of-16,8
12070913,27,Quarterfinal,quarterfinal,4
12070984,27,Quarterfinal,quarterfinal,4
12071549,27,Quarterfinal,quarterfinal,4
12070812,27,Quarterfinal,quarterfinal,4
12063559,6,Round of 32,round-of-32,16
12063554,6,Round of 32,round-of-32,16
12063558,6,Round of 32,round-of-32,16
12069795,5,Round of 16,round-of-16,8
12069782,5,Round of 16,round-of-16,8
12069079,5,Round of 16,round-of-16,8
12069628,5,Round of 16,round-of-16,8
12069199,5,Round of 16,round-of-16,8
12066148,5,Round of 16,round-of-16,8
12066809,5,Round of 16,round-of-16,8
12069301,5,Round of 16,round-of-16,8
12072227,27,Quarterfinal,quarterfinal,4
12072359,27,Quarterfinal,quarterfinal,4
12072455,27,Quarterfinal,quarterfinal,4
12072076,27,Quarterfinal,quarterfinal,4
12067110,6,Round of 32,round-of-32,16
12065010,6,Round of 32,round-of-32,16
12067106,6,Round of 32,round-of-32,16
12067112,6,Round of 32,round-of-32,16
12067111,6,Round of 32,round-of-32,16
12067107,6,Round of 32,round-of-32,16
12067108,6,Round of 32,round-of-32,16
12065026,6,Round of 32,round-of-32,16
12065025,6,Round of 32,round-of-32,16
12067109,6,Round of 32,round-of-32,16
12065012,6,Round of 32,round-of-32,16
12065030,6,Round of 32,round-of-32,16
12070287,5,Round of 16,round-of-16,8
12070122,5,Round of 16,round-of-16,8
12070046,5,Round of 16,round-of-16,8
12069987,5,Round of 16,round-of-16,8
12070305,5,Round of 16,round-of-16,8
12067229,5,Round of 16,round-of-16,8
12070304,5,Round of 16,round-of-16,8
12070302,5,Round of 16,round-of-16,8
12064213,6,Round of 32,round-of-32,16
12065032,6,Round of 32,round-of-32,16
12067405,6,Round of 32,round-of-32,16
12065029,6,Round of 32,round-of-32,16
12065031,6,Round of 32,round-of-32,16
12065027,6,Round of 32,round-of-32,16
12067406,6,Round of 32,round-of-32,16
12067410,6,Round of 32,round-of-32,16
12067411,6,Round of 32,round-of-32,16
12067409,6,Round of 32,round-of-32,16
12065009,6,Round of 32,round-of-32,16
12067408,6,Round of 32,round-of-32,16
12067407,6,Round of 32,round-of-32,16
12067464,5,Round of 16,round-of-16,8
12069800,5,Round of 16,round-of-16,8
12069916,5,Round of 16,round-of-16,8
12070034,5,Round of 16,round-of-16,8
12070257,5,Round of 16,round-of-16,8
12065013,5,Round of 16,round-of-16,8
12070306,5,Round of 16,round-of-16,8
12070315,5,Round of 16,round-of-16,8
12072526,27,Quarterfinal,quarterfinal,4
12072523,27,Quarterfinal,quarterfinal,4
12066140,6,Round of 32,round-of-32,16
12064904,6,Round of 32,round-of-32,16
12066136,6,Round of 32,round-of-32,16
12066134,6,Round of 32,round-of-32,16
12066138,6,Round of 32,round-of-32,16
12069209,5,Round of 16,round-of-16,8
12069397,5,Round of 16,round-of-16,8
12069563,5,Round of 16,round-of-16,8
12069512,5,Round of 16,round-of-16,8
12068864,5,Round of 16,round-of-16,8
12069399,5,Round of 16,round-of-16,8
12069117,5,Round of 16,round-of-16,8
12069793,5,Round of 16,round-of-16,8
12072177,27,Quarterfinal,quarterfinal,4
12072365,27,Quarterfinal,quarterfinal,4
12072114,27,Quarterfinal,quarterfinal,4
12072437,27,Quarterfinal,quarterfinal,4
12064999,6,Round of 32,round-of-32,16
12064988,6,Round of 32,round-of-32,16
12064987,6,Round of 32,round-of-32,16
12064986,6,Round of 32,round-of-32,16
12069267,6,Round of 32,round-of-32,16
12069265,6,Round of 32,round-of-32,16
12069271,6,Round of 32,round-of-32,16
12069269,6,Round of 32,round-of-32,16
12069266,6,Round of 32,round-of-32,16
12069272,6,Round of 32,round-of-32,16
12069270,6,Round of 32,round-of-32,16
12069268,6,Round of 32,round-of-32,16
12069580,5,Round of 16,round-of-16,8
12069872,5,Round of 16,round-of-16,8
12069794,5,Round of 16,round-of-16,8
12069983,5,Round of 16,round-of-16,8
12064991,5,Round of 16,round-of-16,8
12065004,5,Round of 16,round-of-16,8
12072511,5,Round of 16,round-of-16,8
12072555,5,Round of 16,round-of-16,8
12074538,27,Quarterfinal,quarterfinal,4
12074598,27,Quarterfinal,quarterfinal,4
12066501,6,Round of 32,round-of-32,16
12066506,6,Round of 32,round-of-32,16
12066514,6,Round of 32,round-of-32,16
12066502,6,Round of 32,round-of-32,16
12066505,6,Round of 32,round-of-32,16
12064935,6,Round of 32,round-of-32,16
12064942,6,Round of 32,round-of-32,16
12066513,6,Round of 32,round-of-32,16
12066841,5,Round of 16,round-of-16,8
12069967,5,Round of 16,round-of-16,8
12065958,5,Round of 16,round-of-16,8
12064927,5,Round of 16,round-of-16,8
12069175,5,Round of 16,round-of-16,8
12070026,5,Round of 16,round-of-16,8
12070258,5,Round of 16,round-of-16,8
12066017,5,Round of 16,round-of-16,8
12072460,27,Quarterfinal,quarterfinal,4
12063595,6,Round of 32,round-of-32,16
12064980,6,Round of 32,round-of-32,16
12064973,6,Round of 32,round-of-32,16
12063604,6,Round of 32,round-of-32,16
12064985,6,Round of 32,round-of-32,16
12063614,6,Round of 32,round-of-32,16
12063613,6,Round of 32,round-of-32,16
12064981,6,Round of 32,round-of-32,16
12071943,6,Round of 32,round-of-32,16
12063607,6,Round of 32,round-of-32,16
12071945,6,Round of 32,round-of-32,16
12071946,6,Round of 32,round-of-32,16
12071944,6,Round of 32,round-of-32,16
12071942,6,Round of 32,round-of-32,16
12063603,6,Round of 32,round-of-32,16
12072077,5,Round of 16,round-of-16,8
12071941,6,Round of 32,round-of-32,16
12072005,5,Round of 16,round-of-16,8
12072538,5,Round of 16,round-of-16,8
12072541,5,Round of 16,round-of-16,8
12072492,5,Round of 16,round-of-16,8
12072626,5,Round of 16,round-of-16,8
12072582,5,Round of 16,round-of-16,8
12072520,5,Round of 16,round-of-16,8
12074227,27,Quarterfinal,quarterfinal,4
12072674,27,Quarterfinal,quarterfinal,4
12074179,27,Quarterfinal,quarterfinal,4
12074547,27,Quarterfinal,quarterfinal,4
12064945,6,Round of 32,round-of-32,16
12066345,6,Round of 32,round-of-32,16
12066346,6,Round of 32,round-of-32,16
12069106,5,Round of 16,round-of-16,8
12069064,5,Round of 16,round-of-16,8
12066276,5,Round of 16,round-of-16,8
12069643,5,Round of 16,round-of-16,8
12069330,5,Round of 16,round-of-16,8
12069384,5,Round of 16,round-of-16,8
12069780,5,Round of 16,round-of-16,8
12069331,5,Round of 16,round-of-16,8
12072003,27,Quarterfinal,quarterfinal,4
12071936,27,Quarterfinal,quarterfinal,4
12072004,27,Quarterfinal,quarterfinal,4
12072028,27,Quarterfinal,quarterfinal,4
12066511,6,Round of 32,round-of-32,16
12065024,6,Round of 32,round-of-32,16
12066503,6,Round of 32,round-of-32,16
12065019,6,Round of 32,round-of-32,16
12066120,5,Round of 16,round-of-16,8
12069327,5,Round of 16,round-of-16,8
12069140,5,Round of 16,round-of-16,8
12069822,5,Round of 16,round-of-16,8
12069699,5,Round of 16,round-of-16,8
12069923,5,Round of 16,round-of-16,8
12069537,5,Round of 16,round-of-16,8
12065028,5,Round of 16,round-of-16,8
12072151,27,Quarterfinal,quarterfinal,4
12071931,27,Quarterfinal,quarterfinal,4
12072024,27,Quarterfinal,quarterfinal,4
12072081,27,Quarterfinal,quarterfinal,4
12064958,6,Round of 32,round-of-32,16
12064955,6,Round of 32,round-of-32,16
12066761,6,Round of 32,round-of-32,16
12069329,6,Round of 32,round-of-32,16
12066760,6,Round of 32,round-of-32,16
12069074,5,Round of 16,round-of-16,8
12064962,5,Round of 16,round-of-16,8
12069069,5,Round of 16,round-of-16,8
12069902,5,Round of 16,round-of-16,8
12069398,5,Round of 16,round-of-16,8
12069696,5,Round of 16,round-of-16,8
12069153,5,Round of 16,round-of-16,8
12069908,5,Round of 16,round-of-16,8
12071947,27,Quarterfinal,quarterfinal,4
12072016,27,Quarterfinal,quarterfinal,4
12072002,27,Quarterfinal,quarterfinal,4
12072099,27,Quarterfinal,quarterfinal,4
12067299,5,Round of 16,round-of-16,8
12067531,5,Round of 16,round-of-16,8
12067446,5,Round of 16,round-of-16,8
12067530,5,Round of 16,round-of-16,8
12067154,5,Round of 16,round-of-16,8
12067969,5,Round of 16,round-of-16,8
12067979,5,Round of 16,round-of-16,8
12067156,5,Round of 16,round-of-16,8
12070362,27,Quarterfinal,quarterfinal,4
12070802,27,Quarterfinal,quarterfinal,4
12070062,27,Quarterfinal,quarterfinal,4
12070262,27,Quarterfinal,quarterfinal,4
12065696,5,Round of 16,round-of-16,8
12068138,5,Round of 16,round-of-16,8
12065110,5,Round of 16,round-of-16,8
12068756,5,Round of 16,round-of-16,8
12068757,5,Round of 16,round-of-16,8
12068165,5,Round of 16,round-of-16,8
12065312,5,Round of 16,round-of-16,8
12068072,5,Round of 16,round-of-16,8
12070914,27,Quarterfinal,quarterfinal,4
12070983,27,Quarterfinal,quarterfinal,4
12071568,27,Quarterfinal,quarterfinal,4
12071503,27,Quarterfinal,quarterfinal,4
12065007,6,Round of 32,round-of-32,16
12065008,6,Round of 32,round-of-32,16
12069098,6,Round of 32,round-of-32,16
12065002,6,Round of 32,round-of-32,16
12065005,6,Round of 32,round-of-32,16
12065000,6,Round of 32,round-of-32,16
12067131,5,Round of 16,round-of-16,8
12069781,5,Round of 16,round-of-16,8
12066785,5,Round of 16,round-of-16,8
12066843,5,Round of 16,round-of-16,8
12069518,5,Round of 16,round-of-16,8
12069974,5,Round of 16,round-of-16,8
12069887,5,Round of 16,round-of-16,8
12069954,5,Round of 16,round-of-16,8
12072344,27,Quarterfinal,quarterfinal,4
12072544,27,Quarterfinal,quarterfinal,4
12072026,27,Quarterfinal,quarterfinal,4
12072510,27,Quarterfinal,quarterfinal,4
12066195,6,Round of 32,round-of-32,16
12066187,6,Round of 32,round-of-32,16
12066192,6,Round of 32,round-of-32,16
12066194,6,Round of 32,round-of-32,16
12066182,6,Round of 32,round-of-32,16
12066186,6,Round of 32,round-of-32,16
12066193,6,Round of 32,round-of-32,16
12066196,6,Round of 32,round-of-32,16
12069326,5,Round of 16,round-of-16,8
12069254,5,Round of 16,round-of-16,8
12069075,5,Round of 16,round-of-16,8
12069836,5,Round of 16,round-of-16,8
12069982,5,Round of 16,round-of-16,8
12069579,5,Round of 16,round-of-16,8
12069886,5,Round of 16,round-of-16,8
12069921,5,Round of 16,round-of-16,8
12072312,27,Quarterfinal,quarterfinal,4
12072165,27,Quarterfinal,quarterfinal,4
12072006,27,Quarterfinal,quarterfinal,4
12072439,27,Quarterfinal,quarterfinal,4
12049649,5,Round of 16,round-of-16,8
12049648,5,Round of 16,round-of-16,8
12049644,5,Round of 16,round-of-16,8
12049646,5,Round of 16,round-of-16,8
12049634,27,Quarterfinal,quarterfinal,4
12049647,27,Quarterfinal,quarterfinal,4
12049653,27,Quarterfinal,quarterfinal,4
12049635,27,Quarterfinal,quarterfinal,4
12049570,5,Round of 16,round-of-16,8
12049578,5,Round of 16,round-of-16,8
12049583,5,Round of 16,round-of-16,8
12049585,5,Round of 16,round-of-16,8
12049581,27,Quarterfinal,quarterfinal,4
12049577,27,Quarterfinal,quarterfinal,4
12049582,27,Quarterfinal,quarterfinal,4
12049580,27,Quarterfinal,quarterfinal,4
12049623,5,Round of 16,round-of-16,8
12049621,5,Round of 16,round-of-16,8
12049617,5,Round of 16,round-of-16,8
12049616,5,Round of 16,round-of-16,8
12049612,27,Quarterfinal,quarterfinal,4
12049619,27,Quarterfinal,quarterfinal,4
12049625,27,Quarterfinal,quarterfinal,4
12049631,27,Quarterfinal,quarterfinal,4
12049685,27,Quarterfinal,quarterfinal,4
12049687,27,Quarterfinal,quarterfinal,4
12049688,27,Quarterfinal,quarterfinal,4
12049686,27,Quarterfinal,quarterfinal,4
12049682,28,Semifinal,semifinal,2
12049684,28,Semifinal,semifinal,2
12075096,1,Qualification round 1,qualification-round-1,
12075102,1,Qualification round 1,qualification-round-1,
12075098,1,Qualification round 1,qualification-round-1,
12075092,1,Qualification round 1,qualification-round-1,
12075101,1,Qualification round 1,qualification-round-1,
12075097,1,Qualification round 1,qualification-round-1,
12075099,1,Qualification round 1,qualification-round-1,
12075100,1,Qualification round 1,qualification-round-1,
12072038,1,Qualification round 1,qualification-round-1,
12072029,1,Qualification round 1,qualification-round-1,
12072035,1,Qualification round 1,qualification-round-1,
12072039,1,Qualification round 1,qualification-round-1,
12072052,1,Qualification round 1,qualification-round-1,
12072044,1,Qualification round 1,qualification-round-1,
12072048,1,Qualification round 1,qualification-round-1,
12072047,1,Qualification round 1,qualification-round-1,
12072049,1,Qualification round 1,qualification-round-1,
12072060,1,Qualification round 1,qualification-round-1,
12072058,1,Qualification round 1,qualification-round-1,
12072050,1,Qualification round 1,qualification-round-1,
12072045,1,Qualification round 1,qualification-round-1,
12072051,1,Qualification round 1,qualification-round-1,
12072043,1,Qualification round 1,qualification-round-1,
12074230,1,Qualification round 1,qualification-round-1,
12072061,1,Qualification round 1,qualification-round-1,
12073831,1,Qualification round 1,qualification-round-1,
12049793,28,Semifinal,semifinal,2
12049776,28,Semifinal,semifinal,2
12049803,5,Round of 16,round-of-16,8
12049813,27,Quarterfinal,quarterfinal,4
12049806,27,Quarterfinal,quarterfinal,4
12049816,27,Quarterfinal,quarterfinal,4
12049798,27,Quarterfinal,quarterfinal,4
12049815,28,Semifinal,semifinal,2
12049814,28,Semifinal,semifinal,2
12049727,5,Round of 16,round-of-16,8
12049714,5,Round of 16,round-of-16,8
12049710,5,Round of 16,round-of-16,8
12049721,27,Quarterfinal,quarterfinal,4
12049724,27,Quarterfinal,quarterfinal,4
12049713,27,Quarterfinal,quarterfinal,4
12049725,27,Quarterfinal,quarterfinal,4
12049743,5,Round of 16,round-of-16,8
12049740,5,Round of 16,round-of-16,8
12049749,5,Round of 16,round-of-16,8
12049733,27,Quarterfinal,quarterfinal,4
12049750,27,Quarterfinal,quarterfinal,4
12049745,27,Quarterfinal,quarterfinal,4
12049747,27,Quarterfinal,quarterfinal,4
12049746,28,Semifinal,semifinal,2
12049734,28,Semifinal,semifinal,2
12049742,27,Quarterfinal,quarterfinal,4
12049741,27,Quarterfinal,quarterfinal,4
12049735,27,Quarterfinal,quarterfinal,4
12049739,28,Semifinal,semifinal,2
12049751,28,Semifinal,semifinal,2
12071906,5,Round of 16,round-of-16,8
12064931,6,Round of 32,round-of-32,16
12071827,6,Round of 32,round-of-32,16
12071825,6,Round of 32,round-of-32,16
12071831,6,Round of 32,round-of-32,16
12071830,6,Round of 32,round-of-32,16
12071828,6,Round of 32,round-of-32,16
12071969,5,Round of 16,round-of-16,8
12071829,6,Round of 32,round-of-32,16
12071826,6,Round of 32,round-of-32,16
12071970,5,Round of 16,round-of-16,8
12072409,5,Round of 16,round-of-16,8
12072329,5,Round of 16,round-of-16,8
12072371,5,Round of 16,round-of-16,8
12072661,5,Round of 16,round-of-16,8
12072522,5,Round of 16,round-of-16,8
12072533,27,Quarterfinal,quarterfinal,4
12074135,27,Quarterfinal,quarterfinal,4
12074163,27,Quarterfinal,quarterfinal,4
12074422,27,Quarterfinal,quarterfinal,4
12074659,28,Semifinal,semifinal,2
12075040,28,Semifinal,semifinal,2
12069348,5,Round of 16,round-of-16,8
12069697,5,Round of 16,round-of-16,8
12071922,27,Quarterfinal,quarterfinal,4
12071956,27,Quarterfinal,quarterfinal,4
12072164,27,Quarterfinal,quarterfinal,4
12072521,27,Quarterfinal,quarterfinal,4
12074640,28,Semifinal,semifinal,2
12074761,28,Semifinal,semifinal,2
12071930,27,Quarterfinal,quarterfinal,4
12071921,27,Quarterfinal,quarterfinal,4
12072138,27,Quarterfinal,quarterfinal,4
12072027,27,Quarterfinal,quarterfinal,4
12070913,27,Quarterfinal,quarterfinal,4
12070984,27,Quarterfinal,quarterfinal,4
12071549,27,Quarterfinal,quarterfinal,4
12070812,27,Quarterfinal,quarterfinal,4
12073876,28,Semifinal,semifinal,2
12073795,28,Semifinal,semifinal,2
12069199,5,Round of 16,round-of-16,8
12066148,5,Round of 16,round-of-16,8
12066809,5,Round of 16,round-of-16,8
12069301,5,Round of 16,round-of-16,8
12072227,27,Quarterfinal,quarterfinal,4
12072359,27,Quarterfinal,quarterfinal,4
12072455,27,Quarterfinal,quarterfinal,4
12072076,27,Quarterfinal,quarterfinal,4
12074863,28,Semifinal,semifinal,2
12070287,5,Round of 16,round-of-16,8
12070122,5,Round of 16,round-of-16,8
12070046,5,Round of 16,round-of-16,8
12069987,5,Round of 16,round-of-16,8
12070305,5,Round of 16,round-of-16,8
12067229,5,Round of 16,round-of-16,8
12070304,5,Round of 16,round-of-16,8
12070302,5,Round of 16,round-of-16,8
12072990,27,Quarterfinal,quarterfinal,4
12072635,27,Quarterfinal,quarterfinal,4
12072509,27,Quarterfinal,quarterfinal,4
12072750,27,Quarterfinal,quarterfinal,4
12075086,28,Semifinal,semifinal,2
12075087,28,Semifinal,semifinal,2
12067464,5,Round of 16,round-of-16,8
12069800,5,Round of 16,round-of-16,8
12069916,5,Round of 16,round-of-16,8
12070034,5,Round of 16,round-of-16,8
12070257,5,Round of 16,round-of-16,8
12065013,5,Round of 16,round-of-16,8
12070306,5,Round of 16,round-of-16,8
12070315,5,Round of 16,round-of-16,8
12072526,27,Quarterfinal,quarterfinal,4
12072523,27,Quarterfinal,quarterfinal,4
12072673,27,Quarterfinal,quarterfinal,4
12072546,27,Quarterfinal,quarterfinal,4
12069399,5,Round of 16,round-of-16,8
12069117,5,Round of 16,round-of-16,8
12069793,5,Round of 16,round-of-16,8
12072177,27,Quarterfinal,quarterfinal,4
12072365,27,Quarterfinal,quarterfinal,4
12072114,27,Quarterfinal,quarterfinal,4
12072437,27,Quarterfinal,quarterfinal,4
12074218,28,Semifinal,semifinal,2
12074505,28,Semifinal,semifinal,2
12069269,6,Round of 32,round-of-32,16
12069266,6,Round of 32,round-of-32,16
12069272,6,Round of 32,round-of-32,16
12069270,6,Round of 32,round-of-32,16
12069268,6,Round of 32,round-of-32,16
12069580,5,Round of 16,round-of-16,8
12069872,5,Round of 16,round-of-16,8
12069794,5,Round of 16,round-of-16,8
12069983,5,Round of 16,round-of-16,8
12064991,5,Round of 16,round-of-16,8
12065004,5,Round of 16,round-of-16,8
12072511,5,Round of 16,round-of-16,8
12072555,5,Round of 16,round-of-16,8
12074538,27,Quarterfinal,quarterfinal,4
12074598,27,Quarterfinal,quarterfinal,4
12074772,27,Quarterfinal,quarterfinal,4
12074793,27,Quarterfinal,quarterfinal,4
12074991,28,Semifinal,semifinal,2
12076754,28,Semifinal,semifinal,2
12065958,5,Round of 16,round-of-16,8
12064927,5,Round of 16,round-of-16,8
12069175,5,Round of 16,round-of-16,8
12070026,5,Round of 16,round-of-16,8
12070258,5,Round of 16,round-of-16,8
12066017,5,Round of 16,round-of-16,8
12072460,27,Quarterfinal,quarterfinal,4
12072774,27,Quarterfinal,quarterfinal,4
12072499,27,Quarterfinal,quarterfinal,4
12072543,27,Quarterfinal,quarterfinal,4
12063613,6,Round of 32,round-of-32,16
12064981,6,Round of 32,round-of-32,16
12071943,6,Round of 32,round-of-32,16
12063607,6,Round of 32,round-of-32,16
12071945,6,Round of 32,round-of-32,16
12071946,6,Round of 32,round-of-32,16
12071944,6,Round of 32,round-of-32,16
12071942,6,Round of 32,round-of-32,16
12063603,6,Round of 32,round-of-32,16
12072077,5,Round of 16,round-of-16,8
12071941,6,Round of 32,round-of-32,16
12072005,5,Round of 16,round-of-16,8
12072538,5,Round of 16,round-of-16,8
12072541,5,Round of 16,round-of-16,8
12072492,5,Round of 16,round-of-16,8
12072626,5,Round of 16,round-of-16,8
12072582,5,Round of 16,round-of-16,8
12072520,5,Round of 16,round-of-16,8
12074227,27,Quarterfinal,quarterfinal,4
12072674,27,Quarterfinal,quarterfinal,4
12074179,27,Quarterfinal,quarterfinal,4
12074547,27,Quarterfinal,quarterfinal,4
12074862,28,Semifinal,semifinal,2
12074888,28,Semifinal,semifinal,2
12072003,27,Quarterfinal,quarterfinal,4
12071936,27,Quarterfinal,quarterfinal,4
12072004,27,Quarterfinal,quarterfinal,4
12072028,27,Quarterfinal,quarterfinal,4
12074670,28,Semifinal,semifinal,2
12074741,28,Semifinal,semifinal,2
12072151,27,Quarterfinal,quarterfinal,4
12071931,27,Quarterfinal,quarterfinal,4
12072024,27,Quarterfinal,quarterfinal,4
12072081,27,Quarterfinal,quarterfinal,4
12074864,28,Semifinal,semifinal,2
12074696,28,Semifinal,semifinal,2
12071947,27,Quarterfinal,quarterfinal,4
12072016,27,Quarterfinal,quarterfinal,4
12072002,27,Quarterfinal,quarterfinal,4
12072099,27,Quarterfinal,quarterfinal,4
12070362,27,Quarterfinal,quarterfinal,4
12070802,27,Quarterfinal,quarterfinal,4
12070062,27,Quarterfinal,quarterfinal,4
12070262,27,Quarterfinal,quarterfinal,4
12070914,27,Quarterfinal,quarterfinal,4
12070983,27,Quarterfinal,quarterfinal,4
12071568,27,Quarterfinal,quarterfinal,4
12071503,27,Quarterfinal,quarterfinal,4
12073715,28,Semifinal,semifinal,2
12073714,28,Semifinal,semifinal,2
12069518,5,Round of 16,round-of-16,8
12069974,5,Round of 16,round-of-16,8
12069887,5,Round of 16,round-of-16,8
12069954,5,Round of 16,round-of-16,8
12072344,27,Quarterfinal,quarterfinal,4
12072544,27,Quarterfinal,quarterfinal,4
12072026,27,Quarterfinal,quarterfinal,4
12072510,27,Quarterfinal,quarterfinal,4
12074894,28,Semifinal,semifinal,2
12074795,28,Semifinal,semifinal,2
12069982,5,Round of 16,round-of-16,8
12069579,5,Round of 16,round-of-16,8
12069886,5,Round of 16,round-of-16,8
12069921,5,Round of 16,round-of-16,8
12072312,27,Quarterfinal,quarterfinal,4
12072165,27,Quarterfinal,quarterfinal,4
12072006,27,Quarterfinal,quarterfinal,4
12072439,27,Quarterfinal,quarterfinal,4
12074401,28,Semifinal,semifinal,2
12074690,28,Semifinal,semifinal,2
12049634,27,Quarterfinal,quarterfinal,4
12049647,27,Quarterfinal,quarterfinal,4
12049653,27,Quarterfinal,quarterfinal,4
12049635,27,Quarterfinal,quarterfinal,4
12049638,28,Semifinal,semifinal,2
12049637,28,Semifinal,semifinal,2
12049581,27,Quarterfinal,quarterfinal,4
12049577,27,Quarterfinal,quarterfinal,4
12049582,27,Quarterfinal,quarterfinal,4
12049580,27,Quarterfinal,quarterfinal,4
12049568,28,Semifinal,semifinal,2
12049569,28,Semifinal,semifinal,2
12049612,27,Quarterfinal,quarterfinal,4
12049619,27,Quarterfinal,quarterfinal,4
12049625,27,Quarterfinal,quarterfinal,4
12049631,27,Quarterfinal,quarterfinal,4
12049618,28,Semifinal,semifinal,2
12049614,28,Semifinal,semifinal,2
12049682,28,Semifinal,semifinal,2
12049684,28,Semifinal,semifinal,2
12049683,29,Final,final,1
12077078,32,Round of 64,round-of-64,
12076690,32,Round of 64,round-of-64,
12076704,32,Round of 64,round-of-64,
12077080,32,Round of 64,round-of-64,
12076693,32,Round of 64,round-of-64,
12076694,32,Round of 64,round-of-64,
12077082,32,Round of 64,round-of-64,
12076700,32,Round of 64,round-of-64,
12077079,32,Round of 64,round-of-64,
12076691,32,Round of 64,round-of-64,
12077796,1,Qualification round 1,qualification-round-1,
12075279,1,Qualification round 1,qualification-round-1,
12075266,1,Qualification round 1,qualification-round-1,
12075275,1,Qualification round 1,qualification-round-1,
12077774,1,Qualification round 1,qualification-round-1,
12075274,1,Qualification round 1,qualification-round-1,
12075280,1,Qualification round 1,qualification-round-1,
12075273,1,Qualification round 1,qualification-round-1,
12075268,1,Qualification round 1,qualification-round-1,
12075272,1,Qualification round 1,qualification-round-1,
12075096,1,Qualification round 1,qualification-round-1,
12075102,1,Qualification round 1,qualification-round-1,
12075098,1,Qualification round 1,qualification-round-1,
12075092,1,Qualification round 1,qualification-round-1,
12075101,1,Qualification round 1,qualification-round-1,
12075097,1,Qualification round 1,qualification-round-1,
12075099,1,Qualification round 1,qualification-round-1,
12075100,1,Qualification round 1,qualification-round-1,
12075953,1,Qualification round 1,qualification-round-1,
12075951,1,Qualification round 1,qualification-round-1,
12075955,1,Qualification round 1,qualification-round-1,
12075957,1,Qualification round 1,qualification-round-1,
12075954,1,Qualification round 1,qualification-round-1,
12075958,1,Qualification round 1,qualification-round-1,
12075956,1,Qualification round 1,qualification-round-1,
12075950,1,Qualification round 1,qualification-round-1,
12072061,1,Qualification round 1,qualification-round-1,
12073831,1,Qualification round 1,qualification-round-1,
12049776,28,Semifinal,semifinal,2
12049783,29,Final,final,1
12049798,27,Quarterfinal,quarterfinal,4
12049815,28,Semifinal,semifinal,2
12049814,28,Semifinal,semifinal,2
12049801,29,Final,final,1
12049724,27,Quarterfinal,quarterfinal,4
12049713,27,Quarterfinal,quarterfinal,4
12049725,27,Quarterfinal,quarterfinal,4
12049718,28,Semifinal,semifinal,2
12049712,28,Semifinal,semifinal,2
12049750,27,Quarterfinal,quarterfinal,4
12049745,27,Quarterfinal,quarterfinal,4
12049747,27,Quarterfinal,quarterfinal,4
12049746,28,Semifinal,semifinal,2
12049734,28,Semifinal,semifinal,2
12049738,29,Final,final,1
12049739,28,Semifinal,semifinal,2
12049751,28,Semifinal,semifinal,2
12049731,29,Final,final,1
12077523,1,Qualification round 1,qualification-round-1,
12077505,1,Qualification round 1,qualification-round-1,
12077514,1,Qualification round 1,qualification-round-1,
12077521,1,Qualification round 1,qualification-round-1,
12077511,1,Qualification round 1,qualification-round-1,
12077522,1,Qualification round 1,qualification-round-1,
12077513,1,Qualification round 1,qualification-round-1,
12077016,1,Qualification round 1,qualification-round-1,
12077015,1,Qualification round 1,qualification-round-1,
12077021,1,Qualification round 1,qualification-round-1,
12077019,1,Qualification round 1,qualification-round-1,
12077018,1,Qualification round 1,qualification-round-1,
12077020,1,Qualification round 1,qualification-round-1,
12077023,1,Qualification round 1,qualification-round-1,
12077024,1,Qualification round 1,qualification-round-1,
12077022,1,Qualification round 1,qualification-round-1,
12077025,1,Qualification round 1,qualification-round-1,
12077027,1,Qualification round 1,qualification-round-1,
12077026,1,Qualification round 1,qualification-round-1,
12077797,1,Qualification round 1,qualification-round-1,
12077803,1,Qualification round 1,qualification-round-1,
12077805,1,Qualification round 1,qualification-round-1,
12077806,1,Qualification round 1,qualification-round-1,
12077799,1,Qualification round 1,qualification-round-1,
12077802,1,Qualification round 1,qualification-round-1,
12077801,1,Qualification round 1,qualification-round-1,
12074659,28,Semifinal,semifinal,2
12075040,28,Semifinal,semifinal,2
12077105,29,Final,final,1
12074640,28,Semifinal,semifinal,2
12074761,28,Semifinal,semifinal,2
12076813,29,Final,final,1
12072027,27,Quarterfinal,quarterfinal,4
12074726,28,Semifinal,semifinal,2
12074762,28,Semifinal,semifinal,2
12073876,28,Semifinal,semifinal,2
12073795,28,Semifinal,semifinal,2
12076026,29,Final,final,1
12072076,27,Quarterfinal,quarterfinal,4
12074863,28,Semifinal,semifinal,2
12074771,28,Semifinal,semifinal,2
12077281,29,Final,final,1
12072990,27,Quarterfinal,quarterfinal,4
12072635,27,Quarterfinal,quarterfinal,4
12072509,27,Quarterfinal,quarterfinal,4
12072750,27,Quarterfinal,quarterfinal,4
12075086,28,Semifinal,semifinal,2
12075087,28,Semifinal,semifinal,2
12072526,27,Quarterfinal,quarterfinal,4
12072523,27,Quarterfinal,quarterfinal,4
12072673,27,Quarterfinal,quarterfinal,4
12072546,27,Quarterfinal,quarterfinal,4
12075187,28,Semifinal,semifinal,2
12075142,28,Semifinal,semifinal,2
12074218,28,Semifinal,semifinal,2
12074505,28,Semifinal,semifinal,2
12076648,29,Final,final,1
12074538,27,Quarterfinal,quarterfinal,4
12074598,27,Quarterfinal,quarterfinal,4
12074772,27,Quarterfinal,quarterfinal,4
12074793,27,Quarterfinal,quarterfinal,4
12074991,28,Semifinal,semifinal,2
12076754,28,Semifinal,semifinal,2
12077045,29,Final,final,1
12072460,27,Quarterfinal,quarterfinal,4
12072774,27,Quarterfinal,quarterfinal,4
12072499,27,Quarterfinal,quarterfinal,4
12072543,27,Quarterfinal,quarterfinal,4
12075028,28,Semifinal,semifinal,2
12075186,28,Semifinal,semifinal,2
12077719,29,Final,final,1
12074547,27,Quarterfinal,quarterfinal,4
12074862,28,Semifinal,semifinal,2
12074888,28,Semifinal,semifinal,2
12076432,29,Final,final,1
12074670,28,Semifinal,semifinal,2
12074741,28,Semifinal,semifinal,2
12076879,29,Final,final,1
12077047,29,Final,final,1
12072081,27,Quarterfinal,quarterfinal,4
12074864,28,Semifinal,semifinal,2
12074696,28,Semifinal,semifinal,2
12077048,29,Final,final,1
12074567,28,Semifinal,semifinal,2
12074548,28,Semifinal,semifinal,2
12073704,28,Semifinal,semifinal,2
12073579,28,Semifinal,semifinal,2
12077811,29,Final,final,1
12073715,28,Semifinal,semifinal,2
12073714,28,Semifinal,semifinal,2
12076027,29,Final,final,1
12072026,27,Quarterfinal,quarterfinal,4
12072510,27,Quarterfinal,quarterfinal,4
12074894,28,Semifinal,semifinal,2
12074795,28,Semifinal,semifinal,2
12076941,29,Final,final,1
12074401,28,Semifinal,semifinal,2
12074690,28,Semifinal,semifinal,2
12076801,29,Final,final,1
12077713,1,Qualification round 1,qualification-round-1,
12077581,1,Qualification round 1,qualification-round-1,
12077588,1,Qualification round 1,qualification-round-1,
12049638,28,Semifinal,semifinal,2
12049637,28,Semifinal,semifinal,2
12049636,29,Final,final,1
12049568,28,Semifinal,semifinal,2
12049569,28,Semifinal,semifinal,2
12049571,29,Final,final,1
12049618,28,Semifinal,semifinal,2
12049614,28,Semifinal,semifinal,2
12076746,6,Round of 32,round-of-32,16
12076748,6,Round of 32,round-of-32,16
12049683,29,Final,final,1
12077078,32,Round of 64,round-of-64,
12076690,32,Round of 64,round-of-64,
12076704,32,Round of 64,round-of-64,
12077080,32,Round of 64,round-of-64,
12076693,32,Round of 64,round-of-64,
12076694,32,Round of 64,round-of-64,
12077082,32,Round of 64,round-of-64,
12076700,32,Round of 64,round-of-64,
12077079,32,Round of 64,round-of-64,
12076691,32,Round of 64,round-of-64,
12079471,32,Round of 64,round-of-64,
12076696,32,Round of 64,round-of-64,
12076701,32,Round of 64,round-of-64,
12077083,32,Round of 64,round-of-64,
12076692,32,Round of 64,round-of-64,
12076699,32,Round of 64,round-of-64,
12076695,32,Round of 64,round-of-64,
12076697,32,Round of 64,round-of-64,
12076703,32,Round of 64,round-of-64,
12076698,32,Round of 64,round-of-64,
12077081,32,Round of 64,round-of-64,
12077084,32,Round of 64,round-of-64,
12076702,32,Round of 64,round-of-64,
12077796,1,Qualification round 1,qualification-round-1,
12075279,1,Qualification round 1,qualification-round-1,
12075266,1,Qualification round 1,qualification-round-1,
12075275,1,Qualification round 1,qualification-round-1,
12077774,1,Qualification round 1,qualification-round-1,
12075274,1,Qualification round 1,qualification-round-1,
12075280,1,Qualification round 1,qualification-round-1,
12075273,1,Qualification round 1,qualification-round-1,
12075268,1,Qualification round 1,qualification-round-1,
12075272,1,Qualification round 1,qualification-round-1,
12075953,1,Qualification round 1,qualification-round-1,
12075951,1,Qualification round 1,qualification-round-1,
12075955,1,Qualification round 1,qualification-round-1,
12075957,1,Qualification round 1,qualification-round-1,
12075954,1,Qualification round 1,qualification-round-1,
12075958,1,Qualification round 1,qualification-round-1,
12075956,1,Qualification round 1,qualification-round-1,
12075950,1,Qualification round 1,qualification-round-1,
12049783,29,Final,final,1
12049814,28,Semifinal,semifinal,2
12049801,29,Final,final,1
12049718,28,Semifinal,semifinal,2
12049712,28,Semifinal,semifinal,2
12049716,29,Final,final,1
12049734,28,Semifinal,semifinal,2
12049738,29,Final,final,1
12079371,6,Round of 32,round-of-32,16
12079373,6,Round of 32,round-of-32,16
12079375,6,Round of 32,round-of-32,16
12079369,6,Round of 32,round-of-32,16
12079370,6,Round of 32,round-of-32,16
12077819,6,Round of 32,round-of-32,16
12077814,6,Round of 32,round-of-32,16
12077818,6,Round of 32,round-of-32,16
12049731,29,Final,final,1
12077523,1,Qualification round 1,qualification-round-1,
12077505,1,Qualification round 1,qualification-round-1,
12077514,1,Qualification round 1,qualification-round-1,
12077521,1,Qualification round 1,qualification-round-1,
12077511,1,Qualification round 1,qualification-round-1,
12077522,1,Qualification round 1,qualification-round-1,
12077513,1,Qualification round 1,qualification-round-1,
12077530,1,Qualification round 1,qualification-round-1,
12077512,1,Qualification round 1,qualification-round-1,
12077520,1,Qualification round 1,qualification-round-1,
12077531,1,Qualification round 1,qualification-round-1,
12077529,1,Qualification round 1,qualification-round-1,
12077016,1,Qualification round 1,qualification-round-1,
12077015,1,Qualification round 1,qualification-round-1,
12077021,1,Qualification round 1,qualification-round-1,
12077019,1,Qualification round 1,qualification-round-1,
12077018,1,Qualification round 1,qualification-round-1,
12077020,1,Qualification round 1,qualification-round-1,
12077023,1,Qualification round 1,qualification-round-1,
12077024,1,Qualification round 1,qualification-round-1,
12077022,1,Qualification round 1,qualification-round-1,
12077025,1,Qualification round 1,qualification-round-1,
12077027,1,Qualification round 1,qualification-round-1,
12077026,1,Qualification round 1,qualification-round-1,
12077797,1,Qualification round 1,qualification-round-1,
12077803,1,Qualification round 1,qualification-round-1,
12077805,1,Qualification round 1,qualification-round-1,
12077806,1,Qualification round 1,qualification-round-1,
12077799,1,Qualification round 1,qualification-round-1,
12077802,1,Qualification round 1,qualification-round-1,
12077801,1,Qualification round 1,qualification-round-1,
12077807,1,Qualification round 1,qualification-round-1,
12077800,1,Qualification round 1,qualification-round-1,
12077808,1,Qualification round 1,qualification-round-1,
12077804,1,Qualification round 1,qualification-round-1,
12077798,1,Qualification round 1,qualification-round-1,
12077105,29,Final,final,1
12076813,29,Final,final,1
12074726,28,Semifinal,semifinal,2
12074762,28,Semifinal,semifinal,2
12079571,29,Final,final,1
12076026,29,Final,final,1
12074863,28,Semifinal,semifinal,2
12074771,28,Semifinal,semifinal,2
12077281,29,Final,final,1
12075087,28,Semifinal,semifinal,2
12065022,5,Round of 16,round-of-16,8
12065014,5,Round of 16,round-of-16,8
12075187,28,Semifinal,semifinal,2
12075142,28,Semifinal,semifinal,2
12077829,29,Final,final,1
12076648,29,Final,final,1
12076754,28,Semifinal,semifinal,2
12077045,29,Final,final,1
12075028,28,Semifinal,semifinal,2
12075186,28,Semifinal,semifinal,2
12077719,29,Final,final,1
12076432,29,Final,final,1
12076879,29,Final,final,1
12077047,29,Final,final,1
12077048,29,Final,final,1
12074567,28,Semifinal,semifinal,2
12074548,28,Semifinal,semifinal,2
12079570,29,Final,final,1
12073704,28,Semifinal,semifinal,2
12073579,28,Semifinal,semifinal,2
12077811,29,Final,final,1
12076027,29,Final,final,1
12076941,29,Final,final,1
12076801,29,Final,final,1
12080890,2,Qualification round 2,qualification-round-2,
12080901,2,Qualification round 2,qualification-round-2,
12080891,2,Qualification round 2,qualification-round-2,
12080899,2,Qualification round 2,qualification-round-2,
12080892,2,Qualification round 2,qualification-round-2,
12080893,2,Qualification round 2,qualification-round-2,
12080902,2,Qualification round 2,qualification-round-2,
12080888,2,Qualification round 2,qualification-round-2,
12080887,2,Qualification round 2,qualification-round-2,
12080895,2,Qualification round 2,qualification-round-2,
12080894,2,Qualification round 2,qualification-round-2,
12080898,2,Qualification round 2,qualification-round-2,
12080889,2,Qualification round 2,qualification-round-2,
12080897,2,Qualification round 2,qualification-round-2,
12080900,2,Qualification round 2,qualification-round-2,
12080896,2,Qualification round 2,qualification-round-2,
12077713,1,Qualification round 1,qualification-round-1,
12080185,1,Qualification round 1,qualification-round-1,
12080198,1,Qualification round 1,qualification-round-1,
12080179,1,Qualification round 1,qualification-round-1,
12080189,1,Qualification round 1,qualification-round-1,
12080180,1,Qualification round 1,qualification-round-1,
12080176,1,Qualification round 1,qualification-round-1,
12080192,1,Qualification round 1,qualification-round-1,
12080186,1,Qualification round 1,qualification-round-1,
12080178,1,Qualification round 1,qualification-round-1,
12080199,1,Qualification round 1,qualification-round-1,
12080194,1,Qualification round 1,qualification-round-1,
12080181,1,Qualification round 1,qualification-round-1,
12080190,1,Qualification round 1,qualification-round-1,
12080188,1,Qualification round 1,qualification-round-1,
12080183,1,Qualification round 1,qualification-round-1,
12080175,1,Qualification round 1,qualification-round-1,
12077581,1,Qualification round 1,qualification-round-1,
12077588,1,Qualification round 1,qualification-round-1,
12081055,6,Round of 32,round-of-32,16
12077838,6,Round of 32,round-of-32,16
12077846,6,Round of 32,round-of-32,16
12077837,6,Round of 32,round-of-32,16
12077839,6,Round of 32,round-of-32,16
12077844,6,Round of 32,round-of-32,16
12077840,6,Round of 32,round-of-32,16
12049636,29,Final,final,1
12049571,29,Final,final,1
12049627,29,Final,final,1
12076746,6,Round of 32,round-of-32,16
12076748,6,Round of 32,round-of-32,16
12076750,6,Round of 32,round-of-32,16
12079918,6,Round of 32,round-of-32,16
12076749,6,Round of 32,round-of-32,16
12076745,6,Round of 32,round-of-32,16
12076751,6,Round of 32,round-of-32,16
12079940,6,Round of 32,round-of-32,16
12076744,6,Round of 32,round-of-32,16
12078333,6,Round of 32,round-of-32,16
12078331,6,Round of 32,round-of-32,16
12078327,6,Round of 32,round-of-32,16
12081702,6,Round of 32,round-of-32,16
12078335,6,Round of 32,round-of-32,16
12077079,32,Round of 64,round-of-64,
12076691,32,Round of 64,round-of-64,
12079471,32,Round of 64,round-of-64,
12076696,32,Round of 64,round-of-64,
12076701,32,Round of 64,round-of-64,
12077083,32,Round of 64,round-of-64,
12076692,32,Round of 64,round-of-64,
12076699,32,Round of 64,round-of-64,
12076703,32,Round of 64,round-of-64,
12076697,32,Round of 64,round-of-64,
12076695,32,Round of 64,round-of-64,
12077081,32,Round of 64,round-of-64,
12076698,32,Round of 64,round-of-64,
12077084,32,Round of 64,round-of-64,
12076702,32,Round of 64,round-of-64,
12076706,32,Round of 64,round-of-64,
12076705,32,Round of 64,round-of-64,
12079944,32,Round of 64,round-of-64,
12067272,6,Round of 32,round-of-32,16
12067271,6,Round of 32,round-of-32,16
12067267,6,Round of 32,round-of-32,16
12067247,6,Round of 32,round-of-32,16
12067245,6,Round of 32,round-of-32,16
12067250,6,Round of 32,round-of-32,16
12080100,6,Round of 32,round-of-32,16
12067251,6,Round of 32,round-of-32,16
12067266,6,Round of 32,round-of-32,16
12067264,6,Round of 32,round-of-32,16
12067273,6,Round of 32,round-of-32,16
12067270,6,Round of 32,round-of-32,16
12067260,6,Round of 32,round-of-32,16
12049801,29,Final,final,1
12049716,29,Final,final,1
12078287,6,Round of 32,round-of-32,16
12078308,6,Round of 32,round-of-32,16
12078310,6,Round of 32,round-of-32,16
12083319,6,Round of 32,round-of-32,16
12078305,6,Round of 32,round-of-32,16
12083323,6,Round of 32,round-of-32,16
12083320,6,Round of 32,round-of-32,16
12083322,6,Round of 32,round-of-32,16
12079373,6,Round of 32,round-of-32,16
12079375,6,Round of 32,round-of-32,16
12079371,6,Round of 32,round-of-32,16
12079370,6,Round of 32,round-of-32,16
12079369,6,Round of 32,round-of-32,16
12079376,6,Round of 32,round-of-32,16
12082595,6,Round of 32,round-of-32,16
12082592,6,Round of 32,round-of-32,16
12079374,6,Round of 32,round-of-32,16
12082590,6,Round of 32,round-of-32,16
12082588,6,Round of 32,round-of-32,16
12082596,6,Round of 32,round-of-32,16
12079367,6,Round of 32,round-of-32,16
12079372,6,Round of 32,round-of-32,16
12082586,6,Round of 32,round-of-32,16
12079368,6,Round of 32,round-of-32,16
12077818,6,Round of 32,round-of-32,16
12077814,6,Round of 32,round-of-32,16
12077819,6,Round of 32,round-of-32,16
12077822,6,Round of 32,round-of-32,16
12077821,6,Round of 32,round-of-32,16
12083110,6,Round of 32,round-of-32,16
12083106,6,Round of 32,round-of-32,16
12077813,6,Round of 32,round-of-32,16
12083109,6,Round of 32,round-of-32,16
12083108,6,Round of 32,round-of-32,16
12077522,1,Qualification round 1,qualification-round-1,
12077513,1,Qualification round 1,qualification-round-1,
12077530,1,Qualification round 1,qualification-round-1,
12077512,1,Qualification round 1,qualification-round-1,
12077520,1,Qualification round 1,qualification-round-1,
12077531,1,Qualification round 1,qualification-round-1,
12077529,1,Qualification round 1,qualification-round-1,
12077026,1,Qualification round 1,qualification-round-1,
12077806,1,Qualification round 1,qualification-round-1,
12077799,1,Qualification round 1,qualification-round-1,
12077802,1,Qualification round 1,qualification-round-1,
12077801,1,Qualification round 1,qualification-round-1,
12077807,1,Qualification round 1,qualification-round-1,
12077800,1,Qualification round 1,qualification-round-1,
12077808,1,Qualification round 1,qualification-round-1,
12077804,1,Qualification round 1,qualification-round-1,
12077798,1,Qualification round 1,qualification-round-1,
12081565,6,Round of 32,round-of-32,16
12081564,6,Round of 32,round-of-32,16
12081563,6,Round of 32,round-of-32,16
12081568,6,Round of 32,round-of-32,16
12081567,6,Round of 32,round-of-32,16
12081485,1,Qualification round 1,qualification-round-1,
12081486,1,Qualification round 1,qualification-round-1,
12081484,1,Qualification round 1,qualification-round-1,
12081483,1,Qualification round 1,qualification-round-1,
12083654,1,Qualification round 1,qualification-round-1,
12083035,6,Round of 32,round-of-32,16
12083038,6,Round of 32,round-of-32,16
12083031,6,Round of 32,round-of-32,16
12083037,6,Round of 32,round-of-32,16
12083055,6,Round of 32,round-of-32,16
12083033,6,Round of 32,round-of-32,16
12083186,6,Round of 32,round-of-32,16
12083188,6,Round of 32,round-of-32,16
12083190,6,Round of 32,round-of-32,16
12083185,6,Round of 32,round-of-32,16
12079571,29,Final,final,1
12083423,6,Round of 32,round-of-32,16
12083404,6,Round of 32,round-of-32,16
12083399,6,Round of 32,round-of-32,16
12083402,6,Round of 32,round-of-32,16
12083419,6,Round of 32,round-of-32,16
12083416,6,Round of 32,round-of-32,16
12082222,6,Round of 32,round-of-32,16
12082228,6,Round of 32,round-of-32,16
12082219,6,Round of 32,round-of-32,16
12082211,6,Round of 32,round-of-32,16
12082215,6,Round of 32,round-of-32,16
12082227,6,Round of 32,round-of-32,16
12077281,29,Final,final,1
12077162,29,Final,final,1
12077829,29,Final,final,1
12081968,6,Round of 32,round-of-32,16
12081964,6,Round of 32,round-of-32,16
12081978,6,Round of 32,round-of-32,16
12081961,6,Round of 32,round-of-32,16
12083286,6,Round of 32,round-of-32,16
12083289,6,Round of 32,round-of-32,16
12083283,6,Round of 32,round-of-32,16
12083284,6,Round of 32,round-of-32,16
12083611,6,Round of 32,round-of-32,16
12077045,29,Final,final,1
12083230,6,Round of 32,round-of-32,16
12083238,6,Round of 32,round-of-32,16
12083229,6,Round of 32,round-of-32,16
12083241,6,Round of 32,round-of-32,16
12077719,29,Final,final,1
12083045,6,Round of 32,round-of-32,16
12083046,6,Round of 32,round-of-32,16
12083039,6,Round of 32,round-of-32,16
12083201,6,Round of 32,round-of-32,16
12083200,6,Round of 32,round-of-32,16
12083194,6,Round of 32,round-of-32,16
12083339,6,Round of 32,round-of-32,16
12083338,6,Round of 32,round-of-32,16
12083340,6,Round of 32,round-of-32,16
12079570,29,Final,final,1
12083412,6,Round of 32,round-of-32,16
12083403,6,Round of 32,round-of-32,16
12083405,6,Round of 32,round-of-32,16
12083414,6,Round of 32,round-of-32,16
12083420,6,Round of 32,round-of-32,16
12082208,6,Round of 32,round-of-32,16
12082224,6,Round of 32,round-of-32,16
12082207,6,Round of 32,round-of-32,16
12082206,6,Round of 32,round-of-32,16
12082220,6,Round of 32,round-of-32,16
12082210,6,Round of 32,round-of-32,16
12082209,6,Round of 32,round-of-32,16
12083072,6,Round of 32,round-of-32,16
12083077,6,Round of 32,round-of-32,16
12083070,6,Round of 32,round-of-32,16
12083071,6,Round of 32,round-of-32,16
12083069,6,Round of 32,round-of-32,16
12082876,6,Round of 32,round-of-32,16
12082872,6,Round of 32,round-of-32,16
12082882,6,Round of 32,round-of-32,16
12082867,6,Round of 32,round-of-32,16
12082875,6,Round of 32,round-of-32,16
12082869,6,Round of 32,round-of-32,16
12082874,6,Round of 32,round-of-32,16
12082868,6,Round of 32,round-of-32,16
12082878,6,Round of 32,round-of-32,16
12082879,6,Round of 32,round-of-32,16
12082881,6,Round of 32,round-of-32,16
12082880,6,Round of 32,round-of-32,16
12082877,6,Round of 32,round-of-32,16
12082870,6,Round of 32,round-of-32,16
12082871,6,Round of 32,round-of-32,16
12081972,6,Round of 32,round-of-32,16
12081977,6,Round of 32,round-of-32,16
12081957,6,Round of 32,round-of-32,16
12081966,6,Round of 32,round-of-32,16
12081055,6,Round of 32,round-of-32,16
12077838,6,Round of 32,round-of-32,16
12077846,6,Round of 32,round-of-32,16
12077837,6,Round of 32,round-of-32,16
12077839,6,Round of 32,round-of-32,16
12077844,6,Round of 32,round-of-32,16
12077840,6,Round of 32,round-of-32,16
12077847,6,Round of 32,round-of-32,16
12077845,6,Round of 32,round-of-32,16
12081056,6,Round of 32,round-of-32,16
12081057,6,Round of 32,round-of-32,16
12077842,6,Round of 32,round-of-32,16
12077841,6,Round of 32,round-of-32,16
12077848,6,Round of 32,round-of-32,16
12081058,6,Round of 32,round-of-32,16
12049627,29,Final,final,1
12076748,6,Round of 32,round-of-32,16
12076750,6,Round of 32,round-of-32,16
12079918,6,Round of 32,round-of-32,16
12076749,6,Round of 32,round-of-32,16
12076745,6,Round of 32,round-of-32,16
12076751,6,Round of 32,round-of-32,16
12079940,6,Round of 32,round-of-32,16
12076744,6,Round of 32,round-of-32,16
12079938,6,Round of 32,round-of-32,16
12086081,6,Round of 32,round-of-32,16
12079936,6,Round of 32,round-of-32,16
12076747,6,Round of 32,round-of-32,16
12067166,5,Round of 16,round-of-16,8
12067164,5,Round of 16,round-of-16,8
12067170,5,Round of 16,round-of-16,8
12067168,5,Round of 16,round-of-16,8
12067161,5,Round of 16,round-of-16,8
12078333,6,Round of 32,round-of-32,16
12078331,6,Round of 32,round-of-32,16
12078327,6,Round of 32,round-of-32,16
12081702,6,Round of 32,round-of-32,16
12078335,6,Round of 32,round-of-32,16
12078329,6,Round of 32,round-of-32,16
12078321,6,Round of 32,round-of-32,16
12078325,6,Round of 32,round-of-32,16
12081703,6,Round of 32,round-of-32,16
12081701,6,Round of 32,round-of-32,16
12078323,6,Round of 32,round-of-32,16
12078318,6,Round of 32,round-of-32,16
12077084,32,Round of 64,round-of-64,
12076702,32,Round of 64,round-of-64,
12076706,32,Round of 64,round-of-64,
12076705,32,Round of 64,round-of-64,
12079944,32,Round of 64,round-of-64,
12067272,6,Round of 32,round-of-32,16
12067271,6,Round of 32,round-of-32,16
12067267,6,Round of 32,round-of-32,16
12067247,6,Round of 32,round-of-32,16
12067245,6,Round of 32,round-of-32,16
12067250,6,Round of 32,round-of-32,16
12080100,6,Round of 32,round-of-32,16
12067251,6,Round of 32,round-of-32,16
12067266,6,Round of 32,round-of-32,16
12067264,6,Round of 32,round-of-32,16
12067273,6,Round of 32,round-of-32,16
12067270,6,Round of 32,round-of-32,16
12067260,6,Round of 32,round-of-32,16
12067265,6,Round of 32,round-of-32,16
12067274,6,Round of 32,round-of-32,16
12067262,6,Round of 32,round-of-32,16
12067257,5,Round of 16,round-of-16,8
12067256,5,Round of 16,round-of-16,8
12067248,5,Round of 16,round-of-16,8
12067246,5,Round of 16,round-of-16,8
12067259,5,Round of 16,round-of-16,8
12067244,5,Round of 16,round-of-16,8
12078287,6,Round of 32,round-of-32,16
12078308,6,Round of 32,round-of-32,16
12078310,6,Round of 32,round-of-32,16
12083319,6,Round of 32,round-of-32,16
12078305,6,Round of 32,round-of-32,16
12083323,6,Round of 32,round-of-32,16
12083320,6,Round of 32,round-of-32,16
12083322,6,Round of 32,round-of-32,16
12083324,6,Round of 32,round-of-32,16
12083321,6,Round of 32,round-of-32,16
12078283,6,Round of 32,round-of-32,16
12078289,6,Round of 32,round-of-32,16
12078299,6,Round of 32,round-of-32,16
12078294,6,Round of 32,round-of-32,16
12067359,5,Round of 16,round-of-16,8
12067344,5,Round of 16,round-of-16,8
12079370,6,Round of 32,round-of-32,16
12079369,6,Round of 32,round-of-32,16
12079376,6,Round of 32,round-of-32,16
12082595,6,Round of 32,round-of-32,16
12082592,6,Round of 32,round-of-32,16
12079374,6,Round of 32,round-of-32,16
12082590,6,Round of 32,round-of-32,16
12082588,6,Round of 32,round-of-32,16
12082596,6,Round of 32,round-of-32,16
12079367,6,Round of 32,round-of-32,16
12079372,6,Round of 32,round-of-32,16
12082586,6,Round of 32,round-of-32,16
12079368,6,Round of 32,round-of-32,16
12067314,5,Round of 16,round-of-16,8
12067310,5,Round of 16,round-of-16,8
12067312,5,Round of 16,round-of-16,8
12067313,5,Round of 16,round-of-16,8
12077818,6,Round of 32,round-of-32,16
12077814,6,Round of 32,round-of-32,16
12077819,6,Round of 32,round-of-32,16
12077822,6,Round of 32,round-of-32,16
12077821,6,Round of 32,round-of-32,16
12083110,6,Round of 32,round-of-32,16
12083106,6,Round of 32,round-of-32,16
12077813,6,Round of 32,round-of-32,16
12083109,6,Round of 32,round-of-32,16
12083108,6,Round of 32,round-of-32,16
12077820,6,Round of 32,round-of-32,16
12083105,6,Round of 32,round-of-32,16
12077817,6,Round of 32,round-of-32,16
12077816,6,Round of 32,round-of-32,16
12083107,6,Round of 32,round-of-32,16
12067338,5,Round of 16,round-of-16,8
12077815,6,Round of 32,round-of-32,16
12077823,6,Round of 32,round-of-32,16
12086951,6,Round of 32,round-of-32,16
12067336,5,Round of 16,round-of-16,8
12067332,5,Round of 16,round-of-16,8
12081565,6,Round of 32,round-of-32,16
12081564,6,Round of 32,round-of-32,16
12081563,6,Round of 32,round-of-32,16
12081568,6,Round of 32,round-of-32,16
12081567,6,Round of 32,round-of-32,16
12081583,6,Round of 32,round-of-32,16
12084014,6,Round of 32,round-of-32,16
12081580,6,Round of 32,round-of-32,16
12081585,6,Round of 32,round-of-32,16
12081581,6,Round of 32,round-of-32,16
12084017,6,Round of 32,round-of-32,16
12084012,6,Round of 32,round-of-32,16
12081586,6,Round of 32,round-of-32,16
12081582,6,Round of 32,round-of-32,16
12084018,6,Round of 32,round-of-32,16
12081584,6,Round of 32,round-of-32,16
12086967,6,Round of 32,round-of-32,16
12081485,1,Qualification round 1,qualification-round-1,
12081486,1,Qualification round 1,qualification-round-1,
12081484,1,Qualification round 1,qualification-round-1,
12081483,1,Qualification round 1,qualification-round-1,
12083654,1,Qualification round 1,qualification-round-1,
12083035,6,Round of 32,round-of-32,16
12083038,6,Round of 32,round-of-32,16
12083031,6,Round of 32,round-of-32,16
12083037,6,Round of 32,round-of-32,16
12083055,6,Round of 32,round-of-32,16
12083033,6,Round of 32,round-of-32,16
12086238,6,Round of 32,round-of-32,16
12086241,6,Round of 32,round-of-32,16
12084404,6,Round of 32,round-of-32,16
12086240,6,Round of 32,round-of-32,16
12086236,6,Round of 32,round-of-32,16
12086237,6,Round of 32,round-of-32,16
12084396,6,Round of 32,round-of-32,16
12084427,6,Round of 32,round-of-32,16
12086239,6,Round of 32,round-of-32,16
12086242,6,Round of 32,round-of-32,16
12083186,6,Round of 32,round-of-32,16
12083188,6,Round of 32,round-of-32,16
12083190,6,Round of 32,round-of-32,16
12083185,6,Round of 32,round-of-32,16
12086534,6,Round of 32,round-of-32,16
12084512,6,Round of 32,round-of-32,16
12086529,6,Round of 32,round-of-32,16
12086527,6,Round of 32,round-of-32,16
12086528,6,Round of 32,round-of-32,16
12086526,6,Round of 32,round-of-32,16
12084517,6,Round of 32,round-of-32,16
12084514,6,Round of 32,round-of-32,16
12084513,6,Round of 32,round-of-32,16
12086532,6,Round of 32,round-of-32,16
12086530,6,Round of 32,round-of-32,16
12086533,6,Round of 32,round-of-32,16
12083423,6,Round of 32,round-of-32,16
12083404,6,Round of 32,round-of-32,16
12083399,6,Round of 32,round-of-32,16
12083402,6,Round of 32,round-of-32,16
12083419,6,Round of 32,round-of-32,16
12083416,6,Round of 32,round-of-32,16
12084310,6,Round of 32,round-of-32,16
12084303,6,Round of 32,round-of-32,16
12084299,6,Round of 32,round-of-32,16
12084298,6,Round of 32,round-of-32,16
12084315,6,Round of 32,round-of-32,16
12084305,6,Round of 32,round-of-32,16
12084304,6,Round of 32,round-of-32,16
12084312,6,Round of 32,round-of-32,16
12084297,6,Round of 32,round-of-32,16
12084307,6,Round of 32,round-of-32,16
12082222,6,Round of 32,round-of-32,16
12082228,6,Round of 32,round-of-32,16
12082219,6,Round of 32,round-of-32,16
12082211,6,Round of 32,round-of-32,16
12082215,6,Round of 32,round-of-32,16
12082227,6,Round of 32,round-of-32,16
12084435,6,Round of 32,round-of-32,16
12084437,6,Round of 32,round-of-32,16
12084429,6,Round of 32,round-of-32,16
12084410,6,Round of 32,round-of-32,16
12084430,6,Round of 32,round-of-32,16
12084432,6,Round of 32,round-of-32,16
12084434,6,Round of 32,round-of-32,16
12084428,6,Round of 32,round-of-32,16
12084433,6,Round of 32,round-of-32,16
12084426,6,Round of 32,round-of-32,16
12083939,6,Round of 32,round-of-32,16
12083938,6,Round of 32,round-of-32,16
12077162,29,Final,final,1
12086208,6,Round of 32,round-of-32,16
12084306,6,Round of 32,round-of-32,16
12084328,6,Round of 32,round-of-32,16
12084300,6,Round of 32,round-of-32,16
12086201,6,Round of 32,round-of-32,16
12086206,6,Round of 32,round-of-32,16
12086202,6,Round of 32,round-of-32,16
12086204,6,Round of 32,round-of-32,16
12086203,6,Round of 32,round-of-32,16
12084302,6,Round of 32,round-of-32,16
12084309,6,Round of 32,round-of-32,16
12084316,6,Round of 32,round-of-32,16
12084301,6,Round of 32,round-of-32,16
12086207,6,Round of 32,round-of-32,16
12084313,6,Round of 32,round-of-32,16
12086205,6,Round of 32,round-of-32,16
12081968,6,Round of 32,round-of-32,16
12081964,6,Round of 32,round-of-32,16
12081978,6,Round of 32,round-of-32,16
12081961,6,Round of 32,round-of-32,16
12084802,6,Round of 32,round-of-32,16
12084804,6,Round of 32,round-of-32,16
12084534,6,Round of 32,round-of-32,16
12084528,6,Round of 32,round-of-32,16
12084831,6,Round of 32,round-of-32,16
12084801,6,Round of 32,round-of-32,16
12084800,6,Round of 32,round-of-32,16
12084798,6,Round of 32,round-of-32,16
12084520,6,Round of 32,round-of-32,16
12084799,6,Round of 32,round-of-32,16
12084530,6,Round of 32,round-of-32,16
12084803,6,Round of 32,round-of-32,16
12083286,6,Round of 32,round-of-32,16
12083289,6,Round of 32,round-of-32,16
12083283,6,Round of 32,round-of-32,16
12083284,6,Round of 32,round-of-32,16
12083285,6,Round of 32,round-of-32,16
12083288,6,Round of 32,round-of-32,16
12086546,6,Round of 32,round-of-32,16
12084340,6,Round of 32,round-of-32,16
12086543,6,Round of 32,round-of-32,16
12086545,6,Round of 32,round-of-32,16
12086540,6,Round of 32,round-of-32,16
12086544,6,Round of 32,round-of-32,16
12084350,6,Round of 32,round-of-32,16
12086541,6,Round of 32,round-of-32,16
12083611,6,Round of 32,round-of-32,16
12083608,6,Round of 32,round-of-32,16
12083617,6,Round of 32,round-of-32,16
12083615,6,Round of 32,round-of-32,16
12083612,6,Round of 32,round-of-32,16
12083609,6,Round of 32,round-of-32,16
12083613,6,Round of 32,round-of-32,16
12086718,6,Round of 32,round-of-32,16
12084319,6,Round of 32,round-of-32,16
12086716,6,Round of 32,round-of-32,16
12086715,6,Round of 32,round-of-32,16
12086719,6,Round of 32,round-of-32,16
12086712,6,Round of 32,round-of-32,16
12086713,6,Round of 32,round-of-32,16
12086714,6,Round of 32,round-of-32,16
12086717,6,Round of 32,round-of-32,16
12083518,6,Round of 32,round-of-32,16
12083524,6,Round of 32,round-of-32,16
12083517,6,Round of 32,round-of-32,16
12083529,6,Round of 32,round-of-32,16
12083521,6,Round of 32,round-of-32,16
12083532,6,Round of 32,round-of-32,16
12083520,6,Round of 32,round-of-32,16
12086956,6,Round of 32,round-of-32,16
12086962,6,Round of 32,round-of-32,16
12086958,6,Round of 32,round-of-32,16
12086957,6,Round of 32,round-of-32,16
12083230,6,Round of 32,round-of-32,16
12083238,6,Round of 32,round-of-32,16
12083229,6,Round of 32,round-of-32,16
12083241,6,Round of 32,round-of-32,16
12084358,6,Round of 32,round-of-32,16
12086423,6,Round of 32,round-of-32,16
12086421,6,Round of 32,round-of-32,16
12086426,6,Round of 32,round-of-32,16
12086420,6,Round of 32,round-of-32,16
12084374,6,Round of 32,round-of-32,16
12086425,6,Round of 32,round-of-32,16
12086422,6,Round of 32,round-of-32,16
12084365,6,Round of 32,round-of-32,16
12086424,6,Round of 32,round-of-32,16
12086419,6,Round of 32,round-of-32,16
12084360,6,Round of 32,round-of-32,16
12083045,6,Round of 32,round-of-32,16
12083046,6,Round of 32,round-of-32,16
12083039,6,Round of 32,round-of-32,16
12084323,6,Round of 32,round-of-32,16
12085982,6,Round of 32,round-of-32,16
12084327,6,Round of 32,round-of-32,16
12085986,6,Round of 32,round-of-32,16
12085979,6,Round of 32,round-of-32,16
12085983,6,Round of 32,round-of-32,16
12085985,6,Round of 32,round-of-32,16
12084326,6,Round of 32,round-of-32,16
12085978,6,Round of 32,round-of-32,16
12084321,6,Round of 32,round-of-32,16
12085981,6,Round of 32,round-of-32,16
12085980,6,Round of 32,round-of-32,16
12084324,6,Round of 32,round-of-32,16
12085984,6,Round of 32,round-of-32,16
12083201,6,Round of 32,round-of-32,16
12083200,6,Round of 32,round-of-32,16
12083194,6,Round of 32,round-of-32,16
12086014,6,Round of 32,round-of-32,16
12084449,6,Round of 32,round-of-32,16
12083202,6,Round of 32,round-of-32,16
12084447,6,Round of 32,round-of-32,16
12086017,6,Round of 32,round-of-32,16
12086013,6,Round of 32,round-of-32,16
12084420,6,Round of 32,round-of-32,16
12086015,6,Round of 32,round-of-32,16
12086012,6,Round of 32,round-of-32,16
12084444,6,Round of 32,round-of-32,16
12086016,6,Round of 32,round-of-32,16
12084455,6,Round of 32,round-of-32,16
12086011,6,Round of 32,round-of-32,16
12083339,6,Round of 32,round-of-32,16
12083338,6,Round of 32,round-of-32,16
12083340,6,Round of 32,round-of-32,16
12083341,6,Round of 32,round-of-32,16
12084436,6,Round of 32,round-of-32,16
12086498,6,Round of 32,round-of-32,16
12086497,6,Round of 32,round-of-32,16
12086496,6,Round of 32,round-of-32,16
12086493,6,Round of 32,round-of-32,16
12084439,6,Round of 32,round-of-32,16
12084442,6,Round of 32,round-of-32,16
12086500,6,Round of 32,round-of-32,16
12084438,6,Round of 32,round-of-32,16
12086495,6,Round of 32,round-of-32,16
12086499,6,Round of 32,round-of-32,16
12086501,6,Round of 32,round-of-32,16
12084084,6,Round of 32,round-of-32,16
12084073,6,Round of 32,round-of-32,16
12084081,6,Round of 32,round-of-32,16
12084086,6,Round of 32,round-of-32,16
12084075,6,Round of 32,round-of-32,16
12084076,6,Round of 32,round-of-32,16
12084088,6,Round of 32,round-of-32,16
12084078,6,Round of 32,round-of-32,16
12084079,6,Round of 32,round-of-32,16
12084083,6,Round of 32,round-of-32,16
12084074,6,Round of 32,round-of-32,16
12084080,6,Round of 32,round-of-32,16
12084077,6,Round of 32,round-of-32,16
12084087,6,Round of 32,round-of-32,16
12084085,6,Round of 32,round-of-32,16
12084082,6,Round of 32,round-of-32,16
12083412,6,Round of 32,round-of-32,16
12083403,6,Round of 32,round-of-32,16
12083405,6,Round of 32,round-of-32,16
12083414,6,Round of 32,round-of-32,16
12083420,6,Round of 32,round-of-32,16
12086312,6,Round of 32,round-of-32,16
12086311,6,Round of 32,round-of-32,16
12084521,6,Round of 32,round-of-32,16
12084525,6,Round of 32,round-of-32,16
12086313,6,Round of 32,round-of-32,16
12086317,6,Round of 32,round-of-32,16
12086310,6,Round of 32,round-of-32,16
12084523,6,Round of 32,round-of-32,16
12086315,6,Round of 32,round-of-32,16
12086316,6,Round of 32,round-of-32,16
12086319,6,Round of 32,round-of-32,16
12082208,6,Round of 32,round-of-32,16
12082224,6,Round of 32,round-of-32,16
12082207,6,Round of 32,round-of-32,16
12082206,6,Round of 32,round-of-32,16
12082220,6,Round of 32,round-of-32,16
12082210,6,Round of 32,round-of-32,16
12082209,6,Round of 32,round-of-32,16
12084402,6,Round of 32,round-of-32,16
12084401,6,Round of 32,round-of-32,16
12084408,6,Round of 32,round-of-32,16
12084400,6,Round of 32,round-of-32,16
12082221,6,Round of 32,round-of-32,16
12084399,6,Round of 32,round-of-32,16
12084407,6,Round of 32,round-of-32,16
12084406,6,Round of 32,round-of-32,16
12084405,6,Round of 32,round-of-32,16
12083072,6,Round of 32,round-of-32,16
12083077,6,Round of 32,round-of-32,16
12083070,6,Round of 32,round-of-32,16
12083071,6,Round of 32,round-of-32,16
12083069,6,Round of 32,round-of-32,16
12083073,6,Round of 32,round-of-32,16
12083074,6,Round of 32,round-of-32,16
12084363,6,Round of 32,round-of-32,16
12084359,6,Round of 32,round-of-32,16
12084330,6,Round of 32,round-of-32,16
12084337,6,Round of 32,round-of-32,16
12084329,6,Round of 32,round-of-32,16
12084333,6,Round of 32,round-of-32,16
12082876,6,Round of 32,round-of-32,16
12082872,6,Round of 32,round-of-32,16
12082882,6,Round of 32,round-of-32,16
12082867,6,Round of 32,round-of-32,16
12082875,6,Round of 32,round-of-32,16
12082869,6,Round of 32,round-of-32,16
12082874,6,Round of 32,round-of-32,16
12082868,6,Round of 32,round-of-32,16
12082878,6,Round of 32,round-of-32,16
12082879,6,Round of 32,round-of-32,16
12082881,6,Round of 32,round-of-32,16
12082880,6,Round of 32,round-of-32,16
12082877,6,Round of 32,round-of-32,16
12082870,6,Round of 32,round-of-32,16
12082871,6,Round of 32,round-of-32,16
12082873,6,Round of 32,round-of-32,16
12086460,5,Round of 16,round-of-16,8
12086072,5,Round of 16,round-of-16,8
12086432,5,Round of 16,round-of-16,8
12086228,5,Round of 16,round-of-16,8
12086455,5,Round of 16,round-of-16,8
12086218,5,Round of 16,round-of-16,8
12086318,5,Round of 16,round-of-16,8
12086474,6,Round of 32,round-of-32,16
12086464,6,Round of 32,round-of-32,16
12086472,6,Round of 32,round-of-32,16
12086475,6,Round of 32,round-of-32,16
12086465,6,Round of 32,round-of-32,16
12086467,6,Round of 32,round-of-32,16
12086473,6,Round of 32,round-of-32,16
12086470,6,Round of 32,round-of-32,16
12086478,6,Round of 32,round-of-32,16
12086471,6,Round of 32,round-of-32,16
12086466,6,Round of 32,round-of-32,16
12086469,6,Round of 32,round-of-32,16
12086477,6,Round of 32,round-of-32,16
12086468,6,Round of 32,round-of-32,16
12086476,6,Round of 32,round-of-32,16
12086463,6,Round of 32,round-of-32,16
12081972,6,Round of 32,round-of-32,16
12081977,6,Round of 32,round-of-32,16
12081957,6,Round of 32,round-of-32,16
12081966,6,Round of 32,round-of-32,16
12084354,6,Round of 32,round-of-32,16
12084747,6,Round of 32,round-of-32,16
12084750,6,Round of 32,round-of-32,16
12084348,6,Round of 32,round-of-32,16
12084752,6,Round of 32,round-of-32,16
12084749,6,Round of 32,round-of-32,16
12084349,6,Round of 32,round-of-32,16
12084753,6,Round of 32,round-of-32,16
12084751,6,Round of 32,round-of-32,16
12084351,6,Round of 32,round-of-32,16
12084748,6,Round of 32,round-of-32,16
12084347,6,Round of 32,round-of-32,16
12077847,6,Round of 32,round-of-32,16
12077845,6,Round of 32,round-of-32,16
12081056,6,Round of 32,round-of-32,16
12081057,6,Round of 32,round-of-32,16
12077842,6,Round of 32,round-of-32,16
12077841,6,Round of 32,round-of-32,16
12077848,6,Round of 32,round-of-32,16
12081058,6,Round of 32,round-of-32,16
12067222,5,Round of 16,round-of-16,8
12077843,6,Round of 32,round-of-32,16
12076744,6,Round of 32,round-of-32,16
12079938,6,Round of 32,round-of-32,16
12086081,6,Round of 32,round-of-32,16
12079936,6,Round of 32,round-of-32,16
12076747,6,Round of 32,round-of-32,16
12067166,5,Round of 16,round-of-16,8
12067164,5,Round of 16,round-of-16,8
12067170,5,Round of 16,round-of-16,8
12067161,5,Round of 16,round-of-16,8
12067168,5,Round of 16,round-of-16,8
12067167,5,Round of 16,round-of-16,8
12067172,5,Round of 16,round-of-16,8
12067163,5,Round of 16,round-of-16,8
12067162,27,Quarterfinal,quarterfinal,4
12067160,27,Quarterfinal,quarterfinal,4
12078329,6,Round of 32,round-of-32,16
12078321,6,Round of 32,round-of-32,16
12078325,6,Round of 32,round-of-32,16
12081703,6,Round of 32,round-of-32,16
12081701,6,Round of 32,round-of-32,16
12078323,6,Round of 32,round-of-32,16
12078318,6,Round of 32,round-of-32,16
12067196,5,Round of 16,round-of-16,8
12067197,5,Round of 16,round-of-16,8
12067195,5,Round of 16,round-of-16,8
12067200,5,Round of 16,round-of-16,8
12067191,5,Round of 16,round-of-16,8
12067198,5,Round of 16,round-of-16,8
12067193,5,Round of 16,round-of-16,8
12067199,5,Round of 16,round-of-16,8
12067260,6,Round of 32,round-of-32,16
12067265,6,Round of 32,round-of-32,16
12067274,6,Round of 32,round-of-32,16
12067262,6,Round of 32,round-of-32,16
12067257,5,Round of 16,round-of-16,8
12067256,5,Round of 16,round-of-16,8
12067248,5,Round of 16,round-of-16,8
12067246,5,Round of 16,round-of-16,8
12067259,5,Round of 16,round-of-16,8
12067244,5,Round of 16,round-of-16,8
12067249,5,Round of 16,round-of-16,8
12067254,5,Round of 16,round-of-16,8
12067258,27,Quarterfinal,quarterfinal,4
12067261,27,Quarterfinal,quarterfinal,4
12083320,6,Round of 32,round-of-32,16
12083322,6,Round of 32,round-of-32,16
12083324,6,Round of 32,round-of-32,16
12083321,6,Round of 32,round-of-32,16
12078283,6,Round of 32,round-of-32,16
12078289,6,Round of 32,round-of-32,16
12078299,6,Round of 32,round-of-32,16
12078294,6,Round of 32,round-of-32,16
12067359,5,Round of 16,round-of-16,8
12067344,5,Round of 16,round-of-16,8
12078291,6,Round of 32,round-of-32,16
12078285,6,Round of 32,round-of-32,16
12067356,5,Round of 16,round-of-16,8
12067353,5,Round of 16,round-of-16,8
12067361,5,Round of 16,round-of-16,8
12067314,5,Round of 16,round-of-16,8
12067313,5,Round of 16,round-of-16,8
12067312,5,Round of 16,round-of-16,8
12067310,5,Round of 16,round-of-16,8
12067308,5,Round of 16,round-of-16,8
12067303,5,Round of 16,round-of-16,8
12067311,5,Round of 16,round-of-16,8
12067300,5,Round of 16,round-of-16,8
12083109,6,Round of 32,round-of-32,16
12083108,6,Round of 32,round-of-32,16
12077820,6,Round of 32,round-of-32,16
12083105,6,Round of 32,round-of-32,16
12077817,6,Round of 32,round-of-32,16
12077816,6,Round of 32,round-of-32,16
12083107,6,Round of 32,round-of-32,16
12067338,5,Round of 16,round-of-16,8
12077815,6,Round of 32,round-of-32,16
12077823,6,Round of 32,round-of-32,16
12086951,6,Round of 32,round-of-32,16
12067336,5,Round of 16,round-of-16,8
12067332,5,Round of 16,round-of-16,8
12067333,5,Round of 16,round-of-16,8
12067334,5,Round of 16,round-of-16,8
12067339,5,Round of 16,round-of-16,8
12067341,5,Round of 16,round-of-16,8
12067324,5,Round of 16,round-of-16,8
12081583,6,Round of 32,round-of-32,16
12084014,6,Round of 32,round-of-32,16
12081580,6,Round of 32,round-of-32,16
12081585,6,Round of 32,round-of-32,16
12081581,6,Round of 32,round-of-32,16
12084017,6,Round of 32,round-of-32,16
12084012,6,Round of 32,round-of-32,16
12081586,6,Round of 32,round-of-32,16
12081582,6,Round of 32,round-of-32,16
12084018,6,Round of 32,round-of-32,16
12081584,6,Round of 32,round-of-32,16
12086967,6,Round of 32,round-of-32,16
12067285,5,Round of 16,round-of-16,8
12067279,5,Round of 16,round-of-16,8
12067282,5,Round of 16,round-of-16,8
12067293,5,Round of 16,round-of-16,8
12086238,6,Round of 32,round-of-32,16
12086241,6,Round of 32,round-of-32,16
12084404,6,Round of 32,round-of-32,16
12086240,6,Round of 32,round-of-32,16
12086236,6,Round of 32,round-of-32,16
12086237,6,Round of 32,round-of-32,16
12084396,6,Round of 32,round-of-32,16
12086239,6,Round of 32,round-of-32,16
12084427,6,Round of 32,round-of-32,16
12086242,6,Round of 32,round-of-32,16
12088540,5,Round of 16,round-of-16,8
12088652,5,Round of 16,round-of-16,8
12088531,5,Round of 16,round-of-16,8
12089075,5,Round of 16,round-of-16,8
12086329,5,Round of 16,round-of-16,8
12084398,5,Round of 16,round-of-16,8
12088567,5,Round of 16,round-of-16,8
12086431,5,Round of 16,round-of-16,8
12083185,6,Round of 32,round-of-32,16
12086534,6,Round of 32,round-of-32,16
12084512,6,Round of 32,round-of-32,16
12084514,6,Round of 32,round-of-32,16
12086529,6,Round of 32,round-of-32,16
12086526,6,Round of 32,round-of-32,16
12084517,6,Round of 32,round-of-32,16
12086533,6,Round of 32,round-of-32,16
12086527,6,Round of 32,round-of-32,16
12086528,6,Round of 32,round-of-32,16
12086530,6,Round of 32,round-of-32,16
12084513,6,Round of 32,round-of-32,16
12086532,6,Round of 32,round-of-32,16
12083416,6,Round of 32,round-of-32,16
12084303,6,Round of 32,round-of-32,16
12084310,6,Round of 32,round-of-32,16
12084315,6,Round of 32,round-of-32,16
12084304,6,Round of 32,round-of-32,16
12084299,6,Round of 32,round-of-32,16
12084307,6,Round of 32,round-of-32,16
12084305,6,Round of 32,round-of-32,16
12084297,6,Round of 32,round-of-32,16
12084312,6,Round of 32,round-of-32,16
12084298,6,Round of 32,round-of-32,16
12090127,5,Round of 16,round-of-16,8
12086235,5,Round of 16,round-of-16,8
12090081,5,Round of 16,round-of-16,8
12090338,5,Round of 16,round-of-16,8
12090340,5,Round of 16,round-of-16,8
12090341,5,Round of 16,round-of-16,8
12090069,5,Round of 16,round-of-16,8
12090217,5,Round of 16,round-of-16,8
12084435,6,Round of 32,round-of-32,16
12084437,6,Round of 32,round-of-32,16
12084429,6,Round of 32,round-of-32,16
12084410,6,Round of 32,round-of-32,16
12084430,6,Round of 32,round-of-32,16
12084432,6,Round of 32,round-of-32,16
12084434,6,Round of 32,round-of-32,16
12084428,6,Round of 32,round-of-32,16
12084433,6,Round of 32,round-of-32,16
12084426,6,Round of 32,round-of-32,16
12088403,5,Round of 16,round-of-16,8
12084824,5,Round of 16,round-of-16,8
12088006,5,Round of 16,round-of-16,8
12088297,5,Round of 16,round-of-16,8
12088298,5,Round of 16,round-of-16,8
12088106,5,Round of 16,round-of-16,8
12088356,5,Round of 16,round-of-16,8
12087958,5,Round of 16,round-of-16,8
12083939,6,Round of 32,round-of-32,16
12083938,6,Round of 32,round-of-32,16
12087222,6,Round of 32,round-of-32,16
12087224,6,Round of 32,round-of-32,16
12084390,6,Round of 32,round-of-32,16
12084395,6,Round of 32,round-of-32,16
12084397,6,Round of 32,round-of-32,16
12087225,6,Round of 32,round-of-32,16
12087219,6,Round of 32,round-of-32,16
12087220,6,Round of 32,round-of-32,16
12084375,6,Round of 32,round-of-32,16
12087221,6,Round of 32,round-of-32,16
12084392,6,Round of 32,round-of-32,16
12084377,6,Round of 32,round-of-32,16
12087223,6,Round of 32,round-of-32,16
12087218,6,Round of 32,round-of-32,16
12086208,6,Round of 32,round-of-32,16
12084306,6,Round of 32,round-of-32,16
12084328,6,Round of 32,round-of-32,16
12084300,6,Round of 32,round-of-32,16
12086206,6,Round of 32,round-of-32,16
12086202,6,Round of 32,round-of-32,16
12086201,6,Round of 32,round-of-32,16
12086204,6,Round of 32,round-of-32,16
12084309,6,Round of 32,round-of-32,16
12086203,6,Round of 32,round-of-32,16
12084316,6,Round of 32,round-of-32,16
12084302,6,Round of 32,round-of-32,16
12086207,6,Round of 32,round-of-32,16
12084313,6,Round of 32,round-of-32,16
12084301,6,Round of 32,round-of-32,16
12086205,6,Round of 32,round-of-32,16
12089169,5,Round of 16,round-of-16,8
12089560,5,Round of 16,round-of-16,8
12089570,5,Round of 16,round-of-16,8
12089569,5,Round of 16,round-of-16,8
12089315,5,Round of 16,round-of-16,8
12089785,5,Round of 16,round-of-16,8
12089089,5,Round of 16,round-of-16,8
12089990,5,Round of 16,round-of-16,8
12084802,6,Round of 32,round-of-32,16
12084804,6,Round of 32,round-of-32,16
12084534,6,Round of 32,round-of-32,16
12084528,6,Round of 32,round-of-32,16
12084831,6,Round of 32,round-of-32,16
12084801,6,Round of 32,round-of-32,16
12084800,6,Round of 32,round-of-32,16
12084798,6,Round of 32,round-of-32,16
12084520,6,Round of 32,round-of-32,16
12084799,6,Round of 32,round-of-32,16
12084530,6,Round of 32,round-of-32,16
12084803,6,Round of 32,round-of-32,16
12084823,5,Round of 16,round-of-16,8
12088015,5,Round of 16,round-of-16,8
12088274,5,Round of 16,round-of-16,8
12088285,5,Round of 16,round-of-16,8
12087903,5,Round of 16,round-of-16,8
12084815,5,Round of 16,round-of-16,8
12088272,5,Round of 16,round-of-16,8
12087902,5,Round of 16,round-of-16,8
12083286,6,Round of 32,round-of-32,16
12083289,6,Round of 32,round-of-32,16
12083283,6,Round of 32,round-of-32,16
12083284,6,Round of 32,round-of-32,16
12083285,6,Round of 32,round-of-32,16
12083288,6,Round of 32,round-of-32,16
12086546,6,Round of 32,round-of-32,16
12084340,6,Round of 32,round-of-32,16
12086545,6,Round of 32,round-of-32,16
12086540,6,Round of 32,round-of-32,16
12086543,6,Round of 32,round-of-32,16
12086544,6,Round of 32,round-of-32,16
12084350,6,Round of 32,round-of-32,16
12086541,6,Round of 32,round-of-32,16
12086542,6,Round of 32,round-of-32,16
12086547,6,Round of 32,round-of-32,16
12090068,5,Round of 16,round-of-16,8
12086969,5,Round of 16,round-of-16,8
12089571,5,Round of 16,round-of-16,8
12089886,5,Round of 16,round-of-16,8
12086511,5,Round of 16,round-of-16,8
12089170,5,Round of 16,round-of-16,8
12084322,5,Round of 16,round-of-16,8
12083611,6,Round of 32,round-of-32,16
12083608,6,Round of 32,round-of-32,16
12083617,6,Round of 32,round-of-32,16
12083615,6,Round of 32,round-of-32,16
12083612,6,Round of 32,round-of-32,16
12083609,6,Round of 32,round-of-32,16
12083613,6,Round of 32,round-of-32,16
12086718,6,Round of 32,round-of-32,16
12084319,6,Round of 32,round-of-32,16
12086716,6,Round of 32,round-of-32,16
12086715,6,Round of 32,round-of-32,16
12086713,6,Round of 32,round-of-32,16
12086719,6,Round of 32,round-of-32,16
12086712,6,Round of 32,round-of-32,16
12086714,6,Round of 32,round-of-32,16
12086717,6,Round of 32,round-of-32,16
12086619,5,Round of 16,round-of-16,8
12089577,5,Round of 16,round-of-16,8
12089464,5,Round of 16,round-of-16,8
12086573,5,Round of 16,round-of-16,8
12089439,5,Round of 16,round-of-16,8
12089232,5,Round of 16,round-of-16,8
12084332,5,Round of 16,round-of-16,8
12086927,5,Round of 16,round-of-16,8
12083518,6,Round of 32,round-of-32,16
12083524,6,Round of 32,round-of-32,16
12083517,6,Round of 32,round-of-32,16
12083529,6,Round of 32,round-of-32,16
12083521,6,Round of 32,round-of-32,16
12083532,6,Round of 32,round-of-32,16
12083520,6,Round of 32,round-of-32,16
12086956,6,Round of 32,round-of-32,16
12086958,6,Round of 32,round-of-32,16
12086962,6,Round of 32,round-of-32,16
12086957,6,Round of 32,round-of-32,16
12086960,6,Round of 32,round-of-32,16
12086961,6,Round of 32,round-of-32,16
12086959,6,Round of 32,round-of-32,16
12084317,6,Round of 32,round-of-32,16
12086955,6,Round of 32,round-of-32,16
12083229,6,Round of 32,round-of-32,16
12083241,6,Round of 32,round-of-32,16
12084358,6,Round of 32,round-of-32,16
12086421,6,Round of 32,round-of-32,16
12086423,6,Round of 32,round-of-32,16
12086426,6,Round of 32,round-of-32,16
12086422,6,Round of 32,round-of-32,16
12084374,6,Round of 32,round-of-32,16
12086420,6,Round of 32,round-of-32,16
12086425,6,Round of 32,round-of-32,16
12086424,6,Round of 32,round-of-32,16
12084365,6,Round of 32,round-of-32,16
12086419,6,Round of 32,round-of-32,16
12084360,6,Round of 32,round-of-32,16
12084361,6,Round of 32,round-of-32,16
12089180,5,Round of 16,round-of-16,8
12089167,5,Round of 16,round-of-16,8
12086572,5,Round of 16,round-of-16,8
12089873,5,Round of 16,round-of-16,8
12089772,5,Round of 16,round-of-16,8
12090123,5,Round of 16,round-of-16,8
12089616,5,Round of 16,round-of-16,8
12089968,5,Round of 16,round-of-16,8
12085982,6,Round of 32,round-of-32,16
12084323,6,Round of 32,round-of-32,16
12085983,6,Round of 32,round-of-32,16
12085986,6,Round of 32,round-of-32,16
12085985,6,Round of 32,round-of-32,16
12085979,6,Round of 32,round-of-32,16
12084326,6,Round of 32,round-of-32,16
12084327,6,Round of 32,round-of-32,16
12085984,6,Round of 32,round-of-32,16
12085978,6,Round of 32,round-of-32,16
12084324,6,Round of 32,round-of-32,16
12084321,6,Round of 32,round-of-32,16
12085981,6,Round of 32,round-of-32,16
12085980,6,Round of 32,round-of-32,16
12084325,5,Round of 16,round-of-16,8
12089572,5,Round of 16,round-of-16,8
12086330,5,Round of 16,round-of-16,8
12089316,5,Round of 16,round-of-16,8
12089252,5,Round of 16,round-of-16,8
12089171,5,Round of 16,round-of-16,8
12088643,5,Round of 16,round-of-16,8
12089166,5,Round of 16,round-of-16,8
12083194,6,Round of 32,round-of-32,16
12086015,6,Round of 32,round-of-32,16
12086012,6,Round of 32,round-of-32,16
12084444,6,Round of 32,round-of-32,16
12084455,6,Round of 32,round-of-32,16
12083202,6,Round of 32,round-of-32,16
12086014,6,Round of 32,round-of-32,16
12086017,6,Round of 32,round-of-32,16
12084449,6,Round of 32,round-of-32,16
12086013,6,Round of 32,round-of-32,16
12084447,6,Round of 32,round-of-32,16
12084420,6,Round of 32,round-of-32,16
12086016,6,Round of 32,round-of-32,16
12083340,6,Round of 32,round-of-32,16
12083341,6,Round of 32,round-of-32,16
12086498,6,Round of 32,round-of-32,16
12086497,6,Round of 32,round-of-32,16
12084436,6,Round of 32,round-of-32,16
12086496,6,Round of 32,round-of-32,16
12086500,6,Round of 32,round-of-32,16
12086493,6,Round of 32,round-of-32,16
12084439,6,Round of 32,round-of-32,16
12084442,6,Round of 32,round-of-32,16
12084438,6,Round of 32,round-of-32,16
12086501,6,Round of 32,round-of-32,16
12086499,6,Round of 32,round-of-32,16
12086495,6,Round of 32,round-of-32,16
12086652,5,Round of 16,round-of-16,8
12089401,5,Round of 16,round-of-16,8
12089578,5,Round of 16,round-of-16,8
12089221,5,Round of 16,round-of-16,8
12089766,5,Round of 16,round-of-16,8
12089582,5,Round of 16,round-of-16,8
12089784,5,Round of 16,round-of-16,8
12089573,5,Round of 16,round-of-16,8
12084084,6,Round of 32,round-of-32,16
12084073,6,Round of 32,round-of-32,16
12084081,6,Round of 32,round-of-32,16
12084086,6,Round of 32,round-of-32,16
12084075,6,Round of 32,round-of-32,16
12084076,6,Round of 32,round-of-32,16
12084088,6,Round of 32,round-of-32,16
12084078,6,Round of 32,round-of-32,16
12084079,6,Round of 32,round-of-32,16
12084083,6,Round of 32,round-of-32,16
12084074,6,Round of 32,round-of-32,16
12084080,6,Round of 32,round-of-32,16
12084077,6,Round of 32,round-of-32,16
12084087,6,Round of 32,round-of-32,16
12084085,6,Round of 32,round-of-32,16
12084082,6,Round of 32,round-of-32,16
12087244,5,Round of 16,round-of-16,8
12087412,5,Round of 16,round-of-16,8
12086922,5,Round of 16,round-of-16,8
12087338,5,Round of 16,round-of-16,8
12087411,5,Round of 16,round-of-16,8
12087122,5,Round of 16,round-of-16,8
12087824,5,Round of 16,round-of-16,8
12087341,5,Round of 16,round-of-16,8
12086311,6,Round of 32,round-of-32,16
12084521,6,Round of 32,round-of-32,16
12086313,6,Round of 32,round-of-32,16
12086317,6,Round of 32,round-of-32,16
12086312,6,Round of 32,round-of-32,16
12084525,6,Round of 32,round-of-32,16
12086315,6,Round of 32,round-of-32,16
12086310,6,Round of 32,round-of-32,16
12086316,6,Round of 32,round-of-32,16
12084523,6,Round of 32,round-of-32,16
12086319,6,Round of 32,round-of-32,16
12090105,5,Round of 16,round-of-16,8
12089967,5,Round of 16,round-of-16,8
12089887,5,Round of 16,round-of-16,8
12090226,5,Round of 16,round-of-16,8
12090280,5,Round of 16,round-of-16,8
12085927,5,Round of 16,round-of-16,8
12089991,5,Round of 16,round-of-16,8
12090090,5,Round of 16,round-of-16,8
12084402,6,Round of 32,round-of-32,16
12084401,6,Round of 32,round-of-32,16
12084408,6,Round of 32,round-of-32,16
12084400,6,Round of 32,round-of-32,16
12082221,6,Round of 32,round-of-32,16
12084405,6,Round of 32,round-of-32,16
12084399,6,Round of 32,round-of-32,16
12084406,6,Round of 32,round-of-32,16
12084407,6,Round of 32,round-of-32,16
12088530,5,Round of 16,round-of-16,8
12088149,5,Round of 16,round-of-16,8
12088507,5,Round of 16,round-of-16,8
12089071,5,Round of 16,round-of-16,8
12089126,5,Round of 16,round-of-16,8
12088287,5,Round of 16,round-of-16,8
12088454,5,Round of 16,round-of-16,8
12084957,5,Round of 16,round-of-16,8
12083070,6,Round of 32,round-of-32,16
12083071,6,Round of 32,round-of-32,16
12083069,6,Round of 32,round-of-32,16
12083073,6,Round of 32,round-of-32,16
12083074,6,Round of 32,round-of-32,16
12084363,6,Round of 32,round-of-32,16
12084359,6,Round of 32,round-of-32,16
12084330,6,Round of 32,round-of-32,16
12084337,6,Round of 32,round-of-32,16
12084329,6,Round of 32,round-of-32,16
12084333,6,Round of 32,round-of-32,16
12084362,6,Round of 32,round-of-32,16
12084335,6,Round of 32,round-of-32,16
12084336,6,Round of 32,round-of-32,16
12086635,5,Round of 16,round-of-16,8
12089858,5,Round of 16,round-of-16,8
12086461,5,Round of 16,round-of-16,8
12089519,5,Round of 16,round-of-16,8
12082880,6,Round of 32,round-of-32,16
12082877,6,Round of 32,round-of-32,16
12082870,6,Round of 32,round-of-32,16
12082871,6,Round of 32,round-of-32,16
12082873,6,Round of 32,round-of-32,16
12086460,5,Round of 16,round-of-16,8
12086072,5,Round of 16,round-of-16,8
12086432,5,Round of 16,round-of-16,8
12086455,5,Round of 16,round-of-16,8
12086218,5,Round of 16,round-of-16,8
12088485,5,Round of 16,round-of-16,8
12086318,5,Round of 16,round-of-16,8
12086228,5,Round of 16,round-of-16,8
12089270,27,Quarterfinal,quarterfinal,4
12089164,27,Quarterfinal,quarterfinal,4
12089520,27,Quarterfinal,quarterfinal,4
12089463,27,Quarterfinal,quarterfinal,4
12086474,6,Round of 32,round-of-32,16
12086464,6,Round of 32,round-of-32,16
12086472,6,Round of 32,round-of-32,16
12086475,6,Round of 32,round-of-32,16
12086473,6,Round of 32,round-of-32,16
12086465,6,Round of 32,round-of-32,16
12086467,6,Round of 32,round-of-32,16
12086478,6,Round of 32,round-of-32,16
12086471,6,Round of 32,round-of-32,16
12086476,6,Round of 32,round-of-32,16
12086469,6,Round of 32,round-of-32,16
12086466,6,Round of 32,round-of-32,16
12086470,6,Round of 32,round-of-32,16
12086463,6,Round of 32,round-of-32,16
12086468,6,Round of 32,round-of-32,16
12086477,6,Round of 32,round-of-32,16
12089181,5,Round of 16,round-of-16,8
12089744,5,Round of 16,round-of-16,8
12089634,5,Round of 16,round-of-16,8
12089966,5,Round of 16,round-of-16,8
12090056,5,Round of 16,round-of-16,8
12090005,5,Round of 16,round-of-16,8
12089541,5,Round of 16,round-of-16,8
12089070,5,Round of 16,round-of-16,8
12084354,6,Round of 32,round-of-32,16
12084747,6,Round of 32,round-of-32,16
12084750,6,Round of 32,round-of-32,16
12084348,6,Round of 32,round-of-32,16
12084752,6,Round of 32,round-of-32,16
12084749,6,Round of 32,round-of-32,16
12084349,6,Round of 32,round-of-32,16
12084753,6,Round of 32,round-of-32,16
12084751,6,Round of 32,round-of-32,16
12084351,6,Round of 32,round-of-32,16
12084748,6,Round of 32,round-of-32,16
12084347,6,Round of 32,round-of-32,16
12088102,5,Round of 16,round-of-16,8
12088127,5,Round of 16,round-of-16,8
12084806,5,Round of 16,round-of-16,8
12084355,5,Round of 16,round-of-16,8
12084352,5,Round of 16,round-of-16,8
12088286,5,Round of 16,round-of-16,8
12088126,5,Round of 16,round-of-16,8
12084816,5,Round of 16,round-of-16,8
12067222,5,Round of 16,round-of-16,8
12077843,6,Round of 32,round-of-32,16
12067219,5,Round of 16,round-of-16,8
12067216,5,Round of 16,round-of-16,8
12067221,5,Round of 16,round-of-16,8
12067208,5,Round of 16,round-of-16,8
12067212,5,Round of 16,round-of-16,8
12067217,5,Round of 16,round-of-16,8
12067218,5,Round of 16,round-of-16,8
12067170,5,Round of 16,round-of-16,8
12067161,5,Round of 16,round-of-16,8
12067168,5,Round of 16,round-of-16,8
12067167,5,Round of 16,round-of-16,8
12067172,5,Round of 16,round-of-16,8
12067163,5,Round of 16,round-of-16,8
12067162,27,Quarterfinal,quarterfinal,4
12067160,27,Quarterfinal,quarterfinal,4
12067171,27,Quarterfinal,quarterfinal,4
12067159,27,Quarterfinal,quarterfinal,4
12067196,5,Round of 16,round-of-16,8
12067197,5,Round of 16,round-of-16,8
12067195,5,Round of 16,round-of-16,8
12067200,5,Round of 16,round-of-16,8
12067191,5,Round of 16,round-of-16,8
12067198,5,Round of 16,round-of-16,8
12067193,5,Round of 16,round-of-16,8
12067199,5,Round of 16,round-of-16,8
12067189,27,Quarterfinal,quarterfinal,4
12067188,27,Quarterfinal,quarterfinal,4
12067190,27,Quarterfinal,quarterfinal,4
12067194,27,Quarterfinal,quarterfinal,4
12067244,5,Round of 16,round-of-16,8
12067249,5,Round of 16,round-of-16,8
12067254,5,Round of 16,round-of-16,8
12067258,27,Quarterfinal,quarterfinal,4
12067261,27,Quarterfinal,quarterfinal,4
12067255,27,Quarterfinal,quarterfinal,4
12067263,27,Quarterfinal,quarterfinal,4
12067253,28,Semifinal,semifinal,2
12067344,5,Round of 16,round-of-16,8
12078291,6,Round of 32,round-of-32,16
12078285,6,Round of 32,round-of-32,16
12067356,5,Round of 16,round-of-16,8
12067353,5,Round of 16,round-of-16,8
12067361,5,Round of 16,round-of-16,8
12067363,5,Round of 16,round-of-16,8
12067360,5,Round of 16,round-of-16,8
12067364,5,Round of 16,round-of-16,8
12067358,27,Quarterfinal,quarterfinal,4
12067354,27,Quarterfinal,quarterfinal,4
12067308,5,Round of 16,round-of-16,8
12067303,5,Round of 16,round-of-16,8
12067311,5,Round of 16,round-of-16,8
12067300,5,Round of 16,round-of-16,8
12067309,27,Quarterfinal,quarterfinal,4
12067307,27,Quarterfinal,quarterfinal,4
12067301,27,Quarterfinal,quarterfinal,4
12067306,27,Quarterfinal,quarterfinal,4
12067336,5,Round of 16,round-of-16,8
12067332,5,Round of 16,round-of-16,8
12067333,5,Round of 16,round-of-16,8
12067334,5,Round of 16,round-of-16,8
12067339,5,Round of 16,round-of-16,8
12067341,5,Round of 16,round-of-16,8
12067324,5,Round of 16,round-of-16,8
12067325,27,Quarterfinal,quarterfinal,4
12067343,27,Quarterfinal,quarterfinal,4
12067328,27,Quarterfinal,quarterfinal,4
12067326,27,Quarterfinal,quarterfinal,4
12067285,5,Round of 16,round-of-16,8
12067279,5,Round of 16,round-of-16,8
12067282,5,Round of 16,round-of-16,8
12067293,5,Round of 16,round-of-16,8
12067283,5,Round of 16,round-of-16,8
12067291,5,Round of 16,round-of-16,8
12067278,5,Round of 16,round-of-16,8
12067284,5,Round of 16,round-of-16,8
12088540,5,Round of 16,round-of-16,8
12088652,5,Round of 16,round-of-16,8
12088531,5,Round of 16,round-of-16,8
12089075,5,Round of 16,round-of-16,8
12086329,5,Round of 16,round-of-16,8
12084398,5,Round of 16,round-of-16,8
12088567,5,Round of 16,round-of-16,8
12086431,5,Round of 16,round-of-16,8
12092742,27,Quarterfinal,quarterfinal,4
12092722,27,Quarterfinal,quarterfinal,4
12092727,27,Quarterfinal,quarterfinal,4
12092728,27,Quarterfinal,quarterfinal,4
12084514,6,Round of 32,round-of-32,16
12086529,6,Round of 32,round-of-32,16
12086526,6,Round of 32,round-of-32,16
12084517,6,Round of 32,round-of-32,16
12086533,6,Round of 32,round-of-32,16
12086527,6,Round of 32,round-of-32,16
12086528,6,Round of 32,round-of-32,16
12086530,6,Round of 32,round-of-32,16
12084513,6,Round of 32,round-of-32,16
12086532,6,Round of 32,round-of-32,16
12086453,5,Round of 16,round-of-16,8
12089648,5,Round of 16,round-of-16,8
12086287,5,Round of 16,round-of-16,8
12092751,5,Round of 16,round-of-16,8
12084519,5,Round of 16,round-of-16,8
12092699,5,Round of 16,round-of-16,8
12084516,5,Round of 16,round-of-16,8
12089986,5,Round of 16,round-of-16,8
12084303,6,Round of 32,round-of-32,16
12084310,6,Round of 32,round-of-32,16
12084315,6,Round of 32,round-of-32,16
12084304,6,Round of 32,round-of-32,16
12084299,6,Round of 32,round-of-32,16
12084307,6,Round of 32,round-of-32,16
12084305,6,Round of 32,round-of-32,16
12084297,6,Round of 32,round-of-32,16
12084312,6,Round of 32,round-of-32,16
12084298,6,Round of 32,round-of-32,16
12090127,5,Round of 16,round-of-16,8
12086235,5,Round of 16,round-of-16,8
12090081,5,Round of 16,round-of-16,8
12090338,5,Round of 16,round-of-16,8
12090340,5,Round of 16,round-of-16,8
12090341,5,Round of 16,round-of-16,8
12090069,5,Round of 16,round-of-16,8
12090217,5,Round of 16,round-of-16,8
12093038,27,Quarterfinal,quarterfinal,4
12093063,27,Quarterfinal,quarterfinal,4
12093062,27,Quarterfinal,quarterfinal,4
12093039,27,Quarterfinal,quarterfinal,4
12088403,5,Round of 16,round-of-16,8
12084824,5,Round of 16,round-of-16,8
12088006,5,Round of 16,round-of-16,8
12088297,5,Round of 16,round-of-16,8
12088298,5,Round of 16,round-of-16,8
12088106,5,Round of 16,round-of-16,8
12088356,5,Round of 16,round-of-16,8
12087958,5,Round of 16,round-of-16,8
12091060,27,Quarterfinal,quarterfinal,4
12091131,27,Quarterfinal,quarterfinal,4
12091176,27,Quarterfinal,quarterfinal,4
12092627,27,Quarterfinal,quarterfinal,4
12087222,6,Round of 32,round-of-32,16
12087224,6,Round of 32,round-of-32,16
12084390,6,Round of 32,round-of-32,16
12084395,6,Round of 32,round-of-32,16
12084397,6,Round of 32,round-of-32,16
12087225,6,Round of 32,round-of-32,16
12087219,6,Round of 32,round-of-32,16
12087220,6,Round of 32,round-of-32,16
12084375,6,Round of 32,round-of-32,16
12087221,6,Round of 32,round-of-32,16
12084392,6,Round of 32,round-of-32,16
12084377,6,Round of 32,round-of-32,16
12087223,6,Round of 32,round-of-32,16
12087218,6,Round of 32,round-of-32,16
12090358,5,Round of 16,round-of-16,8
12090509,5,Round of 16,round-of-16,8
12086965,5,Round of 16,round-of-16,8
12090067,5,Round of 16,round-of-16,8
12090207,5,Round of 16,round-of-16,8
12090206,5,Round of 16,round-of-16,8
12090404,5,Round of 16,round-of-16,8
12084382,5,Round of 16,round-of-16,8
12084302,6,Round of 32,round-of-32,16
12086207,6,Round of 32,round-of-32,16
12084313,6,Round of 32,round-of-32,16
12084301,6,Round of 32,round-of-32,16
12086205,6,Round of 32,round-of-32,16
12089169,5,Round of 16,round-of-16,8
12089560,5,Round of 16,round-of-16,8
12089570,5,Round of 16,round-of-16,8
12089569,5,Round of 16,round-of-16,8
12089315,5,Round of 16,round-of-16,8
12089785,5,Round of 16,round-of-16,8
12089089,5,Round of 16,round-of-16,8
12089990,5,Round of 16,round-of-16,8
12092857,27,Quarterfinal,quarterfinal,4
12092948,27,Quarterfinal,quarterfinal,4
12093076,27,Quarterfinal,quarterfinal,4
12092757,27,Quarterfinal,quarterfinal,4
12084823,5,Round of 16,round-of-16,8
12088015,5,Round of 16,round-of-16,8
12088274,5,Round of 16,round-of-16,8
12088285,5,Round of 16,round-of-16,8
12087903,5,Round of 16,round-of-16,8
12084815,5,Round of 16,round-of-16,8
12088272,5,Round of 16,round-of-16,8
12087902,5,Round of 16,round-of-16,8
12091036,27,Quarterfinal,quarterfinal,4
12091243,27,Quarterfinal,quarterfinal,4
12091244,27,Quarterfinal,quarterfinal,4
12091122,27,Quarterfinal,quarterfinal,4
12086544,6,Round of 32,round-of-32,16
12084350,6,Round of 32,round-of-32,16
12086541,6,Round of 32,round-of-32,16
12086542,6,Round of 32,round-of-32,16
12086547,6,Round of 32,round-of-32,16
12090068,5,Round of 16,round-of-16,8
12086969,5,Round of 16,round-of-16,8
12089571,5,Round of 16,round-of-16,8
12089886,5,Round of 16,round-of-16,8
12086511,5,Round of 16,round-of-16,8
12089170,5,Round of 16,round-of-16,8
12084322,5,Round of 16,round-of-16,8
12089649,5,Round of 16,round-of-16,8
12093084,27,Quarterfinal,quarterfinal,4
12093534,27,Quarterfinal,quarterfinal,4
12093686,27,Quarterfinal,quarterfinal,4
12086713,6,Round of 32,round-of-32,16
12086719,6,Round of 32,round-of-32,16
12086712,6,Round of 32,round-of-32,16
12086714,6,Round of 32,round-of-32,16
12086717,6,Round of 32,round-of-32,16
12086619,5,Round of 16,round-of-16,8
12089577,5,Round of 16,round-of-16,8
12089464,5,Round of 16,round-of-16,8
12086573,5,Round of 16,round-of-16,8
12089439,5,Round of 16,round-of-16,8
12089232,5,Round of 16,round-of-16,8
12084332,5,Round of 16,round-of-16,8
12086927,5,Round of 16,round-of-16,8
12093368,27,Quarterfinal,quarterfinal,4
12093415,27,Quarterfinal,quarterfinal,4
12086956,6,Round of 32,round-of-32,16
12086958,6,Round of 32,round-of-32,16
12086962,6,Round of 32,round-of-32,16
12086957,6,Round of 32,round-of-32,16
12086960,6,Round of 32,round-of-32,16
12086961,6,Round of 32,round-of-32,16
12086959,6,Round of 32,round-of-32,16
12084317,6,Round of 32,round-of-32,16
12086955,6,Round of 32,round-of-32,16
12089720,5,Round of 16,round-of-16,8
12090102,5,Round of 16,round-of-16,8
12090144,5,Round of 16,round-of-16,8
12086699,5,Round of 16,round-of-16,8
12089770,5,Round of 16,round-of-16,8
12087000,5,Round of 16,round-of-16,8
12086817,5,Round of 16,round-of-16,8
12090070,5,Round of 16,round-of-16,8
12093647,27,Quarterfinal,quarterfinal,4
12086425,6,Round of 32,round-of-32,16
12086424,6,Round of 32,round-of-32,16
12084365,6,Round of 32,round-of-32,16
12086419,6,Round of 32,round-of-32,16
12084360,6,Round of 32,round-of-32,16
12084361,6,Round of 32,round-of-32,16
12089180,5,Round of 16,round-of-16,8
12089167,5,Round of 16,round-of-16,8
12086572,5,Round of 16,round-of-16,8
12089873,5,Round of 16,round-of-16,8
12089772,5,Round of 16,round-of-16,8
12090123,5,Round of 16,round-of-16,8
12089616,5,Round of 16,round-of-16,8
12089968,5,Round of 16,round-of-16,8
12093160,27,Quarterfinal,quarterfinal,4
12093401,27,Quarterfinal,quarterfinal,4
12093324,27,Quarterfinal,quarterfinal,4
12093486,27,Quarterfinal,quarterfinal,4
12084325,5,Round of 16,round-of-16,8
12089572,5,Round of 16,round-of-16,8
12086330,5,Round of 16,round-of-16,8
12089316,5,Round of 16,round-of-16,8
12089252,5,Round of 16,round-of-16,8
12089171,5,Round of 16,round-of-16,8
12088643,5,Round of 16,round-of-16,8
12089166,5,Round of 16,round-of-16,8
12092918,27,Quarterfinal,quarterfinal,4
12092703,27,Quarterfinal,quarterfinal,4
12092720,27,Quarterfinal,quarterfinal,4
12092796,27,Quarterfinal,quarterfinal,4
12083202,6,Round of 32,round-of-32,16
12086013,6,Round of 32,round-of-32,16
12086014,6,Round of 32,round-of-32,16
12086015,6,Round of 32,round-of-32,16
12086012,6,Round of 32,round-of-32,16
12084444,6,Round of 32,round-of-32,16
12084455,6,Round of 32,round-of-32,16
12086017,6,Round of 32,round-of-32,16
12084449,6,Round of 32,round-of-32,16
12084447,6,Round of 32,round-of-32,16
12084420,6,Round of 32,round-of-32,16
12086016,6,Round of 32,round-of-32,16
12086011,6,Round of 32,round-of-32,16
12093075,5,Round of 16,round-of-16,8
12092779,5,Round of 16,round-of-16,8
12086459,5,Round of 16,round-of-16,8
12093068,5,Round of 16,round-of-16,8
12093051,5,Round of 16,round-of-16,8
12093083,5,Round of 16,round-of-16,8
12093052,5,Round of 16,round-of-16,8
12093416,5,Round of 16,round-of-16,8
12084438,6,Round of 32,round-of-32,16
12086501,6,Round of 32,round-of-32,16
12086499,6,Round of 32,round-of-32,16
12086495,6,Round of 32,round-of-32,16
12086652,5,Round of 16,round-of-16,8
12089401,5,Round of 16,round-of-16,8
12089578,5,Round of 16,round-of-16,8
12089221,5,Round of 16,round-of-16,8
12089766,5,Round of 16,round-of-16,8
12089582,5,Round of 16,round-of-16,8
12089784,5,Round of 16,round-of-16,8
12089573,5,Round of 16,round-of-16,8
12093003,27,Quarterfinal,quarterfinal,4
12093085,27,Quarterfinal,quarterfinal,4
12093208,27,Quarterfinal,quarterfinal,4
12093189,27,Quarterfinal,quarterfinal,4
12087244,5,Round of 16,round-of-16,8
12087412,5,Round of 16,round-of-16,8
12086922,5,Round of 16,round-of-16,8
12087338,5,Round of 16,round-of-16,8
12087411,5,Round of 16,round-of-16,8
12087122,5,Round of 16,round-of-16,8
12087824,5,Round of 16,round-of-16,8
12087341,5,Round of 16,round-of-16,8
12090294,27,Quarterfinal,quarterfinal,4
12090557,27,Quarterfinal,quarterfinal,4
12090343,27,Quarterfinal,quarterfinal,4
12090208,27,Quarterfinal,quarterfinal,4
12086311,6,Round of 32,round-of-32,16
12084521,6,Round of 32,round-of-32,16
12086313,6,Round of 32,round-of-32,16
12086317,6,Round of 32,round-of-32,16
12086312,6,Round of 32,round-of-32,16
12084525,6,Round of 32,round-of-32,16
12086315,6,Round of 32,round-of-32,16
12086310,6,Round of 32,round-of-32,16
12086316,6,Round of 32,round-of-32,16
12084523,6,Round of 32,round-of-32,16
12086319,6,Round of 32,round-of-32,16
12090105,5,Round of 16,round-of-16,8
12089967,5,Round of 16,round-of-16,8
12089887,5,Round of 16,round-of-16,8
12090226,5,Round of 16,round-of-16,8
12090280,5,Round of 16,round-of-16,8
12085927,5,Round of 16,round-of-16,8
12089991,5,Round of 16,round-of-16,8
12090090,5,Round of 16,round-of-16,8
12092780,27,Quarterfinal,quarterfinal,4
12092752,27,Quarterfinal,quarterfinal,4
12093058,27,Quarterfinal,quarterfinal,4
12092971,27,Quarterfinal,quarterfinal,4
12088530,5,Round of 16,round-of-16,8
12088149,5,Round of 16,round-of-16,8
12088507,5,Round of 16,round-of-16,8
12089071,5,Round of 16,round-of-16,8
12089126,5,Round of 16,round-of-16,8
12088287,5,Round of 16,round-of-16,8
12088454,5,Round of 16,round-of-16,8
12084957,5,Round of 16,round-of-16,8
12091121,27,Quarterfinal,quarterfinal,4
12091245,27,Quarterfinal,quarterfinal,4
12091226,27,Quarterfinal,quarterfinal,4
12091261,27,Quarterfinal,quarterfinal,4
12084337,6,Round of 32,round-of-32,16
12084329,6,Round of 32,round-of-32,16
12084333,6,Round of 32,round-of-32,16
12084362,6,Round of 32,round-of-32,16
12084335,6,Round of 32,round-of-32,16
12084336,6,Round of 32,round-of-32,16
12086635,5,Round of 16,round-of-16,8
12089858,5,Round of 16,round-of-16,8
12086461,5,Round of 16,round-of-16,8
12089519,5,Round of 16,round-of-16,8
12090050,5,Round of 16,round-of-16,8
12090104,5,Round of 16,round-of-16,8
12086597,5,Round of 16,round-of-16,8
12090033,5,Round of 16,round-of-16,8
12093384,27,Quarterfinal,quarterfinal,4
12093133,27,Quarterfinal,quarterfinal,4
12093570,27,Quarterfinal,quarterfinal,4
12089270,27,Quarterfinal,quarterfinal,4
12089164,27,Quarterfinal,quarterfinal,4
12089520,27,Quarterfinal,quarterfinal,4
12089463,27,Quarterfinal,quarterfinal,4
12092723,28,Semifinal,semifinal,2
12092716,28,Semifinal,semifinal,2
12086476,6,Round of 32,round-of-32,16
12086469,6,Round of 32,round-of-32,16
12086466,6,Round of 32,round-of-32,16
12086470,6,Round of 32,round-of-32,16
12086463,6,Round of 32,round-of-32,16
12086468,6,Round of 32,round-of-32,16
12086477,6,Round of 32,round-of-32,16
12089181,5,Round of 16,round-of-16,8
12089744,5,Round of 16,round-of-16,8
12089634,5,Round of 16,round-of-16,8
12089966,5,Round of 16,round-of-16,8
12090056,5,Round of 16,round-of-16,8
12090005,5,Round of 16,round-of-16,8
12089541,5,Round of 16,round-of-16,8
12089070,5,Round of 16,round-of-16,8
12092919,27,Quarterfinal,quarterfinal,4
12092881,27,Quarterfinal,quarterfinal,4
12092696,27,Quarterfinal,quarterfinal,4
12093061,27,Quarterfinal,quarterfinal,4
12088102,5,Round of 16,round-of-16,8
12088127,5,Round of 16,round-of-16,8
12084806,5,Round of 16,round-of-16,8
12084355,5,Round of 16,round-of-16,8
12084352,5,Round of 16,round-of-16,8
12088286,5,Round of 16,round-of-16,8
12088126,5,Round of 16,round-of-16,8
12084816,5,Round of 16,round-of-16,8
12091132,27,Quarterfinal,quarterfinal,4
12091061,27,Quarterfinal,quarterfinal,4
12091008,27,Quarterfinal,quarterfinal,4
12091013,27,Quarterfinal,quarterfinal,4
12067219,5,Round of 16,round-of-16,8
12067216,5,Round of 16,round-of-16,8
12067221,5,Round of 16,round-of-16,8
12067208,5,Round of 16,round-of-16,8
12067212,5,Round of 16,round-of-16,8
12067217,5,Round of 16,round-of-16,8
12067218,5,Round of 16,round-of-16,8
12067211,27,Quarterfinal,quarterfinal,4
12067220,27,Quarterfinal,quarterfinal,4
12067214,27,Quarterfinal,quarterfinal,4
12067215,27,Quarterfinal,quarterfinal,4
12067160,27,Quarterfinal,quarterfinal,4
12067171,27,Quarterfinal,quarterfinal,4
12067159,27,Quarterfinal,quarterfinal,4
12067165,28,Semifinal,semifinal,2
12067169,28,Semifinal,semifinal,2
12067189,27,Quarterfinal,quarterfinal,4
12067188,27,Quarterfinal,quarterfinal,4
12067190,27,Quarterfinal,quarterfinal,4
12067194,27,Quarterfinal,quarterfinal,4
12067187,28,Semifinal,semifinal,2
12067201,28,Semifinal,semifinal,2
12067255,27,Quarterfinal,quarterfinal,4
12067263,27,Quarterfinal,quarterfinal,4
12067253,28,Semifinal,semifinal,2
12067252,28,Semifinal,semifinal,2
12095972,1,Qualification round 1,qualification-round-1,
12095974,1,Qualification round 1,qualification-round-1,
12095977,1,Qualification round 1,qualification-round-1,
12095976,1,Qualification round 1,qualification-round-1,
12095973,1,Qualification round 1,qualification-round-1,
12095978,1,Qualification round 1,qualification-round-1,
12095975,1,Qualification round 1,qualification-round-1,
12095971,1,Qualification round 1,qualification-round-1,
12067353,5,Round of 16,round-of-16,8
12067361,5,Round of 16,round-of-16,8
12067363,5,Round of 16,round-of-16,8
12067360,5,Round of 16,round-of-16,8
12067364,5,Round of 16,round-of-16,8
12067358,27,Quarterfinal,quarterfinal,4
12067354,27,Quarterfinal,quarterfinal,4
12067362,27,Quarterfinal,quarterfinal,4
12067349,27,Quarterfinal,quarterfinal,4
12067300,5,Round of 16,round-of-16,8
12067309,27,Quarterfinal,quarterfinal,4
12067307,27,Quarterfinal,quarterfinal,4
12067301,27,Quarterfinal,quarterfinal,4
12067306,27,Quarterfinal,quarterfinal,4
12067304,28,Semifinal,semifinal,2
12067305,28,Semifinal,semifinal,2
12067341,5,Round of 16,round-of-16,8
12067324,5,Round of 16,round-of-16,8
12067325,27,Quarterfinal,quarterfinal,4
12067343,27,Quarterfinal,quarterfinal,4
12067328,27,Quarterfinal,quarterfinal,4
12067326,27,Quarterfinal,quarterfinal,4
12067342,28,Semifinal,semifinal,2
12067335,28,Semifinal,semifinal,2
12067283,5,Round of 16,round-of-16,8
12067291,5,Round of 16,round-of-16,8
12067278,5,Round of 16,round-of-16,8
12067284,5,Round of 16,round-of-16,8
12067287,27,Quarterfinal,quarterfinal,4
12067292,27,Quarterfinal,quarterfinal,4
12067286,27,Quarterfinal,quarterfinal,4
12067289,27,Quarterfinal,quarterfinal,4
12092742,27,Quarterfinal,quarterfinal,4
12092722,27,Quarterfinal,quarterfinal,4
12092727,27,Quarterfinal,quarterfinal,4
12092728,27,Quarterfinal,quarterfinal,4
12095412,28,Semifinal,semifinal,2
12095657,28,Semifinal,semifinal,2
12086453,5,Round of 16,round-of-16,8
12089648,5,Round of 16,round-of-16,8
12086287,5,Round of 16,round-of-16,8
12092751,5,Round of 16,round-of-16,8
12084519,5,Round of 16,round-of-16,8
12092699,5,Round of 16,round-of-16,8
12084516,5,Round of 16,round-of-16,8
12089986,5,Round of 16,round-of-16,8
12095718,27,Quarterfinal,quarterfinal,4
12095360,27,Quarterfinal,quarterfinal,4
12095231,27,Quarterfinal,quarterfinal,4
12095628,27,Quarterfinal,quarterfinal,4
12098083,28,Semifinal,semifinal,2
12098082,28,Semifinal,semifinal,2
12093038,27,Quarterfinal,quarterfinal,4
12093063,27,Quarterfinal,quarterfinal,4
12093062,27,Quarterfinal,quarterfinal,4
12093039,27,Quarterfinal,quarterfinal,4
12095359,28,Semifinal,semifinal,2
12095630,28,Semifinal,semifinal,2
12091060,27,Quarterfinal,quarterfinal,4
12091131,27,Quarterfinal,quarterfinal,4
12091176,27,Quarterfinal,quarterfinal,4
12092627,27,Quarterfinal,quarterfinal,4
12094587,28,Semifinal,semifinal,2
12094775,28,Semifinal,semifinal,2
12090358,5,Round of 16,round-of-16,8
12090509,5,Round of 16,round-of-16,8
12086965,5,Round of 16,round-of-16,8
12090067,5,Round of 16,round-of-16,8
12090207,5,Round of 16,round-of-16,8
12090206,5,Round of 16,round-of-16,8
12090404,5,Round of 16,round-of-16,8
12084382,5,Round of 16,round-of-16,8
12093724,27,Quarterfinal,quarterfinal,4
12093818,27,Quarterfinal,quarterfinal,4
12093760,27,Quarterfinal,quarterfinal,4
12093777,27,Quarterfinal,quarterfinal,4
12092857,27,Quarterfinal,quarterfinal,4
12092948,27,Quarterfinal,quarterfinal,4
12093076,27,Quarterfinal,quarterfinal,4
12092757,27,Quarterfinal,quarterfinal,4
12095304,28,Semifinal,semifinal,2
12095318,28,Semifinal,semifinal,2
12091036,27,Quarterfinal,quarterfinal,4
12091243,27,Quarterfinal,quarterfinal,4
12091244,27,Quarterfinal,quarterfinal,4
12091122,27,Quarterfinal,quarterfinal,4
12094567,28,Semifinal,semifinal,2
12094629,28,Semifinal,semifinal,2
12086511,5,Round of 16,round-of-16,8
12089170,5,Round of 16,round-of-16,8
12084322,5,Round of 16,round-of-16,8
12089649,5,Round of 16,round-of-16,8
12093084,27,Quarterfinal,quarterfinal,4
12093534,27,Quarterfinal,quarterfinal,4
12093686,27,Quarterfinal,quarterfinal,4
12093074,27,Quarterfinal,quarterfinal,4
12095992,28,Semifinal,semifinal,2
12095739,28,Semifinal,semifinal,2
12089439,5,Round of 16,round-of-16,8
12089232,5,Round of 16,round-of-16,8
12084332,5,Round of 16,round-of-16,8
12086927,5,Round of 16,round-of-16,8
12093368,27,Quarterfinal,quarterfinal,4
12093415,27,Quarterfinal,quarterfinal,4
12093713,27,Quarterfinal,quarterfinal,4
12096060,28,Semifinal,semifinal,2
12093729,27,Quarterfinal,quarterfinal,4
12098312,28,Semifinal,semifinal,2
12089720,5,Round of 16,round-of-16,8
12090102,5,Round of 16,round-of-16,8
12090144,5,Round of 16,round-of-16,8
12086699,5,Round of 16,round-of-16,8
12089770,5,Round of 16,round-of-16,8
12087000,5,Round of 16,round-of-16,8
12086817,5,Round of 16,round-of-16,8
12090070,5,Round of 16,round-of-16,8
12093647,27,Quarterfinal,quarterfinal,4
12093759,27,Quarterfinal,quarterfinal,4
12093861,27,Quarterfinal,quarterfinal,4
12093902,27,Quarterfinal,quarterfinal,4
12084320,5,Round of 16,round-of-16,8
12084318,5,Round of 16,round-of-16,8
12089616,5,Round of 16,round-of-16,8
12089968,5,Round of 16,round-of-16,8
12093160,27,Quarterfinal,quarterfinal,4
12093401,27,Quarterfinal,quarterfinal,4
12093324,27,Quarterfinal,quarterfinal,4
12093486,27,Quarterfinal,quarterfinal,4
12095710,28,Semifinal,semifinal,2
12095769,28,Semifinal,semifinal,2
12092918,27,Quarterfinal,quarterfinal,4
12092703,27,Quarterfinal,quarterfinal,4
12092720,27,Quarterfinal,quarterfinal,4
12092796,27,Quarterfinal,quarterfinal,4
12084338,5,Round of 16,round-of-16,8
12095411,28,Semifinal,semifinal,2
12095570,28,Semifinal,semifinal,2
12084420,6,Round of 32,round-of-32,16
12086016,6,Round of 32,round-of-32,16
12086011,6,Round of 32,round-of-32,16
12093075,5,Round of 16,round-of-16,8
12092779,5,Round of 16,round-of-16,8
12086459,5,Round of 16,round-of-16,8
12093068,5,Round of 16,round-of-16,8
12093051,5,Round of 16,round-of-16,8
12093083,5,Round of 16,round-of-16,8
12093052,5,Round of 16,round-of-16,8
12093416,5,Round of 16,round-of-16,8
12095440,27,Quarterfinal,quarterfinal,4
12095629,27,Quarterfinal,quarterfinal,4
12095577,27,Quarterfinal,quarterfinal,4
12095422,27,Quarterfinal,quarterfinal,4
12097965,28,Semifinal,semifinal,2
12098297,28,Semifinal,semifinal,2
12089582,5,Round of 16,round-of-16,8
12089784,5,Round of 16,round-of-16,8
12089573,5,Round of 16,round-of-16,8
12093003,27,Quarterfinal,quarterfinal,4
12093085,27,Quarterfinal,quarterfinal,4
12093208,27,Quarterfinal,quarterfinal,4
12093189,27,Quarterfinal,quarterfinal,4
12084450,5,Round of 16,round-of-16,8
12084440,5,Round of 16,round-of-16,8
12095626,28,Semifinal,semifinal,2
12095562,28,Semifinal,semifinal,2
12090294,27,Quarterfinal,quarterfinal,4
12090557,27,Quarterfinal,quarterfinal,4
12090343,27,Quarterfinal,quarterfinal,4
12090208,27,Quarterfinal,quarterfinal,4
12094021,28,Semifinal,semifinal,2
12094044,28,Semifinal,semifinal,2
12092780,27,Quarterfinal,quarterfinal,4
12092752,27,Quarterfinal,quarterfinal,4
12093058,27,Quarterfinal,quarterfinal,4
12092971,27,Quarterfinal,quarterfinal,4
12095346,28,Semifinal,semifinal,2
12095413,28,Semifinal,semifinal,2
12091121,27,Quarterfinal,quarterfinal,4
12091245,27,Quarterfinal,quarterfinal,4
12091226,27,Quarterfinal,quarterfinal,4
12091261,27,Quarterfinal,quarterfinal,4
12094569,28,Semifinal,semifinal,2
12094568,28,Semifinal,semifinal,2
12086461,5,Round of 16,round-of-16,8
12089519,5,Round of 16,round-of-16,8
12090050,5,Round of 16,round-of-16,8
12090104,5,Round of 16,round-of-16,8
12086597,5,Round of 16,round-of-16,8
12090033,5,Round of 16,round-of-16,8
12093384,27,Quarterfinal,quarterfinal,4
12093133,27,Quarterfinal,quarterfinal,4
12093570,27,Quarterfinal,quarterfinal,4
12093767,27,Quarterfinal,quarterfinal,4
12095897,28,Semifinal,semifinal,2
12096217,28,Semifinal,semifinal,2
12092723,28,Semifinal,semifinal,2
12092716,28,Semifinal,semifinal,2
12095423,29,Final,final,1
12092919,27,Quarterfinal,quarterfinal,4
12092881,27,Quarterfinal,quarterfinal,4
12092696,27,Quarterfinal,quarterfinal,4
12093061,27,Quarterfinal,quarterfinal,4
12095523,28,Semifinal,semifinal,2
12095410,28,Semifinal,semifinal,2
12091132,27,Quarterfinal,quarterfinal,4
12091061,27,Quarterfinal,quarterfinal,4
12091008,27,Quarterfinal,quarterfinal,4
12091013,27,Quarterfinal,quarterfinal,4
12094566,28,Semifinal,semifinal,2
12094550,28,Semifinal,semifinal,2
12067211,27,Quarterfinal,quarterfinal,4
12067220,27,Quarterfinal,quarterfinal,4
12067214,27,Quarterfinal,quarterfinal,4
12067215,27,Quarterfinal,quarterfinal,4
12067209,28,Semifinal,semifinal,2
12067213,28,Semifinal,semifinal,2
12067165,28,Semifinal,semifinal,2
12067169,28,Semifinal,semifinal,2
12067158,29,Final,final,1
12067187,28,Semifinal,semifinal,2
12067201,28,Semifinal,semifinal,2
12067192,29,Final,final,1
12067253,28,Semifinal,semifinal,2
12067252,28,Semifinal,semifinal,2
12067268,29,Final,final,1
12097137,5,Round of 16,round-of-16,8
12097134,5,Round of 16,round-of-16,8
12097135,5,Round of 16,round-of-16,8
12097139,5,Round of 16,round-of-16,8
12097136,5,Round of 16,round-of-16,8
12097140,5,Round of 16,round-of-16,8
12097138,5,Round of 16,round-of-16,8
12097141,5,Round of 16,round-of-16,8
12095972,1,Qualification round 1,qualification-round-1,
12095974,1,Qualification round 1,qualification-round-1,
12095977,1,Qualification round 1,qualification-round-1,
12095976,1,Qualification round 1,qualification-round-1,
12095973,1,Qualification round 1,qualification-round-1,
12095978,1,Qualification round 1,qualification-round-1,
12095975,1,Qualification round 1,qualification-round-1,
12095971,1,Qualification round 1,qualification-round-1,
12097144,1,Qualification round 1,qualification-round-1,
12097142,1,Qualification round 1,qualification-round-1,
12097146,1,Qualification round 1,qualification-round-1,
12097148,1,Qualification round 1,qualification-round-1,
12097143,1,Qualification round 1,qualification-round-1,
12098903,1,Qualification round 1,qualification-round-1,
12097145,1,Qualification round 1,qualification-round-1,
12097147,1,Qualification round 1,qualification-round-1,
12097149,1,Qualification round 1,qualification-round-1,
12097163,1,Qualification round 1,qualification-round-1,
12097164,1,Qualification round 1,qualification-round-1,
12097162,1,Qualification round 1,qualification-round-1,
12097165,1,Qualification round 1,qualification-round-1,
12097167,1,Qualification round 1,qualification-round-1,
12097166,1,Qualification round 1,qualification-round-1,
12097171,1,Qualification round 1,qualification-round-1,
12097168,1,Qualification round 1,qualification-round-1,
12097169,1,Qualification round 1,qualification-round-1,
12097170,1,Qualification round 1,qualification-round-1,
12097172,1,Qualification round 1,qualification-round-1,
12097173,1,Qualification round 1,qualification-round-1,
12097131,1,Qualification round 1,qualification-round-1,
12097118,1,Qualification round 1,qualification-round-1,
12097119,1,Qualification round 1,qualification-round-1,
12097128,1,Qualification round 1,qualification-round-1,
12097125,1,Qualification round 1,qualification-round-1,
12097129,1,Qualification round 1,qualification-round-1,
12097124,1,Qualification round 1,qualification-round-1,
12097123,1,Qualification round 1,qualification-round-1,
12097122,1,Qualification round 1,qualification-round-1,
12097126,1,Qualification round 1,qualification-round-1,
12097130,1,Qualification round 1,qualification-round-1,
12097127,1,Qualification round 1,qualification-round-1,
12067358,27,Quarterfinal,quarterfinal,4
12067354,27,Quarterfinal,quarterfinal,4
12067362,27,Quarterfinal,quarterfinal,4
12067349,27,Quarterfinal,quarterfinal,4
12067350,28,Semifinal,semifinal,2
12067346,28,Semifinal,semifinal,2
12067306,27,Quarterfinal,quarterfinal,4
12067304,28,Semifinal,semifinal,2
12067305,28,Semifinal,semifinal,2
12067302,29,Final,final,1
12067328,27,Quarterfinal,quarterfinal,4
12067326,27,Quarterfinal,quarterfinal,4
12067342,28,Semifinal,semifinal,2
12067335,28,Semifinal,semifinal,2
12067340,29,Final,final,1
12099689,1,Qualification round 1,qualification-round-1,
12099681,1,Qualification round 1,qualification-round-1,
12099688,1,Qualification round 1,qualification-round-1,
12099690,1,Qualification round 1,qualification-round-1,
12099697,1,Qualification round 1,qualification-round-1,
12099691,1,Qualification round 1,qualification-round-1,
12099695,1,Qualification round 1,qualification-round-1,
12099698,1,Qualification round 1,qualification-round-1,
12099705,1,Qualification round 1,qualification-round-1,
12099704,1,Qualification round 1,qualification-round-1,
12099696,1,Qualification round 1,qualification-round-1,
12099703,1,Qualification round 1,qualification-round-1,
12099606,1,Qualification round 1,qualification-round-1,
12099607,1,Qualification round 1,qualification-round-1,
12099625,1,Qualification round 1,qualification-round-1,
12099626,1,Qualification round 1,qualification-round-1,
12099624,1,Qualification round 1,qualification-round-1,
12099634,1,Qualification round 1,qualification-round-1,
12099633,1,Qualification round 1,qualification-round-1,
12098837,1,Qualification round 1,qualification-round-1,
12098840,1,Qualification round 1,qualification-round-1,
12098847,1,Qualification round 1,qualification-round-1,
12098839,1,Qualification round 1,qualification-round-1,
12098846,1,Qualification round 1,qualification-round-1,
12098836,1,Qualification round 1,qualification-round-1,
12098841,1,Qualification round 1,qualification-round-1,
12098842,1,Qualification round 1,qualification-round-1,
12098838,1,Qualification round 1,qualification-round-1,
12098845,1,Qualification round 1,qualification-round-1,
12098844,1,Qualification round 1,qualification-round-1,
12098843,1,Qualification round 1,qualification-round-1,
12100048,1,Qualification round 1,qualification-round-1,
12100040,1,Qualification round 1,qualification-round-1,
12100045,1,Qualification round 1,qualification-round-1,
12100047,1,Qualification round 1,qualification-round-1,
12100049,1,Qualification round 1,qualification-round-1,
12100043,1,Qualification round 1,qualification-round-1,
12100052,1,Qualification round 1,qualification-round-1,
12067287,27,Quarterfinal,quarterfinal,4
12067292,27,Quarterfinal,quarterfinal,4
12067286,27,Quarterfinal,quarterfinal,4
12067289,27,Quarterfinal,quarterfinal,4
12067290,28,Semifinal,semifinal,2
12067288,28,Semifinal,semifinal,2
12095412,28,Semifinal,semifinal,2
12095657,28,Semifinal,semifinal,2
12098033,29,Final,final,1
12095718,27,Quarterfinal,quarterfinal,4
12095360,27,Quarterfinal,quarterfinal,4
12095231,27,Quarterfinal,quarterfinal,4
12095628,27,Quarterfinal,quarterfinal,4
12098083,28,Semifinal,semifinal,2
12098082,28,Semifinal,semifinal,2
12098854,29,Final,final,1
12095359,28,Semifinal,semifinal,2
12095630,28,Semifinal,semifinal,2
12098605,29,Final,final,1
12094587,28,Semifinal,semifinal,2
12094775,28,Semifinal,semifinal,2
12097161,29,Final,final,1
12093724,27,Quarterfinal,quarterfinal,4
12093818,27,Quarterfinal,quarterfinal,4
12093760,27,Quarterfinal,quarterfinal,4
12093777,27,Quarterfinal,quarterfinal,4
12096061,28,Semifinal,semifinal,2
12096338,28,Semifinal,semifinal,2
12095304,28,Semifinal,semifinal,2
12095318,28,Semifinal,semifinal,2
12097983,29,Final,final,1
12094567,28,Semifinal,semifinal,2
12094629,28,Semifinal,semifinal,2
12097231,29,Final,final,1
12093686,27,Quarterfinal,quarterfinal,4
12093074,27,Quarterfinal,quarterfinal,4
12095992,28,Semifinal,semifinal,2
12095739,28,Semifinal,semifinal,2
12099275,29,Final,final,1
12093368,27,Quarterfinal,quarterfinal,4
12093713,27,Quarterfinal,quarterfinal,4
12093729,27,Quarterfinal,quarterfinal,4
12096060,28,Semifinal,semifinal,2
12098312,28,Semifinal,semifinal,2
12093647,27,Quarterfinal,quarterfinal,4
12093759,27,Quarterfinal,quarterfinal,4
12093861,27,Quarterfinal,quarterfinal,4
12093902,27,Quarterfinal,quarterfinal,4
12096221,28,Semifinal,semifinal,2
12096055,28,Semifinal,semifinal,2
12095710,28,Semifinal,semifinal,2
12095769,28,Semifinal,semifinal,2
12098597,29,Final,final,1
12095411,28,Semifinal,semifinal,2
12095570,28,Semifinal,semifinal,2
12098960,29,Final,final,1
12095440,27,Quarterfinal,quarterfinal,4
12095629,27,Quarterfinal,quarterfinal,4
12095577,27,Quarterfinal,quarterfinal,4
12095422,27,Quarterfinal,quarterfinal,4
12097965,28,Semifinal,semifinal,2
12098297,28,Semifinal,semifinal,2
12098995,29,Final,final,1
12095626,28,Semifinal,semifinal,2
12095562,28,Semifinal,semifinal,2
12098589,29,Final,final,1
12094021,28,Semifinal,semifinal,2
12094044,28,Semifinal,semifinal,2
12096370,29,Final,final,1
12095346,28,Semifinal,semifinal,2
12095413,28,Semifinal,semifinal,2
12098190,29,Final,final,1
12094569,28,Semifinal,semifinal,2
12094568,28,Semifinal,semifinal,2
12097188,29,Final,final,1
12093133,27,Quarterfinal,quarterfinal,4
12093570,27,Quarterfinal,quarterfinal,4
12093767,27,Quarterfinal,quarterfinal,4
12095897,28,Semifinal,semifinal,2
12096217,28,Semifinal,semifinal,2
12098997,29,Final,final,1
12095423,29,Final,final,1
12095523,28,Semifinal,semifinal,2
12095410,28,Semifinal,semifinal,2
12098214,29,Final,final,1
12094566,28,Semifinal,semifinal,2
12094550,28,Semifinal,semifinal,2
12097150,29,Final,final,1
12099343,1,Qualification round 1,qualification-round-1,
12099155,1,Qualification round 1,qualification-round-1,
12099580,1,Qualification round 1,qualification-round-1,
12098339,6,Round of 32,round-of-32,16
12098338,6,Round of 32,round-of-32,16
12098334,6,Round of 32,round-of-32,16
12102031,6,Round of 32,round-of-32,16
12067209,28,Semifinal,semifinal,2
12067213,28,Semifinal,semifinal,2
12067207,29,Final,final,1
12067158,29,Final,final,1
12067192,29,Final,final,1
12067268,29,Final,final,1
12097137,5,Round of 16,round-of-16,8
12097134,5,Round of 16,round-of-16,8
12097135,5,Round of 16,round-of-16,8
12097139,5,Round of 16,round-of-16,8
12097136,5,Round of 16,round-of-16,8
12097140,5,Round of 16,round-of-16,8
12097138,5,Round of 16,round-of-16,8
12097141,5,Round of 16,round-of-16,8
12097144,1,Qualification round 1,qualification-round-1,
12097142,1,Qualification round 1,qualification-round-1,
12097146,1,Qualification round 1,qualification-round-1,
12097148,1,Qualification round 1,qualification-round-1,
12097143,1,Qualification round 1,qualification-round-1,
12098903,1,Qualification round 1,qualification-round-1,
12097145,1,Qualification round 1,qualification-round-1,
12097147,1,Qualification round 1,qualification-round-1,
12097149,1,Qualification round 1,qualification-round-1,
12097163,1,Qualification round 1,qualification-round-1,
12097164,1,Qualification round 1,qualification-round-1,
12097162,1,Qualification round 1,qualification-round-1,
12097165,1,Qualification round 1,qualification-round-1,
12097167,1,Qualification round 1,qualification-round-1,
12097166,1,Qualification round 1,qualification-round-1,
12097171,1,Qualification round 1,qualification-round-1,
12097168,1,Qualification round 1,qualification-round-1,
12097169,1,Qualification round 1,qualification-round-1,
12097170,1,Qualification round 1,qualification-round-1,
12097172,1,Qualification round 1,qualification-round-1,
12097173,1,Qualification round 1,qualification-round-1,
12097131,1,Qualification round 1,qualification-round-1,
12097118,1,Qualification round 1,qualification-round-1,
12097119,1,Qualification round 1,qualification-round-1,
12097128,1,Qualification round 1,qualification-round-1,
12097125,1,Qualification round 1,qualification-round-1,
12097129,1,Qualification round 1,qualification-round-1,
12097124,1,Qualification round 1,qualification-round-1,
12097123,1,Qualification round 1,qualification-round-1,
12097122,1,Qualification round 1,qualification-round-1,
12097126,1,Qualification round 1,qualification-round-1,
12097130,1,Qualification round 1,qualification-round-1,
12097127,1,Qualification round 1,qualification-round-1,
12099908,6,Round of 32,round-of-32,16
12099897,6,Round of 32,round-of-32,16
12099907,6,Round of 32,round-of-32,16
12099900,6,Round of 32,round-of-32,16
12099896,6,Round of 32,round-of-32,16
12099899,6,Round of 32,round-of-32,16
12099616,6,Round of 32,round-of-32,16
12099029,6,Round of 32,round-of-32,16
12099028,6,Round of 32,round-of-32,16
12099025,6,Round of 32,round-of-32,16
12099027,6,Round of 32,round-of-32,16
12067350,28,Semifinal,semifinal,2
12067346,28,Semifinal,semifinal,2
12067365,29,Final,final,1
12067302,29,Final,final,1
12067335,28,Semifinal,semifinal,2
12067340,29,Final,final,1
12100224,6,Round of 32,round-of-32,16
12100233,6,Round of 32,round-of-32,16
12100239,6,Round of 32,round-of-32,16
12100226,6,Round of 32,round-of-32,16
12099689,1,Qualification round 1,qualification-round-1,
12099681,1,Qualification round 1,qualification-round-1,
12099688,1,Qualification round 1,qualification-round-1,
12099690,1,Qualification round 1,qualification-round-1,
12099697,1,Qualification round 1,qualification-round-1,
12099691,1,Qualification round 1,qualification-round-1,
12099695,1,Qualification round 1,qualification-round-1,
12099698,1,Qualification round 1,qualification-round-1,
12099705,1,Qualification round 1,qualification-round-1,
12099704,1,Qualification round 1,qualification-round-1,
12099696,1,Qualification round 1,qualification-round-1,
12099703,1,Qualification round 1,qualification-round-1,
12099606,1,Qualification round 1,qualification-round-1,
12099607,1,Qualification round 1,qualification-round-1,
12099625,1,Qualification round 1,qualification-round-1,
12099626,1,Qualification round 1,qualification-round-1,
12099624,1,Qualification round 1,qualification-round-1,
12099634,1,Qualification round 1,qualification-round-1,
12099633,1,Qualification round 1,qualification-round-1,
12099643,1,Qualification round 1,qualification-round-1,
12099632,1,Qualification round 1,qualification-round-1,
12099642,1,Qualification round 1,qualification-round-1,
12099631,1,Qualification round 1,qualification-round-1,
12099641,1,Qualification round 1,qualification-round-1,
12098837,1,Qualification round 1,qualification-round-1,
12098840,1,Qualification round 1,qualification-round-1,
12098847,1,Qualification round 1,qualification-round-1,
12098839,1,Qualification round 1,qualification-round-1,
12098846,1,Qualification round 1,qualification-round-1,
12098836,1,Qualification round 1,qualification-round-1,
12098841,1,Qualification round 1,qualification-round-1,
12098842,1,Qualification round 1,qualification-round-1,
12098838,1,Qualification round 1,qualification-round-1,
12098845,1,Qualification round 1,qualification-round-1,
12098844,1,Qualification round 1,qualification-round-1,
12098843,1,Qualification round 1,qualification-round-1,
12100048,1,Qualification round 1,qualification-round-1,
12100040,1,Qualification round 1,qualification-round-1,
12100045,1,Qualification round 1,qualification-round-1,
12100047,1,Qualification round 1,qualification-round-1,
12100049,1,Qualification round 1,qualification-round-1,
12100043,1,Qualification round 1,qualification-round-1,
12100052,1,Qualification round 1,qualification-round-1,
12100051,1,Qualification round 1,qualification-round-1,
12100044,1,Qualification round 1,qualification-round-1,
12100053,1,Qualification round 1,qualification-round-1,
12100050,1,Qualification round 1,qualification-round-1,
12100042,1,Qualification round 1,qualification-round-1,
12067290,28,Semifinal,semifinal,2
12067288,28,Semifinal,semifinal,2
12067280,29,Final,final,1
12098033,29,Final,final,1
12098083,28,Semifinal,semifinal,2
12098082,28,Semifinal,semifinal,2
12098854,29,Final,final,1
12098605,29,Final,final,1
12097161,29,Final,final,1
12096061,28,Semifinal,semifinal,2
12096338,28,Semifinal,semifinal,2
12099794,29,Final,final,1
12097983,29,Final,final,1
12097231,29,Final,final,1
12095739,28,Semifinal,semifinal,2
12099275,29,Final,final,1
12098312,28,Semifinal,semifinal,2
12098852,29,Final,final,1
12096221,28,Semifinal,semifinal,2
12096055,28,Semifinal,semifinal,2
12099504,29,Final,final,1
12098597,29,Final,final,1
12098960,29,Final,final,1
12097965,28,Semifinal,semifinal,2
12098297,28,Semifinal,semifinal,2
12098995,29,Final,final,1
12098589,29,Final,final,1
12096370,29,Final,final,1
12098190,29,Final,final,1
12097188,29,Final,final,1
12096217,28,Semifinal,semifinal,2
12098997,29,Final,final,1
12098214,29,Final,final,1
12097150,29,Final,final,1
12099343,1,Qualification round 1,qualification-round-1,
12103434,2,Qualification round 2,qualification-round-2,
12103444,2,Qualification round 2,qualification-round-2,
12103449,2,Qualification round 2,qualification-round-2,
12103445,2,Qualification round 2,qualification-round-2,
12103443,2,Qualification round 2,qualification-round-2,
12103432,2,Qualification round 2,qualification-round-2,
12103441,2,Qualification round 2,qualification-round-2,
12103448,2,Qualification round 2,qualification-round-2,
12103430,2,Qualification round 2,qualification-round-2,
12103452,2,Qualification round 2,qualification-round-2,
12103446,2,Qualification round 2,qualification-round-2,
12103433,2,Qualification round 2,qualification-round-2,
12103429,2,Qualification round 2,qualification-round-2,
12103427,2,Qualification round 2,qualification-round-2,
12103442,2,Qualification round 2,qualification-round-2,
12103436,2,Qualification round 2,qualification-round-2,
12099155,1,Qualification round 1,qualification-round-1,
12099580,1,Qualification round 1,qualification-round-1,
12067207,29,Final,final,1
12067280,29,Final,final,1
12067340,29,Final,final,1
12067365,29,Final,final,1
12097935,5,Round of 16,round-of-16,8
12097936,5,Round of 16,round-of-16,8
12097937,5,Round of 16,round-of-16,8
12097939,5,Round of 16,round-of-16,8
12098330,6,Round of 32,round-of-32,16
12098331,6,Round of 32,round-of-32,16
12098333,6,Round of 32,round-of-32,16
12098334,6,Round of 32,round-of-32,16
12098335,6,Round of 32,round-of-32,16
12098336,6,Round of 32,round-of-32,16
12098337,6,Round of 32,round-of-32,16
12098338,6,Round of 32,round-of-32,16
12098339,6,Round of 32,round-of-32,16
12098340,6,Round of 32,round-of-32,16
12098852,29,Final,final,1
12099020,6,Round of 32,round-of-32,16
12099021,6,Round of 32,round-of-32,16
12099022,6,Round of 32,round-of-32,16
12099023,6,Round of 32,round-of-32,16
12099024,6,Round of 32,round-of-32,16
12099025,6,Round of 32,round-of-32,16
12099026,6,Round of 32,round-of-32,16
12099027,6,Round of 32,round-of-32,16
12099028,6,Round of 32,round-of-32,16
12099029,6,Round of 32,round-of-32,16
12099030,6,Round of 32,round-of-32,16
12099492,6,Round of 32,round-of-32,16
12099494,6,Round of 32,round-of-32,16
12099504,29,Final,final,1
12099611,6,Round of 32,round-of-32,16
12099614,6,Round of 32,round-of-32,16
12099616,6,Round of 32,round-of-32,16
12099617,6,Round of 32,round-of-32,16
12099619,6,Round of 32,round-of-32,16
12099621,6,Round of 32,round-of-32,16
12099622,6,Round of 32,round-of-32,16
12099631,1,Qualification round 1,qualification-round-1,
12099632,1,Qualification round 1,qualification-round-1,
12099633,1,Qualification round 1,qualification-round-1,
12099634,1,Qualification round 1,qualification-round-1,
12099641,1,Qualification round 1,qualification-round-1,
12099642,1,Qualification round 1,qualification-round-1,
12099643,1,Qualification round 1,qualification-round-1,
12099696,1,Qualification round 1,qualification-round-1,
12099703,1,Qualification round 1,qualification-round-1,
12099794,29,Final,final,1
12099896,6,Round of 32,round-of-32,16
12099897,6,Round of 32,round-of-32,16
12099898,6,Round of 32,round-of-32,16
12099899,6,Round of 32,round-of-32,16
12099900,6,Round of 32,round-of-32,16
12099901,6,Round of 32,round-of-32,16
12099903,6,Round of 32,round-of-32,16
12099905,6,Round of 32,round-of-32,16
12099907,6,Round of 32,round-of-32,16
12099908,6,Round of 32,round-of-32,16
12100042,1,Qualification round 1,qualification-round-1,
12100043,1,Qualification round 1,qualification-round-1,
12100044,1,Qualification round 1,qualification-round-1,
12100049,1,Qualification round 1,qualification-round-1,
12100050,1,Qualification round 1,qualification-round-1,
12100051,1,Qualification round 1,qualification-round-1,
12100052,1,Qualification round 1,qualification-round-1,
12100053,1,Qualification round 1,qualification-round-1,
12100223,6,Round of 32,round-of-32,16
12100224,6,Round of 32,round-of-32,16
12100226,6,Round of 32,round-of-32,16
12100227,6,Round of 32,round-of-32,16
12100228,6,Round of 32,round-of-32,16
12100229,6,Round of 32,round-of-32,16
12100230,6,Round of 32,round-of-32,16
12100233,6,Round of 32,round-of-32,16
12100235,6,Round of 32,round-of-32,16
12100237,6,Round of 32,round-of-32,16
12100238,6,Round of 32,round-of-32,16
12100239,6,Round of 32,round-of-32,16
12100240,6,Round of 32,round-of-32,16
12100242,6,Round of 32,round-of-32,16
12100244,6,Round of 32,round-of-32,16
12100245,6,Round of 32,round-of-32,16
12100257,6,Round of 32,round-of-32,16
12100260,6,Round of 32,round-of-32,16
12101101,6,Round of 32,round-of-32,16
12101103,6,Round of 32,round-of-32,16
12101108,6,Round of 32,round-of-32,16
12102031,6,Round of 32,round-of-32,16
12102032,6,Round of 32,round-of-32,16
12102033,6,Round of 32,round-of-32,16
12102035,6,Round of 32,round-of-32,16
12102674,6,Round of 32,round-of-32,16
12102676,6,Round of 32,round-of-32,16
12102823,6,Round of 32,round-of-32,16
12103505,6,Round of 32,round-of-32,16
12103506,6,Round of 32,round-of-32,16
12103507,6,Round of 32,round-of-32,16
12103509,6,Round of 32,round-of-32,16
12103754,6,Round of 32,round-of-32,16
12103755,6,Round of 32,round-of-32,16
12103955,6,Round of 32,round-of-32,16
12103959,6,Round of 32,round-of-32,16
12103961,6,Round of 32,round-of-32,16
12103967,6,Round of 32,round-of-32,16
12103970,6,Round of 32,round-of-32,16
12103971,6,Round of 32,round-of-32,16
12103979,6,Round of 32,round-of-32,16
12103983,6,Round of 32,round-of-32,16
12103992,6,Round of 32,round-of-32,16
12103995,6,Round of 32,round-of-32,16
12104102,6,Round of 32,round-of-32,16
12104108,6,Round of 32,round-of-32,16
12104177,6,Round of 32,round-of-32,16
12104178,6,Round of 32,round-of-32,16
12104179,6,Round of 32,round-of-32,16
12104181,6,Round of 32,round-of-32,16
12104182,5,Round of 16,round-of-16,8
12104183,6,Round of 32,round-of-32,16
12104185,6,Round of 32,round-of-32,16
12104186,5,Round of 16,round-of-16,8
12104187,5,Round of 16,round-of-16,8
12104188,6,Round of 32,round-of-32,16
12104190,6,Round of 32,round-of-32,16
12104191,6,Round of 32,round-of-32,16
12104192,6,Round of 32,round-of-32,16
12104193,6,Round of 32,round-of-32,16
12104195,6,Round of 32,round-of-32,16
12104196,6,Round of 32,round-of-32,16
12104199,6,Round of 32,round-of-32,16
12104200,5,Round of 16,round-of-16,8
12104201,6,Round of 32,round-of-32,16
12104583,6,Round of 32,round-of-32,16
12104587,6,Round of 32,round-of-32,16
12104588,6,Round of 32,round-of-32,16
12104590,6,Round of 32,round-of-32,16
12104724,6,Round of 32,round-of-32,16
12104725,6,Round of 32,round-of-32,16
12104726,6,Round of 32,round-of-32,16
12104727,6,Round of 32,round-of-32,16
12104728,6,Round of 32,round-of-32,16
12104729,6,Round of 32,round-of-32,16
12104730,6,Round of 32,round-of-32,16
12104731,6,Round of 32,round-of-32,16
12104732,6,Round of 32,round-of-32,16
12104733,6,Round of 32,round-of-32,16
12104734,6,Round of 32,round-of-32,16
12104735,6,Round of 32,round-of-32,16
12104736,6,Round of 32,round-of-32,16
12104737,6,Round of 32,round-of-32,16
12104738,6,Round of 32,round-of-32,16
12104739,6,Round of 32,round-of-32,16
12104908,6,Round of 32,round-of-32,16
12104909,6,Round of 32,round-of-32,16
12104911,6,Round of 32,round-of-32,16
12104912,6,Round of 32,round-of-32,16
12104913,6,Round of 32,round-of-32,16
12104947,6,Round of 32,round-of-32,16
12104963,6,Round of 32,round-of-32,16
12104964,6,Round of 32,round-of-32,16
12104965,6,Round of 32,round-of-32,16
12104966,6,Round of 32,round-of-32,16
12104967,6,Round of 32,round-of-32,16
12105058,6,Round of 32,round-of-32,16
12105067,6,Round of 32,round-of-32,16
12105068,6,Round of 32,round-of-32,16
12105074,6,Round of 32,round-of-32,16
12105077,6,Round of 32,round-of-32,16
12105179,6,Round of 32,round-of-32,16
12105180,6,Round of 32,round-of-32,16
12105183,6,Round of 32,round-of-32,16
12105187,6,Round of 32,round-of-32,16
12105191,6,Round of 32,round-of-32,16
12105192,6,Round of 32,round-of-32,16
12105193,6,Round of 32,round-of-32,16
12105198,6,Round of 32,round-of-32,16
12105200,6,Round of 32,round-of-32,16
12105201,6,Round of 32,round-of-32,16
12105204,6,Round of 32,round-of-32,16
12105206,6,Round of 32,round-of-32,16
12105207,6,Round of 32,round-of-32,16
12105217,6,Round of 32,round-of-32,16
12105218,6,Round of 32,round-of-32,16
12105268,6,Round of 32,round-of-32,16
12105270,6,Round of 32,round-of-32,16
12105271,6,Round of 32,round-of-32,16
12105272,6,Round of 32,round-of-32,16
12105276,6,Round of 32,round-of-32,16
12105277,6,Round of 32,round-of-32,16
12105278,6,Round of 32,round-of-32,16
12105279,6,Round of 32,round-of-32,16
12105386,6,Round of 32,round-of-32,16
12105387,6,Round of 32,round-of-32,16
12105388,6,Round of 32,round-of-32,16
12105389,6,Round of 32,round-of-32,16
12105390,6,Round of 32,round-of-32,16
12105394,6,Round of 32,round-of-32,16
12105395,6,Round of 32,round-of-32,16
12105399,6,Round of 32,round-of-32,16
12105402,6,Round of 32,round-of-32,16
12105405,6,Round of 32,round-of-32,16
12105407,6,Round of 32,round-of-32,16
12105462,6,Round of 32,round-of-32,16
12105463,6,Round of 32,round-of-32,16
12105464,6,Round of 32,round-of-32,16
12105465,6,Round of 32,round-of-32,16
12105468,6,Round of 32,round-of-32,16
12105469,6,Round of 32,round-of-32,16
12107071,6,Round of 32,round-of-32,16
12107350,6,Round of 32,round-of-32,16
12107351,6,Round of 32,round-of-32,16
12107352,6,Round of 32,round-of-32,16
12107353,6,Round of 32,round-of-32,16
12107354,6,Round of 32,round-of-32,16
12107355,6,Round of 32,round-of-32,16
12100242,6,Round of 32,round-of-32,16
12100229,6,Round of 32,round-of-32,16
12100244,6,Round of 32,round-of-32,16
12100223,6,Round of 32,round-of-32,16
12100238,6,Round of 32,round-of-32,16
12103754,6,Round of 32,round-of-32,16
12100240,6,Round of 32,round-of-32,16
12100227,6,Round of 32,round-of-32,16
12103755,6,Round of 32,round-of-32,16
12103757,6,Round of 32,round-of-32,16
12100236,6,Round of 32,round-of-32,16
12100225,6,Round of 32,round-of-32,16
12103760,6,Round of 32,round-of-32,16
12100234,6,Round of 32,round-of-32,16
12103759,6,Round of 32,round-of-32,16
12100246,6,Round of 32,round-of-32,16
12100231,6,Round of 32,round-of-32,16
12098334,6,Round of 32,round-of-32,16
12102031,6,Round of 32,round-of-32,16
12098340,6,Round of 32,round-of-32,16
12098336,6,Round of 32,round-of-32,16
12098333,6,Round of 32,round-of-32,16
12102033,6,Round of 32,round-of-32,16
12098331,6,Round of 32,round-of-32,16
12098335,6,Round of 32,round-of-32,16
12102035,6,Round of 32,round-of-32,16
12098337,6,Round of 32,round-of-32,16
12105058,6,Round of 32,round-of-32,16
12102032,6,Round of 32,round-of-32,16
12098330,6,Round of 32,round-of-32,16
12098326,6,Round of 32,round-of-32,16
12098328,6,Round of 32,round-of-32,16
12087887,5,Round of 16,round-of-16,8
12087896,5,Round of 16,round-of-16,8
12087897,5,Round of 16,round-of-16,8
12087894,5,Round of 16,round-of-16,8
12087899,5,Round of 16,round-of-16,8
12100257,6,Round of 32,round-of-32,16
12102676,6,Round of 32,round-of-32,16
12100260,6,Round of 32,round-of-32,16
12102674,6,Round of 32,round-of-32,16
12102677,6,Round of 32,round-of-32,16
12100261,6,Round of 32,round-of-32,16
12100255,6,Round of 32,round-of-32,16
12100251,6,Round of 32,round-of-32,16
12102675,6,Round of 32,round-of-32,16
12100253,6,Round of 32,round-of-32,16
12100263,6,Round of 32,round-of-32,16
12105227,6,Round of 32,round-of-32,16
12100262,6,Round of 32,round-of-32,16
12105229,6,Round of 32,round-of-32,16
12099492,6,Round of 32,round-of-32,16
12103506,6,Round of 32,round-of-32,16
12103505,6,Round of 32,round-of-32,16
12103509,6,Round of 32,round-of-32,16
12099494,6,Round of 32,round-of-32,16
12103507,6,Round of 32,round-of-32,16
12099490,6,Round of 32,round-of-32,16
12103508,6,Round of 32,round-of-32,16
12099491,6,Round of 32,round-of-32,16
12100832,6,Round of 32,round-of-32,16
12099489,6,Round of 32,round-of-32,16
12099493,6,Round of 32,round-of-32,16
12101103,6,Round of 32,round-of-32,16
12102823,6,Round of 32,round-of-32,16
12101101,6,Round of 32,round-of-32,16
12101108,6,Round of 32,round-of-32,16
12101102,6,Round of 32,round-of-32,16
12101107,6,Round of 32,round-of-32,16
12101105,6,Round of 32,round-of-32,16
12101109,6,Round of 32,round-of-32,16
12103384,6,Round of 32,round-of-32,16
12101104,6,Round of 32,round-of-32,16
12103367,6,Round of 32,round-of-32,16
12101106,6,Round of 32,round-of-32,16
12103386,6,Round of 32,round-of-32,16
12101096,6,Round of 32,round-of-32,16
12101100,6,Round of 32,round-of-32,16
12103363,6,Round of 32,round-of-32,16
12099908,6,Round of 32,round-of-32,16
12099897,6,Round of 32,round-of-32,16
12099907,6,Round of 32,round-of-32,16
12099898,6,Round of 32,round-of-32,16
12099901,6,Round of 32,round-of-32,16
12099903,6,Round of 32,round-of-32,16
12099896,6,Round of 32,round-of-32,16
12099900,6,Round of 32,round-of-32,16
12099899,6,Round of 32,round-of-32,16
12107351,6,Round of 32,round-of-32,16
12107352,6,Round of 32,round-of-32,16
12099905,6,Round of 32,round-of-32,16
12107353,6,Round of 32,round-of-32,16
12107355,6,Round of 32,round-of-32,16
12107350,6,Round of 32,round-of-32,16
12107354,6,Round of 32,round-of-32,16
12088093,5,Round of 16,round-of-16,8
12088098,5,Round of 16,round-of-16,8
12088088,5,Round of 16,round-of-16,8
12088097,5,Round of 16,round-of-16,8
12088089,5,Round of 16,round-of-16,8
12088096,5,Round of 16,round-of-16,8
12088099,5,Round of 16,round-of-16,8
12088087,5,Round of 16,round-of-16,8
12099616,6,Round of 32,round-of-32,16
12099617,6,Round of 32,round-of-32,16
12099614,6,Round of 32,round-of-32,16
12099611,6,Round of 32,round-of-32,16
12099622,6,Round of 32,round-of-32,16
12099619,6,Round of 32,round-of-32,16
12099621,6,Round of 32,round-of-32,16
12105204,6,Round of 32,round-of-32,16
12105217,6,Round of 32,round-of-32,16
12105207,6,Round of 32,round-of-32,16
12105218,6,Round of 32,round-of-32,16
12105206,6,Round of 32,round-of-32,16
12099618,6,Round of 32,round-of-32,16
12099610,6,Round of 32,round-of-32,16
12088024,5,Round of 16,round-of-16,8
12088028,5,Round of 16,round-of-16,8
12088023,5,Round of 16,round-of-16,8
12088029,5,Round of 16,round-of-16,8
12099609,6,Round of 32,round-of-32,16
12099027,6,Round of 32,round-of-32,16
12099030,6,Round of 32,round-of-32,16
12099026,6,Round of 32,round-of-32,16
12099024,6,Round of 32,round-of-32,16
12104911,6,Round of 32,round-of-32,16
12104908,6,Round of 32,round-of-32,16
12099021,6,Round of 32,round-of-32,16
12099023,6,Round of 32,round-of-32,16
12104913,6,Round of 32,round-of-32,16
12099022,6,Round of 32,round-of-32,16
12104909,6,Round of 32,round-of-32,16
12104912,6,Round of 32,round-of-32,16
12099020,6,Round of 32,round-of-32,16
12088047,5,Round of 16,round-of-16,8
12088042,5,Round of 16,round-of-16,8
12088045,5,Round of 16,round-of-16,8
12088043,5,Round of 16,round-of-16,8
12100226,6,Round of 32,round-of-32,16
12100239,6,Round of 32,round-of-32,16
12100233,6,Round of 32,round-of-32,16
12100230,6,Round of 32,round-of-32,16
12104967,6,Round of 32,round-of-32,16
12104966,6,Round of 32,round-of-32,16
12104965,6,Round of 32,round-of-32,16
12100235,6,Round of 32,round-of-32,16
12104963,6,Round of 32,round-of-32,16
12100228,6,Round of 32,round-of-32,16
12100245,6,Round of 32,round-of-32,16
12104964,6,Round of 32,round-of-32,16
12100243,6,Round of 32,round-of-32,16
12100237,6,Round of 32,round-of-32,16
12104960,6,Round of 32,round-of-32,16
12104962,6,Round of 32,round-of-32,16
12088075,5,Round of 16,round-of-16,8
12088070,5,Round of 16,round-of-16,8
12088065,5,Round of 16,round-of-16,8
12088074,5,Round of 16,round-of-16,8
12097937,5,Round of 16,round-of-16,8
12097936,5,Round of 16,round-of-16,8
12097935,5,Round of 16,round-of-16,8
12097939,5,Round of 16,round-of-16,8
12097940,5,Round of 16,round-of-16,8
12110081,5,Round of 16,round-of-16,8
12106837,5,Round of 16,round-of-16,8
12097938,5,Round of 16,round-of-16,8
12097941,5,Round of 16,round-of-16,8
12097934,5,Round of 16,round-of-16,8
12106323,6,Round of 32,round-of-32,16
12106274,6,Round of 32,round-of-32,16
12106270,6,Round of 32,round-of-32,16
12108731,6,Round of 32,round-of-32,16
12106286,6,Round of 32,round-of-32,16
12106272,6,Round of 32,round-of-32,16
12106324,6,Round of 32,round-of-32,16
12106273,6,Round of 32,round-of-32,16
12108727,6,Round of 32,round-of-32,16
12108733,6,Round of 32,round-of-32,16
12106275,6,Round of 32,round-of-32,16
12106269,6,Round of 32,round-of-32,16
12108722,6,Round of 32,round-of-32,16
12108730,6,Round of 32,round-of-32,16
12106276,6,Round of 32,round-of-32,16
12108728,6,Round of 32,round-of-32,16
12105278,6,Round of 32,round-of-32,16
12105276,6,Round of 32,round-of-32,16
12105268,6,Round of 32,round-of-32,16
12105271,6,Round of 32,round-of-32,16
12105272,6,Round of 32,round-of-32,16
12105277,6,Round of 32,round-of-32,16
12105270,6,Round of 32,round-of-32,16
12105279,6,Round of 32,round-of-32,16
12106741,6,Round of 32,round-of-32,16
12106749,6,Round of 32,round-of-32,16
12106751,6,Round of 32,round-of-32,16
12108695,5,Round of 16,round-of-16,8
12106750,6,Round of 32,round-of-32,16
12106748,6,Round of 32,round-of-32,16
12106747,6,Round of 32,round-of-32,16
12106745,6,Round of 32,round-of-32,16
12106742,6,Round of 32,round-of-32,16
12104947,6,Round of 32,round-of-32,16
12108534,6,Round of 32,round-of-32,16
12106307,6,Round of 32,round-of-32,16
12108547,6,Round of 32,round-of-32,16
12108544,6,Round of 32,round-of-32,16
12108535,6,Round of 32,round-of-32,16
12108545,6,Round of 32,round-of-32,16
12108543,6,Round of 32,round-of-32,16
12106297,6,Round of 32,round-of-32,16
12106289,6,Round of 32,round-of-32,16
12106330,6,Round of 32,round-of-32,16
12108546,6,Round of 32,round-of-32,16
12106295,6,Round of 32,round-of-32,16
12106293,6,Round of 32,round-of-32,16
12106298,6,Round of 32,round-of-32,16
12106296,6,Round of 32,round-of-32,16
12105387,6,Round of 32,round-of-32,16
12105394,6,Round of 32,round-of-32,16
12105395,6,Round of 32,round-of-32,16
12105388,6,Round of 32,round-of-32,16
12105399,6,Round of 32,round-of-32,16
12105407,6,Round of 32,round-of-32,16
12105389,6,Round of 32,round-of-32,16
12105386,6,Round of 32,round-of-32,16
12105390,6,Round of 32,round-of-32,16
12105402,6,Round of 32,round-of-32,16
12105405,6,Round of 32,round-of-32,16
12105398,6,Round of 32,round-of-32,16
12105403,6,Round of 32,round-of-32,16
12105397,6,Round of 32,round-of-32,16
12105391,6,Round of 32,round-of-32,16
12105396,6,Round of 32,round-of-32,16
12108301,5,Round of 16,round-of-16,8
12107768,5,Round of 16,round-of-16,8
12108805,5,Round of 16,round-of-16,8
12108875,5,Round of 16,round-of-16,8
12108776,5,Round of 16,round-of-16,8
12109048,5,Round of 16,round-of-16,8
12105179,6,Round of 32,round-of-32,16
12105187,6,Round of 32,round-of-32,16
12105201,6,Round of 32,round-of-32,16
12105183,6,Round of 32,round-of-32,16
12105191,6,Round of 32,round-of-32,16
12106253,6,Round of 32,round-of-32,16
12106252,6,Round of 32,round-of-32,16
12106251,6,Round of 32,round-of-32,16
12106245,6,Round of 32,round-of-32,16
12106262,6,Round of 32,round-of-32,16
12106259,6,Round of 32,round-of-32,16
12106242,6,Round of 32,round-of-32,16
12106264,6,Round of 32,round-of-32,16
12106261,6,Round of 32,round-of-32,16
12106267,6,Round of 32,round-of-32,16
12106260,6,Round of 32,round-of-32,16
12104179,6,Round of 32,round-of-32,16
12104195,6,Round of 32,round-of-32,16
12104201,6,Round of 32,round-of-32,16
12104192,6,Round of 32,round-of-32,16
12104185,6,Round of 32,round-of-32,16
12104196,6,Round of 32,round-of-32,16
12104181,6,Round of 32,round-of-32,16
12104190,6,Round of 32,round-of-32,16
12106300,6,Round of 32,round-of-32,16
12106301,6,Round of 32,round-of-32,16
12106303,6,Round of 32,round-of-32,16
12106309,6,Round of 32,round-of-32,16
12106306,6,Round of 32,round-of-32,16
12106304,6,Round of 32,round-of-32,16
12106302,6,Round of 32,round-of-32,16
12107260,6,Round of 32,round-of-32,16
12106277,6,Round of 32,round-of-32,16
12107750,6,Round of 32,round-of-32,16
12107747,6,Round of 32,round-of-32,16
12107757,6,Round of 32,round-of-32,16
12107743,6,Round of 32,round-of-32,16
12107755,6,Round of 32,round-of-32,16
12107744,6,Round of 32,round-of-32,16
12107756,6,Round of 32,round-of-32,16
12107745,6,Round of 32,round-of-32,16
12107749,6,Round of 32,round-of-32,16
12107753,6,Round of 32,round-of-32,16
12107754,6,Round of 32,round-of-32,16
12107752,6,Round of 32,round-of-32,16
12107742,6,Round of 32,round-of-32,16
12107746,6,Round of 32,round-of-32,16
12107748,6,Round of 32,round-of-32,16
12107758,6,Round of 32,round-of-32,16
12103959,6,Round of 32,round-of-32,16
12103983,6,Round of 32,round-of-32,16
12103971,6,Round of 32,round-of-32,16
12103992,6,Round of 32,round-of-32,16
12103995,6,Round of 32,round-of-32,16
12103967,6,Round of 32,round-of-32,16
12106796,6,Round of 32,round-of-32,16
12106800,6,Round of 32,round-of-32,16
12103958,6,Round of 32,round-of-32,16
12106797,6,Round of 32,round-of-32,16
12103991,6,Round of 32,round-of-32,16
12106798,6,Round of 32,round-of-32,16
12106795,6,Round of 32,round-of-32,16
12103973,6,Round of 32,round-of-32,16
12106794,6,Round of 32,round-of-32,16
12106799,6,Round of 32,round-of-32,16
12106068,6,Round of 32,round-of-32,16
12106058,6,Round of 32,round-of-32,16
12106081,6,Round of 32,round-of-32,16
12106071,6,Round of 32,round-of-32,16
12106057,6,Round of 32,round-of-32,16
12106353,6,Round of 32,round-of-32,16
12109043,6,Round of 32,round-of-32,16
12109042,6,Round of 32,round-of-32,16
12109036,6,Round of 32,round-of-32,16
12109038,6,Round of 32,round-of-32,16
12099504,29,Final,final,1
12105074,6,Round of 32,round-of-32,16
12105068,6,Round of 32,round-of-32,16
12105077,6,Round of 32,round-of-32,16
12105067,6,Round of 32,round-of-32,16
12106759,6,Round of 32,round-of-32,16
12108426,6,Round of 32,round-of-32,16
12108431,6,Round of 32,round-of-32,16
12108434,6,Round of 32,round-of-32,16
12108421,6,Round of 32,round-of-32,16
12108424,6,Round of 32,round-of-32,16
12108420,6,Round of 32,round-of-32,16
12106761,6,Round of 32,round-of-32,16
12106766,6,Round of 32,round-of-32,16
12106768,6,Round of 32,round-of-32,16
12108425,6,Round of 32,round-of-32,16
12106764,6,Round of 32,round-of-32,16
12106729,6,Round of 32,round-of-32,16
12108721,6,Round of 32,round-of-32,16
12106725,6,Round of 32,round-of-32,16
12106726,6,Round of 32,round-of-32,16
12106728,6,Round of 32,round-of-32,16
12108723,6,Round of 32,round-of-32,16
12108725,6,Round of 32,round-of-32,16
12106730,6,Round of 32,round-of-32,16
12108724,6,Round of 32,round-of-32,16
12106724,6,Round of 32,round-of-32,16
12108726,6,Round of 32,round-of-32,16
12108729,6,Round of 32,round-of-32,16
12108732,6,Round of 32,round-of-32,16
12106732,6,Round of 32,round-of-32,16
12106727,6,Round of 32,round-of-32,16
12106731,6,Round of 32,round-of-32,16
12104587,6,Round of 32,round-of-32,16
12104588,6,Round of 32,round-of-32,16
12104583,6,Round of 32,round-of-32,16
12104590,6,Round of 32,round-of-32,16
12107548,6,Round of 32,round-of-32,16
12106334,6,Round of 32,round-of-32,16
12107547,6,Round of 32,round-of-32,16
12107546,6,Round of 32,round-of-32,16
12106333,6,Round of 32,round-of-32,16
12107545,6,Round of 32,round-of-32,16
12107544,6,Round of 32,round-of-32,16
12107550,6,Round of 32,round-of-32,16
12107549,6,Round of 32,round-of-32,16
12106331,6,Round of 32,round-of-32,16
12106332,6,Round of 32,round-of-32,16
12107543,6,Round of 32,round-of-32,16
12104811,6,Round of 32,round-of-32,16
12104812,6,Round of 32,round-of-32,16
12106760,6,Round of 32,round-of-32,16
12106762,6,Round of 32,round-of-32,16
12106763,6,Round of 32,round-of-32,16
12106758,6,Round of 32,round-of-32,16
12107730,6,Round of 32,round-of-32,16
12107726,6,Round of 32,round-of-32,16
12107725,6,Round of 32,round-of-32,16
12106765,6,Round of 32,round-of-32,16
12107729,6,Round of 32,round-of-32,16
12107724,6,Round of 32,round-of-32,16
12107727,6,Round of 32,round-of-32,16
12106769,6,Round of 32,round-of-32,16
12104108,6,Round of 32,round-of-32,16
12104102,6,Round of 32,round-of-32,16
12106311,6,Round of 32,round-of-32,16
12106314,6,Round of 32,round-of-32,16
12106834,6,Round of 32,round-of-32,16
12106319,6,Round of 32,round-of-32,16
12106830,6,Round of 32,round-of-32,16
12106322,6,Round of 32,round-of-32,16
12106320,6,Round of 32,round-of-32,16
12106835,6,Round of 32,round-of-32,16
12109820,6,Round of 32,round-of-32,16
12106833,6,Round of 32,round-of-32,16
12106831,6,Round of 32,round-of-32,16
12106318,6,Round of 32,round-of-32,16
12106836,6,Round of 32,round-of-32,16
12106317,6,Round of 32,round-of-32,16
12106832,6,Round of 32,round-of-32,16
12105468,6,Round of 32,round-of-32,16
12105465,6,Round of 32,round-of-32,16
12105462,6,Round of 32,round-of-32,16
12105469,6,Round of 32,round-of-32,16
12105463,6,Round of 32,round-of-32,16
12105464,6,Round of 32,round-of-32,16
12105466,6,Round of 32,round-of-32,16
12105467,6,Round of 32,round-of-32,16
12109019,5,Round of 16,round-of-16,8
12108777,5,Round of 16,round-of-16,8
12106282,6,Round of 32,round-of-32,16
12106279,6,Round of 32,round-of-32,16
12106292,6,Round of 32,round-of-32,16
12106284,6,Round of 32,round-of-32,16
12105246,6,Round of 32,round-of-32,16
12105245,6,Round of 32,round-of-32,16
12105249,6,Round of 32,round-of-32,16
12105244,6,Round of 32,round-of-32,16
12108978,6,Round of 32,round-of-32,16
12106339,6,Round of 32,round-of-32,16
12108983,6,Round of 32,round-of-32,16
12108982,6,Round of 32,round-of-32,16
12108984,6,Round of 32,round-of-32,16
12106338,6,Round of 32,round-of-32,16
12108980,6,Round of 32,round-of-32,16
12108979,6,Round of 32,round-of-32,16
12108981,6,Round of 32,round-of-32,16
12106341,6,Round of 32,round-of-32,16
12106342,6,Round of 32,round-of-32,16
12106340,6,Round of 32,round-of-32,16
12105198,6,Round of 32,round-of-32,16
12105192,6,Round of 32,round-of-32,16
12105200,6,Round of 32,round-of-32,16
12105180,6,Round of 32,round-of-32,16
12105193,6,Round of 32,round-of-32,16
12108496,6,Round of 32,round-of-32,16
12108497,6,Round of 32,round-of-32,16
12106294,6,Round of 32,round-of-32,16
12108491,6,Round of 32,round-of-32,16
12108495,6,Round of 32,round-of-32,16
12108499,6,Round of 32,round-of-32,16
12106283,6,Round of 32,round-of-32,16
12106285,6,Round of 32,round-of-32,16
12108493,6,Round of 32,round-of-32,16
12108492,6,Round of 32,round-of-32,16
12108494,6,Round of 32,round-of-32,16
12104193,6,Round of 32,round-of-32,16
12104178,6,Round of 32,round-of-32,16
12104188,6,Round of 32,round-of-32,16
12104199,6,Round of 32,round-of-32,16
12104183,6,Round of 32,round-of-32,16
12104177,6,Round of 32,round-of-32,16
12104191,6,Round of 32,round-of-32,16
12106369,6,Round of 32,round-of-32,16
12106366,6,Round of 32,round-of-32,16
12106367,6,Round of 32,round-of-32,16
12106370,6,Round of 32,round-of-32,16
12106368,6,Round of 32,round-of-32,16
12106371,6,Round of 32,round-of-32,16
12106373,6,Round of 32,round-of-32,16
12106374,6,Round of 32,round-of-32,16
12106372,6,Round of 32,round-of-32,16
12104737,6,Round of 32,round-of-32,16
12104730,6,Round of 32,round-of-32,16
12107071,6,Round of 32,round-of-32,16
12104738,6,Round of 32,round-of-32,16
12104733,6,Round of 32,round-of-32,16
12104731,6,Round of 32,round-of-32,16
12104734,6,Round of 32,round-of-32,16
12104725,6,Round of 32,round-of-32,16
12104736,6,Round of 32,round-of-32,16
12104728,6,Round of 32,round-of-32,16
12104727,6,Round of 32,round-of-32,16
12104724,6,Round of 32,round-of-32,16
12104729,6,Round of 32,round-of-32,16
12104735,6,Round of 32,round-of-32,16
12104739,6,Round of 32,round-of-32,16
12104726,6,Round of 32,round-of-32,16
12104732,6,Round of 32,round-of-32,16
12107838,5,Round of 16,round-of-16,8
12107959,5,Round of 16,round-of-16,8
12107527,5,Round of 16,round-of-16,8
12107943,5,Round of 16,round-of-16,8
12107717,5,Round of 16,round-of-16,8
12107981,5,Round of 16,round-of-16,8
12108144,5,Round of 16,round-of-16,8
12107982,5,Round of 16,round-of-16,8
12108468,6,Round of 32,round-of-32,16
12108462,6,Round of 32,round-of-32,16
12108467,6,Round of 32,round-of-32,16
12108455,6,Round of 32,round-of-32,16
12108464,6,Round of 32,round-of-32,16
12108469,6,Round of 32,round-of-32,16
12108461,6,Round of 32,round-of-32,16
12108454,6,Round of 32,round-of-32,16
12108458,6,Round of 32,round-of-32,16
12108457,6,Round of 32,round-of-32,16
12108473,6,Round of 32,round-of-32,16
12108456,6,Round of 32,round-of-32,16
12108459,6,Round of 32,round-of-32,16
12108465,6,Round of 32,round-of-32,16
12108466,6,Round of 32,round-of-32,16
12108463,6,Round of 32,round-of-32,16
12106032,6,Round of 32,round-of-32,16
12106033,6,Round of 32,round-of-32,16
12106030,6,Round of 32,round-of-32,16
12103961,6,Round of 32,round-of-32,16
12103970,6,Round of 32,round-of-32,16
12103979,6,Round of 32,round-of-32,16
12103955,6,Round of 32,round-of-32,16
12103993,6,Round of 32,round-of-32,16
12106362,6,Round of 32,round-of-32,16
12106359,6,Round of 32,round-of-32,16
12106363,6,Round of 32,round-of-32,16
12103974,6,Round of 32,round-of-32,16
12106364,6,Round of 32,round-of-32,16
12103957,6,Round of 32,round-of-32,16
12106361,6,Round of 32,round-of-32,16
12106360,6,Round of 32,round-of-32,16
12103988,6,Round of 32,round-of-32,16
12106358,6,Round of 32,round-of-32,16
12103954,6,Round of 32,round-of-32,16
12105208,6,Round of 32,round-of-32,16
12105210,6,Round of 32,round-of-32,16
12105209,6,Round of 32,round-of-32,16
12105213,6,Round of 32,round-of-32,16
12108422,6,Round of 32,round-of-32,16
12108429,6,Round of 32,round-of-32,16
12108432,6,Round of 32,round-of-32,16
12108433,6,Round of 32,round-of-32,16
12108436,6,Round of 32,round-of-32,16
12106786,6,Round of 32,round-of-32,16
12106785,6,Round of 32,round-of-32,16
12106787,6,Round of 32,round-of-32,16
12108423,6,Round of 32,round-of-32,16
12106789,6,Round of 32,round-of-32,16
12108430,6,Round of 32,round-of-32,16
12108427,6,Round of 32,round-of-32,16
12106066,6,Round of 32,round-of-32,16
12106065,6,Round of 32,round-of-32,16
12106063,6,Round of 32,round-of-32,16
12106054,6,Round of 32,round-of-32,16
12106056,6,Round of 32,round-of-32,16
12106062,6,Round of 32,round-of-32,16
12106073,6,Round of 32,round-of-32,16
12109027,6,Round of 32,round-of-32,16
12109032,6,Round of 32,round-of-32,16
12109029,6,Round of 32,round-of-32,16
12109028,6,Round of 32,round-of-32,16
12109030,6,Round of 32,round-of-32,16
12109031,6,Round of 32,round-of-32,16
12109037,6,Round of 32,round-of-32,16
12109034,6,Round of 32,round-of-32,16
12109033,6,Round of 32,round-of-32,16
12104200,5,Round of 16,round-of-16,8
12104182,5,Round of 16,round-of-16,8
12104187,5,Round of 16,round-of-16,8
12104186,5,Round of 16,round-of-16,8
12107406,27,Quarterfinal,quarterfinal,4
12106315,5,Round of 16,round-of-16,8
12106313,5,Round of 16,round-of-16,8
12106310,5,Round of 16,round-of-16,8
12106312,5,Round of 16,round-of-16,8
12087273,5,Round of 16,round-of-16,8
12087278,5,Round of 16,round-of-16,8
12087280,5,Round of 16,round-of-16,8
12087281,5,Round of 16,round-of-16,8
12087306,5,Round of 16,round-of-16,8
12087312,5,Round of 16,round-of-16,8
12087315,5,Round of 16,round-of-16,8
12087316,5,Round of 16,round-of-16,8
12087887,5,Round of 16,round-of-16,8
12087888,5,Round of 16,round-of-16,8
12087890,27,Quarterfinal,quarterfinal,4
12087891,5,Round of 16,round-of-16,8
12087892,5,Round of 16,round-of-16,8
12087893,27,Quarterfinal,quarterfinal,4
12087894,5,Round of 16,round-of-16,8
12087896,5,Round of 16,round-of-16,8
12087897,5,Round of 16,round-of-16,8
12087899,5,Round of 16,round-of-16,8
12087914,5,Round of 16,round-of-16,8
12087915,5,Round of 16,round-of-16,8
12087916,5,Round of 16,round-of-16,8
12087918,5,Round of 16,round-of-16,8
12087919,5,Round of 16,round-of-16,8
12087921,5,Round of 16,round-of-16,8
12087926,5,Round of 16,round-of-16,8
12087928,5,Round of 16,round-of-16,8
12087940,5,Round of 16,round-of-16,8
12087943,5,Round of 16,round-of-16,8
12087944,5,Round of 16,round-of-16,8
12087948,5,Round of 16,round-of-16,8
12088022,5,Round of 16,round-of-16,8
12088023,5,Round of 16,round-of-16,8
12088024,5,Round of 16,round-of-16,8
12088025,5,Round of 16,round-of-16,8
12088028,5,Round of 16,round-of-16,8
12088029,5,Round of 16,round-of-16,8
12088039,5,Round of 16,round-of-16,8
12088041,5,Round of 16,round-of-16,8
12088042,5,Round of 16,round-of-16,8
12088043,5,Round of 16,round-of-16,8
12088044,5,Round of 16,round-of-16,8
12088045,5,Round of 16,round-of-16,8
12088047,5,Round of 16,round-of-16,8
12088048,5,Round of 16,round-of-16,8
12088055,27,Quarterfinal,quarterfinal,4
12088059,27,Quarterfinal,quarterfinal,4
12088060,27,Quarterfinal,quarterfinal,4
12088061,27,Quarterfinal,quarterfinal,4
12088064,5,Round of 16,round-of-16,8
12088065,5,Round of 16,round-of-16,8
12088066,5,Round of 16,round-of-16,8
12088069,5,Round of 16,round-of-16,8
12088070,5,Round of 16,round-of-16,8
12088074,5,Round of 16,round-of-16,8
12088075,5,Round of 16,round-of-16,8
12088087,5,Round of 16,round-of-16,8
12088088,5,Round of 16,round-of-16,8
12088089,5,Round of 16,round-of-16,8
12088091,27,Quarterfinal,quarterfinal,4
12088093,5,Round of 16,round-of-16,8
12088094,27,Quarterfinal,quarterfinal,4
12088096,5,Round of 16,round-of-16,8
12088097,5,Round of 16,round-of-16,8
12088098,5,Round of 16,round-of-16,8
12088099,5,Round of 16,round-of-16,8
12088100,27,Quarterfinal,quarterfinal,4
12097934,5,Round of 16,round-of-16,8
12097938,5,Round of 16,round-of-16,8
12097940,5,Round of 16,round-of-16,8
12097941,5,Round of 16,round-of-16,8
12098326,6,Round of 32,round-of-32,16
12098328,6,Round of 32,round-of-32,16
12098330,6,Round of 32,round-of-32,16
12098337,6,Round of 32,round-of-32,16
12099020,6,Round of 32,round-of-32,16
12099489,6,Round of 32,round-of-32,16
12099490,6,Round of 32,round-of-32,16
12099491,6,Round of 32,round-of-32,16
12099493,6,Round of 32,round-of-32,16
12099609,6,Round of 32,round-of-32,16
12099610,6,Round of 32,round-of-32,16
12099613,6,Round of 32,round-of-32,16
12099618,6,Round of 32,round-of-32,16
12100225,6,Round of 32,round-of-32,16
12100228,6,Round of 32,round-of-32,16
12100231,6,Round of 32,round-of-32,16
12100234,6,Round of 32,round-of-32,16
12100235,6,Round of 32,round-of-32,16
12100236,6,Round of 32,round-of-32,16
12100237,6,Round of 32,round-of-32,16
12100243,6,Round of 32,round-of-32,16
12100245,6,Round of 32,round-of-32,16
12100246,6,Round of 32,round-of-32,16
12100251,6,Round of 32,round-of-32,16
12100253,6,Round of 32,round-of-32,16
12100255,6,Round of 32,round-of-32,16
12100261,6,Round of 32,round-of-32,16
12100262,6,Round of 32,round-of-32,16
12100263,6,Round of 32,round-of-32,16
12100832,6,Round of 32,round-of-32,16
12101096,6,Round of 32,round-of-32,16
12101100,6,Round of 32,round-of-32,16
12101102,6,Round of 32,round-of-32,16
12101104,6,Round of 32,round-of-32,16
12101105,6,Round of 32,round-of-32,16
12101106,6,Round of 32,round-of-32,16
12101107,6,Round of 32,round-of-32,16
12101109,6,Round of 32,round-of-32,16
12102032,6,Round of 32,round-of-32,16
12102675,6,Round of 32,round-of-32,16
12102677,6,Round of 32,round-of-32,16
12103363,6,Round of 32,round-of-32,16
12103367,6,Round of 32,round-of-32,16
12103384,6,Round of 32,round-of-32,16
12103386,6,Round of 32,round-of-32,16
12103508,6,Round of 32,round-of-32,16
12103757,6,Round of 32,round-of-32,16
12103759,6,Round of 32,round-of-32,16
12103760,6,Round of 32,round-of-32,16
12103954,6,Round of 32,round-of-32,16
12103957,6,Round of 32,round-of-32,16
12103958,6,Round of 32,round-of-32,16
12103973,6,Round of 32,round-of-32,16
12103974,6,Round of 32,round-of-32,16
12103988,6,Round of 32,round-of-32,16
12103991,6,Round of 32,round-of-32,16
12103993,6,Round of 32,round-of-32,16
12104732,6,Round of 32,round-of-32,16
12104811,6,Round of 32,round-of-32,16
12104812,6,Round of 32,round-of-32,16
12104909,6,Round of 32,round-of-32,16
12104912,6,Round of 32,round-of-32,16
12104960,6,Round of 32,round-of-32,16
12104962,6,Round of 32,round-of-32,16
12104963,6,Round of 32,round-of-32,16
12104964,6,Round of 32,round-of-32,16
12105058,6,Round of 32,round-of-32,16
12105067,6,Round of 32,round-of-32,16
12105077,6,Round of 32,round-of-32,16
12105191,6,Round of 32,round-of-32,16
12105193,6,Round of 32,round-of-32,16
12105206,6,Round of 32,round-of-32,16
12105207,6,Round of 32,round-of-32,16
12105208,6,Round of 32,round-of-32,16
12105209,6,Round of 32,round-of-32,16
12105210,6,Round of 32,round-of-32,16
12105213,6,Round of 32,round-of-32,16
12105216,6,Round of 32,round-of-32,16
12105217,6,Round of 32,round-of-32,16
12105218,6,Round of 32,round-of-32,16
12105227,6,Round of 32,round-of-32,16
12105229,6,Round of 32,round-of-32,16
12105244,6,Round of 32,round-of-32,16
12105245,6,Round of 32,round-of-32,16
12105246,6,Round of 32,round-of-32,16
12105249,6,Round of 32,round-of-32,16
12105270,6,Round of 32,round-of-32,16
12105271,6,Round of 32,round-of-32,16
12105272,6,Round of 32,round-of-32,16
12105277,6,Round of 32,round-of-32,16
12105279,6,Round of 32,round-of-32,16
12105386,6,Round of 32,round-of-32,16
12105390,6,Round of 32,round-of-32,16
12105391,6,Round of 32,round-of-32,16
12105396,6,Round of 32,round-of-32,16
12105397,6,Round of 32,round-of-32,16
12105398,6,Round of 32,round-of-32,16
12105402,6,Round of 32,round-of-32,16
12105403,6,Round of 32,round-of-32,16
12105405,6,Round of 32,round-of-32,16
12105463,6,Round of 32,round-of-32,16
12105464,6,Round of 32,round-of-32,16
12105466,6,Round of 32,round-of-32,16
12105467,6,Round of 32,round-of-32,16
12105469,6,Round of 32,round-of-32,16
12106030,6,Round of 32,round-of-32,16
12106032,6,Round of 32,round-of-32,16
12106033,6,Round of 32,round-of-32,16
12106054,6,Round of 32,round-of-32,16
12106056,6,Round of 32,round-of-32,16
12106057,6,Round of 32,round-of-32,16
12106058,6,Round of 32,round-of-32,16
12106062,6,Round of 32,round-of-32,16
12106063,6,Round of 32,round-of-32,16
12106065,6,Round of 32,round-of-32,16
12106066,6,Round of 32,round-of-32,16
12106068,6,Round of 32,round-of-32,16
12106071,6,Round of 32,round-of-32,16
12106073,6,Round of 32,round-of-32,16
12106081,6,Round of 32,round-of-32,16
12106242,6,Round of 32,round-of-32,16
12106243,6,Round of 32,round-of-32,16
12106245,6,Round of 32,round-of-32,16
12106246,6,Round of 32,round-of-32,16
12106250,6,Round of 32,round-of-32,16
12106251,6,Round of 32,round-of-32,16
12106252,6,Round of 32,round-of-32,16
12106253,6,Round of 32,round-of-32,16
12106255,6,Round of 32,round-of-32,16
12106256,6,Round of 32,round-of-32,16
12106259,6,Round of 32,round-of-32,16
12106260,6,Round of 32,round-of-32,16
12106261,6,Round of 32,round-of-32,16
12106262,6,Round of 32,round-of-32,16
12106263,6,Round of 32,round-of-32,16
12106264,6,Round of 32,round-of-32,16
12106267,6,Round of 32,round-of-32,16
12106269,6,Round of 32,round-of-32,16
12106270,6,Round of 32,round-of-32,16
12106272,6,Round of 32,round-of-32,16
12106273,6,Round of 32,round-of-32,16
12106274,6,Round of 32,round-of-32,16
12106275,6,Round of 32,round-of-32,16
12106276,6,Round of 32,round-of-32,16
12106277,6,Round of 32,round-of-32,16
12106278,6,Round of 32,round-of-32,16
12106279,6,Round of 32,round-of-32,16
12106281,6,Round of 32,round-of-32,16
12106282,6,Round of 32,round-of-32,16
12106283,6,Round of 32,round-of-32,16
12106284,6,Round of 32,round-of-32,16
12106285,6,Round of 32,round-of-32,16
12106286,6,Round of 32,round-of-32,16
12106287,6,Round of 32,round-of-32,16
12106288,6,Round of 32,round-of-32,16
12106289,6,Round of 32,round-of-32,16
12106292,6,Round of 32,round-of-32,16
12106293,6,Round of 32,round-of-32,16
12106294,6,Round of 32,round-of-32,16
12106295,6,Round of 32,round-of-32,16
12106296,6,Round of 32,round-of-32,16
12106297,6,Round of 32,round-of-32,16
12106298,6,Round of 32,round-of-32,16
12106300,6,Round of 32,round-of-32,16
12106301,6,Round of 32,round-of-32,16
12106302,6,Round of 32,round-of-32,16
12106303,6,Round of 32,round-of-32,16
12106304,6,Round of 32,round-of-32,16
12106306,6,Round of 32,round-of-32,16
12106307,6,Round of 32,round-of-32,16
12106308,5,Round of 16,round-of-16,8
12106309,6,Round of 32,round-of-32,16
12106310,5,Round of 16,round-of-16,8
12106311,6,Round of 32,round-of-32,16
12106312,5,Round of 16,round-of-16,8
12106313,5,Round of 16,round-of-16,8
12106314,6,Round of 32,round-of-32,16
12106315,5,Round of 16,round-of-16,8
12106317,6,Round of 32,round-of-32,16
12106318,6,Round of 32,round-of-32,16
12106319,6,Round of 32,round-of-32,16
12106320,6,Round of 32,round-of-32,16
12106321,5,Round of 16,round-of-16,8
12106322,6,Round of 32,round-of-32,16
12106323,6,Round of 32,round-of-32,16
12106324,6,Round of 32,round-of-32,16
12106329,5,Round of 16,round-of-16,8
12106330,6,Round of 32,round-of-32,16
12106331,6,Round of 32,round-of-32,16
12106332,6,Round of 32,round-of-32,16
12106333,6,Round of 32,round-of-32,16
12106334,6,Round of 32,round-of-32,16
12106338,6,Round of 32,round-of-32,16
12106339,6,Round of 32,round-of-32,16
12106340,6,Round of 32,round-of-32,16
12106341,6,Round of 32,round-of-32,16
12106342,6,Round of 32,round-of-32,16
12106343,5,Round of 16,round-of-16,8
12106351,6,Round of 32,round-of-32,16
12106352,6,Round of 32,round-of-32,16
12106353,6,Round of 32,round-of-32,16
12106356,5,Round of 16,round-of-16,8
12106358,6,Round of 32,round-of-32,16
12106359,6,Round of 32,round-of-32,16
12106360,6,Round of 32,round-of-32,16
12106361,6,Round of 32,round-of-32,16
12106362,6,Round of 32,round-of-32,16
12106363,6,Round of 32,round-of-32,16
12106364,6,Round of 32,round-of-32,16
12106366,6,Round of 32,round-of-32,16
12106367,6,Round of 32,round-of-32,16
12106368,6,Round of 32,round-of-32,16
12106369,6,Round of 32,round-of-32,16
12106370,6,Round of 32,round-of-32,16
12106371,6,Round of 32,round-of-32,16
12106372,6,Round of 32,round-of-32,16
12106373,6,Round of 32,round-of-32,16
12106374,6,Round of 32,round-of-32,16
12106722,5,Round of 16,round-of-16,8
12106724,6,Round of 32,round-of-32,16
12106725,6,Round of 32,round-of-32,16
12106726,6,Round of 32,round-of-32,16
12106727,6,Round of 32,round-of-32,16
12106728,6,Round of 32,round-of-32,16
12106729,6,Round of 32,round-of-32,16
12106730,6,Round of 32,round-of-32,16
12106731,6,Round of 32,round-of-32,16
12106732,6,Round of 32,round-of-32,16
12106741,6,Round of 32,round-of-32,16
12106742,6,Round of 32,round-of-32,16
12106745,6,Round of 32,round-of-32,16
12106747,6,Round of 32,round-of-32,16
12106748,6,Round of 32,round-of-32,16
12106749,6,Round of 32,round-of-32,16
12106750,6,Round of 32,round-of-32,16
12106751,6,Round of 32,round-of-32,16
12106758,6,Round of 32,round-of-32,16
12106759,6,Round of 32,round-of-32,16
12106760,6,Round of 32,round-of-32,16
12106761,6,Round of 32,round-of-32,16
12106762,6,Round of 32,round-of-32,16
12106763,6,Round of 32,round-of-32,16
12106764,6,Round of 32,round-of-32,16
12106765,6,Round of 32,round-of-32,16
12106766,6,Round of 32,round-of-32,16
12106767,6,Round of 32,round-of-32,16
12106768,6,Round of 32,round-of-32,16
12106769,6,Round of 32,round-of-32,16
12106785,6,Round of 32,round-of-32,16
12106786,6,Round of 32,round-of-32,16
12106787,6,Round of 32,round-of-32,16
12106789,6,Round of 32,round-of-32,16
12106793,5,Round of 16,round-of-16,8
12106794,6,Round of 32,round-of-32,16
12106795,6,Round of 32,round-of-32,16
12106796,6,Round of 32,round-of-32,16
12106797,6,Round of 32,round-of-32,16
12106798,6,Round of 32,round-of-32,16
12106799,6,Round of 32,round-of-32,16
12106800,6,Round of 32,round-of-32,16
12106813,5,Round of 16,round-of-16,8
12106830,6,Round of 32,round-of-32,16
12106831,6,Round of 32,round-of-32,16
12106832,6,Round of 32,round-of-32,16
12106833,6,Round of 32,round-of-32,16
12106834,6,Round of 32,round-of-32,16
12106835,6,Round of 32,round-of-32,16
12106836,6,Round of 32,round-of-32,16
12106837,5,Round of 16,round-of-16,8
12106841,5,Round of 16,round-of-16,8
12106861,5,Round of 16,round-of-16,8
12106912,5,Round of 16,round-of-16,8
12107260,6,Round of 32,round-of-32,16
12107350,6,Round of 32,round-of-32,16
12107353,6,Round of 32,round-of-32,16
12107354,6,Round of 32,round-of-32,16
12107355,6,Round of 32,round-of-32,16
12107358,5,Round of 16,round-of-16,8
12107406,27,Quarterfinal,quarterfinal,4
12107526,5,Round of 16,round-of-16,8
12107527,5,Round of 16,round-of-16,8
12107543,6,Round of 32,round-of-32,16
12107544,6,Round of 32,round-of-32,16
12107545,6,Round of 32,round-of-32,16
12107546,6,Round of 32,round-of-32,16
12107547,6,Round of 32,round-of-32,16
12107548,6,Round of 32,round-of-32,16
12107549,6,Round of 32,round-of-32,16
12107550,6,Round of 32,round-of-32,16
12107648,5,Round of 16,round-of-16,8
12107717,5,Round of 16,round-of-16,8
12107724,6,Round of 32,round-of-32,16
12107725,6,Round of 32,round-of-32,16
12107726,6,Round of 32,round-of-32,16
12107727,6,Round of 32,round-of-32,16
12107728,5,Round of 16,round-of-16,8
12107729,6,Round of 32,round-of-32,16
12107730,6,Round of 32,round-of-32,16
12107731,6,Round of 32,round-of-32,16
12107742,6,Round of 32,round-of-32,16
12107743,6,Round of 32,round-of-32,16
12107744,6,Round of 32,round-of-32,16
12107745,6,Round of 32,round-of-32,16
12107746,6,Round of 32,round-of-32,16
12107747,6,Round of 32,round-of-32,16
12107748,6,Round of 32,round-of-32,16
12107749,6,Round of 32,round-of-32,16
12107750,6,Round of 32,round-of-32,16
12107752,6,Round of 32,round-of-32,16
12107753,6,Round of 32,round-of-32,16
12107754,6,Round of 32,round-of-32,16
12107755,6,Round of 32,round-of-32,16
12107756,6,Round of 32,round-of-32,16
12107757,6,Round of 32,round-of-32,16
12107758,6,Round of 32,round-of-32,16
12107768,5,Round of 16,round-of-16,8
12107829,5,Round of 16,round-of-16,8
12107838,5,Round of 16,round-of-16,8
12107863,5,Round of 16,round-of-16,8
12107943,5,Round of 16,round-of-16,8
12107959,5,Round of 16,round-of-16,8
12107981,5,Round of 16,round-of-16,8
12107982,5,Round of 16,round-of-16,8
12108144,5,Round of 16,round-of-16,8
12108169,5,Round of 16,round-of-16,8
12108301,5,Round of 16,round-of-16,8
12108340,5,Round of 16,round-of-16,8
12108420,6,Round of 32,round-of-32,16
12108421,6,Round of 32,round-of-32,16
12108422,6,Round of 32,round-of-32,16
12108423,6,Round of 32,round-of-32,16
12108424,6,Round of 32,round-of-32,16
12108425,6,Round of 32,round-of-32,16
12108426,6,Round of 32,round-of-32,16
12108427,6,Round of 32,round-of-32,16
12108429,6,Round of 32,round-of-32,16
12108430,6,Round of 32,round-of-32,16
12108431,6,Round of 32,round-of-32,16
12108432,6,Round of 32,round-of-32,16
12108433,6,Round of 32,round-of-32,16
12108434,6,Round of 32,round-of-32,16
12108436,6,Round of 32,round-of-32,16
12108454,6,Round of 32,round-of-32,16
12108455,6,Round of 32,round-of-32,16
12108456,6,Round of 32,round-of-32,16
12108457,6,Round of 32,round-of-32,16
12108458,6,Round of 32,round-of-32,16
12108459,6,Round of 32,round-of-32,16
12108461,6,Round of 32,round-of-32,16
12108462,6,Round of 32,round-of-32,16
12108463,6,Round of 32,round-of-32,16
12108464,6,Round of 32,round-of-32,16
12108465,6,Round of 32,round-of-32,16
12108466,6,Round of 32,round-of-32,16
12108467,6,Round of 32,round-of-32,16
12108468,6,Round of 32,round-of-32,16
12108469,6,Round of 32,round-of-32,16
12108473,6,Round of 32,round-of-32,16
12108491,6,Round of 32,round-of-32,16
12108492,6,Round of 32,round-of-32,16
12108493,6,Round of 32,round-of-32,16
12108494,6,Round of 32,round-of-32,16
12108495,6,Round of 32,round-of-32,16
12108496,6,Round of 32,round-of-32,16
12108497,6,Round of 32,round-of-32,16
12108499,6,Round of 32,round-of-32,16
12108534,6,Round of 32,round-of-32,16
12108535,6,Round of 32,round-of-32,16
12108543,6,Round of 32,round-of-32,16
12108544,6,Round of 32,round-of-32,16
12108545,6,Round of 32,round-of-32,16
12108546,6,Round of 32,round-of-32,16
12108547,6,Round of 32,round-of-32,16
12108695,5,Round of 16,round-of-16,8
12108721,6,Round of 32,round-of-32,16
12108722,6,Round of 32,round-of-32,16
12108723,6,Round of 32,round-of-32,16
12108724,6,Round of 32,round-of-32,16
12108725,6,Round of 32,round-of-32,16
12108726,6,Round of 32,round-of-32,16
12108727,6,Round of 32,round-of-32,16
12108728,6,Round of 32,round-of-32,16
12108729,6,Round of 32,round-of-32,16
12108730,6,Round of 32,round-of-32,16
12108731,6,Round of 32,round-of-32,16
12108732,6,Round of 32,round-of-32,16
12108733,6,Round of 32,round-of-32,16
12108754,5,Round of 16,round-of-16,8
12108776,5,Round of 16,round-of-16,8
12108777,5,Round of 16,round-of-16,8
12108805,5,Round of 16,round-of-16,8
12108875,5,Round of 16,round-of-16,8
12108964,5,Round of 16,round-of-16,8
12108978,6,Round of 32,round-of-32,16
12108979,6,Round of 32,round-of-32,16
12108980,6,Round of 32,round-of-32,16
12108981,6,Round of 32,round-of-32,16
12108982,6,Round of 32,round-of-32,16
12108983,6,Round of 32,round-of-32,16
12108984,6,Round of 32,round-of-32,16
12109017,5,Round of 16,round-of-16,8
12109018,5,Round of 16,round-of-16,8
12109019,5,Round of 16,round-of-16,8
12109027,6,Round of 32,round-of-32,16
12109028,6,Round of 32,round-of-32,16
12109029,6,Round of 32,round-of-32,16
12109030,6,Round of 32,round-of-32,16
12109031,6,Round of 32,round-of-32,16
12109032,6,Round of 32,round-of-32,16
12109033,6,Round of 32,round-of-32,16
12109034,6,Round of 32,round-of-32,16
12109035,6,Round of 32,round-of-32,16
12109036,6,Round of 32,round-of-32,16
12109037,6,Round of 32,round-of-32,16
12109038,6,Round of 32,round-of-32,16
12109039,6,Round of 32,round-of-32,16
12109040,6,Round of 32,round-of-32,16
12109041,6,Round of 32,round-of-32,16
12109042,6,Round of 32,round-of-32,16
12109043,6,Round of 32,round-of-32,16
12109044,6,Round of 32,round-of-32,16
12109048,5,Round of 16,round-of-16,8
12109163,6,Round of 32,round-of-32,16
12109164,6,Round of 32,round-of-32,16
12109165,5,Round of 16,round-of-16,8
12109166,6,Round of 32,round-of-32,16
12109167,6,Round of 32,round-of-32,16
12109168,6,Round of 32,round-of-32,16
12109169,6,Round of 32,round-of-32,16
12109170,6,Round of 32,round-of-32,16
12109790,5,Round of 16,round-of-16,8
12109808,5,Round of 16,round-of-16,8
12109815,5,Round of 16,round-of-16,8
12109816,5,Round of 16,round-of-16,8
12109818,5,Round of 16,round-of-16,8
12109819,5,Round of 16,round-of-16,8
12109820,6,Round of 32,round-of-32,16
12109884,5,Round of 16,round-of-16,8
12109885,5,Round of 16,round-of-16,8
12109886,5,Round of 16,round-of-16,8
12109887,5,Round of 16,round-of-16,8
12109889,5,Round of 16,round-of-16,8
12109890,5,Round of 16,round-of-16,8
12109891,5,Round of 16,round-of-16,8
12109892,5,Round of 16,round-of-16,8
12109893,5,Round of 16,round-of-16,8
12109934,5,Round of 16,round-of-16,8
12110080,5,Round of 16,round-of-16,8
12110081,5,Round of 16,round-of-16,8
12110082,5,Round of 16,round-of-16,8
12110083,5,Round of 16,round-of-16,8
12110084,5,Round of 16,round-of-16,8
12110087,5,Round of 16,round-of-16,8
12110088,5,Round of 16,round-of-16,8
12110100,5,Round of 16,round-of-16,8
12110123,5,Round of 16,round-of-16,8
12110153,5,Round of 16,round-of-16,8
12110157,5,Round of 16,round-of-16,8
12110160,5,Round of 16,round-of-16,8
12110372,5,Round of 16,round-of-16,8
12110388,5,Round of 16,round-of-16,8
12110419,5,Round of 16,round-of-16,8
12110441,5,Round of 16,round-of-16,8
12110442,5,Round of 16,round-of-16,8
12110453,27,Quarterfinal,quarterfinal,4
12110455,5,Round of 16,round-of-16,8
12110456,5,Round of 16,round-of-16,8
12110457,6,Round of 32,round-of-32,16
12110459,27,Quarterfinal,quarterfinal,4
12110460,5,Round of 16,round-of-16,8
12110467,5,Round of 16,round-of-16,8
12110477,5,Round of 16,round-of-16,8
12110493,5,Round of 16,round-of-16,8
12110494,5,Round of 16,round-of-16,8
12110495,5,Round of 16,round-of-16,8
12110506,27,Quarterfinal,quarterfinal,4
12110513,27,Quarterfinal,quarterfinal,4
12110514,5,Round of 16,round-of-16,8
12110517,5,Round of 16,round-of-16,8
12110518,5,Round of 16,round-of-16,8
12110520,27,Quarterfinal,quarterfinal,4
12110530,5,Round of 16,round-of-16,8
12110534,5,Round of 16,round-of-16,8
12110566,5,Round of 16,round-of-16,8
12110572,5,Round of 16,round-of-16,8
12110582,5,Round of 16,round-of-16,8
12110583,5,Round of 16,round-of-16,8
12110585,27,Quarterfinal,quarterfinal,4
12110586,5,Round of 16,round-of-16,8
12110592,5,Round of 16,round-of-16,8
12110633,5,Round of 16,round-of-16,8
12110636,5,Round of 16,round-of-16,8
12110637,5,Round of 16,round-of-16,8
12110649,5,Round of 16,round-of-16,8
12110650,5,Round of 16,round-of-16,8
12110651,5,Round of 16,round-of-16,8
12110656,5,Round of 16,round-of-16,8
12110659,5,Round of 16,round-of-16,8
12110660,5,Round of 16,round-of-16,8
12110662,5,Round of 16,round-of-16,8
12110663,27,Quarterfinal,quarterfinal,4
12110664,6,Round of 32,round-of-32,16
12110665,5,Round of 16,round-of-16,8
12110670,5,Round of 16,round-of-16,8
12110675,27,Quarterfinal,quarterfinal,4
12110702,5,Round of 16,round-of-16,8
12110733,5,Round of 16,round-of-16,8
12110735,5,Round of 16,round-of-16,8
12110736,5,Round of 16,round-of-16,8
12110749,5,Round of 16,round-of-16,8
12110831,5,Round of 16,round-of-16,8
12110832,5,Round of 16,round-of-16,8
12110833,5,Round of 16,round-of-16,8
12110834,5,Round of 16,round-of-16,8
12110835,5,Round of 16,round-of-16,8
12110848,5,Round of 16,round-of-16,8
12110849,5,Round of 16,round-of-16,8
12110850,5,Round of 16,round-of-16,8
12110863,5,Round of 16,round-of-16,8
12110864,5,Round of 16,round-of-16,8
12110876,5,Round of 16,round-of-16,8
12110885,5,Round of 16,round-of-16,8
12110886,5,Round of 16,round-of-16,8
12110892,5,Round of 16,round-of-16,8
12110893,5,Round of 16,round-of-16,8
12110894,5,Round of 16,round-of-16,8
12110918,5,Round of 16,round-of-16,8
12110975,5,Round of 16,round-of-16,8
12110976,5,Round of 16,round-of-16,8
12111058,5,Round of 16,round-of-16,8
12111059,5,Round of 16,round-of-16,8
12111081,5,Round of 16,round-of-16,8
12111082,5,Round of 16,round-of-16,8
12111094,5,Round of 16,round-of-16,8
12111128,5,Round of 16,round-of-16,8
12111129,5,Round of 16,round-of-16,8
12111174,5,Round of 16,round-of-16,8
12111176,5,Round of 16,round-of-16,8
12111177,5,Round of 16,round-of-16,8
12111182,5,Round of 16,round-of-16,8
12111184,5,Round of 16,round-of-16,8
12111222,5,Round of 16,round-of-16,8
12111229,5,Round of 16,round-of-16,8
12111232,5,Round of 16,round-of-16,8
12111233,6,Round of 32,round-of-32,16
12111235,5,Round of 16,round-of-16,8
12111291,5,Round of 16,round-of-16,8
12111305,5,Round of 16,round-of-16,8
12111340,5,Round of 16,round-of-16,8
12111377,5,Round of 16,round-of-16,8
12111400,5,Round of 16,round-of-16,8
12111435,5,Round of 16,round-of-16,8
12111444,5,Round of 16,round-of-16,8
12111465,27,Quarterfinal,quarterfinal,4
12111466,5,Round of 16,round-of-16,8
12111490,5,Round of 16,round-of-16,8
12111509,5,Round of 16,round-of-16,8
12111522,5,Round of 16,round-of-16,8
12111542,5,Round of 16,round-of-16,8
12111560,5,Round of 16,round-of-16,8
12111572,5,Round of 16,round-of-16,8
12111605,5,Round of 16,round-of-16,8
12111635,5,Round of 16,round-of-16,8
12111784,5,Round of 16,round-of-16,8
12112023,5,Round of 16,round-of-16,8
12112183,5,Round of 16,round-of-16,8
12112214,5,Round of 16,round-of-16,8
12087266,5,Round of 16,round-of-16,8
12087270,5,Round of 16,round-of-16,8
12087271,5,Round of 16,round-of-16,8
12087273,5,Round of 16,round-of-16,8
12087278,5,Round of 16,round-of-16,8
12087280,5,Round of 16,round-of-16,8
12087281,5,Round of 16,round-of-16,8
12087282,5,Round of 16,round-of-16,8
12087305,5,Round of 16,round-of-16,8
12087306,5,Round of 16,round-of-16,8
12087307,5,Round of 16,round-of-16,8
12087310,5,Round of 16,round-of-16,8
12087312,5,Round of 16,round-of-16,8
12087315,5,Round of 16,round-of-16,8
12087316,5,Round of 16,round-of-16,8
12087318,5,Round of 16,round-of-16,8
12087888,5,Round of 16,round-of-16,8
12087889,28,Semifinal,semifinal,2
12087890,27,Quarterfinal,quarterfinal,4
12087891,5,Round of 16,round-of-16,8
12087892,5,Round of 16,round-of-16,8
12087893,27,Quarterfinal,quarterfinal,4
12087894,5,Round of 16,round-of-16,8
12087895,27,Quarterfinal,quarterfinal,4
12087897,5,Round of 16,round-of-16,8
12087899,5,Round of 16,round-of-16,8
12087900,27,Quarterfinal,quarterfinal,4
12087914,5,Round of 16,round-of-16,8
12087915,5,Round of 16,round-of-16,8
12087916,5,Round of 16,round-of-16,8
12087917,27,Quarterfinal,quarterfinal,4
12087918,5,Round of 16,round-of-16,8
12087919,5,Round of 16,round-of-16,8
12087921,5,Round of 16,round-of-16,8
12087924,27,Quarterfinal,quarterfinal,4
12087925,27,Quarterfinal,quarterfinal,4
12087926,5,Round of 16,round-of-16,8
12087927,27,Quarterfinal,quarterfinal,4
12087928,5,Round of 16,round-of-16,8
12087937,5,Round of 16,round-of-16,8
12087940,5,Round of 16,round-of-16,8
12087941,5,Round of 16,round-of-16,8
12087942,5,Round of 16,round-of-16,8
12087943,5,Round of 16,round-of-16,8
12087944,5,Round of 16,round-of-16,8
12087948,5,Round of 16,round-of-16,8
12087949,5,Round of 16,round-of-16,8
12088016,27,Quarterfinal,quarterfinal,4
12088018,27,Quarterfinal,quarterfinal,4
12088020,5,Round of 16,round-of-16,8
12088022,5,Round of 16,round-of-16,8
12088025,5,Round of 16,round-of-16,8
12088027,5,Round of 16,round-of-16,8
12088029,5,Round of 16,round-of-16,8
12088038,27,Quarterfinal,quarterfinal,4
12088039,5,Round of 16,round-of-16,8
12088041,5,Round of 16,round-of-16,8
12088044,5,Round of 16,round-of-16,8
12088046,27,Quarterfinal,quarterfinal,4
12088048,5,Round of 16,round-of-16,8
12088049,27,Quarterfinal,quarterfinal,4
12088050,27,Quarterfinal,quarterfinal,4
12088055,27,Quarterfinal,quarterfinal,4
12088057,28,Semifinal,semifinal,2
12088058,28,Semifinal,semifinal,2
12088059,27,Quarterfinal,quarterfinal,4
12088060,27,Quarterfinal,quarterfinal,4
12088061,27,Quarterfinal,quarterfinal,4
12088064,5,Round of 16,round-of-16,8
12088065,5,Round of 16,round-of-16,8
12088066,5,Round of 16,round-of-16,8
12088067,27,Quarterfinal,quarterfinal,4
12088069,5,Round of 16,round-of-16,8
12088071,27,Quarterfinal,quarterfinal,4
12088073,5,Round of 16,round-of-16,8
12088074,5,Round of 16,round-of-16,8
12088078,27,Quarterfinal,quarterfinal,4
12088087,5,Round of 16,round-of-16,8
12088090,27,Quarterfinal,quarterfinal,4
12088091,27,Quarterfinal,quarterfinal,4
12088092,28,Semifinal,semifinal,2
12088094,27,Quarterfinal,quarterfinal,4
12088095,28,Semifinal,semifinal,2
12088100,27,Quarterfinal,quarterfinal,4
12099609,6,Round of 32,round-of-32,16
12099613,6,Round of 32,round-of-32,16
12105216,6,Round of 32,round-of-32,16
12106242,6,Round of 32,round-of-32,16
12106243,6,Round of 32,round-of-32,16
12106246,6,Round of 32,round-of-32,16
12106247,5,Round of 16,round-of-16,8
12106250,6,Round of 32,round-of-32,16
12106255,6,Round of 32,round-of-32,16
12106256,6,Round of 32,round-of-32,16
12106257,5,Round of 16,round-of-16,8
12106260,6,Round of 32,round-of-32,16
12106261,6,Round of 32,round-of-32,16
12106263,6,Round of 32,round-of-32,16
12106264,6,Round of 32,round-of-32,16
12106267,6,Round of 32,round-of-32,16
12106269,6,Round of 32,round-of-32,16
12106273,6,Round of 32,round-of-32,16
12106276,6,Round of 32,round-of-32,16
12106278,6,Round of 32,round-of-32,16
12106279,6,Round of 32,round-of-32,16
12106281,6,Round of 32,round-of-32,16
12106284,6,Round of 32,round-of-32,16
12106287,6,Round of 32,round-of-32,16
12106288,6,Round of 32,round-of-32,16
12106292,6,Round of 32,round-of-32,16
12106308,5,Round of 16,round-of-16,8
12106321,5,Round of 16,round-of-16,8
12106329,5,Round of 16,round-of-16,8
12106338,6,Round of 32,round-of-32,16
12106339,6,Round of 32,round-of-32,16
12106340,6,Round of 32,round-of-32,16
12106341,6,Round of 32,round-of-32,16
12106342,6,Round of 32,round-of-32,16
12106343,5,Round of 16,round-of-16,8
12106351,6,Round of 32,round-of-32,16
12106352,6,Round of 32,round-of-32,16
12106353,6,Round of 32,round-of-32,16
12106354,5,Round of 16,round-of-16,8
12106356,5,Round of 16,round-of-16,8
12106722,5,Round of 16,round-of-16,8
12106727,6,Round of 32,round-of-32,16
12106731,6,Round of 32,round-of-32,16
12106742,6,Round of 32,round-of-32,16
12106745,6,Round of 32,round-of-32,16
12106747,6,Round of 32,round-of-32,16
12106748,6,Round of 32,round-of-32,16
12106750,6,Round of 32,round-of-32,16
12106764,6,Round of 32,round-of-32,16
12106766,6,Round of 32,round-of-32,16
12106767,6,Round of 32,round-of-32,16
12106768,6,Round of 32,round-of-32,16
12106769,6,Round of 32,round-of-32,16
12106785,6,Round of 32,round-of-32,16
12106787,6,Round of 32,round-of-32,16
12106789,6,Round of 32,round-of-32,16
12106793,5,Round of 16,round-of-16,8
12106813,5,Round of 16,round-of-16,8
12106841,5,Round of 16,round-of-16,8
12106861,5,Round of 16,round-of-16,8
12106912,5,Round of 16,round-of-16,8
12107358,5,Round of 16,round-of-16,8
12107406,27,Quarterfinal,quarterfinal,4
12107526,5,Round of 16,round-of-16,8
12107648,5,Round of 16,round-of-16,8
12107727,6,Round of 32,round-of-32,16
12107728,5,Round of 16,round-of-16,8
12107731,6,Round of 32,round-of-32,16
12107741,5,Round of 16,round-of-16,8
12107742,6,Round of 32,round-of-32,16
12107746,6,Round of 32,round-of-32,16
12107748,6,Round of 32,round-of-32,16
12107749,6,Round of 32,round-of-32,16
12107758,6,Round of 32,round-of-32,16
12107829,5,Round of 16,round-of-16,8
12107863,5,Round of 16,round-of-16,8
12108169,5,Round of 16,round-of-16,8
12108340,5,Round of 16,round-of-16,8
12108423,6,Round of 32,round-of-32,16
12108425,6,Round of 32,round-of-32,16
12108427,6,Round of 32,round-of-32,16
12108430,6,Round of 32,round-of-32,16
12108456,6,Round of 32,round-of-32,16
12108457,6,Round of 32,round-of-32,16
12108459,6,Round of 32,round-of-32,16
12108463,6,Round of 32,round-of-32,16
12108465,6,Round of 32,round-of-32,16
12108466,6,Round of 32,round-of-32,16
12108494,6,Round of 32,round-of-32,16
12108695,5,Round of 16,round-of-16,8
12108728,6,Round of 32,round-of-32,16
12108730,6,Round of 32,round-of-32,16
12108732,6,Round of 32,round-of-32,16
12108754,5,Round of 16,round-of-16,8
12108776,5,Round of 16,round-of-16,8
12108777,5,Round of 16,round-of-16,8
12108875,5,Round of 16,round-of-16,8
12108964,5,Round of 16,round-of-16,8
12108978,6,Round of 32,round-of-32,16
12108979,6,Round of 32,round-of-32,16
12108980,6,Round of 32,round-of-32,16
12108981,6,Round of 32,round-of-32,16
12109003,5,Round of 16,round-of-16,8
12109017,5,Round of 16,round-of-16,8
12109018,5,Round of 16,round-of-16,8
12109019,5,Round of 16,round-of-16,8
12109027,6,Round of 32,round-of-32,16
12109028,6,Round of 32,round-of-32,16
12109029,6,Round of 32,round-of-32,16
12109030,6,Round of 32,round-of-32,16
12109031,6,Round of 32,round-of-32,16
12109032,6,Round of 32,round-of-32,16
12109033,6,Round of 32,round-of-32,16
12109034,6,Round of 32,round-of-32,16
12109035,6,Round of 32,round-of-32,16
12109036,6,Round of 32,round-of-32,16
12109037,6,Round of 32,round-of-32,16
12109038,6,Round of 32,round-of-32,16
12109039,6,Round of 32,round-of-32,16
12109040,6,Round of 32,round-of-32,16
12109041,6,Round of 32,round-of-32,16
12109042,6,Round of 32,round-of-32,16
12109043,6,Round of 32,round-of-32,16
12109044,6,Round of 32,round-of-32,16
12109048,5,Round of 16,round-of-16,8
12109163,6,Round of 32,round-of-32,16
12109164,6,Round of 32,round-of-32,16
12109165,5,Round of 16,round-of-16,8
12109166,6,Round of 32,round-of-32,16
12109167,6,Round of 32,round-of-32,16
12109168,6,Round of 32,round-of-32,16
12109169,6,Round of 32,round-of-32,16
12109170,6,Round of 32,round-of-32,16
12109297,5,Round of 16,round-of-16,8
12109790,5,Round of 16,round-of-16,8
12109807,5,Round of 16,round-of-16,8
12109808,5,Round of 16,round-of-16,8
12109815,5,Round of 16,round-of-16,8
12109816,5,Round of 16,round-of-16,8
12109818,5,Round of 16,round-of-16,8
12109819,5,Round of 16,round-of-16,8
12109884,5,Round of 16,round-of-16,8
12109885,5,Round of 16,round-of-16,8
12109886,5,Round of 16,round-of-16,8
12109887,5,Round of 16,round-of-16,8
12109889,5,Round of 16,round-of-16,8
12109890,5,Round of 16,round-of-16,8
12109891,5,Round of 16,round-of-16,8
12109892,5,Round of 16,round-of-16,8
12109893,5,Round of 16,round-of-16,8
12109934,5,Round of 16,round-of-16,8
12110080,5,Round of 16,round-of-16,8
12110082,5,Round of 16,round-of-16,8
12110083,5,Round of 16,round-of-16,8
12110084,5,Round of 16,round-of-16,8
12110087,5,Round of 16,round-of-16,8
12110088,5,Round of 16,round-of-16,8
12110100,5,Round of 16,round-of-16,8
12110123,5,Round of 16,round-of-16,8
12110153,5,Round of 16,round-of-16,8
12110157,5,Round of 16,round-of-16,8
12110160,5,Round of 16,round-of-16,8
12110372,5,Round of 16,round-of-16,8
12110388,5,Round of 16,round-of-16,8
12110419,5,Round of 16,round-of-16,8
12110441,5,Round of 16,round-of-16,8
12110442,5,Round of 16,round-of-16,8
12110453,27,Quarterfinal,quarterfinal,4
12110455,5,Round of 16,round-of-16,8
12110456,5,Round of 16,round-of-16,8
12110457,6,Round of 32,round-of-32,16
12110459,27,Quarterfinal,quarterfinal,4
12110460,5,Round of 16,round-of-16,8
12110467,5,Round of 16,round-of-16,8
12110477,5,Round of 16,round-of-16,8
12110493,5,Round of 16,round-of-16,8
12110494,5,Round of 16,round-of-16,8
12110495,5,Round of 16,round-of-16,8
12110506,27,Quarterfinal,quarterfinal,4
12110513,27,Quarterfinal,quarterfinal,4
12110514,5,Round of 16,round-of-16,8
12110517,5,Round of 16,round-of-16,8
12110518,5,Round of 16,round-of-16,8
12110520,27,Quarterfinal,quarterfinal,4
12110530,5,Round of 16,round-of-16,8
12110534,5,Round of 16,round-of-16,8
12110566,5,Round of 16,round-of-16,8
12110572,5,Round of 16,round-of-16,8
12110582,5,Round of 16,round-of-16,8
12110583,5,Round of 16,round-of-16,8
12110585,27,Quarterfinal,quarterfinal,4
12110586,5,Round of 16,round-of-16,8
12110592,5,Round of 16,round-of-16,8
12110633,5,Round of 16,round-of-16,8
12110636,5,Round of 16,round-of-16,8
12110637,5,Round of 16,round-of-16,8
12110649,5,Round of 16,round-of-16,8
12110650,5,Round of 16,round-of-16,8
12110651,5,Round of 16,round-of-16,8
12110656,5,Round of 16,round-of-16,8
12110659,5,Round of 16,round-of-16,8
12110660,5,Round of 16,round-of-16,8
12110662,5,Round of 16,round-of-16,8
12110663,27,Quarterfinal,quarterfinal,4
12110664,6,Round of 32,round-of-32,16
12110665,5,Round of 16,round-of-16,8
12110670,5,Round of 16,round-of-16,8
12110675,27,Quarterfinal,quarterfinal,4
12110702,5,Round of 16,round-of-16,8
12110714,5,Round of 16,round-of-16,8
12110733,5,Round of 16,round-of-16,8
12110735,5,Round of 16,round-of-16,8
12110736,5,Round of 16,round-of-16,8
12110749,5,Round of 16,round-of-16,8
12110831,5,Round of 16,round-of-16,8
12110832,5,Round of 16,round-of-16,8
12110833,5,Round of 16,round-of-16,8
12110834,5,Round of 16,round-of-16,8
12110835,5,Round of 16,round-of-16,8
12110848,5,Round of 16,round-of-16,8
12110849,5,Round of 16,round-of-16,8
12110850,5,Round of 16,round-of-16,8
12110863,5,Round of 16,round-of-16,8
12110864,5,Round of 16,round-of-16,8
12110875,5,Round of 16,round-of-16,8
12110876,5,Round of 16,round-of-16,8
12110885,5,Round of 16,round-of-16,8
12110886,5,Round of 16,round-of-16,8
12110892,5,Round of 16,round-of-16,8
12110893,5,Round of 16,round-of-16,8
12110894,5,Round of 16,round-of-16,8
12110918,5,Round of 16,round-of-16,8
12110919,5,Round of 16,round-of-16,8
12110975,5,Round of 16,round-of-16,8
12110976,5,Round of 16,round-of-16,8
12110977,5,Round of 16,round-of-16,8
12111058,5,Round of 16,round-of-16,8
12111059,5,Round of 16,round-of-16,8
12111081,5,Round of 16,round-of-16,8
12111082,5,Round of 16,round-of-16,8
12111094,5,Round of 16,round-of-16,8
12111128,5,Round of 16,round-of-16,8
12111129,5,Round of 16,round-of-16,8
12111174,5,Round of 16,round-of-16,8
12111176,5,Round of 16,round-of-16,8
12111177,5,Round of 16,round-of-16,8
12111182,5,Round of 16,round-of-16,8
12111184,5,Round of 16,round-of-16,8
12111214,5,Round of 16,round-of-16,8
12111222,5,Round of 16,round-of-16,8
12111229,5,Round of 16,round-of-16,8
12111232,5,Round of 16,round-of-16,8
12111233,6,Round of 32,round-of-32,16
12111235,5,Round of 16,round-of-16,8
12111291,5,Round of 16,round-of-16,8
12111305,5,Round of 16,round-of-16,8
12111340,5,Round of 16,round-of-16,8
12111377,5,Round of 16,round-of-16,8
12111400,5,Round of 16,round-of-16,8
12111413,5,Round of 16,round-of-16,8
12111435,5,Round of 16,round-of-16,8
12111444,5,Round of 16,round-of-16,8
12111445,27,Quarterfinal,quarterfinal,4
12111465,27,Quarterfinal,quarterfinal,4
12111466,5,Round of 16,round-of-16,8
12111490,5,Round of 16,round-of-16,8
12111509,5,Round of 16,round-of-16,8
12111522,5,Round of 16,round-of-16,8
12111542,5,Round of 16,round-of-16,8
12111560,5,Round of 16,round-of-16,8
12111566,5,Round of 16,round-of-16,8
12111571,5,Round of 16,round-of-16,8
12111572,5,Round of 16,round-of-16,8
12111605,5,Round of 16,round-of-16,8
12111635,5,Round of 16,round-of-16,8
12111692,5,Round of 16,round-of-16,8
12111693,5,Round of 16,round-of-16,8
12111700,27,Quarterfinal,quarterfinal,4
12111746,5,Round of 16,round-of-16,8
12111784,5,Round of 16,round-of-16,8
12111866,5,Round of 16,round-of-16,8
12111980,5,Round of 16,round-of-16,8
12111990,5,Round of 16,round-of-16,8
12112023,5,Round of 16,round-of-16,8
12112050,5,Round of 16,round-of-16,8
12112058,5,Round of 16,round-of-16,8
12112096,5,Round of 16,round-of-16,8
12112183,5,Round of 16,round-of-16,8
12112193,5,Round of 16,round-of-16,8
12112205,5,Round of 16,round-of-16,8
12112214,5,Round of 16,round-of-16,8
12112643,5,Round of 16,round-of-16,8
12112644,27,Quarterfinal,quarterfinal,4
12112648,27,Quarterfinal,quarterfinal,4
12112649,27,Quarterfinal,quarterfinal,4
12112650,27,Quarterfinal,quarterfinal,4
12112652,27,Quarterfinal,quarterfinal,4
12112673,27,Quarterfinal,quarterfinal,4
12112674,27,Quarterfinal,quarterfinal,4
12112705,27,Quarterfinal,quarterfinal,4
12112706,27,Quarterfinal,quarterfinal,4
12112709,27,Quarterfinal,quarterfinal,4
12112710,27,Quarterfinal,quarterfinal,4
12112740,27,Quarterfinal,quarterfinal,4
12112743,27,Quarterfinal,quarterfinal,4
12112746,27,Quarterfinal,quarterfinal,4
12112747,27,Quarterfinal,quarterfinal,4
12112795,27,Quarterfinal,quarterfinal,4
12112816,27,Quarterfinal,quarterfinal,4
12112897,27,Quarterfinal,quarterfinal,4
12113049,27,Quarterfinal,quarterfinal,4
12113218,28,Semifinal,semifinal,2
12113219,27,Quarterfinal,quarterfinal,4
12113268,27,Quarterfinal,quarterfinal,4
12113284,27,Quarterfinal,quarterfinal,4
12113285,27,Quarterfinal,quarterfinal,4
12113294,27,Quarterfinal,quarterfinal,4
12113295,27,Quarterfinal,quarterfinal,4
12113307,27,Quarterfinal,quarterfinal,4
12113308,28,Semifinal,semifinal,2
12113325,28,Semifinal,semifinal,2
12113351,28,Semifinal,semifinal,2
12113520,27,Quarterfinal,quarterfinal,4
12113560,27,Quarterfinal,quarterfinal,4
12113601,27,Quarterfinal,quarterfinal,4
12113637,27,Quarterfinal,quarterfinal,4
12113638,27,Quarterfinal,quarterfinal,4
12113698,27,Quarterfinal,quarterfinal,4
12113724,27,Quarterfinal,quarterfinal,4
12113725,27,Quarterfinal,quarterfinal,4
12113726,27,Quarterfinal,quarterfinal,4
12113753,27,Quarterfinal,quarterfinal,4
12113769,27,Quarterfinal,quarterfinal,4
12113771,27,Quarterfinal,quarterfinal,4
12113823,27,Quarterfinal,quarterfinal,4
12113840,27,Quarterfinal,quarterfinal,4
12113857,27,Quarterfinal,quarterfinal,4
12113875,27,Quarterfinal,quarterfinal,4
12113877,5,Round of 16,round-of-16,8
12113879,27,Quarterfinal,quarterfinal,4
12113902,27,Quarterfinal,quarterfinal,4
12113937,27,Quarterfinal,quarterfinal,4
12113989,27,Quarterfinal,quarterfinal,4
12113990,27,Quarterfinal,quarterfinal,4
12113991,27,Quarterfinal,quarterfinal,4
12114091,27,Quarterfinal,quarterfinal,4
12114171,27,Quarterfinal,quarterfinal,4
12114291,27,Quarterfinal,quarterfinal,4
12114293,27,Quarterfinal,quarterfinal,4
12114411,27,Quarterfinal,quarterfinal,4
12114412,27,Quarterfinal,quarterfinal,4
12114506,27,Quarterfinal,quarterfinal,4
12114507,27,Quarterfinal,quarterfinal,4
12114646,27,Quarterfinal,quarterfinal,4
12114659,27,Quarterfinal,quarterfinal,4
12114675,27,Quarterfinal,quarterfinal,4
12114745,27,Quarterfinal,quarterfinal,4
12114877,27,Quarterfinal,quarterfinal,4
12114926,27,Quarterfinal,quarterfinal,4
12114975,28,Semifinal,semifinal,2
12115070,27,Quarterfinal,quarterfinal,4
12115163,27,Quarterfinal,quarterfinal,4
12115176,27,Quarterfinal,quarterfinal,4
12115417,27,Quarterfinal,quarterfinal,4
12116852,27,Quarterfinal,quarterfinal,4
12117459,27,Quarterfinal,quarterfinal,4
12088076,28,Semifinals,semifinals,2
12088072,27,Quarterfinals,quarterfinals,4
12111214,5,Round of 16,round-of-16,8
12113937,27,Quarterfinals,quarterfinals,4
12113561,27,Quarterfinals,quarterfinals,4
12111566,5,Round of 16,round-of-16,8
12116452,28,Semifinals,semifinals,2
12114291,27,Quarterfinals,quarterfinals,4
12111490,5,Round of 16,round-of-16,8
12116337,28,Semifinals,semifinals,2
12106354,5,Round of 16,round-of-16,8
12113840,27,Quarterfinals,quarterfinals,4
12117691,29,Final,final,1
12112193,5,Round of 16,round-of-16,8
12114745,27,Quarterfinals,quarterfinals,4
12114506,27,Quarterfinals,quarterfinals,4
12087925,27,Quarterfinals,quarterfinals,4
12117656,28,Semifinals,semifinals,2
12088051,28,Semifinals,semifinals,2
12114507,27,Quarterfinals,quarterfinals,4
12116719,29,Final,final,1
12087946,27,Quarterfinals,quarterfinals,4
12111605,5,Round of 16,round-of-16,8
12113294,27,Quarterfinals,quarterfinals,4
12112710,27,Quarterfinals,quarterfinals,4
12110637,5,Round of 16,round-of-16,8
12088016,27,Quarterfinals,quarterfinals,4
12087900,27,Quarterfinals,quarterfinals,4
12116672,28,Semifinals,semifinals,2
12107741,5,Round of 16,round-of-16,8
12116852,27,Quarterfinals,quarterfinals,4
12112050,5,Round of 16,round-of-16,8
12116344,28,Semifinals,semifinals,2
12116699,28,Semifinals,semifinals,2
12111866,5,Round of 16,round-of-16,8
12115176,27,Quarterfinals,quarterfinals,4
12113725,27,Quarterfinals,quarterfinals,4
12109297,5,Round of 16,round-of-16,8
12111746,5,Round of 16,round-of-16,8
12110850,5,Round of 16,round-of-16,8
12113770,27,Quarterfinals,quarterfinals,4
12113307,27,Quarterfinals,quarterfinals,4
12088090,27,Quarterfinals,quarterfinals,4
12113991,27,Quarterfinals,quarterfinals,4
12113601,27,Quarterfinals,quarterfinals,4
12117970,28,Semifinals,semifinals,2
12114659,27,Quarterfinals,quarterfinals,4
12118435,28,Semifinals,semifinals,2
12117499,28,Semifinals,semifinals,2
12113879,27,Quarterfinals,quarterfinals,4
12113857,27,Quarterfinals,quarterfinals,4
12088067,27,Quarterfinals,quarterfinals,4
12088040,28,Semifinals,semifinals,2
12113295,27,Quarterfinals,quarterfinals,4
12113284,27,Quarterfinals,quarterfinals,4
12113877,5,Round of 16,round-of-16,8
12087924,27,Quarterfinals,quarterfinals,4
12087942,5,Round of 16,round-of-16,8
12114956,27,Quarterfinals,quarterfinals,4
12114508,28,Semifinals,semifinals,2
12115070,27,Quarterfinals,quarterfinals,4
12117498,28,Semifinals,semifinals,2
12088019,27,Quarterfinals,quarterfinals,4
12110875,5,Round of 16,round-of-16,8
12113351,28,Semifinals,semifinals,2
12112652,27,Quarterfinals,quarterfinals,4
12115456,27,Quarterfinals,quarterfinals,4
12112747,27,Quarterfinals,quarterfinals,4
12087310,5,Round of 16,round-of-16,8
12118243,28,Semifinals,semifinals,2
12088056,29,Final,final,1
12115294,27,Quarterfinals,quarterfinals,4
12113322,27,Quarterfinals,quarterfinals,4
12111572,5,Round of 16,round-of-16,8
12087917,27,Quarterfinals,quarterfinals,4
12116372,28,Semifinals,semifinals,2
12113698,27,Quarterfinals,quarterfinals,4
12088021,27,Quarterfinals,quarterfinals,4
12087901,28,Semifinals,semifinals,2
12117823,28,Semifinals,semifinals,2
12114411,27,Quarterfinals,quarterfinals,4
12087271,5,Round of 16,round-of-16,8
12111784,5,Round of 16,round-of-16,8
12088025,5,Round of 16,round-of-16,8
12088038,27,Quarterfinals,quarterfinals,4
12111980,5,Round of 16,round-of-16,8
12117997,28,Semifinals,semifinals,2
12110863,5,Round of 16,round-of-16,8
12110514,5,Round of 16,round-of-16,8
12113218,28,Semifinals,semifinals,2
12113520,27,Quarterfinals,quarterfinals,4
12114215,27,Quarterfinals,quarterfinals,4
12106247,5,Round of 16,round-of-16,8
12113268,27,Quarterfinals,quarterfinals,4
12110886,5,Round of 16,round-of-16,8
12113724,27,Quarterfinals,quarterfinals,4
12107829,5,Round of 16,round-of-16,8
12088078,27,Quarterfinals,quarterfinals,4
12114926,27,Quarterfinals,quarterfinals,4
12088018,27,Quarterfinals,quarterfinals,4
12113990,27,Quarterfinals,quarterfinals,4
12087269,27,Quarterfinals,quarterfinals,4
12110894,5,Round of 16,round-of-16,8
12113285,27,Quarterfinals,quarterfinals,4
12112706,27,Quarterfinals,quarterfinals,4
12087314,27,Quarterfinals,quarterfinals,4
12087309,27,Quarterfinals,quarterfinals,4
12111990,5,Round of 16,round-of-16,8
12110714,5,Round of 16,round-of-16,8
12112058,5,Round of 16,round-of-16,8
12109018,5,Round of 16,round-of-16,8
12117901,28,Semifinals,semifinals,2
12111413,5,Round of 16,round-of-16,8
12113769,27,Quarterfinals,quarterfinals,4
12115417,27,Quarterfinals,quarterfinals,4
12116339,28,Semifinals,semifinals,2
12112740,27,Quarterfinals,quarterfinals,4
12113823,27,Quarterfinals,quarterfinals,4
12088092,28,Semifinals,semifinals,2
12087305,5,Round of 16,round-of-16,8
12117362,28,Semifinals,semifinals,2
12111635,5,Round of 16,round-of-16,8
12111692,5,Round of 16,round-of-16,8
12087922,28,Semifinals,semifinals,2
12112649,27,Quarterfinals,quarterfinals,4
12112709,27,Quarterfinals,quarterfinals,4
12087923,28,Semifinals,semifinals,2
12112897,27,Quarterfinals,quarterfinals,4
12116545,28,Semifinals,semifinals,2
12110919,5,Round of 16,round-of-16,8
12115413,27,Quarterfinals,quarterfinals,4
12087947,27,Quarterfinals,quarterfinals,4
12115432,27,Quarterfinals,quarterfinals,4
12112705,27,Quarterfinals,quarterfinals,4
12087311,27,Quarterfinals,quarterfinals,4
12111435,5,Round of 16,round-of-16,8
12087270,5,Round of 16,round-of-16,8
12112648,27,Quarterfinals,quarterfinals,4
12112673,27,Quarterfinals,quarterfinals,4
12088027,5,Round of 16,round-of-16,8
12087889,28,Semifinals,semifinals,2
12113308,28,Semifinals,semifinals,2
12114293,27,Quarterfinals,quarterfinals,4
12118602,28,Semifinals,semifinals,2
12087279,27,Quarterfinals,quarterfinals,4
12113638,27,Quarterfinals,quarterfinals,4
12087939,27,Quarterfinals,quarterfinals,4
12111059,5,Round of 16,round-of-16,8
12115057,27,Quarterfinals,quarterfinals,4
12088069,5,Round of 16,round-of-16,8
12088050,27,Quarterfinals,quarterfinals,4
12115451,27,Quarterfinals,quarterfinals,4
12116336,28,Semifinals,semifinals,2
12118601,28,Semifinals,semifinals,2
12112746,27,Quarterfinals,quarterfinals,4
12112795,27,Quarterfinals,quarterfinals,4
12109807,5,Round of 16,round-of-16,8
12118510,28,Semifinals,semifinals,2
12112023,5,Round of 16,round-of-16,8
12113317,27,Quarterfinals,quarterfinals,4
12116371,28,Semifinals,semifinals,2
12118220,27,Quarterfinals,quarterfinals,4
12087318,5,Round of 16,round-of-16,8
12110675,27,Quarterfinals,quarterfinals,4
12087949,5,Round of 16,round-of-16,8
12117874,28,Semifinals,semifinals,2
12115577,27,Quarterfinals,quarterfinals,4
12113771,27,Quarterfinals,quarterfinals,4
12088095,28,Semifinals,semifinals,2
12087266,5,Round of 16,round-of-16,8
12114646,27,Quarterfinals,quarterfinals,4
12108169,5,Round of 16,round-of-16,8
12117623,28,Semifinals,semifinals,2
12111693,5,Round of 16,round-of-16,8
12088057,28,Semifinals,semifinals,2
12117464,28,Semifinals,semifinals,2
12115875,27,Quarterfinals,quarterfinals,4
12106257,5,Round of 16,round-of-16,8
12087277,27,Quarterfinals,quarterfinals,4
12088049,27,Quarterfinals,quarterfinals,4
12112096,5,Round of 16,round-of-16,8
12113637,27,Quarterfinals,quarterfinals,4
12087941,5,Round of 16,round-of-16,8
12114171,27,Quarterfinals,quarterfinals,4
12115380,27,Quarterfinals,quarterfinals,4
12113560,27,Quarterfinals,quarterfinals,4
12116318,28,Semifinals,semifinals,2
12111700,27,Quarterfinals,quarterfinals,4
12112650,27,Quarterfinals,quarterfinals,4
12110977,5,Round of 16,round-of-16,8
12117624,28,Semifinals,semifinals,2
12087303,27,Quarterfinals,quarterfinals,4
12112643,5,Round of 16,round-of-16,8
12087307,5,Round of 16,round-of-16,8
12117465,28,Semifinals,semifinals,2
12088071,27,Quarterfinals,quarterfinals,4
12113219,27,Quarterfinals,quarterfinals,4
12088020,5,Round of 16,round-of-16,8
12114975,28,Semifinals,semifinals,2
12114675,27,Quarterfinals,quarterfinals,4
12115412,27,Quarterfinals,quarterfinals,4
12087282,5,Round of 16,round-of-16,8
12109003,5,Round of 16,round-of-16,8
12088073,5,Round of 16,round-of-16,8
12113989,27,Quarterfinals,quarterfinals,4
12113753,27,Quarterfinals,quarterfinals,4
12113902,27,Quarterfinals,quarterfinals,4
12087895,27,Quarterfinals,quarterfinals,4
12118244,28,Semifinals,semifinals,2
12113875,27,Quarterfinals,quarterfinals,4
12118853,28,Semifinals,semifinals,2
12114877,27,Quarterfinals,quarterfinals,4
12114091,27,Quarterfinals,quarterfinals,4
12112214,5,Round of 16,round-of-16,8
12112743,27,Quarterfinals,quarterfinals,4
12112674,27,Quarterfinals,quarterfinals,4
12088046,27,Quarterfinals,quarterfinals,4
12088058,28,Semifinals,semifinals,2
12087927,27,Quarterfinals,quarterfinals,4
12087937,5,Round of 16,round-of-16,8
12115163,27,Quarterfinals,quarterfinals,4
12115547,27,Quarterfinals,quarterfinals,4
12116338,28,Semifinals,semifinals,2
12113049,27,Quarterfinals,quarterfinals,4
12087936,27,Quarterfinals,quarterfinals,4
12087267,27,Quarterfinals,quarterfinals,4
12088086,29,Final,final,1
12112644,27,Quarterfinals,quarterfinals,4
12114412,27,Quarterfinals,quarterfinals,4
12114764,27,Quarterfinals,quarterfinals,4
12112183,5,Round of 16,round-of-16,8
12111445,27,Quarterfinals,quarterfinals,4
12111571,5,Round of 16,round-of-16,8
12113325,28,Semifinals,semifinals,2
12112816,27,Quarterfinals,quarterfinals,4
12111466,5,Round of 16,round-of-16,8
12117459,27,Quarterfinals,quarterfinals,4
12115482,27,Quarterfinals,quarterfinals,4
12113726,27,Quarterfinals,quarterfinals,4
12112205,5,Round of 16,round-of-16,8
12117667,28,Semifinals,semifinals,2
12116878,28,Semifinals,semifinals,2
12088076,28,Semifinals,semifinals,2
12121126,1,Qualification round 1,qualification-round-1,
12088072,27,Quarterfinals,quarterfinals,4
12113937,27,Quarterfinals,quarterfinals,4
12113561,27,Quarterfinals,quarterfinals,4
12116452,28,Semifinals,semifinals,2
12120445,29,Final,final,1
12087284,28,Semifinals,semifinals,2
12116337,28,Semifinals,semifinals,2
12121121,1,Qualification round 1,qualification-round-1,
12117691,29,Final,final,1
12121553,1,Qualification round 1,qualification-round-1,
12088068,29,Final,final,1
12121593,1,Qualification round 1,qualification-round-1,
12117656,28,Semifinals,semifinals,2
12088051,28,Semifinals,semifinals,2
12119356,28,Semifinals,semifinals,2
12116719,29,Final,final,1
12087946,27,Quarterfinals,quarterfinals,4
12118939,28,Semifinals,semifinals,2
12088016,27,Quarterfinals,quarterfinals,4
12121122,1,Qualification round 1,qualification-round-1,
12116672,28,Semifinals,semifinals,2
12121111,1,Qualification round 1,qualification-round-1,
12116344,28,Semifinals,semifinals,2
12116699,28,Semifinals,semifinals,2
12119954,29,Final,final,1
12113770,27,Quarterfinals,quarterfinals,4
12117970,28,Semifinals,semifinals,2
12087938,28,Semifinals,semifinals,2
12118435,28,Semifinals,semifinals,2
12117499,28,Semifinals,semifinals,2
12118818,29,Final,final,1
12088040,28,Semifinals,semifinals,2
12121550,1,Qualification round 1,qualification-round-1,
12121127,1,Qualification round 1,qualification-round-1,
12114956,27,Quarterfinals,quarterfinals,4
12114508,28,Semifinals,semifinals,2
12117498,28,Semifinals,semifinals,2
12088019,27,Quarterfinals,quarterfinals,4
12115456,27,Quarterfinals,quarterfinals,4
12119028,28,Semifinals,semifinals,2
12118243,28,Semifinals,semifinals,2
12088056,29,Final,final,1
12115294,27,Quarterfinals,quarterfinals,4
12113322,27,Quarterfinals,quarterfinals,4
12121264,1,Qualification round 1,qualification-round-1,
12116372,28,Semifinals,semifinals,2
12119305,28,Semifinals,semifinals,2
12121119,1,Qualification round 1,qualification-round-1,
12120846,29,Final,final,1
12088021,27,Quarterfinals,quarterfinals,4
12087901,28,Semifinals,semifinals,2
12117823,28,Semifinals,semifinals,2
12121587,1,Qualification round 1,qualification-round-1,
12117997,28,Semifinals,semifinals,2
12118895,28,Semifinals,semifinals,2
12114215,27,Quarterfinals,quarterfinals,4
12087304,28,Semifinals,semifinals,2
12088078,27,Quarterfinals,quarterfinals,4
12114926,27,Quarterfinals,quarterfinals,4
12088077,28,Semifinals,semifinals,2
12087269,27,Quarterfinals,quarterfinals,4
12120739,28,Semifinals,semifinals,2
12087276,28,Semifinals,semifinals,2
12119359,28,Semifinals,semifinals,2
12087314,27,Quarterfinals,quarterfinals,4
12087309,27,Quarterfinals,quarterfinals,4
12121118,1,Qualification round 1,qualification-round-1,
12120591,29,Final,final,1
12117901,28,Semifinals,semifinals,2
12115417,27,Quarterfinals,quarterfinals,4
12116339,28,Semifinals,semifinals,2
12121818,1,Qualification round 1,qualification-round-1,
12117362,28,Semifinals,semifinals,2
12111692,5,Round of 16,round-of-16,8
12087922,28,Semifinals,semifinals,2
12087950,28,Semifinals,semifinals,2
12087923,28,Semifinals,semifinals,2
12116545,28,Semifinals,semifinals,2
12120372,29,Final,final,1
12115413,27,Quarterfinals,quarterfinals,4
12087947,27,Quarterfinals,quarterfinals,4
12115432,27,Quarterfinals,quarterfinals,4
12087311,27,Quarterfinals,quarterfinals,4
12120358,29,Final,final,1
12087889,28,Semifinals,semifinals,2
12118602,28,Semifinals,semifinals,2
12087279,27,Quarterfinals,quarterfinals,4
12087898,29,Final,final,1
12087939,27,Quarterfinals,quarterfinals,4
12115057,27,Quarterfinals,quarterfinals,4
12115451,27,Quarterfinals,quarterfinals,4
12116336,28,Semifinals,semifinals,2
12118601,28,Semifinals,semifinals,2
12122821,1,Qualification round 1,qualification-round-1,
12120767,29,Final,final,1
12119953,29,Final,final,1
12118510,28,Semifinals,semifinals,2
12113317,27,Quarterfinals,quarterfinals,4
12116371,28,Semifinals,semifinals,2
12087920,29,Final,final,1
12118220,27,Quarterfinals,quarterfinals,4
12121819,1,Qualification round 1,qualification-round-1,
12117874,28,Semifinals,semifinals,2
12115577,27,Quarterfinals,quarterfinals,4
12088052,29,Final,final,1
12087317,28,Semifinals,semifinals,2
12117623,28,Semifinals,semifinals,2
12088026,28,Semifinals,semifinals,2
12119930,29,Final,final,1
12117464,28,Semifinals,semifinals,2
12121123,1,Qualification round 1,qualification-round-1,
12120483,29,Final,final,1
12115875,27,Quarterfinals,quarterfinals,4
12122733,1,Qualification round 1,qualification-round-1,
12087277,27,Quarterfinals,quarterfinals,4
12121817,1,Qualification round 1,qualification-round-1,
12114171,27,Quarterfinals,quarterfinals,4
12120502,28,Semifinals,semifinals,2
12115380,27,Quarterfinals,quarterfinals,4
12116318,28,Semifinals,semifinals,2
12119931,29,Final,final,1
12117624,28,Semifinals,semifinals,2
12120399,29,Final,final,1
12087303,27,Quarterfinals,quarterfinals,4
12121588,1,Qualification round 1,qualification-round-1,
12121125,1,Qualification round 1,qualification-round-1,
12117465,28,Semifinals,semifinals,2
12121120,1,Qualification round 1,qualification-round-1,
12114975,28,Semifinals,semifinals,2
12115412,27,Quarterfinals,quarterfinals,4
12120452,29,Final,final,1
12118244,28,Semifinals,semifinals,2
12121109,29,Final,final,1
12118853,28,Semifinals,semifinals,2
12114877,27,Quarterfinals,quarterfinals,4
12121110,1,Qualification round 1,qualification-round-1,
12120744,29,Final,final,1
12088017,28,Semifinals,semifinals,2
12120451,29,Final,final,1
12121161,29,Final,final,1
12119277,28,Semifinals,semifinals,2
12115163,27,Quarterfinals,quarterfinals,4
12115547,27,Quarterfinals,quarterfinals,4
12119796,28,Semifinals,semifinals,2
12116338,28,Semifinals,semifinals,2
12087936,27,Quarterfinals,quarterfinals,4
12087267,27,Quarterfinals,quarterfinals,4
12088086,29,Final,final,1
12121124,1,Qualification round 1,qualification-round-1,
12114764,27,Quarterfinals,quarterfinals,4
12119917,29,Final,final,1
12117459,27,Quarterfinals,quarterfinals,4
12115482,27,Quarterfinals,quarterfinals,4
12117667,28,Semifinals,semifinals,2
12116878,28,Semifinals,semifinals,2
12087276,28,Semifinals,semifinals,2
12087284,28,Semifinals,semifinals,2
12087304,28,Semifinals,semifinals,2
12087308,29,Final,final,1
12087313,29,Final,final,1
12087317,28,Semifinals,semifinals,2
12087898,29,Final,final,1
12087920,29,Final,final,1
12087938,28,Semifinals,semifinals,2
12087945,29,Final,final,1
12087950,28,Semifinals,semifinals,2
12088017,28,Semifinals,semifinals,2
12088026,28,Semifinals,semifinals,2
12088030,29,Final,final,1
12088052,29,Final,final,1
12088068,29,Final,final,1
12088076,28,Semifinals,semifinals,2
12088077,28,Semifinals,semifinals,2
12088086,29,Final,final,1
12117901,28,Semifinals,semifinals,2
12118435,28,Semifinals,semifinals,2
12118510,28,Semifinals,semifinals,2
12118601,28,Semifinals,semifinals,2
12118602,28,Semifinals,semifinals,2
12118818,29,Final,final,1
12118895,28,Semifinals,semifinals,2
12118939,28,Semifinals,semifinals,2
12119028,28,Semifinals,semifinals,2
12119277,28,Semifinals,semifinals,2
12119305,28,Semifinals,semifinals,2
12119356,28,Semifinals,semifinals,2
12119359,28,Semifinals,semifinals,2
12119796,28,Semifinals,semifinals,2
12119917,29,Final,final,1
12119930,29,Final,final,1
12119931,29,Final,final,1
12119953,29,Final,final,1
12119954,29,Final,final,1
12120358,29,Final,final,1
12120372,29,Final,final,1
12120399,29,Final,final,1
12120445,29,Final,final,1
12120451,29,Final,final,1
12120452,29,Final,final,1
12120483,29,Final,final,1
12120502,28,Semifinals,semifinals,2
12120591,29,Final,final,1
12120739,28,Semifinals,semifinals,2
12120744,29,Final,final,1
12120767,29,Final,final,1
12120846,29,Final,final,1
12121109,29,Final,final,1
12121110,1,Qualification round 1,qualification-round-1,
12121111,1,Qualification round 1,qualification-round-1,
12121118,1,Qualification round 1,qualification-round-1,
12121119,1,Qualification round 1,qualification-round-1,
12121120,1,Qualification round 1,qualification-round-1,
12121121,1,Qualification round 1,qualification-round-1,
12121122,1,Qualification round 1,qualification-round-1,
12121123,1,Qualification round 1,qualification-round-1,
12121124,1,Qualification round 1,qualification-round-1,
12121125,1,Qualification round 1,qualification-round-1,
12121126,1,Qualification round 1,qualification-round-1,
12121127,1,Qualification round 1,qualification-round-1,
12121161,29,Final,final,1
12121264,1,Qualification round 1,qualification-round-1,
12121550,1,Qualification round 1,qualification-round-1,
12121551,1,Qualification round 1,qualification-round-1,
12121553,1,Qualification round 1,qualification-round-1,
12121554,1,Qualification round 1,qualification-round-1,
12121555,1,Qualification round 1,qualification-round-1,
12121587,1,Qualification round 1,qualification-round-1,
12121588,1,Qualification round 1,qualification-round-1,
12121589,1,Qualification round 1,qualification-round-1,
12121590,1,Qualification round 1,qualification-round-1,
12121591,1,Qualification round 1,qualification-round-1,
12121592,1,Qualification round 1,qualification-round-1,
12121593,1,Qualification round 1,qualification-round-1,
12121596,6,Round of 32,round-of-32,16
12121599,6,Round of 32,round-of-32,16
12121600,6,Round of 32,round-of-32,16
12121602,6,Round of 32,round-of-32,16
12121806,1,Qualification round 1,qualification-round-1,
12121807,1,Qualification round 1,qualification-round-1,
12121808,1,Qualification round 1,qualification-round-1,
12121809,1,Qualification round 1,qualification-round-1,
12121810,1,Qualification round 1,qualification-round-1,
12121811,1,Qualification round 1,qualification-round-1,
12121812,1,Qualification round 1,qualification-round-1,
12121817,1,Qualification round 1,qualification-round-1,
12121818,1,Qualification round 1,qualification-round-1,
12121819,1,Qualification round 1,qualification-round-1,
12121826,1,Qualification round 1,qualification-round-1,
12121827,1,Qualification round 1,qualification-round-1,
12121828,1,Qualification round 1,qualification-round-1,
12121829,1,Qualification round 1,qualification-round-1,
12122172,29,Final,final,1
12122307,1,Qualification round 1,qualification-round-1,
12122308,1,Qualification round 1,qualification-round-1,
12122309,1,Qualification round 1,qualification-round-1,
12122310,1,Qualification round 1,qualification-round-1,
12122311,1,Qualification round 1,qualification-round-1,
12122317,1,Qualification round 1,qualification-round-1,
12122318,1,Qualification round 1,qualification-round-1,
12122319,1,Qualification round 1,qualification-round-1,
12122320,1,Qualification round 1,qualification-round-1,
12122321,1,Qualification round 1,qualification-round-1,
12122322,1,Qualification round 1,qualification-round-1,
12122323,1,Qualification round 1,qualification-round-1,
12122324,1,Qualification round 1,qualification-round-1,
12122325,1,Qualification round 1,qualification-round-1,
12122326,1,Qualification round 1,qualification-round-1,
12122327,1,Qualification round 1,qualification-round-1,
12122733,1,Qualification round 1,qualification-round-1,
12122821,1,Qualification round 1,qualification-round-1,
12123826,29,Final,final,1
12087308,29,Final,final,1
12087313,29,Final,final,1
12087945,29,Final,final,1
12088030,29,Final,final,1
12121109,29,Final,final,1
12121124,1,Qualification round 1,qualification-round-1,
12121126,1,Qualification round 1,qualification-round-1,
12121553,1,Qualification round 1,qualification-round-1,
12121554,1,Qualification round 1,qualification-round-1,
12121555,1,Qualification round 1,qualification-round-1,
12121588,1,Qualification round 1,qualification-round-1,
12121589,1,Qualification round 1,qualification-round-1,
12121590,1,Qualification round 1,qualification-round-1,
12121591,1,Qualification round 1,qualification-round-1,
12121592,1,Qualification round 1,qualification-round-1,
12121594,6,Round of 32,round-of-32,16
12121595,6,Round of 32,round-of-32,16
12121596,6,Round of 32,round-of-32,16
12121597,6,Round of 32,round-of-32,16
12121598,6,Round of 32,round-of-32,16
12121599,6,Round of 32,round-of-32,16
12121600,6,Round of 32,round-of-32,16
12121601,6,Round of 32,round-of-32,16
12121602,6,Round of 32,round-of-32,16
12121603,6,Round of 32,round-of-32,16
12121607,29,Final,final,1
12121676,6,Round of 32,round-of-32,16
12121679,6,Round of 32,round-of-32,16
12121680,6,Round of 32,round-of-32,16
12121682,6,Round of 32,round-of-32,16
12121684,6,Round of 32,round-of-32,16
12121805,29,Final,final,1
12121806,1,Qualification round 1,qualification-round-1,
12121807,1,Qualification round 1,qualification-round-1,
12121808,1,Qualification round 1,qualification-round-1,
12121809,1,Qualification round 1,qualification-round-1,
12121810,1,Qualification round 1,qualification-round-1,
12121811,1,Qualification round 1,qualification-round-1,
12121812,1,Qualification round 1,qualification-round-1,
12121817,1,Qualification round 1,qualification-round-1,
12121818,1,Qualification round 1,qualification-round-1,
12121819,1,Qualification round 1,qualification-round-1,
12121826,1,Qualification round 1,qualification-round-1,
12121827,1,Qualification round 1,qualification-round-1,
12121828,1,Qualification round 1,qualification-round-1,
12121829,1,Qualification round 1,qualification-round-1,
12121874,6,Round of 32,round-of-32,16
12121878,6,Round of 32,round-of-32,16
12121879,6,Round of 32,round-of-32,16
12121883,6,Round of 32,round-of-32,16
12121885,6,Round of 32,round-of-32,16
12122172,29,Final,final,1
12122307,1,Qualification round 1,qualification-round-1,
12122308,1,Qualification round 1,qualification-round-1,
12122309,1,Qualification round 1,qualification-round-1,
12122310,1,Qualification round 1,qualification-round-1,
12122311,1,Qualification round 1,qualification-round-1,
12122317,1,Qualification round 1,qualification-round-1,
12122318,1,Qualification round 1,qualification-round-1,
12122319,1,Qualification round 1,qualification-round-1,
12122320,1,Qualification round 1,qualification-round-1,
12122321,1,Qualification round 1,qualification-round-1,
12122322,1,Qualification round 1,qualification-round-1,
12122323,1,Qualification round 1,qualification-round-1,
12122324,1,Qualification round 1,qualification-round-1,
12122325,1,Qualification round 1,qualification-round-1,
12122326,1,Qualification round 1,qualification-round-1,
12122327,1,Qualification round 1,qualification-round-1,
12122328,1,Qualification round 1,qualification-round-1,
12122329,1,Qualification round 1,qualification-round-1,
12122330,1,Qualification round 1,qualification-round-1,
12122331,1,Qualification round 1,qualification-round-1,
12122332,1,Qualification round 1,qualification-round-1,
12122333,1,Qualification round 1,qualification-round-1,
12122334,1,Qualification round 1,qualification-round-1,
12122335,1,Qualification round 1,qualification-round-1,
12123826,29,Final,final,1
12124658,32,Round of 64,round-of-64,
12124660,32,Round of 64,round-of-64,
12124661,32,Round of 64,round-of-64,
12124662,32,Round of 64,round-of-64,
12124663,32,Round of 64,round-of-64,
12124664,32,Round of 64,round-of-64,
12124666,32,Round of 64,round-of-64,
12125315,1,Qualification round 1,qualification-round-1,
12125316,1,Qualification round 1,qualification-round-1,
12125317,1,Qualification round 1,qualification-round-1,
12125318,1,Qualification round 1,qualification-round-1,
12125319,1,Qualification round 1,qualification-round-1,
12125320,1,Qualification round 1,qualification-round-1,
12125321,1,Qualification round 1,qualification-round-1,
12125322,1,Qualification round 1,qualification-round-1,
12125324,1,Qualification round 1,qualification-round-1,
12125325,1,Qualification round 1,qualification-round-1,
12125326,1,Qualification round 1,qualification-round-1,
12125327,1,Qualification round 1,qualification-round-1,
12125328,1,Qualification round 1,qualification-round-1,
12125329,1,Qualification round 1,qualification-round-1,
12125330,1,Qualification round 1,qualification-round-1,
12125331,1,Qualification round 1,qualification-round-1,
12125332,1,Qualification round 1,qualification-round-1,
12125338,1,Qualification round 1,qualification-round-1,
12125339,1,Qualification round 1,qualification-round-1,
12125340,1,Qualification round 1,qualification-round-1,
12125341,1,Qualification round 1,qualification-round-1,
12125342,1,Qualification round 1,qualification-round-1,
12125343,1,Qualification round 1,qualification-round-1,
12125344,1,Qualification round 1,qualification-round-1,
12125759,6,Round of 32,round-of-32,16
12125761,6,Round of 32,round-of-32,16
12125762,6,Round of 32,round-of-32,16
12125763,6,Round of 32,round-of-32,16
12125764,6,Round of 32,round-of-32,16
12125767,6,Round of 32,round-of-32,16
12125768,6,Round of 32,round-of-32,16
12125769,6,Round of 32,round-of-32,16
12125938,6,Round of 32,round-of-32,16
12126221,6,Round of 32,round-of-32,16
12126222,6,Round of 32,round-of-32,16
12126223,6,Round of 32,round-of-32,16
12126296,6,Round of 32,round-of-32,16
12126299,6,Round of 32,round-of-32,16
12126300,6,Round of 32,round-of-32,16
12126307,6,Round of 32,round-of-32,16
12126309,6,Round of 32,round-of-32,16
12126310,6,Round of 32,round-of-32,16
12126311,6,Round of 32,round-of-32,16
12126315,6,Round of 32,round-of-32,16
12126317,6,Round of 32,round-of-32,16
12126321,6,Round of 32,round-of-32,16
12126348,6,Round of 32,round-of-32,16
12126353,6,Round of 32,round-of-32,16
12126374,6,Round of 32,round-of-32,16
12126376,6,Round of 32,round-of-32,16
12126451,6,Round of 32,round-of-32,16
12126469,6,Round of 32,round-of-32,16
12126474,6,Round of 32,round-of-32,16
12126476,6,Round of 32,round-of-32,16
12126478,6,Round of 32,round-of-32,16
12126536,6,Round of 32,round-of-32,16
12126538,6,Round of 32,round-of-32,16
12126547,6,Round of 32,round-of-32,16
12126631,6,Round of 32,round-of-32,16
12126633,6,Round of 32,round-of-32,16
12126634,6,Round of 32,round-of-32,16
12126635,6,Round of 32,round-of-32,16
12126636,6,Round of 32,round-of-32,16
12126637,6,Round of 32,round-of-32,16
12126641,6,Round of 32,round-of-32,16
12126644,6,Round of 32,round-of-32,16
12126645,6,Round of 32,round-of-32,16
12126646,6,Round of 32,round-of-32,16
12126647,6,Round of 32,round-of-32,16
12126779,6,Round of 32,round-of-32,16
12126780,6,Round of 32,round-of-32,16
12126782,6,Round of 32,round-of-32,16
12126792,6,Round of 32,round-of-32,16
12126794,6,Round of 32,round-of-32,16
12126830,6,Round of 32,round-of-32,16
12126833,6,Round of 32,round-of-32,16
12126834,6,Round of 32,round-of-32,16
12126838,6,Round of 32,round-of-32,16
12126914,1,Qualification round 1,qualification-round-1,
12127034,6,Round of 32,round-of-32,16
12127039,6,Round of 32,round-of-32,16
12127040,6,Round of 32,round-of-32,16
12127041,6,Round of 32,round-of-32,16
12127043,6,Round of 32,round-of-32,16
12127055,1,Qualification round 1,qualification-round-1,
12127062,6,Round of 32,round-of-32,16
12127064,6,Round of 32,round-of-32,16
12127755,6,Round of 32,round-of-32,16
12127772,6,Round of 32,round-of-32,16
12127777,6,Round of 32,round-of-32,16
12128625,6,Round of 32,round-of-32,16
12143199,6,Round of 32,round-of-32,16
12143200,6,Round of 32,round-of-32,16
12143201,6,Round of 32,round-of-32,16
12109854,5,Round of 16,round-of-16,8
12109900,5,Round of 16,round-of-16,8
12109904,5,Round of 16,round-of-16,8
12109906,5,Round of 16,round-of-16,8
12109908,5,Round of 16,round-of-16,8
12121594,6,Round of 32,round-of-32,16
12121595,6,Round of 32,round-of-32,16
12121597,6,Round of 32,round-of-32,16
12121598,6,Round of 32,round-of-32,16
12121599,6,Round of 32,round-of-32,16
12121601,6,Round of 32,round-of-32,16
12121603,6,Round of 32,round-of-32,16
12121604,6,Round of 32,round-of-32,16
12121607,29,Final,final,1
12121675,6,Round of 32,round-of-32,16
12121676,6,Round of 32,round-of-32,16
12121677,6,Round of 32,round-of-32,16
12121678,6,Round of 32,round-of-32,16
12121679,6,Round of 32,round-of-32,16
12121680,6,Round of 32,round-of-32,16
12121681,6,Round of 32,round-of-32,16
12121682,6,Round of 32,round-of-32,16
12121683,6,Round of 32,round-of-32,16
12121684,6,Round of 32,round-of-32,16
12121805,29,Final,final,1
12121866,6,Round of 32,round-of-32,16
12121868,6,Round of 32,round-of-32,16
12121870,6,Round of 32,round-of-32,16
12121872,6,Round of 32,round-of-32,16
12121874,6,Round of 32,round-of-32,16
12121876,6,Round of 32,round-of-32,16
12121878,6,Round of 32,round-of-32,16
12121879,6,Round of 32,round-of-32,16
12121881,6,Round of 32,round-of-32,16
12121883,6,Round of 32,round-of-32,16
12121885,6,Round of 32,round-of-32,16
12122328,1,Qualification round 1,qualification-round-1,
12122329,1,Qualification round 1,qualification-round-1,
12122330,1,Qualification round 1,qualification-round-1,
12122331,1,Qualification round 1,qualification-round-1,
12122332,1,Qualification round 1,qualification-round-1,
12122333,1,Qualification round 1,qualification-round-1,
12122334,1,Qualification round 1,qualification-round-1,
12122335,1,Qualification round 1,qualification-round-1,
12124658,32,Round of 64,round-of-64,
12124660,32,Round of 64,round-of-64,
12124661,32,Round of 64,round-of-64,
12124662,32,Round of 64,round-of-64,
12124663,32,Round of 64,round-of-64,
12124664,32,Round of 64,round-of-64,
12124666,32,Round of 64,round-of-64,
12124907,2,Qualification round 2,qualification-round-2,
12124909,2,Qualification round 2,qualification-round-2,
12124911,2,Qualification round 2,qualification-round-2,
12125050,6,Round of 32,round-of-32,16
12125053,32,Round of 64,round-of-64,
12125055,6,Round of 32,round-of-32,16
12125056,6,Round of 32,round-of-32,16
12125302,2,Qualification round 2,qualification-round-2,
12125315,1,Qualification round 1,qualification-round-1,
12125316,1,Qualification round 1,qualification-round-1,
12125317,1,Qualification round 1,qualification-round-1,
12125318,1,Qualification round 1,qualification-round-1,
12125319,1,Qualification round 1,qualification-round-1,
12125320,1,Qualification round 1,qualification-round-1,
12125321,1,Qualification round 1,qualification-round-1,
12125322,1,Qualification round 1,qualification-round-1,
12125323,2,Qualification round 2,qualification-round-2,
12125324,1,Qualification round 1,qualification-round-1,
12125325,1,Qualification round 1,qualification-round-1,
12125326,1,Qualification round 1,qualification-round-1,
12125327,1,Qualification round 1,qualification-round-1,
12125328,1,Qualification round 1,qualification-round-1,
12125329,1,Qualification round 1,qualification-round-1,
12125330,1,Qualification round 1,qualification-round-1,
12125331,1,Qualification round 1,qualification-round-1,
12125332,1,Qualification round 1,qualification-round-1,
12125338,1,Qualification round 1,qualification-round-1,
12125339,1,Qualification round 1,qualification-round-1,
12125340,1,Qualification round 1,qualification-round-1,
12125341,1,Qualification round 1,qualification-round-1,
12125342,1,Qualification round 1,qualification-round-1,
12125343,1,Qualification round 1,qualification-round-1,
12125344,1,Qualification round 1,qualification-round-1,
12125759,6,Round of 32,round-of-32,16
12125761,6,Round of 32,round-of-32,16
12125762,6,Round of 32,round-of-32,16
12125763,6,Round of 32,round-of-32,16
12125764,6,Round of 32,round-of-32,16
12125767,6,Round of 32,round-of-32,16
12125768,6,Round of 32,round-of-32,16
12125769,6,Round of 32,round-of-32,16
12125938,6,Round of 32,round-of-32,16
12126219,6,Round of 32,round-of-32,16
12126220,6,Round of 32,round-of-32,16
12126221,6,Round of 32,round-of-32,16
12126222,6,Round of 32,round-of-32,16
12126223,6,Round of 32,round-of-32,16
12126296,6,Round of 32,round-of-32,16
12126299,6,Round of 32,round-of-32,16
12126300,6,Round of 32,round-of-32,16
12126307,6,Round of 32,round-of-32,16
12126309,6,Round of 32,round-of-32,16
12126310,6,Round of 32,round-of-32,16
12126311,6,Round of 32,round-of-32,16
12126315,6,Round of 32,round-of-32,16
12126317,6,Round of 32,round-of-32,16
12126321,6,Round of 32,round-of-32,16
12126348,6,Round of 32,round-of-32,16
12126353,6,Round of 32,round-of-32,16
12126374,6,Round of 32,round-of-32,16
12126376,6,Round of 32,round-of-32,16
12126451,6,Round of 32,round-of-32,16
12126469,6,Round of 32,round-of-32,16
12126474,6,Round of 32,round-of-32,16
12126476,6,Round of 32,round-of-32,16
12126478,6,Round of 32,round-of-32,16
12126536,6,Round of 32,round-of-32,16
12126538,6,Round of 32,round-of-32,16
12126546,6,Round of 32,round-of-32,16
12126547,6,Round of 32,round-of-32,16
12126631,6,Round of 32,round-of-32,16
12126633,6,Round of 32,round-of-32,16
12126634,6,Round of 32,round-of-32,16
12126635,6,Round of 32,round-of-32,16
12126636,6,Round of 32,round-of-32,16
12126637,6,Round of 32,round-of-32,16
12126641,6,Round of 32,round-of-32,16
12126644,6,Round of 32,round-of-32,16
12126645,6,Round of 32,round-of-32,16
12126646,6,Round of 32,round-of-32,16
12126647,6,Round of 32,round-of-32,16
12126651,6,Round of 32,round-of-32,16
12126654,6,Round of 32,round-of-32,16
12126662,6,Round of 32,round-of-32,16
12126663,6,Round of 32,round-of-32,16
12126665,6,Round of 32,round-of-32,16
12126666,6,Round of 32,round-of-32,16
12126779,6,Round of 32,round-of-32,16
12126780,6,Round of 32,round-of-32,16
12126781,6,Round of 32,round-of-32,16
12126782,6,Round of 32,round-of-32,16
12126792,6,Round of 32,round-of-32,16
12126794,6,Round of 32,round-of-32,16
12126830,6,Round of 32,round-of-32,16
12126833,6,Round of 32,round-of-32,16
12126834,6,Round of 32,round-of-32,16
12126838,6,Round of 32,round-of-32,16
12126914,1,Qualification round 1,qualification-round-1,
12126926,6,Round of 32,round-of-32,16
12126927,6,Round of 32,round-of-32,16
12126928,6,Round of 32,round-of-32,16
12126929,6,Round of 32,round-of-32,16
12127034,6,Round of 32,round-of-32,16
12127039,6,Round of 32,round-of-32,16
12127040,6,Round of 32,round-of-32,16
12127041,6,Round of 32,round-of-32,16
12127043,6,Round of 32,round-of-32,16
12127047,6,Round of 32,round-of-32,16
12127055,1,Qualification round 1,qualification-round-1,
12127059,6,Round of 32,round-of-32,16
12127060,6,Round of 32,round-of-32,16
12127061,6,Round of 32,round-of-32,16
12127062,6,Round of 32,round-of-32,16
12127063,6,Round of 32,round-of-32,16
12127064,6,Round of 32,round-of-32,16
12127065,6,Round of 32,round-of-32,16
12127066,6,Round of 32,round-of-32,16
12127111,6,Round of 32,round-of-32,16
12127196,6,Round of 32,round-of-32,16
12127199,6,Round of 32,round-of-32,16
12127200,6,Round of 32,round-of-32,16
12127207,6,Round of 32,round-of-32,16
12127283,32,Round of 64,round-of-64,
12127294,32,Round of 64,round-of-64,
12127295,6,Round of 32,round-of-32,16
12127296,6,Round of 32,round-of-32,16
12127300,6,Round of 32,round-of-32,16
12127305,32,Round of 64,round-of-64,
12127307,6,Round of 32,round-of-32,16
12127308,6,Round of 32,round-of-32,16
12127309,32,Round of 64,round-of-64,
12127311,32,Round of 64,round-of-64,
12127312,32,Round of 64,round-of-64,
12127313,32,Round of 64,round-of-64,
12127316,32,Round of 64,round-of-64,
12127451,6,Round of 32,round-of-32,16
12127453,6,Round of 32,round-of-32,16
12127454,6,Round of 32,round-of-32,16
12127456,6,Round of 32,round-of-32,16
12127457,6,Round of 32,round-of-32,16
12127458,6,Round of 32,round-of-32,16
12127471,6,Round of 32,round-of-32,16
12127472,6,Round of 32,round-of-32,16
12127473,6,Round of 32,round-of-32,16
12127474,6,Round of 32,round-of-32,16
12127475,6,Round of 32,round-of-32,16
12127612,6,Round of 32,round-of-32,16
12127613,6,Round of 32,round-of-32,16
12127619,6,Round of 32,round-of-32,16
12127620,6,Round of 32,round-of-32,16
12127621,6,Round of 32,round-of-32,16
12127622,6,Round of 32,round-of-32,16
12127624,6,Round of 32,round-of-32,16
12127625,6,Round of 32,round-of-32,16
12127626,6,Round of 32,round-of-32,16
12127628,6,Round of 32,round-of-32,16
12127631,6,Round of 32,round-of-32,16
12127634,6,Round of 32,round-of-32,16
12127637,6,Round of 32,round-of-32,16
12127639,6,Round of 32,round-of-32,16
12127642,6,Round of 32,round-of-32,16
12127647,6,Round of 32,round-of-32,16
12127649,6,Round of 32,round-of-32,16
12127650,6,Round of 32,round-of-32,16
12127723,6,Round of 32,round-of-32,16
12127725,6,Round of 32,round-of-32,16
12127726,6,Round of 32,round-of-32,16
12127729,6,Round of 32,round-of-32,16
12127731,6,Round of 32,round-of-32,16
12127732,6,Round of 32,round-of-32,16
12127733,6,Round of 32,round-of-32,16
12127735,6,Round of 32,round-of-32,16
12127736,6,Round of 32,round-of-32,16
12127737,6,Round of 32,round-of-32,16
12127738,6,Round of 32,round-of-32,16
12127739,6,Round of 32,round-of-32,16
12127740,6,Round of 32,round-of-32,16
12127742,6,Round of 32,round-of-32,16
12127743,6,Round of 32,round-of-32,16
12127744,6,Round of 32,round-of-32,16
12127745,6,Round of 32,round-of-32,16
12127747,6,Round of 32,round-of-32,16
12127748,6,Round of 32,round-of-32,16
12127753,6,Round of 32,round-of-32,16
12127755,6,Round of 32,round-of-32,16
12127757,6,Round of 32,round-of-32,16
12127758,6,Round of 32,round-of-32,16
12127760,6,Round of 32,round-of-32,16
12127761,6,Round of 32,round-of-32,16
12127763,6,Round of 32,round-of-32,16
12127765,6,Round of 32,round-of-32,16
12127767,6,Round of 32,round-of-32,16
12127769,6,Round of 32,round-of-32,16
12127770,6,Round of 32,round-of-32,16
12127771,6,Round of 32,round-of-32,16
12127772,6,Round of 32,round-of-32,16
12127773,6,Round of 32,round-of-32,16
12127774,6,Round of 32,round-of-32,16
12127776,6,Round of 32,round-of-32,16
12127777,6,Round of 32,round-of-32,16
12127778,6,Round of 32,round-of-32,16
12127779,6,Round of 32,round-of-32,16
12127780,6,Round of 32,round-of-32,16
12127782,6,Round of 32,round-of-32,16
12127784,6,Round of 32,round-of-32,16
12127787,6,Round of 32,round-of-32,16
12127800,6,Round of 32,round-of-32,16
12127802,6,Round of 32,round-of-32,16
12127805,6,Round of 32,round-of-32,16
12127806,6,Round of 32,round-of-32,16
12127807,6,Round of 32,round-of-32,16
12127808,6,Round of 32,round-of-32,16
12127810,6,Round of 32,round-of-32,16
12127818,6,Round of 32,round-of-32,16
12128055,6,Round of 32,round-of-32,16
12128056,6,Round of 32,round-of-32,16
12128057,6,Round of 32,round-of-32,16
12128059,6,Round of 32,round-of-32,16
12128176,2,Qualification round 2,qualification-round-2,
12128177,2,Qualification round 2,qualification-round-2,
12128178,2,Qualification round 2,qualification-round-2,
12128179,2,Qualification round 2,qualification-round-2,
12128180,2,Qualification round 2,qualification-round-2,
12128181,2,Qualification round 2,qualification-round-2,
12128182,2,Qualification round 2,qualification-round-2,
12128183,2,Qualification round 2,qualification-round-2,
12128184,2,Qualification round 2,qualification-round-2,
12128208,2,Qualification round 2,qualification-round-2,
12128209,2,Qualification round 2,qualification-round-2,
12128210,2,Qualification round 2,qualification-round-2,
12128216,2,Qualification round 2,qualification-round-2,
12128217,2,Qualification round 2,qualification-round-2,
12128218,2,Qualification round 2,qualification-round-2,
12128221,2,Qualification round 2,qualification-round-2,
12128223,2,Qualification round 2,qualification-round-2,
12128236,6,Round of 32,round-of-32,16
12128237,6,Round of 32,round-of-32,16
12128238,6,Round of 32,round-of-32,16
12128239,6,Round of 32,round-of-32,16
12128240,6,Round of 32,round-of-32,16
12128241,6,Round of 32,round-of-32,16
12128242,6,Round of 32,round-of-32,16
12128243,6,Round of 32,round-of-32,16
12128244,6,Round of 32,round-of-32,16
12128247,6,Round of 32,round-of-32,16
12128248,6,Round of 32,round-of-32,16
12128249,6,Round of 32,round-of-32,16
12128250,6,Round of 32,round-of-32,16
12128257,6,Round of 32,round-of-32,16
12128258,6,Round of 32,round-of-32,16
12128259,6,Round of 32,round-of-32,16
12128260,6,Round of 32,round-of-32,16
12128261,6,Round of 32,round-of-32,16
12128262,6,Round of 32,round-of-32,16
12128263,6,Round of 32,round-of-32,16
12128264,6,Round of 32,round-of-32,16
12128265,6,Round of 32,round-of-32,16
12128266,6,Round of 32,round-of-32,16
12128267,6,Round of 32,round-of-32,16
12128269,6,Round of 32,round-of-32,16
12128271,6,Round of 32,round-of-32,16
12128273,6,Round of 32,round-of-32,16
12128274,6,Round of 32,round-of-32,16
12128352,2,Qualification round 2,qualification-round-2,
12128405,6,Round of 32,round-of-32,16
12128406,6,Round of 32,round-of-32,16
12128407,6,Round of 32,round-of-32,16
12128408,6,Round of 32,round-of-32,16
12128409,6,Round of 32,round-of-32,16
12128410,6,Round of 32,round-of-32,16
12128412,6,Round of 32,round-of-32,16
12128413,2,Qualification round 2,qualification-round-2,
12128625,6,Round of 32,round-of-32,16
12128749,6,Round of 32,round-of-32,16
12128750,6,Round of 32,round-of-32,16
12128751,6,Round of 32,round-of-32,16
12128752,6,Round of 32,round-of-32,16
12128753,6,Round of 32,round-of-32,16
12128755,6,Round of 32,round-of-32,16
12128756,6,Round of 32,round-of-32,16
12128757,6,Round of 32,round-of-32,16
12129171,6,Round of 32,round-of-32,16
12129172,6,Round of 32,round-of-32,16
12129173,6,Round of 32,round-of-32,16
12129174,6,Round of 32,round-of-32,16
12129175,6,Round of 32,round-of-32,16
12129176,6,Round of 32,round-of-32,16
12129177,6,Round of 32,round-of-32,16
12129379,6,Round of 32,round-of-32,16
12129380,6,Round of 32,round-of-32,16
12129381,6,Round of 32,round-of-32,16
12129382,6,Round of 32,round-of-32,16
12129383,6,Round of 32,round-of-32,16
12129384,6,Round of 32,round-of-32,16
12129385,6,Round of 32,round-of-32,16
12129621,6,Round of 32,round-of-32,16
12129622,6,Round of 32,round-of-32,16
12129623,6,Round of 32,round-of-32,16
12129624,6,Round of 32,round-of-32,16
12129625,6,Round of 32,round-of-32,16
12129626,6,Round of 32,round-of-32,16
12129627,6,Round of 32,round-of-32,16
12129628,6,Round of 32,round-of-32,16
12129629,6,Round of 32,round-of-32,16
12129630,6,Round of 32,round-of-32,16
12129631,6,Round of 32,round-of-32,16
12129632,6,Round of 32,round-of-32,16
12129633,6,Round of 32,round-of-32,16
12129634,6,Round of 32,round-of-32,16
12129635,6,Round of 32,round-of-32,16
12129636,6,Round of 32,round-of-32,16
12129799,6,Round of 32,round-of-32,16
12129800,6,Round of 32,round-of-32,16
12129801,6,Round of 32,round-of-32,16
12129802,6,Round of 32,round-of-32,16
12129804,6,Round of 32,round-of-32,16
12129805,6,Round of 32,round-of-32,16
12129806,6,Round of 32,round-of-32,16
12129807,6,Round of 32,round-of-32,16
12129810,6,Round of 32,round-of-32,16
12129811,6,Round of 32,round-of-32,16
12129812,6,Round of 32,round-of-32,16
12129813,6,Round of 32,round-of-32,16
12129814,6,Round of 32,round-of-32,16
12129817,6,Round of 32,round-of-32,16
12129818,6,Round of 32,round-of-32,16
12129820,6,Round of 32,round-of-32,16
12129821,6,Round of 32,round-of-32,16
12129822,6,Round of 32,round-of-32,16
12129823,6,Round of 32,round-of-32,16
12129824,6,Round of 32,round-of-32,16
12129825,6,Round of 32,round-of-32,16
12129827,6,Round of 32,round-of-32,16
12129828,6,Round of 32,round-of-32,16
12129829,6,Round of 32,round-of-32,16
12129830,6,Round of 32,round-of-32,16
12129831,6,Round of 32,round-of-32,16
12129832,6,Round of 32,round-of-32,16
12129839,6,Round of 32,round-of-32,16
12129840,6,Round of 32,round-of-32,16
12129841,6,Round of 32,round-of-32,16
12129842,6,Round of 32,round-of-32,16
12129843,6,Round of 32,round-of-32,16
12129845,6,Round of 32,round-of-32,16
12129847,6,Round of 32,round-of-32,16
12129867,6,Round of 32,round-of-32,16
12129868,6,Round of 32,round-of-32,16
12129869,6,Round of 32,round-of-32,16
12129870,6,Round of 32,round-of-32,16
12129871,6,Round of 32,round-of-32,16
12129872,6,Round of 32,round-of-32,16
12129873,6,Round of 32,round-of-32,16
12130051,6,Round of 32,round-of-32,16
12130053,6,Round of 32,round-of-32,16
12130054,6,Round of 32,round-of-32,16
12130055,6,Round of 32,round-of-32,16
12130056,6,Round of 32,round-of-32,16
12130057,6,Round of 32,round-of-32,16
12130104,6,Round of 32,round-of-32,16
12130117,6,Round of 32,round-of-32,16
12130137,6,Round of 32,round-of-32,16
12130138,6,Round of 32,round-of-32,16
12130139,6,Round of 32,round-of-32,16
12130140,6,Round of 32,round-of-32,16
12130143,6,Round of 32,round-of-32,16
12130152,6,Round of 32,round-of-32,16
12130153,6,Round of 32,round-of-32,16
12130154,6,Round of 32,round-of-32,16
12130155,6,Round of 32,round-of-32,16
12130156,6,Round of 32,round-of-32,16
12130157,6,Round of 32,round-of-32,16
12130158,6,Round of 32,round-of-32,16
12130236,6,Round of 32,round-of-32,16
12130237,6,Round of 32,round-of-32,16
12130238,6,Round of 32,round-of-32,16
12130239,6,Round of 32,round-of-32,16
12130311,6,Round of 32,round-of-32,16
12130438,6,Round of 32,round-of-32,16
12130439,6,Round of 32,round-of-32,16
12130440,6,Round of 32,round-of-32,16
12130441,6,Round of 32,round-of-32,16
12130442,6,Round of 32,round-of-32,16
12130443,6,Round of 32,round-of-32,16
12130656,6,Round of 32,round-of-32,16
12131793,6,Round of 32,round-of-32,16
12132026,6,Round of 32,round-of-32,16
12132081,6,Round of 32,round-of-32,16
12132106,6,Round of 32,round-of-32,16
12132115,6,Round of 32,round-of-32,16
12139583,6,Round of 32,round-of-32,16
12139586,6,Round of 32,round-of-32,16
12139599,6,Round of 32,round-of-32,16
12139600,6,Round of 32,round-of-32,16
12139601,6,Round of 32,round-of-32,16
12139603,6,Round of 32,round-of-32,16
12139604,6,Round of 32,round-of-32,16
12139605,6,Round of 32,round-of-32,16
12139607,6,Round of 32,round-of-32,16
12139610,6,Round of 32,round-of-32,16
12139613,6,Round of 32,round-of-32,16
12139616,6,Round of 32,round-of-32,16
12139617,6,Round of 32,round-of-32,16
12143199,6,Round of 32,round-of-32,16
12143200,6,Round of 32,round-of-32,16
12143201,6,Round of 32,round-of-32,16
12109837,5,Round of 16,round-of-16,8
12109843,5,Round of 16,round-of-16,8
12109846,5,Round of 16,round-of-16,8
12109849,5,Round of 16,round-of-16,8
12109850,5,Round of 16,round-of-16,8
12109854,5,Round of 16,round-of-16,8
12109879,5,Round of 16,round-of-16,8
12109880,5,Round of 16,round-of-16,8
12109882,5,Round of 16,round-of-16,8
12109883,5,Round of 16,round-of-16,8
12109895,5,Round of 16,round-of-16,8
12109897,5,Round of 16,round-of-16,8
12109898,5,Round of 16,round-of-16,8
12109900,5,Round of 16,round-of-16,8
12109904,5,Round of 16,round-of-16,8
12109906,5,Round of 16,round-of-16,8
12109907,5,Round of 16,round-of-16,8
12109908,5,Round of 16,round-of-16,8
12121604,6,Round of 32,round-of-32,16
12121675,6,Round of 32,round-of-32,16
12121677,6,Round of 32,round-of-32,16
12121678,6,Round of 32,round-of-32,16
12121681,6,Round of 32,round-of-32,16
12121683,6,Round of 32,round-of-32,16
12121866,6,Round of 32,round-of-32,16
12121868,6,Round of 32,round-of-32,16
12121870,6,Round of 32,round-of-32,16
12121872,6,Round of 32,round-of-32,16
12121876,6,Round of 32,round-of-32,16
12121881,6,Round of 32,round-of-32,16
12124907,2,Qualification round 2,qualification-round-2,
12124909,2,Qualification round 2,qualification-round-2,
12124911,2,Qualification round 2,qualification-round-2,
12125048,6,Round of 32,round-of-32,16
12125050,6,Round of 32,round-of-32,16
12125053,32,Round of 64,round-of-64,
12125055,6,Round of 32,round-of-32,16
12125056,6,Round of 32,round-of-32,16
12125302,2,Qualification round 2,qualification-round-2,
12125323,2,Qualification round 2,qualification-round-2,
12126219,6,Round of 32,round-of-32,16
12126220,6,Round of 32,round-of-32,16
12126296,6,Round of 32,round-of-32,16
12126300,6,Round of 32,round-of-32,16
12126546,6,Round of 32,round-of-32,16
12126634,6,Round of 32,round-of-32,16
12126646,6,Round of 32,round-of-32,16
12126647,6,Round of 32,round-of-32,16
12126651,6,Round of 32,round-of-32,16
12126654,6,Round of 32,round-of-32,16
12126662,6,Round of 32,round-of-32,16
12126663,6,Round of 32,round-of-32,16
12126665,6,Round of 32,round-of-32,16
12126666,6,Round of 32,round-of-32,16
12126781,6,Round of 32,round-of-32,16
12126782,6,Round of 32,round-of-32,16
12126794,6,Round of 32,round-of-32,16
12126926,6,Round of 32,round-of-32,16
12126927,6,Round of 32,round-of-32,16
12126928,6,Round of 32,round-of-32,16
12126929,6,Round of 32,round-of-32,16
12126984,6,Round of 32,round-of-32,16
12126985,6,Round of 32,round-of-32,16
12126999,6,Round of 32,round-of-32,16
12127034,6,Round of 32,round-of-32,16
12127039,6,Round of 32,round-of-32,16
12127040,6,Round of 32,round-of-32,16
12127043,6,Round of 32,round-of-32,16
12127047,6,Round of 32,round-of-32,16
12127059,6,Round of 32,round-of-32,16
12127060,6,Round of 32,round-of-32,16
12127061,6,Round of 32,round-of-32,16
12127062,6,Round of 32,round-of-32,16
12127063,6,Round of 32,round-of-32,16
12127064,6,Round of 32,round-of-32,16
12127065,6,Round of 32,round-of-32,16
12127066,6,Round of 32,round-of-32,16
12127110,6,Round of 32,round-of-32,16
12127111,6,Round of 32,round-of-32,16
12127196,6,Round of 32,round-of-32,16
12127199,6,Round of 32,round-of-32,16
12127200,6,Round of 32,round-of-32,16
12127207,6,Round of 32,round-of-32,16
12127283,32,Round of 64,round-of-64,
12127294,32,Round of 64,round-of-64,
12127295,6,Round of 32,round-of-32,16
12127296,6,Round of 32,round-of-32,16
12127300,6,Round of 32,round-of-32,16
12127305,32,Round of 64,round-of-64,
12127307,6,Round of 32,round-of-32,16
12127308,6,Round of 32,round-of-32,16
12127309,32,Round of 64,round-of-64,
12127311,32,Round of 64,round-of-64,
12127312,32,Round of 64,round-of-64,
12127313,32,Round of 64,round-of-64,
12127316,32,Round of 64,round-of-64,
12127371,6,Round of 32,round-of-32,16
12127451,6,Round of 32,round-of-32,16
12127453,6,Round of 32,round-of-32,16
12127454,6,Round of 32,round-of-32,16
12127456,6,Round of 32,round-of-32,16
12127457,6,Round of 32,round-of-32,16
12127458,6,Round of 32,round-of-32,16
12127471,6,Round of 32,round-of-32,16
12127472,6,Round of 32,round-of-32,16
12127473,6,Round of 32,round-of-32,16
12127474,6,Round of 32,round-of-32,16
12127475,6,Round of 32,round-of-32,16
12127612,6,Round of 32,round-of-32,16
12127613,6,Round of 32,round-of-32,16
12127614,6,Round of 32,round-of-32,16
12127619,6,Round of 32,round-of-32,16
12127620,6,Round of 32,round-of-32,16
12127621,6,Round of 32,round-of-32,16
12127622,6,Round of 32,round-of-32,16
12127623,6,Round of 32,round-of-32,16
12127624,6,Round of 32,round-of-32,16
12127625,6,Round of 32,round-of-32,16
12127626,6,Round of 32,round-of-32,16
12127627,6,Round of 32,round-of-32,16
12127628,6,Round of 32,round-of-32,16
12127631,6,Round of 32,round-of-32,16
12127632,6,Round of 32,round-of-32,16
12127634,6,Round of 32,round-of-32,16
12127636,6,Round of 32,round-of-32,16
12127637,6,Round of 32,round-of-32,16
12127638,6,Round of 32,round-of-32,16
12127639,6,Round of 32,round-of-32,16
12127642,6,Round of 32,round-of-32,16
12127647,6,Round of 32,round-of-32,16
12127648,5,Round of 16,round-of-16,8
12127649,6,Round of 32,round-of-32,16
12127650,6,Round of 32,round-of-32,16
12127651,5,Round of 16,round-of-16,8
12127652,6,Round of 32,round-of-32,16
12127653,6,Round of 32,round-of-32,16
12127654,6,Round of 32,round-of-32,16
12127655,6,Round of 32,round-of-32,16
12127657,6,Round of 32,round-of-32,16
12127659,6,Round of 32,round-of-32,16
12127723,6,Round of 32,round-of-32,16
12127725,6,Round of 32,round-of-32,16
12127726,6,Round of 32,round-of-32,16
12127729,6,Round of 32,round-of-32,16
12127731,6,Round of 32,round-of-32,16
12127732,6,Round of 32,round-of-32,16
12127733,6,Round of 32,round-of-32,16
12127735,6,Round of 32,round-of-32,16
12127736,6,Round of 32,round-of-32,16
12127737,6,Round of 32,round-of-32,16
12127738,6,Round of 32,round-of-32,16
12127739,6,Round of 32,round-of-32,16
12127740,6,Round of 32,round-of-32,16
12127741,5,Round of 16,round-of-16,8
12127742,6,Round of 32,round-of-32,16
12127743,6,Round of 32,round-of-32,16
12127744,6,Round of 32,round-of-32,16
12127745,6,Round of 32,round-of-32,16
12127747,6,Round of 32,round-of-32,16
12127748,6,Round of 32,round-of-32,16
12127749,6,Round of 32,round-of-32,16
12127750,6,Round of 32,round-of-32,16
12127751,6,Round of 32,round-of-32,16
12127752,6,Round of 32,round-of-32,16
12127753,6,Round of 32,round-of-32,16
12127756,6,Round of 32,round-of-32,16
12127757,6,Round of 32,round-of-32,16
12127758,6,Round of 32,round-of-32,16
12127760,6,Round of 32,round-of-32,16
12127761,6,Round of 32,round-of-32,16
12127763,6,Round of 32,round-of-32,16
12127765,6,Round of 32,round-of-32,16
12127767,6,Round of 32,round-of-32,16
12127769,6,Round of 32,round-of-32,16
12127770,6,Round of 32,round-of-32,16
12127771,6,Round of 32,round-of-32,16
12127773,6,Round of 32,round-of-32,16
12127774,6,Round of 32,round-of-32,16
12127776,6,Round of 32,round-of-32,16
12127778,6,Round of 32,round-of-32,16
12127779,6,Round of 32,round-of-32,16
12127780,6,Round of 32,round-of-32,16
12127782,6,Round of 32,round-of-32,16
12127784,6,Round of 32,round-of-32,16
12127785,6,Round of 32,round-of-32,16
12127787,6,Round of 32,round-of-32,16
12127788,5,Round of 16,round-of-16,8
12127800,6,Round of 32,round-of-32,16
12127802,6,Round of 32,round-of-32,16
12127805,6,Round of 32,round-of-32,16
12127806,6,Round of 32,round-of-32,16
12127807,6,Round of 32,round-of-32,16
12127808,6,Round of 32,round-of-32,16
12127810,6,Round of 32,round-of-32,16
12127818,6,Round of 32,round-of-32,16
12128055,6,Round of 32,round-of-32,16
12128056,6,Round of 32,round-of-32,16
12128057,6,Round of 32,round-of-32,16
12128058,6,Round of 32,round-of-32,16
12128059,6,Round of 32,round-of-32,16
12128161,64,Round of 128,round-of-128,
12128163,64,Round of 128,round-of-128,
12128165,64,Round of 128,round-of-128,
12128166,64,Round of 128,round-of-128,
12128167,64,Round of 128,round-of-128,
12128168,64,Round of 128,round-of-128,
12128169,64,Round of 128,round-of-128,
12128170,64,Round of 128,round-of-128,
12128171,6,Round of 32,round-of-32,16
12128172,6,Round of 32,round-of-32,16
12128173,6,Round of 32,round-of-32,16
12128176,2,Qualification round 2,qualification-round-2,
12128177,2,Qualification round 2,qualification-round-2,
12128178,2,Qualification round 2,qualification-round-2,
12128179,2,Qualification round 2,qualification-round-2,
12128180,2,Qualification round 2,qualification-round-2,
12128181,2,Qualification round 2,qualification-round-2,
12128182,2,Qualification round 2,qualification-round-2,
12128183,2,Qualification round 2,qualification-round-2,
12128184,2,Qualification round 2,qualification-round-2,
12128185,64,Round of 128,round-of-128,
12128186,64,Round of 128,round-of-128,
12128187,64,Round of 128,round-of-128,
12128189,64,Round of 128,round-of-128,
12128190,64,Round of 128,round-of-128,
12128191,64,Round of 128,round-of-128,
12128192,64,Round of 128,round-of-128,
12128208,2,Qualification round 2,qualification-round-2,
12128209,2,Qualification round 2,qualification-round-2,
12128210,2,Qualification round 2,qualification-round-2,
12128216,2,Qualification round 2,qualification-round-2,
12128217,2,Qualification round 2,qualification-round-2,
12128218,2,Qualification round 2,qualification-round-2,
12128221,2,Qualification round 2,qualification-round-2,
12128223,2,Qualification round 2,qualification-round-2,
12128236,6,Round of 32,round-of-32,16
12128237,6,Round of 32,round-of-32,16
12128238,6,Round of 32,round-of-32,16
12128239,6,Round of 32,round-of-32,16
12128240,6,Round of 32,round-of-32,16
12128241,6,Round of 32,round-of-32,16
12128242,6,Round of 32,round-of-32,16
12128243,6,Round of 32,round-of-32,16
12128244,6,Round of 32,round-of-32,16
12128245,5,Round of 16,round-of-16,8
12128246,5,Round of 16,round-of-16,8
12128247,6,Round of 32,round-of-32,16
12128248,6,Round of 32,round-of-32,16
12128249,6,Round of 32,round-of-32,16
12128250,6,Round of 32,round-of-32,16
12128251,6,Round of 32,round-of-32,16
12128252,6,Round of 32,round-of-32,16
12128256,6,Round of 32,round-of-32,16
12128257,6,Round of 32,round-of-32,16
12128258,6,Round of 32,round-of-32,16
12128259,6,Round of 32,round-of-32,16
12128260,6,Round of 32,round-of-32,16
12128261,6,Round of 32,round-of-32,16
12128262,6,Round of 32,round-of-32,16
12128263,6,Round of 32,round-of-32,16
12128264,6,Round of 32,round-of-32,16
12128265,6,Round of 32,round-of-32,16
12128266,6,Round of 32,round-of-32,16
12128267,6,Round of 32,round-of-32,16
12128268,6,Round of 32,round-of-32,16
12128269,6,Round of 32,round-of-32,16
12128270,6,Round of 32,round-of-32,16
12128271,6,Round of 32,round-of-32,16
12128272,6,Round of 32,round-of-32,16
12128273,6,Round of 32,round-of-32,16
12128274,6,Round of 32,round-of-32,16
12128275,6,Round of 32,round-of-32,16
12128352,2,Qualification round 2,qualification-round-2,
12128405,6,Round of 32,round-of-32,16
12128406,6,Round of 32,round-of-32,16
12128407,6,Round of 32,round-of-32,16
12128408,6,Round of 32,round-of-32,16
12128409,6,Round of 32,round-of-32,16
12128410,6,Round of 32,round-of-32,16
12128411,5,Round of 16,round-of-16,8
12128412,6,Round of 32,round-of-32,16
12128413,2,Qualification round 2,qualification-round-2,
12128484,5,Round of 16,round-of-16,8
12128749,6,Round of 32,round-of-32,16
12128750,6,Round of 32,round-of-32,16
12128751,6,Round of 32,round-of-32,16
12128752,6,Round of 32,round-of-32,16
12128753,6,Round of 32,round-of-32,16
12128755,6,Round of 32,round-of-32,16
12128756,6,Round of 32,round-of-32,16
12128757,6,Round of 32,round-of-32,16
12129050,5,Round of 16,round-of-16,8
12129159,5,Round of 16,round-of-16,8
12129171,6,Round of 32,round-of-32,16
12129172,6,Round of 32,round-of-32,16
12129173,6,Round of 32,round-of-32,16
12129174,6,Round of 32,round-of-32,16
12129175,6,Round of 32,round-of-32,16
12129176,6,Round of 32,round-of-32,16
12129177,6,Round of 32,round-of-32,16
12129260,5,Round of 16,round-of-16,8
12129276,5,Round of 16,round-of-16,8
12129376,5,Round of 16,round-of-16,8
12129379,6,Round of 32,round-of-32,16
12129380,6,Round of 32,round-of-32,16
12129381,6,Round of 32,round-of-32,16
12129382,6,Round of 32,round-of-32,16
12129383,6,Round of 32,round-of-32,16
12129384,6,Round of 32,round-of-32,16
12129385,6,Round of 32,round-of-32,16
12129397,5,Round of 16,round-of-16,8
12129433,5,Round of 16,round-of-16,8
12129511,5,Round of 16,round-of-16,8
12129621,6,Round of 32,round-of-32,16
12129622,6,Round of 32,round-of-32,16
12129623,6,Round of 32,round-of-32,16
12129624,6,Round of 32,round-of-32,16
12129625,6,Round of 32,round-of-32,16
12129626,6,Round of 32,round-of-32,16
12129627,6,Round of 32,round-of-32,16
12129628,6,Round of 32,round-of-32,16
12129629,6,Round of 32,round-of-32,16
12129630,6,Round of 32,round-of-32,16
12129631,6,Round of 32,round-of-32,16
12129632,6,Round of 32,round-of-32,16
12129633,6,Round of 32,round-of-32,16
12129634,6,Round of 32,round-of-32,16
12129635,6,Round of 32,round-of-32,16
12129636,6,Round of 32,round-of-32,16
12129701,5,Round of 16,round-of-16,8
12129775,5,Round of 16,round-of-16,8
12129799,6,Round of 32,round-of-32,16
12129800,6,Round of 32,round-of-32,16
12129801,6,Round of 32,round-of-32,16
12129802,6,Round of 32,round-of-32,16
12129803,6,Round of 32,round-of-32,16
12129804,6,Round of 32,round-of-32,16
12129805,6,Round of 32,round-of-32,16
12129806,6,Round of 32,round-of-32,16
12129807,6,Round of 32,round-of-32,16
12129808,6,Round of 32,round-of-32,16
12129809,6,Round of 32,round-of-32,16
12129810,6,Round of 32,round-of-32,16
12129811,6,Round of 32,round-of-32,16
12129812,6,Round of 32,round-of-32,16
12129813,6,Round of 32,round-of-32,16
12129814,6,Round of 32,round-of-32,16
12129815,6,Round of 32,round-of-32,16
12129817,6,Round of 32,round-of-32,16
12129818,6,Round of 32,round-of-32,16
12129819,6,Round of 32,round-of-32,16
12129820,6,Round of 32,round-of-32,16
12129821,6,Round of 32,round-of-32,16
12129822,6,Round of 32,round-of-32,16
12129823,6,Round of 32,round-of-32,16
12129824,6,Round of 32,round-of-32,16
12129825,6,Round of 32,round-of-32,16
12129826,6,Round of 32,round-of-32,16
12129827,6,Round of 32,round-of-32,16
12129828,6,Round of 32,round-of-32,16
12129829,6,Round of 32,round-of-32,16
12129830,6,Round of 32,round-of-32,16
12129831,6,Round of 32,round-of-32,16
12129832,6,Round of 32,round-of-32,16
12129839,6,Round of 32,round-of-32,16
12129840,6,Round of 32,round-of-32,16
12129841,6,Round of 32,round-of-32,16
12129842,6,Round of 32,round-of-32,16
12129843,6,Round of 32,round-of-32,16
12129845,6,Round of 32,round-of-32,16
12129846,6,Round of 32,round-of-32,16
12129847,6,Round of 32,round-of-32,16
12129867,6,Round of 32,round-of-32,16
12129868,6,Round of 32,round-of-32,16
12129869,6,Round of 32,round-of-32,16
12129870,6,Round of 32,round-of-32,16
12129871,6,Round of 32,round-of-32,16
12129872,6,Round of 32,round-of-32,16
12129873,6,Round of 32,round-of-32,16
12130051,6,Round of 32,round-of-32,16
12130052,6,Round of 32,round-of-32,16
12130053,6,Round of 32,round-of-32,16
12130054,6,Round of 32,round-of-32,16
12130055,6,Round of 32,round-of-32,16
12130056,6,Round of 32,round-of-32,16
12130057,6,Round of 32,round-of-32,16
12130104,6,Round of 32,round-of-32,16
12130107,5,Round of 16,round-of-16,8
12130117,6,Round of 32,round-of-32,16
12130118,5,Round of 16,round-of-16,8
12130119,5,Round of 16,round-of-16,8
12130137,6,Round of 32,round-of-32,16
12130138,6,Round of 32,round-of-32,16
12130139,6,Round of 32,round-of-32,16
12130140,6,Round of 32,round-of-32,16
12130141,6,Round of 32,round-of-32,16
12130143,6,Round of 32,round-of-32,16
12130144,6,Round of 32,round-of-32,16
12130152,6,Round of 32,round-of-32,16
12130153,6,Round of 32,round-of-32,16
12130154,6,Round of 32,round-of-32,16
12130155,6,Round of 32,round-of-32,16
12130156,6,Round of 32,round-of-32,16
12130157,6,Round of 32,round-of-32,16
12130158,6,Round of 32,round-of-32,16
12130196,5,Round of 16,round-of-16,8
12130236,6,Round of 32,round-of-32,16
12130237,6,Round of 32,round-of-32,16
12130238,6,Round of 32,round-of-32,16
12130239,6,Round of 32,round-of-32,16
12130240,6,Round of 32,round-of-32,16
12130241,6,Round of 32,round-of-32,16
12130242,6,Round of 32,round-of-32,16
12130285,5,Round of 16,round-of-16,8
12130286,5,Round of 16,round-of-16,8
12130289,6,Round of 32,round-of-32,16
12130290,6,Round of 32,round-of-32,16
12130291,6,Round of 32,round-of-32,16
12130292,6,Round of 32,round-of-32,16
12130293,6,Round of 32,round-of-32,16
12130294,6,Round of 32,round-of-32,16
12130311,6,Round of 32,round-of-32,16
12130438,6,Round of 32,round-of-32,16
12130439,6,Round of 32,round-of-32,16
12130440,6,Round of 32,round-of-32,16
12130441,6,Round of 32,round-of-32,16
12130442,6,Round of 32,round-of-32,16
12130443,6,Round of 32,round-of-32,16
12130518,6,Round of 32,round-of-32,16
12130651,5,Round of 16,round-of-16,8
12130656,6,Round of 32,round-of-32,16
12130694,5,Round of 16,round-of-16,8
12130702,6,Round of 32,round-of-32,16
12130703,6,Round of 32,round-of-32,16
12130704,6,Round of 32,round-of-32,16
12130705,6,Round of 32,round-of-32,16
12130706,6,Round of 32,round-of-32,16
12130707,6,Round of 32,round-of-32,16
12130773,6,Round of 32,round-of-32,16
12130836,6,Round of 32,round-of-32,16
12131365,5,Round of 16,round-of-16,8
12131366,5,Round of 16,round-of-16,8
12131370,64,Round of 128,round-of-128,
12131371,64,Round of 128,round-of-128,
12131373,64,Round of 128,round-of-128,
12131379,64,Round of 128,round-of-128,
12131386,5,Round of 16,round-of-16,8
12131400,5,Round of 16,round-of-16,8
12131633,5,Round of 16,round-of-16,8
12131680,5,Round of 16,round-of-16,8
12131698,5,Round of 16,round-of-16,8
12131724,5,Round of 16,round-of-16,8
12131745,5,Round of 16,round-of-16,8
12131746,5,Round of 16,round-of-16,8
12131773,5,Round of 16,round-of-16,8
12131793,6,Round of 32,round-of-32,16
12131810,5,Round of 16,round-of-16,8
12131894,5,Round of 16,round-of-16,8
12131896,5,Round of 16,round-of-16,8
12131897,5,Round of 16,round-of-16,8
12131898,5,Round of 16,round-of-16,8
12131899,5,Round of 16,round-of-16,8
12131901,5,Round of 16,round-of-16,8
12131908,5,Round of 16,round-of-16,8
12131911,5,Round of 16,round-of-16,8
12131924,5,Round of 16,round-of-16,8
12131929,5,Round of 16,round-of-16,8
12132026,6,Round of 32,round-of-32,16
12132081,6,Round of 32,round-of-32,16
12132087,5,Round of 16,round-of-16,8
12132091,5,Round of 16,round-of-16,8
12132097,5,Round of 16,round-of-16,8
12132098,5,Round of 16,round-of-16,8
12132099,5,Round of 16,round-of-16,8
12132106,6,Round of 32,round-of-32,16
12132112,5,Round of 16,round-of-16,8
12132115,6,Round of 32,round-of-32,16
12132118,5,Round of 16,round-of-16,8
12132131,5,Round of 16,round-of-16,8
12132142,5,Round of 16,round-of-16,8
12132143,5,Round of 16,round-of-16,8
12132230,5,Round of 16,round-of-16,8
12132231,5,Round of 16,round-of-16,8
12132262,5,Round of 16,round-of-16,8
12132266,5,Round of 16,round-of-16,8
12132271,5,Round of 16,round-of-16,8
12132309,5,Round of 16,round-of-16,8
12132316,5,Round of 16,round-of-16,8
12132317,5,Round of 16,round-of-16,8
12132320,5,Round of 16,round-of-16,8
12132322,5,Round of 16,round-of-16,8
12132323,5,Round of 16,round-of-16,8
12132325,5,Round of 16,round-of-16,8
12132331,5,Round of 16,round-of-16,8
12132343,5,Round of 16,round-of-16,8
12132361,5,Round of 16,round-of-16,8
12132362,5,Round of 16,round-of-16,8
12132370,5,Round of 16,round-of-16,8
12132380,5,Round of 16,round-of-16,8
12132405,5,Round of 16,round-of-16,8
12132406,5,Round of 16,round-of-16,8
12132472,5,Round of 16,round-of-16,8
12132546,5,Round of 16,round-of-16,8
12132547,5,Round of 16,round-of-16,8
12132656,5,Round of 16,round-of-16,8
12132657,5,Round of 16,round-of-16,8
12132675,5,Round of 16,round-of-16,8
12132677,5,Round of 16,round-of-16,8
12132689,5,Round of 16,round-of-16,8
12132690,5,Round of 16,round-of-16,8
12132691,5,Round of 16,round-of-16,8
12132701,5,Round of 16,round-of-16,8
12132731,5,Round of 16,round-of-16,8
12132753,5,Round of 16,round-of-16,8
12132770,5,Round of 16,round-of-16,8
12132785,5,Round of 16,round-of-16,8
12132786,5,Round of 16,round-of-16,8
12132794,5,Round of 16,round-of-16,8
12132842,5,Round of 16,round-of-16,8
12132843,5,Round of 16,round-of-16,8
12132850,5,Round of 16,round-of-16,8
12132855,5,Round of 16,round-of-16,8
12132856,5,Round of 16,round-of-16,8
12132857,5,Round of 16,round-of-16,8
12132942,5,Round of 16,round-of-16,8
12132943,5,Round of 16,round-of-16,8
12132972,5,Round of 16,round-of-16,8
12132975,5,Round of 16,round-of-16,8
12132976,5,Round of 16,round-of-16,8
12132977,5,Round of 16,round-of-16,8
12132980,5,Round of 16,round-of-16,8
12132992,5,Round of 16,round-of-16,8
12132993,5,Round of 16,round-of-16,8
12133012,6,Round of 32,round-of-32,16
12133077,5,Round of 16,round-of-16,8
12133078,5,Round of 16,round-of-16,8
12133088,5,Round of 16,round-of-16,8
12133116,5,Round of 16,round-of-16,8
12133120,5,Round of 16,round-of-16,8
12133121,5,Round of 16,round-of-16,8
12133122,5,Round of 16,round-of-16,8
12133123,5,Round of 16,round-of-16,8
12133141,5,Round of 16,round-of-16,8
12133153,5,Round of 16,round-of-16,8
12133166,5,Round of 16,round-of-16,8
12133182,5,Round of 16,round-of-16,8
12133204,5,Round of 16,round-of-16,8
12133223,5,Round of 16,round-of-16,8
12133255,5,Round of 16,round-of-16,8
12133256,5,Round of 16,round-of-16,8
12133333,5,Round of 16,round-of-16,8
12133335,5,Round of 16,round-of-16,8
12133381,5,Round of 16,round-of-16,8
12133463,5,Round of 16,round-of-16,8
12133467,5,Round of 16,round-of-16,8
12133472,5,Round of 16,round-of-16,8
12133473,5,Round of 16,round-of-16,8
12133487,5,Round of 16,round-of-16,8
12133492,5,Round of 16,round-of-16,8
12133494,5,Round of 16,round-of-16,8
12133621,5,Round of 16,round-of-16,8
12133690,5,Round of 16,round-of-16,8
12133747,5,Round of 16,round-of-16,8
12133754,5,Round of 16,round-of-16,8
12133761,5,Round of 16,round-of-16,8
12133925,5,Round of 16,round-of-16,8
12133995,5,Round of 16,round-of-16,8
12134027,5,Round of 16,round-of-16,8
12134050,5,Round of 16,round-of-16,8
12134073,64,Round of 128,round-of-128,
12134074,5,Round of 16,round-of-16,8
12134148,5,Round of 16,round-of-16,8
12139583,6,Round of 32,round-of-32,16
12139586,6,Round of 32,round-of-32,16
12139599,6,Round of 32,round-of-32,16
12139600,6,Round of 32,round-of-32,16
12139601,6,Round of 32,round-of-32,16
12139603,6,Round of 32,round-of-32,16
12139604,6,Round of 32,round-of-32,16
12139605,6,Round of 32,round-of-32,16
12139606,5,Round of 16,round-of-16,8
12139607,6,Round of 32,round-of-32,16
12139608,5,Round of 16,round-of-16,8
12139609,5,Round of 16,round-of-16,8
12139610,6,Round of 32,round-of-32,16
12139611,5,Round of 16,round-of-16,8
12139613,6,Round of 32,round-of-32,16
12139614,5,Round of 16,round-of-16,8
12139616,6,Round of 32,round-of-32,16
12139617,6,Round of 32,round-of-32,16
12139618,5,Round of 16,round-of-16,8
12139623,5,Round of 16,round-of-16,8
12139634,5,Round of 16,round-of-16,8
12109835,5,Round of 16,round-of-16,8
12109836,5,Round of 16,round-of-16,8
12109837,5,Round of 16,round-of-16,8
12109843,5,Round of 16,round-of-16,8
12109845,5,Round of 16,round-of-16,8
12109846,5,Round of 16,round-of-16,8
12109848,5,Round of 16,round-of-16,8
12109849,5,Round of 16,round-of-16,8
12109850,5,Round of 16,round-of-16,8
12109854,5,Round of 16,round-of-16,8
12109861,27,Quarterfinal,quarterfinal,4
12109876,5,Round of 16,round-of-16,8
12109878,27,Quarterfinal,quarterfinal,4
12109879,5,Round of 16,round-of-16,8
12109880,5,Round of 16,round-of-16,8
12109881,5,Round of 16,round-of-16,8
12109882,5,Round of 16,round-of-16,8
12109883,5,Round of 16,round-of-16,8
12109895,5,Round of 16,round-of-16,8
12109897,5,Round of 16,round-of-16,8
12109898,5,Round of 16,round-of-16,8
12109901,27,Quarterfinal,quarterfinal,4
12109902,27,Quarterfinal,quarterfinal,4
12109903,27,Quarterfinal,quarterfinal,4
12109905,27,Quarterfinal,quarterfinal,4
12109907,5,Round of 16,round-of-16,8
12125048,6,Round of 32,round-of-32,16
12125050,6,Round of 32,round-of-32,16
12125055,6,Round of 32,round-of-32,16
12125056,6,Round of 32,round-of-32,16
12126984,6,Round of 32,round-of-32,16
12126985,6,Round of 32,round-of-32,16
12126999,6,Round of 32,round-of-32,16
12127047,6,Round of 32,round-of-32,16
12127110,6,Round of 32,round-of-32,16
12127111,6,Round of 32,round-of-32,16
12127371,6,Round of 32,round-of-32,16
12127614,6,Round of 32,round-of-32,16
12127621,6,Round of 32,round-of-32,16
12127622,6,Round of 32,round-of-32,16
12127623,6,Round of 32,round-of-32,16
12127627,6,Round of 32,round-of-32,16
12127628,6,Round of 32,round-of-32,16
12127632,6,Round of 32,round-of-32,16
12127636,6,Round of 32,round-of-32,16
12127637,6,Round of 32,round-of-32,16
12127638,6,Round of 32,round-of-32,16
12127645,5,Round of 16,round-of-16,8
12127648,5,Round of 16,round-of-16,8
12127650,6,Round of 32,round-of-32,16
12127651,5,Round of 16,round-of-16,8
12127652,6,Round of 32,round-of-32,16
12127653,6,Round of 32,round-of-32,16
12127654,6,Round of 32,round-of-32,16
12127655,6,Round of 32,round-of-32,16
12127657,6,Round of 32,round-of-32,16
12127659,6,Round of 32,round-of-32,16
12127741,5,Round of 16,round-of-16,8
12127749,6,Round of 32,round-of-32,16
12127750,6,Round of 32,round-of-32,16
12127751,6,Round of 32,round-of-32,16
12127752,6,Round of 32,round-of-32,16
12127756,6,Round of 32,round-of-32,16
12127780,6,Round of 32,round-of-32,16
12127782,6,Round of 32,round-of-32,16
12127785,6,Round of 32,round-of-32,16
12127788,5,Round of 16,round-of-16,8
12127802,6,Round of 32,round-of-32,16
12128057,6,Round of 32,round-of-32,16
12128058,6,Round of 32,round-of-32,16
12128059,6,Round of 32,round-of-32,16
12128150,64,Round of 128,round-of-128,
12128151,64,Round of 128,round-of-128,
12128152,64,Round of 128,round-of-128,
12128153,64,Round of 128,round-of-128,
12128155,64,Round of 128,round-of-128,
12128156,64,Round of 128,round-of-128,
12128158,64,Round of 128,round-of-128,
12128160,64,Round of 128,round-of-128,
12128161,64,Round of 128,round-of-128,
12128162,64,Round of 128,round-of-128,
12128163,64,Round of 128,round-of-128,
12128164,64,Round of 128,round-of-128,
12128165,64,Round of 128,round-of-128,
12128166,64,Round of 128,round-of-128,
12128167,64,Round of 128,round-of-128,
12128168,64,Round of 128,round-of-128,
12128169,64,Round of 128,round-of-128,
12128170,64,Round of 128,round-of-128,
12128171,6,Round of 32,round-of-32,16
12128172,6,Round of 32,round-of-32,16
12128173,6,Round of 32,round-of-32,16
12128174,5,Round of 16,round-of-16,8
12128185,64,Round of 128,round-of-128,
12128186,64,Round of 128,round-of-128,
12128187,64,Round of 128,round-of-128,
12128188,64,Round of 128,round-of-128,
12128189,64,Round of 128,round-of-128,
12128190,64,Round of 128,round-of-128,
12128191,64,Round of 128,round-of-128,
12128192,64,Round of 128,round-of-128,
12128194,64,Round of 128,round-of-128,
12128195,64,Round of 128,round-of-128,
12128196,64,Round of 128,round-of-128,
12128197,64,Round of 128,round-of-128,
12128198,64,Round of 128,round-of-128,
12128199,64,Round of 128,round-of-128,
12128200,64,Round of 128,round-of-128,
12128201,64,Round of 128,round-of-128,
12128204,64,Round of 128,round-of-128,
12128245,5,Round of 16,round-of-16,8
12128246,5,Round of 16,round-of-16,8
12128250,6,Round of 32,round-of-32,16
12128251,6,Round of 32,round-of-32,16
12128252,6,Round of 32,round-of-32,16
12128256,6,Round of 32,round-of-32,16
12128257,6,Round of 32,round-of-32,16
12128262,6,Round of 32,round-of-32,16
12128267,6,Round of 32,round-of-32,16
12128268,6,Round of 32,round-of-32,16
12128270,6,Round of 32,round-of-32,16
12128272,6,Round of 32,round-of-32,16
12128274,6,Round of 32,round-of-32,16
12128275,6,Round of 32,round-of-32,16
12128411,5,Round of 16,round-of-16,8
12128484,5,Round of 16,round-of-16,8
12128755,6,Round of 32,round-of-32,16
12129050,5,Round of 16,round-of-16,8
12129159,5,Round of 16,round-of-16,8
12129173,6,Round of 32,round-of-32,16
12129176,6,Round of 32,round-of-32,16
12129260,5,Round of 16,round-of-16,8
12129276,5,Round of 16,round-of-16,8
12129376,5,Round of 16,round-of-16,8
12129397,5,Round of 16,round-of-16,8
12129433,5,Round of 16,round-of-16,8
12129511,5,Round of 16,round-of-16,8
12129572,5,Round of 16,round-of-16,8
12129623,6,Round of 32,round-of-32,16
12129625,6,Round of 32,round-of-32,16
12129626,6,Round of 32,round-of-32,16
12129629,6,Round of 32,round-of-32,16
12129701,5,Round of 16,round-of-16,8
12129775,5,Round of 16,round-of-16,8
12129801,6,Round of 32,round-of-32,16
12129802,6,Round of 32,round-of-32,16
12129803,6,Round of 32,round-of-32,16
12129808,6,Round of 32,round-of-32,16
12129809,6,Round of 32,round-of-32,16
12129811,6,Round of 32,round-of-32,16
12129813,6,Round of 32,round-of-32,16
12129814,6,Round of 32,round-of-32,16
12129815,6,Round of 32,round-of-32,16
12129817,6,Round of 32,round-of-32,16
12129819,6,Round of 32,round-of-32,16
12129820,6,Round of 32,round-of-32,16
12129823,6,Round of 32,round-of-32,16
12129826,6,Round of 32,round-of-32,16
12129829,6,Round of 32,round-of-32,16
12129830,6,Round of 32,round-of-32,16
12129840,6,Round of 32,round-of-32,16
12129843,6,Round of 32,round-of-32,16
12129846,6,Round of 32,round-of-32,16
12129873,6,Round of 32,round-of-32,16
12130052,6,Round of 32,round-of-32,16
12130053,6,Round of 32,round-of-32,16
12130055,6,Round of 32,round-of-32,16
12130100,5,Round of 16,round-of-16,8
12130104,6,Round of 32,round-of-32,16
12130107,5,Round of 16,round-of-16,8
12130117,6,Round of 32,round-of-32,16
12130118,5,Round of 16,round-of-16,8
12130119,5,Round of 16,round-of-16,8
12130141,6,Round of 32,round-of-32,16
12130144,6,Round of 32,round-of-32,16
12130153,6,Round of 32,round-of-32,16
12130155,6,Round of 32,round-of-32,16
12130157,6,Round of 32,round-of-32,16
12130196,5,Round of 16,round-of-16,8
12130236,6,Round of 32,round-of-32,16
12130237,6,Round of 32,round-of-32,16
12130238,6,Round of 32,round-of-32,16
12130239,6,Round of 32,round-of-32,16
12130240,6,Round of 32,round-of-32,16
12130241,6,Round of 32,round-of-32,16
12130242,6,Round of 32,round-of-32,16
12130285,5,Round of 16,round-of-16,8
12130286,5,Round of 16,round-of-16,8
12130289,6,Round of 32,round-of-32,16
12130290,6,Round of 32,round-of-32,16
12130291,6,Round of 32,round-of-32,16
12130292,6,Round of 32,round-of-32,16
12130293,6,Round of 32,round-of-32,16
12130294,6,Round of 32,round-of-32,16
12130295,5,Round of 16,round-of-16,8
12130311,6,Round of 32,round-of-32,16
12130312,5,Round of 16,round-of-16,8
12130517,5,Round of 16,round-of-16,8
12130518,6,Round of 32,round-of-32,16
12130651,5,Round of 16,round-of-16,8
12130694,5,Round of 16,round-of-16,8
12130702,6,Round of 32,round-of-32,16
12130703,6,Round of 32,round-of-32,16
12130704,6,Round of 32,round-of-32,16
12130705,6,Round of 32,round-of-32,16
12130706,6,Round of 32,round-of-32,16
12130707,6,Round of 32,round-of-32,16
12130745,5,Round of 16,round-of-16,8
12130773,6,Round of 32,round-of-32,16
12130836,6,Round of 32,round-of-32,16
12130846,5,Round of 16,round-of-16,8
12131283,5,Round of 16,round-of-16,8
12131365,5,Round of 16,round-of-16,8
12131366,5,Round of 16,round-of-16,8
12131367,64,Round of 128,round-of-128,
12131368,64,Round of 128,round-of-128,
12131369,64,Round of 128,round-of-128,
12131370,64,Round of 128,round-of-128,
12131371,64,Round of 128,round-of-128,
12131372,64,Round of 128,round-of-128,
12131373,64,Round of 128,round-of-128,
12131374,64,Round of 128,round-of-128,
12131375,64,Round of 128,round-of-128,
12131376,64,Round of 128,round-of-128,
12131377,64,Round of 128,round-of-128,
12131379,64,Round of 128,round-of-128,
12131380,64,Round of 128,round-of-128,
12131381,64,Round of 128,round-of-128,
12131384,64,Round of 128,round-of-128,
12131385,64,Round of 128,round-of-128,
12131386,5,Round of 16,round-of-16,8
12131387,64,Round of 128,round-of-128,
12131388,64,Round of 128,round-of-128,
12131389,64,Round of 128,round-of-128,
12131400,5,Round of 16,round-of-16,8
12131633,5,Round of 16,round-of-16,8
12131680,5,Round of 16,round-of-16,8
12131698,5,Round of 16,round-of-16,8
12131724,5,Round of 16,round-of-16,8
12131745,5,Round of 16,round-of-16,8
12131746,5,Round of 16,round-of-16,8
12131773,5,Round of 16,round-of-16,8
12131793,6,Round of 32,round-of-32,16
12131810,5,Round of 16,round-of-16,8
12131894,5,Round of 16,round-of-16,8
12131896,5,Round of 16,round-of-16,8
12131897,5,Round of 16,round-of-16,8
12131898,5,Round of 16,round-of-16,8
12131899,5,Round of 16,round-of-16,8
12131900,5,Round of 16,round-of-16,8
12131901,5,Round of 16,round-of-16,8
12131908,5,Round of 16,round-of-16,8
12131911,5,Round of 16,round-of-16,8
12131924,5,Round of 16,round-of-16,8
12131929,5,Round of 16,round-of-16,8
12132087,5,Round of 16,round-of-16,8
12132091,5,Round of 16,round-of-16,8
12132097,5,Round of 16,round-of-16,8
12132098,5,Round of 16,round-of-16,8
12132099,5,Round of 16,round-of-16,8
12132112,5,Round of 16,round-of-16,8
12132118,5,Round of 16,round-of-16,8
12132131,5,Round of 16,round-of-16,8
12132142,5,Round of 16,round-of-16,8
12132143,5,Round of 16,round-of-16,8
12132230,5,Round of 16,round-of-16,8
12132231,5,Round of 16,round-of-16,8
12132262,5,Round of 16,round-of-16,8
12132266,5,Round of 16,round-of-16,8
12132271,5,Round of 16,round-of-16,8
12132309,5,Round of 16,round-of-16,8
12132316,5,Round of 16,round-of-16,8
12132317,5,Round of 16,round-of-16,8
12132320,5,Round of 16,round-of-16,8
12132322,5,Round of 16,round-of-16,8
12132323,5,Round of 16,round-of-16,8
12132325,5,Round of 16,round-of-16,8
12132330,5,Round of 16,round-of-16,8
12132331,5,Round of 16,round-of-16,8
12132343,5,Round of 16,round-of-16,8
12132361,5,Round of 16,round-of-16,8
12132362,5,Round of 16,round-of-16,8
12132370,5,Round of 16,round-of-16,8
12132380,5,Round of 16,round-of-16,8
12132405,5,Round of 16,round-of-16,8
12132406,5,Round of 16,round-of-16,8
12132472,5,Round of 16,round-of-16,8
12132546,5,Round of 16,round-of-16,8
12132547,5,Round of 16,round-of-16,8
12132656,5,Round of 16,round-of-16,8
12132657,5,Round of 16,round-of-16,8
12132675,5,Round of 16,round-of-16,8
12132677,5,Round of 16,round-of-16,8
12132689,5,Round of 16,round-of-16,8
12132690,5,Round of 16,round-of-16,8
12132691,5,Round of 16,round-of-16,8
12132701,5,Round of 16,round-of-16,8
12132731,5,Round of 16,round-of-16,8
12132753,5,Round of 16,round-of-16,8
12132770,5,Round of 16,round-of-16,8
12132785,5,Round of 16,round-of-16,8
12132786,5,Round of 16,round-of-16,8
12132794,5,Round of 16,round-of-16,8
12132842,5,Round of 16,round-of-16,8
12132843,5,Round of 16,round-of-16,8
12132850,5,Round of 16,round-of-16,8
12132855,5,Round of 16,round-of-16,8
12132856,5,Round of 16,round-of-16,8
12132857,5,Round of 16,round-of-16,8
12132942,5,Round of 16,round-of-16,8
12132943,5,Round of 16,round-of-16,8
12132972,5,Round of 16,round-of-16,8
12132975,5,Round of 16,round-of-16,8
12132976,5,Round of 16,round-of-16,8
12132977,5,Round of 16,round-of-16,8
12132980,5,Round of 16,round-of-16,8
12132992,5,Round of 16,round-of-16,8
12132993,5,Round of 16,round-of-16,8
12133012,6,Round of 32,round-of-32,16
12133014,5,Round of 16,round-of-16,8
12133050,5,Round of 16,round-of-16,8
12133077,5,Round of 16,round-of-16,8
12133078,5,Round of 16,round-of-16,8
12133088,5,Round of 16,round-of-16,8
12133116,5,Round of 16,round-of-16,8
12133120,5,Round of 16,round-of-16,8
12133121,5,Round of 16,round-of-16,8
12133122,5,Round of 16,round-of-16,8
12133123,5,Round of 16,round-of-16,8
12133141,5,Round of 16,round-of-16,8
12133153,5,Round of 16,round-of-16,8
12133166,5,Round of 16,round-of-16,8
12133182,5,Round of 16,round-of-16,8
12133204,5,Round of 16,round-of-16,8
12133222,5,Round of 16,round-of-16,8
12133223,5,Round of 16,round-of-16,8
12133255,5,Round of 16,round-of-16,8
12133256,5,Round of 16,round-of-16,8
12133333,5,Round of 16,round-of-16,8
12133334,5,Round of 16,round-of-16,8
12133335,5,Round of 16,round-of-16,8
12133380,5,Round of 16,round-of-16,8
12133381,5,Round of 16,round-of-16,8
12133463,5,Round of 16,round-of-16,8
12133467,5,Round of 16,round-of-16,8
12133472,5,Round of 16,round-of-16,8
12133473,5,Round of 16,round-of-16,8
12133474,5,Round of 16,round-of-16,8
12133487,5,Round of 16,round-of-16,8
12133492,5,Round of 16,round-of-16,8
12133494,5,Round of 16,round-of-16,8
12133618,5,Round of 16,round-of-16,8
12133620,5,Round of 16,round-of-16,8
12133621,5,Round of 16,round-of-16,8
12133660,5,Round of 16,round-of-16,8
12133690,5,Round of 16,round-of-16,8
12133733,5,Round of 16,round-of-16,8
12133747,5,Round of 16,round-of-16,8
12133754,5,Round of 16,round-of-16,8
12133761,5,Round of 16,round-of-16,8
12133783,5,Round of 16,round-of-16,8
12133812,5,Round of 16,round-of-16,8
12133858,5,Round of 16,round-of-16,8
12133859,5,Round of 16,round-of-16,8
12133883,5,Round of 16,round-of-16,8
12133890,5,Round of 16,round-of-16,8
12133925,5,Round of 16,round-of-16,8
12133995,5,Round of 16,round-of-16,8
12133999,64,Round of 128,round-of-128,
12134013,5,Round of 16,round-of-16,8
12134027,5,Round of 16,round-of-16,8
12134050,5,Round of 16,round-of-16,8
12134073,64,Round of 128,round-of-128,
12134074,5,Round of 16,round-of-16,8
12134079,5,Round of 16,round-of-16,8
12134089,5,Round of 16,round-of-16,8
12134145,5,Round of 16,round-of-16,8
12134148,5,Round of 16,round-of-16,8
12134176,5,Round of 16,round-of-16,8
12134184,5,Round of 16,round-of-16,8
12134185,5,Round of 16,round-of-16,8
12134259,5,Round of 16,round-of-16,8
12134822,5,Round of 16,round-of-16,8
12134836,64,Round of 128,round-of-128,
12134969,27,Quarterfinal,quarterfinal,4
12134979,27,Quarterfinal,quarterfinal,4
12135723,27,Quarterfinal,quarterfinal,4
12135730,27,Quarterfinal,quarterfinal,4
12135731,27,Quarterfinal,quarterfinal,4
12135732,27,Quarterfinal,quarterfinal,4
12135765,27,Quarterfinal,quarterfinal,4
12135805,27,Quarterfinal,quarterfinal,4
12135994,27,Quarterfinal,quarterfinal,4
12136045,27,Quarterfinal,quarterfinal,4
12136046,27,Quarterfinal,quarterfinal,4
12136047,27,Quarterfinal,quarterfinal,4
12136081,27,Quarterfinal,quarterfinal,4
12136160,27,Quarterfinal,quarterfinal,4
12136161,27,Quarterfinal,quarterfinal,4
12136163,27,Quarterfinal,quarterfinal,4
12136164,27,Quarterfinal,quarterfinal,4
12136168,27,Quarterfinal,quarterfinal,4
12136170,27,Quarterfinal,quarterfinal,4
12136173,27,Quarterfinal,quarterfinal,4
12136174,27,Quarterfinal,quarterfinal,4
12136175,27,Quarterfinal,quarterfinal,4
12136176,27,Quarterfinal,quarterfinal,4
12136177,27,Quarterfinal,quarterfinal,4
12136178,27,Quarterfinal,quarterfinal,4
12136247,27,Quarterfinal,quarterfinal,4
12136248,27,Quarterfinal,quarterfinal,4
12136249,27,Quarterfinal,quarterfinal,4
12136253,27,Quarterfinal,quarterfinal,4
12136259,27,Quarterfinal,quarterfinal,4
12136262,27,Quarterfinal,quarterfinal,4
12136268,27,Quarterfinal,quarterfinal,4
12136269,27,Quarterfinal,quarterfinal,4
12136281,27,Quarterfinal,quarterfinal,4
12136282,27,Quarterfinal,quarterfinal,4
12136283,27,Quarterfinal,quarterfinal,4
12136284,27,Quarterfinal,quarterfinal,4
12136303,27,Quarterfinal,quarterfinal,4
12136304,27,Quarterfinal,quarterfinal,4
12136362,27,Quarterfinal,quarterfinal,4
12136363,27,Quarterfinal,quarterfinal,4
12136396,27,Quarterfinal,quarterfinal,4
12136397,27,Quarterfinal,quarterfinal,4
12136410,27,Quarterfinal,quarterfinal,4
12136441,27,Quarterfinal,quarterfinal,4
12136449,27,Quarterfinal,quarterfinal,4
12136494,27,Quarterfinal,quarterfinal,4
12136495,27,Quarterfinal,quarterfinal,4
12136509,27,Quarterfinal,quarterfinal,4
12136533,27,Quarterfinal,quarterfinal,4
12136534,27,Quarterfinal,quarterfinal,4
12136553,27,Quarterfinal,quarterfinal,4
12136674,27,Quarterfinal,quarterfinal,4
12136692,27,Quarterfinal,quarterfinal,4
12136745,27,Quarterfinal,quarterfinal,4
12136746,27,Quarterfinal,quarterfinal,4
12136758,27,Quarterfinal,quarterfinal,4
12136772,27,Quarterfinal,quarterfinal,4
12136778,27,Quarterfinal,quarterfinal,4
12136837,27,Quarterfinal,quarterfinal,4
12136860,27,Quarterfinal,quarterfinal,4
12136869,27,Quarterfinal,quarterfinal,4
12136898,27,Quarterfinal,quarterfinal,4
12136961,27,Quarterfinal,quarterfinal,4
12137032,27,Quarterfinal,quarterfinal,4
12137039,27,Quarterfinal,quarterfinal,4
12137107,27,Quarterfinal,quarterfinal,4
12137108,27,Quarterfinal,quarterfinal,4
12137128,27,Quarterfinal,quarterfinal,4
12137174,27,Quarterfinal,quarterfinal,4
12137176,27,Quarterfinal,quarterfinal,4
12137290,27,Quarterfinal,quarterfinal,4
12137318,27,Quarterfinal,quarterfinal,4
12137378,27,Quarterfinal,quarterfinal,4
12139583,6,Round of 32,round-of-32,16
12139586,6,Round of 32,round-of-32,16
12139599,6,Round of 32,round-of-32,16
12139601,6,Round of 32,round-of-32,16
12139606,5,Round of 16,round-of-16,8
12139608,5,Round of 16,round-of-16,8
12139609,5,Round of 16,round-of-16,8
12139611,5,Round of 16,round-of-16,8
12139614,5,Round of 16,round-of-16,8
12139618,5,Round of 16,round-of-16,8
12139619,27,Quarterfinal,quarterfinal,4
12139620,27,Quarterfinal,quarterfinal,4
12139622,27,Quarterfinal,quarterfinal,4
12139623,5,Round of 16,round-of-16,8
12139625,27,Quarterfinal,quarterfinal,4
12139634,5,Round of 16,round-of-16,8
12109835,5,Round of 16,round-of-16,8
12109836,5,Round of 16,round-of-16,8
12109845,5,Round of 16,round-of-16,8
12109848,5,Round of 16,round-of-16,8
12109851,27,Quarterfinal,quarterfinal,4
12109858,27,Quarterfinal,quarterfinal,4
12109861,27,Quarterfinal,quarterfinal,4
12109876,5,Round of 16,round-of-16,8
12109878,27,Quarterfinal,quarterfinal,4
12109881,5,Round of 16,round-of-16,8
12109883,5,Round of 16,round-of-16,8
12109894,28,Semifinal,semifinal,2
12109896,28,Semifinal,semifinal,2
12109901,27,Quarterfinal,quarterfinal,4
12109902,27,Quarterfinal,quarterfinal,4
12109903,27,Quarterfinal,quarterfinal,4
12109905,27,Quarterfinal,quarterfinal,4
12109935,32,Round of 64,round-of-64,
12109942,32,Round of 64,round-of-64,
12109946,32,Round of 64,round-of-64,
12109951,32,Round of 64,round-of-64,
12109952,32,Round of 64,round-of-64,
12109953,32,Round of 64,round-of-64,
12109956,32,Round of 64,round-of-64,
12109958,32,Round of 64,round-of-64,
12109962,32,Round of 64,round-of-64,
12109964,32,Round of 64,round-of-64,
12109965,32,Round of 64,round-of-64,
12109966,32,Round of 64,round-of-64,
12109967,32,Round of 64,round-of-64,
12109969,32,Round of 64,round-of-64,
12109971,32,Round of 64,round-of-64,
12109972,32,Round of 64,round-of-64,
12110019,32,Round of 64,round-of-64,
12110020,32,Round of 64,round-of-64,
12110021,32,Round of 64,round-of-64,
12110022,32,Round of 64,round-of-64,
12110023,32,Round of 64,round-of-64,
12110024,32,Round of 64,round-of-64,
12110025,32,Round of 64,round-of-64,
12110026,32,Round of 64,round-of-64,
12110029,32,Round of 64,round-of-64,
12110040,32,Round of 64,round-of-64,
12110043,32,Round of 64,round-of-64,
12110046,32,Round of 64,round-of-64,
12110054,32,Round of 64,round-of-64,
12110069,32,Round of 64,round-of-64,
12110071,32,Round of 64,round-of-64,
12110072,32,Round of 64,round-of-64,
12127645,5,Round of 16,round-of-16,8
12127728,5,Round of 16,round-of-16,8
12127730,5,Round of 16,round-of-16,8
12127766,5,Round of 16,round-of-16,8
12127768,5,Round of 16,round-of-16,8
12127791,5,Round of 16,round-of-16,8
12128053,5,Round of 16,round-of-16,8
12128054,5,Round of 16,round-of-16,8
12128149,64,Round of 128,round-of-128,
12128150,64,Round of 128,round-of-128,
12128151,64,Round of 128,round-of-128,
12128152,64,Round of 128,round-of-128,
12128153,64,Round of 128,round-of-128,
12128154,64,Round of 128,round-of-128,
12128155,64,Round of 128,round-of-128,
12128156,64,Round of 128,round-of-128,
12128157,64,Round of 128,round-of-128,
12128158,64,Round of 128,round-of-128,
12128159,64,Round of 128,round-of-128,
12128160,64,Round of 128,round-of-128,
12128162,64,Round of 128,round-of-128,
12128164,64,Round of 128,round-of-128,
12128174,5,Round of 16,round-of-16,8
12128175,5,Round of 16,round-of-16,8
12128188,64,Round of 128,round-of-128,
12128193,64,Round of 128,round-of-128,
12128194,64,Round of 128,round-of-128,
12128195,64,Round of 128,round-of-128,
12128196,64,Round of 128,round-of-128,
12128197,64,Round of 128,round-of-128,
12128198,64,Round of 128,round-of-128,
12128199,64,Round of 128,round-of-128,
12128200,64,Round of 128,round-of-128,
12128201,64,Round of 128,round-of-128,
12128202,64,Round of 128,round-of-128,
12128203,64,Round of 128,round-of-128,
12128204,64,Round of 128,round-of-128,
12128205,64,Round of 128,round-of-128,
12128233,5,Round of 16,round-of-16,8
12128235,5,Round of 16,round-of-16,8
12129433,5,Round of 16,round-of-16,8
12129511,5,Round of 16,round-of-16,8
12129512,5,Round of 16,round-of-16,8
12129572,5,Round of 16,round-of-16,8
12129775,5,Round of 16,round-of-16,8
12129962,5,Round of 16,round-of-16,8
12130100,5,Round of 16,round-of-16,8
12130285,5,Round of 16,round-of-16,8
12130286,5,Round of 16,round-of-16,8
12130295,5,Round of 16,round-of-16,8
12130312,5,Round of 16,round-of-16,8
12130517,5,Round of 16,round-of-16,8
12130694,5,Round of 16,round-of-16,8
12130745,5,Round of 16,round-of-16,8
12130846,5,Round of 16,round-of-16,8
12131283,5,Round of 16,round-of-16,8
12131367,64,Round of 128,round-of-128,
12131368,64,Round of 128,round-of-128,
12131369,64,Round of 128,round-of-128,
12131372,64,Round of 128,round-of-128,
12131374,64,Round of 128,round-of-128,
12131375,64,Round of 128,round-of-128,
12131376,64,Round of 128,round-of-128,
12131377,64,Round of 128,round-of-128,
12131380,64,Round of 128,round-of-128,
12131381,64,Round of 128,round-of-128,
12131382,64,Round of 128,round-of-128,
12131383,64,Round of 128,round-of-128,
12131384,64,Round of 128,round-of-128,
12131385,64,Round of 128,round-of-128,
12131387,64,Round of 128,round-of-128,
12131388,64,Round of 128,round-of-128,
12131389,64,Round of 128,round-of-128,
12131900,5,Round of 16,round-of-16,8
12132112,5,Round of 16,round-of-16,8
12132143,5,Round of 16,round-of-16,8
12132330,5,Round of 16,round-of-16,8
12132843,5,Round of 16,round-of-16,8
12132977,5,Round of 16,round-of-16,8
12132980,5,Round of 16,round-of-16,8
12133014,5,Round of 16,round-of-16,8
12133050,5,Round of 16,round-of-16,8
12133077,5,Round of 16,round-of-16,8
12133120,5,Round of 16,round-of-16,8
12133123,5,Round of 16,round-of-16,8
12133222,5,Round of 16,round-of-16,8
12133333,5,Round of 16,round-of-16,8
12133334,5,Round of 16,round-of-16,8
12133380,5,Round of 16,round-of-16,8
12133472,5,Round of 16,round-of-16,8
12133473,5,Round of 16,round-of-16,8
12133474,5,Round of 16,round-of-16,8
12133492,5,Round of 16,round-of-16,8
12133494,5,Round of 16,round-of-16,8
12133618,5,Round of 16,round-of-16,8
12133620,5,Round of 16,round-of-16,8
12133621,5,Round of 16,round-of-16,8
12133660,5,Round of 16,round-of-16,8
12133733,5,Round of 16,round-of-16,8
12133747,5,Round of 16,round-of-16,8
12133754,5,Round of 16,round-of-16,8
12133783,5,Round of 16,round-of-16,8
12133812,5,Round of 16,round-of-16,8
12133858,5,Round of 16,round-of-16,8
12133859,5,Round of 16,round-of-16,8
12133883,5,Round of 16,round-of-16,8
12133890,5,Round of 16,round-of-16,8
12133925,5,Round of 16,round-of-16,8
12133995,5,Round of 16,round-of-16,8
12133999,64,Round of 128,round-of-128,
12134013,5,Round of 16,round-of-16,8
12134027,5,Round of 16,round-of-16,8
12134050,5,Round of 16,round-of-16,8
12134074,5,Round of 16,round-of-16,8
12134079,5,Round of 16,round-of-16,8
12134089,5,Round of 16,round-of-16,8
12134145,5,Round of 16,round-of-16,8
12134148,5,Round of 16,round-of-16,8
12134176,5,Round of 16,round-of-16,8
12134184,5,Round of 16,round-of-16,8
12134185,5,Round of 16,round-of-16,8
12134259,5,Round of 16,round-of-16,8
12134822,5,Round of 16,round-of-16,8
12134836,64,Round of 128,round-of-128,
12134969,27,Quarterfinal,quarterfinal,4
12134979,27,Quarterfinal,quarterfinal,4
12135723,27,Quarterfinal,quarterfinal,4
12135730,27,Quarterfinal,quarterfinal,4
12135731,27,Quarterfinal,quarterfinal,4
12135732,27,Quarterfinal,quarterfinal,4
12135765,27,Quarterfinal,quarterfinal,4
12135805,27,Quarterfinal,quarterfinal,4
12135994,27,Quarterfinal,quarterfinal,4
12136045,27,Quarterfinal,quarterfinal,4
12136046,27,Quarterfinal,quarterfinal,4
12136047,27,Quarterfinal,quarterfinal,4
12136081,27,Quarterfinal,quarterfinal,4
12136160,27,Quarterfinal,quarterfinal,4
12136161,27,Quarterfinal,quarterfinal,4
12136163,27,Quarterfinal,quarterfinal,4
12136164,27,Quarterfinal,quarterfinal,4
12136168,27,Quarterfinal,quarterfinal,4
12136170,27,Quarterfinal,quarterfinal,4
12136173,27,Quarterfinal,quarterfinal,4
12136174,27,Quarterfinal,quarterfinal,4
12136175,27,Quarterfinal,quarterfinal,4
12136176,27,Quarterfinal,quarterfinal,4
12136177,27,Quarterfinal,quarterfinal,4
12136178,27,Quarterfinal,quarterfinal,4
12136247,27,Quarterfinal,quarterfinal,4
12136248,27,Quarterfinal,quarterfinal,4
12136249,27,Quarterfinal,quarterfinal,4
12136253,27,Quarterfinal,quarterfinal,4
12136259,27,Quarterfinal,quarterfinal,4
12136262,27,Quarterfinal,quarterfinal,4
12136268,27,Quarterfinal,quarterfinal,4
12136269,27,Quarterfinal,quarterfinal,4
12136281,27,Quarterfinal,quarterfinal,4
12136282,27,Quarterfinal,quarterfinal,4
12136283,27,Quarterfinal,quarterfinal,4
12136284,27,Quarterfinal,quarterfinal,4
12136303,27,Quarterfinal,quarterfinal,4
12136304,27,Quarterfinal,quarterfinal,4
12136362,27,Quarterfinal,quarterfinal,4
12136363,27,Quarterfinal,quarterfinal,4
12136396,27,Quarterfinal,quarterfinal,4
12136397,27,Quarterfinal,quarterfinal,4
12136410,27,Quarterfinal,quarterfinal,4
12136441,27,Quarterfinal,quarterfinal,4
12136449,27,Quarterfinal,quarterfinal,4
12136494,27,Quarterfinal,quarterfinal,4
12136495,27,Quarterfinal,quarterfinal,4
12136509,27,Quarterfinal,quarterfinal,4
12136533,27,Quarterfinal,quarterfinal,4
12136534,27,Quarterfinal,quarterfinal,4
12136553,27,Quarterfinal,quarterfinal,4
12136674,27,Quarterfinal,quarterfinal,4
12136692,27,Quarterfinal,quarterfinal,4
12136745,27,Quarterfinal,quarterfinal,4
12136746,27,Quarterfinal,quarterfinal,4
12136758,27,Quarterfinal,quarterfinal,4
12136772,27,Quarterfinal,quarterfinal,4
12136778,27,Quarterfinal,quarterfinal,4
12136837,27,Quarterfinal,quarterfinal,4
12136860,27,Quarterfinal,quarterfinal,4
12136869,27,Quarterfinal,quarterfinal,4
12136898,27,Quarterfinal,quarterfinal,4
12136947,27,Quarterfinal,quarterfinal,4
12136950,27,Quarterfinal,quarterfinal,4
12136959,27,Quarterfinal,quarterfinal,4
12136961,27,Quarterfinal,quarterfinal,4
12137032,27,Quarterfinal,quarterfinal,4
12137039,27,Quarterfinal,quarterfinal,4
12137082,27,Quarterfinal,quarterfinal,4
12137107,27,Quarterfinal,quarterfinal,4
12137108,27,Quarterfinal,quarterfinal,4
12137128,27,Quarterfinal,quarterfinal,4
12137146,27,Quarterfinal,quarterfinal,4
12137174,27,Quarterfinal,quarterfinal,4
12137175,27,Quarterfinal,quarterfinal,4
12137176,27,Quarterfinal,quarterfinal,4
12137290,27,Quarterfinal,quarterfinal,4
12137318,27,Quarterfinal,quarterfinal,4
12137375,27,Quarterfinal,quarterfinal,4
12137378,27,Quarterfinal,quarterfinal,4
12137407,27,Quarterfinal,quarterfinal,4
12137408,27,Quarterfinal,quarterfinal,4
12137539,27,Quarterfinal,quarterfinal,4
12137559,27,Quarterfinal,quarterfinal,4
12137563,27,Quarterfinal,quarterfinal,4
12137587,27,Quarterfinal,quarterfinal,4
12137706,27,Quarterfinal,quarterfinal,4
12137707,27,Quarterfinal,quarterfinal,4
12137743,27,Quarterfinal,quarterfinal,4
12138398,28,Semifinal,semifinal,2
12138514,28,Semifinal,semifinal,2
12138547,28,Semifinal,semifinal,2
12139257,28,Semifinal,semifinal,2
12139398,28,Semifinal,semifinal,2
12139447,28,Semifinal,semifinal,2
12139472,28,Semifinal,semifinal,2
12139478,28,Semifinal,semifinal,2
12139480,28,Semifinal,semifinal,2
12139484,28,Semifinal,semifinal,2
12139485,28,Semifinal,semifinal,2
12139488,28,Semifinal,semifinal,2
12139496,28,Semifinal,semifinal,2
12139497,28,Semifinal,semifinal,2
12139498,28,Semifinal,semifinal,2
12139540,28,Semifinal,semifinal,2
12139549,28,Semifinal,semifinal,2
12139552,28,Semifinal,semifinal,2
12139555,28,Semifinal,semifinal,2
12139619,27,Quarterfinal,quarterfinal,4
12139620,27,Quarterfinal,quarterfinal,4
12139622,27,Quarterfinal,quarterfinal,4
12139625,27,Quarterfinal,quarterfinal,4
12139626,5,Round of 16,round-of-16,8
12139627,28,Semifinal,semifinal,2
12139634,5,Round of 16,round-of-16,8
12139671,28,Semifinal,semifinal,2
12139698,28,Semifinal,semifinal,2
12139699,28,Semifinal,semifinal,2
12139738,28,Semifinal,semifinal,2
12139747,28,Semifinal,semifinal,2
12139748,28,Semifinal,semifinal,2
12139759,27,Quarterfinal,quarterfinal,4
12139884,28,Semifinal,semifinal,2
12140204,28,Semifinal,semifinal,2
12140207,28,Semifinal,semifinal,2
12140221,28,Semifinal,semifinal,2
12140364,28,Semifinal,semifinal,2
12140446,28,Semifinal,semifinal,2
12140777,28,Semifinal,semifinal,2
12141335,32,Round of 64,round-of-64,
12109834,27,Quarterfinal,quarterfinal,4
12109839,27,Quarterfinal,quarterfinal,4
12109840,28,Semifinal,semifinal,2
12109841,27,Quarterfinal,quarterfinal,4
12109842,27,Quarterfinal,quarterfinal,4
12109847,28,Semifinal,semifinal,2
12109851,27,Quarterfinal,quarterfinal,4
12109858,27,Quarterfinal,quarterfinal,4
12109859,28,Semifinal,semifinal,2
12109865,28,Semifinal,semifinal,2
12109872,29,Final,final,1
12109878,27,Quarterfinal,quarterfinal,4
12109894,28,Semifinal,semifinal,2
12109896,28,Semifinal,semifinal,2
12109899,29,Final,final,1
12109935,32,Round of 64,round-of-64,
12109936,32,Round of 64,round-of-64,
12109937,32,Round of 64,round-of-64,
12109938,32,Round of 64,round-of-64,
12109941,32,Round of 64,round-of-64,
12109942,32,Round of 64,round-of-64,
12109944,32,Round of 64,round-of-64,
12109945,32,Round of 64,round-of-64,
12109946,32,Round of 64,round-of-64,
12109947,32,Round of 64,round-of-64,
12109948,32,Round of 64,round-of-64,
12109951,32,Round of 64,round-of-64,
12109952,32,Round of 64,round-of-64,
12109953,32,Round of 64,round-of-64,
12109955,32,Round of 64,round-of-64,
12109956,32,Round of 64,round-of-64,
12109957,32,Round of 64,round-of-64,
12109958,32,Round of 64,round-of-64,
12109962,32,Round of 64,round-of-64,
12109963,32,Round of 64,round-of-64,
12109964,32,Round of 64,round-of-64,
12109965,32,Round of 64,round-of-64,
12109966,32,Round of 64,round-of-64,
12109967,32,Round of 64,round-of-64,
12109969,32,Round of 64,round-of-64,
12109971,32,Round of 64,round-of-64,
12109972,32,Round of 64,round-of-64,
12109978,32,Round of 64,round-of-64,
12109979,32,Round of 64,round-of-64,
12109980,32,Round of 64,round-of-64,
12109981,32,Round of 64,round-of-64,
12109982,32,Round of 64,round-of-64,
12109983,32,Round of 64,round-of-64,
12109984,32,Round of 64,round-of-64,
12109985,32,Round of 64,round-of-64,
12110019,32,Round of 64,round-of-64,
12110020,32,Round of 64,round-of-64,
12110021,32,Round of 64,round-of-64,
12110022,32,Round of 64,round-of-64,
12110023,32,Round of 64,round-of-64,
12110024,32,Round of 64,round-of-64,
12110025,32,Round of 64,round-of-64,
12110026,32,Round of 64,round-of-64,
12110029,32,Round of 64,round-of-64,
12110030,32,Round of 64,round-of-64,
12110032,32,Round of 64,round-of-64,
12110034,32,Round of 64,round-of-64,
12110036,32,Round of 64,round-of-64,
12110040,32,Round of 64,round-of-64,
12110042,32,Round of 64,round-of-64,
12110043,32,Round of 64,round-of-64,
12110044,32,Round of 64,round-of-64,
12110046,32,Round of 64,round-of-64,
12110047,32,Round of 64,round-of-64,
12110048,32,Round of 64,round-of-64,
12110049,32,Round of 64,round-of-64,
12110050,32,Round of 64,round-of-64,
12110052,32,Round of 64,round-of-64,
12110054,32,Round of 64,round-of-64,
12110055,32,Round of 64,round-of-64,
12110061,32,Round of 64,round-of-64,
12110069,32,Round of 64,round-of-64,
12110071,32,Round of 64,round-of-64,
12110072,32,Round of 64,round-of-64,
12125049,6,Round of 32,round-of-32,16
12125051,6,Round of 32,round-of-32,16
12125052,6,Round of 32,round-of-32,16
12125057,6,Round of 32,round-of-32,16
12127728,5,Round of 16,round-of-16,8
12127730,5,Round of 16,round-of-16,8
12127766,5,Round of 16,round-of-16,8
12127768,5,Round of 16,round-of-16,8
12127791,5,Round of 16,round-of-16,8
12128053,5,Round of 16,round-of-16,8
12128054,5,Round of 16,round-of-16,8
12128149,64,Round of 128,round-of-128,
12128154,64,Round of 128,round-of-128,
12128157,64,Round of 128,round-of-128,
12128159,64,Round of 128,round-of-128,
12128175,5,Round of 16,round-of-16,8
12128193,64,Round of 128,round-of-128,
12128202,64,Round of 128,round-of-128,
12128203,64,Round of 128,round-of-128,
12128205,64,Round of 128,round-of-128,
12128233,5,Round of 16,round-of-16,8
12128235,5,Round of 16,round-of-16,8
12129512,5,Round of 16,round-of-16,8
12129962,5,Round of 16,round-of-16,8
12130100,5,Round of 16,round-of-16,8
12130295,5,Round of 16,round-of-16,8
12131382,64,Round of 128,round-of-128,
12131383,64,Round of 128,round-of-128,
12136495,27,Quarterfinal,quarterfinal,4
12136534,27,Quarterfinal,quarterfinal,4
12136692,27,Quarterfinal,quarterfinal,4
12136837,27,Quarterfinal,quarterfinal,4
12136947,27,Quarterfinal,quarterfinal,4
12136950,27,Quarterfinal,quarterfinal,4
12136959,27,Quarterfinal,quarterfinal,4
12136961,27,Quarterfinal,quarterfinal,4
12137039,27,Quarterfinal,quarterfinal,4
12137082,27,Quarterfinal,quarterfinal,4
12137107,27,Quarterfinal,quarterfinal,4
12137108,27,Quarterfinal,quarterfinal,4
12137146,27,Quarterfinal,quarterfinal,4
12137175,27,Quarterfinal,quarterfinal,4
12137176,27,Quarterfinal,quarterfinal,4
12137290,27,Quarterfinal,quarterfinal,4
12137318,27,Quarterfinal,quarterfinal,4
12137375,27,Quarterfinal,quarterfinal,4
12137378,27,Quarterfinal,quarterfinal,4
12137407,27,Quarterfinal,quarterfinal,4
12137408,27,Quarterfinal,quarterfinal,4
12137539,27,Quarterfinal,quarterfinal,4
12137559,27,Quarterfinal,quarterfinal,4
12137563,27,Quarterfinal,quarterfinal,4
12137587,27,Quarterfinal,quarterfinal,4
12137706,27,Quarterfinal,quarterfinal,4
12137707,27,Quarterfinal,quarterfinal,4
12137743,27,Quarterfinal,quarterfinal,4
12138398,28,Semifinal,semifinal,2
12138514,28,Semifinal,semifinal,2
12138547,28,Semifinal,semifinal,2
12139257,28,Semifinal,semifinal,2
12139398,28,Semifinal,semifinal,2
12139447,28,Semifinal,semifinal,2
12139472,28,Semifinal,semifinal,2
12139478,28,Semifinal,semifinal,2
12139480,28,Semifinal,semifinal,2
12139484,28,Semifinal,semifinal,2
12139485,28,Semifinal,semifinal,2
12139488,28,Semifinal,semifinal,2
12139496,28,Semifinal,semifinal,2
12139497,28,Semifinal,semifinal,2
12139498,28,Semifinal,semifinal,2
12139540,28,Semifinal,semifinal,2
12139549,28,Semifinal,semifinal,2
12139552,28,Semifinal,semifinal,2
12139555,28,Semifinal,semifinal,2
12139626,5,Round of 16,round-of-16,8
12139627,28,Semifinal,semifinal,2
12139671,28,Semifinal,semifinal,2
12139698,28,Semifinal,semifinal,2
12139699,28,Semifinal,semifinal,2
12139738,28,Semifinal,semifinal,2
12139747,28,Semifinal,semifinal,2
12139748,28,Semifinal,semifinal,2
12139759,27,Quarterfinal,quarterfinal,4
12139884,28,Semifinal,semifinal,2
12139937,27,Quarterfinal,quarterfinal,4
12140204,28,Semifinal,semifinal,2
12140207,28,Semifinal,semifinal,2
12140208,28,Semifinal,semifinal,2
12140221,28,Semifinal,semifinal,2
12140235,28,Semifinal,semifinal,2
12140363,28,Semifinal,semifinal,2
12140364,28,Semifinal,semifinal,2
12140443,28,Semifinal,semifinal,2
12140446,28,Semifinal,semifinal,2
12140483,28,Semifinal,semifinal,2
12140515,28,Semifinal,semifinal,2
12140538,28,Semifinal,semifinal,2
12140563,28,Semifinal,semifinal,2
12140581,28,Semifinal,semifinal,2
12140633,28,Semifinal,semifinal,2
12140693,28,Semifinal,semifinal,2
12140696,28,Semifinal,semifinal,2
12140777,28,Semifinal,semifinal,2
12140882,28,Semifinal,semifinal,2
12141158,28,Semifinal,semifinal,2
12141335,32,Round of 64,round-of-64,
12141743,29,Final,final,1
12141787,32,Round of 64,round-of-64,
12141826,29,Final,final,1
12142269,29,Final,final,1
12142285,29,Final,final,1
12143202,29,Final,final,1
12143205,29,Final,final,1
12143282,29,Final,final,1
12143333,29,Final,final,1
12143336,29,Final,final,1
12143337,29,Final,final,1
12143405,29,Final,final,1
12143406,29,Final,final,1
12143436,29,Final,final,1
12143576,29,Final,final,1
12143709,29,Final,final,1
12143776,29,Final,final,1
12144078,1,Qualification round 1,qualification-round-1,
12144315,1,Qualification round 1,qualification-round-1,
12144316,1,Qualification round 1,qualification-round-1,
12144317,1,Qualification round 1,qualification-round-1,
12144318,1,Qualification round 1,qualification-round-1,
12144319,1,Qualification round 1,qualification-round-1,
12144324,1,Qualification round 1,qualification-round-1,
12144325,1,Qualification round 1,qualification-round-1,
12144329,1,Qualification round 1,qualification-round-1,
12144335,1,Qualification round 1,qualification-round-1,
12144336,1,Qualification round 1,qualification-round-1,
12144495,28,Semifinal,semifinal,2
12144520,1,Qualification round 1,qualification-round-1,
12144535,1,Qualification round 1,qualification-round-1,
12144536,1,Qualification round 1,qualification-round-1,
12144537,1,Qualification round 1,qualification-round-1,
12144538,1,Qualification round 1,qualification-round-1,
12144547,1,Qualification round 1,qualification-round-1,
12144548,1,Qualification round 1,qualification-round-1,
12144657,1,Qualification round 1,qualification-round-1,
12144857,1,Qualification round 1,qualification-round-1,
12145292,1,Qualification round 1,qualification-round-1,
12145293,1,Qualification round 1,qualification-round-1,
12145297,1,Qualification round 1,qualification-round-1,
12146045,1,Qualification round 1,qualification-round-1,
12109834,27,Quarterfinals,quarterfinals,4
12109838,29,Final,final,1
12109839,27,Quarterfinals,quarterfinals,4
12109840,28,Semifinals,semifinals,2
12109841,27,Quarterfinals,quarterfinals,4
12109842,27,Quarterfinals,quarterfinals,4
12109847,28,Semifinals,semifinals,2
12109859,28,Semifinals,semifinals,2
12109865,28,Semifinals,semifinals,2
12109872,29,Final,final,1
12109899,29,Final,final,1
12109936,32,Round of 64,round-of-64,
12109937,32,Round of 64,round-of-64,
12109938,32,Round of 64,round-of-64,
12109940,6,Round of 32,round-of-32,16
12109941,32,Round of 64,round-of-64,
12109944,32,Round of 64,round-of-64,
12109945,32,Round of 64,round-of-64,
12109947,32,Round of 64,round-of-64,
12109948,32,Round of 64,round-of-64,
12109949,6,Round of 32,round-of-32,16
12109950,6,Round of 32,round-of-32,16
12109955,32,Round of 64,round-of-64,
12109957,32,Round of 64,round-of-64,
12109960,6,Round of 32,round-of-32,16
12109963,32,Round of 64,round-of-64,
12109968,6,Round of 32,round-of-32,16
12109970,6,Round of 32,round-of-32,16
12109973,6,Round of 32,round-of-32,16
12109975,6,Round of 32,round-of-32,16
12109978,32,Round of 64,round-of-64,
12109979,32,Round of 64,round-of-64,
12109980,32,Round of 64,round-of-64,
12109981,32,Round of 64,round-of-64,
12109982,32,Round of 64,round-of-64,
12109983,32,Round of 64,round-of-64,
12109984,32,Round of 64,round-of-64,
12109985,32,Round of 64,round-of-64,
12110027,6,Round of 32,round-of-32,16
12110028,6,Round of 32,round-of-32,16
12110030,32,Round of 64,round-of-64,
12110031,6,Round of 32,round-of-32,16
12110032,32,Round of 64,round-of-64,
12110034,32,Round of 64,round-of-64,
12110036,32,Round of 64,round-of-64,
12110042,32,Round of 64,round-of-64,
12110044,32,Round of 64,round-of-64,
12110047,32,Round of 64,round-of-64,
12110048,32,Round of 64,round-of-64,
12110049,32,Round of 64,round-of-64,
12110050,32,Round of 64,round-of-64,
12110052,32,Round of 64,round-of-64,
12110055,32,Round of 64,round-of-64,
12110061,32,Round of 64,round-of-64,
12110067,6,Round of 32,round-of-32,16
12110068,6,Round of 32,round-of-32,16
12110070,6,Round of 32,round-of-32,16
12110073,6,Round of 32,round-of-32,16
12125049,6,Round of 32,round-of-32,16
12125051,6,Round of 32,round-of-32,16
12125052,6,Round of 32,round-of-32,16
12125057,6,Round of 32,round-of-32,16
12128175,5,Round of 16,round-of-16,8
12139759,27,Quarterfinals,quarterfinals,4
12139937,27,Quarterfinals,quarterfinals,4
12140208,28,Semifinals,semifinals,2
12140221,28,Semifinals,semifinals,2
12140235,28,Semifinals,semifinals,2
12140363,28,Semifinals,semifinals,2
12140443,28,Semifinals,semifinals,2
12140446,28,Semifinals,semifinals,2
12140483,28,Semifinals,semifinals,2
12140515,28,Semifinals,semifinals,2
12140538,28,Semifinals,semifinals,2
12140563,28,Semifinals,semifinals,2
12140581,28,Semifinals,semifinals,2
12140633,28,Semifinals,semifinals,2
12140693,28,Semifinals,semifinals,2
12140696,28,Semifinals,semifinals,2
12140777,28,Semifinals,semifinals,2
12140882,28,Semifinals,semifinals,2
12141158,28,Semifinals,semifinals,2
12141743,29,Final,final,1
12141787,32,Round of 64,round-of-64,
12141826,29,Final,final,1
12142269,29,Final,final,1
12142285,29,Final,final,1
12143202,29,Final,final,1
12143205,29,Final,final,1
12143282,29,Final,final,1
12143333,29,Final,final,1
12143336,29,Final,final,1
12143337,29,Final,final,1
12143405,29,Final,final,1
12143406,29,Final,final,1
12143436,29,Final,final,1
12143576,29,Final,final,1
12143709,29,Final,final,1
12143776,29,Final,final,1
12143912,29,Final,final,1
12143962,29,Final,final,1
12144078,1,Qualification round 1,qualification-round-1,
12144315,1,Qualification round 1,qualification-round-1,
12144316,1,Qualification round 1,qualification-round-1,
12144317,1,Qualification round 1,qualification-round-1,
12144318,1,Qualification round 1,qualification-round-1,
12144319,1,Qualification round 1,qualification-round-1,
12144324,1,Qualification round 1,qualification-round-1,
12144325,1,Qualification round 1,qualification-round-1,
12144329,1,Qualification round 1,qualification-round-1,
12144332,1,Qualification round 1,qualification-round-1,
12144335,1,Qualification round 1,qualification-round-1,
12144336,1,Qualification round 1,qualification-round-1,
12144337,1,Qualification round 1,qualification-round-1,
12144350,29,Final,final,1
12144386,29,Final,final,1
12144433,29,Final,final,1
12144495,28,Semifinals,semifinals,2
12144508,29,Final,final,1
12144520,1,Qualification round 1,qualification-round-1,
12144535,1,Qualification round 1,qualification-round-1,
12144536,1,Qualification round 1,qualification-round-1,
12144537,1,Qualification round 1,qualification-round-1,
12144538,1,Qualification round 1,qualification-round-1,
12144547,1,Qualification round 1,qualification-round-1,
12144548,1,Qualification round 1,qualification-round-1,
12144561,1,Qualification round 1,qualification-round-1,
12144562,1,Qualification round 1,qualification-round-1,
12144654,1,Qualification round 1,qualification-round-1,
12144655,1,Qualification round 1,qualification-round-1,
12144656,1,Qualification round 1,qualification-round-1,
12144657,1,Qualification round 1,qualification-round-1,
12144659,1,Qualification round 1,qualification-round-1,
12144857,1,Qualification round 1,qualification-round-1,
12145286,1,Qualification round 1,qualification-round-1,
12145287,1,Qualification round 1,qualification-round-1,
12145288,1,Qualification round 1,qualification-round-1,
12145289,1,Qualification round 1,qualification-round-1,
12145290,1,Qualification round 1,qualification-round-1,
12145291,1,Qualification round 1,qualification-round-1,
12145292,1,Qualification round 1,qualification-round-1,
12145293,1,Qualification round 1,qualification-round-1,
12145294,1,Qualification round 1,qualification-round-1,
12145295,1,Qualification round 1,qualification-round-1,
12145296,1,Qualification round 1,qualification-round-1,
12145297,1,Qualification round 1,qualification-round-1,
12145385,1,Qualification round 1,qualification-round-1,
12145386,1,Qualification round 1,qualification-round-1,
12145387,1,Qualification round 1,qualification-round-1,
12145388,1,Qualification round 1,qualification-round-1,
12145389,1,Qualification round 1,qualification-round-1,
12145390,1,Qualification round 1,qualification-round-1,
12145393,1,Qualification round 1,qualification-round-1,
12145394,1,Qualification round 1,qualification-round-1,
12145478,6,Round of 32,round-of-32,16
12145480,6,Round of 32,round-of-32,16
12145488,6,Round of 32,round-of-32,16
12145490,6,Round of 32,round-of-32,16
12146045,1,Qualification round 1,qualification-round-1,
12146046,1,Qualification round 1,qualification-round-1,
12147092,29,Final,final,1
12147307,29,Final,final,1
12147410,1,Qualification round 1,qualification-round-1,
12147411,1,Qualification round 1,qualification-round-1,
12147412,1,Qualification round 1,qualification-round-1,
12147413,1,Qualification round 1,qualification-round-1,
12147414,1,Qualification round 1,qualification-round-1,
12147415,1,Qualification round 1,qualification-round-1,
12147416,1,Qualification round 1,qualification-round-1,
12147583,2,Qualification round 2,qualification-round-2,
12109838,29,Final,final,1
12109872,29,Final,final,1
12109939,6,Round of 32,round-of-32,16
12109940,6,Round of 32,round-of-32,16
12109943,6,Round of 32,round-of-32,16
12109949,6,Round of 32,round-of-32,16
12109950,6,Round of 32,round-of-32,16
12109954,6,Round of 32,round-of-32,16
12109959,6,Round of 32,round-of-32,16
12109960,6,Round of 32,round-of-32,16
12109961,6,Round of 32,round-of-32,16
12109968,6,Round of 32,round-of-32,16
12109970,6,Round of 32,round-of-32,16
12109973,6,Round of 32,round-of-32,16
12109974,6,Round of 32,round-of-32,16
12109975,6,Round of 32,round-of-32,16
12109976,6,Round of 32,round-of-32,16
12109977,6,Round of 32,round-of-32,16
12110027,6,Round of 32,round-of-32,16
12110028,6,Round of 32,round-of-32,16
12110031,6,Round of 32,round-of-32,16
12110057,6,Round of 32,round-of-32,16
12110059,6,Round of 32,round-of-32,16
12110060,6,Round of 32,round-of-32,16
12110062,6,Round of 32,round-of-32,16
12110063,6,Round of 32,round-of-32,16
12110064,6,Round of 32,round-of-32,16
12110065,6,Round of 32,round-of-32,16
12110066,6,Round of 32,round-of-32,16
12110067,6,Round of 32,round-of-32,16
12110068,6,Round of 32,round-of-32,16
12110070,6,Round of 32,round-of-32,16
12110073,6,Round of 32,round-of-32,16
12110076,6,Round of 32,round-of-32,16
12143912,29,Final,final,1
12143962,29,Final,final,1
12144324,1,Qualification round 1,qualification-round-1,
12144325,1,Qualification round 1,qualification-round-1,
12144329,1,Qualification round 1,qualification-round-1,
12144332,1,Qualification round 1,qualification-round-1,
12144336,1,Qualification round 1,qualification-round-1,
12144337,1,Qualification round 1,qualification-round-1,
12144350,29,Final,final,1
12144386,29,Final,final,1
12144433,29,Final,final,1
12144508,29,Final,final,1
12144547,1,Qualification round 1,qualification-round-1,
12144561,1,Qualification round 1,qualification-round-1,
12144562,1,Qualification round 1,qualification-round-1,
12144654,1,Qualification round 1,qualification-round-1,
12144655,1,Qualification round 1,qualification-round-1,
12144656,1,Qualification round 1,qualification-round-1,
12144659,1,Qualification round 1,qualification-round-1,
12144857,1,Qualification round 1,qualification-round-1,
12145286,1,Qualification round 1,qualification-round-1,
12145287,1,Qualification round 1,qualification-round-1,
12145288,1,Qualification round 1,qualification-round-1,
12145289,1,Qualification round 1,qualification-round-1,
12145290,1,Qualification round 1,qualification-round-1,
12145291,1,Qualification round 1,qualification-round-1,
12145292,1,Qualification round 1,qualification-round-1,
12145293,1,Qualification round 1,qualification-round-1,
12145294,1,Qualification round 1,qualification-round-1,
12145295,1,Qualification round 1,qualification-round-1,
12145296,1,Qualification round 1,qualification-round-1,
12145297,1,Qualification round 1,qualification-round-1,
12145385,1,Qualification round 1,qualification-round-1,
12145386,1,Qualification round 1,qualification-round-1,
12145387,1,Qualification round 1,qualification-round-1,
12145388,1,Qualification round 1,qualification-round-1,
12145389,1,Qualification round 1,qualification-round-1,
12145390,1,Qualification round 1,qualification-round-1,
12145393,1,Qualification round 1,qualification-round-1,
12145394,1,Qualification round 1,qualification-round-1,
12145472,6,Round of 32,round-of-32,16
12145473,6,Round of 32,round-of-32,16
12145474,6,Round of 32,round-of-32,16
12145475,6,Round of 32,round-of-32,16
12145478,6,Round of 32,round-of-32,16
12145479,6,Round of 32,round-of-32,16
12145480,6,Round of 32,round-of-32,16
12145481,6,Round of 32,round-of-32,16
12145482,6,Round of 32,round-of-32,16
12145483,6,Round of 32,round-of-32,16
12145484,6,Round of 32,round-of-32,16
12145485,6,Round of 32,round-of-32,16
12145486,6,Round of 32,round-of-32,16
12145487,6,Round of 32,round-of-32,16
12145488,6,Round of 32,round-of-32,16
12145489,6,Round of 32,round-of-32,16
12145490,6,Round of 32,round-of-32,16
12145491,6,Round of 32,round-of-32,16
12145495,6,Round of 32,round-of-32,16
12145496,6,Round of 32,round-of-32,16
12145497,6,Round of 32,round-of-32,16
12145499,6,Round of 32,round-of-32,16
12146045,1,Qualification round 1,qualification-round-1,
12146046,1,Qualification round 1,qualification-round-1,
12147092,29,Final,final,1
12147307,29,Final,final,1
12147410,1,Qualification round 1,qualification-round-1,
12147411,1,Qualification round 1,qualification-round-1,
12147412,1,Qualification round 1,qualification-round-1,
12147413,1,Qualification round 1,qualification-round-1,
12147414,1,Qualification round 1,qualification-round-1,
12147415,1,Qualification round 1,qualification-round-1,
12147416,1,Qualification round 1,qualification-round-1,
12147583,2,Qualification round 2,qualification-round-2,
12147942,6,Round of 32,round-of-32,16
12147948,6,Round of 32,round-of-32,16
12147949,6,Round of 32,round-of-32,16
12147950,6,Round of 32,round-of-32,16
12147952,6,Round of 32,round-of-32,16
12147953,6,Round of 32,round-of-32,16
12147956,6,Round of 32,round-of-32,16
12147958,6,Round of 32,round-of-32,16
12148136,32,Round of 64,round-of-64,
12148138,32,Round of 64,round-of-64,
12148140,32,Round of 64,round-of-64,
12148143,32,Round of 64,round-of-64,
12148144,32,Round of 64,round-of-64,
12148145,32,Round of 64,round-of-64,
12148150,32,Round of 64,round-of-64,
12148152,32,Round of 64,round-of-64,
12148154,32,Round of 64,round-of-64,
12148155,32,Round of 64,round-of-64,
12148601,6,Round of 32,round-of-32,16
12148602,6,Round of 32,round-of-32,16
12148628,1,Qualification round 1,qualification-round-1,
12148629,1,Qualification round 1,qualification-round-1,
12148630,1,Qualification round 1,qualification-round-1,
12148631,1,Qualification round 1,qualification-round-1,
12148632,1,Qualification round 1,qualification-round-1,
12148633,1,Qualification round 1,qualification-round-1,
12148634,1,Qualification round 1,qualification-round-1,
12148635,1,Qualification round 1,qualification-round-1,
12148636,1,Qualification round 1,qualification-round-1,
12148637,1,Qualification round 1,qualification-round-1,
12148638,1,Qualification round 1,qualification-round-1,
12148639,1,Qualification round 1,qualification-round-1,
12148957,6,Round of 32,round-of-32,16
12148959,6,Round of 32,round-of-32,16
12148964,6,Round of 32,round-of-32,16
12148969,6,Round of 32,round-of-32,16
12148971,6,Round of 32,round-of-32,16
12148977,6,Round of 32,round-of-32,16
12148978,6,Round of 32,round-of-32,16
12148983,6,Round of 32,round-of-32,16
12149481,6,Round of 32,round-of-32,16
12149483,6,Round of 32,round-of-32,16
12149484,6,Round of 32,round-of-32,16
12149486,6,Round of 32,round-of-32,16
12149668,6,Round of 32,round-of-32,16
12149672,6,Round of 32,round-of-32,16
12149674,6,Round of 32,round-of-32,16
12149680,6,Round of 32,round-of-32,16
12149721,6,Round of 32,round-of-32,16
12149722,6,Round of 32,round-of-32,16
12149724,6,Round of 32,round-of-32,16
12150015,6,Round of 32,round-of-32,16
12150016,6,Round of 32,round-of-32,16
12150026,6,Round of 32,round-of-32,16
12150298,6,Round of 32,round-of-32,16
12150300,6,Round of 32,round-of-32,16
12150307,6,Round of 32,round-of-32,16
12150537,6,Round of 32,round-of-32,16
12150539,6,Round of 32,round-of-32,16
12150540,6,Round of 32,round-of-32,16
12150544,6,Round of 32,round-of-32,16
12150546,6,Round of 32,round-of-32,16
12150549,6,Round of 32,round-of-32,16
12150625,6,Round of 32,round-of-32,16
12150628,6,Round of 32,round-of-32,16
12150630,6,Round of 32,round-of-32,16
12150676,6,Round of 32,round-of-32,16
12150679,6,Round of 32,round-of-32,16
12150680,6,Round of 32,round-of-32,16
12150681,6,Round of 32,round-of-32,16
12150685,6,Round of 32,round-of-32,16
12150699,6,Round of 32,round-of-32,16
12150701,6,Round of 32,round-of-32,16
12150705,6,Round of 32,round-of-32,16
12150708,6,Round of 32,round-of-32,16
12150733,6,Round of 32,round-of-32,16
12150756,6,Round of 32,round-of-32,16
12150760,6,Round of 32,round-of-32,16
12150762,6,Round of 32,round-of-32,16
12150764,6,Round of 32,round-of-32,16
12150771,6,Round of 32,round-of-32,16
12150772,6,Round of 32,round-of-32,16
12150776,6,Round of 32,round-of-32,16
12150782,6,Round of 32,round-of-32,16
12150915,6,Round of 32,round-of-32,16
12150918,6,Round of 32,round-of-32,16
12150922,6,Round of 32,round-of-32,16
12150924,6,Round of 32,round-of-32,16
12151061,6,Round of 32,round-of-32,16
12151062,6,Round of 32,round-of-32,16
12151065,6,Round of 32,round-of-32,16
12151066,6,Round of 32,round-of-32,16
12151072,6,Round of 32,round-of-32,16
12151073,6,Round of 32,round-of-32,16
12151076,6,Round of 32,round-of-32,16
12151077,6,Round of 32,round-of-32,16
12151078,6,Round of 32,round-of-32,16
12151093,6,Round of 32,round-of-32,16
12151094,6,Round of 32,round-of-32,16
12151164,6,Round of 32,round-of-32,16
12151168,6,Round of 32,round-of-32,16
12151169,6,Round of 32,round-of-32,16
12151172,6,Round of 32,round-of-32,16
12151261,6,Round of 32,round-of-32,16
12151291,6,Round of 32,round-of-32,16
12151293,6,Round of 32,round-of-32,16
12151294,6,Round of 32,round-of-32,16
12151299,6,Round of 32,round-of-32,16
12151301,6,Round of 32,round-of-32,16
12151302,6,Round of 32,round-of-32,16
12151303,6,Round of 32,round-of-32,16
12151311,6,Round of 32,round-of-32,16
12151477,6,Round of 32,round-of-32,16
12151483,6,Round of 32,round-of-32,16
12151524,6,Round of 32,round-of-32,16
12151525,6,Round of 32,round-of-32,16
12151527,6,Round of 32,round-of-32,16
12151528,6,Round of 32,round-of-32,16
12151530,6,Round of 32,round-of-32,16
12151531,6,Round of 32,round-of-32,16
12151532,6,Round of 32,round-of-32,16
12153585,6,Round of 32,round-of-32,16
12109939,6,Round of 32,round-of-32,16
12109943,6,Round of 32,round-of-32,16
12109954,6,Round of 32,round-of-32,16
12109959,6,Round of 32,round-of-32,16
12109961,6,Round of 32,round-of-32,16
12109974,6,Round of 32,round-of-32,16
12109976,6,Round of 32,round-of-32,16
12109977,6,Round of 32,round-of-32,16
12110009,5,Round of 16,round-of-16,8
12110013,5,Round of 16,round-of-16,8
12110014,5,Round of 16,round-of-16,8
12110015,5,Round of 16,round-of-16,8
12110051,5,Round of 16,round-of-16,8
12110053,5,Round of 16,round-of-16,8
12110056,5,Round of 16,round-of-16,8
12110057,6,Round of 32,round-of-32,16
12110058,5,Round of 16,round-of-16,8
12110059,6,Round of 32,round-of-32,16
12110060,6,Round of 32,round-of-32,16
12110062,6,Round of 32,round-of-32,16
12110063,6,Round of 32,round-of-32,16
12110064,6,Round of 32,round-of-32,16
12110065,6,Round of 32,round-of-32,16
12110066,6,Round of 32,round-of-32,16
12110076,6,Round of 32,round-of-32,16
12131502,5,Round of 16,round-of-16,8
12131506,5,Round of 16,round-of-16,8
12131512,5,Round of 16,round-of-16,8
12131575,5,Round of 16,round-of-16,8
12131576,5,Round of 16,round-of-16,8
12131578,5,Round of 16,round-of-16,8
12145469,6,Round of 32,round-of-32,16
12145470,6,Round of 32,round-of-32,16
12145472,6,Round of 32,round-of-32,16
12145473,6,Round of 32,round-of-32,16
12145474,6,Round of 32,round-of-32,16
12145475,6,Round of 32,round-of-32,16
12145476,6,Round of 32,round-of-32,16
12145477,6,Round of 32,round-of-32,16
12145478,6,Round of 32,round-of-32,16
12145479,6,Round of 32,round-of-32,16
12145480,6,Round of 32,round-of-32,16
12145481,6,Round of 32,round-of-32,16
12145482,6,Round of 32,round-of-32,16
12145483,6,Round of 32,round-of-32,16
12145484,6,Round of 32,round-of-32,16
12145485,6,Round of 32,round-of-32,16
12145486,6,Round of 32,round-of-32,16
12145487,6,Round of 32,round-of-32,16
12145488,6,Round of 32,round-of-32,16
12145489,6,Round of 32,round-of-32,16
12145490,6,Round of 32,round-of-32,16
12145491,6,Round of 32,round-of-32,16
12145492,6,Round of 32,round-of-32,16
12145493,6,Round of 32,round-of-32,16
12145494,6,Round of 32,round-of-32,16
12145495,6,Round of 32,round-of-32,16
12145496,6,Round of 32,round-of-32,16
12145497,6,Round of 32,round-of-32,16
12145498,6,Round of 32,round-of-32,16
12145499,6,Round of 32,round-of-32,16
12145500,6,Round of 32,round-of-32,16
12145501,6,Round of 32,round-of-32,16
12147942,6,Round of 32,round-of-32,16
12147948,6,Round of 32,round-of-32,16
12147949,6,Round of 32,round-of-32,16
12147950,6,Round of 32,round-of-32,16
12147951,6,Round of 32,round-of-32,16
12147952,6,Round of 32,round-of-32,16
12147953,6,Round of 32,round-of-32,16
12147954,6,Round of 32,round-of-32,16
12147955,6,Round of 32,round-of-32,16
12147956,6,Round of 32,round-of-32,16
12147957,6,Round of 32,round-of-32,16
12147958,6,Round of 32,round-of-32,16
12148136,32,Round of 64,round-of-64,
12148138,32,Round of 64,round-of-64,
12148140,32,Round of 64,round-of-64,
12148143,32,Round of 64,round-of-64,
12148144,32,Round of 64,round-of-64,
12148145,32,Round of 64,round-of-64,
12148150,32,Round of 64,round-of-64,
12148152,32,Round of 64,round-of-64,
12148154,32,Round of 64,round-of-64,
12148155,32,Round of 64,round-of-64,
12148591,6,Round of 32,round-of-32,16
12148595,6,Round of 32,round-of-32,16
12148597,6,Round of 32,round-of-32,16
12148601,6,Round of 32,round-of-32,16
12148602,6,Round of 32,round-of-32,16
12148603,6,Round of 32,round-of-32,16
12148628,1,Qualification round 1,qualification-round-1,
12148629,1,Qualification round 1,qualification-round-1,
12148630,1,Qualification round 1,qualification-round-1,
12148631,1,Qualification round 1,qualification-round-1,
12148632,1,Qualification round 1,qualification-round-1,
12148633,1,Qualification round 1,qualification-round-1,
12148634,1,Qualification round 1,qualification-round-1,
12148635,1,Qualification round 1,qualification-round-1,
12148636,1,Qualification round 1,qualification-round-1,
12148637,1,Qualification round 1,qualification-round-1,
12148638,1,Qualification round 1,qualification-round-1,
12148639,1,Qualification round 1,qualification-round-1,
12148923,6,Round of 32,round-of-32,16
12148924,6,Round of 32,round-of-32,16
12148925,6,Round of 32,round-of-32,16
12148928,6,Round of 32,round-of-32,16
12148929,6,Round of 32,round-of-32,16
12148931,6,Round of 32,round-of-32,16
12148957,6,Round of 32,round-of-32,16
12148959,6,Round of 32,round-of-32,16
12148964,6,Round of 32,round-of-32,16
12148969,6,Round of 32,round-of-32,16
12148971,6,Round of 32,round-of-32,16
12148977,6,Round of 32,round-of-32,16
12148978,6,Round of 32,round-of-32,16
12148983,6,Round of 32,round-of-32,16
12149481,6,Round of 32,round-of-32,16
12149483,6,Round of 32,round-of-32,16
12149484,6,Round of 32,round-of-32,16
12149486,6,Round of 32,round-of-32,16
12149668,6,Round of 32,round-of-32,16
12149672,6,Round of 32,round-of-32,16
12149674,6,Round of 32,round-of-32,16
12149680,6,Round of 32,round-of-32,16
12149721,6,Round of 32,round-of-32,16
12149722,6,Round of 32,round-of-32,16
12149724,6,Round of 32,round-of-32,16
12150015,6,Round of 32,round-of-32,16
12150016,6,Round of 32,round-of-32,16
12150026,6,Round of 32,round-of-32,16
12150298,6,Round of 32,round-of-32,16
12150299,6,Round of 32,round-of-32,16
12150300,6,Round of 32,round-of-32,16
12150307,6,Round of 32,round-of-32,16
12150537,6,Round of 32,round-of-32,16
12150539,6,Round of 32,round-of-32,16
12150540,6,Round of 32,round-of-32,16
12150544,6,Round of 32,round-of-32,16
12150545,6,Round of 32,round-of-32,16
12150546,6,Round of 32,round-of-32,16
12150549,6,Round of 32,round-of-32,16
12150625,6,Round of 32,round-of-32,16
12150627,6,Round of 32,round-of-32,16
12150628,6,Round of 32,round-of-32,16
12150630,6,Round of 32,round-of-32,16
12150632,6,Round of 32,round-of-32,16
12150676,6,Round of 32,round-of-32,16
12150679,6,Round of 32,round-of-32,16
12150680,6,Round of 32,round-of-32,16
12150681,6,Round of 32,round-of-32,16
12150685,6,Round of 32,round-of-32,16
12150686,6,Round of 32,round-of-32,16
12150699,6,Round of 32,round-of-32,16
12150701,6,Round of 32,round-of-32,16
12150705,6,Round of 32,round-of-32,16
12150708,6,Round of 32,round-of-32,16
12150729,6,Round of 32,round-of-32,16
12150730,6,Round of 32,round-of-32,16
12150731,6,Round of 32,round-of-32,16
12150732,6,Round of 32,round-of-32,16
12150733,6,Round of 32,round-of-32,16
12150756,6,Round of 32,round-of-32,16
12150760,6,Round of 32,round-of-32,16
12150762,6,Round of 32,round-of-32,16
12150764,6,Round of 32,round-of-32,16
12150771,6,Round of 32,round-of-32,16
12150772,6,Round of 32,round-of-32,16
12150776,6,Round of 32,round-of-32,16
12150782,6,Round of 32,round-of-32,16
12150915,6,Round of 32,round-of-32,16
12150918,6,Round of 32,round-of-32,16
12150922,6,Round of 32,round-of-32,16
12150924,6,Round of 32,round-of-32,16
12151061,6,Round of 32,round-of-32,16
12151062,6,Round of 32,round-of-32,16
12151065,6,Round of 32,round-of-32,16
12151066,6,Round of 32,round-of-32,16
12151072,6,Round of 32,round-of-32,16
12151073,6,Round of 32,round-of-32,16
12151076,6,Round of 32,round-of-32,16
12151077,6,Round of 32,round-of-32,16
12151078,6,Round of 32,round-of-32,16
12151093,6,Round of 32,round-of-32,16
12151094,6,Round of 32,round-of-32,16
12151114,6,Round of 32,round-of-32,16
12151164,6,Round of 32,round-of-32,16
12151165,6,Round of 32,round-of-32,16
12151166,6,Round of 32,round-of-32,16
12151168,6,Round of 32,round-of-32,16
12151169,6,Round of 32,round-of-32,16
12151172,6,Round of 32,round-of-32,16
12151173,6,Round of 32,round-of-32,16
12151261,6,Round of 32,round-of-32,16
12151263,6,Round of 32,round-of-32,16
12151264,6,Round of 32,round-of-32,16
12151266,6,Round of 32,round-of-32,16
12151267,6,Round of 32,round-of-32,16
12151291,6,Round of 32,round-of-32,16
12151293,6,Round of 32,round-of-32,16
12151294,6,Round of 32,round-of-32,16
12151299,6,Round of 32,round-of-32,16
12151301,6,Round of 32,round-of-32,16
12151302,6,Round of 32,round-of-32,16
12151303,6,Round of 32,round-of-32,16
12151307,6,Round of 32,round-of-32,16
12151311,6,Round of 32,round-of-32,16
12151312,6,Round of 32,round-of-32,16
12151330,6,Round of 32,round-of-32,16
12151362,6,Round of 32,round-of-32,16
12151363,6,Round of 32,round-of-32,16
12151364,6,Round of 32,round-of-32,16
12151365,6,Round of 32,round-of-32,16
12151426,6,Round of 32,round-of-32,16
12151477,6,Round of 32,round-of-32,16
12151483,6,Round of 32,round-of-32,16
12151524,6,Round of 32,round-of-32,16
12151525,6,Round of 32,round-of-32,16
12151526,6,Round of 32,round-of-32,16
12151527,6,Round of 32,round-of-32,16
12151528,6,Round of 32,round-of-32,16
12151530,6,Round of 32,round-of-32,16
12151531,6,Round of 32,round-of-32,16
12151532,6,Round of 32,round-of-32,16
12151606,6,Round of 32,round-of-32,16
12151618,6,Round of 32,round-of-32,16
12151619,6,Round of 32,round-of-32,16
12151690,6,Round of 32,round-of-32,16
12151705,32,Round of 64,round-of-64,
12151706,32,Round of 64,round-of-64,
12151721,32,Round of 64,round-of-64,
12151723,32,Round of 64,round-of-64,
12151726,32,Round of 64,round-of-64,
12151729,6,Round of 32,round-of-32,16
12151730,6,Round of 32,round-of-32,16
12151731,6,Round of 32,round-of-32,16
12151734,6,Round of 32,round-of-32,16
12151736,6,Round of 32,round-of-32,16
12151738,32,Round of 64,round-of-64,
12151938,6,Round of 32,round-of-32,16
12151939,6,Round of 32,round-of-32,16
12152176,6,Round of 32,round-of-32,16
12152179,6,Round of 32,round-of-32,16
12152182,6,Round of 32,round-of-32,16
12152185,6,Round of 32,round-of-32,16
12152263,6,Round of 32,round-of-32,16
12152265,6,Round of 32,round-of-32,16
12152268,6,Round of 32,round-of-32,16
12152271,6,Round of 32,round-of-32,16
12152272,6,Round of 32,round-of-32,16
12152274,6,Round of 32,round-of-32,16
12152275,6,Round of 32,round-of-32,16
12152276,6,Round of 32,round-of-32,16
12152282,6,Round of 32,round-of-32,16
12152295,6,Round of 32,round-of-32,16
12152299,6,Round of 32,round-of-32,16
12152301,6,Round of 32,round-of-32,16
12152302,6,Round of 32,round-of-32,16
12152304,6,Round of 32,round-of-32,16
12152306,6,Round of 32,round-of-32,16
12152308,6,Round of 32,round-of-32,16
12152309,6,Round of 32,round-of-32,16
12152315,6,Round of 32,round-of-32,16
12152326,6,Round of 32,round-of-32,16
12152327,6,Round of 32,round-of-32,16
12152328,6,Round of 32,round-of-32,16
12152330,6,Round of 32,round-of-32,16
12152331,6,Round of 32,round-of-32,16
12152333,6,Round of 32,round-of-32,16
12152335,6,Round of 32,round-of-32,16
12152336,6,Round of 32,round-of-32,16
12152337,6,Round of 32,round-of-32,16
12152338,6,Round of 32,round-of-32,16
12152339,6,Round of 32,round-of-32,16
12152340,6,Round of 32,round-of-32,16
12152343,6,Round of 32,round-of-32,16
12152344,6,Round of 32,round-of-32,16
12152346,6,Round of 32,round-of-32,16
12152347,6,Round of 32,round-of-32,16
12152348,6,Round of 32,round-of-32,16
12152350,6,Round of 32,round-of-32,16
12152351,6,Round of 32,round-of-32,16
12152352,6,Round of 32,round-of-32,16
12152353,6,Round of 32,round-of-32,16
12152355,6,Round of 32,round-of-32,16
12152357,6,Round of 32,round-of-32,16
12152398,6,Round of 32,round-of-32,16
12152399,6,Round of 32,round-of-32,16
12152400,6,Round of 32,round-of-32,16
12152401,6,Round of 32,round-of-32,16
12152403,6,Round of 32,round-of-32,16
12152404,6,Round of 32,round-of-32,16
12152410,6,Round of 32,round-of-32,16
12152411,6,Round of 32,round-of-32,16
12152413,6,Round of 32,round-of-32,16
12152414,6,Round of 32,round-of-32,16
12152415,6,Round of 32,round-of-32,16
12152416,6,Round of 32,round-of-32,16
12152417,6,Round of 32,round-of-32,16
12152418,6,Round of 32,round-of-32,16
12152419,6,Round of 32,round-of-32,16
12152420,6,Round of 32,round-of-32,16
12152421,6,Round of 32,round-of-32,16
12152446,6,Round of 32,round-of-32,16
12152447,6,Round of 32,round-of-32,16
12152448,6,Round of 32,round-of-32,16
12152449,6,Round of 32,round-of-32,16
12152450,6,Round of 32,round-of-32,16
12152451,6,Round of 32,round-of-32,16
12152452,6,Round of 32,round-of-32,16
12152453,6,Round of 32,round-of-32,16
12152454,6,Round of 32,round-of-32,16
12152455,6,Round of 32,round-of-32,16
12152456,6,Round of 32,round-of-32,16
12152457,6,Round of 32,round-of-32,16
12152459,6,Round of 32,round-of-32,16
12152460,6,Round of 32,round-of-32,16
12152461,6,Round of 32,round-of-32,16
12152462,6,Round of 32,round-of-32,16
12152463,6,Round of 32,round-of-32,16
12152464,6,Round of 32,round-of-32,16
12152494,6,Round of 32,round-of-32,16
12152495,6,Round of 32,round-of-32,16
12152496,6,Round of 32,round-of-32,16
12152497,6,Round of 32,round-of-32,16
12152498,6,Round of 32,round-of-32,16
12152499,6,Round of 32,round-of-32,16
12152500,6,Round of 32,round-of-32,16
12152501,6,Round of 32,round-of-32,16
12152507,6,Round of 32,round-of-32,16
12152512,6,Round of 32,round-of-32,16
12152513,6,Round of 32,round-of-32,16
12152515,6,Round of 32,round-of-32,16
12152516,6,Round of 32,round-of-32,16
12152517,6,Round of 32,round-of-32,16
12152518,6,Round of 32,round-of-32,16
12152519,6,Round of 32,round-of-32,16
12152520,6,Round of 32,round-of-32,16
12152521,6,Round of 32,round-of-32,16
12152522,6,Round of 32,round-of-32,16
12152525,6,Round of 32,round-of-32,16
12152529,6,Round of 32,round-of-32,16
12152530,6,Round of 32,round-of-32,16
12152531,6,Round of 32,round-of-32,16
12152532,6,Round of 32,round-of-32,16
12152533,6,Round of 32,round-of-32,16
12152535,6,Round of 32,round-of-32,16
12152536,6,Round of 32,round-of-32,16
12152538,6,Round of 32,round-of-32,16
12152539,6,Round of 32,round-of-32,16
12152540,6,Round of 32,round-of-32,16
12152542,6,Round of 32,round-of-32,16
12152543,6,Round of 32,round-of-32,16
12152545,6,Round of 32,round-of-32,16
12152546,6,Round of 32,round-of-32,16
12152548,6,Round of 32,round-of-32,16
12152550,6,Round of 32,round-of-32,16
12152552,6,Round of 32,round-of-32,16
12152553,6,Round of 32,round-of-32,16
12152554,6,Round of 32,round-of-32,16
12152555,6,Round of 32,round-of-32,16
12152557,6,Round of 32,round-of-32,16
12152560,6,Round of 32,round-of-32,16
12152563,6,Round of 32,round-of-32,16
12152564,6,Round of 32,round-of-32,16
12152565,6,Round of 32,round-of-32,16
12152566,6,Round of 32,round-of-32,16
12152567,6,Round of 32,round-of-32,16
12152569,6,Round of 32,round-of-32,16
12152570,6,Round of 32,round-of-32,16
12152571,6,Round of 32,round-of-32,16
12152572,6,Round of 32,round-of-32,16
12152573,6,Round of 32,round-of-32,16
12152574,6,Round of 32,round-of-32,16
12152575,6,Round of 32,round-of-32,16
12152576,6,Round of 32,round-of-32,16
12152578,6,Round of 32,round-of-32,16
12152579,6,Round of 32,round-of-32,16
12152583,6,Round of 32,round-of-32,16
12152585,6,Round of 32,round-of-32,16
12152587,6,Round of 32,round-of-32,16
12152588,6,Round of 32,round-of-32,16
12152590,6,Round of 32,round-of-32,16
12152591,6,Round of 32,round-of-32,16
12152593,6,Round of 32,round-of-32,16
12152594,6,Round of 32,round-of-32,16
12152596,6,Round of 32,round-of-32,16
12152597,6,Round of 32,round-of-32,16
12152599,6,Round of 32,round-of-32,16
12152600,6,Round of 32,round-of-32,16
12152601,6,Round of 32,round-of-32,16
12152602,6,Round of 32,round-of-32,16
12152603,6,Round of 32,round-of-32,16
12152604,6,Round of 32,round-of-32,16
12152606,6,Round of 32,round-of-32,16
12152607,6,Round of 32,round-of-32,16
12152608,6,Round of 32,round-of-32,16
12152610,6,Round of 32,round-of-32,16
12152615,6,Round of 32,round-of-32,16
12152616,6,Round of 32,round-of-32,16
12152619,6,Round of 32,round-of-32,16
12152620,6,Round of 32,round-of-32,16
12152621,6,Round of 32,round-of-32,16
12152630,6,Round of 32,round-of-32,16
12152633,6,Round of 32,round-of-32,16
12152635,6,Round of 32,round-of-32,16
12152637,6,Round of 32,round-of-32,16
12152639,6,Round of 32,round-of-32,16
12152640,6,Round of 32,round-of-32,16
12152641,6,Round of 32,round-of-32,16
12152642,6,Round of 32,round-of-32,16
12152643,6,Round of 32,round-of-32,16
12152644,6,Round of 32,round-of-32,16
12152645,6,Round of 32,round-of-32,16
12152646,6,Round of 32,round-of-32,16
12152648,6,Round of 32,round-of-32,16
12152649,6,Round of 32,round-of-32,16
12152650,6,Round of 32,round-of-32,16
12153356,6,Round of 32,round-of-32,16
12153357,6,Round of 32,round-of-32,16
12153358,6,Round of 32,round-of-32,16
12153359,6,Round of 32,round-of-32,16
12153360,6,Round of 32,round-of-32,16
12153361,6,Round of 32,round-of-32,16
12153585,6,Round of 32,round-of-32,16
12153630,6,Round of 32,round-of-32,16
12153631,6,Round of 32,round-of-32,16
12153632,6,Round of 32,round-of-32,16
12153633,6,Round of 32,round-of-32,16
12153634,6,Round of 32,round-of-32,16
12153635,6,Round of 32,round-of-32,16
12153636,6,Round of 32,round-of-32,16
12153855,6,Round of 32,round-of-32,16
12153856,6,Round of 32,round-of-32,16
12153857,6,Round of 32,round-of-32,16
12153858,6,Round of 32,round-of-32,16
12153861,6,Round of 32,round-of-32,16
12153866,6,Round of 32,round-of-32,16
12153867,6,Round of 32,round-of-32,16
12153870,6,Round of 32,round-of-32,16
12153871,6,Round of 32,round-of-32,16
12153872,6,Round of 32,round-of-32,16
12153883,6,Round of 32,round-of-32,16
12153884,6,Round of 32,round-of-32,16
12153885,6,Round of 32,round-of-32,16
12153886,6,Round of 32,round-of-32,16
12153891,6,Round of 32,round-of-32,16
12153892,6,Round of 32,round-of-32,16
12153893,6,Round of 32,round-of-32,16
12153894,6,Round of 32,round-of-32,16
12153895,6,Round of 32,round-of-32,16
12153896,6,Round of 32,round-of-32,16
12153897,6,Round of 32,round-of-32,16
12153898,6,Round of 32,round-of-32,16
12153899,6,Round of 32,round-of-32,16
12153900,6,Round of 32,round-of-32,16
12153901,6,Round of 32,round-of-32,16
12153902,6,Round of 32,round-of-32,16
12154110,6,Round of 32,round-of-32,16
12154111,6,Round of 32,round-of-32,16
12154112,6,Round of 32,round-of-32,16
12154113,6,Round of 32,round-of-32,16
12154114,6,Round of 32,round-of-32,16
12154115,6,Round of 32,round-of-32,16
12154116,6,Round of 32,round-of-32,16
12154118,6,Round of 32,round-of-32,16
12154119,6,Round of 32,round-of-32,16
12154121,6,Round of 32,round-of-32,16
12154123,6,Round of 32,round-of-32,16
12154124,6,Round of 32,round-of-32,16
12154125,6,Round of 32,round-of-32,16
12154126,6,Round of 32,round-of-32,16
12154127,6,Round of 32,round-of-32,16
12154128,6,Round of 32,round-of-32,16
12154150,6,Round of 32,round-of-32,16
12154152,6,Round of 32,round-of-32,16
12154153,6,Round of 32,round-of-32,16
12154154,6,Round of 32,round-of-32,16
12154155,6,Round of 32,round-of-32,16
12154156,6,Round of 32,round-of-32,16
12154157,6,Round of 32,round-of-32,16
12154209,6,Round of 32,round-of-32,16
12154210,6,Round of 32,round-of-32,16
12154211,6,Round of 32,round-of-32,16
12154212,6,Round of 32,round-of-32,16
12154213,6,Round of 32,round-of-32,16
12154214,6,Round of 32,round-of-32,16
12154215,6,Round of 32,round-of-32,16
12154216,6,Round of 32,round-of-32,16
12154217,6,Round of 32,round-of-32,16
12154218,6,Round of 32,round-of-32,16
12154219,6,Round of 32,round-of-32,16
12154220,6,Round of 32,round-of-32,16
12154224,6,Round of 32,round-of-32,16
12154225,6,Round of 32,round-of-32,16
12154226,6,Round of 32,round-of-32,16
12154227,6,Round of 32,round-of-32,16
12154228,6,Round of 32,round-of-32,16
12154229,6,Round of 32,round-of-32,16
12154230,6,Round of 32,round-of-32,16
12154231,6,Round of 32,round-of-32,16
12154232,6,Round of 32,round-of-32,16
12154233,6,Round of 32,round-of-32,16
12154234,6,Round of 32,round-of-32,16
12154236,6,Round of 32,round-of-32,16
12154237,6,Round of 32,round-of-32,16
12154238,6,Round of 32,round-of-32,16
12154239,6,Round of 32,round-of-32,16
12154240,6,Round of 32,round-of-32,16
12154242,6,Round of 32,round-of-32,16
12154243,6,Round of 32,round-of-32,16
12154245,6,Round of 32,round-of-32,16
12154258,6,Round of 32,round-of-32,16
12154259,6,Round of 32,round-of-32,16
12154260,6,Round of 32,round-of-32,16
12154269,6,Round of 32,round-of-32,16
12154275,6,Round of 32,round-of-32,16
12154276,6,Round of 32,round-of-32,16
12154279,6,Round of 32,round-of-32,16
12154281,6,Round of 32,round-of-32,16
12154283,6,Round of 32,round-of-32,16
12154325,6,Round of 32,round-of-32,16
12154326,6,Round of 32,round-of-32,16
12154327,6,Round of 32,round-of-32,16
12154329,6,Round of 32,round-of-32,16
12154330,6,Round of 32,round-of-32,16
12154331,6,Round of 32,round-of-32,16
12154333,6,Round of 32,round-of-32,16
12154433,6,Round of 32,round-of-32,16
12154435,6,Round of 32,round-of-32,16
12154439,6,Round of 32,round-of-32,16
12154442,6,Round of 32,round-of-32,16
12154443,6,Round of 32,round-of-32,16
12154453,6,Round of 32,round-of-32,16
12154638,6,Round of 32,round-of-32,16
12155031,6,Round of 32,round-of-32,16
12155034,6,Round of 32,round-of-32,16
12155076,6,Round of 32,round-of-32,16
12155077,6,Round of 32,round-of-32,16
12155078,6,Round of 32,round-of-32,16
12155079,6,Round of 32,round-of-32,16
12156759,6,Round of 32,round-of-32,16
12157451,6,Round of 32,round-of-32,16
12110005,5,Round of 16,round-of-16,8
12110006,5,Round of 16,round-of-16,8
12110009,5,Round of 16,round-of-16,8
12110011,5,Round of 16,round-of-16,8
12110013,5,Round of 16,round-of-16,8
12110014,5,Round of 16,round-of-16,8
12110015,5,Round of 16,round-of-16,8
12110016,5,Round of 16,round-of-16,8
12110035,5,Round of 16,round-of-16,8
12110038,5,Round of 16,round-of-16,8
12110039,5,Round of 16,round-of-16,8
12110045,5,Round of 16,round-of-16,8
12110051,5,Round of 16,round-of-16,8
12110053,5,Round of 16,round-of-16,8
12110056,5,Round of 16,round-of-16,8
12110058,5,Round of 16,round-of-16,8
12131502,5,Round of 16,round-of-16,8
12131505,5,Round of 16,round-of-16,8
12131506,5,Round of 16,round-of-16,8
12131508,5,Round of 16,round-of-16,8
12131512,5,Round of 16,round-of-16,8
12131513,5,Round of 16,round-of-16,8
12131516,5,Round of 16,round-of-16,8
12131570,5,Round of 16,round-of-16,8
12131573,5,Round of 16,round-of-16,8
12131574,5,Round of 16,round-of-16,8
12131575,5,Round of 16,round-of-16,8
12131576,5,Round of 16,round-of-16,8
12131578,5,Round of 16,round-of-16,8
12131581,5,Round of 16,round-of-16,8
12131582,5,Round of 16,round-of-16,8
12131611,5,Round of 16,round-of-16,8
12131612,5,Round of 16,round-of-16,8
12131613,5,Round of 16,round-of-16,8
12131614,5,Round of 16,round-of-16,8
12131636,5,Round of 16,round-of-16,8
12131638,5,Round of 16,round-of-16,8
12131639,5,Round of 16,round-of-16,8
12131640,5,Round of 16,round-of-16,8
12131641,5,Round of 16,round-of-16,8
12131642,5,Round of 16,round-of-16,8
12131645,5,Round of 16,round-of-16,8
12131647,5,Round of 16,round-of-16,8
12145469,6,Round of 32,round-of-32,16
12145470,6,Round of 32,round-of-32,16
12145471,6,Round of 32,round-of-32,16
12145475,6,Round of 32,round-of-32,16
12145476,6,Round of 32,round-of-32,16
12145477,6,Round of 32,round-of-32,16
12145487,6,Round of 32,round-of-32,16
12145492,6,Round of 32,round-of-32,16
12145493,6,Round of 32,round-of-32,16
12145494,6,Round of 32,round-of-32,16
12145497,6,Round of 32,round-of-32,16
12145498,6,Round of 32,round-of-32,16
12145499,6,Round of 32,round-of-32,16
12145500,6,Round of 32,round-of-32,16
12145501,6,Round of 32,round-of-32,16
12147951,6,Round of 32,round-of-32,16
12147954,6,Round of 32,round-of-32,16
12147955,6,Round of 32,round-of-32,16
12147957,6,Round of 32,round-of-32,16
12148591,6,Round of 32,round-of-32,16
12148592,6,Round of 32,round-of-32,16
12148593,6,Round of 32,round-of-32,16
12148595,6,Round of 32,round-of-32,16
12148596,6,Round of 32,round-of-32,16
12148597,6,Round of 32,round-of-32,16
12148598,6,Round of 32,round-of-32,16
12148599,6,Round of 32,round-of-32,16
12148600,6,Round of 32,round-of-32,16
12148601,6,Round of 32,round-of-32,16
12148602,6,Round of 32,round-of-32,16
12148603,6,Round of 32,round-of-32,16
12148604,6,Round of 32,round-of-32,16
12148923,6,Round of 32,round-of-32,16
12148924,6,Round of 32,round-of-32,16
12148925,6,Round of 32,round-of-32,16
12148926,6,Round of 32,round-of-32,16
12148927,6,Round of 32,round-of-32,16
12148928,6,Round of 32,round-of-32,16
12148929,6,Round of 32,round-of-32,16
12148930,6,Round of 32,round-of-32,16
12148931,6,Round of 32,round-of-32,16
12148932,6,Round of 32,round-of-32,16
12148933,6,Round of 32,round-of-32,16
12149481,6,Round of 32,round-of-32,16
12149483,6,Round of 32,round-of-32,16
12150298,6,Round of 32,round-of-32,16
12150299,6,Round of 32,round-of-32,16
12150300,6,Round of 32,round-of-32,16
12150307,6,Round of 32,round-of-32,16
12150545,6,Round of 32,round-of-32,16
12150549,6,Round of 32,round-of-32,16
12150627,6,Round of 32,round-of-32,16
12150628,6,Round of 32,round-of-32,16
12150632,6,Round of 32,round-of-32,16
12150679,6,Round of 32,round-of-32,16
12150680,6,Round of 32,round-of-32,16
12150685,6,Round of 32,round-of-32,16
12150686,6,Round of 32,round-of-32,16
12150729,6,Round of 32,round-of-32,16
12150730,6,Round of 32,round-of-32,16
12150731,6,Round of 32,round-of-32,16
12150732,6,Round of 32,round-of-32,16
12150915,6,Round of 32,round-of-32,16
12150922,6,Round of 32,round-of-32,16
12150924,6,Round of 32,round-of-32,16
12151072,6,Round of 32,round-of-32,16
12151094,6,Round of 32,round-of-32,16
12151114,6,Round of 32,round-of-32,16
12151164,6,Round of 32,round-of-32,16
12151165,6,Round of 32,round-of-32,16
12151166,6,Round of 32,round-of-32,16
12151168,6,Round of 32,round-of-32,16
12151173,6,Round of 32,round-of-32,16
12151261,6,Round of 32,round-of-32,16
12151263,6,Round of 32,round-of-32,16
12151264,6,Round of 32,round-of-32,16
12151266,6,Round of 32,round-of-32,16
12151267,6,Round of 32,round-of-32,16
12151291,6,Round of 32,round-of-32,16
12151301,6,Round of 32,round-of-32,16
12151303,6,Round of 32,round-of-32,16
12151307,6,Round of 32,round-of-32,16
12151311,6,Round of 32,round-of-32,16
12151312,6,Round of 32,round-of-32,16
12151328,6,Round of 32,round-of-32,16
12151329,6,Round of 32,round-of-32,16
12151330,6,Round of 32,round-of-32,16
12151344,6,Round of 32,round-of-32,16
12151362,6,Round of 32,round-of-32,16
12151363,6,Round of 32,round-of-32,16
12151364,6,Round of 32,round-of-32,16
12151365,6,Round of 32,round-of-32,16
12151426,6,Round of 32,round-of-32,16
12151477,6,Round of 32,round-of-32,16
12151483,6,Round of 32,round-of-32,16
12151526,6,Round of 32,round-of-32,16
12151570,6,Round of 32,round-of-32,16
12151571,6,Round of 32,round-of-32,16
12151572,6,Round of 32,round-of-32,16
12151577,6,Round of 32,round-of-32,16
12151578,6,Round of 32,round-of-32,16
12151606,6,Round of 32,round-of-32,16
12151607,6,Round of 32,round-of-32,16
12151618,6,Round of 32,round-of-32,16
12151619,6,Round of 32,round-of-32,16
12151690,6,Round of 32,round-of-32,16
12151705,32,Round of 64,round-of-64,
12151706,32,Round of 64,round-of-64,
12151721,32,Round of 64,round-of-64,
12151723,32,Round of 64,round-of-64,
12151726,32,Round of 64,round-of-64,
12151729,6,Round of 32,round-of-32,16
12151730,6,Round of 32,round-of-32,16
12151731,6,Round of 32,round-of-32,16
12151734,6,Round of 32,round-of-32,16
12151736,6,Round of 32,round-of-32,16
12151738,32,Round of 64,round-of-64,
12151803,6,Round of 32,round-of-32,16
12151938,6,Round of 32,round-of-32,16
12151939,6,Round of 32,round-of-32,16
12151951,6,Round of 32,round-of-32,16
12152176,6,Round of 32,round-of-32,16
12152179,6,Round of 32,round-of-32,16
12152182,6,Round of 32,round-of-32,16
12152185,6,Round of 32,round-of-32,16
12152262,5,Round of 16,round-of-16,8
12152263,6,Round of 32,round-of-32,16
12152265,6,Round of 32,round-of-32,16
12152268,6,Round of 32,round-of-32,16
12152271,6,Round of 32,round-of-32,16
12152272,6,Round of 32,round-of-32,16
12152273,6,Round of 32,round-of-32,16
12152274,6,Round of 32,round-of-32,16
12152275,6,Round of 32,round-of-32,16
12152276,6,Round of 32,round-of-32,16
12152277,5,Round of 16,round-of-16,8
12152278,6,Round of 32,round-of-32,16
12152279,6,Round of 32,round-of-32,16
12152282,6,Round of 32,round-of-32,16
12152290,6,Round of 32,round-of-32,16
12152294,6,Round of 32,round-of-32,16
12152295,6,Round of 32,round-of-32,16
12152296,6,Round of 32,round-of-32,16
12152298,6,Round of 32,round-of-32,16
12152299,6,Round of 32,round-of-32,16
12152300,6,Round of 32,round-of-32,16
12152301,6,Round of 32,round-of-32,16
12152302,6,Round of 32,round-of-32,16
12152304,6,Round of 32,round-of-32,16
12152306,6,Round of 32,round-of-32,16
12152308,6,Round of 32,round-of-32,16
12152309,6,Round of 32,round-of-32,16
12152310,6,Round of 32,round-of-32,16
12152315,6,Round of 32,round-of-32,16
12152318,6,Round of 32,round-of-32,16
12152319,6,Round of 32,round-of-32,16
12152320,6,Round of 32,round-of-32,16
12152321,6,Round of 32,round-of-32,16
12152326,6,Round of 32,round-of-32,16
12152327,6,Round of 32,round-of-32,16
12152328,6,Round of 32,round-of-32,16
12152330,6,Round of 32,round-of-32,16
12152331,6,Round of 32,round-of-32,16
12152333,6,Round of 32,round-of-32,16
12152334,5,Round of 16,round-of-16,8
12152335,6,Round of 32,round-of-32,16
12152336,6,Round of 32,round-of-32,16
12152337,6,Round of 32,round-of-32,16
12152338,6,Round of 32,round-of-32,16
12152339,6,Round of 32,round-of-32,16
12152340,6,Round of 32,round-of-32,16
12152343,6,Round of 32,round-of-32,16
12152344,6,Round of 32,round-of-32,16
12152346,6,Round of 32,round-of-32,16
12152347,6,Round of 32,round-of-32,16
12152348,6,Round of 32,round-of-32,16
12152350,6,Round of 32,round-of-32,16
12152351,6,Round of 32,round-of-32,16
12152352,6,Round of 32,round-of-32,16
12152353,6,Round of 32,round-of-32,16
12152355,6,Round of 32,round-of-32,16
12152357,6,Round of 32,round-of-32,16
12152398,6,Round of 32,round-of-32,16
12152399,6,Round of 32,round-of-32,16
12152400,6,Round of 32,round-of-32,16
12152401,6,Round of 32,round-of-32,16
12152402,6,Round of 32,round-of-32,16
12152403,6,Round of 32,round-of-32,16
12152404,6,Round of 32,round-of-32,16
12152409,6,Round of 32,round-of-32,16
12152410,6,Round of 32,round-of-32,16
12152411,6,Round of 32,round-of-32,16
12152412,6,Round of 32,round-of-32,16
12152413,6,Round of 32,round-of-32,16
12152414,6,Round of 32,round-of-32,16
12152415,6,Round of 32,round-of-32,16
12152416,6,Round of 32,round-of-32,16
12152417,6,Round of 32,round-of-32,16
12152418,6,Round of 32,round-of-32,16
12152419,6,Round of 32,round-of-32,16
12152420,6,Round of 32,round-of-32,16
12152421,6,Round of 32,round-of-32,16
12152422,6,Round of 32,round-of-32,16
12152423,6,Round of 32,round-of-32,16
12152424,6,Round of 32,round-of-32,16
12152425,6,Round of 32,round-of-32,16
12152428,6,Round of 32,round-of-32,16
12152429,6,Round of 32,round-of-32,16
12152430,6,Round of 32,round-of-32,16
12152446,6,Round of 32,round-of-32,16
12152447,6,Round of 32,round-of-32,16
12152448,6,Round of 32,round-of-32,16
12152449,6,Round of 32,round-of-32,16
12152450,6,Round of 32,round-of-32,16
12152451,6,Round of 32,round-of-32,16
12152452,6,Round of 32,round-of-32,16
12152453,6,Round of 32,round-of-32,16
12152454,6,Round of 32,round-of-32,16
12152455,6,Round of 32,round-of-32,16
12152456,6,Round of 32,round-of-32,16
12152457,6,Round of 32,round-of-32,16
12152459,6,Round of 32,round-of-32,16
12152460,6,Round of 32,round-of-32,16
12152461,6,Round of 32,round-of-32,16
12152462,6,Round of 32,round-of-32,16
12152463,6,Round of 32,round-of-32,16
12152464,6,Round of 32,round-of-32,16
12152494,6,Round of 32,round-of-32,16
12152495,6,Round of 32,round-of-32,16
12152496,6,Round of 32,round-of-32,16
12152497,6,Round of 32,round-of-32,16
12152498,6,Round of 32,round-of-32,16
12152499,6,Round of 32,round-of-32,16
12152500,6,Round of 32,round-of-32,16
12152501,6,Round of 32,round-of-32,16
12152507,6,Round of 32,round-of-32,16
12152512,6,Round of 32,round-of-32,16
12152513,6,Round of 32,round-of-32,16
12152515,6,Round of 32,round-of-32,16
12152516,6,Round of 32,round-of-32,16
12152517,6,Round of 32,round-of-32,16
12152518,6,Round of 32,round-of-32,16
12152519,6,Round of 32,round-of-32,16
12152520,6,Round of 32,round-of-32,16
12152521,6,Round of 32,round-of-32,16
12152522,6,Round of 32,round-of-32,16
12152523,5,Round of 16,round-of-16,8
12152524,5,Round of 16,round-of-16,8
12152525,6,Round of 32,round-of-32,16
12152526,5,Round of 16,round-of-16,8
12152529,6,Round of 32,round-of-32,16
12152530,6,Round of 32,round-of-32,16
12152531,6,Round of 32,round-of-32,16
12152532,6,Round of 32,round-of-32,16
12152533,6,Round of 32,round-of-32,16
12152535,6,Round of 32,round-of-32,16
12152536,6,Round of 32,round-of-32,16
12152537,6,Round of 32,round-of-32,16
12152538,6,Round of 32,round-of-32,16
12152539,6,Round of 32,round-of-32,16
12152540,6,Round of 32,round-of-32,16
12152541,6,Round of 32,round-of-32,16
12152542,6,Round of 32,round-of-32,16
12152543,6,Round of 32,round-of-32,16
12152545,6,Round of 32,round-of-32,16
12152546,6,Round of 32,round-of-32,16
12152548,6,Round of 32,round-of-32,16
12152549,5,Round of 16,round-of-16,8
12152550,6,Round of 32,round-of-32,16
12152552,6,Round of 32,round-of-32,16
12152553,6,Round of 32,round-of-32,16
12152554,6,Round of 32,round-of-32,16
12152555,6,Round of 32,round-of-32,16
12152556,6,Round of 32,round-of-32,16
12152557,6,Round of 32,round-of-32,16
12152559,6,Round of 32,round-of-32,16
12152560,6,Round of 32,round-of-32,16
12152562,5,Round of 16,round-of-16,8
12152563,6,Round of 32,round-of-32,16
12152564,6,Round of 32,round-of-32,16
12152565,6,Round of 32,round-of-32,16
12152566,6,Round of 32,round-of-32,16
12152567,6,Round of 32,round-of-32,16
12152568,6,Round of 32,round-of-32,16
12152569,6,Round of 32,round-of-32,16
12152570,6,Round of 32,round-of-32,16
12152571,6,Round of 32,round-of-32,16
12152572,6,Round of 32,round-of-32,16
12152573,6,Round of 32,round-of-32,16
12152574,6,Round of 32,round-of-32,16
12152575,6,Round of 32,round-of-32,16
12152576,6,Round of 32,round-of-32,16
12152578,6,Round of 32,round-of-32,16
12152579,6,Round of 32,round-of-32,16
12152581,6,Round of 32,round-of-32,16
12152583,6,Round of 32,round-of-32,16
12152584,5,Round of 16,round-of-16,8
12152585,6,Round of 32,round-of-32,16
12152587,6,Round of 32,round-of-32,16
12152588,6,Round of 32,round-of-32,16
12152589,5,Round of 16,round-of-16,8
12152590,6,Round of 32,round-of-32,16
12152591,6,Round of 32,round-of-32,16
12152592,6,Round of 32,round-of-32,16
12152593,6,Round of 32,round-of-32,16
12152594,6,Round of 32,round-of-32,16
12152595,6,Round of 32,round-of-32,16
12152596,6,Round of 32,round-of-32,16
12152597,6,Round of 32,round-of-32,16
12152598,6,Round of 32,round-of-32,16
12152599,6,Round of 32,round-of-32,16
12152600,6,Round of 32,round-of-32,16
12152601,6,Round of 32,round-of-32,16
12152602,6,Round of 32,round-of-32,16
12152603,6,Round of 32,round-of-32,16
12152604,6,Round of 32,round-of-32,16
12152605,6,Round of 32,round-of-32,16
12152606,6,Round of 32,round-of-32,16
12152607,6,Round of 32,round-of-32,16
12152608,6,Round of 32,round-of-32,16
12152610,6,Round of 32,round-of-32,16
12152612,5,Round of 16,round-of-16,8
12152614,6,Round of 32,round-of-32,16
12152615,6,Round of 32,round-of-32,16
12152616,6,Round of 32,round-of-32,16
12152617,6,Round of 32,round-of-32,16
12152619,6,Round of 32,round-of-32,16
12152620,6,Round of 32,round-of-32,16
12152621,6,Round of 32,round-of-32,16
12152624,6,Round of 32,round-of-32,16
12152627,6,Round of 32,round-of-32,16
12152630,6,Round of 32,round-of-32,16
12152633,6,Round of 32,round-of-32,16
12152635,6,Round of 32,round-of-32,16
12152637,6,Round of 32,round-of-32,16
12152639,6,Round of 32,round-of-32,16
12152640,6,Round of 32,round-of-32,16
12152641,6,Round of 32,round-of-32,16
12152642,6,Round of 32,round-of-32,16
12152643,6,Round of 32,round-of-32,16
12152644,6,Round of 32,round-of-32,16
12152645,6,Round of 32,round-of-32,16
12152646,6,Round of 32,round-of-32,16
12152648,6,Round of 32,round-of-32,16
12152649,6,Round of 32,round-of-32,16
12152650,6,Round of 32,round-of-32,16
12153225,5,Round of 16,round-of-16,8
12153356,6,Round of 32,round-of-32,16
12153357,6,Round of 32,round-of-32,16
12153358,6,Round of 32,round-of-32,16
12153359,6,Round of 32,round-of-32,16
12153360,6,Round of 32,round-of-32,16
12153361,6,Round of 32,round-of-32,16
12153398,5,Round of 16,round-of-16,8
12153444,5,Round of 16,round-of-16,8
12153585,6,Round of 32,round-of-32,16
12153630,6,Round of 32,round-of-32,16
12153631,6,Round of 32,round-of-32,16
12153632,6,Round of 32,round-of-32,16
12153633,6,Round of 32,round-of-32,16
12153634,6,Round of 32,round-of-32,16
12153635,6,Round of 32,round-of-32,16
12153636,6,Round of 32,round-of-32,16
12153691,5,Round of 16,round-of-16,8
12153855,6,Round of 32,round-of-32,16
12153856,6,Round of 32,round-of-32,16
12153857,6,Round of 32,round-of-32,16
12153858,6,Round of 32,round-of-32,16
12153859,6,Round of 32,round-of-32,16
12153860,6,Round of 32,round-of-32,16
12153861,6,Round of 32,round-of-32,16
12153866,6,Round of 32,round-of-32,16
12153867,6,Round of 32,round-of-32,16
12153868,6,Round of 32,round-of-32,16
12153869,6,Round of 32,round-of-32,16
12153870,6,Round of 32,round-of-32,16
12153871,6,Round of 32,round-of-32,16
12153872,6,Round of 32,round-of-32,16
12153883,6,Round of 32,round-of-32,16
12153884,6,Round of 32,round-of-32,16
12153885,6,Round of 32,round-of-32,16
12153886,6,Round of 32,round-of-32,16
12153891,6,Round of 32,round-of-32,16
12153892,6,Round of 32,round-of-32,16
12153893,6,Round of 32,round-of-32,16
12153894,6,Round of 32,round-of-32,16
12153895,6,Round of 32,round-of-32,16
12153896,6,Round of 32,round-of-32,16
12153897,6,Round of 32,round-of-32,16
12153898,6,Round of 32,round-of-32,16
12153899,6,Round of 32,round-of-32,16
12153900,6,Round of 32,round-of-32,16
12153901,6,Round of 32,round-of-32,16
12153902,6,Round of 32,round-of-32,16
12153910,5,Round of 16,round-of-16,8
12153917,5,Round of 16,round-of-16,8
12153926,5,Round of 16,round-of-16,8
12154093,5,Round of 16,round-of-16,8
12154110,6,Round of 32,round-of-32,16
12154111,6,Round of 32,round-of-32,16
12154112,6,Round of 32,round-of-32,16
12154113,6,Round of 32,round-of-32,16
12154114,6,Round of 32,round-of-32,16
12154115,6,Round of 32,round-of-32,16
12154116,6,Round of 32,round-of-32,16
12154118,6,Round of 32,round-of-32,16
12154119,6,Round of 32,round-of-32,16
12154121,6,Round of 32,round-of-32,16
12154123,6,Round of 32,round-of-32,16
12154124,6,Round of 32,round-of-32,16
12154125,6,Round of 32,round-of-32,16
12154126,6,Round of 32,round-of-32,16
12154127,6,Round of 32,round-of-32,16
12154128,6,Round of 32,round-of-32,16
12154150,6,Round of 32,round-of-32,16
12154152,6,Round of 32,round-of-32,16
12154153,6,Round of 32,round-of-32,16
12154154,6,Round of 32,round-of-32,16
12154155,6,Round of 32,round-of-32,16
12154156,6,Round of 32,round-of-32,16
12154157,6,Round of 32,round-of-32,16
12154195,5,Round of 16,round-of-16,8
12154209,6,Round of 32,round-of-32,16
12154210,6,Round of 32,round-of-32,16
12154211,6,Round of 32,round-of-32,16
12154212,6,Round of 32,round-of-32,16
12154213,6,Round of 32,round-of-32,16
12154214,6,Round of 32,round-of-32,16
12154215,6,Round of 32,round-of-32,16
12154216,6,Round of 32,round-of-32,16
12154217,6,Round of 32,round-of-32,16
12154218,6,Round of 32,round-of-32,16
12154219,6,Round of 32,round-of-32,16
12154220,6,Round of 32,round-of-32,16
12154221,6,Round of 32,round-of-32,16
12154222,6,Round of 32,round-of-32,16
12154223,6,Round of 32,round-of-32,16
12154224,6,Round of 32,round-of-32,16
12154225,6,Round of 32,round-of-32,16
12154226,6,Round of 32,round-of-32,16
12154227,6,Round of 32,round-of-32,16
12154228,6,Round of 32,round-of-32,16
12154229,6,Round of 32,round-of-32,16
12154230,6,Round of 32,round-of-32,16
12154231,6,Round of 32,round-of-32,16
12154232,6,Round of 32,round-of-32,16
12154233,6,Round of 32,round-of-32,16
12154234,6,Round of 32,round-of-32,16
12154235,6,Round of 32,round-of-32,16
12154236,6,Round of 32,round-of-32,16
12154237,6,Round of 32,round-of-32,16
12154238,6,Round of 32,round-of-32,16
12154239,6,Round of 32,round-of-32,16
12154240,6,Round of 32,round-of-32,16
12154241,6,Round of 32,round-of-32,16
12154242,6,Round of 32,round-of-32,16
12154243,6,Round of 32,round-of-32,16
12154244,6,Round of 32,round-of-32,16
12154245,6,Round of 32,round-of-32,16
12154258,6,Round of 32,round-of-32,16
12154259,6,Round of 32,round-of-32,16
12154260,6,Round of 32,round-of-32,16
12154269,6,Round of 32,round-of-32,16
12154275,6,Round of 32,round-of-32,16
12154276,6,Round of 32,round-of-32,16
12154279,6,Round of 32,round-of-32,16
12154281,6,Round of 32,round-of-32,16
12154283,6,Round of 32,round-of-32,16
12154325,6,Round of 32,round-of-32,16
12154326,6,Round of 32,round-of-32,16
12154327,6,Round of 32,round-of-32,16
12154328,6,Round of 32,round-of-32,16
12154329,6,Round of 32,round-of-32,16
12154330,6,Round of 32,round-of-32,16
12154331,6,Round of 32,round-of-32,16
12154332,6,Round of 32,round-of-32,16
12154333,6,Round of 32,round-of-32,16
12154408,5,Round of 16,round-of-16,8
12154433,6,Round of 32,round-of-32,16
12154434,6,Round of 32,round-of-32,16
12154435,6,Round of 32,round-of-32,16
12154439,6,Round of 32,round-of-32,16
12154440,6,Round of 32,round-of-32,16
12154441,6,Round of 32,round-of-32,16
12154442,6,Round of 32,round-of-32,16
12154443,6,Round of 32,round-of-32,16
12154453,6,Round of 32,round-of-32,16
12154472,5,Round of 16,round-of-16,8
12154561,5,Round of 16,round-of-16,8
12154593,5,Round of 16,round-of-16,8
12154625,5,Round of 16,round-of-16,8
12154633,6,Round of 32,round-of-32,16
12154634,6,Round of 32,round-of-32,16
12154635,6,Round of 32,round-of-32,16
12154636,5,Round of 16,round-of-16,8
12154637,6,Round of 32,round-of-32,16
12154638,6,Round of 32,round-of-32,16
12154639,6,Round of 32,round-of-32,16
12154640,6,Round of 32,round-of-32,16
12154641,6,Round of 32,round-of-32,16
12154693,5,Round of 16,round-of-16,8
12154763,5,Round of 16,round-of-16,8
12154855,6,Round of 32,round-of-32,16
12155008,6,Round of 32,round-of-32,16
12155014,5,Round of 16,round-of-16,8
12155030,6,Round of 32,round-of-32,16
12155031,6,Round of 32,round-of-32,16
12155032,6,Round of 32,round-of-32,16
12155033,6,Round of 32,round-of-32,16
12155034,6,Round of 32,round-of-32,16
12155035,6,Round of 32,round-of-32,16
12155036,6,Round of 32,round-of-32,16
12155049,6,Round of 32,round-of-32,16
12155072,6,Round of 32,round-of-32,16
12155073,6,Round of 32,round-of-32,16
12155074,6,Round of 32,round-of-32,16
12155075,6,Round of 32,round-of-32,16
12155076,6,Round of 32,round-of-32,16
12155077,6,Round of 32,round-of-32,16
12155078,6,Round of 32,round-of-32,16
12155079,6,Round of 32,round-of-32,16
12155314,5,Round of 16,round-of-16,8
12155629,6,Round of 32,round-of-32,16
12155631,6,Round of 32,round-of-32,16
12155632,6,Round of 32,round-of-32,16
12155634,6,Round of 32,round-of-32,16
12155635,6,Round of 32,round-of-32,16
12155636,6,Round of 32,round-of-32,16
12155644,6,Round of 32,round-of-32,16
12155645,6,Round of 32,round-of-32,16
12155646,6,Round of 32,round-of-32,16
12155647,6,Round of 32,round-of-32,16
12155648,6,Round of 32,round-of-32,16
12155649,6,Round of 32,round-of-32,16
12155650,6,Round of 32,round-of-32,16
12155651,6,Round of 32,round-of-32,16
12156004,5,Round of 16,round-of-16,8
12156024,5,Round of 16,round-of-16,8
12156035,5,Round of 16,round-of-16,8
12156052,5,Round of 16,round-of-16,8
12156086,5,Round of 16,round-of-16,8
12156087,5,Round of 16,round-of-16,8
12156238,5,Round of 16,round-of-16,8
12156354,5,Round of 16,round-of-16,8
12156355,5,Round of 16,round-of-16,8
12156361,5,Round of 16,round-of-16,8
12156368,5,Round of 16,round-of-16,8
12156371,5,Round of 16,round-of-16,8
12156373,5,Round of 16,round-of-16,8
12156385,5,Round of 16,round-of-16,8
12156387,5,Round of 16,round-of-16,8
12156389,5,Round of 16,round-of-16,8
12156405,5,Round of 16,round-of-16,8
12156408,5,Round of 16,round-of-16,8
12156419,5,Round of 16,round-of-16,8
12156420,5,Round of 16,round-of-16,8
12156436,5,Round of 16,round-of-16,8
12156487,5,Round of 16,round-of-16,8
12156560,5,Round of 16,round-of-16,8
12156570,5,Round of 16,round-of-16,8
12156572,5,Round of 16,round-of-16,8
12156758,5,Round of 16,round-of-16,8
12156759,6,Round of 32,round-of-32,16
12156789,5,Round of 16,round-of-16,8
12156801,5,Round of 16,round-of-16,8
12156808,5,Round of 16,round-of-16,8
12156809,5,Round of 16,round-of-16,8
12156819,5,Round of 16,round-of-16,8
12156820,5,Round of 16,round-of-16,8
12156829,5,Round of 16,round-of-16,8
12156830,5,Round of 16,round-of-16,8
12156831,5,Round of 16,round-of-16,8
12156839,5,Round of 16,round-of-16,8
12156846,5,Round of 16,round-of-16,8
12156850,5,Round of 16,round-of-16,8
12156904,5,Round of 16,round-of-16,8
12156934,5,Round of 16,round-of-16,8
12156935,5,Round of 16,round-of-16,8
12156939,5,Round of 16,round-of-16,8
12156953,5,Round of 16,round-of-16,8
12156954,5,Round of 16,round-of-16,8
12156960,5,Round of 16,round-of-16,8
12157141,5,Round of 16,round-of-16,8
12157146,5,Round of 16,round-of-16,8
12157147,5,Round of 16,round-of-16,8
12157148,5,Round of 16,round-of-16,8
12157149,5,Round of 16,round-of-16,8
12157150,5,Round of 16,round-of-16,8
12157151,5,Round of 16,round-of-16,8
12157152,5,Round of 16,round-of-16,8
12157157,5,Round of 16,round-of-16,8
12157179,5,Round of 16,round-of-16,8
12157230,5,Round of 16,round-of-16,8
12157240,5,Round of 16,round-of-16,8
12157242,5,Round of 16,round-of-16,8
12157244,5,Round of 16,round-of-16,8
12157245,5,Round of 16,round-of-16,8
12157246,5,Round of 16,round-of-16,8
12157248,5,Round of 16,round-of-16,8
12157271,5,Round of 16,round-of-16,8
12157272,5,Round of 16,round-of-16,8
12157273,5,Round of 16,round-of-16,8
12157281,5,Round of 16,round-of-16,8
12157297,5,Round of 16,round-of-16,8
12157298,5,Round of 16,round-of-16,8
12157307,5,Round of 16,round-of-16,8
12157315,5,Round of 16,round-of-16,8
12157333,5,Round of 16,round-of-16,8
12157367,5,Round of 16,round-of-16,8
12157368,5,Round of 16,round-of-16,8
12157393,5,Round of 16,round-of-16,8
12157394,5,Round of 16,round-of-16,8
12157395,5,Round of 16,round-of-16,8
12157399,5,Round of 16,round-of-16,8
12157400,5,Round of 16,round-of-16,8
12157408,5,Round of 16,round-of-16,8
12157409,5,Round of 16,round-of-16,8
12157418,5,Round of 16,round-of-16,8
12157432,5,Round of 16,round-of-16,8
12157433,5,Round of 16,round-of-16,8
12157434,5,Round of 16,round-of-16,8
12157451,6,Round of 32,round-of-32,16
12157458,5,Round of 16,round-of-16,8
12157459,5,Round of 16,round-of-16,8
12157469,5,Round of 16,round-of-16,8
12157470,5,Round of 16,round-of-16,8
12157486,5,Round of 16,round-of-16,8
12157499,5,Round of 16,round-of-16,8
12157504,5,Round of 16,round-of-16,8
12157508,5,Round of 16,round-of-16,8
12157509,5,Round of 16,round-of-16,8
12157517,5,Round of 16,round-of-16,8
12157518,5,Round of 16,round-of-16,8
12157519,5,Round of 16,round-of-16,8
12157521,5,Round of 16,round-of-16,8
12157522,5,Round of 16,round-of-16,8
12157523,5,Round of 16,round-of-16,8
12157524,5,Round of 16,round-of-16,8
12157525,5,Round of 16,round-of-16,8
12157534,6,Round of 32,round-of-32,16
12157541,5,Round of 16,round-of-16,8
12157561,5,Round of 16,round-of-16,8
12157571,5,Round of 16,round-of-16,8
12157572,5,Round of 16,round-of-16,8
12157613,5,Round of 16,round-of-16,8
12157614,5,Round of 16,round-of-16,8
12157616,5,Round of 16,round-of-16,8
12157683,5,Round of 16,round-of-16,8
12157684,5,Round of 16,round-of-16,8
12157685,5,Round of 16,round-of-16,8
12157690,5,Round of 16,round-of-16,8
12157691,5,Round of 16,round-of-16,8
12157692,5,Round of 16,round-of-16,8
12157694,5,Round of 16,round-of-16,8
12157695,5,Round of 16,round-of-16,8
12157709,5,Round of 16,round-of-16,8
12157738,5,Round of 16,round-of-16,8
12157739,5,Round of 16,round-of-16,8
12157740,5,Round of 16,round-of-16,8
12157757,5,Round of 16,round-of-16,8
12157772,5,Round of 16,round-of-16,8
12157774,5,Round of 16,round-of-16,8
12157775,5,Round of 16,round-of-16,8
12157805,5,Round of 16,round-of-16,8
12157830,5,Round of 16,round-of-16,8
12157831,5,Round of 16,round-of-16,8
12157832,5,Round of 16,round-of-16,8
12157837,5,Round of 16,round-of-16,8
12157838,5,Round of 16,round-of-16,8
12157917,5,Round of 16,round-of-16,8
12157918,5,Round of 16,round-of-16,8
12157919,5,Round of 16,round-of-16,8
12157939,5,Round of 16,round-of-16,8
12157962,5,Round of 16,round-of-16,8
12157964,5,Round of 16,round-of-16,8
12157965,5,Round of 16,round-of-16,8
12158032,5,Round of 16,round-of-16,8
12158033,5,Round of 16,round-of-16,8
12158044,5,Round of 16,round-of-16,8
12158051,5,Round of 16,round-of-16,8
12158052,5,Round of 16,round-of-16,8
12158054,5,Round of 16,round-of-16,8
12158075,5,Round of 16,round-of-16,8
12158078,5,Round of 16,round-of-16,8
12158080,5,Round of 16,round-of-16,8
12158081,5,Round of 16,round-of-16,8
12158082,5,Round of 16,round-of-16,8
12158083,5,Round of 16,round-of-16,8
12158084,6,Round of 32,round-of-32,16
12158100,5,Round of 16,round-of-16,8
12158103,5,Round of 16,round-of-16,8
12158117,5,Round of 16,round-of-16,8
12158118,5,Round of 16,round-of-16,8
12158121,5,Round of 16,round-of-16,8
12158139,5,Round of 16,round-of-16,8
12158141,5,Round of 16,round-of-16,8
12158142,5,Round of 16,round-of-16,8
12158195,5,Round of 16,round-of-16,8
12158200,5,Round of 16,round-of-16,8
12158204,5,Round of 16,round-of-16,8
12158210,5,Round of 16,round-of-16,8
12158226,5,Round of 16,round-of-16,8
12158230,5,Round of 16,round-of-16,8
12158237,5,Round of 16,round-of-16,8
12158239,5,Round of 16,round-of-16,8
12158246,5,Round of 16,round-of-16,8
12158247,5,Round of 16,round-of-16,8
12158252,5,Round of 16,round-of-16,8
12158279,5,Round of 16,round-of-16,8
12158282,5,Round of 16,round-of-16,8
12158300,5,Round of 16,round-of-16,8
12158303,5,Round of 16,round-of-16,8
12158317,5,Round of 16,round-of-16,8
12158320,5,Round of 16,round-of-16,8
12158347,5,Round of 16,round-of-16,8
12158357,5,Round of 16,round-of-16,8
12158363,5,Round of 16,round-of-16,8
12158365,5,Round of 16,round-of-16,8
12158368,5,Round of 16,round-of-16,8
12110005,5,Round of 16,round-of-16,8
12110006,5,Round of 16,round-of-16,8
12110008,27,Quarterfinal,quarterfinal,4
12110010,27,Quarterfinal,quarterfinal,4
12110011,5,Round of 16,round-of-16,8
12110012,27,Quarterfinal,quarterfinal,4
12110016,5,Round of 16,round-of-16,8
12110018,27,Quarterfinal,quarterfinal,4
12110033,27,Quarterfinal,quarterfinal,4
12110035,5,Round of 16,round-of-16,8
12110037,27,Quarterfinal,quarterfinal,4
12110038,5,Round of 16,round-of-16,8
12110039,5,Round of 16,round-of-16,8
12110041,27,Quarterfinal,quarterfinal,4
12110045,5,Round of 16,round-of-16,8
12110075,27,Quarterfinal,quarterfinal,4
12131505,5,Round of 16,round-of-16,8
12131507,27,Quarterfinal,quarterfinal,4
12131508,5,Round of 16,round-of-16,8
12131509,27,Quarterfinal,quarterfinal,4
12131510,27,Quarterfinal,quarterfinal,4
12131511,5,Round of 16,round-of-16,8
12131513,5,Round of 16,round-of-16,8
12131514,27,Quarterfinal,quarterfinal,4
12131516,5,Round of 16,round-of-16,8
12131546,5,Round of 16,round-of-16,8
12131549,5,Round of 16,round-of-16,8
12131552,5,Round of 16,round-of-16,8
12131553,5,Round of 16,round-of-16,8
12131555,5,Round of 16,round-of-16,8
12131556,5,Round of 16,round-of-16,8
12131557,5,Round of 16,round-of-16,8
12131568,27,Quarterfinal,quarterfinal,4
12131569,27,Quarterfinal,quarterfinal,4
12131570,5,Round of 16,round-of-16,8
12131571,27,Quarterfinal,quarterfinal,4
12131573,5,Round of 16,round-of-16,8
12131574,5,Round of 16,round-of-16,8
12131575,5,Round of 16,round-of-16,8
12131577,27,Quarterfinal,quarterfinal,4
12131581,5,Round of 16,round-of-16,8
12131582,5,Round of 16,round-of-16,8
12131604,5,Round of 16,round-of-16,8
12131605,5,Round of 16,round-of-16,8
12131610,5,Round of 16,round-of-16,8
12131611,5,Round of 16,round-of-16,8
12131612,5,Round of 16,round-of-16,8
12131613,5,Round of 16,round-of-16,8
12131614,5,Round of 16,round-of-16,8
12131618,5,Round of 16,round-of-16,8
12131636,5,Round of 16,round-of-16,8
12131638,5,Round of 16,round-of-16,8
12131639,5,Round of 16,round-of-16,8
12131640,5,Round of 16,round-of-16,8
12131641,5,Round of 16,round-of-16,8
12131642,5,Round of 16,round-of-16,8
12131643,27,Quarterfinal,quarterfinal,4
12131644,27,Quarterfinal,quarterfinal,4
12131645,5,Round of 16,round-of-16,8
12131646,27,Quarterfinal,quarterfinal,4
12131647,5,Round of 16,round-of-16,8
12131648,27,Quarterfinal,quarterfinal,4
12145471,6,Round of 32,round-of-32,16
12145476,6,Round of 32,round-of-32,16
12148591,6,Round of 32,round-of-32,16
12148592,6,Round of 32,round-of-32,16
12148593,6,Round of 32,round-of-32,16
12148595,6,Round of 32,round-of-32,16
12148596,6,Round of 32,round-of-32,16
12148597,6,Round of 32,round-of-32,16
12148598,6,Round of 32,round-of-32,16
12148599,6,Round of 32,round-of-32,16
12148600,6,Round of 32,round-of-32,16
12148604,6,Round of 32,round-of-32,16
12148926,6,Round of 32,round-of-32,16
12148927,6,Round of 32,round-of-32,16
12148930,6,Round of 32,round-of-32,16
12148932,6,Round of 32,round-of-32,16
12148933,6,Round of 32,round-of-32,16
12150729,6,Round of 32,round-of-32,16
12151114,6,Round of 32,round-of-32,16
12151328,6,Round of 32,round-of-32,16
12151329,6,Round of 32,round-of-32,16
12151330,6,Round of 32,round-of-32,16
12151344,6,Round of 32,round-of-32,16
12151426,6,Round of 32,round-of-32,16
12151570,6,Round of 32,round-of-32,16
12151571,6,Round of 32,round-of-32,16
12151572,6,Round of 32,round-of-32,16
12151577,6,Round of 32,round-of-32,16
12151578,6,Round of 32,round-of-32,16
12151606,6,Round of 32,round-of-32,16
12151607,6,Round of 32,round-of-32,16
12151618,6,Round of 32,round-of-32,16
12151619,6,Round of 32,round-of-32,16
12151690,6,Round of 32,round-of-32,16
12151803,6,Round of 32,round-of-32,16
12151951,6,Round of 32,round-of-32,16
12152262,5,Round of 16,round-of-16,8
12152273,6,Round of 32,round-of-32,16
12152277,5,Round of 16,round-of-16,8
12152278,6,Round of 32,round-of-32,16
12152279,6,Round of 32,round-of-32,16
12152290,6,Round of 32,round-of-32,16
12152294,6,Round of 32,round-of-32,16
12152296,6,Round of 32,round-of-32,16
12152298,6,Round of 32,round-of-32,16
12152300,6,Round of 32,round-of-32,16
12152310,6,Round of 32,round-of-32,16
12152315,6,Round of 32,round-of-32,16
12152318,6,Round of 32,round-of-32,16
12152319,6,Round of 32,round-of-32,16
12152320,6,Round of 32,round-of-32,16
12152321,6,Round of 32,round-of-32,16
12152325,5,Round of 16,round-of-16,8
12152326,6,Round of 32,round-of-32,16
12152327,6,Round of 32,round-of-32,16
12152334,5,Round of 16,round-of-16,8
12152335,6,Round of 32,round-of-32,16
12152338,6,Round of 32,round-of-32,16
12152346,6,Round of 32,round-of-32,16
12152402,6,Round of 32,round-of-32,16
12152409,6,Round of 32,round-of-32,16
12152412,6,Round of 32,round-of-32,16
12152414,6,Round of 32,round-of-32,16
12152422,6,Round of 32,round-of-32,16
12152423,6,Round of 32,round-of-32,16
12152424,6,Round of 32,round-of-32,16
12152425,6,Round of 32,round-of-32,16
12152426,5,Round of 16,round-of-16,8
12152428,6,Round of 32,round-of-32,16
12152429,6,Round of 32,round-of-32,16
12152430,6,Round of 32,round-of-32,16
12152523,5,Round of 16,round-of-16,8
12152524,5,Round of 16,round-of-16,8
12152526,5,Round of 16,round-of-16,8
12152531,6,Round of 32,round-of-32,16
12152532,6,Round of 32,round-of-32,16
12152537,6,Round of 32,round-of-32,16
12152541,6,Round of 32,round-of-32,16
12152545,6,Round of 32,round-of-32,16
12152549,5,Round of 16,round-of-16,8
12152550,6,Round of 32,round-of-32,16
12152554,6,Round of 32,round-of-32,16
12152556,6,Round of 32,round-of-32,16
12152559,6,Round of 32,round-of-32,16
12152562,5,Round of 16,round-of-16,8
12152565,6,Round of 32,round-of-32,16
12152568,6,Round of 32,round-of-32,16
12152570,6,Round of 32,round-of-32,16
12152573,6,Round of 32,round-of-32,16
12152576,6,Round of 32,round-of-32,16
12152578,6,Round of 32,round-of-32,16
12152581,6,Round of 32,round-of-32,16
12152584,5,Round of 16,round-of-16,8
12152587,6,Round of 32,round-of-32,16
12152589,5,Round of 16,round-of-16,8
12152591,6,Round of 32,round-of-32,16
12152592,6,Round of 32,round-of-32,16
12152595,6,Round of 32,round-of-32,16
12152598,6,Round of 32,round-of-32,16
12152605,6,Round of 32,round-of-32,16
12152607,6,Round of 32,round-of-32,16
12152608,6,Round of 32,round-of-32,16
12152612,5,Round of 16,round-of-16,8
12152613,5,Round of 16,round-of-16,8
12152614,6,Round of 32,round-of-32,16
12152617,6,Round of 32,round-of-32,16
12152619,6,Round of 32,round-of-32,16
12152620,6,Round of 32,round-of-32,16
12152624,6,Round of 32,round-of-32,16
12152627,6,Round of 32,round-of-32,16
12152637,6,Round of 32,round-of-32,16
12152645,6,Round of 32,round-of-32,16
12153225,5,Round of 16,round-of-16,8
12153398,5,Round of 16,round-of-16,8
12153444,5,Round of 16,round-of-16,8
12153691,5,Round of 16,round-of-16,8
12153857,6,Round of 32,round-of-32,16
12153859,6,Round of 32,round-of-32,16
12153860,6,Round of 32,round-of-32,16
12153861,6,Round of 32,round-of-32,16
12153868,6,Round of 32,round-of-32,16
12153869,6,Round of 32,round-of-32,16
12153871,6,Round of 32,round-of-32,16
12153872,6,Round of 32,round-of-32,16
12153894,6,Round of 32,round-of-32,16
12153900,6,Round of 32,round-of-32,16
12153901,6,Round of 32,round-of-32,16
12153910,5,Round of 16,round-of-16,8
12153917,5,Round of 16,round-of-16,8
12153926,5,Round of 16,round-of-16,8
12154093,5,Round of 16,round-of-16,8
12154125,6,Round of 32,round-of-32,16
12154153,6,Round of 32,round-of-32,16
12154195,5,Round of 16,round-of-16,8
12154210,6,Round of 32,round-of-32,16
12154216,6,Round of 32,round-of-32,16
12154221,6,Round of 32,round-of-32,16
12154222,6,Round of 32,round-of-32,16
12154223,6,Round of 32,round-of-32,16
12154225,6,Round of 32,round-of-32,16
12154227,6,Round of 32,round-of-32,16
12154228,6,Round of 32,round-of-32,16
12154235,6,Round of 32,round-of-32,16
12154237,6,Round of 32,round-of-32,16
12154239,6,Round of 32,round-of-32,16
12154241,6,Round of 32,round-of-32,16
12154243,6,Round of 32,round-of-32,16
12154244,6,Round of 32,round-of-32,16
12154258,6,Round of 32,round-of-32,16
12154283,6,Round of 32,round-of-32,16
12154326,6,Round of 32,round-of-32,16
12154327,6,Round of 32,round-of-32,16
12154328,6,Round of 32,round-of-32,16
12154332,6,Round of 32,round-of-32,16
12154333,6,Round of 32,round-of-32,16
12154408,5,Round of 16,round-of-16,8
12154433,6,Round of 32,round-of-32,16
12154434,6,Round of 32,round-of-32,16
12154440,6,Round of 32,round-of-32,16
12154441,6,Round of 32,round-of-32,16
12154443,6,Round of 32,round-of-32,16
12154472,5,Round of 16,round-of-16,8
12154561,5,Round of 16,round-of-16,8
12154593,5,Round of 16,round-of-16,8
12154625,5,Round of 16,round-of-16,8
12154633,6,Round of 32,round-of-32,16
12154634,6,Round of 32,round-of-32,16
12154635,6,Round of 32,round-of-32,16
12154636,5,Round of 16,round-of-16,8
12154637,6,Round of 32,round-of-32,16
12154638,6,Round of 32,round-of-32,16
12154639,6,Round of 32,round-of-32,16
12154640,6,Round of 32,round-of-32,16
12154641,6,Round of 32,round-of-32,16
12154646,5,Round of 16,round-of-16,8
12154693,5,Round of 16,round-of-16,8
12154763,5,Round of 16,round-of-16,8
12154855,6,Round of 32,round-of-32,16
12154976,5,Round of 16,round-of-16,8
12155008,6,Round of 32,round-of-32,16
12155014,5,Round of 16,round-of-16,8
12155030,6,Round of 32,round-of-32,16
12155031,6,Round of 32,round-of-32,16
12155032,6,Round of 32,round-of-32,16
12155033,6,Round of 32,round-of-32,16
12155034,6,Round of 32,round-of-32,16
12155035,6,Round of 32,round-of-32,16
12155036,6,Round of 32,round-of-32,16
12155049,6,Round of 32,round-of-32,16
12155072,6,Round of 32,round-of-32,16
12155073,6,Round of 32,round-of-32,16
12155074,6,Round of 32,round-of-32,16
12155075,6,Round of 32,round-of-32,16
12155076,6,Round of 32,round-of-32,16
12155078,6,Round of 32,round-of-32,16
12155079,6,Round of 32,round-of-32,16
12155314,5,Round of 16,round-of-16,8
12155629,6,Round of 32,round-of-32,16
12155631,6,Round of 32,round-of-32,16
12155632,6,Round of 32,round-of-32,16
12155634,6,Round of 32,round-of-32,16
12155635,6,Round of 32,round-of-32,16
12155636,6,Round of 32,round-of-32,16
12155644,6,Round of 32,round-of-32,16
12155645,6,Round of 32,round-of-32,16
12155646,6,Round of 32,round-of-32,16
12155647,6,Round of 32,round-of-32,16
12155648,6,Round of 32,round-of-32,16
12155649,6,Round of 32,round-of-32,16
12155650,6,Round of 32,round-of-32,16
12155651,6,Round of 32,round-of-32,16
12156004,5,Round of 16,round-of-16,8
12156024,5,Round of 16,round-of-16,8
12156035,5,Round of 16,round-of-16,8
12156052,5,Round of 16,round-of-16,8
12156086,5,Round of 16,round-of-16,8
12156087,5,Round of 16,round-of-16,8
12156238,5,Round of 16,round-of-16,8
12156283,5,Round of 16,round-of-16,8
12156354,5,Round of 16,round-of-16,8
12156355,5,Round of 16,round-of-16,8
12156361,5,Round of 16,round-of-16,8
12156368,5,Round of 16,round-of-16,8
12156371,5,Round of 16,round-of-16,8
12156373,5,Round of 16,round-of-16,8
12156385,5,Round of 16,round-of-16,8
12156387,5,Round of 16,round-of-16,8
12156389,5,Round of 16,round-of-16,8
12156405,5,Round of 16,round-of-16,8
12156408,5,Round of 16,round-of-16,8
12156419,5,Round of 16,round-of-16,8
12156420,5,Round of 16,round-of-16,8
12156436,5,Round of 16,round-of-16,8
12156487,5,Round of 16,round-of-16,8
12156560,5,Round of 16,round-of-16,8
12156570,5,Round of 16,round-of-16,8
12156572,5,Round of 16,round-of-16,8
12156758,5,Round of 16,round-of-16,8
12156789,5,Round of 16,round-of-16,8
12156801,5,Round of 16,round-of-16,8
12156808,5,Round of 16,round-of-16,8
12156809,5,Round of 16,round-of-16,8
12156819,5,Round of 16,round-of-16,8
12156820,5,Round of 16,round-of-16,8
12156829,5,Round of 16,round-of-16,8
12156830,5,Round of 16,round-of-16,8
12156831,5,Round of 16,round-of-16,8
12156839,5,Round of 16,round-of-16,8
12156846,5,Round of 16,round-of-16,8
12156850,5,Round of 16,round-of-16,8
12156904,5,Round of 16,round-of-16,8
12156934,5,Round of 16,round-of-16,8
12156935,5,Round of 16,round-of-16,8
12156939,5,Round of 16,round-of-16,8
12156953,5,Round of 16,round-of-16,8
12156954,5,Round of 16,round-of-16,8
12156960,5,Round of 16,round-of-16,8
12157141,5,Round of 16,round-of-16,8
12157146,5,Round of 16,round-of-16,8
12157147,5,Round of 16,round-of-16,8
12157148,5,Round of 16,round-of-16,8
12157149,5,Round of 16,round-of-16,8
12157150,5,Round of 16,round-of-16,8
12157151,5,Round of 16,round-of-16,8
12157152,5,Round of 16,round-of-16,8
12157157,5,Round of 16,round-of-16,8
12157179,5,Round of 16,round-of-16,8
12157230,5,Round of 16,round-of-16,8
12157240,5,Round of 16,round-of-16,8
12157242,5,Round of 16,round-of-16,8
12157243,5,Round of 16,round-of-16,8
12157244,5,Round of 16,round-of-16,8
12157245,5,Round of 16,round-of-16,8
12157246,5,Round of 16,round-of-16,8
12157247,5,Round of 16,round-of-16,8
12157248,5,Round of 16,round-of-16,8
12157271,5,Round of 16,round-of-16,8
12157272,5,Round of 16,round-of-16,8
12157273,5,Round of 16,round-of-16,8
12157281,5,Round of 16,round-of-16,8
12157297,5,Round of 16,round-of-16,8
12157298,5,Round of 16,round-of-16,8
12157307,5,Round of 16,round-of-16,8
12157315,5,Round of 16,round-of-16,8
12157333,5,Round of 16,round-of-16,8
12157367,5,Round of 16,round-of-16,8
12157368,5,Round of 16,round-of-16,8
12157393,5,Round of 16,round-of-16,8
12157394,5,Round of 16,round-of-16,8
12157395,5,Round of 16,round-of-16,8
12157398,5,Round of 16,round-of-16,8
12157399,5,Round of 16,round-of-16,8
12157400,5,Round of 16,round-of-16,8
12157408,5,Round of 16,round-of-16,8
12157409,5,Round of 16,round-of-16,8
12157418,5,Round of 16,round-of-16,8
12157432,5,Round of 16,round-of-16,8
12157433,5,Round of 16,round-of-16,8
12157434,5,Round of 16,round-of-16,8
12157451,6,Round of 32,round-of-32,16
12157458,5,Round of 16,round-of-16,8
12157459,5,Round of 16,round-of-16,8
12157469,5,Round of 16,round-of-16,8
12157470,5,Round of 16,round-of-16,8
12157486,5,Round of 16,round-of-16,8
12157499,5,Round of 16,round-of-16,8
12157504,5,Round of 16,round-of-16,8
12157508,5,Round of 16,round-of-16,8
12157509,5,Round of 16,round-of-16,8
12157517,5,Round of 16,round-of-16,8
12157518,5,Round of 16,round-of-16,8
12157519,5,Round of 16,round-of-16,8
12157521,5,Round of 16,round-of-16,8
12157522,5,Round of 16,round-of-16,8
12157523,5,Round of 16,round-of-16,8
12157524,5,Round of 16,round-of-16,8
12157525,5,Round of 16,round-of-16,8
12157534,6,Round of 32,round-of-32,16
12157537,5,Round of 16,round-of-16,8
12157541,5,Round of 16,round-of-16,8
12157542,5,Round of 16,round-of-16,8
12157543,5,Round of 16,round-of-16,8
12157561,5,Round of 16,round-of-16,8
12157571,5,Round of 16,round-of-16,8
12157572,5,Round of 16,round-of-16,8
12157613,5,Round of 16,round-of-16,8
12157614,5,Round of 16,round-of-16,8
12157616,5,Round of 16,round-of-16,8
12157683,5,Round of 16,round-of-16,8
12157684,5,Round of 16,round-of-16,8
12157685,5,Round of 16,round-of-16,8
12157690,5,Round of 16,round-of-16,8
12157691,5,Round of 16,round-of-16,8
12157692,5,Round of 16,round-of-16,8
12157694,5,Round of 16,round-of-16,8
12157695,5,Round of 16,round-of-16,8
12157709,5,Round of 16,round-of-16,8
12157738,5,Round of 16,round-of-16,8
12157739,5,Round of 16,round-of-16,8
12157740,5,Round of 16,round-of-16,8
12157757,5,Round of 16,round-of-16,8
12157772,5,Round of 16,round-of-16,8
12157774,5,Round of 16,round-of-16,8
12157775,5,Round of 16,round-of-16,8
12157805,5,Round of 16,round-of-16,8
12157808,5,Round of 16,round-of-16,8
12157830,5,Round of 16,round-of-16,8
12157831,5,Round of 16,round-of-16,8
12157832,5,Round of 16,round-of-16,8
12157837,5,Round of 16,round-of-16,8
12157838,5,Round of 16,round-of-16,8
12157915,5,Round of 16,round-of-16,8
12157917,5,Round of 16,round-of-16,8
12157918,5,Round of 16,round-of-16,8
12157919,5,Round of 16,round-of-16,8
12157936,5,Round of 16,round-of-16,8
12157939,5,Round of 16,round-of-16,8
12157962,5,Round of 16,round-of-16,8
12157963,5,Round of 16,round-of-16,8
12157964,5,Round of 16,round-of-16,8
12157965,5,Round of 16,round-of-16,8
12158032,5,Round of 16,round-of-16,8
12158033,5,Round of 16,round-of-16,8
12158044,5,Round of 16,round-of-16,8
12158051,5,Round of 16,round-of-16,8
12158052,5,Round of 16,round-of-16,8
12158054,5,Round of 16,round-of-16,8
12158075,5,Round of 16,round-of-16,8
12158078,5,Round of 16,round-of-16,8
12158080,5,Round of 16,round-of-16,8
12158081,5,Round of 16,round-of-16,8
12158082,5,Round of 16,round-of-16,8
12158083,5,Round of 16,round-of-16,8
12158084,6,Round of 32,round-of-32,16
12158100,5,Round of 16,round-of-16,8
12158103,5,Round of 16,round-of-16,8
12158114,5,Round of 16,round-of-16,8
12158117,5,Round of 16,round-of-16,8
12158118,5,Round of 16,round-of-16,8
12158121,5,Round of 16,round-of-16,8
12158139,5,Round of 16,round-of-16,8
12158140,5,Round of 16,round-of-16,8
12158141,5,Round of 16,round-of-16,8
12158142,5,Round of 16,round-of-16,8
12158195,5,Round of 16,round-of-16,8
12158200,5,Round of 16,round-of-16,8
12158204,5,Round of 16,round-of-16,8
12158206,5,Round of 16,round-of-16,8
12158210,5,Round of 16,round-of-16,8
12158226,5,Round of 16,round-of-16,8
12158230,5,Round of 16,round-of-16,8
12158236,5,Round of 16,round-of-16,8
12158237,5,Round of 16,round-of-16,8
12158239,5,Round of 16,round-of-16,8
12158242,5,Round of 16,round-of-16,8
12158243,5,Round of 16,round-of-16,8
12158246,5,Round of 16,round-of-16,8
12158247,5,Round of 16,round-of-16,8
12158252,5,Round of 16,round-of-16,8
12158257,6,Round of 32,round-of-32,16
12158258,6,Round of 32,round-of-32,16
12158259,6,Round of 32,round-of-32,16
12158260,6,Round of 32,round-of-32,16
12158261,6,Round of 32,round-of-32,16
12158262,6,Round of 32,round-of-32,16
12158263,6,Round of 32,round-of-32,16
12158264,6,Round of 32,round-of-32,16
12158275,5,Round of 16,round-of-16,8
12158276,5,Round of 16,round-of-16,8
12158279,5,Round of 16,round-of-16,8
12158282,5,Round of 16,round-of-16,8
12158300,5,Round of 16,round-of-16,8
12158303,5,Round of 16,round-of-16,8
12158317,5,Round of 16,round-of-16,8
12158320,5,Round of 16,round-of-16,8
12158347,5,Round of 16,round-of-16,8
12158348,5,Round of 16,round-of-16,8
12158357,5,Round of 16,round-of-16,8
12158363,5,Round of 16,round-of-16,8
12158365,5,Round of 16,round-of-16,8
12158368,5,Round of 16,round-of-16,8
12158392,5,Round of 16,round-of-16,8
12158447,5,Round of 16,round-of-16,8
12158448,5,Round of 16,round-of-16,8
12158508,5,Round of 16,round-of-16,8
12158515,5,Round of 16,round-of-16,8
12158518,5,Round of 16,round-of-16,8
12158538,5,Round of 16,round-of-16,8
12158548,5,Round of 16,round-of-16,8
12158553,5,Round of 16,round-of-16,8
12158586,5,Round of 16,round-of-16,8
12158587,5,Round of 16,round-of-16,8
12158663,5,Round of 16,round-of-16,8
12158704,5,Round of 16,round-of-16,8
12158712,5,Round of 16,round-of-16,8
12159141,5,Round of 16,round-of-16,8
12159142,27,Quarterfinal,quarterfinal,4
12159147,27,Quarterfinal,quarterfinal,4
12159148,27,Quarterfinal,quarterfinal,4
12159151,27,Quarterfinal,quarterfinal,4
12159182,27,Quarterfinal,quarterfinal,4
12159183,27,Quarterfinal,quarterfinal,4
12159184,27,Quarterfinal,quarterfinal,4
12159185,27,Quarterfinal,quarterfinal,4
12159197,27,Quarterfinal,quarterfinal,4
12159206,27,Quarterfinal,quarterfinal,4
12159207,27,Quarterfinal,quarterfinal,4
12159209,27,Quarterfinal,quarterfinal,4
12159224,27,Quarterfinal,quarterfinal,4
12159291,27,Quarterfinal,quarterfinal,4
12159292,27,Quarterfinal,quarterfinal,4
12159375,27,Quarterfinal,quarterfinal,4
12159377,27,Quarterfinal,quarterfinal,4
12159593,27,Quarterfinal,quarterfinal,4
12159651,27,Quarterfinal,quarterfinal,4
12159765,27,Quarterfinal,quarterfinal,4
12159786,27,Quarterfinal,quarterfinal,4
12159792,27,Quarterfinal,quarterfinal,4
12159802,27,Quarterfinal,quarterfinal,4
12159804,27,Quarterfinal,quarterfinal,4
12159841,27,Quarterfinal,quarterfinal,4
12159842,27,Quarterfinal,quarterfinal,4
12160069,27,Quarterfinal,quarterfinal,4
12160070,27,Quarterfinal,quarterfinal,4
12160166,27,Quarterfinal,quarterfinal,4
12160167,27,Quarterfinal,quarterfinal,4
12160171,27,Quarterfinal,quarterfinal,4
12160177,27,Quarterfinal,quarterfinal,4
12160183,27,Quarterfinal,quarterfinal,4
12160196,27,Quarterfinal,quarterfinal,4
12160216,27,Quarterfinal,quarterfinal,4
12160235,27,Quarterfinal,quarterfinal,4
12160236,27,Quarterfinal,quarterfinal,4
12160255,27,Quarterfinal,quarterfinal,4
12160347,27,Quarterfinal,quarterfinal,4
12160368,27,Quarterfinal,quarterfinal,4
12160369,27,Quarterfinal,quarterfinal,4
12160387,27,Quarterfinal,quarterfinal,4
12160413,27,Quarterfinal,quarterfinal,4
12160432,27,Quarterfinal,quarterfinal,4
12160440,27,Quarterfinal,quarterfinal,4
12160441,27,Quarterfinal,quarterfinal,4
12160454,27,Quarterfinal,quarterfinal,4
12160455,27,Quarterfinal,quarterfinal,4
12160457,27,Quarterfinal,quarterfinal,4
12160468,27,Quarterfinal,quarterfinal,4
12160469,27,Quarterfinal,quarterfinal,4
12160557,27,Quarterfinal,quarterfinal,4
12160558,27,Quarterfinal,quarterfinal,4
12160559,27,Quarterfinal,quarterfinal,4
12160621,27,Quarterfinal,quarterfinal,4
12160636,27,Quarterfinal,quarterfinal,4
12160649,27,Quarterfinal,quarterfinal,4
12160665,27,Quarterfinal,quarterfinal,4
12160681,27,Quarterfinal,quarterfinal,4
12160682,27,Quarterfinal,quarterfinal,4
12160683,27,Quarterfinal,quarterfinal,4
12160684,27,Quarterfinal,quarterfinal,4
12160685,27,Quarterfinal,quarterfinal,4
12160693,27,Quarterfinal,quarterfinal,4
12160694,27,Quarterfinal,quarterfinal,4
12160703,27,Quarterfinal,quarterfinal,4
12160732,27,Quarterfinal,quarterfinal,4
12160737,27,Quarterfinal,quarterfinal,4
12160753,27,Quarterfinal,quarterfinal,4
12160756,27,Quarterfinal,quarterfinal,4
12160757,27,Quarterfinal,quarterfinal,4
12160758,27,Quarterfinal,quarterfinal,4
12160759,27,Quarterfinal,quarterfinal,4
12160760,27,Quarterfinal,quarterfinal,4
12160773,27,Quarterfinal,quarterfinal,4
12160831,27,Quarterfinal,quarterfinal,4
12160832,27,Quarterfinal,quarterfinal,4
12160912,27,Quarterfinal,quarterfinal,4
12160946,27,Quarterfinal,quarterfinal,4
12160947,27,Quarterfinal,quarterfinal,4
12160949,27,Quarterfinal,quarterfinal,4
12160958,27,Quarterfinal,quarterfinal,4
12160977,27,Quarterfinal,quarterfinal,4
12160984,27,Quarterfinal,quarterfinal,4
12160985,27,Quarterfinal,quarterfinal,4
12160986,27,Quarterfinal,quarterfinal,4
12161004,27,Quarterfinal,quarterfinal,4
12161014,27,Quarterfinal,quarterfinal,4
12161015,27,Quarterfinal,quarterfinal,4
12161030,27,Quarterfinal,quarterfinal,4
12161046,27,Quarterfinal,quarterfinal,4
12161109,27,Quarterfinal,quarterfinal,4
12161118,27,Quarterfinal,quarterfinal,4
12161140,27,Quarterfinal,quarterfinal,4
12161141,27,Quarterfinal,quarterfinal,4
12161172,27,Quarterfinal,quarterfinal,4
12161180,27,Quarterfinal,quarterfinal,4
12161192,27,Quarterfinal,quarterfinal,4
12161203,27,Quarterfinal,quarterfinal,4
12161265,27,Quarterfinal,quarterfinal,4
12161391,27,Quarterfinal,quarterfinal,4
12161393,27,Quarterfinal,quarterfinal,4
12161460,27,Quarterfinal,quarterfinal,4
12161477,5,Round of 16,round-of-16,8
12110008,27,Quarterfinal,quarterfinal,4
12110010,27,Quarterfinal,quarterfinal,4
12110012,27,Quarterfinal,quarterfinal,4
12110018,27,Quarterfinal,quarterfinal,4
12110033,27,Quarterfinal,quarterfinal,4
12110037,27,Quarterfinal,quarterfinal,4
12110041,27,Quarterfinal,quarterfinal,4
12110075,27,Quarterfinal,quarterfinal,4
12110077,28,Semifinal,semifinal,2
12110078,28,Semifinal,semifinal,2
12131503,28,Semifinal,semifinal,2
12131505,5,Round of 16,round-of-16,8
12131507,27,Quarterfinal,quarterfinal,4
12131509,27,Quarterfinal,quarterfinal,4
12131510,27,Quarterfinal,quarterfinal,4
12131511,5,Round of 16,round-of-16,8
12131514,27,Quarterfinal,quarterfinal,4
12131515,28,Semifinal,semifinal,2
12131546,5,Round of 16,round-of-16,8
12131547,27,Quarterfinal,quarterfinal,4
12131549,5,Round of 16,round-of-16,8
12131550,5,Round of 16,round-of-16,8
12131551,27,Quarterfinal,quarterfinal,4
12131552,5,Round of 16,round-of-16,8
12131553,5,Round of 16,round-of-16,8
12131555,5,Round of 16,round-of-16,8
12131556,5,Round of 16,round-of-16,8
12131557,5,Round of 16,round-of-16,8
12131568,27,Quarterfinal,quarterfinal,4
12131569,27,Quarterfinal,quarterfinal,4
12131571,27,Quarterfinal,quarterfinal,4
12131572,28,Semifinal,semifinal,2
12131577,27,Quarterfinal,quarterfinal,4
12131579,28,Semifinal,semifinal,2
12131581,5,Round of 16,round-of-16,8
12131604,5,Round of 16,round-of-16,8
12131605,5,Round of 16,round-of-16,8
12131607,27,Quarterfinal,quarterfinal,4
12131610,5,Round of 16,round-of-16,8
12131615,27,Quarterfinal,quarterfinal,4
12131616,27,Quarterfinal,quarterfinal,4
12131617,27,Quarterfinal,quarterfinal,4
12131618,5,Round of 16,round-of-16,8
12131634,28,Semifinal,semifinal,2
12131637,28,Semifinal,semifinal,2
12131643,27,Quarterfinal,quarterfinal,4
12131644,27,Quarterfinal,quarterfinal,4
12131646,27,Quarterfinal,quarterfinal,4
12131648,27,Quarterfinal,quarterfinal,4
12151570,6,Round of 32,round-of-32,16
12151572,6,Round of 32,round-of-32,16
12152261,5,Round of 16,round-of-16,8
12152264,5,Round of 16,round-of-16,8
12152279,6,Round of 32,round-of-32,16
12152324,5,Round of 16,round-of-16,8
12152325,5,Round of 16,round-of-16,8
12152349,5,Round of 16,round-of-16,8
12152354,5,Round of 16,round-of-16,8
12152426,5,Round of 16,round-of-16,8
12152527,5,Round of 16,round-of-16,8
12152528,5,Round of 16,round-of-16,8
12152547,5,Round of 16,round-of-16,8
12152558,5,Round of 16,round-of-16,8
12152580,5,Round of 16,round-of-16,8
12152582,5,Round of 16,round-of-16,8
12152586,5,Round of 16,round-of-16,8
12152609,5,Round of 16,round-of-16,8
12152611,5,Round of 16,round-of-16,8
12152613,5,Round of 16,round-of-16,8
12152625,5,Round of 16,round-of-16,8
12152647,5,Round of 16,round-of-16,8
12153293,5,Round of 16,round-of-16,8
12153298,5,Round of 16,round-of-16,8
12153331,5,Round of 16,round-of-16,8
12153332,5,Round of 16,round-of-16,8
12153399,5,Round of 16,round-of-16,8
12153917,5,Round of 16,round-of-16,8
12154053,5,Round of 16,round-of-16,8
12154081,5,Round of 16,round-of-16,8
12154195,5,Round of 16,round-of-16,8
12154636,5,Round of 16,round-of-16,8
12154646,5,Round of 16,round-of-16,8
12154976,5,Round of 16,round-of-16,8
12155014,5,Round of 16,round-of-16,8
12155314,5,Round of 16,round-of-16,8
12156283,5,Round of 16,round-of-16,8
12157243,5,Round of 16,round-of-16,8
12157245,5,Round of 16,round-of-16,8
12157247,5,Round of 16,round-of-16,8
12157398,5,Round of 16,round-of-16,8
12157409,5,Round of 16,round-of-16,8
12157458,5,Round of 16,round-of-16,8
12157508,5,Round of 16,round-of-16,8
12157537,5,Round of 16,round-of-16,8
12157542,5,Round of 16,round-of-16,8
12157543,5,Round of 16,round-of-16,8
12157572,5,Round of 16,round-of-16,8
12157684,5,Round of 16,round-of-16,8
12157685,5,Round of 16,round-of-16,8
12157739,5,Round of 16,round-of-16,8
12157772,5,Round of 16,round-of-16,8
12157774,5,Round of 16,round-of-16,8
12157775,5,Round of 16,round-of-16,8
12157805,5,Round of 16,round-of-16,8
12157808,5,Round of 16,round-of-16,8
12157915,5,Round of 16,round-of-16,8
12157918,5,Round of 16,round-of-16,8
12157936,5,Round of 16,round-of-16,8
12157963,5,Round of 16,round-of-16,8
12158032,5,Round of 16,round-of-16,8
12158081,5,Round of 16,round-of-16,8
12158114,5,Round of 16,round-of-16,8
12158117,5,Round of 16,round-of-16,8
12158118,5,Round of 16,round-of-16,8
12158140,5,Round of 16,round-of-16,8
12158141,5,Round of 16,round-of-16,8
12158142,5,Round of 16,round-of-16,8
12158204,5,Round of 16,round-of-16,8
12158206,5,Round of 16,round-of-16,8
12158236,5,Round of 16,round-of-16,8
12158237,5,Round of 16,round-of-16,8
12158242,5,Round of 16,round-of-16,8
12158243,5,Round of 16,round-of-16,8
12158252,5,Round of 16,round-of-16,8
12158257,6,Round of 32,round-of-32,16
12158258,6,Round of 32,round-of-32,16
12158259,6,Round of 32,round-of-32,16
12158260,6,Round of 32,round-of-32,16
12158261,6,Round of 32,round-of-32,16
12158262,6,Round of 32,round-of-32,16
12158263,6,Round of 32,round-of-32,16
12158264,6,Round of 32,round-of-32,16
12158275,5,Round of 16,round-of-16,8
12158276,5,Round of 16,round-of-16,8
12158282,5,Round of 16,round-of-16,8
12158300,5,Round of 16,round-of-16,8
12158317,5,Round of 16,round-of-16,8
12158347,5,Round of 16,round-of-16,8
12158348,5,Round of 16,round-of-16,8
12158357,5,Round of 16,round-of-16,8
12158363,5,Round of 16,round-of-16,8
12158365,5,Round of 16,round-of-16,8
12158368,5,Round of 16,round-of-16,8
12158392,5,Round of 16,round-of-16,8
12158447,5,Round of 16,round-of-16,8
12158448,5,Round of 16,round-of-16,8
12158508,5,Round of 16,round-of-16,8
12158515,5,Round of 16,round-of-16,8
12158518,5,Round of 16,round-of-16,8
12158538,5,Round of 16,round-of-16,8
12158548,5,Round of 16,round-of-16,8
12158553,5,Round of 16,round-of-16,8
12158586,5,Round of 16,round-of-16,8
12158587,5,Round of 16,round-of-16,8
12158663,5,Round of 16,round-of-16,8
12158704,5,Round of 16,round-of-16,8
12158712,5,Round of 16,round-of-16,8
12159141,5,Round of 16,round-of-16,8
12159142,27,Quarterfinal,quarterfinal,4
12159147,27,Quarterfinal,quarterfinal,4
12159148,27,Quarterfinal,quarterfinal,4
12159151,27,Quarterfinal,quarterfinal,4
12159182,27,Quarterfinal,quarterfinal,4
12159183,27,Quarterfinal,quarterfinal,4
12159184,27,Quarterfinal,quarterfinal,4
12159185,27,Quarterfinal,quarterfinal,4
12159197,27,Quarterfinal,quarterfinal,4
12159206,27,Quarterfinal,quarterfinal,4
12159207,27,Quarterfinal,quarterfinal,4
12159209,27,Quarterfinal,quarterfinal,4
12159224,27,Quarterfinal,quarterfinal,4
12159291,27,Quarterfinal,quarterfinal,4
12159292,27,Quarterfinal,quarterfinal,4
12159375,27,Quarterfinal,quarterfinal,4
12159377,27,Quarterfinal,quarterfinal,4
12159593,27,Quarterfinal,quarterfinal,4
12159651,27,Quarterfinal,quarterfinal,4
12159765,27,Quarterfinal,quarterfinal,4
12159786,27,Quarterfinal,quarterfinal,4
12159792,27,Quarterfinal,quarterfinal,4
12159802,27,Quarterfinal,quarterfinal,4
12159804,27,Quarterfinal,quarterfinal,4
12159841,27,Quarterfinal,quarterfinal,4
12159842,27,Quarterfinal,quarterfinal,4
12160069,27,Quarterfinal,quarterfinal,4
12160070,27,Quarterfinal,quarterfinal,4
12160166,27,Quarterfinal,quarterfinal,4
12160167,27,Quarterfinal,quarterfinal,4
12160171,27,Quarterfinal,quarterfinal,4
12160177,27,Quarterfinal,quarterfinal,4
12160183,27,Quarterfinal,quarterfinal,4
12160196,27,Quarterfinal,quarterfinal,4
12160216,27,Quarterfinal,quarterfinal,4
12160235,27,Quarterfinal,quarterfinal,4
12160236,27,Quarterfinal,quarterfinal,4
12160255,27,Quarterfinal,quarterfinal,4
12160347,27,Quarterfinal,quarterfinal,4
12160368,27,Quarterfinal,quarterfinal,4
12160369,27,Quarterfinal,quarterfinal,4
12160387,27,Quarterfinal,quarterfinal,4
12160413,27,Quarterfinal,quarterfinal,4
12160432,27,Quarterfinal,quarterfinal,4
12160440,27,Quarterfinal,quarterfinal,4
12160441,27,Quarterfinal,quarterfinal,4
12160454,27,Quarterfinal,quarterfinal,4
12160455,27,Quarterfinal,quarterfinal,4
12160457,27,Quarterfinal,quarterfinal,4
12160468,27,Quarterfinal,quarterfinal,4
12160469,27,Quarterfinal,quarterfinal,4
12160557,27,Quarterfinal,quarterfinal,4
12160558,27,Quarterfinal,quarterfinal,4
12160559,27,Quarterfinal,quarterfinal,4
12160621,27,Quarterfinal,quarterfinal,4
12160636,27,Quarterfinal,quarterfinal,4
12160649,27,Quarterfinal,quarterfinal,4
12160665,27,Quarterfinal,quarterfinal,4
12160681,27,Quarterfinal,quarterfinal,4
12160682,27,Quarterfinal,quarterfinal,4
12160683,27,Quarterfinal,quarterfinal,4
12160684,27,Quarterfinal,quarterfinal,4
12160685,27,Quarterfinal,quarterfinal,4
12160693,27,Quarterfinal,quarterfinal,4
12160694,27,Quarterfinal,quarterfinal,4
12160703,27,Quarterfinal,quarterfinal,4
12160732,27,Quarterfinal,quarterfinal,4
12160737,27,Quarterfinal,quarterfinal,4
12160753,27,Quarterfinal,quarterfinal,4
12160756,27,Quarterfinal,quarterfinal,4
12160757,27,Quarterfinal,quarterfinal,4
12160758,27,Quarterfinal,quarterfinal,4
12160759,27,Quarterfinal,quarterfinal,4
12160760,27,Quarterfinal,quarterfinal,4
12160773,27,Quarterfinal,quarterfinal,4
12160831,27,Quarterfinal,quarterfinal,4
12160832,27,Quarterfinal,quarterfinal,4
12160912,27,Quarterfinal,quarterfinal,4
12160913,27,Quarterfinal,quarterfinal,4
12160946,27,Quarterfinal,quarterfinal,4
12160947,27,Quarterfinal,quarterfinal,4
12160949,27,Quarterfinal,quarterfinal,4
12160958,27,Quarterfinal,quarterfinal,4
12160977,27,Quarterfinal,quarterfinal,4
12160984,27,Quarterfinal,quarterfinal,4
12160985,27,Quarterfinal,quarterfinal,4
12160986,27,Quarterfinal,quarterfinal,4
12161004,27,Quarterfinal,quarterfinal,4
12161014,27,Quarterfinal,quarterfinal,4
12161015,27,Quarterfinal,quarterfinal,4
12161030,27,Quarterfinal,quarterfinal,4
12161046,27,Quarterfinal,quarterfinal,4
12161109,27,Quarterfinal,quarterfinal,4
12161118,27,Quarterfinal,quarterfinal,4
12161140,27,Quarterfinal,quarterfinal,4
12161141,27,Quarterfinal,quarterfinal,4
12161172,27,Quarterfinal,quarterfinal,4
12161176,27,Quarterfinal,quarterfinal,4
12161180,27,Quarterfinal,quarterfinal,4
12161184,27,Quarterfinal,quarterfinal,4
12161192,27,Quarterfinal,quarterfinal,4
12161203,27,Quarterfinal,quarterfinal,4
12161204,27,Quarterfinal,quarterfinal,4
12161211,27,Quarterfinal,quarterfinal,4
12161265,27,Quarterfinal,quarterfinal,4
12161271,27,Quarterfinal,quarterfinal,4
12161284,27,Quarterfinal,quarterfinal,4
12161316,27,Quarterfinal,quarterfinal,4
12161319,27,Quarterfinal,quarterfinal,4
12161322,27,Quarterfinal,quarterfinal,4
12161330,27,Quarterfinal,quarterfinal,4
12161345,27,Quarterfinal,quarterfinal,4
12161384,27,Quarterfinal,quarterfinal,4
12161391,27,Quarterfinal,quarterfinal,4
12161393,27,Quarterfinal,quarterfinal,4
12161413,5,Round of 16,round-of-16,8
12161441,27,Quarterfinal,quarterfinal,4
12161460,27,Quarterfinal,quarterfinal,4
12161468,27,Quarterfinal,quarterfinal,4
12161477,5,Round of 16,round-of-16,8
12161479,27,Quarterfinal,quarterfinal,4
12161531,5,Round of 16,round-of-16,8
12161565,27,Quarterfinal,quarterfinal,4
12161612,27,Quarterfinal,quarterfinal,4
12162112,27,Quarterfinal,quarterfinal,4
12162129,28,Semifinal,semifinal,2
12162140,28,Semifinal,semifinal,2
12162141,28,Semifinal,semifinal,2
12162144,27,Quarterfinal,quarterfinal,4
12162167,28,Semifinal,semifinal,2
12162184,28,Semifinal,semifinal,2
12162192,28,Semifinal,semifinal,2
12162193,28,Semifinal,semifinal,2
12162197,28,Semifinal,semifinal,2
12162328,28,Semifinal,semifinal,2
12162697,28,Semifinal,semifinal,2
12162709,28,Semifinal,semifinal,2
12162730,28,Semifinal,semifinal,2
12162753,28,Semifinal,semifinal,2
12162770,28,Semifinal,semifinal,2
12162823,28,Semifinal,semifinal,2
12163101,28,Semifinal,semifinal,2
12163102,28,Semifinal,semifinal,2
12163136,28,Semifinal,semifinal,2
12163138,28,Semifinal,semifinal,2
12163140,28,Semifinal,semifinal,2
12163144,28,Semifinal,semifinal,2
12163155,28,Semifinal,semifinal,2
12163162,28,Semifinal,semifinal,2
12163163,28,Semifinal,semifinal,2
12163168,28,Semifinal,semifinal,2
12163215,28,Semifinal,semifinal,2
12163217,28,Semifinal,semifinal,2
12163255,28,Semifinal,semifinal,2
12163256,28,Semifinal,semifinal,2
12163262,28,Semifinal,semifinal,2
12163284,28,Semifinal,semifinal,2
12163300,28,Semifinal,semifinal,2
12163301,28,Semifinal,semifinal,2
12163302,28,Semifinal,semifinal,2
12163308,28,Semifinal,semifinal,2
12163309,28,Semifinal,semifinal,2
12163310,28,Semifinal,semifinal,2
12163311,5,Round of 16,round-of-16,8
12163339,28,Semifinal,semifinal,2
12163340,28,Semifinal,semifinal,2
12163341,28,Semifinal,semifinal,2
12163362,27,Quarterfinal,quarterfinal,4
12163367,28,Semifinal,semifinal,2
12163387,5,Round of 16,round-of-16,8
12163401,28,Semifinal,semifinal,2
12163403,28,Semifinal,semifinal,2
12163433,28,Semifinal,semifinal,2
12163449,5,Round of 16,round-of-16,8
12163456,28,Semifinal,semifinal,2
12163495,28,Semifinal,semifinal,2
12163513,28,Semifinal,semifinal,2
12163586,28,Semifinal,semifinal,2
12163594,5,Round of 16,round-of-16,8
12163643,28,Semifinal,semifinal,2
12163651,28,Semifinal,semifinal,2
12163848,28,Semifinal,semifinal,2
12163875,28,Semifinal,semifinal,2
12163974,27,Quarterfinal,quarterfinal,4
12164046,27,Quarterfinal,quarterfinal,4
12164069,27,Quarterfinal,quarterfinal,4
12164072,27,Quarterfinal,quarterfinal,4
12110007,28,Semifinal,semifinal,2
12110017,28,Semifinal,semifinal,2
12110077,28,Semifinal,semifinal,2
12110078,28,Semifinal,semifinal,2
12131503,28,Semifinal,semifinal,2
12131504,29,Final,final,1
12131507,27,Quarterfinal,quarterfinal,4
12131514,27,Quarterfinal,quarterfinal,4
12131515,28,Semifinal,semifinal,2
12131547,27,Quarterfinal,quarterfinal,4
12131548,27,Quarterfinal,quarterfinal,4
12131550,5,Round of 16,round-of-16,8
12131551,27,Quarterfinal,quarterfinal,4
12131554,27,Quarterfinal,quarterfinal,4
12131558,28,Semifinal,semifinal,2
12131560,28,Semifinal,semifinal,2
12131568,27,Quarterfinal,quarterfinal,4
12131569,27,Quarterfinal,quarterfinal,4
12131572,28,Semifinal,semifinal,2
12131579,28,Semifinal,semifinal,2
12131580,29,Final,final,1
12131606,28,Semifinal,semifinal,2
12131607,27,Quarterfinal,quarterfinal,4
12131608,28,Semifinal,semifinal,2
12131615,27,Quarterfinal,quarterfinal,4
12131616,27,Quarterfinal,quarterfinal,4
12131617,27,Quarterfinal,quarterfinal,4
12131634,28,Semifinal,semifinal,2
12131635,29,Final,final,1
12131637,28,Semifinal,semifinal,2
12148594,6,Round of 32,round-of-32,16
12152261,5,Round of 16,round-of-16,8
12152264,5,Round of 16,round-of-16,8
12152324,5,Round of 16,round-of-16,8
12152349,5,Round of 16,round-of-16,8
12152354,5,Round of 16,round-of-16,8
12152427,5,Round of 16,round-of-16,8
12152431,5,Round of 16,round-of-16,8
12152527,5,Round of 16,round-of-16,8
12152528,5,Round of 16,round-of-16,8
12152547,5,Round of 16,round-of-16,8
12152558,5,Round of 16,round-of-16,8
12152580,5,Round of 16,round-of-16,8
12152582,5,Round of 16,round-of-16,8
12152586,5,Round of 16,round-of-16,8
12152609,5,Round of 16,round-of-16,8
12152611,5,Round of 16,round-of-16,8
12152625,5,Round of 16,round-of-16,8
12152647,5,Round of 16,round-of-16,8
12153293,5,Round of 16,round-of-16,8
12153298,5,Round of 16,round-of-16,8
12153331,5,Round of 16,round-of-16,8
12153332,5,Round of 16,round-of-16,8
12153399,5,Round of 16,round-of-16,8
12154053,5,Round of 16,round-of-16,8
12154081,5,Round of 16,round-of-16,8
12158242,5,Round of 16,round-of-16,8
12158257,6,Round of 32,round-of-32,16
12158258,6,Round of 32,round-of-32,16
12158261,6,Round of 32,round-of-32,16
12158263,6,Round of 32,round-of-32,16
12158264,6,Round of 32,round-of-32,16
12158518,5,Round of 16,round-of-16,8
12160913,27,Quarterfinal,quarterfinal,4
12160947,27,Quarterfinal,quarterfinal,4
12161014,27,Quarterfinal,quarterfinal,4
12161030,27,Quarterfinal,quarterfinal,4
12161046,27,Quarterfinal,quarterfinal,4
12161109,27,Quarterfinal,quarterfinal,4
12161118,27,Quarterfinal,quarterfinal,4
12161140,27,Quarterfinal,quarterfinal,4
12161176,27,Quarterfinal,quarterfinal,4
12161180,27,Quarterfinal,quarterfinal,4
12161184,27,Quarterfinal,quarterfinal,4
12161192,27,Quarterfinal,quarterfinal,4
12161203,27,Quarterfinal,quarterfinal,4
12161204,27,Quarterfinal,quarterfinal,4
12161211,27,Quarterfinal,quarterfinal,4
12161265,27,Quarterfinal,quarterfinal,4
12161271,27,Quarterfinal,quarterfinal,4
12161284,27,Quarterfinal,quarterfinal,4
12161316,27,Quarterfinal,quarterfinal,4
12161319,27,Quarterfinal,quarterfinal,4
12161322,27,Quarterfinal,quarterfinal,4
12161330,27,Quarterfinal,quarterfinal,4
12161345,27,Quarterfinal,quarterfinal,4
12161384,27,Quarterfinal,quarterfinal,4
12161391,27,Quarterfinal,quarterfinal,4
12161393,27,Quarterfinal,quarterfinal,4
12161413,5,Round of 16,round-of-16,8
12161441,27,Quarterfinal,quarterfinal,4
12161460,27,Quarterfinal,quarterfinal,4
12161468,27,Quarterfinal,quarterfinal,4
12161477,5,Round of 16,round-of-16,8
12161479,27,Quarterfinal,quarterfinal,4
12161531,5,Round of 16,round-of-16,8
12161565,27,Quarterfinal,quarterfinal,4
12161612,27,Quarterfinal,quarterfinal,4
12162112,27,Quarterfinal,quarterfinal,4
12162129,28,Semifinal,semifinal,2
12162140,28,Semifinal,semifinal,2
12162141,28,Semifinal,semifinal,2
12162144,27,Quarterfinal,quarterfinal,4
12162167,28,Semifinal,semifinal,2
12162184,28,Semifinal,semifinal,2
12162192,28,Semifinal,semifinal,2
12162193,28,Semifinal,semifinal,2
12162197,28,Semifinal,semifinal,2
12162328,28,Semifinal,semifinal,2
12162697,28,Semifinal,semifinal,2
12162709,28,Semifinal,semifinal,2
12162730,28,Semifinal,semifinal,2
12162753,28,Semifinal,semifinal,2
12162770,28,Semifinal,semifinal,2
12162823,28,Semifinal,semifinal,2
12163101,28,Semifinal,semifinal,2
12163102,28,Semifinal,semifinal,2
12163136,28,Semifinal,semifinal,2
12163138,28,Semifinal,semifinal,2
12163140,28,Semifinal,semifinal,2
12163144,28,Semifinal,semifinal,2
12163155,28,Semifinal,semifinal,2
12163162,28,Semifinal,semifinal,2
12163163,28,Semifinal,semifinal,2
12163168,28,Semifinal,semifinal,2
12163215,28,Semifinal,semifinal,2
12163217,28,Semifinal,semifinal,2
12163255,28,Semifinal,semifinal,2
12163256,28,Semifinal,semifinal,2
12163262,28,Semifinal,semifinal,2
12163283,28,Semifinal,semifinal,2
12163284,28,Semifinal,semifinal,2
12163300,28,Semifinal,semifinal,2
12163301,28,Semifinal,semifinal,2
12163302,28,Semifinal,semifinal,2
12163308,28,Semifinal,semifinal,2
12163309,28,Semifinal,semifinal,2
12163310,28,Semifinal,semifinal,2
12163311,5,Round of 16,round-of-16,8
12163339,28,Semifinal,semifinal,2
12163340,28,Semifinal,semifinal,2
12163341,28,Semifinal,semifinal,2
12163362,27,Quarterfinal,quarterfinal,4
12163367,28,Semifinal,semifinal,2
12163387,5,Round of 16,round-of-16,8
12163401,28,Semifinal,semifinal,2
12163403,28,Semifinal,semifinal,2
12163433,28,Semifinal,semifinal,2
12163449,5,Round of 16,round-of-16,8
12163456,28,Semifinal,semifinal,2
12163495,28,Semifinal,semifinal,2
12163496,28,Semifinal,semifinal,2
12163513,28,Semifinal,semifinal,2
12163586,28,Semifinal,semifinal,2
12163594,5,Round of 16,round-of-16,8
12163631,28,Semifinal,semifinal,2
12163643,28,Semifinal,semifinal,2
12163651,28,Semifinal,semifinal,2
12163698,28,Semifinal,semifinal,2
12163722,28,Semifinal,semifinal,2
12163758,28,Semifinal,semifinal,2
12163803,28,Semifinal,semifinal,2
12163848,28,Semifinal,semifinal,2
12163863,28,Semifinal,semifinal,2
12163875,28,Semifinal,semifinal,2
12163974,27,Quarterfinal,quarterfinal,4
12164046,27,Quarterfinal,quarterfinal,4
12164069,27,Quarterfinal,quarterfinal,4
12164072,27,Quarterfinal,quarterfinal,4
12164530,28,Semifinal,semifinal,2
12164637,28,Semifinal,semifinal,2
12164655,29,Final,final,1
12164751,29,Final,final,1
12164754,29,Final,final,1
12164755,29,Final,final,1
12164773,29,Final,final,1
12164792,29,Final,final,1
12164827,29,Final,final,1
12164845,29,Final,final,1
12164888,29,Final,final,1
12164889,29,Final,final,1
12164932,29,Final,final,1
12164934,29,Final,final,1
12164953,29,Final,final,1
12164954,29,Final,final,1
12165006,29,Final,final,1
12165024,29,Final,final,1
12165045,29,Final,final,1
12165046,29,Final,final,1
12165086,29,Final,final,1
12165135,29,Final,final,1
12165234,29,Final,final,1
12165387,29,Final,final,1
12165394,28,Semifinal,semifinal,2
12165395,28,Semifinal,semifinal,2
12165514,29,Final,final,1
12165516,1,Qualification round 1,qualification-round-1,
12165517,1,Qualification round 1,qualification-round-1,
12165518,1,Qualification round 1,qualification-round-1,
12165519,1,Qualification round 1,qualification-round-1,
12165520,1,Qualification round 1,qualification-round-1,
12165521,1,Qualification round 1,qualification-round-1,
12165522,1,Qualification round 1,qualification-round-1,
12165523,1,Qualification round 1,qualification-round-1,
12165524,1,Qualification round 1,qualification-round-1,
12165525,1,Qualification round 1,qualification-round-1,
12165526,1,Qualification round 1,qualification-round-1,
12165527,1,Qualification round 1,qualification-round-1,
12165528,1,Qualification round 1,qualification-round-1,
12165529,1,Qualification round 1,qualification-round-1,
12165530,1,Qualification round 1,qualification-round-1,
12165531,1,Qualification round 1,qualification-round-1,
12165532,1,Qualification round 1,qualification-round-1,
12165533,1,Qualification round 1,qualification-round-1,
12165534,1,Qualification round 1,qualification-round-1,
12165535,1,Qualification round 1,qualification-round-1,
12165536,1,Qualification round 1,qualification-round-1,
12165537,1,Qualification round 1,qualification-round-1,
12165538,1,Qualification round 1,qualification-round-1,
12165539,1,Qualification round 1,qualification-round-1,
12165540,1,Qualification round 1,qualification-round-1,
12165541,1,Qualification round 1,qualification-round-1,
12165542,1,Qualification round 1,qualification-round-1,
12165543,1,Qualification round 1,qualification-round-1,
12165544,1,Qualification round 1,qualification-round-1,
12165545,1,Qualification round 1,qualification-round-1,
12165546,1,Qualification round 1,qualification-round-1,
12165547,1,Qualification round 1,qualification-round-1,
12165548,1,Qualification round 1,qualification-round-1,
12165549,1,Qualification round 1,qualification-round-1,
12165550,1,Qualification round 1,qualification-round-1,
12165551,1,Qualification round 1,qualification-round-1,
12165552,1,Qualification round 1,qualification-round-1,
12165553,1,Qualification round 1,qualification-round-1,
12165554,1,Qualification round 1,qualification-round-1,
12165555,1,Qualification round 1,qualification-round-1,
12165556,1,Qualification round 1,qualification-round-1,
12165557,1,Qualification round 1,qualification-round-1,
12165558,1,Qualification round 1,qualification-round-1,
12165559,1,Qualification round 1,qualification-round-1,
12165560,1,Qualification round 1,qualification-round-1,
12165561,1,Qualification round 1,qualification-round-1,
12165562,1,Qualification round 1,qualification-round-1,
12165563,1,Qualification round 1,qualification-round-1,
12165564,1,Qualification round 1,qualification-round-1,
12165565,1,Qualification round 1,qualification-round-1,
12165566,1,Qualification round 1,qualification-round-1,
12165567,1,Qualification round 1,qualification-round-1,
12165568,1,Qualification round 1,qualification-round-1,
12165569,1,Qualification round 1,qualification-round-1,
12165570,1,Qualification round 1,qualification-round-1,
12165571,1,Qualification round 1,qualification-round-1,
12165572,1,Qualification round 1,qualification-round-1,
12165573,1,Qualification round 1,qualification-round-1,
12165574,1,Qualification round 1,qualification-round-1,
12165667,29,Final,final,1
12165769,29,Final,final,1
12165770,29,Final,final,1
12165916,1,Qualification round 1,qualification-round-1,
12165917,1,Qualification round 1,qualification-round-1,
12165918,1,Qualification round 1,qualification-round-1,
12165919,1,Qualification round 1,qualification-round-1,
12165920,1,Qualification round 1,qualification-round-1,
12165921,1,Qualification round 1,qualification-round-1,
12165922,1,Qualification round 1,qualification-round-1,
12165923,1,Qualification round 1,qualification-round-1,
12165924,1,Qualification round 1,qualification-round-1,
12165925,1,Qualification round 1,qualification-round-1,
12165926,1,Qualification round 1,qualification-round-1,
12165927,1,Qualification round 1,qualification-round-1,
12165928,1,Qualification round 1,qualification-round-1,
12165929,1,Qualification round 1,qualification-round-1,
12165930,1,Qualification round 1,qualification-round-1,
12165931,1,Qualification round 1,qualification-round-1,
12165932,1,Qualification round 1,qualification-round-1,
12165933,1,Qualification round 1,qualification-round-1,
12165934,1,Qualification round 1,qualification-round-1,
12165935,1,Qualification round 1,qualification-round-1,
12165936,1,Qualification round 1,qualification-round-1,
12165937,1,Qualification round 1,qualification-round-1,
12165938,1,Qualification round 1,qualification-round-1,
12165939,1,Qualification round 1,qualification-round-1,
12165940,1,Qualification round 1,qualification-round-1,
12165941,1,Qualification round 1,qualification-round-1,
12165942,1,Qualification round 1,qualification-round-1,
12165943,1,Qualification round 1,qualification-round-1,
12165944,1,Qualification round 1,qualification-round-1,
12165945,1,Qualification round 1,qualification-round-1,
12165946,1,Qualification round 1,qualification-round-1,
12165947,1,Qualification round 1,qualification-round-1,
12165982,1,Qualification round 1,qualification-round-1,
12165983,1,Qualification round 1,qualification-round-1,
12165984,1,Qualification round 1,qualification-round-1,
12165985,1,Qualification round 1,qualification-round-1,
12165986,1,Qualification round 1,qualification-round-1,
12165987,1,Qualification round 1,qualification-round-1,
12165989,1,Qualification round 1,qualification-round-1,
12165991,1,Qualification round 1,qualification-round-1,
12165992,1,Qualification round 1,qualification-round-1,
12166049,1,Qualification round 1,qualification-round-1,
12166050,1,Qualification round 1,qualification-round-1,
12166051,1,Qualification round 1,qualification-round-1,
12166052,1,Qualification round 1,qualification-round-1,
12166053,1,Qualification round 1,qualification-round-1,
12166054,1,Qualification round 1,qualification-round-1,
12166055,1,Qualification round 1,qualification-round-1,
12166057,1,Qualification round 1,qualification-round-1,
12166058,1,Qualification round 1,qualification-round-1,
12166059,1,Qualification round 1,qualification-round-1,
12166060,1,Qualification round 1,qualification-round-1,
12166062,1,Qualification round 1,qualification-round-1,
12166063,1,Qualification round 1,qualification-round-1,
12166066,1,Qualification round 1,qualification-round-1,
12166067,1,Qualification round 1,qualification-round-1,
12166068,1,Qualification round 1,qualification-round-1,
12166072,1,Qualification round 1,qualification-round-1,
12166073,1,Qualification round 1,qualification-round-1,
12166074,1,Qualification round 1,qualification-round-1,
12166075,1,Qualification round 1,qualification-round-1,
12166077,1,Qualification round 1,qualification-round-1,
12166078,1,Qualification round 1,qualification-round-1,
12166079,1,Qualification round 1,qualification-round-1,
12166080,1,Qualification round 1,qualification-round-1,
12166081,1,Qualification round 1,qualification-round-1,
12166085,1,Qualification round 1,qualification-round-1,
12166087,1,Qualification round 1,qualification-round-1,
12166089,1,Qualification round 1,qualification-round-1,
12166090,1,Qualification round 1,qualification-round-1,
12166091,1,Qualification round 1,qualification-round-1,
12166092,1,Qualification round 1,qualification-round-1,
12166093,1,Qualification round 1,qualification-round-1,
12166096,1,Qualification round 1,qualification-round-1,
12166097,1,Qualification round 1,qualification-round-1,
12166098,1,Qualification round 1,qualification-round-1,
12166100,1,Qualification round 1,qualification-round-1,
12166101,1,Qualification round 1,qualification-round-1,
12166102,1,Qualification round 1,qualification-round-1,
12166103,1,Qualification round 1,qualification-round-1,
12166104,1,Qualification round 1,qualification-round-1,
12166105,1,Qualification round 1,qualification-round-1,
12166106,1,Qualification round 1,qualification-round-1,
12166107,1,Qualification round 1,qualification-round-1,
12166108,1,Qualification round 1,qualification-round-1,
12166288,1,Qualification round 1,qualification-round-1,
12166289,1,Qualification round 1,qualification-round-1,
12166290,1,Qualification round 1,qualification-round-1,
12166291,1,Qualification round 1,qualification-round-1,
12166292,1,Qualification round 1,qualification-round-1,
12166293,1,Qualification round 1,qualification-round-1,
12166294,1,Qualification round 1,qualification-round-1,
12166296,1,Qualification round 1,qualification-round-1,
12166297,1,Qualification round 1,qualification-round-1,
12166298,1,Qualification round 1,qualification-round-1,
12166299,1,Qualification round 1,qualification-round-1,
12166300,1,Qualification round 1,qualification-round-1,
12166302,1,Qualification round 1,qualification-round-1,
12110004,29,Final,final,1
12110007,28,Semifinal,semifinal,2
12110017,28,Semifinal,semifinal,2
12110074,29,Final,final,1
12131503,28,Semifinal,semifinal,2
12131504,29,Final,final,1
12131515,28,Semifinal,semifinal,2
12131548,27,Quarterfinal,quarterfinal,4
12131554,27,Quarterfinal,quarterfinal,4
12131558,28,Semifinal,semifinal,2
12131559,29,Final,final,1
12131560,28,Semifinal,semifinal,2
12131579,28,Semifinal,semifinal,2
12131580,29,Final,final,1
12131606,28,Semifinal,semifinal,2
12131608,28,Semifinal,semifinal,2
12131609,29,Final,final,1
12131635,29,Final,final,1
12148594,6,Round of 32,round-of-32,16
12152261,5,Round of 16,round-of-16,8
12152264,5,Round of 16,round-of-16,8
12152324,5,Round of 16,round-of-16,8
12152427,5,Round of 16,round-of-16,8
12152431,5,Round of 16,round-of-16,8
12152611,5,Round of 16,round-of-16,8
12163283,28,Semifinal,semifinal,2
12163433,28,Semifinal,semifinal,2
12163456,28,Semifinal,semifinal,2
12163495,28,Semifinal,semifinal,2
12163496,28,Semifinal,semifinal,2
12163513,28,Semifinal,semifinal,2
12163586,28,Semifinal,semifinal,2
12163631,28,Semifinal,semifinal,2
12163643,28,Semifinal,semifinal,2
12163651,28,Semifinal,semifinal,2
12163698,28,Semifinal,semifinal,2
12163722,28,Semifinal,semifinal,2
12163758,28,Semifinal,semifinal,2
12163803,28,Semifinal,semifinal,2
12163848,28,Semifinal,semifinal,2
12163863,28,Semifinal,semifinal,2
12163875,28,Semifinal,semifinal,2
12163974,27,Quarterfinal,quarterfinal,4
12164046,27,Quarterfinal,quarterfinal,4
12164069,27,Quarterfinal,quarterfinal,4
12164072,27,Quarterfinal,quarterfinal,4
12164530,28,Semifinal,semifinal,2
12164637,28,Semifinal,semifinal,2
12164655,29,Final,final,1
12164751,29,Final,final,1
12164754,29,Final,final,1
12164755,29,Final,final,1
12164773,29,Final,final,1
12164792,29,Final,final,1
12164827,29,Final,final,1
12164845,29,Final,final,1
12164888,29,Final,final,1
12164889,29,Final,final,1
12164932,29,Final,final,1
12164934,29,Final,final,1
12164953,29,Final,final,1
12164954,29,Final,final,1
12165006,29,Final,final,1
12165024,29,Final,final,1
12165045,29,Final,final,1
12165046,29,Final,final,1
12165086,29,Final,final,1
12165135,29,Final,final,1
12165234,29,Final,final,1
12165387,29,Final,final,1
12165394,28,Semifinal,semifinal,2
12165395,28,Semifinal,semifinal,2
12165514,29,Final,final,1
12165609,29,Final,final,1
12165644,29,Final,final,1
12165667,29,Final,final,1
12165751,29,Final,final,1
12165769,29,Final,final,1
12165770,29,Final,final,1
12165982,1,Qualification round 1,qualification-round-1,
12165983,1,Qualification round 1,qualification-round-1,
12165984,1,Qualification round 1,qualification-round-1,
12165985,1,Qualification round 1,qualification-round-1,
12165986,1,Qualification round 1,qualification-round-1,
12165987,1,Qualification round 1,qualification-round-1,
12165989,1,Qualification round 1,qualification-round-1,
12165990,1,Qualification round 1,qualification-round-1,
12165991,1,Qualification round 1,qualification-round-1,
12165992,1,Qualification round 1,qualification-round-1,
12165993,29,Final,final,1
12165994,1,Qualification round 1,qualification-round-1,
12165995,1,Qualification round 1,qualification-round-1,
12166096,1,Qualification round 1,qualification-round-1,
12166097,1,Qualification round 1,qualification-round-1,
12166098,1,Qualification round 1,qualification-round-1,
12166100,1,Qualification round 1,qualification-round-1,
12166101,1,Qualification round 1,qualification-round-1,
12166102,1,Qualification round 1,qualification-round-1,
12166103,1,Qualification round 1,qualification-round-1,
12166104,1,Qualification round 1,qualification-round-1,
12166105,1,Qualification round 1,qualification-round-1,
12166106,1,Qualification round 1,qualification-round-1,
12166107,1,Qualification round 1,qualification-round-1,
12166108,1,Qualification round 1,qualification-round-1,
12166154,29,Final,final,1
12166289,1,Qualification round 1,qualification-round-1,
12166338,1,Qualification round 1,qualification-round-1,
12166339,1,Qualification round 1,qualification-round-1,
12166340,1,Qualification round 1,qualification-round-1,
12166341,1,Qualification round 1,qualification-round-1,
12166342,1,Qualification round 1,qualification-round-1,
12166343,1,Qualification round 1,qualification-round-1,
12166344,1,Qualification round 1,qualification-round-1,
12166345,1,Qualification round 1,qualification-round-1,
12166346,1,Qualification round 1,qualification-round-1,
12166347,1,Qualification round 1,qualification-round-1,
12166348,1,Qualification round 1,qualification-round-1,
12166349,1,Qualification round 1,qualification-round-1,
12166350,1,Qualification round 1,qualification-round-1,
12166351,1,Qualification round 1,qualification-round-1,
12166352,1,Qualification round 1,qualification-round-1,
12166353,1,Qualification round 1,qualification-round-1,
12166354,1,Qualification round 1,qualification-round-1,
12166355,1,Qualification round 1,qualification-round-1,
12166356,1,Qualification round 1,qualification-round-1,
12166357,1,Qualification round 1,qualification-round-1,
12166358,1,Qualification round 1,qualification-round-1,
12166359,1,Qualification round 1,qualification-round-1,
12166360,1,Qualification round 1,qualification-round-1,
12166361,1,Qualification round 1,qualification-round-1,
12166423,1,Qualification round 1,qualification-round-1,
12166424,1,Qualification round 1,qualification-round-1,
12166425,1,Qualification round 1,qualification-round-1,
12166426,1,Qualification round 1,qualification-round-1,
12166427,1,Qualification round 1,qualification-round-1,
12166428,1,Qualification round 1,qualification-round-1,
12166429,1,Qualification round 1,qualification-round-1,
12166430,1,Qualification round 1,qualification-round-1,
12166431,1,Qualification round 1,qualification-round-1,
12166434,1,Qualification round 1,qualification-round-1,
12166435,1,Qualification round 1,qualification-round-1,
12166437,1,Qualification round 1,qualification-round-1,
12166828,29,Final,final,1
12166925,1,Qualification round 1,qualification-round-1,
12166928,1,Qualification round 1,qualification-round-1,
12166936,1,Qualification round 1,qualification-round-1,
12166937,1,Qualification round 1,qualification-round-1,
12166946,6,Round of 32,round-of-32,16
12166955,6,Round of 32,round-of-32,16
12166960,6,Round of 32,round-of-32,16
12166961,6,Round of 32,round-of-32,16
12168351,1,Qualification round 1,qualification-round-1,
12110004,29,Final,final,1
12110074,29,Final,final,1
12131504,29,Final,final,1
12131559,29,Final,final,1
12131580,29,Final,final,1
12131609,29,Final,final,1
12164954,29,Final,final,1
12165045,29,Final,final,1
12165514,29,Final,final,1
12165609,29,Final,final,1
12165644,29,Final,final,1
12165667,29,Final,final,1
12165751,29,Final,final,1
12165770,29,Final,final,1
12165985,1,Qualification round 1,qualification-round-1,
12165986,1,Qualification round 1,qualification-round-1,
12165987,1,Qualification round 1,qualification-round-1,
12165989,1,Qualification round 1,qualification-round-1,
12165990,1,Qualification round 1,qualification-round-1,
12165991,1,Qualification round 1,qualification-round-1,
12165992,1,Qualification round 1,qualification-round-1,
12165993,29,Final,final,1
12165994,1,Qualification round 1,qualification-round-1,
12165995,1,Qualification round 1,qualification-round-1,
12166103,1,Qualification round 1,qualification-round-1,
12166105,1,Qualification round 1,qualification-round-1,
12166107,1,Qualification round 1,qualification-round-1,
12166108,1,Qualification round 1,qualification-round-1,
12166154,29,Final,final,1
12166289,1,Qualification round 1,qualification-round-1,
12166338,1,Qualification round 1,qualification-round-1,
12166339,1,Qualification round 1,qualification-round-1,
12166340,1,Qualification round 1,qualification-round-1,
12166341,1,Qualification round 1,qualification-round-1,
12166342,1,Qualification round 1,qualification-round-1,
12166343,1,Qualification round 1,qualification-round-1,
12166344,1,Qualification round 1,qualification-round-1,
12166345,1,Qualification round 1,qualification-round-1,
12166346,1,Qualification round 1,qualification-round-1,
12166347,1,Qualification round 1,qualification-round-1,
12166348,1,Qualification round 1,qualification-round-1,
12166349,1,Qualification round 1,qualification-round-1,
12166350,1,Qualification round 1,qualification-round-1,
12166351,1,Qualification round 1,qualification-round-1,
12166352,1,Qualification round 1,qualification-round-1,
12166353,1,Qualification round 1,qualification-round-1,
12166354,1,Qualification round 1,qualification-round-1,
12166355,1,Qualification round 1,qualification-round-1,
12166356,1,Qualification round 1,qualification-round-1,
12166357,1,Qualification round 1,qualification-round-1,
12166358,1,Qualification round 1,qualification-round-1,
12166359,1,Qualification round 1,qualification-round-1,
12166360,1,Qualification round 1,qualification-round-1,
12166361,1,Qualification round 1,qualification-round-1,
12166423,1,Qualification round 1,qualification-round-1,
12166424,1,Qualification round 1,qualification-round-1,
12166425,1,Qualification round 1,qualification-round-1,
12166426,1,Qualification round 1,qualification-round-1,
12166427,1,Qualification round 1,qualification-round-1,
12166428,1,Qualification round 1,qualification-round-1,
12166429,1,Qualification round 1,qualification-round-1,
12166430,1,Qualification round 1,qualification-round-1,
12166431,1,Qualification round 1,qualification-round-1,
12166434,1,Qualification round 1,qualification-round-1,
12166435,1,Qualification round 1,qualification-round-1,
12166437,1,Qualification round 1,qualification-round-1,
12166828,29,Final,final,1
12166874,6,Round of 32,round-of-32,16
12166880,6,Round of 32,round-of-32,16
12166881,6,Round of 32,round-of-32,16
12166882,6,Round of 32,round-of-32,16
12166925,1,Qualification round 1,qualification-round-1,
12166928,1,Qualification round 1,qualification-round-1,
12166929,6,Round of 32,round-of-32,16
12166930,6,Round of 32,round-of-32,16
12166931,6,Round of 32,round-of-32,16
12166934,6,Round of 32,round-of-32,16
12166936,1,Qualification round 1,qualification-round-1,
12166937,1,Qualification round 1,qualification-round-1,
12166938,6,Round of 32,round-of-32,16
12166939,6,Round of 32,round-of-32,16
12166940,6,Round of 32,round-of-32,16
12166946,6,Round of 32,round-of-32,16
12166947,6,Round of 32,round-of-32,16
12166948,6,Round of 32,round-of-32,16
12166950,6,Round of 32,round-of-32,16
12166951,6,Round of 32,round-of-32,16
12166952,6,Round of 32,round-of-32,16
12166953,6,Round of 32,round-of-32,16
12166954,6,Round of 32,round-of-32,16
12166955,6,Round of 32,round-of-32,16
12166956,6,Round of 32,round-of-32,16
12166957,6,Round of 32,round-of-32,16
12166959,6,Round of 32,round-of-32,16
12166960,6,Round of 32,round-of-32,16
12166961,6,Round of 32,round-of-32,16
12166962,6,Round of 32,round-of-32,16
12166963,6,Round of 32,round-of-32,16
12166964,6,Round of 32,round-of-32,16
12166966,6,Round of 32,round-of-32,16
12168167,2,Qualification round 2,qualification-round-2,
12168267,2,Qualification round 2,qualification-round-2,
12168268,2,Qualification round 2,qualification-round-2,
12168351,1,Qualification round 1,qualification-round-1,
12168383,2,Qualification round 2,qualification-round-2,
12168384,2,Qualification round 2,qualification-round-2,
12168396,2,Qualification round 2,qualification-round-2,
12168587,2,Qualification round 2,qualification-round-2,
12168588,2,Qualification round 2,qualification-round-2,
12168621,2,Qualification round 2,qualification-round-2,
12168827,1,Qualification round 1,qualification-round-1,
12168828,1,Qualification round 1,qualification-round-1,
12168829,1,Qualification round 1,qualification-round-1,
12168830,1,Qualification round 1,qualification-round-1,
12168831,1,Qualification round 1,qualification-round-1,
12168832,1,Qualification round 1,qualification-round-1,
12168833,1,Qualification round 1,qualification-round-1,
12168834,1,Qualification round 1,qualification-round-1,
12168835,1,Qualification round 1,qualification-round-1,
12168836,1,Qualification round 1,qualification-round-1,
12168837,1,Qualification round 1,qualification-round-1,
12168838,1,Qualification round 1,qualification-round-1,
12168839,1,Qualification round 1,qualification-round-1,
12168840,1,Qualification round 1,qualification-round-1,
12168841,1,Qualification round 1,qualification-round-1,
12168842,1,Qualification round 1,qualification-round-1,
12168843,1,Qualification round 1,qualification-round-1,
12168844,1,Qualification round 1,qualification-round-1,
12168845,1,Qualification round 1,qualification-round-1,
12168846,1,Qualification round 1,qualification-round-1,
12168847,1,Qualification round 1,qualification-round-1,
12168848,1,Qualification round 1,qualification-round-1,
12168849,1,Qualification round 1,qualification-round-1,
12168850,1,Qualification round 1,qualification-round-1,
12168865,2,Qualification round 2,qualification-round-2,
12169425,2,Qualification round 2,qualification-round-2,
12169430,2,Qualification round 2,qualification-round-2,
12169691,6,Round of 32,round-of-32,16
12169692,6,Round of 32,round-of-32,16
12169700,6,Round of 32,round-of-32,16
12169706,6,Round of 32,round-of-32,16
12169707,6,Round of 32,round-of-32,16
12169710,6,Round of 32,round-of-32,16
12169712,6,Round of 32,round-of-32,16
12169716,6,Round of 32,round-of-32,16
12169941,6,Round of 32,round-of-32,16
12169942,6,Round of 32,round-of-32,16
12169943,6,Round of 32,round-of-32,16
12169944,6,Round of 32,round-of-32,16
12169946,6,Round of 32,round-of-32,16
12169948,6,Round of 32,round-of-32,16
12169952,6,Round of 32,round-of-32,16
12169971,6,Round of 32,round-of-32,16
12169975,6,Round of 32,round-of-32,16
12169979,6,Round of 32,round-of-32,16
12169980,6,Round of 32,round-of-32,16
12170240,6,Round of 32,round-of-32,16
12170241,6,Round of 32,round-of-32,16
12170244,6,Round of 32,round-of-32,16
12170245,6,Round of 32,round-of-32,16
12170532,6,Round of 32,round-of-32,16
12170534,6,Round of 32,round-of-32,16
12170547,6,Round of 32,round-of-32,16
12170548,6,Round of 32,round-of-32,16
12170550,6,Round of 32,round-of-32,16
12170562,6,Round of 32,round-of-32,16
12170566,6,Round of 32,round-of-32,16
12170619,6,Round of 32,round-of-32,16
12170623,6,Round of 32,round-of-32,16
12170625,6,Round of 32,round-of-32,16
12170626,6,Round of 32,round-of-32,16
12170627,6,Round of 32,round-of-32,16
12170630,6,Round of 32,round-of-32,16
12170634,6,Round of 32,round-of-32,16
12170635,6,Round of 32,round-of-32,16
12170637,6,Round of 32,round-of-32,16
12170638,6,Round of 32,round-of-32,16
12170641,6,Round of 32,round-of-32,16
12170645,6,Round of 32,round-of-32,16
12170674,6,Round of 32,round-of-32,16
12170677,6,Round of 32,round-of-32,16
12170678,6,Round of 32,round-of-32,16
12170733,6,Round of 32,round-of-32,16
12170737,6,Round of 32,round-of-32,16
12170743,6,Round of 32,round-of-32,16
12170745,6,Round of 32,round-of-32,16
12170797,6,Round of 32,round-of-32,16
12170799,6,Round of 32,round-of-32,16
12170803,6,Round of 32,round-of-32,16
12170804,6,Round of 32,round-of-32,16
12170807,6,Round of 32,round-of-32,16
12170808,6,Round of 32,round-of-32,16
12170812,6,Round of 32,round-of-32,16
12170813,6,Round of 32,round-of-32,16
12170815,6,Round of 32,round-of-32,16
12170821,6,Round of 32,round-of-32,16
12170840,6,Round of 32,round-of-32,16
12170845,6,Round of 32,round-of-32,16
12170846,6,Round of 32,round-of-32,16
12170850,6,Round of 32,round-of-32,16
12170856,6,Round of 32,round-of-32,16
12170857,6,Round of 32,round-of-32,16
12170863,6,Round of 32,round-of-32,16
12170866,6,Round of 32,round-of-32,16
12170873,6,Round of 32,round-of-32,16
12170876,6,Round of 32,round-of-32,16
12170877,6,Round of 32,round-of-32,16
12170879,6,Round of 32,round-of-32,16
12170946,6,Round of 32,round-of-32,16
12170947,6,Round of 32,round-of-32,16
12170949,6,Round of 32,round-of-32,16
12170950,6,Round of 32,round-of-32,16
12170952,6,Round of 32,round-of-32,16
12171044,6,Round of 32,round-of-32,16
12171045,6,Round of 32,round-of-32,16
12171046,6,Round of 32,round-of-32,16
12171048,6,Round of 32,round-of-32,16
12171049,6,Round of 32,round-of-32,16
12171050,6,Round of 32,round-of-32,16
12171054,6,Round of 32,round-of-32,16
12171122,1,Qualification round 1,qualification-round-1,
12171477,6,Round of 32,round-of-32,16
12171478,6,Round of 32,round-of-32,16
12171480,6,Round of 32,round-of-32,16
12171481,6,Round of 32,round-of-32,16
12171484,6,Round of 32,round-of-32,16
12171487,6,Round of 32,round-of-32,16
12173404,6,Round of 32,round-of-32,16
12156251,5,Round of 16,round-of-16,8
12156260,5,Round of 16,round-of-16,8
12156268,5,Round of 16,round-of-16,8
12156273,5,Round of 16,round-of-16,8
12156278,5,Round of 16,round-of-16,8
12156280,5,Round of 16,round-of-16,8
12166873,6,Round of 32,round-of-32,16
12166874,6,Round of 32,round-of-32,16
12166875,6,Round of 32,round-of-32,16
12166876,6,Round of 32,round-of-32,16
12166877,6,Round of 32,round-of-32,16
12166878,6,Round of 32,round-of-32,16
12166879,6,Round of 32,round-of-32,16
12166880,6,Round of 32,round-of-32,16
12166881,6,Round of 32,round-of-32,16
12166882,6,Round of 32,round-of-32,16
12166883,6,Round of 32,round-of-32,16
12166929,6,Round of 32,round-of-32,16
12166930,6,Round of 32,round-of-32,16
12166931,6,Round of 32,round-of-32,16
12166932,6,Round of 32,round-of-32,16
12166933,6,Round of 32,round-of-32,16
12166934,6,Round of 32,round-of-32,16
12166935,6,Round of 32,round-of-32,16
12166938,6,Round of 32,round-of-32,16
12166939,6,Round of 32,round-of-32,16
12166940,6,Round of 32,round-of-32,16
12166946,6,Round of 32,round-of-32,16
12166947,6,Round of 32,round-of-32,16
12166948,6,Round of 32,round-of-32,16
12166949,6,Round of 32,round-of-32,16
12166950,6,Round of 32,round-of-32,16
12166951,6,Round of 32,round-of-32,16
12166952,6,Round of 32,round-of-32,16
12166953,6,Round of 32,round-of-32,16
12166954,6,Round of 32,round-of-32,16
12166955,6,Round of 32,round-of-32,16
12166956,6,Round of 32,round-of-32,16
12166957,6,Round of 32,round-of-32,16
12166958,6,Round of 32,round-of-32,16
12166959,6,Round of 32,round-of-32,16
12166960,6,Round of 32,round-of-32,16
12166961,6,Round of 32,round-of-32,16
12166962,6,Round of 32,round-of-32,16
12166963,6,Round of 32,round-of-32,16
12166964,6,Round of 32,round-of-32,16
12166965,6,Round of 32,round-of-32,16
12166966,6,Round of 32,round-of-32,16
12168167,2,Qualification round 2,qualification-round-2,
12168267,2,Qualification round 2,qualification-round-2,
12168268,2,Qualification round 2,qualification-round-2,
12168383,2,Qualification round 2,qualification-round-2,
12168384,2,Qualification round 2,qualification-round-2,
12168396,2,Qualification round 2,qualification-round-2,
12168587,2,Qualification round 2,qualification-round-2,
12168588,2,Qualification round 2,qualification-round-2,
12168621,2,Qualification round 2,qualification-round-2,
12168827,1,Qualification round 1,qualification-round-1,
12168828,1,Qualification round 1,qualification-round-1,
12168829,1,Qualification round 1,qualification-round-1,
12168830,1,Qualification round 1,qualification-round-1,
12168831,1,Qualification round 1,qualification-round-1,
12168832,1,Qualification round 1,qualification-round-1,
12168833,1,Qualification round 1,qualification-round-1,
12168834,1,Qualification round 1,qualification-round-1,
12168835,1,Qualification round 1,qualification-round-1,
12168836,1,Qualification round 1,qualification-round-1,
12168837,1,Qualification round 1,qualification-round-1,
12168838,1,Qualification round 1,qualification-round-1,
12168839,1,Qualification round 1,qualification-round-1,
12168840,1,Qualification round 1,qualification-round-1,
12168841,1,Qualification round 1,qualification-round-1,
12168842,1,Qualification round 1,qualification-round-1,
12168843,1,Qualification round 1,qualification-round-1,
12168844,1,Qualification round 1,qualification-round-1,
12168845,1,Qualification round 1,qualification-round-1,
12168846,1,Qualification round 1,qualification-round-1,
12168847,1,Qualification round 1,qualification-round-1,
12168848,1,Qualification round 1,qualification-round-1,
12168849,1,Qualification round 1,qualification-round-1,
12168850,1,Qualification round 1,qualification-round-1,
12168865,2,Qualification round 2,qualification-round-2,
12169403,64,Round of 128,round-of-128,
12169404,64,Round of 128,round-of-128,
12169405,64,Round of 128,round-of-128,
12169406,64,Round of 128,round-of-128,
12169407,64,Round of 128,round-of-128,
12169408,64,Round of 128,round-of-128,
12169409,64,Round of 128,round-of-128,
12169410,64,Round of 128,round-of-128,
12169411,64,Round of 128,round-of-128,
12169412,64,Round of 128,round-of-128,
12169413,64,Round of 128,round-of-128,
12169414,64,Round of 128,round-of-128,
12169425,2,Qualification round 2,qualification-round-2,
12169430,2,Qualification round 2,qualification-round-2,
12169691,6,Round of 32,round-of-32,16
12169692,6,Round of 32,round-of-32,16
12169700,6,Round of 32,round-of-32,16
12169706,6,Round of 32,round-of-32,16
12169707,6,Round of 32,round-of-32,16
12169710,6,Round of 32,round-of-32,16
12169712,6,Round of 32,round-of-32,16
12169716,6,Round of 32,round-of-32,16
12169941,6,Round of 32,round-of-32,16
12169942,6,Round of 32,round-of-32,16
12169943,6,Round of 32,round-of-32,16
12169944,6,Round of 32,round-of-32,16
12169946,6,Round of 32,round-of-32,16
12169948,6,Round of 32,round-of-32,16
12169952,6,Round of 32,round-of-32,16
12169971,6,Round of 32,round-of-32,16
12169975,6,Round of 32,round-of-32,16
12169979,6,Round of 32,round-of-32,16
12169980,6,Round of 32,round-of-32,16
12170240,6,Round of 32,round-of-32,16
12170241,6,Round of 32,round-of-32,16
12170244,6,Round of 32,round-of-32,16
12170245,6,Round of 32,round-of-32,16
12170532,6,Round of 32,round-of-32,16
12170534,6,Round of 32,round-of-32,16
12170547,6,Round of 32,round-of-32,16
12170548,6,Round of 32,round-of-32,16
12170549,6,Round of 32,round-of-32,16
12170550,6,Round of 32,round-of-32,16
12170551,6,Round of 32,round-of-32,16
12170562,6,Round of 32,round-of-32,16
12170566,6,Round of 32,round-of-32,16
12170619,6,Round of 32,round-of-32,16
12170620,6,Round of 32,round-of-32,16
12170623,6,Round of 32,round-of-32,16
12170625,6,Round of 32,round-of-32,16
12170626,6,Round of 32,round-of-32,16
12170627,6,Round of 32,round-of-32,16
12170630,6,Round of 32,round-of-32,16
12170631,6,Round of 32,round-of-32,16
12170632,6,Round of 32,round-of-32,16
12170633,6,Round of 32,round-of-32,16
12170634,6,Round of 32,round-of-32,16
12170635,6,Round of 32,round-of-32,16
12170637,6,Round of 32,round-of-32,16
12170638,6,Round of 32,round-of-32,16
12170640,6,Round of 32,round-of-32,16
12170641,6,Round of 32,round-of-32,16
12170645,6,Round of 32,round-of-32,16
12170672,6,Round of 32,round-of-32,16
12170673,6,Round of 32,round-of-32,16
12170674,6,Round of 32,round-of-32,16
12170675,6,Round of 32,round-of-32,16
12170676,6,Round of 32,round-of-32,16
12170677,6,Round of 32,round-of-32,16
12170678,6,Round of 32,round-of-32,16
12170733,6,Round of 32,round-of-32,16
12170734,6,Round of 32,round-of-32,16
12170737,6,Round of 32,round-of-32,16
12170743,6,Round of 32,round-of-32,16
12170745,6,Round of 32,round-of-32,16
12170797,6,Round of 32,round-of-32,16
12170799,6,Round of 32,round-of-32,16
12170803,6,Round of 32,round-of-32,16
12170804,6,Round of 32,round-of-32,16
12170807,6,Round of 32,round-of-32,16
12170808,6,Round of 32,round-of-32,16
12170812,6,Round of 32,round-of-32,16
12170813,6,Round of 32,round-of-32,16
12170815,6,Round of 32,round-of-32,16
12170821,6,Round of 32,round-of-32,16
12170840,6,Round of 32,round-of-32,16
12170845,6,Round of 32,round-of-32,16
12170846,6,Round of 32,round-of-32,16
12170850,6,Round of 32,round-of-32,16
12170856,6,Round of 32,round-of-32,16
12170857,6,Round of 32,round-of-32,16
12170863,6,Round of 32,round-of-32,16
12170866,6,Round of 32,round-of-32,16
12170873,6,Round of 32,round-of-32,16
12170876,6,Round of 32,round-of-32,16
12170877,6,Round of 32,round-of-32,16
12170879,6,Round of 32,round-of-32,16
12170945,6,Round of 32,round-of-32,16
12170946,6,Round of 32,round-of-32,16
12170947,6,Round of 32,round-of-32,16
12170948,6,Round of 32,round-of-32,16
12170949,6,Round of 32,round-of-32,16
12170950,6,Round of 32,round-of-32,16
12170951,6,Round of 32,round-of-32,16
12170952,6,Round of 32,round-of-32,16
12171044,6,Round of 32,round-of-32,16
12171045,6,Round of 32,round-of-32,16
12171046,6,Round of 32,round-of-32,16
12171047,6,Round of 32,round-of-32,16
12171048,6,Round of 32,round-of-32,16
12171049,6,Round of 32,round-of-32,16
12171050,6,Round of 32,round-of-32,16
12171054,6,Round of 32,round-of-32,16
12171081,6,Round of 32,round-of-32,16
12171122,1,Qualification round 1,qualification-round-1,
12171158,6,Round of 32,round-of-32,16
12171160,6,Round of 32,round-of-32,16
12171161,6,Round of 32,round-of-32,16
12171167,6,Round of 32,round-of-32,16
12171168,6,Round of 32,round-of-32,16
12171477,6,Round of 32,round-of-32,16
12171478,6,Round of 32,round-of-32,16
12171479,6,Round of 32,round-of-32,16
12171480,6,Round of 32,round-of-32,16
12171481,6,Round of 32,round-of-32,16
12171484,6,Round of 32,round-of-32,16
12171487,6,Round of 32,round-of-32,16
12171488,6,Round of 32,round-of-32,16
12171558,6,Round of 32,round-of-32,16
12171559,6,Round of 32,round-of-32,16
12171560,6,Round of 32,round-of-32,16
12171565,6,Round of 32,round-of-32,16
12171566,6,Round of 32,round-of-32,16
12171567,6,Round of 32,round-of-32,16
12171597,6,Round of 32,round-of-32,16
12171598,6,Round of 32,round-of-32,16
12171599,6,Round of 32,round-of-32,16
12171600,6,Round of 32,round-of-32,16
12171603,6,Round of 32,round-of-32,16
12171604,6,Round of 32,round-of-32,16
12171605,6,Round of 32,round-of-32,16
12171607,6,Round of 32,round-of-32,16
12171634,2,Qualification round 2,qualification-round-2,
12171635,2,Qualification round 2,qualification-round-2,
12171636,2,Qualification round 2,qualification-round-2,
12171637,2,Qualification round 2,qualification-round-2,
12171638,2,Qualification round 2,qualification-round-2,
12171639,2,Qualification round 2,qualification-round-2,
12171667,6,Round of 32,round-of-32,16
12171668,6,Round of 32,round-of-32,16
12171669,6,Round of 32,round-of-32,16
12171670,6,Round of 32,round-of-32,16
12171671,6,Round of 32,round-of-32,16
12171672,6,Round of 32,round-of-32,16
12171695,6,Round of 32,round-of-32,16
12171697,6,Round of 32,round-of-32,16
12171699,6,Round of 32,round-of-32,16
12171701,6,Round of 32,round-of-32,16
12171706,6,Round of 32,round-of-32,16
12171729,2,Qualification round 2,qualification-round-2,
12171730,2,Qualification round 2,qualification-round-2,
12171731,2,Qualification round 2,qualification-round-2,
12171732,2,Qualification round 2,qualification-round-2,
12171777,2,Qualification round 2,qualification-round-2,
12171922,6,Round of 32,round-of-32,16
12171923,6,Round of 32,round-of-32,16
12171926,6,Round of 32,round-of-32,16
12171928,6,Round of 32,round-of-32,16
12171931,6,Round of 32,round-of-32,16
12171933,6,Round of 32,round-of-32,16
12171934,6,Round of 32,round-of-32,16
12171937,6,Round of 32,round-of-32,16
12171938,6,Round of 32,round-of-32,16
12171939,6,Round of 32,round-of-32,16
12171941,6,Round of 32,round-of-32,16
12171942,6,Round of 32,round-of-32,16
12171943,6,Round of 32,round-of-32,16
12171944,6,Round of 32,round-of-32,16
12171945,6,Round of 32,round-of-32,16
12171947,6,Round of 32,round-of-32,16
12171949,6,Round of 32,round-of-32,16
12171969,6,Round of 32,round-of-32,16
12171970,6,Round of 32,round-of-32,16
12171971,6,Round of 32,round-of-32,16
12171975,6,Round of 32,round-of-32,16
12171977,6,Round of 32,round-of-32,16
12171982,6,Round of 32,round-of-32,16
12171983,6,Round of 32,round-of-32,16
12171984,6,Round of 32,round-of-32,16
12171989,6,Round of 32,round-of-32,16
12171990,6,Round of 32,round-of-32,16
12171993,6,Round of 32,round-of-32,16
12171996,6,Round of 32,round-of-32,16
12171998,6,Round of 32,round-of-32,16
12171999,6,Round of 32,round-of-32,16
12172000,6,Round of 32,round-of-32,16
12172001,6,Round of 32,round-of-32,16
12172002,6,Round of 32,round-of-32,16
12172003,6,Round of 32,round-of-32,16
12172004,6,Round of 32,round-of-32,16
12172005,6,Round of 32,round-of-32,16
12172006,6,Round of 32,round-of-32,16
12172008,6,Round of 32,round-of-32,16
12172009,6,Round of 32,round-of-32,16
12172010,6,Round of 32,round-of-32,16
12172011,6,Round of 32,round-of-32,16
12172142,6,Round of 32,round-of-32,16
12172147,6,Round of 32,round-of-32,16
12172152,6,Round of 32,round-of-32,16
12172155,6,Round of 32,round-of-32,16
12172157,6,Round of 32,round-of-32,16
12172206,6,Round of 32,round-of-32,16
12172207,6,Round of 32,round-of-32,16
12172212,6,Round of 32,round-of-32,16
12172213,6,Round of 32,round-of-32,16
12172217,6,Round of 32,round-of-32,16
12172218,6,Round of 32,round-of-32,16
12172221,6,Round of 32,round-of-32,16
12172224,6,Round of 32,round-of-32,16
12172227,6,Round of 32,round-of-32,16
12172230,6,Round of 32,round-of-32,16
12172233,6,Round of 32,round-of-32,16
12172305,6,Round of 32,round-of-32,16
12172307,6,Round of 32,round-of-32,16
12172308,6,Round of 32,round-of-32,16
12172309,6,Round of 32,round-of-32,16
12172311,2,Qualification round 2,qualification-round-2,
12172402,64,Round of 128,round-of-128,
12172410,64,Round of 128,round-of-128,
12172412,64,Round of 128,round-of-128,
12172413,64,Round of 128,round-of-128,
12172414,64,Round of 128,round-of-128,
12172544,6,Round of 32,round-of-32,16
12172546,6,Round of 32,round-of-32,16
12172549,6,Round of 32,round-of-32,16
12172553,6,Round of 32,round-of-32,16
12172555,6,Round of 32,round-of-32,16
12172646,6,Round of 32,round-of-32,16
12172647,6,Round of 32,round-of-32,16
12172648,6,Round of 32,round-of-32,16
12172649,6,Round of 32,round-of-32,16
12172650,6,Round of 32,round-of-32,16
12172651,6,Round of 32,round-of-32,16
12172652,6,Round of 32,round-of-32,16
12172734,6,Round of 32,round-of-32,16
12172735,6,Round of 32,round-of-32,16
12172736,6,Round of 32,round-of-32,16
12172737,6,Round of 32,round-of-32,16
12172740,6,Round of 32,round-of-32,16
12172741,6,Round of 32,round-of-32,16
12172742,6,Round of 32,round-of-32,16
12172743,6,Round of 32,round-of-32,16
12172745,6,Round of 32,round-of-32,16
12172746,6,Round of 32,round-of-32,16
12172747,6,Round of 32,round-of-32,16
12172749,6,Round of 32,round-of-32,16
12172751,6,Round of 32,round-of-32,16
12172752,6,Round of 32,round-of-32,16
12172756,6,Round of 32,round-of-32,16
12172758,6,Round of 32,round-of-32,16
12172759,6,Round of 32,round-of-32,16
12172760,6,Round of 32,round-of-32,16
12172764,6,Round of 32,round-of-32,16
12172767,6,Round of 32,round-of-32,16
12172770,6,Round of 32,round-of-32,16
12172771,6,Round of 32,round-of-32,16
12172772,6,Round of 32,round-of-32,16
12172773,6,Round of 32,round-of-32,16
12172774,6,Round of 32,round-of-32,16
12172775,6,Round of 32,round-of-32,16
12172780,6,Round of 32,round-of-32,16
12172790,6,Round of 32,round-of-32,16
12172792,6,Round of 32,round-of-32,16
12172798,6,Round of 32,round-of-32,16
12172802,6,Round of 32,round-of-32,16
12172806,6,Round of 32,round-of-32,16
12172810,6,Round of 32,round-of-32,16
12172811,6,Round of 32,round-of-32,16
12172814,6,Round of 32,round-of-32,16
12172815,6,Round of 32,round-of-32,16
12172823,6,Round of 32,round-of-32,16
12172824,6,Round of 32,round-of-32,16
12172830,6,Round of 32,round-of-32,16
12172831,6,Round of 32,round-of-32,16
12172832,6,Round of 32,round-of-32,16
12172833,6,Round of 32,round-of-32,16
12172834,6,Round of 32,round-of-32,16
12172835,6,Round of 32,round-of-32,16
12172836,6,Round of 32,round-of-32,16
12172847,6,Round of 32,round-of-32,16
12172848,6,Round of 32,round-of-32,16
12172849,6,Round of 32,round-of-32,16
12172850,6,Round of 32,round-of-32,16
12172851,6,Round of 32,round-of-32,16
12172852,6,Round of 32,round-of-32,16
12172853,6,Round of 32,round-of-32,16
12172976,6,Round of 32,round-of-32,16
12173290,6,Round of 32,round-of-32,16
12173291,6,Round of 32,round-of-32,16
12173292,6,Round of 32,round-of-32,16
12173293,6,Round of 32,round-of-32,16
12173294,6,Round of 32,round-of-32,16
12173295,6,Round of 32,round-of-32,16
12173296,6,Round of 32,round-of-32,16
12173297,6,Round of 32,round-of-32,16
12173404,6,Round of 32,round-of-32,16
12173757,6,Round of 32,round-of-32,16
12173758,6,Round of 32,round-of-32,16
12173759,6,Round of 32,round-of-32,16
12173760,6,Round of 32,round-of-32,16
12173761,6,Round of 32,round-of-32,16
12173762,6,Round of 32,round-of-32,16
12173764,6,Round of 32,round-of-32,16
12174060,6,Round of 32,round-of-32,16
12174061,6,Round of 32,round-of-32,16
12174062,6,Round of 32,round-of-32,16
12174063,6,Round of 32,round-of-32,16
12174064,6,Round of 32,round-of-32,16
12174065,6,Round of 32,round-of-32,16
12174066,6,Round of 32,round-of-32,16
12174067,6,Round of 32,round-of-32,16
12174135,6,Round of 32,round-of-32,16
12174136,6,Round of 32,round-of-32,16
12174138,6,Round of 32,round-of-32,16
12174140,6,Round of 32,round-of-32,16
12174141,6,Round of 32,round-of-32,16
12174222,6,Round of 32,round-of-32,16
12174223,6,Round of 32,round-of-32,16
12174225,6,Round of 32,round-of-32,16
12174226,6,Round of 32,round-of-32,16
12174227,6,Round of 32,round-of-32,16
12174228,6,Round of 32,round-of-32,16
12174230,6,Round of 32,round-of-32,16
12174266,6,Round of 32,round-of-32,16
12174267,6,Round of 32,round-of-32,16
12174268,6,Round of 32,round-of-32,16
12174269,6,Round of 32,round-of-32,16
12174271,6,Round of 32,round-of-32,16
12174272,6,Round of 32,round-of-32,16
12174273,6,Round of 32,round-of-32,16
12174274,6,Round of 32,round-of-32,16
12174275,6,Round of 32,round-of-32,16
12174276,6,Round of 32,round-of-32,16
12174277,6,Round of 32,round-of-32,16
12174278,6,Round of 32,round-of-32,16
12174279,6,Round of 32,round-of-32,16
12174281,6,Round of 32,round-of-32,16
12174317,6,Round of 32,round-of-32,16
12174319,6,Round of 32,round-of-32,16
12174320,6,Round of 32,round-of-32,16
12174321,6,Round of 32,round-of-32,16
12174322,6,Round of 32,round-of-32,16
12174324,6,Round of 32,round-of-32,16
12174356,6,Round of 32,round-of-32,16
12174357,6,Round of 32,round-of-32,16
12174358,6,Round of 32,round-of-32,16
12174359,6,Round of 32,round-of-32,16
12174360,6,Round of 32,round-of-32,16
12174361,6,Round of 32,round-of-32,16
12174364,6,Round of 32,round-of-32,16
12174365,6,Round of 32,round-of-32,16
12174366,6,Round of 32,round-of-32,16
12174367,6,Round of 32,round-of-32,16
12174368,6,Round of 32,round-of-32,16
12174369,6,Round of 32,round-of-32,16
12174382,6,Round of 32,round-of-32,16
12174383,6,Round of 32,round-of-32,16
12174384,6,Round of 32,round-of-32,16
12174385,6,Round of 32,round-of-32,16
12174386,6,Round of 32,round-of-32,16
12174388,6,Round of 32,round-of-32,16
12174390,6,Round of 32,round-of-32,16
12174479,6,Round of 32,round-of-32,16
12174480,6,Round of 32,round-of-32,16
12174481,6,Round of 32,round-of-32,16
12174482,6,Round of 32,round-of-32,16
12174483,6,Round of 32,round-of-32,16
12174484,6,Round of 32,round-of-32,16
12174486,6,Round of 32,round-of-32,16
12174487,6,Round of 32,round-of-32,16
12174488,6,Round of 32,round-of-32,16
12174489,6,Round of 32,round-of-32,16
12174490,6,Round of 32,round-of-32,16
12174491,6,Round of 32,round-of-32,16
12174492,6,Round of 32,round-of-32,16
12174493,6,Round of 32,round-of-32,16
12174494,6,Round of 32,round-of-32,16
12174506,6,Round of 32,round-of-32,16
12174578,6,Round of 32,round-of-32,16
12174580,6,Round of 32,round-of-32,16
12174583,6,Round of 32,round-of-32,16
12174633,6,Round of 32,round-of-32,16
12174634,6,Round of 32,round-of-32,16
12174635,6,Round of 32,round-of-32,16
12174636,6,Round of 32,round-of-32,16
12174637,6,Round of 32,round-of-32,16
12174639,6,Round of 32,round-of-32,16
12174764,6,Round of 32,round-of-32,16
12174765,6,Round of 32,round-of-32,16
12174766,6,Round of 32,round-of-32,16
12174767,6,Round of 32,round-of-32,16
12174768,6,Round of 32,round-of-32,16
12174769,6,Round of 32,round-of-32,16
12174770,6,Round of 32,round-of-32,16
12175247,6,Round of 32,round-of-32,16
12175248,6,Round of 32,round-of-32,16
12175249,6,Round of 32,round-of-32,16
12175250,6,Round of 32,round-of-32,16
12175251,6,Round of 32,round-of-32,16
12176543,6,Round of 32,round-of-32,16
12176556,6,Round of 32,round-of-32,16
12156093,5,Round of 16,round-of-16,8
12156096,5,Round of 16,round-of-16,8
12156098,5,Round of 16,round-of-16,8
12156108,5,Round of 16,round-of-16,8
12156216,5,Round of 16,round-of-16,8
12156217,5,Round of 16,round-of-16,8
12156219,5,Round of 16,round-of-16,8
12156220,5,Round of 16,round-of-16,8
12156221,5,Round of 16,round-of-16,8
12156227,5,Round of 16,round-of-16,8
12156232,5,Round of 16,round-of-16,8
12156235,5,Round of 16,round-of-16,8
12156239,5,Round of 16,round-of-16,8
12156251,5,Round of 16,round-of-16,8
12156253,5,Round of 16,round-of-16,8
12156255,5,Round of 16,round-of-16,8
12156256,5,Round of 16,round-of-16,8
12156260,5,Round of 16,round-of-16,8
12156268,5,Round of 16,round-of-16,8
12156273,5,Round of 16,round-of-16,8
12156276,5,Round of 16,round-of-16,8
12156278,5,Round of 16,round-of-16,8
12156279,5,Round of 16,round-of-16,8
12156280,5,Round of 16,round-of-16,8
12156281,5,Round of 16,round-of-16,8
12156282,5,Round of 16,round-of-16,8
12166873,6,Round of 32,round-of-32,16
12166875,6,Round of 32,round-of-32,16
12166876,6,Round of 32,round-of-32,16
12166877,6,Round of 32,round-of-32,16
12166878,6,Round of 32,round-of-32,16
12166879,6,Round of 32,round-of-32,16
12166883,6,Round of 32,round-of-32,16
12166932,6,Round of 32,round-of-32,16
12166933,6,Round of 32,round-of-32,16
12166935,6,Round of 32,round-of-32,16
12166949,6,Round of 32,round-of-32,16
12166952,6,Round of 32,round-of-32,16
12166958,6,Round of 32,round-of-32,16
12166965,6,Round of 32,round-of-32,16
12169395,64,Round of 128,round-of-128,
12169396,64,Round of 128,round-of-128,
12169397,64,Round of 128,round-of-128,
12169398,64,Round of 128,round-of-128,
12169399,64,Round of 128,round-of-128,
12169400,64,Round of 128,round-of-128,
12169401,64,Round of 128,round-of-128,
12169402,64,Round of 128,round-of-128,
12169403,64,Round of 128,round-of-128,
12169404,64,Round of 128,round-of-128,
12169405,64,Round of 128,round-of-128,
12169406,64,Round of 128,round-of-128,
12169407,64,Round of 128,round-of-128,
12169408,64,Round of 128,round-of-128,
12169409,64,Round of 128,round-of-128,
12169410,64,Round of 128,round-of-128,
12169411,64,Round of 128,round-of-128,
12169412,64,Round of 128,round-of-128,
12169413,64,Round of 128,round-of-128,
12169414,64,Round of 128,round-of-128,
12170549,6,Round of 32,round-of-32,16
12170550,6,Round of 32,round-of-32,16
12170551,6,Round of 32,round-of-32,16
12170620,6,Round of 32,round-of-32,16
12170631,6,Round of 32,round-of-32,16
12170632,6,Round of 32,round-of-32,16
12170633,6,Round of 32,round-of-32,16
12170634,6,Round of 32,round-of-32,16
12170640,6,Round of 32,round-of-32,16
12170641,6,Round of 32,round-of-32,16
12170672,6,Round of 32,round-of-32,16
12170673,6,Round of 32,round-of-32,16
12170674,6,Round of 32,round-of-32,16
12170675,6,Round of 32,round-of-32,16
12170676,6,Round of 32,round-of-32,16
12170677,6,Round of 32,round-of-32,16
12170733,6,Round of 32,round-of-32,16
12170734,6,Round of 32,round-of-32,16
12170797,6,Round of 32,round-of-32,16
12170807,6,Round of 32,round-of-32,16
12170840,6,Round of 32,round-of-32,16
12170846,6,Round of 32,round-of-32,16
12170863,6,Round of 32,round-of-32,16
12170945,6,Round of 32,round-of-32,16
12170948,6,Round of 32,round-of-32,16
12170950,6,Round of 32,round-of-32,16
12170951,6,Round of 32,round-of-32,16
12171044,6,Round of 32,round-of-32,16
12171047,6,Round of 32,round-of-32,16
12171081,6,Round of 32,round-of-32,16
12171158,6,Round of 32,round-of-32,16
12171160,6,Round of 32,round-of-32,16
12171161,6,Round of 32,round-of-32,16
12171167,6,Round of 32,round-of-32,16
12171168,6,Round of 32,round-of-32,16
12171479,6,Round of 32,round-of-32,16
12171484,6,Round of 32,round-of-32,16
12171487,6,Round of 32,round-of-32,16
12171488,6,Round of 32,round-of-32,16
12171558,6,Round of 32,round-of-32,16
12171559,6,Round of 32,round-of-32,16
12171560,6,Round of 32,round-of-32,16
12171565,6,Round of 32,round-of-32,16
12171566,6,Round of 32,round-of-32,16
12171567,6,Round of 32,round-of-32,16
12171597,6,Round of 32,round-of-32,16
12171598,6,Round of 32,round-of-32,16
12171599,6,Round of 32,round-of-32,16
12171600,6,Round of 32,round-of-32,16
12171603,6,Round of 32,round-of-32,16
12171604,6,Round of 32,round-of-32,16
12171605,6,Round of 32,round-of-32,16
12171607,6,Round of 32,round-of-32,16
12171634,2,Qualification round 2,qualification-round-2,
12171635,2,Qualification round 2,qualification-round-2,
12171636,2,Qualification round 2,qualification-round-2,
12171637,2,Qualification round 2,qualification-round-2,
12171638,2,Qualification round 2,qualification-round-2,
12171639,2,Qualification round 2,qualification-round-2,
12171667,6,Round of 32,round-of-32,16
12171668,6,Round of 32,round-of-32,16
12171669,6,Round of 32,round-of-32,16
12171670,6,Round of 32,round-of-32,16
12171671,6,Round of 32,round-of-32,16
12171672,6,Round of 32,round-of-32,16
12171695,6,Round of 32,round-of-32,16
12171697,6,Round of 32,round-of-32,16
12171699,6,Round of 32,round-of-32,16
12171701,6,Round of 32,round-of-32,16
12171706,6,Round of 32,round-of-32,16
12171729,2,Qualification round 2,qualification-round-2,
12171730,2,Qualification round 2,qualification-round-2,
12171731,2,Qualification round 2,qualification-round-2,
12171732,2,Qualification round 2,qualification-round-2,
12171749,64,Round of 128,round-of-128,
12171750,64,Round of 128,round-of-128,
12171751,64,Round of 128,round-of-128,
12171752,64,Round of 128,round-of-128,
12171753,64,Round of 128,round-of-128,
12171754,64,Round of 128,round-of-128,
12171755,64,Round of 128,round-of-128,
12171756,64,Round of 128,round-of-128,
12171757,64,Round of 128,round-of-128,
12171758,64,Round of 128,round-of-128,
12171759,64,Round of 128,round-of-128,
12171760,64,Round of 128,round-of-128,
12171777,2,Qualification round 2,qualification-round-2,
12171920,6,Round of 32,round-of-32,16
12171922,6,Round of 32,round-of-32,16
12171923,6,Round of 32,round-of-32,16
12171924,6,Round of 32,round-of-32,16
12171925,6,Round of 32,round-of-32,16
12171926,6,Round of 32,round-of-32,16
12171927,6,Round of 32,round-of-32,16
12171928,6,Round of 32,round-of-32,16
12171930,6,Round of 32,round-of-32,16
12171931,6,Round of 32,round-of-32,16
12171933,6,Round of 32,round-of-32,16
12171934,6,Round of 32,round-of-32,16
12171937,6,Round of 32,round-of-32,16
12171938,6,Round of 32,round-of-32,16
12171939,6,Round of 32,round-of-32,16
12171941,6,Round of 32,round-of-32,16
12171942,6,Round of 32,round-of-32,16
12171943,6,Round of 32,round-of-32,16
12171944,6,Round of 32,round-of-32,16
12171945,6,Round of 32,round-of-32,16
12171946,6,Round of 32,round-of-32,16
12171947,6,Round of 32,round-of-32,16
12171948,6,Round of 32,round-of-32,16
12171949,6,Round of 32,round-of-32,16
12171950,6,Round of 32,round-of-32,16
12171953,6,Round of 32,round-of-32,16
12171955,6,Round of 32,round-of-32,16
12171963,6,Round of 32,round-of-32,16
12171969,6,Round of 32,round-of-32,16
12171970,6,Round of 32,round-of-32,16
12171971,6,Round of 32,round-of-32,16
12171975,6,Round of 32,round-of-32,16
12171977,6,Round of 32,round-of-32,16
12171982,6,Round of 32,round-of-32,16
12171983,6,Round of 32,round-of-32,16
12171984,6,Round of 32,round-of-32,16
12171986,6,Round of 32,round-of-32,16
12171988,5,Round of 16,round-of-16,8
12171989,6,Round of 32,round-of-32,16
12171990,6,Round of 32,round-of-32,16
12171991,6,Round of 32,round-of-32,16
12171992,6,Round of 32,round-of-32,16
12171993,6,Round of 32,round-of-32,16
12171994,6,Round of 32,round-of-32,16
12171996,6,Round of 32,round-of-32,16
12171998,6,Round of 32,round-of-32,16
12171999,6,Round of 32,round-of-32,16
12172000,6,Round of 32,round-of-32,16
12172001,6,Round of 32,round-of-32,16
12172002,6,Round of 32,round-of-32,16
12172003,6,Round of 32,round-of-32,16
12172004,6,Round of 32,round-of-32,16
12172005,6,Round of 32,round-of-32,16
12172006,6,Round of 32,round-of-32,16
12172008,6,Round of 32,round-of-32,16
12172009,6,Round of 32,round-of-32,16
12172010,6,Round of 32,round-of-32,16
12172011,6,Round of 32,round-of-32,16
12172142,6,Round of 32,round-of-32,16
12172147,6,Round of 32,round-of-32,16
12172152,6,Round of 32,round-of-32,16
12172155,6,Round of 32,round-of-32,16
12172157,6,Round of 32,round-of-32,16
12172206,6,Round of 32,round-of-32,16
12172207,6,Round of 32,round-of-32,16
12172212,6,Round of 32,round-of-32,16
12172213,6,Round of 32,round-of-32,16
12172217,6,Round of 32,round-of-32,16
12172218,6,Round of 32,round-of-32,16
12172221,6,Round of 32,round-of-32,16
12172224,6,Round of 32,round-of-32,16
12172227,6,Round of 32,round-of-32,16
12172230,6,Round of 32,round-of-32,16
12172233,6,Round of 32,round-of-32,16
12172305,6,Round of 32,round-of-32,16
12172307,6,Round of 32,round-of-32,16
12172308,6,Round of 32,round-of-32,16
12172309,6,Round of 32,round-of-32,16
12172311,2,Qualification round 2,qualification-round-2,
12172402,64,Round of 128,round-of-128,
12172403,64,Round of 128,round-of-128,
12172404,64,Round of 128,round-of-128,
12172405,64,Round of 128,round-of-128,
12172406,64,Round of 128,round-of-128,
12172407,64,Round of 128,round-of-128,
12172408,64,Round of 128,round-of-128,
12172409,64,Round of 128,round-of-128,
12172410,64,Round of 128,round-of-128,
12172411,64,Round of 128,round-of-128,
12172412,64,Round of 128,round-of-128,
12172413,64,Round of 128,round-of-128,
12172414,64,Round of 128,round-of-128,
12172544,6,Round of 32,round-of-32,16
12172546,6,Round of 32,round-of-32,16
12172549,6,Round of 32,round-of-32,16
12172553,6,Round of 32,round-of-32,16
12172555,6,Round of 32,round-of-32,16
12172586,6,Round of 32,round-of-32,16
12172587,6,Round of 32,round-of-32,16
12172588,6,Round of 32,round-of-32,16
12172589,6,Round of 32,round-of-32,16
12172646,6,Round of 32,round-of-32,16
12172647,6,Round of 32,round-of-32,16
12172648,6,Round of 32,round-of-32,16
12172649,6,Round of 32,round-of-32,16
12172650,6,Round of 32,round-of-32,16
12172651,6,Round of 32,round-of-32,16
12172652,6,Round of 32,round-of-32,16
12172734,6,Round of 32,round-of-32,16
12172735,6,Round of 32,round-of-32,16
12172736,6,Round of 32,round-of-32,16
12172737,6,Round of 32,round-of-32,16
12172740,6,Round of 32,round-of-32,16
12172741,6,Round of 32,round-of-32,16
12172742,6,Round of 32,round-of-32,16
12172743,6,Round of 32,round-of-32,16
12172745,6,Round of 32,round-of-32,16
12172746,6,Round of 32,round-of-32,16
12172747,6,Round of 32,round-of-32,16
12172749,6,Round of 32,round-of-32,16
12172751,6,Round of 32,round-of-32,16
12172752,6,Round of 32,round-of-32,16
12172756,6,Round of 32,round-of-32,16
12172758,6,Round of 32,round-of-32,16
12172759,6,Round of 32,round-of-32,16
12172760,6,Round of 32,round-of-32,16
12172761,6,Round of 32,round-of-32,16
12172763,6,Round of 32,round-of-32,16
12172764,6,Round of 32,round-of-32,16
12172766,6,Round of 32,round-of-32,16
12172767,6,Round of 32,round-of-32,16
12172768,6,Round of 32,round-of-32,16
12172769,5,Round of 16,round-of-16,8
12172770,6,Round of 32,round-of-32,16
12172771,6,Round of 32,round-of-32,16
12172772,6,Round of 32,round-of-32,16
12172773,6,Round of 32,round-of-32,16
12172774,6,Round of 32,round-of-32,16
12172775,6,Round of 32,round-of-32,16
12172776,6,Round of 32,round-of-32,16
12172777,6,Round of 32,round-of-32,16
12172780,6,Round of 32,round-of-32,16
12172790,6,Round of 32,round-of-32,16
12172792,6,Round of 32,round-of-32,16
12172795,6,Round of 32,round-of-32,16
12172798,6,Round of 32,round-of-32,16
12172802,6,Round of 32,round-of-32,16
12172806,6,Round of 32,round-of-32,16
12172807,6,Round of 32,round-of-32,16
12172810,6,Round of 32,round-of-32,16
12172811,6,Round of 32,round-of-32,16
12172814,6,Round of 32,round-of-32,16
12172815,6,Round of 32,round-of-32,16
12172818,6,Round of 32,round-of-32,16
12172820,6,Round of 32,round-of-32,16
12172823,6,Round of 32,round-of-32,16
12172824,6,Round of 32,round-of-32,16
12172830,6,Round of 32,round-of-32,16
12172831,6,Round of 32,round-of-32,16
12172832,6,Round of 32,round-of-32,16
12172833,6,Round of 32,round-of-32,16
12172834,6,Round of 32,round-of-32,16
12172835,6,Round of 32,round-of-32,16
12172836,6,Round of 32,round-of-32,16
12172837,5,Round of 16,round-of-16,8
12172844,5,Round of 16,round-of-16,8
12172845,5,Round of 16,round-of-16,8
12172846,5,Round of 16,round-of-16,8
12172847,6,Round of 32,round-of-32,16
12172848,6,Round of 32,round-of-32,16
12172849,6,Round of 32,round-of-32,16
12172850,6,Round of 32,round-of-32,16
12172851,6,Round of 32,round-of-32,16
12172852,6,Round of 32,round-of-32,16
12172853,6,Round of 32,round-of-32,16
12172889,5,Round of 16,round-of-16,8
12172905,5,Round of 16,round-of-16,8
12172976,6,Round of 32,round-of-32,16
12172977,5,Round of 16,round-of-16,8
12172984,5,Round of 16,round-of-16,8
12173290,6,Round of 32,round-of-32,16
12173291,6,Round of 32,round-of-32,16
12173292,6,Round of 32,round-of-32,16
12173293,6,Round of 32,round-of-32,16
12173294,6,Round of 32,round-of-32,16
12173295,6,Round of 32,round-of-32,16
12173296,6,Round of 32,round-of-32,16
12173297,6,Round of 32,round-of-32,16
12173404,6,Round of 32,round-of-32,16
12173757,6,Round of 32,round-of-32,16
12173758,6,Round of 32,round-of-32,16
12173759,6,Round of 32,round-of-32,16
12173760,6,Round of 32,round-of-32,16
12173761,6,Round of 32,round-of-32,16
12173762,6,Round of 32,round-of-32,16
12173764,6,Round of 32,round-of-32,16
12173964,5,Round of 16,round-of-16,8
12174060,6,Round of 32,round-of-32,16
12174061,6,Round of 32,round-of-32,16
12174062,6,Round of 32,round-of-32,16
12174063,6,Round of 32,round-of-32,16
12174064,6,Round of 32,round-of-32,16
12174065,6,Round of 32,round-of-32,16
12174066,6,Round of 32,round-of-32,16
12174067,6,Round of 32,round-of-32,16
12174130,5,Round of 16,round-of-16,8
12174135,6,Round of 32,round-of-32,16
12174136,6,Round of 32,round-of-32,16
12174137,6,Round of 32,round-of-32,16
12174138,6,Round of 32,round-of-32,16
12174139,6,Round of 32,round-of-32,16
12174140,6,Round of 32,round-of-32,16
12174141,6,Round of 32,round-of-32,16
12174142,6,Round of 32,round-of-32,16
12174151,5,Round of 16,round-of-16,8
12174173,5,Round of 16,round-of-16,8
12174180,5,Round of 16,round-of-16,8
12174207,5,Round of 16,round-of-16,8
12174222,6,Round of 32,round-of-32,16
12174223,6,Round of 32,round-of-32,16
12174225,6,Round of 32,round-of-32,16
12174226,6,Round of 32,round-of-32,16
12174227,6,Round of 32,round-of-32,16
12174228,6,Round of 32,round-of-32,16
12174229,5,Round of 16,round-of-16,8
12174230,6,Round of 32,round-of-32,16
12174232,5,Round of 16,round-of-16,8
12174233,5,Round of 16,round-of-16,8
12174234,5,Round of 16,round-of-16,8
12174235,5,Round of 16,round-of-16,8
12174265,6,Round of 32,round-of-32,16
12174266,6,Round of 32,round-of-32,16
12174267,6,Round of 32,round-of-32,16
12174268,6,Round of 32,round-of-32,16
12174269,6,Round of 32,round-of-32,16
12174270,6,Round of 32,round-of-32,16
12174271,6,Round of 32,round-of-32,16
12174272,6,Round of 32,round-of-32,16
12174273,6,Round of 32,round-of-32,16
12174274,6,Round of 32,round-of-32,16
12174275,6,Round of 32,round-of-32,16
12174276,6,Round of 32,round-of-32,16
12174277,6,Round of 32,round-of-32,16
12174278,6,Round of 32,round-of-32,16
12174279,6,Round of 32,round-of-32,16
12174281,6,Round of 32,round-of-32,16
12174317,6,Round of 32,round-of-32,16
12174318,6,Round of 32,round-of-32,16
12174319,6,Round of 32,round-of-32,16
12174320,6,Round of 32,round-of-32,16
12174321,6,Round of 32,round-of-32,16
12174322,6,Round of 32,round-of-32,16
12174323,5,Round of 16,round-of-16,8
12174324,6,Round of 32,round-of-32,16
12174325,6,Round of 32,round-of-32,16
12174343,5,Round of 16,round-of-16,8
12174345,5,Round of 16,round-of-16,8
12174354,6,Round of 32,round-of-32,16
12174355,6,Round of 32,round-of-32,16
12174356,6,Round of 32,round-of-32,16
12174357,6,Round of 32,round-of-32,16
12174358,6,Round of 32,round-of-32,16
12174359,6,Round of 32,round-of-32,16
12174360,6,Round of 32,round-of-32,16
12174361,6,Round of 32,round-of-32,16
12174362,6,Round of 32,round-of-32,16
12174363,6,Round of 32,round-of-32,16
12174364,6,Round of 32,round-of-32,16
12174365,6,Round of 32,round-of-32,16
12174366,6,Round of 32,round-of-32,16
12174367,6,Round of 32,round-of-32,16
12174368,6,Round of 32,round-of-32,16
12174369,6,Round of 32,round-of-32,16
12174382,6,Round of 32,round-of-32,16
12174383,6,Round of 32,round-of-32,16
12174384,6,Round of 32,round-of-32,16
12174385,6,Round of 32,round-of-32,16
12174386,6,Round of 32,round-of-32,16
12174387,5,Round of 16,round-of-16,8
12174388,6,Round of 32,round-of-32,16
12174390,6,Round of 32,round-of-32,16
12174447,5,Round of 16,round-of-16,8
12174449,5,Round of 16,round-of-16,8
12174477,5,Round of 16,round-of-16,8
12174479,6,Round of 32,round-of-32,16
12174480,6,Round of 32,round-of-32,16
12174481,6,Round of 32,round-of-32,16
12174482,6,Round of 32,round-of-32,16
12174483,6,Round of 32,round-of-32,16
12174484,6,Round of 32,round-of-32,16
12174485,6,Round of 32,round-of-32,16
12174486,6,Round of 32,round-of-32,16
12174487,6,Round of 32,round-of-32,16
12174488,6,Round of 32,round-of-32,16
12174489,6,Round of 32,round-of-32,16
12174490,6,Round of 32,round-of-32,16
12174491,6,Round of 32,round-of-32,16
12174492,6,Round of 32,round-of-32,16
12174493,6,Round of 32,round-of-32,16
12174494,6,Round of 32,round-of-32,16
12174506,6,Round of 32,round-of-32,16
12174551,5,Round of 16,round-of-16,8
12174568,5,Round of 16,round-of-16,8
12174578,6,Round of 32,round-of-32,16
12174579,6,Round of 32,round-of-32,16
12174580,6,Round of 32,round-of-32,16
12174581,6,Round of 32,round-of-32,16
12174582,6,Round of 32,round-of-32,16
12174583,6,Round of 32,round-of-32,16
12174620,5,Round of 16,round-of-16,8
12174622,5,Round of 16,round-of-16,8
12174628,5,Round of 16,round-of-16,8
12174629,6,Round of 32,round-of-32,16
12174630,6,Round of 32,round-of-32,16
12174633,6,Round of 32,round-of-32,16
12174634,6,Round of 32,round-of-32,16
12174635,6,Round of 32,round-of-32,16
12174636,6,Round of 32,round-of-32,16
12174637,6,Round of 32,round-of-32,16
12174638,6,Round of 32,round-of-32,16
12174639,6,Round of 32,round-of-32,16
12174686,6,Round of 32,round-of-32,16
12174687,6,Round of 32,round-of-32,16
12174690,6,Round of 32,round-of-32,16
12174692,6,Round of 32,round-of-32,16
12174764,6,Round of 32,round-of-32,16
12174765,6,Round of 32,round-of-32,16
12174766,6,Round of 32,round-of-32,16
12174767,6,Round of 32,round-of-32,16
12174768,6,Round of 32,round-of-32,16
12174769,6,Round of 32,round-of-32,16
12174770,6,Round of 32,round-of-32,16
12174987,5,Round of 16,round-of-16,8
12175021,5,Round of 16,round-of-16,8
12175247,6,Round of 32,round-of-32,16
12175248,6,Round of 32,round-of-32,16
12175249,6,Round of 32,round-of-32,16
12175250,6,Round of 32,round-of-32,16
12175251,6,Round of 32,round-of-32,16
12175252,6,Round of 32,round-of-32,16
12175275,5,Round of 16,round-of-16,8
12175294,6,Round of 32,round-of-32,16
12175295,6,Round of 32,round-of-32,16
12175296,6,Round of 32,round-of-32,16
12175297,6,Round of 32,round-of-32,16
12175298,6,Round of 32,round-of-32,16
12175299,6,Round of 32,round-of-32,16
12175300,6,Round of 32,round-of-32,16
12175358,6,Round of 32,round-of-32,16
12175771,64,Round of 128,round-of-128,
12175772,64,Round of 128,round-of-128,
12175773,64,Round of 128,round-of-128,
12175774,64,Round of 128,round-of-128,
12175775,64,Round of 128,round-of-128,
12175793,5,Round of 16,round-of-16,8
12175818,5,Round of 16,round-of-16,8
12175823,5,Round of 16,round-of-16,8
12175824,5,Round of 16,round-of-16,8
12175862,5,Round of 16,round-of-16,8
12175863,5,Round of 16,round-of-16,8
12175864,5,Round of 16,round-of-16,8
12175882,5,Round of 16,round-of-16,8
12175883,5,Round of 16,round-of-16,8
12175884,5,Round of 16,round-of-16,8
12175885,5,Round of 16,round-of-16,8
12175909,5,Round of 16,round-of-16,8
12175951,5,Round of 16,round-of-16,8
12175952,5,Round of 16,round-of-16,8
12175953,5,Round of 16,round-of-16,8
12175954,5,Round of 16,round-of-16,8
12175955,5,Round of 16,round-of-16,8
12175956,5,Round of 16,round-of-16,8
12176004,5,Round of 16,round-of-16,8
12176005,5,Round of 16,round-of-16,8
12176053,5,Round of 16,round-of-16,8
12176057,5,Round of 16,round-of-16,8
12176099,5,Round of 16,round-of-16,8
12176120,5,Round of 16,round-of-16,8
12176281,5,Round of 16,round-of-16,8
12176283,5,Round of 16,round-of-16,8
12176289,5,Round of 16,round-of-16,8
12176291,5,Round of 16,round-of-16,8
12176321,5,Round of 16,round-of-16,8
12176344,5,Round of 16,round-of-16,8
12176345,5,Round of 16,round-of-16,8
12176348,5,Round of 16,round-of-16,8
12176351,5,Round of 16,round-of-16,8
12176352,5,Round of 16,round-of-16,8
12176372,5,Round of 16,round-of-16,8
12176373,5,Round of 16,round-of-16,8
12176374,5,Round of 16,round-of-16,8
12176464,5,Round of 16,round-of-16,8
12176506,5,Round of 16,round-of-16,8
12176541,5,Round of 16,round-of-16,8
12176543,6,Round of 32,round-of-32,16
12176551,5,Round of 16,round-of-16,8
12176556,6,Round of 32,round-of-32,16
12176557,5,Round of 16,round-of-16,8
12176601,5,Round of 16,round-of-16,8
12176621,5,Round of 16,round-of-16,8
12176622,5,Round of 16,round-of-16,8
12176638,5,Round of 16,round-of-16,8
12176639,5,Round of 16,round-of-16,8
12176652,5,Round of 16,round-of-16,8
12176678,5,Round of 16,round-of-16,8
12176679,5,Round of 16,round-of-16,8
12176680,5,Round of 16,round-of-16,8
12176710,5,Round of 16,round-of-16,8
12176730,5,Round of 16,round-of-16,8
12176731,5,Round of 16,round-of-16,8
12176747,5,Round of 16,round-of-16,8
12176754,5,Round of 16,round-of-16,8
12176758,5,Round of 16,round-of-16,8
12176759,5,Round of 16,round-of-16,8
12176762,5,Round of 16,round-of-16,8
12176781,5,Round of 16,round-of-16,8
12176800,5,Round of 16,round-of-16,8
12176801,5,Round of 16,round-of-16,8
12176802,5,Round of 16,round-of-16,8
12176815,5,Round of 16,round-of-16,8
12176816,5,Round of 16,round-of-16,8
12176851,5,Round of 16,round-of-16,8
12176852,5,Round of 16,round-of-16,8
12176984,5,Round of 16,round-of-16,8
12176985,5,Round of 16,round-of-16,8
12176987,5,Round of 16,round-of-16,8
12176988,5,Round of 16,round-of-16,8
12176989,5,Round of 16,round-of-16,8
12176990,5,Round of 16,round-of-16,8
12176991,5,Round of 16,round-of-16,8
12176992,5,Round of 16,round-of-16,8
12176993,5,Round of 16,round-of-16,8
12176994,5,Round of 16,round-of-16,8
12176996,5,Round of 16,round-of-16,8
12176997,5,Round of 16,round-of-16,8
12176998,5,Round of 16,round-of-16,8
12176999,5,Round of 16,round-of-16,8
12177000,5,Round of 16,round-of-16,8
12177001,5,Round of 16,round-of-16,8
12177002,5,Round of 16,round-of-16,8
12177003,5,Round of 16,round-of-16,8
12177005,5,Round of 16,round-of-16,8
12177006,5,Round of 16,round-of-16,8
12177007,5,Round of 16,round-of-16,8
12177034,5,Round of 16,round-of-16,8
12177036,5,Round of 16,round-of-16,8
12177041,5,Round of 16,round-of-16,8
12177042,5,Round of 16,round-of-16,8
12177058,5,Round of 16,round-of-16,8
12177072,5,Round of 16,round-of-16,8
12177083,5,Round of 16,round-of-16,8
12177084,5,Round of 16,round-of-16,8
12177151,5,Round of 16,round-of-16,8
12177153,5,Round of 16,round-of-16,8
12177231,5,Round of 16,round-of-16,8
12177250,5,Round of 16,round-of-16,8
12177252,5,Round of 16,round-of-16,8
12177291,5,Round of 16,round-of-16,8
12177292,5,Round of 16,round-of-16,8
12177293,5,Round of 16,round-of-16,8
12177307,5,Round of 16,round-of-16,8
12177381,5,Round of 16,round-of-16,8
12177389,5,Round of 16,round-of-16,8
12177390,5,Round of 16,round-of-16,8
12177414,5,Round of 16,round-of-16,8
12177415,5,Round of 16,round-of-16,8
12177416,5,Round of 16,round-of-16,8
12177419,5,Round of 16,round-of-16,8
12177544,5,Round of 16,round-of-16,8
12177546,5,Round of 16,round-of-16,8
12177548,5,Round of 16,round-of-16,8
12177566,5,Round of 16,round-of-16,8
12177601,5,Round of 16,round-of-16,8
12177610,5,Round of 16,round-of-16,8
12177611,5,Round of 16,round-of-16,8
12177614,5,Round of 16,round-of-16,8
12177616,5,Round of 16,round-of-16,8
12177623,5,Round of 16,round-of-16,8
12177651,5,Round of 16,round-of-16,8
12177689,5,Round of 16,round-of-16,8
12177726,5,Round of 16,round-of-16,8
12177777,5,Round of 16,round-of-16,8
12177784,5,Round of 16,round-of-16,8
12177837,5,Round of 16,round-of-16,8
12178782,5,Round of 16,round-of-16,8
12179725,5,Round of 16,round-of-16,8
12179787,5,Round of 16,round-of-16,8
12179788,5,Round of 16,round-of-16,8
12156090,5,Round of 16,round-of-16,8
12156091,5,Round of 16,round-of-16,8
12156092,5,Round of 16,round-of-16,8
12156093,5,Round of 16,round-of-16,8
12156096,5,Round of 16,round-of-16,8
12156098,5,Round of 16,round-of-16,8
12156107,5,Round of 16,round-of-16,8
12156108,5,Round of 16,round-of-16,8
12156216,5,Round of 16,round-of-16,8
12156217,5,Round of 16,round-of-16,8
12156219,5,Round of 16,round-of-16,8
12156220,5,Round of 16,round-of-16,8
12156221,5,Round of 16,round-of-16,8
12156226,27,Quarterfinal,quarterfinal,4
12156227,5,Round of 16,round-of-16,8
12156232,5,Round of 16,round-of-16,8
12156233,27,Quarterfinal,quarterfinal,4
12156234,27,Quarterfinal,quarterfinal,4
12156235,5,Round of 16,round-of-16,8
12156236,27,Quarterfinal,quarterfinal,4
12156239,5,Round of 16,round-of-16,8
12156241,27,Quarterfinal,quarterfinal,4
12156246,27,Quarterfinal,quarterfinal,4
12156248,27,Quarterfinal,quarterfinal,4
12156252,5,Round of 16,round-of-16,8
12156253,5,Round of 16,round-of-16,8
12156255,5,Round of 16,round-of-16,8
12156256,5,Round of 16,round-of-16,8
12156257,5,Round of 16,round-of-16,8
12156262,27,Quarterfinal,quarterfinal,4
12156263,27,Quarterfinal,quarterfinal,4
12156268,5,Round of 16,round-of-16,8
12156271,27,Quarterfinal,quarterfinal,4
12156276,5,Round of 16,round-of-16,8
12156277,27,Quarterfinal,quarterfinal,4
12156279,5,Round of 16,round-of-16,8
12156281,5,Round of 16,round-of-16,8
12156282,5,Round of 16,round-of-16,8
12156316,32,Round of 64,round-of-64,
12156320,32,Round of 64,round-of-64,
12156321,32,Round of 64,round-of-64,
12156322,32,Round of 64,round-of-64,
12156323,32,Round of 64,round-of-64,
12156324,32,Round of 64,round-of-64,
12156325,32,Round of 64,round-of-64,
12156327,32,Round of 64,round-of-64,
12156329,32,Round of 64,round-of-64,
12156330,32,Round of 64,round-of-64,
12156331,32,Round of 64,round-of-64,
12156334,32,Round of 64,round-of-64,
12156337,32,Round of 64,round-of-64,
12156339,32,Round of 64,round-of-64,
12169395,64,Round of 128,round-of-128,
12169396,64,Round of 128,round-of-128,
12169397,64,Round of 128,round-of-128,
12169398,64,Round of 128,round-of-128,
12169399,64,Round of 128,round-of-128,
12169400,64,Round of 128,round-of-128,
12169401,64,Round of 128,round-of-128,
12169402,64,Round of 128,round-of-128,
12171739,64,Round of 128,round-of-128,
12171740,64,Round of 128,round-of-128,
12171742,64,Round of 128,round-of-128,
12171743,64,Round of 128,round-of-128,
12171744,64,Round of 128,round-of-128,
12171745,64,Round of 128,round-of-128,
12171746,64,Round of 128,round-of-128,
12171747,64,Round of 128,round-of-128,
12171748,64,Round of 128,round-of-128,
12171749,64,Round of 128,round-of-128,
12171750,64,Round of 128,round-of-128,
12171751,64,Round of 128,round-of-128,
12171752,64,Round of 128,round-of-128,
12171753,64,Round of 128,round-of-128,
12171754,64,Round of 128,round-of-128,
12171755,64,Round of 128,round-of-128,
12171756,64,Round of 128,round-of-128,
12171757,64,Round of 128,round-of-128,
12171758,64,Round of 128,round-of-128,
12171759,64,Round of 128,round-of-128,
12171760,64,Round of 128,round-of-128,
12171920,6,Round of 32,round-of-32,16
12171924,6,Round of 32,round-of-32,16
12171925,6,Round of 32,round-of-32,16
12171927,6,Round of 32,round-of-32,16
12171928,6,Round of 32,round-of-32,16
12171930,6,Round of 32,round-of-32,16
12171931,6,Round of 32,round-of-32,16
12171933,6,Round of 32,round-of-32,16
12171934,6,Round of 32,round-of-32,16
12171941,6,Round of 32,round-of-32,16
12171944,6,Round of 32,round-of-32,16
12171945,6,Round of 32,round-of-32,16
12171946,6,Round of 32,round-of-32,16
12171948,6,Round of 32,round-of-32,16
12171949,6,Round of 32,round-of-32,16
12171950,6,Round of 32,round-of-32,16
12171953,6,Round of 32,round-of-32,16
12171955,6,Round of 32,round-of-32,16
12171962,6,Round of 32,round-of-32,16
12171963,6,Round of 32,round-of-32,16
12171964,6,Round of 32,round-of-32,16
12171966,6,Round of 32,round-of-32,16
12171967,5,Round of 16,round-of-16,8
12171982,6,Round of 32,round-of-32,16
12171986,6,Round of 32,round-of-32,16
12171988,5,Round of 16,round-of-16,8
12171991,6,Round of 32,round-of-32,16
12171992,6,Round of 32,round-of-32,16
12171993,6,Round of 32,round-of-32,16
12171994,6,Round of 32,round-of-32,16
12171999,6,Round of 32,round-of-32,16
12172005,6,Round of 32,round-of-32,16
12172009,6,Round of 32,round-of-32,16
12172010,6,Round of 32,round-of-32,16
12172403,64,Round of 128,round-of-128,
12172404,64,Round of 128,round-of-128,
12172405,64,Round of 128,round-of-128,
12172406,64,Round of 128,round-of-128,
12172407,64,Round of 128,round-of-128,
12172408,64,Round of 128,round-of-128,
12172409,64,Round of 128,round-of-128,
12172411,64,Round of 128,round-of-128,
12172586,6,Round of 32,round-of-32,16
12172587,6,Round of 32,round-of-32,16
12172588,6,Round of 32,round-of-32,16
12172589,6,Round of 32,round-of-32,16
12172759,6,Round of 32,round-of-32,16
12172761,6,Round of 32,round-of-32,16
12172763,6,Round of 32,round-of-32,16
12172766,6,Round of 32,round-of-32,16
12172768,6,Round of 32,round-of-32,16
12172769,5,Round of 16,round-of-16,8
12172776,6,Round of 32,round-of-32,16
12172777,6,Round of 32,round-of-32,16
12172780,6,Round of 32,round-of-32,16
12172790,6,Round of 32,round-of-32,16
12172795,6,Round of 32,round-of-32,16
12172798,6,Round of 32,round-of-32,16
12172806,6,Round of 32,round-of-32,16
12172807,6,Round of 32,round-of-32,16
12172810,6,Round of 32,round-of-32,16
12172818,6,Round of 32,round-of-32,16
12172820,6,Round of 32,round-of-32,16
12172837,5,Round of 16,round-of-16,8
12172844,5,Round of 16,round-of-16,8
12172845,5,Round of 16,round-of-16,8
12172846,5,Round of 16,round-of-16,8
12172889,5,Round of 16,round-of-16,8
12172905,5,Round of 16,round-of-16,8
12172977,5,Round of 16,round-of-16,8
12172984,5,Round of 16,round-of-16,8
12173964,5,Round of 16,round-of-16,8
12174130,5,Round of 16,round-of-16,8
12174137,6,Round of 32,round-of-32,16
12174138,6,Round of 32,round-of-32,16
12174139,6,Round of 32,round-of-32,16
12174142,6,Round of 32,round-of-32,16
12174151,5,Round of 16,round-of-16,8
12174173,5,Round of 16,round-of-16,8
12174180,5,Round of 16,round-of-16,8
12174207,5,Round of 16,round-of-16,8
12174229,5,Round of 16,round-of-16,8
12174230,6,Round of 32,round-of-32,16
12174232,5,Round of 16,round-of-16,8
12174233,5,Round of 16,round-of-16,8
12174234,5,Round of 16,round-of-16,8
12174235,5,Round of 16,round-of-16,8
12174265,6,Round of 32,round-of-32,16
12174266,6,Round of 32,round-of-32,16
12174270,6,Round of 32,round-of-32,16
12174273,6,Round of 32,round-of-32,16
12174274,6,Round of 32,round-of-32,16
12174276,6,Round of 32,round-of-32,16
12174279,6,Round of 32,round-of-32,16
12174318,6,Round of 32,round-of-32,16
12174319,6,Round of 32,round-of-32,16
12174322,6,Round of 32,round-of-32,16
12174323,5,Round of 16,round-of-16,8
12174325,6,Round of 32,round-of-32,16
12174343,5,Round of 16,round-of-16,8
12174345,5,Round of 16,round-of-16,8
12174354,6,Round of 32,round-of-32,16
12174355,6,Round of 32,round-of-32,16
12174356,6,Round of 32,round-of-32,16
12174360,6,Round of 32,round-of-32,16
12174362,6,Round of 32,round-of-32,16
12174363,6,Round of 32,round-of-32,16
12174366,6,Round of 32,round-of-32,16
12174369,6,Round of 32,round-of-32,16
12174386,6,Round of 32,round-of-32,16
12174387,5,Round of 16,round-of-16,8
12174388,6,Round of 32,round-of-32,16
12174390,6,Round of 32,round-of-32,16
12174447,5,Round of 16,round-of-16,8
12174449,5,Round of 16,round-of-16,8
12174477,5,Round of 16,round-of-16,8
12174479,6,Round of 32,round-of-32,16
12174485,6,Round of 32,round-of-32,16
12174487,6,Round of 32,round-of-32,16
12174491,6,Round of 32,round-of-32,16
12174494,6,Round of 32,round-of-32,16
12174551,5,Round of 16,round-of-16,8
12174568,5,Round of 16,round-of-16,8
12174578,6,Round of 32,round-of-32,16
12174579,6,Round of 32,round-of-32,16
12174580,6,Round of 32,round-of-32,16
12174581,6,Round of 32,round-of-32,16
12174582,6,Round of 32,round-of-32,16
12174583,6,Round of 32,round-of-32,16
12174618,5,Round of 16,round-of-16,8
12174620,5,Round of 16,round-of-16,8
12174622,5,Round of 16,round-of-16,8
12174628,5,Round of 16,round-of-16,8
12174629,6,Round of 32,round-of-32,16
12174630,6,Round of 32,round-of-32,16
12174633,6,Round of 32,round-of-32,16
12174634,6,Round of 32,round-of-32,16
12174635,6,Round of 32,round-of-32,16
12174638,6,Round of 32,round-of-32,16
12174685,6,Round of 32,round-of-32,16
12174686,6,Round of 32,round-of-32,16
12174687,6,Round of 32,round-of-32,16
12174688,6,Round of 32,round-of-32,16
12174689,6,Round of 32,round-of-32,16
12174690,6,Round of 32,round-of-32,16
12174692,6,Round of 32,round-of-32,16
12174786,5,Round of 16,round-of-16,8
12174796,5,Round of 16,round-of-16,8
12174987,5,Round of 16,round-of-16,8
12175021,5,Round of 16,round-of-16,8
12175248,6,Round of 32,round-of-32,16
12175249,6,Round of 32,round-of-32,16
12175250,6,Round of 32,round-of-32,16
12175251,6,Round of 32,round-of-32,16
12175252,6,Round of 32,round-of-32,16
12175275,5,Round of 16,round-of-16,8
12175294,6,Round of 32,round-of-32,16
12175295,6,Round of 32,round-of-32,16
12175296,6,Round of 32,round-of-32,16
12175297,6,Round of 32,round-of-32,16
12175298,6,Round of 32,round-of-32,16
12175299,6,Round of 32,round-of-32,16
12175300,6,Round of 32,round-of-32,16
12175345,5,Round of 16,round-of-16,8
12175355,5,Round of 16,round-of-16,8
12175358,6,Round of 32,round-of-32,16
12175763,5,Round of 16,round-of-16,8
12175769,5,Round of 16,round-of-16,8
12175770,5,Round of 16,round-of-16,8
12175771,64,Round of 128,round-of-128,
12175772,64,Round of 128,round-of-128,
12175773,64,Round of 128,round-of-128,
12175774,64,Round of 128,round-of-128,
12175775,64,Round of 128,round-of-128,
12175776,64,Round of 128,round-of-128,
12175777,64,Round of 128,round-of-128,
12175778,64,Round of 128,round-of-128,
12175779,64,Round of 128,round-of-128,
12175780,64,Round of 128,round-of-128,
12175781,64,Round of 128,round-of-128,
12175782,64,Round of 128,round-of-128,
12175793,5,Round of 16,round-of-16,8
12175818,5,Round of 16,round-of-16,8
12175823,5,Round of 16,round-of-16,8
12175824,5,Round of 16,round-of-16,8
12175862,5,Round of 16,round-of-16,8
12175863,5,Round of 16,round-of-16,8
12175864,5,Round of 16,round-of-16,8
12175882,5,Round of 16,round-of-16,8
12175883,5,Round of 16,round-of-16,8
12175884,5,Round of 16,round-of-16,8
12175885,5,Round of 16,round-of-16,8
12175895,32,Round of 64,round-of-64,
12175909,5,Round of 16,round-of-16,8
12175951,5,Round of 16,round-of-16,8
12175952,5,Round of 16,round-of-16,8
12175953,5,Round of 16,round-of-16,8
12175954,5,Round of 16,round-of-16,8
12175955,5,Round of 16,round-of-16,8
12175956,5,Round of 16,round-of-16,8
12176004,5,Round of 16,round-of-16,8
12176005,5,Round of 16,round-of-16,8
12176053,5,Round of 16,round-of-16,8
12176057,5,Round of 16,round-of-16,8
12176099,5,Round of 16,round-of-16,8
12176120,5,Round of 16,round-of-16,8
12176281,5,Round of 16,round-of-16,8
12176283,5,Round of 16,round-of-16,8
12176289,5,Round of 16,round-of-16,8
12176291,5,Round of 16,round-of-16,8
12176321,5,Round of 16,round-of-16,8
12176344,5,Round of 16,round-of-16,8
12176345,5,Round of 16,round-of-16,8
12176348,5,Round of 16,round-of-16,8
12176351,5,Round of 16,round-of-16,8
12176352,5,Round of 16,round-of-16,8
12176372,5,Round of 16,round-of-16,8
12176373,5,Round of 16,round-of-16,8
12176374,5,Round of 16,round-of-16,8
12176464,5,Round of 16,round-of-16,8
12176506,5,Round of 16,round-of-16,8
12176541,5,Round of 16,round-of-16,8
12176551,5,Round of 16,round-of-16,8
12176557,5,Round of 16,round-of-16,8
12176601,5,Round of 16,round-of-16,8
12176621,5,Round of 16,round-of-16,8
12176622,5,Round of 16,round-of-16,8
12176638,5,Round of 16,round-of-16,8
12176639,5,Round of 16,round-of-16,8
12176652,5,Round of 16,round-of-16,8
12176678,5,Round of 16,round-of-16,8
12176679,5,Round of 16,round-of-16,8
12176680,5,Round of 16,round-of-16,8
12176710,5,Round of 16,round-of-16,8
12176730,5,Round of 16,round-of-16,8
12176731,5,Round of 16,round-of-16,8
12176747,5,Round of 16,round-of-16,8
12176754,5,Round of 16,round-of-16,8
12176758,5,Round of 16,round-of-16,8
12176759,5,Round of 16,round-of-16,8
12176762,5,Round of 16,round-of-16,8
12176781,5,Round of 16,round-of-16,8
12176800,5,Round of 16,round-of-16,8
12176801,5,Round of 16,round-of-16,8
12176802,5,Round of 16,round-of-16,8
12176815,5,Round of 16,round-of-16,8
12176816,5,Round of 16,round-of-16,8
12176851,5,Round of 16,round-of-16,8
12176852,5,Round of 16,round-of-16,8
12176984,5,Round of 16,round-of-16,8
12176985,5,Round of 16,round-of-16,8
12176986,5,Round of 16,round-of-16,8
12176987,5,Round of 16,round-of-16,8
12176988,5,Round of 16,round-of-16,8
12176989,5,Round of 16,round-of-16,8
12176990,5,Round of 16,round-of-16,8
12176991,5,Round of 16,round-of-16,8
12176992,5,Round of 16,round-of-16,8
12176993,5,Round of 16,round-of-16,8
12176994,5,Round of 16,round-of-16,8
12176995,5,Round of 16,round-of-16,8
12176996,5,Round of 16,round-of-16,8
12176997,5,Round of 16,round-of-16,8
12176998,5,Round of 16,round-of-16,8
12176999,5,Round of 16,round-of-16,8
12177000,5,Round of 16,round-of-16,8
12177001,5,Round of 16,round-of-16,8
12177002,5,Round of 16,round-of-16,8
12177003,5,Round of 16,round-of-16,8
12177005,5,Round of 16,round-of-16,8
12177006,5,Round of 16,round-of-16,8
12177007,5,Round of 16,round-of-16,8
12177034,5,Round of 16,round-of-16,8
12177036,5,Round of 16,round-of-16,8
12177041,5,Round of 16,round-of-16,8
12177042,5,Round of 16,round-of-16,8
12177058,5,Round of 16,round-of-16,8
12177072,5,Round of 16,round-of-16,8
12177083,5,Round of 16,round-of-16,8
12177084,5,Round of 16,round-of-16,8
12177151,5,Round of 16,round-of-16,8
12177153,5,Round of 16,round-of-16,8
12177231,5,Round of 16,round-of-16,8
12177250,5,Round of 16,round-of-16,8
12177251,5,Round of 16,round-of-16,8
12177252,5,Round of 16,round-of-16,8
12177291,5,Round of 16,round-of-16,8
12177292,5,Round of 16,round-of-16,8
12177293,5,Round of 16,round-of-16,8
12177307,5,Round of 16,round-of-16,8
12177381,5,Round of 16,round-of-16,8
12177389,5,Round of 16,round-of-16,8
12177390,5,Round of 16,round-of-16,8
12177412,5,Round of 16,round-of-16,8
12177414,5,Round of 16,round-of-16,8
12177415,5,Round of 16,round-of-16,8
12177416,5,Round of 16,round-of-16,8
12177419,5,Round of 16,round-of-16,8
12177544,5,Round of 16,round-of-16,8
12177546,5,Round of 16,round-of-16,8
12177547,5,Round of 16,round-of-16,8
12177548,5,Round of 16,round-of-16,8
12177566,5,Round of 16,round-of-16,8
12177601,5,Round of 16,round-of-16,8
12177610,5,Round of 16,round-of-16,8
12177611,5,Round of 16,round-of-16,8
12177614,5,Round of 16,round-of-16,8
12177616,5,Round of 16,round-of-16,8
12177617,5,Round of 16,round-of-16,8
12177623,5,Round of 16,round-of-16,8
12177651,5,Round of 16,round-of-16,8
12177677,5,Round of 16,round-of-16,8
12177678,5,Round of 16,round-of-16,8
12177689,5,Round of 16,round-of-16,8
12177691,5,Round of 16,round-of-16,8
12177726,5,Round of 16,round-of-16,8
12177777,5,Round of 16,round-of-16,8
12177780,5,Round of 16,round-of-16,8
12177781,5,Round of 16,round-of-16,8
12177784,5,Round of 16,round-of-16,8
12177790,5,Round of 16,round-of-16,8
12177825,5,Round of 16,round-of-16,8
12177837,5,Round of 16,round-of-16,8
12177855,5,Round of 16,round-of-16,8
12177861,5,Round of 16,round-of-16,8
12177881,5,Round of 16,round-of-16,8
12177905,5,Round of 16,round-of-16,8
12177927,5,Round of 16,round-of-16,8
12177971,5,Round of 16,round-of-16,8
12178012,5,Round of 16,round-of-16,8
12178046,5,Round of 16,round-of-16,8
12178047,5,Round of 16,round-of-16,8
12178450,5,Round of 16,round-of-16,8
12178458,5,Round of 16,round-of-16,8
12178477,27,Quarterfinal,quarterfinal,4
12178496,27,Quarterfinal,quarterfinal,4
12178500,27,Quarterfinal,quarterfinal,4
12178501,5,Round of 16,round-of-16,8
12178505,27,Quarterfinal,quarterfinal,4
12178514,5,Round of 16,round-of-16,8
12178515,27,Quarterfinal,quarterfinal,4
12178519,27,Quarterfinal,quarterfinal,4
12178520,27,Quarterfinal,quarterfinal,4
12178521,27,Quarterfinal,quarterfinal,4
12178528,27,Quarterfinal,quarterfinal,4
12178535,27,Quarterfinal,quarterfinal,4
12178536,27,Quarterfinal,quarterfinal,4
12178573,27,Quarterfinal,quarterfinal,4
12178576,27,Quarterfinal,quarterfinal,4
12178587,27,Quarterfinal,quarterfinal,4
12178671,27,Quarterfinal,quarterfinal,4
12178682,27,Quarterfinal,quarterfinal,4
12178732,27,Quarterfinal,quarterfinal,4
12178782,5,Round of 16,round-of-16,8
12178830,27,Quarterfinal,quarterfinal,4
12179725,5,Round of 16,round-of-16,8
12179726,27,Quarterfinal,quarterfinal,4
12179755,27,Quarterfinal,quarterfinal,4
12179787,5,Round of 16,round-of-16,8
12179788,5,Round of 16,round-of-16,8
12179803,27,Quarterfinal,quarterfinal,4
12179832,27,Quarterfinal,quarterfinal,4
12179833,27,Quarterfinal,quarterfinal,4
12180306,27,Quarterfinal,quarterfinal,4
12180307,27,Quarterfinal,quarterfinal,4
12180433,27,Quarterfinal,quarterfinal,4
12180434,27,Quarterfinal,quarterfinal,4
12180436,27,Quarterfinal,quarterfinal,4
12180437,27,Quarterfinal,quarterfinal,4
12180438,27,Quarterfinal,quarterfinal,4
12180464,27,Quarterfinal,quarterfinal,4
12180465,27,Quarterfinal,quarterfinal,4
12180472,27,Quarterfinal,quarterfinal,4
12180478,27,Quarterfinal,quarterfinal,4
12180499,27,Quarterfinal,quarterfinal,4
12180500,27,Quarterfinal,quarterfinal,4
12180516,27,Quarterfinal,quarterfinal,4
12180518,27,Quarterfinal,quarterfinal,4
12180530,27,Quarterfinal,quarterfinal,4
12180540,27,Quarterfinal,quarterfinal,4
12180546,27,Quarterfinal,quarterfinal,4
12180549,27,Quarterfinal,quarterfinal,4
12180552,27,Quarterfinal,quarterfinal,4
12180559,27,Quarterfinal,quarterfinal,4
12180564,27,Quarterfinal,quarterfinal,4
12180583,27,Quarterfinal,quarterfinal,4
12180584,27,Quarterfinal,quarterfinal,4
12180585,27,Quarterfinal,quarterfinal,4
12180590,27,Quarterfinal,quarterfinal,4
12180595,27,Quarterfinal,quarterfinal,4
12180603,27,Quarterfinal,quarterfinal,4
12180604,27,Quarterfinal,quarterfinal,4
12180611,27,Quarterfinal,quarterfinal,4
12180630,27,Quarterfinal,quarterfinal,4
12180659,27,Quarterfinal,quarterfinal,4
12180680,27,Quarterfinal,quarterfinal,4
12180704,27,Quarterfinal,quarterfinal,4
12180705,27,Quarterfinal,quarterfinal,4
12180710,27,Quarterfinal,quarterfinal,4
12180745,27,Quarterfinal,quarterfinal,4
12180746,27,Quarterfinal,quarterfinal,4
12180755,27,Quarterfinal,quarterfinal,4
12180774,27,Quarterfinal,quarterfinal,4
12180777,27,Quarterfinal,quarterfinal,4
12180779,27,Quarterfinal,quarterfinal,4
12180798,27,Quarterfinal,quarterfinal,4
12180882,27,Quarterfinal,quarterfinal,4
12180883,27,Quarterfinal,quarterfinal,4
12180898,27,Quarterfinal,quarterfinal,4
12180919,27,Quarterfinal,quarterfinal,4
12180940,27,Quarterfinal,quarterfinal,4
12180968,27,Quarterfinal,quarterfinal,4
12180969,27,Quarterfinal,quarterfinal,4
12181017,27,Quarterfinal,quarterfinal,4
12181054,27,Quarterfinal,quarterfinal,4
12181069,27,Quarterfinal,quarterfinal,4
12181080,5,Round of 16,round-of-16,8
12181098,27,Quarterfinal,quarterfinal,4
12181099,5,Round of 16,round-of-16,8
12181100,27,Quarterfinal,quarterfinal,4
12181228,27,Quarterfinal,quarterfinal,4
12181229,5,Round of 16,round-of-16,8
12181238,5,Round of 16,round-of-16,8
12181242,27,Quarterfinal,quarterfinal,4
12181389,27,Quarterfinal,quarterfinal,4
12181631,27,Quarterfinal,quarterfinal,4
12181761,27,Quarterfinal,quarterfinal,4
12183897,27,Quarterfinal,quarterfinal,4
12156090,5,Round of 16,round-of-16,8
12156091,5,Round of 16,round-of-16,8
12156092,5,Round of 16,round-of-16,8
12156094,27,Quarterfinal,quarterfinal,4
12156105,27,Quarterfinal,quarterfinal,4
12156106,27,Quarterfinal,quarterfinal,4
12156107,5,Round of 16,round-of-16,8
12156109,27,Quarterfinal,quarterfinal,4
12156226,27,Quarterfinal,quarterfinal,4
12156229,28,Semifinal,semifinal,2
12156231,28,Semifinal,semifinal,2
12156233,27,Quarterfinal,quarterfinal,4
12156234,27,Quarterfinal,quarterfinal,4
12156236,27,Quarterfinal,quarterfinal,4
12156240,28,Semifinal,semifinal,2
12156241,27,Quarterfinal,quarterfinal,4
12156246,27,Quarterfinal,quarterfinal,4
12156248,27,Quarterfinal,quarterfinal,4
12156249,27,Quarterfinal,quarterfinal,4
12156252,5,Round of 16,round-of-16,8
12156257,5,Round of 16,round-of-16,8
12156259,28,Semifinal,semifinal,2
12156262,27,Quarterfinal,quarterfinal,4
12156263,27,Quarterfinal,quarterfinal,4
12156265,28,Semifinal,semifinal,2
12156269,28,Semifinal,semifinal,2
12156271,27,Quarterfinal,quarterfinal,4
12156277,27,Quarterfinal,quarterfinal,4
12156279,5,Round of 16,round-of-16,8
12156308,32,Round of 64,round-of-64,
12156310,32,Round of 64,round-of-64,
12156315,32,Round of 64,round-of-64,
12156316,32,Round of 64,round-of-64,
12156317,32,Round of 64,round-of-64,
12156320,32,Round of 64,round-of-64,
12156321,32,Round of 64,round-of-64,
12156322,32,Round of 64,round-of-64,
12156323,32,Round of 64,round-of-64,
12156324,32,Round of 64,round-of-64,
12156325,32,Round of 64,round-of-64,
12156327,32,Round of 64,round-of-64,
12156329,32,Round of 64,round-of-64,
12156330,32,Round of 64,round-of-64,
12156331,32,Round of 64,round-of-64,
12156334,32,Round of 64,round-of-64,
12156336,32,Round of 64,round-of-64,
12156337,32,Round of 64,round-of-64,
12156339,32,Round of 64,round-of-64,
12159560,32,Round of 64,round-of-64,
12159561,32,Round of 64,round-of-64,
12171739,64,Round of 128,round-of-128,
12171740,64,Round of 128,round-of-128,
12171742,64,Round of 128,round-of-128,
12171743,64,Round of 128,round-of-128,
12171744,64,Round of 128,round-of-128,
12171745,64,Round of 128,round-of-128,
12171746,64,Round of 128,round-of-128,
12171747,64,Round of 128,round-of-128,
12171748,64,Round of 128,round-of-128,
12171962,6,Round of 32,round-of-32,16
12171963,6,Round of 32,round-of-32,16
12171964,6,Round of 32,round-of-32,16
12171965,5,Round of 16,round-of-16,8
12171966,6,Round of 32,round-of-32,16
12171967,5,Round of 16,round-of-16,8
12171995,5,Round of 16,round-of-16,8
12172738,5,Round of 16,round-of-16,8
12172739,5,Round of 16,round-of-16,8
12172748,5,Round of 16,round-of-16,8
12172762,5,Round of 16,round-of-16,8
12172765,5,Round of 16,round-of-16,8
12172769,5,Round of 16,round-of-16,8
12172782,5,Round of 16,round-of-16,8
12172785,5,Round of 16,round-of-16,8
12173409,5,Round of 16,round-of-16,8
12174029,5,Round of 16,round-of-16,8
12174075,5,Round of 16,round-of-16,8
12174193,5,Round of 16,round-of-16,8
12174343,5,Round of 16,round-of-16,8
12174449,5,Round of 16,round-of-16,8
12174618,5,Round of 16,round-of-16,8
12174685,6,Round of 32,round-of-32,16
12174686,6,Round of 32,round-of-32,16
12174687,6,Round of 32,round-of-32,16
12174688,6,Round of 32,round-of-32,16
12174689,6,Round of 32,round-of-32,16
12174690,6,Round of 32,round-of-32,16
12174692,6,Round of 32,round-of-32,16
12174786,5,Round of 16,round-of-16,8
12174796,5,Round of 16,round-of-16,8
12175021,5,Round of 16,round-of-16,8
12175275,5,Round of 16,round-of-16,8
12175345,5,Round of 16,round-of-16,8
12175355,5,Round of 16,round-of-16,8
12175763,5,Round of 16,round-of-16,8
12175769,5,Round of 16,round-of-16,8
12175770,5,Round of 16,round-of-16,8
12175776,64,Round of 128,round-of-128,
12175777,64,Round of 128,round-of-128,
12175778,64,Round of 128,round-of-128,
12175779,64,Round of 128,round-of-128,
12175780,64,Round of 128,round-of-128,
12175781,64,Round of 128,round-of-128,
12175782,64,Round of 128,round-of-128,
12175895,32,Round of 64,round-of-64,
12176758,5,Round of 16,round-of-16,8
12176986,5,Round of 16,round-of-16,8
12176995,5,Round of 16,round-of-16,8
12176996,5,Round of 16,round-of-16,8
12176997,5,Round of 16,round-of-16,8
12176999,5,Round of 16,round-of-16,8
12177005,5,Round of 16,round-of-16,8
12177034,5,Round of 16,round-of-16,8
12177042,5,Round of 16,round-of-16,8
12177058,5,Round of 16,round-of-16,8
12177250,5,Round of 16,round-of-16,8
12177251,5,Round of 16,round-of-16,8
12177252,5,Round of 16,round-of-16,8
12177292,5,Round of 16,round-of-16,8
12177381,5,Round of 16,round-of-16,8
12177390,5,Round of 16,round-of-16,8
12177412,5,Round of 16,round-of-16,8
12177547,5,Round of 16,round-of-16,8
12177548,5,Round of 16,round-of-16,8
12177617,5,Round of 16,round-of-16,8
12177677,5,Round of 16,round-of-16,8
12177678,5,Round of 16,round-of-16,8
12177691,5,Round of 16,round-of-16,8
12177726,5,Round of 16,round-of-16,8
12177777,5,Round of 16,round-of-16,8
12177780,5,Round of 16,round-of-16,8
12177781,5,Round of 16,round-of-16,8
12177784,5,Round of 16,round-of-16,8
12177790,5,Round of 16,round-of-16,8
12177825,5,Round of 16,round-of-16,8
12177837,5,Round of 16,round-of-16,8
12177855,5,Round of 16,round-of-16,8
12177861,5,Round of 16,round-of-16,8
12177881,5,Round of 16,round-of-16,8
12177905,5,Round of 16,round-of-16,8
12177927,5,Round of 16,round-of-16,8
12177971,5,Round of 16,round-of-16,8
12178012,5,Round of 16,round-of-16,8
12178046,5,Round of 16,round-of-16,8
12178047,5,Round of 16,round-of-16,8
12178450,5,Round of 16,round-of-16,8
12178458,5,Round of 16,round-of-16,8
12178477,27,Quarterfinal,quarterfinal,4
12178496,27,Quarterfinal,quarterfinal,4
12178500,27,Quarterfinal,quarterfinal,4
12178501,5,Round of 16,round-of-16,8
12178505,27,Quarterfinal,quarterfinal,4
12178514,5,Round of 16,round-of-16,8
12178515,27,Quarterfinal,quarterfinal,4
12178519,27,Quarterfinal,quarterfinal,4
12178520,27,Quarterfinal,quarterfinal,4
12178521,27,Quarterfinal,quarterfinal,4
12178528,27,Quarterfinal,quarterfinal,4
12178535,27,Quarterfinal,quarterfinal,4
12178536,27,Quarterfinal,quarterfinal,4
12178573,27,Quarterfinal,quarterfinal,4
12178576,27,Quarterfinal,quarterfinal,4
12178587,27,Quarterfinal,quarterfinal,4
12178671,27,Quarterfinal,quarterfinal,4
12178682,27,Quarterfinal,quarterfinal,4
12178732,27,Quarterfinal,quarterfinal,4
12178830,27,Quarterfinal,quarterfinal,4
12179726,27,Quarterfinal,quarterfinal,4
12179755,27,Quarterfinal,quarterfinal,4
12179803,27,Quarterfinal,quarterfinal,4
12179832,27,Quarterfinal,quarterfinal,4
12179833,27,Quarterfinal,quarterfinal,4
12180306,27,Quarterfinal,quarterfinal,4
12180307,27,Quarterfinal,quarterfinal,4
12180433,27,Quarterfinal,quarterfinal,4
12180434,27,Quarterfinal,quarterfinal,4
12180436,27,Quarterfinal,quarterfinal,4
12180437,27,Quarterfinal,quarterfinal,4
12180438,27,Quarterfinal,quarterfinal,4
12180464,27,Quarterfinal,quarterfinal,4
12180465,27,Quarterfinal,quarterfinal,4
12180472,27,Quarterfinal,quarterfinal,4
12180478,27,Quarterfinal,quarterfinal,4
12180499,27,Quarterfinal,quarterfinal,4
12180500,27,Quarterfinal,quarterfinal,4
12180516,27,Quarterfinal,quarterfinal,4
12180518,27,Quarterfinal,quarterfinal,4
12180530,27,Quarterfinal,quarterfinal,4
12180540,27,Quarterfinal,quarterfinal,4
12180546,27,Quarterfinal,quarterfinal,4
12180549,27,Quarterfinal,quarterfinal,4
12180552,27,Quarterfinal,quarterfinal,4
12180559,27,Quarterfinal,quarterfinal,4
12180564,27,Quarterfinal,quarterfinal,4
12180583,27,Quarterfinal,quarterfinal,4
12180584,27,Quarterfinal,quarterfinal,4
12180585,27,Quarterfinal,quarterfinal,4
12180590,27,Quarterfinal,quarterfinal,4
12180595,27,Quarterfinal,quarterfinal,4
12180603,27,Quarterfinal,quarterfinal,4
12180604,27,Quarterfinal,quarterfinal,4
12180611,27,Quarterfinal,quarterfinal,4
12180630,27,Quarterfinal,quarterfinal,4
12180659,27,Quarterfinal,quarterfinal,4
12180680,27,Quarterfinal,quarterfinal,4
12180681,27,Quarterfinal,quarterfinal,4
12180704,27,Quarterfinal,quarterfinal,4
12180705,27,Quarterfinal,quarterfinal,4
12180710,27,Quarterfinal,quarterfinal,4
12180745,27,Quarterfinal,quarterfinal,4
12180746,27,Quarterfinal,quarterfinal,4
12180755,27,Quarterfinal,quarterfinal,4
12180774,27,Quarterfinal,quarterfinal,4
12180776,27,Quarterfinal,quarterfinal,4
12180777,27,Quarterfinal,quarterfinal,4
12180779,27,Quarterfinal,quarterfinal,4
12180798,27,Quarterfinal,quarterfinal,4
12180803,5,Round of 16,round-of-16,8
12180882,27,Quarterfinal,quarterfinal,4
12180883,27,Quarterfinal,quarterfinal,4
12180898,27,Quarterfinal,quarterfinal,4
12180899,27,Quarterfinal,quarterfinal,4
12180919,27,Quarterfinal,quarterfinal,4
12180940,27,Quarterfinal,quarterfinal,4
12180968,27,Quarterfinal,quarterfinal,4
12180969,27,Quarterfinal,quarterfinal,4
12180987,27,Quarterfinal,quarterfinal,4
12181017,27,Quarterfinal,quarterfinal,4
12181053,27,Quarterfinal,quarterfinal,4
12181054,27,Quarterfinal,quarterfinal,4
12181069,27,Quarterfinal,quarterfinal,4
12181080,5,Round of 16,round-of-16,8
12181098,27,Quarterfinal,quarterfinal,4
12181099,5,Round of 16,round-of-16,8
12181100,27,Quarterfinal,quarterfinal,4
12181228,27,Quarterfinal,quarterfinal,4
12181229,5,Round of 16,round-of-16,8
12181238,5,Round of 16,round-of-16,8
12181242,27,Quarterfinal,quarterfinal,4
12181345,27,Quarterfinal,quarterfinal,4
12181372,5,Round of 16,round-of-16,8
12181373,5,Round of 16,round-of-16,8
12181389,27,Quarterfinal,quarterfinal,4
12181401,27,Quarterfinal,quarterfinal,4
12181631,27,Quarterfinal,quarterfinal,4
12181688,27,Quarterfinal,quarterfinal,4
12181695,27,Quarterfinal,quarterfinal,4
12181731,27,Quarterfinal,quarterfinal,4
12181738,27,Quarterfinal,quarterfinal,4
12181745,27,Quarterfinal,quarterfinal,4
12181761,27,Quarterfinal,quarterfinal,4
12181893,27,Quarterfinal,quarterfinal,4
12181894,27,Quarterfinal,quarterfinal,4
12181925,27,Quarterfinal,quarterfinal,4
12182028,27,Quarterfinal,quarterfinal,4
12182455,28,Semifinal,semifinal,2
12182456,28,Semifinal,semifinal,2
12182523,28,Semifinal,semifinal,2
12182526,28,Semifinal,semifinal,2
12182527,28,Semifinal,semifinal,2
12182600,28,Semifinal,semifinal,2
12182601,28,Semifinal,semifinal,2
12182670,28,Semifinal,semifinal,2
12182766,28,Semifinal,semifinal,2
12183587,28,Semifinal,semifinal,2
12183663,28,Semifinal,semifinal,2
12183684,28,Semifinal,semifinal,2
12183723,28,Semifinal,semifinal,2
12183733,28,Semifinal,semifinal,2
12183759,28,Semifinal,semifinal,2
12183762,28,Semifinal,semifinal,2
12183763,28,Semifinal,semifinal,2
12183769,28,Semifinal,semifinal,2
12183770,28,Semifinal,semifinal,2
12183771,28,Semifinal,semifinal,2
12183841,28,Semifinal,semifinal,2
12183897,27,Quarterfinal,quarterfinal,4
12184035,28,Semifinal,semifinal,2
12184098,28,Semifinal,semifinal,2
12184133,28,Semifinal,semifinal,2
12184134,28,Semifinal,semifinal,2
12184195,28,Semifinal,semifinal,2
12184196,28,Semifinal,semifinal,2
12184203,28,Semifinal,semifinal,2
12184205,28,Semifinal,semifinal,2
12184213,28,Semifinal,semifinal,2
12184232,28,Semifinal,semifinal,2
12184428,28,Semifinal,semifinal,2
12184457,28,Semifinal,semifinal,2
12184498,28,Semifinal,semifinal,2
12184687,32,Round of 64,round-of-64,
12184728,28,Semifinal,semifinal,2
12184775,28,Semifinal,semifinal,2
12184776,28,Semifinal,semifinal,2
12184822,28,Semifinal,semifinal,2
12184865,28,Semifinal,semifinal,2
12184866,28,Semifinal,semifinal,2
12184867,28,Semifinal,semifinal,2
12184921,28,Semifinal,semifinal,2
12184946,27,Quarterfinal,quarterfinal,4
12184954,27,Quarterfinal,quarterfinal,4
12185104,27,Quarterfinal,quarterfinal,4
12185124,27,Quarterfinal,quarterfinal,4
12156089,28,Semifinal,semifinal,2
12156094,27,Quarterfinal,quarterfinal,4
12156097,28,Semifinal,semifinal,2
12156105,27,Quarterfinal,quarterfinal,4
12156106,27,Quarterfinal,quarterfinal,4
12156109,27,Quarterfinal,quarterfinal,4
12156228,29,Final,final,1
12156229,28,Semifinal,semifinal,2
12156231,28,Semifinal,semifinal,2
12156240,28,Semifinal,semifinal,2
12156241,27,Quarterfinal,quarterfinal,4
12156249,27,Quarterfinal,quarterfinal,4
12156254,29,Final,final,1
12156259,28,Semifinal,semifinal,2
12156261,29,Final,final,1
12156263,27,Quarterfinal,quarterfinal,4
12156265,28,Semifinal,semifinal,2
12156269,28,Semifinal,semifinal,2
12156277,27,Quarterfinal,quarterfinal,4
12156284,6,Round of 32,round-of-32,16
12156291,6,Round of 32,round-of-32,16
12156292,6,Round of 32,round-of-32,16
12156303,6,Round of 32,round-of-32,16
12156306,32,Round of 64,round-of-64,
12156308,32,Round of 64,round-of-64,
12156309,32,Round of 64,round-of-64,
12156310,32,Round of 64,round-of-64,
12156311,32,Round of 64,round-of-64,
12156312,32,Round of 64,round-of-64,
12156313,32,Round of 64,round-of-64,
12156314,32,Round of 64,round-of-64,
12156315,32,Round of 64,round-of-64,
12156317,32,Round of 64,round-of-64,
12156318,32,Round of 64,round-of-64,
12156319,32,Round of 64,round-of-64,
12156326,32,Round of 64,round-of-64,
12156335,32,Round of 64,round-of-64,
12156336,32,Round of 64,round-of-64,
12156338,32,Round of 64,round-of-64,
12156341,6,Round of 32,round-of-32,16
12156342,6,Round of 32,round-of-32,16
12156344,6,Round of 32,round-of-32,16
12156345,6,Round of 32,round-of-32,16
12159534,32,Round of 64,round-of-64,
12159535,32,Round of 64,round-of-64,
12159536,32,Round of 64,round-of-64,
12159537,32,Round of 64,round-of-64,
12159538,32,Round of 64,round-of-64,
12159539,32,Round of 64,round-of-64,
12159552,32,Round of 64,round-of-64,
12159555,32,Round of 64,round-of-64,
12159556,32,Round of 64,round-of-64,
12159557,32,Round of 64,round-of-64,
12159558,32,Round of 64,round-of-64,
12159559,32,Round of 64,round-of-64,
12159560,32,Round of 64,round-of-64,
12159561,32,Round of 64,round-of-64,
12159562,32,Round of 64,round-of-64,
12159563,32,Round of 64,round-of-64,
12159564,32,Round of 64,round-of-64,
12159565,32,Round of 64,round-of-64,
12159570,32,Round of 64,round-of-64,
12159571,32,Round of 64,round-of-64,
12159572,32,Round of 64,round-of-64,
12159573,32,Round of 64,round-of-64,
12159575,32,Round of 64,round-of-64,
12171967,5,Round of 16,round-of-16,8
12177677,5,Round of 16,round-of-16,8
12180583,27,Quarterfinal,quarterfinal,4
12180604,27,Quarterfinal,quarterfinal,4
12180659,27,Quarterfinal,quarterfinal,4
12180681,27,Quarterfinal,quarterfinal,4
12180745,27,Quarterfinal,quarterfinal,4
12180776,27,Quarterfinal,quarterfinal,4
12180803,5,Round of 16,round-of-16,8
12180882,27,Quarterfinal,quarterfinal,4
12180899,27,Quarterfinal,quarterfinal,4
12180968,27,Quarterfinal,quarterfinal,4
12180987,27,Quarterfinal,quarterfinal,4
12181017,27,Quarterfinal,quarterfinal,4
12181053,27,Quarterfinal,quarterfinal,4
12181080,5,Round of 16,round-of-16,8
12181099,5,Round of 16,round-of-16,8
12181229,5,Round of 16,round-of-16,8
12181238,5,Round of 16,round-of-16,8
12181242,27,Quarterfinal,quarterfinal,4
12181345,27,Quarterfinal,quarterfinal,4
12181372,5,Round of 16,round-of-16,8
12181373,5,Round of 16,round-of-16,8
12181389,27,Quarterfinal,quarterfinal,4
12181401,27,Quarterfinal,quarterfinal,4
12181688,27,Quarterfinal,quarterfinal,4
12181695,27,Quarterfinal,quarterfinal,4
12181731,27,Quarterfinal,quarterfinal,4
12181738,27,Quarterfinal,quarterfinal,4
12181745,27,Quarterfinal,quarterfinal,4
12181761,27,Quarterfinal,quarterfinal,4
12181893,27,Quarterfinal,quarterfinal,4
12181894,27,Quarterfinal,quarterfinal,4
12181925,27,Quarterfinal,quarterfinal,4
12182028,27,Quarterfinal,quarterfinal,4
12182455,28,Semifinal,semifinal,2
12182456,28,Semifinal,semifinal,2
12182478,32,Round of 64,round-of-64,
12182523,28,Semifinal,semifinal,2
12182526,28,Semifinal,semifinal,2
12182527,28,Semifinal,semifinal,2
12182600,28,Semifinal,semifinal,2
12182601,28,Semifinal,semifinal,2
12182670,28,Semifinal,semifinal,2
12182766,28,Semifinal,semifinal,2
12183587,28,Semifinal,semifinal,2
12183663,28,Semifinal,semifinal,2
12183684,28,Semifinal,semifinal,2
12183723,28,Semifinal,semifinal,2
12183733,28,Semifinal,semifinal,2
12183759,28,Semifinal,semifinal,2
12183762,28,Semifinal,semifinal,2
12183763,28,Semifinal,semifinal,2
12183769,28,Semifinal,semifinal,2
12183770,28,Semifinal,semifinal,2
12183771,28,Semifinal,semifinal,2
12183841,28,Semifinal,semifinal,2
12183897,27,Quarterfinal,quarterfinal,4
12184035,28,Semifinal,semifinal,2
12184098,28,Semifinal,semifinal,2
12184133,28,Semifinal,semifinal,2
12184134,28,Semifinal,semifinal,2
12184195,28,Semifinal,semifinal,2
12184196,28,Semifinal,semifinal,2
12184203,28,Semifinal,semifinal,2
12184205,28,Semifinal,semifinal,2
12184213,28,Semifinal,semifinal,2
12184232,28,Semifinal,semifinal,2
12184428,28,Semifinal,semifinal,2
12184457,28,Semifinal,semifinal,2
12184498,28,Semifinal,semifinal,2
12184680,28,Semifinal,semifinal,2
12184687,32,Round of 64,round-of-64,
12184728,28,Semifinal,semifinal,2
12184775,28,Semifinal,semifinal,2
12184776,28,Semifinal,semifinal,2
12184822,28,Semifinal,semifinal,2
12184865,28,Semifinal,semifinal,2
12184866,28,Semifinal,semifinal,2
12184867,28,Semifinal,semifinal,2
12184920,28,Semifinal,semifinal,2
12184921,28,Semifinal,semifinal,2
12184946,27,Quarterfinal,quarterfinal,4
12184954,27,Quarterfinal,quarterfinal,4
12185104,27,Quarterfinal,quarterfinal,4
12185124,27,Quarterfinal,quarterfinal,4
12185200,28,Semifinal,semifinal,2
12185561,28,Semifinal,semifinal,2
12185562,28,Semifinal,semifinal,2
12185935,28,Semifinal,semifinal,2
12185952,28,Semifinal,semifinal,2
12186004,29,Final,final,1
12186007,28,Semifinal,semifinal,2
12186222,29,Final,final,1
12186223,29,Final,final,1
12186368,29,Final,final,1
12186390,29,Final,final,1
12187143,29,Final,final,1
12187190,29,Final,final,1
12187196,29,Final,final,1
12187221,29,Final,final,1
12187223,29,Final,final,1
12187242,29,Final,final,1
12187310,29,Final,final,1
12187311,29,Final,final,1
12187387,29,Final,final,1
12187510,29,Final,final,1
12187536,29,Final,final,1
12187583,29,Final,final,1
12187697,29,Final,final,1
12187698,29,Final,final,1
12187734,28,Semifinal,semifinal,2
12187745,29,Final,final,1
12187810,28,Semifinal,semifinal,2
12187854,1,Qualification round 1,qualification-round-1,
12187855,1,Qualification round 1,qualification-round-1,
12187856,1,Qualification round 1,qualification-round-1,
12187860,1,Qualification round 1,qualification-round-1,
12187861,1,Qualification round 1,qualification-round-1,
12187862,1,Qualification round 1,qualification-round-1,
12187863,1,Qualification round 1,qualification-round-1,
12187869,1,Qualification round 1,qualification-round-1,
12188701,1,Qualification round 1,qualification-round-1,
12188705,1,Qualification round 1,qualification-round-1,
12188748,1,Qualification round 1,qualification-round-1,
12188749,1,Qualification round 1,qualification-round-1,
12188752,1,Qualification round 1,qualification-round-1,
12188754,1,Qualification round 1,qualification-round-1,
12188758,1,Qualification round 1,qualification-round-1,
12188759,1,Qualification round 1,qualification-round-1,
12188764,1,Qualification round 1,qualification-round-1,
12188852,29,Final,final,1
12188961,1,Qualification round 1,qualification-round-1,
12188969,1,Qualification round 1,qualification-round-1,
12188980,1,Qualification round 1,qualification-round-1,
12188997,1,Qualification round 1,qualification-round-1,
12189027,1,Qualification round 1,qualification-round-1,
12189035,1,Qualification round 1,qualification-round-1,
12189047,1,Qualification round 1,qualification-round-1,
12189053,1,Qualification round 1,qualification-round-1,
12189055,1,Qualification round 1,qualification-round-1,
12189069,1,Qualification round 1,qualification-round-1,
12189080,1,Qualification round 1,qualification-round-1,
12156089,28,Semifinal,semifinal,2
12156095,29,Final,final,1
12156097,28,Semifinal,semifinal,2
12156228,29,Final,final,1
12156240,28,Semifinal,semifinal,2
12156254,29,Final,final,1
12156261,29,Final,final,1
12156269,28,Semifinal,semifinal,2
12156284,6,Round of 32,round-of-32,16
12156285,6,Round of 32,round-of-32,16
12156289,6,Round of 32,round-of-32,16
12156291,6,Round of 32,round-of-32,16
12156292,6,Round of 32,round-of-32,16
12156293,6,Round of 32,round-of-32,16
12156294,6,Round of 32,round-of-32,16
12156303,6,Round of 32,round-of-32,16
12156306,32,Round of 64,round-of-64,
12156309,32,Round of 64,round-of-64,
12156311,32,Round of 64,round-of-64,
12156312,32,Round of 64,round-of-64,
12156313,32,Round of 64,round-of-64,
12156314,32,Round of 64,round-of-64,
12156318,32,Round of 64,round-of-64,
12156319,32,Round of 64,round-of-64,
12156326,32,Round of 64,round-of-64,
12156328,6,Round of 32,round-of-32,16
12156332,6,Round of 32,round-of-32,16
12156333,6,Round of 32,round-of-32,16
12156335,32,Round of 64,round-of-64,
12156338,32,Round of 64,round-of-64,
12156341,6,Round of 32,round-of-32,16
12156342,6,Round of 32,round-of-32,16
12156343,6,Round of 32,round-of-32,16
12156344,6,Round of 32,round-of-32,16
12156345,6,Round of 32,round-of-32,16
12159528,6,Round of 32,round-of-32,16
12159529,6,Round of 32,round-of-32,16
12159530,6,Round of 32,round-of-32,16
12159531,6,Round of 32,round-of-32,16
12159532,6,Round of 32,round-of-32,16
12159533,6,Round of 32,round-of-32,16
12159534,32,Round of 64,round-of-64,
12159535,32,Round of 64,round-of-64,
12159536,32,Round of 64,round-of-64,
12159537,32,Round of 64,round-of-64,
12159538,32,Round of 64,round-of-64,
12159539,32,Round of 64,round-of-64,
12159546,6,Round of 32,round-of-32,16
12159548,6,Round of 32,round-of-32,16
12159550,32,Round of 64,round-of-64,
12159551,32,Round of 64,round-of-64,
12159552,32,Round of 64,round-of-64,
12159553,32,Round of 64,round-of-64,
12159554,32,Round of 64,round-of-64,
12159555,32,Round of 64,round-of-64,
12159556,32,Round of 64,round-of-64,
12159557,32,Round of 64,round-of-64,
12159558,32,Round of 64,round-of-64,
12159559,32,Round of 64,round-of-64,
12159562,32,Round of 64,round-of-64,
12159563,32,Round of 64,round-of-64,
12159564,32,Round of 64,round-of-64,
12159565,32,Round of 64,round-of-64,
12159567,32,Round of 64,round-of-64,
12159568,32,Round of 64,round-of-64,
12159569,32,Round of 64,round-of-64,
12159570,32,Round of 64,round-of-64,
12159571,32,Round of 64,round-of-64,
12159572,32,Round of 64,round-of-64,
12159573,32,Round of 64,round-of-64,
12159574,32,Round of 64,round-of-64,
12159575,32,Round of 64,round-of-64,
12182478,32,Round of 64,round-of-64,
12184457,28,Semifinal,semifinal,2
12184680,28,Semifinal,semifinal,2
12184867,28,Semifinal,semifinal,2
12184920,28,Semifinal,semifinal,2
12184946,27,Quarterfinal,quarterfinal,4
12185104,27,Quarterfinal,quarterfinal,4
12185124,27,Quarterfinal,quarterfinal,4
12185200,28,Semifinal,semifinal,2
12185561,28,Semifinal,semifinal,2
12185562,28,Semifinal,semifinal,2
12185935,28,Semifinal,semifinal,2
12185952,28,Semifinal,semifinal,2
12186004,29,Final,final,1
12186007,28,Semifinal,semifinal,2
12186222,29,Final,final,1
12186223,29,Final,final,1
12186368,29,Final,final,1
12186390,29,Final,final,1
12187143,29,Final,final,1
12187190,29,Final,final,1
12187196,29,Final,final,1
12187221,29,Final,final,1
12187223,29,Final,final,1
12187242,29,Final,final,1
12187310,29,Final,final,1
12187311,29,Final,final,1
12187387,29,Final,final,1
12187510,29,Final,final,1
12187536,29,Final,final,1
12187583,29,Final,final,1
12187697,29,Final,final,1
12187698,29,Final,final,1
12187734,28,Semifinal,semifinal,2
12187745,29,Final,final,1
12187810,28,Semifinal,semifinal,2
12187854,1,Qualification round 1,qualification-round-1,
12187855,1,Qualification round 1,qualification-round-1,
12187856,1,Qualification round 1,qualification-round-1,
12187860,1,Qualification round 1,qualification-round-1,
12187861,1,Qualification round 1,qualification-round-1,
12187862,1,Qualification round 1,qualification-round-1,
12187863,1,Qualification round 1,qualification-round-1,
12187869,1,Qualification round 1,qualification-round-1,
12187998,29,Final,final,1
12188701,1,Qualification round 1,qualification-round-1,
12188705,1,Qualification round 1,qualification-round-1,
12188748,1,Qualification round 1,qualification-round-1,
12188749,1,Qualification round 1,qualification-round-1,
12188752,1,Qualification round 1,qualification-round-1,
12188754,1,Qualification round 1,qualification-round-1,
12188758,1,Qualification round 1,qualification-round-1,
12188759,1,Qualification round 1,qualification-round-1,
12188764,1,Qualification round 1,qualification-round-1,
12188770,1,Qualification round 1,qualification-round-1,
12188773,1,Qualification round 1,qualification-round-1,
12188774,1,Qualification round 1,qualification-round-1,
12188824,29,Final,final,1
12188827,29,Final,final,1
12188852,29,Final,final,1
12188961,1,Qualification round 1,qualification-round-1,
12188969,1,Qualification round 1,qualification-round-1,
12188980,1,Qualification round 1,qualification-round-1,
12188997,1,Qualification round 1,qualification-round-1,
12189027,1,Qualification round 1,qualification-round-1,
12189035,1,Qualification round 1,qualification-round-1,
12189040,6,Round of 32,round-of-32,16
12189041,6,Round of 32,round-of-32,16
12189044,6,Round of 32,round-of-32,16
12189047,1,Qualification round 1,qualification-round-1,
12189053,1,Qualification round 1,qualification-round-1,
12189055,1,Qualification round 1,qualification-round-1,
12189069,1,Qualification round 1,qualification-round-1,
12189079,1,Qualification round 1,qualification-round-1,
12189080,1,Qualification round 1,qualification-round-1,
12189434,1,Qualification round 1,qualification-round-1,
12189435,1,Qualification round 1,qualification-round-1,
12189451,1,Qualification round 1,qualification-round-1,
12189455,1,Qualification round 1,qualification-round-1,
12189456,1,Qualification round 1,qualification-round-1,
12189457,1,Qualification round 1,qualification-round-1,
12189458,1,Qualification round 1,qualification-round-1,
12189459,1,Qualification round 1,qualification-round-1,
12189460,1,Qualification round 1,qualification-round-1,
12189461,1,Qualification round 1,qualification-round-1,
12189462,1,Qualification round 1,qualification-round-1,
12189463,1,Qualification round 1,qualification-round-1,
12189677,29,Final,final,1
12189682,1,Qualification round 1,qualification-round-1,
12189684,1,Qualification round 1,qualification-round-1,
12189685,1,Qualification round 1,qualification-round-1,
12189686,1,Qualification round 1,qualification-round-1,
12189687,1,Qualification round 1,qualification-round-1,
12189688,1,Qualification round 1,qualification-round-1,
12189689,1,Qualification round 1,qualification-round-1,
12189690,1,Qualification round 1,qualification-round-1,
12189691,1,Qualification round 1,qualification-round-1,
12189692,1,Qualification round 1,qualification-round-1,
12189693,1,Qualification round 1,qualification-round-1,
12189709,6,Round of 32,round-of-32,16
12189711,6,Round of 32,round-of-32,16
12190404,1,Qualification round 1,qualification-round-1,
12190448,2,Qualification round 2,qualification-round-2,
12190510,1,Qualification round 1,qualification-round-1,
12190854,6,Round of 32,round-of-32,16
12190919,6,Round of 32,round-of-32,16
12190920,6,Round of 32,round-of-32,16
12190922,6,Round of 32,round-of-32,16
12190926,6,Round of 32,round-of-32,16
12190933,6,Round of 32,round-of-32,16
12190935,6,Round of 32,round-of-32,16
12191305,29,Final,final,1
12156095,29,Final,final,1
12156285,6,Round of 32,round-of-32,16
12156289,6,Round of 32,round-of-32,16
12156293,6,Round of 32,round-of-32,16
12156294,6,Round of 32,round-of-32,16
12156296,5,Round of 16,round-of-16,8
12156298,5,Round of 16,round-of-16,8
12156299,5,Round of 16,round-of-16,8
12156300,5,Round of 16,round-of-16,8
12156301,5,Round of 16,round-of-16,8
12156302,5,Round of 16,round-of-16,8
12156304,5,Round of 16,round-of-16,8
12156305,5,Round of 16,round-of-16,8
12156328,6,Round of 32,round-of-32,16
12156332,6,Round of 32,round-of-32,16
12156333,6,Round of 32,round-of-32,16
12156343,6,Round of 32,round-of-32,16
12159528,6,Round of 32,round-of-32,16
12159529,6,Round of 32,round-of-32,16
12159530,6,Round of 32,round-of-32,16
12159531,6,Round of 32,round-of-32,16
12159532,6,Round of 32,round-of-32,16
12159533,6,Round of 32,round-of-32,16
12159540,6,Round of 32,round-of-32,16
12159541,6,Round of 32,round-of-32,16
12159542,6,Round of 32,round-of-32,16
12159543,6,Round of 32,round-of-32,16
12159544,6,Round of 32,round-of-32,16
12159545,6,Round of 32,round-of-32,16
12159546,6,Round of 32,round-of-32,16
12159547,6,Round of 32,round-of-32,16
12159548,6,Round of 32,round-of-32,16
12159549,6,Round of 32,round-of-32,16
12159550,32,Round of 64,round-of-64,
12159551,32,Round of 64,round-of-64,
12159553,32,Round of 64,round-of-64,
12159554,32,Round of 64,round-of-64,
12159567,32,Round of 64,round-of-64,
12159568,32,Round of 64,round-of-64,
12159569,32,Round of 64,round-of-64,
12159574,32,Round of 64,round-of-64,
12184920,28,Semifinal,semifinal,2
12185562,28,Semifinal,semifinal,2
12187242,29,Final,final,1
12187698,29,Final,final,1
12187998,29,Final,final,1
12188758,1,Qualification round 1,qualification-round-1,
12188770,1,Qualification round 1,qualification-round-1,
12188773,1,Qualification round 1,qualification-round-1,
12188774,1,Qualification round 1,qualification-round-1,
12188824,29,Final,final,1
12188827,29,Final,final,1
12188852,29,Final,final,1
12189040,6,Round of 32,round-of-32,16
12189041,6,Round of 32,round-of-32,16
12189042,6,Round of 32,round-of-32,16
12189044,6,Round of 32,round-of-32,16
12189055,1,Qualification round 1,qualification-round-1,
12189069,1,Qualification round 1,qualification-round-1,
12189079,1,Qualification round 1,qualification-round-1,
12189080,1,Qualification round 1,qualification-round-1,
12189434,1,Qualification round 1,qualification-round-1,
12189435,1,Qualification round 1,qualification-round-1,
12189451,1,Qualification round 1,qualification-round-1,
12189455,1,Qualification round 1,qualification-round-1,
12189456,1,Qualification round 1,qualification-round-1,
12189457,1,Qualification round 1,qualification-round-1,
12189458,1,Qualification round 1,qualification-round-1,
12189459,1,Qualification round 1,qualification-round-1,
12189460,1,Qualification round 1,qualification-round-1,
12189461,1,Qualification round 1,qualification-round-1,
12189462,1,Qualification round 1,qualification-round-1,
12189463,1,Qualification round 1,qualification-round-1,
12189677,29,Final,final,1
12189682,1,Qualification round 1,qualification-round-1,
12189684,1,Qualification round 1,qualification-round-1,
12189685,1,Qualification round 1,qualification-round-1,
12189686,1,Qualification round 1,qualification-round-1,
12189687,1,Qualification round 1,qualification-round-1,
12189688,1,Qualification round 1,qualification-round-1,
12189689,1,Qualification round 1,qualification-round-1,
12189690,1,Qualification round 1,qualification-round-1,
12189691,1,Qualification round 1,qualification-round-1,
12189692,1,Qualification round 1,qualification-round-1,
12189693,1,Qualification round 1,qualification-round-1,
12189707,6,Round of 32,round-of-32,16
12189708,6,Round of 32,round-of-32,16
12189709,6,Round of 32,round-of-32,16
12189711,6,Round of 32,round-of-32,16
12189714,6,Round of 32,round-of-32,16
12189720,6,Round of 32,round-of-32,16
12189721,6,Round of 32,round-of-32,16
12189722,6,Round of 32,round-of-32,16
12189723,6,Round of 32,round-of-32,16
12189724,6,Round of 32,round-of-32,16
12189725,6,Round of 32,round-of-32,16
12190181,6,Round of 32,round-of-32,16
12190186,6,Round of 32,round-of-32,16
12190189,6,Round of 32,round-of-32,16
12190191,6,Round of 32,round-of-32,16
12190193,6,Round of 32,round-of-32,16
12190259,6,Round of 32,round-of-32,16
12190262,6,Round of 32,round-of-32,16
12190266,6,Round of 32,round-of-32,16
12190268,6,Round of 32,round-of-32,16
12190272,6,Round of 32,round-of-32,16
12190275,6,Round of 32,round-of-32,16
12190404,1,Qualification round 1,qualification-round-1,
12190406,6,Round of 32,round-of-32,16
12190408,6,Round of 32,round-of-32,16
12190448,2,Qualification round 2,qualification-round-2,
12190510,1,Qualification round 1,qualification-round-1,
12190853,6,Round of 32,round-of-32,16
12190854,6,Round of 32,round-of-32,16
12190855,6,Round of 32,round-of-32,16
12190856,6,Round of 32,round-of-32,16
12190919,6,Round of 32,round-of-32,16
12190920,6,Round of 32,round-of-32,16
12190922,6,Round of 32,round-of-32,16
12190926,6,Round of 32,round-of-32,16
12190933,6,Round of 32,round-of-32,16
12190935,6,Round of 32,round-of-32,16
12191305,29,Final,final,1
12191646,1,Qualification round 1,qualification-round-1,
12191656,1,Qualification round 1,qualification-round-1,
12191667,1,Qualification round 1,qualification-round-1,
12191676,1,Qualification round 1,qualification-round-1,
12191716,6,Round of 32,round-of-32,16
12191722,6,Round of 32,round-of-32,16
12191733,6,Round of 32,round-of-32,16
12191738,6,Round of 32,round-of-32,16
12191742,6,Round of 32,round-of-32,16
12191871,6,Round of 32,round-of-32,16
12191872,6,Round of 32,round-of-32,16
12191873,6,Round of 32,round-of-32,16
12191874,6,Round of 32,round-of-32,16
12191876,6,Round of 32,round-of-32,16
12191877,6,Round of 32,round-of-32,16
12191879,6,Round of 32,round-of-32,16
12193289,6,Round of 32,round-of-32,16
12193291,6,Round of 32,round-of-32,16
12193292,6,Round of 32,round-of-32,16
12193293,6,Round of 32,round-of-32,16
12193294,6,Round of 32,round-of-32,16
12193509,6,Round of 32,round-of-32,16
12193521,6,Round of 32,round-of-32,16
12193639,6,Round of 32,round-of-32,16
12193640,6,Round of 32,round-of-32,16
12193641,6,Round of 32,round-of-32,16
12193642,6,Round of 32,round-of-32,16
12193645,6,Round of 32,round-of-32,16
12193740,6,Round of 32,round-of-32,16
12193741,6,Round of 32,round-of-32,16
12193742,6,Round of 32,round-of-32,16
12193744,6,Round of 32,round-of-32,16
12193750,6,Round of 32,round-of-32,16
12193751,6,Round of 32,round-of-32,16
12193752,6,Round of 32,round-of-32,16
12193769,6,Round of 32,round-of-32,16
12193773,6,Round of 32,round-of-32,16
12193776,6,Round of 32,round-of-32,16
12193782,6,Round of 32,round-of-32,16
12193827,6,Round of 32,round-of-32,16
12193831,6,Round of 32,round-of-32,16
12193837,6,Round of 32,round-of-32,16
12193840,6,Round of 32,round-of-32,16
12193842,6,Round of 32,round-of-32,16
12193844,6,Round of 32,round-of-32,16
12193851,6,Round of 32,round-of-32,16
12193920,6,Round of 32,round-of-32,16
12193921,6,Round of 32,round-of-32,16
12193922,6,Round of 32,round-of-32,16
12193923,6,Round of 32,round-of-32,16
12193925,6,Round of 32,round-of-32,16
12193939,6,Round of 32,round-of-32,16
12194007,6,Round of 32,round-of-32,16
12194008,6,Round of 32,round-of-32,16
12194009,6,Round of 32,round-of-32,16
12194011,6,Round of 32,round-of-32,16
12194012,6,Round of 32,round-of-32,16
12194013,6,Round of 32,round-of-32,16
12194014,6,Round of 32,round-of-32,16
12194017,6,Round of 32,round-of-32,16
12194080,6,Round of 32,round-of-32,16
12194084,6,Round of 32,round-of-32,16
12194086,6,Round of 32,round-of-32,16
12194091,6,Round of 32,round-of-32,16
12194092,6,Round of 32,round-of-32,16
12194093,6,Round of 32,round-of-32,16
12194094,6,Round of 32,round-of-32,16
12194095,6,Round of 32,round-of-32,16
12194097,6,Round of 32,round-of-32,16
12194152,6,Round of 32,round-of-32,16
12194159,6,Round of 32,round-of-32,16
12194465,6,Round of 32,round-of-32,16
12194467,6,Round of 32,round-of-32,16
12194468,6,Round of 32,round-of-32,16
12194470,6,Round of 32,round-of-32,16
12194471,6,Round of 32,round-of-32,16
12194472,6,Round of 32,round-of-32,16
12194809,6,Round of 32,round-of-32,16
12156286,27,Quarterfinal,quarterfinal,4
12156296,5,Round of 16,round-of-16,8
12156297,27,Quarterfinal,quarterfinal,4
12156298,5,Round of 16,round-of-16,8
12156299,5,Round of 16,round-of-16,8
12156300,5,Round of 16,round-of-16,8
12156301,5,Round of 16,round-of-16,8
12156302,5,Round of 16,round-of-16,8
12156304,5,Round of 16,round-of-16,8
12156305,5,Round of 16,round-of-16,8
12157161,5,Round of 16,round-of-16,8
12157162,5,Round of 16,round-of-16,8
12157163,5,Round of 16,round-of-16,8
12157167,5,Round of 16,round-of-16,8
12157168,5,Round of 16,round-of-16,8
12157169,5,Round of 16,round-of-16,8
12157172,5,Round of 16,round-of-16,8
12157173,5,Round of 16,round-of-16,8
12159540,6,Round of 32,round-of-32,16
12159541,6,Round of 32,round-of-32,16
12159542,6,Round of 32,round-of-32,16
12159543,6,Round of 32,round-of-32,16
12159544,6,Round of 32,round-of-32,16
12159545,6,Round of 32,round-of-32,16
12159547,6,Round of 32,round-of-32,16
12159549,6,Round of 32,round-of-32,16
12189037,6,Round of 32,round-of-32,16
12189039,6,Round of 32,round-of-32,16
12189040,6,Round of 32,round-of-32,16
12189041,6,Round of 32,round-of-32,16
12189042,6,Round of 32,round-of-32,16
12189043,6,Round of 32,round-of-32,16
12189044,6,Round of 32,round-of-32,16
12189045,6,Round of 32,round-of-32,16
12189706,6,Round of 32,round-of-32,16
12189707,6,Round of 32,round-of-32,16
12189708,6,Round of 32,round-of-32,16
12189709,6,Round of 32,round-of-32,16
12189710,6,Round of 32,round-of-32,16
12189711,6,Round of 32,round-of-32,16
12189712,6,Round of 32,round-of-32,16
12189713,6,Round of 32,round-of-32,16
12189714,6,Round of 32,round-of-32,16
12189715,6,Round of 32,round-of-32,16
12189716,6,Round of 32,round-of-32,16
12189717,6,Round of 32,round-of-32,16
12189718,6,Round of 32,round-of-32,16
12189719,6,Round of 32,round-of-32,16
12189720,6,Round of 32,round-of-32,16
12189721,6,Round of 32,round-of-32,16
12189722,6,Round of 32,round-of-32,16
12189723,6,Round of 32,round-of-32,16
12189724,6,Round of 32,round-of-32,16
12189725,6,Round of 32,round-of-32,16
12190181,6,Round of 32,round-of-32,16
12190182,6,Round of 32,round-of-32,16
12190183,6,Round of 32,round-of-32,16
12190184,6,Round of 32,round-of-32,16
12190185,6,Round of 32,round-of-32,16
12190186,6,Round of 32,round-of-32,16
12190187,6,Round of 32,round-of-32,16
12190188,6,Round of 32,round-of-32,16
12190189,6,Round of 32,round-of-32,16
12190191,6,Round of 32,round-of-32,16
12190192,6,Round of 32,round-of-32,16
12190193,6,Round of 32,round-of-32,16
12190259,6,Round of 32,round-of-32,16
12190260,6,Round of 32,round-of-32,16
12190262,6,Round of 32,round-of-32,16
12190266,6,Round of 32,round-of-32,16
12190268,6,Round of 32,round-of-32,16
12190270,6,Round of 32,round-of-32,16
12190272,6,Round of 32,round-of-32,16
12190274,6,Round of 32,round-of-32,16
12190275,6,Round of 32,round-of-32,16
12190277,6,Round of 32,round-of-32,16
12190406,6,Round of 32,round-of-32,16
12190408,6,Round of 32,round-of-32,16
12190853,6,Round of 32,round-of-32,16
12190854,6,Round of 32,round-of-32,16
12190855,6,Round of 32,round-of-32,16
12190856,6,Round of 32,round-of-32,16
12191646,1,Qualification round 1,qualification-round-1,
12191656,1,Qualification round 1,qualification-round-1,
12191667,1,Qualification round 1,qualification-round-1,
12191676,1,Qualification round 1,qualification-round-1,
12191703,6,Round of 32,round-of-32,16
12191710,6,Round of 32,round-of-32,16
12191716,6,Round of 32,round-of-32,16
12191722,6,Round of 32,round-of-32,16
12191729,6,Round of 32,round-of-32,16
12191733,6,Round of 32,round-of-32,16
12191737,6,Round of 32,round-of-32,16
12191738,6,Round of 32,round-of-32,16
12191742,6,Round of 32,round-of-32,16
12191743,6,Round of 32,round-of-32,16
12191747,6,Round of 32,round-of-32,16
12191749,6,Round of 32,round-of-32,16
12191871,6,Round of 32,round-of-32,16
12191872,6,Round of 32,round-of-32,16
12191873,6,Round of 32,round-of-32,16
12191874,6,Round of 32,round-of-32,16
12191876,6,Round of 32,round-of-32,16
12191877,6,Round of 32,round-of-32,16
12191878,6,Round of 32,round-of-32,16
12191879,6,Round of 32,round-of-32,16
12192442,6,Round of 32,round-of-32,16
12192443,6,Round of 32,round-of-32,16
12192444,6,Round of 32,round-of-32,16
12192445,6,Round of 32,round-of-32,16
12192448,6,Round of 32,round-of-32,16
12192452,6,Round of 32,round-of-32,16
12192453,6,Round of 32,round-of-32,16
12193158,6,Round of 32,round-of-32,16
12193165,6,Round of 32,round-of-32,16
12193289,6,Round of 32,round-of-32,16
12193290,6,Round of 32,round-of-32,16
12193291,6,Round of 32,round-of-32,16
12193292,6,Round of 32,round-of-32,16
12193293,6,Round of 32,round-of-32,16
12193294,6,Round of 32,round-of-32,16
12193295,6,Round of 32,round-of-32,16
12193296,6,Round of 32,round-of-32,16
12193464,6,Round of 32,round-of-32,16
12193465,6,Round of 32,round-of-32,16
12193467,6,Round of 32,round-of-32,16
12193469,6,Round of 32,round-of-32,16
12193470,6,Round of 32,round-of-32,16
12193509,6,Round of 32,round-of-32,16
12193521,6,Round of 32,round-of-32,16
12193539,6,Round of 32,round-of-32,16
12193540,6,Round of 32,round-of-32,16
12193639,6,Round of 32,round-of-32,16
12193640,6,Round of 32,round-of-32,16
12193641,6,Round of 32,round-of-32,16
12193642,6,Round of 32,round-of-32,16
12193643,6,Round of 32,round-of-32,16
12193644,6,Round of 32,round-of-32,16
12193645,6,Round of 32,round-of-32,16
12193740,6,Round of 32,round-of-32,16
12193741,6,Round of 32,round-of-32,16
12193742,6,Round of 32,round-of-32,16
12193744,6,Round of 32,round-of-32,16
12193750,6,Round of 32,round-of-32,16
12193751,6,Round of 32,round-of-32,16
12193752,6,Round of 32,round-of-32,16
12193760,6,Round of 32,round-of-32,16
12193761,6,Round of 32,round-of-32,16
12193763,6,Round of 32,round-of-32,16
12193767,6,Round of 32,round-of-32,16
12193769,6,Round of 32,round-of-32,16
12193770,6,Round of 32,round-of-32,16
12193773,6,Round of 32,round-of-32,16
12193776,6,Round of 32,round-of-32,16
12193782,6,Round of 32,round-of-32,16
12193827,6,Round of 32,round-of-32,16
12193831,6,Round of 32,round-of-32,16
12193837,6,Round of 32,round-of-32,16
12193840,6,Round of 32,round-of-32,16
12193842,6,Round of 32,round-of-32,16
12193844,6,Round of 32,round-of-32,16
12193851,6,Round of 32,round-of-32,16
12193918,6,Round of 32,round-of-32,16
12193920,6,Round of 32,round-of-32,16
12193921,6,Round of 32,round-of-32,16
12193922,6,Round of 32,round-of-32,16
12193923,6,Round of 32,round-of-32,16
12193925,6,Round of 32,round-of-32,16
12193939,6,Round of 32,round-of-32,16
12193940,6,Round of 32,round-of-32,16
12193941,6,Round of 32,round-of-32,16
12193946,6,Round of 32,round-of-32,16
12194006,6,Round of 32,round-of-32,16
12194007,6,Round of 32,round-of-32,16
12194008,6,Round of 32,round-of-32,16
12194009,6,Round of 32,round-of-32,16
12194010,6,Round of 32,round-of-32,16
12194011,6,Round of 32,round-of-32,16
12194012,6,Round of 32,round-of-32,16
12194013,6,Round of 32,round-of-32,16
12194014,6,Round of 32,round-of-32,16
12194015,6,Round of 32,round-of-32,16
12194016,6,Round of 32,round-of-32,16
12194017,6,Round of 32,round-of-32,16
12194018,6,Round of 32,round-of-32,16
12194019,6,Round of 32,round-of-32,16
12194020,6,Round of 32,round-of-32,16
12194022,6,Round of 32,round-of-32,16
12194080,6,Round of 32,round-of-32,16
12194084,6,Round of 32,round-of-32,16
12194086,6,Round of 32,round-of-32,16
12194090,6,Round of 32,round-of-32,16
12194091,6,Round of 32,round-of-32,16
12194092,6,Round of 32,round-of-32,16
12194093,6,Round of 32,round-of-32,16
12194094,6,Round of 32,round-of-32,16
12194095,6,Round of 32,round-of-32,16
12194097,6,Round of 32,round-of-32,16
12194098,6,Round of 32,round-of-32,16
12194151,6,Round of 32,round-of-32,16
12194152,6,Round of 32,round-of-32,16
12194154,6,Round of 32,round-of-32,16
12194159,6,Round of 32,round-of-32,16
12194160,6,Round of 32,round-of-32,16
12194161,6,Round of 32,round-of-32,16
12194399,6,Round of 32,round-of-32,16
12194465,6,Round of 32,round-of-32,16
12194466,6,Round of 32,round-of-32,16
12194467,6,Round of 32,round-of-32,16
12194468,6,Round of 32,round-of-32,16
12194470,6,Round of 32,round-of-32,16
12194471,6,Round of 32,round-of-32,16
12194472,6,Round of 32,round-of-32,16
12194473,6,Round of 32,round-of-32,16
12194537,6,Round of 32,round-of-32,16
12194539,6,Round of 32,round-of-32,16
12194540,6,Round of 32,round-of-32,16
12194541,6,Round of 32,round-of-32,16
12194639,6,Round of 32,round-of-32,16
12194640,6,Round of 32,round-of-32,16
12194641,6,Round of 32,round-of-32,16
12194643,6,Round of 32,round-of-32,16
12194644,6,Round of 32,round-of-32,16
12194645,6,Round of 32,round-of-32,16
12194646,6,Round of 32,round-of-32,16
12194807,6,Round of 32,round-of-32,16
12194808,6,Round of 32,round-of-32,16
12194809,6,Round of 32,round-of-32,16
12194811,6,Round of 32,round-of-32,16
12194812,6,Round of 32,round-of-32,16
12194814,6,Round of 32,round-of-32,16
12194815,6,Round of 32,round-of-32,16
12194816,6,Round of 32,round-of-32,16
12194966,6,Round of 32,round-of-32,16
12194967,6,Round of 32,round-of-32,16
12194968,6,Round of 32,round-of-32,16
12194969,6,Round of 32,round-of-32,16
12195182,6,Round of 32,round-of-32,16
12195183,6,Round of 32,round-of-32,16
12195188,6,Round of 32,round-of-32,16
12195189,6,Round of 32,round-of-32,16
12195191,6,Round of 32,round-of-32,16
12195192,6,Round of 32,round-of-32,16
12195196,6,Round of 32,round-of-32,16
12195199,6,Round of 32,round-of-32,16
12195200,6,Round of 32,round-of-32,16
12195201,6,Round of 32,round-of-32,16
12195203,6,Round of 32,round-of-32,16
12195206,6,Round of 32,round-of-32,16
12195207,6,Round of 32,round-of-32,16
12195208,6,Round of 32,round-of-32,16
12195209,6,Round of 32,round-of-32,16
12195210,6,Round of 32,round-of-32,16
12195211,6,Round of 32,round-of-32,16
12195212,6,Round of 32,round-of-32,16
12195213,6,Round of 32,round-of-32,16
12195214,6,Round of 32,round-of-32,16
12195215,6,Round of 32,round-of-32,16
12195216,6,Round of 32,round-of-32,16
12195217,6,Round of 32,round-of-32,16
12195218,6,Round of 32,round-of-32,16
12195231,6,Round of 32,round-of-32,16
12195233,6,Round of 32,round-of-32,16
12195235,6,Round of 32,round-of-32,16
12195236,6,Round of 32,round-of-32,16
12195237,6,Round of 32,round-of-32,16
12195238,6,Round of 32,round-of-32,16
12195239,6,Round of 32,round-of-32,16
12195240,6,Round of 32,round-of-32,16
12195241,6,Round of 32,round-of-32,16
12195242,6,Round of 32,round-of-32,16
12195243,6,Round of 32,round-of-32,16
12195244,6,Round of 32,round-of-32,16
12195246,6,Round of 32,round-of-32,16
12195249,6,Round of 32,round-of-32,16
12195250,6,Round of 32,round-of-32,16
12195254,6,Round of 32,round-of-32,16
12195255,6,Round of 32,round-of-32,16
12195270,6,Round of 32,round-of-32,16
12195271,6,Round of 32,round-of-32,16
12195272,6,Round of 32,round-of-32,16
12195273,6,Round of 32,round-of-32,16
12195274,6,Round of 32,round-of-32,16
12195276,6,Round of 32,round-of-32,16
12195277,6,Round of 32,round-of-32,16
12195278,6,Round of 32,round-of-32,16
12195280,6,Round of 32,round-of-32,16
12195281,6,Round of 32,round-of-32,16
12195283,6,Round of 32,round-of-32,16
12195284,6,Round of 32,round-of-32,16
12195285,6,Round of 32,round-of-32,16
12195286,6,Round of 32,round-of-32,16
12195287,6,Round of 32,round-of-32,16
12195288,6,Round of 32,round-of-32,16
12195289,6,Round of 32,round-of-32,16
12195290,6,Round of 32,round-of-32,16
12195291,6,Round of 32,round-of-32,16
12195293,6,Round of 32,round-of-32,16
12195296,6,Round of 32,round-of-32,16
12195297,6,Round of 32,round-of-32,16
12195298,6,Round of 32,round-of-32,16
12195299,6,Round of 32,round-of-32,16
12195300,6,Round of 32,round-of-32,16
12195302,6,Round of 32,round-of-32,16
12195303,6,Round of 32,round-of-32,16
12195783,6,Round of 32,round-of-32,16
12195793,6,Round of 32,round-of-32,16
12195795,6,Round of 32,round-of-32,16
12195807,6,Round of 32,round-of-32,16
12195808,6,Round of 32,round-of-32,16
12195809,6,Round of 32,round-of-32,16
12196342,6,Round of 32,round-of-32,16
12196343,6,Round of 32,round-of-32,16
12196344,6,Round of 32,round-of-32,16
12196345,6,Round of 32,round-of-32,16
12196346,6,Round of 32,round-of-32,16
12196347,6,Round of 32,round-of-32,16
12196348,6,Round of 32,round-of-32,16
12196349,6,Round of 32,round-of-32,16
12196692,6,Round of 32,round-of-32,16
12196693,6,Round of 32,round-of-32,16
12196694,6,Round of 32,round-of-32,16
12196696,6,Round of 32,round-of-32,16
12196697,6,Round of 32,round-of-32,16
12196698,6,Round of 32,round-of-32,16
12196712,5,Round of 16,round-of-16,8
12196713,6,Round of 32,round-of-32,16
12196819,6,Round of 32,round-of-32,16
12196820,6,Round of 32,round-of-32,16
12196821,6,Round of 32,round-of-32,16
12196822,6,Round of 32,round-of-32,16
12196823,6,Round of 32,round-of-32,16
12196824,6,Round of 32,round-of-32,16
12196825,6,Round of 32,round-of-32,16
12196862,6,Round of 32,round-of-32,16
12196863,6,Round of 32,round-of-32,16
12196864,6,Round of 32,round-of-32,16
12196865,6,Round of 32,round-of-32,16
12196866,6,Round of 32,round-of-32,16
12196867,6,Round of 32,round-of-32,16
12196868,6,Round of 32,round-of-32,16
12196869,6,Round of 32,round-of-32,16
12196870,6,Round of 32,round-of-32,16
12196871,6,Round of 32,round-of-32,16
12196872,6,Round of 32,round-of-32,16
12196873,6,Round of 32,round-of-32,16
12196874,6,Round of 32,round-of-32,16
12196875,6,Round of 32,round-of-32,16
12196876,6,Round of 32,round-of-32,16
12196940,6,Round of 32,round-of-32,16
12196943,6,Round of 32,round-of-32,16
12196944,6,Round of 32,round-of-32,16
12196945,6,Round of 32,round-of-32,16
12196951,6,Round of 32,round-of-32,16
12196955,6,Round of 32,round-of-32,16
12196960,6,Round of 32,round-of-32,16
12196963,6,Round of 32,round-of-32,16
12197068,5,Round of 16,round-of-16,8
12197206,5,Round of 16,round-of-16,8
12197207,5,Round of 16,round-of-16,8
12197279,6,Round of 32,round-of-32,16
12197282,6,Round of 32,round-of-32,16
12197283,6,Round of 32,round-of-32,16
12197284,6,Round of 32,round-of-32,16
12197285,6,Round of 32,round-of-32,16
12197361,6,Round of 32,round-of-32,16
12197510,5,Round of 16,round-of-16,8
12197543,6,Round of 32,round-of-32,16
12197544,6,Round of 32,round-of-32,16
12197546,6,Round of 32,round-of-32,16
12197547,6,Round of 32,round-of-32,16
12197549,6,Round of 32,round-of-32,16
12197550,6,Round of 32,round-of-32,16
12197552,6,Round of 32,round-of-32,16
12197554,6,Round of 32,round-of-32,16
12197555,6,Round of 32,round-of-32,16
12197557,6,Round of 32,round-of-32,16
12197558,6,Round of 32,round-of-32,16
12197559,6,Round of 32,round-of-32,16
12197658,5,Round of 16,round-of-16,8
12197682,5,Round of 16,round-of-16,8
12197693,6,Round of 32,round-of-32,16
12197694,6,Round of 32,round-of-32,16
12197695,6,Round of 32,round-of-32,16
12197696,6,Round of 32,round-of-32,16
12197697,6,Round of 32,round-of-32,16
12197698,6,Round of 32,round-of-32,16
12197699,6,Round of 32,round-of-32,16
12197700,6,Round of 32,round-of-32,16
12197713,5,Round of 16,round-of-16,8
12197715,5,Round of 16,round-of-16,8
12197819,5,Round of 16,round-of-16,8
12197827,5,Round of 16,round-of-16,8
12197833,5,Round of 16,round-of-16,8
12197935,6,Round of 32,round-of-32,16
12197936,6,Round of 32,round-of-32,16
12197939,6,Round of 32,round-of-32,16
12198024,5,Round of 16,round-of-16,8
12198172,5,Round of 16,round-of-16,8
12198306,6,Round of 32,round-of-32,16
12198309,6,Round of 32,round-of-32,16
12198311,6,Round of 32,round-of-32,16
12198312,6,Round of 32,round-of-32,16
12198754,6,Round of 32,round-of-32,16
12198755,6,Round of 32,round-of-32,16
12198756,6,Round of 32,round-of-32,16
12198757,6,Round of 32,round-of-32,16
12198758,6,Round of 32,round-of-32,16
12198759,6,Round of 32,round-of-32,16
12198760,6,Round of 32,round-of-32,16
12199666,6,Round of 32,round-of-32,16
12156286,27,Quarterfinal,quarterfinal,4
12156288,27,Quarterfinal,quarterfinal,4
12156290,27,Quarterfinal,quarterfinal,4
12156297,27,Quarterfinal,quarterfinal,4
12157161,5,Round of 16,round-of-16,8
12157162,5,Round of 16,round-of-16,8
12157163,5,Round of 16,round-of-16,8
12157167,5,Round of 16,round-of-16,8
12157168,5,Round of 16,round-of-16,8
12157169,5,Round of 16,round-of-16,8
12157170,27,Quarterfinal,quarterfinal,4
12157172,5,Round of 16,round-of-16,8
12157173,5,Round of 16,round-of-16,8
12157175,27,Quarterfinal,quarterfinal,4
12173696,5,Round of 16,round-of-16,8
12173697,5,Round of 16,round-of-16,8
12173698,5,Round of 16,round-of-16,8
12173702,5,Round of 16,round-of-16,8
12173703,5,Round of 16,round-of-16,8
12173706,5,Round of 16,round-of-16,8
12173949,5,Round of 16,round-of-16,8
12173951,5,Round of 16,round-of-16,8
12173957,5,Round of 16,round-of-16,8
12173990,5,Round of 16,round-of-16,8
12173992,5,Round of 16,round-of-16,8
12173995,5,Round of 16,round-of-16,8
12173998,5,Round of 16,round-of-16,8
12174251,5,Round of 16,round-of-16,8
12174252,5,Round of 16,round-of-16,8
12174256,5,Round of 16,round-of-16,8
12174259,5,Round of 16,round-of-16,8
12174403,5,Round of 16,round-of-16,8
12174404,5,Round of 16,round-of-16,8
12174405,5,Round of 16,round-of-16,8
12174407,5,Round of 16,round-of-16,8
12174409,5,Round of 16,round-of-16,8
12174411,5,Round of 16,round-of-16,8
12174413,5,Round of 16,round-of-16,8
12174414,5,Round of 16,round-of-16,8
12174430,5,Round of 16,round-of-16,8
12174440,5,Round of 16,round-of-16,8
12174442,5,Round of 16,round-of-16,8
12174443,5,Round of 16,round-of-16,8
12189037,6,Round of 32,round-of-32,16
12189038,6,Round of 32,round-of-32,16
12189039,6,Round of 32,round-of-32,16
12189043,6,Round of 32,round-of-32,16
12189045,6,Round of 32,round-of-32,16
12189046,6,Round of 32,round-of-32,16
12189706,6,Round of 32,round-of-32,16
12189710,6,Round of 32,round-of-32,16
12189712,6,Round of 32,round-of-32,16
12189713,6,Round of 32,round-of-32,16
12189715,6,Round of 32,round-of-32,16
12189716,6,Round of 32,round-of-32,16
12189717,6,Round of 32,round-of-32,16
12189718,6,Round of 32,round-of-32,16
12189719,6,Round of 32,round-of-32,16
12190182,6,Round of 32,round-of-32,16
12190183,6,Round of 32,round-of-32,16
12190184,6,Round of 32,round-of-32,16
12190185,6,Round of 32,round-of-32,16
12190187,6,Round of 32,round-of-32,16
12190188,6,Round of 32,round-of-32,16
12190189,6,Round of 32,round-of-32,16
12190192,6,Round of 32,round-of-32,16
12190259,6,Round of 32,round-of-32,16
12190260,6,Round of 32,round-of-32,16
12190262,6,Round of 32,round-of-32,16
12190263,6,Round of 32,round-of-32,16
12190270,6,Round of 32,round-of-32,16
12190274,6,Round of 32,round-of-32,16
12190275,6,Round of 32,round-of-32,16
12190277,6,Round of 32,round-of-32,16
12190406,6,Round of 32,round-of-32,16
12191327,5,Round of 16,round-of-16,8
12191330,5,Round of 16,round-of-16,8
12191332,5,Round of 16,round-of-16,8
12191334,5,Round of 16,round-of-16,8
12191335,5,Round of 16,round-of-16,8
12191336,5,Round of 16,round-of-16,8
12191337,5,Round of 16,round-of-16,8
12191338,5,Round of 16,round-of-16,8
12191703,6,Round of 32,round-of-32,16
12191710,6,Round of 32,round-of-32,16
12191729,6,Round of 32,round-of-32,16
12191737,6,Round of 32,round-of-32,16
12191743,6,Round of 32,round-of-32,16
12191747,6,Round of 32,round-of-32,16
12191749,6,Round of 32,round-of-32,16
12191872,6,Round of 32,round-of-32,16
12191873,6,Round of 32,round-of-32,16
12191876,6,Round of 32,round-of-32,16
12191878,6,Round of 32,round-of-32,16
12192442,6,Round of 32,round-of-32,16
12192443,6,Round of 32,round-of-32,16
12192444,6,Round of 32,round-of-32,16
12192445,6,Round of 32,round-of-32,16
12192448,6,Round of 32,round-of-32,16
12192452,6,Round of 32,round-of-32,16
12192453,6,Round of 32,round-of-32,16
12193158,6,Round of 32,round-of-32,16
12193165,6,Round of 32,round-of-32,16
12193290,6,Round of 32,round-of-32,16
12193294,6,Round of 32,round-of-32,16
12193295,6,Round of 32,round-of-32,16
12193296,6,Round of 32,round-of-32,16
12193464,6,Round of 32,round-of-32,16
12193465,6,Round of 32,round-of-32,16
12193466,6,Round of 32,round-of-32,16
12193467,6,Round of 32,round-of-32,16
12193468,6,Round of 32,round-of-32,16
12193469,6,Round of 32,round-of-32,16
12193470,6,Round of 32,round-of-32,16
12193539,6,Round of 32,round-of-32,16
12193540,6,Round of 32,round-of-32,16
12193642,6,Round of 32,round-of-32,16
12193643,6,Round of 32,round-of-32,16
12193644,6,Round of 32,round-of-32,16
12193645,6,Round of 32,round-of-32,16
12193760,6,Round of 32,round-of-32,16
12193761,6,Round of 32,round-of-32,16
12193763,6,Round of 32,round-of-32,16
12193767,6,Round of 32,round-of-32,16
12193769,6,Round of 32,round-of-32,16
12193770,6,Round of 32,round-of-32,16
12193918,6,Round of 32,round-of-32,16
12193922,6,Round of 32,round-of-32,16
12193939,6,Round of 32,round-of-32,16
12193940,6,Round of 32,round-of-32,16
12193941,6,Round of 32,round-of-32,16
12193946,6,Round of 32,round-of-32,16
12193966,5,Round of 16,round-of-16,8
12194006,6,Round of 32,round-of-32,16
12194007,6,Round of 32,round-of-32,16
12194008,6,Round of 32,round-of-32,16
12194010,6,Round of 32,round-of-32,16
12194015,6,Round of 32,round-of-32,16
12194016,6,Round of 32,round-of-32,16
12194018,6,Round of 32,round-of-32,16
12194019,6,Round of 32,round-of-32,16
12194020,6,Round of 32,round-of-32,16
12194022,6,Round of 32,round-of-32,16
12194080,6,Round of 32,round-of-32,16
12194084,6,Round of 32,round-of-32,16
12194086,6,Round of 32,round-of-32,16
12194090,6,Round of 32,round-of-32,16
12194095,6,Round of 32,round-of-32,16
12194097,6,Round of 32,round-of-32,16
12194098,6,Round of 32,round-of-32,16
12194151,6,Round of 32,round-of-32,16
12194154,6,Round of 32,round-of-32,16
12194159,6,Round of 32,round-of-32,16
12194160,6,Round of 32,round-of-32,16
12194161,6,Round of 32,round-of-32,16
12194399,6,Round of 32,round-of-32,16
12194465,6,Round of 32,round-of-32,16
12194466,6,Round of 32,round-of-32,16
12194471,6,Round of 32,round-of-32,16
12194473,6,Round of 32,round-of-32,16
12194537,6,Round of 32,round-of-32,16
12194539,6,Round of 32,round-of-32,16
12194540,6,Round of 32,round-of-32,16
12194541,6,Round of 32,round-of-32,16
12194639,6,Round of 32,round-of-32,16
12194640,6,Round of 32,round-of-32,16
12194641,6,Round of 32,round-of-32,16
12194643,6,Round of 32,round-of-32,16
12194644,6,Round of 32,round-of-32,16
12194645,6,Round of 32,round-of-32,16
12194646,6,Round of 32,round-of-32,16
12194807,6,Round of 32,round-of-32,16
12194808,6,Round of 32,round-of-32,16
12194809,6,Round of 32,round-of-32,16
12194811,6,Round of 32,round-of-32,16
12194812,6,Round of 32,round-of-32,16
12194814,6,Round of 32,round-of-32,16
12194815,6,Round of 32,round-of-32,16
12194816,6,Round of 32,round-of-32,16
12194966,6,Round of 32,round-of-32,16
12194967,6,Round of 32,round-of-32,16
12194968,6,Round of 32,round-of-32,16
12194969,6,Round of 32,round-of-32,16
12195182,6,Round of 32,round-of-32,16
12195183,6,Round of 32,round-of-32,16
12195188,6,Round of 32,round-of-32,16
12195189,6,Round of 32,round-of-32,16
12195191,6,Round of 32,round-of-32,16
12195192,6,Round of 32,round-of-32,16
12195196,6,Round of 32,round-of-32,16
12195199,6,Round of 32,round-of-32,16
12195200,6,Round of 32,round-of-32,16
12195201,6,Round of 32,round-of-32,16
12195203,6,Round of 32,round-of-32,16
12195205,5,Round of 16,round-of-16,8
12195206,6,Round of 32,round-of-32,16
12195207,6,Round of 32,round-of-32,16
12195208,6,Round of 32,round-of-32,16
12195209,6,Round of 32,round-of-32,16
12195210,6,Round of 32,round-of-32,16
12195211,6,Round of 32,round-of-32,16
12195212,6,Round of 32,round-of-32,16
12195213,6,Round of 32,round-of-32,16
12195214,6,Round of 32,round-of-32,16
12195215,6,Round of 32,round-of-32,16
12195216,6,Round of 32,round-of-32,16
12195217,6,Round of 32,round-of-32,16
12195218,6,Round of 32,round-of-32,16
12195231,6,Round of 32,round-of-32,16
12195233,6,Round of 32,round-of-32,16
12195235,6,Round of 32,round-of-32,16
12195236,6,Round of 32,round-of-32,16
12195237,6,Round of 32,round-of-32,16
12195238,6,Round of 32,round-of-32,16
12195239,6,Round of 32,round-of-32,16
12195240,6,Round of 32,round-of-32,16
12195241,6,Round of 32,round-of-32,16
12195242,6,Round of 32,round-of-32,16
12195243,6,Round of 32,round-of-32,16
12195244,6,Round of 32,round-of-32,16
12195246,6,Round of 32,round-of-32,16
12195247,6,Round of 32,round-of-32,16
12195249,6,Round of 32,round-of-32,16
12195250,6,Round of 32,round-of-32,16
12195254,6,Round of 32,round-of-32,16
12195255,6,Round of 32,round-of-32,16
12195257,6,Round of 32,round-of-32,16
12195270,6,Round of 32,round-of-32,16
12195271,6,Round of 32,round-of-32,16
12195272,6,Round of 32,round-of-32,16
12195273,6,Round of 32,round-of-32,16
12195274,6,Round of 32,round-of-32,16
12195276,6,Round of 32,round-of-32,16
12195277,6,Round of 32,round-of-32,16
12195278,6,Round of 32,round-of-32,16
12195279,6,Round of 32,round-of-32,16
12195280,6,Round of 32,round-of-32,16
12195281,6,Round of 32,round-of-32,16
12195283,6,Round of 32,round-of-32,16
12195284,6,Round of 32,round-of-32,16
12195285,6,Round of 32,round-of-32,16
12195286,6,Round of 32,round-of-32,16
12195287,6,Round of 32,round-of-32,16
12195288,6,Round of 32,round-of-32,16
12195289,6,Round of 32,round-of-32,16
12195290,6,Round of 32,round-of-32,16
12195291,6,Round of 32,round-of-32,16
12195293,6,Round of 32,round-of-32,16
12195296,6,Round of 32,round-of-32,16
12195297,6,Round of 32,round-of-32,16
12195298,6,Round of 32,round-of-32,16
12195299,6,Round of 32,round-of-32,16
12195300,6,Round of 32,round-of-32,16
12195302,6,Round of 32,round-of-32,16
12195303,6,Round of 32,round-of-32,16
12195781,6,Round of 32,round-of-32,16
12195782,6,Round of 32,round-of-32,16
12195783,6,Round of 32,round-of-32,16
12195793,6,Round of 32,round-of-32,16
12195794,6,Round of 32,round-of-32,16
12195795,6,Round of 32,round-of-32,16
12195807,6,Round of 32,round-of-32,16
12195808,6,Round of 32,round-of-32,16
12195809,6,Round of 32,round-of-32,16
12195810,6,Round of 32,round-of-32,16
12196342,6,Round of 32,round-of-32,16
12196343,6,Round of 32,round-of-32,16
12196344,6,Round of 32,round-of-32,16
12196345,6,Round of 32,round-of-32,16
12196346,6,Round of 32,round-of-32,16
12196347,6,Round of 32,round-of-32,16
12196348,6,Round of 32,round-of-32,16
12196349,6,Round of 32,round-of-32,16
12196479,5,Round of 16,round-of-16,8
12196582,5,Round of 16,round-of-16,8
12196599,5,Round of 16,round-of-16,8
12196692,6,Round of 32,round-of-32,16
12196693,6,Round of 32,round-of-32,16
12196694,6,Round of 32,round-of-32,16
12196695,6,Round of 32,round-of-32,16
12196696,6,Round of 32,round-of-32,16
12196697,6,Round of 32,round-of-32,16
12196698,6,Round of 32,round-of-32,16
12196712,5,Round of 16,round-of-16,8
12196713,6,Round of 32,round-of-32,16
12196755,5,Round of 16,round-of-16,8
12196780,5,Round of 16,round-of-16,8
12196799,5,Round of 16,round-of-16,8
12196819,6,Round of 32,round-of-32,16
12196820,6,Round of 32,round-of-32,16
12196821,6,Round of 32,round-of-32,16
12196822,6,Round of 32,round-of-32,16
12196823,6,Round of 32,round-of-32,16
12196824,6,Round of 32,round-of-32,16
12196825,6,Round of 32,round-of-32,16
12196862,6,Round of 32,round-of-32,16
12196863,6,Round of 32,round-of-32,16
12196864,6,Round of 32,round-of-32,16
12196865,6,Round of 32,round-of-32,16
12196866,6,Round of 32,round-of-32,16
12196867,6,Round of 32,round-of-32,16
12196868,6,Round of 32,round-of-32,16
12196869,6,Round of 32,round-of-32,16
12196870,6,Round of 32,round-of-32,16
12196871,6,Round of 32,round-of-32,16
12196872,6,Round of 32,round-of-32,16
12196873,6,Round of 32,round-of-32,16
12196874,6,Round of 32,round-of-32,16
12196875,6,Round of 32,round-of-32,16
12196876,6,Round of 32,round-of-32,16
12196877,6,Round of 32,round-of-32,16
12196940,6,Round of 32,round-of-32,16
12196943,6,Round of 32,round-of-32,16
12196944,6,Round of 32,round-of-32,16
12196945,6,Round of 32,round-of-32,16
12196951,6,Round of 32,round-of-32,16
12196955,6,Round of 32,round-of-32,16
12196960,6,Round of 32,round-of-32,16
12196963,6,Round of 32,round-of-32,16
12197068,5,Round of 16,round-of-16,8
12197206,5,Round of 16,round-of-16,8
12197207,5,Round of 16,round-of-16,8
12197279,6,Round of 32,round-of-32,16
12197280,6,Round of 32,round-of-32,16
12197281,6,Round of 32,round-of-32,16
12197282,6,Round of 32,round-of-32,16
12197283,6,Round of 32,round-of-32,16
12197284,6,Round of 32,round-of-32,16
12197285,6,Round of 32,round-of-32,16
12197295,5,Round of 16,round-of-16,8
12197356,5,Round of 16,round-of-16,8
12197357,6,Round of 32,round-of-32,16
12197358,5,Round of 16,round-of-16,8
12197359,6,Round of 32,round-of-32,16
12197360,6,Round of 32,round-of-32,16
12197361,6,Round of 32,round-of-32,16
12197362,6,Round of 32,round-of-32,16
12197363,6,Round of 32,round-of-32,16
12197364,6,Round of 32,round-of-32,16
12197510,5,Round of 16,round-of-16,8
12197543,6,Round of 32,round-of-32,16
12197544,6,Round of 32,round-of-32,16
12197545,6,Round of 32,round-of-32,16
12197546,6,Round of 32,round-of-32,16
12197547,6,Round of 32,round-of-32,16
12197549,6,Round of 32,round-of-32,16
12197550,6,Round of 32,round-of-32,16
12197551,6,Round of 32,round-of-32,16
12197552,6,Round of 32,round-of-32,16
12197553,6,Round of 32,round-of-32,16
12197554,6,Round of 32,round-of-32,16
12197555,6,Round of 32,round-of-32,16
12197556,6,Round of 32,round-of-32,16
12197557,6,Round of 32,round-of-32,16
12197558,6,Round of 32,round-of-32,16
12197559,6,Round of 32,round-of-32,16
12197658,5,Round of 16,round-of-16,8
12197675,5,Round of 16,round-of-16,8
12197682,5,Round of 16,round-of-16,8
12197693,6,Round of 32,round-of-32,16
12197694,6,Round of 32,round-of-32,16
12197695,6,Round of 32,round-of-32,16
12197696,6,Round of 32,round-of-32,16
12197697,6,Round of 32,round-of-32,16
12197698,6,Round of 32,round-of-32,16
12197699,6,Round of 32,round-of-32,16
12197700,6,Round of 32,round-of-32,16
12197705,5,Round of 16,round-of-16,8
12197710,5,Round of 16,round-of-16,8
12197713,5,Round of 16,round-of-16,8
12197715,5,Round of 16,round-of-16,8
12197786,5,Round of 16,round-of-16,8
12197793,5,Round of 16,round-of-16,8
12197816,6,Round of 32,round-of-32,16
12197819,5,Round of 16,round-of-16,8
12197827,5,Round of 16,round-of-16,8
12197833,5,Round of 16,round-of-16,8
12197834,5,Round of 16,round-of-16,8
12197835,5,Round of 16,round-of-16,8
12197843,5,Round of 16,round-of-16,8
12197935,6,Round of 32,round-of-32,16
12197936,6,Round of 32,round-of-32,16
12197938,6,Round of 32,round-of-32,16
12197939,6,Round of 32,round-of-32,16
12197940,6,Round of 32,round-of-32,16
12197941,6,Round of 32,round-of-32,16
12198024,5,Round of 16,round-of-16,8
12198140,5,Round of 16,round-of-16,8
12198151,5,Round of 16,round-of-16,8
12198172,5,Round of 16,round-of-16,8
12198199,5,Round of 16,round-of-16,8
12198200,5,Round of 16,round-of-16,8
12198207,5,Round of 16,round-of-16,8
12198305,6,Round of 32,round-of-32,16
12198306,6,Round of 32,round-of-32,16
12198307,6,Round of 32,round-of-32,16
12198308,6,Round of 32,round-of-32,16
12198309,6,Round of 32,round-of-32,16
12198310,6,Round of 32,round-of-32,16
12198311,6,Round of 32,round-of-32,16
12198312,6,Round of 32,round-of-32,16
12198657,5,Round of 16,round-of-16,8
12198752,5,Round of 16,round-of-16,8
12198754,6,Round of 32,round-of-32,16
12198755,6,Round of 32,round-of-32,16
12198756,6,Round of 32,round-of-32,16
12198757,6,Round of 32,round-of-32,16
12198758,6,Round of 32,round-of-32,16
12198759,6,Round of 32,round-of-32,16
12198760,6,Round of 32,round-of-32,16
12198791,5,Round of 16,round-of-16,8
12198870,5,Round of 16,round-of-16,8
12198872,5,Round of 16,round-of-16,8
12198890,5,Round of 16,round-of-16,8
12198931,5,Round of 16,round-of-16,8
12198932,5,Round of 16,round-of-16,8
12198961,5,Round of 16,round-of-16,8
12199138,5,Round of 16,round-of-16,8
12199144,5,Round of 16,round-of-16,8
12199155,5,Round of 16,round-of-16,8
12199156,5,Round of 16,round-of-16,8
12199211,5,Round of 16,round-of-16,8
12199234,5,Round of 16,round-of-16,8
12199342,5,Round of 16,round-of-16,8
12199352,5,Round of 16,round-of-16,8
12199364,5,Round of 16,round-of-16,8
12199375,5,Round of 16,round-of-16,8
12199376,5,Round of 16,round-of-16,8
12199384,5,Round of 16,round-of-16,8
12199385,5,Round of 16,round-of-16,8
12199391,5,Round of 16,round-of-16,8
12199435,5,Round of 16,round-of-16,8
12199463,5,Round of 16,round-of-16,8
12199491,5,Round of 16,round-of-16,8
12199570,5,Round of 16,round-of-16,8
12199571,5,Round of 16,round-of-16,8
12199587,5,Round of 16,round-of-16,8
12199593,5,Round of 16,round-of-16,8
12199594,27,Quarterfinal,quarterfinal,4
12199595,5,Round of 16,round-of-16,8
12199613,5,Round of 16,round-of-16,8
12199614,5,Round of 16,round-of-16,8
12199615,5,Round of 16,round-of-16,8
12199616,5,Round of 16,round-of-16,8
12199625,5,Round of 16,round-of-16,8
12199628,5,Round of 16,round-of-16,8
12199634,5,Round of 16,round-of-16,8
12199639,5,Round of 16,round-of-16,8
12199640,5,Round of 16,round-of-16,8
12199646,5,Round of 16,round-of-16,8
12199662,5,Round of 16,round-of-16,8
12199666,6,Round of 32,round-of-32,16
12199667,5,Round of 16,round-of-16,8
12199668,5,Round of 16,round-of-16,8
12199670,5,Round of 16,round-of-16,8
12199671,5,Round of 16,round-of-16,8
12199672,5,Round of 16,round-of-16,8
12199673,5,Round of 16,round-of-16,8
12199675,5,Round of 16,round-of-16,8
12199697,5,Round of 16,round-of-16,8
12199698,5,Round of 16,round-of-16,8
12199708,5,Round of 16,round-of-16,8
12199709,5,Round of 16,round-of-16,8
12199711,27,Quarterfinal,quarterfinal,4
12199712,5,Round of 16,round-of-16,8
12199716,27,Quarterfinal,quarterfinal,4
12199717,27,Quarterfinal,quarterfinal,4
12199728,27,Quarterfinal,quarterfinal,4
12199768,5,Round of 16,round-of-16,8
12199769,5,Round of 16,round-of-16,8
12199774,5,Round of 16,round-of-16,8
12199775,5,Round of 16,round-of-16,8
12199776,5,Round of 16,round-of-16,8
12199780,5,Round of 16,round-of-16,8
12199781,5,Round of 16,round-of-16,8
12199786,5,Round of 16,round-of-16,8
12199787,5,Round of 16,round-of-16,8
12199789,5,Round of 16,round-of-16,8
12199809,5,Round of 16,round-of-16,8
12199810,27,Quarterfinal,quarterfinal,4
12199813,5,Round of 16,round-of-16,8
12199815,5,Round of 16,round-of-16,8
12199817,5,Round of 16,round-of-16,8
12199818,5,Round of 16,round-of-16,8
12199822,5,Round of 16,round-of-16,8
12199823,5,Round of 16,round-of-16,8
12199845,5,Round of 16,round-of-16,8
12199850,5,Round of 16,round-of-16,8
12199860,5,Round of 16,round-of-16,8
12199863,5,Round of 16,round-of-16,8
12199865,5,Round of 16,round-of-16,8
12199902,5,Round of 16,round-of-16,8
12199938,5,Round of 16,round-of-16,8
12199997,5,Round of 16,round-of-16,8
12199998,5,Round of 16,round-of-16,8
12200027,5,Round of 16,round-of-16,8
12200040,5,Round of 16,round-of-16,8
12200065,5,Round of 16,round-of-16,8
12200102,5,Round of 16,round-of-16,8
12200135,5,Round of 16,round-of-16,8
12200174,5,Round of 16,round-of-16,8
12200176,5,Round of 16,round-of-16,8
12200185,5,Round of 16,round-of-16,8
12200217,5,Round of 16,round-of-16,8
12200218,5,Round of 16,round-of-16,8
12200225,5,Round of 16,round-of-16,8
12200286,5,Round of 16,round-of-16,8
12200287,5,Round of 16,round-of-16,8
12200336,5,Round of 16,round-of-16,8
12200520,5,Round of 16,round-of-16,8
12200526,5,Round of 16,round-of-16,8
12201735,5,Round of 16,round-of-16,8
12201886,5,Round of 16,round-of-16,8
12156287,28,Semifinal,semifinal,2
12156288,27,Quarterfinal,quarterfinal,4
12156290,27,Quarterfinal,quarterfinal,4
12156346,28,Semifinal,semifinal,2
12157164,27,Quarterfinal,quarterfinal,4
12157165,27,Quarterfinal,quarterfinal,4
12157170,27,Quarterfinal,quarterfinal,4
12157175,27,Quarterfinal,quarterfinal,4
12173696,5,Round of 16,round-of-16,8
12173697,5,Round of 16,round-of-16,8
12173698,5,Round of 16,round-of-16,8
12173699,27,Quarterfinal,quarterfinal,4
12173702,5,Round of 16,round-of-16,8
12173703,5,Round of 16,round-of-16,8
12173704,5,Round of 16,round-of-16,8
12173706,5,Round of 16,round-of-16,8
12173708,27,Quarterfinal,quarterfinal,4
12173713,5,Round of 16,round-of-16,8
12173948,5,Round of 16,round-of-16,8
12173949,5,Round of 16,round-of-16,8
12173951,5,Round of 16,round-of-16,8
12173952,5,Round of 16,round-of-16,8
12173953,5,Round of 16,round-of-16,8
12173955,5,Round of 16,round-of-16,8
12173957,5,Round of 16,round-of-16,8
12173962,5,Round of 16,round-of-16,8
12173990,5,Round of 16,round-of-16,8
12173992,5,Round of 16,round-of-16,8
12173993,5,Round of 16,round-of-16,8
12173995,5,Round of 16,round-of-16,8
12173998,5,Round of 16,round-of-16,8
12173999,5,Round of 16,round-of-16,8
12174000,5,Round of 16,round-of-16,8
12174002,5,Round of 16,round-of-16,8
12174249,5,Round of 16,round-of-16,8
12174251,5,Round of 16,round-of-16,8
12174252,5,Round of 16,round-of-16,8
12174255,5,Round of 16,round-of-16,8
12174256,5,Round of 16,round-of-16,8
12174258,5,Round of 16,round-of-16,8
12174259,5,Round of 16,round-of-16,8
12174260,5,Round of 16,round-of-16,8
12174391,27,Quarterfinal,quarterfinal,4
12174394,27,Quarterfinal,quarterfinal,4
12174395,27,Quarterfinal,quarterfinal,4
12174396,27,Quarterfinal,quarterfinal,4
12174403,5,Round of 16,round-of-16,8
12174404,5,Round of 16,round-of-16,8
12174405,5,Round of 16,round-of-16,8
12174406,27,Quarterfinal,quarterfinal,4
12174407,5,Round of 16,round-of-16,8
12174409,5,Round of 16,round-of-16,8
12174410,27,Quarterfinal,quarterfinal,4
12174411,5,Round of 16,round-of-16,8
12174413,5,Round of 16,round-of-16,8
12174414,5,Round of 16,round-of-16,8
12174415,27,Quarterfinal,quarterfinal,4
12174416,27,Quarterfinal,quarterfinal,4
12174430,5,Round of 16,round-of-16,8
12174436,5,Round of 16,round-of-16,8
12174437,5,Round of 16,round-of-16,8
12174438,5,Round of 16,round-of-16,8
12174440,5,Round of 16,round-of-16,8
12174441,5,Round of 16,round-of-16,8
12174442,5,Round of 16,round-of-16,8
12174443,5,Round of 16,round-of-16,8
12189037,6,Round of 32,round-of-32,16
12189038,6,Round of 32,round-of-32,16
12189046,6,Round of 32,round-of-32,16
12190263,6,Round of 32,round-of-32,16
12191327,5,Round of 16,round-of-16,8
12191330,5,Round of 16,round-of-16,8
12191332,5,Round of 16,round-of-16,8
12191334,5,Round of 16,round-of-16,8
12191335,5,Round of 16,round-of-16,8
12191336,5,Round of 16,round-of-16,8
12191337,5,Round of 16,round-of-16,8
12191338,5,Round of 16,round-of-16,8
12193465,6,Round of 32,round-of-32,16
12193466,6,Round of 32,round-of-32,16
12193468,6,Round of 32,round-of-32,16
12193966,5,Round of 16,round-of-16,8
12194154,6,Round of 32,round-of-32,16
12194807,6,Round of 32,round-of-32,16
12194815,6,Round of 32,round-of-32,16
12195201,6,Round of 32,round-of-32,16
12195205,5,Round of 16,round-of-16,8
12195218,6,Round of 32,round-of-32,16
12195233,6,Round of 32,round-of-32,16
12195238,6,Round of 32,round-of-32,16
12195240,6,Round of 32,round-of-32,16
12195247,6,Round of 32,round-of-32,16
12195257,6,Round of 32,round-of-32,16
12195279,6,Round of 32,round-of-32,16
12195288,6,Round of 32,round-of-32,16
12195295,5,Round of 16,round-of-16,8
12195781,6,Round of 32,round-of-32,16
12195782,6,Round of 32,round-of-32,16
12195783,6,Round of 32,round-of-32,16
12195793,6,Round of 32,round-of-32,16
12195794,6,Round of 32,round-of-32,16
12195795,6,Round of 32,round-of-32,16
12195807,6,Round of 32,round-of-32,16
12195810,6,Round of 32,round-of-32,16
12196479,5,Round of 16,round-of-16,8
12196582,5,Round of 16,round-of-16,8
12196599,5,Round of 16,round-of-16,8
12196695,6,Round of 32,round-of-32,16
12196755,5,Round of 16,round-of-16,8
12196780,5,Round of 16,round-of-16,8
12196799,5,Round of 16,round-of-16,8
12196864,6,Round of 32,round-of-32,16
12196867,6,Round of 32,round-of-32,16
12196875,6,Round of 32,round-of-32,16
12196876,6,Round of 32,round-of-32,16
12196877,6,Round of 32,round-of-32,16
12197279,6,Round of 32,round-of-32,16
12197280,6,Round of 32,round-of-32,16
12197281,6,Round of 32,round-of-32,16
12197283,6,Round of 32,round-of-32,16
12197295,5,Round of 16,round-of-16,8
12197356,5,Round of 16,round-of-16,8
12197357,6,Round of 32,round-of-32,16
12197358,5,Round of 16,round-of-16,8
12197359,6,Round of 32,round-of-32,16
12197360,6,Round of 32,round-of-32,16
12197361,6,Round of 32,round-of-32,16
12197362,6,Round of 32,round-of-32,16
12197363,6,Round of 32,round-of-32,16
12197364,6,Round of 32,round-of-32,16
12197545,6,Round of 32,round-of-32,16
12197546,6,Round of 32,round-of-32,16
12197551,6,Round of 32,round-of-32,16
12197552,6,Round of 32,round-of-32,16
12197553,6,Round of 32,round-of-32,16
12197555,6,Round of 32,round-of-32,16
12197556,6,Round of 32,round-of-32,16
12197559,6,Round of 32,round-of-32,16
12197675,5,Round of 16,round-of-16,8
12197681,5,Round of 16,round-of-16,8
12197694,6,Round of 32,round-of-32,16
12197695,6,Round of 32,round-of-32,16
12197698,6,Round of 32,round-of-32,16
12197705,5,Round of 16,round-of-16,8
12197710,5,Round of 16,round-of-16,8
12197786,5,Round of 16,round-of-16,8
12197793,5,Round of 16,round-of-16,8
12197816,6,Round of 32,round-of-32,16
12197834,5,Round of 16,round-of-16,8
12197835,5,Round of 16,round-of-16,8
12197843,5,Round of 16,round-of-16,8
12197935,6,Round of 32,round-of-32,16
12197936,6,Round of 32,round-of-32,16
12197937,6,Round of 32,round-of-32,16
12197938,6,Round of 32,round-of-32,16
12197939,6,Round of 32,round-of-32,16
12197940,6,Round of 32,round-of-32,16
12197941,6,Round of 32,round-of-32,16
12197942,6,Round of 32,round-of-32,16
12198115,5,Round of 16,round-of-16,8
12198140,5,Round of 16,round-of-16,8
12198151,5,Round of 16,round-of-16,8
12198172,5,Round of 16,round-of-16,8
12198199,5,Round of 16,round-of-16,8
12198200,5,Round of 16,round-of-16,8
12198207,5,Round of 16,round-of-16,8
12198305,6,Round of 32,round-of-32,16
12198306,6,Round of 32,round-of-32,16
12198307,6,Round of 32,round-of-32,16
12198308,6,Round of 32,round-of-32,16
12198309,6,Round of 32,round-of-32,16
12198310,6,Round of 32,round-of-32,16
12198311,6,Round of 32,round-of-32,16
12198312,6,Round of 32,round-of-32,16
12198657,5,Round of 16,round-of-16,8
12198752,5,Round of 16,round-of-16,8
12198791,5,Round of 16,round-of-16,8
12198870,5,Round of 16,round-of-16,8
12198872,5,Round of 16,round-of-16,8
12198890,5,Round of 16,round-of-16,8
12198931,5,Round of 16,round-of-16,8
12198932,5,Round of 16,round-of-16,8
12198961,5,Round of 16,round-of-16,8
12199138,5,Round of 16,round-of-16,8
12199144,5,Round of 16,round-of-16,8
12199155,5,Round of 16,round-of-16,8
12199156,5,Round of 16,round-of-16,8
12199211,5,Round of 16,round-of-16,8
12199234,5,Round of 16,round-of-16,8
12199342,5,Round of 16,round-of-16,8
12199352,5,Round of 16,round-of-16,8
12199364,5,Round of 16,round-of-16,8
12199375,5,Round of 16,round-of-16,8
12199376,5,Round of 16,round-of-16,8
12199384,5,Round of 16,round-of-16,8
12199385,5,Round of 16,round-of-16,8
12199391,5,Round of 16,round-of-16,8
12199435,5,Round of 16,round-of-16,8
12199463,5,Round of 16,round-of-16,8
12199491,5,Round of 16,round-of-16,8
12199570,5,Round of 16,round-of-16,8
12199571,5,Round of 16,round-of-16,8
12199587,5,Round of 16,round-of-16,8
12199593,5,Round of 16,round-of-16,8
12199594,27,Quarterfinal,quarterfinal,4
12199595,5,Round of 16,round-of-16,8
12199611,5,Round of 16,round-of-16,8
12199613,5,Round of 16,round-of-16,8
12199614,5,Round of 16,round-of-16,8
12199615,5,Round of 16,round-of-16,8
12199616,5,Round of 16,round-of-16,8
12199623,5,Round of 16,round-of-16,8
12199625,5,Round of 16,round-of-16,8
12199626,27,Quarterfinal,quarterfinal,4
12199628,5,Round of 16,round-of-16,8
12199634,5,Round of 16,round-of-16,8
12199639,5,Round of 16,round-of-16,8
12199640,5,Round of 16,round-of-16,8
12199646,5,Round of 16,round-of-16,8
12199662,5,Round of 16,round-of-16,8
12199666,6,Round of 32,round-of-32,16
12199667,5,Round of 16,round-of-16,8
12199668,5,Round of 16,round-of-16,8
12199670,5,Round of 16,round-of-16,8
12199671,5,Round of 16,round-of-16,8
12199672,5,Round of 16,round-of-16,8
12199673,5,Round of 16,round-of-16,8
12199675,5,Round of 16,round-of-16,8
12199676,5,Round of 16,round-of-16,8
12199697,5,Round of 16,round-of-16,8
12199698,5,Round of 16,round-of-16,8
12199708,5,Round of 16,round-of-16,8
12199709,5,Round of 16,round-of-16,8
12199711,27,Quarterfinal,quarterfinal,4
12199712,5,Round of 16,round-of-16,8
12199716,27,Quarterfinal,quarterfinal,4
12199717,27,Quarterfinal,quarterfinal,4
12199728,27,Quarterfinal,quarterfinal,4
12199768,5,Round of 16,round-of-16,8
12199769,5,Round of 16,round-of-16,8
12199774,5,Round of 16,round-of-16,8
12199775,5,Round of 16,round-of-16,8
12199776,5,Round of 16,round-of-16,8
12199780,5,Round of 16,round-of-16,8
12199781,5,Round of 16,round-of-16,8
12199786,5,Round of 16,round-of-16,8
12199787,5,Round of 16,round-of-16,8
12199789,5,Round of 16,round-of-16,8
12199809,5,Round of 16,round-of-16,8
12199810,27,Quarterfinal,quarterfinal,4
12199813,5,Round of 16,round-of-16,8
12199815,5,Round of 16,round-of-16,8
12199817,5,Round of 16,round-of-16,8
12199818,5,Round of 16,round-of-16,8
12199821,5,Round of 16,round-of-16,8
12199822,5,Round of 16,round-of-16,8
12199823,5,Round of 16,round-of-16,8
12199845,5,Round of 16,round-of-16,8
12199850,5,Round of 16,round-of-16,8
12199860,5,Round of 16,round-of-16,8
12199863,5,Round of 16,round-of-16,8
12199865,5,Round of 16,round-of-16,8
12199902,5,Round of 16,round-of-16,8
12199937,5,Round of 16,round-of-16,8
12199938,5,Round of 16,round-of-16,8
12199997,5,Round of 16,round-of-16,8
12199998,5,Round of 16,round-of-16,8
12200027,5,Round of 16,round-of-16,8
12200040,5,Round of 16,round-of-16,8
12200065,5,Round of 16,round-of-16,8
12200102,5,Round of 16,round-of-16,8
12200135,5,Round of 16,round-of-16,8
12200174,5,Round of 16,round-of-16,8
12200176,5,Round of 16,round-of-16,8
12200185,5,Round of 16,round-of-16,8
12200217,5,Round of 16,round-of-16,8
12200218,5,Round of 16,round-of-16,8
12200224,5,Round of 16,round-of-16,8
12200225,5,Round of 16,round-of-16,8
12200251,27,Quarterfinal,quarterfinal,4
12200286,5,Round of 16,round-of-16,8
12200287,5,Round of 16,round-of-16,8
12200336,5,Round of 16,round-of-16,8
12200520,5,Round of 16,round-of-16,8
12200526,5,Round of 16,round-of-16,8
12201259,27,Quarterfinal,quarterfinal,4
12201260,27,Quarterfinal,quarterfinal,4
12201279,27,Quarterfinal,quarterfinal,4
12201307,27,Quarterfinal,quarterfinal,4
12201308,27,Quarterfinal,quarterfinal,4
12201395,27,Quarterfinal,quarterfinal,4
12201399,27,Quarterfinal,quarterfinal,4
12201400,27,Quarterfinal,quarterfinal,4
12201722,27,Quarterfinal,quarterfinal,4
12201735,5,Round of 16,round-of-16,8
12201738,27,Quarterfinal,quarterfinal,4
12201760,27,Quarterfinal,quarterfinal,4
12201761,27,Quarterfinal,quarterfinal,4
12201764,27,Quarterfinal,quarterfinal,4
12201825,27,Quarterfinal,quarterfinal,4
12201870,27,Quarterfinal,quarterfinal,4
12201871,27,Quarterfinal,quarterfinal,4
12201878,27,Quarterfinal,quarterfinal,4
12201886,5,Round of 16,round-of-16,8
12201895,27,Quarterfinal,quarterfinal,4
12201902,27,Quarterfinal,quarterfinal,4
12201922,27,Quarterfinal,quarterfinal,4
12201935,27,Quarterfinal,quarterfinal,4
12201937,27,Quarterfinal,quarterfinal,4
12201942,27,Quarterfinal,quarterfinal,4
12201943,27,Quarterfinal,quarterfinal,4
12201991,27,Quarterfinal,quarterfinal,4
12201992,27,Quarterfinal,quarterfinal,4
12201993,27,Quarterfinal,quarterfinal,4
12202009,27,Quarterfinal,quarterfinal,4
12202015,27,Quarterfinal,quarterfinal,4
12202016,27,Quarterfinal,quarterfinal,4
12202020,27,Quarterfinal,quarterfinal,4
12202026,28,Semifinal,semifinal,2
12202027,27,Quarterfinal,quarterfinal,4
12202028,27,Quarterfinal,quarterfinal,4
12202043,27,Quarterfinal,quarterfinal,4
12202056,27,Quarterfinal,quarterfinal,4
12202071,27,Quarterfinal,quarterfinal,4
12202079,27,Quarterfinal,quarterfinal,4
12202099,27,Quarterfinal,quarterfinal,4
12202104,27,Quarterfinal,quarterfinal,4
12202129,27,Quarterfinal,quarterfinal,4
12202135,5,Round of 16,round-of-16,8
12202150,27,Quarterfinal,quarterfinal,4
12202164,27,Quarterfinal,quarterfinal,4
12202168,27,Quarterfinal,quarterfinal,4
12202193,27,Quarterfinal,quarterfinal,4
12202194,27,Quarterfinal,quarterfinal,4
12202196,27,Quarterfinal,quarterfinal,4
12202198,27,Quarterfinal,quarterfinal,4
12202206,28,Semifinal,semifinal,2
12202254,27,Quarterfinal,quarterfinal,4
12202269,27,Quarterfinal,quarterfinal,4
12202270,27,Quarterfinal,quarterfinal,4
12202290,27,Quarterfinal,quarterfinal,4
12202313,27,Quarterfinal,quarterfinal,4
12202337,27,Quarterfinal,quarterfinal,4
12202340,27,Quarterfinal,quarterfinal,4
12202343,27,Quarterfinal,quarterfinal,4
12202379,27,Quarterfinal,quarterfinal,4
12202575,27,Quarterfinal,quarterfinal,4
12202650,27,Quarterfinal,quarterfinal,4
12202711,27,Quarterfinal,quarterfinal,4
12205115,28,Semifinal,semifinal,2
12205184,28,Semifinal,semifinal,2
12156287,28,Semifinal,semifinal,2
12156346,28,Semifinal,semifinal,2
12157164,27,Quarterfinal,quarterfinal,4
12157165,27,Quarterfinal,quarterfinal,4
12157166,28,Semifinal,semifinal,2
12157174,28,Semifinal,semifinal,2
12173699,27,Quarterfinal,quarterfinal,4
12173701,27,Quarterfinal,quarterfinal,4
12173702,5,Round of 16,round-of-16,8
12173704,5,Round of 16,round-of-16,8
12173705,27,Quarterfinal,quarterfinal,4
12173707,28,Semifinal,semifinal,2
12173708,27,Quarterfinal,quarterfinal,4
12173713,5,Round of 16,round-of-16,8
12173714,28,Semifinal,semifinal,2
12173948,5,Round of 16,round-of-16,8
12173952,5,Round of 16,round-of-16,8
12173953,5,Round of 16,round-of-16,8
12173954,27,Quarterfinal,quarterfinal,4
12173955,5,Round of 16,round-of-16,8
12173956,27,Quarterfinal,quarterfinal,4
12173958,27,Quarterfinal,quarterfinal,4
12173959,27,Quarterfinal,quarterfinal,4
12173960,28,Semifinal,semifinal,2
12173962,5,Round of 16,round-of-16,8
12173991,27,Quarterfinal,quarterfinal,4
12173993,5,Round of 16,round-of-16,8
12173994,27,Quarterfinal,quarterfinal,4
12173996,27,Quarterfinal,quarterfinal,4
12173999,5,Round of 16,round-of-16,8
12174000,5,Round of 16,round-of-16,8
12174002,5,Round of 16,round-of-16,8
12174003,27,Quarterfinal,quarterfinal,4
12174249,5,Round of 16,round-of-16,8
12174250,27,Quarterfinal,quarterfinal,4
12174253,27,Quarterfinal,quarterfinal,4
12174255,5,Round of 16,round-of-16,8
12174257,27,Quarterfinal,quarterfinal,4
12174258,5,Round of 16,round-of-16,8
12174260,5,Round of 16,round-of-16,8
12174261,27,Quarterfinal,quarterfinal,4
12174391,27,Quarterfinal,quarterfinal,4
12174394,27,Quarterfinal,quarterfinal,4
12174395,27,Quarterfinal,quarterfinal,4
12174396,27,Quarterfinal,quarterfinal,4
12174406,27,Quarterfinal,quarterfinal,4
12174408,28,Semifinal,semifinal,2
12174410,27,Quarterfinal,quarterfinal,4
12174412,28,Semifinal,semifinal,2
12174415,27,Quarterfinal,quarterfinal,4
12174416,27,Quarterfinal,quarterfinal,4
12174434,27,Quarterfinal,quarterfinal,4
12174435,27,Quarterfinal,quarterfinal,4
12174436,5,Round of 16,round-of-16,8
12174437,5,Round of 16,round-of-16,8
12174438,5,Round of 16,round-of-16,8
12174439,27,Quarterfinal,quarterfinal,4
12174441,5,Round of 16,round-of-16,8
12174444,27,Quarterfinal,quarterfinal,4
12189038,6,Round of 32,round-of-32,16
12195295,5,Round of 16,round-of-16,8
12195781,6,Round of 32,round-of-32,16
12195785,5,Round of 16,round-of-16,8
12195787,5,Round of 16,round-of-16,8
12196799,5,Round of 16,round-of-16,8
12197356,5,Round of 16,round-of-16,8
12197358,5,Round of 16,round-of-16,8
12197681,5,Round of 16,round-of-16,8
12197710,5,Round of 16,round-of-16,8
12197937,6,Round of 32,round-of-32,16
12197942,6,Round of 32,round-of-32,16
12197943,6,Round of 32,round-of-32,16
12198115,5,Round of 16,round-of-16,8
12199611,5,Round of 16,round-of-16,8
12199623,5,Round of 16,round-of-16,8
12199626,27,Quarterfinal,quarterfinal,4
12199676,5,Round of 16,round-of-16,8
12199716,27,Quarterfinal,quarterfinal,4
12199717,27,Quarterfinal,quarterfinal,4
12199787,5,Round of 16,round-of-16,8
12199818,5,Round of 16,round-of-16,8
12199821,5,Round of 16,round-of-16,8
12199823,5,Round of 16,round-of-16,8
12199937,5,Round of 16,round-of-16,8
12199969,5,Round of 16,round-of-16,8
12200027,5,Round of 16,round-of-16,8
12200102,5,Round of 16,round-of-16,8
12200135,5,Round of 16,round-of-16,8
12200218,5,Round of 16,round-of-16,8
12200224,5,Round of 16,round-of-16,8
12200225,5,Round of 16,round-of-16,8
12200251,27,Quarterfinal,quarterfinal,4
12200286,5,Round of 16,round-of-16,8
12200595,5,Round of 16,round-of-16,8
12200622,5,Round of 16,round-of-16,8
12200656,5,Round of 16,round-of-16,8
12201259,27,Quarterfinal,quarterfinal,4
12201260,27,Quarterfinal,quarterfinal,4
12201279,27,Quarterfinal,quarterfinal,4
12201307,27,Quarterfinal,quarterfinal,4
12201308,27,Quarterfinal,quarterfinal,4
12201395,27,Quarterfinal,quarterfinal,4
12201399,27,Quarterfinal,quarterfinal,4
12201400,27,Quarterfinal,quarterfinal,4
12201722,27,Quarterfinal,quarterfinal,4
12201738,27,Quarterfinal,quarterfinal,4
12201760,27,Quarterfinal,quarterfinal,4
12201761,27,Quarterfinal,quarterfinal,4
12201764,27,Quarterfinal,quarterfinal,4
12201825,27,Quarterfinal,quarterfinal,4
12201870,27,Quarterfinal,quarterfinal,4
12201871,27,Quarterfinal,quarterfinal,4
12201878,27,Quarterfinal,quarterfinal,4
12201886,5,Round of 16,round-of-16,8
12201895,27,Quarterfinal,quarterfinal,4
12201902,27,Quarterfinal,quarterfinal,4
12201922,27,Quarterfinal,quarterfinal,4
12201935,27,Quarterfinal,quarterfinal,4
12201937,27,Quarterfinal,quarterfinal,4
12201942,27,Quarterfinal,quarterfinal,4
12201943,27,Quarterfinal,quarterfinal,4
12201991,27,Quarterfinal,quarterfinal,4
12201992,27,Quarterfinal,quarterfinal,4
12201993,27,Quarterfinal,quarterfinal,4
12202009,27,Quarterfinal,quarterfinal,4
12202015,27,Quarterfinal,quarterfinal,4
12202016,27,Quarterfinal,quarterfinal,4
12202020,27,Quarterfinal,quarterfinal,4
12202026,28,Semifinal,semifinal,2
12202027,27,Quarterfinal,quarterfinal,4
12202028,27,Quarterfinal,quarterfinal,4
12202043,27,Quarterfinal,quarterfinal,4
12202056,27,Quarterfinal,quarterfinal,4
12202071,27,Quarterfinal,quarterfinal,4
12202079,27,Quarterfinal,quarterfinal,4
12202099,27,Quarterfinal,quarterfinal,4
12202104,27,Quarterfinal,quarterfinal,4
12202129,27,Quarterfinal,quarterfinal,4
12202135,5,Round of 16,round-of-16,8
12202150,27,Quarterfinal,quarterfinal,4
12202164,27,Quarterfinal,quarterfinal,4
12202168,27,Quarterfinal,quarterfinal,4
12202181,27,Quarterfinal,quarterfinal,4
12202193,27,Quarterfinal,quarterfinal,4
12202194,27,Quarterfinal,quarterfinal,4
12202196,27,Quarterfinal,quarterfinal,4
12202198,27,Quarterfinal,quarterfinal,4
12202206,28,Semifinal,semifinal,2
12202254,27,Quarterfinal,quarterfinal,4
12202269,27,Quarterfinal,quarterfinal,4
12202270,27,Quarterfinal,quarterfinal,4
12202290,27,Quarterfinal,quarterfinal,4
12202313,27,Quarterfinal,quarterfinal,4
12202323,27,Quarterfinal,quarterfinal,4
12202337,27,Quarterfinal,quarterfinal,4
12202340,27,Quarterfinal,quarterfinal,4
12202343,27,Quarterfinal,quarterfinal,4
12202379,27,Quarterfinal,quarterfinal,4
12202498,28,Semifinal,semifinal,2
12202575,27,Quarterfinal,quarterfinal,4
12202650,27,Quarterfinal,quarterfinal,4
12202671,27,Quarterfinal,quarterfinal,4
12202711,27,Quarterfinal,quarterfinal,4
12202717,28,Semifinal,semifinal,2
12202754,27,Quarterfinal,quarterfinal,4
12202800,27,Quarterfinal,quarterfinal,4
12203813,28,Semifinal,semifinal,2
12203927,28,Semifinal,semifinal,2
12204459,28,Semifinal,semifinal,2
12204495,28,Semifinal,semifinal,2
12204496,28,Semifinal,semifinal,2
12205083,28,Semifinal,semifinal,2
12205084,28,Semifinal,semifinal,2
12205085,28,Semifinal,semifinal,2
12205115,28,Semifinal,semifinal,2
12205135,28,Semifinal,semifinal,2
12205139,28,Semifinal,semifinal,2
12205140,28,Semifinal,semifinal,2
12205151,28,Semifinal,semifinal,2
12205152,28,Semifinal,semifinal,2
12205184,28,Semifinal,semifinal,2
12205193,29,Final,final,1
12205194,28,Semifinal,semifinal,2
12205212,28,Semifinal,semifinal,2
12205219,5,Round of 16,round-of-16,8
12205231,28,Semifinal,semifinal,2
12205243,28,Semifinal,semifinal,2
12205253,28,Semifinal,semifinal,2
12205332,28,Semifinal,semifinal,2
12205333,28,Semifinal,semifinal,2
12205348,28,Semifinal,semifinal,2
12205363,5,Round of 16,round-of-16,8
12205365,28,Semifinal,semifinal,2
12205367,28,Semifinal,semifinal,2
12205483,28,Semifinal,semifinal,2
12205517,28,Semifinal,semifinal,2
12205581,28,Semifinal,semifinal,2
12205668,29,Final,final,1
12205758,28,Semifinal,semifinal,2
12206039,1,Qualification round 1,qualification-round-1,
12206040,1,Qualification round 1,qualification-round-1,
12206041,1,Qualification round 1,qualification-round-1,
12206044,1,Qualification round 1,qualification-round-1,
12206157,27,Quarterfinal,quarterfinal,4
12209124,1,Qualification round 1,qualification-round-1,
12156295,29,Final,final,1
12157166,28,Semifinal,semifinal,2
12157174,28,Semifinal,semifinal,2
12173699,27,Quarterfinal,quarterfinal,4
12173700,29,Final,final,1
12173701,27,Quarterfinal,quarterfinal,4
12173705,27,Quarterfinal,quarterfinal,4
12173707,28,Semifinal,semifinal,2
12173714,28,Semifinal,semifinal,2
12173950,28,Semifinal,semifinal,2
12173954,27,Quarterfinal,quarterfinal,4
12173955,5,Round of 16,round-of-16,8
12173956,27,Quarterfinal,quarterfinal,4
12173958,27,Quarterfinal,quarterfinal,4
12173959,27,Quarterfinal,quarterfinal,4
12173960,28,Semifinal,semifinal,2
12173991,27,Quarterfinal,quarterfinal,4
12173994,27,Quarterfinal,quarterfinal,4
12173996,27,Quarterfinal,quarterfinal,4
12173997,28,Semifinal,semifinal,2
12174001,28,Semifinal,semifinal,2
12174003,27,Quarterfinal,quarterfinal,4
12174250,27,Quarterfinal,quarterfinal,4
12174253,27,Quarterfinal,quarterfinal,4
12174257,27,Quarterfinal,quarterfinal,4
12174261,27,Quarterfinal,quarterfinal,4
12174262,28,Semifinal,semifinal,2
12174263,28,Semifinal,semifinal,2
12174392,29,Final,final,1
12174393,28,Semifinal,semifinal,2
12174397,28,Semifinal,semifinal,2
12174408,28,Semifinal,semifinal,2
12174410,27,Quarterfinal,quarterfinal,4
12174412,28,Semifinal,semifinal,2
12174417,29,Final,final,1
12174431,28,Semifinal,semifinal,2
12174432,28,Semifinal,semifinal,2
12174434,27,Quarterfinal,quarterfinal,4
12174435,27,Quarterfinal,quarterfinal,4
12174439,27,Quarterfinal,quarterfinal,4
12174444,27,Quarterfinal,quarterfinal,4
12195781,6,Round of 32,round-of-32,16
12195785,5,Round of 16,round-of-16,8
12195787,5,Round of 16,round-of-16,8
12197942,6,Round of 32,round-of-32,16
12197943,6,Round of 32,round-of-32,16
12199969,5,Round of 16,round-of-16,8
12200595,5,Round of 16,round-of-16,8
12200622,5,Round of 16,round-of-16,8
12200656,5,Round of 16,round-of-16,8
12202129,27,Quarterfinal,quarterfinal,4
12202150,27,Quarterfinal,quarterfinal,4
12202181,27,Quarterfinal,quarterfinal,4
12202193,27,Quarterfinal,quarterfinal,4
12202254,27,Quarterfinal,quarterfinal,4
12202323,27,Quarterfinal,quarterfinal,4
12202498,28,Semifinal,semifinal,2
12202575,27,Quarterfinal,quarterfinal,4
12202650,27,Quarterfinal,quarterfinal,4
12202671,27,Quarterfinal,quarterfinal,4
12202717,28,Semifinal,semifinal,2
12202754,27,Quarterfinal,quarterfinal,4
12202800,27,Quarterfinal,quarterfinal,4
12203813,28,Semifinal,semifinal,2
12203927,28,Semifinal,semifinal,2
12204459,28,Semifinal,semifinal,2
12204495,28,Semifinal,semifinal,2
12204496,28,Semifinal,semifinal,2
12205083,28,Semifinal,semifinal,2
12205084,28,Semifinal,semifinal,2
12205085,28,Semifinal,semifinal,2
12205115,28,Semifinal,semifinal,2
12205135,28,Semifinal,semifinal,2
12205139,28,Semifinal,semifinal,2
12205140,28,Semifinal,semifinal,2
12205151,28,Semifinal,semifinal,2
12205152,28,Semifinal,semifinal,2
12205184,28,Semifinal,semifinal,2
12205193,29,Final,final,1
12205194,28,Semifinal,semifinal,2
12205212,28,Semifinal,semifinal,2
12205219,5,Round of 16,round-of-16,8
12205231,28,Semifinal,semifinal,2
12205243,28,Semifinal,semifinal,2
12205253,28,Semifinal,semifinal,2
12205332,28,Semifinal,semifinal,2
12205333,28,Semifinal,semifinal,2
12205348,28,Semifinal,semifinal,2
12205363,5,Round of 16,round-of-16,8
12205365,28,Semifinal,semifinal,2
12205367,28,Semifinal,semifinal,2
12205483,28,Semifinal,semifinal,2
12205516,28,Semifinal,semifinal,2
12205517,28,Semifinal,semifinal,2
12205581,28,Semifinal,semifinal,2
12205668,29,Final,final,1
12205758,28,Semifinal,semifinal,2
12206003,28,Semifinal,semifinal,2
12206038,28,Semifinal,semifinal,2
12206039,1,Qualification round 1,qualification-round-1,
12206040,1,Qualification round 1,qualification-round-1,
12206041,1,Qualification round 1,qualification-round-1,
12206043,1,Qualification round 1,qualification-round-1,
12206044,1,Qualification round 1,qualification-round-1,
12206045,1,Qualification round 1,qualification-round-1,
12206046,27,Quarterfinal,quarterfinal,4
12206048,1,Qualification round 1,qualification-round-1,
12206051,1,Qualification round 1,qualification-round-1,
12206066,29,Final,final,1
12206157,27,Quarterfinal,quarterfinal,4
12206193,1,Qualification round 1,qualification-round-1,
12206194,1,Qualification round 1,qualification-round-1,
12206197,1,Qualification round 1,qualification-round-1,
12206198,1,Qualification round 1,qualification-round-1,
12206199,1,Qualification round 1,qualification-round-1,
12206200,1,Qualification round 1,qualification-round-1,
12206201,1,Qualification round 1,qualification-round-1,
12206202,1,Qualification round 1,qualification-round-1,
12206489,27,Quarterfinal,quarterfinal,4
12206497,1,Qualification round 1,qualification-round-1,
12206498,1,Qualification round 1,qualification-round-1,
12206499,1,Qualification round 1,qualification-round-1,
12206500,1,Qualification round 1,qualification-round-1,
12206501,1,Qualification round 1,qualification-round-1,
12206502,1,Qualification round 1,qualification-round-1,
12206503,1,Qualification round 1,qualification-round-1,
12206504,1,Qualification round 1,qualification-round-1,
12206505,1,Qualification round 1,qualification-round-1,
12206506,1,Qualification round 1,qualification-round-1,
12206507,1,Qualification round 1,qualification-round-1,
12206508,1,Qualification round 1,qualification-round-1,
12206509,1,Qualification round 1,qualification-round-1,
12206510,1,Qualification round 1,qualification-round-1,
12206511,1,Qualification round 1,qualification-round-1,
12206512,1,Qualification round 1,qualification-round-1,
12206513,1,Qualification round 1,qualification-round-1,
12206514,1,Qualification round 1,qualification-round-1,
12206515,1,Qualification round 1,qualification-round-1,
12206516,1,Qualification round 1,qualification-round-1,
12206517,1,Qualification round 1,qualification-round-1,
12206518,1,Qualification round 1,qualification-round-1,
12206519,1,Qualification round 1,qualification-round-1,
12206520,1,Qualification round 1,qualification-round-1,
12206521,29,Final,final,1
12206522,27,Quarterfinal,quarterfinal,4
12206548,29,Final,final,1
12208925,29,Final,final,1
12208950,29,Final,final,1
12208973,29,Final,final,1
12208979,29,Final,final,1
12209066,29,Final,final,1
12209107,1,Qualification round 1,qualification-round-1,
12209124,1,Qualification round 1,qualification-round-1,
12209125,29,Final,final,1
12209126,29,Final,final,1
12209128,29,Final,final,1
12209167,29,Final,final,1
12209242,29,Final,final,1
12209299,29,Final,final,1
12209491,28,Semifinal,semifinal,2
12209492,29,Final,final,1
12209507,1,Qualification round 1,qualification-round-1,
12209510,1,Qualification round 1,qualification-round-1,
12209764,1,Qualification round 1,qualification-round-1,
12209765,1,Qualification round 1,qualification-round-1,
12209766,1,Qualification round 1,qualification-round-1,
12209767,1,Qualification round 1,qualification-round-1,
12209768,1,Qualification round 1,qualification-round-1,
12209769,1,Qualification round 1,qualification-round-1,
12209770,1,Qualification round 1,qualification-round-1,
12209771,1,Qualification round 1,qualification-round-1,
12209772,1,Qualification round 1,qualification-round-1,
12209773,1,Qualification round 1,qualification-round-1,
12209774,1,Qualification round 1,qualification-round-1,
12209927,1,Qualification round 1,qualification-round-1,
12209928,1,Qualification round 1,qualification-round-1,
12209960,1,Qualification round 1,qualification-round-1,
12209963,1,Qualification round 1,qualification-round-1,
12209964,28,Semifinal,semifinal,2
12209968,1,Qualification round 1,qualification-round-1,
12209970,1,Qualification round 1,qualification-round-1,
12209972,1,Qualification round 1,qualification-round-1,
12209973,1,Qualification round 1,qualification-round-1,
12210068,1,Qualification round 1,qualification-round-1,
12210069,1,Qualification round 1,qualification-round-1,
12210070,1,Qualification round 1,qualification-round-1,
12210071,1,Qualification round 1,qualification-round-1,
12210101,1,Qualification round 1,qualification-round-1,
12210103,1,Qualification round 1,qualification-round-1,
12210106,1,Qualification round 1,qualification-round-1,
12210110,1,Qualification round 1,qualification-round-1,
12210417,1,Qualification round 1,qualification-round-1,
12210418,1,Qualification round 1,qualification-round-1,
12210419,1,Qualification round 1,qualification-round-1,
12210427,1,Qualification round 1,qualification-round-1,
12211394,1,Qualification round 1,qualification-round-1,
12156295,29,Final,final,1
12157171,29,Final,final,1
12173700,29,Final,final,1
12173714,28,Semifinal,semifinal,2
12173950,28,Semifinal,semifinal,2
12173960,28,Semifinal,semifinal,2
12173961,29,Final,final,1
12173997,28,Semifinal,semifinal,2
12174001,28,Semifinal,semifinal,2
12174004,29,Final,final,1
12174250,27,Quarterfinal,quarterfinal,4
12174254,29,Final,final,1
12174262,28,Semifinal,semifinal,2
12174263,28,Semifinal,semifinal,2
12174392,29,Final,final,1
12174393,28,Semifinal,semifinal,2
12174397,28,Semifinal,semifinal,2
12174417,29,Final,final,1
12174431,28,Semifinal,semifinal,2
12174432,28,Semifinal,semifinal,2
12174433,29,Final,final,1
12205253,28,Semifinal,semifinal,2
12205348,28,Semifinal,semifinal,2
12205516,28,Semifinal,semifinal,2
12206003,28,Semifinal,semifinal,2
12206038,28,Semifinal,semifinal,2
12206039,1,Qualification round 1,qualification-round-1,
12206040,1,Qualification round 1,qualification-round-1,
12206041,1,Qualification round 1,qualification-round-1,
12206043,1,Qualification round 1,qualification-round-1,
12206044,1,Qualification round 1,qualification-round-1,
12206045,1,Qualification round 1,qualification-round-1,
12206046,27,Quarterfinal,quarterfinal,4
12206048,1,Qualification round 1,qualification-round-1,
12206051,1,Qualification round 1,qualification-round-1,
12206066,29,Final,final,1
12206157,27,Quarterfinal,quarterfinal,4
12206193,1,Qualification round 1,qualification-round-1,
12206194,1,Qualification round 1,qualification-round-1,
12206197,1,Qualification round 1,qualification-round-1,
12206198,1,Qualification round 1,qualification-round-1,
12206199,1,Qualification round 1,qualification-round-1,
12206200,1,Qualification round 1,qualification-round-1,
12206201,1,Qualification round 1,qualification-round-1,
12206202,1,Qualification round 1,qualification-round-1,
12206489,27,Quarterfinal,quarterfinal,4
12206497,1,Qualification round 1,qualification-round-1,
12206498,1,Qualification round 1,qualification-round-1,
12206499,1,Qualification round 1,qualification-round-1,
12206500,1,Qualification round 1,qualification-round-1,
12206501,1,Qualification round 1,qualification-round-1,
12206502,1,Qualification round 1,qualification-round-1,
12206503,1,Qualification round 1,qualification-round-1,
12206504,1,Qualification round 1,qualification-round-1,
12206505,1,Qualification round 1,qualification-round-1,
12206506,1,Qualification round 1,qualification-round-1,
12206507,1,Qualification round 1,qualification-round-1,
12206508,1,Qualification round 1,qualification-round-1,
12206509,1,Qualification round 1,qualification-round-1,
12206510,1,Qualification round 1,qualification-round-1,
12206511,1,Qualification round 1,qualification-round-1,
12206512,1,Qualification round 1,qualification-round-1,
12206513,1,Qualification round 1,qualification-round-1,
12206514,1,Qualification round 1,qualification-round-1,
12206515,1,Qualification round 1,qualification-round-1,
12206516,1,Qualification round 1,qualification-round-1,
12206517,1,Qualification round 1,qualification-round-1,
12206518,1,Qualification round 1,qualification-round-1,
12206519,1,Qualification round 1,qualification-round-1,
12206520,1,Qualification round 1,qualification-round-1,
12206521,29,Final,final,1
12206522,27,Quarterfinal,quarterfinal,4
12206548,29,Final,final,1
12208925,29,Final,final,1
12208950,29,Final,final,1
12208973,29,Final,final,1
12208979,29,Final,final,1
12209066,29,Final,final,1
12209107,1,Qualification round 1,qualification-round-1,
12209124,1,Qualification round 1,qualification-round-1,
12209125,29,Final,final,1
12209126,29,Final,final,1
12209128,29,Final,final,1
12209167,29,Final,final,1
12209242,29,Final,final,1
12209299,29,Final,final,1
12209491,28,Semifinal,semifinal,2
12209492,29,Final,final,1
12209507,1,Qualification round 1,qualification-round-1,
12209510,1,Qualification round 1,qualification-round-1,
12209586,6,Round of 32,round-of-32,16
12209710,6,Round of 32,round-of-32,16
12209712,6,Round of 32,round-of-32,16
12209764,1,Qualification round 1,qualification-round-1,
12209765,1,Qualification round 1,qualification-round-1,
12209766,1,Qualification round 1,qualification-round-1,
12209767,1,Qualification round 1,qualification-round-1,
12209768,1,Qualification round 1,qualification-round-1,
12209769,1,Qualification round 1,qualification-round-1,
12209770,1,Qualification round 1,qualification-round-1,
12209771,1,Qualification round 1,qualification-round-1,
12209772,1,Qualification round 1,qualification-round-1,
12209773,1,Qualification round 1,qualification-round-1,
12209774,1,Qualification round 1,qualification-round-1,
12209775,1,Qualification round 1,qualification-round-1,
12209927,1,Qualification round 1,qualification-round-1,
12209928,1,Qualification round 1,qualification-round-1,
12209929,1,Qualification round 1,qualification-round-1,
12209931,1,Qualification round 1,qualification-round-1,
12209960,1,Qualification round 1,qualification-round-1,
12209963,1,Qualification round 1,qualification-round-1,
12209964,28,Semifinal,semifinal,2
12209968,1,Qualification round 1,qualification-round-1,
12209970,1,Qualification round 1,qualification-round-1,
12209971,1,Qualification round 1,qualification-round-1,
12209972,1,Qualification round 1,qualification-round-1,
12209973,1,Qualification round 1,qualification-round-1,
12209974,1,Qualification round 1,qualification-round-1,
12210001,6,Round of 32,round-of-32,16
12210007,6,Round of 32,round-of-32,16
12210008,6,Round of 32,round-of-32,16
12210068,1,Qualification round 1,qualification-round-1,
12210069,1,Qualification round 1,qualification-round-1,
12210070,1,Qualification round 1,qualification-round-1,
12210071,1,Qualification round 1,qualification-round-1,
12210101,1,Qualification round 1,qualification-round-1,
12210102,1,Qualification round 1,qualification-round-1,
12210103,1,Qualification round 1,qualification-round-1,
12210105,1,Qualification round 1,qualification-round-1,
12210106,1,Qualification round 1,qualification-round-1,
12210109,1,Qualification round 1,qualification-round-1,
12210110,1,Qualification round 1,qualification-round-1,
12210111,1,Qualification round 1,qualification-round-1,
12210337,29,Final,final,1
12210414,29,Final,final,1
12210417,1,Qualification round 1,qualification-round-1,
12210418,1,Qualification round 1,qualification-round-1,
12210419,1,Qualification round 1,qualification-round-1,
12210422,1,Qualification round 1,qualification-round-1,
12210423,1,Qualification round 1,qualification-round-1,
12210424,1,Qualification round 1,qualification-round-1,
12210425,1,Qualification round 1,qualification-round-1,
12210426,1,Qualification round 1,qualification-round-1,
12210427,1,Qualification round 1,qualification-round-1,
12210428,1,Qualification round 1,qualification-round-1,
12210429,1,Qualification round 1,qualification-round-1,
12210430,1,Qualification round 1,qualification-round-1,
12210498,6,Round of 32,round-of-32,16
12210879,1,Qualification round 1,qualification-round-1,
12210880,1,Qualification round 1,qualification-round-1,
12210881,1,Qualification round 1,qualification-round-1,
12210882,1,Qualification round 1,qualification-round-1,
12210883,1,Qualification round 1,qualification-round-1,
12210884,1,Qualification round 1,qualification-round-1,
12210885,1,Qualification round 1,qualification-round-1,
12210886,1,Qualification round 1,qualification-round-1,
12210887,1,Qualification round 1,qualification-round-1,
12210888,1,Qualification round 1,qualification-round-1,
12210889,1,Qualification round 1,qualification-round-1,
12210890,1,Qualification round 1,qualification-round-1,
12211394,1,Qualification round 1,qualification-round-1,
12211925,1,Qualification round 1,qualification-round-1,
12211945,6,Round of 32,round-of-32,16
12211950,6,Round of 32,round-of-32,16
12211978,2,Qualification round 2,qualification-round-2,
12212076,6,Round of 32,round-of-32,16
12212077,6,Round of 32,round-of-32,16
12212078,6,Round of 32,round-of-32,16
12212080,6,Round of 32,round-of-32,16
12212087,6,Round of 32,round-of-32,16
