match_id,period_1,period_2,period_3,period_4,period_5,current_period_start_timestamp
11974053,,,,,,
11974066,,,,,,
11998445,3259,2639,4202,,,1706816851
11998446,2488,2375,,,,1706803981
11998447,3741,1913,,,,1706798459
11998448,2639,3090,,,,1706710960
11998449,1500,2708,,,,1706727400
11998450,1606,4771,2051,,,1706737869
11998451,3182,1960,2034,,,1706792524
11998456,2218,2419,2975,,,1706885719
11998459,3410,1771,,,,1706825521
11998666,2266,5163,,,,1706845650
11998667,2508,2868,2528,,,1706839979
11998670,2034,4025,2265,,,1706845643
11998671,2628,2385,,,,1706851439
11998672,4604,5172,3700,,,1706751953
11998674,3359,7619,3338,,,1706762236
11998675,3446,3268,4263,,,1706749125
11998676,2881,3403,,,,1706759314
11998772,3390,3964,2897,,,1706810881
11998774,2490,2067,,,,1706741346
11998780,2377,3552,3386,,,1706809894
11998782,1822,3830,,,,1706719127
11998783,1317,2174,,,,1706724893
11998784,2087,3020,,,,1706816644
11998785,2437,3616,,,,1706725370
11998786,1986,2291,,,,1706833363
11999004,3385,3086,,,,1706820143
11999005,2881,3244,2306,,,1706813472
11999007,4014,3007,,,,1706802394
11999009,2496,4137,,,,1706799247
11999010,3523,1572,,,,1706789188
11999011,1537,1333,,,,1706794515
11999012,3417,2780,3292,,,1706731730
11999013,1895,1935,,,,1706713895
11999014,1856,2256,3427,,,1706882058
11999209,12593,14375,,,,1706730919
11999210,3423,1830,,,,1706749727
11999211,1643,2123,3446,,,1706801926
11999212,2159,3193,,,,1706795201
11999213,1859,1409,,,,1706801321
11999215,3783,4593,,,,1706716163
11999219,1920,2178,,,,1706794723
11999220,3124,3823,,,,1706725162
12001976,,,,,,
12002040,2065,2677,,,,1706791050
12002041,2715,2672,1653,,,1706800212
12002042,4131,2904,2996,,,1706778340
12002043,2603,2929,,,,1706784909
12002044,3439,4426,,,,1706711970
12002048,1947,1909,,,,1706726873
12002049,2328,4221,3886,,,1706815633
12002050,1665,2215,,,,1706801765
12002051,2316,3020,3172,,,1706798396
12002052,3534,2309,,,,1706733314
12002053,1702,2943,,,,1706794599
12002055,1820,2252,4407,,,1706824607
12002057,2267,2234,,,,1706874479
12002058,1608,2944,3375,,,1706862282
12002060,1622,3605,4419,,,1706882868
12002064,2130,2367,,,,1706868767
12002065,1346,4078,,,,1706877070
12002068,1844,3363,,,,1706883976
12002078,,,,,,
12002109,,,,,,
12002112,,,,,,
12010829,5592,5819,1576,,,1706723252
12010830,2834,2746,2150,,,1706717799
12011297,,,,,,
12011301,3640,1873,2471,,,1706730806
12011306,,,,,,1706703006
12014547,2384,2751,3676,,,1706720223
12016976,3517,2654,2548,,,1706711508
12017442,1202,1922,2566,,,1706717393
12017453,1976,2851,,,,1706719353
12017455,1976,2568,1792,,,1706719329
12017458,2856,2247,501,,,1706791443
12017459,2461,3511,,,,1706707716
12017462,2453,917,,,,1706711918
12017463,4508,3283,,,,1706779551
12017464,1974,3234,,,,1706705151
12017465,4229,3340,2177,,,1706712715
12017468,1863,3847,,,,1706781936
12017473,2681,1266,,,,1706726302
12017477,1443,1783,,,,1706724324
12017480,1923,1776,,,,1706781662
12017483,3243,2194,3462,,,1706777177
12017488,1970,2330,,,,1706707570
12017495,3163,2969,,,,1706712018
12017501,1752,2934,1589,,,1706725675
12017504,2911,3825,,,,1706733382
12017505,2558,4051,3667,,,1706733493
12017506,,,,,,1706710692
12017510,2619,3045,2128,,,1706726477
12017511,3550,3410,4414,,,1706720604
12017513,1926,3247,,,,1706814350
12017514,3383,2677,,,,1706811579
12017517,1648,2193,,,,1706714220
12017520,3869,3488,2228,,,1706721225
12017522,2344,1947,3833,,,1706707827
12017523,1766,2473,,,,1706726268
12017526,2365,1354,,,,1706721493
12017528,1657,2809,,,,1706712774
12017533,2518,2580,,,,1706710211
12017539,2711,2913,3125,,,1706714591
12017648,1440,1825,,,,1706748921
12017656,2724,2692,,,,1706769240
12018083,1783,1774,,,,1706770119
12018812,,,,,,1706713591
12018833,3044,2768,3717,,,1706782803
12018836,1384,1233,,,,1706784636
12018842,2091,1758,3177,,,1706716521
12018844,3374,2740,,,,1706715397
12018847,2561,3512,,,,1706708240
12018849,1548,4098,,,,1706711392
12018857,1674,3081,,,,1706778672
12018899,2341,2013,2350,,,1706802733
12018932,1967,2164,,,,1706707520
12018933,2227,2033,,,,1706720219
12018934,5027,3538,2113,,,1706725802
12018937,2301,2210,,,,1706716371
12018939,1936,1882,,,,1706714381
12018941,2543,3138,,,,1706708366
12018944,3877,4627,2403,,,1706716039
12018945,3668,2225,,,,1706714771
12019043,2313,4002,1521,,,1706800694
12019094,3913,4309,,,,1706781161
12019105,5138,2066,,,,1706781894
12019106,2903,2316,,,,1706785104
12019658,1983,2110,,,,1706799555
12019672,2805,4986,,,,1706712307
12019673,4163,4016,,,,1706708360
12019677,1514,511,,,,1706707149
12019755,1585,2272,,,,1706785703
12019899,2189,1737,,,,1706786115
12019944,2746,2599,3711,,,1706729320
12019945,1630,3143,1757,,,1706724897
12019949,2050,2860,3757,,,1706715578
12019979,2002,3092,,,,1706784071
12020048,2237,1843,,,,1706811899
12020068,2198,2319,,,,1706715722
12020069,3714,3058,,,,1706717488
12020070,3259,2761,,,,1706737858
12020071,1558,3295,,,,1706730070
12020072,3226,2928,,,,1706724781
12020073,4994,3202,2682,,,1706727020
12020074,2935,1846,1903,,,1706718286
12020075,2696,3135,,,,1706732428
12020509,2522,3140,,,,1706750077
12020510,2692,2090,4082,,,1706747491
12020513,2267,2491,3448,,,1706769630
12020532,1644,2463,,,,1706744052
12020544,2217,1905,6533,,,1706757458
12020555,1702,2492,,,,1706744264
12020624,1992,2713,,,,1706764211
12020718,3611,4061,1448,,,1706770554
12021294,3750,1752,,,,1706775253
12021309,2970,3077,4583,,,1706777824
12021318,1918,2329,,,,1706769956
12021328,1942,3951,,,,1706778620
12021399,2868,3759,,,,1706773888
12021419,2143,2257,3745,,,1706766753
12021434,3426,1520,,,,1706765845
12021435,2233,1884,,,,1706773481
12021442,3566,5397,,,,1706785538
12021451,1508,2543,,,,1706778228
12021493,2044,361,,,,1706779064
12021494,2895,2687,2155,,,1706787507
12021502,2676,2318,3715,,,1706788679
12021503,2786,3121,1946,,,1706777292
12021508,3495,3398,,,,1706775082
12021512,,,,,,
12021516,2477,3018,2262,,,1706809917
12021518,3599,2973,,,,1706785238
12021519,2272,2626,,,,1706782426
12021521,2193,2609,,,,1706786473
12021522,2698,1382,,,,1706779519
12021530,2209,1384,,,,1706787162
12021532,3003,2103,,,,1706776332
12021538,3809,4967,2250,,,1706800065
12021539,2286,2740,,,,1706779373
12021558,14085,2025,,,,1706720578
12021562,1853,2723,,,,1706785313
12021566,3549,4159,3407,,,1706794881
12021581,2844,3652,3550,,,1706781814
12021589,2618,2623,,,,1706781047
12021590,3064,1382,,,,1706779836
12021599,3356,2449,,,,1706781243
12021601,1603,2730,1699,,,1706708159
12021605,2584,2779,2112,,,1706783899
12021622,2000,3947,,,,1706787239
12021623,2778,1984,,,,1706774055
12021624,1099,2710,,,,1706779533
12021658,1937,2957,,,,1706800086
12021659,2575,2454,,,,1706783425
12021806,2562,3790,2956,,,1706781609
12021807,1631,2447,,,,1706776592
12021848,2890,3321,,,,1706778661
12022185,3198,1237,,,,1706780510
12022248,2000,2618,,,,1706779083
12022250,2713,2397,2105,,,1706794654
12022251,2185,2403,,,,1706773483
12022262,3013,1540,,,,1706787138
12022282,1878,2447,,,,1706805731
12022295,2095,1426,,,,1706779264
12022305,2126,1952,2212,,,1706790533
12022321,2412,2319,4984,,,1706795763
12022327,1672,2130,1107,,,1706782683
12022336,1932,3725,,,,1706778967
12022371,1503,2187,,,,1706790369
12022396,4329,3598,1554,,,1706783454
12022430,3105,4378,2681,,,1706794483
12022438,2802,2893,2327,,,1706780904
12022439,2335,1705,,,,1706784667
12022452,2158,2741,,,,1706785234
12022453,3560,2605,,,,1706780308
12022492,2266,1725,2669,,,1706804231
12022513,2998,2760,2556,,,1706794909
12022525,2366,2321,,,,1706785833
12022526,2531,4533,2974,,,1706803411
12022527,3085,2224,,,,1706787220
12022528,,,,,,
12022562,1785,2499,,,,1706812717
12022672,3212,2997,1873,,,1706797435
12022674,3530,2138,,,,1706791341
12022675,1398,1794,,,,1706794613
12022680,2514,2204,,,,1706787759
12022685,2873,5149,,,,1706806496
12022703,1779,1791,,,,1706805450
12022718,1941,3029,2292,,,1706802854
12022727,2590,2995,2402,,,1706809253
12022801,3125,2118,,,,1706806759
12022802,2535,1471,,,,1706814963
12023335,1641,2788,3441,,,1706836913
12023340,2391,1688,,,,1706845722
12023348,1612,2251,,,,1706845537
12023350,2831,3047,1593,,,1706855829
12023352,4004,3489,,,,1706863024
12023353,3737,2254,1393,,,1706874610
12023361,,,,,,
12023362,3611,3083,,,,1706847193
12023461,2740,2146,3292,,,1706854063
12023462,2157,1578,2040,,,1706836515
12023465,,,,,,1706849314
12023470,2573,2796,4552,,,1706837917
12024041,2717,1556,,,,1706868355
12024043,2289,2872,,,,1706873868
12024064,3330,2376,2062,,,1706854693
12024149,3547,2039,,,,1706858329
12024225,2498,2344,,,,1706860466
12024232,2300,3164,,,,1706867962
12024235,1625,3751,,,,1706874594
12024236,2514,2753,,,,1706865665
12024243,2094,2690,2447,,,1706862703
12024248,1805,3181,,,,1706865111
12024249,4721,3343,,,,1706871086
12024252,4919,2874,,,,1706862592
12024254,2484,2302,,,,1706863968
12024307,3421,3170,,,,1706868068
12024308,2153,3640,,,,1706859902
12024356,2588,500,,,,1706863923
12024368,3713,2932,,,,1706883493
12024386,2773,2846,,,,1706883826
12024387,3784,4650,3882,,,1706874757
12024430,3081,2202,,,,1706864589
12024431,3114,2963,,,,1706860978
12024440,2643,2262,,,,1706867420
12024550,,,,,,
12024572,5122,4765,,,,1706866418
12024628,2594,2893,,,,1706867066
12024632,2351,2767,,,,1706863866
12024643,2323,2379,,,,1706816220
12024644,3257,3002,1921,,,1706887634
12024645,3258,3624,,,,1706866720
12024652,1967,1791,,,,1706863428
12024769,2289,2193,,,,1706872618
12024782,2209,1525,,,,1706874201
12024913,2086,3750,,,,1706869845
12025016,2950,3952,,,,1706875974
12025030,1614,2634,3243,,,1706877035
12025056,3322,3131,,,,1706873824
12025057,1847,2396,,,,1706878337
12025085,3216,2861,3041,,,1706881844
12025144,2225,3431,1943,,,1706885028
12025672,7178,1885,2032,,,1706867004
11974052,,,,,,
11974053,,,,,,
11974066,,,,,,
11974067,,,,,,
11974068,,,,,,
11974071,,,,,,
11987997,,,,,,
11998445,3259,2639,4202,,,1706816851
11998446,2488,2375,,,,1706803981
11998447,3741,1913,,,,1706798459
11998452,2510,3205,,,,1706908166
11998453,2815,1950,,,,1706892566
11998454,4711,2622,,,,1706901936
11998456,2218,2419,2975,,,1706885719
11998459,3410,1771,,,,1706825521
11998664,3412,4202,2614,,,1706930979
11998666,2266,5163,,,,1706845650
11998667,2508,2868,2528,,,1706839979
11998670,2034,4025,2265,,,1706845643
11998671,2628,2385,,,,1706851439
11998673,2660,2732,,,,1706937035
11998772,3390,3964,2897,,,1706810881
11998776,1939,2760,2034,,,1706894904
11998777,4269,3031,2601,,,1706905083
11998779,1785,2831,,,,1706919653
11998780,2377,3552,3386,,,1706809894
11998781,2320,3524,2531,,,1706914243
11998784,2087,3020,,,,1706816644
11998786,1986,2291,,,,1706833363
11999004,3385,3086,,,,1706820143
11999005,2881,3244,2306,,,1706813472
11999006,2444,2206,,,,1706902286
11999007,4014,3007,,,,1706802394
11999009,2496,4137,,,,1706799247
11999011,1537,1333,,,,1706794515
11999014,1856,2256,3427,,,1706882058
11999015,2109,2887,,,,1706888416
11999018,1863,2713,,,,1706969416
11999019,2367,2960,,,,1706895888
11999206,4048,3943,,,,1706895911
11999207,1969,3205,2351,,,1706888273
11999208,1106,4343,,,,1706884358
11999211,1643,2123,3446,,,1706801926
11999212,2159,3193,,,,1706795201
11999213,1859,1409,,,,1706801321
11999214,1675,2978,,,,1706891593
11999219,1920,2178,,,,1706794723
12001944,,,,,,
12001976,,,,,,
12002041,2715,2672,1653,,,1706800212
12002049,2328,4221,3886,,,1706815633
12002050,1665,2215,,,,1706801765
12002051,2316,3020,3172,,,1706798396
12002053,1702,2943,,,,1706794599
12002055,1820,2252,4407,,,1706824607
12002057,2267,2234,,,,1706874479
12002058,1608,2944,3375,,,1706862282
12002059,2372,1882,,,,1706892467
12002060,1622,3605,4419,,,1706882868
12002061,2345,2042,,,,1706897976
12002064,2130,2367,,,,1706868767
12002065,1346,4078,,,,1706877070
12002066,1937,3950,,,,1706956896
12002067,2075,3004,,,,1706963968
12002068,1844,3363,,,,1706883976
12002072,3463,3793,3944,,,1706972998
12002078,,,,,,
12002102,,,,,,
12002109,,,,,,
12002112,,,,,,
12017513,1926,3247,,,,1706814350
12017514,3383,2677,,,,1706811579
12018899,2341,2013,2350,,,1706802733
12019043,2313,4002,1521,,,1706800694
12019658,1983,2110,,,,1706799555
12020048,2237,1843,,,,1706811899
12021512,,,,,,
12021513,,,,,,
12021514,,,,,,
12021515,,,,,,
12021516,2477,3018,2262,,,1706809917
12021538,3809,4967,2250,,,1706800065
12021658,1937,2957,,,,1706800086
12022282,1878,2447,,,,1706805731
12022321,2412,2319,4984,,,1706795763
12022492,2266,1725,2669,,,1706804231
12022526,2531,4533,2974,,,1706803411
12022528,,,,,,
12022562,1785,2499,,,,1706812717
12022672,3212,2997,1873,,,1706797435
12022675,1398,1794,,,,1706794613
12022685,2873,5149,,,,1706806496
12022703,1779,1791,,,,1706805450
12022718,1941,3029,2292,,,1706802854
12022727,2590,2995,2402,,,1706809253
12022801,3125,2118,,,,1706806759
12022802,2535,1471,,,,1706814963
12023335,1641,2788,3441,,,1706836913
12023340,2391,1688,,,,1706845722
12023348,1612,2251,,,,1706845537
12023349,2708,1657,2521,,,1706949098
12023350,2831,3047,1593,,,1706855829
12023351,1537,2079,,,,1706940696
12023352,4004,3489,,,,1706863024
12023353,3737,2254,1393,,,1706874610
12023354,,,,,,
12023355,3259,3015,3227,,,1706959843
12023356,3109,3030,,,,1706967835
12023358,,,,,,
12023359,,,,,,
12023360,,,,,,
12023361,,,,,,
12023362,3611,3083,,,,1706847193
12023461,2740,2146,3292,,,1706854063
12023462,2157,1578,2040,,,1706836515
12023465,,,,,,1706849314
12023470,2573,2796,4552,,,1706837917
12024039,,,,,,
12024040,,,,,,
12024041,2717,1556,,,,1706868355
12024042,,,,,,
12024043,2289,2872,,,,1706873868
12024064,3330,2376,2062,,,1706854693
12024149,3547,2039,,,,1706858329
12024225,2498,2344,,,,1706860466
12024226,2100,4529,,,,1706955051
12024231,1328,3651,2433,,,1706961373
12024232,2300,3164,,,,1706867962
12024233,,,,,,
12024234,,,,,,
12024235,1625,3751,,,,1706874594
12024236,2514,2753,,,,1706865665
12024239,2003,1800,,,,1706892269
12024240,1904,2604,2194,,,1706956527
12024242,3198,2791,2935,,,1706968103
12024243,2094,2690,2447,,,1706862703
12024245,4564,3502,5138,,,1706961245
12024248,1805,3181,,,,1706865111
12024249,4721,3343,,,,1706871086
12024252,4919,2874,,,,1706862592
12024254,2484,2302,,,,1706863968
12024307,3421,3170,,,,1706868068
12024308,2153,3640,,,,1706859902
12024355,2968,1927,,,,1706952467
12024356,2588,500,,,,1706863923
12024365,1931,4012,,,,1706951896
12024368,3713,2932,,,,1706883493
12024369,2811,3279,,,,1706891156
12024370,,,,,,
12024371,3866,3210,,,,1706953401
12024386,2773,2846,,,,1706883826
12024387,3784,4650,3882,,,1706874757
12024388,,,,,,
12024389,,,,,,
12024390,,,,,,
12024426,,,,,,
12024430,3081,2202,,,,1706864589
12024431,3114,2963,,,,1706860978
12024435,3627,2403,,,,1706955309
12024440,2643,2262,,,,1706867420
12024489,2343,3220,,,,1706954205
12024510,2134,3160,,,,1706964391
12024512,2099,1808,2548,,,1706902993
12024513,2557,3303,2165,,,1706976263
12024514,2116,4411,,,,1706893030
12024550,,,,,,
12024555,2183,2906,,,,1706964294
12024556,2554,3408,,,,1706893264
12024557,2046,3437,,,,1706885464
12024559,,,,,,
12024572,5122,4765,,,,1706866418
12024613,3348,2018,,,,1706886687
12024614,2857,2218,1883,,,1706895425
12024615,,,,,,
12024617,,,,,,
12024628,2594,2893,,,,1706867066
12024632,2351,2767,,,,1706863866
12024637,2792,1795,,,,1706896908
12024640,1516,1351,,,,1706902176
12024641,1279,1782,,,,1706966928
12024642,,,,,,
12024643,2323,2379,,,,1706816220
12024644,3257,3002,1921,,,1706887634
12024645,3258,3624,,,,1706866720
12024652,1967,1791,,,,1706863428
12024769,2289,2193,,,,1706872618
12024782,2209,1525,,,,1706874201
12024794,2720,1768,,,,1706953493
12024837,2021,1992,,,,1706896141
12024838,,,,,,
12024840,2044,1596,,,,1706890784
12024913,2086,3750,,,,1706869845
12024934,4273,2340,,,,1706899648
12024935,2713,1625,2767,,,1706908749
12025016,2950,3952,,,,1706875974
12025030,1614,2634,3243,,,1706877035
12025044,2966,2789,2010,,,1706891730
12025056,3322,3131,,,,1706873824
12025057,1847,2396,,,,1706878337
12025061,4105,3560,1551,,,1706902396
12025067,2252,1942,,,,1706889881
12025085,3216,2861,3041,,,1706881844
12025130,1315,1560,,,,1706902277
12025132,2609,1605,,,,1706897366
12025133,3616,2973,2580,,,1706896528
12025138,3724,2765,,,,1706920344
12025139,2160,3285,,,,1706911457
12025142,4119,2313,,,,1706901390
12025144,2225,3431,1943,,,1706885028
12025149,1749,4750,,,,1706891919
12025174,2093,2657,,,,1706901968
12025672,7178,1885,2032,,,1706867004
12025679,4273,2309,,,,1706921264
12025684,2717,3427,,,,1706947871
12025685,2640,3079,,,,1706940106
12025687,1985,2533,3879,,,1706946650
12025690,2180,1414,,,,1706954568
12025752,3391,1696,,,,1706920472
12025799,,,,,,
12025849,3301,3551,2945,,,1706942150
12026470,2511,3834,2150,,,1706952890
12026623,1882,1831,2303,,,1706951440
12026792,2709,2022,,,,1706950360
12026797,2296,2981,,,,1706950013
12026852,2516,2242,,,,1706963938
12026853,4077,3410,,,,1706955838
12026855,2463,5728,,,,1706952299
12026857,2405,3195,1554,,,1706946442
12026875,1615,1769,3465,,,1706958946
12026878,2488,3008,,,,1706966615
12026987,2873,4299,,,,1706952648
12027048,2550,1885,,,,1706952544
12027058,3098,2304,3100,,,1706968331
12027148,2027,3452,3434,,,1706953407
12027491,3684,4677,2577,,,1706956274
12027494,2711,4568,,,,1706950581
12027516,2244,2618,,,,1706961868
12027519,2022,2196,,,,1706968923
12027535,3980,2424,,,,1706966760
12027539,2286,2669,,,,1706950192
12027541,3160,3219,2961,,,1706972936
12027547,1945,2372,,,,1706971507
12027611,3042,3447,,,,1706950916
12027640,,,,,,
12027641,,,,,,
12027643,2045,2341,2033,,,1706953499
12027644,2314,3946,,,,1706946578
12027645,2402,2341,,,,1706951577
12027646,3353,3932,,,,1706961310
12027647,1928,2385,,,,1706958314
12027648,1402,1893,2474,,,1706954738
12027649,2165,1366,2067,,,1706958290
12027651,1444,1876,,,,1706962446
12027652,2069,1278,,,,1706967903
12027653,1827,2111,3947,,,1706966232
12027654,3299,2655,1853,,,1706971554
12027665,1976,2383,,,,1706940847
12027666,2477,1892,,,,1706946527
12027667,,,,,,1706953414
12027668,1581,1735,,,,1706950962
12027669,3399,1859,4253,,,1706944260
12027672,3047,4245,2414,,,1706965562
12027673,1733,1616,,,,1706955847
12027674,2118,1835,,,,1706951529
12027677,3053,3241,1935,,,1706961631
12027678,2469,2338,2468,,,1706952070
12027679,2114,3029,2285,,,1706944108
12027680,1886,1690,,,,1706960452
12027726,2639,2134,1931,,,1706891409
12027906,3689,2149,,,,1706973742
12027950,3353,2753,,,,1706965276
12027973,2514,2208,,,,1706950200
12027974,,,,,,
12027975,1559,2137,,,,1706959258
12027978,3549,3924,,,,1706965907
12027980,1842,2018,,,,1706959692
12027981,2983,3429,2758,,,1706954124
12027982,1353,1850,,,,1706964007
12027984,1845,2072,,,,1706968554
12028119,2213,2324,,,,1706897784
12028146,1966,1636,,,,1706969029
12028542,1835,2260,,,,1706964061
12028737,2294,2622,4744,,,1706920232
12029386,1613,2504,,,,1706934162
12029395,4377,2604,,,,1706932575
12029459,2286,1685,2799,,,1706948383
12029551,3046,2847,,,,1706950729
12029619,4177,3890,,,,1706952185
12029656,2168,1668,,,,1706946538
12029657,2604,2841,,,,1706950537
12029664,1639,1999,,,,1706946177
12037643,1895,1440,,,,1706955336
12038557,1448,1523,,,,1706957519
12038623,3748,1936,,,,1706966159
12038644,2128,3462,1044,,,1706964270
12038683,3308,2975,,,,1706967481
12038684,3483,4457,,,,1706967425
12038685,3566,3772,,,,1706966156
12038726,2463,2799,,,,1706968733
12038917,2326,3530,,,,1706968396
12039412,,,,,,
12024368,3713,2932,,,,1706883493
12024613,3348,2018,,,,1706886687
12024557,2046,3437,,,,1706885464
12024369,2811,3279,,,,1706891156
12024840,2044,1596,,,,1706890784
12024614,2857,2218,1883,,,1706895425
12024556,2554,3408,,,,1706893264
12024514,2116,4411,,,,1706893030
12021514,,,,,,
12024837,2021,1992,,,,1706896141
12024642,,,,,,
12028119,2213,2324,,,,1706897784
12024512,2099,1808,2548,,,1706902993
12021515,,,,,,
12025139,2160,3285,,,,1706911457
12025138,3724,2765,,,,1706920344
12025685,2640,3079,,,,1706940106
12025684,2717,3427,,,,1706947871
12039412,,,,,,
12027541,3160,3219,2961,,,1706972936
12024559,,,,,,
12024513,2557,3303,2165,,,1706976263
12027906,3689,2149,,,,1706973742
12024617,,,,,,
12027227,1625,3813,,,,1706971692
12039218,,,,,,1706970130
12039283,1085,1669,,,,1706971373
12024366,3162,3077,,,,1706975869
12024616,,,,,,
12024839,,,,,,
12024558,,,,,,
12039391,2379,2897,,,,1706976687
12039701,77,26,,,,1706981083
12027231,1594,3703,,,,1706979056
12027545,1640,3132,,,,1706979426
12027905,3783,4142,,,,1706982142
12024511,,,,,,
12024367,2758,3547,2056,,,1706987650
12024836,,,,,,
12027987,1987,2270,2167,,,1706999473
12025137,3312,3782,1851,,,1707005751
12027988,1782,2333,2984,,,1707008029
12025136,,,,,,
12025683,,,,,,
12040867,1983,3055,,,,1707035211
12025682,,,,,,
12027230,,,,,,
12041772,2028,2319,1274,,,1707057132
12027726,2639,2134,1931,,,1706891409
12021513,,,,,,
12038623,3748,1936,,,,1706966159
12024510,2134,3160,,,,1706964391
12024370,,,,,,
12038685,3566,3772,,,,1706966156
12024555,2183,2906,,,,1706964294
12024615,,,,,,
12024838,,,,,,
12038917,2326,3530,,,,1706968396
12025140,2260,3413,2719,,,1706993367
12025681,1990,1972,3255,,,1707027681
12027544,1989,2585,4342,,,1707053394
12041662,,,,,,1707049089
12027229,,,,,,
12041821,3444,3848,2172,,,1707063232
11998456,2218,2419,2975,,,1706885719
11998453,2815,1950,,,,1706892566
11998454,4711,2622,,,,1706901936
11998452,2510,3205,,,,1706908166
11998458,3094,3014,3231,,,1706975533
11998457,2118,1125,,,,1706982278
12002065,1346,4078,,,,1706877070
12002068,1844,3363,,,,1706883976
12002059,2372,1882,,,,1706892467
12002061,2345,2042,,,,1706897976
12002072,3463,3793,3944,,,1706972998
12002070,2457,1967,,,,1706980405
12002073,1597,2630,,,,1707053686
12002060,1622,3605,4419,,,1706882868
12002066,1937,3950,,,,1706956896
12002067,2075,3004,,,,1706963968
12002069,2642,2256,2233,,,1707048139
12024386,2773,2846,,,,1706883826
12024239,2003,1800,,,,1706892269
12025132,2609,1605,,,,1706897366
12024637,2792,1795,,,,1706896908
12024934,4273,2340,,,,1706899648
12024640,1516,1351,,,,1706902176
12025130,1315,1560,,,,1706902277
12024935,2713,1625,2767,,,1706908749
12023358,,,,,,
12025799,,,,,,
12029395,4377,2604,,,,1706932575
12023359,,,,,,
12038557,1448,1523,,,,1706957519
12023351,1537,2079,,,,1706940696
12026857,2405,3195,1554,,,1706946442
12025687,1985,2533,3879,,,1706946650
12023349,2708,1657,2521,,,1706949098
12038644,2128,3462,1044,,,1706964270
12026855,2463,5728,,,,1706952299
12026853,4077,3410,,,,1706955838
12024240,1904,2604,2194,,,1706956527
12025690,2180,1414,,,,1706954568
12023355,3259,3015,3227,,,1706959843
12026875,1615,1769,3465,,,1706958946
12024039,,,,,,
12024231,1328,3651,2433,,,1706961373
12024388,,,,,,
12027516,2244,2618,,,,1706961868
12026852,2516,2242,,,,1706963938
12024042,,,,,,
12027535,3980,2424,,,,1706966760
12027058,3098,2304,3100,,,1706968331
12026878,2488,3008,,,,1706966615
12023356,3109,3030,,,,1706967835
12027519,2022,2196,,,,1706968923
12024389,,,,,,
12024234,,,,,,
12027803,2402,2112,,,,1706972522
12024638,,,,,,
12039284,1477,2229,,,,1706972457
12027533,1881,2329,,,,1706972967
12024241,,,,,,
12027059,2176,2286,,,,1706975441
12027918,2399,2220,,,,1706976009
12027949,3575,2179,2212,,,1706979572
12027802,3127,2723,2183,,,1706982659
12024639,,,,,,
12028140,1750,2643,1608,,,1706982580
12024238,,,,,,
12028190,3354,2576,2495,,,1706986796
12027919,1352,1584,,,,1706981494
12027948,2259,2359,,,,1706986600
12028144,2663,2626,4713,,,1706992053
12024936,2507,2470,,,,1706989982
12027972,1448,2629,,,,1706989461
12028191,3482,2956,1753,,,1706997887
12025129,,,,,,
12027969,2289,1702,,,,1706996598
12024938,2457,4046,,,,1706996660
12040019,1589,3173,,,,1706995711
12025128,,,,,,
12026854,,,,,,
12040871,1974,1870,,,,1707035449
12025689,,,,,,
12041657,1943,1743,,,,1707046638
12040872,3740,2684,809,,,1707041397
12026859,,,,,,
12025688,,,,,,
12026856,,,,,,
12026858,,,,,,
12027804,,,,,,
12027531,,,,,,
12026877,3517,1624,5292,,,1707058384
12041771,2080,2949,,,,1707054744
12041820,2252,2186,938,,,1707057753
12027054,,,,,,
12027517,2542,2327,,,,1707057940
11974053,,,,,,
11974067,,,,,,
11974052,,,,,,
11974068,,,,,,
11974071,,,,,,
11987997,,,,,,
11974070,,,,,,
11974049,,,,,,
12002102,,,,,,
12001944,,,,,,
12002110,,,,,,
12002113,,,,,,
12002107,,,,,,
12001987,,,,,,
12023360,,,,,,
12028737,2294,2622,4744,,,1706920232
12024426,,,,,,
12029386,1613,2504,,,,1706934162
12029459,2286,1685,2799,,,1706948383
12023354,,,,,,
12029551,3046,2847,,,,1706950729
12029657,2604,2841,,,,1706950537
12029619,4177,3890,,,,1706952185
12024233,,,,,,
12024390,,,,,,
12024040,,,,,,
12024242,3198,2791,2935,,,1706968103
12024641,1279,1782,,,,1706966928
12024937,2332,3396,2474,,,1706982493
12025131,2606,1617,,,,1706990149
12040787,1607,2719,,,,1707028538
12026861,,,,,,
12025691,2052,1747,,,,1707030991
12026860,2546,2361,,,,1707040137
12026876,3008,2993,2785,,,1707047503
12027518,,,,,,
12041488,2951,2620,4852,,,1707047251
12027801,3642,2120,2398,,,1707047869
12027532,1505,4182,,,,1707046636
12027056,,,,,,
12041644,3403,1662,,,,1707051821
12028955,2820,2630,,,,1706972203
12028951,2165,3484,,,,1706971532
12028956,2116,2208,4258,,,1706977340
12028953,1834,1509,,,,1706977765
12028954,3038,2773,,,,1706979434
12028957,2641,2614,,,,1706985652
12028952,1695,1457,,,,1706985182
12028958,4136,2292,,,,1706989788
12039866,2356,2396,,,,1707043575
12039861,3246,2819,,,,1707044791
12039867,1873,3259,,,,1707048721
12039863,3926,2429,,,,1707052405
12039865,2067,3143,3582,,,1707057949
12027641,,,,,,
12029664,1639,1999,,,,1706946177
12027640,,,,,,
12029656,2168,1668,,,,1706946538
12027644,2314,3946,,,,1706946578
12027643,2045,2341,2033,,,1706953499
12027645,2402,2341,,,,1706951577
12027648,1402,1893,2474,,,1706954738
12027649,2165,1366,2067,,,1706958290
12027647,1928,2385,,,,1706958314
12027646,3353,3932,,,,1706961310
12027651,1444,1876,,,,1706962446
12027654,3299,2655,1853,,,1706971554
12027652,2069,1278,,,,1706967903
12038854,2257,1627,,,,1707032763
12039268,2586,2987,,,,1707033060
12039252,2990,1792,,,,1707038252
12039242,3249,2485,,,,1707040152
12039273,2751,2304,,,,1707043675
12039420,2222,3540,2028,,,1707049353
12027973,2514,2208,,,,1706950200
12027981,2983,3429,2758,,,1706954124
12027974,,,,,,
12037643,1895,1440,,,,1706955336
12027975,1559,2137,,,,1706959258
12027980,1842,2018,,,,1706959692
12027978,3549,3924,,,,1706965907
12027982,1353,1850,,,,1706964007
12027984,1845,2072,,,,1706968554
12027979,2243,1958,,,,1706973002
12027983,1220,1253,,,,1706972682
12027977,1578,1742,,,,1706976344
12027976,2117,3085,,,,1706978010
12039400,3100,2043,706,,,1707042862
12039396,4076,1451,2416,,,1707043231
12038866,4287,2500,,,,1707049140
12039397,1695,2447,,,,1707048299
12039471,2126,3269,,,,1707053867
12039717,4153,4442,602,,,1707061094
11998664,3412,4202,2614,,,1706930979
11998673,2660,2732,,,,1706937035
11998663,1564,2983,2524,,,1707018024
11998776,1939,2760,2034,,,1706894904
11998777,4269,3031,2601,,,1706905083
11998781,2320,3524,2531,,,1706914243
11998779,1785,2831,,,,1706919653
11998775,2152,2820,,,,1706989372
11998778,2182,2864,,,,1706995256
11999014,1856,2256,3427,,,1706882058
11999015,2109,2887,,,,1706888416
11999019,2367,2960,,,,1706895888
11999006,2444,2206,,,,1706902286
11999018,1863,2713,,,,1706969416
11999008,2248,3161,,,,1706975470
11999016,4770,1577,2520,,,1707058527
11999207,1969,3205,2351,,,1706888273
11999208,1106,4343,,,,1706884358
11999214,1675,2978,,,,1706891593
11999206,4048,3943,,,,1706895911
11999216,2273,1692,,,,1706971972
11999217,4027,4339,,,,1706979027
12037709,4017,4224,3301,,,1707010279
12037719,3692,1438,,,,1707006094
12038182,2379,2179,,,,1707004205
12038429,2228,1442,,,,1707009602
12037718,1633,3056,,,,1707010086
12038431,2975,2206,2707,,,1707017014
12038187,1565,1649,,,,1707015526
12037710,2140,2271,,,,1707016521
12038178,3744,1911,,,,1707021604
12037708,1919,2746,,,,1707021460
12038428,3867,2006,,,,1707024830
12037720,,,,,,
12040682,1734,2602,,,,1707026609
12039192,3541,4530,,,,1707026260
12039179,3742,2812,,,,1707025656
12039202,2883,2273,,,,1707024207
12039196,1753,1593,,,,1707029277
12039181,2272,3645,,,,1707031556
12039193,1659,1970,,,,1707033389
12039195,3713,2657,,,,1707036029
12039180,2419,3234,,,,1707038341
12039191,3056,2913,,,,1707039250
12039194,1519,2680,,,,1707041208
12039178,1825,2054,0,,,1707046557
12039190,2231,1958,,,,1707045586
12039902,1673,2258,,,,1707042917
12039906,2406,3155,,,,1707043730
12039876,2428,2297,,,,1707043729
12039909,2381,3671,,,,1707048296
12039905,3184,3015,2964,,,1707053290
12039911,2192,2179,,,,1707050198
12039907,1670,1890,1669,,,1707056324
12039912,2683,2071,,,,1707055679
12027665,1976,2383,,,,1706940847
12027669,3399,1859,4253,,,1706944260
12027679,2114,3029,2285,,,1706944108
12027666,2477,1892,,,,1706946527
12027678,2469,2338,2468,,,1706952070
12027674,2118,1835,,,,1706951529
12027668,1581,1735,,,,1706950962
12027667,,,,,,1706953414
12027673,1733,1616,,,,1706955847
12027677,3053,3241,1935,,,1706961631
12027672,3047,4245,2414,,,1706965562
12027680,1886,1690,,,,1706960452
12038470,2346,3783,2742,,,1707034715
12038630,2813,2013,,,,1707031572
12038622,2729,2588,,,,1707031525
12039033,3032,2738,,,,1707037584
12039278,2167,3306,,,,1707037074
12038621,4962,251,,,,1707043393
12026623,1882,1831,2303,,,1706951440
12027491,3684,4677,2577,,,1706956274
12038725,1886,2641,,,,1707034146
12026987,2873,4299,,,,1706952648
12027048,2550,1885,,,,1706952544
12038651,4021,2450,,,,1707040129
12024226,2100,4529,,,,1706955051
12024355,2968,1927,,,,1706952467
12024365,1931,4012,,,,1706951896
12024245,4564,3502,5138,,,1706961245
12038726,2463,2799,,,,1706968733
12039054,1715,2450,2192,,,1706977777
12039714,1722,650,,,,1707037978
12026797,2296,2981,,,,1706950013
12026792,2709,2022,,,,1706950360
12038552,1627,1841,,,,1707035703
12025085,3216,2861,3041,,,1706881844
12025044,2966,2789,2010,,,1706891730
12025061,4105,3560,1551,,,1706902396
12028542,1835,2260,,,,1706964061
12028146,1966,1636,,,,1706969029
12039364,4279,3133,1509,,,1707049824
12025144,2225,3431,1943,,,1706885028
12025067,2252,1942,,,,1706889881
12027547,1945,2372,,,,1706971507
12027985,2523,2923,1966,,,1706980150
12039718,2118,2340,1463,,,1707058473
12027148,2027,3452,3434,,,1706953407
12027494,2711,4568,,,,1706950581
12038672,2897,2773,2959,,,1707037972
12025752,3391,1696,,,,1706920472
12025679,4273,2309,,,,1706921264
12029387,2278,1795,,,,1707009414
12025849,3301,3551,2945,,,1706942150
12026470,2511,3834,2150,,,1706952890
12038624,1975,1483,1134,,,1707025626
12024794,2720,1768,,,,1706953493
12024371,3866,3210,,,,1706953401
12024435,3627,2403,,,,1706955309
12024489,2343,3220,,,,1706954205
12038683,3308,2975,,,,1706967481
12038684,3483,4457,,,,1706967425
12039389,3844,3031,,,,1707039700
12025057,1847,2396,,,,1706878337
12024644,3257,3002,1921,,,1706887634
12027950,3353,2753,,,,1706965276
12027653,1827,2111,3947,,,1706966232
12039340,3287,3537,1482,,,1707051950
12025133,3616,2973,2580,,,1706896528
12025149,1749,4750,,,,1706891919
12025142,4119,2313,,,,1706901390
12025174,2093,2657,,,,1706901968
12028250,2715,2724,2245,,,1706981779
12028607,1684,2147,2992,,,1706988731
12027611,3042,3447,,,,1706950916
12027539,2286,2669,,,,1706950192
12038599,1569,3399,,,,1707036171
12039558,,,,,,
12039530,,,,,,
12039539,,,,,,
12039569,,,,,,
12039573,,,,,,
12039538,,,,,,
12039532,,,,,,
12039516,,,,,,
12039517,,,,,,
12039512,,,,,,
12041791,,,,,,
12039568,,,,,,
12039572,,,,,,
12039541,,,,,,
12039547,,,,,,
12039548,,,,,,
12039511,,,,,,
12039523,,,,,,
12039537,,,,,,
12039553,,,,,,
12039560,,,,,,
12039534,,,,,,
12039570,,,,,,
12039559,,,,,,
12039566,,,,,,
12039543,,,,,,
12039552,,,,,,
12039550,,,,,,
12039557,,,,,,
12039520,,,,,,
12039531,,,,,,
12039556,,,,,,
12039571,,,,,,
12039891,1478,2257,661,,,1707039761
12039875,,,,,,1707036121
12039869,2407,3547,,,,1707038402
12039893,2835,2988,619,,,1707041639
12039895,2298,1785,,,,1707038445
12039889,2407,1576,,,,1707038341
12039872,2872,2325,,,,1707044420
12039892,1748,2375,,,,1707042910
12039878,1899,2430,,,,1707043173
12039897,2852,2595,,,,1707045501
12039873,2201,2141,,,,1707045378
12039870,1791,2562,,,,1707046308
12039884,2255,3145,,,,1707048827
12039874,1932,1933,719,,,1707051603
12039896,3004,2126,,,,1707055873
12039871,,,,,,1707053108
12039803,,,,,,
12039811,,,,,,
12039799,,,,,,
12039810,,,,,,
12039800,,,,,,
12039804,,,,,,
12039818,,,,,,
12039808,,,,,,
12039802,,,,,,
12039797,,,,,,
12039794,,,,,,
12039813,,,,,,
12039805,,,,,,
12039821,,,,,,
12039812,,,,,,
12039814,,,,,,
12039796,,,,,,
12039824,,,,,,
12039823,,,,,,
12039820,,,,,,
12039806,,,,,,
12039793,,,,,,
12039819,,,,,,
12039815,,,,,,
12039798,,,,,,
12039807,,,,,,
12039816,,,,,,
12039822,,,,,,
12039801,,,,,,
12039817,,,,,,
12039809,,,,,,
12039795,,,,,,
12039931,,,,,,
12039920,,,,,,
12039940,,,,,,
12039948,,,,,,
12039936,,,,,,
12039919,,,,,,
12039954,,,,,,
12039958,,,,,,
12039922,,,,,,
12039951,,,,,,
12039947,,,,,,
12039944,,,,,,
12039959,,,,,,
12039945,,,,,,
12039915,,,,,,
12039953,,,,,,
12039946,,,,,,
12039917,,,,,,
12039914,,,,,,
12039942,,,,,,
12039935,,,,,,
12039949,,,,,,
12039918,,,,,,
12039933,,,,,,
12039921,,,,,,
12039952,,,,,,
12039923,,,,,,
12039916,,,,,,
12039960,,,,,,
12039961,,,,,,
12039941,,,,,,
12039719,,,,,,
12039728,,,,,,
12039738,,,,,,
12039741,,,,,,
12039740,,,,,,
12039730,,,,,,
12039723,,,,,,
12039748,,,,,,
12039737,,,,,,
12039747,,,,,,
12039721,,,,,,
12039720,,,,,,
12039732,,,,,,
12039746,,,,,,
12039743,,,,,,
12039734,,,,,,
12039750,,,,,,
12039733,,,,,,
12039731,,,,,,
12039729,,,,,,
12039744,,,,,,
12039736,,,,,,
12039724,,,,,,
12039739,,,,,,
12039749,,,,,,
12039725,,,,,,
12039727,,,,,,
12039524,,,,,,
12039529,,,,,,
12039519,,,,,,
12039526,,,,,,
12039546,,,,,,
12039567,,,,,,
12039525,,,,,,
12039564,,,,,,
12039544,,,,,,
12039562,,,,,,
12039536,,,,,,
12039551,,,,,,
12039549,,,,,,
12039513,,,,,,
12039533,,,,,,
12039528,,,,,,
12039565,,,,,,
12039522,,,,,,
12039542,,,,,,
12039563,,,,,,
12039561,,,,,,
12039540,,,,,,
12039521,,,,,,
12039545,,,,,,
12039555,,,,,,
12039554,,,,,,
12039535,,,,,,
12039574,,,,,,
12039515,,,,,,
12039514,,,,,,
12039518,,,,,,
12039527,,,,,,
12029689,1634,4014,1896,,,1707007758
12029687,4527,1305,1571,,,1707007653
12029696,1141,1515,,,,1707011130
12029698,1347,2047,,,,1707011599
12029694,2117,2087,,,,1707015556
12029697,1481,1910,,,,1707015798
12029695,4633,3550,,,,1707027068
12029688,2087,1666,,,,1707020347
12029693,2151,1949,2031,,,1707022551
12029691,1099,1150,,,,1707023777
12029701,1031,1081,,,,1707026373
12029692,2270,1938,,,,1707028309
12029700,1187,1560,,,,1707027896
12029690,,,,,,1707022317
12029699,1401,1804,,,,1707032629
12039851,2319,4050,,,,1707043564
12039852,3414,3035,,,,1707044862
12039857,1625,3021,3657,,,1707045961
12039853,2246,2515,2894,,,1707046120
12039855,3462,3068,3214,,,1707055388
12039847,2050,1723,,,,1707050782
12039845,2583,1671,,,,1707052939
12039858,2087,2344,,,,1707052509
12039849,3201,3009,3737,,,1707059548
12039850,2479,2621,,,,1707058047
12039886,,,,,,
12041688,2649,1951,,,,1707049538
12039882,,,,,,
12039900,1753,2294,2863,,,1707052350
12039899,2064,3226,,,,1707050875
12039888,2420,2922,4013,,,1707055307
12039883,2655,2799,,,,1707055072
12039887,1557,2959,,,,1707056431
12039956,,,,,,
12039955,,,,,,
12039929,,,,,,
12039934,,,,,,
12039928,,,,,,
12039950,,,,,,
12039943,,,,,,
12039957,,,,,,
12039937,,,,,,
12039930,,,,,,
12039927,,,,,,
12039939,,,,,,
12039932,,,,,,
12039925,,,,,,
12039924,,,,,,
12039926,,,,,,
12039694,,,,,,
12039691,,,,,,
12039688,,,,,,
12039690,,,,,,
12039692,,,,,,
12039685,,,,,,
12039689,,,,,,
12039686,,,,,,
12039695,,,,,,
12039687,,,,,,
12039693,,,,,,
12027541,3160,3219,2961,,,1706972936
12024559,,,,,,
12024513,2557,3303,2165,,,1706976263
12027906,3689,2149,,,,1706973742
12024617,,,,,,
12027227,1625,3813,,,,1706971692
12039218,,,,,,1706970130
12039283,1085,1669,,,,1706971373
12024366,3162,3077,,,,1706975869
12024616,,,,,,
12024839,,,,,,
12024558,,,,,,
12039391,2379,2897,,,,1706976687
12039701,77,26,,,,1706981083
12027231,1594,3703,,,,1706979056
12027545,1640,3132,,,,1706979426
12027905,3783,4142,,,,1706982142
12024511,,,,,,
12024367,2758,3547,2056,,,1706987650
12024836,,,,,,
12027987,1987,2270,2167,,,1706999473
12025137,3312,3782,1851,,,1707005751
12027988,1782,2333,2984,,,1707008029
12025136,,,,,,
12025683,,,,,,
12040867,1983,3055,,,,1707035211
12025682,,,,,,
12027230,,,,,,
12041772,2028,2319,1274,,,1707057132
12027542,1693,3862,,,,1707062120
12027228,,,,,,
12027907,3956,3465,,,,1707071763
12027543,,,,,,
12027904,,,,,,
12042614,3232,2670,3741,,,1707083373
12027989,2720,3059,,,,1707091189
12027990,,,,,,
12042635,1527,2256,2003,,,1707100249
12024510,2134,3160,,,,1706964391
12024370,,,,,,
12038685,3566,3772,,,,1706966156
12024555,2183,2906,,,,1706964294
12024615,,,,,,
12024838,,,,,,
12038917,2326,3530,,,,1706968396
12025140,2260,3413,2719,,,1706993367
12025681,1990,1972,3255,,,1707027681
12027544,1989,2585,4342,,,1707053394
12041662,,,,,,1707049089
12027229,,,,,,
12041821,3444,3848,2172,,,1707063232
12027908,,,,,,
12027986,3108,1972,,,,1707084092
12038860,,,,,,
11998458,3094,3014,3231,,,1706975533
11998457,2118,1125,,,,1706982278
11998455,3466,2138,2619,,,1707061433
12039077,3754,3423,2416,,,1707131359
12041918,2083,3709,2841,,,1707136755
12039075,2879,4778,,,,1707137849
12002072,3463,3793,3944,,,1706972998
12002070,2457,1967,,,,1706980405
12002073,1597,2630,,,,1707053686
12039293,,,,,,
12039297,,,,,,
12039298,3105,4176,,,,1707127401
12039299,1701,2964,,,,1707125829
12039455,2395,2085,,,,1707132175
12042459,2459,1698,,,,1707142749
12002069,2642,2256,2233,,,1707048139
12027535,3980,2424,,,,1706966760
12027058,3098,2304,3100,,,1706968331
12026878,2488,3008,,,,1706966615
12023356,3109,3030,,,,1706967835
12027519,2022,2196,,,,1706968923
12024389,,,,,,
12024234,,,,,,
12027803,2402,2112,,,,1706972522
12024638,,,,,,
12039284,1477,2229,,,,1706972457
12027533,1881,2329,,,,1706972967
12024241,,,,,,
12027059,2176,2286,,,,1706975441
12027918,2399,2220,,,,1706976009
12027949,3575,2179,2212,,,1706979572
12027802,3127,2723,2183,,,1706982659
12024639,,,,,,
12028140,1750,2643,1608,,,1706982580
12024238,,,,,,
12028190,3354,2576,2495,,,1706986796
12027919,1352,1584,,,,1706981494
12027948,2259,2359,,,,1706986600
12028144,2663,2626,4713,,,1706992053
12024936,2507,2470,,,,1706989982
12027972,1448,2629,,,,1706989461
12028191,3482,2956,1753,,,1706997887
12025129,,,,,,
12027969,2289,1702,,,,1706996598
12024938,2457,4046,,,,1706996660
12040019,1589,3173,,,,1706995711
12025128,,,,,,
12026854,,,,,,
12040871,1974,1870,,,,1707035449
12025689,,,,,,
12041657,1943,1743,,,,1707046638
12040872,3740,2684,809,,,1707041397
12026859,,,,,,
12025688,,,,,,
12026856,,,,,,
12026858,,,,,,
12027804,,,,,,
12027531,,,,,,
12026877,3517,1624,5292,,,1707058384
12041771,2080,2949,,,,1707054744
12041820,2252,2186,938,,,1707057753
12027054,,,,,,
12027517,2542,2327,,,,1707057940
12041844,4359,2327,1050,,,1707062696
12027800,,,,,,
12027534,,,,,,
12027520,2264,2232,,,,1707064054
12027055,,,,,,
12026874,3917,2693,,,,1707068801
12041833,3084,2660,,,,1707070409
12027920,,,,,,
12042296,1821,2032,,,,1707070616
12028141,1445,1483,,,,1707076577
12027922,,,,,,
12041834,2805,1513,,,,1707078270
12028189,2209,2901,,,,1707080780
12028143,3161,1523,5832,,,1707085320
12027971,3441,2948,3135,,,1707087834
12028192,,,,,,
12027968,,,,,,
11974070,,,,,,
11974049,,,,,,
11974072,,,,,,
11974065,,,,,,
11974113,,,,,,
12002110,,,,,,
12002113,,,,,,
12002107,,,,,,
12001987,,,,,,
12002106,,,,,,
12002111,,,,,,
12024242,3198,2791,2935,,,1706968103
12024641,1279,1782,,,,1706966928
12024937,2332,3396,2474,,,1706982493
12025131,2606,1617,,,,1706990149
12040787,1607,2719,,,,1707028538
12026861,,,,,,
12025691,2052,1747,,,,1707030991
12026860,2546,2361,,,,1707040137
12026876,3008,2993,2785,,,1707047503
12027518,,,,,,
12041488,2951,2620,4852,,,1707047251
12027801,3642,2120,2398,,,1707047869
12027532,1505,4182,,,,1707046636
12027056,,,,,,
12041644,3403,1662,,,,1707051821
12041835,3520,2017,2874,,,1707061600
12027921,,,,,,
12027947,,,,,,
12041842,4036,3079,,,,1707063351
12028142,2704,2871,3638,,,1707068917
12028193,,,,,,
12042026,3043,3334,2524,,,1707073691
12027970,,,,,,1707070169
12028955,2820,2630,,,,1706972203
12028951,2165,3484,,,,1706971532
12028956,2116,2208,4258,,,1706977340
12028953,1834,1509,,,,1706977765
12028954,3038,2773,,,,1706979434
12028957,2641,2614,,,,1706985652
12028952,1695,1457,,,,1706985182
12028958,4136,2292,,,,1706989788
12039474,3337,1691,,,,1707069802
12039841,3150,3451,,,,1707069706
12039913,5492,3275,,,,1707078144
12040020,2518,4284,,,,1707076814
12040508,1147,,,,,1707082529
12040506,1304,905,,,,1707072700
12040509,2520,3082,1786,,,1707077063
12040507,1798,3234,,,,1707080094
12040510,2337,3536,,,,1707082289
12040512,3471,3433,2743,,,1707091082
12040511,1613,3336,,,,1707088465
12040515,1992,2736,,,,1707094813
12039866,2356,2396,,,,1707043575
12039861,3246,2819,,,,1707044791
12039867,1873,3259,,,,1707048721
12039863,3926,2429,,,,1707052405
12039865,2067,3143,3582,,,1707057949
12039862,3377,1658,,,,1707059017
12039860,2241,3117,,,,1707064701
12039868,2140,1858,,,,1707064485
12041849,2405,2406,,,,1707133451
12041853,2316,2380,2501,,,1707136091
12042392,2160,3191,1894,,,1707142226
12042016,3163,2444,,,,1707142692
12027652,2069,1278,,,,1706967903
12038854,2257,1627,,,,1707032763
12039268,2586,2987,,,,1707033060
12039252,2990,1792,,,,1707038252
12039242,3249,2485,,,,1707040152
12039273,2751,2304,,,,1707043675
12039420,2222,3540,2028,,,1707049353
12027978,3549,3924,,,,1706965907
12027982,1353,1850,,,,1706964007
12027984,1845,2072,,,,1706968554
12027979,2243,1958,,,,1706973002
12027983,1220,1253,,,,1706972682
12027977,1578,1742,,,,1706976344
12027976,2117,3085,,,,1706978010
12039400,3100,2043,706,,,1707042862
12039396,4076,1451,2416,,,1707043231
12038866,4287,2500,,,,1707049140
12039397,1695,2447,,,,1707048299
12039471,2126,3269,,,,1707053867
12039717,4153,4442,602,,,1707061094
11998663,1564,2983,2524,,,1707018024
12037711,1924,1550,,,,1707101182
12037714,1383,3192,2046,,,1707106437
12037723,2656,2588,,,,1707106224
12037712,2478,3414,,,,1707107521
12037717,1965,1982,,,,1707111268
12037713,2760,1811,,,,1707114863
12039198,2003,2160,2838,,,1707136667
12039183,1797,1849,,,,1707135847
12039197,1429,2439,,,,1707139973
12039182,1868,2253,2451,,,1707142703
11998775,2152,2820,,,,1706989372
11998778,2182,2864,,,,1706995256
11998773,2713,2758,566,,,1707093474
11999018,1863,2713,,,,1706969416
11999008,2248,3161,,,,1706975470
11999016,4770,1577,2520,,,1707058527
12039966,1594,3289,,,,1707142274
12039970,3392,3693,,,,1707144738
11999216,2273,1692,,,,1706971972
11999217,4027,4339,,,,1706979027
11999218,3661,2760,,,,1707059734
12037709,4017,4224,3301,,,1707010279
12037719,3692,1438,,,,1707006094
12038182,2379,2179,,,,1707004205
12038429,2228,1442,,,,1707009602
12037718,1633,3056,,,,1707010086
12038431,2975,2206,2707,,,1707017014
12038187,1565,1649,,,,1707015526
12037710,2140,2271,,,,1707016521
12038178,3744,1911,,,,1707021604
12037708,1919,2746,,,,1707021460
12038428,3867,2006,,,,1707024830
12037720,,,,,,
12040682,1734,2602,,,,1707026609
12040681,1467,1683,1971,,,1707091387
12040692,2135,2292,,,,1707090485
12040680,2695,2355,,,,1707091390
12040870,2421,2173,,,,1707096129
12040789,2099,2054,,,,1707096386
12040790,3629,2021,,,,1707098099
12039192,3541,4530,,,,1707026260
12039179,3742,2812,,,,1707025656
12039202,2883,2273,,,,1707024207
12039196,1753,1593,,,,1707029277
12039181,2272,3645,,,,1707031556
12039193,1659,1970,,,,1707033389
12039195,3713,2657,,,,1707036029
12039180,2419,3234,,,,1707038341
12039191,3056,2913,,,,1707039250
12039194,1519,2680,,,,1707041208
12039178,1825,2054,0,,,1707046557
12039190,2231,1958,,,,1707045586
12041484,2195,2431,,,,1707124431
12041483,2713,2051,,,,1707125079
12041038,2086,2844,,,,1707124599
12041702,2081,1877,,,,1707129850
12041759,2222,2489,,,,1707130532
12041658,2962,1671,4187,,,1707133651
12039902,1673,2258,,,,1707042917
12039906,2406,3155,,,,1707043730
12039876,2428,2297,,,,1707043729
12039909,2381,3671,,,,1707048296
12039905,3184,3015,2964,,,1707053290
12039911,2192,2179,,,,1707050198
12039907,1670,1890,1669,,,1707056324
12039912,2683,2071,,,,1707055679
12039904,2774,2710,,,,1707059980
12039910,1994,2153,2466,,,1707062807
12039908,1692,1568,,,,1707060460
12039903,1828,2080,2538,,,1707067245
12041961,1775,3309,2132,,,1707134646
12041816,1910,2002,,,,1707131380
12041895,1611,2529,,,,1707131179
12042017,2236,3555,2988,,,1707140186
12042081,2046,3300,,,,1707136578
12042497,1542,1621,,,,1707139019
12040213,3006,2499,,,,1707114437
12040206,1943,2528,,,,1707113388
12040216,3767,2441,2962,,,1707117739
12041727,,,,,,
12040207,1485,1192,,,,1707119209
12043337,2351,2156,2429,,,1707125935
12040219,3472,3083,3239,,,1707143096
12038470,2346,3783,2742,,,1707034715
12038630,2813,2013,,,,1707031572
12038622,2729,2588,,,,1707031525
12039033,3032,2738,,,,1707037584
12039278,2167,3306,,,,1707037074
12038621,4962,251,,,,1707043393
12038725,1886,2641,,,,1707034146
12038651,4021,2450,,,,1707040129
12038726,2463,2799,,,,1706968733
12039054,1715,2450,2192,,,1706977777
12039714,1722,650,,,,1707037978
12038552,1627,1841,,,,1707035703
12028146,1966,1636,,,,1706969029
12039364,4279,3133,1509,,,1707049824
12027547,1945,2372,,,,1706971507
12027985,2523,2923,1966,,,1706980150
12039718,2118,2340,1463,,,1707058473
12038672,2897,2773,2959,,,1707037972
12029387,2278,1795,,,,1707009414
12038624,1975,1483,1134,,,1707025626
12038683,3308,2975,,,,1706967481
12038684,3483,4457,,,,1706967425
12039389,3844,3031,,,,1707039700
12027950,3353,2753,,,,1706965276
12027653,1827,2111,3947,,,1706966232
12039340,3287,3537,1482,,,1707051950
12028250,2715,2724,2245,,,1706981779
12028607,1684,2147,2992,,,1706988731
12040023,2310,1768,,,,1707068438
12038599,1569,3399,,,,1707036171
12039558,,,,,,
12039530,,,,,,
12039539,,,,,,
12039569,,,,,,
12039573,,,,,,
12039538,,,,,,
12039532,,,,,,
12039516,,,,,,
12039517,,,,,,
12039512,,,,,,
12041791,,,,,,
12039568,,,,,,
12039572,,,,,,
12039541,,,,,,
12039547,,,,,,
12039548,,,,,,
12039511,,,,,,
12039523,,,,,,
12039537,,,,,,
12039553,,,,,,
12039560,,,,,,
12039534,,,,,,
12039570,,,,,,
12039559,,,,,,
12039566,,,,,,
12039543,,,,,,
12039552,,,,,,
12039550,,,,,,
12039557,,,,,,
12039520,,,,,,
12039531,,,,,,
12039556,,,,,,
12039571,,,,,,
12041782,3369,2576,,,,1707119895
12041804,2358,2106,,,,1707119827
12041798,2368,2233,,,,1707119219
12041801,4403,3288,,,,1707121678
12041792,2260,2408,,,,1707119303
12041793,1709,2622,1742,,,1707127192
12041807,2733,2163,850,,,1707127817
12041803,1154,2345,,,,1707124548
12041814,2347,3375,1253,,,1707131347
12041795,2674,2186,,,,1707131610
12041797,1835,3326,,,,1707131776
12041813,,,,,,
12041788,3296,2992,,,,1707137083
12041808,1868,3322,,,,1707137029
12041789,2519,3246,815,,,1707140841
12041785,2984,1534,1336,,,1707143159
12039891,1478,2257,661,,,1707039761
12039875,,,,,,1707036121
12039869,2407,3547,,,,1707038402
12039893,2835,2988,619,,,1707041639
12039895,2298,1785,,,,1707038445
12039889,2407,1576,,,,1707038341
12039872,2872,2325,,,,1707044420
12039892,1748,2375,,,,1707042910
12039878,1899,2430,,,,1707043173
12039897,2852,2595,,,,1707045501
12039873,2201,2141,,,,1707045378
12039870,1791,2562,,,,1707046308
12039884,2255,3145,,,,1707048827
12039874,1932,1933,719,,,1707051603
12039896,3004,2126,,,,1707055873
12039871,,,,,,1707053108
12041957,2279,2224,1924,,,1707127166
12041943,2214,3169,793,,,1707127876
12041948,4423,3575,,,,1707126796
12041947,1854,2328,,,,1707124383
12041950,2216,3086,,,,1707124524
12041953,1677,2610,1327,,,1707126935
12041940,2326,2917,,,,1707130074
12041944,1801,2514,,,,1707130379
12041951,2886,2972,,,,1707132286
12041945,4236,4131,,,,1707133964
12041946,2567,2593,,,,1707132919
12041942,1449,3295,834,,,1707135862
12041941,2965,2534,654,,,1707139132
12041956,2734,2321,,,,1707138883
12041955,1350,2604,,,,1707137604
12041954,1885,2234,,,,1707139183
12039803,,,,,,
12039811,,,,,,
12039799,,,,,,
12039810,,,,,,
12039800,,,,,,
12039804,,,,,,
12039818,,,,,,
12039808,,,,,,
12039802,,,,,,
12039797,,,,,,
12039794,,,,,,
12039813,,,,,,
12039805,,,,,,
12039821,,,,,,
12039812,,,,,,
12039814,,,,,,
12039796,,,,,,
12039824,,,,,,
12039823,,,,,,
12039820,,,,,,
12039806,,,,,,
12039793,,,,,,
12039819,,,,,,
12039815,,,,,,
12039798,,,,,,
12039807,,,,,,
12039816,,,,,,
12039822,,,,,,
12039801,,,,,,
12039817,,,,,,
12039809,,,,,,
12039795,,,,,,
12042287,,,,,,
12042274,,,,,,
12042286,,,,,,
12042278,,,,,,
12042280,,,,,,
12042283,,,,,,
12042284,,,,,,
12042281,,,,,,
12042276,,,,,,
12042285,,,,,,
12042288,,,,,,
12042282,,,,,,
12042279,,,,,,
12042275,,,,,,
12042277,,,,,,
12045068,,,,,,
12039931,,,,,,
12039920,,,,,,
12039940,,,,,,
12039948,,,,,,
12039936,,,,,,
12039919,,,,,,
12039954,,,,,,
12039958,,,,,,
12039922,,,,,,
12039951,,,,,,
12039947,,,,,,
12039944,,,,,,
12039959,,,,,,
12039945,,,,,,
12039915,,,,,,
12039953,,,,,,
12039946,,,,,,
12039917,,,,,,
12039914,,,,,,
12039942,,,,,,
12039935,,,,,,
12039949,,,,,,
12039918,,,,,,
12039933,,,,,,
12039921,,,,,,
12039952,,,,,,
12039923,,,,,,
12039916,,,,,,
12039960,,,,,,
12039961,,,,,,
12039941,,,,,,
12039938,,,,,,
12042583,,,,,,
12042581,,,,,,
12042578,,,,,,
12042588,,,,,,
12042579,,,,,,
12042590,,,,,,
12042589,,,,,,
12042591,,,,,,
12042584,,,,,,
12042601,,,,,,
12042582,,,,,,
12042586,,,,,,
12042567,,,,,,
12042640,,,,,,
12042585,,,,,,
12042565,,,,,,
12045326,4663,2480,755,,,1707149884
12045187,2147,3215,,,,1707145011
12045186,2532,2593,,,,1707139068
12045325,3616,2363,,,,1707143899
12046236,,,,,,
12046032,,,,,,
12039719,,,,,,
12039728,,,,,,
12039738,,,,,,
12039741,,,,,,
12039740,,,,,,
12039730,,,,,,
12039723,,,,,,
12039748,,,,,,
12039737,,,,,,
12039747,,,,,,
12039721,,,,,,
12039720,,,,,,
12039732,,,,,,
12039746,,,,,,
12039743,,,,,,
12039734,,,,,,
12039750,,,,,,
12039733,,,,,,
12039731,,,,,,
12039729,,,,,,
12039744,,,,,,
12039736,,,,,,
12039724,,,,,,
12039739,,,,,,
12039749,,,,,,
12039725,,,,,,
12039727,,,,,,
12039735,,,,,,
12039742,,,,,,
12039722,,,,,,
12039745,,,,,,
12039726,,,,,,
12042441,,,,,,
12042440,,,,,,
12042445,,,,,,
12042444,,,,,,
12042436,,,,,,
12042437,,,,,,
12042443,,,,,,
12042438,,,,,,
12042439,,,,,,
12042448,,,,,,
12042446,,,,,,
12042435,,,,,,
12042447,,,,,,
12042527,,,,,,
12042494,,,,,,
12042449,,,,,,
12039524,,,,,,
12039529,,,,,,
12039519,,,,,,
12039526,,,,,,
12039546,,,,,,
12039567,,,,,,
12039525,,,,,,
12039564,,,,,,
12039544,,,,,,
12039562,,,,,,
12039536,,,,,,
12039551,,,,,,
12039549,,,,,,
12039513,,,,,,
12039533,,,,,,
12039528,,,,,,
12039565,,,,,,
12039522,,,,,,
12039542,,,,,,
12039563,,,,,,
12039561,,,,,,
12039540,,,,,,
12039521,,,,,,
12039545,,,,,,
12039555,,,,,,
12039554,,,,,,
12039535,,,,,,
12039574,,,,,,
12039515,,,,,,
12039514,,,,,,
12039518,,,,,,
12039527,,,,,,
12041805,2509,2280,,,,1707119338
12041806,1899,4480,861,,,1707134094
12041787,3773,2672,,,,1707120616
12041800,2402,2591,,,,1707119679
12041786,2623,1537,,,,1707125220
12041810,1416,3619,,,,1707124027
12041812,4316,3858,,,,1707127607
12041784,2027,3931,,,,1707126562
12041799,2793,3573,,,,1707130530
12041809,2404,2378,,,,1707131864
12041790,2806,3353,,,,1707134491
12041811,1922,4043,,,,1707136957
12041783,2049,1314,,,,1707137819
12041802,2845,2813,,,,1707139071
12041794,4076,1797,,,,1707143073
12041796,2622,3622,,,,1707143822
12029689,1634,4014,1896,,,1707007758
12029687,4527,1305,1571,,,1707007653
12029696,1141,1515,,,,1707011130
12029698,1347,2047,,,,1707011599
12029694,2117,2087,,,,1707015556
12029697,1481,1910,,,,1707015798
12029695,4633,3550,,,,1707027068
12029688,2087,1666,,,,1707020347
12029693,2151,1949,2031,,,1707022551
12029691,1099,1150,,,,1707023777
12029701,1031,1081,,,,1707026373
12029692,2270,1938,,,,1707028309
12029700,1187,1560,,,,1707027896
12029690,,,,,,1707022317
12029699,1401,1804,,,,1707032629
12040861,3179,3954,,,,1707091285
12040859,1968,2073,,,,1707090031
12040862,1935,3074,2656,,,1707094221
12040858,2962,2033,,,,1707095796
12040860,2640,3427,1912,,,1707102226
12040863,1390,1483,,,,1707098966
12041476,1451,2235,,,,1707100224
12040857,2939,2850,,,,1707104134
12039851,2319,4050,,,,1707043564
12039852,3414,3035,,,,1707044862
12039857,1625,3021,3657,,,1707045961
12039853,2246,2515,2894,,,1707046120
12039855,3462,3068,3214,,,1707055388
12039847,2050,1723,,,,1707050782
12039845,2583,1671,,,,1707052939
12039858,2087,2344,,,,1707052509
12039849,3201,3009,3737,,,1707059548
12039850,2479,2621,,,,1707058047
12039856,1951,2223,,,,1707057655
12039854,1198,1468,,,,1707060560
12039843,1682,2020,,,,1707062496
12039844,1583,3150,,,,1707063011
12039846,2566,2209,,,,1707065291
12039848,2893,4088,,,,1707066941
12042189,1847,2265,2724,,,1707131967
12042187,1924,1625,,,,1707129559
12042188,2538,2539,3100,,,1707133023
12042508,3468,3901,,,,1707135616
12042484,1486,2737,,,,1707136901
12042190,3610,1562,,,,1707140671
12042192,2144,3933,,,,1707142530
12042193,3288,3818,3412,,,1707147359
12039886,,,,,,
12041688,2649,1951,,,,1707049538
12039882,,,,,,
12039900,1753,2294,2863,,,1707052350
12039899,2064,3226,,,,1707050875
12039888,2420,2922,4013,,,1707055307
12039883,2655,2799,,,,1707055072
12039887,1557,2959,,,,1707056431
12039890,3367,2796,,,,1707059540
12039881,2171,1777,,,,1707060723
12039894,3718,3147,,,,1707063762
12039880,2265,1992,4043,,,1707064323
12039898,1375,1926,,,,1707064770
12039901,2428,2215,,,,1707065567
12039877,3005,3578,2355,,,1707074304
12039879,2823,3617,,,,1707071310
12039885,3481,3999,3229,,,1707076864
12041958,1909,4131,4027,,,1707140075
12041952,2246,2816,,,,1707141165
12042442,2449,2641,,,,1707142923
12041949,2237,1732,,,,1707143159
12040595,1943,2817,3139,,,1707067940
12040589,2664,1696,,,,1707066046
12040594,1495,1641,,,,1707064704
12040585,1968,1631,,,,1707069159
12040591,2538,3351,,,,1707071038
12040593,1758,3455,,,,1707073450
12040584,2073,3315,2584,,,1707077520
12040582,1477,2059,,,,1707076722
12040587,1084,1411,,,,1707078823
12040592,3528,2546,,,,1707083283
12040597,1792,2301,,,,1707082886
12040586,1747,1632,,,,1707083332
12040583,2196,1786,,,,1707088137
12040596,2272,2720,1991,,,1707091982
12040590,2176,2951,2370,,,1707093362
12040588,1781,1489,,,,1707094573
12039956,,,,,,
12039955,,,,,,
12039929,,,,,,
12039934,,,,,,
12039928,,,,,,
12039950,,,,,,
12039943,,,,,,
12039957,,,,,,
12039937,,,,,,
12039930,,,,,,
12039927,,,,,,
12039939,,,,,,
12039932,,,,,,
12039925,,,,,,
12039924,,,,,,
12039926,,,,,,
12042568,,,,,,
12042574,,,,,,
12042624,,,,,,
12042569,,,,,,
12042573,,,,,,
12042566,,,,,,
12042563,,,,,,
12042575,,,,,,
12042572,,,,,,
12042570,,,,,,
12042577,,,,,,
12042576,,,,,,
12042564,,,,,,
12042571,,,,,,
12042587,,,,,,
12042580,,,,,,
12039694,,,,,,
12039691,,,,,,
12039688,,,,,,
12039690,,,,,,
12039692,,,,,,
12039685,,,,,,
12039689,,,,,,
12039686,,,,,,
12039695,,,,,,
12039687,,,,,,
12039693,,,,,,
12041973,,,,,,
12041977,,,,,,
12041966,,,,,,
12041976,,,,,,
12041963,,,,,,
12041971,,,,,,
12041972,,,,,,
12041974,,,,,,
12041965,,,,,,
12041967,,,,,,
12041968,,,,,,
12041962,,,,,,
12041975,,,,,,
12041969,,,,,,
12041964,,,,,,
12041970,,,,,,
12041807,2733,2163,850,,,1707127817
12041803,1154,2345,,,,1707124548
12041814,2347,3375,1253,,,1707131347
12041795,2674,2186,,,,1707131610
12041797,1835,3326,,,,1707131776
12041813,,,,,,
12041788,3296,2992,,,,1707137083
12041808,1868,3322,,,,1707137029
12041789,2519,3246,815,,,1707140841
12041785,2984,1534,1336,,,1707143159
12046072,1439,656,,,,1707204604
12046085,2626,3268,,,,1707205589
12046077,1899,2876,928,,,1707207951
12046084,4228,4086,,,,1707207779
12046055,2546,3396,,,,1707206009
12046065,1949,4178,,,,1707210367
12046069,2367,3791,,,,1707212494
12046075,1650,2037,,,,1707211978
12039896,3004,2126,,,,1707055873
12039871,,,,,,1707053108
12041957,2279,2224,1924,,,1707127166
12041943,2214,3169,793,,,1707127876
12041948,4423,3575,,,,1707126796
12041947,1854,2328,,,,1707124383
12041950,2216,3086,,,,1707124524
12041953,1677,2610,1327,,,1707126935
12041940,2326,2917,,,,1707130074
12041944,1801,2514,,,,1707130379
12041951,2886,2972,,,,1707132286
12041945,4236,4131,,,,1707133964
12041946,2567,2593,,,,1707132919
12041942,1449,3295,834,,,1707135862
12041941,2965,2534,654,,,1707139132
12041956,2734,2321,,,,1707138883
12041955,1350,2604,,,,1707137604
12041954,1885,2234,,,,1707139183
12045634,4175,2353,,,,1707150667
12045210,4399,1688,,,,1707156154
12045608,1755,2290,770,,,1707156009
12045211,1837,2514,765,,,1707157002
12046134,3872,3033,,,,1707158403
12046135,,,,,,
12046253,3109,3664,,,,1707160692
12045732,2843,2523,872,,,1707163978
12046141,2254,1886,,,,1707160714
12039822,,,,,,
12039801,,,,,,
12039817,,,,,,
12039809,,,,,,
12039795,,,,,,
12042287,,,,,,
12042274,,,,,,
12042286,,,,,,
12042278,,,,,,
12042280,,,,,,
12042283,,,,,,
12042284,,,,,,
12042281,,,,,,
12042276,,,,,,
12042285,,,,,,
12042288,,,,,,
12042282,,,,,,
12042279,,,,,,
12042275,,,,,,
12042277,,,,,,
12045068,,,,,,
12046242,1897,2494,,,,1707208881
12046243,2179,1829,,,,1707209136
12046241,4496,2535,1212,,,1707214447
12046238,3601,2419,924,,,1707213090
12046237,3,1907,959,,,1707217893
12046244,3357,1587,,,,1707215810
12046240,2609,3174,736,,,1707221026
12046239,4914,4347,928,,,1707226041
12039938,,,,,,
12042583,,,,,,
12042581,,,,,,
12042578,,,,,,
12042588,,,,,,
12042579,,,,,,
12042590,,,,,,
12042589,,,,,,
12042591,,,,,,
12042584,,,,,,
12042601,,,,,,
12042582,,,,,,
12042586,,,,,,
12042567,,,,,,
12042640,,,,,,
12042585,,,,,,
12042565,,,,,,
12045326,4663,2480,755,,,1707149884
12045187,2147,3215,,,,1707145011
12045186,2532,2593,,,,1707139068
12045325,3616,2363,,,,1707143899
12045455,2556,2144,,,,1707145486
12045783,3423,1403,707,,,1707151921
12045569,2043,2298,789,,,1707153521
12045601,2394,3180,1102,,,1707155745
12046236,,,,,,
12046032,,,,,,
12042698,,,,,,
12042688,,,,,,
12042696,,,,,,
12042697,,,,,,
12042692,,,,,,
12042686,,,,,,
12042689,,,,,,
12042685,,,,,,
12042695,,,,,,
12042687,,,,,,
12042691,,,,,,
12042694,,,,,,
12042699,,,,,,
12042690,,,,,,
12042684,,,,,,
12042693,,,,,,
12046507,1919,2230,,,,1707223473
12046503,2229,3604,1103,,,1707227497
12046511,3957,2127,,,,1707226701
12046510,4915,2741,,,,1707226792
12039967,3163,1581,,,,1707218994
12039972,2729,2346,,,,1707218596
12039969,1926,1971,2353,,,1707219778
12046127,1968,3487,,,,1707223343
12046130,2767,2060,,,,1707224728
12039968,2469,2413,,,,1707225308
12046128,3152,2600,,,,1707230821
12039973,2319,2222,,,,1707229870
11999218,3661,2760,,,,1707059734
12040681,1467,1683,1971,,,1707091387
12040692,2135,2292,,,,1707090485
12040680,2695,2355,,,,1707091390
12040870,2421,2173,,,,1707096129
12040789,2099,2054,,,,1707096386
12040790,3629,2021,,,,1707098099
12041484,2195,2431,,,,1707124431
12041483,2713,2051,,,,1707125079
12041038,2086,2844,,,,1707124599
12041702,2081,1877,,,,1707129850
12041759,2222,2489,,,,1707130532
12041658,2962,1671,4187,,,1707133651
12039907,1670,1890,1669,,,1707056324
12039912,2683,2071,,,,1707055679
12039904,2774,2710,,,,1707059980
12039910,1994,2153,2466,,,1707062807
12039908,1692,1568,,,,1707060460
12039903,1828,2080,2538,,,1707067245
12041961,1775,3309,2132,,,1707134646
12041816,1910,2002,,,,1707131380
12041895,1611,2529,,,,1707131179
12042017,2236,3555,2988,,,1707140186
12042081,2046,3300,,,,1707136578
12042497,1542,1621,,,,1707139019
12040213,3006,2499,,,,1707114437
12040206,1943,2528,,,,1707113388
12040216,3767,2441,2962,,,1707117739
12041727,,,,,,
12040207,1485,1192,,,,1707119209
12043337,2351,2156,2429,,,1707125935
12040219,3472,3083,3239,,,1707143096
12041751,1503,2115,,,,1707199583
12040215,1633,3491,,,,1707199723
12040218,3887,1854,,,,1707201799
12040209,,,,,,
12047499,3056,2111,2721,,,1707207637
12041752,2586,3776,,,,1707206584
12040212,2231,2628,,,,1707206778
12041758,1979,1762,4471,,,1707214118
12040211,2159,2701,4426,,,1707216002
12041753,,,,,,1707211087
12040210,2711,2905,,,,1707228736
12046062,1948,2677,3073,,,1707218114
12046061,2978,1875,,,,1707218277
12046057,3314,2529,2858,,,1707221322
12046078,1928,2142,,,,1707218803
12046067,3619,3152,,,,1707221257
12046073,4332,2996,,,,1707223413
12046058,3826,3920,2132,,,1707228597
12046381,3508,1731,,,,1707217800
12046370,3846,2241,3418,,,1707220305
12046369,2138,2026,2444,,,1707218446
12046247,2614,3233,,,,1707221339
12046245,2800,3048,,,,1707222758
12046252,4515,3005,4358,,,1707230844
12046248,2995,2084,,,,1707231134
12046412,2970,2375,,,,1707218023
12046398,2785,3237,,,,1707217656
12046396,3933,3178,,,,1707219643
12046390,2641,3183,,,,1707220331
12039718,2118,2340,1463,,,1707058473
12046076,2215,2100,,,,1707220381
12046070,2360,3376,,,,1707224143
12046081,4073,1881,,,,1707229380
12043317,1548,2487,,,,1707176018
12043313,3440,3479,,,,1707177962
12043299,2095,4433,,,,1707176850
12043301,2156,2407,3733,,,1707184213
12043298,2914,2787,,,,1707184970
12043304,1989,2819,,,,1707184350
12043307,2102,2745,,,,1707190384
12043303,2360,3117,1639,,,1707199370
12046288,2644,1102,,,,1707217222
12046278,1880,1683,,,,1707216288
12046279,2363,3934,,,,1707216394
12046290,1299,2193,,,,1707215276
12046273,3270,2651,3989,,,1707224152
12046289,3051,3892,2051,,,1707225959
12046286,2899,3341,,,,1707222183
12046274,4560,3746,,,,1707225842
12046284,4463,1831,,,,1707231016
12046367,2011,3504,,,,1707216502
12046372,1824,2272,,,,1707222213
12046368,3353,3143,,,,1707224080
12046373,3002,4195,,,,1707224862
12046406,1983,2426,,,,1707217824
12046394,2297,3017,,,,1707219341
12040023,2310,1768,,,,1707068438
12041782,3369,2576,,,,1707119895
12041804,2358,2106,,,,1707119827
12041798,2368,2233,,,,1707119219
12041801,4403,3288,,,,1707121678
12041792,2260,2408,,,,1707119303
12041793,1709,2622,1742,,,1707127192
12042476,3379,3004,3891,,,1707216883
12042473,2700,3320,,,,1707213193
12039302,2964,2109,,,,1707220361
12042475,3135,2844,,,,1707224823
12039296,3260,4097,,,,1707226686
12026858,,,,,,
12027804,,,,,,
12027531,,,,,,
12026877,3517,1624,5292,,,1707058384
12041771,2080,2949,,,,1707054744
12041820,2252,2186,938,,,1707057753
12027054,,,,,,
12027517,2542,2327,,,,1707057940
12041844,4359,2327,1050,,,1707062696
12027800,,,,,,
12027534,,,,,,
12027520,2264,2232,,,,1707064054
12027055,,,,,,
12026874,3917,2693,,,,1707068801
12041833,3084,2660,,,,1707070409
12027920,,,,,,
12042296,1821,2032,,,,1707070616
12028141,1445,1483,,,,1707076577
12027922,,,,,,
12041834,2805,1513,,,,1707078270
12028189,2209,2901,,,,1707080780
12028143,3161,1523,5832,,,1707085320
12027971,3441,2948,3135,,,1707087834
12028192,,,,,,
12027968,,,,,,
11974049,,,,,,
11974072,,,,,,
11974065,,,,,,
11974113,,,,,,
12002107,,,,,,
12001987,,,,,,
12002106,,,,,,
12002111,,,,,,
12027056,,,,,,
12041644,3403,1662,,,,1707051821
12041835,3520,2017,2874,,,1707061600
12027921,,,,,,
12027947,,,,,,
12041842,4036,3079,,,,1707063351
12028142,2704,2871,3638,,,1707068917
12028193,,,,,,
12042026,3043,3334,2524,,,1707073691
12027970,,,,,,1707070169
12039474,3337,1691,,,,1707069802
12039841,3150,3451,,,,1707069706
12039913,5492,3275,,,,1707078144
12040020,2518,4284,,,,1707076814
12040508,1147,,,,,1707082529
12040506,1304,905,,,,1707072700
12040509,2520,3082,1786,,,1707077063
12040507,1798,3234,,,,1707080094
12040510,2337,3536,,,,1707082289
12040512,3471,3433,2743,,,1707091082
12040511,1613,3336,,,,1707088465
12040515,1992,2736,,,,1707094813
12042700,1581,3357,1953,,,1707161621
12042741,3416,4310,,,,1707159848
12043202,2196,3266,2539,,,1707170119
12043258,1764,3244,3705,,,1707170038
12039863,3926,2429,,,,1707052405
12039865,2067,3143,3582,,,1707057949
12039862,3377,1658,,,,1707059017
12039860,2241,3117,,,,1707064701
12039868,2140,1858,,,,1707064485
12041849,2405,2406,,,,1707133451
12041853,2316,2380,2501,,,1707136091
12042392,2160,3191,1894,,,1707142226
12042016,3163,2444,,,,1707142692
12039471,2126,3269,,,,1707053867
12039717,4153,4442,602,,,1707061094
12037711,1924,1550,,,,1707101182
12037714,1383,3192,2046,,,1707106437
12037723,2656,2588,,,,1707106224
12037712,2478,3414,,,,1707107521
12037717,1965,1982,,,,1707111268
12037713,2760,1811,,,,1707114863
12037716,2317,1786,,,,1707176805
12043268,2021,3367,,,,1707176624
12037724,,,,,,
12043264,2937,2577,,,,1707177718
12043265,2385,2654,2471,,,1707184732
12043269,3999,1990,,,,1707184675
12037715,2155,4264,,,,1707183260
12043267,1646,2582,,,,1707189194
12037725,1793,1580,,,,1707189709
12043266,2914,1924,,,,1707190850
12039198,2003,2160,2838,,,1707136667
12039183,1797,1849,,,,1707135847
12039197,1429,2439,,,,1707139973
12039182,1868,2253,2451,,,1707142703
12045825,2225,2509,4061,,,1707213593
12045827,2767,2601,2573,,,1707214145
12045824,1888,1878,3787,,,1707212630
12045828,2068,2619,,,,1707219354
12039189,2142,2641,,,,1707219942
12045823,2282,2078,,,,1707220932
12039188,2149,2714,3538,,,1707228034
12039447,,,,,,1707223404
12045826,2505,5055,5157,,,1707229651
12039187,3865,2463,3971,,,1707234125
11998773,2713,2758,566,,,1707093474
11999016,4770,1577,2520,,,1707058527
12039966,1594,3289,,,,1707142274
12039970,3392,3693,,,,1707144738
12039971,3284,1894,3791,,,1707151516
12027230,,,,,,
12041772,2028,2319,1274,,,1707057132
12027542,1693,3862,,,,1707062120
12027228,,,,,,
12027907,3956,3465,,,,1707071763
12027543,,,,,,
12027904,,,,,,
12042614,3232,2670,3741,,,1707083373
12027989,2720,3059,,,,1707091189
12027990,,,,,,
12042635,1527,2256,2003,,,1707100249
12027229,,,,,,
12041821,3444,3848,2172,,,1707063232
12027908,,,,,,
12027986,3108,1972,,,,1707084092
12039991,2470,3313,,,,1707155746
12042724,3261,2111,,,,1707163466
12039979,3253,2548,2760,,,1707173339
12039987,3179,2364,1967,,,1707174802
12042725,1824,3669,,,,1707179688
12040230,2962,2732,1549,,,1707179850
12040240,2168,2703,3531,,,1707187298
12038860,,,,,,
12040226,3658,2808,,,,1707149838
12038853,2544,4155,,,,1707156219
12038865,3172,1977,,,,1707164771
12038857,2656,2125,2718,,,1707227908
12038855,,,,,,1707230801
12048717,3106,1807,2686,,,1707228116
11998455,3466,2138,2619,,,1707061433
12039077,3754,3423,2416,,,1707131359
12041918,2083,3709,2841,,,1707136755
12039075,2879,4778,,,,1707137849
12041896,3442,3358,2491,,,1707150379
12039079,2871,2080,,,,1707156755
12039081,,,,,,
12041927,,,,,,
12046039,2464,2731,2578,,,1707210375
12041926,,,,,,
12039080,,,,,,
12039078,4427,2257,,,,1707215218
12047771,2704,1553,2498,,,1707218090
12041925,3222,1776,,,,1707221907
12044869,2370,3846,,,,1707227014
12002073,1597,2630,,,,1707053686
12039293,,,,,,
12039297,,,,,,
12039298,3105,4176,,,,1707127401
12039299,1701,2964,,,,1707125829
12039455,2395,2085,,,,1707132175
12042459,2459,1698,,,,1707142749
12039290,2821,4610,,,,1707152092
12039289,3939,1933,,,,1707161555
12046513,,,,,,1707227521
12039733,,,,,,
12039731,,,,,,
12039729,,,,,,
12039744,,,,,,
12039736,,,,,,
12039724,,,,,,
12039739,,,,,,
12039749,,,,,,
12039725,,,,,,
12039727,,,,,,
12039735,,,,,,
12039742,,,,,,
12039722,,,,,,
12039745,,,,,,
12039726,,,,,,
12042441,,,,,,
12042440,,,,,,
12042445,,,,,,
12042444,,,,,,
12042436,,,,,,
12042437,,,,,,
12042443,,,,,,
12042438,,,,,,
12042439,,,,,,
12042448,,,,,,
12042446,,,,,,
12042435,,,,,,
12042447,,,,,,
12042527,,,,,,
12042494,,,,,,
12042449,,,,,,
12046187,2353,2394,,,,1707209401
12046198,3000,1530,,,,1707210031
12046205,4835,1864,1099,,,1707213739
12046188,2944,1919,,,,1707209887
12046189,1973,2285,1171,,,1707216934
12046191,3287,1827,,,,1707215843
12046194,1342,1872,702,,,1707216086
12046206,2532,3128,,,,1707218109
12042791,,,,,,
12042794,,,,,,
12042797,,,,,,
12042804,,,,,,
12042802,,,,,,
12042803,,,,,,
12042789,,,,,,
12042793,,,,,,
12043231,,,,,,
12041805,2509,2280,,,,1707119338
12041806,1899,4480,861,,,1707134094
12041787,3773,2672,,,,1707120616
12041800,2402,2591,,,,1707119679
12041786,2623,1537,,,,1707125220
12041810,1416,3619,,,,1707124027
12041812,4316,3858,,,,1707127607
12041784,2027,3931,,,,1707126562
12041799,2793,3573,,,,1707130530
12041809,2404,2378,,,,1707131864
12041790,2806,3353,,,,1707134491
12041811,1922,4043,,,,1707136957
12041783,2049,1314,,,,1707137819
12041802,2845,2813,,,,1707139071
12041794,4076,1797,,,,1707143073
12041796,2622,3622,,,,1707143822
12046059,2110,2359,,,,1707205216
12046056,3670,3530,,,,1707206928
12046071,2459,3338,,,,1707206031
12046054,4208,2228,,,,1707210513
12046082,3902,2387,,,,1707213719
12046120,3278,3871,737,,,1707217405
12046068,2856,3076,,,,1707214260
12046053,3269,3354,,,,1707216501
12040861,3179,3954,,,,1707091285
12040859,1968,2073,,,,1707090031
12040862,1935,3074,2656,,,1707094221
12040858,2962,2033,,,,1707095796
12040860,2640,3427,1912,,,1707102226
12040863,1390,1483,,,,1707098966
12041476,1451,2235,,,,1707100224
12040857,2939,2850,,,,1707104134
12039855,3462,3068,3214,,,1707055388
12039847,2050,1723,,,,1707050782
12039845,2583,1671,,,,1707052939
12039858,2087,2344,,,,1707052509
12039849,3201,3009,3737,,,1707059548
12039850,2479,2621,,,,1707058047
12039856,1951,2223,,,,1707057655
12039854,1198,1468,,,,1707060560
12039843,1682,2020,,,,1707062496
12039844,1583,3150,,,,1707063011
12039846,2566,2209,,,,1707065291
12039848,2893,4088,,,,1707066941
12042189,1847,2265,2724,,,1707131967
12042187,1924,1625,,,,1707129559
12042188,2538,2539,3100,,,1707133023
12042508,3468,3901,,,,1707135616
12042484,1486,2737,,,,1707136901
12042190,3610,1562,,,,1707140671
12042192,2144,3933,,,,1707142530
12042193,3288,3818,3412,,,1707147359
12039900,1753,2294,2863,,,1707052350
12039899,2064,3226,,,,1707050875
12039888,2420,2922,4013,,,1707055307
12039883,2655,2799,,,,1707055072
12039887,1557,2959,,,,1707056431
12039890,3367,2796,,,,1707059540
12039881,2171,1777,,,,1707060723
12039894,3718,3147,,,,1707063762
12039880,2265,1992,4043,,,1707064323
12039898,1375,1926,,,,1707064770
12039901,2428,2215,,,,1707065567
12039877,3005,3578,2355,,,1707074304
12039879,2823,3617,,,,1707071310
12039885,3481,3999,3229,,,1707076864
12041958,1909,4131,4027,,,1707140075
12041952,2246,2816,,,,1707141165
12042442,2449,2641,,,,1707142923
12041949,2237,1732,,,,1707143159
12042632,3198,2458,3448,,,1707147777
12042336,1624,2243,3763,,,1707146186
12042335,2553,2302,,,,1707147429
12042672,2473,1624,2549,,,1707148915
12040595,1943,2817,3139,,,1707067940
12040589,2664,1696,,,,1707066046
12040594,1495,1641,,,,1707064704
12040585,1968,1631,,,,1707069159
12040591,2538,3351,,,,1707071038
12040593,1758,3455,,,,1707073450
12040584,2073,3315,2584,,,1707077520
12040582,1477,2059,,,,1707076722
12040587,1084,1411,,,,1707078823
12040592,3528,2546,,,,1707083283
12040597,1792,2301,,,,1707082886
12040586,1747,1632,,,,1707083332
12040583,2196,1786,,,,1707088137
12040596,2272,2720,1991,,,1707091982
12040590,2176,2951,2370,,,1707093362
12040588,1781,1489,,,,1707094573
12043201,3033,1960,,,,1707152472
12043197,1589,3075,,,,1707151111
12043199,1854,2470,2544,,,1707153987
12043198,2029,1984,,,,1707157195
12043235,3046,1953,,,,1707158254
12043234,2854,3753,,,,1707160960
12043233,2624,2826,,,,1707163213
12043200,3126,2799,,,,1707164897
12042568,,,,,,
12042574,,,,,,
12042624,,,,,,
12042569,,,,,,
12042573,,,,,,
12042566,,,,,,
12042563,,,,,,
12042575,,,,,,
12042572,,,,,,
12042570,,,,,,
12042577,,,,,,
12042576,,,,,,
12042564,,,,,,
12042571,,,,,,
12042587,,,,,,
12042580,,,,,,
12046409,4101,3265,,,,1707212906
12046404,2473,2363,,,,1707211537
12046388,2934,2100,664,,,1707213978
12046408,2404,2993,,,,1707210990
12046387,2439,2939,,,,1707211026
12046403,2916,2264,1140,,,1707213697
12046389,3457,3208,1473,,,1707215588
12046386,2280,4487,,,,1707211320
12041973,,,,,,
12041977,,,,,,
12041966,,,,,,
12041976,,,,,,
12041963,,,,,,
12041971,,,,,,
12041972,,,,,,
12041974,,,,,,
12041965,,,,,,
12041967,,,,,,
12041968,,,,,,
12041962,,,,,,
12041975,,,,,,
12041969,,,,,,
12041964,,,,,,
12041970,,,,,,
12045899,1801,1833,,,,1707207173
12045900,2181,2601,,,,1707207221
12045898,3642,3149,1034,,,1707211907
12045901,2597,3019,,,,1707207795
12045905,2530,4986,,,,1707212558
12045897,2005,2214,,,,1707213440
12045908,3163,2203,,,,1707216709
12045904,2022,1892,,,,1707218305
12042785,,,,,,
12042783,,,,,,
12042784,,,,,,
12042774,,,,,,
12042777,,,,,,
12042782,,,,,,
12042776,,,,,,
12042786,,,,,,
12042775,,,,,,
12042772,,,,,,
12042780,,,,,,
12042773,,,,,,
12042779,,,,,,
12042778,,,,,,
12042787,,,,,,
12042781,,,,,,
12046534,2152,4165,750,,,1707234629
12039991,2470,3313,,,,1707155746
12042724,3261,2111,,,,1707163466
12039979,3253,2548,2760,,,1707173339
12039987,3179,2364,1967,,,1707174802
12042725,1824,3669,,,,1707179688
12039985,3351,2895,3597,,,1707245610
12039981,,,,,,
12042727,2364,2079,2363,,,1707251136
12039990,2994,3040,3689,,,1707256686
12039989,1541,4454,879,,,1707261047
12042726,2033,2943,3346,,,1707266849
12039983,3195,4856,1938,,,1707271384
12046481,2526,4596,,,,1707273916
12040230,2962,2732,1549,,,1707179850
12040240,2168,2703,3531,,,1707187298
12040237,2943,1572,,,,1707245747
12046772,2299,2585,1567,,,1707248295
12040236,,,,,,
12046791,1447,2342,,,,1707249935
12046789,1494,2872,,,,1707252349
12046784,3009,2445,,,,1707259353
12049819,3879,2165,2516,,,1707264160
12040239,,,,,,
12040234,2294,2242,,,,1707270614
12040233,2121,3095,,,,1707276175
12040226,3658,2808,,,,1707149838
12038853,2544,4155,,,,1707156219
12038865,3172,1977,,,,1707164771
12038857,2656,2125,2718,,,1707227908
12038855,,,,,,1707230801
12048717,3106,1807,2686,,,1707228116
12038862,3170,2672,,,,1707234857
12046138,3555,2934,2863,,,1707238234
12046140,3128,1727,1989,,,1707244094
12046137,2374,1623,3652,,,1707251187
12046139,1968,2764,1967,,,1707255726
12018534,2783,2215,,,,1707310201
12038858,3012,2544,,,,1707312466
12039075,2879,4778,,,,1707137849
12041896,3442,3358,2491,,,1707150379
12039079,2871,2080,,,,1707156755
12039081,,,,,,
12041927,,,,,,
12046039,2464,2731,2578,,,1707210375
12041926,,,,,,
12039080,,,,,,
12039078,4427,2257,,,,1707215218
12047771,2704,1553,2498,,,1707218090
12041925,3222,1776,,,,1707221907
12044869,2370,3846,,,,1707227014
12046038,1793,4468,,,,1707231281
12039076,1252,1823,,,,1707233127
12018666,2068,3479,,,,1707298985
12018668,5029,4897,3399,,,1707313408
12042459,2459,1698,,,,1707142749
12039290,2821,4610,,,,1707152092
12039289,3939,1933,,,,1707161555
12042476,3379,3004,3891,,,1707216883
12042473,2700,3320,,,,1707213193
12039302,2964,2109,,,,1707220361
12042475,3135,2844,,,,1707224823
12039296,3260,4097,,,,1707226686
12039295,2385,2959,,,,1707231066
12049299,1796,2330,,,,1707238033
12039294,,,,,,1707235685
12042472,2377,3543,,,,1707243694
12042474,1544,2508,,,,1707298425
12039300,1831,2999,,,,1707303683
12018700,1580,2143,2906,,,1707316803
12042700,1581,3357,1953,,,1707161621
12042741,3416,4310,,,,1707159848
12043202,2196,3266,2539,,,1707170119
12043258,1764,3244,3705,,,1707170038
12042392,2160,3191,1894,,,1707142226
12042016,3163,2444,,,,1707142692
12037716,2317,1786,,,,1707176805
12043268,2021,3367,,,,1707176624
12037724,,,,,,
12043264,2937,2577,,,,1707177718
12043265,2385,2654,2471,,,1707184732
12043269,3999,1990,,,,1707184675
12037715,2155,4264,,,,1707183260
12043267,1646,2582,,,,1707189194
12037725,1793,1580,,,,1707189709
12043266,2914,1924,,,,1707190850
12018583,2572,2300,2147,,,1707265887
12037721,2191,1668,,,,1707263197
12018584,3052,3084,,,,1707269337
12018579,2415,4041,2381,,,1707275396
12018581,2162,2989,,,,1707277994
12039197,1429,2439,,,,1707139973
12039182,1868,2253,2451,,,1707142703
12045825,2225,2509,4061,,,1707213593
12045827,2767,2601,2573,,,1707214145
12045824,1888,1878,3787,,,1707212630
12045828,2068,2619,,,,1707219354
12039189,2142,2641,,,,1707219942
12045823,2282,2078,,,,1707220932
12039188,2149,2714,3538,,,1707228034
12039447,,,,,,1707223404
12045826,2505,5055,5157,,,1707229651
12039187,3865,2463,3971,,,1707234125
12039186,3439,2252,,,,1707236265
12039184,2872,3103,,,,1707238495
12018629,2622,2038,,,,1707301395
12018634,2807,2187,,,,1707306993
12018625,2356,1986,,,,1707307306
12018630,2059,1848,2514,,,1707314179
12039966,1594,3289,,,,1707142274
12039970,3392,3693,,,,1707144738
12039971,3284,1894,3791,,,1707151516
12039967,3163,1581,,,,1707218994
12039972,2729,2346,,,,1707218596
12039969,1926,1971,2353,,,1707219778
12046127,1968,3487,,,,1707223343
12046130,2767,2060,,,,1707224728
12039968,2469,2413,,,,1707225308
12046128,3152,2600,,,,1707230821
12039973,2319,2222,,,,1707229870
12046129,2093,2338,,,,1707230759
12046126,2952,3520,,,,1707238726
12039975,2834,3595,3126,,,1707309361
12018653,1665,1513,2732,,,1707309219
12018646,2480,2789,2642,,,1707313229
12018652,2603,2713,,,,1707315762
12042497,1542,1621,,,,1707139019
12040219,3472,3083,3239,,,1707143096
12041751,1503,2115,,,,1707199583
12040215,1633,3491,,,,1707199723
12040218,3887,1854,,,,1707201799
12040209,,,,,,
12047499,3056,2111,2721,,,1707207637
12041752,2586,3776,,,,1707206584
12040212,2231,2628,,,,1707206778
12041758,1979,1762,4471,,,1707214118
12040211,2159,2701,4426,,,1707216002
12041753,,,,,,1707211087
12040210,2711,2905,,,,1707228736
12018727,2494,2372,,,,1707290337
12018733,2069,3121,3790,,,1707297090
12018731,2293,2733,,,,1707295898
12018721,2715,2917,3046,,,1707315016
12046062,1948,2677,3073,,,1707218114
12046061,2978,1875,,,,1707218277
12046057,3314,2529,2858,,,1707221322
12046078,1928,2142,,,,1707218803
12046067,3619,3152,,,,1707221257
12046073,4332,2996,,,,1707223413
12046058,3826,3920,2132,,,1707228597
12048616,3581,3382,,,,1707293485
12046848,1355,2002,,,,1707291525
12048612,2228,2494,,,,1707291933
12046863,3745,2267,2692,,,1707296076
12048615,2944,2319,,,,1707297130
12048614,2709,2670,,,,1707297995
12048617,2717,2798,,,,1707302282
12048618,1995,2487,,,,1707305528
12048613,2256,1493,2089,,,1707309823
12046381,3508,1731,,,,1707217800
12046370,3846,2241,3418,,,1707220305
12046369,2138,2026,2444,,,1707218446
12046366,2109,1928,,,,1707246377
12046927,2617,2104,,,,1707303044
12046931,2873,2166,4137,,,1707305579
12046929,2295,3549,3223,,,1707306400
12046924,2151,4805,1858,,,1707307828
12046922,,,,,,1707311216
12046920,2135,2977,,,,1707312610
12049189,2619,2279,,,,1707313919
12046923,,,,,,
12046247,2614,3233,,,,1707221339
12046245,2800,3048,,,,1707222758
12046252,4515,3005,4358,,,1707230844
12046248,2995,2084,,,,1707231134
12049064,5677,4,,,,1707300861
12049061,2002,2483,,,,1707297315
12049065,2480,2513,,,,1707297677
12049060,2188,,,,,1707299216
12046946,1929,2764,,,,1707297212
12049066,2294,2365,,,,1707303203
12046950,2199,3817,1455,,,1707308048
12046938,2525,4130,,,,1707304045
12049058,1490,2199,,,,1707303030
12049063,4159,3203,4006,,,1707312902
12049062,5108,3,,,,1707311556
12049059,2798,2435,,,,1707312009
12046412,2970,2375,,,,1707218023
12046398,2785,3237,,,,1707217656
12046396,3933,3178,,,,1707219643
12046390,2641,3183,,,,1707220331
12046871,2700,1141,,,,1707297701
12046872,2738,1798,3704,,,1707299972
12046874,2564,3474,1826,,,1707301438
12046876,2500,2570,,,,1707298251
12046881,2492,3165,3194,,,1707305921
12046884,2782,2059,,,,1707304817
12046885,2270,2549,,,,1707306777
12046879,2479,1937,,,,1707307213
12046883,3325,2398,2559,,,1707314152
12046852,4752,3647,2744,,,1707318890
12046850,2093,2227,,,,1707312594
12046882,2236,2985,,,,1707312026
12046516,4429,4854,,,,1707235075
12046521,3132,4131,2827,,,1707245791
12046514,4198,2020,,,,1707246302
12046512,3634,2311,,,,1707246514
12046519,1820,3966,2179,,,1707252746
12049517,1879,1805,,,,1707313860
12049512,5090,3013,,,,1707317138
12049518,3779,3120,,,,1707315298
12049514,3280,5108,,,,1707312268
12046903,,,,,,
12048709,2815,4517,4269,,,1707301153
12048710,2228,259,,,,1707296096
12046877,4179,1659,3155,,,1707300200
12050625,,,,,,
12046878,2133,2471,2979,,,1707302182
12048711,2571,2163,,,,1707301117
12046893,3464,2868,,,,1707307610
12046896,3602,2851,,,,1707307679
12048714,2276,2079,,,,1707308427
12048712,1736,4007,2869,,,1707311586
12048713,2657,2842,,,,1707313943
12048707,2409,3274,2973,,,1707317052
12046875,2377,3399,,,,1707313898
12046492,2632,4635,2274,,,1707248456
12046493,2735,2670,,,,1707242954
12046490,2118,1881,,,,1707246342
12046491,2451,4443,,,,1707248864
12046076,2215,2100,,,,1707220381
12046070,2360,3376,,,,1707224143
12046081,4073,1881,,,,1707229380
12046890,1442,2105,,,,1707291218
12048841,2365,1732,,,,1707292036
12048834,3175,4067,4396,,,1707297455
12048836,2456,2269,,,,1707292084
12048833,3056,4819,,,,1707297686
12046895,2688,2719,4517,,,1707300567
12048837,1482,2661,,,,1707296666
12048839,4722,2309,,,,1707302587
12046891,3355,1869,,,,1707303441
12048835,2608,3091,,,,1707302831
12046892,2148,2387,2203,,,1707307252
12048838,2863,3543,,,,1707308788
12048842,1939,2455,,,,1707308699
12043317,1548,2487,,,,1707176018
12043313,3440,3479,,,,1707177962
12043299,2095,4433,,,,1707176850
12043301,2156,2407,3733,,,1707184213
12043298,2914,2787,,,,1707184970
12043304,1989,2819,,,,1707184350
12043307,2102,2745,,,,1707190384
12043303,2360,3117,1639,,,1707199370
12043300,3535,2076,2112,,,1707266887
12043312,2250,2599,,,,1707263190
12043302,1967,3245,,,,1707263147
12043321,2580,2953,,,,1707269537
12043305,2194,3016,,,,1707269078
12043308,3971,2127,,,,1707271181
12043306,1860,3527,,,,1707271586
12043314,2918,3981,2106,,,1707280343
12046288,2644,1102,,,,1707217222
12046278,1880,1683,,,,1707216288
12046279,2363,3934,,,,1707216394
12046290,1299,2193,,,,1707215276
12046273,3270,2651,3989,,,1707224152
12046289,3051,3892,2051,,,1707225959
12046286,2899,3341,,,,1707222183
12046274,4560,3746,,,,1707225842
12046284,4463,1831,,,,1707231016
12046285,1922,2841,2518,,,1707233569
12046283,3881,4463,,,,1707232743
12046281,2752,3900,,,,1707233188
12046277,2245,1798,2114,,,1707237857
12046280,2909,3310,3401,,,1707243609
12046276,1785,2612,,,,1707239662
12046275,2026,2078,,,,1707240395
12049489,1620,1951,1961,,,1707304289
12049096,3413,3070,3075,,,1707306943
12049335,1736,3242,,,,1707302265
12049540,1858,2989,3056,,,1707309341
12049245,1973,3336,,,,1707308325
12049492,2747,3120,2646,,,1707313059
12049357,1674,2943,,,,1707312599
12049021,3311,1513,,,,1707316636
12046367,2011,3504,,,,1707216502
12046372,1824,2272,,,,1707222213
12046368,3353,3143,,,,1707224080
12046373,3002,4195,,,,1707224862
12046374,4201,2194,4478,,,1707238835
12046380,3524,3487,,,,1707237129
12046371,1779,349,,,,1707245804
12046945,3392,2022,,,,1707309370
12046940,3042,2292,,,,1707313621
12046964,2338,2520,,,,1707313191
12046966,4141,1672,,,,1707316143
12046583,1955,2203,,,,1707248762
12046576,4365,3415,,,,1707250938
12046582,1786,1827,,,,1707248449
12046579,2121,1835,,,,1707253327
12046573,2451,2870,2720,,,1707257160
12046577,3844,2825,,,,1707259604
12046580,2716,1747,1981,,,1707264576
12046578,4125,2981,,,,1707279803
12046406,1983,2426,,,,1707217824
12046394,2297,3017,,,,1707219341
12048609,2906,2439,,,,1707298092
12046956,2619,2326,,,,1707297772
12046949,2569,2779,,,,1707297751
12046952,1772,1540,2200,,,1707299558
12046943,2613,3069,,,,1707304228
12046933,2220,2741,,,,1707303773
12048611,2234,3549,,,,1707303848
12048606,1768,2008,,,,1707309191
12048608,3394,3148,,,,1707311507
12048610,2483,1354,,,,1707311562
12048607,1885,3954,,,,1707314107
12046953,1836,2048,,,,1707315838
12048804,1746,2600,,,,1707293373
12048799,5059,861,,,,1707296876
12048807,2955,2289,,,,1707294569
12048794,2445,2395,,,,1707294090
12048797,2079,2490,,,,1707299062
12048803,3818,3096,,,,1707301559
12048793,2472,3531,,,,1707301467
12048792,1661,2992,,,,1707304056
12048806,2116,3809,3047,,,1707311896
12048796,2094,4341,2373,,,1707312187
12048795,1893,2144,3983,,,1707312214
12046540,2515,2848,,,,1707236325
12046543,4351,5475,,,,1707244230
12046536,3779,3109,,,,1707245168
12046537,2692,1926,2903,,,1707246534
12046538,2283,4049,2685,,,1707256078
12049895,3359,2469,,,,1707318179
12049904,1872,1999,,,,1707316693
12041808,1868,3322,,,,1707137029
12041789,2519,3246,815,,,1707140841
12041785,2984,1534,1336,,,1707143159
12046072,1439,656,,,,1707204604
12046085,2626,3268,,,,1707205589
12046077,1899,2876,928,,,1707207951
12046084,4228,4086,,,,1707207779
12046055,2546,3396,,,,1707206009
12046065,1949,4178,,,,1707210367
12046069,2367,3791,,,,1707212494
12046075,1650,2037,,,,1707211978
12041956,2734,2321,,,,1707138883
12041955,1350,2604,,,,1707137604
12041954,1885,2234,,,,1707139183
12045634,4175,2353,,,,1707150667
12045210,4399,1688,,,,1707156154
12045608,1755,2290,770,,,1707156009
12045211,1837,2514,765,,,1707157002
12046134,3872,3033,,,,1707158403
12046135,,,,,,
12046253,3109,3664,,,,1707160692
12045732,2843,2523,872,,,1707163978
12046141,2254,1886,,,,1707160714
12045068,,,,,,
12046242,1897,2494,,,,1707208881
12046243,2179,1829,,,,1707209136
12046241,4496,2535,1212,,,1707214447
12046238,3601,2419,924,,,1707213090
12046237,3,1907,959,,,1707217893
12046244,3357,1587,,,,1707215810
12046240,2609,3174,736,,,1707221026
12046239,4914,4347,928,,,1707226041
12045326,4663,2480,755,,,1707149884
12045187,2147,3215,,,,1707145011
12045186,2532,2593,,,,1707139068
12045325,3616,2363,,,,1707143899
12045455,2556,2144,,,,1707145486
12045783,3423,1403,707,,,1707151921
12045569,2043,2298,789,,,1707153521
12045601,2394,3180,1102,,,1707155745
12046236,,,,,,
12046032,,,,,,
12042698,,,,,,
12042688,,,,,,
12042696,,,,,,
12042697,,,,,,
12042692,,,,,,
12042686,,,,,,
12042689,,,,,,
12042685,,,,,,
12042695,,,,,,
12042687,,,,,,
12042691,,,,,,
12042694,,,,,,
12042699,,,,,,
12042690,,,,,,
12042684,,,,,,
12042693,,,,,,
12046507,1919,2230,,,,1707223473
12046503,2229,3604,1103,,,1707227497
12046511,3957,2127,,,,1707226701
12046510,4915,2741,,,,1707226792
12046513,,,,,,1707227521
12046506,1941,2636,1401,,,1707235044
12046509,3505,2705,,,,1707234457
12046508,3019,4592,2557,,,1707238548
12046187,2353,2394,,,,1707209401
12046198,3000,1530,,,,1707210031
12046205,4835,1864,1099,,,1707213739
12046188,2944,1919,,,,1707209887
12046189,1973,2285,1171,,,1707216934
12046191,3287,1827,,,,1707215843
12046194,1342,1872,702,,,1707216086
12046206,2532,3128,,,,1707218109
12042791,,,,,,
12042794,,,,,,
12042797,,,,,,
12042804,,,,,,
12042802,,,,,,
12042803,,,,,,
12042789,,,,,,
12042793,,,,,,
12043231,,,,,,
12042798,,,,,,
12042799,,,,,,
12042792,,,,,,
12042790,,,,,,
12042801,,,,,,
12042796,,,,,,
12042800,,,,,,
12042795,,,,,,
12049887,,,,,,
12049891,,,,,,
12049888,,,,,,
12049890,,,,,,
12049879,,,,,,
12049875,,,,,,
12049877,,,,,,
12049885,,,,,,
12041783,2049,1314,,,,1707137819
12041802,2845,2813,,,,1707139071
12041794,4076,1797,,,,1707143073
12041796,2622,3622,,,,1707143822
12046059,2110,2359,,,,1707205216
12046056,3670,3530,,,,1707206928
12046071,2459,3338,,,,1707206031
12046054,4208,2228,,,,1707210513
12046082,3902,2387,,,,1707213719
12046120,3278,3871,737,,,1707217405
12046068,2856,3076,,,,1707214260
12046053,3269,3354,,,,1707216501
12042484,1486,2737,,,,1707136901
12042190,3610,1562,,,,1707140671
12042192,2144,3933,,,,1707142530
12042193,3288,3818,3412,,,1707147359
12041952,2246,2816,,,,1707141165
12042442,2449,2641,,,,1707142923
12041949,2237,1732,,,,1707143159
12042632,3198,2458,3448,,,1707147777
12042336,1624,2243,3763,,,1707146186
12042335,2553,2302,,,,1707147429
12042672,2473,1624,2549,,,1707148915
12043201,3033,1960,,,,1707152472
12043197,1589,3075,,,,1707151111
12043199,1854,2470,2544,,,1707153987
12043198,2029,1984,,,,1707157195
12043235,3046,1953,,,,1707158254
12043234,2854,3753,,,,1707160960
12043233,2624,2826,,,,1707163213
12043200,3126,2799,,,,1707164897
12046409,4101,3265,,,,1707212906
12046404,2473,2363,,,,1707211537
12046388,2934,2100,664,,,1707213978
12046408,2404,2993,,,,1707210990
12046387,2439,2939,,,,1707211026
12046403,2916,2264,1140,,,1707213697
12046389,3457,3208,1473,,,1707215588
12046386,2280,4487,,,,1707211320
12045899,1801,1833,,,,1707207173
12045900,2181,2601,,,,1707207221
12045898,3642,3149,1034,,,1707211907
12045901,2597,3019,,,,1707207795
12045905,2530,4986,,,,1707212558
12045897,2005,2214,,,,1707213440
12045908,3163,2203,,,,1707216709
12045904,2022,1892,,,,1707218305
12042785,,,,,,
12042783,,,,,,
12042784,,,,,,
12042774,,,,,,
12042777,,,,,,
12042782,,,,,,
12042776,,,,,,
12042786,,,,,,
12042775,,,,,,
12042772,,,,,,
12042780,,,,,,
12042773,,,,,,
12042779,,,,,,
12042778,,,,,,
12042787,,,,,,
12042781,,,,,,
12046534,2152,4165,750,,,1707234629
12046535,4914,4914,,,,1707233685
12046531,1755,1701,,,,1707230113
12046533,2056,3154,,,,1707230658
12046530,1654,2057,,,,1707230182
12046532,2103,2363,,,,1707235994
12046528,3867,2619,1069,,,1707241410
12046529,2466,2179,,,,1707239161
12039985,3351,2895,3597,,,1707245610
12039981,,,,,,
12042727,2364,2079,2363,,,1707251136
12039990,2994,3040,3689,,,1707256686
12039989,1541,4454,879,,,1707261047
12042726,2033,2943,3346,,,1707266849
12039983,3195,4856,1938,,,1707271384
12046481,2526,4596,,,,1707273916
12017962,1985,3105,,,,1707327787
12017966,4830,4481,,,,1707337685
12017975,3282,3603,,,,1707346854
12017968,4715,3242,,,,1707356758
12040237,2943,1572,,,,1707245747
12046772,2299,2585,1567,,,1707248295
12040236,,,,,,
12046791,1447,2342,,,,1707249935
12046789,1494,2872,,,,1707252349
12046784,3009,2445,,,,1707259353
12049819,3879,2165,2516,,,1707264160
12040239,,,,,,
12040234,2294,2242,,,,1707270614
12040233,2121,3095,,,,1707276175
12018509,2607,2575,,,,1707332028
12046787,2267,4000,,,,1707331761
12018510,2557,2118,,,,1707338221
12040232,2646,3269,,,,1707339331
12018498,1986,1804,,,,1707356509
12018499,2756,2720,,,,1707362167
12038857,2656,2125,2718,,,1707227908
12038855,,,,,,1707230801
12048717,3106,1807,2686,,,1707228116
12038862,3170,2672,,,,1707234857
12046138,3555,2934,2863,,,1707238234
12046140,3128,1727,1989,,,1707244094
12046137,2374,1623,3652,,,1707251187
12046139,1968,2764,1967,,,1707255726
12018534,2783,2215,,,,1707310201
12038858,3012,2544,,,,1707312466
12038856,1718,2989,,,,1707317758
12018543,2090,2479,,,,1707327746
12018529,2084,2107,2101,,,1707335780
12018536,2572,3123,,,,1707396601
12018531,2387,2902,,,,1707398281
12044869,2370,3846,,,,1707227014
12046038,1793,4468,,,,1707231281
12039076,1252,1823,,,,1707233127
12018666,2068,3479,,,,1707298985
12018668,5029,4897,3399,,,1707313408
12018679,2457,2125,,,,1707320286
12018677,2899,1774,,,,1707326328
12018667,2513,475,,,,1707385849
12018670,1545,2527,,,,1707389713
12018669,2568,2943,2745,,,1707403201
12042475,3135,2844,,,,1707224823
12039296,3260,4097,,,,1707226686
12039295,2385,2959,,,,1707231066
12049299,1796,2330,,,,1707238033
12039294,,,,,,1707235685
12042472,2377,3543,,,,1707243694
12042474,1544,2508,,,,1707298425
12039300,1831,2999,,,,1707303683
12018700,1580,2143,2906,,,1707316803
12018696,4576,3764,1977,,,1707330424
12018699,2885,3612,,,,1707336184
12018706,3147,3621,2736,,,1707390099
12018709,1752,4082,1020,,,1707399586
12018583,2572,2300,2147,,,1707265887
12037721,2191,1668,,,,1707263197
12018584,3052,3084,,,,1707269337
12018579,2415,4041,2381,,,1707275396
12018581,2162,2989,,,,1707277994
12018578,2181,2914,,,,1707349375
12018577,2275,2809,,,,1707349751
12018585,2141,2333,2650,,,1707357646
12018582,2178,2721,2200,,,1707358156
12039188,2149,2714,3538,,,1707228034
12039447,,,,,,1707223404
12045826,2505,5055,5157,,,1707229651
12039187,3865,2463,3971,,,1707234125
12039186,3439,2252,,,,1707236265
12039184,2872,3103,,,,1707238495
12018629,2622,2038,,,,1707301395
12018634,2807,2187,,,,1707306993
12018625,2356,1986,,,,1707307306
12018630,2059,1848,2514,,,1707314179
12018631,1334,2747,2696,,,1707389299
12018621,2714,2116,2864,,,1707390331
12018622,2983,4691,,,,1707392209
12018628,3636,3001,,,,1707397785
12046127,1968,3487,,,,1707223343
12046130,2767,2060,,,,1707224728
12039968,2469,2413,,,,1707225308
12046128,3152,2600,,,,1707230821
12039973,2319,2222,,,,1707229870
12046129,2093,2338,,,,1707230759
12046126,2952,3520,,,,1707238726
12039975,2834,3595,3126,,,1707309361
12018653,1665,1513,2732,,,1707309219
12018646,2480,2789,2642,,,1707313229
12018652,2603,2713,,,,1707315762
12046125,2875,1667,,,,1707319369
12018644,3414,2600,2178,,,1707324002
12039977,2559,1990,2816,,,1707324061
12018649,2925,3767,2374,,,1707402692
12018655,3631,2011,,,,1707402037
12040210,2711,2905,,,,1707228736
12018727,2494,2372,,,,1707290337
12018733,2069,3121,3790,,,1707297090
12018731,2293,2733,,,,1707295898
12018721,2715,2917,3046,,,1707315016
12018723,2480,1940,,,,1707380474
12018728,2399,3237,3088,,,1707387117
12018732,4617,3414,2662,,,1707396663
12018722,1436,2524,3074,,,1707404110
12048616,3581,3382,,,,1707293485
12046848,1355,2002,,,,1707291525
12048612,2228,2494,,,,1707291933
12046863,3745,2267,2692,,,1707296076
12048615,2944,2319,,,,1707297130
12048614,2709,2670,,,,1707297995
12048617,2717,2798,,,,1707302282
12048618,1995,2487,,,,1707305528
12048613,2256,1493,2089,,,1707309823
12050880,2998,2939,,,,1707378970
12051679,3204,2962,,,,1707379331
12049155,3345,3050,6140,,,1707382772
12051584,3207,2870,5466,,,1707382371
12051498,3482,2490,5623,,,1707382119
12051707,4076,4333,,,,1707386376
12051815,2361,1342,,,,1707390843
12050981,4420,1420,,,,1707393208
12046366,2109,1928,,,,1707246377
12046927,2617,2104,,,,1707303044
12046931,2873,2166,4137,,,1707305579
12046929,2295,3549,3223,,,1707306400
12046924,2151,4805,1858,,,1707307828
12046922,,,,,,1707311216
12046920,2135,2977,,,,1707312610
12049189,2619,2279,,,,1707313919
12046923,,,,,,
12046918,3045,1475,2645,,,1707320588
12046930,3420,2861,,,,1707320099
12046916,2814,3599,4805,,,1707323592
12046926,2542,2627,,,,1707326500
12046921,2293,2549,,,,1707331679
12052312,2138,2111,,,,1707389279
12052307,3583,2496,,,,1707390656
12052429,3530,1906,,,,1707395850
12051795,2754,2694,,,,1707396672
12051817,2596,3118,,,,1707400563
12052052,,,,,,1707397865
12049551,,,,,,1707398130
12046252,4515,3005,4358,,,1707230844
12046248,2995,2084,,,,1707231134
12049064,5677,4,,,,1707300861
12049061,2002,2483,,,,1707297315
12049065,2480,2513,,,,1707297677
12049060,2188,,,,,1707299216
12046946,1929,2764,,,,1707297212
12049066,2294,2365,,,,1707303203
12046950,2199,3817,1455,,,1707308048
12046938,2525,4130,,,,1707304045
12049058,1490,2199,,,,1707303030
12049063,4159,3203,4006,,,1707312902
12049062,5108,3,,,,1707311556
12049059,2798,2435,,,,1707312009
12051680,2694,2377,2265,,,1707387202
12051939,1884,2069,,,,1707383421
12051630,3033,2602,2457,,,1707387183
12051708,2055,5286,,,,1707383645
12051796,2405,3235,,,,1707383900
12052126,2446,2036,3743,,,1707386273
12052220,1906,2819,,,,1707390609
12048849,2257,3094,3573,,,1707396552
12046871,2700,1141,,,,1707297701
12046872,2738,1798,3704,,,1707299972
12046874,2564,3474,1826,,,1707301438
12046876,2500,2570,,,,1707298251
12046881,2492,3165,3194,,,1707305921
12046884,2782,2059,,,,1707304817
12046885,2270,2549,,,,1707306777
12046879,2479,1937,,,,1707307213
12046883,3325,2398,2559,,,1707314152
12046852,4752,3647,2744,,,1707318890
12046850,2093,2227,,,,1707312594
12046882,2236,2985,,,,1707312026
12051969,2051,2800,,,,1707383623
12051674,3930,2551,,,,1707385491
12051714,3127,2230,,,,1707385032
12051954,3493,2414,2481,,,1707387597
12052260,2242,2400,1821,,,1707386714
12051608,4152,1956,3195,,,1707388078
12051669,4341,2645,,,,1707392711
12051711,2957,2573,,,,1707392288
12046516,4429,4854,,,,1707235075
12046521,3132,4131,2827,,,1707245791
12046514,4198,2020,,,,1707246302
12046512,3634,2311,,,,1707246514
12046519,1820,3966,2179,,,1707252746
12049517,1879,1805,,,,1707313860
12049512,5090,3013,,,,1707317138
12049518,3779,3120,,,,1707315298
12049514,3280,5108,,,,1707312268
12046973,2114,2315,,,,1707320740
12049513,1928,2674,,,,1707321362
12046968,3324,2610,,,,1707324541
12046967,1987,2930,,,,1707326123
12049515,2788,5394,5398,,,1707333493
12049516,1998,2782,,,,1707327968
12046969,2938,5409,,,,1707332968
12052551,4907,3431,3411,,,1707406533
12046971,3953,4754,,,,1707402075
12052333,3805,2658,,,,1707401594
12046903,,,,,,
12048709,2815,4517,4269,,,1707301153
12048710,2228,259,,,,1707296096
12046877,4179,1659,3155,,,1707300200
12050625,,,,,,
12046878,2133,2471,2979,,,1707302182
12048711,2571,2163,,,,1707301117
12046893,3464,2868,,,,1707307610
12046896,3602,2851,,,,1707307679
12048714,2276,2079,,,,1707308427
12048712,1736,4007,2869,,,1707311586
12048713,2657,2842,,,,1707313943
12048707,2409,3274,2973,,,1707317052
12046875,2377,3399,,,,1707313898
12048708,3691,2957,,,,1707318997
12046880,3480,2256,2173,,,1707323397
12048706,2784,2378,,,,1707321117
12051670,2578,2041,,,,1707382312
12052221,1953,1613,,,,1707381840
12051682,2436,1896,,,,1707382320
12052127,3252,1027,,,,1707383489
12052130,1878,3124,,,,1707386168
12051799,1867,2248,,,,1707387105
12052353,2480,4125,2298,,,1707391579
12046886,2037,1903,,,,1707387473
12046492,2632,4635,2274,,,1707248456
12046493,2735,2670,,,,1707242954
12046490,2118,1881,,,,1707246342
12046491,2451,4443,,,,1707248864
12049889,3699,3041,,,,1707322534
12046919,2590,2471,,,,1707321350
12049882,2327,3473,,,,1707320869
12046913,,,,,,
12046907,,,,,,
12049874,2048,3247,,,,1707320317
12049884,2266,1869,,,,1707320740
12049880,3700,1734,,,,1707327671
12046887,3556,2544,,,,1707328103
12049876,3325,1707,2426,,,1707329947
12049881,1795,2440,,,,1707327259
12049886,3879,3629,3569,,,1707334356
12049878,3957,2688,4125,,,1707338565
12049883,2527,2237,,,,1707335824
12046070,2360,3376,,,,1707224143
12046081,4073,1881,,,,1707229380
12046890,1442,2105,,,,1707291218
12048841,2365,1732,,,,1707292036
12048834,3175,4067,4396,,,1707297455
12048836,2456,2269,,,,1707292084
12048833,3056,4819,,,,1707297686
12046895,2688,2719,4517,,,1707300567
12048837,1482,2661,,,,1707296666
12048839,4722,2309,,,,1707302587
12046891,3355,1869,,,,1707303441
12048835,2608,3091,,,,1707302831
12046892,2148,2387,2203,,,1707307252
12048838,2863,3543,,,,1707308788
12048842,1939,2455,,,,1707308699
12051497,1750,3301,,,,1707377938
12051681,4145,3665,,,,1707380460
12046894,,,,,,
12051677,4569,1790,,,,1707386961
12050843,4270,2666,3430,,,1707389187
12051715,3735,1818,2502,,,1707388199
12051694,,,,,,1707385971
12051676,2207,2652,,,,1707390563
12043300,3535,2076,2112,,,1707266887
12043312,2250,2599,,,,1707263190
12043302,1967,3245,,,,1707263147
12043321,2580,2953,,,,1707269537
12043305,2194,3016,,,,1707269078
12043308,3971,2127,,,,1707271181
12043306,1860,3527,,,,1707271586
12043314,2918,3981,2106,,,1707280343
12047510,2074,4309,,,,1707349620
12050322,3142,2506,,,,1707350464
12047477,1959,2677,,,,1707349162
12047478,2386,1763,,,,1707354935
12050443,2080,1922,,,,1707355911
12050331,2786,2445,,,,1707357674
12050338,1881,2105,2618,,,1707365196
12047486,2089,1638,,,,1707363093
12046284,4463,1831,,,,1707231016
12046285,1922,2841,2518,,,1707233569
12046283,3881,4463,,,,1707232743
12046281,2752,3900,,,,1707233188
12046277,2245,1798,2114,,,1707237857
12046280,2909,3310,3401,,,1707243609
12046276,1785,2612,,,,1707239662
12046275,2026,2078,,,,1707240395
12049489,1620,1951,1961,,,1707304289
12049096,3413,3070,3075,,,1707306943
12049335,1736,3242,,,,1707302265
12049540,1858,2989,3056,,,1707309341
12049245,1973,3336,,,,1707308325
12049492,2747,3120,2646,,,1707313059
12049357,1674,2943,,,,1707312599
12049021,3311,1513,,,,1707316636
12052157,2662,2567,2592,,,1707392291
12051797,1726,2487,,,,1707388523
12052002,2037,2937,,,,1707393929
12052003,3446,1511,1653,,,1707400977
12046373,3002,4195,,,,1707224862
12046374,4201,2194,4478,,,1707238835
12046380,3524,3487,,,,1707237129
12046371,1779,349,,,,1707245804
12046945,3392,2022,,,,1707309370
12046940,3042,2292,,,,1707313621
12046964,2338,2520,,,,1707313191
12046966,4141,1672,,,,1707316143
12046960,1718,2486,,,,1707317978
12046961,1865,2316,,,,1707318543
12046963,4428,4763,3723,,,1707328107
12046965,2492,2142,2106,,,1707326480
12046951,3266,2175,1903,,,1707330909
12049526,2561,4408,,,,1707389381
12052020,2785,3956,3064,,,1707394056
12051803,1760,2998,3760,,,1707399340
12052488,3312,3709,,,,1707401838
12052255,1676,1902,,,,1707401709
12046583,1955,2203,,,,1707248762
12046576,4365,3415,,,,1707250938
12046582,1786,1827,,,,1707248449
12046579,2121,1835,,,,1707253327
12046573,2451,2870,2720,,,1707257160
12046577,3844,2825,,,,1707259604
12046580,2716,1747,1981,,,1707264576
12046578,4125,2981,,,,1707279803
12046857,1319,1957,,,,1707334388
12046869,1864,1943,,,,1707334844
12046858,2127,1729,,,,1707334963
12046861,1987,2665,2218,,,1707342107
12046859,4479,3493,1569,,,1707347135
12046864,1717,2507,,,,1707339711
12046868,1434,2095,,,,1707348877
12046862,3689,3761,,,,1707355762
12048609,2906,2439,,,,1707298092
12046956,2619,2326,,,,1707297772
12046949,2569,2779,,,,1707297751
12046952,1772,1540,2200,,,1707299558
12046943,2613,3069,,,,1707304228
12046933,2220,2741,,,,1707303773
12048611,2234,3549,,,,1707303848
12048606,1768,2008,,,,1707309191
12048608,3394,3148,,,,1707311507
12048610,2483,1354,,,,1707311562
12048607,1885,3954,,,,1707314107
12046953,1836,2048,,,,1707315838
12048605,2813,1992,,,,1707318239
12048604,1397,1365,,,,1707318518
12051955,3228,2310,,,,1707385016
12051706,2891,2595,,,,1707390172
12052222,3403,2303,,,,1707391831
12052156,2934,3911,,,,1707392524
12052219,2625,2409,3032,,,1707396710
12052141,3391,2297,,,,1707395893
12051802,2318,2237,,,,1707398563
12051702,2950,1980,,,,1707400078
12048804,1746,2600,,,,1707293373
12048799,5059,861,,,,1707296876
12048807,2955,2289,,,,1707294569
12048794,2445,2395,,,,1707294090
12048797,2079,2490,,,,1707299062
12048803,3818,3096,,,,1707301559
12048793,2472,3531,,,,1707301467
12048792,1661,2992,,,,1707304056
12048806,2116,3809,3047,,,1707311896
12048796,2094,4341,2373,,,1707312187
12048795,1893,2144,3983,,,1707312214
12048798,1900,4115,,,,1707317267
12048805,1612,2432,1847,,,1707320216
12048800,3301,2219,,,,1707320290
12048802,3597,2846,1668,,,1707326537
12048801,2173,1826,,,,1707324179
12052281,2279,2598,2935,,,1707385164
12050982,5565,2684,,,,1707385529
12051020,1809,2014,,,,1707382206
12052367,3091,2437,,,,1707388603
12051678,3255,5138,,,,1707392310
12052382,,,,,,1707388909
12052261,2114,1893,,,,1707393927
12051970,4484,3814,,,,1707402598
12046540,2515,2848,,,,1707236325
12046543,4351,5475,,,,1707244230
12046536,3779,3109,,,,1707245168
12046537,2692,1926,2903,,,1707246534
12046538,2283,4049,2685,,,1707256078
12049895,3359,2469,,,,1707318179
12049904,1872,1999,,,,1707316693
12049896,2377,2680,2418,,,1707320372
12046847,2067,2727,,,,1707317710
12049903,2359,3227,,,,1707317317
12049897,3089,3479,,,,1707326863
12046849,4016,4168,2909,,,1707330464
12049898,3859,3828,1759,,,1707329890
12049905,1848,2821,,,,1707323558
12046853,2247,2445,,,,1707325933
12046854,1958,,,,,1707334678
12049566,2851,3517,3354,,,1707408061
12052448,2796,2491,,,,1707403966
12046507,1919,2230,,,,1707223473
12046503,2229,3604,1103,,,1707227497
12046511,3957,2127,,,,1707226701
12046510,4915,2741,,,,1707226792
12046513,,,,,,1707227521
12046506,1941,2636,1401,,,1707235044
12046509,3505,2705,,,,1707234457
12046508,3019,4592,2557,,,1707238548
12042798,,,,,,
12042799,,,,,,
12042792,,,,,,
12042790,,,,,,
12042801,,,,,,
12042796,,,,,,
12042800,,,,,,
12042795,,,,,,
12049887,,,,,,
12049891,,,,,,
12049888,,,,,,
12049890,,,,,,
12049879,,,,,,
12049875,,,,,,
12049877,,,,,,
12049885,,,,,,
12046534,2152,4165,750,,,1707234629
12046535,4914,4914,,,,1707233685
12046531,1755,1701,,,,1707230113
12046533,2056,3154,,,,1707230658
12046530,1654,2057,,,,1707230182
12046532,2103,2363,,,,1707235994
12046528,3867,2619,1069,,,1707241410
12046529,2466,2179,,,,1707239161
12017962,1985,3105,,,,1707327787
12017966,4830,4481,,,,1707337685
12017975,3282,3603,,,,1707346854
12017968,4715,3242,,,,1707356758
12017973,1481,2396,,,,1707413622
12018509,2607,2575,,,,1707332028
12046787,2267,4000,,,,1707331761
12018510,2557,2118,,,,1707338221
12040232,2646,3269,,,,1707339331
12018498,1986,1804,,,,1707356509
12018499,2756,2720,,,,1707362167
12018512,2376,3363,,,,1707418050
12018508,1848,2226,,,,1707424464
12018501,2195,2400,,,,1707443213
12018506,,,,,,1707445731
12018534,2783,2215,,,,1707310201
12038858,3012,2544,,,,1707312466
12038856,1718,2989,,,,1707317758
12018543,2090,2479,,,,1707327746
12018529,2084,2107,2101,,,1707335780
12018536,2572,3123,,,,1707396601
12018531,2387,2902,,,,1707398281
12018530,2136,3276,,,,1707404509
12018535,1854,2070,,,,1707413886
12018541,3285,3524,,,,1707420436
12018533,1766,2387,,,,1707487652
12018679,2457,2125,,,,1707320286
12018677,2899,1774,,,,1707326328
12018667,2513,475,,,,1707385849
12018670,1545,2527,,,,1707389713
12018669,2568,2943,2745,,,1707403201
12018665,3177,3056,,,,1707410051
12018676,2962,3290,,,,1707472693
12018672,1190,2639,,,,1707478120
12018671,2345,3085,,,,1707486418
12018700,1580,2143,2906,,,1707316803
12018696,4576,3764,1977,,,1707330424
12018699,2885,3612,,,,1707336184
12018706,3147,3621,2736,,,1707390099
12018709,1752,4082,1020,,,1707399586
12018707,1644,1953,,,,1707403223
12018695,3244,1601,,,,1707411755
12018705,1494,1869,,,,1707415771
12018698,2860,2977,,,,1707483370
12018701,2314,3562,,,,1707489576
12054734,1937,2421,1925,,,1707478358
12054727,3416,2598,,,,1707476940
12054730,2198,1858,,,,1707475694
12054732,3018,2615,,,,1707476338
12054741,1846,2495,4540,,,1707482743
12054729,1562,2617,1743,,,1707483939
12054738,1259,1242,,,,1707481578
12054739,3492,2940,,,,1707484543
12054740,3184,3146,3219,,,1707490065
12054728,3148,1879,,,,1707489736
12018578,2181,2914,,,,1707349375
12018577,2275,2809,,,,1707349751
12018585,2141,2333,2650,,,1707357646
12018582,2178,2721,2200,,,1707358156
12018574,1859,2596,3814,,,1707445461
12018588,3693,2904,,,,1707446848
12018575,1441,2003,2993,,,1707453473
12018580,1759,2538,,,,1707452483
12018630,2059,1848,2514,,,1707314179
12018631,1334,2747,2696,,,1707389299
12018621,2714,2116,2864,,,1707390331
12018622,2983,4691,,,,1707392209
12018628,3636,3001,,,,1707397785
12018626,2751,2378,,,,1707474578
12018624,3460,2378,,,,1707480344
12018623,5146,2334,2625,,,1707485550
12018652,2603,2713,,,,1707315762
12046125,2875,1667,,,,1707319369
12018644,3414,2600,2178,,,1707324002
12039977,2559,1990,2816,,,1707324061
12018649,2925,3767,2374,,,1707402692
12018655,3631,2011,,,,1707402037
12018656,2524,2560,2732,,,1707410253
12018648,2152,2577,,,,1707414240
12018654,3861,2068,,,,1707481032
12018651,3435,3201,,,,1707480315
12018643,1918,2572,,,,1707486305
12018721,2715,2917,3046,,,1707315016
12018723,2480,1940,,,,1707380474
12018728,2399,3237,3088,,,1707387117
12018732,4617,3414,2662,,,1707396663
12018722,1436,2524,3074,,,1707404110
12018734,,,,,,1707413697
12018726,1937,2084,,,,1707471664
12018730,2593,2096,,,,1707479438
12018720,2216,1516,,,,1707486169
12050880,2998,2939,,,,1707378970
12051679,3204,2962,,,,1707379331
12049155,3345,3050,6140,,,1707382772
12051584,3207,2870,5466,,,1707382371
12051498,3482,2490,5623,,,1707382119
12051707,4076,4333,,,,1707386376
12051815,2361,1342,,,,1707390843
12050981,4420,1420,,,,1707393208
12053865,76450,2620,81755,,,1707475914
12054313,1736,76899,2323,,,1707552342
12046922,,,,,,1707311216
12046920,2135,2977,,,,1707312610
12049189,2619,2279,,,,1707313919
12046923,,,,,,
12046918,3045,1475,2645,,,1707320588
12046930,3420,2861,,,,1707320099
12046916,2814,3599,4805,,,1707323592
12046926,2542,2627,,,,1707326500
12046921,2293,2549,,,,1707331679
12052312,2138,2111,,,,1707389279
12052307,3583,2496,,,,1707390656
12052429,3530,1906,,,,1707395850
12051795,2754,2694,,,,1707396672
12051817,2596,3118,,,,1707400563
12052052,,,,,,1707397865
12049551,,,,,,1707398130
12052502,3256,2377,2329,,,1707408678
12054633,2172,2136,2695,,,1707477799
12054784,2462,4010,2733,,,1707479821
12054651,3693,2336,2571,,,1707487367
12054552,1899,2096,,,,1707485514
12049059,2798,2435,,,,1707312009
12051680,2694,2377,2265,,,1707387202
12051939,1884,2069,,,,1707383421
12051630,3033,2602,2457,,,1707387183
12051708,2055,5286,,,,1707383645
12051796,2405,3235,,,,1707383900
12052126,2446,2036,3743,,,1707386273
12052220,1906,2819,,,,1707390609
12048849,2257,3094,3573,,,1707396552
12054299,2888,5524,1056,,,1707476981
12054402,2539,3466,5035,,,1707474056
12054302,2055,2631,,,,1707481664
12054559,3838,2,,,,1707484137
12046883,3325,2398,2559,,,1707314152
12046852,4752,3647,2744,,,1707318890
12046850,2093,2227,,,,1707312594
12046882,2236,2985,,,,1707312026
12051969,2051,2800,,,,1707383623
12051674,3930,2551,,,,1707385491
12051714,3127,2230,,,,1707385032
12051954,3493,2414,2481,,,1707387597
12052260,2242,2400,1821,,,1707386714
12051608,4152,1956,3195,,,1707388078
12051669,4341,2645,,,,1707392711
12051711,2957,2573,,,,1707392288
12054328,2129,2296,,,,1707472071
12054435,5791,8396,,,,1707471189
12054304,2773,2730,3106,,,1707475253
12054429,2853,4508,,,,1707478478
12049517,1879,1805,,,,1707313860
12049512,5090,3013,,,,1707317138
12049518,3779,3120,,,,1707315298
12049514,3280,5108,,,,1707312268
12046973,2114,2315,,,,1707320740
12049513,1928,2674,,,,1707321362
12046968,3324,2610,,,,1707324541
12046967,1987,2930,,,,1707326123
12049515,2788,5394,5398,,,1707333493
12049516,1998,2782,,,,1707327968
12046969,2938,5409,,,,1707332968
12052551,4907,3431,3411,,,1707406533
12046971,3953,4754,,,,1707402075
12052333,3805,2658,,,,1707401594
12052428,2227,3301,,,,1707403721
12052554,2602,2349,3395,,,1707410543
12049550,3065,2724,4277,,,1707414332
12052175,2888,3562,5265,,,1707417853
12052439,3299,2292,,,,1707423518
12048713,2657,2842,,,,1707313943
12048707,2409,3274,2973,,,1707317052
12046875,2377,3399,,,,1707313898
12048708,3691,2957,,,,1707318997
12046880,3480,2256,2173,,,1707323397
12048706,2784,2378,,,,1707321117
12051670,2578,2041,,,,1707382312
12052221,1953,1613,,,,1707381840
12051682,2436,1896,,,,1707382320
12052127,3252,1027,,,,1707383489
12052130,1878,3124,,,,1707386168
12051799,1867,2248,,,,1707387105
12052353,2480,4125,2298,,,1707391579
12046886,2037,1903,,,,1707387473
12054300,1755,2416,,,,1707467921
12053941,2179,2460,2646,,,1707470883
12054419,2070,2849,,,,1707468164
12054289,2019,3469,1779,,,1707471875
12049889,3699,3041,,,,1707322534
12046919,2590,2471,,,,1707321350
12049882,2327,3473,,,,1707320869
12046913,,,,,,
12046907,,,,,,
12049874,2048,3247,,,,1707320317
12049884,2266,1869,,,,1707320740
12049880,3700,1734,,,,1707327671
12046887,3556,2544,,,,1707328103
12049876,3325,1707,2426,,,1707329947
12049881,1795,2440,,,,1707327259
12049886,3879,3629,3569,,,1707334356
12049878,3957,2688,4125,,,1707338565
12049883,2527,2237,,,,1707335824
12052481,2442,3160,5754,,,1707410754
12052436,2977,2282,,,,1707407658
12052614,2775,3293,,,,1707407691
12052354,1831,1360,,,,1707407359
12052547,2609,2620,,,,1707412478
12052321,2513,1290,,,,1707413418
12049599,4151,2821,3281,,,1707419004
12046889,2416,4848,,,,1707419917
12051497,1750,3301,,,,1707377938
12051681,4145,3665,,,,1707380460
12046894,,,,,,
12051677,4569,1790,,,,1707386961
12050843,4270,2666,3430,,,1707389187
12051715,3735,1818,2502,,,1707388199
12051694,,,,,,1707385971
12051676,2207,2652,,,,1707390563
12054403,2170,80162,81551,,,1707476051
12054312,86389,2069,,,,1707559667
12047510,2074,4309,,,,1707349620
12050322,3142,2506,,,,1707350464
12047477,1959,2677,,,,1707349162
12047478,2386,1763,,,,1707354935
12050443,2080,1922,,,,1707355911
12050331,2786,2445,,,,1707357674
12050338,1881,2105,2618,,,1707365196
12047486,2089,1638,,,,1707363093
12053221,2641,3570,,,,1707436752
12053231,2773,1560,,,,1707436825
12053214,3105,2094,2934,,,1707439535
12053258,2497,2311,,,,1707443895
12049357,1674,2943,,,,1707312599
12049021,3311,1513,,,,1707316636
12052157,2662,2567,2592,,,1707392291
12051797,1726,2487,,,,1707388523
12052002,2037,2937,,,,1707393929
12052003,3446,1511,1653,,,1707400977
12054591,2813,1543,4147,,,1707479270
12054428,1386,1501,,,,1707476907
12046940,3042,2292,,,,1707313621
12046964,2338,2520,,,,1707313191
12046966,4141,1672,,,,1707316143
12046960,1718,2486,,,,1707317978
12046961,1865,2316,,,,1707318543
12046963,4428,4763,3723,,,1707328107
12046965,2492,2142,2106,,,1707326480
12046951,3266,2175,1903,,,1707330909
12049526,2561,4408,,,,1707389381
12052020,2785,3956,3064,,,1707394056
12051803,1760,2998,3760,,,1707399340
12052488,3312,3709,,,,1707401838
12052255,1676,1902,,,,1707401709
12052001,2424,3378,,,,1707406159
12052140,1839,2041,,,,1707408136
12052426,3542,3730,,,,1707420004
12046857,1319,1957,,,,1707334388
12046869,1864,1943,,,,1707334844
12046858,2127,1729,,,,1707334963
12046861,1987,2665,2218,,,1707342107
12046859,4479,3493,1569,,,1707347135
12046864,1717,2507,,,,1707339711
12046868,1434,2095,,,,1707348877
12046862,3689,3761,,,,1707355762
12052761,3416,4390,,,,1707422756
12049729,1872,2446,,,,1707421291
12052534,2880,2937,,,,1707422239
12052684,2263,2687,,,,1707426932
12052535,3722,3444,,,,1707429844
12053206,1662,2084,,,,1707429668
12050318,2121,1928,,,,1707436254
12053218,3230,2292,,,,1707443986
12048608,3394,3148,,,,1707311507
12048610,2483,1354,,,,1707311562
12048607,1885,3954,,,,1707314107
12046953,1836,2048,,,,1707315838
12048605,2813,1992,,,,1707318239
12048604,1397,1365,,,,1707318518
12051955,3228,2310,,,,1707385016
12051706,2891,2595,,,,1707390172
12052222,3403,2303,,,,1707391831
12052156,2934,3911,,,,1707392524
12052219,2625,2409,3032,,,1707396710
12052141,3391,2297,,,,1707395893
12051802,2318,2237,,,,1707398563
12051702,2950,1980,,,,1707400078
12054581,2609,1896,2341,,,1707474302
12054502,1516,3970,,,,1707478993
12054557,2753,2979,,,,1707482690
12054583,1887,3049,,,,1707483031
12048795,1893,2144,3983,,,1707312214
12048798,1900,4115,,,,1707317267
12048805,1612,2432,1847,,,1707320216
12048800,3301,2219,,,,1707320290
12048802,3597,2846,1668,,,1707326537
12048801,2173,1826,,,,1707324179
12052281,2279,2598,2935,,,1707385164
12050982,5565,2684,,,,1707385529
12051020,1809,2014,,,,1707382206
12052367,3091,2437,,,,1707388603
12051678,3255,5138,,,,1707392310
12052382,,,,,,1707388909
12052261,2114,1893,,,,1707393927
12051970,4484,3814,,,,1707402598
12054479,3111,4795,,,,1707469630
12054311,4120,4143,2137,,,1707474673
12054437,1840,4070,2541,,,1707472574
12054690,1666,2694,,,,1707476798
12049895,3359,2469,,,,1707318179
12049904,1872,1999,,,,1707316693
12049896,2377,2680,2418,,,1707320372
12046847,2067,2727,,,,1707317710
12049903,2359,3227,,,,1707317317
12049897,3089,3479,,,,1707326863
12046849,4016,4168,2909,,,1707330464
12049898,3859,3828,1759,,,1707329890
12049905,1848,2821,,,,1707323558
12046853,2247,2445,,,,1707325933
12046854,1958,,,,,1707334678
12049566,2851,3517,3354,,,1707408061
12052448,2796,2491,,,,1707403966
12052556,3288,3044,2155,,,1707407731
12052418,5119,2275,,,,1707406892
12052259,2131,4622,3088,,,1707414450
12052550,1762,2606,,,,1707411813
12052498,3201,4681,,,,1707414594
12052254,1809,2672,2403,,,1707417321
12017973,1481,2396,,,,1707413622
12017963,9120,1984,75136,,,1707419271
12017967,2845,2143,2738,,,1707500919
12017971,3182,4143,2482,,,1707507673
12017970,3176,2865,,,,1707508642
12017965,4299,4079,,,,1707517296
12017964,3676,2213,,,,1707516585
12017974,2407,1493,,,,1707524971
12018512,2376,3363,,,,1707418050
12018508,1848,2226,,,,1707424464
12018501,2195,2400,,,,1707443213
12018506,,,,,,1707445731
12018504,2895,2384,,,,1707512269
12018502,3186,2859,2714,,,1707522030
12018505,1446,2387,,,,1707528806
12018511,1936,976,,,,1707534471
12018536,2572,3123,,,,1707396601
12018531,2387,2902,,,,1707398281
12018530,2136,3276,,,,1707404509
12018535,1854,2070,,,,1707413886
12018541,3285,3524,,,,1707420436
12018533,1766,2387,,,,1707487652
12018542,1627,2134,,,,1707492733
12018532,1862,1826,,,,1707500353
12018540,2181,3016,,,,1707505410
12018669,2568,2943,2745,,,1707403201
12018665,3177,3056,,,,1707410051
12018676,2962,3290,,,,1707472693
12018672,1190,2639,,,,1707478120
12018671,2345,3085,,,,1707486418
12018675,1943,2495,,,,1707492537
12018678,2401,3328,4999,,,1707569060
12018707,1644,1953,,,,1707403223
12018695,3244,1601,,,,1707411755
12018705,1494,1869,,,,1707415771
12018698,2860,2977,,,,1707483370
12018701,2314,3562,,,,1707489576
12018697,2916,4624,4937,,,1707502431
12018703,1895,1768,,,,1707510259
12018704,3712,2857,3813,,,1707577079
12056840,2833,3775,,,,1707562609
12056841,1338,2647,,,,1707563092
12056846,2319,1785,,,,1707569369
12056847,3238,2464,,,,1707570494
12056844,2999,2858,,,,1707575089
12056845,2238,1652,,,,1707576169
12054734,1937,2421,1925,,,1707478358
12054727,3416,2598,,,,1707476940
12054730,2198,1858,,,,1707475694
12054732,3018,2615,,,,1707476338
12054741,1846,2495,4540,,,1707482743
12054729,1562,2617,1743,,,1707483939
12054738,1259,1242,,,,1707481578
12054739,3492,2940,,,,1707484543
12054740,3184,3146,3219,,,1707490065
12054728,3148,1879,,,,1707489736
12054731,,,,,,
12054736,3745,3690,,,,1707491875
12054737,,,,,,
12056233,2672,5011,,,,1707491048
12056563,2540,2816,,,,1707494820
12054733,4205,2908,,,,1707498277
12054735,2893,4101,3456,,,1707503409
12056234,2214,2388,,,,1707499006
12056746,3379,2257,2541,,,1707565423
12056624,2037,2411,,,,1707561826
12056521,1612,1745,,,,1707561418
12056522,1649,1636,,,,1707561307
12056784,2716,3444,,,,1707566541
12056796,2919,2318,2577,,,1707569187
12056893,3238,3404,,,,1707570287
12056747,1624,4434,,,,1707570252
12018574,1859,2596,3814,,,1707445461
12018588,3693,2904,,,,1707446848
12018575,1441,2003,2993,,,1707453473
12018580,1759,2538,,,,1707452483
12018587,2496,2444,,,,1707529688
12018576,2201,1244,,,,1707535535
12018628,3636,3001,,,,1707397785
12018626,2751,2378,,,,1707474578
12018624,3460,2378,,,,1707480344
12018623,5146,2334,2625,,,1707485550
12018620,2801,2599,2003,,,1707494656
12018627,3137,3527,,,,1707561210
12018633,3567,2995,3938,,,1707572672
12018649,2925,3767,2374,,,1707402692
12018655,3631,2011,,,,1707402037
12018656,2524,2560,2732,,,1707410253
12018648,2152,2577,,,,1707414240
12018654,3861,2068,,,,1707481032
12018651,3435,3201,,,,1707480315
12018643,1918,2572,,,,1707486305
12018647,3074,2272,,,,1707493514
12018645,2658,1991,,,,1707565846
12018657,2484,3222,,,,1707571134
12018722,1436,2524,3074,,,1707404110
12018734,,,,,,1707413697
12018726,1937,2084,,,,1707471664
12018730,2593,2096,,,,1707479438
12018720,2216,1516,,,,1707486169
12018725,2498,3810,,,,1707558415
12018724,2786,1985,,,,1707566241
12053865,76450,2620,81755,,,1707475914
12054313,1736,76899,2323,,,1707552342
12054355,2021,2736,3127,,,1707556055
12054420,3103,2087,2370,,,1707555169
12058095,,,,,,
12058236,,,,,,
12051795,2754,2694,,,,1707396672
12051817,2596,3118,,,,1707400563
12052052,,,,,,1707397865
12049551,,,,,,1707398130
12052502,3256,2377,2329,,,1707408678
12054633,2172,2136,2695,,,1707477799
12054784,2462,4010,2733,,,1707479821
12054651,3693,2336,2571,,,1707487367
12054552,1899,2096,,,,1707485514
12056494,,,,,,
12056615,1589,3022,,,,1707569150
12054299,2888,5524,1056,,,1707476981
12054402,2539,3466,5035,,,1707474056
12054302,2055,2631,,,,1707481664
12054559,3838,2,,,,1707484137
12056390,3829,1505,3901,,,1707567262
12056577,4176,4929,,,,1707565844
12054328,2129,2296,,,,1707472071
12054435,5791,8396,,,,1707471189
12054304,2773,2730,3106,,,1707475253
12054429,2853,4508,,,,1707478478
12056393,5296,7198,5340,,,1707571561
12056498,2985,2423,7512,,,1707564538
12052551,4907,3431,3411,,,1707406533
12046971,3953,4754,,,,1707402075
12052333,3805,2658,,,,1707401594
12052428,2227,3301,,,,1707403721
12052554,2602,2349,3395,,,1707410543
12049550,3065,2724,4277,,,1707414332
12052175,2888,3562,5265,,,1707417853
12052439,3299,2292,,,,1707423518
12054762,1997,2718,2866,,,1707492803
12055232,2752,3655,2891,,,1707498546
12054845,4783,2216,4411,,,1707502375
12055123,4024,3069,,,,1707501771
12056823,4198,3494,3410,,,1707578382
12054300,1755,2416,,,,1707467921
12053941,2179,2460,2646,,,1707470883
12054419,2070,2849,,,,1707468164
12054289,2019,3469,1779,,,1707471875
12056235,2270,1915,,,,1707554855
12056239,2734,4617,,,,1707555272
12052481,2442,3160,5754,,,1707410754
12052436,2977,2282,,,,1707407658
12052614,2775,3293,,,,1707407691
12052354,1831,1360,,,,1707407359
12052547,2609,2620,,,,1707412478
12052321,2513,1290,,,,1707413418
12049599,4151,2821,3281,,,1707419004
12046889,2416,4848,,,,1707419917
12055215,3001,2705,,,,1707498760
12054861,2451,2939,,,,1707497330
12055119,2534,2599,4446,,,1707500607
12054931,4418,4002,2620,,,1707503507
12054403,2170,80162,81551,,,1707476051
12054312,86389,2069,,,,1707559667
12053932,3403,2557,,,,1707554895
12054269,,,,,,1707558680
12058097,,,,,,
12058286,,,,,,
12053221,2641,3570,,,,1707436752
12053231,2773,1560,,,,1707436825
12053214,3105,2094,2934,,,1707439535
12053258,2497,2311,,,,1707443895
12055836,2200,2078,,,,1707523954
12055783,1935,1718,2214,,,1707525711
12052003,3446,1511,1653,,,1707400977
12054591,2813,1543,4147,,,1707479270
12054428,1386,1501,,,,1707476907
12056503,2123,3452,,,,1707563558
12051803,1760,2998,3760,,,1707399340
12052488,3312,3709,,,,1707401838
12052255,1676,1902,,,,1707401709
12052001,2424,3378,,,,1707406159
12052140,1839,2041,,,,1707408136
12052426,3542,3730,,,,1707420004
12054632,2055,1827,,,,1707490400
12054770,2637,585,,,,1707493364
12054601,2910,2199,,,,1707499948
12055122,1346,3470,3645,,,1707504228
12056915,2193,2258,4486,,,1707577775
12052761,3416,4390,,,,1707422756
12049729,1872,2446,,,,1707421291
12052534,2880,2937,,,,1707422239
12052684,2263,2687,,,,1707426932
12052535,3722,3444,,,,1707429844
12053206,1662,2084,,,,1707429668
12050318,2121,1928,,,,1707436254
12053218,3230,2292,,,,1707443986
12055265,1949,1863,,,,1707513434
12055342,2473,1531,2575,,,1707515385
12055835,2690,4144,2331,,,1707526146
12055771,3947,4358,2371,,,1707538001
12051802,2318,2237,,,,1707398563
12051702,2950,1980,,,,1707400078
12054581,2609,1896,2341,,,1707474302
12054502,1516,3970,,,,1707478993
12054557,2753,2979,,,,1707482690
12054583,1887,3049,,,,1707483031
12056538,2956,2458,,,,1707566784
12056525,1783,5549,,,,1707565468
12051970,4484,3814,,,,1707402598
12054479,3111,4795,,,,1707469630
12054311,4120,4143,2137,,,1707474673
12054437,1840,4070,2541,,,1707472574
12054690,1666,2694,,,,1707476798
12056394,2756,2754,4078,,,1707558659
12056307,1422,3756,,,,1707554072
12049566,2851,3517,3354,,,1707408061
12052448,2796,2491,,,,1707403966
12052556,3288,3044,2155,,,1707407731
12052418,5119,2275,,,,1707406892
12052259,2131,4622,3088,,,1707414450
12052550,1762,2606,,,,1707411813
12052498,3201,4681,,,,1707414594
12052254,1809,2672,2403,,,1707417321
12054970,2565,1702,,,,1707494084
12055042,3024,3608,,,,1707494331
12055041,2067,398,,,,1707493750
12054752,3858,286,,,,1707503243
12058879,,,,,,
12058854,,,,,,
12058867,,,,,,
12058882,,,,,,
12058853,,,,,,
12058863,,,,,,
12058872,,,,,,
12058869,,,,,,
12058883,,,,,,
12058868,,,,,,
12058878,,,,,,
12058862,,,,,,
12058875,,,,,,
12058861,,,,,,
12058857,,,,,,
12058870,,,,,,
12058880,,,,,,
12058856,,,,,,
12058881,,,,,,
12058860,,,,,,
12059127,2017,3728,2366,,,1707650043
12059129,2263,2639,2761,,,1707649292
12059126,2122,5663,,,,1707655017
12059124,2536,2789,,,,1707655995
12059132,3323,2182,,,,1707663213
12058791,,,,,,
12058795,,,,,,
12058776,,,,,,
12058786,,,,,,
12058785,,,,,,
12058774,,,,,,
12058752,,,,,,
12058780,,,,,,
12058764,,,,,,
12058760,,,,,,
12058755,,,,,,
12058758,,,,,,
12058756,,,,,,
12058757,,,,,,
12058766,,,,,,
12058777,,,,,,
12058771,,,,,,
12058784,,,,,,
12058747,,,,,,
12058754,,,,,,
12058793,,,,,,
12058919,,,,,,
12058945,,,,,,
12058935,,,,,,
12058920,,,,,,
12058921,,,,,,
12058943,,,,,,
12058931,,,,,,
12058942,,,,,,
12058944,,,,,,
12058934,,,,,,
12058941,,,,,,
12058928,,,,,,
12058937,,,,,,
12058926,,,,,,
12058939,,,,,,
12058929,,,,,,
12058917,,,,,,
12058936,,,,,,
12058922,,,,,,
12058930,,,,,,
12058927,,,,,,
12058924,,,,,,
12058915,,,,,,
12058940,,,,,,
12060176,,,,,,
12058938,,,,,,
12058933,,,,,,
12058932,,,,,,
12058916,,,,,,
12058914,,,,,,
12058925,,,,,,
12058923,,,,,,
12058918,,,,,,
12059167,,,,,,
12059166,,,,,,
12059168,,,,,,
12059189,,,,,,
12059199,,,,,,
12059163,,,,,,
12059191,,,,,,
12059195,,,,,,
12059190,,,,,,
12059170,,,,,,
12059196,,,,,,
12059185,,,,,,
12059511,,,,,,
12059498,,,,,,
12059504,,,,,,
12059505,,,,,,
12059502,,,,,,
12059501,,,,,,
12061339,,,,,,
12059503,,,,,,
12059111,,,,,,1707646536
12059115,1277,2767,,,,1707647353
12059117,1511,4652,,,,1707647536
12059116,2515,2248,,,,1707648650
12059112,1479,1804,,,,1707652248
12059120,3523,2103,2412,,,1707657525
12059108,2413,4674,1508,,,1707658912
12059109,383,1979,,,,1707656390
12060788,,,,,,
12059119,,,,,,
12059110,2074,2568,,,,1707661619
12058835,,,,,,
12058838,,,,,,
12058844,,,,,,
12058845,,,,,,
12058833,,,,,,
12058842,,,,,,
12058834,,,,,,
12058830,,,,,,
12058839,,,,,,
12058843,,,,,,
12058841,,,,,,
12058837,,,,,,
12058840,,,,,,
12058832,,,,,,
12058831,,,,,,
12058836,,,,,,
12055042,3024,3608,,,,1707494331
12055041,2067,398,,,,1707493750
12054752,3858,286,,,,1707503243
12056830,2244,2091,,,,1707580104
12056757,2026,1769,,,,1707585239
12058745,,,,,,
12058762,,,,,,
12058769,,,,,,
12060682,,,,,,
12058749,,,,,,
12058767,,,,,,
12058761,,,,,,
12058796,,,,,,
12058751,,,,,,
12058770,,,,,,
12058763,,,,,,
12058779,,,,,,
12058778,,,,,,
12058789,,,,,,
12058773,,,,,,
12058787,,,,,,
12058753,,,,,,
12058775,,,,,,
12058792,,,,,,
12058768,,,,,,
12058759,,,,,,
12058772,,,,,,
12058797,,,,,,
12058794,,,,,,
12058783,,,,,,
12058782,,,,,,
12058765,,,,,,
12058790,,,,,,
12058750,,,,,,
12058781,,,,,,
12058748,,,,,,
12058788,,,,,,
12058746,,,,,,
12059088,,,,,,
12059091,,,,,,
12059096,,,,,,
12059094,,,,,,
12059076,,,,,,
12059083,,,,,,
12059090,,,,,,
12059084,,,,,,
12059081,,,,,,
12059097,,,,,,
12059080,,,,,,
12059086,,,,,,
12059093,,,,,,
12059073,,,,,,
12059071,,,,,,
12059079,,,,,,
12059070,,,,,,
12059082,,,,,,
12059095,,,,,,
12059077,,,,,,
12059074,,,,,,
12059085,,,,,,
12059068,,,,,,
12059092,,,,,,
12059078,,,,,,
12059087,,,,,,
12059066,,,,,,
12059069,,,,,,
12059067,,,,,,
12059072,,,,,,
12059089,,,,,,
12059159,,,,,,
12059169,,,,,,
12059184,,,,,,
12059161,,,,,,
12059178,,,,,,
12059174,,,,,,
12059158,,,,,,
12059173,,,,,,
12059186,,,,,,
12059201,,,,,,
12059165,,,,,,
12059164,,,,,,
12059200,,,,,,
12059182,,,,,,
12059181,,,,,,
12059187,,,,,,
12059180,,,,,,
12059192,,,,,,
12059175,,,,,,
12059198,,,,,,
12059188,,,,,,
12059204,,,,,,
12059197,,,,,,
12059172,,,,,,
12059202,,,,,,
12059160,,,,,,
12059179,,,,,,
12059203,,,,,,
12059162,,,,,,
12059177,,,,,,
12059193,,,,,,
12059176,,,,,,
12058908,1518,2116,,,,1707643807
12058897,1458,2530,,,,1707643796
12058895,1772,2225,,,,1707644160
12058900,1622,1690,,,,1707643919
12058899,3520,2782,838,,,1707649038
12058905,,,,,,
12058907,,,,,,
12058904,1842,2321,,,,1707648103
12058901,3252,2611,,,,1707650205
12058902,1749,1780,1183,,,1707650694
12058896,2510,2500,1121,,,1707652032
12058898,,,,,,
12060163,,,,,,
12058894,2327,2352,,,,1707654117
12058909,2620,1792,,,,1707655045
12058903,2230,2828,1146,,,1707659047
12058906,2192,2300,711,,,1707658351
12060754,,,,,,
12060517,,,,,,
12060755,,,,,,
12060681,,,,,,
12060680,,,,,,
12058877,,,,,,
12058876,,,,,,
12058852,,,,,,
12058865,,,,,,
12058859,,,,,,
12058873,,,,,,
12058858,,,,,,
12059226,2297,3171,,,,1707656699
12059218,2746,2146,,,,1707657346
12059224,2512,3488,,,,1707660673
12018720,2216,1516,,,,1707486169
12018725,2498,3810,,,,1707558415
12018724,2786,1985,,,,1707566241
12018729,3346,3673,1955,,,1707666429
12053865,76450,2620,81755,,,1707475914
12054313,1736,76899,2323,,,1707552342
12054355,2021,2736,3127,,,1707556055
12054420,3103,2087,2370,,,1707555169
12058095,,,,,,
12058236,,,,,,
12058407,2440,2853,,,,1707649001
12054651,3693,2336,2571,,,1707487367
12054552,1899,2096,,,,1707485514
12056494,,,,,,
12056615,1589,3022,,,,1707569150
12058489,2487,2584,2601,,,1707660804
12056390,3829,1505,3901,,,1707567262
12056577,4176,4929,,,,1707565844
12058408,2398,3639,,,,1707645016
12056393,5296,7198,5340,,,1707571561
12056498,2985,2423,7512,,,1707564538
12058576,2329,2846,,,,1707645163
12058377,1372,2346,,,,1707619118
12058360,1974,3509,883,,,1707622851
12058375,1473,2635,,,,1707623274
12058365,2900,1690,,,,1707626000
12058369,2418,3211,,,,1707626258
12058355,2236,2208,,,,1707626805
12058358,1382,2385,,,,1707626905
12058354,2368,2774,,,,1707631137
12058367,2089,3864,,,,1707632115
12058357,2050,2946,,,,1707632511
12058364,2308,2933,,,,1707635712
12058374,2928,3417,,,,1707637342
12058378,1732,1812,,,,1707636204
12058359,3713,3149,,,,1707638541
12058363,5361,5227,852,,,1707645078
12058353,2487,3591,,,,1707644290
12054762,1997,2718,2866,,,1707492803
12055232,2752,3655,2891,,,1707498546
12054845,4783,2216,4411,,,1707502375
12055123,4024,3069,,,,1707501771
12056823,4198,3494,3410,,,1707578382
12056892,3049,3152,,,,1707586428
12059125,3034,2528,4648,,,1707666654
12056235,2270,1915,,,,1707554855
12056239,2734,4617,,,,1707555272
12058257,2475,1978,,,,1707641387
12055215,3001,2705,,,,1707498760
12054861,2451,2939,,,,1707497330
12055119,2534,2599,4446,,,1707500607
12054931,4418,4002,2620,,,1707503507
12056888,2016,2453,,,,1707581707
12056824,3422,3203,,,,1707583264
12054403,2170,80162,81551,,,1707476051
12054312,86389,2069,,,,1707559667
12053932,3403,2557,,,,1707554895
12054269,,,,,,1707558680
12058097,,,,,,
12058286,,,,,,
12058493,10620,11425,2281,,,1707651988
12055836,2200,2078,,,,1707523954
12055783,1935,1718,2214,,,1707525711
12057509,1518,1486,3255,,,1707613180
12056503,2123,3452,,,,1707563558
12054632,2055,1827,,,,1707490400
12054770,2637,585,,,,1707493364
12054601,2910,2199,,,,1707499948
12055122,1346,3470,3645,,,1707504228
12056915,2193,2258,4486,,,1707577775
12056829,2050,2083,,,,1707585492
12055265,1949,1863,,,,1707513434
12055342,2473,1531,2575,,,1707515385
12055835,2690,4144,2331,,,1707526146
12055771,3947,4358,2371,,,1707538001
12057053,1903,1718,,,,1707597687
12057579,2246,3553,3782,,,1707606230
12054583,1887,3049,,,,1707483031
12056538,2956,2458,,,,1707566784
12056525,1783,5549,,,,1707565468
12058409,3108,2879,,,,1707645706
12058352,2666,2645,,,,1707620334
12058371,2025,3309,,,,1707619779
12058350,2455,2711,1392,,,1707623236
12058356,1231,2195,,,,1707618591
12058348,1416,2666,,,,1707619050
12058351,2959,1979,,,,1707620709
12059494,2051,1336,,,,1707624597
12058379,,,,,,
12058361,2369,2140,,,,1707625709
12058368,3232,1825,,,,1707627394
12058362,2905,3093,694,,,1707632772
12058376,1778,1920,597,,,1707632137
12058349,2122,1584,,,,1707632038
12058370,4676,2029,,,,1707641358
12059493,1326,2364,,,,1707642631
12058373,,,,,,
12058372,3617,2809,7104,,,1707639359
12058366,1652,1045,,,,1707642867
12056394,2756,2754,4078,,,1707558659
12056307,1422,3756,,,,1707554072
12058311,1922,2010,,,,1707641064
12054970,2565,1702,,,,1707494084
12018671,2345,3085,,,,1707486418
12018675,1943,2495,,,,1707492537
12018678,2401,3328,4999,,,1707569060
12018673,1480,2990,2217,,,1707579638
12018674,1458,2877,,,,1707658340
12018698,2860,2977,,,,1707483370
12018701,2314,3562,,,,1707489576
12018697,2916,4624,4937,,,1707502431
12018703,1895,1768,,,,1707510259
12018704,3712,2857,3813,,,1707577079
12018702,2670,2325,,,,1707584697
12056840,2833,3775,,,,1707562609
12056841,1338,2647,,,,1707563092
12056846,2319,1785,,,,1707569369
12056847,3238,2464,,,,1707570494
12056844,2999,2858,,,,1707575089
12056845,2238,1652,,,,1707576169
12056848,,,,,,
12056849,2238,2147,2687,,,1707583232
12058235,2640,3463,,,,1707581486
12058629,2309,3519,,,,1707648417
12058630,2354,1366,,,,1707648642
12058631,3666,2892,,,,1707654600
12058950,3335,2618,3272,,,1707659207
12057501,2832,3030,,,,1707580749
12057505,2504,4520,,,,1707580172
12057504,4833,2654,2612,,,1707592626
12057507,1678,2884,,,,1707587415
12057508,,,,,,
12059044,1571,4703,,,,1707592948
12057502,3399,5062,2277,,,1707605015
12057506,1533,1963,,,,1707600087
12057503,2015,5648,,,,1707608036
12057493,3005,2290,,,,1707580718
12057492,3201,3879,3928,,,1707591009
12057498,2602,2595,,,,1707598252
12057497,,,,,,
12057495,1966,2580,,,,1707603580
12057496,,,,,,
12058947,2012,2559,,,,1707608885
12059294,2143,1923,,,,1707614246
12054738,1259,1242,,,,1707481578
12054739,3492,2940,,,,1707484543
12054740,3184,3146,3219,,,1707490065
12054728,3148,1879,,,,1707489736
12054731,,,,,,
12054736,3745,3690,,,,1707491875
12054737,,,,,,
12056233,2672,5011,,,,1707491048
12056563,2540,2816,,,,1707494820
12054733,4205,2908,,,,1707498277
12054735,2893,4101,3456,,,1707503409
12056234,2214,2388,,,,1707499006
12056746,3379,2257,2541,,,1707565423
12056624,2037,2411,,,,1707561826
12056521,1612,1745,,,,1707561418
12056522,1649,1636,,,,1707561307
12056784,2716,3444,,,,1707566541
12056796,2919,2318,2577,,,1707569187
12056893,3238,3404,,,,1707570287
12056747,1624,4434,,,,1707570252
12018587,2496,2444,,,,1707529688
12018576,2201,1244,,,,1707535535
12018586,2028,4553,,,,1707619931
12018620,2801,2599,2003,,,1707494656
12018627,3137,3527,,,,1707561210
12018633,3567,2995,3938,,,1707572672
12018632,2307,3533,,,,1707654094
12018643,1918,2572,,,,1707486305
12018647,3074,2272,,,,1707493514
12018645,2658,1991,,,,1707565846
12018657,2484,3222,,,,1707571134
12018650,2592,1921,,,,1707652238
12058642,2428,1866,,,,1707653362
12058661,,,,,,
12058659,1678,1596,,,,1707653700
12058701,2182,1611,2051,,,1707655574
12058612,3234,2670,3927,,,1707632417
12058610,2161,2536,,,,1707629130
12058608,2404,2313,,,,1707628716
12058609,3669,2541,,,,1707636106
12058613,2928,4039,3688,,,1707639756
12058611,1791,1792,,,,1707639205
12058615,,,,,,
12059940,2312,2303,2121,,,1707644448
12058616,2600,5547,,,,1707644677
12058620,2350,1881,,,,1707646698
12058627,2288,1215,,,,1707653653
12058628,1533,2163,,,,1707652713
12058625,2463,3166,4878,,,1707657448
12058960,2153,1986,1929,,,1707646852
12058984,1266,1932,,,,1707643775
12058982,1553,2869,1581,,,1707651075
12058961,1440,1711,,,,1707651163
12058983,1372,2421,,,,1707654835
12058973,1824,1571,,,,1707655909
12058981,2940,1650,,,,1707660957
12058972,4190,3467,,,,1707662540
12059210,1657,3041,2861,,,1707650893
12059221,2066,2184,,,,1707648314
12059228,3260,4258,,,,1707649243
12059223,2837,2585,,,,1707654734
12017963,9120,1984,75136,,,1707419271
12017967,2845,2143,2738,,,1707500919
12017971,3182,4143,2482,,,1707507673
12017970,3176,2865,,,,1707508642
12017965,4299,4079,,,,1707517296
12017964,3676,2213,,,,1707516585
12017974,2407,1493,,,,1707524971
12017976,2866,4214,,,,1707602284
12017972,2740,2273,3308,,,1707613020
12018504,2895,2384,,,,1707512269
12018502,3186,2859,2714,,,1707522030
12018505,1446,2387,,,,1707528806
12018511,1936,976,,,,1707534471
12018507,2510,2234,,,,1707598220
12018503,2182,2133,,,,1707608791
12018533,1766,2387,,,,1707487652
12018542,1627,2134,,,,1707492733
12018532,1862,1826,,,,1707500353
12018540,2181,3016,,,,1707505410
12018538,2223,2735,,,,1707581705
12018537,3907,3044,3600,,,1707592597
12056877,1910,3275,,,,1707651930
12056868,3264,2462,,,,1707653373
12058885,3421,1935,,,,1707656734
12056880,3295,1423,,,,1707658473
12058890,3676,10737,,,,1707659881
12058889,1422,1660,,,,1707658198
12061293,,,,,,
12056909,,,,,,
12017976,2866,4214,,,,1707602284
12017972,2740,2273,3308,,,1707613020
12017969,1537,3535,,,,1707690966
12018507,2510,2234,,,,1707598220
12018503,2182,2133,,,,1707608791
12018500,3445,3377,2100,,,1707685561
12018538,2223,2735,,,,1707581705
12018537,3907,3044,3600,,,1707592597
12018539,2430,2601,,,,1707664739
12056877,1910,3275,,,,1707651930
12056868,3264,2462,,,,1707653373
12058885,3421,1935,,,,1707656734
12056880,3295,1423,,,,1707658473
12058890,3676,10737,,,,1707659881
12058889,1422,1660,,,,1707658198
12058884,10791,2730,,,,1707671577
12056865,2133,2698,,,,1707668886
12056876,1647,1569,,,,1707673333
12056874,,,,,,1707680439
12056867,,,,,,
12056875,,,,,,
12058851,2892,3163,,,,1707678753
12056873,,,,,,
12056871,,,,,,
12058888,,,,,,
12056869,,,,,,
12058886,,,,,,
12056879,,,,,,
12056878,,,,,,
12056866,,,,,,
12058887,,,,,,
12056870,,,,,,
12018673,1480,2990,2217,,,1707579638
12018674,1458,2877,,,,1707658340
12018704,3712,2857,3813,,,1707577079
12018702,2670,2325,,,,1707584697
12018708,2669,2424,,,,1707668515
12056847,3238,2464,,,,1707570494
12056844,2999,2858,,,,1707575089
12056845,2238,1652,,,,1707576169
12056848,,,,,,
12056849,2238,2147,2687,,,1707583232
12058235,2640,3463,,,,1707581486
12058629,2309,3519,,,,1707648417
12058630,2354,1366,,,,1707648642
12058631,3666,2892,,,,1707654600
12058950,3335,2618,3272,,,1707659207
12057501,2832,3030,,,,1707580749
12057505,2504,4520,,,,1707580172
12057504,4833,2654,2612,,,1707592626
12057507,1678,2884,,,,1707587415
12057508,,,,,,
12059044,1571,4703,,,,1707592948
12057502,3399,5062,2277,,,1707605015
12057506,1533,1963,,,,1707600087
12057503,2015,5648,,,,1707608036
12059234,2152,3129,2351,,,1707673104
12059277,2838,1802,3360,,,1707681376
12059381,3251,4887,,,,1707680262
12059490,2963,4554,3376,,,1707693768
12057493,3005,2290,,,,1707580718
12057492,3201,3879,3928,,,1707591009
12057498,2602,2595,,,,1707598252
12057497,,,,,,
12057495,1966,2580,,,,1707603580
12057496,,,,,,
12058947,2012,2559,,,,1707608885
12059294,2143,1923,,,,1707614246
12057500,3471,2427,,,,1707667871
12057499,2608,4067,,,,1707666684
12059291,3022,1996,3100,,,1707676461
12059369,2469,3605,2847,,,1707686569
12059837,4319,2633,,,,1707687733
12056893,3238,3404,,,,1707570287
12056747,1624,4434,,,,1707570252
12059240,,,,,,
12059846,,,,,,
12059842,,,,,,
12059849,,,,,,
12059848,,,,,,
12059845,,,,,,
12018586,2028,4553,,,,1707619931
12018632,2307,3533,,,,1707654094
12018657,2484,3222,,,,1707571134
12018650,2592,1921,,,,1707652238
12058642,2428,1866,,,,1707653362
12058661,,,,,,
12058659,1678,1596,,,,1707653700
12058701,2182,1611,2051,,,1707655574
12058641,1421,68723,,,,1707657358
12058688,,,,,,1707656340
12058702,2657,,,,,1707727797
12058689,,,,,,1707726915
12060110,,,,,,
12058699,,,,,,
12058700,,,,,,
12058660,,,,,,
12058696,,,,,,
12060945,,,,,,
12058612,3234,2670,3927,,,1707632417
12058610,2161,2536,,,,1707629130
12058608,2404,2313,,,,1707628716
12058609,3669,2541,,,,1707636106
12058613,2928,4039,3688,,,1707639756
12058611,1791,1792,,,,1707639205
12058615,,,,,,
12059940,2312,2303,2121,,,1707644448
12058616,2600,5547,,,,1707644677
12058620,2350,1881,,,,1707646698
12058627,2288,1215,,,,1707653653
12058628,1533,2163,,,,1707652713
12058625,2463,3166,4878,,,1707657448
12060121,3359,2291,,,,1707716106
12060829,1803,2168,,,,1707714628
12059941,2679,3170,,,,1707715772
12060888,1953,1639,,,,1707719928
12061323,3253,2956,2010,,,1707725761
12060830,2724,2429,,,,1707722562
12058960,2153,1986,1929,,,1707646852
12058984,1266,1932,,,,1707643775
12058982,1553,2869,1581,,,1707651075
12058961,1440,1711,,,,1707651163
12058983,1372,2421,,,,1707654835
12058973,1824,1571,,,,1707655909
12058981,2940,1650,,,,1707660957
12058972,4190,3467,,,,1707662540
12058997,2226,3041,2660,,,1707668797
12058974,2040,3099,4797,,,1707672041
12058995,2232,3387,,,,1707674464
12058971,1710,3689,,,,1707679441
12060937,,,,,,
12060936,,,,,,
12061535,,,,,,
12061092,,,,,,
12061919,,,,,,
12061710,,,,,,
12059210,1657,3041,2861,,,1707650893
12059221,2066,2184,,,,1707648314
12059228,3260,4258,,,,1707649243
12059223,2837,2585,,,,1707654734
12059226,2297,3171,,,,1707656699
12059218,2746,2146,,,,1707657346
12059224,2512,3488,,,,1707660673
12059219,2911,2566,2016,,,1707665957
12059227,2365,2495,2605,,,1707665780
12059222,2202,2785,1368,,,1707670171
12059217,1898,2114,,,,1707670650
12059225,1794,2820,,,,1707670933
12060938,,,,,,
12061375,,,,,,
12061044,,,,,,
12061540,,,,,,
12061539,,,,,,
12061541,,,,,,
12018729,3346,3673,1955,,,1707666429
12058407,2440,2853,,,,1707649001
12056494,,,,,,
12056615,1589,3022,,,,1707569150
12058489,2487,2584,2601,,,1707660804
12058408,2398,3639,,,,1707645016
12058576,2329,2846,,,,1707645163
12058377,1372,2346,,,,1707619118
12058360,1974,3509,883,,,1707622851
12058375,1473,2635,,,,1707623274
12058365,2900,1690,,,,1707626000
12058369,2418,3211,,,,1707626258
12058355,2236,2208,,,,1707626805
12058358,1382,2385,,,,1707626905
12058354,2368,2774,,,,1707631137
12058367,2089,3864,,,,1707632115
12058357,2050,2946,,,,1707632511
12058364,2308,2933,,,,1707635712
12058374,2928,3417,,,,1707637342
12058378,1732,1812,,,,1707636204
12058359,3713,3149,,,,1707638541
12058363,5361,5227,852,,,1707645078
12058353,2487,3591,,,,1707644290
12060700,2349,1441,,,,1707706358
12060701,2066,2722,991,,,1707708839
12060688,3367,1262,,,,1707711368
12060702,2688,2641,,,,1707711465
12060692,2736,,,,,1707716314
12060694,,,,,,1707715612
12060690,,,,,,1707716407
12060687,,,,,,
12056823,4198,3494,3410,,,1707578382
12056892,3049,3152,,,,1707586428
12059125,3034,2528,4648,,,1707666654
12058257,2475,1978,,,,1707641387
12056888,2016,2453,,,,1707581707
12056824,3422,3203,,,,1707583264
12058828,4030,2883,,,,1707669770
12059134,,,,,,
12059137,,,,,,
12059136,,,,,,
12059141,,,,,,
12059142,,,,,,
12059145,,,,,,
12059146,,,,,,
12059147,,,,,,
12059140,,,,,,
12059135,,,,,,
12061927,,,,,,
12059144,,,,,,
12059148,,,,,,
12061928,,,,,,
12059133,,,,,,
12059138,,,,,,
12061926,,,,,,
12061925,,,,,,
12059139,,,,,,
12059143,,,,,,
12058286,,,,,,
12058493,10620,11425,2281,,,1707651988
12057509,1518,1486,3255,,,1707613180
12056915,2193,2258,4486,,,1707577775
12056829,2050,2083,,,,1707585492
12058946,1244,2427,3561,,,1707668878
12057053,1903,1718,,,,1707597687
12057579,2246,3553,3782,,,1707606230
12059475,1415,1901,,,,1707679975
12058409,3108,2879,,,,1707645706
12058352,2666,2645,,,,1707620334
12058371,2025,3309,,,,1707619779
12058350,2455,2711,1392,,,1707623236
12058356,1231,2195,,,,1707618591
12058348,1416,2666,,,,1707619050
12058351,2959,1979,,,,1707620709
12059494,2051,1336,,,,1707624597
12058379,,,,,,
12058361,2369,2140,,,,1707625709
12058368,3232,1825,,,,1707627394
12058362,2905,3093,694,,,1707632772
12058376,1778,1920,597,,,1707632137
12058349,2122,1584,,,,1707632038
12058370,4676,2029,,,,1707641358
12059493,1326,2364,,,,1707642631
12058373,,,,,,
12058372,3617,2809,7104,,,1707639359
12058366,1652,1045,,,,1707642867
12060698,2387,2951,,,,1707706487
12060697,1990,2648,,,,1707706374
12060689,3263,2058,,,,1707707298
12060696,1413,1446,,,,1707705527
12060693,3547,3853,,,,1707713596
12060695,1711,2973,741,,,1707714845
12060691,2207,1977,,,,1707712611
12060699,1941,2169,,,,1707712503
12058311,1922,2010,,,,1707641064
12056830,2244,2091,,,,1707580104
12056757,2026,1769,,,,1707585239
12058910,3234,2470,2263,,,1707673672
12058745,,,,,,
12058762,,,,,,
12058769,,,,,,
12060682,,,,,,
12058749,,,,,,
12058767,,,,,,
12058761,,,,,,
12058796,,,,,,
12058751,,,,,,
12058770,,,,,,
12058763,,,,,,
12058779,,,,,,
12058778,,,,,,
12058789,,,,,,
12058773,,,,,,
12058787,,,,,,
12058753,,,,,,
12058775,,,,,,
12058792,,,,,,
12058768,,,,,,
12058759,,,,,,
12058772,,,,,,
12058797,,,,,,
12058794,,,,,,
12058783,,,,,,
12058782,,,,,,
12058765,,,,,,
12058790,,,,,,
12058750,,,,,,
12058781,,,,,,
12058748,,,,,,
12058788,,,,,,
12058746,,,,,,
12061011,3056,,,,,1707728395
12061025,2475,,,,,1707727872
12061037,4358,,,,,1707729690
12061021,2597,2029,,,,1707727836
12061031,2183,2245,,,,1707727577
12061023,,,,,,
12061013,,,,,,
12061036,,,,,,
12061029,,,,,,
12061012,,,,,,
12061028,,,,,,1707729945
12061035,,,,,,
12061016,,,,,,
12061038,,,,,,
12061009,,,,,,
12061033,,,,,,
12059088,,,,,,
12059091,,,,,,
12059096,,,,,,
12059094,,,,,,
12059076,,,,,,
12059083,,,,,,
12059090,,,,,,
12059084,,,,,,
12059081,,,,,,
12059097,,,,,,
12059080,,,,,,
12059086,,,,,,
12059093,,,,,,
12059073,,,,,,
12059071,,,,,,
12059079,,,,,,
12059070,,,,,,
12059082,,,,,,
12059095,,,,,,
12059077,,,,,,
12059074,,,,,,
12059085,,,,,,
12059068,,,,,,
12059092,,,,,,
12059078,,,,,,
12059087,,,,,,
12059066,,,,,,
12059069,,,,,,
12059067,,,,,,
12059072,,,,,,
12059089,,,,,,
12059075,,,,,,
12061458,,,,,,
12061465,,,,,,
12061461,,,,,,
12061467,,,,,,
12061476,,,,,,
12061455,,,,,,
12061450,,,,,,
12061470,,,,,,
12061471,,,,,,
12061453,,,,,,
12061475,,,,,,
12061454,,,,,,
12061463,,,,,,
12061449,,,,,,
12059159,,,,,,
12059169,,,,,,
12059184,,,,,,
12059161,,,,,,
12059178,,,,,,
12059174,,,,,,
12059158,,,,,,
12059173,,,,,,
12059186,,,,,,
12059201,,,,,,
12059165,,,,,,
12059164,,,,,,
12059200,,,,,,
12059182,,,,,,
12059181,,,,,,
12059187,,,,,,
12059180,,,,,,
12059192,,,,,,
12059175,,,,,,
12059198,,,,,,
12059188,,,,,,
12059204,,,,,,
12059197,,,,,,
12059172,,,,,,
12059202,,,,,,
12059160,,,,,,
12059179,,,,,,
12059203,,,,,,
12059162,,,,,,
12059177,,,,,,
12059193,,,,,,
12059176,,,,,,
12061566,,,,,,
12061575,,,,,,
12061568,,,,,,
12061576,,,,,,
12061571,,,,,,
12061578,,,,,,
12061565,,,,,,
12061577,,,,,,
12061569,,,,,,
12061562,,,,,,
12061579,,,,,,
12061573,,,,,,
12061563,,,,,,
12061567,,,,,,
12061560,,,,,,
12061580,,,,,,
12058908,1518,2116,,,,1707643807
12058897,1458,2530,,,,1707643796
12058895,1772,2225,,,,1707644160
12058900,1622,1690,,,,1707643919
12058899,3520,2782,838,,,1707649038
12058905,,,,,,
12058907,,,,,,
12058904,1842,2321,,,,1707648103
12058901,3252,2611,,,,1707650205
12058902,1749,1780,1183,,,1707650694
12058896,2510,2500,1121,,,1707652032
12058898,,,,,,
12060163,,,,,,
12058894,2327,2352,,,,1707654117
12058909,2620,1792,,,,1707655045
12058903,2230,2828,1146,,,1707659047
12058906,2192,2300,711,,,1707658351
12060754,,,,,,
12060517,,,,,,
12060755,,,,,,
12060681,,,,,,
12060680,,,,,,
12060869,,,,,,
12060306,,,,,,
12060796,1981,109,,,,1707664367
12060819,,,,,,
12060772,,,,,,
12060932,,,,,,
12061040,,,,,,
12060832,,,,,,
12060931,,,,,,
12060934,,,,,,
12061060,,,,,,
12061350,,,,,,
12061396,,,,,,
12061351,,,,,,
12061423,,,,,,
12061637,,,,,,
12061536,,,,,,
12061426,,,,,,
12061598,,,,,,
12061956,,,,,,
12061963,,,,,,
12061967,,,,,,
12061965,,,,,,
12061966,,,,,,
12061960,,,,,,
12061954,,,,,,
12061962,,,,,,
12061959,,,,,,
12061957,,,,,,
12061955,,,,,,
12061961,,,,,,
12058877,,,,,,
12058876,,,,,,
12058852,,,,,,
12058865,,,,,,
12058859,,,,,,
12058873,,,,,,
12058858,,,,,,
12058879,,,,,,
12058854,,,,,,
12058867,,,,,,
12058882,,,,,,
12058853,,,,,,
12058863,,,,,,
12058872,,,,,,
12058869,,,,,,
12058883,,,,,,
12058868,,,,,,
12058878,,,,,,
12058862,,,,,,
12058875,,,,,,
12058861,,,,,,
12058857,,,,,,
12058870,,,,,,
12058880,,,,,,
12058856,,,,,,
12058881,,,,,,
12058860,,,,,,
12058871,,,,,,
12058866,,,,,,
12058874,,,,,,
12058864,,,,,,
12058855,,,,,,
12061810,,,,,,
12061819,,,,,,
12061811,,,,,,
12061816,,,,,,
12061808,,,,,,
12061821,,,,,,
12061807,,,,,,
12061818,,,,,,
12061809,,,,,,
12061820,,,,,,
12061822,,,,,,
12061817,,,,,,
12061814,,,,,,
12061812,,,,,,
12061813,,,,,,
12061815,,,,,,
12059127,2017,3728,2366,,,1707650043
12059129,2263,2639,2761,,,1707649292
12059126,2122,5663,,,,1707655017
12059124,2536,2789,,,,1707655995
12059132,3323,2182,,,,1707663213
12059131,2469,3360,2350,,,1707667428
12059130,2557,2668,,,,1707668574
12059128,1964,4438,2539,,,1707677182
12061452,,,,,,1707730785
12061462,,,,,,1707730639
12061472,,,,,,
12061474,,,,,,
12061477,,,,,,
12061460,,,,,,
12058791,,,,,,
12058795,,,,,,
12058776,,,,,,
12058786,,,,,,
12058785,,,,,,
12058774,,,,,,
12058752,,,,,,
12058780,,,,,,
12058764,,,,,,
12058760,,,,,,
12058755,,,,,,
12058758,,,,,,
12058756,,,,,,
12058757,,,,,,
12058766,,,,,,
12058777,,,,,,
12058771,,,,,,
12058784,,,,,,
12058747,,,,,,
12058754,,,,,,
12058793,,,,,,
12061030,2346,1858,,,,1707727550
12061022,1780,2275,,,,1707727613
12061015,1281,2208,,,,1707726827
12061017,,,,,,1707729233
12061019,1889,,,,,1707732272
12061010,,,,,,1707732580
12061034,,,,,,1707730864
12061008,,,,,,
12061027,,,,,,1707731155
12061032,,,,,,
12061007,,,,,,
12061026,,,,,,
12061020,,,,,,
12061018,,,,,,
12061024,,,,,,
12061014,,,,,,
12061459,,,,,,
12061443,,,,,,
12061456,,,,,,
12061478,,,,,,
12061468,,,,,,
12061480,,,,,,
12061464,,,,,,
12061451,,,,,,
12061457,,,,,,
12061466,,,,,,
12061473,,,,,,
12061448,,,,,,
12061469,,,,,,
12061479,,,,,,
12058919,,,,,,
12058945,,,,,,
12058935,,,,,,
12058920,,,,,,
12058921,,,,,,
12058943,,,,,,
12058931,,,,,,
12058942,,,,,,
12058944,,,,,,
12058934,,,,,,
12058941,,,,,,
12058928,,,,,,
12058937,,,,,,
12058926,,,,,,
12058939,,,,,,
12058929,,,,,,
12058917,,,,,,
12058936,,,,,,
12058922,,,,,,
12058930,,,,,,
12058927,,,,,,
12058924,,,,,,
12058915,,,,,,
12058940,,,,,,
12060176,,,,,,
12058938,,,,,,
12058933,,,,,,
12058932,,,,,,
12058916,,,,,,
12058914,,,,,,
12058925,,,,,,
12058923,,,,,,
12058918,,,,,,
12061247,,,,,,
12061246,,,,,,
12061243,,,,,,
12061252,,,,,,
12061251,,,,,,
12061242,,,,,,
12061240,,,,,,
12061244,,,,,,
12061248,,,,,,
12061249,,,,,,
12061253,,,,,,
12061250,,,,,,
12061254,,,,,,
12061259,,,,,,
12061241,,,,,,
12061245,,,,,,
12059167,,,,,,
12059166,,,,,,
12059168,,,,,,
12059189,,,,,,
12059199,,,,,,
12059163,,,,,,
12059191,,,,,,
12059195,,,,,,
12059190,,,,,,
12059170,,,,,,
12059196,,,,,,
12059185,,,,,,
12059171,,,,,,
12059183,,,,,,
12059157,,,,,,
12059194,,,,,,
12061572,,,,,,
12061564,,,,,,
12061570,,,,,,
12061561,,,,,,
12061574,,,,,,
12059511,,,,,,
12059498,,,,,,
12059504,,,,,,
12059505,,,,,,
12059502,,,,,,
12059501,,,,,,
12061339,,,,,,
12059503,,,,,,
12059500,,,,,,
12059509,,,,,,
12059508,,,,,,
12059510,,,,,,
12059507,,,,,,
12059506,,,,,,
12059499,,,,,,
12059497,,,,,,
12059836,,,,,,
12059496,,,,,,
12062455,,,,,,
12062458,,,,,,
12062459,,,,,,
12062460,,,,,,
12062456,,,,,,
12062454,,,,,,
12062453,,,,,,
12062457,,,,,,
12059111,,,,,,1707646536
12059115,1277,2767,,,,1707647353
12059117,1511,4652,,,,1707647536
12059116,2515,2248,,,,1707648650
12059112,1479,1804,,,,1707652248
12059120,3523,2103,2412,,,1707657525
12059108,2413,4674,1508,,,1707658912
12059109,383,1979,,,,1707656390
12060788,,,,,,
12059119,,,,,,
12059110,2074,2568,,,,1707661619
12059122,1367,1533,,,,1707662136
12059118,1580,1670,,,,1707662687
12059114,,,,,,1707651119
12059113,,,,,,1707663757
12059121,4522,1934,,,,1707669158
12059123,2671,3998,2261,,,1707671921
12061280,,,,,,1707732473
12061279,,,,,,1707732453
12061281,,,,,,
12061282,,,,,,
12061283,,,,,,
12061278,,,,,,
12058835,,,,,,
12058838,,,,,,
12058844,,,,,,
12058845,,,,,,
12058833,,,,,,
12058842,,,,,,
12058834,,,,,,
12058830,,,,,,
12058839,,,,,,
12058843,,,,,,
12058841,,,,,,
12058837,,,,,,
12058840,,,,,,
12058832,,,,,,
12058831,,,,,,
12058836,,,,,,
12060799,,,,,,
12060804,,,,,,
12060801,,,,,,
12060805,,,,,,
12060802,,,,,,
12060806,,,,,,
12060800,,,,,,
12060803,,,,,,
12061182,,,,,,
12061088,,,,,,
12061087,,,,,,
12061332,,,,,,
12061412,,,,,,
12061331,,,,,,
12061338,,,,,,
12061086,,,,,,
12061293,2405,5346,2311,,,1707748131
12056909,3476,2658,,,,1707755067
12056906,2382,3932,3944,,,1707769747
12061298,4180,4264,,,,1707779022
12056908,3394,3311,,,,1707822471
12056902,2117,2600,1894,,,1707832085
12059442,2653,4896,,,,1707761103
12059447,2493,2851,1458,,,1707772842
12059446,3096,2964,2290,,,1707782648
12059445,3753,2365,,,,1707789926
12017969,1537,3535,,,,1707690966
12018500,3445,3377,2100,,,1707685561
12057531,2645,2547,,,,1707764060
12057533,3178,2542,2719,,,1707773714
12063982,2390,4262,,,,1707781739
12057535,,,,,,
12057530,2291,3127,,,,1707789418
12018539,2430,2601,,,,1707664739
12058885,3421,1935,,,,1707656734
12056880,3295,1423,,,,1707658473
12058890,3676,10737,,,,1707659881
12058889,1422,1660,,,,1707658198
12058884,10791,2730,,,,1707671577
12056865,2133,2698,,,,1707668886
12056876,1647,1569,,,,1707673333
12056874,,,,,,1707680439
12056867,1326,4623,,,,1707737455
12056875,2098,2758,,,,1707738161
12058851,2892,3163,59887,,,1707678753
12056873,3553,4288,,,,1707743278
12058886,3191,2378,3668,,,1707747264
12056871,,,,,,
12056869,3342,2722,4546,,,1707747887
12063423,2873,3263,,,,1707745093
12058888,3021,3715,,,,1707746148
12056878,2311,3737,,,,1707750737
12056879,3367,2789,4300,,,1707755406
12058887,1889,2904,,,,1707752658
12056870,3037,2248,,,,1707755236
12056866,1552,2588,,,,1707754887
12056872,1745,3674,2627,,,1707762068
12049681,2004,1677,,,,1707760698
12049675,1721,1502,2527,,,1707766813
12049673,,,,,,1707822531
12049668,2029,2826,2182,,,1707827489
12049679,1974,2659,2328,,,1707830732
12049678,1539,2223,,,,1707828231
12049695,3331,2738,,,,1707831350
12049674,1990,3185,2930,,,1707835907
12049677,2971,3860,,,,1707834518
12049693,1418,2312,1961,,,1707835582
12018674,1458,2877,,,,1707658340
12018708,2669,2424,,,,1707668515
12059234,2152,3129,2351,,,1707673104
12059277,2838,1802,3360,,,1707681376
12059381,3251,4887,,,,1707680262
12059490,2963,4554,3376,,,1707693768
12057500,3471,2427,,,,1707667871
12057499,2608,4067,,,,1707666684
12059291,3022,1996,3100,,,1707676461
12059369,2469,3605,2847,,,1707686569
12059837,4319,2633,,,,1707687733
12061694,2351,1854,,,,1707756512
12059240,,,,,,
12059247,1972,3131,,,,1707759589
12059244,1950,1271,,,,1707813765
12059246,2991,1799,,,,1707815176
12059245,3051,2206,3035,,,1707816999
12059248,,,,,,1707816895
12063937,,,,,,1707818206
12063939,1948,2017,,,,1707823189
12060816,2482,2977,,,,1707826065
12059235,1374,1349,,,,1707825499
12059243,3963,3322,,,,1707830289
12059239,3353,2982,,,,1707833356
12059241,2461,3810,,,,1707832751
12059846,,,,,,
12059842,,,,,,
12059849,2498,2961,,,,1707736991
12059848,3170,2051,4300,,,1707739830
12059845,3174,3120,2488,,,1707740794
12059843,3367,2262,,,,1707806470
12063388,3337,3261,,,,1707806254
12063390,1883,3981,,,,1707804853
12059847,1940,1731,,,,1707811647
12059942,2553,2337,,,,1707812259
12063389,2239,2963,2252,,,1707815526
12063391,2279,2073,4028,,,1707818443
12063386,2035,3121,,,,1707817493
12063387,4454,2893,2641,,,1707826037
12059841,1989,3614,,,,1707825326
12059844,2568,2637,,,,1707832188
12059258,3268,1663,1886,,,1707755414
12059257,2233,3347,,,,1707755717
12059252,3186,2529,,,,1707761206
12059259,2172,2402,,,,1707762074
12059251,2100,2468,2867,,,1707770195
12063925,2830,2035,2734,,,1707820305
12063932,2368,2364,,,,1707817769
12063930,1259,1311,,,,1707822176
12063929,2744,1584,,,,1707826666
12063931,2990,2881,,,,1707827699
12059271,3975,1648,,,,1707750603
12059264,3125,2606,,,,1707750807
12059273,2275,2361,,,,1707756572
12059263,2756,2312,3458,,,1707826244
12059267,1615,3564,,,,1707822734
12059268,1730,2748,1196,,,1707825407
12063637,2345,1945,,,,1707829872
12063638,2555,3951,,,,1707833095
12058640,,,,,,
12058633,2002,1920,,,,1707829159
12058635,1252,3216,908,,,1707837262
12058641,1421,68723,,,,1707657358
12058688,,,,,,1707728494
12058702,2657,3027,,,,1707727797
12058689,2563,1961,,,,1707729616
12058699,2137,2030,,,,1707733900
12058700,2209,1846,1967,,,1707736608
12060110,1782,2205,2267,,,1707736173
12058696,2019,3420,2566,,,1707742639
12058660,2633,3710,,,,1707742225
12060945,1263,3901,3347,,,1707744816
12063088,1400,257,,,,1707747583
12063065,3527,2397,,,,1707750501
12063372,2067,1770,3762,,,1707752943
12063311,3541,210,,,,1707754279
12063527,1535,2353,,,,1707755419
12060121,3359,2291,,,,1707716106
12060829,1803,2168,,,,1707714628
12059941,2679,3170,,,,1707715772
12060888,1953,1639,,,,1707719928
12061323,3253,2956,2010,,,1707725761
12060830,2724,2429,,,,1707722562
12058983,1372,2421,,,,1707654835
12058973,1824,1571,,,,1707655909
12058981,2940,1650,,,,1707660957
12058972,4190,3467,,,,1707662540
12058997,2226,3041,2660,,,1707668797
12058974,2040,3099,4797,,,1707672041
12058995,2232,3387,,,,1707674464
12058971,1710,3689,,,,1707679441
12060937,2785,2098,5279,,,1707730526
12060936,2235,2352,,,,1707731071
12061092,2058,2028,,,,1707736427
12061535,4649,1766,,,,1707741330
12061710,4341,3033,2371,,,1707746907
12061919,3753,2177,2393,,,1707750090
12059226,2297,3171,,,,1707656699
12059218,2746,2146,,,,1707657346
12059224,2512,3488,,,,1707660673
12059219,2911,2566,2016,,,1707665957
12059227,2365,2495,2605,,,1707665780
12059222,2202,2785,1368,,,1707670171
12059217,1898,2114,,,,1707670650
12059225,1794,2820,,,,1707670933
12060938,1773,1808,,,,1707734274
12061375,2361,1997,,,,1707734852
12061044,3147,2149,1938,,,1707738025
12061541,2239,2398,,,,1707739280
12061540,2842,2170,2455,,,1707742797
12061539,2790,3148,,,,1707743614
12018729,3346,3673,1955,,,1707666429
12058489,2487,2584,2601,,,1707660804
12063861,,,,,,
12063874,,,,,,
12064004,2688,3097,,,,1707822136
12063983,2598,3920,,,,1707820399
12064002,2201,2778,2995,,,1707827330
12063995,2384,1973,,,,1707827860
12063316,1460,3377,,,,1707791678
12063312,3857,2411,1313,,,1707797016
12063329,3246,2558,,,,1707799746
12063317,2305,3103,,,,1707803360
12063321,1522,3399,1311,,,1707808080
12060700,2349,1441,,,,1707706358
12060701,2066,2722,991,,,1707708839
12060688,3367,1262,,,,1707711368
12060702,2688,2641,,,,1707711465
12060692,2736,16846,,,,1707716314
12060694,17226,2791,,,,1707732838
12060690,16469,17372,,,,1707717419
12060687,2698,56651,1171,,,1707791817
12063555,3694,2438,,,,1707822564
12063565,3230,2443,,,,1707822166
12063557,3026,2689,,,,1707822082
12063564,1240,2190,,,,1707826672
12063567,2629,3774,2825,,,1707831970
12063563,2895,4224,2390,,,1707833316
12063560,2116,2909,,,,1707831663
12059125,3034,2528,4648,,,1707666654
12058828,4030,2883,,,,1707669770
12059134,,,,,,
12059137,,,,,,
12059136,,,,,,
12059141,,,,,,
12059142,,,,,,
12059145,,,,,,
12059146,,,,,,
12059147,,,,,,
12059140,,,,,,
12059135,,,,,,
12061927,,,,,,
12059144,,,,,,
12059148,,,,,,
12061928,,,,,,
12059133,,,,,,
12059138,,,,,,
12059139,,,,,,
12059143,,,,,,
12063945,,,,,,
12063536,,,,,,
12063499,,,,,,
12063534,,,,,,
12063500,,,,,,
12061926,,,,,,
12061925,,,,,,
12063535,,,,,,
12063948,,,,,,
12063950,,,,,,
12063947,,,,,,
12063533,,,,,,
12064027,,,,,,
12063946,,,,,,
12063949,,,,,,
12063814,1683,3249,1759,,,1707822319
12063812,1861,2530,,,,1707818886
12063817,2133,2311,,,,1707826850
12058946,1244,2427,3561,,,1707668878
12063864,4509,3909,,,,1707827498
12063875,,,,,,
12063876,2732,4301,2030,,,1707837295
12059475,1415,1901,,,,1707679975
12063757,1814,1951,,,,1707825454
12063774,1745,2120,,,,1707825138
12063770,2505,2378,,,,1707830522
12063758,4925,2554,,,,1707833055
12063996,2722,1700,,,,1707822658
12063999,2141,2887,,,,1707823102
12063988,2214,3400,2216,,,1707821126
12063328,2366,1807,,,,1707792435
12063315,1785,2626,,,,1707791811
12063331,3197,1203,,,,1707793249
12063327,3252,3048,,,,1707793479
12063313,1862,2295,,,,1707796874
12063326,3127,2469,3757,,,1707801451
12063325,1690,2163,,,,1707796953
12063324,3341,3504,2704,,,1707804408
12063333,1812,2543,,,,1707801048
12063314,2043,2410,,,,1707810207
12060698,2387,2951,,,,1707706487
12060697,1990,2648,,,,1707706374
12060689,3263,2058,,,,1707707298
12060696,1413,1446,,,,1707705527
12060693,3547,3853,,,,1707713596
12060695,1711,2973,741,,,1707714845
12060691,2207,1977,,,,1707712611
12060699,1941,2169,,,,1707712503
12064009,2617,4002,,,,1707821741
12064016,3513,3118,2726,,,1707826069
12064017,2222,2570,2872,,,1707831116
12064014,1962,3119,2982,,,1707835024
12058910,3234,2470,2263,,,1707673672
12061011,3056,2369,1014,,,1707730764
12061025,2475,4185,,,,1707727872
12061037,4358,3910,1258,,,1707733600
12061021,2597,2029,,,,1707727836
12061031,2183,2245,,,,1707727577
12061023,3959,2161,,,,1707734818
12061028,1512,2191,,,,1707731457
12061013,1729,1981,,,,1707732564
12061012,1832,4311,,,,1707732545
12061036,3048,2856,,,,1707736043
12061009,2879,2443,,,,1707737644
12061038,1734,2946,,,,1707737424
12061029,2553,2425,,,,1707738847
12061033,1196,1165,,,,1707739522
12061035,1699,2405,,,,1707741776
12061016,2529,2546,,,,1707744758
12063582,157690,4654,,,,1707980504
12063599,,,,,,1707984571
12063583,158245,2299,,,,1707980790
12063589,159242,2155,794,,,1707983921
12063588,158918,3061,1054,,,1707984605
12059069,,,,,,
12059067,,,,,,
12059072,,,,,,
12059089,,,,,,
12059075,,,,,,
12061458,,,,,,
12061465,,,,,,
12061461,,,,,,
12061467,,,,,,
12061476,,,,,,
12061455,,,,,,
12061450,,,,,,
12061470,,,,,,
12061471,,,,,,
12061453,,,,,,
12061475,,,,,,
12061454,,,,,,
12061463,,,,,,
12061449,,,,,,
12063068,,,,,,
12063069,,,,,,
12063862,4708,1593,1346,,,1707820146
12063892,,,,,,
12063859,,,,,,1707815610
12063870,3121,3,,,,1707818419
12063873,3783,1754,944,,,1707819348
12063872,2,2096,,,,1707814971
12063887,2424,4947,,,,1707816132
12063879,2080,2218,1589,,,1707818080
12059202,,,,,,
12059160,,,,,,
12059179,,,,,,
12059203,,,,,,
12059162,,,,,,
12059177,,,,,,
12059193,,,,,,
12059176,,,,,,
12061566,,,,,,
12061575,,,,,,
12061568,,,,,,
12061576,,,,,,
12061571,,,,,,
12061578,,,,,,
12061565,,,,,,
12061577,,,,,,
12061569,,,,,,
12061562,,,,,,
12061579,,,,,,
12061573,,,,,,
12061563,,,,,,
12061567,,,,,,
12061560,,,,,,
12061580,,,,,,
12063404,1806,3599,,,,1707745663
12063401,3123,3418,,,,1707747875
12063407,3909,3009,802,,,1707752206
12063395,3209,2687,,,,1707747084
12063507,4768,61428,,,,1707755545
12063509,,,,,,
12063508,,,,,,
12063506,,,,,,
12058903,2230,2828,1146,,,1707659047
12058906,2192,2300,711,,,1707658351
12060754,,,,,,
12060517,,,,,,
12060755,,,,,,
12060681,,,,,,
12060680,,,,,,
12060869,,,,,,
12060306,,,,,,
12060796,1981,109,,,,1707664367
12060819,,,,,,
12060772,,,,,,
12060932,,,,,,
12061040,,,,,,
12060832,,,,,,
12060931,,,,,,
12060934,,,,,,
12061060,,,,,,
12061350,,,,,,
12061396,,,,,,
12061351,,,,,,
12061423,,,,,,
12061637,,,,,,
12061536,,,,,,
12061426,,,,,,
12061598,,,,,,
12062146,,,,,,
12062137,,,,,,
12062144,,,,,,
12062141,,,,,,
12062140,,,,,,
12062139,,,,,,
12062148,,,,,,
12062147,,,,,,
12062135,,,,,,
12062133,,,,,,
12062134,,,,,,
12062138,,,,,,
12062136,,,,,,
12062142,,,,,,
12062145,,,,,,
12062143,,,,,,
12061956,,,,,,
12061963,,,,,,
12061967,,,,,,
12061965,,,,,,
12061966,,,,,,
12061960,,,,,,
12061954,,,,,,
12061962,,,,,,
12061959,,,,,,
12061957,,,,,,
12061955,,,,,,
12061961,,,,,,
12061964,,,,,,
12061968,,,,,,
12061958,,,,,,
12061953,,,,,,
12058870,,,,,,
12058880,,,,,,
12058856,,,,,,
12058881,,,,,,
12058860,,,,,,
12058871,,,,,,
12058866,,,,,,
12058874,,,,,,
12058864,,,,,,
12058855,,,,,,
12061810,,,,,,
12061819,,,,,,
12061811,,,,,,
12061816,,,,,,
12061808,,,,,,
12061821,,,,,,
12061807,,,,,,
12061818,,,,,,
12061809,,,,,,
12061820,,,,,,
12061822,,,,,,
12061817,,,,,,
12061814,,,,,,
12061812,,,,,,
12061813,,,,,,
12061815,,,,,,
12063669,3901,2348,722,,,1707818135
12063666,3628,4136,,,,1707815869
12063663,1375,3764,1067,,,1707817627
12063672,3943,2356,,,,1707816081
12063662,3628,2059,,,,1707823036
12063661,2907,1840,,,,1707822328
12063671,3532,2441,746,,,1707825741
12063660,3098,2751,844,,,1707826962
12059124,2536,2789,,,,1707655995
12059132,3323,2182,,,,1707663213
12059131,2469,3360,2350,,,1707667428
12059130,2557,2668,,,,1707668574
12059128,1964,4438,2539,,,1707677182
12061452,2444,2359,,,,1707733435
12061462,2985,1432,3615,,,1707735298
12061474,3347,2771,,,,1707739880
12061472,1898,2111,,,,1707741830
12061477,4361,2363,4195,,,1707750614
12061460,1904,1923,,,,1707746894
12061740,2286,2955,,,,1707754454
12061481,2432,2074,,,,1707757922
12061030,2346,1858,,,,1707727550
12061022,1780,2275,,,,1707727613
12061015,1281,2208,,,,1707726827
12061017,4572,4856,,,,1707733805
12061019,1889,2548,,,,1707732272
12061034,2678,2424,,,,1707733542
12061010,2734,2862,808,,,1707738176
12061008,2683,2603,,,,1707738102
12061032,1949,3484,,,,1707738730
12061027,,,,,,1707731155
12061018,2324,2206,,,,1707742309
12061024,1502,2597,,,,1707742363
12061026,4211,2975,891,,,1707749128
12061007,3469,3576,803,,,1707748775
12061014,1159,2118,,,,1707742713
12061020,2422,2350,,,,1707745608
12063615,158909,2897,,,,1707981529
12063587,159144,161086,,,,1707824282
12063611,167352,169438,,,,1707823403
12061459,,,,,,
12061478,,,,,,
12061468,,,,,,
12061480,,,,,,
12061443,,,,,,
12061456,,,,,,
12061464,,,,,,
12061451,,,,,,
12061457,,,,,,
12061466,,,,,,
12061473,,,,,,
12061448,,,,,,
12061469,,,,,,
12061479,,,,,,
12063877,1559,5384,,,,1707819678
12063871,2030,2166,985,,,1707820835
12063889,4,4,,,,1707825589
12063882,1595,1598,,,,1707822463
12063860,1905,4659,939,,,1707828133
12063869,2992,2643,1277,,,1707828041
12063863,,,,,,1707824789
12063884,,,,,,1707824513
12058923,,,,,,
12058918,,,,,,
12061247,,,,,,
12061246,,,,,,
12061243,,,,,,
12061252,,,,,,
12061251,,,,,,
12061242,,,,,,
12061240,,,,,,
12061244,,,,,,
12061248,,,,,,
12061249,,,,,,
12061253,,,,,,
12061250,,,,,,
12061254,,,,,,
12061259,,,,,,
12061241,,,,,,
12061245,,,,,,
12063756,,,,,,
12063762,,,,,,
12063766,,,,,,
12063767,,,,,,
12063768,,,,,,
12063765,,,,,,
12063759,,,,,,
12063761,,,,,,
12059167,,,,,,
12059166,,,,,,
12059168,,,,,,
12059189,,,,,,
12059199,,,,,,
12059163,,,,,,
12059191,,,,,,
12059195,,,,,,
12059190,,,,,,
12059170,,,,,,
12059196,,,,,,
12059185,,,,,,
12059171,,,,,,
12059183,,,,,,
12059157,,,,,,
12059194,,,,,,
12061572,,,,,,
12061564,,,,,,
12061570,,,,,,
12061561,,,,,,
12061574,,,,,,
12063396,,,,,,
12063402,,,,,,
12063409,,,,,,
12063406,,,,,,
12063399,,,,,,
12063403,,,,,,
12063400,,,,,,
12063405,,,,,,
12063397,,,,,,
12064000,1867,3640,,,,1707822474
12063991,4051,3729,,,,1707817946
12063398,,,,,,
12064001,2882,5582,,,,1707818263
12063408,,,,,,
12066013,2149,1251,,,,1707827939
12065890,2973,3917,2,,,1707834241
12065914,5,927,808,,,1707832556
12065913,3525,3838,1464,,,1707834733
12063985,1931,2793,,,,1707833114
12059505,,,,,,
12059502,,,,,,
12059501,,,,,,
12061339,,,,,,
12059503,,,,,,
12059500,,,,,,
12059509,,,,,,
12059508,,,,,,
12059510,,,,,,
12059507,,,,,,
12059506,,,,,,
12059499,,,,,,
12059497,,,,,,
12059836,,,,,,
12062455,,,,,,
12062459,,,,,,
12062456,2788,2324,2231,,,1707766880
12062457,,,,,,
12062460,2158,4123,,,,1707768512
12062454,1929,2996,,,,1707768720
12062453,3583,1810,,,,1707771482
12062458,2316,2055,,,,1707772137
12060788,,,,,,
12059119,,,,,,
12059110,2074,2568,,,,1707661619
12059122,1367,1533,,,,1707662136
12059118,1580,1670,,,,1707662687
12059114,,,,,,1707651119
12059113,,,,,,1707663757
12059121,4522,1934,,,,1707669158
12059123,2671,3998,2261,,,1707671921
12061280,4888,2450,,,,1707737361
12061279,2377,2817,,,,1707734830
12061281,1830,3145,,,,1707740566
12061282,3715,2392,2480,,,1707746753
12061283,2568,2198,,,,1707747191
12061278,2669,2449,2455,,,1707755388
12061552,3539,1595,,,,1707753862
12061553,2529,2312,,,,1707758675
12058837,,,,,,
12058840,,,,,,
12058832,,,,,,
12058831,,,,,,
12058836,,,,,,
12060799,,,,,,
12060804,,,,,,
12060801,,,,,,
12060805,,,,,,
12060802,,,,,,
12060806,,,,,,
12060800,,,,,,
12060803,,,,,,
12061182,,,,,,
12061088,,,,,,
12061087,,,,,,
12061332,,,,,,
12061412,,,,,,
12061331,,,,,,
12061338,,,,,,
12061086,,,,,,
12063652,1650,2188,,,,1707811488
12063651,3247,2474,,,,1707813513
12063644,2928,2458,779,,,1707815335
12063643,1429,2436,,,,1707811497
12063641,2747,1835,,,,1707817470
12063642,1117,1786,,,,1707815742
12063649,2492,1661,,,,1707819257
12063645,3027,2964,,,,1707824664
12066512,3058,2912,,,,1707904672
12066508,2487,3294,3647,,,1707912431
12065015,3790,2556,,,,1707912389
12066510,3400,2271,,,,1707911793
12066515,3574,3762,,,,1707915379
12066511,2695,2079,,,,1707917490
12065024,3828,2905,,,,1707919414
12066503,3367,1923,2369,,,1707922708
12063996,2722,1700,,,,1707822658
12063999,2141,2887,,,,1707823102
12063988,2214,3400,2216,,,1707821126
12064983,2316,3668,,,,1707902101
12066757,8,2358,3844,,,1707907159
12064972,1599,1912,,,,1707901681
12066756,2677,3637,,,,1707902654
12064979,2897,2589,,,,1707902952
12066762,4310,3240,,,,1707910712
12066758,2475,3048,4135,,,1707912790
12064978,2609,2681,,,,1707914065
12066759,3557,3294,,,,1707915513
12064958,2593,2000,,,,1707915691
12064955,2057,4167,3840,,,1707924336
12066761,,,,,,
12069329,3015,4603,2252,,,1707927273
12066760,2461,2302,,,,1707922734
12064510,2095,1475,2492,,,1707847893
12064505,3394,1998,,,,1707847630
12064507,2793,2475,4374,,,1707849782
12064514,3694,3592,3351,,,1707851767
12064506,1682,3151,,,,1707852199
12064519,1798,1382,,,,1707853130
12064504,4435,3104,2990,,,1707862584
12064508,1691,1728,,,,1707856898
12064509,2189,1763,,,,1707858391
12064516,3196,2532,,,,1707859551
12064518,1705,2073,,,,1707861003
12064511,1857,2381,,,,1707863139
12064515,1844,1699,4294,,,1707866377
12064513,2054,1528,2301,,,1707869357
12064512,,,,,,
12067467,1447,133,,,,1707872841
12064517,1646,1612,,,,1707876472
12063328,2366,1807,,,,1707792435
12063315,1785,2626,,,,1707791811
12063331,3197,1203,,,,1707793249
12063327,3252,3048,,,,1707793479
12063313,1862,2295,,,,1707796874
12063326,3127,2469,3757,,,1707801451
12063325,1690,2163,,,,1707796953
12063324,3341,3504,2704,,,1707804408
12063333,1812,2543,,,,1707801048
12063314,2043,2410,,,,1707810207
12064881,2569,3078,3501,,,1707887317
12064885,2901,1553,,,,1707889978
12064886,,,,,,
12064882,2630,17948,64,,,1707910625
12064884,1054,2118,,,,1707892496
12068007,1545,1894,,,,1707893372
12064883,2143,,,,,1707895220
12064009,2617,4002,,,,1707821741
12064016,3513,3118,2726,,,1707826069
12064017,2222,2570,2872,,,1707831116
12064014,1962,3119,2982,,,1707835024
12064008,2521,4471,,,,1707837165
12064007,2600,2673,2703,,,1707844216
12064011,1900,2114,,,,1707844376
12064013,1868,2623,,,,1707849684
12065006,2850,2334,,,,1707908527
12065003,3197,2718,1936,,,1707911379
12065001,2899,2398,,,,1707914574
12065007,2502,2017,,,,1707916360
12065008,,,,,,
12069098,3157,2526,3538,,,1707923229
12065002,2527,2239,,,,1707921567
12066191,3363,2950,2712,,,1707902487
12066188,2643,5115,,,,1707899323
12066184,2191,1654,,,,1707898345
12066183,4223,2937,2565,,,1707903568
12066181,2314,2347,,,,1707903124
12066189,3273,3055,2756,,,1707912391
12066190,4020,2711,,,,1707910462
12066185,2908,4144,,,,1707909774
12066195,4241,2770,,,,1707918090
12066187,2437,2722,,,,1707917045
12066192,2202,2523,,,,1707918083
12061035,1699,2405,,,,1707741776
12061016,2529,2546,,,,1707744758
12063582,157690,4654,,,,1707980504
12063599,,,,,,1707984571
12063583,158245,2299,,,,1707980790
12063589,159242,2155,794,,,1707983921
12063588,158918,3061,1054,,,1707984605
12063862,4708,1593,1346,,,1707820146
12063892,,,,,,
12063859,,,,,,1707815610
12063870,3121,3,,,,1707818419
12063873,3783,1754,944,,,1707819348
12063872,2,2096,,,,1707814971
12063887,2424,4947,,,,1707816132
12063879,2080,2218,1589,,,1707818080
12063404,1806,3599,,,,1707745663
12063401,3123,3418,,,,1707747875
12063407,3909,3009,802,,,1707752206
12063395,3209,2687,,,,1707747084
12063507,4768,61428,,,,1707755545
12063563,2895,4224,2390,,,1707833316
12063560,2116,2909,,,,1707831663
12063569,4496,3042,,,,1707840440
12063568,4365,2235,,,,1707909599
12063566,2303,799,,,,1707908306
12063556,,,,,,1707905209
12063561,1871,3803,,,,1707910683
12063562,2206,4488,3046,,,1707917711
12063559,2747,2642,,,,1707915307
12063554,2313,2445,,,,1707921333
12064415,2481,3166,,,,1707854440
12064418,2710,3246,,,,1707852960
12064416,2846,2000,2276,,,1707855683
12064422,2529,4110,,,,1707859845
12064212,3038,976,,,,1707854127
12064215,1625,2539,2148,,,1707856532
12064216,3554,4965,,,,1707857805
12064213,3843,2416,61579,,,1707863043
12065032,4868,2419,5105,,,1707924119
12067405,4175,2980,,,,1707920308
12065029,3479,4466,2125,,,1707924238
12065031,2331,3525,,,,1707918295
12066137,2564,3385,,,,1707900559
12064906,2047,1833,,,,1707900416
12064911,1986,1809,,,,1707900097
12064889,1858,2001,,,,1707900026
12064907,,,,,,1707902943
12064912,2047,1767,,,,1707904750
12066135,3066,3150,3186,,,1707909525
12064887,2407,2498,,,,1707907062
12064910,3179,3415,,,,1707910363
12064908,2014,2913,,,,1707909434
12066133,2420,2486,2603,,,1707915492
12066140,2812,1704,,,,1707915972
12064904,2371,1931,,,,1707915796
12066136,2421,1878,,,,1707916955
12066134,4002,2057,,,,1707922616
12066138,1336,550,,,,1707919887
12064997,1379,1168,,,,1707910174
12064996,3633,3167,,,,1707913150
12064990,3002,4308,1889,,,1707918101
12064995,2441,2222,,,,1707914651
12064999,2610,2630,,,,1707918031
12064988,3470,1741,,,,1707921341
12064987,3413,3100,,,,1707921355
12059148,,,,,,
12061928,,,,,,
12059133,,,,,,
12059138,,,,,,
12059139,,,,,,
12059143,,,,,,
12063945,,,,,,
12063536,,,,,,
12063499,,,,,,
12063534,,,,,,
12063500,,,,,,
12061926,,,,,,
12061925,,,,,,
12063535,,,,,,
12063948,,,,,,
12063950,,,,,,
12063947,,,,,,
12063533,,,,,,
12064027,,,,,,
12063946,,,,,,
12063949,,,,,,
12066108,2106,3224,,,,1707840966
12066333,1319,3040,,,,1707846579
12066334,3326,2558,974,,,1707847177
12066109,2285,67038,,,,1707847214
12067038,3733,2617,,,,1707907510
12067036,2180,3807,,,,1707906020
12066584,2956,1931,,,,1707906572
12067037,2195,2108,,,,1707905835
12063814,1683,3249,1759,,,1707822319
12063812,1861,2530,,,,1707818886
12063817,2133,2311,,,,1707826850
12063813,1784,1636,2024,,,1707844018
12063811,2065,3179,4118,,,1707854318
12066500,2774,2363,2620,,,1707909009
12064929,4959,2066,,,,1707908783
12066509,3134,4712,,,,1707914684
12066501,2346,1952,,,,1707914779
12066506,2477,4336,2236,,,1707924524
12063864,4509,3909,,,,1707827498
12063875,,,,,,
12063876,2732,4301,2030,,,1707837295
12064938,1658,2789,,,,1707901737
12066342,3576,2013,3683,,,1707905867
12066340,2079,3174,2749,,,1707906125
12066339,2395,1630,,,,1707902931
12064948,1890,3345,,,,1707907519
12066341,1800,4196,2683,,,1707911550
12064949,2962,3643,,,,1707909721
12066343,1448,3425,1863,,,1707915444
12066344,2614,2051,,,,1707913729
12064951,1706,1428,,,,1707913847
12064945,2368,3208,,,,1707917858
12066345,1911,1670,,,,1707919015
12066346,2290,2686,,,,1707920838
12063757,1814,1951,,,,1707825454
12063774,1745,2120,,,,1707825138
12063770,2505,2378,,,,1707830522
12063758,4925,2554,,,,1707833055
12066504,4109,4640,,,,1707906129
12065018,3144,3047,,,,1707904559
12066507,1909,2220,,,,1707903534
12049812,2595,3297,,,,1707903716
12059258,3268,1663,1886,,,1707755414
12059257,2233,3347,,,,1707755717
12059252,3186,2529,,,,1707761206
12059259,2172,2402,,,,1707762074
12059251,2100,2468,2867,,,1707770195
12063925,2830,2035,2734,,,1707820305
12063932,2368,2364,,,,1707817769
12063930,1259,1311,,,,1707822176
12063929,2744,1584,,,,1707826666
12063931,2990,2881,,,,1707827699
12059253,4519,1893,1220,,,1707843678
12059256,,,,,,
12065726,2262,2193,,,,1707848407
12063928,3141,2765,3772,,,1707857520
12059254,2106,2979,2066,,,1707906698
12049726,2119,2187,,,,1707911770
12059249,1900,2476,,,,1707916876
12059271,3975,1648,,,,1707750603
12059264,3125,2606,,,,1707750807
12059273,2275,2361,,,,1707756572
12059263,2756,2312,3458,,,1707826244
12059267,1615,3564,,,,1707822734
12059268,1730,2748,1196,,,1707825407
12063637,2345,1945,,,,1707829872
12063638,2555,3951,,,,1707833095
12059266,3620,3773,5000,,,1707842532
12059261,2830,2141,1903,,,1707843031
12059269,2722,3386,2501,,,1707845118
12063639,2410,4025,2008,,,1707913587
12059262,2956,2496,,,,1707910185
12059270,2633,1803,,,,1707909782
12063636,2671,2268,,,,1707915017
12063640,2800,2072,,,,1707916318
12049736,2601,2159,,,,1707918913
12058640,,,,,,
12058633,2002,1920,,,,1707829159
12058635,1252,3216,908,,,1707837262
12058639,2024,1588,,,,1707847708
12065955,1736,3371,,,,1707850034
12058634,,,,,,
12058636,2051,2180,,,,1707920262
12058637,2202,2529,,,,1707921880
12063088,1400,257,,,,1707747583
12063065,3527,2397,,,,1707750501
12063372,2067,1770,3762,,,1707752943
12063311,3541,210,,,,1707754279
12063527,1535,2353,,,,1707755419
12061919,3753,2177,2393,,,1707750090
12061539,2790,3148,,,,1707743614
12063861,,,,,,
12063874,,,,,,
12066014,4571,3178,,,,1707904755
12064967,2340,2133,,,,1707902221
12064963,4294,5062,5352,,,1707909782
12066015,3377,2224,,,,1707903448
12064965,2622,2700,,,,1707902682
12064975,4,2949,,,,1707907474
12064959,2,6,,,,1707912369
12064964,3020,4475,,,,1707912026
12066018,2585,4624,3191,,,1707918928
12066016,2,3,,,,1707917543
12066020,4605,6344,,,,1707919019
12066019,2226,3967,,,,1707918337
12066022,2312,2403,,,,1707919919
12066021,2790,3157,,,,1707921366
12064004,2688,3097,,,,1707822136
12063983,2598,3920,,,,1707820399
12064002,2201,2778,2995,,,1707827330
12063995,2384,1973,,,,1707827860
12065900,2291,2551,,,,1707902402
12064960,2773,5024,,,,1707902704
12065897,2362,3139,,,,1707902511
12065896,3044,1812,,,,1707907592
12064936,2255,3443,,,,1707908073
12064969,1685,1696,,,,1707908316
12065895,2076,2497,,,,1707909461
12065894,1825,2389,,,,1707910637
12065899,3455,2009,1872,,,1707916338
12065893,2577,2022,,,,1707915633
12065898,1452,2586,1941,,,1707918619
12064933,4659,2994,,,,1707919650
12063316,1460,3377,,,,1707791678
12063312,3857,2411,1313,,,1707797016
12063329,3246,2558,,,,1707799746
12063317,2305,3103,,,,1707803360
12063321,1522,3399,1311,,,1707808080
12064943,1273,2638,,,,1707882977
12065153,1720,3128,3968,,,1707886756
12064941,2945,2125,1780,,,1707887432
12065152,1465,2272,,,,1707883162
12065148,1347,2647,,,,1707883284
12064914,2117,3384,,,,1707888487
12065149,3484,2001,,,,1707889949
12065151,1527,2564,,,,1707894301
12064920,2397,2709,,,,1707897805
12065147,1530,2295,,,,1707897947
12065150,2600,2212,,,,1707902311
12060687,2698,56651,1171,,,1707791817
12063555,3694,2438,,,,1707822564
12063565,3230,2443,,,,1707822166
12063557,3026,2689,,,,1707822082
12063564,1240,2190,,,,1707826672
12063567,2629,3774,2825,,,1707831970
12059442,2653,4896,,,,1707761103
12059447,2493,2851,1458,,,1707772842
12059446,3096,2964,2290,,,1707782648
12059445,3753,2365,,,,1707789926
12059443,2406,2570,,,,1707844799
12059440,4149,2873,3489,,,1707849545
12062467,3605,2245,,,,1707849496
12062468,4286,3447,,,,1707852949
12062466,2594,2148,3492,,,1707858985
12062465,2245,2344,,,,1707859686
12059444,2840,2611,,,,1707867313
12059441,2408,1922,,,,1707873340
12057531,2645,2547,,,,1707764060
12057533,3178,2542,2719,,,1707773714
12063982,2390,4262,,,,1707781739
12057535,,,,,,
12057530,2291,3127,,,,1707789418
12057534,2608,2637,2309,,,1707845719
12057529,3536,1970,,,,1707851404
12064031,3428,2370,,,,1707852126
12057528,,,,,,
12064030,1810,3717,,,,1707856235
12066746,2146,2921,3402,,,1707860456
12064028,2276,4517,2271,,,1707871556
12057532,2128,3200,,,,1707867935
12064029,1872,2416,,,,1707874787
12056873,3553,4288,,,,1707743278
12058886,3191,2378,3668,,,1707747264
12056871,,,,,,
12056869,3342,2722,4546,,,1707747887
12063423,2873,3263,,,,1707745093
12058888,3021,3715,,,,1707746148
12056878,2311,3737,,,,1707750737
12056879,3367,2789,4300,,,1707755406
12058887,1889,2904,,,,1707752658
12056870,3037,2248,,,,1707755236
12056866,1552,2588,,,,1707754887
12056872,1745,3674,2627,,,1707762068
12049681,2004,1677,,,,1707760698
12049675,1721,1502,2527,,,1707766813
12049673,,,,,,1707822531
12049668,2029,2826,2182,,,1707827489
12049679,1974,2659,2328,,,1707830732
12049678,1539,2223,,,,1707828231
12049695,3331,2738,,,,1707831350
12049674,1990,3185,2930,,,1707835907
12049677,2971,3860,,,,1707834518
12049693,1418,2312,1961,,,1707835582
12049697,1629,3222,2898,,,1707838765
12049672,2230,2617,,,,1707837447
12049696,1333,1879,,,,1707841127
12049694,2996,1905,,,,1707844174
12049698,1862,4453,,,,1707846034
12049680,1926,1599,,,,1707849141
12049692,,,,,,
12049689,3794,2864,,,,1707912685
12049690,3493,2636,,,,1707916234
12049691,3422,2094,,,,1707917843
12049676,2000,2542,1771,,,1707921012
12061694,2351,1854,,,,1707756512
12059247,1972,3131,,,,1707759589
12059244,1950,1271,,,,1707813765
12059246,2991,1799,,,,1707815176
12059245,3051,2206,3035,,,1707816999
12059248,,,,,,1707816895
12063937,,,,,,1707818206
12063939,1948,2017,,,,1707823189
12060816,2482,2977,,,,1707826065
12059235,1374,1349,,,,1707825499
12059243,3963,3322,,,,1707830289
12059239,3353,2982,,,,1707833356
12059241,2461,3810,,,,1707832751
12063940,2527,1850,4482,,,1707839292
12063938,1993,3132,,,,1707839569
12059242,2260,3243,,,,1707840863
12063941,2510,1949,3352,,,1707849415
12049782,2126,2397,,,,1707900666
12049778,3211,4103,3999,,,1707905966
12049788,1371,2040,,,,1707906710
12049787,3037,2987,,,,1707908749
12049780,2826,2035,3372,,,1707914579
12049786,2021,3976,1374,,,1707917134
12049781,3054,2139,,,,1707915688
12049775,3186,2353,,,,1707922665
12059843,3367,2262,,,,1707806470
12063388,3337,3261,,,,1707806254
12063390,1883,3981,,,,1707804853
12059847,1940,1731,,,,1707811647
12059942,2553,2337,,,,1707812259
12063389,2239,2963,2252,,,1707815526
12063391,2279,2073,4028,,,1707818443
12063386,2035,3121,,,,1707817493
12063387,4454,2893,2641,,,1707826037
12059841,1989,3614,,,,1707825326
12059844,2568,2637,,,,1707832188
12059840,2614,2439,,,,1707891850
12059850,2050,1588,,,,1707891085
12049802,1263,2247,2079,,,1707898038
12049804,2289,3315,,,,1707897676
12049817,2976,2657,,,,1707899737
12061293,2405,5346,2311,,,1707748131
12056909,3476,2658,,,,1707755067
12056906,2382,3932,3944,,,1707769747
12061298,4180,4264,,,,1707779022
12056908,3394,3311,,,,1707822471
12056902,2117,2600,1894,,,1707832085
12058339,3768,1697,,,,1707837972
12056899,2745,2213,,,,1707838013
12056905,2434,2762,3521,,,1707852826
12061324,2682,2245,,,,1707852345
12056907,1861,2902,3385,,,1707860759
12056904,3099,2934,2310,,,1707911331
12061325,3061,2811,,,,1707908469
12056903,3234,2119,,,,1707916030
12049651,2061,2299,,,,1707916672
12056901,2948,1699,1940,,,1707924215
12063509,,,,,,
12063508,,,,,,
12063506,,,,,,
12062146,,,,,,
12062137,,,,,,
12062144,,,,,,
12062141,,,,,,
12062140,,,,,,
12062139,,,,,,
12062148,,,,,,
12062147,,,,,,
12062135,,,,,,
12062133,,,,,,
12062134,,,,,,
12062138,,,,,,
12062136,,,,,,
12062142,,,,,,
12062145,,,,,,
12062143,,,,,,
12064412,,,,,,
12064410,,,,,,
12064419,,,,,,
12064411,,,,,,
12064417,,,,,,
12064409,,,,,,
12064414,,,,,,
12064413,,,,,,
12061956,,,,,,
12061963,,,,,,
12061967,,,,,,
12061965,,,,,,
12061966,,,,,,
12061960,,,,,,
12061954,,,,,,
12061962,,,,,,
12061959,,,,,,
12061957,,,,,,
12061955,,,,,,
12061961,,,,,,
12061964,,,,,,
12061968,,,,,,
12061958,,,,,,
12061953,,,,,,
12064217,3434,2702,,,,1707842425
12064214,2530,3249,1002,,,1707843313
12064211,5391,4404,,,,1707848234
12066179,2853,1827,,,,1707840030
12066577,2883,2541,808,,,1707849140
12066325,3183,2201,,,,1707848740
12066324,2672,3890,,,,1707849081
12066790,2429,4030,,,,1707856358
12063669,3901,2348,722,,,1707818135
12063666,3628,4136,,,,1707815869
12063663,1375,3764,1067,,,1707817627
12063672,3943,2356,,,,1707816081
12063662,3628,2059,,,,1707823036
12063661,2907,1840,,,,1707822328
12063671,3532,2441,746,,,1707825741
12063660,3098,2751,844,,,1707826962
12061472,1898,2111,,,,1707741830
12061477,4361,2363,4195,,,1707750614
12061460,1904,1923,,,,1707746894
12061740,2286,2955,,,,1707754454
12061481,2432,2074,,,,1707757922
12061018,2324,2206,,,,1707742309
12061024,1502,2597,,,,1707742363
12061026,4211,2975,891,,,1707749128
12061007,3469,3576,803,,,1707748775
12061014,1159,2118,,,,1707742713
12061020,2422,2350,,,,1707745608
12063615,158909,2897,,,,1707981529
12063587,159144,161086,,,,1707824282
12063611,167352,169438,,,,1707823403
12061464,,,,,,
12061451,,,,,,
12061457,,,,,,
12061466,,,,,,
12061473,,,,,,
12061448,,,,,,
12061469,,,,,,
12061479,,,,,,
12063877,1559,5384,,,,1707819678
12063871,2030,2166,985,,,1707820835
12063889,4,4,,,,1707825589
12063882,1595,1598,,,,1707822463
12063860,1905,4659,939,,,1707828133
12063869,2992,2643,1277,,,1707828041
12063863,,,,,,1707824789
12063884,,,,,,1707824513
12061250,,,,,,
12061254,,,,,,
12061259,,,,,,
12061241,,,,,,
12061245,,,,,,
12063756,,,,,,
12063762,,,,,,
12063766,,,,,,
12063767,,,,,,
12063768,,,,,,
12063765,,,,,,
12063759,,,,,,
12063761,,,,,,
12061572,,,,,,
12061564,,,,,,
12061570,,,,,,
12061561,,,,,,
12061574,,,,,,
12063396,,,,,,
12063402,,,,,,
12063409,,,,,,
12063406,,,,,,
12063399,,,,,,
12063403,,,,,,
12063400,,,,,,
12063405,,,,,,
12063397,,,,,,
12064000,1867,3640,,,,1707822474
12063991,4051,3729,,,,1707817946
12063398,,,,,,
12064001,2882,5582,,,,1707818263
12063408,,,,,,
12066013,2149,1251,,,,1707827939
12065890,2973,3917,2,,,1707834241
12065914,5,927,808,,,1707832556
12065913,3525,3838,1464,,,1707834733
12063985,1931,2793,,,,1707833114
12062455,,,,,,
12062459,,,,,,
12062456,2788,2324,2231,,,1707766880
12062457,,,,,,
12062460,2158,4123,,,,1707768512
12062454,1929,2996,,,,1707768720
12062453,3583,1810,,,,1707771482
12062458,2316,2055,,,,1707772137
12061282,3715,2392,2480,,,1707746753
12061283,2568,2198,,,,1707747191
12061278,2669,2449,2455,,,1707755388
12061552,3539,1595,,,,1707753862
12061553,2529,2312,,,,1707758675
12063652,1650,2188,,,,1707811488
12063651,3247,2474,,,,1707813513
12063644,2928,2458,779,,,1707815335
12063643,1429,2436,,,,1707811497
12063641,2747,1835,,,,1707817470
12063642,1117,1786,,,,1707815742
12063649,2492,1661,,,,1707819257
12063645,3027,2964,,,,1707824664
12063595,3118,2425,,,,1707998207
12064980,2978,2081,,,,1707998390
12064973,3372,3186,2809,,,1708001945
12063604,1729,3191,,,,1707998510
12064985,2078,3070,,,,1707999389
12063614,1939,2498,1896,,,1708002788
12063613,1825,2062,,,,1708003564
12064981,2675,2245,,,,1708004890
12071943,2085,3621,3035,,,1708010716
12063607,2993,3109,,,,1708009169
12063875,,,,,,
12063876,2732,4301,2030,,,1707837295
12064938,1658,2789,,,,1707901737
12066342,3576,2013,3683,,,1707905867
12066340,2079,3174,2749,,,1707906125
12066339,2395,1630,,,,1707902931
12064948,1890,3345,,,,1707907519
12066341,1800,4196,2683,,,1707911550
12064949,2962,3643,,,,1707909721
12066343,1448,3425,1863,,,1707915444
12066344,2614,2051,,,,1707913729
12064951,1706,1428,,,,1707913847
12064945,2368,3208,,,,1707917858
12066345,1911,1670,,,,1707919015
12066346,2290,2686,,,,1707920838
12069106,4589,3320,2251,,,1707994992
12069064,2919,2442,,,,1707989951
12066276,3054,2148,2339,,,1707991628
12069643,3478,3529,2319,,,1707993441
12069330,1317,3659,,,,1707994710
12069384,4081,2202,2463,,,1708001454
12069780,1828,2941,,,,1707998984
12069331,989,1715,,,,1708000368
12063770,2505,2378,,,,1707830522
12063758,4925,2554,,,,1707833055
12066504,4109,4640,,,,1707906129
12065018,3144,3047,,,,1707904559
12066507,1909,2220,,,,1707903534
12066512,3058,2912,,,,1707904672
12066508,2487,3294,3647,,,1707912431
12065015,3790,2556,,,,1707912389
12066510,3400,2271,,,,1707911793
12066515,3574,3762,,,,1707915379
12066511,2695,2079,,,,1707917490
12065024,3828,2905,,,,1707919414
12066503,3367,1923,2369,,,1707922708
12065019,3375,3512,3749,,,1707926901
12066120,3916,2601,,,,1707992136
12069327,3325,1683,1751,,,1707993087
12069140,3423,3314,,,,1707991907
12069822,4317,3258,,,,1707992442
12069699,2946,1639,4413,,,1708000629
12069923,2720,1787,2065,,,1708001141
12069537,3207,2621,4947,,,1708002065
12065028,2343,1850,,,,1707999670
12064983,2316,3668,,,,1707902101
12066757,8,2358,3844,,,1707907159
12064972,1599,1912,,,,1707901681
12066756,2677,3637,,,,1707902654
12064979,2897,2589,,,,1707902952
12066762,4310,3240,,,,1707910712
12066758,2475,3048,4135,,,1707912790
12064978,2609,2681,,,,1707914065
12066759,3557,3294,,,,1707915513
12064958,2593,2000,,,,1707915691
12064955,2057,4167,3840,,,1707924336
12066761,,,,,,
12069329,3015,4603,2252,,,1707927273
12066760,2461,2302,,,,1707922734
12069074,3347,3944,2468,,,1707994427
12064962,2193,2560,6164,,,1707991300
12069069,2133,1821,,,,1707988552
12069902,1341,1975,,,,1707992890
12069398,1908,2627,,,,1707995361
12069696,2128,3935,,,,1707996127
12069153,2235,3465,1820,,,1708003665
12069908,1571,2580,,,,1707999917
12064510,2095,1475,2492,,,1707847893
12064505,3394,1998,,,,1707847630
12064507,2793,2475,4374,,,1707849782
12064514,3694,3592,3351,,,1707851767
12064506,1682,3151,,,,1707852199
12064519,1798,1382,,,,1707853130
12064504,4435,3104,2990,,,1707862584
12064508,1691,1728,,,,1707856898
12064509,2189,1763,,,,1707858391
12064516,3196,2532,,,,1707859551
12064518,1705,2073,,,,1707861003
12064511,1857,2381,,,,1707863139
12064515,1844,1699,4294,,,1707866377
12064513,2054,1528,2301,,,1707869357
12064512,,,,,,
12067467,1447,133,,,,1707872841
12064517,1646,1612,,,,1707876472
12067299,2045,2104,,,,1707932711
12067531,2086,2264,,,,1707933067
12067446,1167,2075,2218,,,1707933778
12067530,2076,2780,,,,1707932452
12067154,2084,1943,3134,,,1707939894
12067969,3430,3338,,,,1707940306
12067979,2925,2135,2593,,,1707949276
12067156,2104,2420,,,,1707968221
12064415,2481,3166,,,,1707854440
12064418,2710,3246,,,,1707852960
12064416,2846,2000,2276,,,1707855683
12064422,2529,4110,,,,1707859845
12067110,2014,3208,,,,1707925472
12065010,2187,2656,,,,1707925708
12067106,3003,3277,3319,,,1707930096
12067112,2865,4366,4465,,,1707930879
12067111,2205,1782,,,,1707931686
12067107,3135,2061,3034,,,1707935286
12067108,1985,2248,,,,1707936170
12065026,,,,,,
12065025,2883,3023,,,,1707945073
12067109,5029,2767,3891,,,1707944497
12065012,3354,2448,2721,,,1707945138
12065030,2541,3383,,,,1707942204
12064212,3038,976,,,,1707854127
12064215,1625,2539,2148,,,1707856532
12064216,3554,4965,,,,1707857805
12064213,3843,2416,61579,,,1707863043
12065032,4868,2419,5105,,,1707924119
12067405,4175,2980,,,,1707920308
12065029,3479,4466,2125,,,1707924238
12065031,2331,3525,,,,1707918295
12065027,2995,3377,2966,,,1707930975
12067406,2915,3260,3228,,,1707931979
12067410,2407,4512,4117,,,1707935240
12067411,3552,1880,,,,1707933952
12067409,3298,1190,,,,1707939185
12065009,2956,2178,,,,1707939564
12067408,3353,2740,4559,,,1707943808
12067407,2426,2962,3259,,,1707946177
12067464,2874,2979,,,,1708005569
12069800,2879,2541,,,,1708005425
12069916,4001,5590,3379,,,1708012876
12070034,3622,2203,3250,,,1708008204
12066137,2564,3385,,,,1707900559
12064906,2047,1833,,,,1707900416
12064911,1986,1809,,,,1707900097
12064889,1858,2001,,,,1707900026
12064907,,,,,,1707902943
12064912,2047,1767,,,,1707904750
12066135,3066,3150,3186,,,1707909525
12064887,2407,2498,,,,1707907062
12064910,3179,3415,,,,1707910363
12064908,2014,2913,,,,1707909434
12066133,2420,2486,2603,,,1707915492
12066140,2812,1704,,,,1707915972
12064904,2371,1931,,,,1707915796
12066136,2421,1878,,,,1707916955
12066134,4002,2057,,,,1707922616
12066138,1336,550,,,,1707919887
12069209,2132,3773,,,,1707995822
12069397,1457,2047,,,,1707994959
12069563,4622,3033,,,,1707998570
12069512,3264,2047,,,,1707996847
12068864,3655,2599,1591,,,1708004038
12069399,2717,2653,2465,,,1708005034
12069117,2600,3154,3941,,,1708006481
12069793,2449,3135,4260,,,1708007882
12064997,1379,1168,,,,1707910174
12064996,3633,3167,,,,1707913150
12064990,3002,4308,1889,,,1707918101
12064995,2441,2222,,,,1707914651
12064999,2610,2630,,,,1707918031
12064988,3470,1741,,,,1707921341
12064987,3413,3100,,,,1707921355
12064986,3031,3712,3725,,,1707927685
12069267,2871,2531,,,,1707924350
12069265,2775,2385,3697,,,1707929110
12069271,2245,2897,,,,1707927452
12069269,3769,86430,,,,1707931799
12063948,,,,,,
12063950,,,,,,
12063947,,,,,,
12063533,,,,,,
12064027,,,,,,
12063946,,,,,,
12063949,,,,,,
12066108,2106,3224,,,,1707840966
12066333,1319,3040,,,,1707846579
12066334,3326,2558,974,,,1707847177
12066109,2285,67038,,,,1707847214
12067038,3733,2617,,,,1707907510
12067036,2180,3807,,,,1707906020
12066584,2956,1931,,,,1707906572
12067037,2195,2108,,,,1707905835
12063813,1784,1636,2024,,,1707844018
12063811,2065,3179,4118,,,1707854318
12066500,2774,2363,2620,,,1707909009
12064929,4959,2066,,,,1707908783
12066509,3134,4712,,,,1707914684
12066501,2346,1952,,,,1707914779
12066506,2477,4336,2236,,,1707924524
12066514,1710,3738,,,,1707921971
12066502,3099,3292,1915,,,1707933449
12066505,2940,1591,,,,1707930423
12064935,2096,2270,,,,1707932539
12064942,1901,2777,,,,1707939987
12066513,2303,1636,,,,1707939146
12066841,2150,2655,2986,,,1707996533
12069967,2940,2835,3156,,,1707997657
12065958,2191,2757,,,,1708002440
12064927,4036,3226,3532,,,1708009223
12049740,1950,2521,,,,1708002616
12058633,2002,1920,,,,1707829159
12058635,1252,3216,908,,,1707837262
12058639,2024,1588,,,,1707847708
12065955,1736,3371,,,,1707850034
12058634,,,,,,
12058636,2051,2180,,,,1707920262
12058637,2202,2529,,,,1707921880
12065959,2626,2044,690,,,1707928113
12058638,1586,2160,,,,1707930730
12049737,1886,3723,,,,1707999137
12063593,1678,5393,,,,1707985537
12064946,5485,2657,,,,1707991376
12063596,7713,3637,3572,,,1707997064
12064937,4639,2049,,,,1707993750
12063601,2337,2188,,,,1707994008
12064932,4322,2075,1852,,,1707998145
12063591,3091,2598,4570,,,1707997806
12063597,3878,2813,3763,,,1708001868
12071906,4128,2522,1779,,,1708006836
12064931,3248,4199,,,,1708004673
12071827,2611,2521,2969,,,1708007835
12071825,3558,2081,,,,1708007170
12071831,2396,1596,,,,1708005874
12071830,2328,2400,,,,1708008069
12066014,4571,3178,,,,1707904755
12064967,2340,2133,,,,1707902221
12064963,4294,5062,5352,,,1707909782
12066015,3377,2224,,,,1707903448
12064965,2622,2700,,,,1707902682
12064975,4,2949,,,,1707907474
12064959,2,6,,,,1707912369
12064964,3020,4475,,,,1707912026
12066018,2585,4624,3191,,,1707918928
12066016,2,3,,,,1707917543
12066020,4605,6344,,,,1707919019
12066019,2226,3967,,,,1707918337
12066022,2312,2403,,,,1707919919
12066021,2790,3157,,,,1707921366
12069700,4657,4130,,,,1707990859
12069154,3735,4320,,,,1707990221
12069823,3237,3472,,,,1707989613
12069799,2655,1786,,,,1707996933
12069328,3055,5050,3699,,,1708003629
12069698,3384,1825,,,,1707999549
12069348,2875,4765,2694,,,1708010077
12065900,2291,2551,,,,1707902402
12064960,2773,5024,,,,1707902704
12065897,2362,3139,,,,1707902511
12065896,3044,1812,,,,1707907592
12064936,2255,3443,,,,1707908073
12064969,1685,1696,,,,1707908316
12065895,2076,2497,,,,1707909461
12065894,1825,2389,,,,1707910637
12065899,3455,2009,1872,,,1707916338
12065893,2577,2022,,,,1707915633
12065898,1452,2586,1941,,,1707918619
12064933,4659,2994,,,,1707919650
12069622,3490,2791,2041,,,1707992870
12069400,2798,2754,,,,1707989495
12069073,3791,4112,2821,,,1707994577
12069513,1806,3588,1775,,,1707992702
12069121,2997,1945,1910,,,1707991260
12069094,3252,3674,3774,,,1708002818
12069708,2217,2477,,,,1707998000
12069227,3181,2171,,,,1708001847
12064943,1273,2638,,,,1707882977
12065153,1720,3128,3968,,,1707886756
12064941,2945,2125,1780,,,1707887432
12065152,1465,2272,,,,1707883162
12065148,1347,2647,,,,1707883284
12064914,2117,3384,,,,1707888487
12065149,3484,2001,,,,1707889949
12065151,1527,2564,,,,1707894301
12064920,2397,2709,,,,1707897805
12065147,1530,2295,,,,1707897947
12065150,2600,2212,,,,1707902311
12068799,3025,2567,3244,,,1707969207
12068830,4219,2095,,,,1707967098
12068094,3625,3359,,,,1707972892
12068103,1709,4413,,,,1707971952
12065113,3419,2356,,,,1707975127
12068073,2321,2688,2078,,,1707977264
12068012,4088,3108,2190,,,1707984762
12068731,3303,2126,,,,1707980575
12063563,2895,4224,2390,,,1707833316
12063560,2116,2909,,,,1707831663
12063569,4496,3042,,,,1707840440
12063568,4365,2235,,,,1707909599
12063566,2303,799,,,,1707908306
12063556,,,,,,1707905209
12063561,1871,3803,,,,1707910683
12063562,2206,4488,3046,,,1707917711
12063559,2747,2642,,,,1707915307
12063554,2313,2445,,,,1707921333
12063558,2983,363,,,,1707924723
12069795,3427,3265,,,,1707995018
12069782,2921,3697,,,,1707994579
12069079,2795,2722,,,,1707994431
12069628,3781,2488,2547,,,1708004628
12069199,2139,3614,3002,,,1708004928
12066148,2959,2558,,,,1708002116
12066809,1921,2907,,,,1708007313
12062465,2245,2344,,,,1707859686
12059444,2840,2611,,,,1707867313
12059441,2408,1922,,,,1707873340
12049589,2728,2162,,,,1707931585
12049572,2298,1704,1836,,,1707939876
12049573,4174,1741,,,,1707950820
12049586,3420,2721,4088,,,1707959951
12057534,2608,2637,2309,,,1707845719
12057529,3536,1970,,,,1707851404
12064031,3428,2370,,,,1707852126
12057528,,,,,,
12064030,1810,3717,,,,1707856235
12066746,2146,2921,3402,,,1707860456
12064028,2276,4517,2271,,,1707871556
12057532,2128,3200,,,,1707867935
12064029,1872,2416,,,,1707874787
12049624,2206,3073,,,,1707936406
12049626,2389,2542,3949,,,1707945810
12049622,1764,3462,2071,,,1707957499
12049611,2998,2560,,,,1707963777
12049679,1974,2659,2328,,,1707830732
12049678,1539,2223,,,,1707828231
12049695,3331,2738,,,,1707831350
12049674,1990,3185,2930,,,1707835907
12049677,2971,3860,,,,1707834518
12049693,1418,2312,1961,,,1707835582
12049697,1629,3222,2898,,,1707838765
12049672,2230,2617,,,,1707837447
12049696,1333,1879,,,,1707841127
12049694,2996,1905,,,,1707844174
12049698,1862,4453,,,,1707846034
12049680,1926,1599,,,,1707849141
12049692,,,,,,
12049689,3794,2864,,,,1707912685
12049690,3493,2636,,,,1707916234
12049691,3422,2094,,,,1707917843
12049676,2000,2542,1771,,,1707921012
12067090,1638,3486,2664,,,1707926217
12049669,,,,,,1707919441
12049670,1859,3595,,,,1707931920
12049671,1655,3612,,,,1707938362
12049685,2947,2706,,,,1708003693
12059243,3963,3322,,,,1707830289
12059239,3353,2982,,,,1707833356
12059241,2461,3810,,,,1707832751
12063940,2527,1850,4482,,,1707839292
12063938,1993,3132,,,,1707839569
12059242,2260,3243,,,,1707840863
12063941,2510,1949,3352,,,1707849415
12049782,2126,2397,,,,1707900666
12049778,3211,4103,3999,,,1707905966
12049788,1371,2040,,,,1707906710
12049787,3037,2987,,,,1707908749
12049780,2826,2035,3372,,,1707914579
12049786,2021,3976,1374,,,1707917134
12049781,3054,2139,,,,1707915688
12049775,3186,2353,,,,1707922665
12049777,1949,987,,,,1707986638
12049774,2609,3196,,,,1707994571
12049791,2792,2760,,,,1707994632
12049779,3421,1699,2471,,,1708004159
12059844,2568,2637,,,,1707832188
12059840,2614,2439,,,,1707891850
12059850,2050,1588,,,,1707891085
12049802,1263,2247,2079,,,1707898038
12049804,2289,3315,,,,1707897676
12049817,2976,2657,,,,1707899737
12049812,2595,3297,,,,1707903716
12049811,2196,1942,,,,1707981408
12049809,2231,2242,,,,1707987232
12049808,3514,3437,2954,,,1707997554
12049803,1946,4405,,,,1708003286
12059253,4519,1893,1220,,,1707843678
12059256,,,,,,
12065726,2262,2193,,,,1707848407
12063928,3141,2765,3772,,,1707857520
12059254,2106,2979,2066,,,1707906698
12049726,2119,2187,,,,1707911770
12059249,1900,2476,,,,1707916876
12049715,2425,2439,,,,1707922851
12049720,2361,3977,,,,1707923698
12059255,2448,1945,,,,1707934853
12049711,3645,1747,,,,1707941802
12049719,1570,2040,2185,,,1707998847
12049727,3143,3228,,,,1708005342
12063637,2345,1945,,,,1707829872
12063638,2555,3951,,,,1707833095
12059266,3620,3773,5000,,,1707842532
12059261,2830,2141,1903,,,1707843031
12059269,2722,3386,2501,,,1707845118
12063639,2410,4025,2008,,,1707913587
12059262,2956,2496,,,,1707910185
12059270,2633,1803,,,,1707909782
12063636,2671,2268,,,,1707915017
12063640,2800,2072,,,,1707916318
12049736,2601,2159,,,,1707918913
12049732,1458,3581,1349,,,1707926964
12049744,1911,2725,,,,1707927169
12049748,2781,2644,,,,1707996556
12049730,3145,2866,,,,1707996981
12049743,3409,3736,,,,1708003547
12056902,2117,2600,1894,,,1707832085
12058339,3768,1697,,,,1707837972
12056899,2745,2213,,,,1707838013
12056905,2434,2762,3521,,,1707852826
12061324,2682,2245,,,,1707852345
12056907,1861,2902,3385,,,1707860759
12056904,3099,2934,2310,,,1707911331
12061325,3061,2811,,,,1707908469
12056903,3234,2119,,,,1707916030
12049651,2061,2299,,,,1707916672
12056901,2948,1699,1940,,,1707924215
12049650,2308,2629,,,,1707936714
12056910,2416,2732,,,,1707938536
12049640,2023,3695,3508,,,1707948358
12049641,1988,3321,,,,1707993795
12049649,2303,1675,1787,,,1708002885
12049648,2848,3222,2983,,,1708012236
12059443,2406,2570,,,,1707844799
12059440,4149,2873,3489,,,1707849545
12062467,3605,2245,,,,1707849496
12062468,4286,3447,,,,1707852949
12062466,2594,2148,3492,,,1707858985
12064881,2569,3078,3501,,,1707887317
12064885,2901,1553,,,,1707889978
12064886,,,,,,
12064882,2630,17948,64,,,1707910625
12064884,1054,2118,,,,1707892496
12068007,1545,1894,,,,1707893372
12064883,2143,,,,,1707895220
12065696,2036,1670,3558,,,1707967656
12068138,2995,2397,,,,1707965996
12065110,1860,2304,,,,1707964866
12068756,4373,3080,,,,1707967686
12068757,3397,2807,2684,,,1707974836
12068165,4137,1883,,,,1707977322
12065312,2541,2827,5168,,,1707983877
12068072,2606,2103,,,,1707982708
12064017,2222,2570,2872,,,1707831116
12064014,1962,3119,2982,,,1707835024
12064008,2521,4471,,,,1707837165
12064007,2600,2673,2703,,,1707844216
12064011,1900,2114,,,,1707844376
12064013,1868,2623,,,,1707849684
12065006,2850,2334,,,,1707908527
12065003,3197,2718,1936,,,1707911379
12065001,2899,2398,,,,1707914574
12065007,2502,2017,,,,1707916360
12065008,,,,,,
12069098,3157,2526,3538,,,1707923229
12065002,2527,2239,,,,1707921567
12065005,2211,4033,2322,,,1707930842
12065000,2173,2127,,,,1707929758
12067131,2132,3793,,,,1707993956
12069781,1763,2700,,,,1707993362
12066785,2166,2966,,,,1707999017
12066843,2533,2494,,,,1708001216
12069518,2623,2391,,,,1708005229
12069974,3027,1825,,,,1708007865
12066191,3363,2950,2712,,,1707902487
12066188,2643,5115,,,,1707899323
12066184,2191,1654,,,,1707898345
12066183,4223,2937,2565,,,1707903568
12066181,2314,2347,,,,1707903124
12066189,3273,3055,2756,,,1707912391
12066190,4020,2711,,,,1707910462
12066185,2908,4144,,,,1707909774
12066195,4241,2770,,,,1707918090
12066187,2437,2722,,,,1707917045
12066192,2202,2523,,,,1707918083
12066194,2312,4534,,,,1707922713
12066182,2143,1926,,,,1707923695
12066186,2946,1718,2764,,,1707926382
12066193,1765,2305,,,,1707928027
12066196,2294,3352,,,,1707930261
12069326,3324,3068,3139,,,1707997243
12069254,2648,2432,,,,1707994267
12069075,3057,3707,2774,,,1707999142
12069836,1591,2052,2424,,,1708001464
12069982,4103,1755,,,,1708005482
12069579,2574,3418,,,,1708005416
12069886,3514,2062,,,,1708008673
12063582,157690,4654,,,,1707980504
12063599,,,,,,1707984571
12063583,158245,2299,,,,1707980790
12063589,159242,2155,794,,,1707983921
12063588,158918,3061,1054,,,1707984605
12063600,3665,6919,819,,,1707990005
12063580,2522,2817,,,,1707981862
12063581,3654,6778,1256,,,1707989593
12064412,,,,,,
12064410,,,,,,
12064419,,,,,,
12064411,,,,,,
12064417,,,,,,
12064409,,,,,,
12064414,,,,,,
12064413,,,,,,
12061964,,,,,,
12061968,,,,,,
12061958,,,,,,
12061953,,,,,,
12064217,3434,2702,,,,1707842425
12064214,2530,3249,1002,,,1707843313
12064211,5391,4404,,,,1707848234
12066179,2853,1827,,,,1707840030
12066577,2883,2541,808,,,1707849140
12066325,3183,2201,,,,1707848740
12066324,2672,3890,,,,1707849081
12066790,2429,4030,,,,1707856358
12063615,158909,2897,,,,1707981529
12063587,159144,161086,,,,1707824282
12063611,167352,169438,,,,1707823403
12063606,2895,3203,,,,1707982110
12063586,6674,1761,,,,1707992099
12063602,6883,2698,1348,,,1707995693
12063605,1528,3098,754,,,1707994512
12063609,3008,2222,,,,1707992048
12065914,5,927,808,,,1707832556
12065913,3525,3838,1464,,,1707834733
12063985,1931,2793,,,,1707833114
12056903,3234,2119,,,,1707916030
12049651,2061,2299,,,,1707916672
12056901,2948,1699,1940,,,1707924215
12049650,2308,2629,,,,1707936714
12056910,2416,2732,,,,1707938536
12049640,2023,3695,3508,,,1707948358
12049641,1988,3321,,,,1707993795
12049649,2303,1675,1787,,,1708002885
12049648,2848,3222,2983,,,1708012236
12049644,1941,2329,2505,,,1708026710
12049646,1790,2158,,,,1708032314
12049634,2723,2193,2305,,,1708090262
12049589,2728,2162,,,,1707931585
12049572,2298,1704,1836,,,1707939876
12049573,4174,1741,,,,1707950820
12049586,3420,2721,4088,,,1707959951
12049570,2508,3000,,,,1708017635
12049578,2153,3682,2407,,,1708027868
12049583,2038,4283,,,,1708035156
12049585,2785,3053,,,,1708043486
12049624,2206,3073,,,,1707936406
12049626,2389,2542,3949,,,1707945810
12049622,1764,3462,2071,,,1707957499
12049611,2998,2560,,,,1707963777
12049623,2533,3531,,,,1708023085
12049621,3498,3016,3969,,,1708034513
12049617,2695,3235,2166,,,1708045829
12049616,3168,3646,,,,1708052274
12049690,3493,2636,,,,1707916234
12049691,3422,2094,,,,1707917843
12049676,2000,2542,1771,,,1707921012
12067090,1638,3486,2664,,,1707926217
12049669,,,,,,1707919441
12049670,1859,3595,,,,1707931920
12049671,1655,3612,,,,1707938362
12049685,2947,2706,,,,1708003693
12049687,3094,2553,,,,1708010809
12049688,2597,1875,,,,1708017236
12049686,2840,3381,,,,1708023094
12072038,2107,1338,,,,1708065804
12072029,2392,2977,,,,1708066189
12072035,3346,2049,,,,1708067062
12072039,3834,2278,2135,,,1708069875
12072052,2574,1737,,,,1708070594
12072044,2055,3242,3230,,,1708075678
12072048,2137,3859,2471,,,1708076414
12072047,1809,3079,2446,,,1708077888
12072049,2790,2599,,,,1708076130
12072060,,,,,,
12072058,1125,2290,,,,1708082730
12072050,1579,2986,,,,1708081290
12072045,1360,1670,,,,1708081111
12072051,2632,2721,,,,1708083678
12072043,,,,,,
12074230,2324,1932,,,,1708085940
12072061,3416,2147,,,,1708088582
12073831,2509,2527,2669,,,1708092414
12049781,3054,2139,,,,1707915688
12049775,3186,2353,,,,1707922665
12049777,1949,987,,,,1707986638
12049774,2609,3196,,,,1707994571
12049791,2792,2760,,,,1707994632
12049779,3421,1699,2471,,,1708004159
12049793,2635,2180,,,,1708086478
12049776,2612,5939,,,,1708093380
12049811,2196,1942,,,,1707981408
12049809,2231,2242,,,,1707987232
12049808,3514,3437,2954,,,1707997554
12049803,1946,4405,,,,1708003286
12049813,3811,3929,4560,,,1708073825
12049806,3525,3532,3239,,,1708080032
12049816,3799,3289,3350,,,1708091512
12059249,1900,2476,,,,1707916876
12049715,2425,2439,,,,1707922851
12049720,2361,3977,,,,1707923698
12059255,2448,1945,,,,1707934853
12049711,3645,1747,,,,1707941802
12049719,1570,2040,2185,,,1707998847
12049727,3143,3228,,,,1708005342
12049714,1410,1835,,,,1708013099
12049710,3005,3612,,,,1708021702
12049721,1996,2460,,,,1708086621
12063636,2671,2268,,,,1707915017
12063640,2800,2072,,,,1707916318
12049736,2601,2159,,,,1707918913
12049732,1458,3581,1349,,,1707926964
12049744,1911,2725,,,,1707927169
12049748,2781,2644,,,,1707996556
12049730,3145,2866,,,,1707996981
12049743,3409,3736,,,,1708003547
12049740,1950,2521,,,,1708002616
12049749,2336,2112,,,,1708010557
12049733,2639,3438,5112,,,1708086164
12049750,2698,1828,,,,1708088173
12049745,2526,2198,1939,,,1708097162
12058636,2051,2180,,,,1707920262
12058637,2202,2529,,,,1707921880
12065959,2626,2044,690,,,1707928113
12058638,1586,2160,,,,1707930730
12049737,1886,3723,,,,1707999137
12049742,1915,1562,693,,,1708010241
12049741,1194,1799,,,,1708014796
12049735,1745,2132,635,,,1708018199
12063593,1678,5393,,,,1707985537
12064946,5485,2657,,,,1707991376
12063596,7713,3637,3572,,,1707997064
12064937,4639,2049,,,,1707993750
12063601,2337,2188,,,,1707994008
12064932,4322,2075,1852,,,1707998145
12063591,3091,2598,4570,,,1707997806
12063597,3878,2813,3763,,,1708001868
12071906,4128,2522,1779,,,1708006836
12064931,3248,4199,,,,1708004673
12071827,2611,2521,2969,,,1708007835
12071825,3558,2081,,,,1708007170
12071831,2396,1596,,,,1708005874
12071830,2328,2400,,,,1708008069
12071828,2144,2162,,,,1708009124
12071969,2793,7983,,,,1708010730
12071829,3104,3587,,,,1708011252
12071826,1842,3874,,,,1708011793
12071970,2483,2803,,,,1708014104
12072409,,,,,,1708066770
12072329,3291,2144,,,,1708070311
12072371,3755,1745,,,,1708071163
12072661,2451,4486,,,,1708069822
12072522,1340,2112,,,,1708069098
12072533,3354,3610,,,,1708078908
12074135,2558,4725,,,,1708079232
12074163,1589,2942,,,,1708080390
12074422,1551,3884,,,,1708082740
12066020,4605,6344,,,,1707919019
12066019,2226,3967,,,,1707918337
12066022,2312,2403,,,,1707919919
12066021,2790,3157,,,,1707921366
12069700,4657,4130,,,,1707990859
12069154,3735,4320,,,,1707990221
12069823,3237,3472,,,,1707989613
12069799,2655,1786,,,,1707996933
12069328,3055,5050,3699,,,1708003629
12069698,3384,1825,,,,1707999549
12069348,2875,4765,2694,,,1708010077
12069697,4425,3089,,,,1708012652
12071922,3077,3164,,,,1708075956
12071956,3906,2312,3941,,,1708079078
12072164,2409,3301,,,,1708082572
12072521,2308,1690,,,,1708086387
12065893,2577,2022,,,,1707915633
12065898,1452,2586,1941,,,1707918619
12064933,4659,2994,,,,1707919650
12069622,3490,2791,2041,,,1707992870
12069400,2798,2754,,,,1707989495
12069073,3791,4112,2821,,,1707994577
12069513,1806,3588,1775,,,1707992702
12069121,2997,1945,1910,,,1707991260
12069094,3252,3674,3774,,,1708002818
12069708,2217,2477,,,,1707998000
12069227,3181,2171,,,,1708001847
12071930,1703,1690,,,,1708074550
12071921,4597,3663,2753,,,1708081929
12072138,2047,3196,,,,1708084157
12072027,2012,1150,,,,1708087723
12068799,3025,2567,3244,,,1707969207
12068830,4219,2095,,,,1707967098
12068094,3625,3359,,,,1707972892
12068103,1709,4413,,,,1707971952
12065113,3419,2356,,,,1707975127
12068073,2321,2688,2078,,,1707977264
12068012,4088,3108,2190,,,1707984762
12068731,3303,2126,,,,1707980575
12070913,2487,3763,,,,1708051839
12070984,2713,2665,,,,1708052065
12071549,2977,3176,,,,1708060456
12070812,3823,5145,,,,1708061656
12063559,2747,2642,,,,1707915307
12063554,2313,2445,,,,1707921333
12063558,2983,363,,,,1707924723
12069795,3427,3265,,,,1707995018
12069782,2921,3697,,,,1707994579
12069079,2795,2722,,,,1707994431
12069628,3781,2488,2547,,,1708004628
12069199,2139,3614,3002,,,1708004928
12066148,2959,2558,,,,1708002116
12066809,1921,2907,,,,1708007313
12069301,2323,2299,,,,1708010206
12072227,2661,2344,2656,,,1708083308
12072359,2272,1770,,,,1708080296
12072455,3699,2478,,,,1708086421
12072076,2203,2276,,,,1708089039
12067110,2014,3208,,,,1707925472
12065010,2187,2656,,,,1707925708
12067106,3003,3277,3319,,,1707930096
12067112,2865,4366,4465,,,1707930879
12067111,2205,1782,,,,1707931686
12067107,3135,2061,3034,,,1707935286
12067108,1985,2248,,,,1707936170
12065026,,,,,,
12065025,2883,3023,,,,1707945073
12067109,5029,2767,3891,,,1707944497
12065012,3354,2448,2721,,,1707945138
12065030,2541,3383,,,,1707942204
12070287,2772,2184,2499,,,1708014348
12070122,2512,2464,,,,1708012321
12070046,2529,4742,,,,1708012199
12069987,1716,2199,,,,1708017115
12070305,,,,,,1708011928
12067229,3171,2999,,,,1708019055
12070304,2934,3353,,,,1708020898
12070302,2057,4488,,,,1708024983
12064213,3843,2416,61579,,,1707863043
12065032,4868,2419,5105,,,1707924119
12067405,4175,2980,,,,1707920308
12065029,3479,4466,2125,,,1707924238
12065031,2331,3525,,,,1707918295
12065027,2995,3377,2966,,,1707930975
12067406,2915,3260,3228,,,1707931979
12067410,2407,4512,4117,,,1707935240
12067411,3552,1880,,,,1707933952
12067409,3298,1190,,,,1707939185
12065009,2956,2178,,,,1707939564
12067408,3353,2740,4559,,,1707943808
12067407,2426,2962,3259,,,1707946177
12067464,2874,2979,,,,1708005569
12069800,2879,2541,,,,1708005425
12069916,4001,5590,3379,,,1708012876
12070034,3622,2203,3250,,,1708008204
12070257,2960,3383,,,,1708012490
12065013,3401,3934,4343,,,1708017226
12070306,1996,3764,,,,1708014870
12070315,2927,2948,,,,1708019917
12072526,3225,2125,,,,1708092041
12072523,4045,3946,4771,,,1708097004
12066140,2812,1704,,,,1707915972
12064904,2371,1931,,,,1707915796
12066136,2421,1878,,,,1707916955
12066134,4002,2057,,,,1707922616
12066138,1336,550,,,,1707919887
12069209,2132,3773,,,,1707995822
12069397,1457,2047,,,,1707994959
12069563,4622,3033,,,,1707998570
12069512,3264,2047,,,,1707996847
12068864,3655,2599,1591,,,1708004038
12069399,2717,2653,2465,,,1708005034
12069117,2600,3154,3941,,,1708006481
12069793,2449,3135,4260,,,1708007882
12072177,4105,3722,,,,1708075118
12072365,3169,3762,,,,1708074548
12072114,1495,2474,,,,1708072904
12072437,1133,2224,,,,1708072084
12064999,2610,2630,,,,1707918031
12064988,3470,1741,,,,1707921341
12064987,3413,3100,,,,1707921355
12064986,3031,3712,3725,,,1707927685
12069267,2871,2531,,,,1707924350
12069265,2775,2385,3697,,,1707929110
12069271,2245,2897,,,,1707927452
12069269,3769,86430,,,,1707931799
12069266,3571,2909,2823,,,1708016375
12069272,2140,3893,3152,,,1708015750
12069270,2510,2122,,,,1708012565
12069268,2228,2345,1966,,,1708014681
12069580,2156,64373,,,,1708017671
12069872,2999,1803,,,,1708079384
12069794,3596,2734,,,,1708080143
12069983,3582,2549,,,,1708080008
12064991,1941,2658,,,,1708084264
12065004,4715,2966,,,,1708087648
12072511,2717,2009,1790,,,1708088504
12072555,2371,2567,,,,1708086219
12074538,1834,2728,,,,1708091538
12074598,1502,5574,,,,1708093064
12066109,2285,67038,,,,1707847214
12066501,2346,1952,,,,1707914779
12066506,2477,4336,2236,,,1707924524
12066514,1710,3738,,,,1707921971
12066502,3099,3292,1915,,,1707933449
12066505,2940,1591,,,,1707930423
12064935,2096,2270,,,,1707932539
12064942,1901,2777,,,,1707939987
12066513,2303,1636,,,,1707939146
12066841,2150,2655,2986,,,1707996533
12069967,2940,2835,3156,,,1707997657
12065958,2191,2757,,,,1708002440
12064927,4036,3226,3532,,,1708009223
12069175,2430,3034,1763,,,1708012191
12070026,3491,2046,2210,,,1708019312
12070258,2371,1262,,,,1708017168
12066017,2552,1972,,,,1708023606
12072460,1532,1978,,,,1708087039
12063595,3118,2425,,,,1707998207
12064980,2978,2081,,,,1707998390
12064973,3372,3186,2809,,,1708001945
12063604,1729,3191,,,,1707998510
12064985,2078,3070,,,,1707999389
12063614,1939,2498,1896,,,1708002788
12063613,1825,2062,,,,1708003564
12064981,2675,2245,,,,1708004890
12071943,2085,3621,3035,,,1708010716
12063607,2993,3109,,,,1708009169
12071945,3542,4295,3375,,,1708016668
12071946,2826,2348,,,,1708013180
12071944,2628,2579,,,,1708015062
12071942,2176,2317,,,,1708015008
12063603,1448,2102,,,,1708014758
12072077,2536,5006,,,,1708018957
12071941,2324,3148,1976,,,1708019220
12072005,2687,2988,,,,1708018999
12072538,4196,2408,1810,,,1708074230
12072541,2207,2544,2362,,,1708072009
12072492,2031,3050,,,,1708069386
12072626,2565,2495,,,,1708070852
12072582,3849,1830,2194,,,1708078155
12072520,2893,1788,3213,,,1708078628
12074227,2553,2973,2811,,,1708087931
12072674,2112,1762,,,,1708085079
12074179,2507,3972,3960,,,1708090000
12074547,1698,2235,,,,1708089833
12064945,2368,3208,,,,1707917858
12066345,1911,1670,,,,1707919015
12066346,2290,2686,,,,1707920838
12069106,4589,3320,2251,,,1707994992
12069064,2919,2442,,,,1707989951
12066276,3054,2148,2339,,,1707991628
12069643,3478,3529,2319,,,1707993441
12069330,1317,3659,,,,1707994710
12069384,4081,2202,2463,,,1708001454
12069780,1828,2941,,,,1707998984
12069331,989,1715,,,,1708000368
12072003,,,,,,1708072745
12071936,3902,3145,2978,,,1708080274
12072004,3916,1644,,,,1708076935
12072028,2725,2766,,,,1708081552
12066511,2695,2079,,,,1707917490
12065024,3828,2905,,,,1707919414
12066503,3367,1923,2369,,,1707922708
12065019,3375,3512,3749,,,1707926901
12066120,3916,2601,,,,1707992136
12069327,3325,1683,1751,,,1707993087
12069140,3423,3314,,,,1707991907
12069822,4317,3258,,,,1707992442
12069699,2946,1639,4413,,,1708000629
12069923,2720,1787,2065,,,1708001141
12069537,3207,2621,4947,,,1708002065
12065028,2343,1850,,,,1707999670
12072151,2829,2492,2035,,,1708083756
12071931,2507,1798,,,,1708080619
12072024,4206,3110,,,,1708082479
12072081,2478,3046,,,,1708089135
12064958,2593,2000,,,,1707915691
12064955,2057,4167,3840,,,1707924336
12066761,,,,,,
12069329,3015,4603,2252,,,1707927273
12066760,2461,2302,,,,1707922734
12069074,3347,3944,2468,,,1707994427
12064962,2193,2560,6164,,,1707991300
12069069,2133,1821,,,,1707988552
12069902,1341,1975,,,,1707992890
12069398,1908,2627,,,,1707995361
12069696,2128,3935,,,,1707996127
12069153,2235,3465,1820,,,1708003665
12069908,1571,2580,,,,1707999917
12071947,2695,3359,2467,,,1708079040
12072016,3189,4407,,,,1708076076
12072002,2057,2252,,,,1708074871
12072099,4132,4268,,,,1708076883
12067299,2045,2104,,,,1707932711
12067531,2086,2264,,,,1707933067
12067446,1167,2075,2218,,,1707933778
12067530,2076,2780,,,,1707932452
12067154,2084,1943,3134,,,1707939894
12067969,3430,3338,,,,1707940306
12067979,2925,2135,2593,,,1707949276
12067156,2104,2420,,,,1707968221
12070362,3412,2166,1836,,,1708035163
12070802,2487,1902,,,,1708040331
12070062,961,1649,,,,1708044094
12070262,2422,2184,2295,,,1708052532
12065696,2036,1670,3558,,,1707967656
12068138,2995,2397,,,,1707965996
12065110,1860,2304,,,,1707964866
12068756,4373,3080,,,,1707967686
12068757,3397,2807,2684,,,1707974836
12068165,4137,1883,,,,1707977322
12065312,2541,2827,5168,,,1707983877
12068072,2606,2103,,,,1707982708
12070914,4040,2678,,,,1708053698
12070983,2067,2570,,,,1708051476
12071568,2703,2642,2090,,,1708054848
12071503,2923,2071,,,,1708052286
12065007,2502,2017,,,,1707916360
12065008,,,,,,
12069098,3157,2526,3538,,,1707923229
12065002,2527,2239,,,,1707921567
12065005,2211,4033,2322,,,1707930842
12065000,2173,2127,,,,1707929758
12067131,2132,3793,,,,1707993956
12069781,1763,2700,,,,1707993362
12066785,2166,2966,,,,1707999017
12066843,2533,2494,,,,1708001216
12069518,2623,2391,,,,1708005229
12069974,3027,1825,,,,1708007865
12069887,3177,3833,2691,,,1708015578
12069954,2285,2065,,,,1708012707
12072344,2187,2500,,,,1708082132
12072544,2649,3553,,,,1708082422
12072026,2167,3334,3268,,,1708091314
12072510,1732,2340,,,,1708088325
12066195,4241,2770,,,,1707918090
12066187,2437,2722,,,,1707917045
12066192,2202,2523,,,,1707918083
12066194,2312,4534,,,,1707922713
12066182,2143,1926,,,,1707923695
12066186,2946,1718,2764,,,1707926382
12066193,1765,2305,,,,1707928027
12066196,2294,3352,,,,1707930261
12069326,3324,3068,3139,,,1707997243
12069254,2648,2432,,,,1707994267
12069075,3057,3707,2774,,,1707999142
12069836,1591,2052,2424,,,1708001464
12069982,4103,1755,,,,1708005482
12069579,2574,3418,,,,1708005416
12069886,3514,2062,,,,1708008673
12069921,1670,2191,,,,1708009686
12072312,3282,3911,,,,1708074195
12072165,,,,,,1708070128
12072006,2324,2979,,,,1708073656
12072439,3106,4698,,,,1708080755
12063582,157690,4654,,,,1707980504
12063599,,,,,,1707984571
12063583,158245,2299,,,,1707980790
12063589,159242,2155,794,,,1707983921
12063588,158918,3061,1054,,,1707984605
12063600,3665,6919,819,,,1707990005
12063580,2522,2817,,,,1707981862
12063581,3654,6778,1256,,,1707989593
12063615,158909,2897,,,,1707981529
12063587,159144,161086,,,,1707824282
12063611,167352,169438,,,,1707823403
12063606,2895,3203,,,,1707982110
12063586,6674,1761,,,,1707992099
12063602,6883,2698,1348,,,1707995693
12063605,1528,3098,754,,,1707994512
12063609,3008,2222,,,,1707992048
12049649,2303,1675,1787,,,1708002885
12049648,2848,3222,2983,,,1708012236
12049644,1941,2329,2505,,,1708026710
12049646,1790,2158,,,,1708032314
12049634,2723,2193,2305,,,1708090262
12049647,3503,2705,2693,,,1708100259
12049653,3221,2989,,,,1708112060
12049635,3174,495,,,,1708119759
12049570,2508,3000,,,,1708017635
12049578,2153,3682,2407,,,1708027868
12049583,2038,4283,,,,1708035156
12049585,2785,3053,,,,1708043486
12049581,2400,2603,,,,1708103904
12049577,1997,3121,,,,1708110847
12049582,3538,2314,,,,1708123174
12049580,3477,4532,,,,1708130766
12049623,2533,3531,,,,1708023085
12049621,3498,3016,3969,,,1708034513
12049617,2695,3235,2166,,,1708045829
12049616,3168,3646,,,,1708052274
12049612,2988,6112,,,,1708110049
12049619,2264,1832,,,,1708118255
12049625,2198,2481,,,,1708127162
12049631,1958,2540,,,,1708134118
12049685,2947,2706,,,,1708003693
12049687,3094,2553,,,,1708010809
12049688,2597,1875,,,,1708017236
12049686,2840,3381,,,,1708023094
12049682,2177,3305,,,,1708094591
12049684,,,,,,1708090994
12075096,3609,2201,2531,,,1708163204
12075102,4047,2510,,,,1708162132
12075098,1825,3043,,,,1708159213
12075092,2447,1900,,,,1708159764
12075101,1748,1837,,,,1708164763
12075097,2759,3744,,,,1708167528
12075099,1837,1745,,,,1708167372
12075100,2284,2292,,,,1708168904
12072038,2107,1338,,,,1708065804
12072029,2392,2977,,,,1708066189
12072035,3346,2049,,,,1708067062
12072039,3834,2278,2135,,,1708069875
12072052,2574,1737,,,,1708070594
12072044,2055,3242,3230,,,1708075678
12072048,2137,3859,2471,,,1708076414
12072047,1809,3079,2446,,,1708077888
12072049,2790,2599,,,,1708076130
12072060,,,,,,
12072058,1125,2290,,,,1708082730
12072050,1579,2986,,,,1708081290
12072045,1360,1670,,,,1708081111
12072051,2632,2721,,,,1708083678
12072043,,,,,,
12074230,2324,1932,,,,1708085940
12072061,3416,2147,,,,1708088582
12073831,2509,2527,2669,,,1708092414
12074506,1501,2271,,,,1708151638
12074234,2507,3480,1887,,,1708156117
12074233,2258,1986,,,,1708152389
12074705,2594,2911,1715,,,1708160126
12074639,2382,3447,2763,,,1708160948
12074649,2167,2137,2629,,,1708163273
12074723,2180,2675,,,,1708164912
12074891,2577,2045,,,,1708167195
12049793,2635,2180,,,,1708086478
12049776,2612,5939,,,,1708093380
12049803,1946,4405,,,,1708003286
12049813,3811,3929,4560,,,1708073825
12049806,3525,3532,3239,,,1708080032
12049816,3799,3289,3350,,,1708091512
12049798,4769,2690,,,,1708100649
12049815,1742,2547,3112,,,1708169354
12049814,4205,3482,,,,1708178362
12049727,3143,3228,,,,1708005342
12049714,1410,1835,,,,1708013099
12049710,3005,3612,,,,1708021702
12049721,1996,2460,,,,1708086621
12049724,1850,2487,,,,1708099741
12049713,2778,2596,2627,,,1708110579
12049725,2529,3555,2986,,,1708120402
12049743,3409,3736,,,,1708003547
12049740,1950,2521,,,,1708002616
12049749,2336,2112,,,,1708010557
12049733,2639,3438,5112,,,1708086164
12049750,2698,1828,,,,1708088173
12049745,2526,2198,1939,,,1708097162
12049747,,,,,,1708093439
12049746,2721,2172,,,,1708170889
12049734,2484,3832,2729,,,1708180820
12049742,1915,1562,693,,,1708010241
12049741,1194,1799,,,,1708014796
12049735,1745,2132,635,,,1708018199
12049739,3846,3624,1008,,,1708109268
12049751,1784,1620,646,,,1708108621
12071906,4128,2522,1779,,,1708006836
12064931,3248,4199,,,,1708004673
12071827,2611,2521,2969,,,1708007835
12071825,3558,2081,,,,1708007170
12071831,2396,1596,,,,1708005874
12071830,2328,2400,,,,1708008069
12071828,2144,2162,,,,1708009124
12071969,2793,7983,,,,1708010730
12071829,3104,3587,,,,1708011252
12071826,1842,3874,,,,1708011793
12071970,2483,2803,,,,1708014104
12072409,,,,,,1708066770
12072329,3291,2144,,,,1708070311
12072371,3755,1745,,,,1708071163
12072661,2451,4486,,,,1708069822
12072522,1340,2112,,,,1708069098
12072533,3354,3610,,,,1708078908
12074135,2558,4725,,,,1708079232
12074163,1589,2942,,,,1708080390
12074422,1551,3884,,,,1708082740
12074659,2964,5418,,,,1708163690
12075040,1706,2637,3418,,,1708165819
12069348,2875,4765,2694,,,1708010077
12069697,4425,3089,,,,1708012652
12071922,3077,3164,,,,1708075956
12071956,3906,2312,3941,,,1708079078
12072164,2409,3301,,,,1708082572
12072521,2308,1690,,,,1708086387
12074640,3315,2285,2655,,,1708167192
12074761,2540,3586,,,,1708163170
12071930,1703,1690,,,,1708074550
12071921,4597,3663,2753,,,1708081929
12072138,2047,3196,,,,1708084157
12072027,2012,1150,,,,1708087723
12070913,2487,3763,,,,1708051839
12070984,2713,2665,,,,1708052065
12071549,2977,3176,,,,1708060456
12070812,3823,5145,,,,1708061656
12073876,1961,5012,,,,1708137434
12073795,3694,2680,,,,1708139598
12069199,2139,3614,3002,,,1708004928
12066148,2959,2558,,,,1708002116
12066809,1921,2907,,,,1708007313
12069301,2323,2299,,,,1708010206
12072227,2661,2344,2656,,,1708083308
12072359,2272,1770,,,,1708080296
12072455,3699,2478,,,,1708086421
12072076,2203,2276,,,,1708089039
12074863,2979,3767,,,,1708177765
12070287,2772,2184,2499,,,1708014348
12070122,2512,2464,,,,1708012321
12070046,2529,4742,,,,1708012199
12069987,1716,2199,,,,1708017115
12070305,,,,,,1708011928
12067229,3171,2999,,,,1708019055
12070304,2934,3353,,,,1708020898
12070302,2057,4488,,,,1708024983
12072990,2337,2442,,,,1708098543
12072635,3250,2634,,,,1708099644
12072509,2541,2960,,,,1708098705
12072750,3695,2295,,,,1708099937
12075086,2381,1614,,,,1708118483
12075087,3171,4570,,,,1708180445
12067464,2874,2979,,,,1708005569
12069800,2879,2541,,,,1708005425
12069916,4001,5590,3379,,,1708012876
12070034,3622,2203,3250,,,1708008204
12070257,2960,3383,,,,1708012490
12065013,3401,3934,4343,,,1708017226
12070306,1996,3764,,,,1708014870
12070315,2927,2948,,,,1708019917
12072526,3225,2125,,,,1708092041
12072523,4045,3946,4771,,,1708097004
12072673,4448,3596,4363,,,1708103523
12072546,2709,4201,2126,,,1708110122
12069399,2717,2653,2465,,,1708005034
12069117,2600,3154,3941,,,1708006481
12069793,2449,3135,4260,,,1708007882
12072177,4105,3722,,,,1708075118
12072365,3169,3762,,,,1708074548
12072114,1495,2474,,,,1708072904
12072437,1133,2224,,,,1708072084
12074218,2553,2590,,,,1708159793
12074505,1922,1951,3195,,,1708161352
12069269,3769,86430,,,,1707931799
12069266,3571,2909,2823,,,1708016375
12069272,2140,3893,3152,,,1708015750
12069270,2510,2122,,,,1708012565
12069268,2228,2345,1966,,,1708014681
12069580,2156,64373,,,,1708017671
12069872,2999,1803,,,,1708079384
12069794,3596,2734,,,,1708080143
12069983,3582,2549,,,,1708080008
12064991,1941,2658,,,,1708084264
12065004,4715,2966,,,,1708087648
12072511,2717,2009,1790,,,1708088504
12072555,2371,2567,,,,1708086219
12074538,1834,2728,,,,1708091538
12074598,1502,5574,,,,1708093064
12074772,4557,4546,62914,,,1708104430
12074793,2957,2222,,,,1708102400
12074991,2177,3246,3143,,,1708174331
12076754,,,,,,
12065958,2191,2757,,,,1708002440
12064927,4036,3226,3532,,,1708009223
12069175,2430,3034,1763,,,1708012191
12070026,3491,2046,2210,,,1708019312
12070258,2371,1262,,,,1708017168
12066017,2552,1972,,,,1708023606
12072460,1532,1978,,,,1708087039
12072774,1452,2257,,,,1708093851
12072499,1273,2763,,,,1708097141
12072543,1274,2118,1626,,,1708111156
12063613,1825,2062,,,,1708003564
12064981,2675,2245,,,,1708004890
12071943,2085,3621,3035,,,1708010716
12063607,2993,3109,,,,1708009169
12071945,3542,4295,3375,,,1708016668
12071946,2826,2348,,,,1708013180
12071944,2628,2579,,,,1708015062
12071942,2176,2317,,,,1708015008
12063603,1448,2102,,,,1708014758
12072077,2536,5006,,,,1708018957
12071941,2324,3148,1976,,,1708019220
12072005,2687,2988,,,,1708018999
12072538,4196,2408,1810,,,1708074230
12072541,2207,2544,2362,,,1708072009
12072492,2031,3050,,,,1708069386
12072626,2565,2495,,,,1708070852
12072582,3849,1830,2194,,,1708078155
12072520,2893,1788,3213,,,1708078628
12074227,2553,2973,2811,,,1708087931
12072674,2112,1762,,,,1708085079
12074179,2507,3972,3960,,,1708090000
12074547,1698,2235,,,,1708089833
12074862,2958,1915,,,,1708158404
12074888,1690,2496,,,,1708157221
12072003,,,,,,1708072745
12071936,3902,3145,2978,,,1708080274
12072004,3916,1644,,,,1708076935
12072028,2725,2766,,,,1708081552
12074670,3905,664,,,,1708167248
12074741,1705,2200,5829,,,1708166670
12072151,2829,2492,2035,,,1708083756
12071931,2507,1798,,,,1708080619
12072024,4206,3110,,,,1708082479
12072081,2478,3046,,,,1708089135
12074864,3276,4356,3761,,,1708174110
12074696,2959,3678,,,,1708170729
12071947,2695,3359,2467,,,1708079040
12072016,3189,4407,,,,1708076076
12072002,2057,2252,,,,1708074871
12072099,4132,4268,,,,1708076883
12070362,3412,2166,1836,,,1708035163
12070802,2487,1902,,,,1708040331
12070062,961,1649,,,,1708044094
12070262,2422,2184,2295,,,1708052532
12070914,4040,2678,,,,1708053698
12070983,2067,2570,,,,1708051476
12071568,2703,2642,2090,,,1708054848
12071503,2923,2071,,,,1708052286
12073715,4153,3067,,,,1708139811
12073714,2504,1860,,,,1708138176
12069518,2623,2391,,,,1708005229
12069974,3027,1825,,,,1708007865
12069887,3177,3833,2691,,,1708015578
12069954,2285,2065,,,,1708012707
12072344,2187,2500,,,,1708082132
12072544,2649,3553,,,,1708082422
12072026,2167,3334,3268,,,1708091314
12072510,1732,2340,,,,1708088325
12074894,1535,1728,,,,1708168141
12074795,2834,2907,,,,1708173549
12069982,4103,1755,,,,1708005482
12069579,2574,3418,,,,1708005416
12069886,3514,2062,,,,1708008673
12069921,1670,2191,,,,1708009686
12072312,3282,3911,,,,1708074195
12072165,,,,,,1708070128
12072006,2324,2979,,,,1708073656
12072439,3106,4698,,,,1708080755
12074401,2503,1862,2595,,,1708161602
12074690,3283,4188,3268,,,1708165373
12049634,2723,2193,2305,,,1708090262
12049647,3503,2705,2693,,,1708100259
12049653,3221,2989,,,,1708112060
12049635,3174,495,,,,1708119759
12049638,2526,2403,,,,1708181633
12049637,2069,2637,,,,1708197499
12049581,2400,2603,,,,1708103904
12049577,1997,3121,,,,1708110847
12049582,3538,2314,,,,1708123174
12049580,3477,4532,,,,1708130766
12049568,2596,2486,,,,1708199397
12049569,3590,3372,,,,1708207700
12049612,2988,6112,,,,1708110049
12049619,2264,1832,,,,1708118255
12049625,2198,2481,,,,1708127162
12049631,1958,2540,,,,1708134118
12049618,1936,1784,,,,1708202837
12049614,3920,2563,,,,1708223118
12049682,2177,3305,,,,1708094591
12049684,,,,,,1708090994
12049683,5376,2971,,,,1708188092
12077078,3346,2322,,,,1708243453
12076690,2402,2480,1863,,,1708245048
12076704,1776,1898,,,,1708241829
12077080,3342,2840,3452,,,1708250887
12076693,2182,3237,,,,1708249106
12076694,2766,3451,3385,,,1708254272
12077082,1510,1895,,,,1708254669
12076700,2365,2849,1872,,,1708263296
12077079,2680,1961,2596,,,1708263424
12076691,,,,,,
12077796,1716,2769,,,,1708199205
12075279,,,,,,
12075266,2967,3333,,,,1708200469
12075275,,,,,,
12077774,4237,1959,,,,1708201860
12075274,1533,2655,2792,,,1708201449
12075280,2541,1611,,,,1708205515
12075273,3149,3311,,,,1708208452
12075268,1607,2453,,,,1708206592
12075272,2095,2142,,,,1708207411
12075096,3609,2201,2531,,,1708163204
12075102,4047,2510,,,,1708162132
12075098,1825,3043,,,,1708159213
12075092,2447,1900,,,,1708159764
12075101,1748,1837,,,,1708164763
12075097,2759,3744,,,,1708167528
12075099,1837,1745,,,,1708167372
12075100,2284,2292,,,,1708168904
12076723,3258,3197,,,,1708263228
12076933,3485,1566,,,,1708263485
12076681,3445,2794,,,,1708263376
12076932,2900,2563,,,,1708262878
12075953,1790,2346,,,,1708212985
12075951,2881,130140,,,,1708214046
12075955,2701,2511,2805,,,1708216578
12075957,3018,3883,,,,1708219553
12075954,3053,1929,4102,,,1708222421
12075958,3250,2389,,,,1708223597
12075956,2647,3016,1831,,,1708233193
12075950,2103,2197,,,,1708229707
12072061,3416,2147,,,,1708088582
12073831,2509,2527,2669,,,1708092414
12074506,1501,2271,,,,1708151638
12074234,2507,3480,1887,,,1708156117
12074233,2258,1986,,,,1708152389
12074705,2594,2911,1715,,,1708160126
12074639,2382,3447,2763,,,1708160948
12074649,2167,2137,2629,,,1708163273
12074723,2180,2675,,,,1708164912
12074891,2577,2045,,,,1708167195
12049776,2612,5939,,,,1708093380
12049783,3857,2493,,,,1708186688
12049798,4769,2690,,,,1708100649
12049815,1742,2547,3112,,,1708169354
12049814,4205,3482,,,,1708178362
12049801,2864,2780,2721,,,1708266016
12049724,1850,2487,,,,1708099741
12049713,2778,2596,2627,,,1708110579
12049725,2529,3555,2986,,,1708120402
12049718,3494,2212,,,,1708182767
12049712,2920,2035,,,,1708189085
12049750,2698,1828,,,,1708088173
12049745,2526,2198,1939,,,1708097162
12049747,,,,,,1708093439
12049746,2721,2172,,,,1708170889
12049734,2484,3832,2729,,,1708180820
12049738,1662,3295,1861,,,1708259567
12049739,3846,3624,1008,,,1708109268
12049751,1784,1620,646,,,1708108621
12049731,,,,,,1708184529
12077523,2056,3015,,,,1708249430
12077505,2154,1375,,,,1708249510
12077514,2957,1657,,,,1708254708
12077521,3284,1641,,,,1708256731
12077511,1921,2146,,,,1708259207
12077522,2579,1993,,,,1708263276
12077513,2629,1980,2094,,,1708266775
12077016,3663,1711,1821,,,1708240356
12077015,1857,2191,,,,1708236622
12077021,3955,2513,2108,,,1708241578
12077019,2447,1947,,,,1708242441
12077018,3234,3274,2816,,,1708249700
12077020,3148,3436,,,,1708247917
12077023,1661,2066,,,,1708246742
12077024,1985,2281,,,,1708251722
12077022,3064,2101,2378,,,1708257309
12077025,2091,3586,2434,,,1708259201
12077027,2023,1869,,,,1708257027
12077026,3223,2787,,,,1708263027
12077797,2726,1672,1510,,,1708256630
12077803,3096,2196,3287,,,1708255864
12077805,2147,2362,1710,,,1708255366
12077806,3520,3022,,,,1708261509
12077799,4314,1634,,,,1708263238
12077802,1534,2187,,,,1708261498
12077801,2450,1539,3164,,,1708268753
12074659,2964,5418,,,,1708163690
12075040,1706,2637,3418,,,1708165819
12077105,4092,3460,2759,,,1708251222
12074640,3315,2285,2655,,,1708167192
12074761,2540,3586,,,,1708163170
12076813,2632,2407,,,,1708250513
12072027,2012,1150,,,,1708087723
12074726,4380,2419,2858,,,1708255966
12074762,3728,3623,,,,1708253121
12076835,3501,1918,,,,1708226033
12076841,2417,2794,,,,1708225052
12076837,2093,2902,,,,1708225027
12076842,2452,2016,,,,1708225187
12076845,2098,2564,,,,1708230129
12076848,2941,3807,763,,,1708235748
12076847,2150,2576,,,,1708230902
12076840,2764,3019,,,,1708231687
12076843,2724,3175,1339,,,1708235265
12076834,1606,3804,,,,1708234990
12076849,2572,2387,,,,1708236996
12076838,2284,3294,,,,1708238045
12076846,2427,1828,,,,1708239721
12076839,1597,1989,,,,1708238910
12076844,1773,2661,546,,,1708244720
12076836,1391,1106,,,,1708247795
12073876,1961,5012,,,,1708137434
12073795,3694,2680,,,,1708139598
12076026,2240,3001,,,,1708224900
12072076,2203,2276,,,,1708089039
12074863,2979,3767,,,,1708177765
12074771,2051,3938,,,,1708184202
12077281,3967,1769,,,,1708262005
12072990,2337,2442,,,,1708098543
12072635,3250,2634,,,,1708099644
12072509,2541,2960,,,,1708098705
12072750,3695,2295,,,,1708099937
12075086,2381,1614,,,,1708118483
12075087,3171,4570,,,,1708180445
12072526,3225,2125,,,,1708092041
12072523,4045,3946,4771,,,1708097004
12072673,4448,3596,4363,,,1708103523
12072546,2709,4201,2126,,,1708110122
12075187,2925,3461,,,,1708185665
12075142,2221,4015,,,,1708193567
12074218,2553,2590,,,,1708159793
12074505,1922,1951,3195,,,1708161352
12076648,1561,2467,,,,1708245286
12074538,1834,2728,,,,1708091538
12074598,1502,5574,,,,1708093064
12074772,4557,4546,62914,,,1708104430
12074793,2957,2222,,,,1708102400
12074991,2177,3246,3143,,,1708174331
12076754,,,,,,
12077045,2252,2337,,,,1708261069
12072460,1532,1978,,,,1708087039
12072774,1452,2257,,,,1708093851
12072499,1273,2763,,,,1708097141
12072543,1274,2118,1626,,,1708111156
12075028,2075,2671,2119,,,1708184267
12075186,1447,2569,2900,,,1708192016
12077719,2515,2521,,,,1708265130
12074547,1698,2235,,,,1708089833
12074862,2958,1915,,,,1708158404
12074888,1690,2496,,,,1708157221
12076432,2781,1436,,,,1708246995
12074670,3905,664,,,,1708167248
12074741,1705,2200,5829,,,1708166670
12076879,2741,4391,,,,1708250480
12077047,,,,,,
12072081,2478,3046,,,,1708089135
12074864,3276,4356,3761,,,1708174110
12074696,2959,3678,,,,1708170729
12077048,2385,3359,3338,,,1708256642
12074567,3477,3814,2546,,,1708257108
12074548,2886,2214,,,,1708251767
12073704,2921,1443,,,,1708190983
12073579,3638,2156,3284,,,1708193938
12077811,4222,1237,3931,,,1708210872
12076851,1442,1189,,,,1708223804
12076859,1551,2288,,,,1708224283
12076865,2171,1480,,,,1708227904
12076862,2665,1514,,,,1708230370
12076857,2230,1819,,,,1708236051
12076861,2547,1756,,,,1708241607
12076853,2020,3238,812,,,1708244897
12076864,2983,2262,744,,,1708246820
12076856,1846,2797,,,,1708243913
12076850,2022,1385,,,,1708244250
12076858,1940,2013,,,,1708246341
12076854,2141,2834,,,,1708248243
12076855,2211,2138,,,,1708248625
12076852,2158,3041,,,,1708249514
12076860,1407,2144,,,,1708249696
12076863,2878,2023,,,,1708252175
12073715,4153,3067,,,,1708139811
12073714,2504,1860,,,,1708138176
12076027,2563,3256,2829,,,1708228533
12072026,2167,3334,3268,,,1708091314
12072510,1732,2340,,,,1708088325
12074894,1535,1728,,,,1708168141
12074795,2834,2907,,,,1708173549
12076941,3343,3044,,,,1708255981
12074401,2503,1862,2595,,,1708161602
12074690,3283,4188,3268,,,1708165373
12076801,,,,,,
12077325,,,,,,
12077297,,,,,,
12077332,,,,,,
12079580,,,,,,
12077314,,,,,,
12077303,,,,,,
12077302,,,,,,
12077307,,,,,,
12077320,,,,,,
12077298,,,,,,
12077317,,,,,,
12077340,,,,,,
12077341,,,,,,
12077305,,,,,,
12077300,,,,,,
12077326,,,,,,
12077327,,,,,,
12077343,,,,,,
12077299,,,,,,
12077294,,,,,,
12077339,,,,,,
12077344,,,,,,
12077318,,,,,,
12077296,,,,,,
12077329,,,,,,
12077304,,,,,,
12077295,,,,,,
12077328,,,,,,
12077347,,,,,,
12077301,,,,,,
12077346,,,,,,
12077322,,,,,,
12077306,,,,,,
12077549,,,,,,
12077550,,,,,,
12077564,,,,,,
12077566,,,,,,
12077563,,,,,,
12077551,,,,,,
12077572,,,,,,
12077561,,,,,,
12077559,,,,,,
12077569,,,,,,
12077548,,,,,,
12077552,,,,,,
12077560,,,,,,
12077570,,,,,,
12077562,,,,,,
12077571,,,,,,
12077574,,,,,,
12077575,,,,,,
12077555,,,,,,
12077554,,,,,,
12077567,,,,,,
12077568,,,,,,
12077553,,,,,,
12077556,,,,,,
12077573,,,,,,
12077557,,,,,,
12077565,,,,,,
12077558,,,,,,
12077760,,,,,,
12077737,,,,,,
12077726,,,,,,
12077729,,,,,,
12077741,,,,,,
12077756,,,,,,
12077758,,,,,,
12077730,,,,,,
12077732,,,,,,
12077763,,,,,,
12077751,,,,,,
12077727,,,,,,
12077753,,,,,,
12077767,,,,,,
12077734,,,,,,
12077769,,,,,,
12077761,,,,,,
12077745,,,,,,
12077739,,,,,,
12077740,,,,,,
12077757,,,,,,
12077733,,,,,,
12077768,,,,,,
12077755,,,,,,
12077728,,,,,,
12077766,,,,,,
12077773,,,,,,
12077398,,,,,,
12077397,,,,,,
12077403,,,,,,
12079306,,,,,,
12077422,,,,,,
12077419,,,,,,
12077412,,,,,,
12077415,,,,,,
12077394,,,,,,
12077405,,,,,,
12077401,,,,,,
12077406,,,,,,
12077399,,,,,,
12077426,,,,,,
12077418,,,,,,
12077410,,,,,,
12077416,,,,,,
12077408,,,,,,
12077395,,,,,,
12077424,,,,,,
12077413,,,,,,
12077400,,,,,,
12077407,,,,,,
12077421,,,,,,
12077414,,,,,,
12077409,,,,,,
12077420,,,,,,
12077396,,,,,,
12076299,,,,,,
12076817,,,,,,
12076310,,,,,,
12076301,,,,,,
12076287,,,,,,
12076311,,,,,,
12076291,,,,,,
12076304,,,,,,
12076296,,,,,,
12076294,,,,,,
12076300,,,,,,
12076309,,,,,,
12076293,,,,,,
12076307,,,,,,
12076286,,,,,,
12076298,,,,,,
12077791,,,,,,
12079400,,,,,,
12077788,,,,,,
12077787,,,,,,
12077782,,,,,,
12077783,,,,,,
12077780,,,,,,
12077786,,,,,,
12077777,,,,,,
12078144,,,,,,
12078153,,,,,,
12078143,,,,,,
12078139,,,,,,
12078134,,,,,,
12078150,,,,,,
12078149,,,,,,
12078162,,,,,,
12078148,,,,,,
12078164,,,,,,
12078160,,,,,,
12078161,,,,,,
12078135,,,,,,
12078158,,,,,,
12078151,,,,,,
12078165,,,,,,
12078141,,,,,,
12078147,,,,,,
12078146,,,,,,
12078163,,,,,,
12077685,,,,,,
12077704,,,,,,
12077699,,,,,,
12077688,,,,,,
12077689,,,,,,
12077713,,,,,,
12079449,,,,,,
12077696,,,,,,
12077691,,,,,,
12077714,,,,,,
12077695,,,,,,
12077706,,,,,,
12079519,,,,,,
12077709,,,,,,
12077708,,,,,,
12077687,,,,,,
12077693,,,,,,
12077690,,,,,,
12077697,,,,,,
12077701,,,,,,
12077711,,,,,,
12077686,,,,,,
12077694,,,,,,
12077707,,,,,,
12077700,,,,,,
12077312,,,,,,
12077321,,,,,,
12077313,,,,,,
12077316,,,,,,
12077319,,,,,,
12077331,,,,,,
12077330,,,,,,
12077345,,,,,,
12077311,,,,,,
12077333,,,,,,
12077315,,,,,,
12077348,,,,,,
12077338,,,,,,
12077308,,,,,,
12077335,,,,,,
12077336,,,,,,
12077349,,,,,,
12077337,,,,,,
12077342,,,,,,
12077323,,,,,,
12077324,,,,,,
12077351,,,,,,
12077334,,,,,,
12077310,,,,,,
12077309,,,,,,
12077593,,,,,,
12077589,,,,,,
12077580,,,,,,
12077597,,,,,,
12077606,,,,,,
12077587,,,,,,
12077585,,,,,,
12077607,,,,,,
12077599,,,,,,
12077581,,,,,,
12079549,,,,,,
12077601,,,,,,
12077595,,,,,,
12077586,,,,,,
12077578,,,,,,
12077592,,,,,,
12077582,,,,,,
12077596,,,,,,
12077588,,,,,,
12079548,,,,,,
12077598,,,,,,
12077591,,,,,,
12077604,,,,,,
12077590,,,,,,
12077600,,,,,,
12077584,,,,,,
12077577,,,,,,
12077579,,,,,,
12077583,,,,,,
12077603,,,,,,
12077602,,,,,,
12077608,,,,,,
12077594,,,,,,
12077605,,,,,,
12077288,2520,2054,,,,1708246002
12077289,2004,3531,,,,1708246188
12077286,2514,2313,,,,1708246522
12077291,2311,3614,,,,1708246068
12077361,1630,1454,,,,1708245792
12077359,3251,3072,,,,1708254130
12077360,2511,3428,,,,1708253391
12077290,1457,900,,,,1708252292
12077292,2155,1125,,,,1708253085
12077287,1243,2073,,,,1708251918
12077376,,,,,,
12077369,,,,,,
12077383,,,,,,
12077373,,,,,,
12077375,,,,,,
12077374,,,,,,
12077372,,,,,,
12077381,,,,,,
12077377,,,,,,
12077371,,,,,,
12077378,,,,,,
12077379,,,,,,
12077380,,,,,,
12077382,,,,,,
12077384,,,,,,
12079975,,,,,,
12077370,,,,,,
12076303,,,,,,
12076289,,,,,,
12076306,,,,,,
12076312,,,,,,
12076288,,,,,,
12076292,,,,,,
12076305,,,,,,
12076314,,,,,,
12076285,,,,,,
12076302,,,,,,
12076284,,,,,,
12076308,,,,,,
12076290,,,,,,
12076295,,,,,,
12076313,,,,,,
12076297,,,,,,
12078210,,,,,,
12049638,2526,2403,,,,1708181633
12049637,2069,2637,,,,1708197499
12049636,3857,3674,,,,1708271329
12049568,2596,2486,,,,1708199397
12049569,3590,3372,,,,1708207700
12049571,2394,3907,,,,1708285749
12049618,1936,1784,,,,1708202837
12049614,3920,2563,,,,1708223118
12076746,,,,,,
12076748,,,,,,
12049683,5376,2971,,,,1708188092
12077078,3346,2322,,,,1708243453
12076690,2402,2480,1863,,,1708245048
12076704,1776,1898,,,,1708241829
12077080,3342,2840,3452,,,1708250887
12076693,2182,3237,,,,1708249106
12076694,2766,3451,3385,,,1708254272
12077082,1510,1895,,,,1708254669
12076700,2365,2849,1872,,,1708263296
12077079,2680,1961,2596,,,1708263424
12076691,,,,,,
12079471,2013,2808,3872,,,1708271095
12076696,2192,2030,2680,,,1708273125
12076701,2651,3553,,,,1708279608
12077083,,,,,,
12076692,,,,,,
12076699,,,,,,
12076695,,,,,,
12076697,,,,,,
12076703,,,,,,
12076698,,,,,,
12077081,,,,,,
12077084,,,,,,
12076702,,,,,,
12077796,1716,2769,,,,1708199205
12075279,,,,,,
12075266,2967,3333,,,,1708200469
12075275,,,,,,
12077774,4237,1959,,,,1708201860
12075274,1533,2655,2792,,,1708201449
12075280,2541,1611,,,,1708205515
12075273,3149,3311,,,,1708208452
12075268,1607,2453,,,,1708206592
12075272,2095,2142,,,,1708207411
12078246,2326,5163,,,,1708285759
12078109,1923,4685,,,,1708285157
12078107,2527,2113,,,,1708286230
12078277,3659,2695,,,,1708290726
12076723,3258,3197,,,,1708263228
12076933,3485,1566,,,,1708263485
12076681,3445,2794,,,,1708263376
12076932,2900,2563,,,,1708262878
12075953,1790,2346,,,,1708212985
12075951,2881,2514,,,,1708214046
12075955,2701,2511,2805,,,1708216578
12075957,3018,3883,,,,1708219553
12075954,3053,1929,4102,,,1708222421
12075958,3250,2389,,,,1708223597
12075956,2647,3016,1831,,,1708233193
12075950,2103,2197,,,,1708229707
12078716,2924,2217,,,,1708300668
12078694,3071,2058,,,,1708300987
12078819,7902,1480,,,,1708312132
12078755,2723,2880,,,,1708306952
12049783,3857,2493,,,,1708186688
12049814,4205,3482,,,,1708178362
12049801,2864,2780,2721,,,1708266016
12049718,3494,2212,,,,1708182767
12049712,2920,2035,,,,1708189085
12049716,1799,2317,,,,1708267243
12049734,2484,3832,2729,,,1708180820
12049738,1662,3295,1861,,,1708259567
12079371,,,,,,
12079373,,,,,,
12079375,,,,,,
12079369,,,,,,
12079370,,,,,,
12077819,,,,,,
12077814,,,,,,
12077818,,,,,,
12049731,,,,,,1708184529
12077523,2056,3015,,,,1708249430
12077505,2154,1375,,,,1708249510
12077514,2957,1657,,,,1708254708
12077521,3284,1641,,,,1708256731
12077511,1921,2146,,,,1708259207
12077522,2579,1993,,,,1708263276
12077513,2629,1980,2094,,,1708266775
12077530,2501,3674,1766,,,1708272594
12077512,1880,2205,,,,1708271424
12077520,2007,3254,,,,1708276723
12077531,2625,1946,3486,,,1708280291
12077529,2134,2477,2725,,,1708286088
12079640,,,,,,
12079514,,,,,,
12079959,,,,,,
12080585,,,,,,
12080911,,,,,,
12080584,,,,,,
12077016,3663,1711,1821,,,1708240356
12077015,1857,2191,,,,1708236622
12077021,3955,2513,2108,,,1708241578
12077019,2447,1947,,,,1708242441
12077018,3234,3274,2816,,,1708249700
12077020,3148,3436,,,,1708247917
12077023,1661,2066,,,,1708246742
12077024,1985,2281,,,,1708251722
12077022,3064,2101,2378,,,1708257309
12077025,2091,3586,2434,,,1708259201
12077027,2023,1869,,,,1708257027
12077026,3223,2787,,,,1708263027
12079377,2541,,,,,1708323778
12079378,2221,1923,,,,1708323164
12079470,1746,,,,,1708322688
12079645,,,,,,
12079552,,,,,,
12079772,,,,,,
12077797,2726,1672,1510,,,1708256630
12077803,3096,2196,3287,,,1708255864
12077805,2147,2362,1710,,,1708255366
12077806,3520,3022,,,,1708261509
12077799,4314,1634,,,,1708263238
12077802,1534,2187,,,,1708261498
12077801,2450,1539,3164,,,1708268753
12077807,3046,3371,,,,1708268511
12077800,5032,2780,,,,1708271016
12077808,1903,2941,2065,,,1708277916
12077804,2517,3716,,,,1708275216
12077798,2218,3055,3002,,,1708280171
12079726,,,,,,
12079737,,,,,,
12079732,,,,,,
12080596,,,,,,
12080595,,,,,,
12080152,,,,,,
12077105,4092,3460,2759,,,1708251222
12076813,2632,2407,,,,1708250513
12074726,4380,2419,2858,,,1708255966
12074762,3728,3623,,,,1708253121
12079571,,,,,,
12076835,3501,1918,,,,1708226033
12076841,2417,2794,,,,1708225052
12076837,2093,2902,,,,1708225027
12076842,2452,2016,,,,1708225187
12076845,2098,2564,,,,1708230129
12076848,2941,3807,763,,,1708235748
12076847,2150,2576,,,,1708230902
12076840,2764,3019,,,,1708231687
12076843,2724,3175,1339,,,1708235265
12076834,1606,3804,,,,1708234990
12076849,2572,2387,,,,1708236996
12076838,2284,3294,,,,1708238045
12076846,2427,1828,,,,1708239721
12076839,1597,1989,,,,1708238910
12076844,1773,2661,546,,,1708244720
12076836,1391,1106,,,,1708247795
12079485,3489,3371,,,,1708312694
12079492,3710,4412,,,,1708312472
12079481,3524,1777,,,,1708312533
12079483,2752,3137,813,,,1708314933
12079491,1872,2726,,,,1708310484
12079482,3722,1378,,,,1708319150
12079486,3472,4341,,,,1708320244
12079495,1947,2087,1302,,,1708321839
12076026,2240,3001,,,,1708224900
12074863,2979,3767,,,,1708177765
12074771,2051,3938,,,,1708184202
12077281,3967,1769,,,,1708262005
12075087,3171,4570,,,,1708180445
12065022,,,,,,
12065014,,,,,,
12075187,2925,3461,,,,1708185665
12075142,2221,4015,,,,1708193567
12077829,2083,1909,,,,1708267754
12076648,1561,2467,,,,1708245286
12076754,,,,,,
12077045,2252,2337,,,,1708261069
12075028,2075,2671,2119,,,1708184267
12075186,1447,2569,2900,,,1708192016
12077719,2515,2521,,,,1708265130
12076432,2781,1436,,,,1708246995
12076879,2741,4391,,,,1708250480
12077047,,,,,,
12077048,2385,3359,3338,,,1708256642
12074567,3477,,,,,1708256891
12074548,2886,2214,,,,1708251767
12079570,,,,,,
12073704,2921,1443,,,,1708190983
12073579,3638,2156,3284,,,1708193938
12077811,4222,1237,3931,,,1708210872
12076851,1442,1189,,,,1708223804
12076859,1551,2288,,,,1708224283
12076865,2171,1480,,,,1708227904
12076862,2665,1514,,,,1708230370
12076857,2230,1819,,,,1708236051
12076861,2547,1756,,,,1708241607
12076853,2020,3238,812,,,1708244897
12076864,2983,2262,744,,,1708246820
12076856,1846,2797,,,,1708243913
12076850,2022,1385,,,,1708244250
12076858,1940,2013,,,,1708246341
12076854,2141,2834,,,,1708248243
12076855,2211,2138,,,,1708248625
12076852,2158,3041,,,,1708249514
12076860,1407,2144,,,,1708249696
12076863,2878,2023,,,,1708252175
12079493,2360,2460,1071,,,1708313305
12079490,3097,2206,,,,1708317239
12079488,1556,2158,,,,1708317129
12079489,3344,2597,1198,,,1708323191
12079487,1852,3086,,,,1708322107
12079496,3077,2561,,,,1708326253
12079494,1223,3193,,,,1708322566
12079484,1182,,,,,1708325223
12076027,2563,3256,2829,,,1708228533
12076941,3343,3044,,,,1708255981
12076801,,,,,,
12077325,,,,,,
12077297,,,,,,
12077332,,,,,,
12079580,,,,,,
12077314,,,,,,
12077303,,,,,,
12077302,,,,,,
12077307,,,,,,
12077320,,,,,,
12077298,,,,,,
12077317,,,,,,
12077340,,,,,,
12077341,,,,,,
12077305,,,,,,
12077300,,,,,,
12077326,,,,,,
12077327,,,,,,
12077343,,,,,,
12077299,,,,,,
12077294,,,,,,
12077339,,,,,,
12077344,,,,,,
12077318,,,,,,
12077296,,,,,,
12077329,,,,,,
12077304,,,,,,
12077295,,,,,,
12077328,,,,,,
12077347,,,,,,
12077301,,,,,,
12077346,,,,,,
12077322,,,,,,
12077306,,,,,,
12079599,,,,,,1708326444
12079588,,,,,,1708326588
12079583,,,,,,1708326841
12079597,,,,,,1708326602
12079605,,,,,,
12079592,,,,,,
12079590,,,,,,
12079577,,,,,,
12079603,,,,,,
12079582,,,,,,
12079586,,,,,,
12079594,,,,,,
12079576,,,,,,
12079584,,,,,,
12079581,,,,,,
12079607,,,,,,
12077549,,,,,,
12077550,,,,,,
12077564,,,,,,
12077566,,,,,,
12077563,,,,,,
12077551,,,,,,
12077572,,,,,,
12077561,,,,,,
12077559,,,,,,
12077569,,,,,,
12077548,,,,,,
12077552,,,,,,
12077560,,,,,,
12077570,,,,,,
12077562,,,,,,
12077571,,,,,,
12077574,,,,,,
12077575,,,,,,
12077555,,,,,,
12077554,,,,,,
12077567,,,,,,
12077568,,,,,,
12077553,,,,,,
12077556,,,,,,
12077573,,,,,,
12077557,,,,,,
12077565,,,,,,
12077558,,,,,,
12080202,,,,,,
12080191,,,,,,
12080182,,,,,,
12080174,,,,,,
12080196,,,,,,
12080193,,,,,,
12080173,,,,,,
12080177,,,,,,
12080203,,,,,,
12080200,,,,,,
12080195,,,,,,
12080184,,,,,,
12080197,,,,,,
12080201,,,,,,
12080187,,,,,,
12080172,,,,,,
12077760,,,,,,
12077737,,,,,,
12077726,,,,,,
12077729,,,,,,
12077741,,,,,,
12077756,,,,,,
12077758,,,,,,
12077730,,,,,,
12077732,,,,,,
12077763,,,,,,
12077751,,,,,,
12077727,,,,,,
12077753,,,,,,
12077767,,,,,,
12077734,,,,,,
12077769,,,,,,
12077761,,,,,,
12077745,,,,,,
12077739,,,,,,
12077740,,,,,,
12077757,,,,,,
12077733,,,,,,
12077768,,,,,,
12077755,,,,,,
12077728,,,,,,
12077766,,,,,,
12077773,,,,,,
12077752,,,,,,
12077748,,,,,,
12077770,,,,,,
12077754,,,,,,
12077731,,,,,,
12080890,,,,,,
12080901,,,,,,
12080891,,,,,,
12080899,,,,,,
12080892,,,,,,
12080893,,,,,,
12080902,,,,,,
12080888,,,,,,
12080887,,,,,,
12080895,,,,,,
12080894,,,,,,
12080898,,,,,,
12080889,,,,,,
12080897,,,,,,
12080900,,,,,,
12080896,,,,,,
12077398,,,,,,
12077397,,,,,,
12077403,,,,,,
12079306,,,,,,
12077422,,,,,,
12077419,,,,,,
12077412,,,,,,
12077415,,,,,,
12077394,,,,,,
12077405,,,,,,
12077401,,,,,,
12077406,,,,,,
12077399,,,,,,
12077426,,,,,,
12077418,,,,,,
12077410,,,,,,
12077416,,,,,,
12077408,,,,,,
12077395,,,,,,
12077424,,,,,,
12077413,,,,,,
12077400,,,,,,
12077407,,,,,,
12077421,,,,,,
12077414,,,,,,
12077409,,,,,,
12077420,,,,,,
12077396,,,,,,
12077423,,,,,,
12077404,,,,,,
12077417,,,,,,
12080109,,,,,,
12077411,,,,,,
12077402,,,,,,
12080357,,,,,,
12080353,,,,,,
12080362,,,,,,
12080351,,,,,,
12080350,,,,,,
12080363,,,,,,
12080361,,,,,,
12080355,,,,,,
12080354,,,,,,
12080364,,,,,,
12080352,,,,,,
12080356,,,,,,
12080458,,,,,,
12080358,,,,,,
12080359,,,,,,
12080360,,,,,,
12076299,,,,,,
12076817,,,,,,
12076310,,,,,,
12076301,,,,,,
12076287,,,,,,
12076311,,,,,,
12076291,,,,,,
12076304,,,,,,
12076296,,,,,,
12076294,,,,,,
12076300,,,,,,
12076309,,,,,,
12076293,,,,,,
12076307,,,,,,
12076286,,,,,,
12076298,,,,,,
12078779,,,,,,
12078776,,,,,,
12078780,,,,,,
12078777,,,,,,
12081617,,,,,,
12078773,,,,,,
12078815,,,,,,
12078840,,,,,,
12078813,,,,,,
12078775,,,,,,
12078812,,,,,,
12078778,,,,,,
12078774,,,,,,
12078781,,,,,,
12078814,,,,,,
12078772,,,,,,
12078802,,,,,,
12080444,,,,,,
12080450,,,,,,
12080453,,,,,,
12080446,,,,,,
12080445,,,,,,
12080441,,,,,,
12080443,,,,,,
12080447,,,,,,
12080451,,,,,,
12080452,,,,,,
12080449,,,,,,
12080448,,,,,,
12077791,,,,,,
12079400,,,,,,
12077788,,,,,,
12077787,,,,,,
12077782,,,,,,
12077783,,,,,,
12077780,,,,,,
12077786,,,,,,
12077777,,,,,,
12077778,,,,,,
12077784,,,,,,
12077785,,,,,,
12077790,,,,,,
12077781,,,,,,
12077776,,,,,,
12077779,,,,,,
12080474,,,,,,
12077789,,,,,,
12080483,,,,,,
12080482,,,,,,
12080475,,,,,,
12080480,,,,,,
12080485,,,,,,
12080476,,,,,,
12080479,,,,,,
12078144,,,,,,
12078153,,,,,,
12078143,,,,,,
12078139,,,,,,
12078134,,,,,,
12078150,,,,,,
12078149,,,,,,
12078162,,,,,,
12078148,,,,,,
12078164,,,,,,
12078160,,,,,,
12078161,,,,,,
12078135,,,,,,
12078158,,,,,,
12078151,,,,,,
12078165,,,,,,
12078141,,,,,,
12078147,,,,,,
12078146,,,,,,
12078163,,,,,,
12078156,,,,,,
12078138,,,,,,
12078159,,,,,,
12078140,,,,,,
12078145,,,,,,
12078155,,,,,,
12078142,,,,,,
12078137,,,,,,
12078157,,,,,,
12078136,,,,,,
12078152,,,,,,
12078154,,,,,,
12080801,,,,,,
12080813,,,,,,
12080803,,,,,,
12080805,,,,,,
12080810,,,,,,
12080807,,,,,,
12080812,,,,,,
12080811,,,,,,
12080808,,,,,,
12080815,,,,,,
12080816,,,,,,
12080804,,,,,,
12080814,,,,,,
12080806,,,,,,
12080802,,,,,,
12080809,,,,,,
12077685,,,,,,
12077704,,,,,,
12077699,,,,,,
12077688,,,,,,
12077689,,,,,,
12077713,,,,,,
12079449,,,,,,
12077696,,,,,,
12077691,,,,,,
12077714,,,,,,
12077695,,,,,,
12077706,,,,,,
12079519,,,,,,
12077709,,,,,,
12077708,,,,,,
12077687,,,,,,
12077693,,,,,,
12077690,,,,,,
12077697,,,,,,
12077701,,,,,,
12077711,,,,,,
12077686,,,,,,
12077694,,,,,,
12077707,,,,,,
12077700,,,,,,
12077705,,,,,,
12077716,,,,,,
12077712,,,,,,
12077692,,,,,,
12077710,,,,,,
12077698,,,,,,
12077715,,,,,,
12077702,,,,,,
12077703,,,,,,
12079931,,,,,,
12079932,,,,,,
12079929,,,,,,
12079933,,,,,,
12080135,,,,,,
12079926,,,,,,
12079930,,,,,,
12079927,,,,,,
12080405,,,,,,
12080404,,,,,,
12080403,,,,,,
12079928,,,,,,
12077312,,,,,,
12077321,,,,,,
12077313,,,,,,
12077316,,,,,,
12077319,,,,,,
12077331,,,,,,
12077330,,,,,,
12077345,,,,,,
12077311,,,,,,
12077333,,,,,,
12077315,,,,,,
12077348,,,,,,
12077338,,,,,,
12077308,,,,,,
12077335,,,,,,
12077336,,,,,,
12077349,,,,,,
12077337,,,,,,
12077342,,,,,,
12077323,,,,,,
12077324,,,,,,
12077351,,,,,,
12077334,,,,,,
12077310,,,,,,
12077309,,,,,,
12079602,1794,1519,,,,1708328172
12079578,2788,,,,,1708329164
12079591,1778,,,,,1708328403
12079606,2123,1921,,,,1708328498
12079589,,,,,,
12079575,,,,,,
12079600,,,,,,
12079598,,,,,,
12079585,,,,,,
12079587,,,,,,
12079595,,,,,,
12079596,,,,,,
12079604,,,,,,
12079593,,,,,,
12079579,,,,,,
12079601,,,,,,
12080185,,,,,,
12080198,,,,,,
12080179,,,,,,
12080189,,,,,,
12080180,,,,,,
12080176,,,,,,
12080192,,,,,,
12080186,,,,,,
12080178,,,,,,
12080199,,,,,,
12080194,,,,,,
12080181,,,,,,
12080190,,,,,,
12080188,,,,,,
12080183,,,,,,
12080175,,,,,,
12077593,,,,,,
12077589,,,,,,
12077580,,,,,,
12077597,,,,,,
12077606,,,,,,
12077587,,,,,,
12077585,,,,,,
12077607,,,,,,
12077599,,,,,,
12077581,,,,,,
12079549,,,,,,
12077601,,,,,,
12077595,,,,,,
12077586,,,,,,
12077578,,,,,,
12077592,,,,,,
12077582,,,,,,
12077596,,,,,,
12077588,,,,,,
12079548,,,,,,
12077598,,,,,,
12077591,,,,,,
12077604,,,,,,
12077590,,,,,,
12077600,,,,,,
12077584,,,,,,
12077577,,,,,,
12077579,,,,,,
12077583,,,,,,
12077603,,,,,,
12077602,,,,,,
12077608,,,,,,
12077594,,,,,,
12077605,,,,,,
12079897,,,,,,
12079907,,,,,,
12079896,,,,,,
12079903,,,,,,
12079900,,,,,,
12079899,,,,,,
12079898,,,,,,
12079894,,,,,,
12079904,,,,,,
12079902,,,,,,
12079901,,,,,,
12079980,,,,,,
12079906,,,,,,
12079895,,,,,,
12079905,,,,,,
12079908,,,,,,
12078691,1354,6970,,,,1708273884
12078693,,,,,,
12078689,1206,1403,,,,1708273939
12078692,,,,,,
12078687,,,,,,
12078688,,,,,,
12078690,,,,,,
12077771,,,,,,
12077742,,,,,,
12077736,,,,,,
12077743,,,,,,
12077746,,,,,,
12077749,,,,,,
12077750,,,,,,
12077744,,,,,,
12077765,,,,,,
12077738,,,,,,
12077764,,,,,,
12077747,,,,,,
12077762,,,,,,
12080862,,,,,,
12080876,,,,,,
12080874,,,,,,
12080872,,,,,,
12080861,,,,,,
12080873,,,,,,
12080875,,,,,,
12080877,,,,,,
12080992,,,,,,
12080863,,,,,,
12080864,,,,,,
12080991,,,,,,
12080993,,,,,,
12080995,,,,,,
12080994,,,,,,
12080878,,,,,,
12077665,1998,1952,1494,,,1708271149
12077664,3231,3285,1606,,,1708274397
12077663,868,1072,,,,1708274239
12080312,,,,,,
12080311,,,,,,
12080310,,,,,,
12080309,,,,,,
12077288,2520,2054,,,,1708246002
12077289,2004,3531,,,,1708246188
12077286,2514,2313,,,,1708246522
12077291,2311,3614,,,,1708246068
12077361,1630,1454,,,,1708245792
12077359,3251,3072,,,,1708254130
12077360,2511,3428,,,,1708253391
12077290,1457,900,,,,1708252292
12077292,2155,1125,,,,1708253085
12077287,1243,2073,,,,1708251918
12079565,,,,,,1708330065
12079563,1494,,,,,1708331725
12079561,1432,,,,,1708331813
12079564,,,,,,1708330301
12079566,,,,,,
12079562,,,,,,
12079560,,,,,,
12079567,,,,,,
12077376,,,,,,
12077369,,,,,,
12077383,,,,,,
12077373,,,,,,
12077375,,,,,,
12077374,,,,,,
12077372,,,,,,
12077381,,,,,,
12077377,,,,,,
12077371,,,,,,
12077378,,,,,,
12077379,,,,,,
12077380,,,,,,
12077382,,,,,,
12077384,,,,,,
12079975,,,,,,
12077370,,,,,,
12080297,,,,,,
12080298,,,,,,
12080283,,,,,,
12080294,,,,,,
12080286,,,,,,
12080287,,,,,,
12080291,,,,,,
12080295,,,,,,
12080296,,,,,,
12080292,,,,,,
12080293,,,,,,
12080290,,,,,,
12080285,,,,,,
12080284,,,,,,
12080289,,,,,,
12080288,,,,,,
12076303,,,,,,
12076289,,,,,,
12076306,,,,,,
12076312,,,,,,
12076288,,,,,,
12076292,,,,,,
12076305,,,,,,
12076314,,,,,,
12076285,,,,,,
12076302,,,,,,
12076284,,,,,,
12076308,,,,,,
12076290,,,,,,
12076295,,,,,,
12076313,,,,,,
12076297,,,,,,
12078210,,,,,,
12078767,,,,,,
12078769,,,,,,
12078757,,,,,,
12078759,,,,,,
12078765,,,,,,
12078763,,,,,,
12078768,,,,,,
12078761,,,,,,
12078756,,,,,,
12078771,,,,,,
12078760,,,,,,
12078770,,,,,,
12078762,,,,,,
12078758,,,,,,
12078766,,,,,,
12078764,,,,,,
12081055,1591,2539,2411,,,1708375929
12077838,3588,2391,,,,1708375624
12077846,2717,2660,4151,,,1708377254
12077837,2181,2729,,,,1708383151
12077839,1927,2917,3107,,,1708392238
12077844,3776,1796,,,,1708390878
12077840,2240,1810,,,,1708389846
12049636,3857,3674,,,,1708271329
12049571,2394,3907,,,,1708285749
12049627,2309,3477,,,,1708366930
12076746,2145,4594,,,,1708345062
12076748,2051,1620,,,,1708352539
12076750,2538,2436,,,,1708358024
12079918,2676,3572,,,,1708359542
12076749,2326,2100,2837,,,1708366061
12076745,3248,2340,,,,1708432447
12076751,2816,2756,,,,1708431938
12079940,2807,3570,,,,1708431863
12076744,2377,3016,,,,1708438342
12078333,2298,3605,,,,1708386713
12078331,2923,3620,,,,1708386979
12078327,2557,3034,3315,,,1708397156
12081702,2025,2117,,,,1708399135
12078335,2842,4829,2920,,,1708409386
12077079,2680,1961,2596,,,1708263424
12076691,,,,,,
12079471,2013,2808,3872,,,1708271095
12076696,2192,2030,2680,,,1708273125
12076701,2651,3553,,,,1708279608
12077083,2552,2203,,,,1708329136
12076692,2748,4080,,,,1708329465
12076699,1954,2808,,,,1708328648
12076703,2548,1930,3198,,,1708336943
12076697,2351,2389,,,,1708334774
12076695,2665,2867,,,,1708337103
12077081,2638,2071,2609,,,1708342961
12076698,1357,2287,2111,,,1708344844
12077084,3625,2216,,,,1708351553
12076702,,,,,,1708354899
12076706,2025,3981,,,,1708357332
12076705,,,,,,
12079944,3763,3063,3090,,,1708369176
12067272,2760,3064,,,,1708415680
12067271,3016,1797,2360,,,1708417867
12067267,1872,2734,,,,1708414855
12067247,1568,3606,2220,,,1708418126
12067245,4126,2600,1798,,,1708425393
12067250,,,,,,1708420014
12080100,2095,2394,,,,1708423381
12067251,2394,2971,,,,1708423764
12067266,1908,2053,,,,1708429121
12067264,1676,2669,,,,1708428824
12067273,2363,2463,,,,1708430096
12067270,2375,2465,,,,1708430675
12067260,3171,2340,2496,,,1708439161
12078246,2326,5163,,,,1708285759
12078109,1923,4685,,,,1708285157
12078107,2527,2113,,,,1708286230
12078277,3659,2695,,,,1708290726
12076723,3258,3197,,,,1708263228
12076933,3485,1566,,,,1708263485
12076681,3445,2794,,,,1708263376
12076932,2900,2563,,,,1708262878
12078716,2924,2217,,,,1708300668
12078694,3071,2058,,,,1708300987
12078819,7902,1480,,,,1708312132
12078755,2723,2880,,,,1708306952
12049801,2864,2780,2721,,,1708266016
12049716,1799,2317,,,,1708267243
12078287,2810,2793,,,,1708360041
12078308,2508,3499,3288,,,1708370506
12078310,2646,3795,,,,1708377410
12083319,2266,2514,,,,1708426056
12078305,2157,2283,,,,1708431396
12083323,2689,3651,,,,1708432105
12083320,1262,1920,1773,,,1708437778
12083322,1924,203,,,,1708439202
12079373,1790,3790,3866,,,1708341387
12079375,2716,2982,,,,1708342929
12079371,4704,2309,,,,1708344698
12079370,1803,1914,,,,1708347936
12079369,3772,3802,2748,,,1708355737
12079376,1896,2080,3235,,,1708408143
12082595,2190,1759,,,,1708405797
12082592,3081,2367,2248,,,1708409611
12079374,2397,2535,,,,1708411026
12082590,3360,2089,,,,1708415616
12082588,3139,2645,,,,1708416101
12082596,1790,2967,,,,1708416546
12079367,1675,2916,2788,,,1708423670
12079372,4285,3192,,,,1708426398
12082586,3980,3476,6467,,,1708434975
12079368,3294,143,,,,1708437322
12077818,,,,,,
12077814,2230,4040,,,,1708352688
12077819,3381,3028,,,,1708354795
12077822,2410,2412,2078,,,1708363604
12077821,1872,2443,,,,1708425721
12083110,2640,3024,3155,,,1708429580
12083106,2727,2386,3065,,,1708429240
12077813,3787,4112,1608,,,1708437267
12083109,3006,3790,3153,,,1708440210
12083108,2868,2467,3264,,,1708438839
12077522,2579,1993,,,,1708263276
12077513,2629,1980,2094,,,1708266775
12077530,2501,3674,1766,,,1708272594
12077512,1880,2205,,,,1708271424
12077520,2007,3254,,,,1708276723
12077531,2625,1946,3486,,,1708280291
12077529,2134,2477,2725,,,1708286088
12079640,2567,1586,2804,,,1708341629
12079514,1780,2766,,,,1708338996
12080585,2105,2846,,,,1708344753
12079959,2871,2124,,,,1708348163
12080584,2583,3433,,,,1708351176
12080911,3205,2086,4037,,,1708356670
12077026,3223,2787,,,,1708263027
12079377,2541,1851,,,,1708323778
12079378,2221,1923,,,,1708323164
12079470,1746,2696,2088,,,1708325384
12079645,2399,3633,2265,,,1708332615
12079772,2306,5006,2850,,,1708336030
12079552,4247,4152,1908,,,1708337091
12077806,3520,3022,,,,1708261509
12077799,4314,1634,,,,1708263238
12077802,1534,2187,,,,1708261498
12077801,2450,1539,3164,,,1708268753
12077807,3046,3371,,,,1708268511
12077800,5032,2780,,,,1708271016
12077808,1903,2941,2065,,,1708277916
12077804,2517,3716,,,,1708275216
12077798,2218,3055,3002,,,1708280171
12079726,2279,2327,3019,,,1708341926
12079737,2058,1833,,,,1708339445
12079732,2461,3714,,,,1708339854
12080596,4358,3215,,,,1708346557
12080152,2262,1396,,,,1708347235
12080595,2154,2590,,,,1708348070
12081565,2479,1788,,,,1708375782
12081564,2479,3925,1433,,,1708380815
12081563,2660,2959,,,,1708381268
12081568,3112,3764,,,,1708390814
12081567,4387,3386,,,,1708399923
12081485,3022,2679,1709,,,1708368253
12081486,2767,3171,,,,1708368892
12081484,3308,2672,1238,,,1708372065
12081483,,,,,,
12083654,2155,3282,,,,1708375180
12083035,3111,4517,2968,,,1708432820
12083038,1936,1019,,,,1708427749
12083031,3536,2154,3944,,,1708431475
12083037,2921,2415,,,,1708429117
12083055,2290,3186,2859,,,1708435217
12083033,2041,2827,,,,1708432208
12083186,450,3454,2099,,,1708434900
12083188,4041,4057,,,,1708432047
12083190,2548,2954,,,,1708430399
12083185,2117,1676,,,,1708434493
12079571,1726,2759,2920,,,1708273521
12083423,1901,5184,,,,1708420532
12083404,1468,2048,,,,1708419905
12083399,1785,1676,,,,1708424848
12083402,2262,1814,,,,1708429129
12083419,1941,1869,,,,1708429889
12083416,2503,3901,2359,,,1708438770
12082222,2513,2345,2389,,,1708400194
12082228,2712,3245,2800,,,1708405741
12082219,2387,1823,,,,1708403710
12082211,2303,1096,,,,1708403467
12082215,1987,2288,1613,,,1708406561
12082227,2293,2953,,,,1708411679
12079485,3489,3371,,,,1708312694
12079492,3710,4412,,,,1708312472
12079481,3524,1777,,,,1708312533
12079483,2752,3137,813,,,1708314933
12079491,1872,2726,,,,1708310484
12079482,3722,1378,,,,1708319150
12079486,3472,4341,,,,1708320244
12079495,1947,2087,1302,,,1708321839
12077281,3967,1769,,,,1708262005
12077162,3706,1581,3386,,,1708368785
12077829,2083,1909,,,,1708267754
12081968,2739,2166,,,,1708398639
12081964,2855,2488,,,,1708400942
12081978,2916,2899,,,,1708401305
12081961,1842,1924,,,,1708401763
12083286,2672,2222,,,,1708433599
12083289,1975,3505,,,,1708433413
12083283,1741,2543,,,,1708438643
12083284,1939,2685,,,,1708439689
12083611,2180,2809,,,,1708439567
12077045,2252,2337,,,,1708261069
12083230,2537,2298,2914,,,1708433326
12083238,2798,1694,,,,1708432969
12083229,2637,3041,,,,1708435814
12083241,3386,3451,,,,1708440360
12077719,2515,2521,,,,1708265130
12083045,3025,4214,,,,1708428156
12083046,2776,2088,,,,1708429304
12083039,2617,2603,1649,,,1708433637
12083201,2928,4576,2816,,,1708436748
12083200,2942,2705,4547,,,1708434781
12083194,2834,4665,,,,1708434362
12083339,4286,4740,3385,,,1708438580
12083338,4366,3103,,,,1708433498
12083340,2927,4962,2208,,,1708445472
12079570,3401,2894,,,,1708270013
12083412,2282,3155,,,,1708421001
12083403,3020,2462,1612,,,1708429149
12083405,2680,2735,3745,,,1708431033
12083414,1726,2301,,,,1708427084
12083420,2224,2709,,,,1708431987
12082208,2441,2564,,,,1708397396
12082224,1846,2382,,,,1708396683
12082207,1943,1736,,,,1708396795
12082206,2579,2317,,,,1708397642
12082220,3430,2476,,,,1708398858
12082210,1673,2729,2476,,,1708408243
12082209,2630,2766,,,,1708410100
12079493,2360,2460,1071,,,1708313305
12079490,3097,2206,,,,1708317239
12079488,1556,2158,,,,1708317129
12079489,3344,2597,1198,,,1708323191
12079487,1852,3086,,,,1708322107
12079496,3077,2561,591,,,1708326253
12079494,1223,3193,,,,1708322566
12079484,1182,2632,,,,1708325223
12083072,3233,2844,3033,,,1708431730
12083077,1950,3758,,,,1708427486
12083070,899,2020,,,,1708432966
12083071,2457,4038,3072,,,1708442358
12083069,1898,1792,,,,1708437589
12082876,2469,4097,5441,,,1708423690
12082872,3286,2388,2901,,,1708422125
12082882,3210,3202,,,,1708419774
12082867,2845,1236,,,,1708419647
12082875,10858,23,43,,,1708427450
12082869,3044,3846,4620,,,1708423856
12082874,1489,1787,,,,1708426629
12082868,1946,2872,,,,1708427537
12082878,3173,2433,,,,1708428898
12082879,2146,2902,,,,1708431815
12082881,1473,3889,,,,1708431543
12082880,2685,2563,,,,1708435522
12082877,1990,3872,,,,1708434965
12082870,2280,2180,,,,1708437166
12082871,1708,1641,,,,1708437625
12081972,2102,3640,,,,1708395661
12081977,4438,2809,,,,1708400180
12081957,2547,2439,2072,,,1708401586
12081966,2213,1534,,,,1708400001
12079597,3088,2731,1613,,,1708332725
12079599,2625,1984,,,,1708329294
12079588,3928,3257,,,,1708330516
12079583,2581,2069,,,,1708329952
12079590,1818,3044,,,,1708333685
12079605,4099,2964,,,,1708339245
12079577,2767,2145,,,,1708338165
12079592,3327,2501,959,,,1708340978
12079594,3041,3983,,,,1708338539
12079603,2012,2723,,,,1708339783
12079586,3613,2188,,,,1708346606
12079576,2557,2741,983,,,1708348677
12079584,4825,2533,,,,1708348235
12079582,1845,2149,,,,1708347649
12079607,1688,1872,,,,1708350030
12079581,2990,2756,955,,,1708354834
12083043,2042,1798,,,,1708414849
12083036,1924,389,,,,1708414517
12083025,4016,1950,,,,1708416873
12083023,3791,2674,,,,1708422002
12083030,2746,3702,,,,1708421495
12083050,2757,3458,,,,1708421351
12083022,2608,3674,816,,,1708425773
12083091,3763,4574,909,,,1708428012
12077565,,,,,,
12077558,,,,,,
12080202,,,,,,
12080191,,,,,,
12080182,,,,,,
12080174,,,,,,
12080196,,,,,,
12080193,,,,,,
12080173,,,,,,
12080177,,,,,,
12080203,,,,,,
12080200,,,,,,
12080195,,,,,,
12080184,,,,,,
12080197,,,,,,
12080201,,,,,,
12080187,,,,,,
12080172,,,,,,
12083203,2335,3938,,,,1708423367
12083193,3085,2572,,,,1708424286
12083198,2823,3036,,,,1708424053
12083178,2891,3,,,,1708426800
12083220,3538,3817,,,,1708426824
12083175,3457,2376,,,,1708427660
12083208,2651,1650,,,,1708427659
12085822,3992,4045,1281,,,1708438761
12077752,,,,,,
12077748,,,,,,
12077770,,,,,,
12077754,,,,,,
12077731,,,,,,
12080890,,,,,,
12080901,,,,,,
12080891,,,,,,
12080899,,,,,,
12080892,,,,,,
12080893,,,,,,
12080902,,,,,,
12080888,,,,,,
12080887,,,,,,
12080895,,,,,,
12080894,,,,,,
12080898,,,,,,
12080889,,,,,,
12080897,,,,,,
12080900,,,,,,
12080896,,,,,,
12082543,2856,2591,,,,1708357549
12082545,5343,2617,,,,1708356288
12082544,2649,2389,,,,1708351701
12082542,3988,2080,,,,1708357428
12082606,1577,3163,,,,1708356916
12082928,1610,3670,1155,,,1708364814
12082938,2989,1744,,,,1708362894
12082927,1336,2821,,,,1708362092
12081519,,,,,,
12081516,,,,,,
12081528,,,,,,
12081523,,,,,,
12081521,,,,,,
12081517,,,,,,
12081525,,,,,,
12081515,,,,,,
12081526,,,,,,
12081530,,,,,,
12081524,,,,,,
12081522,,,,,,
12081520,,,,,,
12081529,,,,,,
12081527,,,,,,
12081518,,,,,,
12077421,,,,,,
12077414,,,,,,
12077409,,,,,,
12077420,,,,,,
12077396,,,,,,
12077423,,,,,,
12077404,,,,,,
12077417,,,,,,
12080109,,,,,,
12077411,,,,,,
12077402,,,,,,
12080357,,,,,,
12080353,,,,,,
12080362,,,,,,
12080351,,,,,,
12080350,,,,,,
12080363,,,,,,
12080361,,,,,,
12080355,,,,,,
12080354,,,,,,
12080364,,,,,,
12080352,,,,,,
12080356,,,,,,
12080458,,,,,,
12080358,,,,,,
12080359,,,,,,
12080360,,,,,,
12083171,2246,2751,,,,1708418701
12083180,2523,3178,,,,1708419096
12083172,3197,1645,941,,,1708421441
12083177,2547,2715,,,,1708419374
12083176,2204,2255,,,,1708424465
12083181,2101,1936,,,,1708425237
12083168,1921,1459,,,,1708424923
12083167,4173,2190,,,,1708427268
12078779,,,,,,
12078776,,,,,,
12078780,,,,,,
12078777,,,,,,
12081617,,,,,,
12078773,,,,,,
12078815,,,,,,
12078840,,,,,,
12078813,,,,,,
12078775,,,,,,
12078812,,,,,,
12078778,,,,,,
12078774,,,,,,
12078781,,,,,,
12078814,,,,,,
12078772,,,,,,
12078802,,,,,,
12081954,3397,2327,,,,1708392604
12081951,1903,4655,878,,,1708395573
12081955,1801,3154,1019,,,1708394257
12081970,2782,2449,,,,1708392455
12081956,,,,,,1708389076
12081969,4415,2619,,,,1708394696
12081965,2793,2075,753,,,1708396079
12081976,3865,2968,,,,1708396178
12080444,1999,1785,,,,1708333982
12080450,1536,1876,,,,1708333706
12080453,3145,2484,,,,1708335388
12080441,2428,3078,,,,1708338865
12080446,3968,2528,1080,,,1708343375
12080445,2582,3053,787,,,1708344229
12080447,3547,2515,,,,1708346213
12080443,3884,2704,,,,1708349311
12080451,2250,2382,892,,,1708350480
12080449,2345,1153,,,,1708352042
12080452,1820,1863,,,,1708353872
12080448,2550,3348,,,,1708355237
12080454,1991,2450,,,,1708358408
12080440,1592,2358,,,,1708360868
12080442,2534,2384,,,,1708364168
12080439,2974,2874,857,,,1708370069
12083278,2786,2440,,,,1708419341
12083277,3911,1933,,,,1708420684
12083282,3323,4223,,,,1708420258
12083279,2026,3087,,,,1708418858
12083832,4524,3445,,,,1708427636
12083765,2182,2721,,,,1708424816
12083833,1612,3510,,,,1708425150
12083280,1789,3495,,,,1708427034
12077780,,,,,,
12077786,,,,,,
12077777,,,,,,
12077778,,,,,,
12077784,,,,,,
12077785,,,,,,
12077790,,,,,,
12077781,,,,,,
12077776,,,,,,
12077779,,,,,,
12080474,,,,,,
12077789,,,,,,
12080483,,,,,,
12080482,,,,,,
12080475,,,,,,
12080480,,,,,,
12080485,,,,,,
12080476,,,,,,
12080479,,,,,,
12082510,,,,,,
12080477,,,,,,
12082804,,,,,,
12080484,,,,,,
12080478,,,,,,
12080481,,,,,,
12082803,,,,,,
12082548,,,,,,
12083606,3736,2462,856,,,1708430196
12083605,3916,2501,896,,,1708430227
12083604,2804,1816,,,,1708429425
12083614,2170,4134,,,,1708435142
12085931,1802,3133,1135,,,1708437080
12083610,3057,3280,1053,,,1708438245
12083607,1492,2894,,,,1708433553
12078144,,,,,,
12078153,,,,,,
12078143,,,,,,
12078139,,,,,,
12078134,,,,,,
12078150,,,,,,
12078149,,,,,,
12078162,,,,,,
12078148,,,,,,
12078164,,,,,,
12078160,,,,,,
12078161,,,,,,
12078135,,,,,,
12078158,,,,,,
12078151,,,,,,
12078165,,,,,,
12078141,,,,,,
12078147,,,,,,
12078146,,,,,,
12078163,,,,,,
12078156,,,,,,
12078138,,,,,,
12078159,,,,,,
12078140,,,,,,
12078145,,,,,,
12078155,,,,,,
12078142,,,,,,
12078137,,,,,,
12078157,,,,,,
12078136,,,,,,
12078152,,,,,,
12078154,,,,,,
12080801,,,,,,
12080813,,,,,,
12080803,,,,,,
12080805,,,,,,
12080810,,,,,,
12080807,,,,,,
12080812,,,,,,
12080811,,,,,,
12080808,,,,,,
12080815,,,,,,
12080816,,,,,,
12080804,,,,,,
12080814,,,,,,
12080806,,,,,,
12080802,,,,,,
12080809,,,,,,
12083516,,,,,,
12083519,,,,,,
12083515,,,,,,
12083514,,,,,,
12083522,,,,,,
12083526,,,,,,
12083523,,,,,,
12083513,,,,,,
12077696,,,,,,
12077691,,,,,,
12077714,,,,,,
12077695,,,,,,
12077706,,,,,,
12079519,,,,,,
12077709,,,,,,
12077708,,,,,,
12077687,,,,,,
12077693,,,,,,
12077690,,,,,,
12077697,,,,,,
12077701,,,,,,
12077711,,,,,,
12077686,,,,,,
12077694,,,,,,
12077707,,,,,,
12077700,,,,,,
12077705,,,,,,
12077716,,,,,,
12077712,,,,,,
12077692,,,,,,
12077710,,,,,,
12077698,,,,,,
12077715,,,,,,
12077702,,,,,,
12077703,,,,,,
12079931,,,,,,
12079932,,,,,,
12079929,,,,,,
12079933,,,,,,
12080135,,,,,,
12079926,,,,,,
12079930,,,,,,
12079927,,,,,,
12080405,,,,,,
12080404,,,,,,
12080403,,,,,,
12079928,,,,,,
12080407,,,,,,
12080406,,,,,,
12080402,,,,,,
12080134,,,,,,
12083228,,,,,,
12083239,,,,,,
12083226,,,,,,
12083240,,,,,,
12083296,,,,,,
12083295,,,,,,
12083297,,,,,,
12083227,,,,,,
12079606,2123,1921,,,,1708328498
12079602,1794,1519,,,,1708328172
12079578,2788,1570,,,,1708329164
12079591,1778,3596,,,,1708328403
12079598,2136,1569,,,,1708333025
12079575,1501,1630,,,,1708332688
12079585,6942,5543,,,,1708339377
12079600,1719,1918,,,,1708334489
12079589,5157,2806,1385,,,1708340942
12079596,2585,1372,,,,1708340185
12079593,2627,3174,895,,,1708347444
12079601,1569,2873,,,,1708344377
12079595,3218,1868,,,,1708345868
12079587,2631,4692,1206,,,1708350986
12079604,1651,2563,,,,1708350360
12079579,4043,2983,,,,1708356066
12083040,1707,2969,,,,1708414536
12083024,2270,3466,,,,1708415213
12083054,1381,2145,,,,1708414460
12083026,2547,2360,,,,1708415532
12083027,2589,2831,,,,1708415313
12083047,3532,3981,,,,1708420313
12083290,2887,3877,,,,1708420434
12083028,3093,2701,,,,1708422276
12080185,,,,,,
12080198,,,,,,
12080179,,,,,,
12080189,,,,,,
12080180,,,,,,
12080176,,,,,,
12080192,,,,,,
12080186,,,,,,
12080178,,,,,,
12080199,,,,,,
12080194,,,,,,
12080181,,,,,,
12080190,,,,,,
12080188,,,,,,
12080183,,,,,,
12080175,,,,,,
12083195,2041,1406,,,,1708418455
12083197,3492,4040,,,,1708423399
12083199,2765,3841,,,,1708419408
12083219,2934,2244,,,,1708420216
12083196,2162,2457,,,,1708418629
12083205,1846,1811,,,,1708418345
12083207,2905,4448,,,,1708419548
12083204,1634,1514,,,,1708418057
12077594,,,,,,
12077605,,,,,,
12079897,,,,,,
12079907,,,,,,
12079896,,,,,,
12079903,,,,,,
12079900,,,,,,
12079904,,,,,,
12079899,,,,,,
12079901,,,,,,
12079980,,,,,,
12079898,,,,,,
12079906,,,,,,
12079894,,,,,,
12079895,,,,,,
12079905,,,,,,
12079902,,,,,,
12079908,,,,,,
12083330,,,,,,
12083553,,,,,,
12083554,,,,,,
12083552,,,,,,
12083335,,,,,,
12083332,,,,,,
12083551,,,,,,
12083331,,,,,,
12078691,1354,6970,,,,1708273884
12078693,,,,,,
12078689,1206,1403,,,,1708273939
12078692,,,,,,
12078687,,,,,,
12078688,,,,,,
12078690,,,,,,
12081461,2421,1999,1762,,,1708363476
12081458,2473,2804,2926,,,1708364575
12081462,2970,3030,,,,1708362283
12081463,2581,3720,3483,,,1708372375
12081460,3072,2522,,,,1708369085
12081459,2201,1761,,,,1708370368
12077771,,,,,,
12077742,,,,,,
12077736,,,,,,
12077759,,,,,,
12077735,,,,,,
12077772,,,,,,
12077743,,,,,,
12077746,,,,,,
12077749,,,,,,
12077750,,,,,,
12077744,,,,,,
12077765,,,,,,
12077738,,,,,,
12077764,,,,,,
12077747,,,,,,
12077762,,,,,,
12080862,,,,,,
12080876,,,,,,
12080874,,,,,,
12080872,,,,,,
12080861,,,,,,
12080873,,,,,,
12080875,,,,,,
12080877,,,,,,
12080992,,,,,,
12080863,,,,,,
12080864,,,,,,
12080991,,,,,,
12080993,,,,,,
12080995,,,,,,
12080994,,,,,,
12080878,,,,,,
12083421,2552,2381,,,,1708420856
12083417,2341,2560,,,,1708421094
12083398,2169,2086,,,,1708420590
12083413,3413,3133,1114,,,1708425458
12083400,2918,1317,,,,1708421991
12083422,1813,3077,,,,1708425987
12083396,2104,2293,743,,,1708428815
12083397,3986,1920,,,,1708431439
12077665,1998,1952,1494,,,1708271149
12077664,3231,3285,1606,,,1708274397
12077663,868,1072,,,,1708274239
12080312,,,,,,1708341078
12080311,2203,2027,2158,,,1708345144
12080309,1060,1766,,,,1708349134
12080310,1319,1439,,,,1708350907
12079565,2832,2696,,,,1708332897
12079563,1494,1473,,,,1708331725
12079561,1432,2676,,,,1708331813
12079564,1748,1616,,,,1708332288
12079566,3714,3157,,,,1708341154
12079562,2456,1891,,,,1708339897
12079560,2223,2108,,,,1708339421
12079567,1958,2557,4088,,,1708341761
12077379,,,,,,
12077380,,,,,,
12077382,,,,,,
12077384,,,,,,
12079975,,,,,,
12077370,,,,,,
12080297,,,,,,
12080298,,,,,,
12080283,,,,,,
12080294,,,,,,
12080286,,,,,,
12080287,,,,,,
12080291,,,,,,
12080295,,,,,,
12080296,,,,,,
12080292,,,,,,
12080293,,,,,,
12080290,,,,,,
12080285,,,,,,
12080284,,,,,,
12080289,,,,,,
12080288,,,,,,
12083117,1866,2936,,,,1708416855
12083116,2370,1959,,,,1708417139
12083121,3295,3174,,,,1708418531
12083115,2550,3235,735,,,1708420565
12083111,2444,2926,777,,,1708425115
12083113,,,,,,1708414394
12083114,2436,2424,608,,,1708427370
12083112,1810,2004,,,,1708430546
12078767,,,,,,
12078769,,,,,,
12078757,,,,,,
12078759,,,,,,
12078765,,,,,,
12078763,,,,,,
12078768,,,,,,
12078761,,,,,,
12078756,,,,,,
12078771,,,,,,
12078760,,,,,,
12078770,,,,,,
12078762,,,,,,
12078758,,,,,,
12078766,,,,,,
12078764,,,,,,
12081948,2827,2141,,,,1708387060
12081953,3845,2173,,,,1708388103
12081958,3105,2715,884,,,1708390088
12081950,1772,2685,,,,1708386027
12081947,3874,2702,,,,1708388231
12081963,2369,1470,,,,1708386711
12081952,1777,2233,,,,1708385926
12081949,1963,1623,,,,1708386153
12081055,1591,2539,2411,,,1708375929
12077838,3588,2391,,,,1708375624
12077846,2717,2660,4151,,,1708377254
12077837,2181,2729,,,,1708383151
12077839,1927,2917,3107,,,1708392238
12077844,3776,1796,,,,1708390878
12077840,2240,1810,,,,1708389846
12077847,3521,3360,,,,1708471755
12077845,2887,5021,1671,,,1708475934
12081056,2263,1712,2995,,,1708471912
12081057,3216,2699,,,,1708471136
12077842,2572,4650,3256,,,1708482552
12077841,1594,2014,3242,,,1708479570
12077848,,,,,,1708476861
12081058,2393,3637,2270,,,1708485123
12049627,2309,3477,,,,1708366930
12076748,2051,1620,,,,1708352539
12076750,2538,2436,,,,1708358024
12079918,2676,3572,,,,1708359542
12076749,2326,2100,2837,,,1708366061
12076745,3248,2340,,,,1708432447
12076751,2816,2756,,,,1708431938
12079940,2807,3570,,,,1708431863
12076744,2377,3016,,,,1708438342
12079938,,,,,,
12086081,4008,2821,,,,1708442145
12079936,2530,4260,,,,1708445496
12076747,1617,4442,,,,1708452660
12067166,,,,,,
12067164,,,,,,
12067170,,,,,,
12067168,,,,,,
12067161,,,,,,
12078333,2298,3605,,,,1708386713
12078331,2923,3620,,,,1708386979
12078327,2557,3034,3315,,,1708397156
12081702,2025,2117,,,,1708399135
12078335,2842,4829,2920,,,1708409386
12078329,3392,2867,,,,1708473991
12078321,2769,3979,,,,1708473234
12078325,3112,1859,,,,1708473482
12081703,1612,1376,,,,1708477946
12081701,2774,2644,,,,1708480764
12078323,2315,3594,,,,1708480770
12078318,3590,4700,,,,1708488543
12077084,3625,2216,,,,1708351553
12076702,,,,,,1708354899
12076706,2025,3981,,,,1708357332
12076705,,,,,,
12079944,3763,3063,3090,,,1708369176
12067272,2760,3064,,,,1708415680
12067271,3016,1797,2360,,,1708417867
12067267,1872,2734,,,,1708414855
12067247,1568,3606,2220,,,1708418126
12067245,4126,2600,1798,,,1708425393
12067250,,,,,,1708420014
12080100,2095,2394,,,,1708423381
12067251,2394,2971,,,,1708423764
12067266,1908,2053,,,,1708429121
12067264,1676,2669,,,,1708428824
12067273,2363,2463,,,,1708430096
12067270,2375,2465,,,,1708430675
12067260,3171,2340,2496,,,1708439161
12067265,2791,4255,,,,1708444577
12067274,3253,1716,3350,,,1708447484
12067262,2019,4086,,,,1708451814
12067257,,,,,,
12067256,,,,,,
12067248,,,,,,
12067246,,,,,,
12067259,,,,,,
12067244,,,,,,
12078287,2810,2793,,,,1708360041
12078308,2508,3499,3288,,,1708370506
12078310,2646,3795,,,,1708377410
12083319,2266,2514,,,,1708426056
12078305,2157,2283,,,,1708431396
12083323,2689,3651,,,,1708432105
12083320,1262,1920,1773,,,1708437778
12083322,1924,203,,,,1708439202
12083324,3135,4772,2847,,,1708448417
12083321,2262,2232,,,,1708450893
12078283,2207,2973,,,,1708454447
12078289,2107,3969,,,,1708456353
12078299,1958,1596,,,,1708460546
12078294,,,,,,
12067359,,,,,,
12067344,,,,,,
12079370,1803,1914,,,,1708347936
12079369,3772,3802,2748,,,1708355737
12079376,1896,2080,3235,,,1708408143
12082595,2190,1759,,,,1708405797
12082592,3081,2367,2248,,,1708409611
12079374,2397,2535,,,,1708411026
12082590,3360,2089,,,,1708415616
12082588,3139,2645,,,,1708416101
12082596,1790,2967,,,,1708416546
12079367,1675,2916,2788,,,1708423670
12079372,4285,3192,,,,1708426398
12082586,3980,3476,6467,,,1708434975
12079368,3294,143,,,,1708437322
12067314,,,,,,1708497412
12067310,,,,,,
12067312,,,,,,
12067313,,,,,,
12077818,,,,,,
12077814,2230,4040,,,,1708352688
12077819,3381,3028,,,,1708354795
12077822,2410,2412,2078,,,1708363604
12077821,1872,2443,,,,1708425721
12083110,2640,3024,3155,,,1708429580
12083106,2727,2386,3065,,,1708429240
12077813,3787,4112,1608,,,1708437267
12083109,3006,3790,3153,,,1708440210
12083108,2868,2467,3264,,,1708438839
12077820,2063,2772,2658,,,1708447965
12083105,3773,2459,2374,,,1708450797
12077817,2631,3762,2250,,,1708451874
12077816,,,,,,1708454222
12083107,2338,2701,,,,1708457168
12067338,,,,,,
12077815,,,,,,
12077823,,,,,,
12086951,,,,,,1708454597
12067336,,,,,,
12067332,,,,,,
12079959,2871,2124,,,,1708348163
12080584,2583,3433,,,,1708351176
12080911,3205,2086,4037,,,1708356670
12080152,2262,1396,,,,1708347235
12080595,2154,2590,,,,1708348070
12081565,2479,1788,,,,1708375782
12081564,2479,3925,1433,,,1708380815
12081563,2660,2959,,,,1708381268
12081568,3112,3764,,,,1708390814
12081567,4387,3386,,,,1708399923
12081583,2273,2564,,,,1708455023
12084014,3766,3504,4712,,,1708459715
12081580,2383,2021,,,,1708460857
12081585,2630,2784,,,,1708462258
12081581,2242,2284,,,,1708465990
12084017,2250,2996,,,,1708467535
12084012,2351,3527,,,,1708468479
12081586,1614,3802,,,,1708470677
12081582,3009,2298,,,,1708477044
12084018,2315,2027,3810,,,1708479815
12081584,,,,,,
12086967,2386,1818,,,,1708482590
12081485,3022,2679,1709,,,1708368253
12081486,2767,3171,,,,1708368892
12081484,3308,2672,1238,,,1708372065
12081483,,,,,,
12083654,2155,3282,,,,1708375180
12083035,3111,4517,2968,,,1708432820
12083038,1936,1019,,,,1708427749
12083031,3536,2154,3944,,,1708431475
12083037,2921,2415,,,,1708429117
12083055,2290,3186,2859,,,1708435217
12083033,2041,2827,,,,1708432208
12086238,,,,,,
12086241,,,,,,
12084404,,,,,,
12086240,,,,,,
12086236,,,,,,
12086237,,,,,,
12084396,,,,,,
12084427,,,,,,
12086239,,,,,,
12086242,,,,,,
12083186,450,3454,2099,,,1708434900
12083188,4041,4057,,,,1708432047
12083190,2548,2954,,,,1708430399
12083185,2117,1676,,,,1708434493
12086534,,,,,,
12084512,,,,,,
12086529,,,,,,
12086527,,,,,,
12086528,,,,,,
12086526,,,,,,
12084517,,,,,,
12084514,,,,,,
12084513,,,,,,
12086532,,,,,,
12086530,,,,,,
12086533,,,,,,
12083423,1901,5184,,,,1708420532
12083404,1468,2048,,,,1708419905
12083399,1785,1676,,,,1708424848
12083402,2262,1814,,,,1708429129
12083419,1941,1869,,,,1708429889
12083416,2503,3901,2359,,,1708438770
12084310,,,,,,
12084303,,,,,,
12084299,,,,,,
12084298,,,,,,
12084315,,,,,,
12084305,,,,,,
12084304,,,,,,
12084312,,,,,,
12084297,,,,,,
12084307,,,,,,
12082222,2513,2345,2389,,,1708400194
12082228,2712,3245,2800,,,1708405741
12082219,2387,1823,,,,1708403710
12082211,2303,1096,,,,1708403467
12082215,1987,2288,1613,,,1708406561
12082227,2293,2953,,,,1708411679
12084435,4710,2500,,,,1708486397
12084437,3825,2770,,,,1708485435
12084429,1516,2424,,,,1708483077
12084410,3437,2052,,,,1708485434
12084430,2879,2902,2172,,,1708487632
12084432,1893,1581,1928,,,1708490616
12084434,3179,4479,2327,,,1708496412
12084428,4430,2718,,,,1708497528
12084433,2486,1615,3719,,,1708494943
12084426,2779,,,,,1708498024
12083939,2508,2284,,,,1708452156
12083938,1325,1822,3452,,,1708453969
12077162,3706,1581,3386,,,1708368785
12086208,,,,,,
12084306,,,,,,
12084328,,,,,,
12084300,,,,,,
12086201,,,,,,
12086206,,,,,,
12086202,,,,,,
12086204,,,,,,
12086203,,,,,,
12084302,,,,,,
12084309,,,,,,
12084316,,,,,,
12084301,,,,,,
12086207,,,,,,
12084313,,,,,,
12086205,,,,,,
12081968,2739,2166,,,,1708398639
12081964,2855,2488,,,,1708400942
12081978,2916,2899,,,,1708401305
12081961,1842,1924,,,,1708401763
12084802,2471,2459,,,,1708473025
12084804,2345,5053,3892,,,1708478681
12084534,4833,2527,,,,1708475465
12084528,2879,2516,,,,1708473527
12084831,1667,3419,2402,,,1708476347
12084801,2327,1885,2264,,,1708475275
12084800,3902,2176,,,,1708480037
12084798,1812,2300,,,,1708478592
12084520,1956,2978,,,,1708485623
12084799,4370,3931,2740,,,1708493779
12084530,2018,3719,,,,1708488609
12084803,2649,3213,,,,1708493320
12083286,2672,2222,,,,1708433599
12083289,1975,3505,,,,1708433413
12083283,1741,2543,,,,1708438643
12083284,1939,2685,,,,1708439689
12083285,1481,1449,,,,1708449138
12083288,1906,3388,2588,,,1708452582
12086546,,,,,,
12084340,,,,,,
12086543,,,,,,
12086545,,,,,,
12086540,,,,,,
12086544,,,,,,
12084350,,,,,,
12086541,,,,,,
12083611,2180,2809,,,,1708439567
12083608,2963,2068,,,,1708442069
12083617,2776,4426,,,,1708442706
12083615,1929,2061,2696,,,1708447331
12083612,1935,2888,,,,1708447009
12083609,3412,2880,,,,1708448815
12083613,1536,3522,,,,1708449282
12086718,,,,,,
12084319,,,,,,
12086716,,,,,,
12086715,,,,,,
12086719,,,,,,
12086712,,,,,,
12086713,,,,,,
12086714,,,,,,
12086717,,,,,,
12083518,3664,2471,2610,,,1708448013
12083524,2943,5043,,,,1708444874
12083517,3561,1831,,,,1708448058
12083529,3167,3123,,,,1708445339
12083521,,,,,,
12083532,3014,4393,2854,,,1708458891
12083520,2760,3499,4256,,,1708466004
12086956,,,,,,
12086962,,,,,,
12086958,,,,,,
12086957,,,,,,
12083230,2537,2298,2914,,,1708433326
12083238,2798,1694,,,,1708432969
12083229,2637,3041,,,,1708435814
12083241,3386,3451,,,,1708440360
12084358,,,,,,
12086423,,,,,,
12086421,,,,,,
12086426,,,,,,
12086420,,,,,,
12084374,,,,,,
12086425,,,,,,
12086422,,,,,,
12084365,,,,,,
12086424,,,,,,
12086419,,,,,,
12084360,,,,,,
12083045,3025,4214,,,,1708428156
12083046,2776,2088,,,,1708429304
12083039,2617,2603,1649,,,1708433637
12084323,,,,,,
12085982,,,,,,1708499228
12084327,,,,,,
12085986,,,,,,
12085979,,,,,,
12085983,,,,,,
12085985,,,,,,
12084326,,,,,,
12085978,,,,,,
12084321,,,,,,
12085981,,,,,,
12085980,,,,,,
12084324,,,,,,
12085984,,,,,,
12083201,2928,4576,2816,,,1708436748
12083200,2942,2705,4547,,,1708434781
12083194,2834,4665,,,,1708434362
12086014,,,,,,
12084449,,,,,,
12083202,3623,2302,,,,1708446257
12084447,,,,,,
12086017,,,,,,
12086013,,,,,,
12084420,,,,,,
12086015,,,,,,
12086012,,,,,,
12084444,,,,,,
12086016,,,,,,
12084455,,,,,,
12086011,,,,,,
12083339,4286,4740,3385,,,1708438580
12083338,4366,3103,,,,1708433498
12083340,2927,4962,2208,,,1708445472
12083341,2188,3002,3103,,,1708448146
12084436,,,,,,
12086498,,,,,,
12086497,,,,,,
12086496,,,,,,
12086493,,,,,,
12084439,,,,,,
12084442,,,,,,
12086500,,,,,,
12084438,,,,,,
12086495,,,,,,
12086499,,,,,,
12086501,,,,,,
12084084,2077,2082,,,,1708447425
12084073,1838,1467,,,,1708447244
12084081,4477,3196,,,,1708450007
12084086,2525,2963,,,,1708447833
12084075,2085,2509,3276,,,1708454177
12084076,1392,1657,,,,1708451780
12084088,2015,2078,3905,,,1708456169
12084078,4303,2443,3154,,,1708460969
12084079,3474,2483,2111,,,1708460909
12084083,2038,3236,3180,,,1708463739
12084074,2811,2913,,,,1708463640
12084080,1940,2738,,,,1708466112
12084077,2059,3060,,,,1708467058
12084087,1687,1832,,,,1708468922
12084085,2213,1163,,,,1708469902
12084082,2062,1328,,,,1708472378
12083412,2282,3155,,,,1708421001
12083403,3020,2462,1612,,,1708429149
12083405,2680,2735,3745,,,1708431033
12083414,1726,2301,,,,1708427084
12083420,2224,2709,,,,1708431987
12086312,,,,,,
12086311,,,,,,
12084521,,,,,,
12084525,,,,,,
12086313,,,,,,
12086317,,,,,,
12086310,,,,,,
12084523,,,,,,
12086315,,,,,,
12086316,,,,,,
12086319,,,,,,
12082208,2441,2564,,,,1708397396
12082224,1846,2382,,,,1708396683
12082207,1943,1736,,,,1708396795
12082206,2579,2317,,,,1708397642
12082220,3430,2476,,,,1708398858
12082210,1673,2729,2476,,,1708408243
12082209,2630,2766,,,,1708410100
12084402,2673,2260,,,,1708484385
12084401,4254,3839,999,,,1708490546
12084408,2315,1828,,,,1708492475
12084400,1615,3221,,,,1708494238
12082221,2904,2436,,,,1708499873
12084399,,,,,,1708499570
12084407,,,,,,1708501473
12084406,,,,,,1708499395
12084405,3088,,,,,1708501384
12083072,3233,2844,3033,,,1708431730
12083077,1950,3758,,,,1708427486
12083070,899,2020,,,,1708432966
12083071,2457,4038,3072,,,1708442358
12083069,1898,1792,,,,1708437589
12083073,1820,2722,2258,,,1708445035
12083074,2307,1848,,,,1708448587
12084363,,,,,,
12084359,,,,,,
12084330,,,,,,
12084337,,,,,,
12084329,,,,,,
12084333,,,,,,
12082876,2469,4097,5441,,,1708423690
12082872,3286,2388,2901,,,1708422125
12082882,3210,3202,,,,1708419774
12082867,2845,1236,,,,1708419647
12082875,10858,23,43,,,1708427450
12082869,3044,3846,4620,,,1708423856
12082874,1489,1787,,,,1708426629
12082868,1946,2872,,,,1708427537
12082878,3173,2433,,,,1708428898
12082879,2146,2902,,,,1708431815
12082881,1473,3889,,,,1708431543
12082880,2685,2563,,,,1708435522
12082877,1990,3872,,,,1708434965
12082870,2280,2180,,,,1708437166
12082871,1708,1641,,,,1708437625
12082873,2295,,,,,1708438689
12086460,,,,,,
12086072,,,,,,
12086432,,,,,,
12086228,,,,,,
12086455,,,,,,
12086218,,,,,,
12086318,,,,,,
12086474,,,,,,1708501298
12086464,,,,,,1708501274
12086472,,,,,,1708501100
12086475,,,,,,1708501214
12086465,,,,,,
12086467,,,,,,
12086473,,,,,,
12086470,,,,,,
12086478,,,,,,
12086471,,,,,,
12086466,,,,,,
12086469,,,,,,
12086477,,,,,,
12086468,,,,,,
12086476,,,,,,
12086463,,,,,,
12081972,2102,3640,,,,1708395661
12081977,4438,2809,,,,1708400180
12081957,2547,2439,2072,,,1708401586
12081966,2213,1534,,,,1708400001
12084354,1828,3016,,,,1708472249
12084747,1807,1876,,,,1708472708
12084750,1918,1942,,,,1708477323
12084348,2499,2953,3959,,,1708481849
12084752,1728,2521,,,,1708480220
12084749,2642,2864,,,,1708481468
12084349,2747,5122,2461,,,1708487370
12084753,4627,4508,,,,1708486297
12084751,2249,2293,,,,1708484062
12084351,2704,4150,,,,1708486259
12084748,2407,2542,,,,1708486562
12084347,1880,4223,,,,1708493232
12079582,1845,2149,,,,1708347649
12079607,1688,1872,,,,1708350030
12079581,2990,2756,955,,,1708354834
12083043,2042,1798,,,,1708414849
12083036,1924,389,,,,1708414517
12083025,4016,1950,,,,1708416873
12083023,3791,2674,,,,1708422002
12083030,2746,3702,,,,1708421495
12083050,2757,3458,,,,1708421351
12083022,2608,3674,816,,,1708425773
12083091,3763,4574,909,,,1708428012
12080201,,,,,,
12080187,,,,,,
12080172,,,,,,
12083203,2335,3938,,,,1708423367
12083193,3085,2572,,,,1708424286
12083198,2823,3036,,,,1708424053
12083178,2891,3,,,,1708426800
12083220,3538,3817,,,,1708426824
12083175,3457,2376,,,,1708427660
12083208,2651,1650,,,,1708427659
12085822,3992,4045,1281,,,1708438761
12082543,2856,2591,,,,1708357549
12082545,5343,2617,,,,1708356288
12082544,2649,2389,,,,1708351701
12082542,3988,2080,,,,1708357428
12082606,1577,3163,,,,1708356916
12082928,1610,3670,1155,,,1708364814
12082938,2989,1744,,,,1708362894
12082927,1336,2821,,,,1708362092
12081519,,,,,,
12081516,,,,,,
12081528,,,,,,
12081523,,,,,,
12081521,,,,,,
12081517,,,,,,
12081525,,,,,,
12081515,,,,,,
12081526,,,,,,
12081530,,,,,,
12081524,,,,,,
12081522,,,,,,
12081520,,,,,,
12081529,,,,,,
12081527,,,,,,
12081518,,,,,,
12083932,1265,3111,,,,1708443137
12083934,2576,2333,853,,,1708446552
12083960,3237,2355,1304,,,1708447489
12083930,4505,3711,,,,1708446305
12083929,4445,2423,,,,1708446118
12083933,2383,2138,,,,1708449525
12083931,2878,2509,,,,1708451652
12083943,3119,2472,,,,1708452381
12083171,2246,2751,,,,1708418701
12083180,2523,3178,,,,1708419096
12083172,3197,1645,941,,,1708421441
12083177,2547,2715,,,,1708419374
12083176,2204,2255,,,,1708424465
12083181,2101,1936,,,,1708425237
12083168,1921,1459,,,,1708424923
12083167,4173,2190,,,,1708427268
12081954,3397,2327,,,,1708392604
12081951,1903,4655,878,,,1708395573
12081955,1801,3154,1019,,,1708394257
12081970,2782,2449,,,,1708392455
12081956,,,,,,1708389076
12081969,4415,2619,,,,1708394696
12081965,2793,2075,753,,,1708396079
12081976,3865,2968,,,,1708396178
12080443,3884,2704,,,,1708349311
12080451,2250,2382,892,,,1708350480
12080449,2345,1153,,,,1708352042
12080452,1820,1863,,,,1708353872
12080448,2550,3348,,,,1708355237
12080454,1991,2450,,,,1708358408
12080440,1592,2358,,,,1708360868
12080442,2534,2384,,,,1708364168
12080439,2974,2874,857,,,1708370069
12083278,2786,2440,,,,1708419341
12083277,3911,1933,,,,1708420684
12083282,3323,4223,,,,1708420258
12083279,2026,3087,,,,1708418858
12083832,4524,3445,,,,1708427636
12083765,2182,2721,,,,1708424816
12083833,1612,3510,,,,1708425150
12083280,1789,3495,,,,1708427034
12080480,,,,,,
12080485,,,,,,
12080476,,,,,,
12080479,,,,,,
12082510,,,,,,
12080477,,,,,,
12082804,,,,,,
12080484,,,,,,
12080478,,,,,,
12080481,,,,,,
12082803,,,,,,
12082548,,,,,,
12083606,3736,2462,856,,,1708430196
12083605,3916,2501,896,,,1708430227
12083604,2804,1816,,,,1708429425
12083614,2170,4134,,,,1708435142
12085931,1802,3133,1135,,,1708437080
12083610,3057,3280,1053,,,1708438245
12083607,1492,2894,,,,1708433553
12086244,,,,,,
12080801,,,,,,
12080813,,,,,,
12080803,,,,,,
12080805,,,,,,
12080810,,,,,,
12080807,,,,,,
12080812,,,,,,
12080811,,,,,,
12080808,,,,,,
12080815,,,,,,
12080816,,,,,,
12080804,,,,,,
12080814,,,,,,
12080806,,,,,,
12080802,,,,,,
12080809,,,,,,
12083516,,,,,,
12083519,,,,,,
12083515,,,,,,
12083514,,,,,,
12083522,,,,,,
12083526,,,,,,
12083523,,,,,,
12083513,,,,,,
12080135,,,,,,
12079926,,,,,,
12079930,,,,,,
12079927,,,,,,
12080405,,,,,,
12080404,,,,,,
12080403,,,,,,
12079928,,,,,,
12080407,,,,,,
12080406,,,,,,
12080402,,,,,,
12080134,,,,,,
12083228,,,,,,
12083239,,,,,,
12083226,,,,,,
12083240,,,,,,
12083296,,,,,,
12083295,,,,,,
12083297,,,,,,
12083227,,,,,,
12079604,1651,2563,,,,1708350360
12079579,4043,2983,,,,1708356066
12083040,1707,2969,,,,1708414536
12083024,2270,3466,,,,1708415213
12083054,1381,2145,,,,1708414460
12083026,2547,2360,,,,1708415532
12083027,2589,2831,,,,1708415313
12083047,3532,3981,,,,1708420313
12083290,2887,3877,,,,1708420434
12083028,3093,2701,,,,1708422276
12080188,,,,,,
12080183,,,,,,
12080175,,,,,,
12083195,2041,1406,,,,1708418455
12083197,3492,4040,,,,1708423399
12083199,2765,3841,,,,1708419408
12083219,2934,2244,,,,1708420216
12083196,2162,2457,,,,1708418629
12083205,1846,1811,,,,1708418345
12083207,2905,4448,,,,1708419548
12083204,1634,1514,,,,1708418057
12079904,,,,,,
12079899,,,,,,
12079901,,,,,,
12079980,,,,,,
12079898,,,,,,
12079906,,,,,,
12079894,,,,,,
12079895,,,,,,
12079905,,,,,,
12079902,,,,,,
12079908,,,,,,
12083330,,,,,,
12083553,,,,,,
12083554,,,,,,
12083552,,,,,,
12083335,,,,,,
12083332,,,,,,
12083551,,,,,,
12083331,,,,,,
12081461,2421,1999,1762,,,1708363476
12081458,2473,2804,2926,,,1708364575
12081462,2970,3030,,,,1708362283
12081463,2581,3720,3483,,,1708372375
12081460,3072,2522,,,,1708369085
12081459,2201,1761,,,,1708370368
12080991,,,,,,
12080993,,,,,,
12080995,,,,,,
12080994,,,,,,
12080878,,,,,,
12083421,2552,2381,,,,1708420856
12083417,2341,2560,,,,1708421094
12083398,2169,2086,,,,1708420590
12083413,3413,3133,1114,,,1708425458
12083400,2918,1317,,,,1708421991
12083422,1813,3077,,,,1708425987
12083396,2104,2293,743,,,1708428815
12083397,3986,1920,,,,1708431439
12080309,1060,1766,,,,1708349134
12080310,1319,1439,,,,1708350907
12083117,1866,2936,,,,1708416855
12083116,2370,1959,,,,1708417139
12083121,3295,3174,,,,1708418531
12083115,2550,3235,735,,,1708420565
12083111,2444,2926,777,,,1708425115
12083113,,,,,,1708414394
12083114,2436,2424,608,,,1708427370
12083112,1810,2004,,,,1708430546
12081948,2827,2141,,,,1708387060
12081953,3845,2173,,,,1708388103
12081958,3105,2715,884,,,1708390088
12081950,1772,2685,,,,1708386027
12081947,3874,2702,,,,1708388231
12081963,2369,1470,,,,1708386711
12081952,1777,2233,,,,1708385926
12081949,1963,1623,,,,1708386153
12077847,3521,3360,,,,1708471755
12077845,2887,5021,1671,,,1708475934
12081056,2263,1712,2995,,,1708471912
12081057,3216,2699,,,,1708471136
12077842,2572,4650,3256,,,1708482552
12077841,1594,2014,3242,,,1708479570
12077848,,,,,,1708476861
12081058,2393,3637,2270,,,1708485123
12067222,2739,2130,,,,1708547104
12077843,1806,3505,,,,1708546519
12076744,2377,3016,,,,1708438342
12079938,,,,,,
12086081,4008,2821,,,,1708442145
12079936,2530,4260,,,,1708445496
12076747,1617,4442,,,,1708452660
12067166,2398,2898,,,,1708518180
12067164,2214,4174,,,,1708517637
12067170,2243,2337,2983,,,1708525612
12067161,4041,4244,3883,,,1708530608
12067168,3072,3801,2115,,,1708529646
12067167,3126,1994,,,,1708532643
12067172,1440,1959,,,,1708537151
12067163,2715,2354,3255,,,1708545619
12067162,2190,2456,,,,1708604313
12067160,,,,,,1708608750
12078329,3392,2867,,,,1708473991
12078321,2769,3979,,,,1708473234
12078325,3112,1859,,,,1708473482
12081703,1612,1376,,,,1708477946
12081701,2774,2644,,,,1708480764
12078323,2315,3594,,,,1708480770
12078318,3590,4700,,,,1708488543
12067196,2727,2803,3104,,,1708562450
12067197,3128,1843,,,,1708560142
12067195,4179,2886,,,,1708566842
12067200,1951,2789,,,,1708564915
12067191,2376,1461,,,,1708565284
12067198,1882,1891,,,,1708568344
12067193,4380,3250,,,,1708575843
12067199,2395,1234,,,,1708573814
12067260,3171,2340,2496,,,1708439161
12067265,2791,4255,,,,1708444577
12067274,3253,1716,3350,,,1708447484
12067262,2019,4086,,,,1708451814
12067257,2441,2442,,,,1708505316
12067256,2346,2160,,,,1708505278
12067248,2344,3258,,,,1708510829
12067246,3861,2606,3092,,,1708515232
12067259,2145,2592,3372,,,1708519977
12067244,1809,2860,2115,,,1708524010
12067249,1674,3340,,,,1708529887
12067254,2767,2769,,,,1708537044
12067258,2747,4134,2799,,,1708603451
12067261,,,,,,1708601071
12083320,1262,1920,1773,,,1708437778
12083322,1924,203,,,,1708439202
12083324,3135,4772,2847,,,1708448417
12083321,2262,2232,,,,1708450893
12078283,2207,2973,,,,1708454447
12078289,2107,3969,,,,1708456353
12078299,1958,1596,,,,1708460546
12078294,1249,1786,,,,1708516455
12067359,2162,2332,,,,1708517777
12067344,2707,3094,,,,1708522426
12078291,3714,4204,2898,,,1708536123
12078285,2787,1491,,,,1708542915
12067356,2427,2583,2344,,,1708550841
12067353,1803,2205,,,,1708605376
12067361,,,,,,1708608842
12067314,2479,3717,1291,,,1708503679
12067313,1710,2017,,,,1708503185
12067312,1448,3981,3844,,,1708509416
12067310,1191,1882,,,,1708507211
12067308,1387,2096,,,,1708585529
12067303,2622,1997,,,,1708589890
12067311,2522,2709,,,,1708591012
12067300,2030,2146,,,,1708606335
12083109,3006,3790,3153,,,1708440210
12083108,2868,2467,3264,,,1708438839
12077820,2063,2772,2658,,,1708447965
12083105,3773,2459,2374,,,1708450797
12077817,2631,3762,2250,,,1708451874
12077816,,,,,,1708454222
12083107,2338,2701,,,,1708457168
12067338,3695,4349,3555,,,1708518897
12077815,3328,1680,,,,1708513122
12077823,3460,2293,4174,,,1708516158
12086951,,,,,,1708454597
12067336,2506,2562,,,,1708523659
12067332,2379,2685,,,,1708529415
12067333,3240,1937,2546,,,1708538054
12067334,2740,2899,2987,,,1708605816
12067339,2190,3803,,,,1708602504
12067341,2386,,,,,1708609687
12067324,,,,,,
12081583,2273,2564,,,,1708455023
12084014,3766,3504,4712,,,1708459715
12081580,2383,2021,,,,1708460857
12081585,2630,2784,,,,1708462258
12081581,2242,2284,,,,1708465990
12084017,2250,2996,,,,1708467535
12084012,2351,3527,,,,1708468479
12081586,1614,3802,,,,1708470677
12081582,3009,2298,,,,1708477044
12084018,2315,2027,3810,,,1708479815
12081584,,,,,,
12086967,2386,1818,,,,1708482590
12067285,3334,3490,,,,1708549740
12067279,1794,3635,2927,,,1708559493
12067282,2223,2837,,,,1708565632
12067293,1302,2270,,,,1708570776
12086238,2141,1977,,,,1708501470
12086241,,,,,,1708499490
12084404,1620,1868,,,,1708500938
12086240,2812,1898,,,,1708502243
12086236,3449,2387,,,,1708502922
12086237,1433,2654,,,,1708500921
12084396,942,1238,,,,1708500474
12086239,2761,2791,,,,1708504997
12084427,3833,2294,,,,1708508661
12086242,2075,2321,,,,1708506624
12088540,2559,2306,,,,1708588512
12088652,1505,1886,,,,1708587760
12088531,3280,2471,,,,1708589258
12089075,2677,3824,,,,1708588386
12086329,3486,3728,,,,1708592571
12084398,4529,2755,,,,1708595293
12088567,2165,3712,,,,1708593877
12086431,2155,2054,,,,1708595132
12083185,2117,1676,,,,1708434493
12086534,3682,9176,2546,,,1708523271
12084512,1760,2201,,,,1708515895
12084514,4758,2309,2868,,,1708526453
12086529,3008,2036,,,,1708525780
12086526,4423,1853,2695,,,1708530308
12084517,2325,1420,,,,1708531300
12086533,1945,2153,,,,1708532563
12086527,1994,1922,,,,1708591086
12086528,1795,2778,,,,1708591151
12086530,3567,2117,,,,1708597630
12084513,1845,1691,,,,1708596883
12086532,3417,2122,2967,,,1708606337
12083416,2503,3901,2359,,,1708438770
12084303,5305,2591,692,,,1708535687
12084310,4099,3402,4279,,,1708535661
12084315,2425,1564,,,,1708533929
12084304,2201,2554,,,,1708535164
12084299,2632,1726,,,,1708535987
12084307,3537,1837,,,,1708540356
12084305,3641,1978,3725,,,1708543281
12084297,2543,1920,3460,,,1708544113
12084312,2373,2471,,,,1708542291
12084298,2279,2000,2662,,,1708545281
12090127,,,,,,1708592985
12086235,,,,,,1708592954
12090081,2525,3473,,,,1708595419
12090338,4013,2910,,,,1708602161
12090340,3415,2438,,,,1708602644
12090341,4240,4053,,,,1708603718
12090069,1825,3250,,,,1708601907
12090217,3461,2237,,,,1708603570
12084435,4710,2500,,,,1708486397
12084437,3825,2770,,,,1708485435
12084429,1516,2424,,,,1708483077
12084410,3437,2052,,,,1708485434
12084430,2879,2902,2172,,,1708487632
12084432,1893,1581,1928,,,1708490616
12084434,3179,4479,2327,,,1708496412
12084428,4430,2718,2944,,,1708497728
12084433,2486,1615,3719,,,1708494943
12084426,2779,1761,,,,1708498024
12088403,2160,2451,,,,1708570051
12084824,1985,1808,,,,1708569870
12088006,2231,3204,,,,1708570616
12088297,1561,3461,,,,1708574424
12088298,3247,2280,,,,1708576810
12088106,1592,4085,,,,1708574871
12088356,3171,3458,,,,1708577504
12087958,1989,2292,,,,1708586202
12083939,2508,2284,,,,1708452156
12083938,1325,1822,3452,,,1708453969
12087222,2965,2157,,,,1708531017
12087224,2772,3664,3386,,,1708534659
12084390,2490,4048,,,,1708530668
12084395,2832,4425,,,,1708531098
12084397,3179,2174,,,,1708531196
12087225,3177,2897,3273,,,1708540296
12087219,2383,2440,2148,,,1708539323
12087220,2807,3658,,,,1708538529
12084375,2164,2982,,,,1708538628
12087221,2012,1590,,,,1708540783
12084392,1712,4659,,,,1708544164
12084377,3146,3930,,,,1708545692
12087223,2393,2657,2929,,,1708549175
12087218,2498,2860,,,,1708552192
12086208,2484,1958,3973,,,1708507629
12084306,1524,2079,,,,1708504489
12084328,1955,3593,,,,1708504823
12084300,2321,2039,,,,1708505157
12086206,2061,2224,,,,1708509495
12086202,2834,2399,,,,1708511209
12086201,2005,2484,,,,1708511287
12086204,2444,1814,,,,1708514698
12084309,2645,2006,3340,,,1708517399
12086203,1453,1786,,,,1708516042
12084316,3196,3024,,,,1708518007
12084302,2147,1628,,,,1708519500
12086207,,,,,,1708519023
12084313,5165,4670,2742,,,1708531254
12084301,2735,1866,,,,1708524480
12086205,1496,3004,2405,,,1708526623
12089169,2426,4039,,,,1708591674
12089560,4089,3771,,,,1708593505
12089570,2751,3758,3136,,,1708596146
12089569,2873,2064,3766,,,1708594292
12089315,2440,2008,,,,1708598725
12089785,3069,2523,4860,,,1708603668
12089089,1549,2120,,,,1708600304
12089990,2469,3614,2385,,,1708606681
12084802,2471,2459,,,,1708473025
12084804,2345,5053,3892,,,1708478681
12084534,4833,2527,,,,1708475465
12084528,2879,2516,,,,1708473527
12084831,1667,3419,2402,,,1708476347
12084801,2327,1885,2264,,,1708475275
12084800,3902,2176,,,,1708480037
12084798,1812,2300,,,,1708478592
12084520,1956,2978,,,,1708485623
12084799,4370,3931,2740,,,1708493779
12084530,2018,3719,,,,1708488609
12084803,2649,3213,,,,1708493320
12084823,1686,2327,,,,1708558619
12088015,3173,4453,4745,,,1708564468
12088274,3474,3249,,,,1708569232
12088285,3247,4373,,,,1708569121
12087903,2374,1895,,,,1708572478
12084815,2831,4624,,,,1708573745
12088272,2856,3244,2900,,,1708579523
12087902,3640,3233,2917,,,1708581462
12083286,2672,2222,,,,1708433599
12083289,1975,3505,,,,1708433413
12083283,1741,2543,,,,1708438643
12083284,1939,2685,,,,1708439689
12083285,1481,1449,,,,1708449138
12083288,1906,3388,2588,,,1708452582
12086546,1544,1685,2128,,,1708508155
12084340,3535,2985,2511,,,1708511588
12086545,,,,,,1708511093
12086540,4664,1434,3669,,,1708521748
12086543,2669,3307,,,,1708517748
12086544,1946,1976,,,,1708523981
12084350,3331,1942,,,,1708529625
12086541,1998,3556,3218,,,1708532340
12086542,4280,2746,2535,,,1708539880
12086547,1814,1553,,,,1708538147
12090068,3275,1845,,,,1708596269
12086969,2107,2241,2121,,,1708597707
12089571,2476,2001,,,,1708601472
12089886,2168,2276,3696,,,1708605098
12086511,2181,3058,,,,1708606669
12089170,2595,,,,,1708612056
12084322,,,,,,1708610672
12083611,2180,2809,,,,1708439567
12083608,2963,2068,,,,1708442069
12083617,2776,4426,,,,1708442706
12083615,1929,2061,2696,,,1708447331
12083612,1935,2888,,,,1708447009
12083609,3412,2880,,,,1708448815
12083613,1536,3522,,,,1708449282
12086718,2092,2395,,,,1708514002
12084319,2209,2800,,,,1708514251
12086716,3653,3470,,,,1708516070
12086715,2032,2325,2775,,,1708516431
12086713,2160,2559,,,,1708519590
12086719,2321,1840,,,,1708520171
12086712,2271,3299,,,,1708522626
12086714,1947,2620,,,,1708522244
12086717,1820,1510,,,,1708524386
12086619,3110,3594,,,,1708606920
12089577,1741,3357,2369,,,1708605389
12089464,5214,2898,2968,,,1708608428
12086573,3483,4429,2604,,,1708608384
12089439,3479,,,,,1708612016
12089232,,,,,,1708611972
12084332,,,,,,1708612434
12086927,,,,,,
12083518,3664,2471,2610,,,1708448013
12083524,2943,5043,,,,1708444874
12083517,3561,1831,,,,1708448058
12083529,3167,3123,,,,1708445339
12083521,,,,,,
12083532,3014,4393,2854,,,1708458891
12083520,2760,3499,4256,,,1708466004
12086956,3222,2827,,,,1708524251
12086958,1892,2692,,,,1708522723
12086962,2256,4407,,,,1708523754
12086957,1563,2161,,,,1708522849
12086960,2198,882,,,,1708529041
12086961,3604,3200,3268,,,1708535348
12086959,3577,2935,,,,1708532796
12084317,4096,2729,,,,1708537799
12086955,3852,2326,,,,1708540690
12083229,2637,3041,,,,1708435814
12083241,3386,3451,,,,1708440360
12084358,,,,,,
12086421,2350,2182,,,,1708510475
12086423,2739,2711,3055,,,1708513620
12086426,2621,3911,,,,1708510957
12086422,3865,3058,,,,1708517694
12084374,2851,4337,2385,,,1708520991
12086420,3024,2658,2500,,,1708521498
12086425,3071,2782,,,,1708520598
12086424,3457,3584,,,,1708525593
12084365,1926,3237,2124,,,1708529490
12086419,1542,2674,,,,1708525574
12084360,2245,3106,,,,1708527190
12084361,2952,2392,2778,,,1708537643
12089180,2158,2183,,,,1708596775
12089167,3316,3314,4419,,,1708601295
12086572,1737,2316,,,,1708596633
12089873,2614,5156,4364,,,1708608097
12089772,1791,2883,,,,1708601513
12090123,3642,2124,3609,,,1708606920
12089616,4697,,,,,1708611321
12089968,3507,,,,,1708612657
12085982,3413,5676,,,,1708502641
12084323,,,,,,
12085983,1938,2330,,,,1708504355
12085986,4548,3782,,,,1708508290
12085985,2502,2509,2182,,,1708510319
12085979,2276,3246,,,,1708508330
12084326,3560,2436,2004,,,1708514590
12084327,2628,2377,,,,1708511711
12085984,2524,1963,,,,1708512550
12085978,2373,2019,,,,1708514209
12084324,2149,3068,,,,1708514645
12084321,2186,2229,,,,1708515300
12085981,1415,1330,,,,1708514721
12085980,2097,4483,,,,1708517031
12084325,3127,4220,2574,,,1708593430
12089572,3446,2680,,,,1708589282
12086330,1886,1690,,,,1708587976
12089316,1713,463,,,,1708587204
12089252,1823,2350,,,,1708592373
12089171,2643,3019,,,,1708595433
12088643,2257,2684,1898,,,1708598067
12089166,2219,2412,,,,1708599104
12083194,2834,4665,,,,1708434362
12086015,2894,2547,,,,1708592241
12086012,5366,4980,4566,,,1708599867
12084444,3048,3692,8167,,,1708591427
12084455,2473,2532,2848,,,1708594300
12083202,3623,2302,152072,,,1708446257
12086014,,,,,,1708529038
12086017,2175,3027,2218,,,1708604641
12084449,2275,1912,,,,1708601915
12086013,3366,4059,68407,,,1708534615
12084447,2442,2350,,,,1708606727
12084420,2351,2002,,,,1708606497
12086016,1842,2079,,,,1708607154
12083340,2927,4962,2208,,,1708445472
12083341,2188,3002,3103,,,1708448146
12086498,2971,3358,3214,,,1708512784
12086497,2312,4218,,,,1708508741
12084436,2219,3000,1632,,,1708511830
12086496,2040,4231,,,,1708508582
12086500,2761,2755,,,,1708516266
12086493,2261,2546,2905,,,1708518594
12084439,2698,4387,2696,,,1708521451
12084442,2083,2788,,,,1708519072
12084438,1350,1493,,,,1708520969
12086501,2951,3532,,,,1708525254
12086499,1776,1869,,,,1708524425
12086495,2449,861,,,,1708527707
12086652,2795,4085,,,,1708599088
12089401,3354,2953,2417,,,1708602749
12089578,,,,,,1708595064
12089221,4489,2527,,,,1708600960
12089766,3170,2900,3586,,,1708605880
12089582,1987,3787,,,,1708605874
12089784,3158,3777,,,,1708607585
12089573,2673,3095,,,,1708608526
12084084,2077,2082,,,,1708447425
12084073,1838,1467,,,,1708447244
12084081,4477,3196,,,,1708450007
12084086,2525,2963,,,,1708447833
12084075,2085,2509,3276,,,1708454177
12084076,1392,1657,,,,1708451780
12084088,2015,2078,3905,,,1708456169
12084078,4303,2443,3154,,,1708460969
12084079,3474,2483,2111,,,1708460909
12084083,2038,3236,3180,,,1708463739
12084074,2811,2913,,,,1708463640
12084080,1940,2738,,,,1708466112
12084077,2059,3060,,,,1708467058
12084087,1687,1832,,,,1708468922
12084085,2213,1163,,,,1708469902
12084082,2062,1328,,,,1708472378
12087244,1908,2465,,,,1708533802
12087412,3212,2198,1805,,,1708537583
12086922,2085,3413,2679,,,1708537362
12087338,1816,2153,3119,,,1708536156
12087411,2522,1659,,,,1708539690
12087122,2705,2740,,,,1708542850
12087824,3010,1854,2346,,,1708545464
12087341,,,,,,1708541118
12086311,2132,2081,,,,1708528585
12084521,2757,2753,,,,1708529552
12086313,1645,2030,2561,,,1708530112
12086317,,,,,,1708526069
12086312,2295,2248,,,,1708530959
12084525,3018,1771,,,,1708530518
12086315,1314,1448,,,,1708530218
12086310,2306,2573,,,,1708536274
12086316,3548,1891,,,,1708536417
12084523,2548,3567,2892,,,1708540680
12086319,4596,1779,,,,1708543430
12090105,2504,3696,,,,1708595862
12089967,2497,2284,,,,1708595422
12089887,2772,3092,,,,1708595687
12090226,2186,1683,,,,1708595081
12090280,2188,2484,,,,1708595985
12085927,1939,2665,,,,1708600731
12089991,3006,1232,,,,1708602716
12090090,4136,2633,,,,1708604474
12084402,2673,2260,,,,1708484385
12084401,4254,3839,999,,,1708490546
12084408,2315,1828,,,,1708492475
12084400,1615,3221,,,,1708494238
12082221,2904,2436,2312,,,1708499873
12084405,3088,2281,,,,1708501384
12084399,2250,1256,,,,1708502214
12084406,3745,3622,2945,,,1708507214
12084407,3535,2605,4017,,,1708508171
12088530,2630,1902,,,,1708570516
12088149,2645,1741,,,,1708570394
12088507,2119,3117,,,,1708570003
12089071,1981,2975,,,,1708575392
12089126,2118,1886,3815,,,1708578992
12088287,1908,1683,,,,1708582141
12088454,2078,1897,,,,1708582483
12084957,1905,2197,,,,1708583695
12083070,899,2020,,,,1708432966
12083071,2457,4038,3072,,,1708442358
12083069,1898,1792,,,,1708437589
12083073,1820,2722,2258,,,1708445035
12083074,2307,1848,,,,1708448587
12084363,2284,3165,2153,,,1708517745
12084359,1820,1884,,,,1708513905
12084330,2463,1394,,,,1708518868
12084337,3049,2788,,,,1708523811
12084329,2769,2750,3079,,,1708526879
12084333,2756,2426,2129,,,1708532566
12084362,1204,1884,,,,1708531953
12084335,1935,2014,,,,1708536572
12084336,1378,1873,,,,1708537061
12086635,1984,3422,1788,,,1708604037
12089858,2423,3968,,,,1708600599
12086461,2953,1632,,,,1708608385
12089519,2364,2240,2273,,,1708611211
12082880,2685,2563,,,,1708435522
12082877,1990,3872,,,,1708434965
12082870,2280,2180,,,,1708437166
12082871,1708,1641,,,,1708437625
12082873,2295,1895,,,,1708502072
12086460,4448,1998,,,,1708507729
12086072,3782,2254,2881,,,1708509809
12086432,1534,2351,,,,1708504799
12086455,3064,1610,2798,,,1708509619
12086218,2175,2587,,,,1708510559
12088485,,,,,,
12086318,3882,3014,,,,1708517291
12086228,2387,3553,,,,1708516119
12089270,2321,3783,,,,1708591478
12089164,3043,2232,,,,1708592201
12089520,2265,2771,2258,,,1708594343
12089463,2062,2842,,,,1708591423
12086474,1714,3117,2987,,,1708506724
12086464,2962,2386,3015,,,1708506866
12086472,2253,2018,,,,1708503353
12086475,2127,1741,,,,1708503341
12086473,2516,4300,,,,1708508758
12086465,2600,1574,,,,1708513125
12086467,4277,3800,3314,,,1708518659
12086478,3153,3258,,,,1708516982
12086471,1977,2973,,,,1708517537
12086476,1926,3549,,,,1708532167
12086469,2273,1876,,,,1708523265
12086466,2460,2558,,,,1708523753
12086470,1841,2767,,,,1708524616
12086463,2260,2901,,,,1708528442
12086468,2870,1570,,,,1708530015
12086477,2210,2736,,,,1708530671
12089181,2358,2954,,,,1708590610
12089744,1927,2111,1768,,,1708591969
12089634,2015,2913,,,,1708589969
12089966,2715,2541,,,,1708596426
12090056,1964,2516,2039,,,1708598883
12090005,2670,4317,,,,1708597154
12089541,2389,1835,,,,1708602212
12089070,2800,3076,,,,1708604483
12084354,1828,3016,,,,1708472249
12084747,1807,1876,,,,1708472708
12084750,1918,1942,,,,1708477323
12084348,2499,2953,3959,,,1708481849
12084752,1728,2521,,,,1708480220
12084749,2642,2864,,,,1708481468
12084349,2747,5122,2461,,,1708487370
12084753,4627,4508,,,,1708486297
12084751,2249,2293,,,,1708484062
12084351,2704,4150,,,,1708486259
12084748,2407,2542,,,,1708486562
12084347,1880,4223,,,,1708493232
12088102,2384,2180,2811,,,1708561673
12088127,3793,3325,,,,1708560868
12084806,4552,3139,,,,1708561725
12084355,3013,2213,,,,1708560118
12084352,1951,2945,,,,1708564127
12088286,3112,3512,,,,1708566384
12088126,2252,4654,2773,,,1708572319
12084816,1894,1959,,,,1708577234
12083932,1265,3111,,,,1708443137
12083934,2576,2333,853,,,1708446552
12083960,3237,2355,1304,,,1708447489
12083930,4505,3711,,,,1708446305
12083929,4445,2423,,,,1708446118
12083933,2383,2138,,,,1708449525
12083931,2878,2509,,,,1708451652
12083943,3119,2472,,,,1708452381
12085931,1802,3133,1135,,,1708437080
12083610,3057,3280,1053,,,1708438245
12083607,1492,2894,,,,1708433553
12086244,,,,,,
12083516,,,,,,
12083519,,,,,,
12083515,,,,,,
12083514,,,,,,
12083522,,,,,,
12083526,,,,,,
12083523,,,,,,
12083513,,,,,,
12067222,2739,2130,,,,1708547104
12077843,1806,3505,,,,1708546519
12067219,2349,5592,,,,1708627792
12067216,,,,,,1708555750
12067221,5067,-1524,,,,1708636156
12067208,4034,2469,,,,1708636897
12067212,3415,2736,,,,1708643244
12067217,1992,2611,,,,1708642329
12067218,2727,2645,,,,1708650786
12067170,2243,2337,2983,,,1708525612
12067161,4041,4244,3883,,,1708530608
12067168,3072,3801,2115,,,1708529646
12067167,3126,1994,,,,1708532643
12067172,1440,1959,,,,1708537151
12067163,2715,2354,3255,,,1708545619
12067162,2190,2456,,,,1708604313
12067160,,,,,,1708608095
12067171,2283,3537,,,,1708616827
12067159,1761,2510,,,,1708623340
12067196,2727,2803,3104,,,1708562450
12067197,3128,1843,,,,1708560142
12067195,4179,2886,,,,1708566842
12067200,1951,2789,,,,1708564915
12067191,2376,1461,,,,1708565284
12067198,1882,1891,,,,1708568344
12067193,4380,3250,,,,1708575843
12067199,2395,1234,,,,1708573814
12067189,2061,1985,,,,1708641850
12067188,1845,4168,3466,,,1708651327
12067190,3734,2216,,,,1708659519
12067194,3399,3565,,,,1708666513
12067244,1809,2860,2115,,,1708524010
12067249,1674,3340,,,,1708529887
12067254,2767,2769,,,,1708537044
12067258,2747,4134,2799,,,1708603451
12067261,,,,,,1708601071
12067255,2504,2643,,,,1708617146
12067263,2767,2990,2494,,,1708626596
12067253,2405,,,,,1708696107
12067344,2707,3094,,,,1708522426
12078291,3714,4204,2898,,,1708536123
12078285,2787,1491,,,,1708542915
12067356,2427,2583,2344,,,1708550841
12067353,1803,2205,,,,1708605376
12067361,2708,2214,,,,1708611622
12067363,1912,2150,,,,1708617048
12067360,2213,1824,,,,1708625771
12067364,1444,3672,,,,1708630167
12067358,3104,2946,,,,1708696763
12067354,,,,,,
12067308,1387,2096,,,,1708585529
12067303,2622,1997,,,,1708589890
12067311,2522,2709,,,,1708591012
12067300,2030,2146,,,,1708606335
12067309,,,,,,1708669642
12067307,2695,2674,,,,1708676591
12067301,2602,2299,,,,1708680081
12067306,2696,1713,2987,,,1708696162
12067336,2506,2562,,,,1708523659
12067332,2379,2685,,,,1708529415
12067333,3240,1937,2546,,,1708538054
12067334,2740,2899,2987,,,1708605816
12067339,2190,3803,,,,1708602504
12067341,2386,2120,,,,1708609687
12067324,2654,2078,,,,1708615311
12067325,3624,2698,1407,,,1708691608
12067343,1869,4051,,,,1708686623
12067328,4144,,,,,1708698603
12067326,,,,,,
12067285,3334,3490,,,,1708549740
12067279,1794,3635,2927,,,1708559493
12067282,2223,2837,,,,1708565632
12067293,1302,2270,,,,1708570776
12067283,2474,2637,,,,1708634967
12067291,2444,3828,2463,,,1708645927
12067278,2315,3114,,,,1708651666
12067284,1849,2615,4149,,,1708660253
12088540,2559,2306,,,,1708588512
12088652,1505,1886,,,,1708587760
12088531,3280,2471,,,,1708589258
12089075,2677,3824,,,,1708588386
12086329,3486,3728,,,,1708592571
12084398,4529,2755,,,,1708595293
12088567,2165,3712,,,,1708593877
12086431,2155,2054,,,,1708595132
12092742,2273,4606,3141,,,1708680848
12092722,2725,3069,2588,,,1708680220
12092727,4807,133,,,,1708686049
12092728,3851,4773,2868,,,1708692872
12084514,4758,2309,2868,,,1708526453
12086529,3008,2036,,,,1708525780
12086526,4423,1853,2695,,,1708530308
12084517,2325,1420,,,,1708531300
12086533,1945,2153,,,,1708532563
12086527,1994,1922,,,,1708591086
12086528,1795,2778,,,,1708591151
12086530,3567,2117,,,,1708597630
12084513,1845,1691,,,,1708596883
12086532,3417,2122,2967,,,1708606337
12086453,4537,3375,3339,,,1708683796
12089648,2421,2535,3787,,,1708680809
12086287,3295,2876,,,,1708678915
12092751,543,2305,,,,1708677143
12084519,1895,2617,,,,1708677631
12092699,2166,2312,,,,1708681965
12084516,3525,2869,5255,,,1708691997
12089986,2173,3354,,,,1708691246
12084303,5305,2591,692,,,1708535687
12084310,4099,3402,4279,,,1708535661
12084315,2425,1564,,,,1708533929
12084304,2201,2554,,,,1708535164
12084299,2632,1726,,,,1708535987
12084307,3537,1837,,,,1708540356
12084305,3641,1978,3725,,,1708543281
12084297,2543,1920,3460,,,1708544113
12084312,2373,2471,,,,1708542291
12084298,2279,2000,2662,,,1708545281
12090127,,,,,,1708592985
12086235,,,,,,1708592954
12090081,2525,3473,,,,1708595419
12090338,4013,2910,,,,1708602161
12090340,3415,2438,,,,1708602644
12090341,4240,4053,,,,1708603718
12090069,1825,3250,,,,1708601907
12090217,3461,2237,,,,1708603570
12093038,4542,2019,,,,1708682174
12093063,2530,3103,,,,1708680373
12093062,3309,2380,3571,,,1708690744
12093039,2524,2697,2356,,,1708692350
12088403,2160,2451,,,,1708570051
12084824,1985,1808,,,,1708569870
12088006,2231,3204,,,,1708570616
12088297,1561,3461,,,,1708574424
12088298,3247,2280,,,,1708576810
12088106,1592,4085,,,,1708574871
12088356,3171,3458,,,,1708577504
12087958,1989,2292,,,,1708586202
12091060,1780,5182,2734,,,1708661784
12091131,3559,4633,,,,1708658105
12091176,2055,3329,2589,,,1708666652
12092627,3289,3655,,,,1708666950
12087222,2965,2157,,,,1708531017
12087224,2772,3664,3386,,,1708534659
12084390,2490,4048,,,,1708530668
12084395,2832,4425,,,,1708531098
12084397,3179,2174,,,,1708531196
12087225,3177,2897,3273,,,1708540296
12087219,2383,2440,2148,,,1708539323
12087220,2807,3658,,,,1708538529
12084375,2164,2982,,,,1708538628
12087221,2012,1590,,,,1708540783
12084392,1712,4659,,,,1708544164
12084377,3146,3930,,,,1708545692
12087223,2393,2657,2929,,,1708549175
12087218,2498,2860,,,,1708552192
12090358,3480,3753,,,,1708618069
12090509,2599,3521,,,,1708617251
12086965,3151,2555,,,,1708617638
12090067,2671,2525,2415,,,1708619956
12090207,2253,4000,,,,1708623503
12090206,1658,3258,,,,1708623554
12090404,1922,2730,,,,1708624569
12084382,1891,3715,2431,,,1708629237
12084302,2147,1628,,,,1708519500
12086207,,,,,,1708519023
12084313,5165,4670,2742,,,1708531254
12084301,2735,1866,,,,1708524480
12086205,1496,3004,2405,,,1708526623
12089169,2426,4039,,,,1708591674
12089560,4089,3771,,,,1708593505
12089570,2751,3758,3136,,,1708596146
12089569,2873,2064,3766,,,1708594292
12089315,2440,2008,,,,1708598725
12089785,3069,2523,4860,,,1708603668
12089089,1549,2120,,,,1708600304
12089990,2469,3614,2385,,,1708606681
12092857,1802,1677,2607,,,1708679197
12092948,2682,1687,,,,1708678376
12093076,,,,,,1708676085
12092757,2362,2045,2137,,,1708680296
12084823,1686,2327,,,,1708558619
12088015,3173,4453,4745,,,1708564468
12088274,3474,3249,,,,1708569232
12088285,3247,4373,,,,1708569121
12087903,2374,1895,,,,1708572478
12084815,2831,4624,,,,1708573745
12088272,2856,3244,2900,,,1708579523
12087902,3640,3233,2917,,,1708581462
12091036,2948,3403,,,,1708649765
12091243,2844,3639,2672,,,1708659178
12091244,2811,3604,,,,1708656127
12091122,2580,2575,,,,1708657469
12086544,1946,1976,,,,1708523981
12084350,3331,1942,,,,1708529625
12086541,1998,3556,3218,,,1708532340
12086542,4280,2746,2535,,,1708539880
12086547,1814,1553,,,,1708538147
12090068,3275,1845,,,,1708596269
12086969,2107,2241,2121,,,1708597707
12089571,2476,2001,,,,1708601472
12089886,2168,2276,3696,,,1708605098
12086511,2181,3058,,,,1708606669
12089170,2595,2771,2065,,,1708615058
12084322,3362,3462,,,,1708614034
12089649,1687,1760,,,,1708619680
12093084,2482,2730,1748,,,1708692386
12093534,1941,2159,,,,1708691997
12093686,,,,,,1708695500
12086713,2160,2559,,,,1708519590
12086719,2321,1840,,,,1708520171
12086712,2271,3299,,,,1708522626
12086714,1947,2620,,,,1708522244
12086717,1820,1510,,,,1708524386
12086619,3110,3594,6344,,,1708606920
12089577,1741,3357,2369,,,1708605389
12089464,5214,2898,2968,,,1708608428
12086573,3483,4429,2604,,,1708608384
12089439,3479,2425,,,,1708612016
12089232,2527,2243,,,,1708614499
12084332,4329,3252,2507,,,1708620772
12086927,2208,2425,3292,,,1708618712
12093368,4352,,,,,1708689823
12093415,2386,3062,,,,1708689856
12086956,3222,2827,,,,1708524251
12086958,1892,2692,,,,1708522723
12086962,2256,4407,,,,1708523754
12086957,1563,2161,,,,1708522849
12086960,2198,882,,,,1708529041
12086961,3604,3200,3268,,,1708535348
12086959,3577,2935,,,,1708532796
12084317,4096,2729,,,,1708537799
12086955,3852,2326,,,,1708540690
12089720,1673,3011,2294,,,1708615702
12090102,3549,5239,,,,1708614602
12090144,2335,3777,3661,,,1708616499
12086699,3416,3773,,,,1708614600
12089770,3548,2736,,,,1708623082
12087000,4816,3137,3200,,,1708628189
12086817,2545,2711,,,,1708623949
12090070,2520,1801,,,,1708630705
12093647,4090,,,,,1708701543
12086425,3071,2782,,,,1708520598
12086424,3457,3584,,,,1708525593
12084365,1926,3237,2124,,,1708529490
12086419,1542,2674,,,,1708525574
12084360,2245,3106,,,,1708527190
12084361,2952,2392,2778,,,1708537643
12089180,2158,2183,,,,1708596775
12089167,3316,3314,4419,,,1708601295
12086572,1737,2316,,,,1708596633
12089873,2614,5156,4364,,,1708608097
12089772,1791,2883,,,,1708601513
12090123,3642,2124,3609,,,1708606920
12089616,4697,2655,,,,1708611321
12089968,3507,2813,,,,1708612657
12093160,2295,2504,2442,,,1708686071
12093401,1714,3348,,,,1708682958
12093324,3543,3646,3575,,,1708694477
12093486,3872,3658,,,,1708693305
12084325,3127,4220,2574,,,1708593430
12089572,3446,2680,,,,1708589282
12086330,1886,1690,,,,1708587976
12089316,1713,463,,,,1708587204
12089252,1823,2350,,,,1708592373
12089171,2643,3019,,,,1708595433
12088643,2257,2684,1898,,,1708598067
12089166,2219,2412,,,,1708599104
12092918,1449,3510,,,,1708676157
12092703,2413,2798,,,,1708676969
12092720,3329,4402,3062,,,1708682024
12092796,3898,2425,,,,1708688962
12083202,3623,2302,152072,,,1708446257
12086013,3366,4059,68407,,,1708534615
12086014,77649,77652,,,,1708529038
12086015,2894,2547,,,,1708592241
12086012,5366,4980,4566,,,1708599867
12084444,3048,3692,8167,,,1708591427
12084455,2473,2532,2848,,,1708594300
12086017,2175,3027,2218,,,1708604641
12084449,2275,1912,,,,1708601915
12084447,2442,2350,,,,1708606727
12084420,2351,2002,,,,1708606497
12086016,1842,2079,,,,1708607154
12086011,1475,2926,,,,1708611620
12093075,3951,2698,,,,1708679532
12092779,2641,6078,,,,1708678759
12086459,3841,2006,,,,1708684234
12093068,1640,2002,,,,1708682829
12093051,1816,1592,,,,1708685462
12093083,1524,1934,,,,1708685339
12093052,3033,1855,1812,,,1708690128
12093416,3258,4487,1822,,,1708693619
12084438,1350,1493,,,,1708520969
12086501,2951,3532,,,,1708525254
12086499,1776,1869,,,,1708524425
12086495,2449,861,,,,1708527707
12086652,2795,4085,,,,1708599088
12089401,3354,2953,2417,,,1708602749
12089578,,,,,,1708595064
12089221,4489,2527,,,,1708600960
12089766,3170,2900,3586,,,1708605880
12089582,1987,3787,,,,1708605874
12089784,3158,3777,,,,1708607585
12089573,2673,3095,,,,1708608526
12093003,2185,2732,,,,1708685374
12093085,2387,2504,,,,1708688741
12093208,2676,2927,,,,1708689036
12093189,1795,2405,,,,1708690722
12087244,1908,2465,,,,1708533802
12087412,3212,2198,1805,,,1708537583
12086922,2085,3413,2679,,,1708537362
12087338,1816,2153,3119,,,1708536156
12087411,2522,1659,,,,1708539690
12087122,2705,2740,,,,1708542850
12087824,3010,1854,2346,,,1708545464
12087341,,,,,,1708541118
12090294,4474,4199,,,,1708626544
12090557,3242,3769,,,,1708624975
12090343,1382,4040,,,,1708623508
12090208,1372,2037,,,,1708631841
12086311,2132,2081,,,,1708528585
12084521,2757,2753,,,,1708529552
12086313,1645,2030,2561,,,1708530112
12086317,,,,,,1708526069
12086312,2295,2248,,,,1708530959
12084525,3018,1771,,,,1708530518
12086315,1314,1448,,,,1708530218
12086310,2306,2573,,,,1708536274
12086316,3548,1891,,,,1708536417
12084523,2548,3567,2892,,,1708540680
12086319,4596,1779,,,,1708543430
12090105,2504,3696,,,,1708595862
12089967,2497,2284,,,,1708595422
12089887,2772,3092,,,,1708595687
12090226,2186,1683,,,,1708595081
12090280,2188,2484,,,,1708595985
12085927,1939,2665,,,,1708600731
12089991,3006,1232,,,,1708602716
12090090,4136,2633,,,,1708604474
12092780,3244,2925,,,,1708680648
12092752,4525,1802,,,,1708682333
12093058,3107,2066,,,,1708680713
12092971,4757,3092,,,,1708682298
12088530,2630,1902,,,,1708570516
12088149,2645,1741,,,,1708570394
12088507,2119,3117,,,,1708570003
12089071,1981,2975,,,,1708575392
12089126,2118,1886,3815,,,1708578992
12088287,1908,1683,,,,1708582141
12088454,2078,1897,,,,1708582483
12084957,1905,2197,,,,1708583695
12091121,2429,3078,2802,,,1708659816
12091245,4122,2797,,,,1708658797
12091226,2638,3093,,,,1708657005
12091261,3481,2492,,,,1708657611
12084337,3049,2788,,,,1708523811
12084329,2769,2750,3079,,,1708526879
12084333,2756,2426,2129,,,1708532566
12084362,1204,1884,,,,1708531953
12084335,1935,2014,,,,1708536572
12084336,1378,1873,,,,1708537061
12086635,1984,3422,1788,,,1708604037
12089858,2423,3968,,,,1708600599
12086461,2953,1632,,,,1708608385
12089519,2364,2240,2273,,,1708611211
12090050,1233,3043,,,,1708612336
12090104,3664,1444,537,,,1708619466
12086597,2265,4310,1659,,,1708622782
12090033,1879,3653,,,,1708623266
12093384,2353,2255,2670,,,1708691126
12093133,1808,3776,,,,1708691949
12093570,2519,3896,1637,,,1708701109
12089270,2321,3783,,,,1708591478
12089164,3043,2232,,,,1708592201
12089520,2265,2771,2258,,,1708594343
12089463,2062,2842,,,,1708591423
12092723,3801,2998,2823,,,1708683125
12092716,2787,3617,,,,1708678858
12086476,1926,3549,,,,1708532167
12086469,2273,1876,,,,1708523265
12086466,2460,2558,,,,1708523753
12086470,1841,2767,,,,1708524616
12086463,2260,2901,,,,1708528442
12086468,2870,1570,,,,1708530015
12086477,2210,2736,,,,1708530671
12089181,2358,2954,,,,1708590610
12089744,1927,2111,1768,,,1708591969
12089634,2015,2913,,,,1708589969
12089966,2715,2541,,,,1708596426
12090056,1964,2516,2039,,,1708598883
12090005,2670,4317,,,,1708597154
12089541,2389,1835,,,,1708602212
12089070,2800,3076,,,,1708604483
12092919,3269,3111,2744,,,1708682377
12092881,2446,3305,2625,,,1708681453
12092696,1838,4564,,,,1708677640
12093061,3209,2030,,,,1708688069
12088102,2384,2180,2811,,,1708561673
12088127,3793,3325,,,,1708560868
12084806,4552,3139,,,,1708561725
12084355,3013,2213,,,,1708560118
12084352,1951,2945,,,,1708564127
12088286,3112,3512,,,,1708566384
12088126,2252,4654,2773,,,1708572319
12084816,1894,1959,,,,1708577234
12091132,2587,2998,,,,1708649525
12091061,4091,2558,,,,1708651650
12091008,2033,2011,,,,1708649264
12091013,2502,3429,,,,1708656463
12067219,2349,5592,,,,1708627792
12067216,,,,,,1708555750
12067221,5067,-1524,,,,1708636156
12067208,4034,2469,,,,1708636897
12067212,3415,2736,,,,1708643244
12067217,1992,2611,,,,1708642329
12067218,2727,2645,,,,1708650786
12067211,2283,2863,3131,,,1708720838
12067220,2943,2356,2451,,,1708722781
12067214,1795,2105,3143,,,1708730646
12067215,1713,3538,2809,,,1708740692
12067160,,,,,,1708608095
12067171,2283,3537,,,,1708616827
12067159,1761,2510,,,,1708623340
12067165,3878,2416,,,,1708705218
12067169,2316,1874,2507,,,1708713298
12067189,2061,1985,,,,1708641850
12067188,1845,4168,3466,,,1708651327
12067190,3734,2216,,,,1708659519
12067194,3399,3565,,,,1708666513
12067187,2316,4267,,,,1708742896
12067201,4604,3202,5437,,,1708756260
12067255,2504,2643,,,,1708617146
12067263,2767,2990,2494,,,1708626596
12067253,2405,4599,,,,1708696107
12067252,3124,2933,,,,1708705137
12095972,3019,2241,,,,1708761693
12095974,1702,3187,,,,1708760494
12095977,1374,2512,1794,,,1708762596
12095976,3816,1610,,,,1708768387
12095973,3321,2927,,,,1708768143
12095978,2365,2693,,,,1708767713
12095975,2346,2113,,,,1708773310
12095971,3365,2106,,,,1708775551
12067353,1803,2205,,,,1708605376
12067361,2708,2214,,,,1708611622
12067363,1912,2150,,,,1708617048
12067360,2213,1824,,,,1708625771
12067364,1444,3672,,,,1708630167
12067358,3104,2946,3257,,,1708696763
12067354,1775,2087,3511,,,1708704808
12067362,2818,2827,3917,,,1708715061
12067349,3198,3811,,,,1708723235
12067300,2030,2146,,,,1708606335
12067309,,,,,,1708669642
12067307,2695,2674,,,,1708676591
12067301,2602,2299,,,,1708680081
12067306,2696,1713,2987,,,1708696162
12067304,2313,4209,,,,1708767999
12067305,2042,1745,2761,,,1708776973
12067341,2386,2120,,,,1708609687
12067324,2654,2078,,,,1708615311
12067325,3624,2698,1407,,,1708691608
12067343,1869,4051,,,,1708686623
12067328,4144,1967,,,,1708698603
12067326,2233,1602,2349,,,1708705115
12067342,2158,2364,,,,1708775004
12067335,1587,2472,,,,1708780287
12067283,2474,2637,,,,1708634967
12067291,2444,3828,2463,,,1708645927
12067278,2315,3114,,,,1708651666
12067284,1849,2615,4149,,,1708660253
12067287,4025,3429,,,,1708722910
12067292,1879,2048,,,,1708729137
12067286,2934,3292,2681,,,1708739473
12067289,2066,2055,2572,,,1708747222
12092742,2273,4606,3141,,,1708680848
12092722,2725,3069,2588,,,1708680220
12092727,4807,133,,,,1708686049
12092728,3851,4773,2868,,,1708692872
12095412,1809,905,,,,1708762526
12095657,2155,2606,,,,1708766876
12086453,4537,3375,3339,,,1708683796
12089648,2421,2535,3787,,,1708680809
12086287,3295,2876,,,,1708678915
12092751,543,2305,,,,1708677143
12084519,1895,2617,,,,1708677631
12092699,2166,2312,,,,1708681965
12084516,3525,2869,5255,,,1708691997
12089986,2173,3354,,,,1708691246
12095718,4774,2191,,,,1708767238
12095360,2988,3677,,,,1708766108
12095231,2647,3171,,,,1708764648
12095628,156,,,,,1708764394
12098083,2207,2375,,,,1708780402
12098082,2221,3144,,,,1708780644
12093038,4542,2019,,,,1708682174
12093063,2530,3103,,,,1708680373
12093062,3309,2380,3571,,,1708690744
12093039,2524,2697,2356,,,1708692350
12095359,3536,2927,,,,1708769500
12095630,3150,4432,,,,1708773998
12091060,1780,5182,2734,,,1708661784
12091131,3559,4633,,,,1708658105
12091176,2055,3329,2589,,,1708666652
12092627,3289,3655,,,,1708666950
12094587,2201,4269,,,,1708743688
12094775,2580,2294,2791,,,1708745515
12090358,3480,3753,,,,1708618069
12090509,2599,3521,,,,1708617251
12086965,3151,2555,,,,1708617638
12090067,2671,2525,2415,,,1708619956
12090207,2253,4000,,,,1708623503
12090206,1658,3258,,,,1708623554
12090404,1922,2730,,,,1708624569
12084382,1891,3715,2431,,,1708629237
12093724,2681,2751,3537,,,1708706710
12093818,3425,4237,,,,1708704543
12093760,2782,4771,2522,,,1708708692
12093777,3848,4204,,,,1708715601
12092857,1802,1677,2607,,,1708679197
12092948,2682,1687,,,,1708678376
12093076,,,,,,1708676085
12092757,2362,2045,2137,,,1708680296
12095304,1812,1966,,,,1708764420
12095318,3074,3103,,,,1708765397
12091036,2948,3403,,,,1708649765
12091243,2844,3639,2672,,,1708659178
12091244,2811,3604,,,,1708656127
12091122,2580,2575,,,,1708657469
12094567,3391,2940,,,,1708742260
12094629,4385,4476,,,,1708743690
12086511,2181,3058,,,,1708606669
12089170,2595,2771,2065,,,1708615058
12084322,3362,3462,,,,1708614034
12089649,1687,1760,,,,1708619680
12093084,2482,2730,1748,,,1708692386
12093534,1941,2159,,,,1708691997
12093686,,,,,,1708695500
12093074,1836,1456,2404,,,1708704094
12095992,1795,3070,,,,1708778286
12095739,2541,3629,3687,,,1708788887
12089439,3479,2425,,,,1708612016
12089232,2527,2243,,,,1708614499
12084332,4329,3252,2507,,,1708620772
12086927,2208,2425,3292,,,1708618712
12093368,4352,14890,5376,,,1708704775
12093415,2386,3062,15444,,,1708689856
12093713,2647,2871,,,,1708706836
12096060,4950,1929,,,,1708778112
12093729,4600,63455,,,,1708711310
12098312,2373,1966,,,,1708781619
12089720,1673,3011,2294,,,1708615702
12090102,3549,5239,,,,1708614602
12090144,2335,3777,3661,,,1708616499
12086699,3416,3773,,,,1708614600
12089770,3548,2736,,,,1708623082
12087000,4816,3137,3200,,,1708628189
12086817,2545,2711,,,,1708623949
12090070,2520,1801,,,,1708630705
12093647,4090,3619,,,,1708701543
12093759,5092,2337,4790,,,1708705047
12093861,3411,4969,,,,1708709907
12093902,2015,1744,,,,1708712839
12084320,,,,,,
12084318,,,,,,
12089616,4697,2655,,,,1708611321
12089968,3507,2813,,,,1708612657
12093160,2295,2504,2442,,,1708686071
12093401,1714,3348,,,,1708682958
12093324,3543,3646,3575,,,1708694477
12093486,3872,3658,,,,1708693305
12095710,2308,1527,,,,1708770003
12095769,4182,3074,4106,,,1708774663
12092918,1449,3510,,,,1708676157
12092703,2413,2798,,,,1708676969
12092720,3329,4402,3062,,,1708682024
12092796,3898,2425,,,,1708688962
12084338,,,,,,
12095411,5664,2806,3249,,,1708769616
12095570,2389,4420,6267,,,1708781362
12084420,2351,2002,,,,1708606497
12086016,1842,2079,,,,1708607154
12086011,1475,2926,,,,1708611620
12093075,3951,2698,,,,1708679532
12092779,2641,6078,,,,1708678759
12086459,3841,2006,,,,1708684234
12093068,1640,2002,,,,1708682829
12093051,1816,1592,,,,1708685462
12093083,1524,1934,,,,1708685339
12093052,3033,1855,1812,,,1708690128
12093416,3258,4487,1822,,,1708693619
12095440,2124,2604,,,,1708764269
12095629,2481,3100,,,,1708764700
12095577,2508,4121,,,,1708764954
12095422,4096,3337,2040,,,1708772335
12097965,1480,1964,,,,1708777865
12098297,4352,2979,,,,1708785974
12089582,1987,3787,,,,1708605874
12089784,3158,3777,,,,1708607585
12089573,2673,3095,,,,1708608526
12093003,2185,2732,,,,1708685374
12093085,2387,2504,,,,1708688741
12093208,2676,2927,,,,1708689036
12093189,1795,2405,,,,1708690722
12084450,,,,,,
12084440,,,,,,
12095626,3322,5400,,,,1708772571
12095562,,,,,,1708769126
12090294,4474,4199,,,,1708626544
12090557,3242,3769,,,,1708624975
12090343,1382,4040,,,,1708623508
12090208,1372,2037,,,,1708631841
12094021,3562,2555,,,,1708712059
12094044,1486,2042,2079,,,1708719194
12092780,3244,2925,,,,1708680648
12092752,4525,1802,,,,1708682333
12093058,3107,2066,,,,1708680713
12092971,4757,3092,,,,1708682298
12095346,3040,1625,,,,1708768577
12095413,3161,1997,,,,1708768849
12091121,2429,3078,2802,,,1708659816
12091245,4122,2797,,,,1708658797
12091226,2638,3093,,,,1708657005
12091261,3481,2492,,,,1708657611
12094569,2476,3636,1853,,,1708747303
12094568,2425,2489,3292,,,1708746453
12086461,2953,1632,,,,1708608385
12089519,2364,2240,2273,,,1708611211
12090050,1233,3043,,,,1708612336
12090104,3664,1444,537,,,1708619466
12086597,2265,4310,1659,,,1708622782
12090033,1879,3653,,,,1708623266
12093384,2353,2255,2670,,,1708691126
12093133,1808,3776,,,,1708691949
12093570,2519,3896,1637,,,1708701109
12093767,2955,4743,3170,,,1708711309
12095897,2453,4229,2615,,,1708779816
12096217,2431,3207,,,,1708785667
12092723,3801,2998,2823,,,1708683125
12092716,2787,3617,,,,1708678858
12095423,2181,3001,,,,1708764345
12092919,3269,3111,2744,,,1708682377
12092881,2446,3305,2625,,,1708681453
12092696,1838,4564,,,,1708677640
12093061,3209,2030,,,,1708688069
12095523,3383,2460,,,,1708766786
12095410,5157,3148,,,,1708768685
12091132,2587,2998,,,,1708649525
12091061,4091,2558,,,,1708651650
12091008,2033,2011,,,,1708649264
12091013,2502,3429,,,,1708656463
12094566,1935,2851,,,,1708735260
12094550,2390,2124,,,,1708735822
12067211,2283,2863,3131,,,1708720838
12067220,2943,2356,2451,,,1708722781
12067214,1795,2105,3143,,,1708730646
12067215,1713,3538,2809,,,1708740692
12067209,3318,1779,,,,1708808842
12067213,3804,2707,,,,1708816436
12067165,3878,2416,,,,1708705218
12067169,2316,1874,2507,,,1708713298
12067158,3843,2533,,,,1708791671
12067187,2316,4267,,,,1708742896
12067201,4604,3202,5437,,,1708756260
12067192,3220,4128,,,,1708833818
12067253,2405,4599,,,,1708696107
12067252,3124,2933,,,,1708705137
12067268,2113,2890,3023,,,1708792286
12097137,2933,2974,,,,1708818974
12097134,2460,1659,3053,,,1708820179
12097135,3224,3328,3019,,,1708822929
12097139,2558,3064,2911,,,1708828801
12097136,2339,545,,,,1708826382
12097140,2472,2113,,,,1708829198
12097138,1960,1888,,,,1708830808
12097141,,,,,,1708832519
12095972,3019,2241,,,,1708761693
12095974,1702,3187,,,,1708760494
12095977,1374,2512,1794,,,1708762596
12095976,3816,1610,,,,1708768387
12095973,3321,2927,,,,1708768143
12095978,2365,2693,,,,1708767713
12095975,2346,2113,,,,1708773310
12095971,3365,2106,,,,1708775551
12098080,3229,2585,2593,,,1708850544
12098028,3168,2878,,,,1708848257
12098091,3981,2034,1812,,,1708858218
12098584,2625,1814,2344,,,1708858414
12097144,3027,3360,2512,,,1708793933
12097142,1690,3861,3637,,,1708793385
12097146,2801,4281,1670,,,1708794664
12097148,,,,,,
12097143,2924,5083,2050,,,1708806392
12098903,2631,2450,,,,1708800523
12097145,2253,3112,,,,1708800485
12097147,4460,3766,,,,1708811942
12097149,1720,4339,,,,1708809791
12097163,2194,2375,,,,1708800228
12097164,2471,1203,,,,1708800939
12097162,2206,2583,,,,1708805668
12097165,2476,2025,,,,1708805836
12097167,1815,3717,,,,1708810738
12097166,3444,3640,,,,1708812564
12097171,2107,2994,,,,1708817324
12097168,3296,2837,,,,1708820394
12097169,3296,2768,3229,,,1708827413
12097170,2398,3473,,,,1708826596
12097172,2182,2472,,,,1708833136
12097173,1883,1799,,,,1708833216
12097131,2886,2105,,,,1708793865
12097118,3150,2203,,,,1708794145
12097119,3890,4521,2426,,,1708799537
12097128,2470,2236,,,,1708799115
12097125,3460,2538,2870,,,1708803217
12097129,3404,3691,,,,1708805641
12097124,1259,2245,,,,1708804007
12097123,3095,2774,,,,1708809985
12097122,2302,1787,,,,1708809209
12097126,1778,1642,,,,1708813681
12097130,2245,1993,,,,1708814470
12097127,1456,4677,2822,,,1708819669
12067358,3104,2946,3257,,,1708696763
12067354,1775,2087,3511,,,1708704808
12067362,2818,2827,3917,,,1708715061
12067349,3198,3811,,,,1708723235
12067350,2447,3373,,,,1708786234
12067346,2051,2003,,,,1708792981
12067306,2696,1713,2987,,,1708696162
12067304,2313,4209,,,,1708767999
12067305,2042,1745,2761,,,1708776973
12067302,2607,3423,3486,,,1708865366
12067328,4144,1967,,,,1708698603
12067326,2233,1602,2349,,,1708705115
12067342,2158,2364,,,,1708775004
12067335,1587,2472,,,,1708780287
12067340,2079,2975,,,,1708865187
12099689,3535,3391,5599,,,1708852697
12099681,1071,1129,,,,1708849798
12099688,1827,2906,,,,1708850328
12099690,3505,2745,,,,1708852186
12099697,1583,1996,,,,1708855157
12099691,2128,2020,,,,1708856595
12099695,1833,3042,,,,1708858184
12099698,2869,3487,5388,,,1708863150
12099705,2157,1999,,,,1708861485
12099704,1362,1590,,,,1708861258
12099696,1471,2219,,,,1708864684
12099703,2336,2165,4111,,,1708866724
12099606,1970,3130,1485,,,1708857138
12099607,2662,1804,,,,1708854955
12099625,1657,2157,,,,1708859301
12099626,3441,2528,,,,1708862892
12099624,2435,1497,,,,1708864766
12099634,1934,3097,,,,1708868011
12099633,,,,,,1708866922
12098837,2043,1469,,,,1708837891
12098840,2059,3505,2865,,,1708842260
12098847,3536,446,,,,1708840026
12098839,2316,2551,,,,1708842532
12098846,2743,2578,,,,1708844775
12098836,2659,2434,4607,,,1708851328
12098841,2626,3754,,,,1708848551
12098842,2565,3444,,,,1708851189
12098838,2322,1853,,,,1708859102
12098845,2345,455,,,,1708860040
12098844,2993,2645,,,,1708860446
12098843,953,2083,2119,,,1708864278
12100048,2388,3373,,,,1708858309
12100040,2700,3623,,,,1708858503
12100045,2056,4020,2998,,,1708862417
12100047,2998,2728,,,,1708865559
12100049,2879,3324,,,,1708869074
12100043,1616,2424,,,,1708871431
12100052,3234,3139,,,,1708872367
12067287,4025,3429,,,,1708722910
12067292,1879,2048,,,,1708729137
12067286,2934,3292,2681,,,1708739473
12067289,2066,2055,2572,,,1708747222
12067290,2400,2327,,,,1708822005
12067288,2579,2725,,,,1708827959
12095412,1809,905,,,,1708762526
12095657,2155,2606,,,,1708766876
12098033,2340,4624,4078,,,1708850490
12095718,4774,2191,,,,1708767238
12095360,2988,3677,,,,1708766108
12095231,2647,3171,,,,1708764648
12095628,156,,,,,1708764394
12098083,2207,2375,,,,1708780402
12098082,2221,3144,,,,1708780644
12098854,3762,2526,3018,,,1708854881
12095359,3536,2927,,,,1708769500
12095630,3150,4432,,,,1708773998
12098605,2496,3087,1875,,,1708856329
12094587,2201,4269,,,,1708743688
12094775,2580,2294,2791,,,1708745515
12097161,3331,3889,3340,,,1708834502
12093724,2681,2751,3537,,,1708706710
12093818,3425,4237,,,,1708704543
12093760,2782,4771,2522,,,1708708692
12093777,3848,4204,,,,1708715601
12096061,2187,1924,,,,1708791653
12096338,3196,4319,3299,,,1708798758
12095304,1812,1966,,,,1708764420
12095318,3074,3103,,,,1708765397
12097983,2373,2055,,,,1708850892
12094567,3391,2940,,,,1708742260
12094629,4385,4476,,,,1708743690
12097231,4085,2025,,,,1708831557
12093686,,,,,,1708695500
12093074,1836,1456,2404,,,1708704094
12095992,1795,3070,,,,1708778286
12095739,2541,3629,3687,,,1708788887
12099275,3639,2259,,,,1708857881
12093368,4352,14890,5376,,,1708704775
12093713,2647,2871,,,,1708706836
12093729,4600,63455,,,,1708711310
12096060,4950,1929,,,,1708778112
12098312,2373,1966,,,,1708781619
12093647,4090,3619,,,,1708701543
12093759,5092,2337,4790,,,1708705047
12093861,3411,4969,,,,1708709907
12093902,2015,1744,,,,1708712839
12096221,2968,3600,,,,1708786846
12096055,2381,2364,,,,1708794172
12095710,2308,1527,,,,1708770003
12095769,4182,3074,4106,,,1708774663
12098597,2943,2748,2329,,,1708857990
12095411,5664,2806,3249,,,1708769616
12095570,2389,4420,6267,,,1708781362
12098960,1600,2402,,,,1708857173
12095440,2124,2604,,,,1708764269
12095629,2481,3100,,,,1708764700
12095577,2508,4121,,,,1708764954
12095422,4096,3337,2040,,,1708772335
12097965,1480,1964,,,,1708777865
12098297,4352,2979,,,,1708785974
12098995,,,,,,1708852044
12095626,3322,5400,,,,1708772571
12095562,,,,,,1708769126
12098589,3987,2567,,,,1708859695
12094021,3562,2555,,,,1708712059
12094044,1486,2042,2079,,,1708719194
12096370,2536,1633,,,,1708801026
12095346,3040,1625,,,,1708768577
12095413,3161,1997,,,,1708768849
12098190,2390,2150,,,,1708852560
12094569,2476,3636,1853,,,1708747303
12094568,2425,2489,3292,,,1708746453
12097188,4720,4047,,,,1708832306
12093133,1808,3776,,,,1708691949
12093570,2519,3896,1637,,,1708701109
12093767,2955,4743,3170,,,1708711309
12095897,2453,4229,2615,,,1708779816
12096217,2431,3207,,,,1708785667
12098997,3746,2553,,,,1708863230
12095423,2181,3001,,,,1708764345
12095523,3383,2460,,,,1708766786
12095410,5157,3148,,,,1708768685
12098214,3382,4287,3344,,,1708856296
12094566,1935,2851,,,,1708735260
12094550,2390,2124,,,,1708735822
12097150,2689,3178,,,,1708822447
12099191,,,,,,
12099201,,,,,,
12099161,,,,,,
12099203,,,,,,
12099188,,,,,,
12099205,,,,,,
12099207,,,,,,
12099202,,,,,,
12099209,,,,,,
12099212,,,,,,
12099165,,,,,,
12099172,,,,,,
12099189,,,,,,
12099176,,,,,,
12099190,,,,,,
12099163,,,,,,
12099184,,,,,,
12099180,,,,,,
12099178,,,,,,
12099196,,,,,,
12099185,,,,,,
12099214,,,,,,
12099195,,,,,,
12099171,,,,,,
12099160,,,,,,
12099210,,,,,,
12099162,,,,,,
12099206,,,,,,
12099186,,,,,,
12099166,,,,,,
12099177,,,,,,
12099208,,,,,,
12099652,,,,,,
12099654,,,,,,
12099650,,,,,,
12099655,,,,,,
12099666,,,,,,
12099660,,,,,,
12099662,,,,,,
12099659,,,,,,
12099657,,,,,,
12099665,,,,,,
12099250,,,,,,
12099252,,,,,,
12099255,,,,,,
12099239,,,,,,
12099253,,,,,,
12099266,,,,,,
12099260,,,,,,
12099261,,,,,,
12099242,,,,,,
12099249,,,,,,
12099254,,,,,,
12099267,,,,,,
12101132,,,,,,
12099262,,,,,,
12099265,,,,,,
12099258,,,,,,
12099245,,,,,,
12099243,,,,,,
12099248,,,,,,
12099238,,,,,,
12099240,,,,,,
12099237,,,,,,
12099256,,,,,,
12099264,,,,,,
12099244,,,,,,
12099259,,,,,,
12099263,,,,,,
12099251,,,,,,
12099247,,,,,,
12099257,,,,,,
12099246,,,,,,
12099268,,,,,,
12099241,,,,,,
12099466,3564,2209,,,,1708861565
12099467,2009,2817,,,,1708854220
12099473,1815,2180,927,,,1708856421
12099470,1461,1741,,,,1708859230
12099471,2421,1421,,,,1708865410
12099469,2786,1781,,,,1708867403
12099468,2475,2339,,,,1708870167
12099544,,,,,,
12099538,,,,,,
12099546,,,,,,
12099519,,,,,,
12099534,,,,,,
12099518,,,,,,
12099528,,,,,,
12099537,,,,,,
12099513,,,,,,
12099542,,,,,,
12099521,,,,,,
12099511,,,,,,
12099529,,,,,,
12099523,,,,,,
12099535,,,,,,
12099545,,,,,,
12099515,,,,,,
12099522,,,,,,
12099527,,,,,,
12099533,,,,,,
12099539,,,,,,
12099531,,,,,,
12099543,,,,,,
12099536,,,,,,
12099532,,,,,,
12099514,,,,,,
12099548,,,,,,
12099551,,,,,,
12099525,,,,,,
12099549,,,,,,
12099540,,,,,,
12099516,,,,,,
12098343,1431,1391,887,,,1708829728
12098356,1356,3275,,,,1708828437
12098355,4078,2388,,,,1708831439
12098353,3306,2874,506,,,1708839228
12098349,4021,3238,1600,,,1708844843
12098345,1335,1471,,,,1708840970
12098342,3117,3443,,,,1708841009
12098354,2416,2651,,,,1708840740
12098348,3431,2523,828,,,1708846682
12098363,2534,1969,,,,1708843165
12098359,1827,3517,1155,,,1708848736
12098357,3609,2094,,,,1708848408
12098358,2564,2153,,,,1708847901
12098344,2143,2298,,,,1708848281
12098352,1748,1830,,,,1708848977
12098346,3230,1478,,,,1708851603
12099340,,,,,,
12099319,,,,,,
12099331,,,,,,
12099325,,,,,,
12099347,,,,,,
12099344,,,,,,
12099333,,,,,,
12101012,,,,,,
12099342,,,,,,
12099338,,,,,,
12099336,,,,,,
12099339,,,,,,
12099321,,,,,,
12099320,,,,,,
12099343,,,,,,
12099384,,,,,,
12101870,,,,,,
12099326,,,,,,
12099349,,,,,,
12099346,,,,,,
12099329,,,,,,
12099337,,,,,,
12099323,,,,,,
12099334,,,,,,
12099348,,,,,,
12099350,,,,,,
12099322,,,,,,
12099328,,,,,,
12099332,,,,,,
12099341,,,,,,
12097736,,,,,,
12097757,,,,,,
12097753,,,,,,
12097739,,,,,,
12097766,,,,,,
12097750,,,,,,
12097737,,,,,,
12097746,,,,,,
12097738,,,,,,
12097745,,,,,,
12097763,,,,,,
12097765,,,,,,
12097764,,,,,,
12097756,,,,,,
12097755,,,,,,
12097740,,,,,,
12100097,,,,,,
12100077,,,,,,
12100078,,,,,,
12100104,,,,,,
12100068,,,,,,
12100095,,,,,,
12100070,,,,,,
12100101,,,,,,
12100082,,,,,,
12100089,,,,,,
12100109,,,,,,
12100076,,,,,,
12100103,,,,,,
12100075,,,,,,
12100112,,,,,,
12100111,,,,,,
12100108,,,,,,
12100072,,,,,,
12099438,,,,,,
12099422,,,,,,
12099430,,,,,,
12099420,,,,,,
12099429,,,,,,
12099437,,,,,,
12099424,,,,,,
12099444,,,,,,
12099440,,,,,,
12099426,,,,,,
12099434,,,,,,
12099441,,,,,,
12099416,,,,,,
12099439,,,,,,
12099435,,,,,,
12099418,,,,,,
12099413,,,,,,
12099414,,,,,,
12099442,,,,,,
12099432,,,,,,
12099443,,,,,,
12099417,,,,,,
12099433,,,,,,
12099200,,,,,,
12099173,,,,,,
12099159,,,,,,
12099198,,,,,,
12099170,,,,,,
12099187,,,,,,
12099167,,,,,,
12099179,,,,,,
12099199,,,,,,
12099158,,,,,,
12099155,,,,,,
12099211,,,,,,
12099197,,,,,,
12099174,,,,,,
12099156,,,,,,
12099154,,,,,,
12099193,,,,,,
12099169,,,,,,
12099192,,,,,,
12099164,,,,,,
12099157,,,,,,
12099182,,,,,,
12099181,,,,,,
12099183,,,,,,
12099194,,,,,,
12099153,,,,,,
12099175,,,,,,
12099168,,,,,,
12099204,,,,,,
12098630,,,,,,
12098634,,,,,,
12098636,,,,,,
12098640,,,,,,
12098643,,,,,,
12098631,,,,,,
12098628,,,,,,
12098641,,,,,,
12098632,,,,,,
12098635,,,,,,
12098642,,,,,,
12098633,,,,,,
12098638,,,,,,
12098629,,,,,,
12098639,,,,,,
12098637,,,,,,
12098241,,,,,,
12098235,,,,,,
12098233,,,,,,
12098236,,,,,,
12098234,,,,,,
12098239,,,,,,
12098237,,,,,,
12098238,,,,,,
12099558,4221,2036,3264,,,1708860345
12099556,2475,2274,,,,1708856531
12099555,1781,3021,,,,1708862009
12099559,3225,2994,,,,1708867638
12099553,3175,2526,,,,1708869760
12099563,,,,,,
12099577,,,,,,
12099562,,,,,,
12099579,,,,,,
12099573,,,,,,
12099586,,,,,,
12099567,,,,,,
12099583,,,,,,
12099589,,,,,,
12099564,,,,,,
12099587,,,,,,
12099592,,,,,,
12099576,,,,,,
12099585,,,,,,
12099580,,,,,,
12101268,,,,,,
12099561,,,,,,
12099572,,,,,,
12099570,,,,,,
12099591,,,,,,
12099575,,,,,,
12099571,,,,,,
12099569,,,,,,
12099578,,,,,,
12099565,,,,,,
12099588,,,,,,
12099590,,,,,,
12099568,,,,,,
12099582,,,,,,
12099581,,,,,,
12099566,,,,,,
12099574,,,,,,
12099584,,,,,,
12099512,,,,,,
12099541,,,,,,
12099526,,,,,,
12099524,,,,,,
12099547,,,,,,
12099530,,,,,,
12099550,,,,,,
12099510,,,,,,
12099517,,,,,,
12099520,,,,,,
12098361,1642,1525,,,,1708828474
12098350,2076,2005,,,,1708829091
12098351,2999,2140,843,,,1708832405
12098362,,,,,,1708832184
12098360,1588,876,,,,1708835519
12098347,2007,2901,,,,1708836747
12099098,,,,,,1708848612
12099095,1642,4080,,,,1708850020
12099099,1984,2157,,,,1708850357
12099091,1380,1890,,,,1708849794
12099097,1629,2388,,,,1708850029
12099092,822,1683,,,,1708855661
12099096,2393,3568,,,,1708856489
12099093,2377,1614,,,,1708856124
12099094,1237,1757,,,,1708855953
12099357,,,,,,
12099355,,,,,,
12099361,,,,,,
12099362,,,,,,
12099358,,,,,,
12099359,,,,,,
12099353,,,,,,
12099360,,,,,,
12099354,,,,,,
12099356,,,,,,
12097741,,,,,,
12097742,,,,,,
12097744,,,,,,
12097751,,,,,,
12097761,,,,,,
12097762,,,,,,
12097748,,,,,,
12097767,,,,,,
12097749,,,,,,
12097743,,,,,,
12097759,,,,,,
12097752,,,,,,
12097758,,,,,,
12097760,,,,,,
12097747,,,,,,
12097754,,,,,,
12098339,,,,,,
12098338,,,,,,
12098334,,,,,,
12102031,,,,,,
12067209,3318,1779,,,,1708808842
12067213,3804,2707,,,,1708816436
12067207,2533,2421,,,,1708896185
12067158,3843,2533,,,,1708791671
12067192,3220,4128,,,,1708833818
12067268,2113,2890,3023,,,1708792286
12097137,2933,2974,,,,1708818974
12097134,2460,1659,3053,,,1708820179
12097135,3224,3328,3019,,,1708822929
12097139,2558,3064,2911,,,1708828801
12097136,2339,545,,,,1708826382
12097140,2472,2113,,,,1708829198
12097138,1960,1888,,,,1708830808
12097141,,,,,,1708832519
12100804,2317,2748,2464,,,1708910969
12100801,3217,3073,1275,,,1708912312
12100805,3208,2461,4096,,,1708911838
12100830,1970,2585,1683,,,1708919002
12098080,3229,2585,2593,,,1708850544
12098028,3168,2878,,,,1708848257
12098091,3981,2034,1812,,,1708858218
12098584,2625,1814,2344,,,1708858414
12097144,3027,3360,2512,,,1708793933
12097142,1690,3861,3637,,,1708793385
12097146,2801,4281,1670,,,1708794664
12097148,,,,,,
12097143,2924,5083,2050,,,1708806392
12098903,2631,2450,,,,1708800523
12097145,2253,3112,,,,1708800485
12097147,4460,3766,,,,1708811942
12097149,1720,4339,,,,1708809791
12099852,2636,2788,,,,1708876383
12099891,3168,2665,,,,1708876894
12099968,2836,2846,,,,1708883743
12100114,2762,3289,,,,1708884221
12097163,2194,2375,,,,1708800228
12097164,2471,1203,,,,1708800939
12097162,2206,2583,,,,1708805668
12097165,2476,2025,,,,1708805836
12097167,1815,3717,,,,1708810738
12097166,3444,3640,,,,1708812564
12097171,2107,2994,,,,1708817324
12097168,3296,2837,,,,1708820394
12097169,3296,2768,3229,,,1708827413
12097170,2398,3473,,,,1708826596
12097172,2182,2472,,,,1708833136
12097173,1883,1799,,,,1708833216
12100267,2534,1637,,,,1708890729
12099895,1974,2895,,,,1708890076
12100059,2527,2816,3496,,,1708898665
12100791,4284,2864,,,,1708898203
12100831,2799,2230,,,,1708904777
12100807,2871,2326,,,,1708905400
12097131,2886,2105,,,,1708793865
12097118,3150,2203,,,,1708794145
12097119,3890,4521,2426,,,1708799537
12097128,2470,2236,,,,1708799115
12097125,3460,2538,2870,,,1708803217
12097129,3404,3691,,,,1708805641
12097124,1259,2245,,,,1708804007
12097123,3095,2774,,,,1708809985
12097122,2302,1787,,,,1708809209
12097126,1778,1642,,,,1708813681
12097130,2245,1993,,,,1708814470
12097127,1456,4677,2822,,,1708819669
12100057,1806,1911,2474,,,1708881139
12099893,2152,3322,,,,1708879393
12099894,2608,2908,2901,,,1708882976
12100133,1311,1719,,,,1708884854
12100058,2546,967,,,,1708887257
12100802,2552,4648,,,,1708889267
12099908,,,,,,
12099897,,,,,,
12099907,,,,,,
12099900,,,,,,
12099896,,,,,,
12099899,,,,,,
12099616,,,,,,
12099029,,,,,,1708933251
12099028,,,,,,
12099025,,,,,,
12099027,,,,,,
12067350,2447,3373,,,,1708786234
12067346,2051,2003,,,,1708792981
12067365,3060,2582,,,,1708873361
12067302,2607,3423,3486,,,1708865366
12067335,1587,2472,,,,1708780287
12067340,2079,2975,,,,1708865187
12100224,,,,,,
12100233,,,,,,
12100239,,,,,,
12100226,,,,,,
12099689,3535,3391,5599,,,1708852697
12099681,1071,1129,,,,1708849798
12099688,1827,2906,,,,1708850328
12099690,3505,2745,,,,1708852186
12099697,1583,1996,,,,1708855157
12099691,2128,2020,,,,1708856595
12099695,1833,3042,,,,1708858184
12099698,2869,3487,5388,,,1708863150
12099705,2157,1999,,,,1708861485
12099704,1362,1590,,,,1708861258
12099696,1471,2219,,,,1708864684
12099703,2336,2165,4111,,,1708866724
12101940,,,,,,
12102203,,,,,,
12102201,,,,,,
12101941,,,,,,
12102208,,,,,,
12102205,,,,,,
12099606,1970,3130,1485,,,1708857138
12099607,2662,1804,,,,1708854955
12099625,1657,2157,,,,1708859301
12099626,3441,2528,,,,1708862892
12099624,2435,1497,,,,1708864766
12099634,1934,3097,,,,1708868011
12099633,,,,,,1708866922
12099643,2001,2792,,,,1708873412
12099632,1918,2525,,,,1708873803
12099642,2588,3637,,,,1708879705
12099631,2435,2925,,,,1708879536
12099641,3031,2217,2989,,,1708888604
12102334,,,,,,
12101942,,,,,,
12102333,,,,,,
12102336,,,,,,
12102796,,,,,,
12102520,,,,,,
12098837,2043,1469,,,,1708837891
12098840,2059,3505,2865,,,1708842260
12098847,3536,446,,,,1708840026
12098839,2316,2551,,,,1708842532
12098846,2743,2578,,,,1708844775
12098836,2659,2434,4607,,,1708851328
12098841,2626,3754,,,,1708848551
12098842,2565,3444,,,,1708851189
12098838,2322,1853,,,,1708859102
12098845,2345,455,,,,1708860040
12098844,2993,2645,,,,1708860446
12098843,953,2083,2119,,,1708864278
12101803,2491,2852,4409,,,1708927864
12100958,3772,2974,2776,,,1708929532
12101054,1692,3712,,,,1708924364
12102021,,,,,,1708928830
12101928,,,,,,1708933116
12102044,,,,,,1708933275
12100048,2388,3373,,,,1708858309
12100040,2700,3623,,,,1708858503
12100045,2056,4020,2998,,,1708862417
12100047,2998,2728,,,,1708865559
12100049,2879,3324,,,,1708869074
12100043,1616,2424,,,,1708871431
12100052,3234,3139,,,,1708872367
12100051,2407,2869,,,,1708875722
12100044,3542,2966,1913,,,1708881667
12100053,2989,1935,,,,1708879171
12100050,2865,2528,,,,1708882127
12100042,3673,2346,,,,1708888032
12102726,,,,,,
12102337,,,,,,
12102332,,,,,,
12102728,,,,,,
12102335,,,,,,
12102727,,,,,,
12067290,2400,2327,,,,1708822005
12067288,2579,2725,,,,1708827959
12067280,3005,2224,1417,,,1708911627
12098033,2340,4624,4078,,,1708850490
12098083,2207,2375,,,,1708780402
12098082,2221,3144,,,,1708780644
12098854,3762,2526,3018,,,1708854881
12098605,2496,3087,1875,,,1708856329
12097161,3331,3889,3340,,,1708834502
12096061,2187,1924,,,,1708791653
12096338,3196,4319,3299,,,1708798758
12099794,2828,4326,2740,,,1708884914
12097983,2373,2055,,,,1708850892
12097231,4085,2025,,,,1708831557
12095739,2541,3629,3687,,,1708788887
12099275,3639,2259,,,,1708857881
12098312,2373,1966,,,,1708781619
12098852,2437,1643,,,,1708879616
12096221,2968,3600,,,,1708786846
12096055,2381,2364,,,,1708794172
12099504,,,,,,
12098597,2943,2748,2329,,,1708857990
12098960,1600,2402,,,,1708857173
12097965,1480,1964,,,,1708777865
12098297,4352,2979,,,,1708785974
12098995,,,,,,1708852044
12098589,3987,2567,,,,1708859695
12096370,2536,1633,,,,1708801026
12098190,2390,2150,,,,1708852560
12097188,4720,4047,,,,1708832306
12096217,2431,3207,,,,1708785667
12098997,3746,2553,,,,1708863230
12098214,3382,4287,3344,,,1708856296
12097150,2689,3178,,,,1708822447
12099191,,,,,,
12099201,,,,,,
12099161,,,,,,
12099203,,,,,,
12099188,,,,,,
12099205,,,,,,
12099207,,,,,,
12099202,,,,,,
12099209,,,,,,
12099212,,,,,,
12099165,,,,,,
12099172,,,,,,
12099189,,,,,,
12099176,,,,,,
12099190,,,,,,
12099163,,,,,,
12099184,,,,,,
12099180,,,,,,
12099178,,,,,,
12099196,,,,,,
12099185,,,,,,
12099214,,,,,,
12099195,,,,,,
12099171,,,,,,
12099160,,,,,,
12099210,,,,,,
12099162,,,,,,
12099206,,,,,,
12099186,,,,,,
12099166,,,,,,
12099177,,,,,,
12099208,,,,,,
12102059,,,,,,
12102073,,,,,,
12102050,,,,,,
12102078,,,,,,
12102066,,,,,,
12102074,,,,,,
12102071,,,,,,
12102056,,,,,,
12102047,,,,,,
12102065,,,,,,
12102067,,,,,,
12102051,,,,,,
12102058,,,,,,
12102075,,,,,,
12102069,,,,,,
12102063,,,,,,
12099652,,,,,,
12099654,,,,,,
12099650,,,,,,
12099655,,,,,,
12099666,,,,,,
12099660,,,,,,
12099662,,,,,,
12099659,,,,,,
12099657,,,,,,
12099665,,,,,,
12099653,,,,,,
12099651,,,,,,
12099661,,,,,,
12099799,,,,,,
12099667,,,,,,
12099658,,,,,,
12099656,,,,,,
12102513,,,,,,
12102516,,,,,,
12102515,,,,,,
12102519,,,,,,
12102514,,,,,,
12099250,,,,,,
12099252,,,,,,
12099255,,,,,,
12099239,,,,,,
12099253,,,,,,
12099266,,,,,,
12099260,,,,,,
12099261,,,,,,
12099242,,,,,,
12099249,,,,,,
12099254,,,,,,
12099267,,,,,,
12101132,,,,,,
12099262,,,,,,
12099265,,,,,,
12099258,,,,,,
12099245,,,,,,
12099243,,,,,,
12099248,,,,,,
12099238,,,,,,
12099240,,,,,,
12099237,,,,,,
12099256,,,,,,
12099264,,,,,,
12099244,,,,,,
12099259,,,,,,
12099263,,,,,,
12099251,,,,,,
12099247,,,,,,
12099257,,,,,,
12099246,,,,,,
12099268,,,,,,
12099241,,,,,,
12102278,,,,,,
12102277,,,,,,
12102270,,,,,,
12102267,,,,,,
12102275,,,,,,
12102273,,,,,,
12102265,,,,,,
12102268,,,,,,
12102274,,,,,,
12102266,,,,,,
12102272,,,,,,
12102264,,,,,,
12102276,,,,,,
12102269,,,,,,
12102271,,,,,,
12102263,,,,,,
12099466,3564,2209,,,,1708861565
12099467,2009,2817,,,,1708854220
12099473,1815,2180,927,,,1708856421
12099470,1461,1741,,,,1708859230
12099471,2421,1421,,,,1708865410
12099469,2786,1781,,,,1708867403
12099468,2475,2339,,,,1708870167
12099475,2380,2242,883,,,1708874485
12099465,,,,,,1708874402
12102303,,,,,,
12102302,,,,,,
12102299,,,,,,
12102304,,,,,,
12102301,,,,,,
12102300,,,,,,
12099544,,,,,,
12099538,,,,,,
12099546,,,,,,
12099519,,,,,,
12099534,,,,,,
12099518,,,,,,
12099528,,,,,,
12099537,,,,,,
12099513,,,,,,
12099542,,,,,,
12099521,,,,,,
12099511,,,,,,
12099529,,,,,,
12099523,,,,,,
12099535,,,,,,
12099545,,,,,,
12099515,,,,,,
12099522,,,,,,
12099527,,,,,,
12099533,,,,,,
12099539,,,,,,
12099531,,,,,,
12099543,,,,,,
12099536,,,,,,
12099532,,,,,,
12099514,,,,,,
12099548,,,,,,
12099551,,,,,,
12099525,,,,,,
12099549,,,,,,
12099540,,,,,,
12099516,,,,,,
12102587,,,,,,
12102609,,,,,,
12102595,,,,,,
12102592,,,,,,
12102607,,,,,,
12102585,,,,,,
12102611,,,,,,
12102604,,,,,,
12102596,,,,,,
12102606,,,,,,
12102608,,,,,,
12102602,,,,,,
12102614,,,,,,
12102613,,,,,,
12102600,,,,,,
12102610,,,,,,
12098343,1431,1391,887,,,1708829728
12098356,1356,3275,,,,1708828437
12098355,4078,2388,,,,1708831439
12098353,3306,2874,506,,,1708839228
12098349,4021,3238,1600,,,1708844843
12098345,1335,1471,,,,1708840970
12098342,3117,3443,,,,1708841009
12098354,2416,2651,,,,1708840740
12098348,3431,2523,828,,,1708846682
12098363,2534,1969,,,,1708843165
12098359,1827,3517,1155,,,1708848736
12098357,3609,2094,,,,1708848408
12098358,2564,2153,,,,1708847901
12098344,2143,2298,,,,1708848281
12098352,1748,1830,,,,1708848977
12098346,3230,1478,,,,1708851603
12101242,1838,1622,,,,1708915235
12101245,2182,3155,,,,1708920326
12101241,2203,3912,,,,1708921493
12101240,1410,1559,,,,1708923941
12101244,5092,2211,950,,,1708932288
12101238,1944,3911,,,,1708927285
12101243,1594,2011,,,,1708927525
12101236,4078,3600,,,,1708930710
12099340,,,,,,
12099319,,,,,,
12099331,,,,,,
12099325,,,,,,
12099347,,,,,,
12099344,,,,,,
12099333,,,,,,
12101012,,,,,,
12099342,,,,,,
12099338,,,,,,
12099336,,,,,,
12099339,,,,,,
12099321,,,,,,
12099320,,,,,,
12099343,,,,,,
12099384,,,,,,
12101870,,,,,,
12099326,,,,,,
12099349,,,,,,
12099346,,,,,,
12099329,,,,,,
12099337,,,,,,
12099323,,,,,,
12099334,,,,,,
12099348,,,,,,
12099350,,,,,,
12099322,,,,,,
12099328,,,,,,
12099332,,,,,,
12099341,,,,,,
12099327,,,,,,
12099324,,,,,,
12099345,,,,,,
12099330,,,,,,
12099335,,,,,,
12102499,,,,,,
12102492,,,,,,
12102498,,,,,,
12102495,,,,,,
12102502,,,,,,
12102500,,,,,,
12102501,,,,,,
12102497,,,,,,
12102494,,,,,,
12102491,,,,,,
12102493,,,,,,
12102490,,,,,,
12102623,,,,,,
12102496,,,,,,
12102528,,,,,,
12102518,,,,,,
12097736,,,,,,
12097757,,,,,,
12097753,,,,,,
12097739,,,,,,
12097766,,,,,,
12097750,,,,,,
12097737,,,,,,
12097746,,,,,,
12097738,,,,,,
12097745,,,,,,
12097763,,,,,,
12097765,,,,,,
12097764,,,,,,
12097756,,,,,,
12097755,,,,,,
12097740,,,,,,
12103504,,,,,,
12100924,,,,,,
12100921,,,,,,
12100922,,,,,,
12100927,,,,,,
12100980,,,,,,
12100919,,,,,,
12100910,,,,,,
12100915,,,,,,
12100913,,,,,,
12100914,,,,,,
12100979,,,,,,
12100916,,,,,,
12100909,,,,,,
12100925,,,,,,
12100902,,,,,,
12100931,,,,,,
12100097,,,,,,
12100077,,,,,,
12100078,,,,,,
12100104,,,,,,
12100068,,,,,,
12100095,,,,,,
12100070,,,,,,
12100101,,,,,,
12100082,,,,,,
12100089,,,,,,
12100109,,,,,,
12100076,,,,,,
12100103,,,,,,
12100075,,,,,,
12100112,,,,,,
12100111,,,,,,
12100108,,,,,,
12100072,,,,,,
12100087,,,,,,
12100088,,,,,,
12100098,,,,,,
12100096,,,,,,
12100107,,,,,,
12100106,,,,,,
12100086,,,,,,
12100100,,,,,,
12100081,,,,,,
12100093,,,,,,
12100105,,,,,,
12100113,,,,,,
12103434,,,,,,
12103444,,,,,,
12103449,,,,,,
12103445,,,,,,
12103443,,,,,,
12103432,,,,,,
12103441,,,,,,
12103448,,,,,,
12103430,,,,,,
12103452,,,,,,
12103446,,,,,,
12103433,,,,,,
12103429,,,,,,
12103427,,,,,,
12103442,,,,,,
12103436,,,,,,
12099438,,,,,,
12099422,,,,,,
12099430,,,,,,
12099420,,,,,,
12099429,,,,,,
12099437,,,,,,
12099424,,,,,,
12099444,,,,,,
12099440,,,,,,
12099426,,,,,,
12099434,,,,,,
12099441,,,,,,
12099416,,,,,,
12099439,,,,,,
12099435,,,,,,
12099418,,,,,,
12099413,,,,,,
12099414,,,,,,
12099442,,,,,,
12099432,,,,,,
12099443,,,,,,
12099417,,,,,,
12099433,,,,,,
12099427,,,,,,
12099423,,,,,,
12099425,,,,,,
12099436,,,,,,
12099415,,,,,,
12099431,,,,,,
12099428,,,,,,
12099421,,,,,,
12099419,,,,,,
12102198,,,,,,
12102504,,,,,,
12102191,,,,,,
12102192,,,,,,
12102510,,,,,,
12102508,,,,,,
12102197,,,,,,
12102193,,,,,,
12102196,,,,,,
12102509,,,,,,
12102505,,,,,,
12102507,,,,,,
12099200,,,,,,
12099173,,,,,,
12099159,,,,,,
12099198,,,,,,
12099170,,,,,,
12099187,,,,,,
12099167,,,,,,
12099179,,,,,,
12099199,,,,,,
12099158,,,,,,
12099155,,,,,,
12099211,,,,,,
12099197,,,,,,
12099174,,,,,,
12099156,,,,,,
12099154,,,,,,
12099193,,,,,,
12099169,,,,,,
12099192,,,,,,
12099164,,,,,,
12099157,,,,,,
12099182,,,,,,
12099181,,,,,,
12099183,,,,,,
12099194,,,,,,
12099153,,,,,,
12099175,,,,,,
12099168,,,,,,
12099204,,,,,,
12102077,,,,,,
12102052,,,,,,
12102070,,,,,,
12102062,,,,,,
12102061,,,,,,
12102048,,,,,,
12102068,,,,,,
12102049,,,,,,
12102053,,,,,,
12102055,,,,,,
12102060,,,,,,
12102057,,,,,,
12102064,,,,,,
12102072,,,,,,
12102054,,,,,,
12102076,,,,,,
12098630,,,,,,
12098634,,,,,,
12098636,,,,,,
12098640,,,,,,
12098643,,,,,,
12098631,,,,,,
12098628,,,,,,
12098641,,,,,,
12098632,,,,,,
12098635,,,,,,
12098642,,,,,,
12098633,,,,,,
12098638,,,,,,
12098629,,,,,,
12098639,,,,,,
12098637,,,,,,
12101879,2322,2441,,,,1708925642
12101880,2248,2596,,,,1708922928
12101889,2895,1849,,,,1708923749
12101891,1630,2145,,,,1708922259
12101886,3012,3251,1227,,,1708931640
12101878,1571,2214,,,,1708927916
12101892,2193,4830,1365,,,1708933456
12101887,2586,2241,,,,1708930320
12101888,2032,2601,,,,1708932931
12101881,2965,1714,,,,1708936450
12101883,2601,1876,,,,1708936483
12101885,1747,2112,,,,1708937261
12101882,,,,,,1708936950
12101890,,,,,,1708938877
12101884,,,,,,1708939003
12102422,2123,,,,,1708937698
12102418,2572,,,,,1708937982
12102416,1845,1652,,,,1708936862
12102419,1935,,,,,1708937257
12102421,,,,,,
12102413,,,,,,
12102417,,,,,,
12102412,,,,,,
12102415,,,,,,
12102414,,,,,,
12098241,,,,,,
12098235,,,,,,
12098233,,,,,,
12098236,,,,,,
12098234,,,,,,
12098239,,,,,,
12098237,,,,,,
12098238,,,,,,
12100844,,,,,,
12100837,,,,,,
12100846,,,,,,
12100842,,,,,,
12100841,,,,,,
12100835,,,,,,
12100840,,,,,,
12100839,,,,,,
12100838,,,,,,
12100847,,,,,,
12100836,,,,,,
12100833,,,,,,
12100848,,,,,,
12100834,,,,,,
12100845,,,,,,
12100843,,,,,,
12099558,4221,2036,3264,,,1708860345
12099556,2475,2274,,,,1708856531
12099555,1781,3021,,,,1708862009
12099559,3225,2994,,,,1708867638
12099553,3175,2526,,,,1708869760
12099552,3,2479,2392,,,1708876010
12099557,1603,3551,,,,1708876979
12099554,2433,2648,2330,,,1708884229
12102288,,,,,,
12102290,,,,,,
12102287,,,,,,
12102459,,,,,,
12099563,,,,,,
12099577,,,,,,
12099562,,,,,,
12099579,,,,,,
12099573,,,,,,
12099586,,,,,,
12099567,,,,,,
12099583,,,,,,
12099589,,,,,,
12099564,,,,,,
12099587,,,,,,
12099592,,,,,,
12099576,,,,,,
12099585,,,,,,
12099580,,,,,,
12101268,,,,,,
12099561,,,,,,
12099572,,,,,,
12099570,,,,,,
12099591,,,,,,
12099575,,,,,,
12099571,,,,,,
12099569,,,,,,
12099578,,,,,,
12099565,,,,,,
12099588,,,,,,
12099590,,,,,,
12099568,,,,,,
12099582,,,,,,
12099581,,,,,,
12099566,,,,,,
12099574,,,,,,
12099584,,,,,,
12102163,,,,,,
12102157,,,,,,
12102165,,,,,,
12102162,,,,,,
12102158,,,,,,
12102156,,,,,,
12102160,,,,,,
12102164,,,,,,
12102161,,,,,,
12102169,,,,,,
12102167,,,,,,
12102166,,,,,,
12102168,,,,,,
12102159,,,,,,
12102202,,,,,,
12102170,,,,,,
12099512,,,,,,
12099541,,,,,,
12099526,,,,,,
12099524,,,,,,
12099547,,,,,,
12099530,,,,,,
12099550,,,,,,
12099510,,,,,,
12099517,,,,,,
12099520,,,,,,
12102597,,,,,,
12102594,,,,,,
12102603,,,,,,
12102591,,,,,,
12102588,,,,,,
12102584,,,,,,
12102605,,,,,,
12102590,,,,,,
12102586,,,,,,
12102589,,,,,,
12102599,,,,,,
12102646,,,,,,
12102612,,,,,,
12102598,,,,,,
12102601,,,,,,
12102593,,,,,,
12098361,1642,1525,,,,1708828474
12098350,2076,2005,,,,1708829091
12098351,2999,2140,843,,,1708832405
12098362,,,,,,1708832184
12098360,1588,876,,,,1708835519
12098347,2007,2901,,,,1708836747
12101234,2731,3027,1090,,,1708919798
12101233,1871,1692,,,,1708915698
12101235,2108,1693,,,,1708915577
12101246,2899,2287,,,,1708916372
12101239,3433,3441,533,,,1708921030
12101232,3721,2090,,,,1708921984
12101237,4037,2616,,,,1708922354
12101231,2177,3816,,,,1708923757
12099098,,,,,,1708848612
12099095,1642,4080,,,,1708850020
12099099,1984,2157,,,,1708850357
12099091,1380,1890,,,,1708849794
12099097,1629,2388,,,,1708850029
12099092,822,1683,,,,1708855661
12099096,2393,3568,,,,1708856489
12099093,2377,1614,,,,1708856124
12099094,1237,1757,,,,1708855953
12101981,1476,1684,,,,1708936248
12101979,1936,2218,,,,1708936659
12101983,1232,1624,,,,1708936149
12101986,2680,2073,,,,1708937483
12101985,,,,,,1708940437
12101982,,,,,,1708940191
12101980,,,,,,1708940154
12101984,,,,,,1708940419
12099357,,,,,,
12099355,,,,,,
12099361,,,,,,
12099362,,,,,,
12099358,,,,,,
12099359,,,,,,
12099353,,,,,,
12099360,,,,,,
12099354,,,,,,
12099356,,,,,,
12102142,,,,,,
12102137,,,,,,
12102146,,,,,,
12102145,,,,,,
12102144,,,,,,
12102134,,,,,,
12102138,,,,,,
12102133,,,,,,
12102140,,,,,,
12102141,,,,,,
12102147,,,,,,
12102143,,,,,,
12102148,,,,,,
12102139,,,,,,
12102136,,,,,,
12102135,,,,,,
12097741,,,,,,
12097742,,,,,,
12097744,,,,,,
12097751,,,,,,
12097761,,,,,,
12097762,,,,,,
12097748,,,,,,
12097767,,,,,,
12097749,,,,,,
12097743,,,,,,
12097759,,,,,,
12097752,,,,,,
12097758,,,,,,
12097760,,,,,,
12097747,,,,,,
12097754,,,,,,
12100911,,,,,,
12100917,,,,,,
12100912,,,,,,
12100907,,,,,,
12100903,,,,,,
12100920,,,,,,
12100928,,,,,,
12100929,,,,,,
12100926,,,,,,
12100930,,,,,,
12100904,,,,,,
12100908,,,,,,
12100905,,,,,,
12100918,,,,,,
12100906,,,,,,
12100923,,,,,,
12102570,,,,,,
12102560,,,,,,
12102562,,,,,,
12102565,,,,,,
12102568,,,,,,
12102564,,,,,,
12102567,,,,,,
12102571,,,,,,
12102573,,,,,,
12102569,,,,,,
12102572,,,,,,
12102561,,,,,,
12100085,,,,,,
12100073,,,,,,
12100102,,,,,,
12100099,,,,,,
12100094,,,,,,
12100084,,,,,,
12100091,,,,,,
12100071,,,,,,
12100092,,,,,,
12100080,,,,,,
12100074,,,,,,
12100069,,,,,,
12100090,,,,,,
12100079,,,,,,
12100110,,,,,,
12067207,2533,2421,,,,1708896185
12067280,3005,2224,1417,,,1708911627
12067340,2079,2975,,,,1708865187
12067365,3060,2582,,,,1708873361
12097935,1498,1325,,,,1709018605
12097936,2291,2092,,,,1709011049
12097937,,,,,,
12097939,2858,2645,697,,,1709031072
12098330,,,,,,
12098331,1948,,,,,1709030414
12098333,2765,3125,3457,,,1708974995
12098334,2309,4506,2219,,,1708957570
12098335,,,,,,1709028727
12098336,2961,565,,,,1708964059
12098337,,,,,,
12098338,3513,3264,,,,1708945870
12098339,1371,1891,,,,1708943573
12098340,2556,1616,2340,,,1708965249
12098852,2437,1643,,,,1708879616
12099020,,,,,,
12099021,1579,2773,,,,1709031459
12099022,,,,,,
12099023,4005,,,,,1709031283
12099024,2777,4215,5177,,,1709020557
12099025,3500,2105,2161,,,1708943056
12099026,2036,1631,,,,1709010618
12099027,2573,3449,3563,,,1708958665
12099028,2385,2467,2418,,,1708949228
12099029,1610,1430,,,,1708934861
12099030,3505,1877,2091,,,1709014099
12099322,,,,,,
12099324,,,,,,
12099327,,,,,,
12099328,,,,,,
12099330,,,,,,
12099332,,,,,,
12099335,,,,,,
12099341,,,,,,
12099345,,,,,,
12099350,,,,,,
12099413,,,,,,
12099414,,,,,,
12099415,,,,,,
12099417,,,,,,
12099418,,,,,,
12099419,,,,,,
12099421,,,,,,
12099423,,,,,,
12099425,,,,,,
12099427,,,,,,
12099428,,,,,,
12099431,,,,,,
12099432,,,,,,
12099433,,,,,,
12099435,,,,,,
12099436,,,,,,
12099442,,,,,,
12099443,,,,,,
12099465,,,,,,1708874402
12099468,2475,2339,,,,1708870167
12099469,2786,1781,,,,1708867403
12099471,2421,1421,,,,1708865410
12099475,2380,2242,883,,,1708874485
12099492,2520,1734,,,,1708984214
12099494,1735,2422,1692,,,1709004571
12099504,3921,2475,,,,1708959717
12099510,,,,,,
12099512,,,,,,
12099514,,,,,,
12099516,,,,,,
12099517,,,,,,
12099520,,,,,,
12099524,,,,,,
12099525,,,,,,
12099526,,,,,,
12099530,,,,,,
12099540,,,,,,
12099541,,,,,,
12099547,,,,,,
12099548,,,,,,
12099549,,,,,,
12099550,,,,,,
12099551,,,,,,
12099552,3,2479,2392,,,1708876010
12099553,3175,2526,,,,1708869760
12099554,2433,2648,2330,,,1708884229
12099557,1603,3551,,,,1708876979
12099559,3225,2994,,,,1708867638
12099574,,,,,,
12099584,,,,,,
12099611,2971,3839,,,,1708978117
12099614,2021,2240,,,,1708974476
12099616,2137,4374,2566,,,1708971916
12099617,1684,2744,,,,1708969043
12099619,2124,1292,1592,,,1709029897
12099621,2604,1719,,,,1709029496
12099622,,,,,,
12099631,2435,2925,,,,1708879536
12099632,1918,2525,,,,1708873803
12099633,,,,,,1708866922
12099634,1934,3097,,,,1708868011
12099641,3031,2217,2989,,,1708888604
12099642,2588,3637,,,,1708879705
12099643,2001,2792,,,,1708873412
12099651,,,,,,
12099653,,,,,,
12099656,,,,,,
12099658,,,,,,
12099661,,,,,,
12099667,,,,,,
12099696,1471,2219,,,,1708864684
12099703,2336,2165,4111,,,1708866724
12099794,2828,4326,2740,,,1708884914
12099799,,,,,,
12099852,2636,2788,,,,1708876383
12099891,3168,2665,,,,1708876894
12099893,2152,3322,,,,1708879393
12099894,2608,2908,2901,,,1708882976
12099895,1974,2895,,,,1708890076
12099896,3841,,,,,1709030602
12099897,2188,4259,,,,1708953269
12099898,1781,2291,,,,1709023067
12099899,2078,5162,,,,1708965675
12099900,1499,2279,,,,1709029265
12099901,3525,1763,,,,1709024970
12099903,2216,2077,,,,1709025615
12099905,,,,,,
12099907,4396,2893,,,,1709025730
12099908,3000,3028,4360,,,1708956178
12099968,2836,2846,,,,1708883743
12100042,3673,2346,,,,1708888032
12100043,1616,2424,,,,1708871431
12100044,3542,2966,1913,,,1708881667
12100049,2879,3324,,,,1708869074
12100050,2865,2528,,,,1708882127
12100051,2407,2869,,,,1708875722
12100052,3234,3139,,,,1708872367
12100053,2989,1935,,,,1708879171
12100057,1806,1911,2474,,,1708881139
12100058,2546,967,,,,1708887257
12100059,2527,2816,3496,,,1708898665
12100068,,,,,,
12100069,,,,,,
12100070,,,,,,
12100071,,,,,,
12100072,,,,,,
12100073,,,,,,
12100074,,,,,,
12100075,,,,,,
12100076,,,,,,
12100077,,,,,,
12100078,,,,,,
12100079,,,,,,
12100080,,,,,,
12100081,,,,,,
12100082,,,,,,
12100084,,,,,,
12100085,,,,,,
12100086,,,,,,
12100087,,,,,,
12100088,,,,,,
12100089,,,,,,
12100090,,,,,,
12100091,,,,,,
12100092,,,,,,
12100093,,,,,,
12100094,,,,,,
12100095,,,,,,
12100096,,,,,,
12100097,,,,,,
12100098,,,,,,
12100099,,,,,,
12100100,,,,,,
12100101,,,,,,
12100102,,,,,,
12100103,,,,,,
12100104,,,,,,
12100105,,,,,,
12100106,,,,,,
12100107,,,,,,
12100108,,,,,,
12100109,,,,,,
12100110,,,,,,
12100111,,,,,,
12100112,,,,,,
12100113,,,,,,
12100114,2762,3289,,,,1708884221
12100133,1311,1719,,,,1708884854
12100223,,,,,,
12100224,,,,,,
12100226,2172,4304,,,,1708955448
12100227,2832,3020,3277,,,1709015646
12100228,,,,,,
12100229,1963,3431,4487,,,1708998053
12100230,1867,2332,,,,1708960656
12100233,3152,3071,,,,1708958792
12100235,,,,,,
12100237,,,,,,
12100238,4058,2906,3867,,,1709005816
12100239,3892,506,,,,1708957316
12100240,2844,1940,,,,1709006476
12100242,1935,3071,,,,1708994702
12100244,2676,7000,2260,,,1709002313
12100245,,,,,,
12100257,4138,1911,,,,1708971421
12100260,4473,2534,4319,,,1708992364
12100267,2534,1637,,,,1708890729
12100791,4284,2864,,,,1708898203
12100801,3217,3073,1275,,,1708912312
12100802,2552,4648,,,,1708889267
12100804,2317,2748,2464,,,1708910969
12100805,3208,2461,4096,,,1708911838
12100807,2871,2326,,,,1708905400
12100830,1970,2585,1683,,,1708919002
12100831,2799,2230,,,,1708904777
12100833,,,,,,
12100834,,,,,,
12100835,,,,,,
12100836,,,,,,
12100837,,,,,,
12100838,,,,,,
12100839,,,,,,
12100840,,,,,,
12100841,,,,,,
12100842,,,,,,
12100843,,,,,,
12100844,,,,,,
12100845,,,,,,
12100846,,,,,,
12100847,,,,,,
12100848,,,,,,
12100902,,,,,,
12100903,,,,,,
12100904,,,,,,
12100905,,,,,,
12100906,,,,,,
12100907,,,,,,
12100908,,,,,,
12100909,,,,,,
12100910,,,,,,
12100911,,,,,,
12100912,,,,,,
12100913,,,,,,
12100914,,,,,,
12100915,,,,,,
12100916,,,,,,
12100917,,,,,,
12100918,,,,,,
12100919,,,,,,
12100920,,,,,,
12100921,,,,,,
12100922,,,,,,
12100923,,,,,,
12100924,,,,,,
12100925,,,,,,
12100926,,,,,,
12100927,,,,,,
12100928,,,,,,
12100929,,,,,,
12100930,,,,,,
12100931,,,,,,
12100958,3772,2974,2776,,,1708929532
12100979,,,,,,
12100980,,,,,,
12101054,1692,3712,,,,1708924364
12101101,4126,2880,,,,1708981317
12101103,3018,3077,2663,,,1708973616
12101108,2779,2638,,,,1709001069
12101231,2177,3816,,,,1708923757
12101232,3721,2090,,,,1708921984
12101233,1871,1692,,,,1708915698
12101234,2731,3027,1090,,,1708919798
12101235,2108,1693,,,,1708915577
12101236,4078,3600,,,,1708930710
12101237,4037,2616,,,,1708922354
12101238,1944,3911,,,,1708927285
12101239,3433,3441,533,,,1708921030
12101240,1410,1559,,,,1708923941
12101241,2203,3912,,,,1708921493
12101242,1838,1622,,,,1708915235
12101243,1594,2011,,,,1708927525
12101244,5092,2211,950,,,1708932288
12101245,2182,3155,,,,1708920326
12101246,2899,2287,,,,1708916372
12101803,2491,2852,4409,,,1708927864
12101878,1571,2214,,,,1708927916
12101879,2322,2441,17600,,,1708925642
12101880,2248,2596,,,,1708922928
12101881,2965,1714,,,,1708936450
12101882,3160,2618,,,,1708940253
12101883,2601,1876,,,,1708936483
12101884,2122,5484,822,,,1708946609
12101885,1747,2112,,,,1708937261
12101886,3012,3251,1227,,,1708931640
12101887,2586,2241,,,,1708930320
12101888,2032,2601,,,,1708932931
12101889,2895,1849,,,,1708923749
12101890,2533,4643,,,,1708941583
12101891,1630,2145,,,,1708922259
12101892,2193,4830,1365,,,1708933456
12101928,2328,2800,,,,1708935444
12101940,15174,18166,,,,1708935556
12101941,14277,17641,3321,,,1708953197
12101942,2731,2558,2429,,,1708945753
12101979,1936,2218,,,,1708936659
12101980,2022,4115,1275,,,1708946478
12101981,1476,1684,,,,1708936248
12101982,2379,1798,,,,1708942820
12101983,1232,1624,,,,1708936149
12101984,2298,3799,,,,1708942717
12101985,2930,3900,2688,,,1708947910
12101986,2680,2073,,,,1708937483
12102021,,,,,,1708928830
12102031,2009,1615,3449,,,1708956559
12102032,,,,,,
12102033,,,,,,1709028468
12102035,,,,,,
12102044,3677,2485,3710,,,1708939849
12102047,,,,,,
12102048,,,,,,
12102049,,,,,,
12102050,,,,,,
12102051,,,,,,
12102052,,,,,,
12102053,,,,,,
12102054,,,,,,
12102055,,,,,,
12102056,,,,,,
12102057,,,,,,
12102058,,,,,,
12102059,,,,,,
12102060,,,,,,
12102061,,,,,,
12102062,,,,,,
12102063,,,,,,
12102064,,,,,,
12102065,,,,,,
12102066,,,,,,
12102067,,,,,,
12102068,,,,,,
12102069,,,,,,
12102070,,,,,,
12102071,,,,,,
12102072,,,,,,
12102073,,,,,,
12102074,,,,,,
12102075,,,,,,
12102076,,,,,,
12102077,,,,,,
12102078,,,,,,
12102133,,,,,,
12102134,,,,,,
12102135,,,,,,
12102136,,,,,,
12102137,,,,,,
12102138,,,,,,
12102139,,,,,,
12102140,,,,,,
12102141,,,,,,
12102142,,,,,,
12102143,,,,,,
12102144,,,,,,
12102145,,,,,,
12102146,,,,,,
12102147,,,,,,
12102148,,,,,,
12102156,,,,,,
12102157,,,,,,
12102158,,,,,,
12102159,,,,,,
12102160,,,,,,
12102161,,,,,,
12102162,,,,,,
12102163,,,,,,
12102164,,,,,,
12102165,,,,,,
12102166,,,,,,
12102167,,,,,,
12102168,,,,,,
12102169,,,,,,
12102170,,,,,,
12102191,,,,,,
12102192,,,,,,
12102193,,,,,,
12102194,,,,,,
12102195,,,,,,
12102196,,,,,,
12102197,,,,,,
12102198,,,,,,
12102199,,,,,,
12102201,12390,14342,,,,1708935555
12102202,,,,,,
12102203,11930,1856,,,,1708947011
12102205,3047,62026,,,,1708960428
12102208,2398,2133,3380,,,1708959595
12102263,,,,,,
12102264,,,,,,
12102265,,,,,,
12102266,,,,,,
12102267,,,,,,
12102268,,,,,,
12102269,,,,,,
12102270,,,,,,
12102271,,,,,,
12102272,,,,,,
12102273,,,,,,
12102274,,,,,,
12102275,,,,,,
12102276,,,,,,
12102277,,,,,,
12102278,,,,,,
12102287,2809,3946,,,,1708950143
12102288,1968,2414,,,,1708944726
12102289,,,,,,1708957225
12102290,3,271,,,,1708946040
12102291,2466,3641,3329,,,1708962674
12102297,2336,2218,,,,1708966504
12102298,2830,2626,,,,1708966576
12102299,4146,2993,955,,,1708954617
12102300,3462,2614,810,,,1708962274
12102301,4196,2799,920,,,1708962621
12102302,2785,2700,823,,,1708945639
12102303,2612,3091,971,,,1708945766
12102304,3109,2663,916,,,1708953468
12102332,2975,2060,,,,1708945329
12102333,2198,1773,,,,1708951042
12102334,2289,2544,,,,1708942536
12102335,,,,,,1708949603
12102336,2180,3211,3089,,,1708951202
12102337,1739,2981,,,,1708944159
12102412,1813,2180,789,,,1708945484
12102413,1996,2219,,,,1708942512
12102414,2092,1577,,,,1708949026
12102415,1613,1911,,,,1708949186
12102416,1845,1652,,,,1708936862
12102417,1811,2776,,,,1708942852
12102418,2572,2410,,,,1708937982
12102419,1935,2960,,,,1708937257
12102421,3385,3047,,,,1708943739
12102422,2123,2071,,,,1708937698
12102459,1876,2698,3390,,,1708952450
12102490,,,,,,
12102491,,,,,,
12102492,,,,,,
12102493,,,,,,
12102494,,,,,,
12102495,,,,,,
12102496,,,,,,
12102497,,,,,,
12102498,,,,,,
12102499,,,,,,
12102500,,,,,,
12102501,,,,,,
12102502,,,,,,
12102504,,,,,,
12102505,,,,,,
12102506,,,,,,
12102507,,,,,,
12102508,,,,,,
12102509,,,,,,
12102510,,,,,,
12102513,3504,1843,,,,1708963397
12102514,2313,2757,,,,1708961804
12102515,2197,4788,892,,,1708957904
12102516,1978,1662,,,,1708957143
12102517,2238,3724,,,,1708958881
12102518,,,,,,
12102519,1303,2099,,,,1708960923
12102520,2195,1903,,,,1708955699
12102528,,,,,,
12102559,1968,3542,,,,1708968839
12102560,,,,,,
12102561,2490,2231,3102,,,1708959234
12102562,,,,,,
12102563,2332,1221,,,,1708964677
12102564,,,,,,
12102565,,,,,,
12102566,2310,2884,,,,1708965518
12102567,,,,,,
12102568,,,,,,
12102569,1887,2274,3266,,,1708958120
12102570,,,,,,
12102571,2303,2025,,,,1708956338
12102572,2847,2275,,,,1708962004
12102573,,,,,,
12102574,,,,,,
12102584,,,,,,
12102585,,,,,,
12102586,,,,,,
12102587,,,,,,
12102588,,,,,,
12102589,,,,,,
12102590,,,,,,
12102591,,,,,,
12102592,,,,,,
12102593,,,,,,
12102594,,,,,,
12102595,,,,,,
12102596,,,,,,
12102597,,,,,,
12102598,,,,,,
12102599,,,,,,
12102600,,,,,,
12102601,,,,,,
12102602,,,,,,
12102603,,,,,,
12102604,,,,,,
12102605,,,,,,
12102606,,,,,,
12102607,,,,,,
12102608,,,,,,
12102609,,,,,,
12102610,,,,,,
12102611,,,,,,
12102612,,,,,,
12102613,,,,,,
12102614,,,,,,
12102623,,,,,,
12102642,2141,3423,2791,,,1708969955
12102646,,,,,,
12102674,3152,4318,2994,,,1709005574
12102676,1762,3772,,,,1708976765
12102726,3773,2688,,,,1708945950
12102727,2675,1406,2445,,,1708952431
12102728,1970,2050,,,,1708950281
12102796,3210,3097,2557,,,1708961382
12102823,1954,3455,,,,1708978180
12103426,,,,,,
12103427,,,,,,
12103428,,,,,,
12103429,,,,,,
12103430,,,,,,
12103431,,,,,,
12103432,,,,,,
12103433,,,,,,
12103434,,,,,,
12103435,,,,,,
12103436,,,,,,
12103437,,,,,,
12103438,,,,,,
12103439,,,,,,
12103440,,,,,,
12103441,,,,,,
12103442,,,,,,
12103443,,,,,,
12103444,,,,,,
12103445,,,,,,
12103446,,,,,,
12103447,,,,,,
12103448,,,,,,
12103449,,,,,,
12103450,,,,,,
12103451,,,,,,
12103452,,,,,,
12103453,,,,,,
12103454,,,,,,
12103455,,,,,,
12103456,,,,,,
12103457,,,,,,
12103459,,,,,,
12103460,,,,,,
12103461,,,,,,
12103462,,,,,,
12103463,,,,,,
12103464,,,,,,
12103465,,,,,,
12103466,,,,,,
12103467,,,,,,
12103468,,,,,,
12103469,,,,,,
12103470,,,,,,
12103471,,,,,,
12103472,,,,,,
12103473,,,,,,
12103474,,,,,,
12103504,,,,,,
12103505,2071,2801,,,,1708996351
12103506,10042,1387,,,,1708996071
12103507,2446,3570,2059,,,1709013378
12103509,2947,3195,1614,,,1709004506
12103754,2917,2553,3221,,,1709008665
12103755,2341,2262,2373,,,1709015468
12103948,1572,1570,,,,1708991223
12103949,2356,3621,,,,1708997380
12103950,3278,3527,,,,1708999785
12103951,2373,1967,,,,1708996121
12103952,3790,3389,1016,,,1709005094
12103953,2685,3855,,,,1708991717
12103955,3163,2147,,,,1709016641
12103956,1703,1530,,,,1708997405
12103959,1910,3834,,,,1709001234
12103961,3448,3917,,,,1709005348
12103967,2786,2253,3427,,,1709009330
12103970,3475,3169,,,,1709009613
12103971,2060,3482,3028,,,1709005646
12103977,3554,4280,643,,,1709002249
12103978,1914,2331,665,,,1708997630
12103979,3014,2949,,,,1709009880
12103980,3837,3342,,,,1708998272
12103981,1493,2060,,,,1708990407
12103983,1644,3880,,,,1709000942
12103984,3070,2382,,,,1708992233
12103985,3805,3120,625,,,1708996426
12103989,1245,2620,,,,1708990175
12103990,2073,2299,,,,1708991086
12103992,3283,1685,,,,1709005760
12103995,2224,3251,,,,1709005975
12103996,2684,2700,,,,1708991594
12104096,2887,5621,1022,,,1709006579
12104097,2432,2150,,,,1709004789
12104098,2228,2302,,,,1709000331
12104099,2408,2361,838,,,1709008340
12104100,1865,3008,,,,1708999916
12104101,2061,1680,,,,1708999865
12104102,1801,3397,,,,1709010260
12104103,2671,3783,879,,,1709004847
12104104,3163,2819,1247,,,1709010233
12104108,2298,3120,,,,1709009094
12104177,2687,527,,,,1709009738
12104178,1981,2030,2791,,,1709003739
12104179,2316,1525,,,,1709002408
12104181,3144,3022,,,,1709015818
12104182,2010,2789,791,,,1709022619
12104183,1201,1766,,,,1709007243
12104185,2144,1965,,,,1709007122
12104186,2126,3418,667,,,1709024973
12104187,2946,1693,,,,1709021224
12104188,3799,2558,,,,1709003480
12104190,2255,2197,3891,,,1709018792
12104191,3194,2043,,,,1709015258
12104192,2590,2325,,,,1709005494
12104193,,,,,,1708999643
12104195,2086,2405,,,,1709002277
12104196,1702,3452,,,,1709009006
12104199,2703,2762,2302,,,1709011009
12104200,3295,2166,708,,,1709018233
12104201,2421,2740,,,,1709002391
12104579,2253,2688,,,,1709009246
12104580,1473,2578,822,,,1709011276
12104581,3361,2500,1119,,,1709012928
12104582,3960,2397,,,,1709015369
12104583,1902,1374,,,,1709022659
12104584,1335,2240,,,,1709008358
12104586,3337,3293,,,,1709016570
12104587,2686,2063,2904,,,1709023729
12104588,2177,2066,,,,1709021936
12104590,2600,2248,,,,1709025504
12104611,3313,2691,,,,1709016125
12104612,2366,4023,655,,,1709021164
12104724,,,,,,1709031988
12104725,2938,2875,,,,1709029552
12104726,,,,,,1709033844
12104727,3834,,,,,1709032424
12104728,2794,2450,,,,1709030589
12104729,,,,,,1709033617
12104730,,,,,,
12104731,4370,2139,,,,1709025668
12104732,,,,,,
12104733,3449,1882,2263,,,1709026424
12104734,3509,2091,,,,1709024705
12104735,,,,,,1709033716
12104736,1364,1585,,,,1709028940
12104737,4171,3275,3928,,,1709028877
12104738,1335,1224,,,,1709022786
12104739,,,,,,1709033498
12104797,,,,,,
12104798,2748,2955,904,,,1708961179
12104799,2822,2741,1180,,,1708960518
12104800,,,,,,1708963357
12104801,2233,2418,,,,1708958148
12104802,4053,,,,,1708961042
12104803,2426,2207,,,,1709023832
12104804,2637,2984,,,,1709024192
12104805,2641,1725,,,,1709030119
12104806,2665,1909,1230,,,1709032121
12104807,1664,3352,,,,1709023051
12104808,1832,1969,,,,1709023283
12104809,2734,3882,,,,1709029308
12104810,2864,2224,,,,1709030881
12104842,1842,3324,959,,,1708968061
12104843,2230,2305,,,,1708965267
12104848,1427,3827,567,,,1708969128
12104849,1954,2951,,,,1708967313
12104908,2958,2424,,,,1709023896
12104909,,,,,,
12104911,3208,3428,3692,,,1709020817
12104912,,,,,,
12104913,,,,,,
12104942,,,,,,
12104943,,,,,,
12104946,,,,,,
12104947,4724,3522,,,,1709030799
12104948,,,,,,
12104949,,,,,,
12104952,,,,,,
12104953,,,,,,
12104955,,,,,,
12104963,,,,,,
12104964,,,,,,
12104965,2368,,,,,1709030945
12104966,,,,,,1709028551
12104967,,,,,,1709028824
12104980,2453,1883,859,,,1709024041
12104981,2361,2545,,,,1709027982
12104982,1662,2850,,,,1709021152
12104983,2492,2165,,,,1709022352
12104985,1828,3652,,,,1709030093
12104986,4412,2405,787,,,1709026533
12104995,1974,2793,,,,1708966947
12105003,2923,3374,,,,1709028827
12105004,3931,2558,651,,,1709037738
12105039,2397,2013,,,,1709024062
12105040,2785,2430,,,,1709024185
12105041,3072,3381,,,,1709029242
12105042,1920,2569,,,,1709027266
12105043,2190,3070,,,,1709029671
12105044,2124,839,,,,1709023647
12105045,1854,2108,,,,1709023464
12105050,2591,3290,,,,1709029809
12105058,,,,,,
12105064,1647,1562,,,,1708969084
12105065,,,,,,
12105066,,,,,,
12105067,,,,,,
12105068,1615,,,,,1709032926
12105073,,,,,,
12105074,2324,,,,,1709032385
12105075,,,,,,
12105077,,,,,,
12105079,,,,,,
12105171,1743,1328,,,,1709033145
12105172,3282,2432,,,,1709026628
12105173,2108,2541,965,,,1709033921
12105179,2105,3440,,,,1709025373
12105180,1838,,,,,1709032942
12105183,3096,,,,,1709032795
12105186,1681,1518,,,,1709033092
12105187,1672,2100,,,,1709024795
12105190,3816,1386,,,,1709027113
12105191,,,,,,
12105192,4278,2689,,,,1709027953
12105193,,,,,,
12105194,2715,3305,943,,,1709029482
12105196,1661,3217,1028,,,1709028510
12105198,1634,3913,1255,,,1709028961
12105199,2686,3412,1063,,,1709036397
12105200,1297,1495,,,,1709031671
12105201,2177,,,,,1709030260
12105204,,,,,,
12105205,3284,2574,,,,1709028314
12105206,,,,,,
12105207,,,,,,
12105217,,,,,,
12105218,,,,,,
12105219,1777,1911,,,,1709031777
12105220,,,,,,1709040357
12105221,2002,2151,,,,1709026934
12105222,3609,4310,1987,,,1709032940
12105223,4936,3030,,,,1709036522
12105224,1500,,,,,1709037174
12105253,2647,1897,,,,1709038175
12105268,3233,,,,,1709031906
12105270,,,,,,
12105271,,,,,,
12105272,,,,,,
12105276,3722,,,,,1709032324
12105277,,,,,,
12105278,4457,,,,,1709033028
12105279,,,,,,
12105386,,,,,,
12105387,1976,2384,2466,,,1709027401
12105388,2806,,,,,1709031712
12105389,,,,,,
12105390,,,,,,
12105394,2547,2372,,,,1709025840
12105395,1879,,,,,1709030466
12105399,,,,,,1709030516
12105402,,,,,,
12105405,,,,,,
12105407,,,,,,
12105462,,,,,,
12105463,,,,,,
12105464,,,,,,
12105465,3001,2053,,,,1709031590
12105468,3295,1879,,,,1709028151
12105469,,,,,,
12105613,,,,,,
12105614,,,,,,
12105615,,,,,,
12105853,,,,,,
12105854,,,,,,
12106045,,,,,,1709035756
12106046,,,,,,1709035877
12106047,,,,,,1709036236
12106048,,,,,,1709035728
12106049,,,,,,
12106050,,,,,,
12106051,,,,,,
12106052,,,,,,
12106053,,,,,,1709036121
12106059,,,,,,1709035607
12106070,,,,,,1709036027
12106072,,,,,,1709036062
12106077,,,,,,
12106105,,,,,,
12106158,,,,,,
12106159,,,,,,
12106160,,,,,,
12106347,,,,,,
12106348,,,,,,
12107071,,,,,,
12107255,,,,,,
12107256,,,,,,
12107257,,,,,,
12107258,,,,,,
12107259,,,,,,
12107350,,,,,,
12107351,,,,,,1709030130
12107352,,,,,,
12107353,,,,,,
12107354,,,,,,
12107355,,,,,,
12107365,,,,,,
12107366,,,,,,
12107367,,,,,,
12107560,,,,,,
12100242,1935,3071,,,,1708994702
12100229,1963,3431,4487,,,1708998053
12100244,2676,7000,2260,,,1709002313
12100223,,,,,,
12100238,4058,2906,3867,,,1709005816
12103754,2917,2553,3221,,,1709008665
12100240,2844,1940,,,,1709006476
12100227,2832,3020,3277,,,1709015646
12103755,2341,2262,2373,,,1709015468
12103757,2634,4162,1348,,,1709086018
12100236,2431,2394,,,,1709081414
12100225,2490,2946,1754,,,1709084451
12103760,2826,2476,,,,1709088193
12100234,2192,3482,2363,,,1709092907
12103759,3518,3525,2467,,,1709095610
12100246,2506,2770,3229,,,1709097381
12100231,1889,1798,,,,1709098224
12098334,2309,4506,2219,,,1708957570
12102031,2009,1615,3449,,,1708956559
12098340,2556,1616,2340,,,1708965249
12098336,2961,565,,,,1708964059
12098333,2765,3125,3457,,,1708974995
12102033,2872,2270,3150,,,1709033877
12098331,1948,2622,1269,,,1709033232
12098335,2381,2636,2493,,,1709034201
12102035,2800,4240,,,,1709038484
12098337,,,,,,
12105058,2293,2527,,,,1709040465
12102032,1898,2683,,,,1709039735
12098330,2769,2875,4567,,,1709049642
12098326,2504,2628,,,,1709049332
12098328,2554,3125,2334,,,1709059317
12087887,,,,,,
12087896,,,,,,
12087897,,,,,,
12087894,,,,,,
12087899,,,,,,
12100257,4138,1911,,,,1708971421
12102676,1762,3772,,,,1708976765
12100260,4473,2534,4319,,,1708992364
12102674,3152,4318,2994,,,1709005574
12102677,2855,2593,4147,,,1709059653
12100261,,,,,,
12100255,3182,1726,,,,1709057060
12100251,,,,,,
12102675,2991,3172,,,,1709056682
12100253,2421,3167,,,,1709062400
12100263,3647,4068,,,,1709069687
12105227,2705,2453,1892,,,1709071917
12100262,4223,3071,,,,1709079656
12105229,3798,3840,3720,,,1709092388
12099492,2520,1734,,,,1708984214
12103506,10042,1387,,,,1708996071
12103505,2071,2801,,,,1708996351
12103509,2947,3195,1614,,,1709004506
12099494,1735,2422,1692,,,1709004571
12103507,2446,3570,2059,,,1709013378
12099490,2805,3082,1796,,,1709074126
12103508,2327,2073,,,,1709074143
12099491,5084,2103,,,,1709081974
12100832,2824,2744,1882,,,1709082607
12099489,2789,2418,,,,1709088352
12099493,1995,3169,2051,,,1709097125
12101103,3018,3077,2663,,,1708973616
12102823,1954,3455,,,,1708978180
12101101,4126,2880,,,,1708981317
12101108,2779,2638,,,,1709001069
12101102,1916,2603,,,,1709053853
12101107,3239,4186,4320,,,1709059327
12101105,3235,2301,3345,,,1709059236
12101109,2489,3197,3983,,,1709062885
12103384,2710,2627,,,,1709066281
12101104,3432,3323,,,,1709067886
12103367,2142,1886,,,,1709069889
12101106,2881,5215,,,,1709072767
12103386,2238,2258,,,,1709074305
12101096,2068,1910,,,,1709074615
12101100,1660,3753,3818,,,1709084866
12103363,3217,2578,,,,1709092884
12099908,3000,3028,4360,,,1708956178
12099897,2188,4259,,,,1708953269
12099907,4396,2893,,,,1709025730
12099898,1781,2291,,,,1709023067
12099901,3525,1763,,,,1709024970
12099903,2216,2077,,,,1709025615
12099896,3841,5604,,,,1709030602
12099900,1499,2279,,,,1709029265
12099899,2078,5162,66700,,,1708965675
12107351,2285,3283,,,,1709032415
12107352,1660,3525,,,,1709034005
12099905,2076,2240,,,,1709035472
12107353,1645,3317,2690,,,1709041786
12107355,2709,2846,,,,1709039937
12107350,3048,3486,2944,,,1709045577
12107354,2084,1824,,,,1709045639
12088093,,,,,,
12088098,,,,,,
12088088,,,,,,
12088097,,,,,,
12088089,,,,,,
12088096,,,,,,
12088099,,,,,,
12088087,,,,,,
12099616,2137,4374,2566,,,1708971916
12099617,1684,2744,,,,1708969043
12099614,2021,2240,,,,1708974476
12099611,2971,3839,,,,1708978117
12099622,,,,,,
12099619,2124,1292,1592,,,1709029897
12099621,2604,1719,,,,1709029496
12105204,2493,3511,1744,,,1709038212
12105217,3484,2104,,,,1709042086
12105207,2620,2709,3018,,,1709046051
12105218,2480,2687,,,,1709047721
12105206,4596,2923,,,,1709054445
12099618,3091,3206,4114,,,1709062292
12099610,2919,2577,,,,1709070195
12088024,,,,,,
12088028,,,,,,
12088023,,,,,,
12088029,,,,,,
12099609,,,,,,
12099027,2573,3449,3563,,,1708958665
12099030,3505,1877,2091,,,1709014099
12099026,2036,1631,,,,1709010618
12099024,2777,4215,5177,,,1709020557
12104911,3208,3428,3692,,,1709020817
12104908,2958,2424,,,,1709023896
12099021,1579,2773,2334,,,1709031459
12099023,4005,3832,2128,,,1709035115
12104913,3660,3107,2606,,,1709040354
12099022,1596,1987,,,,1709036155
12104909,2296,2384,,,,1709040448
12104912,2532,3386,,,,1709041881
12099020,2921,1834,,,,1709047598
12088047,3471,2041,,,,1709102328
12088042,2029,3636,,,,1709100882
12088045,,,,,,1709104576
12088043,,,,,,
12100226,2172,4304,,,,1708955448
12100239,3892,506,,,,1708957316
12100233,3152,3071,,,,1708958792
12100230,1867,2332,,,,1708960656
12104967,3970,2576,,,,1709032794
12104966,4011,2855,3987,,,1709035417
12104965,2368,2236,2448,,,1709033281
12100235,3160,1903,,,,1709039460
12104963,2247,484,,,,1709038697
12100228,1495,2488,,,,1709041576
12100245,1383,2019,,,,1709042081
12104964,1957,2796,,,,1709044622
12100243,2308,3512,2695,,,1709051409
12100237,2416,1708,,,,1709047335
12104960,1161,1815,1715,,,1709051112
12104962,4536,2194,,,,1709054856
12088075,,,,,,
12088070,,,,,,
12088065,,,,,,
12088074,,,,,,
12097937,,,,,,
12097936,2291,2092,,,,1709011049
12097935,1498,1325,,,,1709018605
12097939,2858,2645,697,,,1709031072
12097940,,,,,,
12110081,,,,,,1709105386
12106837,,,,,,
12097938,,,,,,
12097941,,,,,,
12097934,,,,,,
12101941,14277,17641,3321,,,1708953197
12102208,2398,2133,3380,,,1708959595
12102205,3047,62026,,,,1708960428
12102333,2198,1773,,,,1708951042
12102520,2195,1903,,,,1708955699
12102796,3210,3097,2557,,,1708961382
12102335,,,,,,1708949603
12106323,2894,,,,,1709105338
12106274,2051,2791,,,,1709104426
12106270,2646,2451,,,,1709107982
12108731,,,,,,
12106286,,,,,,
12106272,,,,,,1709108117
12106324,,,,,,
12106273,,,,,,
12108727,,,,,,
12108733,,,,,,
12106275,,,,,,
12106269,,,,,,
12108722,,,,,,
12108730,,,,,,
12106276,,,,,,
12108728,,,,,,
12105278,4457,2496,,,,1709033028
12105276,3722,2355,,,,1709032324
12105268,3233,1967,3037,,,1709033873
12105271,2040,2274,2452,,,1709039823
12105272,2713,2275,,,,1709039031
12105277,2081,1156,,,,1709039681
12105270,2812,4495,,,,1709044557
12105279,1471,2044,,,,1709044476
12106741,,,,,,
12106749,,,,,,
12106751,,,,,,
12108695,,,,,,
12106750,,,,,,
12106748,,,,,,
12106747,,,,,,
12106745,,,,,,
12106742,,,,,,
12104947,4724,3522,3034,,,1709030799
12108534,3196,,,,,1709105783
12106307,4214,,,,,1709106721
12108547,2626,1965,,,,1709105318
12108544,3015,,,,,1709105619
12108535,3287,2782,,,,1709105674
12108545,,,,,,
12108543,,,,,,1709108453
12106297,,,,,,
12106289,,,,,,
12106330,,,,,,
12108546,,,,,,
12106295,,,,,,
12106293,,,,,,
12106298,,,,,,
12106296,,,,,,
12105387,1976,2384,2466,,,1709027401
12105394,2547,2372,,,,1709025840
12105395,1879,3567,,,,1709030466
12105388,2806,1936,,,,1709031712
12105399,3158,2479,2136,,,1709036255
12105407,2320,2897,3851,,,1709039970
12105389,2272,1769,,,,1709037278
12105386,2120,2816,,,,1709041272
12105390,2546,2888,2234,,,1709045654
12105402,3119,2210,2312,,,1709049903
12105405,2002,4163,,,,1709047004
12105398,2599,2680,,,,1709051157
12105403,2383,2028,,,,1709054323
12105397,2128,3004,3241,,,1709058438
12105391,2233,2933,2078,,,1709066353
12105396,2730,2382,,,,1709065115
12108301,,,,,,
12107768,,,,,,
12108805,,,,,,
12108875,,,,,,
12108776,,,,,,
12109048,,,,,,
12105179,2105,3440,,,,1709025373
12105187,1672,2100,,,,1709024795
12105201,2177,3973,,,,1709030260
12105183,3096,2639,,,,1709032795
12105191,2016,1681,,,,1709037779
12106253,,,,,,
12106252,,,,,,
12106251,,,,,,
12106245,,,,,,
12106262,,,,,,
12106259,,,,,,
12106242,,,,,,
12106264,,,,,,
12106261,,,,,,
12106267,,,,,,
12106260,,,,,,
12104179,2316,1525,,,,1709002408
12104195,2086,2405,,,,1709002277
12104201,2421,2740,,,,1709002391
12104192,2590,2325,,,,1709005494
12104185,2144,1965,,,,1709007122
12104196,1702,3452,,,,1709009006
12104181,3144,3022,,,,1709015818
12104190,2255,2197,3891,,,1709018792
12106300,2435,3085,,,,1709088632
12106301,2930,2944,,,,1709089302
12106303,3346,2028,2150,,,1709092637
12106309,,,,,,
12106306,2138,3397,,,,1709093701
12106304,2949,3301,,,,1709095233
12106302,3991,2547,,,,1709099784
12107260,2173,2757,,,,1709105249
12106277,3934,,,,,1709109231
12107750,,,,,,1709107699
12107747,,,,,,1709107778
12107757,,,,,,1709107955
12107743,,,,,,1709107712
12107755,,,,,,
12107744,,,,,,
12107756,,,,,,
12107745,,,,,,
12107749,,,,,,
12107753,,,,,,
12107754,,,,,,
12107752,,,,,,
12107742,,,,,,
12107746,,,,,,
12107748,,,,,,
12107758,,,,,,
12103959,1910,3834,,,,1709001234
12103983,1644,3880,,,,1709000942
12103971,2060,3482,3028,,,1709005646
12103992,3283,1685,,,,1709005760
12103995,2224,3251,,,,1709005975
12103967,2786,2253,3427,,,1709009330
12106796,2461,2184,,,,1709077885
12106800,1980,2156,,,,1709077440
12103958,2478,2286,,,,1709078001
12106797,4132,3413,2644,,,1709083787
12103991,1498,2046,,,,1709081386
12106798,2096,2199,,,,1709082481
12106795,1899,2682,3909,,,1709085643
12103973,3172,2413,,,,1709084303
12106794,1746,1736,,,,1709084720
12106799,2047,1909,,,,1709086179
12106068,9149,3193,,,,1709066268
12106058,2737,2068,,,,1709064033
12106081,2784,4401,2221,,,1709070223
12106071,3975,3750,3372,,,1709073036
12106057,3332,3008,,,,1709078563
12106353,,,,,,
12109043,,,,,,
12109042,,,,,,
12109036,,,,,,
12109038,,,,,,
12099504,3921,2475,,,,1708959717
12105074,2324,2070,1745,,,1709034593
12105068,1615,2130,,,,1709032926
12105077,2351,1951,,,,1709042684
12105067,3222,1713,,,,1709040427
12106759,,,,,,
12108426,,,,,,
12108431,,,,,,
12108434,,,,,,
12108421,,,,,,
12108424,,,,,,
12108420,,,,,,
12106761,,,,,,
12106766,,,,,,
12106768,,,,,,
12108425,,,,,,
12106764,,,,,,
12106729,4176,2717,,,,1709106385
12108721,1991,1835,,,,1709104324
12106725,3038,3610,,,,1709109155
12106726,3164,3816,,,,1709105379
12106728,2678,4606,,,,1709109726
12108723,,,,,,1709110130
12108725,,,,,,1709110029
12106730,2992,,,,,1709110019
12108724,,,,,,
12106724,,,,,,
12108726,,,,,,
12108729,,,,,,
12108732,,,,,,
12106732,,,,,,
12106727,,,,,,
12106731,,,,,,
12104587,2686,2063,2904,,,1709023729
12104588,2177,2066,,,,1709021936
12104583,1902,1374,,,,1709022659
12104590,2600,2248,,,,1709025504
12107548,2213,2492,,,,1709095577
12106334,2018,1657,,,,1709095316
12107547,3365,2988,,,,1709096961
12107546,1733,2206,,,,1709094955
12106333,1961,3667,,,,1709100211
12107545,2111,1668,,,,1709099998
12107544,3275,,,,,1709102374
12107550,1989,2451,,,,1709102599
12107549,2625,2460,1828,,,1709107919
12106331,3344,,,,,1709108166
12106332,3867,,,,,1709109742
12107543,3122,,,,,1709109595
12104811,2157,2752,,,,1709050452
12104812,2188,2513,,,,1709050717
12106760,,,,,,1709107620
12106762,2227,,,,,1709110202
12106763,,,,,,1709107693
12106758,,,,,,1709107777
12107730,2283,,,,,1709109828
12107726,,,,,,
12107725,,,,,,
12106765,,,,,,
12107729,,,,,,
12107724,,,,,,
12107727,,,,,,
12106769,,,,,,
12104108,2298,3120,,,,1709009094
12104102,1801,3397,,,,1709010260
12106311,2396,3281,3815,,,1709090172
12106314,5657,1818,,,,1709091271
12106834,3524,3358,,,,1709088014
12106319,4236,917,,,,1709088964
12106830,1651,2810,,,,1709086377
12106322,2282,3610,1926,,,1709097071
12106320,,,,,,
12106835,3149,3688,,,,1709094324
12109820,1999,1981,,,,1709094230
12106833,2455,1949,,,,1709096804
12106831,4557,3290,3236,,,1709102577
12106318,2773,4150,3656,,,1709106160
12106836,2127,3152,,,,1709102286
12106317,1954,3168,,,,1709101823
12106832,1523,2061,,,,1709102110
12105468,3295,1879,,,,1709028151
12105465,3001,2053,,,,1709031590
12105462,3387,1685,,,,1709037989
12105469,1861,2307,,,,1709041138
12105463,2026,3083,2141,,,1709045726
12105464,3798,2071,2064,,,1709050169
12105466,2341,5762,,,,1709055390
12105467,2421,2236,,,,1709064311
12109019,,,,,,
12108777,,,,,,
12106282,,,,,,
12106279,,,,,,
12106292,,,,,,
12106284,,,,,,
12105246,2364,2817,3397,,,1709049717
12105245,3364,3337,,,,1709049732
12105249,2924,3195,2778,,,1709057593
12105244,2386,2938,,,,1709056368
12108978,,,,,,
12106339,,,,,,
12108983,,,,,,
12108982,,,,,,
12108984,,,,,,
12106338,,,,,,
12108980,,,,,,
12108979,,,,,,
12108981,,,,,,
12106341,,,,,,
12106342,,,,,,
12106340,,,,,,
12105198,1634,3913,1255,,,1709028961
12105192,4278,2689,,,,1709027953
12105200,1297,1495,,,,1709031671
12105180,1838,2739,,,,1709032942
12105193,2223,2727,,,,1709038751
12108496,,,,,,1709111415
12108497,,,,,,
12106294,,,,,,1709111350
12108491,,,,,,1709111235
12108495,,,,,,1709111207
12108499,,,,,,
12106283,,,,,,1709111476
12106285,,,,,,
12108493,,,,,,
12108492,,,,,,
12108494,,,,,,
12104193,,,,,,1708999643
12104178,1981,2030,2791,,,1709003739
12104188,3799,2558,,,,1709003480
12104199,2703,2762,2302,,,1709011009
12104183,1201,1766,,,,1709007243
12104177,2687,527,,,,1709009738
12104191,3194,2043,,,,1709015258
12106369,2295,1704,,,,1709088675
12106366,4428,3848,2963,,,1709095088
12106367,1869,694,,,,1709088021
12106370,2703,2877,,,,1709092863
12106368,1888,1981,2903,,,1709097223
12106371,2291,3033,2639,,,1709102724
12106373,3050,2024,2702,,,1709103349
12106374,3447,2226,,,,1709102281
12106372,3577,2281,2488,,,1709105334
12104737,4171,3275,3928,,,1709028877
12104730,,,,,,
12107071,,,,,,
12104738,1335,1224,,,,1709022786
12104733,3449,1882,2263,,,1709026424
12104731,4370,2139,,,,1709025668
12104734,3509,2091,,,,1709024705
12104725,2938,2875,,,,1709029552
12104736,1364,1585,,,,1709028940
12104728,2794,2450,,,,1709030589
12104727,3834,2705,,,,1709032424
12104724,3694,3465,2654,,,1709039338
12104729,1656,2716,,,,1709035273
12104735,2017,2565,,,,1709036008
12104739,2616,2291,,,,1709036790
12104726,2360,2961,,,,1709036204
12104732,2389,1888,,,,1709038355
12107838,2321,,,,,1709110093
12107959,,,,,,1709107630
12107527,3004,,,,,1709111353
12107943,,,,,,
12107717,,,,,,
12107981,,,,,,
12108144,,,,,,
12107982,,,,,,
12108468,1373,3080,,,,1709107349
12108462,1916,1848,,,,1709107974
12108467,1819,1998,,,,1709108030
12108455,4640,,,,,1709111065
12108464,,,,,,1709110810
12108469,,,,,,1709110996
12108461,,,,,,1709110883
12108454,,,,,,
12108458,,,,,,
12108457,,,,,,
12108473,,,,,,
12108456,,,,,,
12108459,,,,,,
12108465,,,,,,
12108466,,,,,,
12108463,,,,,,
12106032,2251,1735,,,,1709063578
12106033,1859,4141,,,,1709066134
12106030,4785,3370,,,,1709071529
12103961,3448,3917,,,,1709005348
12103970,3475,3169,,,,1709009613
12103979,3014,2949,,,,1709009880
12103955,3163,2147,,,,1709016641
12103993,2099,1792,,,,1709077370
12106362,3408,2523,3075,,,1709081717
12106359,3214,4286,,,,1709078733
12106363,1461,1790,,,,1709080412
12103974,2011,2918,1598,,,1709089515
12106364,2467,2568,2869,,,1709091046
12103957,2395,3356,,,,1709088530
12106361,2728,2706,,,,1709089977
12106360,2864,3485,,,,1709090410
12103988,3284,1639,,,,1709090632
12106358,3013,2481,,,,1709092993
12103954,2330,3373,3676,,,1709096648
12105208,1623,2987,2070,,,1709047571
12105210,2659,3110,,,,1709045548
12105209,2682,2021,,,,1709049098
12105213,1898,2568,3464,,,1709055551
12108422,,,,,,1709111103
12108429,,,,,,1709111295
12108432,,,,,,1709111440
12108433,,,,,,
12108436,,,,,,
12106786,,,,,,
12106785,,,,,,
12106787,,,,,,
12108423,,,,,,
12106789,,,,,,
12108430,,,,,,
12108427,,,,,,
12106066,4787,2906,,,,1709062345
12106065,4671,3600,3353,,,1709060535
12106063,3438,2801,,,,1709057133
12106054,3096,4436,4489,,,1709055609
12106056,2361,3890,3128,,,1709057697
12106062,1567,1780,,,,1709062879
12106073,3857,4434,,,,1709069969
12109027,,,,,,
12109032,,,,,,
12109029,,,,,,
12109028,,,,,,
12109030,,,,,,
12109031,,,,,,
12109037,,,,,,
12109034,,,,,,
12109033,,,,,,
12104200,3295,2166,708,,,1709018233
12104182,2010,2789,791,,,1709022619
12104187,2946,1693,,,,1709021224
12104186,2126,3418,667,,,1709024973
12107406,,,,,,
12106315,1211,1459,584,,,1709109132
12106313,1918,2285,,,,1709109220
12106310,2247,1222,,,,1709109406
12106312,2747,,,,,1709111495
12102047,,,,,,
12102059,,,,,,
12102073,,,,,,
12102050,,,,,,
12102065,,,,,,
12102067,,,,,,
12102051,,,,,,
12102078,,,,,,
12102058,,,,,,
12102066,,,,,,
12102074,,,,,,
12102075,,,,,,
12102069,,,,,,
12102071,,,,,,
12102056,,,,,,
12102063,,,,,,
12107687,2484,3188,,,,1709037882
12107367,,,,,,
12107257,,,,,,
12107255,,,,,,
12107365,,,,,,
12107686,1751,1765,,,,1709041209
12107560,2931,2693,,,,1709044153
12107684,1652,2516,,,,1709043680
12102519,1303,2099,,,,1708960923
12102514,2313,2757,,,,1708961804
12104848,1427,3827,567,,,1708969128
12104849,1954,2951,,,,1708967313
12105064,1647,1562,,,,1708969084
12104955,,,,,,
12104952,,,,,,
12104953,,,,,,
12104943,,,,,,
12104949,,,,,,
12104946,,,,,,
12104942,,,,,,
12104948,,,,,,
12102301,4196,2799,920,,,1708962621
12102300,3462,2614,810,,,1708962274
12102298,2830,2626,,,,1708966576
12102297,2336,2218,,,,1708966504
12104799,2822,2741,1180,,,1708960518
12104801,2233,2418,,,,1708958148
12104802,4053,2667,,,,1708961042
12104798,2748,2955,904,,,1708961179
12104797,,,,,,
12104843,2230,2305,,,,1708965267
12104800,,,,,,1708963357
12104842,1842,3324,959,,,1708968061
12102623,,,,,,
12102496,,,,,,
12102528,,,,,,
12102518,,,,,,
12105040,2785,2430,,,,1709024185
12105039,2397,2013,,,,1709024062
12105045,1854,2108,,,,1709023464
12105044,2124,839,,,,1709023647
12105042,1920,2569,,,,1709027266
12105041,3072,3381,,,,1709029242
12105050,2591,3290,,,,1709029809
12105043,2190,3070,,,,1709029671
12103978,1914,2331,665,,,1708997630
12103977,3554,4280,643,,,1709002249
12103951,2373,1967,,,,1708996121
12103980,3837,3342,,,,1708998272
12103949,2356,3621,,,,1708997380
12103956,1703,1530,,,,1708997405
12103950,3278,3527,,,,1708999785
12103952,3790,3389,1016,,,1709005094
12103434,,,,,,
12103444,,,,,,
12103449,,,,,,
12103445,,,,,,
12103443,,,,,,
12103432,,,,,,
12103441,,,,,,
12103448,,,,,,
12103430,,,,,,
12103452,,,,,,
12103446,,,,,,
12103433,,,,,,
12103429,,,,,,
12103427,,,,,,
12103442,,,,,,
12103436,,,,,,
12106059,3193,3151,,,,1709037404
12106048,3816,3594,1096,,,1709043434
12106046,3147,3483,961,,,1709042970
12106070,2568,2882,,,,1709038595
12106047,3735,4417,,,,1709040160
12106053,5847,4121,1279,,,1709047061
12106072,2981,4330,,,,1709039043
12106045,2733,1268,,,,1709038723
12102196,,,,,,
12102509,,,,,,
12102194,,,,,,
12102510,,,,,,
12102198,,,,,,
12102508,,,,,,
12102504,,,,,,
12102506,,,,,,
12102195,,,,,,
12102199,,,,,,
12102191,,,,,,
12102192,,,,,,
12102197,,,,,,
12102193,,,,,,
12102505,,,,,,
12102507,,,,,,
12105079,,,,,,
12105614,,,,,,
12105073,,,,,,
12105066,,,,,,
12105065,,,,,,
12105615,,,,,,
12105075,,,,,,
12105613,,,,,,
12102053,,,,,,
12102077,,,,,,
12102055,,,,,,
12102052,,,,,,
12102057,,,,,,
12102062,,,,,,
12102064,,,,,,
12102048,,,,,,
12102072,,,,,,
12102068,,,,,,
12102054,,,,,,
12102049,,,,,,
12102060,,,,,,
12102070,,,,,,
12102061,,,,,,
12102076,,,,,,
12107258,,,,,,
12107256,,,,,,
12107259,3228,2781,,,,1709030184
12107366,,,,,,
12107683,2119,2855,804,,,1709042104
12107688,2284,1677,,,,1709040671
12107685,2477,1788,,,,1709041134
12107762,2548,3705,,,,1709045146
12104580,1473,2578,822,,,1709011276
12104581,3361,2500,1119,,,1709012928
12104584,1335,2240,,,,1709008358
12104579,2253,2688,,,,1709009246
12104582,3960,2397,,,,1709015369
12104586,3337,3293,,,,1709016570
12104611,3313,2691,,,,1709016125
12104612,2366,4023,655,,,1709021164
12104807,1664,3352,,,,1709023051
12104808,1832,1969,,,,1709023283
12104803,2426,2207,,,,1709023832
12104804,2637,2984,,,,1709024192
12104809,2734,3882,,,,1709029308
12104806,2665,1909,1230,,,1709032121
12104805,2641,1725,,,,1709030119
12104810,2864,2224,,,,1709030881
12104101,2061,1680,,,,1708999865
12104100,1865,3008,,,,1708999916
12104096,2887,5621,1022,,,1709006579
12104103,2671,3783,879,,,1709004847
12104098,2228,2302,,,,1709000331
12104097,2432,2150,,,,1709004789
12104099,2408,2361,838,,,1709008340
12104104,3163,2819,1247,,,1709010233
12102291,2466,3641,3329,,,1708962674
12102517,2238,3724,,,,1708958881
12102642,2141,3423,2791,,,1708969955
12102289,,,,,,1708957225
12102163,,,,,,
12102157,,,,,,
12102165,,,,,,
12102162,,,,,,
12102158,,,,,,
12102164,,,,,,
12102156,,,,,,
12102160,,,,,,
12102161,,,,,,
12102167,,,,,,
12102170,,,,,,
12102169,,,,,,
12102166,,,,,,
12105854,,,,,,
12102159,,,,,,
12102168,,,,,,
12106348,,,,,,
12106105,,,,,,
12105853,,,,,,
12102202,,,,,,
12106365,,,,,,
12106347,,,,,,
12108003,,,,,,
12108713,,,,,,
12102646,,,,,,
12102612,,,,,,
12102598,,,,,,
12102601,,,,,,
12102593,,,,,,
12105190,3816,1386,,,,1709027113
12105196,1661,3217,1028,,,1709028510
12105172,3282,2432,,,,1709026628
12105194,2715,3305,943,,,1709029482
12105173,2108,2541,965,,,1709033921
12105199,2686,3412,1063,,,1709036397
12105186,1681,1518,,,,1709033092
12105171,1743,1328,,,,1709033145
12104982,1662,2850,,,,1709021152
12104983,2492,2165,,,,1709022352
12104986,4412,2405,787,,,1709026533
12104980,2453,1883,859,,,1709024041
12104981,2361,2545,,,,1709027982
12105003,2923,3374,,,,1709028827
12104985,1828,3652,,,,1709030093
12105004,3931,2558,651,,,1709037738
12103462,,,,,,
12103461,,,,,,
12103459,,,,,,
12103470,,,,,,
12103466,,,,,,
12103463,,,,,,
12103467,,,,,,
12103471,,,,,,
12103464,,,,,,
12103474,,,,,,
12103473,,,,,,
12103465,,,,,,
12103460,,,,,,
12103468,,,,,,
12103472,,,,,,
12103469,,,,,,
12106035,3204,4581,968,,,1709058037
12106029,2077,2481,,,,1709052241
12106034,3941,2999,,,,1709054363
12106036,2891,2188,985,,,1709055452
12106336,2866,1995,,,,1709058283
12106037,2561,2083,1427,,,1709062028
12106031,2984,2184,,,,1709061546
12106337,1850,2800,1055,,,1709064566
12103989,1245,2620,,,,1708990175
12103984,3070,2382,,,,1708992233
12103948,1572,1570,,,,1708991223
12103981,1493,2060,,,,1708990407
12103990,2073,2299,,,,1708991086
12103953,2685,3855,,,,1708991717
12103985,3805,3120,625,,,1708996426
12103996,2684,2700,,,,1708991594
12102573,,,,,,
12102569,1887,2274,3266,,,1708958120
12102571,2303,2025,,,,1708956338
12102561,2490,2231,3102,,,1708959234
12102572,2847,2275,,,,1708962004
12102563,2332,1221,,,,1708964677
12102566,2310,2884,,,,1708965518
12102574,,,,,,
12104995,1974,2793,,,,1708966947
12102559,1968,3542,,,,1708968839
12105205,3284,2574,,,,1709028314
12105222,3609,4310,1987,,,1709032940
12105221,2002,2151,,,,1709026934
12105219,1777,1911,,,,1709031777
12105223,4936,3030,,,,1709036522
12105253,2647,1897,,,,1709038175
12105224,1500,4849,,,,1709037174
12105220,2670,2548,,,,1709043027
12103453,,,,,,
12103431,,,,,,
12103451,,,,,,
12103439,,,,,,
12103447,,,,,,
12103457,,,,,,
12103438,,,,,,
12103437,,,,,,
12103450,,,,,,
12103435,,,,,,
12103455,,,,,,
12103440,,,,,,
12103454,,,,,,
12103456,,,,,,
12103428,,,,,,
12103426,,,,,,
12106050,,,,,,
12106077,,,,,,
12106159,,,,,,
12106158,,,,,,
12106052,,,,,,
12106051,,,,,,
12106049,,,,,,
12106160,,,,,,
12087273,3843,4496,3302,,,1709169616
12087278,3001,2545,,,,1709157544
12087280,2633,2875,2947,,,1709179624
12087281,1449,2432,,,,1709185101
12087306,1599,2365,,,,1709166920
12087312,2555,3125,,,,1709172743
12087315,2148,2865,,,,1709142323
12087316,1979,3983,,,,1709148114
12087887,3133,3357,,,,1709118073
12087888,2749,1804,2513,,,1709137863
12087890,2297,1013,,,,1709204039
12087891,21742,-16200,,,,1709163342
12087892,3922,293,,,,1709142410
12087893,2358,1717,,,,1709209237
12087894,2616,2784,,,,1709125123
12087896,2264,2427,,,,1709117362
12087897,3961,3851,2626,,,1709130760
12087899,1252,1287,,,,1709135900
12087914,2364,2845,,,,1709187770
12087915,2495,1325,,,,1709168192
12087916,2656,2783,,,,1709173535
12087918,4346,2043,,,,1709185058
12087919,4152,2199,2601,,,1709181733
12087921,1535,3787,,,,1709166944
12087926,2772,4171,,,,1709174947
12087928,3150,3538,1957,,,1709172163
12087940,2305,4716,2205,,,1709152101
12087943,4169,4495,2476,,,1709149064
12087944,2202,2393,,,,1709155793
12087948,3590,2543,,,,1709163521
12088022,3790,3551,,,,1709210928
12088023,3263,2352,2434,,,1709126902
12088024,3404,1850,,,,1709118634
12088025,2067,3160,,,,1709217758
12088028,2235,2811,,,,1709117182
12088029,2737,722,,,,1709124682
12088039,3476,2769,,,,1709188661
12088041,2801,2677,,,,1709194692
12088042,2029,3636,,,,1709100882
12088043,2650,2338,,,,1709110812
12088044,3301,2476,,,,1709188372
12088045,,,,,,1709104576
12088047,3471,2041,,,,1709102328
12088048,2343,2360,,,,1709194667
12088055,1715,1853,,,,1709205265
12088059,2035,2555,,,,1709199977
12088060,2783,3072,755,,,1709209550
12088061,1877,2745,,,,1709199998
12088064,2052,1691,2640,,,1709205082
12088065,2419,2362,4307,,,1709130174
12088066,2281,3883,2808,,,1709207515
12088069,3539,4147,,,,1709212065
12088070,1799,2233,2441,,,1709122840
12088074,1821,1973,,,,1709137354
12088075,2363,4001,3157,,,1709121378
12088087,1851,2522,,,,1709127116
12088088,1833,3506,,,,1709109653
12088089,2593,3658,,,,1709116504
12088091,3315,3497,2369,,,1709205808
12088093,3517,2876,,,,1709111339
12088094,2765,2114,,,,1709206328
12088096,3756,4651,4168,,,1709121406
12088097,2787,3242,2978,,,1709120449
12088098,1717,1928,,,,1709109560
12088099,2307,3324,3092,,,1709121156
12088100,1729,2645,,,,1709199534
12097934,3256,2200,,,,1709115477
12097938,1950,2226,,,,1709111631
12097940,,,,,,
12097941,,,,,,1709111702
12098326,2504,2628,,,,1709049332
12098328,2554,3125,2334,,,1709059317
12098330,2769,2875,4567,,,1709049642
12098337,,,,,,
12099020,2921,1834,,,,1709047598
12099489,2789,2418,,,,1709088352
12099490,2805,3082,1796,,,1709074126
12099491,5084,2103,,,,1709081974
12099493,1995,3169,2051,,,1709097125
12099609,2625,2453,,,,1709130208
12099610,2919,2577,,,,1709070195
12099613,2030,2601,1858,,,1709152637
12099618,3091,3206,4114,,,1709062292
12100225,2490,2946,1754,,,1709084451
12100228,1495,2488,,,,1709041576
12100231,1889,1798,,,,1709098224
12100234,2192,3482,2363,,,1709092907
12100235,3160,1903,,,,1709039460
12100236,2431,2394,,,,1709081414
12100237,2416,1708,,,,1709047335
12100243,2308,3512,2695,,,1709051409
12100245,1383,2019,,,,1709042081
12100246,2506,2770,3229,,,1709097381
12100251,,,,,,
12100253,2421,3167,,,,1709062400
12100255,3182,1726,,,,1709057060
12100261,,,,,,
12100262,4223,3071,,,,1709079656
12100263,3647,4068,,,,1709069687
12100832,2824,2744,1882,,,1709082607
12101096,2068,1910,,,,1709074615
12101100,1660,3753,3818,,,1709084866
12101102,1916,2603,,,,1709053853
12101104,3432,3323,,,,1709067886
12101105,3235,2301,3345,,,1709059236
12101106,2881,5215,,,,1709072767
12101107,3239,4186,4320,,,1709059327
12101109,2489,3197,3983,,,1709062885
12102032,1898,2683,,,,1709039735
12102168,,,,,,
12102202,,,,,,
12102675,2991,3172,,,,1709056682
12102677,2855,2593,4147,,,1709059653
12103363,3217,2578,,,,1709092884
12103367,2142,1886,,,,1709069889
12103384,2710,2627,,,,1709066281
12103386,2238,2258,,,,1709074305
12103508,2327,2073,,,,1709074143
12103757,2634,4162,1348,,,1709086018
12103759,3518,3525,2467,,,1709095610
12103760,2826,2476,,,,1709088193
12103954,2330,3373,3676,,,1709096648
12103957,2395,3356,,,,1709088530
12103958,2478,2286,,,,1709078001
12103973,3172,2413,,,,1709084303
12103974,2011,2918,1598,,,1709089515
12103988,3284,1639,,,,1709090632
12103991,1498,2046,,,,1709081386
12103993,2099,1792,,,,1709077370
12104732,2389,1888,,,,1709038355
12104811,2157,2752,,,,1709050452
12104812,2188,2513,,,,1709050717
12104909,2296,2384,,,,1709040448
12104912,2532,3386,,,,1709041881
12104960,1161,1815,1715,,,1709051112
12104962,4536,2194,,,,1709054856
12104963,2247,484,,,,1709038697
12104964,1957,2796,,,,1709044622
12105058,2293,2527,,,,1709040465
12105067,3222,1713,,,,1709040427
12105077,2351,1951,,,,1709042684
12105191,2016,1681,,,,1709037779
12105193,2223,2727,,,,1709038751
12105206,4596,2923,,,,1709054445
12105207,2620,2709,3018,,,1709046051
12105208,1623,2987,2070,,,1709047571
12105209,2682,2021,,,,1709049098
12105210,2659,3110,,,,1709045548
12105213,1898,2568,3464,,,1709055551
12105216,1824,1853,1492,,,1709145754
12105217,3484,2104,,,,1709042086
12105218,2480,2687,,,,1709047721
12105220,2670,2548,,,,1709043027
12105224,1500,4849,,,,1709037174
12105227,2705,2453,1892,,,1709071917
12105229,3798,3840,3720,,,1709092388
12105244,2386,2938,,,,1709056368
12105245,3364,3337,,,,1709049732
12105246,2364,2817,3397,,,1709049717
12105249,2924,3195,2778,,,1709057593
12105253,2647,1897,,,,1709038175
12105270,2812,4495,,,,1709044557
12105271,2040,2274,2452,,,1709039823
12105272,2713,2275,,,,1709039031
12105277,2081,1156,,,,1709039681
12105279,1471,2044,,,,1709044476
12105386,2120,2816,,,,1709041272
12105390,2546,2888,2234,,,1709045654
12105391,2233,2933,2078,,,1709066353
12105396,2730,2382,,,,1709065115
12105397,2128,3004,3241,,,1709058438
12105398,2599,2680,,,,1709051157
12105402,3119,2210,2312,,,1709049903
12105403,2383,2028,,,,1709054323
12105405,2002,4163,,,,1709047004
12105463,2026,3083,2141,,,1709045726
12105464,3798,2071,2064,,,1709050169
12105466,2341,5762,,,,1709055390
12105467,2421,2236,,,,1709064311
12105469,1861,2307,,,,1709041138
12105853,,,,,,
12106029,2077,2481,,,,1709052241
12106030,4785,3370,,,,1709071529
12106031,2984,2184,,,,1709061546
12106032,2251,1735,,,,1709063578
12106033,1859,4141,,,,1709066134
12106034,3941,2999,,,,1709054363
12106035,3204,4581,968,,,1709058037
12106036,2891,2188,985,,,1709055452
12106037,2561,2083,1427,,,1709062028
12106045,2733,1268,,,,1709038723
12106046,3147,3483,961,,,1709042970
12106047,3735,4417,,,,1709040160
12106048,3816,3594,1096,,,1709043434
12106049,,,,,,
12106050,,,,,,
12106051,,,,,,
12106052,,,,,,
12106053,5847,4121,1279,,,1709047061
12106054,3096,4436,4489,,,1709055609
12106056,2361,3890,3128,,,1709057697
12106057,3332,3008,,,,1709078563
12106058,2737,2068,,,,1709064033
12106062,1567,1780,,,,1709062879
12106063,3438,2801,,,,1709057133
12106065,4671,3600,3353,,,1709060535
12106066,4787,2906,,,,1709062345
12106068,9149,3193,,,,1709066268
12106070,2568,2882,,,,1709038595
12106071,3975,3750,3372,,,1709073036
12106072,2981,4330,,,,1709039043
12106073,3857,4434,,,,1709069969
12106077,,,,,,
12106081,2784,4401,2221,,,1709070223
12106105,,,,,,
12106158,,,,,,
12106159,,,,,,
12106160,,,,,,
12106242,2548,4836,,,,1709130637
12106243,,,,,,
12106245,3389,1131,,,,1709120960
12106246,4048,3170,3831,,,1709157802
12106250,2958,2454,2855,,,1709162775
12106251,2405,3850,,,,1709124255
12106252,2929,2941,2652,,,1709122399
12106253,3152,3526,,,,1709114625
12106255,4105,2765,,,,1709153514
12106256,3438,3638,,,,1709147022
12106259,3111,5600,,,,1709121573
12106260,4582,4,,,,1709130261
12106261,2480,3075,,,,1709130167
12106262,2953,1887,2387,,,1709122580
12106263,3105,2828,,,,1709139647
12106264,2124,1961,2077,,,1709127831
12106267,2141,3040,,,,1709130805
12106269,1338,1869,,,,1709123907
12106270,2646,2451,2139,,,1709107982
12106272,2532,3162,,,,1709110649
12106273,2406,3085,,,,1709124370
12106274,2051,2791,,,,1709104426
12106275,3141,2093,,,,1709117458
12106276,2605,1928,,,,1709131786
12106277,3934,3740,,,,1709109496
12106278,2045,1936,2307,,,1709134170
12106279,2297,1348,,,,1709124196
12106281,1629,1906,1489,,,1709141207
12106282,3640,2312,,,,1709122027
12106283,4040,2204,2807,,,1709117720
12106284,2357,3061,,,,1709128715
12106285,3458,1872,,,,1709125170
12106286,1197,1354,,,,1709113711
12106287,2477,1683,2101,,,1709147396
12106288,1948,1605,,,,1709138762
12106289,2416,2377,3599,,,1709115754
12106292,2121,1710,,,,1709127576
12106293,4018,2741,,,,1709118774
12106294,3025,2956,3254,,,1709117587
12106295,3067,2087,5298,,,1709127283
12106296,3263,3367,,,,1709123755
12106297,2284,1829,1969,,,1709119102
12106298,2691,4836,3156,,,1709123570
12106300,2435,3085,,,,1709088632
12106301,2930,2944,,,,1709089302
12106302,3991,2547,,,,1709099784
12106303,3346,2028,2150,,,1709092637
12106304,2949,3301,,,,1709095233
12106306,2138,3397,,,,1709093701
12106307,4214,4069,3138,,,1709110790
12106308,3054,2451,3069,,,1709185636
12106309,,,,,,
12106310,2247,1222,,,,1709109406
12106311,2396,3281,3815,,,1709090172
12106312,2747,1960,727,,,1709113455
12106313,1918,2285,,,,1709109220
12106314,5657,1818,,,,1709091271
12106315,1211,1459,584,,,1709109132
12106317,1954,3168,,,,1709101823
12106318,2773,4150,3656,,,1709106160
12106319,4236,917,,,,1709088964
12106320,,,,,,
12106321,3619,2763,,,,1709180288
12106322,2282,3610,1926,,,1709097071
12106323,2894,4275,4940,,,1709109783
12106324,2475,1660,,,,1709119362
12106329,2410,2988,,,,1709168638
12106330,1547,2755,,,,1709111991
12106331,3344,4497,,,,1709108166
12106332,3867,2719,,,,1709109742
12106333,1961,3667,,,,1709100211
12106334,2018,1657,,,,1709095316
12106336,2866,1995,,,,1709058283
12106337,1850,2800,1055,,,1709064566
12106338,1092,1357,,,,1709154277
12106339,5865,2089,,,,1709150131
12106340,1773,1215,,,,1709202954
12106341,2413,2475,,,,1709158942
12106342,2713,1818,2031,,,1709154743
12106343,1824,995,,,,1709203926
12106347,,,,,,
12106348,,,,,,
12106351,2781,3601,,,,1709149480
12106352,4441,2431,,,,1709143403
12106353,,,,,,
12106356,2516,4294,1779,,,1709178891
12106358,3013,2481,,,,1709092993
12106359,3214,4286,,,,1709078733
12106360,2864,3485,,,,1709090410
12106361,2728,2706,,,,1709089977
12106362,3408,2523,3075,,,1709081717
12106363,1461,1790,,,,1709080412
12106364,2467,2568,2869,,,1709091046
12106365,,,,,,
12106366,4428,3848,2963,,,1709095088
12106367,1869,694,,,,1709088021
12106368,1888,1981,2903,,,1709097223
12106369,2295,1704,,,,1709088675
12106370,2703,2877,,,,1709092863
12106371,2291,3033,2639,,,1709102724
12106372,3577,2281,2488,,,1709105334
12106373,3050,2024,2702,,,1709103349
12106374,3447,2226,,,,1709102281
12106722,1826,1421,,,,1709163648
12106724,2978,3179,,,,1709118649
12106725,3038,3610,3091,,,1709109155
12106726,3164,3816,,,,1709105379
12106727,3292,1985,,,,1709126338
12106728,2678,4606,2019,,,1709109726
12106729,4176,2717,,,,1709106385
12106730,2992,2991,,,,1709110335
12106731,1871,1746,,,,1709125167
12106732,2007,2665,,,,1709122262
12106741,4218,3788,,,,1709119255
12106742,3555,2512,2786,,,1709141760
12106745,2282,2224,,,,1709138094
12106747,3784,4414,2495,,,1709132253
12106748,3419,3914,3042,,,1709134964
12106749,3120,4717,3787,,,1709122979
12106750,2540,1901,,,,1709126768
12106751,4184,3989,,,,1709119371
12106758,3930,1850,,,,1709111707
12106759,2022,2428,,,,1709113504
12106760,3223,2385,,,,1709111049
12106761,3482,2380,,,,1709124948
12106762,2227,3220,,,,1709110202
12106763,3625,2423,,,,1709111318
12106764,,,,,,
12106765,3395,3824,,,,1709117894
12106766,2909,2848,,,,1709124891
12106767,3571,3637,,,,1709138486
12106768,2292,1620,,,,1709127251
12106769,2536,2611,3194,,,1709128216
12106785,4052,3835,,,,1709126160
12106786,2885,1981,,,,1709119417
12106787,1471,1747,,,,1709124913
12106789,2475,2720,,,,1709133264
12106793,1555,2390,,,,1709181497
12106794,1746,1736,,,,1709084720
12106795,1899,2682,3909,,,1709085643
12106796,2461,2184,,,,1709077885
12106797,4132,3413,2644,,,1709083787
12106798,2096,2199,,,,1709082481
12106799,2047,1909,,,,1709086179
12106800,1980,2156,,,,1709077440
12106813,2830,3280,2870,,,1709184006
12106830,1651,2810,,,,1709086377
12106831,4557,3290,3236,,,1709102577
12106832,1523,2061,,,,1709102110
12106833,2455,1949,,,,1709096804
12106834,3524,3358,,,,1709088014
12106835,3149,3688,,,,1709094324
12106836,2127,3152,,,,1709102286
12106837,,,,,,
12106841,4691,1777,,,,1709177262
12106861,2401,2275,,,,1709164385
12106912,1313,1835,,,,1709178849
12107260,2173,2757,,,,1709105249
12107350,3048,3486,2944,,,1709045577
12107353,1645,3317,2690,,,1709041786
12107354,2084,1824,,,,1709045639
12107355,2709,2846,,,,1709039937
12107358,1675,2957,4395,,,1709193606
12107406,1609,1521,,,,1709196756
12107526,4852,3101,,,,1709184911
12107527,3004,2358,,,,1709111527
12107543,3122,2378,,,,1709109595
12107544,3275,,,,,1709102374
12107545,2111,1668,,,,1709099998
12107546,1733,2206,,,,1709094955
12107547,3365,2988,,,,1709096961
12107548,2213,2492,,,,1709095577
12107549,2625,2460,1828,,,1709107919
12107550,1989,2451,,,,1709102599
12107560,2931,2693,,,,1709044153
12107648,1821,2538,,,,1709207645
12107683,2119,2855,804,,,1709042104
12107684,1652,2516,,,,1709043680
12107685,2477,1788,,,,1709041134
12107686,1751,1765,,,,1709041209
12107688,2284,1677,,,,1709040671
12107717,2657,1754,,,,1709116464
12107724,1509,4173,,,,1709115905
12107725,2440,2856,,,,1709116613
12107726,2758,2881,,,,1709117947
12107727,,,,,,
12107728,3135,2119,,,,1709199194
12107729,2676,3851,2883,,,1709120883
12107730,2283,1817,1778,,,1709111913
12107731,2848,1972,,,,1709145808
12107742,3160,1432,,,,1709129437
12107743,2397,3855,,,,1709110109
12107744,2237,2593,,,,1709117042
12107745,1995,1489,,,,1709116868
12107746,1793,3593,2375,,,1709137037
12107747,3244,3065,,,,1709111022
12107748,5177,2097,3104,,,1709137798
12107749,3040,3695,1677,,,1709133457
12107750,2195,1531,2057,,,1709111425
12107752,3755,2789,,,,1709122766
12107753,3186,2760,,,,1709122587
12107754,5168,1734,1860,,,1709127387
12107755,2494,2379,2420,,,1709123561
12107756,1399,2037,,,,1709115801
12107757,2706,2419,3941,,,1709113328
12107758,2255,3134,2318,,,1709131867
12107762,2548,3705,,,,1709045146
12107768,2424,3324,4586,,,1709119096
12107829,2942,2458,,,,1709217609
12107838,2321,2200,2984,,,1709112293
12107863,2098,2679,,,,1709198519
12107943,,,,,,
12107959,5704,3015,,,,1709113611
12107981,2213,2672,,,,1709119976
12107982,2901,3974,,,,1709115559
12108003,,,,,,
12108144,2370,2084,,,,1709118386
12108169,3164,3366,,,,1709218081
12108301,1944,2388,,,,1709115397
12108340,4559,1963,,,,1709202412
12108420,3262,2936,3209,,,1709123069
12108421,1967,4573,,,,1709119427
12108422,1936,2018,,,,1709113039
12108423,1813,2492,3637,,,1709127275
12108424,1815,2336,,,,1709118574
12108425,1642,2623,,,,1709129897
12108426,2138,2242,,,,1709113766
12108427,2447,1927,,,,1709130070
12108429,2051,2681,,,,1709113449
12108430,2569,2558,,,,1709134542
12108431,3295,3079,3206,,,1709117569
12108432,1936,2355,,,,1709113376
12108433,2643,3871,,,,1709118638
12108434,2606,2739,,,,1709113763
12108436,2839,2483,,,,1709119645
12108454,4255,2058,,,,1709122897
12108455,4640,4063,3038,,,1709115258
12108456,2300,2300,,,,1709128339
12108457,,,,,,1709123917
12108458,1797,2451,,,,1709116743
12108459,3242,3197,2043,,,1709136345
12108461,4118,2062,,,,1709115491
12108462,1916,1848,,,,1709107974
12108463,2233,2458,,,,1709134457
12108464,4929,2926,3456,,,1709119448
12108465,3018,3049,,,,1709128606
12108466,3970,3406,3015,,,1709138795
12108467,1819,1998,,,,1709108030
12108468,1373,3080,,,,1709107349
12108469,1329,1544,,,,1709112325
12108473,1801,3021,,,,1709121831
12108491,2429,2709,,,,1709113664
12108492,2538,2085,2341,,,1709124413
12108493,2149,2704,,,,1709122363
12108494,2747,2313,,,,1709131617
12108495,1977,1626,,,,1709113184
12108496,2528,3225,1940,,,1709117414
12108497,1713,2802,,,,1709113427
12108499,3028,2733,,,,1709114656
12108534,3196,3494,,,,1709105783
12108535,3287,2782,,,,1709105674
12108543,1733,2983,,,,1709110451
12108544,3015,3574,,,,1709105619
12108545,3498,3018,,,,1709113354
12108546,3463,2148,4397,,,1709123833
12108547,2626,1965,,,,1709105318
12108695,2836,4582,,,,1709204368
12108713,,,,,,
12108721,1991,1835,,,,1709104324
12108722,2346,1919,4031,,,1709125256
12108723,2069,3338,,,,1709112663
12108724,2390,3380,,,,1709113586
12108725,2088,5177,3613,,,1709117511
12108726,2555,1555,,,,1709118655
12108727,2240,2892,3265,,,1709124525
12108728,3235,4552,3208,,,1709134746
12108729,3905,3421,,,,1709118790
12108730,1395,3553,2250,,,1709133118
12108731,2594,2774,,,,1709115790
12108732,3180,2693,2504,,,1709127718
12108733,2804,1789,,,,1709120621
12108754,3775,4127,,,,1709142355
12108776,3155,2597,,,,1709127842
12108777,1898,883,,,,1709203408
12108805,2964,2250,,,,1709121571
12108875,1961,3193,,,,1709126251
12108964,1428,2927,,,,1709207197
12108978,4155,3735,,,,1709148239
12108979,3360,2920,3243,,,1709159965
12108980,2914,2030,,,,1709146926
12108981,2417,2559,2133,,,1709206317
12108982,1616,1702,,,,1709121379
12108983,4532,3805,802,,,1709127840
12108984,4097,3292,2755,,,1709127125
12109017,1983,1838,,,,1709203046
12109018,2374,2862,,,,1709218209
12109019,1976,2655,,,,1709203449
12109027,3264,1660,,,,1709126009
12109028,1648,2429,,,,1709123853
12109029,1767,2109,,,,1709124220
12109030,3237,2695,,,,1709125439
12109031,3400,3793,,,,1709125680
12109032,3191,3772,3406,,,1709129455
12109033,2886,2396,,,,1709130415
12109034,2485,2749,,,,1709128134
12109035,2806,1659,,,,1709138646
12109036,1844,3894,,,,1709130903
12109037,3756,3879,,,,1709129595
12109038,3472,2015,,,,1709132798
12109039,1714,3169,4735,,,1709141123
12109040,4075,5326,,,,1709151829
12109041,6118,3459,887,,,1709144825
12109042,2447,4385,,,,1709133151
12109043,5514,3004,,,,1709139587
12109044,2806,3465,,,,1709147541
12109048,3250,3717,,,,1709134060
12109163,2638,1976,,,,1709139299
12109164,1975,2449,3072,,,1709140958
12109165,2626,2781,,,,1709134378
12109166,2768,3315,4271,,,1709157852
12109167,2276,2794,802,,,1709161408
12109168,2656,2189,,,,1709145927
12109169,1901,2719,,,,1709146983
12109170,5717,3178,3319,,,1709151241
12109790,2354,3191,2595,,,1709172532
12109808,2134,1984,,,,1709169952
12109815,2758,2288,,,,1709164652
12109816,2892,3299,,,,1709172985
12109818,2189,4179,3434,,,1709181311
12109819,2215,1932,,,,1709168014
12109820,1999,1981,,,,1709094230
12109884,1512,1684,,,,1709163223
12109885,3480,2869,,,,1709174619
12109886,2099,2491,,,,1709179724
12109887,3563,1762,,,,1709181006
12109889,2674,2547,,,,1709171556
12109890,2282,2082,,,,1709163920
12109891,1556,2288,,,,1709189892
12109892,3360,2466,1760,,,1709173929
12109893,1761,1453,,,,1709174497
12109934,4523,2336,,,,1709166499
12110080,1958,2099,,,,1709174946
12110081,2851,2181,995,,,1709110459
12110082,1912,1596,,,,1709174695
12110083,2357,2335,,,,1709173282
12110084,,,,,,1709178271
12110087,1743,1412,2980,,,1709184832
12110088,1562,4265,,,,1709163427
12110100,3312,2380,,,,1709176116
12110123,2608,4705,,,,1709192176
12110153,1791,2731,,,,1709172553
12110157,1277,2853,,,,1709173970
12110160,1306,2844,,,,1709172049
12110372,3478,2201,1989,,,1709182711
12110388,3033,2377,7273,,,1709180298
12110419,1528,2020,,,,1709187326
12110441,2742,2448,,,,1709173986
12110442,5367,3481,2497,,,1709196729
12110453,2998,1319,,,,1709186829
12110455,3006,2847,,,,1709194882
12110456,2194,3913,3900,,,1709198978
12110457,2230,1852,,,,1709126792
12110459,1776,1601,,,,1709192506
12110460,2582,4018,3235,,,1709187140
12110467,4613,5064,,,,1709184719
12110477,4184,2667,,,,1709195028
12110493,2690,3384,3468,,,1709191243
12110494,2302,2839,2950,,,1709209102
12110495,2893,3549,,,,1709200573
12110506,2053,1678,,,,1709192789
12110513,1726,2975,,,,1709195928
12110514,4283,3463,,,,1709213643
12110517,1447,2430,,,,1709196289
12110518,4004,2399,,,,1709201662
12110520,3346,2202,,,,1709197611
12110530,2152,2426,3067,,,1709195200
12110534,2123,3849,,,,1709198169
12110566,2337,2216,,,,1709207168
12110572,2735,2342,,,,1709195578
12110582,2990,2077,2794,,,1709209075
12110583,2770,3259,,,,1709202398
12110585,2713,2638,,,,1709196824
12110586,1747,1763,,,,1709192806
12110592,2036,3375,,,,1709200240
12110633,2517,1929,,,,1709204978
12110636,2688,3204,,,,1709205181
12110637,2014,4098,4194,,,1709219499
12110649,1956,1401,,,,1709189841
12110650,2430,1972,,,,1709193581
12110651,2107,2452,2235,,,1709195381
12110656,2578,1884,2914,,,1709209404
12110659,2637,3127,,,,1709211499
12110660,1660,2313,,,,1709200207
12110662,3970,2302,,,,1709194338
12110663,2450,2278,,,,1709196544
12110664,1882,1843,,,,1709130773
12110665,2303,4442,2513,,,1709200019
12110670,2761,1905,,,,1709204339
12110675,3142,4076,,,,1709212857
12110702,4238,3705,3131,,,1709205986
12110733,4923,2094,,,,1709204725
12110735,2249,3068,1750,,,1709201203
12110736,1588,3711,,,,1709197436
12110749,2247,2660,2643,,,1709202745
12110831,2170,3292,3238,,,1709202512
12110832,2021,2726,,,,1709207676
12110833,4637,3863,2914,,,1709209818
12110834,3848,3876,,,,1709194358
12110835,2530,2090,,,,1709193188
12110848,3942,2829,,,,1709201360
12110849,4920,5887,,,,1709192483
12110850,2464,30001,,,,1709209273
12110863,2605,2196,,,,1709212319
12110864,2529,2846,,,,1709193928
12110876,2503,2406,,,,1709201550
12110885,2567,3845,2492,,,1709212604
12110886,3275,75921,77046,,,1709211515
12110892,4568,2159,,,,1709195249
12110893,2724,3182,,,,1709190205
12110894,3719,3699,3261,,,1709223632
12110918,2551,2189,,,,1709200706
12110975,1862,2651,,,,1709205859
12110976,3063,1957,3742,,,1709201717
12111058,2686,397,,,,1709208973
12111059,2565,76492,,,,1709206968
12111081,2230,2465,,,,1709199858
12111082,3057,1964,2175,,,1709200953
12111094,3005,4444,,,,1709200007
12111128,3803,3131,,,,1709201677
12111129,2642,2890,3253,,,1709208828
12111174,3869,5151,,,,1709202057
12111176,2947,2602,1920,,,1709204644
12111177,2501,2974,,,,1709201916
12111182,2629,3429,1715,,,1709221523
12111184,4023,3935,,,,1709209600
12111222,2415,2603,4714,,,1709197808
12111229,1911,2487,4034,,,1709201532
12111232,2330,3845,,,,1709199765
12111233,2986,2692,,,,1709139740
12111235,1604,1974,,,,1709199190
12111291,3876,3200,,,,1709210905
12111305,2764,2402,1784,,,1709201475
12111340,2454,3019,,,,1709204396
12111377,2628,4543,,,,1709200341
12111400,2723,2411,,,,1709205762
12111435,2096,2192,,,,1709213369
12111444,2582,2341,,,,1709201786
12111465,2473,1862,2577,,,1709206042
12111466,1769,2401,,,,1709211689
12111490,1947,3876,3696,,,1709219201
12111509,2907,2074,2314,,,1709206265
12111522,2369,1582,,,,1709198670
12111542,2894,2655,,,,1709195820
12111560,2125,3445,2542,,,1709210709
12111572,2494,4042,2903,,,1709215117
12111605,3279,4388,,,,1709216732
12111635,1525,2105,,,,1709217335
12111784,3045,1453,2168,,,1709213070
12112023,2624,2158,,,,1709211922
12112183,1612,1991,,,,1709213666
12112214,2513,2209,,,,1709214832
12087266,2229,2451,1600,,,1709261835
12087270,2317,2195,2710,,,1709246417
12087271,3132,2098,,,,1709238684
12087273,3843,4496,3302,,,1709169616
12087278,3001,2545,,,,1709157544
12087280,2633,2875,2947,,,1709179624
12087281,1449,2432,,,,1709185101
12087282,2360,3413,2419,,,1709270439
12087305,2860,3702,1841,,,1709244245
12087306,1599,2365,,,,1709166920
12087307,3467,3487,3299,,,1709267915
12087310,6153,2124,,,,1709257886
12087312,2555,3125,,,,1709172743
12087315,2148,2865,,,,1709142323
12087316,1979,3983,,,,1709148114
12087318,2220,2513,,,,1709234218
12087888,2749,1804,2513,,,1709137863
12087889,3019,2856,2828,,,1709304700
12087890,2297,1013,,,,1709204039
12087891,21742,-16200,,,,1709163342
12087892,3922,293,,,,1709142410
12087893,2358,1717,,,,1709209237
12087894,2616,2784,,,,1709125123
12087895,2200,4092,2205,,,1709231978
12087897,3961,3851,2626,,,1709130760
12087899,1252,1287,,,,1709135900
12087900,2160,2520,,,,1709221790
12087914,2364,2845,,,,1709187770
12087915,2495,1325,,,,1709168192
12087916,2656,2783,,,,1709173535
12087917,1893,3017,,,,1709253723
12087918,4346,2043,,,,1709185058
12087919,4152,2199,2601,,,1709181733
12087921,1535,3787,,,,1709166944
12087924,1695,2835,3073,,,1709256390
12087925,3676,2938,2480,,,1709275602
12087926,2772,4171,,,,1709174947
12087927,3347,3610,,,,1709264107
12087928,3150,3538,1957,,,1709172163
12087937,2887,2606,,,,1709234388
12087940,2305,4716,2205,,,1709152101
12087941,2458,2612,3191,,,1709231675
12087942,3191,3395,2540,,,1709243551
12087943,4169,4495,2476,,,1709149064
12087944,2202,2393,,,,1709155793
12087948,3590,2543,,,,1709163521
12087949,2137,3517,,,,1709249926
12088016,2045,3082,4013,,,1709306461
12088018,3000,3541,,,,1709296394
12088020,3536,3355,2617,,,1709237121
12088022,3790,3551,,,,1709210928
12088025,2067,3160,,,,1709217758
12088027,1104,2349,,,,1709241906
12088029,2737,722,,,,1709124682
12088038,4072,2534,,,,1709291637
12088039,3476,2769,,,,1709188661
12088041,2801,2677,,,,1709194692
12088044,3301,2476,,,,1709188372
12088046,3743,3440,,,,1709275316
12088048,2343,2360,,,,1709194667
12088049,3888,1766,,,,1709275633
12088050,4347,3913,,,,1709282567
12088055,1715,1853,,,,1709205265
12088057,2807,1594,,,,1709288445
12088058,1663,2816,660,,,1709284119
12088059,2035,2555,,,,1709199977
12088060,2783,3072,755,,,1709209550
12088061,1877,2745,,,,1709199998
12088064,2052,1691,2640,,,1709205082
12088065,2419,2362,4307,,,1709130174
12088066,2281,3883,2808,,,1709207515
12088067,3806,3432,,,,1709295120
12088069,3539,4147,,,,1709212065
12088071,3543,2986,,,,1709295054
12088073,2310,1482,,,,1709219516
12088074,1821,1973,,,,1709137354
12088078,1809,2793,,,,1709300674
12088087,1851,2522,,,,1709127116
12088090,2178,70319,,,,1709211385
12088091,3315,3497,2369,,,1709205808
12088092,3123,2769,2348,,,1709286478
12088094,2765,2114,,,,1709206328
12088095,3241,3812,3045,,,1709300678
12088100,1729,2645,,,,1709199534
12099609,2625,2453,,,,1709130208
12099613,2030,2601,1858,,,1709152637
12105216,1824,1853,1492,,,1709145754
12106242,2548,4836,,,,1709130637
12106243,,,,,,
12106246,4048,3170,3831,,,1709157802
12106247,3039,4264,3198,,,1709223575
12106250,2958,2454,2855,,,1709162775
12106255,4105,2765,,,,1709153514
12106256,3438,3638,,,,1709147022
12106257,3839,3140,4404,,,1709235206
12106260,4582,4,,,,1709130261
12106261,2480,3075,,,,1709130167
12106263,3105,2828,,,,1709139647
12106264,2124,1961,2077,,,1709127831
12106267,2141,3040,,,,1709130805
12106269,1338,1869,,,,1709123907
12106273,2406,3085,,,,1709124370
12106276,2605,1928,,,,1709131786
12106278,2045,1936,2307,,,1709134170
12106279,2297,1348,,,,1709124196
12106281,1629,1906,1489,,,1709141207
12106284,2357,3061,,,,1709128715
12106287,2477,1683,2101,,,1709147396
12106288,1948,1605,,,,1709138762
12106292,2121,1710,,,,1709127576
12106308,3054,2451,3069,,,1709185636
12106321,3619,2763,,,,1709180288
12106329,2410,2988,,,,1709168638
12106338,1092,1357,,,,1709154277
12106339,5865,2089,,,,1709150131
12106340,1773,1215,,,,1709202954
12106341,2413,2475,,,,1709158942
12106342,2713,1818,2031,,,1709154743
12106343,1824,995,,,,1709203926
12106351,2781,3601,,,,1709149480
12106352,4441,2431,,,,1709143403
12106353,,,,,,
12106354,2726,2589,,,,1709247516
12106356,2516,4294,1779,,,1709178891
12106722,1826,1421,,,,1709163648
12106727,3292,1985,,,,1709126338
12106731,1871,1746,,,,1709125167
12106742,3555,2512,2786,,,1709141760
12106745,2282,2224,,,,1709138094
12106747,3784,4414,2495,,,1709132253
12106748,3419,3914,3042,,,1709134964
12106750,2540,1901,,,,1709126768
12106764,,,,,,
12106766,2909,2848,,,,1709124891
12106767,3571,3637,,,,1709138486
12106768,2292,1620,,,,1709127251
12106769,2536,2611,3194,,,1709128216
12106785,4052,3835,,,,1709126160
12106787,1471,1747,,,,1709124913
12106789,2475,2720,,,,1709133264
12106793,1555,2390,,,,1709181497
12106813,2830,3280,2870,,,1709184006
12106841,4691,1777,,,,1709177262
12106861,2401,2275,,,,1709164385
12106912,1313,1835,,,,1709178849
12107358,1675,2957,4395,,,1709193606
12107406,1609,1521,,,,1709196756
12107526,4852,3101,,,,1709184911
12107648,1821,2538,,,,1709207645
12107727,,,,,,
12107728,3135,2119,,,,1709199194
12107731,2848,1972,,,,1709145808
12107741,2914,3540,,,,1709219075
12107742,3160,1432,,,,1709129437
12107746,1793,3593,2375,,,1709137037
12107748,5177,2097,3104,,,1709137798
12107749,3040,3695,1677,,,1709133457
12107758,2255,3134,2318,,,1709131867
12107829,2942,2458,,,,1709217609
12107863,2098,2679,,,,1709198519
12108169,3164,3366,,,,1709218081
12108340,4559,1963,,,,1709202412
12108423,1813,2492,3637,,,1709127275
12108425,1642,2623,,,,1709129897
12108427,2447,1927,,,,1709130070
12108430,2569,2558,,,,1709134542
12108456,2300,2300,,,,1709128339
12108457,,,,,,1709123917
12108459,3242,3197,2043,,,1709136345
12108463,2233,2458,,,,1709134457
12108465,3018,3049,,,,1709128606
12108466,3970,3406,3015,,,1709138795
12108494,2747,2313,,,,1709131617
12108695,2836,4582,,,,1709204368
12108728,3235,4552,3208,,,1709134746
12108730,1395,3553,2250,,,1709133118
12108732,3180,2693,2504,,,1709127718
12108754,3775,4127,,,,1709142355
12108776,3155,2597,,,,1709127842
12108777,1898,883,,,,1709203408
12108875,1961,3193,,,,1709126251
12108964,1428,2927,,,,1709207197
12108978,4155,3735,,,,1709148239
12108979,3360,2920,3243,,,1709159965
12108980,2914,2030,,,,1709146926
12108981,2417,2559,2133,,,1709206317
12109003,3730,3118,2659,,,1709235443
12109017,1983,1838,,,,1709203046
12109018,2374,2862,,,,1709218209
12109019,1976,2655,,,,1709203449
12109027,3264,1660,,,,1709126009
12109028,1648,2429,,,,1709123853
12109029,1767,2109,,,,1709124220
12109030,3237,2695,,,,1709125439
12109031,3400,3793,,,,1709125680
12109032,3191,3772,3406,,,1709129455
12109033,2886,2396,,,,1709130415
12109034,2485,2749,,,,1709128134
12109035,2806,1659,,,,1709138646
12109036,1844,3894,,,,1709130903
12109037,3756,3879,,,,1709129595
12109038,3472,2015,,,,1709132798
12109039,1714,3169,4735,,,1709141123
12109040,4075,5326,,,,1709151829
12109041,6118,3459,887,,,1709144825
12109042,2447,4385,,,,1709133151
12109043,5514,3004,,,,1709139587
12109044,2806,3465,,,,1709147541
12109048,3250,3717,,,,1709134060
12109163,2638,1976,,,,1709139299
12109164,1975,2449,3072,,,1709140958
12109165,2626,2781,,,,1709134378
12109166,2768,3315,4271,,,1709157852
12109167,2276,2794,802,,,1709161408
12109168,2656,2189,,,,1709145927
12109169,1901,2719,,,,1709146983
12109170,5717,3178,3319,,,1709151241
12109297,4216,3012,7968,,,1709235672
12109790,2354,3191,2595,,,1709172532
12109807,,,,,,1709234497
12109808,2134,1984,,,,1709169952
12109815,2758,2288,,,,1709164652
12109816,2892,3299,,,,1709172985
12109818,2189,4179,3434,,,1709181311
12109819,2215,1932,,,,1709168014
12109884,1512,1684,,,,1709163223
12109885,3480,2869,,,,1709174619
12109886,2099,2491,,,,1709179724
12109887,3563,1762,,,,1709181006
12109889,2674,2547,,,,1709171556
12109890,2282,2082,,,,1709163920
12109891,1556,2288,,,,1709189892
12109892,3360,2466,1760,,,1709173929
12109893,1761,1453,,,,1709174497
12109934,4523,2336,,,,1709166499
12110080,1958,2099,,,,1709174946
12110082,1912,1596,,,,1709174695
12110083,2357,2335,,,,1709173282
12110084,,,,,,1709178271
12110087,1743,1412,2980,,,1709184832
12110088,1562,4265,,,,1709163427
12110100,3312,2380,,,,1709176116
12110123,2608,4705,,,,1709192176
12110153,1791,2731,,,,1709172553
12110157,1277,2853,,,,1709173970
12110160,1306,2844,,,,1709172049
12110372,3478,2201,1989,,,1709182711
12110388,3033,2377,7273,,,1709180298
12110419,1528,2020,,,,1709187326
12110441,2742,2448,,,,1709173986
12110442,5367,3481,2497,,,1709196729
12110453,2998,1319,,,,1709186829
12110455,3006,2847,,,,1709194882
12110456,2194,3913,3900,,,1709198978
12110457,2230,1852,,,,1709126792
12110459,1776,1601,,,,1709192506
12110460,2582,4018,3235,,,1709187140
12110467,4613,5064,,,,1709184719
12110477,4184,2667,,,,1709195028
12110493,2690,3384,3468,,,1709191243
12110494,2302,2839,2950,,,1709209102
12110495,2893,3549,,,,1709200573
12110506,2053,1678,,,,1709192789
12110513,1726,2975,,,,1709195928
12110514,4283,3463,,,,1709213643
12110517,1447,2430,,,,1709196289
12110518,4004,2399,,,,1709201662
12110520,3346,2202,,,,1709197611
12110530,2152,2426,3067,,,1709195200
12110534,2123,3849,,,,1709198169
12110566,2337,2216,,,,1709207168
12110572,2735,2342,,,,1709195578
12110582,2990,2077,2794,,,1709209075
12110583,2770,3259,,,,1709202398
12110585,2713,2638,,,,1709196824
12110586,1747,1763,,,,1709192806
12110592,2036,3375,,,,1709200240
12110633,2517,1929,,,,1709204978
12110636,2688,3204,,,,1709205181
12110637,2014,4098,4194,,,1709219499
12110649,1956,1401,,,,1709189841
12110650,2430,1972,,,,1709193581
12110651,2107,2452,2235,,,1709195381
12110656,2578,1884,2914,,,1709209404
12110659,2637,3127,,,,1709211499
12110660,1660,2313,,,,1709200207
12110662,3970,2302,,,,1709194338
12110663,2450,2278,,,,1709196544
12110664,1882,1843,,,,1709130773
12110665,2303,4442,2513,,,1709200019
12110670,2761,1905,,,,1709204339
12110675,3142,4076,,,,1709212857
12110702,4238,3705,3131,,,1709205986
12110714,3419,1561,,,,1709222547
12110733,4923,2094,,,,1709204725
12110735,2249,3068,1750,,,1709201203
12110736,1588,3711,,,,1709197436
12110749,2247,2660,2643,,,1709202745
12110831,2170,3292,3238,,,1709202512
12110832,2021,2726,,,,1709207676
12110833,4637,3863,2914,,,1709209818
12110834,3848,3876,,,,1709194358
12110835,2530,2090,,,,1709193188
12110848,3942,2829,,,,1709201360
12110849,4920,5887,,,,1709192483
12110850,2464,30001,,,,1709209273
12110863,2605,2196,,,,1709212319
12110864,2529,2846,,,,1709193928
12110875,1669,3353,,,,1709217855
12110876,2503,2406,,,,1709201550
12110885,2567,3845,2492,,,1709212604
12110886,3275,75921,77046,,,1709211515
12110892,4568,2159,,,,1709195249
12110893,2724,3182,,,,1709190205
12110894,3719,3699,3261,,,1709223632
12110918,2551,2189,,,,1709200706
12110919,3655,2578,,,,1709225590
12110975,1862,2651,,,,1709205859
12110976,3063,1957,3742,,,1709201717
12110977,,,,,,1709224746
12111058,2686,397,,,,1709208973
12111059,2565,76492,,,,1709206968
12111081,2230,2465,,,,1709199858
12111082,3057,1964,2175,,,1709200953
12111094,3005,4444,,,,1709200007
12111128,3803,3131,,,,1709201677
12111129,2642,2890,3253,,,1709208828
12111174,3869,5151,,,,1709202057
12111176,2947,2602,1920,,,1709204644
12111177,2501,2974,,,,1709201916
12111182,2629,3429,1715,,,1709221523
12111184,4023,3935,,,,1709209600
12111214,3137,2518,,,,1709225207
12111222,2415,2603,4714,,,1709197808
12111229,1911,2487,4034,,,1709201532
12111232,2330,3845,,,,1709199765
12111233,2986,2692,,,,1709139740
12111235,1604,1974,,,,1709199190
12111291,3876,3200,,,,1709210905
12111305,2764,2402,1784,,,1709201475
12111340,2454,3019,,,,1709204396
12111377,2628,4543,,,,1709200341
12111400,2723,2411,,,,1709205762
12111413,,,,,,1709233353
12111435,2096,2192,,,,1709213369
12111444,2582,2341,,,,1709201786
12111445,,,,,,1709223555
12111465,2473,1862,2577,,,1709206042
12111466,1769,2401,,,,1709211689
12111490,1947,3876,3696,,,1709219201
12111509,2907,2074,2314,,,1709206265
12111522,2369,1582,,,,1709198670
12111542,2894,2655,,,,1709195820
12111560,2125,3445,2542,,,1709210709
12111566,2840,2119,,,,1709226128
12111571,2696,1605,,,,1709219490
12111572,2494,4042,2903,,,1709215117
12111605,3279,4388,,,,1709216732
12111635,1525,2105,,,,1709217335
12111692,6973,63911,,,,1709240864
12111693,4471,2742,1826,,,1709258889
12111700,2092,2544,,,,1709219983
12111746,2793,2880,,,,1709227015
12111784,3045,1453,2168,,,1709213070
12111866,2243,3303,2404,,,1709234931
12111980,3153,1827,,,,1709226318
12111990,2509,3084,,,,1709223701
12112023,2624,2158,,,,1709211922
12112050,2452,2956,2404,,,1709232357
12112058,1716,2098,,,,1709224826
12112096,1892,2247,,,,1709231169
12112183,1612,1991,,,,1709213666
12112193,2883,2819,,,,1709238417
12112205,2091,2322,,,,1709230964
12112214,2513,2209,,,,1709214832
12112643,2279,3203,,,,1709230129
12112644,2216,1656,,,,1709262632
12112648,1684,2422,3477,,,1709256030
12112649,1782,2138,,,,1709253793
12112650,2492,2046,2116,,,1709256264
12112652,3201,2255,,,,1709262278
12112673,2348,2683,,,,1709259103
12112674,2080,1711,,,,1709259508
12112705,3281,2597,4953,,,1709264422
12112706,2564,3681,,,,1709261500
12112709,2196,4201,3843,,,1709265556
12112710,2006,2344,,,,1709253787
12112740,2896,5162,,,,1709260083
12112743,3651,3106,,,,1709261242
12112746,2501,2146,,,,1709261510
12112747,2310,2882,,,,1709259227
12112795,2899,2613,2897,,,1709276580
12112816,1178,1195,,,,1709260275
12112897,1562,2132,,,,1709264031
12113049,2016,1679,2660,,,1709262924
12113218,2293,2921,,,,1709279361
12113219,2693,4419,,,,1709269891
12113268,2334,2710,,,,1709272670
12113284,2857,2051,,,,1709279793
12113285,3734,2760,1856,,,1709276181
12113294,1958,3032,,,,1709272051
12113295,4397,2153,3219,,,1709277128
12113307,2066,1574,,,,1709279013
12113308,1666,3217,,,,1709271248
12113325,2807,2340,,,,1709283568
12113351,3503,3932,3827,,,1709287827
12113520,2804,2262,2771,,,1709285401
12113560,2373,3063,4264,,,1709286371
12113601,3146,3524,,,,1709287597
12113637,2132,2815,,,,1709279226
12113638,3928,2838,,,,1709280868
12113698,4122,3494,,,,1709287049
12113724,2533,3349,,,,1709285598
12113725,2031,3494,,,,1709289904
12113726,2394,2143,,,,1709295398
12113753,2215,4348,,,,1709279176
12113769,2841,1989,,,,1709285521
12113771,4395,1752,,,,1709287546
12113823,1998,1203,,,,1709282836
12113840,2446,3062,,,,1709284810
12113857,2381,2124,,,,1709283342
12113875,2994,2762,,,,1709285317
12113877,3511,4806,,,,1709222517
12113879,3106,2437,,,,1709283735
12113902,3244,1599,,,,1709286446
12113937,1934,2501,4372,,,1709299645
12113989,4010,2852,,,,1709297431
12113990,,,,,,1709280350
12113991,3007,2086,,,,1709283925
12114091,2565,3192,3384,,,1709293847
12114171,2253,4104,3695,,,1709303689
12114291,1864,4382,,,,1709286005
12114293,2511,2364,2821,,,1709288642
12114411,1978,2694,,,,1709289830
12114412,2301,2192,,,,1709290030
12114506,2784,4020,,,,1709290560
12114507,2942,1815,2945,,,1709298221
12114646,2683,3405,1899,,,1709297616
12114659,2360,3067,,,,1709300898
12114675,2377,2893,2922,,,1709294861
12114745,1605,2627,,,,1709286544
12114877,4654,3126,,,,1709305175
12114926,2244,1815,3712,,,1709302515
12114975,2798,2193,,,,1709299785
12115070,3536,2837,,,,1709291472
12115163,2257,4633,2181,,,1709308955
12115176,2104,2760,1947,,,1709294406
12115417,1725,2077,,,,1709303955
12116852,,,,,,
12117459,,,,,,
12111605,3280,4389,,,,1709216732
12087270,2317,2196,2711,,,1709246417
12116452,3652,1870,,,,1709349623
12112705,3281,2598,4954,,,1709264422
12118435,1920,2775,2681,,,1709387929
12088050,4347,3913,,,,1709282567
12116852,,,,,,
12088078,1810,2794,,,,1709300674
12088071,3544,2986,,,,1709295054
12109018,2374,2863,,,,1709218209
12113990,,,,,,1709280350
12113295,4398,2154,3220,,,1709277128
12113725,2032,3494,,,,1709289904
12115432,1452,2079,,,,1709314602
12116878,2567,523,,,,1709367922
12087267,3030,2647,,,,1709325101
12113769,2842,1990,,,,1709285521
12114506,2785,4021,,,,1709290560
12087305,2860,3703,1842,,,1709244245
12113285,3734,2760,1857,,,1709276181
12112746,2501,2146,,,,1709261510
12112706,2564,3682,,,,1709261500
12116372,3347,5609,3144,,,1709352536
12117459,,,,,,
12111572,2494,4043,2904,,,1709215117
12117667,1608,2482,,,,1709370227
12112648,1684,2423,3478,,,1709256030
12117624,3031,2912,1719,,,1709372963
12088092,3123,2770,2348,,,1709286478
12114293,2511,2365,2822,,,1709288642
12087277,2450,2807,6560,,,1709355834
12113049,2017,1680,2660,,,1709262924
12117970,2533,1896,,,,1709371549
12115413,3252,3900,,,,1709315361
12113520,2805,2263,2772,,,1709285401
12116699,4966,2899,,,,1709363183
12109003,3730,3119,2659,,,1709235443
12087279,1651,1982,1958,,,1709347144
12118853,2823,2897,,,,1709378972
12087269,2802,2493,,,,1709331932
12088076,1392,3494,4282,,,1709389454
12088025,2067,3160,,,,1709217758
12116338,2917,2569,,,,1709347986
12087924,1695,2835,3073,,,1709256390
12106257,3840,3140,4405,,,1709235206
12114291,1864,4382,,,,1709286005
12088021,1907,1990,,,,1709329654
12113879,3107,2437,,,,1709283735
12113638,3928,2839,,,,1709280868
12113937,1935,2501,4372,,,1709299645
12113902,3244,1599,,,,1709286446
12088072,2066,2783,,,,1709306456
12113560,2374,3064,4264,,,1709286371
12107829,2942,2459,,,,1709217609
12118602,2182,2440,1868,,,1709387459
12110675,3142,4076,,,,1709212857
12087309,2671,1562,,,,1709340693
12087901,3662,2999,,,,1709312642
12112652,3201,2255,,,,1709262278
12088067,3806,3433,,,,1709295120
12114877,4655,3127,,,,1709305175
12114215,2168,2864,,,,1709311347
12087947,2899,3589,,,,1709315878
12117901,2024,2391,2574,,,1709388770
12117362,2108,3647,,,,1709369108
12115456,1887,2391,,,,1709322415
12111692,6974,63911,,,,1709240864
12114412,2302,2192,,,,1709290030
12110977,,,,,,1709224746
12114171,2254,4105,3695,,,1709303689
12110919,3656,2579,,,,1709225590
12087949,2137,3517,,,,1709249926
12117691,1876,2819,2922,,,1709372316
12118243,2744,2378,,,,1709376882
12110850,2464,30002,,,,1709209273
12112740,2897,5163,,,,1709260083
12111445,,,,,,1709223555
12088057,2808,1595,,,,1709288445
12088018,3000,3542,,,,1709296394
12113991,3008,2087,,,,1709283925
12113284,2858,2052,,,,1709279793
12116318,4335,3530,,,,1709351365
12087917,1894,3017,,,,1709253723
12088040,3475,3275,,,,1709378068
12087318,2220,2514,,,,1709234218
12112709,2197,4201,3843,,,1709265556
12118244,3280,1532,4130,,,1709379277
12112650,2493,2046,2116,,,1709256264
12087889,3020,2856,2829,,,1709304700
12087946,3814,3841,,,,1709337537
12087311,3114,5406,,,,1709347215
12113637,2132,2815,,,,1709279226
12114411,1978,2695,,,,1709289830
12110886,3276,75922,77046,,,1709211515
12111490,1948,3877,3697,,,1709219201
12113219,2693,4420,,,,1709269891
12117656,2103,4220,,,,1709366991
12116371,1890,2072,,,,1709347505
12113726,2394,2144,,,,1709295398
12088016,2045,3082,4014,,,1709306461
12110637,2014,4098,4195,,,1709219499
12112050,2453,2956,2404,,,1709232357
12113351,3504,3932,3827,,,1709287827
12087314,1886,3694,2740,,,1709322067
12116545,3027,2722,4759,,,1709364273
12117623,1951,2250,2981,,,1709369219
12113268,2334,2711,,,,1709272670
12113823,1998,1203,,,,1709282836
12088046,3743,3440,,,,1709275316
12106354,2727,2590,,,,1709247516
12113753,2215,4349,,,,1709279176
12114745,1605,2627,,,,1709286544
12113294,1959,3032,,,,1709272051
12115547,2396,2128,,,,1709320052
12113724,2534,3349,,,,1709285598
12115057,5668,3838,,,,1709316002
12115380,2083,1572,,,,1709316806
12112205,2092,2323,,,,1709230964
12087310,6153,2124,,,,1709257886
12110875,1669,3353,,,,1709217855
12110894,3719,3700,3262,,,1709223632
12111980,3153,1828,,,,1709226318
12118601,1719,2349,,,,1709386693
12115451,1842,3711,,,,1709304023
12112649,1783,2138,,,,1709253793
12088049,3889,1767,,,,1709275633
12113771,4395,1753,,,,1709287546
12112023,2625,2158,,,,1709211922
12112710,2006,2345,,,,1709253787
12088038,4072,2534,,,,1709291637
12112193,2883,2819,,,,1709238417
12115176,2105,2760,1948,,,1709294406
12087922,2727,2104,3352,,,1709355042
12116339,4030,1657,,,,1709342546
12109297,4217,3012,7968,,,1709235672
12111746,2794,2881,,,,1709227015
12111566,2841,2120,,,,1709226128
12113307,2067,1575,,,,1709279013
12112897,1563,2133,,,,1709264031
12110863,2606,2196,,,,1709212319
12112795,2900,2613,2898,,,1709276580
12112183,1613,1992,,,,1709213666
12113561,2657,2266,,,,1709373847
12115294,2211,3717,3130,,,1709313017
12088073,2311,1482,,,,1709219516
12110514,4284,3463,,,,1709213643
12112743,3651,3107,,,,1709261242
12087282,2361,3413,2419,,,1709270439
12115482,1775,3054,,,,1709311507
12088051,4758,2724,,,,1709370953
12117874,3633,2287,,,,1709372496
12115070,3536,2838,,,,1709291472
12087271,3132,2099,,,,1709238684
12087303,,,,,,1709325801
12115163,2258,4634,2181,,,1709308955
12112674,2080,1712,,,,1709259508
12114975,2799,2193,,,,1709299785
12114507,2942,1816,2945,,,1709298221
12088019,2641,3723,3096,,,1709323689
12088095,3242,3812,3045,,,1709300678
12111435,2096,2192,,,,1709213369
12118220,4193,4463,2029,,,1709337641
12113989,4010,2852,,,,1709297431
12113317,2834,2669,2768,,,1709376806
12112816,1179,1196,,,,1709260275
12113698,4123,3494,,,,1709287049
12113322,2424,2559,,,,1709373410
12111059,2566,76492,,,,1709206968
12111413,,,,,,1709233353
12112643,2280,3203,,,,1709230129
12087266,2230,2452,1601,,,1709261835
12114091,2565,3192,3385,,,1709293847
12111214,3138,2519,,,,1709225207
12107741,2914,3541,,,,1709219075
12117823,2792,2418,4012,,,1709379315
12113857,2382,2125,,,,1709283342
12111784,3045,1453,2168,,,1709213070
12087900,2161,2521,,,,1709221790
12112673,2348,2684,,,,1709259103
12111990,2510,3085,,,,1709223701
12088020,3537,3356,2617,,,1709237121
12115412,2622,1320,,,,1709328028
12114956,2706,3153,,,,1709305054
12087895,2201,4093,2206,,,1709231978
12114508,3120,3505,,,,1709307038
12115875,4792,2391,5231,,,1709317703
12088058,1663,2816,661,,,1709284119
12088090,2179,70320,,,,1709211385
12118510,3588,3312,,,,1709384834
12111700,2092,2544,,,,1709219983
12117465,2792,2942,,,,1709369757
12115417,1725,2078,,,,1709303955
12113325,2808,2340,,,,1709283568
12117498,4289,2558,,,,1709371668
12111571,2696,1606,,,,1709219490
12113218,2294,2922,,,,1709279361
12088027,1105,2349,,,,1709241906
12117499,1675,3954,4522,,,1709370890
12113601,3147,3525,,,,1709287597
12114659,2360,3068,,,,1709300898
12115577,2056,3907,1547,,,1709326227
12113308,1667,3217,,,,1709271248
12110714,3419,1561,,,,1709222547
12112747,2311,2883,,,,1709259227
12114926,2244,1816,3712,,,1709302515
12116719,1879,2580,,,,1709359248
12113770,2561,3640,,,,1709374134
12116344,2162,2605,2411,,,1709348977
12109807,,,,,,1709234497
12087307,3467,3488,3299,,,1709267915
12087925,3676,2938,2481,,,1709275602
12111466,1770,2401,,,,1709211689
12116337,1783,3223,,,,1709347133
12087927,3347,3610,,,,1709264107
12112214,2513,2210,,,,1709214832
12108169,3165,3367,,,,1709218081
12117997,2402,2344,,,,1709376256
12087939,2569,3905,2135,,,1709326743
12087923,2432,2654,1198,,,1709347220
12113877,3512,4806,,,,1709222517
12116672,3059,3195,,,,1709348593
12112096,1893,2247,,,,1709231169
12111866,2243,3303,2405,,,1709234931
12088056,2157,1984,,,,1709362000
12088086,2644,2987,,,,1709387498
12113840,2446,3062,,,,1709284810
12112058,1716,2099,,,,1709224826
12087937,2887,2607,,,,1709234388
12114675,2377,2893,2922,,,1709294861
12087941,2459,2613,3192,,,1709231675
12113875,2995,2762,,,,1709285317
12112644,2216,1657,,,,1709262632
12088069,3540,4148,,,,1709212065
12106247,3039,4264,3198,,,1709223575
12117464,3751,2298,,,,1709372572
12116336,2624,2718,2553,,,1709343675
12111635,1526,2106,,,,1709217335
12114764,2488,2201,,,,1709311887
12111693,4472,2742,1827,,,1709258889
12087942,3192,3396,2541,,,1709243551
12114646,2684,3406,1900,,,1709297616
12087936,1730,2837,,,,1709329123
12121192,,,,,,
12118939,3114,3811,,,,1709394504
12121379,,,,,,
12121308,,,,,,
12121229,,,,,,
12121363,,,,,,
12121213,,,,,,
12121233,,,,,,
12121314,,,,,,
12121023,,,,,,
12121012,,,,,,
12121259,,,,,,
12121194,,,,,,
12121003,,,,,,
12116452,3653,1871,,,,1709349623
12121318,,,,,,
12121086,,,,,,
12118435,1920,2775,2681,,,1709387929
12121305,,,,,,
12121065,,,,,,
12121306,,,,,,
12088078,1810,2794,,,,1709300674
12121337,,,,,,
12121300,,,,,,
12121270,,,,,,
12121090,,,,,,
12121443,,,,,,
12121553,2958,2471,,,,1709474839
12115432,1452,2080,,,,1709314602
12116878,2567,523,,,,1709367922
12121069,,,,,,
12087267,3030,2647,,,,1709325101
12121066,,,,,,
12121016,,,,,,
12121198,,,,,,
12121347,,,,,,
12121241,,,,,,
12121176,,,,,,
12121044,,,,,,
12143168,,,,,,
12121125,2930,1954,,,,1709469234
12121333,,,,,,
12121077,,,,,,
12120468,,,,,,
12121322,,,,,,
12121381,,,,,,
12121350,,,,,,
12121082,,,,,,
12121437,,,,,,
12121295,,,,,,
12121219,,,,,,
12121014,,,,,,
12121700,,,,,,
12121098,,,,,,
12121083,,,,,,
12116372,3346,5610,3144,,,1709352536
12121262,,,,,,
12121265,,,,,,
12121239,,,,,,
12117459,,,,,,
12121398,2424,3834,,,,1709462998
12121030,,,,,,
12121263,,,,,,
12120473,,,,,,
12117667,1607,2483,,,,1709370227
12117624,3031,2913,1719,,,1709372963
12120615,1385,1647,,,,1709440543
12121298,,,,,,
12121186,,,,,,
12087277,2451,2806,6561,,,1709355834
12119356,2369,3192,,,,1709400808
12117970,2533,1896,,,,1709371549
12121291,,,,,,
12115413,3252,3900,,,,1709315361
12120612,2673,2116,,,,1709441901
12116699,4966,2899,,,,1709363183
12087279,1650,1983,1958,,,1709347144
12121028,,,,,,
12118853,2823,2897,,,,1709378972
12087269,2802,2492,,,,1709331932
12088076,1393,3495,4283,,,1709389454
12121274,,,,,,
12121307,,,,,,
12121218,,,,,,
12121020,,,,,,
12120463,,,,,,
12121094,,,,,,
12121180,,,,,,
12120999,,,,,,
12116338,2918,2568,,,,1709347986
12122131,,,,,,
12121074,,,,,,
12121061,,,,,,
12121227,,,,,,
12121412,1121,2231,,,,1709468727
12121346,,,,,,
12121351,,,,,,
12121249,,,,,,
12121310,,,,,,
12121438,,,,,,
12088021,1906,1990,,,,1709329654
12119277,,,,,,
12121444,,,,,,
12121026,,,,,,
12113937,1935,2502,4373,,,1709299645
12121237,,,,,,
12121172,,,,,,
12121267,,,,,,
12088072,2066,2784,,,,1709306456
12121038,,,,,,
12121440,,,,,,
12118602,2182,2439,1868,,,1709387459
12087309,2670,1562,,,,1709340693
12121304,,,,,,
12121325,,,,,,
12121699,,,,,,
12121330,,,,,,
12119359,1900,4373,,,,1709419697
12087950,2329,2993,3432,,,1709419439
12087901,3662,2999,,,,1709312642
12121423,,,,,,
12121100,,,,,,
12121070,,,,,,
12114877,4655,3127,,,,1709305175
12121043,,,,,,
12114215,2168,2864,,,,1709311347
12121111,2270,3197,5285,,,1709456145
12121064,,,,,,
12087947,2900,3589,,,,1709315878
12117901,2023,2392,2574,,,1709388770
12117362,2107,3647,,,,1709369108
12121118,2943,2480,,,,1709456500
12115456,1886,2390,,,,1709322415
12111692,6973,63912,,,,1709240864
12121323,,,,,,
12121432,,,,,,
12121189,,,,,,
12121417,,,,,,
12121402,2449,3435,,,,1709474135
12121196,,,,,,
12121234,,,,,,
12121017,,,,,,
12121005,,,,,,
12121008,,,,,,
12143172,,,,,,
12114171,2254,4105,3695,,,1709303689
12121302,,,,,,
12123806,,,,,,
12121411,1795,2845,,,,1709473102
12122766,,,,,,
12121121,1556,1301,,,,1709460455
12121179,,,,,,
12121084,,,,,,
12120451,2285,2091,,,,1709457530
12121392,,,,,,
12117691,1876,2818,2922,,,1709372316
12122733,1244,2745,,,,1709464912
12121246,,,,,,
12118243,2743,2377,,,,1709376882
12121045,,,,,,
12120616,3527,3731,813,,,1709450747
12121311,,,,,,
12121201,,,,,,
12121099,,,,,,
12121096,,,,,,
12120452,2991,3328,,,,1709458155
12122821,3111,2016,,,,1709463239
12087920,3167,3538,,,,1709438964
12121224,,,,,,
12121269,,,,,,
12087276,3338,2375,,,,1709434840
12120610,2360,2628,,,,1709451939
12121261,,,,,,
12116318,4335,3530,,,,1709351365
12143170,,,,,,
12119953,2839,1826,,,,1709436452
12121327,,,,,,
12121720,,,,,,
12122140,,,,,,
12088040,3475,3276,,,,1709378068
12121217,,,,,,
12121007,,,,,,
12121088,,,,,,
12121161,2332,2458,,,,1709466882
12121095,,,,,,
12118244,3280,1531,4129,,,1709379277
12087889,3020,2856,2828,,,1709304700
12088052,3564,2773,,,,1709458881
12121404,3016,3209,,,,1709463549
12121717,,,,,,
12121225,,,,,,
12121384,,,,,,
12087946,3814,3840,,,,1709337537
12087311,3114,5406,,,,1709347215
12120475,,,,,,
12121178,,,,,,
12121215,,,,,,
12121041,,,,,,
12117656,2103,4221,,,,1709366991
12120846,2089,2199,2452,,,1709465142
12121006,,,,,,
12116371,1890,2073,,,,1709347505
12120744,1881,2571,,,,1709467220
12121439,,,,,,
12121063,,,,,,
12121266,,,,,,
12088016,2045,3083,4014,,,1709306461
12121292,,,,,,
12121344,,,,,,
12121587,2217,2655,2627,,,1709461802
12121039,,,,,,
12087314,1886,3694,2741,,,1709322067
12121315,,,,,,
12121348,,,,,,
12121037,,,,,,
12120471,,,,,,
12116545,3027,2723,4758,,,1709364273
12121426,,,,,,
12121184,,,,,,
12121313,,,,,,
12121124,2551,2133,,,,1709470307
12121078,,,,,,
12088017,3205,2809,,,,1709394243
12121352,,,,,,
12117623,1950,2250,2981,,,1709369219
12120603,971,1572,,,,1709453472
12121127,1352,2701,,,,1709464014
12119931,2673,2677,2896,,,1709436846
12122136,,,,,,
12121272,,,,,,
12121399,2670,3629,982,,,1709473905
12121336,,,,,,
12121427,,,,,,
12122141,,,,,,
12121188,,,,,,
12121343,,,,,,
12121321,,,,,,
12121109,1780,1522,,,,1709476809
12121247,,,,,,
12121049,,,,,,
12121222,,,,,,
12121365,,,,,,
12121091,,,,,,
12121425,,,,,,
12115547,2396,2128,,,,1709320052
12121119,2177,4637,6566,,,1709456161
12115057,5669,3837,,,,1709316002
12115380,2084,1571,,,,1709316806
12121296,,,,,,
12123736,,,,,,
12120604,1736,2132,,,,1709440851
12121364,,,,,,
12121123,2056,3521,,,,1709464504
12121059,,,,,,
12121036,,,,,,
12121712,,,,,,
12120606,2734,3013,1071,,,1709461534
12121042,,,,,,
12121588,1852,2753,,,,1709474881
12121231,,,,,,
12121340,,,,,,
12121004,,,,,,
12121228,,,,,,
12121326,,,,,,
12121056,,,,,,
12118601,1719,2349,,,,1709386693
12121273,,,,,,
12120474,,,,,,
12121013,,,,,,
12121092,,,,,,
12115451,1841,3711,,,,1709304023
12121212,,,,,,
12121366,,,,,,
12121075,,,,,,
12121708,,,,,,
12143173,,,,,,
12121331,,,,,,
12121232,,,,,,
12121334,,,,,,
12120462,,,,,,
12120608,2149,2234,,,,1709446153
12122138,,,,,,
12121068,,,,,,
12121079,,,,,,
12121728,,,,,,
12121177,,,,,,
12121199,,,,,,
12121721,,,,,,
12120617,2307,2581,888,,,1709460642
12087922,2726,2103,3352,,,1709355042
12121001,,,,,,
12121244,,,,,,
12121420,,,,,,
12124011,,,,,,
12120358,1663,2431,,,,1709444478
12121011,,,,,,
12087898,2893,2235,,,,1709395202
12121175,,,,,,
12116339,4030,1657,,,,1709342546
12121240,,,,,,
12119930,2272,5427,1757,,,1709439809
12120483,2503,1856,,,,1709453798
12121324,,,,,,
12121072,,,,,,
12121316,,,,,,
12121010,,,,,,
12121414,,,,,,
12119954,2458,3180,,,,1709432547
12121200,,,,,,
12122132,,,,,,
12121191,,,,,,
12121015,,,,,,
12120591,2870,1094,,,,1709463772
12120470,,,,,,
12120767,3140,3243,2863,,,1709465752
12119305,3917,4236,,,,1709412248
12120602,2160,2016,846,,,1709465192
12121309,,,,,,
12118818,1718,2793,,,,1709390360
12121058,,,,,,
12121067,,,,,,
12121550,1736,2877,,,,1709458640
12121303,,,,,,
12119028,2968,2171,2244,,,1709394940
12121338,,,,,,
12113561,2656,2266,,,,1709373847
12115294,2211,3717,3129,,,1709313017
12121195,,,,,,
12121242,,,,,,
12121339,,,,,,
12115482,1774,3054,,,,1709311507
12088051,4758,2724,,,,1709370953
12117874,3633,2288,,,,1709372496
12120469,,,,,,
12121073,,,,,,
12121050,,,,,,
12121047,,,,,,
12120607,2199,3238,1162,,,1709458598
12121093,,,,,,
12121413,,,,,,
12122124,,,,,,
12120739,3505,3340,3180,,,1709454640
12121089,,,,,,
12121122,,,,,,
12087303,,,,,,1709325801
12115163,2257,4634,2182,,,1709308955
12121085,,,,,,
12120467,,,,,,
12087938,3069,2730,,,,1709427765
12121097,,,,,,
12120399,2671,2889,,,,1709455921
12121173,,,,,,
12121027,,,,,,
12114975,2798,2193,,,,1709299785
12121442,,,,,,
12120466,,,,,,
12121260,,,,,,
12121301,,,,,,
12087317,1363,2954,,,,1709425837
12121053,,,,,,
12088019,2641,3723,3096,,,1709323689
12121290,,,,,,
12121329,,,,,,
12121250,,,,,,
12121385,,,,,,
12121230,,,,,,
12118220,4194,4464,2030,,,1709337641
12113317,2833,2668,2767,,,1709376806
12120502,2979,3192,,,,1709461782
12121387,,,,,,
12121342,,,,,,
12121238,,,,,,
12121424,,,,,,
12121421,,,,,,
12120372,,,,,,1709451230
12113322,2424,2559,,,,1709373410
12121328,,,,,,
12121040,,,,,,
12121374,,,,,,
12121593,2217,2173,2358,,,1709469609
12121431,,,,,,
12121264,,,,,,
12121120,,,,,,
12121349,,,,,,
12121002,,,,,,
12120605,2234,2901,770,,,1709450713
12117823,2792,2419,4012,,,1709379315
12121025,,,,,,
12121521,,,,,,
12143174,,,,,,
12121380,,,,,,
12121416,,,,,,
12121197,,,,,,
12121174,,,,,,
12121388,,,,,,
12121429,,,,,,
12121312,,,,,,
12115412,2621,1321,,,,1709328028
12114956,2706,3153,,,,1709305054
12121182,,,,,,
12121819,,,,,,
12121019,,,,,,
12121410,2545,1827,,,,1709468769
12121080,,,,,,
12121418,,,,,,
12121341,,,,,,
12114508,3121,3505,,,,1709307038
12115875,4792,2391,5230,,,1709317703
12121405,2431,1815,604,,,1709464880
12118510,3588,3312,,,,1709384834
12121433,,,,,,
12088026,2704,2686,1844,,,1709403937
12117465,2791,2943,,,,1709369757
12121214,,,,,,
12115417,1726,2077,,,,1709303955
12121441,,,,,,
12120609,2550,2226,,,,1709451402
12121187,,,,,,
12117498,4290,2558,,,,1709371668
12121052,,,,,,
12121422,,,,,,
12087284,2444,3985,,,,1709425727
12121299,,,,,,
12121021,,,,,,
12119917,3600,3635,,,,1709428334
12121236,,,,,,
12117499,1675,3954,4522,,,1709370890
12121430,,,,,,
12121382,,,,,,
12115577,2056,3908,1547,,,1709326227
12120445,1661,2750,,,,1709455076
12121409,2091,1778,,,,1709465771
12121211,,,,,,
12121029,,,,,,
12121193,,,,,,
12121081,,,,,,
12088068,1846,469,,,,1709468344
12121817,,,,,,
12122162,,,,,,
12114926,2245,1815,3712,,,1709302515
12116719,1879,2580,,,,1709359248
12121046,,,,,,
12113770,2561,3640,,,,1709374134
12116344,2163,2605,2411,,,1709348977
12143169,,,,,,
12121317,,,,,,
12121730,,,,,,
12121436,,,,,,
12088077,1986,2508,5681,,,1709399491
12120464,,,,,,
12121018,,,,,,
12120461,,,,,,
12116337,1784,3223,,,,1709347133
12121345,,,,,,
12121235,,,,,,
12121268,,,,,,
12121818,,,,,,
12120465,,,,,,
12117997,2402,2344,,,,1709376256
12087939,2570,3904,2136,,,1709326743
12121245,,,,,,
12121220,,,,,,
12121733,,,,,,
12087923,2433,2654,1198,,,1709347220
12121293,,,,,,
12116672,3058,3196,,,,1709348593
12121701,,,,,,
12121181,,,,,,
12121076,,,,,,
12121731,,,,,,
12121737,,,,,,
12121289,,,,,,
12121051,,,,,,
12088056,2157,1984,,,,1709362000
12121223,,,,,,
12088086,2644,2986,,,,1709387498
12087304,2128,4243,,,,1709414031
12121335,,,,,,
12120611,1638,1590,2115,,,1709458113
12121190,,,,,,
12121370,,,,,,
12121397,2781,1922,859,,,1709473181
12121243,,,,,,
12121710,,,,,,
12120472,,,,,,
12121022,,,,,,
12121396,,,,,,
12121297,,,,,,
12121415,,,,,,
12118895,2359,4480,2664,,,1709405888
12121376,,,,,,
12121434,,,,,,
12121048,,,,,,
12117464,3751,2298,,,,1709372572
12121185,,,,,,
12121435,,,,,,
12121288,,,,,,
12120614,1617,1443,,,,1709441118
12116336,2624,2718,2552,,,1709343675
12121009,,,,,,
12121332,,,,,,
12121419,,,,,,
12121706,,,,,,
12121183,,,,,,
12114764,2487,2202,,,,1709311887
12121428,,,,,,
12121408,966,1337,,,,1709461501
12121375,,,,,,
12121060,,,,,,
12119796,2228,2712,1806,,,1709416992
12121377,,,,,,
12121271,,,,,,
12120998,,,,,,
12143171,,,,,,
12121319,,,,,,
12121294,,,,,,
12120613,2477,1978,,,,1709445835
12121221,,,,,,
12121057,,,,,,
12121055,,,,,,
12121216,,,,,,
12121248,,,,,,
12121071,,,,,,
12121110,1186,1395,,,,1709454951
12121087,,,,,,
12121054,,,,,,
12121126,1318,2279,,,,1709470379
12121000,,,,,,
12121734,,,,,,
12087936,1730,2837,,,,1709329123
12087276,3339,2375,,,,1709434840
12087284,2445,3984,,,,1709425727
12087304,2128,4243,,,,1709414031
12087308,3404,4618,,,,1709500124
12087313,3837,2023,2157,,,1709522767
12087317,1363,2953,,,,1709425837
12087898,2894,2234,,,,1709395202
12087920,3167,3537,,,,1709438964
12087938,3068,2730,,,,1709427765
12087945,3128,1360,3163,,,1709508606
12087950,2329,2993,3432,,,1709419439
12088017,3204,2808,,,,1709394243
12088026,2703,2686,1845,,,1709403937
12088030,2682,2162,4178,,,1709479855
12088052,3564,2772,,,,1709458881
12088068,1846,470,,,,1709468344
12088076,1393,3495,4283,,,1709389454
12088077,1985,2507,5681,,,1709399491
12088086,2644,2987,,,,1709387498
12117901,2024,2392,2574,,,1709388770
12118435,1920,2776,2681,,,1709387929
12118510,3588,3311,,,,1709384834
12118601,1719,2350,,,,1709386693
12118602,2183,2439,1868,,,1709387459
12118818,1718,2793,,,,1709390360
12118895,2359,4479,2665,,,1709405888
12118939,3113,3812,,,,1709394504
12119028,2969,2171,2243,,,1709394940
12119277,,,,,,
12119305,3917,4236,,,,1709412248
12119356,2369,3192,,,,1709400808
12119359,1899,4373,,,,1709419697
12119796,2227,2712,1805,,,1709416992
12119917,3601,3635,,,,1709428334
12119930,2273,5426,1756,,,1709439809
12119931,2673,2676,2895,,,1709436846
12119953,2839,1825,,,,1709436452
12119954,2458,3180,,,,1709432547
12120358,1662,2431,,,,1709444478
12120372,,,,,,1709451230
12120399,2671,2888,,,,1709455921
12120445,1660,2751,,,,1709455076
12120451,2284,2090,,,,1709457530
12120452,2991,3327,,,,1709458155
12120461,,,,,,
12120462,,,,,,
12120463,,,,,,
12120464,,,,,,
12120465,,,,,,
12120466,,,,,,
12120467,,,,,,
12120468,,,,,,
12120469,,,,,,
12120470,,,,,,
12120471,,,,,,
12120472,,,,,,
12120473,,,,,,
12120474,,,,,,
12120475,,,,,,
12120483,2503,1857,,,,1709453798
12120502,2979,3192,,,,1709461782
12120591,2870,1094,,,,1709463772
12120602,2161,2016,845,,,1709465192
12120603,970,1572,,,,1709453472
12120604,1736,2132,,,,1709440851
12120605,2234,2900,769,,,1709450713
12120606,2734,3014,1070,,,1709461534
12120607,2200,3237,1163,,,1709458598
12120608,2148,2234,,,,1709446153
12120609,2550,2226,,,,1709451402
12120610,2361,2628,,,,1709451939
12120611,1639,1591,2114,,,1709458113
12120612,2673,2117,,,,1709441901
12120613,2478,1978,,,,1709445835
12120614,1617,1444,,,,1709441118
12120615,1385,1646,,,,1709440543
12120616,3526,3730,812,,,1709450747
12120617,2307,2581,889,,,1709460642
12120739,3505,3340,3181,,,1709454640
12120744,1881,2571,,,,1709467220
12120767,3139,3243,2863,,,1709465752
12120846,2089,2199,2451,,,1709465142
12120998,,,,,,
12120999,,,,,,
12121000,,,,,,
12121001,,,,,,
12121002,,,,,,
12121003,,,,,,
12121004,,,,,,
12121005,,,,,,
12121006,,,,,,
12121007,,,,,,
12121008,,,,,,
12121009,,,,,,
12121010,,,,,,
12121011,,,,,,
12121012,,,,,,
12121013,,,,,,
12121014,,,,,,
12121015,,,,,,
12121016,,,,,,
12121017,,,,,,
12121018,,,,,,
12121019,,,,,,
12121020,,,,,,
12121021,,,,,,
12121022,,,,,,
12121023,,,,,,
12121025,,,,,,
12121026,,,,,,
12121027,,,,,,
12121028,,,,,,
12121029,,,,,,
12121030,,,,,,
12121036,,,,,,
12121037,,,,,,
12121038,,,,,,
12121039,,,,,,
12121040,,,,,,
12121041,,,,,,
12121042,,,,,,
12121043,,,,,,
12121044,,,,,,
12121045,,,,,,
12121046,,,,,,
12121047,,,,,,
12121048,,,,,,
12121049,,,,,,
12121050,,,,,,
12121051,,,,,,
12121052,,,,,,
12121053,,,,,,
12121054,,,,,,
12121055,,,,,,
12121056,,,,,,
12121057,,,,,,
12121058,,,,,,
12121059,,,,,,
12121060,,,,,,
12121061,,,,,,
12121063,,,,,,
12121064,,,,,,
12121065,,,,,,
12121066,,,,,,
12121067,,,,,,
12121068,,,,,,
12121069,,,,,,
12121070,,,,,,
12121071,,,,,,
12121072,,,,,,
12121073,,,,,,
12121074,,,,,,
12121075,,,,,,
12121076,,,,,,
12121077,,,,,,
12121078,,,,,,
12121079,,,,,,
12121080,,,,,,
12121081,,,,,,
12121082,,,,,,
12121083,,,,,,
12121084,,,,,,
12121085,,,,,,
12121086,,,,,,
12121087,,,,,,
12121088,,,,,,
12121089,,,,,,
12121090,,,,,,
12121091,,,,,,
12121092,,,,,,
12121093,,,,,,
12121094,,,,,,
12121095,,,,,,
12121096,,,,,,
12121097,,,,,,
12121098,,,,,,
12121099,,,,,,
12121100,,,,,,
12121109,1780,1522,,,,1709476809
12121110,1186,1396,,,,1709454951
12121111,2269,3198,5285,,,1709456145
12121118,2942,2479,,,,1709456500
12121119,2177,4637,6566,,,1709456161
12121120,,,,,,
12121121,1556,1301,,,,1709460455
12121122,,,,,,
12121123,2057,3521,,,,1709464504
12121124,2551,2133,,,,1709470307
12121125,2930,1955,,,,1709469234
12121126,1317,2278,,,,1709470379
12121127,1351,2702,,,,1709464014
12121161,2332,2459,,,,1709466882
12121172,,,,,,
12121173,,,,,,
12121174,,,,,,
12121175,,,,,,
12121176,,,,,,
12121177,,,,,,
12121178,,,,,,
12121179,,,,,,
12121180,,,,,,
12121181,,,,,,
12121182,,,,,,
12121183,,,,,,
12121184,,,,,,
12121185,,,,,,
12121186,,,,,,
12121187,,,,,,
12121188,,,,,,
12121189,,,,,,
12121190,,,,,,
12121191,,,,,,
12121192,,,,,,
12121193,,,,,,
12121194,,,,,,
12121195,,,,,,
12121196,,,,,,
12121197,,,,,,
12121198,,,,,,
12121199,,,,,,
12121200,,,,,,
12121201,,,,,,
12121211,,,,,,
12121212,,,,,,
12121213,,,,,,
12121214,,,,,,
12121215,,,,,,
12121216,,,,,,
12121217,,,,,,
12121218,,,,,,
12121219,,,,,,
12121220,,,,,,
12121221,,,,,,
12121222,,,,,,
12121223,,,,,,
12121224,,,,,,
12121225,,,,,,
12121227,,,,,,
12121228,,,,,,
12121229,,,,,,
12121230,,,,,,
12121231,,,,,,
12121232,,,,,,
12121233,,,,,,
12121234,,,,,,
12121235,,,,,,
12121236,,,,,,
12121237,,,,,,
12121238,,,,,,
12121239,,,,,,
12121240,,,,,,
12121241,,,,,,
12121242,,,,,,
12121243,,,,,,
12121244,,,,,,
12121245,,,,,,
12121246,,,,,,
12121247,,,,,,
12121248,,,,,,
12121249,,,,,,
12121250,,,,,,
12121259,,,,,,
12121260,,,,,,
12121261,,,,,,
12121262,,,,,,
12121263,,,,,,
12121264,,,,,,
12121265,,,,,,
12121266,,,,,,
12121267,,,,,,
12121268,,,,,,
12121269,,,,,,
12121270,,,,,,
12121271,,,,,,
12121272,,,,,,
12121273,,,,,,
12121274,,,,,,
12121288,,,,,,
12121289,,,,,,
12121290,,,,,,
12121291,,,,,,
12121292,,,,,,
12121293,,,,,,
12121294,,,,,,
12121295,,,,,,
12121296,,,,,,
12121297,,,,,,
12121298,,,,,,
12121299,,,,,,
12121300,,,,,,
12121301,,,,,,
12121302,,,,,,
12121303,,,,,,
12121304,,,,,,
12121305,,,,,,
12121306,,,,,,
12121307,,,,,,
12121308,,,,,,
12121309,,,,,,
12121310,,,,,,
12121311,,,,,,
12121312,,,,,,
12121313,,,,,,
12121314,,,,,,
12121315,,,,,,
12121316,,,,,,
12121317,,,,,,
12121318,,,,,,
12121319,,,,,,
12121321,,,,,,
12121322,,,,,,
12121323,,,,,,
12121324,,,,,,
12121325,,,,,,
12121326,,,,,,
12121327,,,,,,
12121328,,,,,,
12121329,,,,,,
12121330,,,,,,
12121331,,,,,,
12121332,,,,,,
12121333,,,,,,
12121334,,,,,,
12121335,,,,,,
12121336,,,,,,
12121337,,,,,,
12121338,,,,,,
12121339,,,,,,
12121340,,,,,,
12121341,,,,,,
12121342,,,,,,
12121343,,,,,,
12121344,,,,,,
12121345,,,,,,
12121346,,,,,,
12121347,,,,,,
12121348,,,,,,
12121349,,,,,,
12121350,,,,,,
12121351,,,,,,
12121352,,,,,,
12121363,,,,,,
12121364,,,,,,
12121365,,,,,,
12121366,,,,,,
12121367,,,,,,
12121368,,,,,,
12121369,,,,,,
12121370,,,,,,
12121372,,,,,,
12121373,,,,,,
12121374,,,,,,
12121375,,,,,,
12121376,,,,,,
12121377,,,,,,
12121378,,,,,,
12121379,,,,,,
12121380,,,,,,
12121381,,,,,,
12121382,,,,,,
12121383,,,,,,
12121384,,,,,,
12121385,,,,,,
12121386,,,,,,
12121387,,,,,,
12121388,,,,,,
12121389,,,,,,
12121390,,,,,,
12121391,,,,,,
12121392,,,,,,
12121393,,,,,,
12121394,,,,,,
12121395,,,,,,
12121396,,,,,,
12121397,2781,1923,858,,,1709473181
12121398,2424,3835,,,,1709462998
12121399,2671,3629,983,,,1709473905
12121400,2352,2257,666,,,1709482936
12121401,890,1024,,,,1709475511
12121402,2450,3435,,,,1709474135
12121403,2499,3393,957,,,1709481475
12121404,3015,3208,,,,1709463549
12121405,2431,1815,605,,,1709464880
12121406,4438,1830,688,,,1709489382
12121407,2839,2739,,,,1709479489
12121408,967,1337,,,,1709461501
12121409,2091,1778,,,,1709465771
12121410,2544,1827,,,,1709468769
12121411,1796,2845,,,,1709473102
12121412,1121,2230,,,,1709468727
12121413,,,,,,
12121414,,,,,,
12121415,,,,,,
12121416,,,,,,
12121417,,,,,,
12121418,,,,,,
12121419,,,,,,
12121420,,,,,,
12121421,,,,,,
12121422,,,,,,
12121423,,,,,,
12121424,,,,,,
12121425,,,,,,
12121426,,,,,,
12121427,,,,,,
12121428,,,,,,
12121429,,,,,,
12121430,,,,,,
12121431,,,,,,
12121432,,,,,,
12121433,,,,,,
12121434,,,,,,
12121435,,,,,,
12121436,,,,,,
12121437,,,,,,
12121438,,,,,,
12121439,,,,,,
12121440,,,,,,
12121441,,,,,,
12121442,,,,,,
12121443,,,,,,
12121444,,,,,,
12121521,,,,,,
12121550,1737,2877,,,,1709458640
12121551,1859,4007,2524,,,1709468434
12121553,2959,2470,,,,1709474839
12121554,2246,2100,1826,,,1709488374
12121555,1888,1599,1697,,,1709481496
12121587,2217,2656,2627,,,1709461802
12121588,1853,2754,,,,1709474881
12121589,2237,2006,3342,,,1709491594
12121590,2909,1680,,,,1709494056
12121591,2207,2479,,,,1709497867
12121592,2110,3118,2517,,,1709483790
12121593,2217,2173,2358,,,1709469609
12121596,2588,1761,3521,,,1709554533
12121599,1960,2399,,,,1709558075
12121600,1269,2155,,,,1709546295
12121602,2374,2478,,,,1709555597
12121699,,,,,,
12121700,,,,,,
12121701,,,,,,
12121702,,,,,,
12121703,,,,,,
12121704,,,,,,
12121705,,,,,,
12121706,,,,,,
12121707,,,,,,
12121708,,,,,,
12121709,,,,,,
12121710,,,,,,
12121711,,,,,,
12121712,,,,,,
12121713,,,,,,
12121714,,,,,,
12121715,,,,,,
12121716,,,,,,
12121717,,,,,,
12121718,,,,,,
12121719,,,,,,
12121720,,,,,,
12121721,,,,,,
12121724,,,,,,
12121725,,,,,,
12121726,,,,,,
12121727,,,,,,
12121728,,,,,,
12121729,,,,,,
12121730,,,,,,
12121731,,,,,,
12121732,,,,,,
12121733,,,,,,
12121734,,,,,,
12121735,,,,,,
12121736,,,,,,
12121737,,,,,,
12121806,1664,2971,,,,1709494456
12121807,1766,3064,,,,1709483669
12121808,90,1130,,,,1709480537
12121809,1675,2530,,,,1709489257
12121810,,,,,,1709482346
12121811,1709,2065,,,,1709487048
12121812,,,,,,1709480599
12121817,,,,,,
12121818,,,,,,
12121819,,,,,,
12121826,2068,2332,,,,1709490298
12121827,2885,2786,,,,1709496435
12121828,1449,1370,,,,1709485774
12121829,172605,810,,,,1709653091
12122124,,,,,,
12122125,,,,,,
12122126,,,,,,
12122127,,,,,,
12122128,,,,,,
12122129,,,,,,
12122130,,,,,,
12122131,,,,,,
12122132,,,,,,
12122133,,,,,,
12122134,,,,,,
12122135,,,,,,
12122136,,,,,,
12122137,,,,,,
12122138,,,,,,
12122139,,,,,,
12122140,,,,,,
12122141,,,,,,
12122142,,,,,,
12122143,,,,,,
12122144,,,,,,
12122145,,,,,,
12122146,,,,,,
12122147,,,,,,
12122148,,,,,,
12122149,,,,,,
12122150,,,,,,
12122151,,,,,,
12122152,,,,,,
12122153,,,,,,
12122154,,,,,,
12122155,,,,,,
12122156,,,,,,
12122157,,,,,,
12122158,,,,,,
12122159,,,,,,
12122160,,,,,,
12122161,,,,,,
12122162,,,,,,
12122163,,,,,,
12122164,,,,,,
12122165,,,,,,
12122166,,,,,,
12122167,,,,,,
12122168,,,,,,
12122172,1935,2770,2927,,,1709501715
12122307,4226,2941,,,,1709493632
12122308,2975,2930,,,,1709516829
12122309,2356,1438,,,,1709491751
12122310,2495,3134,3483,,,1709503191
12122311,2325,3143,,,,1709509818
12122317,2730,2123,3988,,,1709511612
12122318,1843,2735,,,,1709502953
12122319,3284,2693,,,,1709497536
12122320,2233,2726,3042,,,1709494320
12122321,3363,3067,2691,,,1709517187
12122322,1531,1665,,,,1709508218
12122323,1695,2797,2999,,,1709502815
12122324,2399,3426,,,,1709507496
12122325,2929,2160,,,,1709501800
12122326,1746,2546,4138,,,1709493704
12122327,4682,2967,,,,1709516450
12122733,1244,2744,,,,1709464912
12122766,,,,,,
12122821,3111,2016,,,,1709463239
12123190,,,,,,
12123191,,,,,,
12123192,,,,,,
12123193,,,,,,
12123195,,,,,,
12123196,,,,,,
12123197,,,,,,
12123199,,,,,,
12123277,,,,,,
12123278,,,,,,
12123279,,,,,,
12123280,,,,,,
12123281,,,,,,
12123282,,,,,,
12123283,,,,,,
12123284,,,,,,
12123658,1547,1842,,,,1709541236
12123659,1852,2190,,,,1709541484
12123666,1626,2409,,,,1709533524
12123667,1874,2314,,,,1709529083
12123668,1559,1629,557,,,1709530189
12123669,2043,1929,,,,1709529221
12123670,2129,2886,1066,,,1709537525
12123671,2423,2341,,,,1709534598
12123672,3289,2363,1260,,,1709537261
12123673,1657,2016,,,,1709528923
12123687,1815,1800,,,,1709544883
12123696,2494,3631,2779,,,1709546372
12123697,3157,3908,,,,1709543151
12123698,,,,,,
12123699,,,,,,
12123700,,,,,,
12123701,,,,,,
12123702,,,,,,
12123703,,,,,,
12123704,,,,,,
12123705,,,,,,
12123706,,,,,,
12123707,,,,,,
12123708,,,,,,
12123709,,,,,,
12123710,,,,,,
12123711,,,,,,
12123712,,,,,,
12123713,,,,,,
12123736,,,,,,
12123806,,,,,,
12123807,1850,1309,1758,,,1709542836
12123808,1255,1252,,,,1709530139
12123809,,,,,,
12123810,859,496,,,,1709532788
12123811,2508,2309,,,,1709547179
12123812,1781,3849,,,,1709535067
12123813,1308,1819,,,,1709547922
12123814,1227,1144,,,,1709530102
12123815,1835,1647,,,,1709530862
12123816,1580,1823,,,,1709533829
12123817,1408,1942,,,,1709546865
12123818,1249,1251,,,,1709550748
12123819,1674,1430,,,,1709552279
12123821,3673,2124,,,,1709543293
12123822,2161,2893,,,,1709547435
12123823,1350,2520,,,,1709549355
12123826,5010,3997,,,,1709551960
12123827,,,,,,
12123828,,,,,,
12123829,,,,,,
12123830,,,,,,
12123831,,,,,,
12123832,,,,,,
12123833,,,,,,
12123834,,,,,,
12123835,,,,,,
12123836,,,,,,
12123837,,,,,,
12123838,,,,,,
12123839,,,,,,
12123840,,,,,,
12123841,,,,,,
12123842,,,,,,
12123843,,,,,,
12123844,,,,,,
12123845,,,,,,
12123846,,,,,,
12123847,,,,,,
12123848,,,,,,
12123849,,,,,,
12123850,,,,,,
12123851,,,,,,
12123852,,,,,,
12123853,,,,,,
12123854,,,,,,
12123855,,,,,,
12123856,,,,,,
12123857,,,,,,
12123858,,,,,,
12123889,2439,2352,,,,1709539147
12123890,3404,344,,,,1709550570
12123891,2148,2226,,,,1709536750
12123892,3938,2677,,,,1709546994
12123893,1934,3752,,,,1709537659
12123894,2539,2654,1007,,,1709534751
12123895,3097,2294,,,,1709559148
12123896,1713,1240,,,,1709554000
12123897,2260,2205,,,,1709531757
12123898,2387,3498,764,,,1709535326
12123899,3845,1701,814,,,1709545821
12123900,2473,3260,1062,,,1709557791
12123901,2167,1742,,,,1709549887
12123902,2337,2312,,,,1709544367
12123903,2763,2240,950,,,1709534057
12123904,1281,2629,921,,,1709554540
12123929,2837,2202,964,,,1709562443
12123930,1590,1427,,,,1709549566
12123931,2859,1885,1283,,,1709548856
12123932,1721,1896,,,,1709542886
12123933,1647,4031,,,,1709553686
12123934,2051,2635,,,,1709537947
12123935,1871,2430,,,,1709547935
12123936,3080,1953,934,,,1709551116
12123937,1603,1958,,,,1709553385
12123938,2394,2974,,,,1709553381
12123939,1397,2466,,,,1709537672
12123940,4038,2279,860,,,1709542963
12123941,3664,2698,,,,1709560272
12123942,4080,2999,,,,1709540130
12123943,1382,1386,,,,1709542403
12123944,1520,2123,,,,1709554370
12123945,3842,2317,,,,1709559566
12123946,2735,3590,,,,1709551452
12123947,2888,1787,,,,1709539088
12123948,2242,3170,1171,,,1709541823
12123949,4966,2446,1152,,,1709544003
12123950,1957,3001,1323,,,1709550257
12123951,1421,1955,,,,1709545906
12123952,1755,1769,796,,,1709539485
12123953,2806,2582,,,,1709551075
12123954,1698,1751,,,,1709545479
12123955,1643,1848,,,,1709549167
12123956,2758,2708,,,,1709544392
12123957,2297,3213,,,,1709554849
12123958,1777,2972,,,,1709543432
12123959,2221,3213,,,,1709556736
12123960,1971,2182,,,,1709553185
12123961,2614,2089,,,,1709487063
12123962,2403,2828,850,,,1709495344
12123963,,,,,,
12123964,2620,2379,,,,1709492999
12123965,2386,2581,,,,1709493503
12123966,2046,3583,1452,,,1709489962
12123967,1917,2337,,,,1709494098
12123968,2476,3272,1066,,,1709488684
12123973,3848,4297,,,,1709547350
12124004,2179,2790,,,,1709549893
12124011,,,,,,
12124015,2464,4868,,,,1709558845
12124016,3096,5679,,,,1709558112
12124017,3247,7042,,,,1709555738
12124018,2171,3474,,,,1709545785
12124019,3831,3831,755,,,1709551074
12124020,2898,2561,,,,1709551605
12124021,2295,2353,,,,1709545649
12124022,2923,2911,,,,1709552772
12124046,,,,,,
12124047,,,,,,
12124048,,,,,,
12124049,,,,,,
12124050,,,,,,
12124051,,,,,,
12124052,,,,,,
12124053,,,,,,
12124054,,,,,,
12124055,,,,,,
12124056,,,,,,
12124057,,,,,,
12124058,,,,,,
12124059,,,,,,
12124060,,,,,,
12124061,,,,,,
12124084,,,,,,
12124085,,,,,,
12124087,,,,,,
12124089,,,,,,
12124090,,,,,,
12124091,,,,,,
12124093,,,,,,
12124094,,,,,,
12124127,2742,1656,,,,1709556951
12124128,3266,2077,928,,,1709564061
12124129,1931,1982,,,,1709561211
12124130,1958,2186,,,,1709556054
12124131,,,,,,
12124132,,,,,,
12124133,,,,,,
12124134,2328,2048,,,,1709556422
12124135,3629,1600,883,,,1709564536
12124138,,,,,,
12124139,,,,,,
12124140,,,,,,
12124141,,,,,,
12124142,,,,,,
12124143,,,,,,
12124144,,,,,,
12124145,,,,,,
12124146,,,,,,
12124147,,,,,,
12124148,,,,,,
12124149,,,,,,
12124150,,,,,,
12124153,,,,,,
12124154,,,,,,
12124164,,,,,,
12124165,,,,,,
12124166,,,,,,
12124167,,,,,,
12124168,,,,,,
12124169,,,,,,
12124170,,,,,,
12124171,,,,,,
12124172,,,,,,
12124173,,,,,,
12124174,,,,,,
12124175,,,,,,
12124176,,,,,,
12124177,,,,,,
12124249,1863,2285,,,,1709554327
12124256,3115,3039,4049,,,1709549653
12124257,1895,2267,,,,1709550796
12124259,1627,2367,,,,1709545019
12124264,1831,4550,,,,1709556090
12124265,3493,2561,2836,,,1709565105
12124266,2313,3349,2375,,,1709560393
12124269,2048,2818,,,,1709545361
12124270,4097,2932,2995,,,1709555336
12124287,,,,,,
12124288,,,,,,
12124289,,,,,,
12124290,,,,,,
12124291,,,,,,
12124292,,,,,,
12124293,,,,,,
12124294,,,,,,
12124295,,,,,,
12124296,,,,,,
12124297,,,,,,
12124298,,,,,,
12124299,,,,,,
12124300,,,,,,
12124366,3716,2525,,,,1709562620
12124374,,,,,,
12124375,,,,,,
12124376,,,,,,
12124377,,,,,,
12124378,,,,,,
12124379,,,,,,
12124380,,,,,,
12124381,,,,,,
12124382,,,,,,
12124383,,,,,,
12124384,,,,,,
12124385,,,,,,
12124386,,,,,,
12124427,,,,,,
12124481,,,,,,
12124532,2044,2969,2879,,,1709558423
12124607,,,,,,
12124620,1756,2343,,,,1709555634
12124638,1893,2588,1704,,,1709561913
12124641,,,,,,
12124643,,,,,,
12124645,,,,,,
12124646,,,,,,
12124647,,,,,,
12124653,,,,,,
12124657,,,,,,
12124659,,,,,,
12124665,,,,,,
12124680,4274,2567,,,,1709562369
12124681,2651,1881,,,,1709561192
12124684,4320,2924,,,,1709562851
12124760,,,,,,
12124761,,,,,,
12124762,,,,,,
12124763,,,,,,
12124765,,,,,,
12124766,,,,,,
12124769,,,,,,
12124772,,,,,,
12124773,,,,,,
12124775,,,,,,
12125953,3338,1845,,,,1709571659
12125954,1865,1952,,,,1709570834
12125955,2003,2396,1401,,,1709567642
12143168,,,,,,
12143169,,,,,,
12143170,,,,,,
12143171,,,,,,
12143172,,,,,,
12143173,,,,,,
12143174,,,,,,
12143175,,,,,,
12143176,,,,,,
12143177,,,,,,
12143178,,,,,,
12143179,,,,,,
12143180,,,,,,
12143181,,,,,,
12143182,,,,,,
12143183,,,,,,
12143184,,,,,,
12143185,,,,,,
12143186,,,,,,
12143187,,,,,,
12143188,,,,,,
12143189,,,,,,
12143190,,,,,,
12087308,3404,4619,,,,1709500124
12087313,3836,2022,2157,,,1709522767
12087945,3128,1360,3163,,,1709508606
12088030,2682,2161,4178,,,1709479855
12121109,1780,1522,,,,1709476809
12121124,2551,2134,,,,1709470307
12121126,1317,2279,,,,1709470379
12121172,,,,,,
12121174,,,,,,
12121178,,,,,,
12121182,,,,,,
12121187,,,,,,
12121194,,,,,,
12121197,,,,,,
12121199,,,,,,
12121274,,,,,,
12121326,,,,,,
12121328,,,,,,
12121329,,,,,,
12121334,,,,,,
12121338,,,,,,
12121341,,,,,,
12121347,,,,,,
12121350,,,,,,
12121364,,,,,,
12121365,,,,,,
12121366,,,,,,
12121367,,,,,,
12121368,,,,,,
12121369,,,,,,
12121370,,,,,,
12121372,,,,,,
12121373,,,,,,
12121374,,,,,,
12121375,,,,,,
12121378,,,,,,
12121379,,,,,,
12121380,,,,,,
12121381,,,,,,
12121383,,,,,,
12121384,,,,,,
12121385,,,,,,
12121386,,,,,,
12121389,,,,,,
12121390,,,,,,
12121391,,,,,,
12121393,,,,,,
12121394,,,,,,
12121395,,,,,,
12121396,,,,,,
12121397,2782,1922,858,,,1709473181
12121400,2353,2257,667,,,1709482936
12121401,891,1024,,,,1709475511
12121402,2449,3435,,,,1709474135
12121403,2498,3394,956,,,1709481475
12121406,4438,1831,687,,,1709489382
12121407,2839,2740,,,,1709479489
12121411,1796,2846,,,,1709473102
12121412,1121,2230,,,,1709468727
12121553,2958,2470,,,,1709474839
12121554,2245,2099,1826,,,1709488374
12121555,1889,1599,1697,,,1709481496
12121588,1853,2754,,,,1709474881
12121589,2238,2006,3342,,,1709491594
12121590,2910,1681,,,,1709494056
12121591,2207,2478,,,,1709497867
12121592,2110,3118,2516,,,1709483790
12121594,,,,,,
12121595,1338,1465,,,,1709633303
12121596,2588,1761,3521,,,1709554533
12121597,4321,2526,,,,1709630574
12121598,2326,2492,,,,1709628635
12121599,1961,2400,,,,1709558075
12121600,1268,2156,,,,1709546295
12121601,1925,2554,,,,1709628162
12121602,2374,2478,,,,1709555597
12121603,3117,2222,,,,1709640812
12121607,,,,,,
12121676,1577,2604,,,,1709631306
12121679,2161,2464,,,,1709574268
12121680,3528,2968,2939,,,1709641294
12121682,2336,2447,,,,1709580178
12121684,2275,1967,,,,1709567133
12121699,,,,,,
12121700,,,,,,
12121701,,,,,,
12121702,,,,,,
12121703,,,,,,
12121704,,,,,,
12121705,,,,,,
12121706,,,,,,
12121707,,,,,,
12121708,,,,,,
12121709,,,,,,
12121710,,,,,,
12121711,,,,,,
12121712,,,,,,
12121713,,,,,,
12121714,,,,,,
12121715,,,,,,
12121716,,,,,,
12121717,,,,,,
12121718,,,,,,
12121719,,,,,,
12121720,,,,,,
12121721,,,,,,
12121724,,,,,,
12121725,,,,,,
12121726,,,,,,
12121727,,,,,,
12121728,,,,,,
12121729,,,,,,
12121730,,,,,,
12121731,,,,,,
12121732,,,,,,
12121733,,,,,,
12121734,,,,,,
12121735,,,,,,
12121736,,,,,,
12121737,,,,,,
12121805,,,,,,
12121806,1664,2971,,,,1709494456
12121807,1767,3063,,,,1709483669
12121808,91,1129,,,,1709480537
12121809,1675,2530,,,,1709489257
12121810,,,,,,1709482346
12121811,1710,2065,,,,1709487048
12121812,,,,,,1709480599
12121817,,,,,,
12121818,,,,,,
12121819,,,,,,
12121826,2068,2332,,,,1709490298
12121827,2885,2786,,,,1709496435
12121828,1448,1370,,,,1709485774
12121829,172606,810,,,,1709653091
12121874,2266,1896,,,,1709594236
12121878,2655,1742,,,,1709602262
12121879,4706,4339,853,,,1709601471
12121883,2873,2817,,,,1709590602
12121885,2028,2467,,,,1709596369
12122124,,,,,,
12122125,,,,,,
12122126,,,,,,
12122127,,,,,,
12122128,,,,,,
12122129,,,,,,
12122130,,,,,,
12122131,,,,,,
12122132,,,,,,
12122133,,,,,,
12122134,,,,,,
12122135,,,,,,
12122136,,,,,,
12122137,,,,,,
12122138,,,,,,
12122139,,,,,,
12122140,,,,,,
12122141,,,,,,
12122142,,,,,,
12122143,,,,,,
12122144,,,,,,
12122145,,,,,,
12122146,,,,,,
12122147,,,,,,
12122148,,,,,,
12122149,,,,,,
12122150,,,,,,
12122151,,,,,,
12122152,,,,,,
12122153,,,,,,
12122154,,,,,,
12122155,,,,,,
12122156,,,,,,
12122157,,,,,,
12122158,,,,,,
12122159,,,,,,
12122160,,,,,,
12122161,,,,,,
12122162,,,,,,
12122163,,,,,,
12122164,,,,,,
12122165,,,,,,
12122166,,,,,,
12122167,,,,,,
12122168,,,,,,
12122172,1935,2771,2927,,,1709501715
12122307,4226,2941,,,,1709493632
12122308,2975,2930,,,,1709516829
12122309,2355,1437,,,,1709491751
12122310,2496,3134,3483,,,1709503191
12122311,2325,3143,,,,1709509818
12122317,2730,2124,3988,,,1709511612
12122318,1844,2735,,,,1709502953
12122319,3285,2692,,,,1709497536
12122320,2233,2725,3043,,,1709494320
12122321,3362,3066,2692,,,1709517187
12122322,1531,1664,,,,1709508218
12122323,1694,2797,3000,,,1709502815
12122324,2399,3426,,,,1709507496
12122325,2929,2161,,,,1709501800
12122326,1745,2547,4138,,,1709493704
12122327,4682,2968,,,,1709516450
12122328,1699,2158,,,,1709597680
12122329,,,,,,
12122330,2912,3664,1918,,,1709595782
12122331,2117,1700,,,,1709600684
12122332,2274,3336,,,,1709589559
12122333,2179,1985,3121,,,1709592047
12122334,2449,2430,,,,1709595161
12122335,2311,2695,,,,1709596286
12123190,,,,,,
12123191,,,,,,
12123192,,,,,,
12123193,,,,,,
12123195,,,,,,
12123196,,,,,,
12123197,,,,,,
12123199,,,,,,
12123277,,,,,,
12123278,,,,,,
12123279,,,,,,
12123280,,,,,,
12123281,,,,,,
12123282,,,,,,
12123283,,,,,,
12123284,,,,,,
12123658,1547,1842,,,,1709541236
12123659,1853,2189,,,,1709541484
12123666,1626,2410,,,,1709533524
12123667,1874,2314,,,,1709529083
12123668,1559,1629,558,,,1709530189
12123669,2043,1930,,,,1709529221
12123670,2129,2885,1065,,,1709537525
12123671,2423,2341,,,,1709534598
12123672,3289,2363,1261,,,1709537261
12123673,1657,2016,,,,1709528923
12123687,1814,1801,,,,1709544883
12123696,2494,3631,2778,,,1709546372
12123697,3158,3908,,,,1709543151
12123698,,,,,,
12123699,,,,,,
12123700,,,,,,
12123701,,,,,,
12123702,,,,,,
12123703,,,,,,
12123704,,,,,,
12123705,,,,,,
12123706,,,,,,
12123707,,,,,,
12123708,,,,,,
12123709,,,,,,
12123710,,,,,,
12123711,,,,,,
12123712,,,,,,
12123713,,,,,,
12123807,1849,1309,1758,,,1709542836
12123808,1255,1251,,,,1709530139
12123809,,,,,,
12123810,859,497,,,,1709532788
12123811,2509,2308,,,,1709547179
12123812,1781,3849,,,,1709535067
12123813,1308,1819,,,,1709547922
12123814,1228,1144,,,,1709530102
12123815,1836,1646,,,,1709530862
12123816,1580,1823,,,,1709533829
12123817,1408,1942,,,,1709546865
12123818,1249,1252,,,,1709550748
12123819,1673,1430,,,,1709552279
12123821,3673,2123,,,,1709543293
12123822,2161,2893,,,,1709547435
12123823,1349,2521,,,,1709549355
12123826,5009,3996,,,,1709551960
12123827,,,,,,
12123828,,,,,,
12123829,,,,,,
12123830,,,,,,
12123831,,,,,,
12123832,,,,,,
12123833,,,,,,
12123834,,,,,,
12123835,,,,,,
12123836,,,,,,
12123837,,,,,,
12123838,,,,,,
12123839,,,,,,
12123840,,,,,,
12123841,,,,,,
12123842,,,,,,
12123843,,,,,,
12123844,,,,,,
12123845,,,,,,
12123846,,,,,,
12123847,,,,,,
12123848,,,,,,
12123849,,,,,,
12123850,,,,,,
12123851,,,,,,
12123852,,,,,,
12123853,,,,,,
12123854,,,,,,
12123855,,,,,,
12123856,,,,,,
12123857,,,,,,
12123858,,,,,,
12123889,2439,2351,,,,1709539147
12123890,3404,345,,,,1709550570
12123891,2149,2226,,,,1709536750
12123892,3937,2677,,,,1709546994
12123893,1934,3751,,,,1709537659
12123894,2539,2654,1007,,,1709534751
12123895,3096,2293,,,,1709559148
12123896,1714,1240,,,,1709554000
12123897,2260,2205,,,,1709531757
12123898,2388,3498,764,,,1709535326
12123899,3845,1702,814,,,1709545821
12123900,2472,3260,1063,,,1709557791
12123901,2167,1742,,,,1709549887
12123902,2336,2313,,,,1709544367
12123903,2762,2241,950,,,1709534057
12123904,1281,2630,921,,,1709554540
12123929,2837,2203,964,,,1709562443
12123930,1590,1426,,,,1709549566
12123931,2859,1885,1283,,,1709548856
12123932,1722,1897,,,,1709542886
12123933,1647,4032,,,,1709553686
12123934,2050,2636,,,,1709537947
12123935,1872,2430,,,,1709547935
12123936,3079,1954,935,,,1709551116
12123937,1603,1957,,,,1709553385
12123938,2395,2973,,,,1709553381
12123939,1398,2465,,,,1709537672
12123940,4039,2278,860,,,1709542963
12123941,3665,2698,,,,1709560272
12123942,4080,2998,,,,1709540130
12123943,1381,1385,,,,1709542403
12123944,1520,2123,,,,1709554370
12123945,3841,2316,,,,1709559566
12123946,2735,3589,,,,1709551452
12123947,2887,1788,,,,1709539088
12123948,2242,3171,1171,,,1709541823
12123949,4967,2446,1152,,,1709544003
12123950,1957,3000,1323,,,1709550257
12123951,1422,1954,,,,1709545906
12123952,1755,1769,797,,,1709539485
12123953,2806,2583,,,,1709551075
12123954,1698,1752,,,,1709545479
12123955,1644,1848,,,,1709549167
12123956,2758,2707,,,,1709544392
12123957,2297,3213,,,,1709554849
12123958,1777,2971,,,,1709543432
12123959,2220,3214,,,,1709556736
12123960,1971,2182,,,,1709553185
12123961,2614,2089,,,,1709487063
12123962,2404,2829,850,,,1709495344
12123963,,,,,,
12123964,2619,2380,,,,1709492999
12123965,2386,2581,,,,1709493503
12123966,2045,3583,1452,,,1709489962
12123967,1916,2337,,,,1709494098
12123968,2477,3272,1066,,,1709488684
12123973,3848,4297,,,,1709547350
12124004,2179,2790,,,,1709549893
12124015,2463,4868,,,,1709558845
12124016,3097,5679,,,,1709558112
12124017,3247,7043,,,,1709555738
12124018,2170,3475,,,,1709545785
12124019,3831,3830,755,,,1709551074
12124020,2899,2560,,,,1709551605
12124021,2295,2352,,,,1709545649
12124022,2924,2910,,,,1709552772
12124046,,,,,,
12124047,,,,,,
12124048,,,,,,
12124049,,,,,,
12124050,,,,,,
12124051,,,,,,
12124052,,,,,,
12124053,,,,,,
12124054,,,,,,
12124055,,,,,,
12124056,,,,,,
12124057,,,,,,
12124058,,,,,,
12124059,,,,,,
12124060,,,,,,
12124061,,,,,,
12124079,,,,,,
12124080,,,,,,
12124081,,,,,,
12124082,,,,,,
12124083,,,,,,
12124084,,,,,,
12124085,,,,,,
12124086,,,,,,
12124087,,,,,,
12124088,,,,,,
12124089,,,,,,
12124090,,,,,,
12124091,,,,,,
12124092,,,,,,
12124093,,,,,,
12124094,,,,,,
12124105,4713,2144,2239,,,1709572463
12124127,2742,1657,,,,1709556951
12124128,3267,2076,929,,,1709564061
12124129,1932,1983,,,,1709561211
12124130,1958,2187,,,,1709556054
12124131,,,,,,
12124132,,,,,,
12124133,,,,,,
12124134,2328,2048,,,,1709556422
12124135,3629,1601,883,,,1709564536
12124138,,,,,,
12124139,,,,,,
12124140,,,,,,
12124141,,,,,,
12124142,,,,,,
12124143,,,,,,
12124144,,,,,,
12124145,,,,,,
12124146,,,,,,
12124147,,,,,,
12124148,,,,,,
12124149,,,,,,
12124150,,,,,,
12124153,,,,,,
12124154,,,,,,
12124164,,,,,,
12124165,,,,,,
12124166,,,,,,
12124167,,,,,,
12124168,,,,,,
12124169,,,,,,
12124170,,,,,,
12124171,,,,,,
12124172,,,,,,
12124173,,,,,,
12124174,,,,,,
12124175,,,,,,
12124176,,,,,,
12124177,,,,,,
12124249,1862,2285,,,,1709554327
12124255,2723,2816,2018,,,1709574840
12124256,3115,3039,4049,,,1709549653
12124257,1894,2268,,,,1709550796
12124258,2374,2894,,,,1709571077
12124259,1626,2367,,,,1709545019
12124260,3834,3183,,,,1709581669
12124261,1938,2698,,,,1709574586
12124262,2148,2139,,,,1709564009
12124263,2269,2340,,,,1709569492
12124264,1831,4550,,,,1709556090
12124265,3493,2562,2836,,,1709565105
12124266,2312,3350,2375,,,1709560393
12124267,2092,2425,,,,1709565717
12124268,2413,2161,,,,1709577303
12124269,2048,2817,,,,1709545361
12124270,4097,2932,2995,,,1709555336
12124279,1935,3008,,,,1709567214
12124282,2437,2647,,,,1709567651
12124287,,,,,,
12124288,,,,,,
12124289,,,,,,
12124290,,,,,,
12124291,,,,,,
12124292,,,,,,
12124293,,,,,,
12124294,,,,,,
12124295,,,,,,
12124296,,,,,,
12124297,,,,,,
12124298,,,,,,
12124299,,,,,,
12124300,,,,,,
12124302,,,,,,
12124366,3716,2524,,,,1709562620
12124367,,,,,,
12124374,,,,,,
12124375,,,,,,
12124376,,,,,,
12124377,,,,,,
12124378,,,,,,
12124379,,,,,,
12124380,,,,,,
12124381,,,,,,
12124382,,,,,,
12124383,,,,,,
12124384,,,,,,
12124385,,,,,,
12124386,,,,,,
12124401,2079,4110,,,,1709573324
12124427,,,,,,
12124472,3978,4258,887,,,1709573989
12124481,,,,,,
12124494,1499,2990,,,,1709573946
12124532,2043,2970,2878,,,1709558423
12124600,3566,1693,,,,1709569581
12124601,2817,2387,,,,1709567292
12124602,2447,2724,,,,1709568291
12124607,,,,,,
12124620,1756,2343,,,,1709555634
12124627,2879,4499,3279,,,1709583279
12124638,1893,2588,1704,,,1709561913
12124640,2407,2063,,,,1709566933
12124641,,,,,,
12124642,,,,,,
12124643,,,,,,
12124644,2255,1732,,,,1709566162
12124645,,,,,,
12124646,,,,,,
12124647,,,,,,
12124648,3343,4253,909,,,1709572467
12124649,,,,,,
12124650,2099,3175,,,,1709568265
12124651,1649,2758,,,,1709564073
12124652,,,,,,
12124653,,,,,,
12124654,,,,,,
12124656,,,,,,
12124657,,,,,,
12124658,3525,2734,,,,1709577907
12124659,,,,,,
12124660,1706,3028,,,,1709579110
12124661,2503,3361,,,,1709575238
12124662,2431,2654,,,,1709576345
12124663,4503,2668,,,,1709581534
12124664,1577,1950,,,,1709578040
12124665,,,,,,
12124666,2681,4376,5388,,,1709584389
12124679,4184,4023,,,,1709571511
12124680,4274,2566,,,,1709562369
12124681,2651,1882,,,,1709561192
12124682,3139,4374,,,,1709566812
12124683,1765,4397,,,,1709567859
12124684,4319,2924,,,,1709562851
12124741,,,,,,
12124742,,,,,,
12124743,,,,,,
12124750,,,,,,
12124753,2963,5122,,,,1709576435
12124760,,,,,,
12124761,,,,,,
12124762,,,,,,
12124763,,,,,,
12124764,,,,,,
12124765,,,,,,
12124766,,,,,,
12124767,,,,,,
12124768,,,,,,
12124769,,,,,,
12124770,,,,,,
12124771,,,,,,
12124772,,,,,,
12124773,,,,,,
12124774,,,,,,
12124775,,,,,,
12124783,1676,2477,,,,1709574139
12124802,1933,2683,,,,1709574929
12124803,2348,1977,,,,1709578396
12124804,1797,2245,,,,1709594912
12124805,2444,2558,,,,1709588090
12124806,1985,2073,,,,1709566968
12124807,1922,1692,,,,1709593609
12124808,1673,1682,,,,1709573725
12124809,2857,3408,,,,1709567880
12124810,1785,4031,919,,,1709584405
12124811,2018,1767,,,,1709578797
12124812,2432,3881,,,,1709572200
12124813,2728,2086,,,,1709588844
12124814,3730,3227,,,,1709568830
12124815,2903,3044,,,,1709591937
12124816,,,,,,
12124817,2743,3042,510,,,1709587795
12125315,1856,3048,,,,1709577512
12125316,1873,2571,,,,1709577617
12125317,2030,2228,,,,1709577798
12125318,3209,2655,,,,1709579051
12125319,2923,2296,,,,1709578836
12125320,,,,,,
12125321,3753,2069,,,,1709584821
12125322,2210,2715,,,,1709583746
12125324,1778,1831,1862,,,1709584508
12125325,1853,2368,,,,1709584554
12125326,3187,2277,,,,1709585866
12125327,3251,4163,,,,1709591696
12125328,2427,3180,,,,1709589362
12125329,1955,1809,,,,1709584115
12125330,1985,1799,,,,1709599119
12125331,2009,1595,,,,1709595372
12125332,3096,5307,2354,,,1709607164
12125338,3200,1631,2612,,,1709605505
12125339,2370,2170,,,,1709602171
12125340,2811,1598,,,,1709606120
12125341,3664,3032,2776,,,1709607565
12125342,3181,4438,2262,,,1709608608
12125343,1502,2394,,,,1709613692
12125344,3365,3347,3448,,,1709618210
12125759,2070,2307,2404,,,1709624625
12125761,2432,2557,,,,1709620074
12125762,3314,3662,,,,1709615475
12125763,1864,2594,,,,1709622107
12125764,2649,2269,,,,1709614492
12125767,1306,1587,,,,1709617442
12125768,2564,3173,2780,,,1709617735
12125769,1496,1701,,,,1709613086
12125924,1582,3475,,,,1709604677
12125925,4606,4071,,,,1709614108
12125926,3480,1756,1312,,,1709615778
12125927,2843,3163,,,,1709606159
12125928,2270,1996,,,,1709605512
12125929,3330,2319,811,,,1709614520
12125931,2568,2777,,,,1709605561
12125933,2143,3891,,,,1709611174
12125938,3298,1013,,,,1709619747
12125953,3338,1846,,,,1709571659
12125954,1865,1951,,,,1709570834
12125955,2003,2397,1401,,,1709567642
12125992,2468,2877,,,,1709565719
12126012,4496,2504,,,,1709633081
12126013,2119,2552,,,,1709623317
12126014,4090,2316,919,,,1709621840
12126015,2702,2109,,,,1709618184
12126016,3363,2062,,,,1709618676
12126044,1053,1507,,,,1709622456
12126051,3043,2686,940,,,1709570812
12126052,1680,2378,1992,,,1709631092
12126088,2002,2459,,,,1709625415
12126160,2699,2953,858,,,1709575978
12126165,2247,2872,,,,1709572454
12126187,2072,2024,,,,1709567558
12126221,2373,3773,,,,1709635489
12126222,2062,3649,,,,1709635353
12126223,2437,2414,,,,1709634351
12126260,2233,2250,,,,1709577743
12126292,4199,1960,942,,,1709636703
12126293,1972,1627,923,,,1709625996
12126294,2205,1612,,,,1709624837
12126295,2512,2878,945,,,1709633422
12126296,1935,1222,,,,1709647311
12126299,3042,1628,1840,,,1709639104
12126300,2042,1682,,,,1709643799
12126301,3361,3155,942,,,1709628931
12126302,3642,2471,,,,1709630849
12126303,2701,3198,956,,,1709628151
12126304,2532,3176,1065,,,1709628547
12126305,2207,3500,2,,,1709635539
12126307,1815,3726,2264,,,1709641190
12126308,1853,2091,,,,1709625079
12126309,1626,1709,,,,1709638008
12126310,1717,2844,,,,1709636853
12126311,,,,,,1709634574
12126312,2256,2396,1013,,,1709627072
12126315,2375,4960,,,,1709636075
12126316,1339,2153,,,,1709624202
12126317,1987,2201,,,,1709637111
12126319,2896,2937,676,,,1709633136
12126321,3790,2011,,,,1709642441
12126325,2151,3002,,,,1709630111
12126340,,,,,,
12126341,,,,,,
12126342,,,,,,
12126343,,,,,,
12126344,,,,,,
12126345,,,,,,
12126346,,,,,,
12126347,,,,,,
12126348,4044,3060,,,,1709634923
12126353,3220,2872,,,,1709630509
12126363,2410,1617,,,,1709633139
12126374,3633,3967,,,,1709636726
12126375,2517,2182,,,,1709631735
12126376,,,,,,
12126444,,,,,,
12126445,,,,,,
12126446,,,,,,
12126447,,,,,,
12126448,,,,,,
12126449,,,,,,
12126450,,,,,,
12126451,3234,3034,,,,1709636553
12126452,,,,,,
12126459,,,,,,
12126460,,,,,,
12126461,,,,,,
12126462,,,,,,
12126463,,,,,,
12126466,,,,,,
12126467,,,,,,
12126469,1876,2523,1432,,,1709637960
12126470,,,,,,
12126474,3534,4961,,,,1709629535
12126476,3611,1490,1924,,,1709638950
12126478,2799,2301,,,,1709629024
12126506,,,,,,
12126525,,,,,,
12126530,,,,,,
12126533,,,,,,
12126534,,,,,,
12126535,,,,,,
12126536,1839,1672,,,,1709637271
12126538,2000,6844,2058,,,1709646951
12126540,,,,,,
12126543,,,,,,
12126547,1902,4082,,,,1709642260
12126549,,,,,,
12126550,,,,,,
12126563,2161,1559,930,,,1709637514
12126564,3256,4900,,,,1709629542
12126565,1827,3816,1319,,,1709631810
12126566,1623,1529,696,,,1709637438
12126567,1284,818,,,,1709634415
12126568,2442,3217,1364,,,1709631749
12126571,3119,2038,996,,,1709638892
12126573,3309,3621,408,,,1709633117
12126612,1701,2122,,,,1709582703
12126631,1624,3589,,,,1709629522
12126633,2143,4686,,,,1709635463
12126634,2169,1881,,,,1709642699
12126635,1747,1902,,,,1709629668
12126636,3235,2267,,,,1709637566
12126637,3119,2417,,,,1709631087
12126641,1822,2425,,,,1709634925
12126644,3514,1795,2703,,,1709641038
12126645,3363,1738,,,,1709633097
12126646,3873,3021,,,,1709648367
12126647,1961,2220,,,,1709646946
12126656,,,,,,
12126657,3404,2256,,,,1709633143
12126658,1718,2654,,,,1709631479
12126659,3198,1107,2514,,,1709634408
12126779,3420,2452,,,,1709639402
12126780,2902,1906,,,,1709639192
12126782,4107,2823,4057,,,1709648293
12126792,1662,1390,,,,1709639285
12126794,2445,2518,,,,1709644883
12126830,1494,1709,,,,1709637553
12126833,2407,267,,,,1709636139
12126834,2826,1623,,,,1709638966
12126838,1970,1974,,,,1709635467
12126845,1582,1230,,,,1709625881
12126846,1994,2672,,,,1709626384
12126847,2450,1767,,,,1709633617
12126848,2149,2126,989,,,1709633957
12126849,2162,2383,,,,1709626786
12126850,1768,2835,1106,,,1709628993
12126853,3703,2282,969,,,1709635832
12126856,2415,3578,1146,,,1709641858
12126904,2504,1682,,,,1709637619
12126914,2753,3234,,,,1709578449
12126920,2485,4593,,,,1709646215
12126921,2633,3259,,,,1709639726
12126922,2414,2439,,,,1709639825
12126923,1944,2576,,,,1709640358
12126924,,,,,,1709643364
12126948,3220,4331,1793,,,1709645365
12127034,3688,2040,,,,1709646626
12127039,2065,2841,,,,1709643395
12127040,1842,3260,,,,1709645584
12127041,4606,2719,,,,1709637951
12127043,3130,3587,2892,,,1709653789
12127055,1761,2254,,,,1709589311
12127062,3462,3144,,,,1709647913
12127064,3079,3695,,,,1709647618
12127107,2150,2229,2171,,,1709645284
12127109,2039,4813,,,,1709638421
12127280,2544,3018,,,,1709646766
12127281,2518,3058,,,,1709646492
12127282,1988,2670,1146,,,1709648716
12127284,1924,2771,,,,1709646362
12127285,2480,4155,1887,,,1709651442
12127286,2188,4936,,,,1709646326
12127287,2890,2112,,,,1709647037
12127291,2865,3562,,,,1709647569
12127439,,,,,,
12127440,,,,,,
12127441,,,,,,
12127442,,,,,,
12127443,,,,,,
12127444,,,,,,
12127447,,,,,,
12127448,,,,,,
12127755,,,,,,
12127772,,,,,,
12127777,,,,,,
12128295,,,,,,
12128296,,,,,,
12128297,,,,,,
12128298,,,,,,
12128299,,,,,,
12128300,,,,,,
12128301,,,,,,
12128302,,,,,,
12128625,2198,2272,,,,1709629358
12128667,,,,,,
12128668,,,,,,
12128669,,,,,,
12128920,,,,,,
12129141,1863,2005,,,,1709639906
12129153,,,,,,
12129154,,,,,,
12129160,1600,2622,,,,1709644339
12129193,,,,,,
12129257,3415,3672,851,,,1709651176
12143168,,,,,,
12143169,,,,,,
12143170,,,,,,
12143171,,,,,,
12143172,,,,,,
12143173,,,,,,
12143174,,,,,,
12143175,,,,,,
12143176,,,,,,
12143177,,,,,,
12143178,,,,,,
12143179,,,,,,
12143180,,,,,,
12143181,,,,,,
12143182,,,,,,
12143183,,,,,,
12143184,,,,,,
12143185,,,,,,
12143186,,,,,,
12143187,,,,,,
12143188,,,,,,
12143189,,,,,,
12143190,,,,,,
12143191,,,,,,
12143192,,,,,,
12143193,,,,,,
12143194,,,,,,
12143195,,,,,,
12143196,,,,,,
12143197,,,,,,
12143198,,,,,,
12143199,,,,,,
12143200,,,,,,
12143201,,,,,,
12109854,3175,2250,,,,1709731068
12109900,,,,,,1709722226
12109904,3556,3466,,,,1709719128
12109906,3769,4287,,,,1709716845
12109908,2037,1973,,,,1709714501
12121594,,,,,,
12121595,1337,1464,,,,1709633303
12121597,4321,2525,,,,1709630574
12121598,2326,2491,,,,1709628635
12121599,1960,2399,,,,1709558075
12121601,1925,2554,,,,1709628162
12121603,3116,2221,,,,1709640812
12121604,2096,72126,,,,1709642347
12121607,,,,,,
12121675,2059,1111,,,,1709652159
12121676,1576,2604,,,,1709631306
12121677,1880,3643,2640,,,1709663921
12121678,3158,2036,,,,1709670412
12121679,2161,2464,,,,1709574268
12121680,3527,2967,2938,,,1709641294
12121681,,,,,,
12121682,2336,2447,,,,1709580178
12121683,1784,2088,2415,,,1709720250
12121684,2275,1967,,,,1709567133
12121805,,,,,,
12121866,3862,2598,2241,,,1709671161
12121868,3637,1656,,,,1709685769
12121870,2008,2802,2626,,,1709673170
12121872,1581,1845,,,,1709679622
12121874,2266,1895,,,,1709594236
12121876,2158,2713,,,,1709660421
12121878,2655,1741,,,,1709602262
12121879,4705,4338,853,,,1709601471
12121881,2687,3837,,,,1709676947
12121883,2872,2816,,,,1709590602
12121885,2028,2467,,,,1709596369
12122328,1699,2157,,,,1709597680
12122329,,,,,,
12122330,2911,3663,1917,,,1709595782
12122331,2117,1699,,,,1709600684
12122332,2273,3336,,,,1709589559
12122333,2178,1984,3121,,,1709592047
12122334,2448,2429,,,,1709595161
12122335,2310,2694,,,,1709596286
12123895,3096,2293,,,,1709559148
12123929,2837,2202,963,,,1709562443
12123941,3664,2698,,,,1709560272
12123945,3841,2316,,,,1709559566
12123959,2220,3213,,,,1709556736
12124015,2463,4867,,,,1709558845
12124016,3096,5678,,,,1709558112
12124079,,,,,,
12124080,,,,,,
12124081,,,,,,
12124082,,,,,,
12124083,,,,,,
12124086,,,,,,
12124088,,,,,,
12124092,,,,,,
12124105,4712,2143,2238,,,1709572463
12124127,2741,1656,,,,1709556951
12124128,3266,2076,928,,,1709564061
12124129,1931,1982,,,,1709561211
12124130,1957,2186,,,,1709556054
12124134,2328,2048,,,,1709556422
12124135,3628,1600,883,,,1709564536
12124139,,,,,,
12124142,,,,,,
12124143,,,,,,
12124146,,,,,,
12124255,2722,2815,2018,,,1709574840
12124258,2373,2893,,,,1709571077
12124260,3834,3182,,,,1709581669
12124261,1937,2697,,,,1709574586
12124262,2148,2138,,,,1709564009
12124263,2268,2339,,,,1709569492
12124264,1830,4550,,,,1709556090
12124265,3493,2561,2836,,,1709565105
12124266,2312,3349,2374,,,1709560393
12124267,2092,2425,,,,1709565717
12124268,2413,2161,,,,1709577303
12124279,1935,3008,,,,1709567214
12124282,2437,2647,,,,1709567651
12124302,,,,,,
12124366,3715,2524,,,,1709562620
12124367,,,,,,
12124401,2079,4109,,,,1709573324
12124472,3978,4257,886,,,1709573989
12124494,1498,2990,,,,1709573946
12124600,3565,1693,,,,1709569581
12124601,2816,2387,,,,1709567292
12124602,2447,2723,,,,1709568291
12124620,1756,2342,,,,1709555634
12124627,2878,4498,3279,,,1709583279
12124638,1893,2587,1703,,,1709561913
12124640,2406,2062,,,,1709566933
12124641,,,,,,
12124642,,,,,,
12124643,,,,,,
12124644,2254,1731,,,,1709566162
12124645,,,,,,
12124646,,,,,,
12124647,,,,,,
12124648,3343,4252,908,,,1709572467
12124649,,,,,,
12124650,2099,3174,,,,1709568265
12124651,1648,2757,,,,1709564073
12124652,,,,,,
12124653,,,,,,
12124654,,,,,,
12124656,,,,,,
12124657,,,,,,
12124658,3525,2733,,,,1709577907
12124659,,,,,,
12124660,1706,3028,,,,1709579110
12124661,2503,3360,,,,1709575238
12124662,2431,2653,,,,1709576345
12124663,4502,2667,,,,1709581534
12124664,1576,1949,,,,1709578040
12124665,,,,,,
12124666,2680,4375,5388,,,1709584389
12124679,4184,4022,,,,1709571511
12124680,4274,2566,,,,1709562369
12124681,2650,1881,,,,1709561192
12124682,3138,4374,,,,1709566812
12124683,1764,4397,,,,1709567859
12124684,4319,2923,,,,1709562851
12124741,,,,,,
12124742,,,,,,
12124743,,,,,,
12124750,,,,,,
12124753,2962,5122,,,,1709576435
12124760,,,,,,
12124761,,,,,,
12124762,,,,,,
12124763,,,,,,
12124764,,,,,,
12124765,,,,,,
12124766,,,,,,
12124767,,,,,,
12124768,,,,,,
12124769,,,,,,
12124770,,,,,,
12124771,,,,,,
12124772,,,,,,
12124773,,,,,,
12124774,,,,,,
12124775,,,,,,
12124783,1676,2476,,,,1709574139
12124802,1932,2683,,,,1709574929
12124803,2348,1976,,,,1709578396
12124804,1796,2244,,,,1709594912
12124805,2443,2558,,,,1709588090
12124806,1984,2072,,,,1709566968
12124807,1921,1691,,,,1709593609
12124808,1673,1681,,,,1709573725
12124809,2857,3408,,,,1709567880
12124810,1785,4030,919,,,1709584405
12124811,2018,1767,,,,1709578797
12124812,2432,3880,,,,1709572200
12124813,2728,2085,,,,1709588844
12124814,3729,3226,,,,1709568830
12124815,2902,3044,,,,1709591937
12124816,,,,,,
12124817,2742,3041,510,,,1709587795
12124907,1705,1627,1947,,,1709672886
12124909,1627,4421,2825,,,1709677042
12124911,1666,4099,,,,1709671410
12125050,2277,2970,,,,1709734802
12125053,2192,3684,,,,1709652742
12125055,3583,2738,4859,,,1709739042
12125056,2153,2503,,,,1709734474
12125302,2287,1439,,,,1709671848
12125315,1855,3048,,,,1709577512
12125316,1872,2571,,,,1709577617
12125317,2029,2228,,,,1709577798
12125318,3209,2654,,,,1709579051
12125319,2923,2296,,,,1709578836
12125320,,,,,,
12125321,3752,2068,,,,1709584821
12125322,2209,2715,,,,1709583746
12125323,2042,2096,3871,,,1709675500
12125324,1778,1830,1861,,,1709584508
12125325,1853,2367,,,,1709584554
12125326,3187,2276,,,,1709585866
12125327,3251,4163,,,,1709591696
12125328,2427,3180,,,,1709589362
12125329,1955,1809,,,,1709584115
12125330,1985,1799,,,,1709599119
12125331,2009,1594,,,,1709595372
12125332,3095,5306,2354,,,1709607164
12125338,3199,1631,2612,,,1709605505
12125339,2370,2169,,,,1709602171
12125340,2811,1597,,,,1709606120
12125341,3664,3032,2776,,,1709607565
12125342,3180,4437,2262,,,1709608608
12125343,1502,2394,,,,1709613692
12125344,3364,3346,3447,,,1709618210
12125759,2070,2306,2404,,,1709624625
12125761,2431,2557,,,,1709620074
12125762,3314,3662,,,,1709615475
12125763,1864,2593,,,,1709622107
12125764,2649,2268,,,,1709614492
12125767,1306,1586,,,,1709617442
12125768,2563,3173,2779,,,1709617735
12125769,1495,1700,,,,1709613086
12125924,1582,3474,,,,1709604677
12125925,4606,4071,,,,1709614108
12125926,3479,1756,1312,,,1709615778
12125927,2842,3163,,,,1709606159
12125928,2269,1996,,,,1709605512
12125929,3329,2319,810,,,1709614520
12125931,2568,2777,,,,1709605561
12125933,2143,3890,,,,1709611174
12125938,3297,1013,,,,1709619747
12125953,3337,1845,,,,1709571659
12125954,1865,1951,,,,1709570834
12125955,2003,2396,1400,,,1709567642
12125992,2467,2877,,,,1709565719
12126012,4496,2503,,,,1709633081
12126013,2118,2552,,,,1709623317
12126014,4090,2315,919,,,1709621840
12126015,2702,2108,,,,1709618184
12126016,3363,2061,,,,1709618676
12126044,1053,1506,,,,1709622456
12126051,3043,2686,940,,,1709570812
12126052,1680,2377,1991,,,1709631092
12126088,2002,2458,,,,1709625415
12126160,2698,2952,857,,,1709575978
12126165,2247,2871,,,,1709572454
12126187,2071,2023,,,,1709567558
12126219,2502,3276,71637,,,1709641772
12126220,2213,71632,,,,1709642471
12126221,2373,3773,,,,1709635489
12126222,2062,3649,,,,1709635353
12126223,2436,2413,,,,1709634351
12126260,2233,2249,,,,1709577743
12126292,4199,1959,941,,,1709636703
12126293,1971,1627,922,,,1709625996
12126294,2205,1612,,,,1709624837
12126295,2511,2877,945,,,1709633422
12126296,1935,1221,,,,1709647311
12126299,3042,1628,1840,,,1709639104
12126300,2041,1682,,,,1709643799
12126301,3361,3155,941,,,1709628931
12126302,3642,2470,,,,1709630849
12126303,2701,3197,955,,,1709628151
12126304,2531,3176,1064,,,1709628547
12126305,2207,3500,2,,,1709635539
12126307,1814,3725,2263,,,1709641190
12126308,1852,2091,,,,1709625079
12126309,1626,1708,,,,1709638008
12126310,1716,2843,,,,1709636853
12126311,,,,,,1709634574
12126312,2255,2395,1012,,,1709627072
12126315,2375,4959,,,,1709636075
12126316,1338,2153,,,,1709624202
12126317,1986,2200,,,,1709637111
12126319,2895,2936,675,,,1709633136
12126321,3790,2011,,,,1709642441
12126325,2150,3001,,,,1709630111
12126340,,,,,,
12126341,,,,,,
12126342,,,,,,
12126343,,,,,,
12126344,,,,,,
12126345,,,,,,
12126346,,,,,,
12126347,,,,,,
12126348,4044,3059,,,,1709634923
12126353,3219,2871,,,,1709630509
12126363,2410,1617,,,,1709633139
12126374,3633,3966,,,,1709636726
12126375,2517,2181,,,,1709631735
12126376,,,,,,
12126444,,,,,,
12126445,,,,,,
12126446,,,,,,
12126447,,,,,,
12126448,,,,,,
12126449,,,,,,
12126450,,,,,,
12126451,3234,3034,,,,1709636553
12126452,,,,,,
12126459,,,,,,
12126460,,,,,,
12126461,,,,,,
12126462,,,,,,
12126463,,,,,,
12126466,,,,,,
12126467,,,,,,
12126469,1875,2522,1432,,,1709637960
12126470,,,,,,
12126474,3533,4961,,,,1709629535
12126476,3611,1490,1924,,,1709638950
12126478,2799,2300,,,,1709629024
12126506,,,,,,
12126525,,,,,,
12126530,,,,,,
12126533,,,,,,
12126534,,,,,,
12126535,,,,,,
12126536,1839,1672,,,,1709637271
12126538,2000,6844,2058,,,1709646951
12126540,,,,,,
12126543,,,,,,
12126546,2856,2240,4243,,,1709655209
12126547,1901,4082,,,,1709642260
12126549,,,,,,
12126550,,,,,,
12126563,2160,1558,930,,,1709637514
12126564,3256,4899,,,,1709629542
12126565,1827,3815,1319,,,1709631810
12126566,1623,1529,695,,,1709637438
12126567,1283,818,,,,1709634415
12126568,2442,3216,1364,,,1709631749
12126571,3118,2038,996,,,1709638892
12126573,3308,3620,408,,,1709633117
12126612,1701,2121,,,,1709582703
12126631,1623,3588,,,,1709629522
12126633,2143,4686,,,,1709635463
12126634,2169,1880,,,,1709642699
12126635,1746,1901,,,,1709629668
12126636,3234,2267,,,,1709637566
12126637,3119,2416,,,,1709631087
12126641,1822,2424,,,,1709634925
12126644,3513,1795,2703,,,1709641038
12126645,3363,1738,,,,1709633097
12126646,3873,3021,,,,1709648367
12126647,1960,2220,,,,1709646946
12126651,1697,2652,,,,1709661004
12126654,1820,2079,,,,1709718109
12126656,,,,,,
12126657,3403,2255,,,,1709633143
12126658,1717,2654,,,,1709631479
12126659,3198,1106,2514,,,1709634408
12126662,1880,1572,,,,1709649724
12126663,2005,4753,,,,1709650487
12126665,4765,5503,,,,1709656748
12126666,2750,1923,1676,,,1709665935
12126779,3420,2452,,,,1709639402
12126780,2902,1906,,,,1709639192
12126781,2053,2261,,,,1709650307
12126782,4107,2822,4056,,,1709648293
12126792,1661,1390,,,,1709639285
12126794,2445,2517,,,,1709644883
12126830,1494,1709,,,,1709637553
12126833,2407,267,,,,1709636139
12126834,2825,1623,,,,1709638966
12126838,1970,1974,,,,1709635467
12126845,1582,1230,,,,1709625881
12126846,1994,2672,,,,1709626384
12126847,2449,1766,,,,1709633617
12126848,2148,2125,988,,,1709633957
12126849,2161,2383,,,,1709626786
12126850,1768,2835,1105,,,1709628993
12126853,3703,2281,969,,,1709635832
12126856,2414,3577,1145,,,1709641858
12126904,2504,1682,,,,1709637619
12126914,2752,3233,,,,1709578449
12126920,2485,4592,,,,1709646215
12126921,2633,3259,,,,1709639726
12126922,2413,2438,,,,1709639825
12126923,1944,2575,,,,1709640358
12126924,,,,,,1709643364
12126926,1981,2262,,,,1709653678
12126927,2372,2188,,,,1709653840
12126928,2221,2364,,,,1709650780
12126929,2433,3545,3610,,,1709658766
12126948,3219,4330,1792,,,1709645365
12127034,3688,2040,,,,1709646626
12127039,2065,2841,,,,1709643395
12127040,1842,3259,,,,1709645584
12127041,4605,2718,,,,1709637951
12127043,3130,3587,2891,,,1709653789
12127047,2491,3477,,,,1709735394
12127055,1760,2254,,,,1709589311
12127059,2612,4988,2453,,,1709659813
12127060,3292,1647,,,,1709672873
12127061,2727,2061,,,,1709655260
12127062,3461,3144,,,,1709647913
12127063,2776,3032,4005,,,1709669235
12127064,3078,3695,,,,1709647618
12127065,1538,1551,,,,1709678417
12127066,2680,2417,,,,1709661248
12127107,2149,2229,2170,,,1709645284
12127108,2465,3465,2960,,,1709654405
12127109,2039,4813,,,,1709638421
12127111,3273,2012,,,,1709735666
12127193,2486,3086,,,,1709653914
12127194,4118,1316,,,,1709662620
12127195,1322,2050,,,,1709663038
12127196,1855,2126,,,,1709667053
12127197,2478,3113,,,,1709653874
12127198,3244,2795,,,,1709655116
12127199,1651,2640,,,,1709681503
12127200,2629,3226,1911,,,1709672156
12127207,2234,1711,,,,1709672347
12127280,2544,3018,,,,1709646766
12127281,2517,3058,,,,1709646492
12127282,1987,2670,1146,,,1709648716
12127283,2909,4495,2930,,,1709672958
12127284,1923,2770,,,,1709646362
12127285,2479,4154,1886,,,1709651442
12127286,2188,4936,,,,1709646326
12127287,2890,2111,,,,1709647037
12127291,2864,3561,,,,1709647569
12127294,,,,,,
12127295,2362,3120,,,,1709658568
12127296,2305,2171,,,,1709654710
12127300,2712,4139,4826,,,1709664343
12127305,4515,4066,,,,1709654647
12127307,,,,,,
12127308,2300,2641,,,,1709660140
12127309,3038,3460,4009,,,1709656537
12127311,2286,3355,,,,1709660380
12127312,2620,3837,,,,1709653097
12127313,3064,4634,4557,,,1709662134
12127316,1983,2874,,,,1709652629
12127425,1591,2660,,,,1709659435
12127439,,,,,,
12127440,,,,,,
12127441,,,,,,
12127442,,,,,,
12127443,,,,,,
12127444,,,,,,
12127447,,,,,,
12127448,,,,,,
12127451,4018,996,,,,1709655695
12127453,2567,2235,,,,1709657674
12127454,4205,2395,2671,,,1709658531
12127456,3661,2339,,,,1709655095
12127457,1986,2539,,,,1709664163
12127458,3312,2389,,,,1709661964
12127471,2518,3446,2528,,,1709664653
12127472,2813,4953,,,,1709673073
12127473,56866,832,,,,1709715213
12127474,2008,2979,,,,1709679269
12127475,2660,2438,,,,1709666821
12127476,1522,2030,,,,1709659087
12127612,1878,3617,2706,,,1709725454
12127613,3825,2315,,,,1709717650
12127619,4146,3266,2862,,,1709716396
12127620,3870,2967,,,,1709712827
12127621,2417,2004,,,,1709731340
12127622,2301,3604,,,,1709730833
12127624,2882,4174,,,,1709727521
12127625,2492,2261,,,,1709725087
12127626,1863,2344,,,,1709721556
12127628,3197,2934,,,,1709735741
12127631,4056,2091,1691,,,1709725901
12127634,1786,2308,,,,1709726240
12127637,3683,4208,,,,1709731501
12127639,2724,2579,,,,1709722669
12127642,,,,,,
12127647,4367,2863,,,,1709720628
12127649,2351,1297,,,,1709718748
12127650,2677,3916,,,,1709734990
12127723,2348,3981,,,,1709691763
12127725,1753,2284,,,,1709698288
12127726,1917,2405,,,,1709691209
12127729,2117,2544,,,,1709721742
12127731,1818,1552,,,,1709703328
12127732,1959,1763,,,,1709701462
12127733,2334,3183,,,,1709722501
12127735,1693,2337,3500,,,1709727220
12127736,1372,3788,,,,1709705417
12127737,2413,2042,,,,1709713645
12127738,2230,2792,,,,1709716049
12127739,1372,3733,,,,1709703086
12127740,3803,2134,4178,,,1709725752
12127742,2480,2338,,,,1709708040
12127743,2565,3256,1909,,,1709712077
12127744,1796,1919,,,,1709703284
12127745,2066,1899,,,,1709691306
12127747,2025,4074,,,,1709696536
12127748,1759,3917,2708,,,1709695752
12127753,2714,3631,,,,1709711770
12127755,,,,,,
12127757,2689,2168,,,,1709726407
12127758,2904,2500,,,,1709710244
12127760,3213,2150,,,,1709722918
12127761,2390,3394,,,,1709704309
12127763,2537,3320,,,,1709715626
12127765,1926,2426,,,,1709721975
12127767,2083,2236,,,,1709709418
12127769,2912,4415,2256,,,1709727194
12127770,2066,1727,,,,1709715664
12127771,2300,3579,,,,1709709871
12127772,,,,,,
12127773,1563,1001,,,,1709714454
12127774,3603,2978,,,,1709711897
12127776,2035,1558,,,,1709715962
12127777,,,,,,
12127778,4023,1852,2125,,,1709722385
12127779,1922,2273,,,,1709718094
12127780,2211,3095,,,,1709732901
12127782,3039,2028,,,,1709731900
12127784,3379,2494,,,,1709719736
12127787,2256,1618,,,,1709711067
12127800,2509,2599,,,,1709721350
12127802,2347,2465,1751,,,1709732715
12127805,2339,2582,,,,1709716634
12127806,2055,1113,,,,1709716703
12127807,3583,3563,,,,1709723545
12127808,2403,2053,2908,,,1709719063
12127810,3697,3779,,,,1709718191
12127818,2147,2904,,,,1709717076
12127972,3508,3757,,,,1709666357
12128055,2070,3559,4732,,,1709728532
12128056,3707,3793,,,,1709727292
12128057,2704,3506,,,,1709735633
12128059,1743,2958,,,,1709730002
12128176,2197,3284,2219,,,1709667762
12128177,2638,1835,2665,,,1709666832
12128178,2388,2355,,,,1709664677
12128179,1496,1843,,,,1709663698
12128180,2630,3461,,,,1709664590
12128181,49654,528,1390,,,1709712127
12128182,2242,2789,2326,,,1709689309
12128183,1567,2761,,,,1709690384
12128184,2278,3236,1531,,,1709676281
12128208,2972,1690,1747,,,1709683548
12128209,1775,3180,2607,,,1709685868
12128210,3521,3551,,,,1709680350
12128216,2025,2250,,,,1709678712
12128217,2549,2013,2305,,,1709681083
12128218,2887,4455,2566,,,1709687860
12128221,1400,2448,1971,,,1709685847
12128223,3773,3530,2916,,,1709692080
12128236,1927,2304,,,,1709701804
12128237,1792,2745,,,,1709719433
12128238,3370,2481,1891,,,1709712582
12128239,3356,3478,,,,1709721748
12128240,3247,2341,,,,1709710714
12128241,5443,3233,,,,1709723939
12128242,2002,3626,2171,,,1709710864
12128243,4856,3535,,,,1709722854
12128244,2329,1712,2176,,,1709704030
12128247,1454,2151,,,,1709710737
12128248,2405,3451,,,,1709702336
12128249,2673,2000,2835,,,1709705424
12128250,2747,2048,,,,1709733602
12128257,2028,1614,,,,1709731324
12128258,2821,2397,,,,1709716986
12128259,2346,2148,3514,,,1709724938
12128260,2516,2966,,,,1709723812
12128261,2319,2549,,,,1709722466
12128262,2131,2546,,,,1709733155
12128263,2112,2977,,,,1709716451
12128264,,,,,,
12128265,,,,,,
12128266,3569,2397,,,,1709717964
12128267,3951,2364,2440,,,1709737442
12128269,1937,2127,,,,1709721269
12128271,2117,3479,4571,,,1709724498
12128273,1857,2645,,,,1709720082
12128274,2334,2667,3615,,,1709737047
12128295,,,,,,
12128296,,,,,,
12128297,,,,,,
12128298,,,,,,
12128299,,,,,,
12128300,,,,,,
12128301,,,,,,
12128302,,,,,,
12128352,1867,2862,,,,1709688062
12128405,,,,,,1709700133
12128406,1492,3007,,,,1709701914
12128407,3174,2702,4054,,,1709695304
12128408,2721,2742,,,,1709704287
12128409,1622,3874,5792,,,1709701758
12128410,3022,2037,,,,1709692550
12128412,,,,,,1709693981
12128413,2325,4471,,,,1709691928
12128625,2197,2271,,,,1709629358
12128667,,,,,,
12128668,,,,,,
12128669,,,,,,
12128749,2864,4022,,,,1709720633
12128750,4796,2977,,,,1709726741
12128751,3780,2643,,,,1709729153
12128752,2607,2176,2130,,,1709725850
12128753,2363,3136,2695,,,1709725266
12128755,1562,3851,2863,,,1709734306
12128756,1384,1430,,,,1709710524
12128757,,,,,,1709716192
12128920,,,,,,
12129141,1863,2004,,,,1709639906
12129153,,,,,,
12129154,,,,,,
12129160,1599,2622,,,,1709644339
12129171,1485,2609,3510,,,1709724930
12129172,2430,2821,,,,1709710118
12129173,2480,4832,2482,,,1709736659
12129174,2949,2866,,,,1709719549
12129175,2828,2041,2856,,,1709729051
12129176,2424,3186,,,,1709734151
12129177,2266,1548,,,,1709721999
12129193,,,,,,
12129257,3414,3671,851,,,1709651176
12129379,1440,1904,2451,,,1709712737
12129380,3387,3852,,,,1709712700
12129381,3468,2952,3226,,,1709715427
12129382,3522,2010,5030,,,1709726148
12129383,1886,2202,1437,,,1709720216
12129384,2395,1550,,,,1709719136
12129385,1822,4033,,,,1709711228
12129440,,,,,,
12129621,1610,2756,,,,1709727183
12129622,2521,2761,,,,1709715404
12129623,2204,3457,,,,1709729249
12129624,,,,,,1709719833
12129625,2371,1859,,,,1709730353
12129626,1516,2610,,,,1709728659
12129627,2560,2360,1868,,,1709717404
12129628,2238,1661,,,,1709719904
12129629,,,,,,1709730787
12129630,2171,1436,,,,1709720292
12129631,2464,2891,,,,1709721855
12129632,2164,2157,,,,1709715016
12129633,2254,1775,,,,1709724745
12129634,2065,1362,,,,1709724697
12129635,2403,2125,,,,1709724072
12129636,2463,1822,,,,1709715039
12129799,2285,3500,,,,1709728626
12129800,1974,1430,,,,1709730610
12129801,1626,2456,,,,1709729189
12129802,3218,1506,,,,1709736185
12129804,2675,3152,,,,1709720867
12129805,4389,2462,2535,,,1709731388
12129806,2386,3900,2337,,,1709731676
12129807,3471,2819,,,,1709727344
12129810,1880,3393,2618,,,1709728062
12129811,1665,2235,,,,1709734956
12129812,2349,1678,,,,1709720096
12129813,2916,2771,,,,1709734509
12129814,2836,2106,3215,,,1709735792
12129817,1495,1504,,,,1709728644
12129818,2542,2842,,,,1709719072
12129820,2787,1697,,,,1709731284
12129821,5624,2257,,,,1709728728
12129822,3791,2941,85,,,1709720921
12129823,1969,3177,,,,1709735993
12129824,1976,4294,,,,1709712965
12129825,1420,2433,,,,1709712198
12129827,3375,2854,2464,,,1709725229
12129828,2154,2332,,,,1709724154
12129829,2147,2690,,,,1709734075
12129830,2437,3435,,,,1709733728
12129831,3518,3168,,,,1709714550
12129832,2280,2567,,,,1709713135
12129839,2555,2825,3010,,,1709721649
12129840,2729,2484,,,,1709732140
12129841,2525,3172,,,,1709718716
12129842,2183,3631,,,,1709727724
12129843,2063,2554,,,,1709731180
12129845,1669,2344,2747,,,1709725481
12129847,4485,1697,1984,,,1709728958
12129867,2949,2444,,,,1709728588
12129868,2554,2337,,,,1709717124
12129869,2790,3492,,,,1709709998
12129870,3337,3304,3813,,,1709714914
12129871,2112,3074,2104,,,1709726159
12129872,2358,1900,,,,1709719302
12129873,3928,4002,,,,1709735911
12130051,1223,2846,2494,,,1709728666
12130053,2898,2277,,,,1709734739
12130054,1888,1652,,,,1709721755
12130055,4244,1970,,,,1709733353
12130056,241,1005,2293,,,1709724470
12130057,3074,3138,1800,,,1709732654
12130104,2965,4738,3248,,,1709740723
12130117,3781,2331,,,,1709735963
12130137,,,,,,
12130138,2288,2450,,,,1709727456
12130139,2584,2553,,,,1709729571
12130140,2028,2027,,,,1709718150
12130143,1967,1477,,,,1709723267
12130152,1752,2885,,,,1709727570
12130153,1322,2869,,,,1709732673
12130154,1589,2547,,,,1709726670
12130155,2059,2826,,,,1709731319
12130156,3097,2375,,,,1709722730
12130157,1668,2160,,,,1709731647
12130158,1526,3278,,,,1709725176
12130236,3175,2830,2668,,,1709736136
12130237,2724,2843,,,,1709733079
12130238,2651,5809,4031,,,1709739190
12130239,1701,2292,,,,1709732420
12130311,2409,4333,2932,,,1709739604
12130438,1870,4182,1582,,,1709727853
12130439,1996,1488,,,,1709704567
12130440,2055,2506,2252,,,1709720451
12130441,1959,1334,,,,1709706868
12130442,1935,3924,,,,1709704108
12130443,3435,2049,1208,,,1709724012
12130656,2098,2507,,,,1709725556
12131793,1329,4394,,,,1709728814
12132026,,,,,,
12132081,3988,4228,,,,1709724028
12132106,,,,,,
12132115,1703,2183,1647,,,1709725326
12139583,,,,,,
12139586,,,,,,
12139599,,,,,,
12139600,,,,,,
12139601,,,,,,
12139603,,,,,,
12139604,,,,,,
12139605,,,,,,
12139607,,,,,,
12139610,,,,,,
12139613,,,,,,
12139616,,,,,,
12139617,,,,,,
12143190,,,,,,
12143191,,,,,,
12143192,,,,,,
12143193,,,,,,
12143194,,,,,,
12143195,,,,,,
12143196,,,,,,
12143197,,,,,,
12143198,,,,,,
12143199,,,,,,
12143200,,,,,,
12143201,,,,,,
12109837,2257,2517,,,,1709762137
12109843,3702,2594,,,,1709756162
12109846,4264,1228,2959,,,1709771228
12109849,4315,2094,,,,1709770151
12109850,1920,2505,2440,,,1709814303
12109854,3175,2250,,,,1709731068
12109879,2176,2565,,,,1709811779
12109880,1965,1519,,,,1709753073
12109882,2017,2984,3400,,,1709739699
12109883,3314,1944,,,,1709820734
12109895,2742,3044,1224,,,1709805269
12109897,2097,2159,,,,1709811107
12109898,3086,1775,3590,,,1709804168
12109900,,,,,,1709722226
12109904,3556,3466,,,,1709719128
12109906,3769,4287,,,,1709716845
12109907,4610,4048,3105,,,1709817147
12109908,2037,1973,,,,1709714501
12121604,2096,72126,,,,1709642347
12121675,2059,1111,,,,1709652159
12121677,1880,3643,2640,,,1709663921
12121678,3158,2036,,,,1709670412
12121681,,,,,,
12121683,1784,2088,2415,,,1709720250
12121866,3862,2598,2241,,,1709671161
12121868,3637,1656,,,,1709685769
12121870,2008,2802,2626,,,1709673170
12121872,1581,1845,,,,1709679622
12121876,2158,2713,,,,1709660421
12121881,2687,3837,,,,1709676947
12124907,1705,1627,1947,,,1709672886
12124909,1627,4421,2825,,,1709677042
12124911,1666,4099,,,,1709671410
12125048,3839,4360,,,,1709743748
12125050,2277,2970,,,,1709734802
12125053,2192,3684,,,,1709652742
12125055,3583,2738,4859,,,1709739042
12125056,2153,2503,,,,1709734474
12125302,2287,1439,,,,1709671848
12125323,2042,2096,3871,,,1709675500
12126219,2502,3276,71637,,,1709641772
12126220,2213,71632,,,,1709642471
12126296,1935,1221,,,,1709647311
12126300,2041,1682,,,,1709643799
12126546,2856,2240,4243,,,1709655209
12126634,2169,1880,,,,1709642699
12126646,3873,3021,,,,1709648367
12126647,1960,2220,,,,1709646946
12126651,1697,2652,,,,1709661004
12126654,1820,2079,,,,1709718109
12126662,1880,1572,,,,1709649724
12126663,2005,4753,,,,1709650487
12126665,4765,5503,,,,1709656748
12126666,2750,1923,1676,,,1709665935
12126781,2053,2261,,,,1709650307
12126782,4107,2822,4056,,,1709648293
12126794,2445,2517,,,,1709644883
12126920,2485,4592,,,,1709646215
12126924,,,,,,1709643364
12126926,1981,2262,,,,1709653678
12126927,2372,2188,,,,1709653840
12126928,2221,2364,,,,1709650780
12126929,2433,3545,3610,,,1709658766
12126984,2969,4350,,,,1709740875
12126985,2967,3182,1273,,,1709751123
12126999,2268,1302,,,,1709747183
12127034,3688,2040,,,,1709646626
12127039,2065,2841,,,,1709643395
12127040,1842,3259,,,,1709645584
12127043,3130,3587,2891,,,1709653789
12127047,2491,3477,,,,1709735394
12127059,2612,4988,2453,,,1709659813
12127060,3292,1647,,,,1709672873
12127061,2727,2061,,,,1709655260
12127062,3461,3144,,,,1709647913
12127063,2776,3032,4005,,,1709669235
12127064,3078,3695,,,,1709647618
12127065,1538,1551,,,,1709678417
12127066,2680,2417,,,,1709661248
12127108,2465,3465,2960,,,1709654405
12127110,2057,2929,,,,1709740640
12127111,3273,2012,,,,1709735666
12127193,2486,3086,,,,1709653914
12127194,4118,1316,,,,1709662620
12127195,1322,2050,,,,1709663038
12127196,1855,2126,,,,1709667053
12127197,2478,3113,,,,1709653874
12127198,3244,2795,,,,1709655116
12127199,1651,2640,,,,1709681503
12127200,2629,3226,1911,,,1709672156
12127207,2234,1711,,,,1709672347
12127280,2544,3018,,,,1709646766
12127281,2517,3058,,,,1709646492
12127282,1987,2670,1146,,,1709648716
12127283,2909,4495,2930,,,1709672958
12127284,1923,2770,,,,1709646362
12127285,2479,4154,1886,,,1709651442
12127286,2188,4936,,,,1709646326
12127287,2890,2111,,,,1709647037
12127291,2864,3561,,,,1709647569
12127294,,,,,,
12127295,2362,3120,,,,1709658568
12127296,2305,2171,,,,1709654710
12127300,2712,4139,4826,,,1709664343
12127305,4515,4066,,,,1709654647
12127307,,,,,,
12127308,2300,2641,,,,1709660140
12127309,3038,3460,4009,,,1709656537
12127311,2286,3355,,,,1709660380
12127312,2620,3837,,,,1709653097
12127313,3064,4634,4557,,,1709662134
12127316,1983,2874,,,,1709652629
12127371,3896,2655,,,,1709753187
12127425,1591,2660,,,,1709659435
12127439,,,,,,
12127440,,,,,,
12127441,,,,,,
12127442,,,,,,
12127443,,,,,,
12127444,,,,,,
12127447,,,,,,
12127448,,,,,,
12127451,4018,996,,,,1709655695
12127453,2567,2235,,,,1709657674
12127454,4205,2395,2671,,,1709658531
12127456,3661,2339,,,,1709655095
12127457,1986,2539,,,,1709664163
12127458,3312,2389,,,,1709661964
12127471,2518,3446,2528,,,1709664653
12127472,2813,4953,,,,1709673073
12127473,56866,832,,,,1709715213
12127474,2008,2979,,,,1709679269
12127475,2660,2438,,,,1709666821
12127476,1522,2030,,,,1709659087
12127612,1878,3617,2706,,,1709725454
12127613,3825,2315,,,,1709717650
12127614,3453,2278,,,,1709742804
12127619,4146,3266,2862,,,1709716396
12127620,3870,2967,,,,1709712827
12127621,2417,2004,,,,1709731340
12127622,2301,3604,,,,1709730833
12127623,2972,2430,,,,1709749074
12127624,2882,4174,,,,1709727521
12127625,2492,2261,,,,1709725087
12127626,1863,2344,,,,1709721556
12127627,3293,2027,2404,,,1709740568
12127628,3197,2934,,,,1709735741
12127631,4056,2091,1691,,,1709725901
12127632,3042,2769,4321,,,1709742206
12127634,1786,2308,,,,1709726240
12127636,2910,3418,,,,1709739031
12127637,3683,4208,,,,1709731501
12127638,3218,3136,2141,,,1709740890
12127639,2724,2579,,,,1709722669
12127642,,,,,,
12127647,4367,2863,,,,1709720628
12127648,5043,3432,,,,1709809861
12127649,2351,1297,,,,1709718748
12127650,2677,3916,,,,1709734990
12127651,1530,1923,,,,1709813581
12127652,2196,2517,,,,1709744428
12127653,2189,3979,4094,,,1709772637
12127654,1588,2158,,,,1709743165
12127655,2601,1752,,,,1709740398
12127657,2033,1215,,,,1709739609
12127659,2543,2532,2981,,,1709748210
12127723,2348,3981,,,,1709691763
12127725,1753,2284,,,,1709698288
12127726,1917,2405,,,,1709691209
12127729,2117,2544,,,,1709721742
12127731,1818,1552,,,,1709703328
12127732,1959,1763,,,,1709701462
12127733,2334,3183,,,,1709722501
12127735,1693,2337,3500,,,1709727220
12127736,1372,3788,,,,1709705417
12127737,2413,2042,,,,1709713645
12127738,2230,2792,,,,1709716049
12127739,1372,3733,,,,1709703086
12127740,3803,2134,4178,,,1709725752
12127741,2556,2691,,,,1709800741
12127742,2480,2338,,,,1709708040
12127743,2565,3256,1909,,,1709712077
12127744,1796,1919,,,,1709703284
12127745,2066,1899,,,,1709691306
12127747,2025,4074,,,,1709696536
12127748,1759,3917,2708,,,1709695752
12127749,3416,3111,4373,,,1709751915
12127750,2220,2277,,,,1709741173
12127751,2013,4418,1611,,,1709759150
12127752,4602,3310,,,,1709753571
12127753,2714,3631,,,,1709711770
12127756,2385,2701,,,,1709748587
12127757,2689,2168,,,,1709726407
12127758,2904,2500,,,,1709710244
12127760,3213,2150,,,,1709722918
12127761,2390,3394,,,,1709704309
12127763,2537,3320,,,,1709715626
12127765,1926,2426,,,,1709721975
12127767,2083,2236,,,,1709709418
12127769,2912,4415,2256,,,1709727194
12127770,2066,1727,,,,1709715664
12127771,2300,3579,,,,1709709871
12127773,1563,1001,,,,1709714454
12127774,3603,2978,,,,1709711897
12127776,2035,1558,,,,1709715962
12127778,4023,1852,2125,,,1709722385
12127779,1922,2273,,,,1709718094
12127780,2211,3095,,,,1709732901
12127782,3039,2028,,,,1709731900
12127784,3379,2494,,,,1709719736
12127785,1898,1606,,,,1709736128
12127787,2256,1618,,,,1709711067
12127788,2211,2091,,,,1709804853
12127800,2509,2599,,,,1709721350
12127802,2347,2465,1751,,,1709732715
12127805,2339,2582,,,,1709716634
12127806,2055,1113,,,,1709716703
12127807,3583,3563,,,,1709723545
12127808,2403,2053,2908,,,1709719063
12127810,3697,3779,,,,1709718191
12127818,2147,2904,,,,1709717076
12127972,3508,3757,,,,1709666357
12128055,2070,3559,4732,,,1709728532
12128056,3707,3793,,,,1709727292
12128057,2704,3506,,,,1709735633
12128058,1410,1351,,,,1709735652
12128059,1743,2958,,,,1709730002
12128161,1839,3058,,,,1709760411
12128163,2132,1880,3774,,,1709759650
12128165,2577,3242,,,,1709754997
12128166,2835,2485,3051,,,1709757622
12128167,3836,2923,1628,,,1709762417
12128168,3746,2640,,,,1709768858
12128169,,,,,,
12128170,3875,3731,,,,1709765537
12128171,4186,1952,3385,,,1709750829
12128172,2585,3166,,,,1709746593
12128173,1895,1847,,,,1709741822
12128176,2197,3284,2219,,,1709667762
12128177,2638,1835,2665,,,1709666832
12128178,2388,2355,,,,1709664677
12128179,1496,1843,,,,1709663698
12128180,2630,3461,,,,1709664590
12128181,49654,528,1390,,,1709712127
12128182,2242,2789,2326,,,1709689309
12128183,1567,2761,,,,1709690384
12128184,2278,3236,1531,,,1709676281
12128185,2404,2278,,,,1709762156
12128186,2351,3250,,,,1709768427
12128187,2417,2950,,,,1709754513
12128189,3374,4249,,,,1709762745
12128190,,,,,,
12128191,2114,2440,,,,1709754246
12128192,4928,1833,,,,1709757079
12128208,2972,1690,1747,,,1709683548
12128209,1775,3180,2607,,,1709685868
12128210,3521,3551,,,,1709680350
12128216,2025,2250,,,,1709678712
12128217,2549,2013,2305,,,1709681083
12128218,2887,4455,2566,,,1709687860
12128221,1400,2448,1971,,,1709685847
12128223,3773,3530,2916,,,1709692080
12128236,1927,2304,,,,1709701804
12128237,1792,2745,,,,1709719433
12128238,3370,2481,1891,,,1709712582
12128239,3356,3478,,,,1709721748
12128240,3247,2341,,,,1709710714
12128241,5443,3233,,,,1709723939
12128242,2002,3626,2171,,,1709710864
12128243,4856,3535,,,,1709722854
12128244,2329,1712,2176,,,1709704030
12128245,4059,3173,,,,1709810811
12128246,2686,2109,,,,1709801677
12128247,1454,2151,,,,1709710737
12128248,2405,3451,,,,1709702336
12128249,2673,2000,2835,,,1709705424
12128250,2747,2048,,,,1709733602
12128251,3058,4002,3848,,,1709744821
12128252,3056,4471,3046,,,1709763607
12128256,1882,1516,,,,1709742742
12128257,2028,1614,,,,1709731324
12128258,2821,2397,,,,1709716986
12128259,2346,2148,3514,,,1709724938
12128260,2516,2966,,,,1709723812
12128261,2319,2549,,,,1709722466
12128262,2131,2546,,,,1709733155
12128263,2112,2977,,,,1709716451
12128264,,,,,,
12128265,,,,,,
12128266,3569,2397,,,,1709717964
12128267,3951,2364,2440,,,1709737442
12128268,3855,3722,2744,,,1709747347
12128269,1937,2127,,,,1709721269
12128270,2253,3230,2798,,,1709742652
12128271,2117,3479,4571,,,1709724498
12128272,1976,2485,2052,,,1709745948
12128273,1857,2645,,,,1709720082
12128274,2334,2667,3615,,,1709737047
12128275,2450,2571,,,,1709748290
12128352,1867,2862,,,,1709688062
12128405,,,,,,1709700133
12128406,1492,3007,,,,1709701914
12128407,3174,2702,4054,,,1709695304
12128408,2721,2742,,,,1709704287
12128409,1622,3874,5792,,,1709701758
12128410,3022,2037,,,,1709692550
12128411,2652,2026,,,,1709787471
12128412,,,,,,1709693981
12128413,2325,4471,,,,1709691928
12128484,2240,2357,,,,1709792196
12128749,2864,4022,,,,1709720633
12128750,4796,2977,,,,1709726741
12128751,3780,2643,,,,1709729153
12128752,2607,2176,2130,,,1709725850
12128753,2363,3136,2695,,,1709725266
12128755,1562,3851,2863,,,1709734306
12128756,1384,1430,,,,1709710524
12128757,,,,,,1709716192
12128920,,,,,,
12129050,3662,1619,3517,,,1709804587
12129153,,,,,,
12129154,,,,,,
12129159,2021,3103,,,,1709801017
12129160,1599,2622,,,,1709644339
12129171,1485,2609,3510,,,1709724930
12129172,2430,2821,,,,1709710118
12129173,2480,4832,2482,,,1709736659
12129174,2949,2866,,,,1709719549
12129175,2828,2041,2856,,,1709729051
12129176,2424,3186,,,,1709734151
12129177,2266,1548,,,,1709721999
12129193,,,,,,
12129257,3414,3671,851,,,1709651176
12129260,2787,1908,2475,,,1709810839
12129276,2307,1661,,,,1709801667
12129376,3801,2548,,,,1709808468
12129379,1440,1904,2451,,,1709712737
12129380,3387,3852,,,,1709712700
12129381,3468,2952,3226,,,1709715427
12129382,3522,2010,5030,,,1709726148
12129383,1886,2202,1437,,,1709720216
12129384,2395,1550,,,,1709719136
12129385,1822,4033,,,,1709711228
12129397,2126,2672,,,,1709801722
12129433,2731,2412,,,,1709816961
12129440,,,,,,
12129511,3302,3276,,,,1709817150
12129621,1610,2756,,,,1709727183
12129622,2521,2761,,,,1709715404
12129623,2204,3457,,,,1709729249
12129624,,,,,,1709719833
12129625,2371,1859,,,,1709730353
12129626,1516,2610,,,,1709728659
12129627,2560,2360,1868,,,1709717404
12129628,2238,1661,,,,1709719904
12129629,,,,,,1709730787
12129630,2171,1436,,,,1709720292
12129631,2464,2891,,,,1709721855
12129632,2164,2157,,,,1709715016
12129633,2254,1775,,,,1709724745
12129634,2065,1362,,,,1709724697
12129635,2403,2125,,,,1709724072
12129636,2463,1822,,,,1709715039
12129701,3574,3952,,,,1709798810
12129775,1961,1872,4335,,,1709818340
12129799,2285,3500,,,,1709728626
12129800,1974,1430,,,,1709730610
12129801,1626,2456,,,,1709729189
12129802,3218,1506,,,,1709736185
12129803,2567,1748,,,,1709738759
12129804,2675,3152,,,,1709720867
12129805,4389,2462,2535,,,1709731388
12129806,2386,3900,2337,,,1709731676
12129807,3471,2819,,,,1709727344
12129808,2756,1879,,,,1709741473
12129809,2420,2430,,,,1709741576
12129810,1880,3393,2618,,,1709728062
12129811,1665,2235,,,,1709734956
12129812,2349,1678,,,,1709720096
12129813,2916,2771,,,,1709734509
12129814,2836,2106,3215,,,1709735792
12129815,3462,3533,,,,1709738432
12129817,1495,1504,,,,1709728644
12129818,2542,2842,,,,1709719072
12129819,1784,2147,,,,1709735828
12129820,2787,1697,,,,1709731284
12129821,5624,2257,,,,1709728728
12129822,3791,2941,85,,,1709720921
12129823,1969,3177,,,,1709735993
12129824,1976,4294,,,,1709712965
12129825,1420,2433,,,,1709712198
12129826,3167,2389,,,,1709740873
12129827,3375,2854,2464,,,1709725229
12129828,2154,2332,,,,1709724154
12129829,2147,2690,,,,1709734075
12129830,2437,3435,,,,1709733728
12129831,3518,3168,,,,1709714550
12129832,2280,2567,,,,1709713135
12129839,2555,2825,3010,,,1709721649
12129840,2729,2484,,,,1709732140
12129841,2525,3172,,,,1709718716
12129842,2183,3631,,,,1709727724
12129843,2063,2554,,,,1709731180
12129845,1669,2344,2747,,,1709725481
12129846,1912,1745,,,,1709741601
12129847,4485,1697,1984,,,1709728958
12129867,2949,2444,,,,1709728588
12129868,2554,2337,,,,1709717124
12129869,2790,3492,,,,1709709998
12129870,3337,3304,3813,,,1709714914
12129871,2112,3074,2104,,,1709726159
12129872,2358,1900,,,,1709719302
12129873,3928,4002,,,,1709735911
12130051,1223,2846,2494,,,1709728666
12130052,1273,1875,,,,1709737867
12130053,2898,2277,,,,1709734739
12130054,1888,1652,,,,1709721755
12130055,4244,1970,,,,1709733353
12130056,241,1005,2293,,,1709724470
12130057,3074,3138,1800,,,1709732654
12130104,2965,4738,3248,,,1709740723
12130107,2346,2280,2549,,,1709811432
12130117,3781,2331,,,,1709735963
12130118,2503,3252,2823,,,1709806487
12130119,2525,2373,,,,1709795661
12130137,,,,,,
12130138,2288,2450,,,,1709727456
12130139,2584,2553,,,,1709729571
12130140,2028,2027,,,,1709718150
12130141,2399,2795,3845,,,1709742194
12130143,1967,1477,,,,1709723267
12130144,2504,1689,,,,1709737629
12130152,1752,2885,,,,1709727570
12130153,1322,2869,,,,1709732673
12130154,1589,2547,,,,1709726670
12130155,2059,2826,,,,1709731319
12130156,3097,2375,,,,1709722730
12130157,1668,2160,,,,1709731647
12130158,1526,3278,,,,1709725176
12130196,1998,2490,2640,,,1709816606
12130236,3175,2830,2668,,,1709736136
12130237,2724,2843,,,,1709733079
12130238,2651,5809,4031,,,1709739190
12130239,1701,2292,,,,1709732420
12130240,3119,2468,,,,1709740262
12130241,3335,2153,,,,1709747353
12130242,2108,1905,2247,,,1709754875
12130285,2675,3027,,,,1709819400
12130286,4895,2365,,,,1709822897
12130289,4179,4061,4303,,,1709758249
12130290,,,,,,1709745844
12130291,2803,2637,,,,1709753910
12130292,3726,2106,,,,1709755444
12130293,,,,,,1709738709
12130294,3642,3284,2337,,,1709761066
12130311,2409,4333,2932,,,1709739604
12130438,1870,4182,1582,,,1709727853
12130439,1996,1488,,,,1709704567
12130440,2055,2506,2252,,,1709720451
12130441,1959,1334,,,,1709706868
12130442,1935,3924,,,,1709704108
12130443,3435,2049,1208,,,1709724012
12130518,1599,3672,,,,1709745302
12130651,3344,2769,,,,1709812938
12130656,2098,2507,,,,1709725556
12130694,3988,4803,2529,,,1709828247
12130702,,,,,,
12130703,2687,2231,,,,1709748773
12130704,1558,1892,,,,1709739312
12130705,2066,1870,,,,1709754113
12130706,,,,,,
12130707,2691,2129,,,,1709758429
12130773,3093,2502,,,,1709747897
12130836,,,,,,
12131365,3877,3851,,,,1709779974
12131366,2586,3280,,,,1709778080
12131370,3806,2608,4894,,,1709766434
12131371,2829,2129,1410,,,1709763575
12131373,3424,1816,,,,1709755750
12131379,2093,2752,,,,1709766624
12131386,2728,3453,1553,,,1709781920
12131400,2883,3168,13533,,,1709789140
12131633,2973,2596,,,,1709779281
12131680,1956,2447,,,,1709786238
12131698,2282,3826,13833,,,1709788933
12131724,2537,2535,14816,,,1709789743
12131745,2720,3138,2888,,,1709790672
12131746,,,,,,
12131773,3260,3930,,,,1709787762
12131793,1329,4394,,,,1709728814
12131810,2254,2023,,,,1709790437
12131894,1515,2760,,,,1709796840
12131896,3500,2385,,,,1709788014
12131897,2843,2519,3320,,,1709797120
12131898,1480,1610,,,,1709796425
12131899,1571,1326,,,,1709796822
12131901,2130,2645,3711,,,1709798914
12131908,2237,2345,2167,,,1709795592
12131911,1819,2192,,,,1709795722
12131924,2769,2168,2532,,,1709808736
12131929,4006,3521,3351,,,1709803388
12132026,,,,,,
12132081,3988,4228,,,,1709724028
12132087,4799,2721,2258,,,1709802699
12132091,2957,2276,3052,,,1709793772
12132097,,,,,,1709798503
12132098,2762,2863,,,,1709803664
12132099,2583,3009,,,,1709803489
12132106,,,,,,
12132112,3793,2753,,,,1709817762
12132115,1703,2183,1647,,,1709725326
12132118,2336,2722,,,,1709798026
12132131,2567,1665,,,,1709807139
12132142,2862,4486,,,,1709791316
12132143,2440,3071,3441,,,1709822732
12132230,1705,2092,,,,1709795685
12132231,3266,3112,,,,1709802590
12132262,2158,1634,,,,1709808061
12132266,2908,1799,,,,1709811935
12132271,3637,5006,,,,1709802590
12132309,3051,2246,2229,,,1709814762
12132316,1835,2138,,,,1709802561
12132317,2134,3545,2378,,,1709810881
12132320,3670,3940,,,,1709809865
12132322,2438,3301,2413,,,1709809510
12132323,1324,2389,,,,1709803153
12132325,4028,2752,2873,,,1709802174
12132331,3321,2873,4210,,,1709795072
12132343,2950,1642,,,,1709804487
12132361,2776,2245,1914,,,1709802655
12132362,1625,1686,4094,,,1709809852
12132370,2496,3686,1818,,,1709814245
12132380,3407,3200,,,,1709804565
12132405,2701,3529,,,,1709808320
12132406,3771,2202,3015,,,1709794880
12132472,1414,3921,3465,,,1709801247
12132546,2037,2308,,,,1709789990
12132547,2238,1943,,,,1709803091
12132656,2564,3679,3889,,,1709794818
12132657,3783,3977,,,,1709809849
12132675,4367,3287,,,,1709798516
12132677,2016,2862,,,,1709803521
12132689,2582,2293,1876,,,1709812334
12132690,3932,1984,3443,,,1709803172
12132691,3689,2443,,,,1709813364
12132701,3252,3377,,,,1709809617
12132731,2850,2025,,,,1709809157
12132753,3045,1947,,,,1709802020
12132770,2491,2576,,,,1709795672
12132785,1819,2512,4003,,,1709806626
12132786,2696,2402,,,,1709805708
12132794,4951,3117,,,,1709813220
12132842,,,,,,1709799009
12132843,1589,2387,,,,1709822393
12132850,3728,2226,,,,1709803188
12132855,3316,3999,,,,1709811295
12132856,3101,1811,,,,1709802171
12132857,3451,3149,1885,,,1709809266
12132942,1154,2256,2760,,,1709808424
12132943,3000,2195,2999,,,1709804056
12132972,2824,3275,,,,1709803410
12132975,4288,3890,3600,,,1709809488
12132976,2557,3939,,,,1709803555
12132977,1812,3757,,,,1709815475
12132980,1978,3081,,,,1709816180
12132992,2236,1547,,,,1709814410
12132993,3270,3197,,,,1709815389
12133012,4707,3387,2545,,,1709772005
12133077,2462,2829,,,,1709819491
12133078,2527,2245,,,,1709805126
12133088,1968,1941,,,,1709802969
12133116,1515,2121,,,,1709801162
12133120,2788,3111,,,,1709819799
12133121,3422,4154,,,,1709810732
12133122,1993,1578,,,,1709808002
12133123,2968,3085,,,,1709820562
12133141,1925,2959,,,,1709805662
12133153,1788,2556,,,,1709801226
12133166,,,,,,1709797178
12133182,2153,2402,,,,1709806253
12133204,2545,3741,,,,1709809052
12133223,2651,1702,,,,1709812865
12133255,4191,3263,2670,,,1709813180
12133256,1606,2099,,,,1709799384
12133333,2431,2053,,,,1709819671
12133335,2696,2809,3107,,,1709804933
12133381,1642,1683,,,,1709800944
12133463,1418,1951,,,,1709808912
12133467,2488,3558,,,,1709806921
12133472,1881,3413,3763,,,1709822544
12133473,2196,3087,,,,1709817141
12133487,2307,2590,2641,,,1709804180
12133492,2733,4099,,,,1709821459
12133494,3423,2720,,,,1709821994
12133621,1191,2205,,,,1709821177
12133690,5158,2828,,,,1709814671
12133747,2118,3608,3616,,,1709823351
12133754,1360,2364,,,,1709820053
12133761,2776,2393,,,,1709808616
12133925,2491,2260,,,,1709821396
12133995,1791,3698,5755,,,1709822374
12134027,2948,2453,,,,1709820475
12134050,3086,2808,,,,1709822141
12134073,2244,2041,,,,1709766550
12134074,5846,5999,,,,1709822485
12134148,3520,2151,3207,,,1709824473
12139583,,,,,,
12139586,,,,,,
12139599,,,,,,
12139600,,,,,,
12139601,,,,,,
12139603,,,,,,
12139604,,,,,,
12139605,,,,,,
12139606,,,,,,
12139607,,,,,,
12139608,,,,,,
12139609,,,,,,
12139610,,,,,,
12139611,,,,,,
12139613,,,,,,
12139614,,,,,,
12139616,,,,,,
12139617,,,,,,
12139618,,,,,,
12139623,,,,,,
12139634,,,,,,
12109835,4458,1644,,,,1709848694
12109836,2399,1902,,,,1709860862
12109837,2257,2517,,,,1709762137
12109843,3702,2594,,,,1709756162
12109845,2515,2730,3848,,,1709853405
12109846,4264,1228,2959,,,1709771228
12109848,,,,,,1709837337
12109849,4315,2094,,,,1709770151
12109850,1920,2505,2440,,,1709814303
12109854,3175,2250,,,,1709731068
12109861,3791,3817,,,,1709900195
12109876,3444,2672,2008,,,1709829920
12109878,2022,2480,,,,1709906976
12109879,2176,2565,,,,1709811779
12109880,1965,1519,,,,1709753073
12109881,1422,1556,,,,1709841391
12109882,2017,2984,3400,,,1709739699
12109883,3314,1944,,,,1709820734
12109895,2742,3044,1224,,,1709805269
12109897,2097,2159,,,,1709811107
12109898,3086,1775,3590,,,1709804168
12109901,1990,2792,3577,,,1709892129
12109902,2973,2136,,,,1709899620
12109903,2984,3541,2598,,,1709894451
12109905,1621,2172,2792,,,1709901790
12109907,4610,4048,3105,,,1709817147
12125048,3839,4360,,,,1709743748
12125050,2277,2970,,,,1709734802
12125055,3583,2738,4859,,,1709739042
12125056,2153,2503,,,,1709734474
12126984,2969,4350,,,,1709740875
12126985,2967,3182,1273,,,1709751123
12126999,2268,1302,,,,1709747183
12127047,2491,3477,,,,1709735394
12127110,2057,2929,,,,1709740640
12127111,3273,2012,,,,1709735666
12127371,3896,2655,,,,1709753187
12127614,3453,2278,,,,1709742804
12127621,2417,2004,,,,1709731340
12127622,2301,3604,,,,1709730833
12127623,2972,2430,,,,1709749074
12127627,3293,2027,2404,,,1709740568
12127628,3197,2934,,,,1709735741
12127632,3042,2769,4321,,,1709742206
12127636,2910,3418,,,,1709739031
12127637,3683,4208,,,,1709731501
12127638,3218,3136,2141,,,1709740890
12127645,2880,3665,1806,,,1709827419
12127648,5043,3432,,,,1709809861
12127650,2677,3916,,,,1709734990
12127651,1530,1923,,,,1709813581
12127652,2196,2517,,,,1709744428
12127653,2189,3979,4094,,,1709772637
12127654,1588,2158,,,,1709743165
12127655,2601,1752,,,,1709740398
12127657,2033,1215,,,,1709739609
12127659,2543,2532,2981,,,1709748210
12127741,2556,2691,,,,1709800741
12127749,3416,3111,4373,,,1709751915
12127750,2220,2277,,,,1709741173
12127751,2013,4418,1611,,,1709759150
12127752,4602,3310,,,,1709753571
12127756,2385,2701,,,,1709748587
12127780,2211,3095,,,,1709732901
12127782,3039,2028,,,,1709731900
12127785,1898,1606,,,,1709736128
12127788,2211,2091,,,,1709804853
12127802,2347,2465,1751,,,1709732715
12128057,2704,3506,,,,1709735633
12128058,1410,1351,,,,1709735652
12128059,1743,2958,,,,1709730002
12128150,2582,3068,,,,1709856792
12128151,3255,2514,,,,1709862204
12128152,2985,2471,,,,1709841622
12128153,1757,2457,,,,1709850583
12128155,1661,3084,2082,,,1709852205
12128156,3330,2336,1885,,,1709844293
12128158,2449,2399,14338,,,1709865668
12128160,,,,,,
12128161,1839,3058,,,,1709760411
12128162,3038,75669,,,,1709773188
12128163,2132,1880,3774,,,1709759650
12128164,2129,2120,1538,,,1709856309
12128165,2577,3242,,,,1709754997
12128166,2835,2485,3051,,,1709757622
12128167,3836,2923,1628,,,1709762417
12128168,3746,2640,,,,1709768858
12128169,,,,,,
12128170,3875,3731,,,,1709765537
12128171,4186,1952,3385,,,1709750829
12128172,2585,3166,,,,1709746593
12128173,1895,1847,,,,1709741822
12128174,1914,3977,,,,1709833160
12128185,2404,2278,,,,1709762156
12128186,2351,3250,,,,1709768427
12128187,2417,2950,,,,1709754513
12128188,4447,74556,,,,1709772781
12128189,3374,4249,,,,1709762745
12128190,,,,,,
12128191,2114,2440,,,,1709754246
12128192,4928,1833,,,,1709757079
12128194,1931,1495,,,,1709864263
12128195,13143,2271,,,,1709876965
12128196,1362,2475,3355,,,1709862443
12128197,1443,2768,,,,1709858534
12128198,2159,3787,,,,1709840712
12128199,3614,2321,3268,,,1709844576
12128200,1505,2361,2526,,,1709853612
12128201,3730,3536,,,,1709860872
12128204,3278,3752,,,,1709841937
12128245,4059,3173,,,,1709810811
12128246,2686,2109,,,,1709801677
12128250,2747,2048,,,,1709733602
12128251,3058,4002,3848,,,1709744821
12128252,3056,4471,3046,,,1709763607
12128256,1882,1516,,,,1709742742
12128257,2028,1614,,,,1709731324
12128262,2131,2546,,,,1709733155
12128267,3951,2364,2440,,,1709737442
12128268,3855,3722,2744,,,1709747347
12128270,2253,3230,2798,,,1709742652
12128272,1976,2485,2052,,,1709745948
12128274,2334,2667,3615,,,1709737047
12128275,2450,2571,,,,1709748290
12128411,2652,2026,,,,1709787471
12128484,2240,2357,,,,1709792196
12128755,1562,3851,2863,,,1709734306
12129050,3662,1619,3517,,,1709804587
12129159,2021,3103,,,,1709801017
12129173,2480,4832,2482,,,1709736659
12129176,2424,3186,,,,1709734151
12129260,2787,1908,2475,,,1709810839
12129276,2307,1661,,,,1709801667
12129376,3801,2548,,,,1709808468
12129397,2126,2672,,,,1709801722
12129433,2731,2412,,,,1709816961
12129511,3302,3276,,,,1709817150
12129572,1566,2892,,,,1709824978
12129623,2204,3457,,,,1709729249
12129625,2371,1859,,,,1709730353
12129626,1516,2610,,,,1709728659
12129629,,,,,,1709730787
12129701,3574,3952,,,,1709798810
12129775,1961,1872,4335,,,1709818340
12129801,1626,2456,,,,1709729189
12129802,3218,1506,,,,1709736185
12129803,2567,1748,,,,1709738759
12129808,2756,1879,,,,1709741473
12129809,2420,2430,,,,1709741576
12129811,1665,2235,,,,1709734956
12129813,2916,2771,,,,1709734509
12129814,2836,2106,3215,,,1709735792
12129815,3462,3533,,,,1709738432
12129817,1495,1504,,,,1709728644
12129819,1784,2147,,,,1709735828
12129820,2787,1697,,,,1709731284
12129823,1969,3177,,,,1709735993
12129826,3167,2389,,,,1709740873
12129829,2147,2690,,,,1709734075
12129830,2437,3435,,,,1709733728
12129840,2729,2484,,,,1709732140
12129843,2063,2554,,,,1709731180
12129846,1912,1745,,,,1709741601
12129873,3928,4002,,,,1709735911
12130052,1273,1875,,,,1709737867
12130053,2898,2277,,,,1709734739
12130055,4244,1970,,,,1709733353
12130100,5203,66023,68610,,,1709835658
12130104,2965,4738,3248,,,1709740723
12130107,2346,2280,2549,,,1709811432
12130117,3781,2331,,,,1709735963
12130118,2503,3252,2823,,,1709806487
12130119,2525,2373,,,,1709795661
12130141,2399,2795,3845,,,1709742194
12130144,2504,1689,,,,1709737629
12130153,1322,2869,,,,1709732673
12130155,2059,2826,,,,1709731319
12130157,1668,2160,,,,1709731647
12130196,1998,2490,2640,,,1709816606
12130236,3175,2830,2668,,,1709736136
12130237,2724,2843,,,,1709733079
12130238,2651,5809,4031,,,1709739190
12130239,1701,2292,,,,1709732420
12130240,3119,2468,,,,1709740262
12130241,3335,2153,,,,1709747353
12130242,2108,1905,2247,,,1709754875
12130285,2675,3027,,,,1709819400
12130286,4895,2365,,,,1709822897
12130289,4179,4061,4303,,,1709758249
12130290,,,,,,1709745844
12130291,2803,2637,,,,1709753910
12130292,3726,2106,,,,1709755444
12130293,,,,,,1709738709
12130294,3642,3284,2337,,,1709761066
12130295,4462,65561,3491,,,1709898748
12130311,2409,4333,2932,,,1709739604
12130312,2807,3368,,,,1709825361
12130517,3854,5068,2658,,,1709832989
12130518,1599,3672,,,,1709745302
12130651,3344,2769,,,,1709812938
12130694,3988,4803,2529,,,1709828247
12130702,,,,,,
12130703,2687,2231,,,,1709748773
12130704,1558,1892,,,,1709739312
12130705,2066,1870,,,,1709754113
12130706,,,,,,
12130707,2691,2129,,,,1709758429
12130745,3035,4296,,,,1709845460
12130773,3093,2502,,,,1709747897
12130836,,,,,,
12130846,2937,3761,,,,1709829634
12131283,2704,2096,,,,1709846373
12131365,3877,3851,,,,1709779974
12131366,2586,3280,,,,1709778080
12131367,2585,3727,,,,1709841250
12131368,2340,1545,,,,1709863626
12131369,2231,1914,,,,1709857409
12131370,3806,2608,4894,,,1709766434
12131371,2829,2129,1410,,,1709763575
12131372,,,,,,1709772177
12131373,3424,1816,,,,1709755750
12131374,2403,4060,2673,,,1709857792
12131375,,,,,,1709851796
12131376,2140,2524,2710,,,1709853361
12131377,3689,76697,,,,1709769350
12131379,2093,2752,,,,1709766624
12131380,3413,3443,,,,1709841958
12131381,1930,15656,,,,1709864964
12131384,,,,,,1709772509
12131385,1930,2850,,,,1709852172
12131386,2728,3453,1553,,,1709781920
12131387,2880,3022,,,,1709859113
12131388,2031,1572,,,,1709857916
12131389,,,,,,1709771867
12131400,2883,3168,13533,,,1709789140
12131633,2973,2596,,,,1709779281
12131680,1956,2447,,,,1709786238
12131698,2282,3826,13833,,,1709788933
12131724,2537,2535,14816,,,1709789743
12131745,2720,3138,2888,,,1709790672
12131746,,,,,,
12131773,3260,3930,,,,1709787762
12131793,1329,4394,,,,1709728814
12131810,2254,2023,,,,1709790437
12131894,1515,2760,,,,1709796840
12131896,3500,2385,,,,1709788014
12131897,2843,2519,3320,,,1709797120
12131898,1480,1610,,,,1709796425
12131899,1571,1326,,,,1709796822
12131900,,,,,,
12131901,2130,2645,3711,,,1709798914
12131908,2237,2345,2167,,,1709795592
12131911,1819,2192,,,,1709795722
12131924,2769,2168,2532,,,1709808736
12131929,4006,3521,3351,,,1709803388
12132087,4799,2721,2258,,,1709802699
12132091,2957,2276,3052,,,1709793772
12132097,,,,,,1709798503
12132098,2762,2863,,,,1709803664
12132099,2583,3009,,,,1709803489
12132112,3793,2753,,,,1709817762
12132118,2336,2722,,,,1709798026
12132131,2567,1665,,,,1709807139
12132142,2862,4486,,,,1709791316
12132143,2440,3071,3441,,,1709822732
12132230,1705,2092,,,,1709795685
12132231,3266,3112,,,,1709802590
12132262,2158,1634,,,,1709808061
12132266,2908,1799,,,,1709811935
12132271,3637,5006,,,,1709802590
12132309,3051,2246,2229,,,1709814762
12132316,1835,2138,,,,1709802561
12132317,2134,3545,2378,,,1709810881
12132320,3670,3940,,,,1709809865
12132322,2438,3301,2413,,,1709809510
12132323,1324,2389,,,,1709803153
12132325,4028,2752,2873,,,1709802174
12132330,2579,2764,,,,1709829163
12132331,3321,2873,4210,,,1709795072
12132343,2950,1642,,,,1709804487
12132361,2776,2245,1914,,,1709802655
12132362,1625,1686,4094,,,1709809852
12132370,2496,3686,1818,,,1709814245
12132380,3407,3200,,,,1709804565
12132405,2701,3529,,,,1709808320
12132406,3771,2202,3015,,,1709794880
12132472,1414,3921,3465,,,1709801247
12132546,2037,2308,,,,1709789990
12132547,2238,1943,,,,1709803091
12132656,2564,3679,3889,,,1709794818
12132657,3783,3977,,,,1709809849
12132675,4367,3287,,,,1709798516
12132677,2016,2862,,,,1709803521
12132689,2582,2293,1876,,,1709812334
12132690,3932,1984,3443,,,1709803172
12132691,3689,2443,,,,1709813364
12132701,3252,3377,,,,1709809617
12132731,2850,2025,,,,1709809157
12132753,3045,1947,,,,1709802020
12132770,2491,2576,,,,1709795672
12132785,1819,2512,4003,,,1709806626
12132786,2696,2402,,,,1709805708
12132794,4951,3117,,,,1709813220
12132842,,,,,,1709799009
12132843,1589,2387,,,,1709822393
12132850,3728,2226,,,,1709803188
12132855,3316,3999,,,,1709811295
12132856,3101,1811,,,,1709802171
12132857,3451,3149,1885,,,1709809266
12132942,1154,2256,2760,,,1709808424
12132943,3000,2195,2999,,,1709804056
12132972,2824,3275,,,,1709803410
12132975,4288,3890,3600,,,1709809488
12132976,2557,3939,,,,1709803555
12132977,1812,3757,,,,1709815475
12132980,1978,3081,,,,1709816180
12132992,2236,1547,,,,1709814410
12132993,3270,3197,,,,1709815389
12133012,4707,3387,2545,,,1709772005
12133014,4852,2262,2939,,,1709838927
12133050,3187,1496,,,,1709823932
12133077,2462,2829,,,,1709819491
12133078,2527,2245,,,,1709805126
12133088,1968,1941,,,,1709802969
12133116,1515,2121,,,,1709801162
12133120,2788,3111,,,,1709819799
12133121,3422,4154,,,,1709810732
12133122,1993,1578,,,,1709808002
12133123,2968,3085,,,,1709820562
12133141,1925,2959,,,,1709805662
12133153,1788,2556,,,,1709801226
12133166,,,,,,1709797178
12133182,2153,2402,,,,1709806253
12133204,2545,3741,,,,1709809052
12133222,3242,3179,,,,1709828807
12133223,2651,1702,,,,1709812865
12133255,4191,3263,2670,,,1709813180
12133256,1606,2099,,,,1709799384
12133333,2431,2053,,,,1709819671
12133334,2444,4356,3266,,,1709827387
12133335,2696,2809,3107,,,1709804933
12133380,2592,2893,,,,1709833772
12133381,1642,1683,,,,1709800944
12133463,1418,1951,,,,1709808912
12133467,2488,3558,,,,1709806921
12133472,1881,3413,3763,,,1709822544
12133473,2196,3087,,,,1709817141
12133474,2660,2098,,,,1709823576
12133487,2307,2590,2641,,,1709804180
12133492,2733,4099,,,,1709821459
12133494,3423,2720,,,,1709821994
12133618,2670,2505,3018,,,1709836736
12133620,4308,3751,,,,1709833434
12133621,1191,2205,,,,1709821177
12133660,2474,2717,7921,,,1709826867
12133690,5158,2828,,,,1709814671
12133733,3977,2778,,,,1709827483
12133747,2118,3608,3616,,,1709823351
12133754,1360,2364,,,,1709820053
12133761,2776,2393,,,,1709808616
12133783,2673,2792,,,,1709832042
12133812,3027,3992,,,,1709829282
12133858,2534,2782,,,,1709840019
12133859,1555,2721,,,,1709835894
12133883,2030,2326,,,,1709826189
12133890,2790,2861,,,,1709834137
12133925,2491,2260,,,,1709821396
12133995,1791,3698,5755,,,1709822374
12133999,2008,2557,2698,,,1709848120
12134013,,,,,,
12134027,2948,2453,,,,1709820475
12134050,3086,2808,,,,1709822141
12134073,2244,2041,,,,1709766550
12134074,5846,5999,,,,1709822485
12134079,2121,2468,,,,1709825694
12134089,1759,1517,,,,1709826735
12134145,2983,1828,,,,1709840642
12134148,3520,2151,3207,,,1709824473
12134176,2426,2508,,,,1709832062
12134184,2963,3000,3221,,,1709837839
12134185,2714,2649,,,,1709845900
12134259,1400,1530,,,,1709829263
12134822,2121,1676,,,,1709842572
12134836,2785,11839,,,,1709866592
12134969,2051,3943,19492,,,1709877381
12134979,2611,1656,3071,,,1709876880
12135723,1797,2010,,,,1709874674
12135730,2712,3676,3127,,,1709890082
12135731,3210,2089,,,,1709881789
12135732,2019,2094,4742,,,1709884331
12135765,2247,2451,,,,1709880423
12135805,1526,2226,,,,1709880134
12135994,2268,2588,,,,1709874969
12136045,3705,5613,,,,1709875088
12136046,3336,3499,,,,1709892449
12136047,3279,2626,3175,,,1709877709
12136081,3750,1463,3499,,,1709892641
12136160,2957,4125,,,,1709888569
12136161,2402,1814,,,,1709887739
12136163,2503,2248,,,,1709883072
12136164,2213,2839,1966,,,1709876362
12136168,2706,3313,3028,,,1709890954
12136170,4970,4064,,,,1709896755
12136173,2297,2761,3232,,,1709891201
12136174,3403,3508,,,,1709890715
12136175,3069,1992,,,,1709888691
12136176,,,,,,1709882078
12136177,2077,2268,2924,,,1709900446
12136178,3531,4385,,,,1709889169
12136247,4964,3517,,,,1709890618
12136248,2400,2238,,,,1709884510
12136249,3082,2662,,,,1709885149
12136253,1895,2598,,,,1709887809
12136259,3408,2560,,,,1709883414
12136262,1846,2296,,,,1709880077
12136268,1722,3007,,,,1709887747
12136269,5281,2215,,,,1709898854
12136281,3436,2388,2455,,,1709896880
12136282,2987,3757,3530,,,1709892653
12136283,4884,4418,10569,,,1709884008
12136284,2187,1552,,,,1709887322
12136303,3314,1991,,,,1709888955
12136304,1647,1886,,,,1709889205
12136362,,,,,,1709885280
12136363,3187,3184,,,,1709899672
12136396,2477,3543,4610,,,1709891549
12136397,1987,2539,2475,,,1709889960
12136410,2252,2535,,,,1709887566
12136441,4212,2397,2493,,,1709902760
12136449,1425,2677,,,,1709886476
12136494,4532,3272,,,,1709888011
12136495,2189,1740,1791,,,1709910285
12136509,1519,1830,,,,1709893951
12136533,4080,2826,,,,1709898005
12136534,2078,1717,2597,,,1709903524
12136553,3364,3866,3383,,,1709902424
12136674,2119,2072,2466,,,1709897830
12136692,2654,2071,,,,1709909206
12136745,4940,3972,,,,1709897967
12136746,2544,3300,2983,,,1709903199
12136758,3245,1647,,,,1709892374
12136772,3451,3978,2876,,,1709905248
12136778,3226,2430,,,,1709892347
12136837,2328,5328,,,,1709902275
12136860,3371,1625,1378,,,1709902809
12136869,1295,1968,,,,1709894075
12136898,3373,2151,,,,1709890835
12136961,3184,3272,,,,1709908604
12137032,1797,2849,,,,1709896634
12137039,2336,4798,,,,1709907265
12137107,3000,3516,,,,1709905737
12137108,3340,3879,3738,,,1709913286
12137128,2732,4244,11823,,,1709904632
12137174,2320,1230,13849,,,1709901873
12137176,2371,5021,,,,1709907975
12137290,3026,2537,,,,1709908119
12137318,1919,2440,,,,1709905604
12137378,1870,2916,3030,,,1709912177
12139583,,,,,,
12139586,,,,,,
12139599,,,,,,
12139601,,,,,,
12139606,,,,,,
12139608,,,,,,
12139609,,,,,,
12139611,,,,,,
12139614,,,,,,
12139618,,,,,,
12139619,,,,,,
12139620,,,,,,
12139622,,,,,,
12139623,,,,,,
12139625,,,,,,
12139634,,,,,,
12109835,4458,1644,,,,1709848694
12109836,2399,1902,,,,1709860862
12109845,2515,2730,3848,,,1709853405
12109848,,,,,,1709837337
12109851,2162,3217,,,,1709912190
12109858,2028,1960,,,,1709925707
12109861,3791,3817,,,,1709900195
12109876,3444,2672,2008,,,1709829920
12109878,2022,2480,,,,1709906976
12109881,1422,1556,,,,1709841391
12109883,3314,1944,,,,1709820734
12109894,2051,2853,,,,1709975520
12109896,2420,3147,,,,1709981881
12109901,1990,2792,3577,,,1709892129
12109902,2973,2136,,,,1709899620
12109903,2984,3541,2598,,,1709894451
12109905,1621,2172,2792,,,1709901790
12109935,2375,2261,,,,1709959782
12109942,2761,2528,,,,1709927746
12109946,3982,2424,,,,1709938573
12109951,2260,2181,3668,,,1709952838
12109952,3930,1595,2363,,,1709955800
12109953,2666,3967,2929,,,1709946777
12109956,1784,3227,,,,1709957464
12109958,2245,1896,,,,1709940226
12109962,1654,1888,,,,1709926666
12109964,2326,1496,,,,1709952890
12109965,2110,2477,,,,1709947992
12109966,3897,2746,4090,,,1709958137
12109967,3067,3734,,,,1709933031
12109969,2752,1996,2346,,,1709947384
12109971,1756,950,,,,1709926890
12109972,3273,1477,,,,1709928443
12110019,,,,,,
12110020,2024,2604,,,,1709948219
12110021,2861,2096,,,,1709953804
12110022,3148,2542,2886,,,1709957558
12110023,3546,2593,,,,1709942092
12110024,2929,2531,2563,,,1709930328
12110025,3849,2135,,,,1709953015
12110026,1522,4137,,,,1709936216
12110029,3402,1937,,,,1709928322
12110040,2069,1823,,,,1709927085
12110043,1246,2624,,,,1709926140
12110046,4199,2724,,,,1709954366
12110054,2352,2355,,,,1709943673
12110069,3029,2839,3960,,,1709965862
12110071,2519,3180,,,,1709958718
12110072,2887,1970,,,,1709935278
12127645,2880,3665,1806,,,1709827419
12127728,,,,,,
12127730,,,,,,
12127766,,,,,,
12127768,,,,,,
12127791,,,,,,
12128053,,,,,,
12128054,,,,,,
12128149,3316,2558,2669,,,1709936560
12128150,2582,3068,,,,1709856792
12128151,3255,2514,,,,1709862204
12128152,2985,2471,,,,1709841622
12128153,1757,2457,,,,1709850583
12128154,3521,2525,,,,1709942428
12128155,1661,3084,2082,,,1709852205
12128156,3330,2336,1885,,,1709844293
12128157,,,,,,1709935330
12128158,2449,2399,14338,,,1709865668
12128159,1608,2798,,,,1709937940
12128160,,,,,,
12128162,3038,75669,,,,1709773188
12128164,2129,2120,1538,,,1709856309
12128174,1914,3977,,,,1709833160
12128175,,,,,,
12128188,4447,74556,,,,1709772781
12128193,,,,,,1709865401
12128194,1931,1495,,,,1709864263
12128195,13143,2271,,,,1709876965
12128196,1362,2475,3355,,,1709862443
12128197,1443,2768,,,,1709858534
12128198,2159,3787,,,,1709840712
12128199,3614,2321,3268,,,1709844576
12128200,1505,2361,2526,,,1709853612
12128201,3730,3536,,,,1709860872
12128202,2446,3490,,,,1709941832
12128203,2955,4072,2677,,,1709938164
12128204,3278,3752,,,,1709841937
12128205,,,,,,1709866581
12128233,,,,,,
12128235,,,,,,
12129433,2731,2412,,,,1709816961
12129511,3302,3276,,,,1709817150
12129512,,,,,,
12129572,1566,2892,,,,1709824978
12129775,1961,1872,4335,,,1709818340
12129962,,,,,,
12130100,5203,66023,68610,,,1709835658
12130285,2675,3027,,,,1709819400
12130286,4895,2365,,,,1709822897
12130295,4462,65561,3491,,,1709898748
12130312,2807,3368,,,,1709825361
12130517,3854,5068,2658,,,1709832989
12130694,3988,4803,2529,,,1709828247
12130745,3035,4296,,,,1709845460
12130846,2937,3761,,,,1709829634
12131283,2704,2096,,,,1709846373
12131367,2585,3727,,,,1709841250
12131368,2340,1545,,,,1709863626
12131369,2231,1914,,,,1709857409
12131372,,,,,,1709772177
12131374,2403,4060,2673,,,1709857792
12131375,,,,,,1709851796
12131376,2140,2524,2710,,,1709853361
12131377,3689,76697,,,,1709769350
12131380,3413,3443,,,,1709841958
12131381,1930,15656,,,,1709864964
12131382,3737,2614,,,,1709945618
12131383,3584,3557,,,,1709934928
12131384,,,,,,1709772509
12131385,1930,2850,,,,1709852172
12131387,2880,3022,,,,1709859113
12131388,2031,1572,,,,1709857916
12131389,,,,,,1709771867
12131900,,,,,,
12132112,3793,2753,,,,1709817762
12132143,2440,3071,3441,,,1709822732
12132330,2579,2764,,,,1709829163
12132843,1589,2387,,,,1709822393
12132977,1812,3757,,,,1709815475
12132980,1978,3081,,,,1709816180
12133014,4852,2262,2939,,,1709838927
12133050,3187,1496,,,,1709823932
12133077,2462,2829,,,,1709819491
12133120,2788,3111,,,,1709819799
12133123,2968,3085,,,,1709820562
12133222,3242,3179,,,,1709828807
12133333,2431,2053,,,,1709819671
12133334,2444,4356,3266,,,1709827387
12133380,2592,2893,,,,1709833772
12133472,1881,3413,3763,,,1709822544
12133473,2196,3087,,,,1709817141
12133474,2660,2098,,,,1709823576
12133492,2733,4099,,,,1709821459
12133494,3423,2720,,,,1709821994
12133618,2670,2505,3018,,,1709836736
12133620,4308,3751,,,,1709833434
12133621,1191,2205,,,,1709821177
12133660,2474,2717,7921,,,1709826867
12133733,3977,2778,,,,1709827483
12133747,2118,3608,3616,,,1709823351
12133754,1360,2364,,,,1709820053
12133783,2673,2792,,,,1709832042
12133812,3027,3992,,,,1709829282
12133858,2534,2782,,,,1709840019
12133859,1555,2721,,,,1709835894
12133883,2030,2326,,,,1709826189
12133890,2790,2861,,,,1709834137
12133925,2491,2260,,,,1709821396
12133995,1791,3698,5755,,,1709822374
12133999,2008,2557,2698,,,1709848120
12134013,,,,,,
12134027,2948,2453,,,,1709820475
12134050,3086,2808,,,,1709822141
12134074,5846,5999,,,,1709822485
12134079,2121,2468,,,,1709825694
12134089,1759,1517,,,,1709826735
12134145,2983,1828,,,,1709840642
12134148,3520,2151,3207,,,1709824473
12134176,2426,2508,,,,1709832062
12134184,2963,3000,3221,,,1709837839
12134185,2714,2649,,,,1709845900
12134259,1400,1530,,,,1709829263
12134822,2121,1676,,,,1709842572
12134836,2785,11839,,,,1709866592
12134969,2051,3943,19492,,,1709877381
12134979,2611,1656,3071,,,1709876880
12135723,1797,2010,,,,1709874674
12135730,2712,3676,3127,,,1709890082
12135731,3210,2089,,,,1709881789
12135732,2019,2094,4742,,,1709884331
12135765,2247,2451,,,,1709880423
12135805,1526,2226,,,,1709880134
12135994,2268,2588,,,,1709874969
12136045,3705,5613,,,,1709875088
12136046,3336,3499,,,,1709892449
12136047,3279,2626,3175,,,1709877709
12136081,3750,1463,3499,,,1709892641
12136160,2957,4125,,,,1709888569
12136161,2402,1814,,,,1709887739
12136163,2503,2248,,,,1709883072
12136164,2213,2839,1966,,,1709876362
12136168,2706,3313,3028,,,1709890954
12136170,4970,4064,,,,1709896755
12136173,2297,2761,3232,,,1709891201
12136174,3403,3508,,,,1709890715
12136175,3069,1992,,,,1709888691
12136176,,,,,,1709882078
12136177,2077,2268,2924,,,1709900446
12136178,3531,4385,,,,1709889169
12136247,4964,3517,,,,1709890618
12136248,2400,2238,,,,1709884510
12136249,3082,2662,,,,1709885149
12136253,1895,2598,,,,1709887809
12136259,3408,2560,,,,1709883414
12136262,1846,2296,,,,1709880077
12136268,1722,3007,,,,1709887747
12136269,5281,2215,,,,1709898854
12136281,3436,2388,2455,,,1709896880
12136282,2987,3757,3530,,,1709892653
12136283,4884,4418,10569,,,1709884008
12136284,2187,1552,,,,1709887322
12136303,3314,1991,,,,1709888955
12136304,1647,1886,,,,1709889205
12136362,,,,,,1709885280
12136363,3187,3184,,,,1709899672
12136396,2477,3543,4610,,,1709891549
12136397,1987,2539,2475,,,1709889960
12136410,2252,2535,,,,1709887566
12136441,4212,2397,2493,,,1709902760
12136449,1425,2677,,,,1709886476
12136494,4532,3272,,,,1709888011
12136495,2189,1740,1791,,,1709910285
12136509,1519,1830,,,,1709893951
12136533,4080,2826,,,,1709898005
12136534,2078,1717,2597,,,1709903524
12136553,3364,3866,3383,,,1709902424
12136674,2119,2072,2466,,,1709897830
12136692,2654,2071,,,,1709909206
12136745,4940,3972,,,,1709897967
12136746,2544,3300,2983,,,1709903199
12136758,3245,1647,,,,1709892374
12136772,3451,3978,2876,,,1709905248
12136778,3226,2430,,,,1709892347
12136837,2328,5328,,,,1709902275
12136860,3371,1625,1378,,,1709902809
12136869,1295,1968,,,,1709894075
12136898,3373,2151,,,,1709890835
12136947,1877,2778,,,,1709914792
12136950,1869,2616,,,,1709914220
12136959,2914,2796,2200,,,1709922169
12136961,3184,3272,,,,1709908604
12137032,1797,2849,,,,1709896634
12137039,2336,4798,,,,1709907265
12137082,2549,3737,4770,,,1709913803
12137107,3000,3516,,,,1709905737
12137108,3340,3879,3738,,,1709913286
12137128,2732,4244,11823,,,1709904632
12137146,4407,2824,,,,1709911580
12137174,2320,1230,13849,,,1709901873
12137175,2957,3032,4256,,,1709914844
12137176,2371,5021,,,,1709907975
12137290,3026,2537,,,,1709908119
12137318,1919,2440,,,,1709905604
12137375,2694,3987,,,,1709916953
12137378,1870,2916,3030,,,1709912177
12137407,3091,2624,,,,1709922746
12137408,4630,3515,1640,,,1709920432
12137539,2244,2063,2065,,,1709922126
12137559,3451,2080,,,,1709913461
12137563,1914,3462,,,,1709919938
12137587,1690,2199,,,,1709931745
12137706,2311,1870,,,,1709927586
12137707,4115,3771,3554,,,1709925563
12137743,1726,2331,,,,1709908720
12138398,2016,3294,,,,1709961132
12138514,2885,2218,,,,1709951511
12138547,3007,3200,,,,1709968072
12139257,2453,2440,,,,1709961543
12139398,2405,4117,2318,,,1709971108
12139447,2852,1804,,,,1709974855
12139472,3147,4305,,,,1709980843
12139478,2343,2767,2225,,,1709976962
12139480,2123,4300,,,,1709974290
12139484,1958,3213,2721,,,1709969662
12139485,3006,2388,2503,,,1709977312
12139488,2462,3301,,,,1709972508
12139496,2125,1809,3601,,,1709975984
12139497,2708,4550,,,,1709972793
12139498,3754,2341,,,,1709977480
12139540,4035,1771,2949,,,1709970553
12139549,3812,2562,,,,1709974040
12139552,2071,2655,,,,1709973932
12139555,4349,2271,,,,1709954053
12139619,,,,,,
12139620,,,,,,
12139622,,,,,,
12139625,,,,,,
12139626,,,,,,
12139627,3728,1655,,,,1709977449
12139634,,,,,,
12139671,3179,2610,,,,1709976817
12139698,3164,2679,2779,,,1709977786
12139699,1574,4339,3195,,,1709981288
12139738,2694,1883,,,,1709982247
12139747,2476,4160,1967,,,1709977437
12139748,1331,2006,2540,,,1709973595
12139759,2204,85300,,,,1709916199
12139884,2133,1443,,,,1709987425
12140204,5807,4308,,,,1709979780
12140207,2436,3853,2339,,,1709985344
12140221,2365,1856,3186,,,1709992778
12140364,4709,2508,,,,1709991085
12140446,2465,2870,3513,,,1709997277
12140777,3897,7064,3616,,,1710004307
12141335,4644,3601,,,,1709962874
12109834,2560,4988,3822,,,1710000514
12109839,1509,2935,,,,1709995090
12109840,3168,4529,,,,1710015890
12109841,2918,2771,3353,,,1710004878
12109842,2127,4240,,,,1710005556
12109847,2086,2849,1691,,,1710027055
12109851,2162,3217,,,,1709912190
12109858,2028,1960,,,,1709925707
12109859,1341,1468,,,,1710004039
12109865,1475,2721,,,,1709999090
12109872,3303,2522,3636,,,1710082057
12109878,2022,2480,,,,1709906976
12109894,2051,2853,,,,1709975520
12109896,2420,3147,,,,1709981881
12109899,3065,2966,,,,1710064954
12109935,2375,2261,,,,1709959782
12109936,2613,3711,,,,1710039135
12109937,3090,2251,3072,,,1710030237
12109938,2239,3028,,,,1710050384
12109941,2167,2511,,,,1710019322
12109942,2761,2528,,,,1709927746
12109944,2593,1904,,,,1710014003
12109945,2246,3203,,,,1710013763
12109946,3982,2424,,,,1709938573
12109947,1573,3133,2547,,,1710048728
12109948,2520,1965,,,,1710023315
12109951,2260,2181,3668,,,1709952838
12109952,3930,1595,2363,,,1709955800
12109953,2666,3967,2929,,,1709946777
12109955,,,,,,1710008594
12109956,1784,3227,,,,1709957464
12109957,2273,1979,,,,1710030717
12109958,2245,1896,,,,1709940226
12109962,1654,1888,,,,1709926666
12109963,2842,2548,,,,1710020775
12109964,2326,1496,,,,1709952890
12109965,2110,2477,,,,1709947992
12109966,3897,2746,4090,,,1709958137
12109967,3067,3734,,,,1709933031
12109969,2752,1996,2346,,,1709947384
12109971,1756,950,,,,1709926890
12109972,3273,1477,,,,1709928443
12109978,2420,2211,,,,1710039175
12109979,2754,2621,,,,1710014092
12109980,,,,,,
12109981,3484,2463,,,,1710027888
12109982,2097,3276,2467,,,1710031868
12109983,3307,2098,3332,,,1710030482
12109984,3256,2722,,,,1710047104
12109985,1425,3412,,,,1710025600
12110019,,,,,,
12110020,2024,2604,,,,1709948219
12110021,2861,2096,,,,1709953804
12110022,3148,2542,2886,,,1709957558
12110023,3546,2593,,,,1709942092
12110024,2929,2531,2563,,,1709930328
12110025,3849,2135,,,,1709953015
12110026,1522,4137,,,,1709936216
12110029,3402,1937,,,,1709928322
12110030,2874,2181,2046,,,1710036386
12110032,3500,2156,4756,,,1710042183
12110034,,,,,,1710011615
12110036,2321,3239,3341,,,1710044877
12110040,2069,1823,,,,1709927085
12110042,1267,2386,2145,,,1710021165
12110043,1246,2624,,,,1709926140
12110044,3083,2882,2205,,,1710021570
12110046,4199,2724,,,,1709954366
12110047,2060,3105,2390,,,1710024036
12110048,2018,3191,,,,1710013460
12110049,1931,2432,3830,,,1710015720
12110050,3269,4436,2918,,,1710019294
12110052,2001,2813,,,,1710019607
12110054,2352,2355,,,,1709943673
12110055,2996,2834,,,,1710030666
12110061,2446,2639,,,,1710014001
12110069,3029,2839,3960,,,1709965862
12110071,2519,3180,,,,1709958718
12110072,2887,1970,,,,1709935278
12125049,,,,,,
12125051,,,,,,
12125052,,,,,,
12125057,,,,,,
12127728,,,,,,
12127730,,,,,,
12127766,,,,,,
12127768,,,,,,
12127791,,,,,,
12128053,,,,,,
12128054,,,,,,
12128149,3316,2558,2669,,,1709936560
12128154,3521,2525,,,,1709942428
12128157,,,,,,1709935330
12128159,1608,2798,,,,1709937940
12128175,,,,,,
12128193,,,,,,1709865401
12128202,2446,3490,,,,1709941832
12128203,2955,4072,2677,,,1709938164
12128205,,,,,,1709866581
12128233,,,,,,
12128235,,,,,,
12129512,,,,,,
12129962,,,,,,
12130100,5203,66023,68610,,,1709835658
12130295,4462,65561,3491,,,1709898748
12131382,3737,2614,,,,1709945618
12131383,3584,3557,,,,1709934928
12136495,2189,1740,1791,,,1709910285
12136534,2078,1717,2597,,,1709903524
12136692,2654,2071,,,,1709909206
12136837,2328,5328,,,,1709902275
12136947,1877,2778,,,,1709914792
12136950,1869,2616,,,,1709914220
12136959,2914,2796,2200,,,1709922169
12136961,3184,3272,,,,1709908604
12137039,2336,4798,,,,1709907265
12137082,2549,3737,4770,,,1709913803
12137107,3000,3516,,,,1709905737
12137108,3340,3879,3738,,,1709913286
12137146,4407,2824,,,,1709911580
12137175,2957,3032,4256,,,1709914844
12137176,2371,5021,,,,1709907975
12137290,3026,2537,,,,1709908119
12137318,1919,2440,,,,1709905604
12137375,2694,3987,,,,1709916953
12137378,1870,2916,3030,,,1709912177
12137407,3091,2624,,,,1709922746
12137408,4630,3515,1640,,,1709920432
12137539,2244,2063,2065,,,1709922126
12137559,3451,2080,,,,1709913461
12137563,1914,3462,,,,1709919938
12137587,1690,2199,,,,1709931745
12137706,2311,1870,,,,1709927586
12137707,4115,3771,3554,,,1709925563
12137743,1726,2331,,,,1709908720
12138398,2016,3294,,,,1709961132
12138514,2885,2218,,,,1709951511
12138547,3007,3200,,,,1709968072
12139257,2453,2440,,,,1709961543
12139398,2405,4117,2318,,,1709971108
12139447,2852,1804,,,,1709974855
12139472,3147,4305,,,,1709980843
12139478,2343,2767,2225,,,1709976962
12139480,2123,4300,,,,1709974290
12139484,1958,3213,2721,,,1709969662
12139485,3006,2388,2503,,,1709977312
12139488,2462,3301,,,,1709972508
12139496,2125,1809,3601,,,1709975984
12139497,2708,4550,,,,1709972793
12139498,3754,2341,,,,1709977480
12139540,4035,1771,2949,,,1709970553
12139549,3812,2562,,,,1709974040
12139552,2071,2655,,,,1709973932
12139555,4349,2271,,,,1709954053
12139626,,,,,,
12139627,3728,1655,,,,1709977449
12139671,3179,2610,,,,1709976817
12139698,3164,2679,2779,,,1709977786
12139699,1574,4339,3195,,,1709981288
12139738,2694,1883,,,,1709982247
12139747,2476,4160,1967,,,1709977437
12139748,1331,2006,2540,,,1709973595
12139759,2204,85300,,,,1709916199
12139884,2133,1443,,,,1709987425
12139937,3072,5695,,,,1710003518
12140204,5807,4308,,,,1709979780
12140207,2436,3853,2339,,,1709985344
12140208,1780,2203,,,,1710066834
12140221,2365,1856,3186,,,1709992778
12140235,1653,2114,,,,1709996252
12140363,2845,3894,1895,,,1710070641
12140364,4709,2508,,,,1709991085
12140443,3546,5277,2280,,,1710002561
12140446,2465,2870,3513,,,1709997277
12140483,2699,3650,2007,,,1710076157
12140515,3271,3522,2395,,,1710000884
12140538,3890,2088,,,,1709997787
12140563,4071,2355,,,,1710008662
12140581,2271,953,,,,1709997778
12140633,3526,4007,,,,1709997434
12140693,3648,918,,,,1709999150
12140696,3020,1911,2412,,,1710006686
12140777,3897,7064,3616,,,1710004307
12140882,2135,2286,,,,1710006217
12141158,2365,2659,,,,1710006412
12141335,4644,3601,,,,1709962874
12141743,3561,3738,,,,1710040521
12141787,1670,2486,2676,,,1710021326
12141826,2305,2475,,,,1710047838
12142269,3875,3201,,,,1710058753
12142285,4256,1906,2345,,,1710075327
12142888,,,,,,
12142890,,,,,,
12142891,,,,,,
12142892,,,,,,
12142893,,,,,,
12142894,,,,,,
12142895,,,,,,
12142896,,,,,,
12142897,,,,,,
12142898,,,,,,
12142901,,,,,,
12142902,,,,,,
12142903,,,,,,
12142904,,,,,,
12142905,,,,,,
12142906,,,,,,
12142907,,,,,,
12142908,,,,,,
12142944,,,,,,
12142945,,,,,,
12143202,2189,3029,,,,1710058585
12143205,2041,3957,,,,1710060250
12143282,1920,1895,4718,,,1710062124
12143285,,,,,,
12143286,,,,,,
12143287,,,,,,
12143288,,,,,,
12143289,,,,,,
12143290,,,,,,
12143291,,,,,,
12143292,,,,,,
12143293,,,,,,
12143294,,,,,,
12143295,,,,,,
12143296,,,,,,
12143297,,,,,,
12143298,,,,,,
12143299,,,,,,
12143300,,,,,,
12143301,,,,,,
12143302,,,,,,
12143303,,,,,,
12143304,,,,,,
12143305,,,,,,
12143306,,,,,,
12143307,,,,,,
12143308,,,,,,
12143309,,,,,,
12143310,,,,,,
12143311,,,,,,
12143312,,,,,,
12143313,,,,,,
12143314,,,,,,
12143315,,,,,,
12143316,,,,,,
12143333,2930,2566,3019,,,1710062077
12143336,2371,1769,,,,1710062429
12143337,2014,2467,1911,,,1710062399
12143405,2678,4171,,,,1710061178
12143406,2474,2003,,,,1710062193
12143436,2615,3550,,,,1710060340
12143553,,,,,,
12143554,,,,,,
12143555,,,,,,
12143556,,,,,,
12143557,,,,,,
12143558,,,,,,
12143559,,,,,,
12143560,,,,,,
12143561,,,,,,
12143562,,,,,,
12143563,,,,,,
12143564,,,,,,
12143565,,,,,,
12143566,,,,,,
12143567,,,,,,
12143568,,,,,,
12143576,2711,1326,,,,1710066455
12143578,,,,,,
12143579,,,,,,
12143580,,,,,,
12143581,,,,,,
12143582,,,,,,
12143583,,,,,,
12143584,,,,,,
12143585,,,,,,
12143586,,,,,,
12143587,,,,,,
12143588,,,,,,
12143589,,,,,,
12143590,,,,,,
12143591,,,,,,
12143592,,,,,,
12143593,,,,,,
12143709,2329,2176,,,,1710067708
12143776,2228,1850,,,,1710068134
12144031,,,,,,
12144032,,,,,,
12144033,,,,,,
12144034,,,,,,
12144035,,,,,,
12144036,,,,,,
12144037,,,,,,
12144038,,,,,,
12144039,,,,,,
12144040,,,,,,
12144041,,,,,,
12144042,,,,,,
12144043,,,,,,
12144044,,,,,,
12144045,,,,,,
12144046,,,,,,
12144047,,,,,,
12144048,,,,,,
12144049,,,,,,
12144050,,,,,,
12144051,,,,,,
12144052,,,,,,
12144053,,,,,,
12144054,,,,,,
12144055,,,,,,
12144056,,,,,,
12144057,,,,,,
12144058,,,,,,
12144059,,,,,,
12144060,,,,,,
12144061,3369,3899,,,,1710077433
12144062,,,,,,
12144063,,,,,,
12144064,,,,,,
12144065,,,,,,
12144066,,,,,,
12144067,,,,,,
12144068,,,,,,
12144069,,,,,,
12144070,,,,,,
12144071,,,,,,
12144072,,,,,,
12144073,2390,3523,,,,1710072983
12144074,,,,,,
12144075,,,,,,
12144077,,,,,,
12144078,,,,,,
12144079,,,,,,
12144080,,,,,,
12144081,2209,1540,,,,1710079322
12144082,,,,,,
12144083,,,,,,
12144084,,,,,,
12144085,,,,,,
12144086,,,,,,
12144087,,,,,,
12144088,2983,1277,,,,1710085256
12144089,,,,,,
12144090,,,,,,
12144091,,,,,,
12144092,,,,,,
12144093,,,,,,
12144094,,,,,,
12144095,3954,1612,,,,1710066042
12144096,,,,,,
12144097,,,,,,
12144098,,,,,,
12144099,,,,,,
12144100,,,,,,
12144101,,,,,,
12144102,,,,,,
12144103,1838,2233,,,,1710070453
12144104,,,,,,
12144105,,,,,,
12144106,,,,,,
12144107,,,,,,
12144108,,,,,,
12144109,,,,,,
12144110,,,,,,
12144111,,,,,,
12144112,,,,,,
12144113,,,,,,
12144114,2309,3606,2217,,,1710067537
12144115,,,,,,
12144116,,,,,,
12144117,,,,,,
12144122,,,,,,
12144123,,,,,,
12144124,,,,,,
12144125,,,,,,
12144126,,,,,,
12144127,,,,,,
12144128,,,,,,
12144129,,,,,,
12144130,,,,,,
12144135,,,,,,
12144136,,,,,,
12144137,,,,,,
12144138,,,,,,
12144139,,,,,,
12144140,,,,,,
12144141,,,,,,
12144142,,,,,,
12144143,,,,,,
12144144,,,,,,
12144145,,,,,,
12144147,,,,,,
12144148,,,,,,
12144149,,,,,,
12144150,,,,,,
12144176,1407,2900,,,,1710078661
12144177,2092,2677,,,,1710068244
12144178,2492,5019,,,,1710064157
12144180,1894,1727,,,,1710063547
12144181,1969,3632,780,,,1710071921
12144182,2020,1733,,,,1710063721
12144183,,,,,,1710079651
12144184,2585,1880,,,,1710064245
12144185,2350,3007,,,,1710075896
12144186,2307,1873,,,,1710074229
12144187,2588,2145,,,,1710076801
12144188,2273,3021,,,,1710069560
12144190,,,,,,1710073382
12144191,1232,1752,,,,1710071562
12144203,3115,3094,,,,1710082043
12144207,3790,4354,958,,,1710071809
12144209,2387,2719,,,,1710065836
12144210,2084,2485,,,,1710075646
12144211,2815,2318,,,,1710077343
12144212,3847,3616,1098,,,1710070844
12144215,1541,1850,742,,,1710072864
12144216,3374,3598,,,,1710076208
12144218,,,,,,
12144219,,,,,,
12144220,,,,,,
12144225,,,,,,
12144227,,,,,,
12144228,,,,,,
12144232,,,,,,
12144233,,,,,,
12144236,,,,,,
12144237,,,,,,
12144239,,,,,,
12144240,,,,,,
12144242,,,,,,
12144243,,,,,,
12144244,,,,,,
12144245,,,,,,
12144246,,,,,,
12144247,,,,,,
12144257,,,,,,
12144258,,,,,,
12144259,,,,,,
12144260,,,,,,
12144261,,,,,,
12144262,,,,,,
12144263,,,,,,
12144264,,,,,,
12144265,,,,,,
12144266,,,,,,
12144267,,,,,,
12144268,,,,,,
12144269,,,,,,
12144270,,,,,,
12144271,,,,,,
12144272,,,,,,
12144273,,,,,,
12144274,,,,,,
12144275,,,,,,
12144276,,,,,,
12144277,,,,,,1710057519
12144278,,,,,,
12144279,,,,,,
12144280,,,,,,
12144281,,,,,,
12144282,,,,,,
12144283,,,,,,
12144284,,,,,,
12144285,,,,,,
12144286,,,,,,
12144287,,,,,,
12144288,,,,,,
12144289,,,,,,
12144290,,,,,,
12144291,,,,,,
12144292,,,,,,
12144293,,,,,,
12144294,,,,,,
12144295,,,,,,
12144296,,,,,,
12144297,,,,,,
12144298,,,,,,
12144299,,,,,,
12144300,,,,,,
12144301,,,,,,
12144302,,,,,,
12144303,,,,,,
12144304,,,,,,
12144305,,,,,,
12144306,,,,,,
12144307,,,,,,
12144309,,,,,,
12144310,,,,,,
12144311,,,,,,
12144315,1247,2077,,,,1710062812
12144316,3892,2070,,,,1710065674
12144317,2186,2968,,,,1710063845
12144318,2756,2276,2291,,,1710071225
12144319,1966,1924,,,,1710069651
12144324,3029,2229,,,,1710077360
12144325,1592,2820,1991,,,1710076902
12144329,4593,2244,,,,1710083065
12144335,3360,2591,2525,,,1710074961
12144336,1753,2579,,,,1710087917
12144357,,,,,,
12144358,,,,,,
12144359,,,,,,
12144360,,,,,,
12144361,,,,,,
12144362,,,,,,
12144363,,,,,,
12144364,,,,,,
12144365,,,,,,
12144366,,,,,,
12144367,,,,,,
12144368,,,,,,
12144369,,,,,,
12144370,,,,,,
12144371,,,,,,
12144372,,,,,,
12144373,,,,,,
12144374,,,,,,
12144375,,,,,,
12144376,,,,,,
12144377,,,,,,
12144378,,,,,,
12144380,,,,,,
12144381,,,,,,
12144382,,,,,,
12144403,,,,,,
12144405,,,,,,
12144410,,,,,,
12144429,,,,,,
12144435,,,,,,
12144436,,,,,,
12144437,,,,,,
12144438,,,,,,
12144439,,,,,,
12144440,,,,,,
12144441,,,,,,
12144442,,,,,,
12144443,,,,,,
12144444,,,,,,
12144445,,,,,,
12144446,,,,,,
12144447,,,,,,
12144448,,,,,,
12144449,,,,,,
12144450,,,,,,
12144451,,,,,,
12144452,,,,,,
12144453,,,,,,
12144454,,,,,,
12144455,,,,,,
12144456,,,,,,
12144457,,,,,,
12144458,,,,,,
12144459,,,,,,
12144460,,,,,,
12144461,,,,,,
12144462,,,,,,
12144463,,,,,,
12144466,,,,,,
12144467,,,,,,
12144468,,,,,,
12144469,,,,,,
12144470,,,,,,
12144471,,,,,,
12144472,,,,,,
12144473,,,,,,
12144475,,,,,,
12144479,,,,,,
12144480,,,,,,
12144481,,,,,,
12144482,,,,,,
12144483,,,,,,
12144484,,,,,,
12144485,,,,,,
12144486,,,,,,
12144487,,,,,,
12144488,,,,,,
12144489,,,,,,
12144490,,,,,,
12144491,,,,,,
12144492,,,,,,
12144493,,,,,,
12144494,,,,,,
12144495,2823,2377,3505,,,1710074760
12144520,,,,,,
12144535,3239,2689,2311,,,1710067738
12144536,2761,2809,,,,1710064572
12144537,3145,2119,,,,1710071313
12144538,2922,3132,2218,,,1710076804
12144547,2819,1609,,,,1710082704
12144548,,,,,,
12144657,,,,,,
12144674,,,,,,
12144830,,,,,,
12144831,,,,,,
12144832,,,,,,
12144833,,,,,,
12144835,,,,,,
12144836,,,,,,
12144838,,,,,,
12144839,,,,,,
12144840,,,,,,
12144841,,,,,,
12144842,,,,,,
12144844,,,,,,
12144848,,,,,,
12144849,,,,,,
12144850,,,,,,
12144851,,,,,,
12144852,,,,,,
12144853,,,,,,
12144854,,,,,,
12144855,,,,,,
12144856,,,,,,
12144857,,,,,,
12144858,,,,,,
12144859,,,,,,
12144860,,,,,,
12144861,,,,,,
12144862,,,,,,
12144863,,,,,,
12144989,,,,,,
12144996,,,,,,
12145002,,,,,,
12145006,,,,,,
12145014,,,,,,
12145016,,,,,,
12145018,,,,,,
12145024,,,,,,
12145292,1690,1400,,,,1710078104
12145293,4534,1371,,,,1710081170
12145297,3248,2638,1410,,,1710082519
12145322,,,,,,
12145533,,,,,,
12145567,,,,,,
12146045,2000,3349,,,,1710076558
12146165,,,,,,
12147195,,,,,,
12109834,2560,4989,3823,,,1710000514
12109838,2758,2311,,,,1710091975
12109839,1510,2936,,,,1709995090
12109840,3168,4530,,,,1710015890
12109841,2919,2772,3353,,,1710004878
12109842,2128,4241,,,,1710005556
12109847,2086,2850,1691,,,1710027055
12109859,1342,1469,,,,1710004039
12109865,1476,2721,,,,1709999090
12109872,3304,2522,3637,,,1710082057
12109899,3066,2967,,,,1710064954
12109936,2614,3711,,,,1710039135
12109937,3090,2252,3072,,,1710030237
12109938,2239,3028,,,,1710050384
12109940,3763,2416,3408,,,1710134648
12109941,2168,2511,,,,1710019322
12109944,2594,1904,,,,1710014003
12109945,2247,3204,,,,1710013763
12109947,1574,3134,2548,,,1710048728
12109948,2521,1965,,,,1710023315
12109949,2022,2681,,,,1710096550
12109950,2084,2309,,,,1710113214
12109955,,,,,,1710008594
12109957,2274,1979,,,,1710030717
12109960,1955,2488,,,,1710109369
12109963,2842,2548,,,,1710020775
12109968,3422,1803,,,,1710102709
12109970,1929,2751,,,,1710103367
12109973,3837,2381,,,,1710123217
12109975,1754,2328,,,,1710095903
12109978,2420,2211,,,,1710039175
12109979,2755,2621,,,,1710014092
12109980,,,,,,
12109981,3485,2464,,,,1710027888
12109982,2097,3276,2467,,,1710031868
12109983,3307,2099,3333,,,1710030482
12109984,3256,2722,,,,1710047104
12109985,1425,3413,,,,1710025600
12110027,2520,3945,,,,1710112533
12110028,2842,2073,,,,1710103031
12110030,2875,2181,2047,,,1710036386
12110031,2708,1644,,,,1710096873
12110032,3500,2156,4756,,,1710042183
12110034,,,,,,1710011615
12110036,2322,3239,3341,,,1710044877
12110042,1267,2387,2145,,,1710021165
12110044,3084,2882,2206,,,1710021570
12110047,2061,3105,2391,,,1710024036
12110048,2018,3192,,,,1710013460
12110049,1932,2433,3830,,,1710015720
12110050,3270,4437,2919,,,1710019294
12110052,2002,2813,,,,1710019607
12110055,2997,2834,,,,1710030666
12110061,2446,2639,,,,1710014001
12110067,2636,3674,3196,,,1710133576
12110068,2123,2293,2800,,,1710106037
12110070,2595,3442,1769,,,1710125347
12110073,1767,1909,,,,1710107875
12125049,,,,,,
12125051,,,,,,
12125052,,,,,,
12125057,,,,,,
12128175,,,,,,
12139759,2204,85300,,,,1709916199
12139937,3073,5695,,,,1710003518
12140208,1781,2203,,,,1710066834
12140221,2366,1856,3187,,,1709992778
12140235,1654,2115,,,,1709996252
12140363,2845,3895,1896,,,1710070641
12140443,3546,5278,2280,,,1710002561
12140446,2466,2871,3513,,,1709997277
12140483,2700,3650,2007,,,1710076157
12140515,3272,3522,2395,,,1710000884
12140538,3891,2088,,,,1709997787
12140563,4072,2355,,,,1710008662
12140581,2271,954,,,,1709997778
12140633,3526,4007,,,,1709997434
12140693,3649,919,,,,1709999150
12140696,3021,1912,2413,,,1710006686
12140777,3897,7065,3617,,,1710004307
12140882,2135,2286,,,,1710006217
12141158,2365,2660,,,,1710006412
12141743,3562,3739,,,,1710040521
12141787,1670,2487,2677,,,1710021326
12141826,2305,2476,,,,1710047838
12142269,3876,3202,,,,1710058753
12142285,4256,1906,2345,,,1710075327
12142888,,,,,,
12142890,,,,,,
12142891,,,,,,
12142892,,,,,,
12142893,,,,,,
12142894,,,,,,
12142895,,,,,,
12142896,,,,,,
12142897,,,,,,
12142898,,,,,,
12142901,,,,,,
12142902,,,,,,
12142903,,,,,,
12142904,,,,,,
12142905,,,,,,
12142906,,,,,,
12142907,,,,,,
12142908,,,,,,
12142944,,,,,,
12142945,,,,,,
12143202,2190,3029,,,,1710058585
12143205,2042,3958,,,,1710060250
12143282,1920,1896,4718,,,1710062124
12143285,,,,,,
12143286,,,,,,
12143287,,,,,,
12143288,,,,,,
12143289,,,,,,
12143290,,,,,,
12143291,,,,,,
12143292,,,,,,
12143293,,,,,,
12143294,,,,,,
12143295,,,,,,
12143296,,,,,,
12143297,,,,,,
12143298,,,,,,
12143299,,,,,,
12143300,,,,,,
12143301,,,,,,
12143302,,,,,,
12143303,,,,,,
12143304,,,,,,
12143305,,,,,,
12143306,,,,,,
12143307,,,,,,
12143308,,,,,,
12143309,,,,,,
12143310,,,,,,
12143311,,,,,,
12143312,,,,,,
12143313,,,,,,
12143314,,,,,,
12143315,,,,,,
12143316,,,,,,
12143333,2930,2567,3019,,,1710062077
12143336,2371,1770,,,,1710062429
12143337,2014,2467,1912,,,1710062399
12143405,2679,4171,,,,1710061178
12143406,2475,2004,,,,1710062193
12143436,2616,3550,,,,1710060340
12143553,,,,,,
12143554,,,,,,
12143555,,,,,,
12143556,,,,,,
12143557,,,,,,
12143558,,,,,,
12143559,,,,,,
12143560,,,,,,
12143561,,,,,,
12143562,,,,,,
12143563,,,,,,
12143564,,,,,,
12143565,,,,,,
12143566,,,,,,
12143567,,,,,,
12143568,,,,,,
12143576,2711,1327,,,,1710066455
12143578,,,,,,
12143579,,,,,,
12143580,,,,,,
12143581,,,,,,
12143582,,,,,,
12143583,,,,,,
12143584,,,,,,
12143585,,,,,,
12143586,,,,,,
12143587,,,,,,
12143588,,,,,,
12143589,,,,,,
12143590,,,,,,
12143591,,,,,,
12143592,,,,,,
12143593,,,,,,
12143709,2330,2177,,,,1710067708
12143776,2228,1850,,,,1710068134
12143912,3583,3663,,,,1710085149
12143962,2788,2005,,,,1710084703
12144031,,,,,,
12144032,,,,,,
12144033,,,,,,
12144034,,,,,,
12144035,,,,,,
12144036,,,,,,
12144037,,,,,,
12144038,,,,,,
12144039,,,,,,
12144040,,,,,,
12144041,,,,,,
12144042,,,,,,
12144043,,,,,,
12144044,,,,,,
12144045,,,,,,
12144046,,,,,,
12144047,,,,,,
12144048,,,,,,
12144049,,,,,,
12144050,,,,,,
12144051,,,,,,
12144052,,,,,,
12144053,,,,,,
12144054,,,,,,
12144055,,,,,,
12144056,,,,,,
12144057,,,,,,
12144058,,,,,,
12144059,,,,,,
12144060,,,,,,
12144061,3370,3899,,,,1710077433
12144062,,,,,,
12144063,,,,,,
12144064,,,,,,
12144065,,,,,,
12144066,,,,,,
12144067,,,,,,
12144068,,,,,,
12144069,,,,,,
12144070,,,,,,
12144071,,,,,,
12144072,,,,,,
12144073,2391,3523,,,,1710072983
12144074,,,,,,
12144075,,,,,,
12144076,2391,3112,,,,1710084316
12144077,,,,,,
12144078,,,,,,
12144079,,,,,,
12144080,,,,,,
12144081,2209,1541,,,,1710079322
12144082,,,,,,
12144083,,,,,,
12144084,,,,,,
12144085,,,,,,
12144086,,,,,,
12144087,,,,,,
12144088,2984,1277,,,,1710085256
12144089,,,,,,
12144090,,,,,,
12144091,,,,,,
12144092,,,,,,
12144093,,,,,,
12144094,,,,,,
12144095,3954,1612,,,,1710066042
12144096,,,,,,
12144097,,,,,,
12144098,,,,,,
12144099,,,,,,
12144100,,,,,,
12144101,,,,,,
12144102,,,,,,
12144103,1839,2233,,,,1710070453
12144104,,,,,,
12144105,,,,,,
12144106,,,,,,
12144107,,,,,,
12144108,,,,,,
12144109,,,,,,
12144110,,,,,,
12144111,,,,,,
12144112,,,,,,
12144113,,,,,,
12144114,2309,3606,2217,,,1710067537
12144115,,,,,,
12144116,,,,,,
12144117,,,,,,
12144122,,,,,,
12144123,,,,,,
12144124,,,,,,
12144125,,,,,,
12144126,,,,,,
12144127,,,,,,
12144128,,,,,,
12144129,,,,,,
12144130,,,,,,
12144135,,,,,,
12144136,,,,,,
12144137,,,,,,
12144138,,,,,,
12144139,,,,,,
12144140,,,,,,
12144141,,,,,,
12144142,,,,,,
12144143,,,,,,
12144144,,,,,,
12144145,,,,,,
12144146,,,,,,
12144147,,,,,,
12144148,,,,,,
12144149,,,,,,
12144150,,,,,,
12144176,1407,2900,,,,1710078661
12144177,2093,2678,,,,1710068244
12144178,2493,5019,,,,1710064157
12144179,3624,2771,,,,1710083225
12144180,1894,1728,,,,1710063547
12144181,1970,3633,781,,,1710071921
12144182,2021,1733,,,,1710063721
12144183,2543,2544,735,,,1710084738
12144184,2585,1881,,,,1710064245
12144185,2351,3008,,,,1710075896
12144186,2307,1874,,,,1710074229
12144187,2589,2145,,,,1710076801
12144188,2273,3022,,,,1710069560
12144189,2254,2302,,,,1710082712
12144190,,,,,,1710073382
12144191,1232,1753,,,,1710071562
12144201,2561,2884,,,,1710083129
12144202,1700,2247,,,,1710087945
12144203,3115,3094,,,,1710082043
12144204,3088,1346,,,,1710095376
12144205,2629,4255,650,,,1710101316
12144206,1832,2098,,,,1710093673
12144207,3790,4354,958,,,1710071809
12144208,3997,2663,,,,1710090957
12144209,2388,2720,,,,1710065836
12144210,2085,2485,,,,1710075646
12144211,2815,2318,,,,1710077343
12144212,3847,3617,1099,,,1710070844
12144213,5,1854,979,,,1710090112
12144214,1788,2261,638,,,1710084775
12144215,1542,1850,742,,,1710072864
12144216,3375,3599,,,,1710076208
12144217,,,,,,
12144218,,,,,,
12144219,,,,,,
12144220,,,,,,
12144221,,,,,,
12144222,,,,,,
12144223,,,,,,
12144224,,,,,,
12144225,,,,,,
12144226,,,,,,
12144227,,,,,,
12144228,,,,,,
12144229,,,,,,
12144230,,,,,,
12144231,,,,,,
12144232,,,,,,
12144233,,,,,,
12144234,,,,,,
12144235,,,,,,
12144236,,,,,,
12144237,,,,,,
12144238,,,,,,
12144239,,,,,,
12144240,,,,,,
12144241,,,,,,
12144242,,,,,,
12144243,,,,,,
12144244,,,,,,
12144245,,,,,,
12144246,,,,,,
12144247,,,,,,
12144248,,,,,,
12144257,,,,,,
12144258,,,,,,
12144259,,,,,,
12144260,,,,,,
12144261,,,,,,
12144262,,,,,,
12144263,,,,,,
12144264,,,,,,
12144265,,,,,,
12144266,,,,,,
12144267,,,,,,
12144268,,,,,,
12144269,,,,,,
12144270,,,,,,
12144271,,,,,,
12144272,,,,,,
12144273,,,,,,
12144274,,,,,,
12144275,,,,,,
12144276,,,,,,
12144277,,,,,,1710057519
12144278,,,,,,
12144279,,,,,,
12144280,,,,,,
12144281,,,,,,
12144282,,,,,,
12144283,,,,,,
12144284,,,,,,
12144285,,,,,,
12144286,,,,,,
12144287,,,,,,
12144288,,,,,,
12144289,,,,,,
12144290,,,,,,
12144291,,,,,,
12144292,,,,,,
12144293,,,,,,
12144294,,,,,,
12144295,,,,,,
12144296,,,,,,
12144297,,,,,,
12144298,,,,,,
12144299,,,,,,
12144300,,,,,,
12144301,,,,,,
12144302,,,,,,
12144303,,,,,,
12144304,,,,,,
12144305,,,,,,
12144306,,,,,,
12144307,,,,,,
12144309,,,,,,
12144310,,,,,,
12144311,,,,,,
12144315,1247,2077,,,,1710062812
12144316,3893,2070,,,,1710065674
12144317,2187,2969,,,,1710063845
12144318,2757,2276,2291,,,1710071225
12144319,1966,1924,,,,1710069651
12144324,3029,2230,,,,1710077360
12144325,1593,2821,1991,,,1710076902
12144329,4593,2245,,,,1710083065
12144332,2288,3659,3573,,,1710086367
12144335,3361,2592,2526,,,1710074961
12144336,1754,2580,,,,1710087917
12144337,2067,3615,4961,,,1710085385
12144350,2682,1627,,,,1710082533
12144357,,,,,,
12144358,,,,,,
12144359,,,,,,
12144360,,,,,,
12144361,,,,,,
12144362,,,,,,
12144363,,,,,,
12144364,,,,,,
12144365,,,,,,
12144366,,,,,,
12144367,,,,,,
12144368,,,,,,
12144369,,,,,,
12144370,,,,,,
12144371,,,,,,
12144372,,,,,,
12144373,,,,,,
12144374,,,,,,
12144375,,,,,,
12144376,,,,,,
12144377,,,,,,
12144378,,,,,,
12144380,,,,,,
12144381,,,,,,
12144382,,,,,,
12144386,2428,2232,1949,,,1710095232
12144400,,,,,,
12144401,,,,,,
12144402,,,,,,
12144403,,,,,,
12144404,,,,,,
12144405,,,,,,
12144406,,,,,,
12144407,,,,,,
12144408,,,,,,
12144409,,,,,,
12144410,,,,,,
12144411,,,,,,
12144412,,,,,,
12144413,,,,,,
12144414,,,,,,
12144415,,,,,,
12144416,,,,,,
12144417,,,,,,
12144418,,,,,,
12144419,,,,,,
12144420,,,,,,
12144421,,,,,,
12144422,,,,,,
12144423,,,,,,
12144424,,,,,,
12144425,,,,,,
12144426,,,,,,
12144427,,,,,,
12144428,,,,,,
12144429,,,,,,
12144430,,,,,,
12144431,,,,,,
12144433,3502,2962,1901,,,1710086483
12144435,,,,,,
12144436,,,,,,
12144437,,,,,,
12144438,,,,,,
12144439,,,,,,
12144440,,,,,,
12144441,,,,,,
12144442,,,,,,
12144443,,,,,,
12144444,,,,,,
12144445,,,,,,
12144446,,,,,,
12144447,,,,,,
12144448,,,,,,
12144449,,,,,,
12144450,,,,,,
12144451,,,,,,
12144452,,,,,,
12144453,,,,,,
12144454,,,,,,
12144455,,,,,,
12144456,,,,,,
12144457,,,,,,
12144458,,,,,,
12144459,,,,,,
12144460,,,,,,
12144461,,,,,,
12144462,,,,,,
12144463,,,,,,
12144464,,,,,,
12144465,,,,,,
12144466,,,,,,
12144467,,,,,,
12144468,,,,,,
12144469,,,,,,
12144470,,,,,,
12144471,,,,,,
12144472,,,,,,
12144473,,,,,,
12144475,,,,,,
12144479,,,,,,
12144480,,,,,,
12144481,,,,,,
12144482,,,,,,
12144483,,,,,,
12144484,,,,,,
12144485,,,,,,
12144486,,,,,,
12144487,,,,,,
12144488,,,,,,
12144489,,,,,,
12144490,,,,,,
12144491,,,,,,
12144492,,,,,,
12144493,,,,,,
12144494,,,,,,
12144495,2823,2378,3506,,,1710074760
12144508,2724,4728,3491,,,1710087579
12144520,,,,,,
12144535,3239,2690,2312,,,1710067738
12144536,2761,2810,,,,1710064572
12144537,3145,2119,,,,1710071313
12144538,2923,3133,2218,,,1710076804
12144547,2819,1609,,,,1710082704
12144548,,,,,,
12144561,3662,1796,2214,,,1710087106
12144562,1257,1577,,,,1710086446
12144654,1731,2172,,,,1710091947
12144655,,,,,,
12144656,2090,1912,1638,,,1710099381
12144657,,,,,,
12144659,2505,2813,,,,1710091591
12144674,,,,,,
12144830,,,,,,
12144831,,,,,,
12144832,,,,,,
12144833,,,,,,
12144834,,,,,,
12144835,,,,,,
12144836,,,,,,
12144837,,,,,,
12144838,,,,,,
12144839,,,,,,
12144840,,,,,,
12144841,,,,,,
12144842,,,,,,
12144843,,,,,,
12144844,,,,,,
12144845,,,,,,
12144848,,,,,,
12144849,,,,,,
12144850,,,,,,
12144851,,,,,,
12144852,,,,,,
12144853,,,,,,
12144854,,,,,,
12144855,,,,,,
12144856,,,,,,
12144857,,,,,,
12144858,,,,,,
12144859,,,,,,
12144860,,,,,,
12144861,,,,,,
12144862,,,,,,
12144863,,,,,,
12144986,,,,,,
12144987,,,,,,
12144988,,,,,,
12144989,,,,,,
12144990,,,,,,
12144991,,,,,,
12144992,,,,,,
12144993,,,,,,
12144994,,,,,,
12144995,,,,,,
12144996,,,,,,
12144997,,,,,,
12144998,,,,,,
12144999,,,,,,
12145000,,,,,,
12145001,,,,,,
12145002,,,,,,
12145003,,,,,,
12145004,,,,,,
12145005,,,,,,
12145006,,,,,,
12145007,,,,,,
12145008,,,,,,
12145009,,,,,,
12145010,,,,,,
12145011,,,,,,
12145012,,,,,,
12145013,,,,,,
12145014,,,,,,
12145015,,,,,,
12145016,,,,,,
12145017,,,,,,
12145018,,,,,,
12145019,,,,,,
12145020,,,,,,
12145021,,,,,,
12145022,,,,,,
12145023,,,,,,
12145024,,,,,,
12145025,,,,,,
12145026,,,,,,
12145286,2210,3374,,,,1710094389
12145287,2259,1944,,,,1710082807
12145288,2283,3203,,,,1710101209
12145289,,,,,,1710095261
12145290,1953,2812,1863,,,1710089142
12145291,3082,2149,4063,,,1710090931
12145292,1690,1400,,,,1710078104
12145293,4534,1372,,,,1710081170
12145294,5175,3542,,,,1710101566
12145295,1712,1963,,,,1710087360
12145296,1661,1867,,,,1710092287
12145297,3248,2638,1411,,,1710082519
12145298,,,,,,
12145299,,,,,,
12145300,,,,,,
12145301,,,,,,
12145302,,,,,,
12145303,,,,,,
12145304,,,,,,
12145305,,,,,,
12145306,,,,,,
12145307,,,,,,
12145308,,,,,,
12145309,,,,,,
12145310,,,,,,
12145311,,,,,,
12145312,,,,,,
12145313,,,,,,
12145314,,,,,,
12145315,,,,,,
12145316,,,,,,
12145317,,,,,,
12145318,,,,,,
12145319,,,,,,
12145320,,,,,,
12145321,,,,,,
12145322,,,,,,
12145385,,,,,,
12145386,,,,,,1710083577
12145387,,,,,,
12145388,3597,1969,,,,1710094466
12145389,,,,,,
12145390,,,,,,1710083255
12145393,,,,,,
12145394,,,,,,
12145395,,,,,,
12145396,,,,,,
12145397,,,,,,
12145398,,,,,,
12145399,,,,,,
12145400,,,,,,
12145437,,,,,,
12145438,,,,,,
12145478,1887,2303,,,,1710167566
12145480,1813,2155,,,,1710161799
12145488,2525,1940,3369,,,1710164793
12145490,3407,2015,,,,1710168223
12145533,,,,,,
12145567,,,,,,
12145900,,,,,,
12145901,,,,,,
12145902,,,,,,
12145903,,,,,,
12145904,,,,,,
12145905,,,,,,
12145906,,,,,,
12145907,,,,,,
12145908,,,,,,
12145909,,,,,,
12145910,,,,,,
12145911,,,,,,
12145912,,,,,,
12145913,,,,,,
12145914,,,,,,
12145915,,,,,,
12146045,2000,3350,,,,1710076558
12146046,1457,2538,,,,1710096434
12146165,,,,,,
12146587,3337,4426,,,,1710085729
12146723,2867,5431,860,,,1710095581
12146841,2381,3898,1224,,,1710092564
12146925,1780,2198,,,,1710087840
12146942,2011,1994,,,,1710142209
12146943,1808,1946,,,,1710137968
12146944,1693,1952,,,,1710144484
12146945,1341,2040,,,,1710131530
12146946,1785,2671,791,,,1710139874
12146947,2361,3473,,,,1710150150
12146948,1868,1457,,,,1710147702
12146949,,,,,,1710133192
12146950,1910,1932,,,,1710136305
12146951,1016,1916,,,,1710131322
12146952,1766,2214,,,,1710135795
12146953,1938,2120,,,,1710146836
12146954,,,,,,1710136561
12146955,2109,2105,,,,1710141611
12146956,1598,1444,,,,1710131828
12146957,3746,2091,1052,,,1710146835
12146963,,,,,,
12146964,,,,,,
12146965,,,,,,
12146966,,,,,,
12146967,,,,,,
12146968,,,,,,
12146969,,,,,,
12146970,,,,,,
12146971,,,,,,
12146972,,,,,,
12146973,,,,,,
12146974,,,,,,
12146975,,,,,,
12146976,,,,,,
12146977,,,,,,
12146978,,,,,,
12147043,2842,3101,,,,1710150865
12147060,1609,1454,1182,,,1710151378
12147062,2786,1796,,,,1710150983
12147092,4065,1723,2905,,,1710085786
12147093,2206,3516,,,,1710096598
12147102,3012,2909,904,,,1710103238
12147142,2357,3423,1318,,,1710096961
12147195,,,,,,
12147207,,,,,,
12147208,,,,,,
12147209,,,,,,
12147210,,,,,,
12147211,,,,,,
12147212,,,,,,
12147213,,,,,,
12147214,,,,,,
12147215,,,,,,
12147216,,,,,,
12147217,,,,,,
12147218,,,,,,
12147219,,,,,,
12147220,,,,,,
12147221,,,,,,
12147222,,,,,,
12147223,1660,1802,,,,1710092540
12147249,3007,2062,,,,1710151896
12147250,2294,3974,934,,,1710154517
12147251,3369,1991,,,,1710141317
12147252,1399,1111,,,,1710145311
12147253,2526,2934,,,,1710150760
12147254,2064,1351,,,,1710157923
12147255,1986,1201,,,,1710135728
12147256,2181,3893,,,,1710151068
12147257,1238,1643,,,,1710135111
12147258,1370,1904,,,,1710135286
12147259,1639,4251,,,,1710144005
12147260,4507,4248,,,,1710143143
12147261,1845,1602,,,,1710136033
12147262,1992,2831,852,,,1710160880
12147263,1744,2641,,,,1710139071
12147264,1420,1529,,,,1710155776
12147265,2285,1686,,,,1710151128
12147266,2049,2299,,,,1710153540
12147267,4272,2558,1313,,,1710149366
12147268,3715,2370,,,,1710168436
12147269,2250,3155,,,,1710144773
12147270,2092,2621,600,,,1710153423
12147271,2681,2687,763,,,1710153844
12147272,1977,2832,,,,1710157957
12147273,1872,2613,,,,1710151144
12147274,2513,2766,,,,1710167149
12147275,2072,3235,,,,1710163666
12147276,2507,3056,817,,,1710159191
12147277,2081,2900,885,,,1710147571
12147278,2064,2492,,,,1710145172
12147279,2014,1693,,,,1710163947
12147280,2987,3157,,,,1710164128
12147281,1070,3460,,,,1710162898
12147282,1957,2359,,,,1710164428
12147283,2737,3302,1035,,,1710162792
12147284,2592,2566,,,,1710158297
12147285,3235,1744,,,,1710145905
12147286,2356,2819,,,,1710154752
12147287,3004,3889,1399,,,1710168274
12147288,2619,3651,884,,,1710154966
12147289,1766,2205,823,,,1710159349
12147290,1848,3964,,,,1710150914
12147291,1865,2815,,,,1710144856
12147292,1909,3816,,,,1710144399
12147293,2465,1670,,,,1710159355
12147307,2925,3555,2085,,,1710092644
12147365,2278,3156,737,,,1710153318
12147366,,,,,,1710148051
12147367,3109,2752,,,,1710151157
12147368,4275,1800,,,,1710152224
12147371,1557,1790,,,,1710149768
12147373,2008,3564,,,,1710155616
12147379,2601,2659,1389,,,1710160163
12147380,1798,3226,,,,1710160207
12147382,2578,2152,,,,1710156887
12147383,2193,1757,,,,1710154964
12147384,4567,2733,1000,,,1710163684
12147385,3744,3437,,,,1710152293
12147386,2289,3440,,,,1710154672
12147387,1727,1721,,,,1710149919
12147388,3615,3689,,,,1710161442
12147389,1421,2858,,,,1710149373
12147396,3450,2410,793,,,1710171266
12147410,2370,2619,,,,1710086475
12147411,1244,4559,,,,1710085431
12147412,924,2830,,,,1710085283
12147413,1827,2586,,,,1710090946
12147414,2346,1639,,,,1710099505
12147415,3522,2502,2601,,,1710095833
12147416,1811,2360,2165,,,1710101919
12147424,2658,2037,,,,1710157182
12147425,3733,3183,826,,,1710150597
12147426,2212,2812,,,,1710150372
12147427,2867,2383,,,,1710157091
12147428,2803,2678,,,,1710151015
12147429,2851,3113,4292,,,1710166577
12147430,2493,2019,2277,,,1710164716
12147480,,,,,,
12147481,,,,,,
12147482,,,,,,
12147483,,,,,,
12147484,,,,,,
12147485,,,,,,
12147486,,,,,,
12147487,,,,,,
12147488,,,,,,
12147489,,,,,,
12147490,,,,,,
12147491,,,,,,
12147492,,,,,,
12147493,,,,,,
12147494,,,,,,
12147495,,,,,,
12147501,2483,2346,,,,1710157369
12147502,3045,4037,,,,1710158552
12147507,1697,1442,,,,1710164422
12147531,2398,1405,749,,,1710158707
12147558,,,,,,
12147559,,,,,,
12147560,2093,4299,,,,1710145406
12147561,,,,,,
12147562,3474,4375,1101,,,1710152098
12147563,,,,,,
12147564,,,,,,
12147565,,,,,,
12147566,4007,2686,,,,1710148022
12147567,,,,,,
12147568,,,,,,
12147569,,,,,,
12147570,3171,2783,577,,,1710149784
12147571,,,,,,
12147572,,,,,,
12147573,,,,,,
12147574,4324,3594,,,,1710156404
12147575,,,,,,
12147576,,,,,,
12147577,,,,,,
12147578,2204,2388,1084,,,1710156477
12147579,2532,3535,,,,1710157083
12147580,,,,,,1710151053
12147581,,,,,,
12147582,,,,,,
12147583,,,,,,
12147584,,,,,,
12147585,,,,,,
12147586,,,,,,
12147587,,,,,,
12147588,,,,,,
12147589,,,,,,
12147590,,,,,,
12147591,,,,,,
12147592,,,,,,
12147593,,,,,,
12147594,,,,,,
12147595,,,,,,
12147596,,,,,,
12147597,,,,,,
12147598,,,,,,
12147599,,,,,,
12147600,,,,,,
12147601,,,,,,
12147602,,,,,,
12147603,,,,,,
12147604,,,,,,
12147605,,,,,,
12147606,,,,,,
12147607,,,,,,
12147608,,,,,,
12147609,,,,,,
12147610,,,,,,
12147611,,,,,,
12147612,,,,,,
12147615,,,,,,
12147616,3091,2301,,,,1710155041
12147618,2318,3212,859,,,1710157394
12147619,2717,3862,1065,,,1710165695
12147620,2018,2513,,,,1710160386
12147622,1511,2062,2651,,,1710155772
12147624,,,,,,
12147642,,,,,,
12147643,,,,,,
12147644,,,,,,
12147645,,,,,,
12147646,,,,,,
12147647,,,,,,
12147648,,,,,,
12147649,,,,,,
12147651,,,,,,
12147652,,,,,,
12147653,,,,,,
12147655,3923,2949,,,,1710164436
12147663,,,,,,
12147665,,,,,,
12147666,,,,,,
12147668,,,,,,
12147669,,,,,,
12147670,,,,,,
12147671,,,,,,
12147672,,,,,,
12147673,,,,,,
12147674,,,,,,
12147675,,,,,,
12147676,,,,,,
12147677,,,,,,
12147678,,,,,,
12147679,,,,,,
12147680,,,,,,
12147681,,,,,,
12147682,,,,,,
12147683,,,,,,
12147690,,,,,,
12147691,,,,,,
12147692,,,,,,
12147693,,,,,,
12147695,,,,,,
12147696,,,,,,
12147697,,,,,,
12147698,,,,,,
12147699,,,,,,
12147700,,,,,,
12147701,,,,,,
12147706,,,,,,
12147709,,,,,,
12147710,,,,,,
12147711,,,,,,
12147712,,,,,,
12147713,,,,,,
12147714,,,,,,
12147715,,,,,,
12147716,,,,,,
12147717,,,,,,
12147718,,,,,,
12147719,,,,,,
12147720,,,,,,
12147721,,,,,,
12147722,,,,,,
12147723,,,,,,
12147724,,,,,,
12147727,2687,1815,,,,1710156101
12147730,2912,3791,,,,1710157870
12147732,2914,2332,580,,,1710153508
12147734,3255,1749,,,,1710157238
12147735,2662,1697,,,,1710161199
12147736,1933,2779,,,,1710150148
12147737,2442,1882,,,,1710166405
12147739,1422,1668,,,,1710163758
12147740,2348,2786,,,,1710165935
12147741,1767,1587,,,,1710161500
12147742,,,,,,
12147744,,,,,,
12147768,3070,1476,3400,,,1710158163
12147770,2617,1915,,,,1710136397
12147771,1632,1007,,,,1710148127
12147772,1165,1207,,,,1710134787
12147773,1164,1074,,,,1710145303
12147774,1788,2753,,,,1710143683
12147775,1579,1369,,,,1710150848
12147776,3406,4509,774,,,1710155021
12147777,2670,1548,,,,1710136645
12147778,2046,1796,,,,1710140913
12147779,2595,1665,,,,1710139288
12147780,1293,1937,,,,1710146745
12147781,1601,4078,,,,1710140643
12147789,2056,2404,,,,1710157126
12147790,3325,4269,3992,,,1710162442
12147791,4872,2892,,,,1710167587
12147820,2221,4067,2351,,,1710168936
12147856,2446,3179,,,,1710162886
12147895,,,,,,
12147896,,,,,,
12147897,,,,,,
12147905,2673,2734,,,,1710162049
12147918,2904,3917,1069,,,1710171767
12147922,,,,,,
12147923,,,,,,
12147924,,,,,,
12147925,,,,,,
12147927,,,,,,
12147929,,,,,,
12147930,,,,,,
12147931,,,,,,
12147932,,,,,,
12147934,,,,,,
12147935,,,,,,
12147937,,,,,,
12148000,2247,2334,,,,1710164565
12148043,,,,,,
12148054,1818,1378,,,,1710165428
12148114,1814,2391,,,,1710161842
12148126,,,,,,
12148127,,,,,,
12148132,,,,,,
12148135,,,,,,
12148137,,,,,,
12148146,,,,,,
12148149,,,,,,
12148156,,,,,,
12148208,,,,,,1710163390
12148209,3377,2157,,,,1710166512
12148211,1831,2258,,,,1710164993
12148300,,,,,,
12148301,,,,,,
12148302,,,,,,
12148303,,,,,,
12148304,,,,,,
12148305,,,,,,
12148306,,,,,,
12148307,,,,,,
12148308,,,,,,
12148309,,,,,,
12148310,,,,,,
12148311,,,,,,
12148312,,,,,,
12148313,,,,,,
12148314,,,,,,
12148315,,,,,,
12148329,3383,2961,,,,1710169795
12148330,1431,1488,,,,1710167571
12148331,3188,1889,1635,,,1710171268
12148627,,,,,,
12148640,,,,,,
12148850,,,,,,
12148873,,,,,,
12148934,,,,,,
12148943,,,,,,
12148944,,,,,,
12148945,,,,,,
12148992,,,,,,
12149324,2371,2050,,,,1710150593
12149448,1993,2948,61073,,,1710170186
12149488,64423,63276,1126,,,1710237561
12149578,,,,,,
12149579,,,,,,
12149580,,,,,,
12149620,,,,,,
12149621,5056,64993,1302,,,1710231409
12149653,,,,,,
12149654,,,,,,
12149655,2780,2348,,,,1710164286
12149694,,,,,,
12149704,,,,,,
12149705,,,,,,
12149766,2236,2915,,,,1710171640
12149767,1423,1469,,,,1710163991
12149893,,,,,,1710165232
12149913,,,,,,
12149914,,,,,,
12149915,,,,,,
12150662,3649,4354,1069,,,1710179071
12109838,2757,2311,,,,1710091975
12109872,3304,2523,3636,,,1710082057
12109939,2644,2731,2864,,,1710211353
12109940,3764,2415,3409,,,1710134648
12109943,4922,3745,2642,,,1710189765
12109949,2022,2681,,,,1710096550
12109950,2083,2309,,,,1710113214
12109954,2573,2609,,,,1710191021
12109959,2010,2554,,,,1710195683
12109960,1954,2488,,,,1710109369
12109961,2051,3714,,,,1710182676
12109968,3421,1804,,,,1710102709
12109970,1928,2752,,,,1710103367
12109973,3837,2382,,,,1710123217
12109974,2232,2593,,,,1710201636
12109975,1753,2327,,,,1710095903
12109976,2093,1850,,,,1710197418
12109977,2394,3231,3154,,,1710217762
12110027,2520,3944,,,,1710112533
12110028,2842,2072,,,,1710103031
12110031,2708,1644,,,,1710096873
12110057,2304,3427,,,,1710190076
12110059,1436,2805,2974,,,1710220007
12110060,2194,2442,,,,1710208008
12110062,3356,3459,,,,1710202686
12110063,3230,3320,,,,1710183684
12110064,1753,3234,3028,,,1710195302
12110065,,,,,,1710068109
12110066,3653,3308,,,,1710198327
12110067,2635,3674,3196,,,1710133576
12110068,2123,2293,2800,,,1710106037
12110070,2596,3442,1769,,,1710125347
12110073,1768,1910,,,,1710107875
12110076,1555,3151,4045,,,1710185332
12143912,3583,3663,,,,1710085149
12143962,2788,2004,,,,1710084703
12144038,,,,,,
12144045,,,,,,
12144049,,,,,,
12144055,,,,,,
12144061,3369,3900,,,,1710077433
12144076,2390,3113,,,,1710084316
12144081,2210,1541,,,,1710079322
12144088,2984,1277,,,,1710085256
12144146,,,,,,
12144176,1407,2900,,,,1710078661
12144179,3625,2771,,,,1710083225
12144183,2544,2544,735,,,1710084738
12144185,2350,3008,,,,1710075896
12144187,2589,2146,,,,1710076801
12144189,2253,2302,,,,1710082712
12144190,,,,,,1710073382
12144201,2561,2885,,,,1710083129
12144202,1701,2247,,,,1710087945
12144203,3115,3094,,,,1710082043
12144204,3088,1347,,,,1710095376
12144205,2628,4255,650,,,1710101316
12144206,1833,2099,,,,1710093673
12144208,3997,2664,,,,1710090957
12144210,2085,2485,,,,1710075646
12144211,2816,2319,,,,1710077343
12144213,5,1855,979,,,1710090112
12144214,1788,2261,639,,,1710084775
12144216,3375,3599,,,,1710076208
12144217,,,,,,
12144219,,,,,,
12144221,,,,,,
12144222,,,,,,
12144223,,,,,,
12144224,,,,,,
12144226,,,,,,
12144227,,,,,,
12144228,,,,,,
12144229,,,,,,
12144230,,,,,,
12144231,,,,,,
12144233,,,,,,
12144234,,,,,,
12144235,,,,,,
12144236,,,,,,
12144237,,,,,,
12144238,,,,,,
12144240,,,,,,
12144241,,,,,,
12144242,,,,,,
12144243,,,,,,
12144245,,,,,,
12144246,,,,,,
12144247,,,,,,
12144248,,,,,,
12144259,,,,,,
12144260,,,,,,
12144263,,,,,,
12144266,,,,,,
12144276,,,,,,
12144297,,,,,,
12144307,,,,,,
12144324,3030,2229,,,,1710077360
12144325,1593,2821,1992,,,1710076902
12144329,4593,2245,,,,1710083065
12144332,2288,3659,3573,,,1710086367
12144336,1754,2580,,,,1710087917
12144337,2067,3614,4961,,,1710085385
12144350,2682,1626,,,,1710082533
12144386,2429,2232,1949,,,1710095232
12144400,,,,,,
12144401,,,,,,
12144402,,,,,,
12144403,,,,,,
12144404,,,,,,
12144405,,,,,,
12144406,,,,,,
12144407,,,,,,
12144408,,,,,,
12144409,,,,,,
12144410,,,,,,
12144411,,,,,,
12144412,,,,,,
12144413,,,,,,
12144414,,,,,,
12144415,,,,,,
12144416,,,,,,
12144417,,,,,,
12144418,,,,,,
12144419,,,,,,
12144420,,,,,,
12144421,,,,,,
12144422,,,,,,
12144423,,,,,,
12144424,,,,,,
12144425,,,,,,
12144426,,,,,,
12144427,,,,,,
12144428,,,,,,
12144429,,,,,,
12144430,,,,,,
12144431,,,,,,
12144433,3501,2962,1901,,,1710086483
12144464,,,,,,
12144465,,,,,,
12144508,2724,4729,3492,,,1710087579
12144547,2820,1610,,,,1710082704
12144561,3662,1795,2214,,,1710087106
12144562,1256,1578,,,,1710086446
12144654,1731,2172,,,,1710091947
12144655,,,,,,
12144656,2090,1912,1638,,,1710099381
12144659,2506,2813,,,,1710091591
12144830,,,,,,
12144831,,,,,,
12144832,,,,,,
12144833,,,,,,
12144834,,,,,,
12144835,,,,,,
12144836,,,,,,
12144837,,,,,,
12144838,,,,,,
12144839,,,,,,
12144840,,,,,,
12144841,,,,,,
12144842,,,,,,
12144843,,,,,,
12144844,,,,,,
12144845,,,,,,
12144848,,,,,,
12144849,,,,,,
12144850,,,,,,
12144851,,,,,,
12144852,,,,,,
12144853,,,,,,
12144854,,,,,,
12144855,,,,,,
12144856,,,,,,
12144857,,,,,,
12144858,,,,,,
12144859,,,,,,
12144860,,,,,,
12144861,,,,,,
12144862,,,,,,
12144863,,,,,,
12144986,,,,,,
12144987,,,,,,
12144988,,,,,,
12144989,,,,,,
12144990,,,,,,
12144991,,,,,,
12144992,,,,,,
12144993,,,,,,
12144994,,,,,,
12144995,,,,,,
12144996,,,,,,
12144997,,,,,,
12144998,,,,,,
12144999,,,,,,
12145000,,,,,,
12145001,,,,,,
12145002,,,,,,
12145003,,,,,,
12145004,,,,,,
12145005,,,,,,
12145006,,,,,,
12145007,,,,,,
12145008,,,,,,
12145009,,,,,,
12145010,,,,,,
12145011,,,,,,
12145012,,,,,,
12145013,,,,,,
12145014,,,,,,
12145015,,,,,,
12145016,,,,,,
12145017,,,,,,
12145018,,,,,,
12145019,,,,,,
12145020,,,,,,
12145021,,,,,,
12145022,,,,,,
12145023,,,,,,
12145024,,,,,,
12145025,,,,,,
12145026,,,,,,
12145286,2210,3374,,,,1710094389
12145287,2259,1944,,,,1710082807
12145288,2283,3203,,,,1710101209
12145289,,,,,,1710095261
12145290,1953,2812,1863,,,1710089142
12145291,3081,2149,4063,,,1710090931
12145292,1690,1401,,,,1710078104
12145293,4534,1371,,,,1710081170
12145294,5175,3543,,,,1710101566
12145295,1711,1962,,,,1710087360
12145296,1662,1868,,,,1710092287
12145297,3249,2639,1411,,,1710082519
12145298,,,,,,
12145299,,,,,,
12145300,,,,,,
12145301,,,,,,
12145302,,,,,,
12145303,,,,,,
12145304,,,,,,
12145305,,,,,,
12145306,,,,,,
12145307,,,,,,
12145308,,,,,,
12145309,,,,,,
12145310,,,,,,
12145311,,,,,,
12145312,,,,,,
12145313,,,,,,
12145314,,,,,,
12145315,,,,,,
12145316,,,,,,
12145317,,,,,,
12145318,,,,,,
12145319,,,,,,
12145320,,,,,,
12145321,,,,,,
12145385,,,,,,
12145386,,,,,,1710083577
12145387,,,,,,
12145388,3596,1968,,,,1710094466
12145389,,,,,,
12145390,,,,,,1710083255
12145393,,,,,,
12145394,,,,,,
12145395,,,,,,
12145396,,,,,,
12145397,,,,,,
12145398,,,,,,
12145399,,,,,,
12145400,,,,,,
12145437,,,,,,
12145438,,,,,,
12145472,2116,3427,,,,1710176397
12145473,1885,2025,,,,1710172635
12145474,2151,3927,,,,1710180831
12145475,1712,2891,,,,1710248803
12145478,1887,2302,,,,1710167566
12145479,2270,3335,,,,1710169950
12145480,1813,2154,,,,1710161799
12145481,1392,1678,,,,1710241841
12145482,1814,2543,,,,1710236269
12145483,2521,4136,1738,,,1710176022
12145484,3243,1341,,,,1710170456
12145485,2301,1678,,,,1710236849
12145486,2914,2281,3075,,,1710249602
12145487,3338,1959,1830,,,1710254432
12145488,2525,1939,3369,,,1710164793
12145489,3518,2065,3081,,,1710177283
12145490,3407,2015,,,,1710168223
12145491,2179,3165,4141,,,1710185869
12145495,2525,3249,2690,,,1710210985
12145496,5538,2811,4690,,,1710199681
12145497,2476,4523,3308,,,1710257916
12145499,2691,3092,2443,,,1710256682
12145900,,,,,,
12145901,,,,,,
12145902,,,,,,
12145903,,,,,,
12145904,,,,,,
12145905,,,,,,
12145906,,,,,,
12145907,,,,,,
12145908,,,,,,
12145909,,,,,,
12145910,,,,,,
12145911,,,,,,
12145912,,,,,,
12145913,,,,,,
12145914,,,,,,
12145915,,,,,,
12146045,2000,3349,,,,1710076558
12146046,1457,2537,,,,1710096434
12146587,3338,4426,,,,1710085729
12146723,2867,5432,860,,,1710095581
12146841,2380,3899,1223,,,1710092564
12146925,1779,2199,,,,1710087840
12146942,2012,1993,,,,1710142209
12146943,1808,1946,,,,1710137968
12146944,1694,1951,,,,1710144484
12146945,1340,2041,,,,1710131530
12146946,1786,2671,791,,,1710139874
12146947,2361,3473,,,,1710150150
12146948,1868,1456,,,,1710147702
12146949,,,,,,1710133192
12146950,1911,1931,,,,1710136305
12146951,1017,1916,,,,1710131322
12146952,1766,2215,,,,1710135795
12146953,1937,2120,,,,1710146836
12146954,,,,,,1710136561
12146955,2110,2105,,,,1710141611
12146956,1597,1444,,,,1710131828
12146957,3746,2092,1052,,,1710146835
12146963,,,,,,
12146964,,,,,,
12146965,,,,,,
12146966,,,,,,
12146967,,,,,,
12146968,,,,,,
12146969,,,,,,
12146970,,,,,,
12146971,,,,,,
12146972,,,,,,
12146973,,,,,,
12146974,,,,,,
12146975,,,,,,
12146976,,,,,,
12146977,,,,,,
12146978,,,,,,
12147043,2843,3101,,,,1710150865
12147060,1609,1454,1183,,,1710151378
12147062,2786,1795,,,,1710150983
12147092,4064,1723,2906,,,1710085786
12147093,2205,3516,,,,1710096598
12147102,3012,2909,904,,,1710103238
12147142,2357,3423,1317,,,1710096961
12147195,,,,,,
12147207,,,,,,
12147208,,,,,,
12147209,,,,,,
12147210,,,,,,
12147211,,,,,,
12147212,,,,,,
12147213,,,,,,
12147214,,,,,,
12147215,,,,,,
12147216,,,,,,
12147217,,,,,,
12147218,,,,,,
12147219,,,,,,
12147220,,,,,,
12147221,,,,,,
12147222,,,,,,
12147223,1661,1802,,,,1710092540
12147249,3007,2062,,,,1710151896
12147250,2294,3974,933,,,1710154517
12147251,3370,1991,,,,1710141317
12147252,1400,1112,,,,1710145311
12147253,2527,2933,,,,1710150760
12147254,2064,1350,,,,1710157923
12147255,1987,1201,,,,1710135728
12147256,2181,3893,,,,1710151068
12147257,1237,1643,,,,1710135111
12147258,1370,1903,,,,1710135286
12147259,1640,4251,,,,1710144005
12147260,4508,4248,,,,1710143143
12147261,1845,1601,,,,1710136033
12147262,1992,2830,852,,,1710160880
12147263,1744,2641,,,,1710139071
12147264,1421,1529,,,,1710155776
12147265,2284,1686,,,,1710151128
12147266,2049,2299,,,,1710153540
12147267,4273,2559,1313,,,1710149366
12147268,3715,2371,,,,1710168436
12147269,2250,3156,,,,1710144773
12147270,2092,2622,600,,,1710153423
12147271,2681,2688,763,,,1710153844
12147272,1978,2831,,,,1710157957
12147273,1872,2613,,,,1710151144
12147274,2513,2767,,,,1710167149
12147275,2071,3235,,,,1710163666
12147276,2507,3057,816,,,1710159191
12147277,2081,2901,886,,,1710147571
12147278,2063,2491,,,,1710145172
12147279,2014,1692,,,,1710163947
12147280,2986,3156,,,,1710164128
12147281,1070,3459,,,,1710162898
12147282,1956,2360,,,,1710164428
12147283,2737,3303,1035,,,1710162792
12147284,2592,2566,,,,1710158297
12147285,3234,1743,,,,1710145905
12147286,2355,2819,,,,1710154752
12147287,3003,3890,1399,,,1710168274
12147288,2619,3652,885,,,1710154966
12147289,1766,2204,822,,,1710159349
12147290,1849,3964,,,,1710150914
12147291,1865,2815,,,,1710144856
12147292,1909,3816,,,,1710144399
12147293,2465,1670,,,,1710159355
12147307,2925,3555,2085,,,1710092644
12147365,2278,3155,738,,,1710153318
12147366,,,,,,1710148051
12147367,3108,2752,,,,1710151157
12147368,4275,1801,,,,1710152224
12147371,1556,1790,,,,1710149768
12147373,2009,3563,,,,1710155616
12147379,2602,2659,1390,,,1710160163
12147380,1798,3226,,,,1710160207
12147382,2578,2153,,,,1710156887
12147383,2192,1757,,,,1710154964
12147384,4567,2732,1000,,,1710163684
12147385,3745,3438,,,,1710152293
12147386,2289,3440,,,,1710154672
12147387,1728,1721,,,,1710149919
12147388,3614,3689,,,,1710161442
12147389,1422,2858,,,,1710149373
12147396,3451,2409,792,,,1710171266
12147410,2369,2620,,,,1710086475
12147411,1244,4558,,,,1710085431
12147412,925,2830,,,,1710085283
12147413,1827,2585,,,,1710090946
12147414,2346,1639,,,,1710099505
12147415,3522,2502,2600,,,1710095833
12147416,1811,2361,2165,,,1710101919
12147424,2658,2038,,,,1710157182
12147425,3734,3182,826,,,1710150597
12147426,2213,2811,,,,1710150372
12147427,2867,2382,,,,1710157091
12147428,2803,2679,,,,1710151015
12147429,2851,3113,4292,,,1710166577
12147430,2493,2018,2277,,,1710164716
12147480,,,,,,
12147481,,,,,,
12147482,,,,,,
12147483,,,,,,
12147484,,,,,,
12147485,,,,,,
12147486,,,,,,
12147487,,,,,,
12147488,,,,,,
12147489,,,,,,
12147490,,,,,,
12147491,,,,,,
12147492,,,,,,
12147493,,,,,,
12147494,,,,,,
12147495,,,,,,
12147501,2483,2346,,,,1710157369
12147502,3045,4038,,,,1710158552
12147507,1696,1442,,,,1710164422
12147531,2398,1405,748,,,1710158707
12147555,1832,3293,2165,,,1710173159
12147556,2517,4069,,,,1710172642
12147558,,,,,,
12147559,,,,,,
12147560,2093,4299,,,,1710145406
12147561,,,,,,
12147562,3475,4375,1102,,,1710152098
12147563,,,,,,
12147564,,,,,,
12147565,,,,,,
12147566,4008,2687,,,,1710148022
12147567,,,,,,
12147568,,,,,,
12147569,,,,,,
12147570,3171,2783,577,,,1710149784
12147571,,,,,,
12147572,,,,,,
12147573,,,,,,
12147574,4324,3595,,,,1710156404
12147575,,,,,,
12147576,,,,,,
12147577,,,,,,
12147578,2203,2388,1084,,,1710156477
12147579,2531,3535,,,,1710157083
12147580,,,,,,1710151053
12147581,,,,,,
12147582,,,,,,
12147583,,,,,,
12147584,,,,,,
12147585,,,,,,
12147586,,,,,,
12147587,,,,,,
12147588,,,,,,
12147589,,,,,,
12147590,,,,,,
12147591,,,,,,
12147592,,,,,,
12147593,,,,,,
12147594,,,,,,
12147595,,,,,,
12147596,,,,,,
12147597,,,,,,
12147598,,,,,,
12147599,,,,,,
12147600,,,,,,
12147601,,,,,,
12147602,,,,,,
12147603,,,,,,
12147604,,,,,,
12147605,,,,,,
12147606,,,,,,
12147607,,,,,,
12147608,,,,,,
12147609,,,,,,
12147610,,,,,,
12147611,,,,,,
12147612,,,,,,
12147615,,,,,,
12147616,3092,2301,,,,1710155041
12147617,4023,3424,695,,,1710175476
12147618,2318,3213,860,,,1710157394
12147619,2717,3861,1066,,,1710165695
12147620,2018,2513,,,,1710160386
12147622,1511,2062,2650,,,1710155772
12147624,,,,,,
12147642,,,,,,
12147643,,,,,,
12147644,,,,,,
12147645,,,,,,
12147646,,,,,,
12147647,,,,,,
12147648,,,,,,
12147649,,,,,,
12147651,,,,,,
12147652,,,,,,
12147653,,,,,,
12147655,3924,2948,,,,1710164436
12147663,,,,,,
12147665,,,,,,
12147666,,,,,,
12147667,,,,,,
12147668,,,,,,
12147669,,,,,,
12147670,,,,,,
12147671,,,,,,
12147672,,,,,,
12147673,,,,,,
12147674,,,,,,
12147675,,,,,,
12147676,,,,,,
12147677,,,,,,
12147678,,,,,,
12147679,,,,,,
12147680,,,,,,
12147681,,,,,,
12147682,,,,,,
12147683,,,,,,
12147690,,,,,,
12147691,,,,,,
12147692,,,,,,
12147693,,,,,,
12147694,,,,,,
12147695,,,,,,
12147696,,,,,,
12147697,,,,,,
12147698,,,,,,
12147699,,,,,,
12147700,,,,,,
12147701,,,,,,
12147706,,,,,,
12147709,,,,,,
12147710,,,,,,
12147711,,,,,,
12147712,,,,,,
12147713,,,,,,
12147714,,,,,,
12147715,,,,,,
12147716,,,,,,
12147717,,,,,,
12147718,,,,,,
12147719,,,,,,
12147720,,,,,,
12147721,,,,,,
12147722,,,,,,
12147723,,,,,,
12147724,,,,,,
12147727,2687,1815,,,,1710156101
12147728,1573,2022,,,,1710177320
12147729,1816,4693,839,,,1710172701
12147730,2912,3792,,,,1710157870
12147731,2600,2095,778,,,1710179576
12147732,2913,2332,580,,,1710153508
12147733,3067,1922,882,,,1710174127
12147734,3255,1748,,,,1710157238
12147735,2661,1697,,,,1710161199
12147736,1933,2780,,,,1710150148
12147737,2443,1883,,,,1710166405
12147738,3252,4020,,,,1710172780
12147739,1423,1669,,,,1710163758
12147740,2347,2786,,,,1710165935
12147741,1767,1587,,,,1710161500
12147742,,,,,,
12147744,,,,,,
12147768,3070,1477,3401,,,1710158163
12147770,2616,1915,,,,1710136397
12147771,1633,1007,,,,1710148127
12147772,1166,1208,,,,1710134787
12147773,1164,1073,,,,1710145303
12147774,1789,2754,,,,1710143683
12147775,1578,1368,,,,1710150848
12147776,3407,4510,775,,,1710155021
12147777,2670,1548,,,,1710136645
12147778,2045,1796,,,,1710140913
12147779,2596,1664,,,,1710139288
12147780,1292,1936,,,,1710146745
12147781,1600,4079,,,,1710140643
12147789,2056,2403,,,,1710157126
12147790,3325,4269,3993,,,1710162442
12147791,4873,2891,,,,1710167587
12147820,2221,4067,2351,,,1710168936
12147838,1926,1905,,,,1710168117
12147855,1517,3133,809,,,1710180047
12147856,2447,3179,,,,1710162886
12147881,3926,3042,,,,1710171575
12147895,,,,,,
12147896,,,,,,
12147897,,,,,,
12147898,1318,2401,,,,1710168148
12147905,2674,2734,,,,1710162049
12147918,2904,3916,1069,,,1710171767
12147922,,,,,,
12147923,,,,,,
12147924,,,,,,
12147925,,,,,,
12147926,,,,,,
12147927,,,,,,
12147928,,,,,,
12147929,,,,,,
12147930,,,,,,
12147931,,,,,,
12147932,,,,,,
12147933,,,,,,
12147934,,,,,,
12147935,,,,,,
12147936,,,,,,
12147937,,,,,,
12147942,1793,3098,2015,,,1710175643
12147948,2425,3162,3448,,,1710184052
12147949,3632,3511,2741,,,1710185747
12147950,1172,3399,,,,1710188494
12147952,,,,,,
12147953,2841,2736,,,,1710174816
12147956,2370,3252,2216,,,1710193889
12147958,,,,,,
12148000,2247,2335,,,,1710164565
12148009,1436,2387,,,,1710176883
12148043,,,,,,
12148054,1817,1377,,,,1710165428
12148114,1813,2391,,,,1710161842
12148124,,,,,,
12148125,2522,2333,,,,1710180026
12148126,,,,,,
12148127,,,,,,
12148128,2013,3058,,,,1710183672
12148129,,,,,,
12148130,,,,,,
12148131,2732,2958,,,,1710174539
12148132,,,,,,
12148133,2529,3215,,,,1710176490
12148134,,,,,,
12148135,,,,,,
12148136,2146,2874,,,,1710184031
12148137,,,,,,
12148138,2152,1925,,,,1710177239
12148139,,,,,,
12148140,2380,1677,,,,1710188640
12148141,1720,2553,,,,1710175729
12148142,,,,,,
12148143,2497,3443,2893,,,1710187109
12148144,3986,2737,3376,,,1710186749
12148145,4054,1866,,,,1710183624
12148146,,,,,,
12148147,1548,2866,,,,1710178043
12148148,,,,,,
12148149,,,,,,
12148150,3371,2789,,,,1710187014
12148151,,,,,,
12148152,3067,5050,,,,1710186521
12148154,4877,5383,,,,1710180758
12148155,3647,4864,,,,1710191170
12148156,,,,,,
12148172,2431,1934,,,,1710174041
12148173,2120,2881,,,,1710176007
12148184,1467,3515,,,,1710167709
12148190,3165,1929,3624,,,1710171159
12148206,3228,3023,,,,1710171548
12148207,3200,2899,834,,,1710175814
12148208,,,,,,1710163390
12148209,3378,2158,,,,1710166512
12148210,3918,1794,,,,1710171682
12148211,1831,2258,,,,1710164993
12148300,,,,,,
12148301,,,,,,
12148302,,,,,,
12148303,,,,,,
12148304,,,,,,
12148305,,,,,,
12148306,,,,,,
12148307,,,,,,
12148308,,,,,,
12148309,,,,,,
12148310,,,,,,
12148311,,,,,,
12148312,,,,,,
12148313,,,,,,
12148314,,,,,,
12148315,,,,,,
12148323,2895,1402,,,,1710176451
12148324,2414,3005,,,,1710187531
12148325,1320,2395,,,,1710181755
12148326,1108,2287,,,,1710170897
12148327,1505,1503,,,,1710186263
12148328,3822,1962,,,,1710177830
12148329,3383,2961,,,,1710169795
12148330,1432,1488,,,,1710167571
12148331,3188,1888,1635,,,1710171268
12148332,2037,2651,,,,1710190501
12148333,2204,2427,,,,1710175616
12148334,2018,2521,1023,,,1710183130
12148335,1387,1392,,,,1710180004
12148336,1374,1166,,,,1710183413
12148337,3247,3853,,,,1710188427
12148369,2385,3157,991,,,1710180203
12148370,3122,2862,,,,1710180670
12148601,3140,3146,,,,1710252875
12148602,1680,2695,,,,1710251051
12148611,,,,,,
12148612,,,,,,
12148613,,,,,,
12148614,,,,,,
12148615,,,,,,
12148616,,,,,,
12148617,,,,,,
12148618,,,,,,
12148619,,,,,,
12148620,,,,,,
12148621,,,,,,
12148622,,,,,,
12148623,,,,,,
12148624,,,,,,
12148625,,,,,,
12148626,,,,,,
12148627,,,,,,
12148628,1616,2062,,,,1710178569
12148629,2501,2258,,,,1710184645
12148630,1895,454,,,,1710179029
12148631,2044,1509,,,,1710183443
12148632,2085,2625,,,,1710187898
12148633,2252,3680,2681,,,1710197436
12148634,2213,3124,,,,1710194871
12148635,1879,2081,,,,1710189702
12148636,2833,1026,,,,1710180088
12148637,2240,1858,,,,1710201151
12148638,3628,1965,1486,,,1710188338
12148639,2111,1752,2998,,,1710194875
12148640,,,,,,
12148850,,,,,,
12148873,,,,,,
12148934,,,,,,
12148943,,,,,,
12148944,,,,,,
12148945,,,,,,
12148953,2877,2896,835,,,1710202942
12148954,1969,2958,1012,,,1710201864
12148955,2901,3181,1314,,,1710202965
12148956,2479,1710,,,,1710206793
12148957,2491,5008,,,,1710220662
12148959,2476,2830,,,,1710213544
12148960,2494,3403,944,,,1710208384
12148961,2196,3565,,,,1710199241
12148962,1780,2337,,,,1710206399
12148964,2986,2741,,,,1710212488
12148966,3742,2240,,,,1710209086
12148967,2431,2864,,,,1710207316
12148968,4751,4681,,,,1710207944
12148969,2073,2224,,,,1710215669
12148970,1813,1972,,,,1710198568
12148971,2516,2561,,,,1710218684
12148972,2726,1832,,,,1710199931
12148973,2531,1949,,,,1710199452
12148976,2595,2664,930,,,1710206750
12148977,2302,3994,2319,,,1710215108
12148978,4381,3826,3967,,,1710220494
12148979,2763,2239,,,,1710207526
12148981,3041,2687,863,,,1710202514
12148983,2346,2253,,,,1710212974
12148992,,,,,,
12149324,2371,2051,,,,1710150593
12149448,1993,2947,61073,,,1710170186
12149481,1957,3066,82867,,,1710212050
12149483,2771,83535,4220,,,1710292895
12149484,3037,1640,,,,1710209672
12149486,1850,1556,,,,1710208407
12149488,64424,63276,1126,,,1710237561
12149578,,,,,,
12149579,,,,,,
12149580,,,,,,
12149620,,,,,,
12149621,5056,64994,1302,,,1710231409
12149653,,,,,,
12149654,,,,,,
12149655,2779,2347,,,,1710164286
12149665,2249,1601,,,,1710223302
12149666,1598,1817,,,,1710218274
12149667,1728,2133,,,,1710218492
12149668,1657,1896,,,,1710227687
12149669,2782,20952,1,,,1710245441
12149670,1698,1947,,,,1710223891
12149671,2274,3068,711,,,1710226423
12149672,3086,2758,2325,,,1710235726
12149673,1745,2445,,,,1710218094
12149674,2122,3652,,,,1710230296
12149675,2637,1850,,,,1710219397
12149680,2471,1750,,,,1710229348
12149694,,,,,,
12149703,2969,3271,,,,1710234573
12149704,,,,,,
12149705,,,,,,
12149714,3110,924,,,,1710225543
12149715,1398,1181,,,,1710224096
12149716,2613,3037,934,,,1710232746
12149717,2932,2054,,,,1710219526
12149718,2393,5531,1476,,,1710224588
12149719,2364,1902,,,,1710225008
12149720,2911,2079,,,,1710219636
12149721,3276,2005,,,,1710230539
12149722,2038,1232,,,,1710230094
12149723,2146,2462,,,,1710218746
12149724,2320,4217,2422,,,1710234647
12149766,2236,2915,,,,1710171640
12149767,1423,1470,,,,1710163991
12149808,3078,62643,,,,1710171019
12149809,2523,63895,,,,1710170361
12149893,,,,,,1710165232
12149910,4724,3369,934,,,1710242920
12149913,,,,,,
12149914,,,,,,
12149915,,,,,,
12149991,2494,3114,,,,1710170594
12149992,2348,2705,,,,1710169499
12149993,2045,1381,,,,1710175547
12150001,,,,,,
12150009,2407,2613,,,,1710222527
12150010,2305,2647,,,,1710228524
12150011,2910,3102,1135,,,1710229591
12150012,,,,,,1710220090
12150013,2081,3185,,,,1710222158
12150014,,,,,,
12150015,3965,2323,,,,1710236343
12150016,2637,2622,,,,1710234358
12150017,2023,2834,,,,1710228468
12150018,2545,1516,,,,1710226215
12150026,2264,2363,,,,1710231685
12150067,3397,1811,,,,1710171360
12150073,3399,2769,640,,,1710176054
12150171,,,,,,
12150180,,,,,,
12150182,1460,1439,,,,1710230424
12150183,2327,2017,1121,,,1710233301
12150185,2274,4051,1095,,,1710242397
12150187,2291,2118,,,,1710237728
12150188,3595,3040,,,,1710232532
12150191,2244,4043,,,,1710231176
12150193,2518,2553,,,,1710231759
12150196,2268,3632,,,,1710231321
12150199,2077,3116,,,,1710231521
12150200,2622,2533,,,,1710231573
12150206,5038,2832,,,,1710240040
12150230,,,,,,
12150295,2888,2468,,,,1710237469
12150296,2332,2275,,,,1710236786
12150297,2452,2661,,,,1710243062
12150298,2577,2834,4199,,,1710253469
12150300,1676,2565,,,,1710253095
12150307,,,,,,
12150322,,,,,,
12150537,3670,2655,,,,1710238603
12150539,2415,2591,,,,1710243978
12150540,,,,,,1710234559
12150543,,,,,,
12150544,2631,3342,,,,1710237194
12150546,2848,4373,,,,1710244831
12150549,2802,2188,,,,1710250544
12150551,1859,2040,,,,1710241878
12150552,2051,2692,548,,,1710244591
12150625,2779,2342,,,,1710239217
12150628,1344,2045,,,,1710248755
12150630,2878,4512,2278,,,1710243964
12150660,2482,3401,1009,,,1710183581
12150661,,,,,,
12150662,3649,4354,1070,,,1710179071
12150671,,,,,,
12150672,,,,,,
12150673,,,,,,
12150674,,,,,,
12150675,,,,,,
12150676,2717,3342,,,,1710244148
12150677,,,,,,
12150678,,,,,,
12150679,2034,2767,3852,,,1710253383
12150680,2114,2582,,,,1710249338
12150681,2557,3326,,,,1710242715
12150685,2117,3261,,,,1710255107
12150688,,,,,,
12150691,1774,4229,962,,,1710241399
12150692,2867,2429,,,,1710238375
12150693,2041,3282,,,,1710238415
12150694,1801,2198,,,,1710237823
12150699,2759,2461,,,,1710237397
12150701,3330,2035,,,,1710243922
12150705,1623,1590,,,,1710236223
12150708,3123,2428,,,,1710241740
12150733,2492,2488,3874,,,1710239852
12150745,,,,,,
12150746,,,,,,
12150747,,,,,,
12150748,,,,,,
12150749,,,,,,
12150750,,,,,,
12150751,,,,,,
12150752,,,,,,
12150753,,,,,,
12150755,,,,,,
12150756,1477,3203,,,,1710232458
12150760,3806,3797,,,,1710244486
12150762,2746,2510,,,,1710233453
12150764,2798,2067,,,,1710233709
12150771,3219,5014,,,,1710234282
12150772,2776,3142,1579,,,1710237361
12150775,,,,,,
12150776,3021,2300,,,,1710239804
12150777,,,,,,
12150778,,,,,,
12150779,,,,,,
12150781,,,,,,
12150782,1539,1348,,,,1710232540
12150783,,,,,,
12150785,2268,2891,788,,,1710234628
12150786,2205,2932,,,,1710231448
12150787,4325,2232,,,,1710233357
12150788,2008,1922,,,,1710231052
12150789,5041,2641,996,,,1710243143
12150790,2804,3095,,,,1710247439
12150791,1380,2022,,,,1710237753
12150792,3097,5523,1387,,,1710242714
12150869,2143,2870,844,,,1710236640
12150870,3920,2877,,,,1710242378
12150876,4378,3063,,,,1710236851
12150880,1968,2432,646,,,1710239958
12150883,1557,4211,959,,,1710239524
12150884,2509,3669,,,,1710236943
12150894,2474,2144,,,,1710237137
12150911,3743,3017,979,,,1710247816
12150912,1938,3590,,,,1710236351
12150913,1571,2913,,,,1710236353
12150914,2338,1702,425,,,1710238426
12150915,1892,2968,3262,,,1710254563
12150918,2488,2344,,,,1710243035
12150920,5156,3482,1067,,,1710243215
12150922,2589,2504,2595,,,1710251163
12150923,3313,2375,,,,1710237611
12150924,2067,2302,2857,,,1710251148
12150932,2162,3671,747,,,1710236768
12150933,3642,2896,,,,1710241175
12150934,2888,2614,,,,1710234041
12150935,2122,2821,1050,,,1710236111
12150936,2038,2352,1031,,,1710235416
12150937,1895,2550,1018,,,1710242037
12150938,1776,1439,,,,1710239589
12150939,2441,2332,,,,1710240788
12150973,1976,1960,,,,1710242763
12150996,2771,2390,,,,1710248164
12151055,,,,,,
12151056,,,,,,
12151057,,,,,,
12151058,,,,,,
12151060,,,,,,
12151061,2488,1929,,,,1710249785
12151062,2956,1727,2687,,,1710241815
12151065,3154,2081,,,,1710251873
12151066,2696,2583,,,,1710253857
12151069,,,,,,
12151070,,,,,,
12151072,3946,2816,2076,,,1710253773
12151073,,,,,,1710245181
12151074,,,,,,
12151076,4040,4941,,,,1710240613
12151077,2114,3188,,,,1710242191
12151078,5612,5029,,,,1710241395
12151093,2808,2519,,,,1710243112
12151094,3361,2080,,,,1710254671
12151116,2391,2388,,,,1710248293
12151117,2286,1957,941,,,1710248770
12151164,2071,1660,3218,,,1710248707
12151168,3082,2266,2519,,,1710252988
12151169,2835,2857,2445,,,1710244362
12151172,2656,3497,,,,1710240753
12151261,2585,4241,,,,1710253566
12151291,2411,3541,5209,,,1710254101
12151293,2618,2469,2303,,,1710244812
12151294,3714,2991,,,,1710243900
12151299,2362,3713,,,,1710242294
12151301,,,,,,
12151302,2785,2852,,,,1710242896
12151303,2193,5657,,,,1710248976
12151311,2452,3039,4372,,,1710255095
12151360,1764,1638,,,,1710254354
12151361,2422,3878,771,,,1710259146
12151370,1700,5234,1756,,,1710259457
12151471,,,,,,
12151472,,,,,,
12151473,,,,,,
12151474,,,,,,
12151475,,,,,,
12151476,,,,,,
12151477,4723,3641,,,,1710270247
12151483,2537,2710,,,,1710265667
12151484,,,,,,
12151486,,,,,,
12151524,2687,5730,,,,1710243543
12151525,2546,1561,,,,1710242379
12151527,7145,4813,11308,,,1710244754
12151528,2058,3317,2098,,,1710238101
12151530,2204,2304,3702,,,1710237491
12151531,3301,2105,2212,,,1710254225
12151532,1736,3827,,,,1710234687
12151573,,,,,,
12151707,2238,2317,,,,1710250945
12151717,4704,3228,,,,1710253712
12151718,3033,2631,1038,,,1710255396
12151719,3683,2048,989,,,1710254697
12151720,3545,2408,1009,,,1710255019
12151724,3579,3570,820,,,1710256782
12151725,2337,1765,,,,1710252191
12151739,2248,2131,664,,,1710253902
12152955,,,,,,
12152956,,,,,,
12152957,,,,,,
12152958,,,,,,
12152959,,,,,,
12152960,,,,,,
12153237,1891,3157,1003,,,1710243507
12153288,2780,2092,,,,1710244075
12153585,,,,,,
12153909,,,,,,
12153914,,,,,,
12109939,2644,2730,2863,,,1710211353
12109943,4922,3745,2641,,,1710189765
12109954,2573,2609,,,,1710191021
12109959,2010,2553,,,,1710195683
12109961,2051,3713,,,,1710182676
12109974,2231,2593,,,,1710201636
12109976,2092,1849,,,,1710197418
12109977,2393,3231,3154,,,1710217762
12110009,4081,1835,,,,1710296320
12110013,1923,2730,,,,1710268955
12110014,4025,2692,3323,,,1710287197
12110015,2476,2065,,,,1710277045
12110051,2878,1876,,,,1710277029
12110053,2644,1601,2190,,,1710271095
12110056,3285,2096,,,,1710295408
12110057,2304,3426,,,,1710190076
12110058,1728,2535,,,,1710301172
12110059,1436,2805,2974,,,1710220007
12110060,2194,2441,,,,1710208008
12110062,3355,3459,,,,1710202686
12110063,3230,3319,,,,1710183684
12110064,1753,3233,3027,,,1710195302
12110065,,,,,,1710068109
12110066,3652,3307,,,,1710198327
12110076,1555,3150,4044,,,1710185332
12131502,2565,2052,2135,,,1710336064
12131506,2106,2902,2349,,,1710334771
12131512,2141,2046,,,,1710324784
12131575,4093,3028,6382,,,1710337420
12131576,1807,2976,,,,1710326178
12131578,2506,4277,,,,1710331884
12145469,3100,2113,,,,1710259726
12145470,2360,2325,2943,,,1710327491
12145472,2116,3426,,,,1710176397
12145473,1885,2024,,,,1710172635
12145474,2151,3926,,,,1710180831
12145475,1712,2891,,,,1710248803
12145476,2192,3591,,,,1710340042
12145477,,,,,,
12145478,1887,2302,,,,1710167566
12145479,2270,3334,,,,1710169950
12145480,1813,2154,,,,1710161799
12145481,1391,1678,,,,1710241841
12145482,1813,2543,,,,1710236269
12145483,2520,4135,1738,,,1710176022
12145484,3242,1341,,,,1710170456
12145485,2300,1678,,,,1710236849
12145486,2913,2281,3074,,,1710249602
12145487,3338,1958,1830,,,1710254432
12145488,2524,1939,3368,,,1710164793
12145489,3518,2064,3080,,,1710177283
12145490,3407,2015,,,,1710168223
12145491,2178,3164,4140,,,1710185869
12145492,1138,2727,,,,1710265228
12145493,1954,1775,,,,1710261160
12145494,2714,3153,3064,,,1710273635
12145495,2525,3248,2689,,,1710210985
12145496,5537,2810,4690,,,1710199681
12145497,2475,4522,3308,,,1710257916
12145498,2303,3938,,,,1710262539
12145499,2690,3092,2442,,,1710256682
12145500,2197,2277,,,,1710271457
12145501,2342,3049,,,,1710280162
12147268,3714,2370,,,,1710168436
12147274,2512,2766,,,,1710167149
12147275,2071,3235,,,,1710163666
12147279,2014,1692,,,,1710163947
12147280,2986,3156,,,,1710164128
12147281,1069,3459,,,,1710162898
12147282,1956,2359,,,,1710164428
12147287,3003,3889,1398,,,1710168274
12147396,3450,2409,792,,,1710171266
12147429,2851,3113,4292,,,1710166577
12147430,2492,2018,2277,,,1710164716
12147482,,,,,,
12147487,,,,,,
12147494,,,,,,
12147495,,,,,,
12147507,1696,1442,,,,1710164422
12147555,1831,3293,2165,,,1710173159
12147556,2517,4069,,,,1710172642
12147617,4023,3423,694,,,1710175476
12147619,2717,3861,1065,,,1710165695
12147649,,,,,,
12147655,3923,2948,,,,1710164436
12147667,,,,,,
12147674,,,,,,
12147676,,,,,,
12147694,,,,,,
12147728,1573,2022,,,,1710177320
12147729,1816,4692,839,,,1710172701
12147731,2600,2094,777,,,1710179576
12147733,3067,1922,882,,,1710174127
12147735,2661,1697,,,,1710161199
12147737,2442,1882,,,,1710166405
12147738,3252,4019,,,,1710172780
12147739,1422,1668,,,,1710163758
12147740,2347,2785,,,,1710165935
12147741,1767,1587,,,,1710161500
12147791,4872,2891,,,,1710167587
12147820,2220,4067,2350,,,1710168936
12147838,1926,1905,,,,1710168117
12147855,1517,3132,808,,,1710180047
12147856,2446,3178,,,,1710162886
12147881,3925,3041,,,,1710171575
12147895,,,,,,
12147896,,,,,,
12147898,1318,2401,,,,1710168148
12147905,2673,2733,,,,1710162049
12147918,2904,3916,1068,,,1710171767
12147922,,,,,,
12147923,,,,,,
12147924,,,,,,
12147925,,,,,,
12147926,,,,,,
12147927,,,,,,
12147928,,,,,,
12147929,,,,,,
12147930,,,,,,
12147931,,,,,,
12147932,,,,,,
12147933,,,,,,
12147934,,,,,,
12147935,,,,,,
12147936,,,,,,
12147937,,,,,,
12147942,1792,3097,2014,,,1710175643
12147948,2424,3162,3448,,,1710184052
12147949,3631,3511,2741,,,1710185747
12147950,1172,3398,,,,1710188494
12147951,2943,3146,,,,1710270990
12147952,,,,,,
12147953,2841,2736,,,,1710174816
12147954,1986,2631,,,,1710258749
12147955,2039,1748,,,,1710254261
12147956,2369,3251,2216,,,1710193889
12147957,2471,1907,,,,1710269506
12147958,,,,,,
12148000,2246,2334,,,,1710164565
12148009,1435,2386,,,,1710176883
12148043,,,,,,
12148054,1817,1377,,,,1710165428
12148114,1813,2390,,,,1710161842
12148124,,,,,,
12148125,2522,2332,,,,1710180026
12148126,,,,,,
12148127,,,,,,
12148128,2013,3057,,,,1710183672
12148129,,,,,,
12148130,,,,,,
12148131,2732,2958,,,,1710174539
12148132,,,,,,
12148133,2529,3215,,,,1710176490
12148134,,,,,,
12148135,,,,,,
12148136,2146,2873,,,,1710184031
12148137,,,,,,
12148138,2151,1925,,,,1710177239
12148139,,,,,,
12148140,2380,1676,,,,1710188640
12148141,1720,2552,,,,1710175729
12148142,,,,,,
12148143,2496,3442,2892,,,1710187109
12148144,3985,2736,3376,,,1710186749
12148145,4053,1865,,,,1710183624
12148146,,,,,,
12148147,1548,2866,,,,1710178043
12148148,,,,,,
12148149,,,,,,
12148150,3370,2788,,,,1710187014
12148151,,,,,,
12148152,3067,5050,,,,1710186521
12148154,4876,5382,,,,1710180758
12148155,3646,4863,,,,1710191170
12148156,,,,,,
12148172,2431,1933,,,,1710174041
12148173,2119,2880,,,,1710176007
12148184,1467,3514,,,,1710167709
12148190,3164,1929,3623,,,1710171159
12148206,3227,3023,,,,1710171548
12148207,3200,2898,833,,,1710175814
12148208,,,,,,1710163390
12148209,3377,2157,,,,1710166512
12148210,3917,1794,,,,1710171682
12148211,1831,2258,,,,1710164993
12148323,2895,1401,,,,1710176451
12148324,2413,3005,,,,1710187531
12148325,1319,2395,,,,1710181755
12148326,1107,2286,,,,1710170897
12148327,1504,1502,,,,1710186263
12148328,3821,1962,,,,1710177830
12148329,3383,2960,,,,1710169795
12148330,1431,1488,,,,1710167571
12148331,3188,1888,1635,,,1710171268
12148332,2036,2651,,,,1710190501
12148333,2203,2427,,,,1710175616
12148334,2017,2520,1023,,,1710183130
12148335,1386,1392,,,,1710180004
12148336,1374,1166,,,,1710183413
12148337,3247,3853,,,,1710188427
12148369,2385,3157,990,,,1710180203
12148370,3122,2861,,,,1710180670
12148591,3546,2873,,,,1710340663
12148595,,,,,,
12148597,3864,2100,,,,1710339438
12148601,3140,3146,,,,1710252875
12148602,1680,2694,,,,1710251051
12148603,2446,2639,,,,1710262895
12148611,,,,,,
12148612,,,,,,
12148613,,,,,,
12148614,,,,,,
12148615,,,,,,
12148616,,,,,,
12148617,,,,,,
12148618,,,,,,
12148619,,,,,,
12148620,,,,,,
12148621,,,,,,
12148622,,,,,,
12148623,,,,,,
12148624,,,,,,
12148625,,,,,,
12148626,,,,,,
12148628,1616,2061,,,,1710178569
12148629,2501,2257,,,,1710184645
12148630,1895,454,,,,1710179029
12148631,2044,1509,,,,1710183443
12148632,2084,2625,,,,1710187898
12148633,2252,3680,2680,,,1710197436
12148634,2213,3123,,,,1710194871
12148635,1878,2081,,,,1710189702
12148636,2833,1025,,,,1710180088
12148637,2239,1858,,,,1710201151
12148638,3627,1964,1486,,,1710188338
12148639,2111,1751,2997,,,1710194875
12148923,2317,2013,1719,,,1710289286
12148924,,,,,,
12148925,1958,3291,3775,,,1710301031
12148928,2204,3408,,,,1710280596
12148929,2485,2634,2044,,,1710282053
12148931,2494,1747,2150,,,1710309805
12148953,2876,2896,834,,,1710202942
12148954,1968,2958,1011,,,1710201864
12148955,2900,3181,1314,,,1710202965
12148956,2479,1710,,,,1710206793
12148957,2490,5008,,,,1710220662
12148959,2476,2830,,,,1710213544
12148960,2493,3403,943,,,1710208384
12148961,2196,3564,,,,1710199241
12148962,1779,2336,,,,1710206399
12148964,2985,2741,,,,1710212488
12148966,3742,2240,,,,1710209086
12148967,2431,2864,,,,1710207316
12148968,4750,4680,,,,1710207944
12148969,2072,2224,,,,1710215669
12148970,1813,1972,,,,1710198568
12148971,2515,2560,,,,1710218684
12148972,2726,1831,,,,1710199931
12148973,2530,1948,,,,1710199452
12148976,2594,2663,930,,,1710206750
12148977,2302,3994,2318,,,1710215108
12148978,4380,3826,3967,,,1710220494
12148979,2763,2239,,,,1710207526
12148981,3040,2686,862,,,1710202514
12148983,2346,2253,,,,1710212974
12149448,1992,2947,61073,,,1710170186
12149481,1957,3066,82867,,,1710212050
12149483,2770,83534,4220,,,1710292895
12149484,3036,1640,,,,1710209672
12149486,1850,1555,,,,1710208407
12149488,64423,63276,1126,,,1710237561
12149578,,,,,,
12149579,,,,,,
12149580,,,,,,
12149620,,,,,,
12149621,5056,64993,1302,,,1710231409
12149653,,,,,,
12149654,,,,,,
12149655,2779,2347,,,,1710164286
12149665,2248,1600,,,,1710223302
12149666,1597,1816,,,,1710218274
12149667,1727,2133,,,,1710218492
12149668,1656,1896,,,,1710227687
12149669,2782,20951,1,,,1710245441
12149670,1698,1947,,,,1710223891
12149671,2273,3067,711,,,1710226423
12149672,3086,2758,2325,,,1710235726
12149673,1744,2444,,,,1710218094
12149674,2122,3651,,,,1710230296
12149675,2637,1849,,,,1710219397
12149680,2471,1750,,,,1710229348
12149694,,,,,,
12149703,2968,3270,,,,1710234573
12149704,,,,,,
12149705,,,,,,
12149714,3109,923,,,,1710225543
12149715,1398,1180,,,,1710224096
12149716,2612,3036,934,,,1710232746
12149717,2931,2053,,,,1710219526
12149718,2393,5531,1475,,,1710224588
12149719,2364,1902,,,,1710225008
12149720,2910,2079,,,,1710219636
12149721,3276,2005,,,,1710230539
12149722,2037,1232,,,,1710230094
12149723,2146,2461,,,,1710218746
12149724,2320,4216,2422,,,1710234647
12149766,2235,2915,,,,1710171640
12149767,1422,1469,,,,1710163991
12149808,3078,62642,,,,1710171019
12149809,2522,63895,,,,1710170361
12149893,,,,,,1710165232
12149910,4724,3368,934,,,1710242920
12149913,,,,,,
12149914,,,,,,
12149915,,,,,,
12149991,2493,3113,,,,1710170594
12149992,2347,2704,,,,1710169499
12149993,2044,1381,,,,1710175547
12150001,,,,,,
12150009,2407,2612,,,,1710222527
12150010,2305,2646,,,,1710228524
12150011,2910,3101,1134,,,1710229591
12150012,,,,,,1710220090
12150013,2081,3185,,,,1710222158
12150014,,,,,,
12150015,3964,2322,,,,1710236343
12150016,2637,2622,,,,1710234358
12150017,2022,2833,,,,1710228468
12150018,2544,1515,,,,1710226215
12150026,2263,2363,,,,1710231685
12150067,3396,1810,,,,1710171360
12150073,3398,2769,639,,,1710176054
12150171,,,,,,
12150180,,,,,,
12150182,1460,1438,,,,1710230424
12150183,2327,2017,1121,,,1710233301
12150185,2274,4051,1094,,,1710242397
12150187,2290,2118,,,,1710237728
12150188,3595,3039,,,,1710232532
12150191,2243,4043,,,,1710231176
12150193,2518,2553,,,,1710231759
12150196,2268,3632,,,,1710231321
12150199,2076,3116,,,,1710231521
12150200,2622,2533,,,,1710231573
12150206,5038,2831,,,,1710240040
12150230,,,,,,
12150295,2887,2467,,,,1710237469
12150296,2332,2275,,,,1710236786
12150297,2452,2661,,,,1710243062
12150298,2576,2833,4199,,,1710253469
12150299,,,,,,
12150300,1675,2565,,,,1710253095
12150307,,,,,,
12150322,,,,,,
12150537,3669,2654,,,,1710238603
12150539,2414,2590,,,,1710243978
12150540,,,,,,1710234559
12150543,,,,,,
12150544,2631,3342,,,,1710237194
12150545,2461,2872,,,,1710255996
12150546,2848,4372,,,,1710244831
12150549,2802,2188,,,,1710250544
12150551,1858,2040,,,,1710241878
12150552,2051,2691,547,,,1710244591
12150625,2778,2341,,,,1710239217
12150627,2124,2107,2587,,,1710256857
12150628,1343,2044,,,,1710248755
12150630,2878,4511,2278,,,1710243964
12150632,2272,3696,,,,1710264829
12150660,2481,3401,1008,,,1710183581
12150661,,,,,,
12150671,,,,,,
12150672,,,,,,
12150673,,,,,,
12150674,,,,,,
12150675,,,,,,
12150676,2716,3342,,,,1710244148
12150677,,,,,,
12150678,,,,,,
12150679,2033,2767,3851,,,1710253383
12150680,2113,2582,,,,1710249338
12150681,2557,3326,,,,1710242715
12150685,2116,3261,,,,1710255107
12150686,2233,1925,1668,,,1710256804
12150688,,,,,,
12150691,1774,4229,962,,,1710241399
12150692,2866,2428,,,,1710238375
12150693,2040,3281,,,,1710238415
12150694,1800,2197,,,,1710237823
12150699,2758,2460,,,,1710237397
12150701,3329,2034,,,,1710243922
12150705,1623,1589,,,,1710236223
12150708,3122,2428,,,,1710241740
12150729,4159,2583,,,,1710341192
12150730,1755,1894,,,,1710331684
12150731,3372,2591,,,,1710260679
12150732,2282,3105,2600,,,1710259229
12150733,2492,2488,3874,,,1710239852
12150745,,,,,,
12150746,,,,,,
12150747,,,,,,
12150748,,,,,,
12150749,,,,,,
12150750,,,,,,
12150751,,,,,,
12150752,,,,,,
12150753,,,,,,
12150755,,,,,,
12150756,1477,3203,,,,1710232458
12150760,3806,3797,,,,1710244486
12150762,2746,2510,,,,1710233453
12150764,2797,2067,,,,1710233709
12150771,3218,5013,,,,1710234282
12150772,2776,3142,1578,,,1710237361
12150775,,,,,,
12150776,3021,2300,,,,1710239804
12150777,,,,,,
12150778,,,,,,
12150779,,,,,,
12150781,,,,,,
12150782,1539,1348,,,,1710232540
12150783,,,,,,
12150785,2267,2890,787,,,1710234628
12150786,2205,2932,,,,1710231448
12150787,4325,2231,,,,1710233357
12150788,2007,1921,,,,1710231052
12150789,5041,2640,995,,,1710243143
12150790,2804,3095,,,,1710247439
12150791,1380,2021,,,,1710237753
12150792,3096,5522,1386,,,1710242714
12150869,2143,2870,844,,,1710236640
12150870,3920,2877,,,,1710242378
12150876,4378,3063,,,,1710236851
12150880,1967,2431,646,,,1710239958
12150883,1557,4210,959,,,1710239524
12150884,2508,3669,,,,1710236943
12150894,2473,2144,,,,1710237137
12150911,3743,3017,979,,,1710247816
12150912,1937,3590,,,,1710236351
12150913,1570,2913,,,,1710236353
12150914,2338,1702,425,,,1710238426
12150915,1892,2968,3262,,,1710254563
12150918,2487,2344,,,,1710243035
12150920,5156,3482,1066,,,1710243215
12150922,2588,2503,2594,,,1710251163
12150923,3312,2375,,,,1710237611
12150924,2066,2302,2857,,,1710251148
12150932,2162,3671,747,,,1710236768
12150933,3642,2895,,,,1710241175
12150934,2887,2613,,,,1710234041
12150935,2122,2820,1050,,,1710236111
12150936,2037,2352,1030,,,1710235416
12150937,1894,2550,1017,,,1710242037
12150938,1776,1439,,,,1710239589
12150939,2440,2332,,,,1710240788
12150973,1975,1960,,,,1710242763
12150996,2770,2390,,,,1710248164
12151055,,,,,,
12151056,,,,,,
12151057,,,,,,
12151058,,,,,,
12151060,,,,,,
12151061,2487,1928,,,,1710249785
12151062,2955,1727,2687,,,1710241815
12151065,3154,2081,,,,1710251873
12151066,2696,2583,,,,1710253857
12151069,,,,,,
12151070,,,,,,
12151072,3945,2816,2076,,,1710253773
12151073,,,,,,1710245181
12151074,,,,,,
12151076,4039,4940,,,,1710240613
12151077,2114,3187,,,,1710242191
12151078,5612,5029,,,,1710241395
12151093,2807,2518,,,,1710243112
12151094,3360,2079,,,,1710254671
12151114,2247,2523,,,,1710339763
12151116,2391,2388,,,,1710248293
12151117,2286,1957,941,,,1710248770
12151164,2070,1659,3218,,,1710248707
12151165,3491,3154,2398,,,1710259195
12151166,3205,2293,3489,,,1710272530
12151168,3082,2265,2519,,,1710252988
12151169,2835,2857,2444,,,1710244362
12151172,2656,3496,,,,1710240753
12151173,1771,2635,,,,1710258247
12151261,2584,4240,,,,1710253566
12151263,2774,3835,,,,1710278267
12151264,3137,3492,,,,1710265611
12151266,3236,1965,3525,,,1710289722
12151267,2095,1342,,,,1710272200
12151291,2411,3541,5208,,,1710254101
12151293,2618,2469,2302,,,1710244812
12151294,3714,2991,,,,1710243900
12151299,2361,3713,,,,1710242294
12151301,,,,,,
12151302,2785,2852,,,,1710242896
12151303,2193,5656,,,,1710248976
12151307,3959,1758,,,,1710264478
12151311,2451,3039,4372,,,1710255095
12151312,2383,1923,,,,1710257359
12151330,3151,2934,,,,1710339178
12151359,3280,3346,,,,1710259910
12151360,1763,1638,,,,1710254354
12151361,2422,3878,770,,,1710259146
12151362,1954,3464,,,,1710270375
12151363,1450,1468,,,,1710277671
12151364,2840,2509,,,,1710272673
12151365,2356,2964,,,,1710272709
12151368,2683,3466,1142,,,1710267910
12151370,1700,5234,1755,,,1710259457
12151426,,,,,,
12151471,,,,,,
12151472,,,,,,
12151473,,,,,,
12151474,,,,,,
12151475,,,,,,
12151476,,,,,,
12151477,4722,3641,,,,1710270247
12151483,2537,2709,,,,1710265667
12151484,,,,,,
12151486,,,,,,
12151510,2627,2470,,,,1710267093
12151524,2686,5729,,,,1710243543
12151525,2545,1561,,,,1710242379
12151526,1854,3877,,,,1710258680
12151527,7145,4813,11308,,,1710244754
12151528,2057,3317,2097,,,1710238101
12151530,2204,2304,3702,,,1710237491
12151531,3301,2105,2212,,,1710254225
12151532,1736,3827,,,,1710234687
12151573,,,,,,
12151606,1698,3170,2925,,,1710342617
12151618,2637,2586,,,,1710340075
12151619,2978,3007,,,,1710340193
12151690,2828,2630,,,,1710339794
12151705,5153,,,,,1710260562
12151706,,,,,,
12151707,2238,2317,,,,1710250945
12151717,4703,3227,,,,1710253712
12151718,3032,2631,1037,,,1710255396
12151719,3683,2047,989,,,1710254697
12151720,3545,2408,1009,,,1710255019
12151721,2141,1882,,,,1710258727
12151723,2933,4291,,,,1710260762
12151724,3579,3570,819,,,1710256782
12151725,2336,1764,,,,1710252191
12151726,2675,3429,,,,1710260631
12151729,3706,1686,,,,1710268157
12151730,2451,2997,,,,1710256748
12151731,3711,2731,2793,,,1710267614
12151734,1240,1778,,,,1710258152
12151736,3841,4105,,,,1710264843
12151738,2885,4506,4108,,,1710265865
12151739,2247,2131,663,,,1710253902
12151826,1495,1855,,,,1710261953
12151827,1776,2012,,,,1710265585
12151938,2671,2463,2094,,,1710265137
12151939,4051,2226,,,,1710266069
12151940,2382,3166,906,,,1710268788
12151941,2562,2973,,,,1710265884
12151942,3144,2091,3022,,,1710268560
12151943,1807,2711,,,,1710272707
12152000,3441,2469,,,,1710273318
12152176,2182,3116,3399,,,1710257758
12152179,1813,2238,2574,,,1710256748
12152182,4877,2777,,,,1710274164
12152185,1953,2002,,,,1710264278
12152263,2618,2640,2374,,,1710321499
12152265,3213,2396,,,,1710319162
12152268,1239,1159,,,,1710316714
12152271,2365,2255,,,,1710311910
12152272,2154,,,,,1710305181
12152274,1866,2563,,,,1710327480
12152275,1707,1820,,,,1710304948
12152276,2222,,,,,1710320742
12152282,2281,3092,,,,1710310130
12152295,1573,3037,,,,1710322432
12152299,2494,2091,,,,1710323371
12152301,2131,3949,3067,,,1710336869
12152302,1834,1589,,,,1710328018
12152304,2839,2410,,,,1710329195
12152306,1394,1418,,,,1710316541
12152308,1131,2638,2067,,,1710313887
12152309,2647,1160,2230,,,1710307167
12152315,4432,1944,2837,,,1710345436
12152326,2478,3224,,,,1710334484
12152327,2811,2519,,,,1710335452
12152328,3097,2508,,,,1710329309
12152330,1485,3239,,,,1710327906
12152331,3154,2163,3333,,,1710296097
12152333,3363,3197,1812,,,1710289660
12152335,3534,2149,,,,1710335980
12152336,2925,2292,,,,1710296899
12152337,2001,3241,,,,1710328725
12152338,2655,2341,,,,1710335747
12152339,3360,4093,6276,,,1710334641
12152340,2313,3557,,,,1710285492
12152343,2735,3731,4057,,,1710321089
12152344,1345,2354,2598,,,1710331991
12152346,2995,3106,3184,,,1710342596
12152347,2503,2154,,,,1710329408
12152348,4233,2592,2291,,,1710330051
12152350,1451,1962,,,,1710315553
12152351,4161,3267,,,,1710334407
12152352,3581,3006,3935,,,1710336284
12152353,1359,1562,,,,1710332093
12152355,2102,2374,,,,1710325431
12152357,2187,4429,,,,1710330260
12152386,1974,2673,,,,1710268966
12152387,2355,1817,,,,1710274843
12152388,2467,3135,,,,1710277563
12152389,2126,2602,,,,1710268906
12152390,5051,3023,,,,1710272548
12152391,2205,2331,,,,1710278627
12152392,2417,3462,1130,,,1710273214
12152396,2166,2615,,,,1710274643
12152398,2320,2052,2460,,,1710282167
12152399,3090,1943,,,,1710295665
12152400,2647,2578,2915,,,1710283548
12152401,2839,2752,,,,1710284148
12152403,4400,4420,2124,,,1710332142
12152404,4338,2956,,,,1710321836
12152410,2259,3702,,,,1710319448
12152411,2511,2234,,,,1710320089
12152413,3317,2528,2258,,,1710337611
12152414,1922,2755,1653,,,1710337925
12152415,2084,1508,,,,1710290677
12152416,1620,3189,,,,1710327384
12152417,2333,3546,3098,,,1710314279
12152418,3315,2305,1775,,,1710300793
12152419,2057,2790,,,,1710309869
12152420,1760,4004,2456,,,1710299399
12152421,3301,4573,2988,,,1710291952
12152432,2521,2266,,,,1710275031
12152446,2769,3197,2145,,,1710303784
12152447,1307,1493,,,,1710299246
12152448,2536,4706,4900,,,1710303206
12152449,4609,2292,2655,,,1710308358
12152450,2299,2107,,,,1710308972
12152451,1667,2734,,,,1710303345
12152452,1919,3738,,,,1710310851
12152453,1789,2425,,,,1710313643
12152454,2882,2052,,,,1710295082
12152455,1354,4643,2068,,,1710298529
12152456,2885,3989,1890,,,1710316604
12152457,2974,2518,,,,1710315315
12152459,2631,2768,2369,,,1710288577
12152460,2407,3504,,,,1710307121
12152461,2161,3324,2528,,,1710301236
12152462,2692,3611,2751,,,1710298530
12152463,2937,3374,4137,,,1710289880
12152464,2270,2417,,,,1710293092
12152494,1531,2352,,,,1710290092
12152495,1824,2049,,,,1710304408
12152496,2330,1980,2069,,,1710305029
12152497,2239,1779,,,,1710285487
12152498,1829,1472,,,,1710303154
12152499,1440,1944,,,,1710285524
12152500,2605,1904,1884,,,1710288235
12152501,1716,2897,,,,1710304250
12152507,1949,2143,2356,,,1710321718
12152512,2668,1837,,,,1710332826
12152513,1660,2109,,,,1710319273
12152515,1745,2844,2277,,,1710313393
12152516,2878,4758,,,,1710330915
12152517,2483,2880,,,,1710323290
12152518,3552,2254,,,,1710326473
12152519,2811,3450,2271,,,1710332168
12152520,2528,2928,,,,1710319195
12152521,2580,2234,,,,1710329818
12152522,2663,1637,,,,1710325201
12152525,1896,2096,,,,1710319561
12152529,1702,4898,,,,1710322696
12152530,,,,,,1710306581
12152531,,,,,,1710337027
12152532,3121,2497,,,,1710335624
12152533,1175,1643,,,,1710313610
12152535,1627,2762,,,,1710329945
12152536,3268,1846,,,,1710309993
12152538,1960,1481,,,,1710311601
12152539,1714,2405,,,,1710322923
12152540,2740,1697,,,,1710309651
12152542,2878,2050,,,,1710328857
12152543,2140,,,,,1710308731
12152545,1559,1619,,,,1710333294
12152546,2944,2016,,,,1710330926
12152548,3417,2529,2507,,,1710332589
12152550,2376,672,,,,1710337393
12152552,2790,3339,,,,1710329647
12152553,2553,3251,,,,1710321948
12152554,2702,2618,,,,1710334733
12152555,1949,2363,4500,,,1710324048
12152557,3191,1774,,,,1710322373
12152560,4028,3561,,,,1710324548
12152563,3139,2121,,,,1710324105
12152564,2760,3522,,,,1710322819
12152565,5231,1773,5020,,,1710347478
12152566,,,,,,
12152567,2511,2158,2459,,,1710327867
12152569,1642,2713,3613,,,1710323674
12152570,1174,1958,,,,1710337268
12152571,2379,3141,,,,1710323496
12152572,3488,3378,2185,,,1710335323
12152573,1984,3451,,,,1710339400
12152574,3727,1400,4702,,,1710332251
12152575,2850,3011,,,,1710331721
12152576,2811,2949,,,,1710339381
12152578,,,,,,1710334411
12152579,1729,1471,,,,1710320932
12152583,2766,1812,,,,1710325976
12152585,3515,2147,3383,,,1710324818
12152587,2525,2698,,,,1710337953
12152588,1888,2766,,,,1710315646
12152590,3123,2231,,,,1710316734
12152591,1581,3331,,,,1710337500
12152593,2767,1888,,,,1710316610
12152594,1553,1715,,,,1710325956
12152596,3226,2553,,,,1710316900
12152597,2685,1411,,,,1710327278
12152599,3530,2318,,,,1710317410
12152600,2871,1693,,,,1710331541
12152601,3925,4836,,,,1710335899
12152602,2381,1826,,,,1710325616
12152603,2218,3468,5044,,,1710330181
12152604,2251,1954,,,,1710332923
12152606,3554,3893,,,,1710332697
12152607,2469,2500,,,,1710339433
12152608,3352,3839,,,,1710340640
12152610,2633,3745,,,,1710332417
12152615,2351,3257,2480,,,1710331923
12152616,1543,2679,,,,1710328852
12152619,2996,3948,4437,,,1710340610
12152620,1671,2646,3670,,,1710338350
12152621,2425,2019,2399,,,1710330584
12152630,2157,2596,,,,1710326656
12152633,2187,3154,,,,1710332422
12152635,2044,4067,,,,1710322476
12152637,2351,2113,2774,,,1710341175
12152639,2662,2196,4492,,,1710323976
12152640,2910,3370,2348,,,1710330981
12152641,2854,2594,,,,1710329731
12152642,2152,4132,,,,1710316515
12152643,2465,2668,3103,,,1710326121
12152644,2593,3118,,,,1710324656
12152645,1658,1464,,,,1710336885
12152646,2472,2975,,,,1710316762
12152648,2024,2137,,,,1710329108
12152649,3108,2731,,,,1710320776
12152650,1612,3170,,,,1710328044
12152953,,,,,,
12152954,,,,,,
12152955,,,,,,
12152956,,,,,,
12152957,,,,,,
12152958,,,,,,
12152959,,,,,,
12152960,,,,,,
12153237,1891,3156,1003,,,1710243507
12153288,2780,2092,,,,1710244075
12153356,1412,3184,2981,,,1710320010
12153357,3186,2842,,,,1710306166
12153358,3577,4038,,,,1710320877
12153359,3096,2023,,,,1710322948
12153360,2126,3641,,,,1710305176
12153361,3268,,,,,1710313294
12153585,,,,,,
12153630,1537,2773,,,,1710308628
12153631,1794,1343,,,,1710304937
12153632,1760,1997,2213,,,1710306991
12153633,2105,1648,,,,1710312897
12153634,1826,2445,,,,1710312423
12153635,2362,3893,3574,,,1710314082
12153636,2745,2967,,,,1710306070
12153855,4462,4188,,,,1710325769
12153856,1856,2367,,,,1710332747
12153857,,,,,,1710335834
12153858,2243,3471,4965,,,1710326781
12153861,2462,2578,,,,1710336028
12153866,2461,3778,3403,,,1710330350
12153867,1960,2465,,,,1710319861
12153870,3264,2163,2449,,,1710334803
12153871,1679,2405,,,,1710335969
12153872,3596,2254,2239,,,1710344010
12153883,2167,2526,,,,1710315465
12153884,3467,2299,,,,1710333039
12153885,2000,2550,,,,1710322561
12153886,2970,3379,,,,1710333610
12153891,1626,1876,,,,1710320349
12153892,2848,1869,2939,,,1710318620
12153893,3190,2840,,,,1710331747
12153894,2961,1726,,,,1710339100
12153895,2254,2180,,,,1710316138
12153896,3956,2840,2159,,,1710333402
12153897,1510,2012,,,,1710327670
12153898,2599,2232,,,,1710333931
12153899,2266,2788,2962,,,1710330257
12153900,2242,1643,,,,1710338252
12153901,1862,2650,2973,,,1710338925
12153902,3791,4217,,,,1710330995
12153909,,,,,,
12153914,,,,,,
12154110,3111,3235,,,,1710316348
12154111,2497,1619,2899,,,1710324190
12154112,2267,1473,,,,1710318436
12154113,3780,3615,,,,1710324143
12154114,2610,1807,,,,1710323537
12154115,1525,3367,2405,,,1710317108
12154116,2537,2358,,,,1710316553
12154118,2779,2483,1825,,,1710333696
12154119,2673,3410,4293,,,1710314818
12154121,1517,2209,,,,1710309763
12154123,4162,4170,,,,1710327339
12154124,2704,581,,,,1710310874
12154125,3688,2502,,,,1710336001
12154126,2757,2828,2814,,,1710332337
12154127,1686,1438,,,,1710314634
12154128,2871,2972,,,,1710322941
12154150,1826,2396,,,,1710320121
12154152,2320,3072,5674,,,1710319959
12154153,2881,2638,3804,,,1710339419
12154154,3017,1718,,,,1710317441
12154155,3154,2061,,,,1710325349
12154156,4513,2066,3738,,,1710320521
12154157,3537,4403,,,,1710322927
12154209,1760,1731,,,,1710319141
12154210,3782,3795,3270,,,1710341974
12154211,3767,1854,,,,1710331044
12154212,2062,2219,,,,1710323936
12154213,1829,3620,,,,1710330510
12154214,3498,2607,,,,1710324606
12154215,1888,2611,,,,1710323407
12154216,3671,3304,,,,1710340565
12154217,2091,2186,,,,1710323088
12154218,3315,2777,,,,1710333368
12154219,3792,2068,2472,,,1710323444
12154220,4121,2208,,,,1710325405
12154224,1752,2301,,,,1710333170
12154225,3278,3458,3018,,,1710339989
12154226,2725,1345,,,,1710328014
12154227,4724,3732,2295,,,1710341664
12154228,4212,3674,2233,,,1710342595
12154229,2286,2013,2673,,,1710322223
12154230,1721,2584,,,,1710326046
12154231,1719,3191,,,,1710317495
12154232,2436,2146,,,,1710318195
12154233,1469,2126,,,,1710330988
12154234,,,,,,1710317588
12154236,2488,2893,,,,1710329449
12154237,3106,2752,,,,1710336348
12154238,3742,2921,2155,,,1710336308
12154239,3544,2382,,,,1710337346
12154240,5170,2586,,,,1710320796
12154242,2573,3389,,,,1710329739
12154243,2146,3941,3361,,,1710339799
12154245,2546,4265,3821,,,1710322602
12154258,1872,2113,1933,,,1710336641
12154259,3544,2196,,,,1710328009
12154260,4505,3422,,,,1710322091
12154269,2696,3806,1544,,,1710266920
12154275,1137,2171,,,,1710322063
12154276,3277,3083,,,,1710329872
12154279,1638,2435,,,,1710322909
12154281,1907,3503,,,,1710322847
12154283,4010,3332,4413,,,1710341755
12154325,2145,2632,,,,1710323135
12154326,2304,1006,,,,1710336267
12154327,3274,1346,,,,1710341554
12154329,2798,2418,,,,1710323599
12154330,3227,2483,,,,1710331731
12154331,2045,2052,,,,1710328640
12154333,2901,2475,3411,,,1710343892
12154433,,,,,,1710338272
12154435,2805,2093,2918,,,1710332629
12154439,4144,1571,,,,1710331977
12154442,1816,1671,,,,1710323603
12154443,3047,2236,3413,,,1710342863
12154453,4699,1897,,,,1710325928
12154638,1567,2757,,,,1710339106
12155031,3712,1565,,,,1710342742
12155034,1525,3454,,,,1710340372
12155076,1865,1812,,,,1710333644
12155077,5687,2562,2871,,,1710340308
12155078,1815,1904,,,,1710338179
12155079,1985,2008,,,,1710334309
12156759,3566,3321,3276,,,1710337133
12157451,2496,3462,3901,,,1710342353
12110005,2499,2318,,,,1710366176
12110006,1955,4025,2114,,,1710384635
12110009,4081,1835,,,,1710296320
12110011,2220,2371,,,,1710368798
12110013,1923,2730,,,,1710268955
12110014,4025,2692,3323,,,1710287197
12110015,2476,2065,,,,1710277045
12110016,1973,4143,2763,,,1710359640
12110035,2279,2303,2385,,,1710357819
12110038,1486,2489,,,,1710362746
12110039,2791,3513,2711,,,1710385283
12110045,2529,2509,2814,,,1710374926
12110051,2878,1876,,,,1710277029
12110053,2644,1601,2190,,,1710271095
12110056,3285,2096,,,,1710295408
12110058,1728,2535,,,,1710301172
12131502,2565,2052,2135,,,1710336064
12131505,2880,2463,,,,1710427183
12131506,2106,2902,2349,,,1710334771
12131508,1712,3762,1861,,,1710415016
12131512,2141,2046,,,,1710324784
12131513,1812,1666,,,,1710346316
12131516,3232,2681,,,,1710420778
12131570,2650,3489,,,,1710413602
12131573,2674,2127,2494,,,1710349258
12131574,2487,2707,2709,,,1710423213
12131575,4093,3028,6382,,,1710337420
12131576,1807,2976,,,,1710326178
12131578,2506,4277,,,,1710331884
12131581,3103,3148,,,,1710420935
12131582,3072,2569,,,,1710414240
12131611,1999,2937,2876,,,1710344134
12131612,4984,3384,,,,1710372727
12131613,1774,3798,,,,1710362083
12131614,2843,2382,3920,,,1710353386
12131636,1906,4617,2064,,,1710356480
12131638,3757,3086,4029,,,1710345610
12131639,2001,1975,,,,1710341014
12131640,3024,2870,,,,1710353516
12131641,1245,1957,,,,1710351086
12131642,2764,2686,,,,1710346544
12131645,2260,2512,,,,1710341194
12131647,1740,2713,,,,1710346326
12145469,3100,2113,,,,1710259726
12145470,2360,2325,2943,,,1710327491
12145471,2069,3077,,,,1710341082
12145475,1712,2891,,,,1710248803
12145476,2192,3591,,,,1710340042
12145477,,,,,,
12145487,3338,1958,1830,,,1710254432
12145492,1138,2727,,,,1710265228
12145493,1954,1775,,,,1710261160
12145494,2714,3153,3064,,,1710273635
12145497,2475,4522,3308,,,1710257916
12145498,2303,3938,,,,1710262539
12145499,2690,3092,2442,,,1710256682
12145500,2197,2277,,,,1710271457
12145501,2342,3049,,,,1710280162
12147928,,,,,,
12147951,2943,3146,,,,1710270990
12147954,1986,2631,,,,1710258749
12147955,2039,1748,,,,1710254261
12147957,2471,1907,,,,1710269506
12148591,3546,2873,,,,1710340663
12148592,1812,2707,,,,1710354730
12148593,1207,1981,,,,1710354915
12148595,,,,,,
12148596,2699,2578,3356,,,1710348160
12148597,3864,2100,,,,1710339438
12148598,1991,2851,,,,1710348987
12148599,3769,3133,3279,,,1710350732
12148600,,,,,,1710344283
12148601,3140,3146,,,,1710252875
12148602,1680,2694,,,,1710251051
12148603,2446,2639,,,,1710262895
12148604,2709,2256,,,,1710360926
12148923,2317,2013,1719,,,1710289286
12148924,,,,,,
12148925,1958,3291,3775,,,1710301031
12148926,4025,2049,,,,1710368496
12148927,1573,2045,,,,1710358347
12148928,2204,3408,,,,1710280596
12148929,2485,2634,2044,,,1710282053
12148930,1742,2450,,,,1710355058
12148931,2494,1747,2150,,,1710309805
12148932,2124,2302,,,,1710356658
12148933,2785,4022,,,,1710385114
12149481,1957,3066,82867,,,1710212050
12149483,2770,83534,4220,,,1710292895
12150298,2576,2833,4199,,,1710253469
12150299,,,,,,
12150300,1675,2565,,,,1710253095
12150307,,,,,,
12150545,2461,2872,,,,1710255996
12150549,2802,2188,,,,1710250544
12150627,2124,2107,2587,,,1710256857
12150628,1343,2044,,,,1710248755
12150632,2272,3696,,,,1710264829
12150679,2033,2767,3851,,,1710253383
12150680,2113,2582,,,,1710249338
12150685,2116,3261,,,,1710255107
12150686,2233,1925,1668,,,1710256804
12150729,4159,2583,,,,1710341192
12150730,1755,1894,,,,1710331684
12150731,3372,2591,,,,1710260679
12150732,2282,3105,2600,,,1710259229
12150915,1892,2968,3262,,,1710254563
12150922,2588,2503,2594,,,1710251163
12150924,2066,2302,2857,,,1710251148
12150996,2770,2390,,,,1710248164
12151072,3945,2816,2076,,,1710253773
12151094,3360,2079,,,,1710254671
12151114,2247,2523,,,,1710339763
12151116,2391,2388,,,,1710248293
12151164,2070,1659,3218,,,1710248707
12151165,3491,3154,2398,,,1710259195
12151166,3205,2293,3489,,,1710272530
12151168,3082,2265,2519,,,1710252988
12151173,1771,2635,,,,1710258247
12151261,2584,4240,,,,1710253566
12151263,2774,3835,,,,1710278267
12151264,3137,3492,,,,1710265611
12151266,3236,1965,3525,,,1710289722
12151267,2095,1342,,,,1710272200
12151291,2411,3541,5208,,,1710254101
12151301,,,,,,
12151303,2193,5656,,,,1710248976
12151307,3959,1758,,,,1710264478
12151311,2451,3039,4372,,,1710255095
12151312,2383,1923,,,,1710257359
12151328,4762,3662,3245,,,1710363730
12151329,1880,2824,2370,,,1710357099
12151330,3151,2934,,,,1710339178
12151344,2625,2625,,,,1710356458
12151359,3280,3346,,,,1710259910
12151360,1763,1638,,,,1710254354
12151361,2422,3878,770,,,1710259146
12151362,1954,3464,,,,1710270375
12151363,1450,1468,,,,1710277671
12151364,2840,2509,,,,1710272673
12151365,2356,2964,,,,1710272709
12151368,2683,3466,1142,,,1710267910
12151370,1700,5234,1755,,,1710259457
12151426,,,,,,
12151477,4722,3641,,,,1710270247
12151483,2537,2709,,,,1710265667
12151510,2627,2470,,,,1710267093
12151526,1854,3877,,,,1710258680
12151570,2640,78770,77023,,,1710369791
12151571,6887,1152,,,,1710358148
12151572,4026,77764,,,,1710366009
12151573,,,,,,
12151574,,,,,,
12151575,,,,,,
12151576,,,,,,
12151577,1990,2712,,,,1710356392
12151578,2659,4573,2824,,,1710359361
12151606,1698,3170,2925,,,1710342617
12151607,3702,4023,2130,,,1710352271
12151618,2637,2586,,,,1710340075
12151619,2978,3007,,,,1710340193
12151690,2828,2630,,,,1710339794
12151705,5153,,,,,1710260562
12151706,,,,,,
12151707,2238,2317,,,,1710250945
12151717,4703,3227,,,,1710253712
12151718,3032,2631,1037,,,1710255396
12151719,3683,2047,989,,,1710254697
12151720,3545,2408,1009,,,1710255019
12151721,2141,1882,,,,1710258727
12151723,2933,4291,,,,1710260762
12151724,3579,3570,819,,,1710256782
12151725,2336,1764,,,,1710252191
12151726,2675,3429,,,,1710260631
12151729,3706,1686,,,,1710268157
12151730,2451,2997,,,,1710256748
12151731,3711,2731,2793,,,1710267614
12151734,1240,1778,,,,1710258152
12151736,3841,4105,,,,1710264843
12151738,2885,4506,4108,,,1710265865
12151739,2247,2131,663,,,1710253902
12151803,4239,3751,,,,1710353234
12151826,1495,1855,,,,1710261953
12151827,1776,2012,,,,1710265585
12151938,2671,2463,2094,,,1710265137
12151939,4051,2226,,,,1710266069
12151940,2382,3166,906,,,1710268788
12151941,2562,2973,,,,1710265884
12151942,3144,2091,3022,,,1710268560
12151943,1807,2711,,,,1710272707
12151951,2352,3668,,,,1710349613
12152000,3441,2469,,,,1710273318
12152176,2182,3116,3399,,,1710257758
12152179,1813,2238,2574,,,1710256748
12152182,4877,2777,,,,1710274164
12152185,1953,2002,,,,1710264278
12152262,2319,2700,,,,1710391644
12152263,2618,2640,2374,,,1710321499
12152265,3213,2396,,,,1710319162
12152268,1239,1159,,,,1710316714
12152271,2365,2255,,,,1710311910
12152272,2154,,,,,1710305181
12152273,1741,2966,,,,1710357914
12152274,1866,2563,,,,1710327480
12152275,1707,1820,,,,1710304948
12152276,2222,,,,,1710320742
12152277,3521,2344,,,,1710392839
12152278,2885,2287,,,,1710363356
12152279,2201,78894,,,,1710365197
12152282,2281,3092,,,,1710310130
12152290,2569,3202,,,,1710348183
12152294,3258,2651,,,,1710342149
12152295,1573,3037,,,,1710322432
12152296,2376,3729,2238,,,1710345411
12152298,1853,1733,,,,1710350199
12152299,2494,2091,,,,1710323371
12152300,2061,3092,3513,,,1710354611
12152301,2131,3949,3067,,,1710336869
12152302,1834,1589,,,,1710328018
12152304,2839,2410,,,,1710329195
12152306,1394,1418,,,,1710316541
12152308,1131,2638,2067,,,1710313887
12152309,2647,1160,2230,,,1710307167
12152310,3020,2387,1724,,,1710346453
12152315,4432,1944,2837,,,1710345436
12152318,2282,2671,3548,,,1710354173
12152319,2311,2783,,,,1710359286
12152320,2935,1744,4834,,,1710368824
12152321,1851,1788,,,,1710356140
12152326,2478,3224,,,,1710334484
12152327,2811,2519,,,,1710335452
12152328,3097,2508,,,,1710329309
12152330,1485,3239,,,,1710327906
12152331,3154,2163,3333,,,1710296097
12152333,3363,3197,1812,,,1710289660
12152334,1945,2490,2237,,,1710387184
12152335,3534,2149,,,,1710335980
12152336,2925,2292,,,,1710296899
12152337,2001,3241,,,,1710328725
12152338,2655,2341,,,,1710335747
12152339,3360,4093,6276,,,1710334641
12152340,2313,3557,,,,1710285492
12152343,2735,3731,4057,,,1710321089
12152344,1345,2354,2598,,,1710331991
12152346,2995,3106,3184,,,1710342596
12152347,2503,2154,,,,1710329408
12152348,4233,2592,2291,,,1710330051
12152350,1451,1962,,,,1710315553
12152351,4161,3267,,,,1710334407
12152352,3581,3006,3935,,,1710336284
12152353,1359,1562,,,,1710332093
12152355,2102,2374,,,,1710325431
12152357,2187,4429,,,,1710330260
12152386,1974,2673,,,,1710268966
12152387,2355,1817,,,,1710274843
12152388,2467,3135,,,,1710277563
12152389,2126,2602,,,,1710268906
12152390,5051,3023,,,,1710272548
12152391,2205,2331,,,,1710278627
12152392,2417,3462,1130,,,1710273214
12152396,2166,2615,,,,1710274643
12152398,2320,2052,2460,,,1710282167
12152399,3090,1943,,,,1710295665
12152400,2647,2578,2915,,,1710283548
12152401,2839,2752,,,,1710284148
12152402,3824,3511,,,,1710343024
12152403,4400,4420,2124,,,1710332142
12152404,4338,2956,,,,1710321836
12152409,1707,3206,,,,1710343391
12152410,2259,3702,,,,1710319448
12152411,2511,2234,,,,1710320089
12152412,2106,1865,2230,,,1710343067
12152413,3317,2528,2258,,,1710337611
12152414,1922,2755,1653,,,1710337925
12152415,2084,1508,,,,1710290677
12152416,1620,3189,,,,1710327384
12152417,2333,3546,3098,,,1710314279
12152418,3315,2305,1775,,,1710300793
12152419,2057,2790,,,,1710309869
12152420,1760,4004,2456,,,1710299399
12152421,3301,4573,2988,,,1710291952
12152422,1909,2605,3303,,,1710359612
12152423,2334,3453,1661,,,1710360576
12152424,2225,2614,,,,1710351714
12152425,3206,2778,,,,1710362060
12152428,,,,,,1710358484
12152429,4149,2802,2683,,,1710364277
12152430,3982,2045,4268,,,1710348790
12152432,2521,2266,,,,1710275031
12152446,2769,3197,2145,,,1710303784
12152447,1307,1493,,,,1710299246
12152448,2536,4706,4900,,,1710303206
12152449,4609,2292,2655,,,1710308358
12152450,2299,2107,,,,1710308972
12152451,1667,2734,,,,1710303345
12152452,1919,3738,,,,1710310851
12152453,1789,2425,,,,1710313643
12152454,2882,2052,,,,1710295082
12152455,1354,4643,2068,,,1710298529
12152456,2885,3989,1890,,,1710316604
12152457,2974,2518,,,,1710315315
12152459,2631,2768,2369,,,1710288577
12152460,2407,3504,,,,1710307121
12152461,2161,3324,2528,,,1710301236
12152462,2692,3611,2751,,,1710298530
12152463,2937,3374,4137,,,1710289880
12152464,2270,2417,,,,1710293092
12152494,1531,2352,,,,1710290092
12152495,1824,2049,,,,1710304408
12152496,2330,1980,2069,,,1710305029
12152497,2239,1779,,,,1710285487
12152498,1829,1472,,,,1710303154
12152499,1440,1944,,,,1710285524
12152500,2605,1904,1884,,,1710288235
12152501,1716,2897,,,,1710304250
12152507,1949,2143,2356,,,1710321718
12152512,2668,1837,,,,1710332826
12152513,1660,2109,,,,1710319273
12152515,1745,2844,2277,,,1710313393
12152516,2878,4758,,,,1710330915
12152517,2483,2880,,,,1710323290
12152518,3552,2254,,,,1710326473
12152519,2811,3450,2271,,,1710332168
12152520,2528,2928,,,,1710319195
12152521,2580,2234,,,,1710329818
12152522,2663,1637,,,,1710325201
12152523,2936,3063,3180,,,1710409142
12152524,3912,2544,,,,1710411828
12152525,1896,2096,,,,1710319561
12152526,2118,2921,,,,1710412969
12152529,1702,4898,,,,1710322696
12152530,,,,,,1710306581
12152531,,,,,,1710337027
12152532,3121,2497,,,,1710335624
12152533,1175,1643,,,,1710313610
12152535,1627,2762,,,,1710329945
12152536,3268,1846,,,,1710309993
12152537,1806,4387,,,,1710340923
12152538,1960,1481,,,,1710311601
12152539,1714,2405,,,,1710322923
12152540,2740,1697,,,,1710309651
12152541,2545,2030,,,,1710349055
12152542,2878,2050,,,,1710328857
12152543,2140,,,,,1710308731
12152545,1559,1619,,,,1710333294
12152546,2944,2016,,,,1710330926
12152548,3417,2529,2507,,,1710332589
12152549,1773,2282,,,,1710404558
12152550,2376,672,,,,1710337393
12152552,2790,3339,,,,1710329647
12152553,2553,3251,,,,1710321948
12152554,2702,2618,,,,1710334733
12152555,1949,2363,4500,,,1710324048
12152556,2222,1997,,,,1710349682
12152557,3191,1774,,,,1710322373
12152559,2877,2302,,,,1710342411
12152560,4028,3561,,,,1710324548
12152562,3524,1985,1930,,,1710422012
12152563,3139,2121,,,,1710324105
12152564,2760,3522,,,,1710322819
12152565,5231,1773,5020,,,1710347478
12152566,,,,,,
12152567,2511,2158,2459,,,1710327867
12152568,3002,4213,8434,,,1710348893
12152569,1642,2713,3613,,,1710323674
12152570,1174,1958,,,,1710337268
12152571,2379,3141,,,,1710323496
12152572,3488,3378,2185,,,1710335323
12152573,1984,3451,,,,1710339400
12152574,3727,1400,4702,,,1710332251
12152575,2850,3011,,,,1710331721
12152576,2811,2949,,,,1710339381
12152578,,,,,,1710334411
12152579,1729,1471,,,,1710320932
12152581,2104,1959,,,,1710350234
12152583,2766,1812,,,,1710325976
12152584,1525,1209,,,,1710407305
12152585,3515,2147,3383,,,1710324818
12152587,2525,2698,,,,1710337953
12152588,1888,2766,,,,1710315646
12152589,3356,3084,,,,1710410371
12152590,3123,2231,,,,1710316734
12152591,1581,3331,,,,1710337500
12152592,2545,3096,,,,1710366645
12152593,2767,1888,,,,1710316610
12152594,1553,1715,,,,1710325956
12152595,2575,2641,,,,1710351472
12152596,3226,2553,,,,1710316900
12152597,2685,1411,,,,1710327278
12152598,1662,3784,,,,1710354143
12152599,3530,2318,,,,1710317410
12152600,2871,1693,,,,1710331541
12152601,3925,4836,,,,1710335899
12152602,2381,1826,,,,1710325616
12152603,2218,3468,5044,,,1710330181
12152604,2251,1954,,,,1710332923
12152605,3606,3023,,,,1710348229
12152606,3554,3893,,,,1710332697
12152607,2469,2500,,,,1710339433
12152608,3352,3839,,,,1710340640
12152610,2633,3745,,,,1710332417
12152612,3220,3931,,,,1710407263
12152614,1933,1969,3450,,,1710346740
12152615,2351,3257,2480,,,1710331923
12152616,1543,2679,,,,1710328852
12152617,2419,2976,4087,,,1710350243
12152619,2996,3948,4437,,,1710340610
12152620,1671,2646,3670,,,1710338350
12152621,2425,2019,2399,,,1710330584
12152624,2258,2607,,,,1710353331
12152627,1559,3085,,,,1710356715
12152630,2157,2596,,,,1710326656
12152633,2187,3154,,,,1710332422
12152635,2044,4067,,,,1710322476
12152637,2351,2113,2774,,,1710341175
12152639,2662,2196,4492,,,1710323976
12152640,2910,3370,2348,,,1710330981
12152641,2854,2594,,,,1710329731
12152642,2152,4132,,,,1710316515
12152643,2465,2668,3103,,,1710326121
12152644,2593,3118,,,,1710324656
12152645,1658,1464,,,,1710336885
12152646,2472,2975,,,,1710316762
12152648,2024,2137,,,,1710329108
12152649,3108,2731,,,,1710320776
12152650,1612,3170,,,,1710328044
12152953,,,,,,
12152954,,,,,,
12153225,2417,2537,,,,1710391742
12153356,1412,3184,2981,,,1710320010
12153357,3186,2842,,,,1710306166
12153358,3577,4038,,,,1710320877
12153359,3096,2023,,,,1710322948
12153360,2126,3641,,,,1710305176
12153361,3268,,,,,1710313294
12153398,2843,1896,1468,,,1710401740
12153444,2099,7705,,,,1710397419
12153585,,,,,,
12153630,1537,2773,,,,1710308628
12153631,1794,1343,,,,1710304937
12153632,1760,1997,2213,,,1710306991
12153633,2105,1648,,,,1710312897
12153634,1826,2445,,,,1710312423
12153635,2362,3893,3574,,,1710314082
12153636,2745,2967,,,,1710306070
12153691,1176,2551,2652,,,1710411308
12153855,4462,4188,,,,1710325769
12153856,1856,2367,,,,1710332747
12153857,,,,,,1710335834
12153858,2243,3471,4965,,,1710326781
12153859,2364,1564,,,,1710353373
12153860,3654,3340,,,,1710343198
12153861,2462,2578,,,,1710336028
12153866,2461,3778,3403,,,1710330350
12153867,1960,2465,,,,1710319861
12153868,1818,2480,,,,1710342497
12153869,3574,2554,1978,,,1710346404
12153870,3264,2163,2449,,,1710334803
12153871,1679,2405,,,,1710335969
12153872,3596,2254,2239,,,1710344010
12153883,2167,2526,,,,1710315465
12153884,3467,2299,,,,1710333039
12153885,2000,2550,,,,1710322561
12153886,2970,3379,,,,1710333610
12153891,1626,1876,,,,1710320349
12153892,2848,1869,2939,,,1710318620
12153893,3190,2840,,,,1710331747
12153894,2961,1726,,,,1710339100
12153895,2254,2180,,,,1710316138
12153896,3956,2840,2159,,,1710333402
12153897,1510,2012,,,,1710327670
12153898,2599,2232,,,,1710333931
12153899,2266,2788,2962,,,1710330257
12153900,2242,1643,,,,1710338252
12153901,1862,2650,2973,,,1710338925
12153902,3791,4217,,,,1710330995
12153909,,,,,,
12153910,2470,1747,,,,1710412191
12153914,,,,,,
12153917,3132,2459,,,,1710424990
12153926,1198,3093,2021,,,1710415176
12154093,2504,2281,1300,,,1710410325
12154094,,,,,,
12154106,,,,,,
12154110,3111,3235,,,,1710316348
12154111,2497,1619,2899,,,1710324190
12154112,2267,1473,,,,1710318436
12154113,3780,3615,,,,1710324143
12154114,2610,1807,,,,1710323537
12154115,1525,3367,2405,,,1710317108
12154116,2537,2358,,,,1710316553
12154118,2779,2483,1825,,,1710333696
12154119,2673,3410,4293,,,1710314818
12154121,1517,2209,,,,1710309763
12154123,4162,4170,,,,1710327339
12154124,2704,581,,,,1710310874
12154125,3688,2502,,,,1710336001
12154126,2757,2828,2814,,,1710332337
12154127,1686,1438,,,,1710314634
12154128,2871,2972,,,,1710322941
12154150,1826,2396,,,,1710320121
12154152,2320,3072,5674,,,1710319959
12154153,2881,2638,3804,,,1710339419
12154154,3017,1718,,,,1710317441
12154155,3154,2061,,,,1710325349
12154156,4513,2066,3738,,,1710320521
12154157,3537,4403,,,,1710322927
12154195,1767,2226,2022,,,1710423872
12154209,1760,1731,,,,1710319141
12154210,3782,3795,3270,,,1710341974
12154211,3767,1854,,,,1710331044
12154212,2062,2219,,,,1710323936
12154213,1829,3620,,,,1710330510
12154214,3498,2607,,,,1710324606
12154215,1888,2611,,,,1710323407
12154216,3671,3304,,,,1710340565
12154217,2091,2186,,,,1710323088
12154218,3315,2777,,,,1710333368
12154219,3792,2068,2472,,,1710323444
12154220,4121,2208,,,,1710325405
12154221,2161,3201,3962,,,1710345076
12154222,5924,4571,,,,1710350188
12154223,2357,4419,,,,1710344266
12154224,1752,2301,,,,1710333170
12154225,3278,3458,3018,,,1710339989
12154226,2725,1345,,,,1710328014
12154227,4724,3732,2295,,,1710341664
12154228,4212,3674,2233,,,1710342595
12154229,2286,2013,2673,,,1710322223
12154230,1721,2584,,,,1710326046
12154231,1719,3191,,,,1710317495
12154232,2436,2146,,,,1710318195
12154233,1469,2126,,,,1710330988
12154234,,,,,,1710317588
12154235,2082,2226,,,,1710341362
12154236,2488,2893,,,,1710329449
12154237,3106,2752,,,,1710336348
12154238,3742,2921,2155,,,1710336308
12154239,3544,2382,,,,1710337346
12154240,5170,2586,,,,1710320796
12154241,1457,1640,,,,1710341984
12154242,2573,3389,,,,1710329739
12154243,2146,3941,3361,,,1710339799
12154244,3260,2773,1733,,,1710351742
12154245,2546,4265,3821,,,1710322602
12154258,1872,2113,1933,,,1710336641
12154259,3544,2196,,,,1710328009
12154260,4505,3422,,,,1710322091
12154269,2696,3806,1544,,,1710266920
12154275,1137,2171,,,,1710322063
12154276,3277,3083,,,,1710329872
12154279,1638,2435,,,,1710322909
12154281,1907,3503,,,,1710322847
12154283,4010,3332,4413,,,1710341755
12154325,2145,2632,,,,1710323135
12154326,2304,1006,,,,1710336267
12154327,3274,1346,,,,1710341554
12154328,3024,3689,,,,1710351086
12154329,2798,2418,,,,1710323599
12154330,3227,2483,,,,1710331731
12154331,2045,2052,,,,1710328640
12154332,3840,3527,,,,1710343270
12154333,2901,2475,3411,,,1710343892
12154408,3177,5180,,,,1710416421
12154433,,,,,,1710338272
12154434,2019,2119,,,,1710345051
12154435,2805,2093,2918,,,1710332629
12154439,4144,1571,,,,1710331977
12154440,1819,2955,,,,1710347416
12154441,3088,2187,,,,1710350607
12154442,1816,1671,,,,1710323603
12154443,3047,2236,3413,,,1710342863
12154453,4699,1897,,,,1710325928
12154472,4676,5682,,,,1710406970
12154561,2153,3871,,,,1710415377
12154593,3655,2245,,,,1710410987
12154625,2243,2867,,,,1710413239
12154633,3375,2857,,,,1710352602
12154634,3919,2497,2350,,,1710361884
12154635,2206,2679,,,,1710345181
12154636,2337,1797,,,,1710424125
12154637,3892,2994,2987,,,1710361251
12154638,1567,2757,,,,1710339106
12154639,3161,3788,2204,,,1710350534
12154640,3714,2448,,,,1710350210
12154641,1927,2539,,,,1710345672
12154693,3067,2167,2876,,,1710416069
12154763,2748,3409,,,,1710415007
12154855,1978,949,,,,1710354306
12155008,3126,4772,,,,1710346439
12155014,4416,2607,4558,,,1710427210
12155030,3214,2973,,,,1710353368
12155031,3712,1565,,,,1710342742
12155032,1722,2706,,,,1710360480
12155033,2611,1607,,,,1710348002
12155034,1525,3454,,,,1710340372
12155035,1656,2172,,,,1710346082
12155036,1883,2811,,,,1710350789
12155049,2027,3266,,,,1710355544
12155072,3144,2464,2329,,,1710358327
12155073,,,,,,
12155074,2631,2429,2641,,,1710351176
12155075,3214,2411,,,,1710345463
12155076,1865,1812,,,,1710333644
12155077,5687,2562,2871,,,1710340308
12155078,1815,1904,,,,1710338179
12155079,1985,2008,,,,1710334309
12155314,2855,3822,,,,1710428317
12155629,2797,2947,2565,,,1710365777
12155631,1708,1380,,,,1710363156
12155632,2467,1335,,,,1710352117
12155634,3559,2240,,,,1710353315
12155635,2102,3003,,,,1710360621
12155636,3082,1678,1976,,,1710394848
12155644,2181,1851,,,,1710365375
12155645,,,,,,
12155646,2246,3436,,,,1710364275
12155647,2332,2009,,,,1710351856
12155648,2301,3579,,,,1710357646
12155649,2996,2424,,,,1710368804
12155650,1826,2361,,,,1710380997
12155651,4790,3464,,,,1710354472
12156004,2870,4233,2062,,,1710379727
12156024,3526,3573,,,,1710380574
12156035,3157,1403,,,,1710385366
12156052,1986,3104,,,,1710373170
12156086,2388,1510,2850,,,1710382679
12156087,4185,1774,,,,1710382153
12156238,1942,2496,,,,1710380564
12156354,2285,3886,,,,1710387313
12156355,3869,2682,3979,,,1710378059
12156361,1969,2684,,,,1710385924
12156368,2876,2378,,,,1710374508
12156371,1704,1811,,,,1710379722
12156373,2674,3885,2381,,,1710396672
12156385,2189,2063,,,,1710380891
12156387,1941,2845,,,,1710373373
12156389,1544,2831,,,,1710383585
12156405,2000,1888,,,,1710391668
12156408,1611,3109,2470,,,1710399147
12156419,2454,2480,,,,1710381328
12156420,3245,3581,,,,1710389643
12156436,2068,2091,,,,1710398654
12156487,,,,,,1710385461
12156560,1449,2335,,,,1710396019
12156570,3493,2599,3243,,,1710377806
12156572,2749,2563,,,,1710399588
12156758,2636,3407,,,,1710386433
12156759,3566,3321,3276,,,1710337133
12156789,3526,2025,,,,1710386715
12156801,2488,4487,,,,1710386980
12156808,1664,1430,1850,,,1710399683
12156809,1944,2239,,,,1710391394
12156819,3317,2861,,,,1710405828
12156820,2084,2307,,,,1710391282
12156829,1736,3427,,,,1710404077
12156830,1433,2430,,,,1710408005
12156831,3497,2472,2859,,,1710398937
12156839,2155,4531,,,,1710404124
12156846,2622,3926,3757,,,1710399310
12156850,3587,3348,,,,1710406263
12156904,3850,3204,4416,,,1710411064
12156934,2415,3433,,,,1710391885
12156935,2660,2529,,,,1710406904
12156939,2506,2962,,,,1710412487
12156953,1936,1620,,,,1710417979
12156954,2864,2601,,,,1710408388
12156960,2331,2622,3190,,,1710401328
12157141,1235,2505,,,,1710404883
12157146,2356,3521,,,,1710405949
12157147,3199,2606,,,,1710392640
12157148,3360,3234,,,,1710407361
12157149,1762,2349,,,,1710409008
12157150,2162,3354,,,,1710412504
12157151,2562,3312,3155,,,1710414905
12157152,1822,2065,,,,1710405603
12157157,2508,2414,,,,1710413419
12157179,2946,2927,,,,1710405077
12157230,1664,2913,,,,1710394557
12157240,2552,5285,2589,,,1710419669
12157242,2245,2934,2579,,,1710425055
12157244,3593,2757,,,,1710405635
12157245,4734,2491,,,,1710429916
12157246,3281,3082,,,,1710412718
12157248,2769,3295,,,,1710408212
12157271,2407,3432,,,,1710422630
12157272,3314,3432,1669,,,1710415253
12157273,1877,3233,,,,1710403978
12157281,2086,2251,,,,1710398961
12157297,2936,2714,2255,,,1710416907
12157298,2276,2376,,,,1710410072
12157307,2222,2461,3990,,,1710399253
12157315,3602,2856,,,,1710407384
12157333,2009,2293,2669,,,1710399860
12157367,2323,1795,,,,1710406370
12157368,2771,3236,4478,,,1710410026
12157393,2482,3671,,,,1710417659
12157394,2829,2505,,,,1710415660
12157395,2729,2823,,,,1710413649
12157399,4632,2647,,,,1710401855
12157400,2817,1969,1917,,,1710412021
12157408,3074,2387,,,,1710416804
12157409,4848,4415,,,,1710423870
12157418,2416,2182,,,,1710409944
12157432,2019,2384,3516,,,1710406902
12157433,2451,3948,2183,,,1710408662
12157434,1782,1438,,,,1710405561
12157451,2496,3462,3901,,,1710342353
12157458,3646,2172,,,,1710426291
12157459,3037,3800,,,,1710407285
12157469,4274,3075,,,,1710421340
12157470,1938,2266,,,,1710404282
12157486,2516,2884,2323,,,1710416966
12157499,,,,,,1710407739
12157504,1809,3393,1715,,,1710403602
12157508,2605,2627,,,,1710424322
12157509,4635,2838,,,,1710406857
12157517,4124,3776,,,,1710408450
12157518,2148,4256,,,,1710412649
12157519,2674,2447,,,,1710405236
12157521,3061,2980,,,,1710406985
12157522,3737,3789,,,,1710414242
12157523,,,,,,1710410586
12157524,2523,3649,4742,,,1710410260
12157525,2009,2197,,,,1710407530
12157534,3105,2112,,,,1710347493
12157541,1441,3251,,,,1710405472
12157561,2900,2830,,,,1710406217
12157571,1729,2135,,,,1710412645
12157572,1800,3358,2016,,,1710427429
12157613,3128,2780,,,,1710405122
12157614,3929,2957,2225,,,1710419439
12157616,2081,1906,,,,1710414927
12157683,3825,3553,2239,,,1710420520
12157684,1935,2118,,,,1710425413
12157685,3512,2938,3292,,,1710429953
12157690,2519,3260,3240,,,1710414184
12157691,2158,2228,,,,1710418543
12157692,1980,2077,,,,1710413426
12157694,2988,2177,,,,1710409336
12157695,1704,2381,,,,1710403767
12157709,2616,2011,,,,1710411621
12157738,1698,4038,,,,1710414540
12157739,,,,,,1710414433
12157740,3116,2723,,,,1710410507
12157757,3154,3159,3167,,,1710417329
12157772,4291,3395,3009,,,1710426118
12157774,2785,2251,,,,1710422283
12157775,2778,1776,,,,1710425398
12157805,3121,3623,3490,,,1710429381
12157830,,,,,,
12157831,4224,4193,,,,1710415399
12157832,2551,3852,,,,1710408298
12157837,3160,3009,2034,,,1710416062
12157838,3052,2668,,,,1710413496
12157917,2870,4706,4121,,,1710417029
12157918,2089,2519,,,,1710422085
12157919,2109,3372,,,,1710415381
12157939,2262,2175,,,,1710414068
12157962,4802,2161,1124,,,1710419213
12157964,4919,2868,1989,,,1710409916
12157965,4260,3981,,,,1710411577
12158032,,,,,,1710409103
12158033,3187,2561,,,,1710406876
12158044,1572,2084,,,,1710405697
12158051,1285,4762,,,,1710405263
12158052,2744,3072,,,,1710412516
12158054,2259,2447,,,,1710405798
12158075,2145,3282,3739,,,1710415100
12158078,2881,2744,2750,,,1710423265
12158080,4103,2526,,,,1710410057
12158081,2288,2062,,,,1710424224
12158082,1623,2786,,,,1710410125
12158083,2531,5238,,,,1710416587
12158084,2455,2168,,,,1710352354
12158100,4503,2001,,,,1710419496
12158103,2849,4007,,,,1710407333
12158117,4674,2805,3203,,,1710432483
12158118,2797,2458,,,,1710423056
12158121,2076,4440,4304,,,1710417133
12158139,1725,2163,2997,,,1710410899
12158141,2250,2625,,,,1710427881
12158142,,,,,,
12158195,2689,2919,,,,1710415621
12158200,3588,3125,,,,1710409380
12158204,3707,1995,,,,1710424161
12158210,2628,2362,2536,,,1710419861
12158226,1984,2150,2788,,,1710418633
12158230,2836,3104,,,,1710419179
12158237,2607,3772,,,,1710426371
12158239,1924,1403,2092,,,1710418046
12158246,1986,2291,,,,1710416979
12158247,2920,2183,,,,1710419121
12158252,2838,3046,4029,,,1710425906
12158279,2512,3897,,,,1710415910
12158282,4245,2502,4409,,,1710431030
12158300,2102,2508,,,,1710425869
12158303,1970,4363,2378,,,1710418832
12158317,2107,3579,1934,,,1710429467
12158320,764,2769,,,,1710416751
12158347,3122,1812,,,,1710428553
12158357,1636,3556,,,,1710425609
12158363,2454,4713,1778,,,1710431314
12158365,4655,930,,,,1710426613
12158368,2723,2396,,,,1710424986
12110005,2499,2318,,,,1710366176
12110006,1955,4025,2114,,,1710384635
12110008,4088,2874,,,,1710471954
12110010,2351,2736,,,,1710442187
12110011,2220,2371,,,,1710368798
12110012,8987,2234,,,,1710463256
12110016,1973,4143,2763,,,1710359640
12110018,2729,2207,2839,,,1710451052
12110033,3144,2537,,,,1710458239
12110035,2279,2303,2385,,,1710357819
12110037,1347,2779,,,,1710441034
12110038,1486,2489,,,,1710362746
12110039,2791,3513,2711,,,1710385283
12110041,3387,659,,,,1710448283
12110045,2529,2509,2814,,,1710374926
12110075,3635,3911,2902,,,1710472437
12131505,2880,2463,,,,1710427183
12131507,7465,503,,,,1710513155
12131508,1712,3762,1861,,,1710415016
12131509,,,,,,1710500915
12131510,2908,4464,,,,1710500508
12131511,2182,1780,2619,,,1710434363
12131513,1812,1666,,,,1710346316
12131514,,,,,,1710509729
12131516,3232,2681,,,,1710420778
12131546,1432,2474,1730,,,1710439900
12131549,2418,2033,1658,,,1710458557
12131552,2433,2006,2690,,,1710455273
12131553,1628,1500,,,,1710445767
12131555,2351,2478,,,,1710444950
12131556,,,,,,1710439684
12131557,,,,,,1710441255
12131568,2240,2818,,,,1710512813
12131569,2198,3264,2327,,,1710515977
12131570,2650,3489,,,,1710413602
12131571,2672,2358,3182,,,1710505994
12131573,2674,2127,2494,,,1710349258
12131574,2487,2707,2709,,,1710423213
12131575,4093,3028,6382,,,1710337420
12131577,2845,2981,2823,,,1710506917
12131581,3103,3148,,,,1710420935
12131582,3072,2569,,,,1710414240
12131604,2312,1425,1713,,,1710451014
12131605,3741,2191,,,,1710437851
12131610,3451,1632,2242,,,1710430460
12131611,1999,2937,2876,,,1710344134
12131612,4984,3384,,,,1710372727
12131613,1774,3798,,,,1710362083
12131614,2843,2382,3920,,,1710353386
12131618,2711,2310,,,,1710457307
12131636,1906,4617,2064,,,1710356480
12131638,3757,3086,4029,,,1710345610
12131639,2001,1975,,,,1710341014
12131640,3024,2870,,,,1710353516
12131641,1245,1957,,,,1710351086
12131642,2764,2686,,,,1710346544
12131643,2045,3366,,,,1710441121
12131644,3185,2486,,,,1710436121
12131645,2260,2512,,,,1710341194
12131646,1941,1587,,,,1710430665
12131647,1740,2713,,,,1710346326
12131648,3622,2718,2804,,,1710435324
12145471,2069,3077,,,,1710341082
12145476,2192,3591,,,,1710340042
12148591,3546,2873,,,,1710340663
12148592,1812,2707,,,,1710354730
12148593,1207,1981,,,,1710354915
12148595,,,,,,
12148596,2699,2578,3356,,,1710348160
12148597,3864,2100,,,,1710339438
12148598,1991,2851,,,,1710348987
12148599,3769,3133,3279,,,1710350732
12148600,,,,,,1710344283
12148604,2709,2256,,,,1710360926
12148926,4025,2049,,,,1710368496
12148927,1573,2045,,,,1710358347
12148930,1742,2450,,,,1710355058
12148932,2124,2302,,,,1710356658
12148933,2785,4022,,,,1710385114
12150729,4159,2583,,,,1710341192
12151114,2247,2523,,,,1710339763
12151328,4762,3662,3245,,,1710363730
12151329,1880,2824,2370,,,1710357099
12151330,3151,2934,,,,1710339178
12151344,2625,2625,,,,1710356458
12151426,,,,,,
12151570,2640,78770,77023,,,1710369791
12151571,6887,1152,,,,1710358148
12151572,4026,77764,,,,1710366009
12151574,,,,,,
12151575,,,,,,
12151576,,,,,,
12151577,1990,2712,,,,1710356392
12151578,2659,4573,2824,,,1710359361
12151606,1698,3170,2925,,,1710342617
12151607,3702,4023,2130,,,1710352271
12151618,2637,2586,,,,1710340075
12151619,2978,3007,,,,1710340193
12151690,2828,2630,,,,1710339794
12151803,4239,3751,,,,1710353234
12151951,2352,3668,,,,1710349613
12152262,2319,2700,,,,1710391644
12152273,1741,2966,,,,1710357914
12152277,3521,2344,,,,1710392839
12152278,2885,2287,,,,1710363356
12152279,2201,78894,,,,1710365197
12152290,2569,3202,,,,1710348183
12152294,3258,2651,,,,1710342149
12152296,2376,3729,2238,,,1710345411
12152298,1853,1733,,,,1710350199
12152300,2061,3092,3513,,,1710354611
12152310,3020,2387,1724,,,1710346453
12152315,4432,1944,2837,,,1710345436
12152318,2282,2671,3548,,,1710354173
12152319,2311,2783,,,,1710359286
12152320,2935,1744,4834,,,1710368824
12152321,1851,1788,,,,1710356140
12152325,3074,2373,1495,,,1710437075
12152326,2478,3224,,,,1710334484
12152327,2811,2519,,,,1710335452
12152334,1945,2490,2237,,,1710387184
12152335,3534,2149,,,,1710335980
12152338,2655,2341,,,,1710335747
12152346,2995,3106,3184,,,1710342596
12152402,3824,3511,,,,1710343024
12152409,1707,3206,,,,1710343391
12152412,2106,1865,2230,,,1710343067
12152414,1922,2755,1653,,,1710337925
12152422,1909,2605,3303,,,1710359612
12152423,2334,3453,1661,,,1710360576
12152424,2225,2614,,,,1710351714
12152425,3206,2778,,,,1710362060
12152426,2428,3351,4884,,,1710463630
12152428,,,,,,1710358484
12152429,4149,2802,2683,,,1710364277
12152430,3982,2045,4268,,,1710348790
12152523,2936,3063,3180,,,1710409142
12152524,3912,2544,,,,1710411828
12152526,2118,2921,,,,1710412969
12152531,,,,,,1710337027
12152532,3121,2497,,,,1710335624
12152537,1806,4387,,,,1710340923
12152541,2545,2030,,,,1710349055
12152545,1559,1619,,,,1710333294
12152549,1773,2282,,,,1710404558
12152550,2376,672,,,,1710337393
12152554,2702,2618,,,,1710334733
12152556,2222,1997,,,,1710349682
12152559,2877,2302,,,,1710342411
12152562,3524,1985,1930,,,1710422012
12152565,5231,1773,5020,,,1710347478
12152568,3002,4213,8434,,,1710348893
12152570,1174,1958,,,,1710337268
12152573,1984,3451,,,,1710339400
12152576,2811,2949,,,,1710339381
12152578,,,,,,1710334411
12152581,2104,1959,,,,1710350234
12152584,1525,1209,,,,1710407305
12152587,2525,2698,,,,1710337953
12152589,3356,3084,,,,1710410371
12152591,1581,3331,,,,1710337500
12152592,2545,3096,,,,1710366645
12152595,2575,2641,,,,1710351472
12152598,1662,3784,,,,1710354143
12152605,3606,3023,,,,1710348229
12152607,2469,2500,,,,1710339433
12152608,3352,3839,,,,1710340640
12152612,3220,3931,,,,1710407263
12152613,4696,3515,,,,1710435954
12152614,1933,1969,3450,,,1710346740
12152617,2419,2976,4087,,,1710350243
12152619,2996,3948,4437,,,1710340610
12152620,1671,2646,3670,,,1710338350
12152624,2258,2607,,,,1710353331
12152627,1559,3085,,,,1710356715
12152637,2351,2113,2774,,,1710341175
12152645,1658,1464,,,,1710336885
12153225,2417,2537,,,,1710391742
12153398,2843,1896,1468,,,1710401740
12153444,2099,7705,,,,1710397419
12153691,1176,2551,2652,,,1710411308
12153857,,,,,,1710335834
12153859,2364,1564,,,,1710353373
12153860,3654,3340,,,,1710343198
12153861,2462,2578,,,,1710336028
12153868,1818,2480,,,,1710342497
12153869,3574,2554,1978,,,1710346404
12153871,1679,2405,,,,1710335969
12153872,3596,2254,2239,,,1710344010
12153894,2961,1726,,,,1710339100
12153900,2242,1643,,,,1710338252
12153901,1862,2650,2973,,,1710338925
12153910,2470,1747,,,,1710412191
12153917,3132,2459,,,,1710424990
12153926,1198,3093,2021,,,1710415176
12154093,2504,2281,1300,,,1710410325
12154094,,,,,,
12154106,,,,,,
12154125,3688,2502,,,,1710336001
12154153,2881,2638,3804,,,1710339419
12154195,1767,2226,2022,,,1710423872
12154210,3782,3795,3270,,,1710341974
12154216,3671,3304,,,,1710340565
12154221,2161,3201,3962,,,1710345076
12154222,5924,4571,,,,1710350188
12154223,2357,4419,,,,1710344266
12154225,3278,3458,3018,,,1710339989
12154227,4724,3732,2295,,,1710341664
12154228,4212,3674,2233,,,1710342595
12154235,2082,2226,,,,1710341362
12154237,3106,2752,,,,1710336348
12154239,3544,2382,,,,1710337346
12154241,1457,1640,,,,1710341984
12154243,2146,3941,3361,,,1710339799
12154244,3260,2773,1733,,,1710351742
12154258,1872,2113,1933,,,1710336641
12154283,4010,3332,4413,,,1710341755
12154326,2304,1006,,,,1710336267
12154327,3274,1346,,,,1710341554
12154328,3024,3689,,,,1710351086
12154332,3840,3527,,,,1710343270
12154333,2901,2475,3411,,,1710343892
12154408,3177,5180,,,,1710416421
12154433,,,,,,1710338272
12154434,2019,2119,,,,1710345051
12154440,1819,2955,,,,1710347416
12154441,3088,2187,,,,1710350607
12154443,3047,2236,3413,,,1710342863
12154472,4676,5682,,,,1710406970
12154561,2153,3871,,,,1710415377
12154593,3655,2245,,,,1710410987
12154625,2243,2867,,,,1710413239
12154633,3375,2857,,,,1710352602
12154634,3919,2497,2350,,,1710361884
12154635,2206,2679,,,,1710345181
12154636,2337,1797,,,,1710424125
12154637,3892,2994,2987,,,1710361251
12154638,1567,2757,,,,1710339106
12154639,3161,3788,2204,,,1710350534
12154640,3714,2448,,,,1710350210
12154641,1927,2539,,,,1710345672
12154646,2131,4207,,,,1710429428
12154693,3067,2167,2876,,,1710416069
12154763,2748,3409,,,,1710415007
12154855,1978,949,,,,1710354306
12154976,2872,3206,,,,1710430241
12155008,3126,4772,,,,1710346439
12155014,4416,2607,4558,,,1710427210
12155030,3214,2973,,,,1710353368
12155031,3712,1565,,,,1710342742
12155032,1722,2706,,,,1710360480
12155033,2611,1607,,,,1710348002
12155034,1525,3454,,,,1710340372
12155035,1656,2172,,,,1710346082
12155036,1883,2811,,,,1710350789
12155049,2027,3266,,,,1710355544
12155072,3144,2464,2329,,,1710358327
12155073,,,,,,
12155074,2631,2429,2641,,,1710351176
12155075,3214,2411,,,,1710345463
12155076,1865,1812,,,,1710333644
12155078,1815,1904,,,,1710338179
12155079,1985,2008,,,,1710334309
12155314,2855,3822,,,,1710428317
12155629,2797,2947,2565,,,1710365777
12155631,1708,1380,,,,1710363156
12155632,2467,1335,,,,1710352117
12155634,3559,2240,,,,1710353315
12155635,2102,3003,,,,1710360621
12155636,3082,1678,1976,,,1710394848
12155644,2181,1851,,,,1710365375
12155645,,,,,,
12155646,2246,3436,,,,1710364275
12155647,2332,2009,,,,1710351856
12155648,2301,3579,,,,1710357646
12155649,2996,2424,,,,1710368804
12155650,1826,2361,,,,1710380997
12155651,4790,3464,,,,1710354472
12156004,2870,4233,2062,,,1710379727
12156024,3526,3573,,,,1710380574
12156035,3157,1403,,,,1710385366
12156052,1986,3104,,,,1710373170
12156086,2388,1510,2850,,,1710382679
12156087,4185,1774,,,,1710382153
12156238,1942,2496,,,,1710380564
12156283,1582,3521,,,,1710441332
12156354,2285,3886,,,,1710387313
12156355,3869,2682,3979,,,1710378059
12156361,1969,2684,,,,1710385924
12156368,2876,2378,,,,1710374508
12156371,1704,1811,,,,1710379722
12156373,2674,3885,2381,,,1710396672
12156385,2189,2063,,,,1710380891
12156387,1941,2845,,,,1710373373
12156389,1544,2831,,,,1710383585
12156405,2000,1888,,,,1710391668
12156408,1611,3109,2470,,,1710399147
12156419,2454,2480,,,,1710381328
12156420,3245,3581,,,,1710389643
12156436,2068,2091,,,,1710398654
12156487,,,,,,1710385461
12156560,1449,2335,,,,1710396019
12156570,3493,2599,3243,,,1710377806
12156572,2749,2563,,,,1710399588
12156758,2636,3407,,,,1710386433
12156789,3526,2025,,,,1710386715
12156801,2488,4487,,,,1710386980
12156808,1664,1430,1850,,,1710399683
12156809,1944,2239,,,,1710391394
12156819,3317,2861,,,,1710405828
12156820,2084,2307,,,,1710391282
12156829,1736,3427,,,,1710404077
12156830,1433,2430,,,,1710408005
12156831,3497,2472,2859,,,1710398937
12156839,2155,4531,,,,1710404124
12156846,2622,3926,3757,,,1710399310
12156850,3587,3348,,,,1710406263
12156904,3850,3204,4416,,,1710411064
12156934,2415,3433,,,,1710391885
12156935,2660,2529,,,,1710406904
12156939,2506,2962,,,,1710412487
12156953,1936,1620,,,,1710417979
12156954,2864,2601,,,,1710408388
12156960,2331,2622,3190,,,1710401328
12157141,1235,2505,,,,1710404883
12157146,2356,3521,,,,1710405949
12157147,3199,2606,,,,1710392640
12157148,3360,3234,,,,1710407361
12157149,1762,2349,,,,1710409008
12157150,2162,3354,,,,1710412504
12157151,2562,3312,3155,,,1710414905
12157152,1822,2065,,,,1710405603
12157157,2508,2414,,,,1710413419
12157179,2946,2927,,,,1710405077
12157230,1664,2913,,,,1710394557
12157240,2552,5285,2589,,,1710419669
12157242,2245,2934,2579,,,1710425055
12157243,3229,2313,,,,1710428395
12157244,3593,2757,,,,1710405635
12157245,4734,2491,,,,1710429916
12157246,3281,3082,,,,1710412718
12157247,2372,2992,,,,1710433852
12157248,2769,3295,,,,1710408212
12157271,2407,3432,,,,1710422630
12157272,3314,3432,1669,,,1710415253
12157273,1877,3233,,,,1710403978
12157281,2086,2251,,,,1710398961
12157297,2936,2714,2255,,,1710416907
12157298,2276,2376,,,,1710410072
12157307,2222,2461,3990,,,1710399253
12157315,3602,2856,,,,1710407384
12157333,2009,2293,2669,,,1710399860
12157367,2323,1795,,,,1710406370
12157368,2771,3236,4478,,,1710410026
12157393,2482,3671,,,,1710417659
12157394,2829,2505,,,,1710415660
12157395,2729,2823,,,,1710413649
12157398,2150,2632,,,,1710430194
12157399,4632,2647,,,,1710401855
12157400,2817,1969,1917,,,1710412021
12157408,3074,2387,,,,1710416804
12157409,4848,4415,,,,1710423870
12157418,2416,2182,,,,1710409944
12157432,2019,2384,3516,,,1710406902
12157433,2451,3948,2183,,,1710408662
12157434,1782,1438,,,,1710405561
12157451,2496,3462,3901,,,1710342353
12157458,3646,2172,,,,1710426291
12157459,3037,3800,,,,1710407285
12157469,4274,3075,,,,1710421340
12157470,1938,2266,,,,1710404282
12157486,2516,2884,2323,,,1710416966
12157499,,,,,,1710407739
12157504,1809,3393,1715,,,1710403602
12157508,2605,2627,,,,1710424322
12157509,4635,2838,,,,1710406857
12157517,4124,3776,,,,1710408450
12157518,2148,4256,,,,1710412649
12157519,2674,2447,,,,1710405236
12157521,3061,2980,,,,1710406985
12157522,3737,3789,,,,1710414242
12157523,,,,,,1710410586
12157524,2523,3649,4742,,,1710410260
12157525,2009,2197,,,,1710407530
12157534,3105,2112,,,,1710347493
12157537,4290,4309,,,,1710430230
12157541,1441,3251,,,,1710405472
12157542,3142,2699,2063,,,1710439629
12157543,3368,4579,2635,,,1710437959
12157561,2900,2830,,,,1710406217
12157571,1729,2135,,,,1710412645
12157572,1800,3358,2016,,,1710427429
12157613,3128,2780,,,,1710405122
12157614,3929,2957,2225,,,1710419439
12157616,2081,1906,,,,1710414927
12157683,3825,3553,2239,,,1710420520
12157684,1935,2118,,,,1710425413
12157685,3512,2938,3292,,,1710429953
12157690,2519,3260,3240,,,1710414184
12157691,2158,2228,,,,1710418543
12157692,1980,2077,,,,1710413426
12157694,2988,2177,,,,1710409336
12157695,1704,2381,,,,1710403767
12157709,2616,2011,,,,1710411621
12157738,1698,4038,,,,1710414540
12157739,,,,,,1710414433
12157740,3116,2723,,,,1710410507
12157757,3154,3159,3167,,,1710417329
12157772,4291,3395,3009,,,1710426118
12157774,2785,2251,,,,1710422283
12157775,2778,1776,,,,1710425398
12157805,3121,3623,3490,,,1710429381
12157808,2810,3829,4132,,,1710447947
12157830,,,,,,
12157831,4224,4193,,,,1710415399
12157832,2551,3852,,,,1710408298
12157837,3160,3009,2034,,,1710416062
12157838,3052,2668,,,,1710413496
12157915,3171,2994,4514,,,1710438752
12157917,2870,4706,4121,,,1710417029
12157918,2089,2519,,,,1710422085
12157919,2109,3372,,,,1710415381
12157936,2427,3377,,,,1710436851
12157939,2262,2175,,,,1710414068
12157962,4802,2161,1124,,,1710419213
12157963,4194,3635,,,,1710442197
12157964,4919,2868,1989,,,1710409916
12157965,4260,3981,,,,1710411577
12158032,,,,,,1710409103
12158033,3187,2561,,,,1710406876
12158044,1572,2084,,,,1710405697
12158051,1285,4762,,,,1710405263
12158052,2744,3072,,,,1710412516
12158054,2259,2447,,,,1710405798
12158075,2145,3282,3739,,,1710415100
12158078,2881,2744,2750,,,1710423265
12158080,4103,2526,,,,1710410057
12158081,2288,2062,,,,1710424224
12158082,1623,2786,,,,1710410125
12158083,2531,5238,,,,1710416587
12158084,2455,2168,,,,1710352354
12158100,4503,2001,,,,1710419496
12158103,2849,4007,,,,1710407333
12158114,,,,,,1710349797
12158117,4674,2805,3203,,,1710432483
12158118,2797,2458,,,,1710423056
12158121,2076,4440,4304,,,1710417133
12158139,1725,2163,2997,,,1710410899
12158140,3841,2352,2824,,,1710439279
12158141,2250,2625,,,,1710427881
12158142,,,,,,
12158195,2689,2919,,,,1710415621
12158200,3588,3125,,,,1710409380
12158204,3707,1995,,,,1710424161
12158206,2462,10465,,,,1710431307
12158210,2628,2362,2536,,,1710419861
12158226,1984,2150,2788,,,1710418633
12158230,2836,3104,,,,1710419179
12158236,3429,4706,,,,1710432816
12158237,2607,3772,,,,1710426371
12158239,1924,1403,2092,,,1710418046
12158242,2097,65514,,,,1710444742
12158243,3951,3116,,,,1710441378
12158246,1986,2291,,,,1710416979
12158247,2920,2183,,,,1710419121
12158252,2838,3046,4029,,,1710425906
12158257,5646,1523,,,,1710513508
12158258,4173,1678,944,,,1710506522
12158259,4215,4425,,,,1710449499
12158260,2255,2327,3666,,,1710447022
12158261,57969,3943,65467,,,1710453702
12158262,2223,3647,,,,1710447862
12158263,4138,57883,58763,,,1710452508
12158264,1197,3431,,,,1710507047
12158275,3394,2462,,,,1710430001
12158276,2631,2933,,,,1710442204
12158279,2512,3897,,,,1710415910
12158282,4245,2502,4409,,,1710431030
12158300,2102,2508,,,,1710425869
12158303,1970,4363,2378,,,1710418832
12158317,2107,3579,1934,,,1710429467
12158320,764,2769,,,,1710416751
12158347,3122,1812,,,,1710428553
12158348,4946,3305,,,,1710436443
12158357,1636,3556,,,,1710425609
12158363,2454,4713,1778,,,1710431314
12158365,4655,930,,,,1710426613
12158368,2723,2396,,,,1710424986
12158392,2575,2426,3671,,,1710438044
12158447,3581,2561,,,,1710440031
12158448,2624,2513,2312,,,1710474968
12158508,2733,2723,4741,,,1710452223
12158515,1805,3159,1634,,,1710444217
12158518,,,,,,
12158538,4012,3562,2514,,,1710438916
12158548,1682,2122,,,,1710448878
12158553,2234,4528,,,,1710432315
12158586,2460,1805,,,,1710443739
12158587,4584,3312,,,,1710434305
12158663,3345,3310,,,,1710446703
12158704,2655,2454,,,,1710456932
12158712,4016,2346,,,,1710446930
12159141,3100,2412,,,,1710450073
12159142,4293,2531,,,,1710469465
12159147,2443,2594,2902,,,1710466773
12159148,2573,1925,2707,,,1710466066
12159151,3964,3503,2151,,,1710478191
12159182,3173,2628,2243,,,1710467539
12159183,3910,2172,,,,1710471883
12159184,2457,4350,2550,,,1710471967
12159185,2039,2495,,,,1710472576
12159197,2394,2975,,,,1710467362
12159206,2699,2708,,,,1710467853
12159207,1463,1918,,,,1710482593
12159209,1160,1281,,,,1710478752
12159224,1984,1563,,,,1710479680
12159291,2599,1698,,,,1710477039
12159292,2003,3459,,,,1710463380
12159375,2472,4177,,,,1710484237
12159377,3003,2790,,,,1710478569
12159593,2558,1807,,,,1710478379
12159651,1481,1068,,,,1710483913
12159765,1430,1160,,,,1710479396
12159786,3864,1753,2292,,,1710488623
12159792,,,,,,1710489990
12159802,2347,3076,,,,1710485660
12159804,2260,1987,,,,1710485244
12159841,3818,2182,2170,,,1710496538
12159842,2248,3720,2503,,,1710505441
12160069,2479,3484,,,,1710492717
12160070,2152,3224,,,,1710492798
12160166,2546,2523,1731,,,1710496513
12160167,3006,2626,,,,1710486632
12160171,3524,1837,,,,1710486431
12160177,1904,2806,,,,1710493276
12160183,2916,4219,,,,1710491379
12160196,5007,2761,,,,1710502314
12160216,2270,2091,,,,1710496234
12160235,1353,2552,,,,1710484739
12160236,1895,664,,,,1710493549
12160255,4825,3604,,,,1710502478
12160347,2894,2993,,,,1710492976
12160368,1615,1492,,,,1710498927
12160369,6988,3211,7924,,,1710493132
12160387,2306,2977,,,,1710496094
12160413,5494,2560,,,,1710495895
12160432,2582,3985,,,,1710504164
12160440,2885,2317,,,,1710492903
12160441,2375,2564,,,,1710492757
12160454,2480,1888,,,,1710499541
12160455,3894,2428,,,,1710503841
12160457,3759,3322,,,,1710487546
12160468,4799,1775,3179,,,1710506686
12160469,2136,446,,,,1710492460
12160557,4897,2587,,,,1710495034
12160558,2276,3607,2367,,,1710503567
12160559,5053,3651,,,,1710495532
12160621,2572,3215,,,,1710492988
12160636,2075,4299,3368,,,1710499096
12160649,2670,2702,,,,1710502026
12160651,2683,2502,,,,1710481014
12160652,1790,4036,4245,,,1710491697
12160665,3387,3445,,,,1710504228
12160681,3376,1569,3164,,,1710497486
12160682,3854,2022,,,,1710494115
12160683,5878,4395,,,,1710493044
12160684,2554,2173,,,,1710498351
12160685,2988,3115,5100,,,1710506313
12160693,1992,3104,,,,1710493078
12160694,2048,1463,,,,1710504560
12160703,2053,2820,,,,1710501087
12160732,2059,2055,,,,1710503732
12160737,3110,2070,,,,1710497005
12160753,2948,2988,,,,1710495285
12160756,3695,2604,,,,1710494048
12160757,1916,3645,2569,,,1710504769
12160758,5489,4201,,,,1710498349
12160759,3979,3788,2650,,,1710505480
12160760,2826,2908,,,,1710502620
12160773,3567,2966,,,,1710497191
12160831,1731,2999,,,,1710495645
12160832,2659,2358,,,,1710495009
12160912,2758,2077,,,,1710503553
12160946,611,2366,,,,1710499679
12160947,2885,5156,1847,,,1710517426
12160949,8130,6518,,,,1710493773
12160958,3749,4549,,,,1710504182
12160977,2149,2792,,,,1710503240
12160984,1681,1670,,,,1710504620
12160985,2375,1940,,,,1710503648
12160986,1663,1951,,,,1710495419
12161004,,,,,,1710488657
12161014,3864,2845,,,,1710508645
12161015,1765,1863,,,,1710502703
12161030,1531,4097,,,,1710509592
12161046,2855,1933,,,,1710509066
12161109,2605,2350,,,,1710510728
12161118,2847,3530,,,,1710511092
12161140,2986,3816,,,,1710511569
12161141,1615,442,,,,1710497295
12161172,3866,2850,,,,1710505042
12161180,3922,3286,,,,1710512185
12161192,3131,2380,,,,1710515481
12161203,2106,1980,2607,,,1710512092
12161265,2828,2909,,,,1710511065
12161391,4335,2120,2746,,,1710515031
12161393,1398,2428,,,,1710513317
12161460,1521,2129,,,,1710513197
12161477,,,,,,
12110008,4088,2874,,,,1710471954
12110010,2351,2736,,,,1710442187
12110012,8987,2234,,,,1710463256
12110018,2729,2207,2839,,,1710451052
12110033,3144,2537,,,,1710458239
12110037,1347,2779,,,,1710441034
12110041,3387,659,,,,1710448283
12110075,3635,3911,2902,,,1710472437
12110077,1837,2315,,,,1710545929
12110078,4104,11121,2988,,,1710566545
12131503,1870,2590,,,,1710599123
12131505,2880,2463,,,,1710427183
12131507,7465,503,,,,1710513155
12131509,,,,,,1710500915
12131510,2908,4464,,,,1710500508
12131511,2182,1780,2619,,,1710434363
12131514,,,,,,1710509729
12131515,1676,3748,,,,1710592549
12131546,1432,2474,1730,,,1710439900
12131547,4043,1579,,,,1710570652
12131549,2418,2033,1658,,,1710458557
12131550,,,,,,1710472451
12131551,2224,2183,,,,1710563242
12131552,2433,2006,2690,,,1710455273
12131553,1628,1500,,,,1710445767
12131555,2351,2478,,,,1710444950
12131556,,,,,,1710439684
12131557,,,,,,1710441255
12131568,2240,2818,,,,1710512813
12131569,2198,3264,2327,,,1710515977
12131571,2672,2358,3182,,,1710505994
12131572,2476,2139,,,,1710590074
12131577,2845,2981,2823,,,1710506917
12131579,3022,3109,3805,,,1710599452
12131581,3103,3148,,,,1710420935
12131604,2312,1425,1713,,,1710451014
12131605,3741,2191,,,,1710437851
12131607,1892,4369,,,,1710548684
12131610,3451,1632,2242,,,1710430460
12131615,2710,4138,4050,,,1710532988
12131616,4412,3069,5281,,,1710519297
12131617,3096,4524,,,,1710541359
12131618,2711,2310,,,,1710457307
12131634,3742,2563,,,,1710518920
12131637,2630,3499,2910,,,1710528549
12131643,2045,3366,,,,1710441121
12131644,3185,2486,,,,1710436121
12131646,1941,1587,,,,1710430665
12131648,3622,2718,2804,,,1710435324
12151570,2640,78770,77023,,,1710369791
12151572,4026,77764,,,,1710366009
12152261,,,,,,
12152264,,,,,,
12152279,2201,78894,,,,1710365197
12152324,,,,,,
12152325,3074,2373,1495,,,1710437075
12152349,,,,,,
12152354,,,,,,
12152426,2428,3351,4884,,,1710463630
12152527,,,,,,
12152528,,,,,,
12152547,,,,,,
12152558,,,,,,
12152580,,,,,,
12152582,,,,,,
12152586,,,,,,
12152609,,,,,,
12152611,,,,,,
12152613,4696,3515,,,,1710435954
12152625,,,,,,
12152647,,,,,,
12153293,,,,,,
12153298,,,,,,
12153331,,,,,,
12153332,,,,,,
12153399,,,,,,
12153917,3132,2459,,,,1710424990
12154053,,,,,,
12154081,,,,,,
12154195,1767,2226,2022,,,1710423872
12154636,2337,1797,,,,1710424125
12154646,2131,4207,,,,1710429428
12154839,,,,,,
12154852,,,,,,
12154976,2872,3206,,,,1710430241
12155014,4416,2607,4558,,,1710427210
12155314,2855,3822,,,,1710428317
12156283,1582,3521,,,,1710441332
12157243,3229,2313,,,,1710428395
12157245,4734,2491,,,,1710429916
12157247,2372,2992,,,,1710433852
12157398,2150,2632,,,,1710430194
12157409,4848,4415,,,,1710423870
12157458,3646,2172,,,,1710426291
12157508,2605,2627,,,,1710424322
12157537,4290,4309,,,,1710430230
12157542,3142,2699,2063,,,1710439629
12157543,3368,4579,2635,,,1710437959
12157572,1800,3358,2016,,,1710427429
12157684,1935,2118,,,,1710425413
12157685,3512,2938,3292,,,1710429953
12157739,,,,,,1710414433
12157772,4291,3395,3009,,,1710426118
12157774,2785,2251,,,,1710422283
12157775,2778,1776,,,,1710425398
12157805,3121,3623,3490,,,1710429381
12157808,2810,3829,4132,,,1710447947
12157915,3171,2994,4514,,,1710438752
12157918,2089,2519,,,,1710422085
12157936,2427,3377,,,,1710436851
12157963,4194,3635,,,,1710442197
12158032,,,,,,1710409103
12158081,2288,2062,,,,1710424224
12158114,,,,,,1710349797
12158117,4674,2805,3203,,,1710432483
12158118,2797,2458,,,,1710423056
12158140,3841,2352,2824,,,1710439279
12158141,2250,2625,,,,1710427881
12158142,,,,,,
12158204,3707,1995,,,,1710424161
12158206,2462,10465,,,,1710431307
12158236,3429,4706,,,,1710432816
12158237,2607,3772,,,,1710426371
12158242,2097,65514,,,,1710444742
12158243,3951,3116,,,,1710441378
12158252,2838,3046,4029,,,1710425906
12158257,5646,1523,,,,1710513508
12158258,4173,1678,944,,,1710506522
12158259,4215,4425,,,,1710449499
12158260,2255,2327,3666,,,1710447022
12158261,57969,3943,65467,,,1710453702
12158262,2223,3647,,,,1710447862
12158263,4138,57883,58763,,,1710452508
12158264,1197,3431,,,,1710507047
12158275,3394,2462,,,,1710430001
12158276,2631,2933,,,,1710442204
12158282,4245,2502,4409,,,1710431030
12158300,2102,2508,,,,1710425869
12158317,2107,3579,1934,,,1710429467
12158347,3122,1812,,,,1710428553
12158348,4946,3305,,,,1710436443
12158357,1636,3556,,,,1710425609
12158363,2454,4713,1778,,,1710431314
12158365,4655,930,,,,1710426613
12158368,2723,2396,,,,1710424986
12158392,2575,2426,3671,,,1710438044
12158447,3581,2561,,,,1710440031
12158448,2624,2513,2312,,,1710474968
12158508,2733,2723,4741,,,1710452223
12158515,1805,3159,1634,,,1710444217
12158518,,,,,,
12158538,4012,3562,2514,,,1710438916
12158548,1682,2122,,,,1710448878
12158553,2234,4528,,,,1710432315
12158586,2460,1805,,,,1710443739
12158587,4584,3312,,,,1710434305
12158663,3345,3310,,,,1710446703
12158704,2655,2454,,,,1710456932
12158712,4016,2346,,,,1710446930
12159141,3100,2412,,,,1710450073
12159142,4293,2531,,,,1710469465
12159147,2443,2594,2902,,,1710466773
12159148,2573,1925,2707,,,1710466066
12159151,3964,3503,2151,,,1710478191
12159182,3173,2628,2243,,,1710467539
12159183,3910,2172,,,,1710471883
12159184,2457,4350,2550,,,1710471967
12159185,2039,2495,,,,1710472576
12159197,2394,2975,,,,1710467362
12159206,2699,2708,,,,1710467853
12159207,1463,1918,,,,1710482593
12159209,1160,1281,,,,1710478752
12159224,1984,1563,,,,1710479680
12159291,2599,1698,,,,1710477039
12159292,2003,3459,,,,1710463380
12159375,2472,4177,,,,1710484237
12159377,3003,2790,,,,1710478569
12159593,2558,1807,,,,1710478379
12159651,1481,1068,,,,1710483913
12159765,1430,1160,,,,1710479396
12159786,3864,1753,2292,,,1710488623
12159792,,,,,,1710489990
12159802,2347,3076,,,,1710485660
12159804,2260,1987,,,,1710485244
12159841,3818,2182,2170,,,1710496538
12159842,2248,3720,2503,,,1710505441
12160069,2479,3484,,,,1710492717
12160070,2152,3224,,,,1710492798
12160166,2546,2523,1731,,,1710496513
12160167,3006,2626,,,,1710486632
12160171,3524,1837,,,,1710486431
12160177,1904,2806,,,,1710493276
12160183,2916,4219,,,,1710491379
12160196,5007,2761,,,,1710502314
12160216,2270,2091,,,,1710496234
12160235,1353,2552,,,,1710484739
12160236,1895,664,,,,1710493549
12160255,4825,3604,,,,1710502478
12160347,2894,2993,,,,1710492976
12160368,1615,1492,,,,1710498927
12160369,6988,3211,7924,,,1710493132
12160387,2306,2977,,,,1710496094
12160413,5494,2560,,,,1710495895
12160432,2582,3985,,,,1710504164
12160440,2885,2317,,,,1710492903
12160441,2375,2564,,,,1710492757
12160454,2480,1888,,,,1710499541
12160455,3894,2428,,,,1710503841
12160457,3759,3322,,,,1710487546
12160468,4799,1775,3179,,,1710506686
12160469,2136,446,,,,1710492460
12160557,4897,2587,,,,1710495034
12160558,2276,3607,2367,,,1710503567
12160559,5053,3651,,,,1710495532
12160621,2572,3215,,,,1710492988
12160636,2075,4299,3368,,,1710499096
12160649,2670,2702,,,,1710502026
12160650,,,,,,
12160651,2683,2502,,,,1710481014
12160652,1790,4036,4245,,,1710491697
12160653,2754,1954,,,,1710577859
12160654,2051,2334,3756,,,1710568352
12160665,3387,3445,,,,1710504228
12160681,3376,1569,3164,,,1710497486
12160682,3854,2022,,,,1710494115
12160683,5878,4395,,,,1710493044
12160684,2554,2173,,,,1710498351
12160685,2988,3115,5100,,,1710506313
12160693,1992,3104,,,,1710493078
12160694,2048,1463,,,,1710504560
12160703,2053,2820,,,,1710501087
12160732,2059,2055,,,,1710503732
12160737,3110,2070,,,,1710497005
12160753,2948,2988,,,,1710495285
12160756,3695,2604,,,,1710494048
12160757,1916,3645,2569,,,1710504769
12160758,5489,4201,,,,1710498349
12160759,3979,3788,2650,,,1710505480
12160760,2826,2908,,,,1710502620
12160773,3567,2966,,,,1710497191
12160831,1731,2999,,,,1710495645
12160832,2659,2358,,,,1710495009
12160912,2758,2077,,,,1710503553
12160913,2204,2592,3794,,,1710520461
12160946,611,2366,,,,1710499679
12160947,2885,5156,1847,,,1710517426
12160949,8130,6518,,,,1710493773
12160958,3749,4549,,,,1710504182
12160977,2149,2792,,,,1710503240
12160984,1681,1670,,,,1710504620
12160985,2375,1940,,,,1710503648
12160986,1663,1951,,,,1710495419
12161004,,,,,,1710488657
12161014,3864,2845,,,,1710508645
12161015,1765,1863,,,,1710502703
12161030,1531,4097,,,,1710509592
12161046,2855,1933,,,,1710509066
12161109,2605,2350,,,,1710510728
12161118,2847,3530,,,,1710511092
12161140,2986,3816,,,,1710511569
12161141,1615,442,,,,1710497295
12161172,3866,2850,,,,1710505042
12161176,3337,4098,,,,1710515841
12161180,3922,3286,,,,1710512185
12161184,2640,2450,2619,,,1710517151
12161192,3131,2380,,,,1710515481
12161203,2106,1980,2607,,,1710512092
12161204,3072,3248,,,,1710515078
12161211,3362,4491,1351,,,1710521032
12161265,2828,2909,,,,1710511065
12161271,4979,2613,3004,,,1710524669
12161284,,,,,,
12161316,2543,2540,,,,1710514277
12161319,3522,3185,,,,1710522491
12161322,2128,2877,,,,1710518652
12161330,4144,4854,3156,,,1710521594
12161345,2580,2921,,,,1710514574
12161384,,,,,,1710499427
12161391,4335,2120,2746,,,1710515031
12161393,1398,2428,,,,1710513317
12161413,,,,,,
12161441,5,2101,,,,1710516238
12161460,1521,2129,,,,1710513197
12161468,1561,4956,,,,1710518446
12161477,,,,,,
12161479,1668,2832,,,,1710516216
12161531,,,,,,
12161565,1903,2305,,,,1710535143
12161612,2362,3544,,,,1710528391
12162112,2066,2096,,,,1710553866
12162129,2282,2873,,,,1710555726
12162140,3621,4489,,,,1710561563
12162141,4160,3753,2480,,,1710561604
12162144,2359,4616,,,,1710542738
12162167,3036,4601,4318,,,1710557703
12162184,1841,1811,,,,1710568657
12162192,3693,2532,,,,1710568440
12162193,2021,2755,,,,1710569381
12162197,3328,3859,,,,1710552933
12162328,1836,2353,,,,1710569321
12162697,2705,2373,,,,1710567297
12162709,3685,1721,2338,,,1710575370
12162730,2410,2357,,,,1710571735
12162753,1567,2339,,,,1710570774
12162770,3301,3062,,,,1710579779
12162823,2777,2685,,,,1710572102
12163101,3692,2237,,,,1710580562
12163102,1668,2305,,,,1710578476
12163136,1786,1419,,,,1710578645
12163138,3928,2296,,,,1710582679
12163140,5165,2703,1334,,,1710584471
12163144,1941,2853,,,,1710582578
12163155,1790,2872,,,,1710578287
12163162,1945,5417,5358,,,1710584273
12163163,2661,2796,,,,1710579311
12163168,2848,2835,2591,,,1710583563
12163215,2726,3258,,,,1710586325
12163217,2981,3008,,,,1710581879
12163255,2171,3032,,,,1710582417
12163256,3368,2721,,,,1710579873
12163262,1826,3813,,,,1710578310
12163284,2141,2495,,,,1710582116
12163300,3846,2269,3382,,,1710582894
12163301,2535,2964,,,,1710586119
12163302,2464,2911,2991,,,1710592793
12163308,3162,1361,,,,1710589502
12163309,2387,1832,,,,1710580798
12163310,1706,908,,,,1710578362
12163311,,,,,,
12163339,2863,4355,,,,1710581529
12163340,2587,3471,2868,,,1710587522
12163341,3576,2137,,,,1710587481
12163362,5123,5119,5263,,,1710523529
12163367,1208,2263,,,,1710577974
12163387,,,,,,
12163401,2092,3435,2012,,,1710591057
12163403,2791,2688,,,,1710589252
12163433,3738,3143,,,,1710597699
12163449,,,,,,
12163456,3475,2521,,,,1710597821
12163495,2413,3819,,,,1710595346
12163513,3106,2532,3454,,,1710603650
12163586,2436,4761,,,,1710600681
12163594,,,,,,
12163643,2047,4221,,,,1710600270
12163651,2719,4175,,,,1710595317
12163848,2343,1555,,,,1710601287
12163875,2921,4987,,,,1710597972
12163974,4974,1568,,,,1710599823
12164046,3111,2933,,,,1710598178
12164069,1617,3573,,,,1710596083
12164072,3025,345,,,,1710598066
12110007,12893,2743,2577,,,1710637294
12110017,1821,3799,2888,,,1710647174
12110077,1837,2315,,,,1710545929
12110078,4104,11121,2988,,,1710566545
12131503,1870,2590,,,,1710599123
12131504,,,,,,
12131507,7465,503,,,,1710513155
12131514,,,,,,1710509729
12131515,1676,3748,,,,1710592549
12131547,4043,1579,,,,1710570652
12131548,1874,2622,,,,1710617259
12131550,,,,,,1710472451
12131551,2224,2183,,,,1710563242
12131554,2354,4128,3947,,,1710620844
12131558,3276,3969,,,,1710640487
12131560,4041,3074,1816,,,1710633237
12131568,2240,2818,,,,1710512813
12131569,2198,3264,2327,,,1710515977
12131572,2476,2139,,,,1710590074
12131579,3022,3109,3805,,,1710599452
12131580,,,,,,
12131606,3114,5084,,,,1710609047
12131607,1892,4369,,,,1710548684
12131608,3110,3365,,,,1710601333
12131615,2710,4138,4050,,,1710532988
12131616,4412,3069,5281,,,1710519297
12131617,3096,4524,,,,1710541359
12131634,3742,2563,,,,1710518920
12131635,2223,2329,,,,1710608939
12131637,2630,3499,2910,,,1710528549
12148594,,,,,,
12152261,,,,,,
12152264,,,,,,
12152324,,,,,,
12152349,,,,,,
12152354,,,,,,
12152427,,,,,,
12152431,,,,,,
12152527,,,,,,
12152528,,,,,,
12152547,,,,,,
12152558,,,,,,
12152580,,,,,,
12152582,,,,,,
12152586,,,,,,
12152609,,,,,,
12152611,,,,,,
12152625,,,,,,
12152647,,,,,,
12153293,,,,,,
12153298,,,,,,
12153331,,,,,,
12153332,,,,,,
12153399,,,,,,
12154053,,,,,,
12154081,,,,,,
12154839,,,,,,
12154852,,,,,,
12158242,2097,65514,,,,1710444742
12158257,5646,1523,,,,1710513508
12158258,4173,1678,944,,,1710506522
12158261,57969,3943,65467,,,1710453702
12158263,4138,57883,58763,,,1710452508
12158264,1197,3431,,,,1710507047
12158518,,,,,,
12160650,,,,,,
12160653,2754,1954,,,,1710577859
12160654,2051,2334,3756,,,1710568352
12160913,2204,2592,3794,,,1710520461
12160947,2885,5156,1847,,,1710517426
12161014,3864,2845,,,,1710508645
12161030,1531,4097,,,,1710509592
12161046,2855,1933,,,,1710509066
12161109,2605,2350,,,,1710510728
12161118,2847,3530,,,,1710511092
12161140,2986,3816,,,,1710511569
12161176,3337,4098,,,,1710515841
12161180,3922,3286,,,,1710512185
12161184,2640,2450,2619,,,1710517151
12161192,3131,2380,,,,1710515481
12161203,2106,1980,2607,,,1710512092
12161204,3072,3248,,,,1710515078
12161211,3362,4491,1351,,,1710521032
12161265,2828,2909,,,,1710511065
12161271,4979,2613,3004,,,1710524669
12161284,,,,,,
12161316,2543,2540,,,,1710514277
12161319,3522,3185,,,,1710522491
12161322,2128,2877,,,,1710518652
12161330,4144,4854,3156,,,1710521594
12161345,2580,2921,,,,1710514574
12161384,,,,,,1710499427
12161391,4335,2120,2746,,,1710515031
12161393,1398,2428,,,,1710513317
12161413,,,,,,
12161441,5,2101,,,,1710516238
12161460,1521,2129,,,,1710513197
12161468,1561,4956,,,,1710518446
12161477,,,,,,
12161479,1668,2832,,,,1710516216
12161531,,,,,,
12161565,1903,2305,,,,1710535143
12161612,2362,3544,,,,1710528391
12162112,2066,2096,,,,1710553866
12162129,2282,2873,,,,1710555726
12162140,3621,4489,,,,1710561563
12162141,4160,3753,2480,,,1710561604
12162144,2359,4616,,,,1710542738
12162167,3036,4601,4318,,,1710557703
12162184,1841,1811,,,,1710568657
12162192,3693,2532,,,,1710568440
12162193,2021,2755,,,,1710569381
12162197,3328,3859,,,,1710552933
12162328,1836,2353,,,,1710569321
12162697,2705,2373,,,,1710567297
12162709,3685,1721,2338,,,1710575370
12162730,2410,2357,,,,1710571735
12162753,1567,2339,,,,1710570774
12162770,3301,3062,,,,1710579779
12162823,2777,2685,,,,1710572102
12163101,3692,2237,,,,1710580562
12163102,1668,2305,,,,1710578476
12163136,1786,1419,,,,1710578645
12163138,3928,2296,,,,1710582679
12163140,5165,2703,1334,,,1710584471
12163144,1941,2853,,,,1710582578
12163155,1790,2872,,,,1710578287
12163162,1945,5417,5358,,,1710584273
12163163,2661,2796,,,,1710579311
12163168,2848,2835,2591,,,1710583563
12163215,2726,3258,,,,1710586325
12163217,2981,3008,,,,1710581879
12163255,2171,3032,,,,1710582417
12163256,3368,2721,,,,1710579873
12163262,1826,3813,,,,1710578310
12163283,2843,2402,,,,1710602994
12163284,2141,2495,,,,1710582116
12163300,3846,2269,3382,,,1710582894
12163301,2535,2964,,,,1710586119
12163302,2464,2911,2991,,,1710592793
12163308,3162,1361,,,,1710589502
12163309,2387,1832,,,,1710580798
12163310,1706,908,,,,1710578362
12163311,,,,,,
12163339,2863,4355,,,,1710581529
12163340,2587,3471,2868,,,1710587522
12163341,3576,2137,,,,1710587481
12163362,5123,5119,5263,,,1710523529
12163367,1208,2263,,,,1710577974
12163387,,,,,,
12163401,2092,3435,2012,,,1710591057
12163403,2791,2688,,,,1710589252
12163433,3738,3143,,,,1710597699
12163449,,,,,,
12163456,3475,2521,,,,1710597821
12163495,2413,3819,,,,1710595346
12163496,2994,3471,,,,1710610180
12163513,3106,2532,3454,,,1710603650
12163586,2436,4761,,,,1710600681
12163594,,,,,,
12163631,2959,3156,3681,,,1710606718
12163643,2047,4221,,,,1710600270
12163651,2719,4175,,,,1710595317
12163698,6780,4934,,,,1710603543
12163722,3271,5289,,,,1710601468
12163758,1894,4087,4060,,,1710607448
12163803,7105,4245,,,,1710605473
12163848,2343,1555,,,,1710601287
12163863,1696,3127,,,,1710605840
12163875,2921,4987,,,,1710597972
12163974,4974,1568,,,,1710599823
12164046,3111,2933,,,,1710598178
12164069,1617,3573,,,,1710596083
12164072,3025,345,,,,1710598066
12164530,2874,3542,2582,,,1710628242
12164637,2298,1740,,,,1710633911
12164655,2316,4026,,,,1710643744
12164751,3330,1824,,,,1710639541
12164754,2017,2027,,,,1710653991
12164755,,,,,,
12164773,,,,,,1710655628
12164792,1954,2378,,,,1710637866
12164800,,,,,,
12164801,,,,,,
12164802,,,,,,
12164803,,,,,,
12164804,,,,,,
12164805,,,,,,
12164806,,,,,,
12164807,,,,,,
12164808,,,,,,
12164809,,,,,,
12164810,,,,,,
12164811,,,,,,
12164812,,,,,,
12164813,,,,,,
12164814,,,,,,
12164815,,,,,,
12164816,,,,,,
12164817,,,,,,
12164818,,,,,,
12164819,,,,,,
12164820,,,,,,
12164821,,,,,,
12164822,,,,,,
12164823,,,,,,
12164824,,,,,,
12164827,2798,,,,,1710656611
12164845,,,,,,
12164888,,,,,,
12164889,,,,,,
12164892,,,,,,
12164893,,,,,,
12164895,,,,,,
12164896,,,,,,
12164897,,,,,,
12164898,,,,,,
12164900,,,,,,
12164901,,,,,,
12164902,,,,,,
12164903,,,,,,
12164904,,,,,,
12164905,,,,,,
12164906,,,,,,
12164907,,,,,,
12164908,,,,,,
12164909,,,,,,
12164910,,,,,,
12164911,,,,,,
12164912,,,,,,
12164913,,,,,,
12164914,,,,,,
12164915,,,,,,
12164916,,,,,,
12164917,,,,,,
12164918,,,,,,
12164919,,,,,,
12164920,,,,,,
12164921,,,,,,
12164922,,,,,,
12164923,,,,,,
12164924,,,,,,
12164925,,,,,,
12164932,,,,,,
12164934,,,,,,
12164953,,,,,,
12164954,,,,,,
12165006,,,,,,
12165024,,,,,,
12165045,,,,,,
12165046,,,,,,
12165086,,,,,,
12165135,,,,,,
12165234,,,,,,
12165237,,,,,,
12165238,,,,,,
12165239,,,,,,
12165240,,,,,,
12165241,,,,,,
12165242,,,,,,
12165243,,,,,,
12165244,,,,,,
12165245,,,,,,
12165246,,,,,,
12165247,,,,,,
12165248,,,,,,
12165249,,,,,,
12165250,,,,,,
12165251,,,,,,
12165252,,,,,,
12165387,,,,,,
12165394,3221,2237,2674,,,1710613747
12165395,2258,3370,3205,,,1710614331
12165514,,,,,,
12165516,,,,,,
12165517,,,,,,
12165518,,,,,,
12165519,,,,,,
12165520,,,,,,
12165521,,,,,,
12165522,,,,,,
12165523,,,,,,
12165524,,,,,,
12165525,,,,,,
12165526,,,,,,
12165527,,,,,,
12165528,,,,,,
12165529,,,,,,
12165530,,,,,,
12165531,,,,,,
12165532,,,,,,
12165533,,,,,,
12165534,,,,,,
12165535,,,,,,
12165536,,,,,,
12165537,,,,,,
12165538,,,,,,
12165539,,,,,,
12165540,,,,,,
12165541,,,,,,
12165542,,,,,,
12165543,,,,,,
12165544,,,,,,
12165545,,,,,,
12165546,,,,,,
12165547,,,,,,
12165548,,,,,,
12165549,,,,,,
12165550,,,,,,
12165551,,,,,,
12165552,,,,,,
12165553,,,,,,
12165554,,,,,,
12165555,,,,,,
12165556,,,,,,
12165557,,,,,,
12165558,,,,,,
12165559,,,,,,
12165560,,,,,,
12165561,,,,,,
12165562,,,,,,
12165563,,,,,,
12165564,,,,,,
12165565,,,,,,
12165566,,,,,,
12165567,,,,,,
12165568,,,,,,
12165569,,,,,,
12165570,,,,,,
12165571,,,,,,
12165572,,,,,,
12165573,,,,,,
12165574,,,,,,
12165647,,,,,,
12165648,,,,,,
12165649,,,,,,
12165650,,,,,,
12165651,,,,,,
12165652,,,,,,
12165667,,,,,,
12165668,,,,,,
12165669,,,,,,
12165670,,,,,,
12165671,,,,,,
12165672,,,,,,
12165673,,,,,,
12165674,,,,,,
12165675,,,,,,
12165676,,,,,,
12165677,,,,,,
12165678,,,,,,
12165679,,,,,,
12165680,,,,,,
12165681,,,,,,
12165682,,,,,,
12165683,,,,,,
12165684,,,,,,
12165685,,,,,,
12165686,,,,,,
12165687,,,,,,
12165688,,,,,,
12165689,,,,,,
12165690,,,,,,
12165691,,,,,,
12165692,,,,,,
12165693,,,,,,
12165700,,,,,,
12165701,,,,,,
12165702,,,,,,
12165703,,,,,,
12165704,,,,,,
12165705,,,,,,
12165706,,,,,,
12165707,,,,,,
12165708,,,,,,
12165709,,,,,,
12165710,,,,,,
12165711,,,,,,
12165712,,,,,,
12165713,,,,,,
12165714,,,,,,
12165715,,,,,,
12165752,,,,,,
12165753,,,,,,
12165754,,,,,,1710662782
12165755,,,,,,
12165756,,,,,,
12165758,,,,,,
12165759,,,,,,
12165760,,,,,,
12165761,,,,,,1710662909
12165763,,,,,,1710663132
12165764,,,,,,
12165767,,,,,,
12165769,,,,,,
12165770,,,,,,
12165771,,,,,,
12165772,,,,,,
12165774,,,,,,
12165775,,,,,,
12165776,,,,,,
12165777,,,,,,
12165778,,,,,,
12165779,,,,,,
12165781,,,,,,
12165811,,,,,,
12165812,,,,,,
12165813,,,,,,
12165814,,,,,,
12165815,,,,,,
12165816,,,,,,
12165817,,,,,,
12165818,,,,,,
12165819,,,,,,
12165820,,,,,,
12165821,,,,,,
12165822,,,,,,
12165823,,,,,,
12165824,,,,,,
12165825,,,,,,
12165826,,,,,,
12165827,,,,,,
12165828,,,,,,
12165829,,,,,,
12165830,,,,,,
12165831,,,,,,
12165832,,,,,,
12165833,,,,,,
12165834,,,,,,
12165835,,,,,,
12165836,,,,,,
12165837,,,,,,
12165838,,,,,,
12165839,,,,,,
12165840,,,,,,
12165841,,,,,,
12165842,,,,,,
12165843,,,,,,
12165844,,,,,,
12165845,,,,,,
12165846,,,,,,
12165847,,,,,,
12165848,,,,,,
12165849,,,,,,
12165850,,,,,,
12165887,,,,,,
12165888,,,,,,
12165889,,,,,,
12165890,,,,,,
12165891,,,,,,
12165892,,,,,,
12165893,,,,,,
12165894,,,,,,
12165895,,,,,,
12165896,,,,,,
12165897,,,,,,
12165898,,,,,,
12165899,,,,,,
12165900,,,,,,
12165901,,,,,,
12165902,,,,,,
12165903,,,,,,
12165904,,,,,,
12165905,,,,,,
12165906,,,,,,
12165907,,,,,,
12165908,,,,,,
12165909,,,,,,
12165910,,,,,,
12165911,,,,,,
12165912,,,,,,
12165913,,,,,,
12165914,,,,,,
12165915,,,,,,
12165916,,,,,,
12165917,,,,,,
12165918,,,,,,
12165919,,,,,,
12165920,,,,,,
12165921,,,,,,
12165922,,,,,,
12165923,,,,,,
12165924,,,,,,
12165925,,,,,,
12165926,,,,,,
12165927,,,,,,
12165928,,,,,,
12165929,,,,,,
12165930,,,,,,
12165931,,,,,,
12165932,,,,,,
12165933,,,,,,
12165934,,,,,,
12165935,,,,,,
12165936,,,,,,
12165937,,,,,,
12165938,,,,,,
12165939,,,,,,
12165940,,,,,,
12165941,,,,,,
12165942,,,,,,
12165943,,,,,,
12165944,,,,,,
12165945,,,,,,
12165946,,,,,,
12165947,,,,,,
12165948,,,,,,
12165949,,,,,,
12165950,,,,,,
12165951,,,,,,
12165952,,,,,,
12165953,,,,,,
12165954,,,,,,
12165955,,,,,,
12165956,,,,,,
12165957,,,,,,
12165958,,,,,,
12165959,,,,,,
12165960,,,,,,
12165961,,,,,,
12165962,,,,,,
12165963,,,,,,
12165964,,,,,,
12165965,,,,,,
12165966,,,,,,
12165967,,,,,,
12165968,,,,,,
12165969,,,,,,
12165970,,,,,,
12165971,,,,,,
12165972,,,,,,
12165973,,,,,,
12165974,,,,,,
12165975,,,,,,
12165976,,,,,,
12165977,,,,,,
12165978,,,,,,
12165979,,,,,,
12165982,,,,,,
12165983,,,,,,
12165984,,,,,,
12165985,,,,,,
12165986,,,,,,
12165987,,,,,,
12165989,,,,,,
12165991,,,,,,
12165992,,,,,,
12165996,,,,,,
12165997,,,,,,
12165998,,,,,,
12165999,,,,,,
12166000,,,,,,
12166001,,,,,,
12166002,,,,,,
12166003,,,,,,
12166004,,,,,,
12166005,,,,,,
12166006,,,,,,
12166007,,,,,,
12166008,,,,,,
12166010,,,,,,
12166011,,,,,,
12166012,,,,,,
12166013,,,,,,
12166014,,,,,,
12166015,,,,,,
12166016,,,,,,
12166017,,,,,,
12166018,,,,,,
12166019,,,,,,
12166020,,,,,,
12166021,,,,,,
12166022,,,,,,
12166023,,,,,,
12166024,,,,,,
12166025,,,,,,
12166026,,,,,,
12166027,,,,,,
12166028,,,,,,
12166029,,,,,,
12166030,,,,,,
12166031,,,,,,
12166032,,,,,,
12166033,,,,,,
12166034,,,,,,
12166035,,,,,,
12166036,,,,,,
12166037,,,,,,
12166038,,,,,,
12166039,,,,,,
12166040,,,,,,
12166041,,,,,,
12166047,,,,,,
12166048,,,,,,
12166049,,,,,,
12166050,,,,,,
12166051,,,,,,
12166052,,,,,,
12166053,,,,,,
12166054,,,,,,
12166055,,,,,,
12166056,,,,,,
12166057,,,,,,
12166058,,,,,,
12166059,,,,,,
12166060,,,,,,
12166061,,,,,,
12166062,,,,,,
12166063,,,,,,
12166064,,,,,,
12166065,,,,,,
12166066,,,,,,
12166067,,,,,,
12166068,,,,,,
12166069,,,,,,
12166070,,,,,,
12166071,,,,,,
12166072,,,,,,
12166073,,,,,,
12166074,,,,,,
12166075,,,,,,
12166076,,,,,,
12166077,,,,,,
12166078,,,,,,
12166079,,,,,,
12166080,,,,,,
12166081,,,,,,
12166082,,,,,,
12166083,,,,,,
12166084,,,,,,
12166085,,,,,,
12166086,,,,,,
12166087,,,,,,
12166088,,,,,,
12166089,,,,,,
12166090,,,,,,
12166091,,,,,,
12166092,,,,,,
12166093,,,,,,
12166094,,,,,,
12166096,,,,,,
12166097,,,,,,
12166098,,,,,,
12166100,,,,,,
12166101,,,,,,
12166102,,,,,,
12166103,,,,,,
12166104,,,,,,
12166105,,,,,,
12166106,,,,,,
12166107,,,,,,
12166108,,,,,,
12166273,,,,,,
12166278,,,,,,
12166279,,,,,,
12166281,,,,,,
12166283,,,,,,
12166285,,,,,,
12166288,,,,,,
12166289,,,,,,
12166290,,,,,,
12166291,,,,,,
12166292,,,,,,
12166293,,,,,,
12166294,,,,,,
12166296,,,,,,
12166297,,,,,,
12166298,,,,,,
12166299,,,,,,
12166300,,,,,,
12166302,,,,,,
12166797,,,,,,
12166798,,,,,,
12110004,4198,1938,,,,1710714091
12110007,2040,2743,2577,,,1710637294
12110017,1821,3799,2888,,,1710647174
12110074,2606,1474,,,,1710701550
12131503,1870,2590,,,,1710599123
12131504,2383,1453,,,,1710679645
12131515,1676,3748,,,,1710592549
12131548,1874,2622,,,,1710617259
12131554,2354,4128,3947,,,1710620844
12131558,3276,3969,,,,1710640487
12131559,3052,4011,,,,1710713004
12131560,4041,3074,1816,,,1710633237
12131579,3022,3109,3805,,,1710599452
12131580,,,,,,1710677450
12131606,3114,5084,,,,1710609047
12131608,3110,3365,,,,1710601333
12131609,3225,2507,,,,1710706079
12131635,2223,2329,,,,1710608939
12148594,,,,,,
12152261,,,,,,
12152264,,,,,,
12152324,,,,,,
12152427,,,,,,
12152431,,,,,,
12152611,,,,,,
12163283,2843,2402,,,,1710602994
12163433,3738,3143,,,,1710597699
12163456,3475,2521,,,,1710597821
12163495,2413,3819,,,,1710595346
12163496,2994,3471,,,,1710610180
12163513,3106,2532,3454,,,1710603650
12163586,2436,4761,,,,1710600681
12163631,2959,3156,3681,,,1710606718
12163643,2047,4221,,,,1710600270
12163651,2719,4175,,,,1710595317
12163698,6780,4934,,,,1710603543
12163722,3271,5289,,,,1710601468
12163758,1894,4087,4060,,,1710607448
12163803,7105,4245,,,,1710605473
12163848,2343,1555,,,,1710601287
12163863,1696,3127,,,,1710605840
12163875,2921,4987,,,,1710597972
12163974,4974,1568,,,,1710599823
12164046,3111,2933,,,,1710598178
12164069,1617,3573,,,,1710596083
12164072,3025,345,,,,1710598066
12164530,2874,3542,2582,,,1710628242
12164637,2298,1740,,,,1710633911
12164655,2316,4026,,,,1710643744
12164751,3330,1824,,,,1710639541
12164754,2017,2027,,,,1710653991
12164755,2416,2837,,,,1710666923
12164773,1923,1655,,,,1710657551
12164792,1954,2378,,,,1710637866
12164800,,,,,,
12164801,,,,,,
12164802,,,,,,
12164803,,,,,,
12164804,,,,,,
12164805,,,,,,
12164806,,,,,,
12164807,,,,,,
12164808,,,,,,
12164809,,,,,,
12164810,,,,,,
12164811,,,,,,
12164812,,,,,,
12164813,,,,,,
12164814,,,,,,
12164815,,,,,,
12164816,,,,,,
12164817,,,,,,
12164818,,,,,,
12164819,,,,,,
12164820,,,,,,
12164821,,,,,,
12164822,,,,,,
12164823,,,,,,
12164824,,,,,,
12164827,2798,2925,6041,,,1710657174
12164845,3187,3408,,,,1710666322
12164888,1435,2337,,,,1710668012
12164889,3977,2671,,,,1710667023
12164892,,,,,,
12164893,,,,,,
12164895,,,,,,
12164896,,,,,,
12164897,,,,,,
12164898,,,,,,
12164900,,,,,,
12164901,,,,,,
12164902,,,,,,
12164903,,,,,,
12164904,,,,,,
12164905,,,,,,
12164906,,,,,,
12164907,,,,,,
12164908,,,,,,
12164909,,,,,,
12164910,,,,,,
12164911,,,,,,
12164912,,,,,,
12164913,,,,,,
12164914,,,,,,
12164915,,,,,,
12164916,,,,,,
12164917,,,,,,
12164918,,,,,,
12164919,,,,,,
12164920,,,,,,
12164921,,,,,,
12164922,,,,,,
12164923,,,,,,
12164924,,,,,,
12164925,,,,,,
12164932,2471,1708,,,,1710667731
12164934,3787,2688,,,,1710666765
12164953,3386,1868,,,,1710668180
12164954,15876,20487,,,,1710664346
12165006,15136,5327,,,,1710677989
12165024,3751,3050,,,,1710666803
12165045,2807,3155,,,,1710680130
12165046,3064,1876,,,,1710672993
12165086,2535,1984,1710,,,1710674753
12165135,4341,3003,,,,1710674353
12165234,2166,2461,,,,1710666391
12165237,,,,,,
12165238,,,,,,
12165239,,,,,,
12165240,,,,,,
12165241,,,,,,
12165242,,,,,,
12165243,,,,,,
12165244,,,,,,
12165245,,,,,,
12165246,,,,,,
12165247,,,,,,
12165248,,,,,,
12165249,,,,,,
12165250,,,,,,
12165251,,,,,,
12165252,,,,,,
12165387,2332,3608,,,,1710672695
12165394,3221,2237,2674,,,1710613747
12165395,2258,3370,3205,,,1710614331
12165514,1511,2600,2526,,,1710685047
12165516,,,,,,
12165517,,,,,,
12165518,,,,,,
12165519,,,,,,
12165520,,,,,,
12165521,,,,,,
12165522,,,,,,
12165523,,,,,,
12165524,,,,,,
12165525,,,,,,
12165526,,,,,,
12165527,,,,,,
12165528,,,,,,
12165529,,,,,,
12165530,,,,,,
12165531,,,,,,
12165532,,,,,,
12165533,,,,,,
12165534,,,,,,
12165535,,,,,,
12165536,,,,,,
12165537,,,,,,
12165538,,,,,,
12165539,,,,,,
12165540,,,,,,
12165541,,,,,,
12165542,,,,,,
12165543,,,,,,
12165544,,,,,,
12165545,,,,,,
12165546,,,,,,
12165547,,,,,,
12165548,,,,,,
12165549,,,,,,
12165550,,,,,,
12165551,,,,,,
12165552,,,,,,
12165553,,,,,,
12165554,,,,,,
12165555,,,,,,
12165556,,,,,,
12165557,,,,,,
12165558,,,,,,
12165559,,,,,,
12165560,,,,,,
12165561,,,,,,
12165562,,,,,,
12165563,,,,,,
12165564,,,,,,
12165565,,,,,,
12165566,,,,,,
12165567,,,,,,
12165568,,,,,,
12165569,,,,,,
12165570,,,,,,
12165571,,,,,,
12165572,,,,,,
12165573,,,,,,
12165574,,,,,,
12165609,2433,2743,,,,1710687904
12165644,3564,5022,,,,1710688372
12165646,2515,3789,4746,,,1710692551
12165647,2562,1537,,,,1710678865
12165648,2115,2411,,,,1710668456
12165649,2069,3003,4435,,,1710671305
12165650,1294,1901,,,,1710673130
12165651,1440,1475,,,,1710680464
12165652,1855,2039,,,,1710683034
12165653,1416,3008,,,,1710687679
12165667,2393,2753,,,,1710683614
12165668,,,,,,
12165669,,,,,,
12165670,,,,,,
12165671,,,,,,
12165672,,,,,,
12165673,,,,,,
12165674,,,,,,
12165675,,,,,,
12165676,,,,,,
12165677,,,,,,
12165678,,,,,,
12165679,,,,,,
12165680,,,,,,
12165681,,,,,,
12165682,,,,,,
12165683,,,,,,
12165684,,,,,,
12165685,,,,,,
12165686,,,,,,
12165687,,,,,,
12165688,,,,,,
12165689,,,,,,
12165690,,,,,,
12165691,,,,,,
12165692,,,,,,
12165693,,,,,,
12165700,,,,,,
12165701,,,,,,
12165702,,,,,,
12165703,,,,,,
12165704,,,,,,
12165705,,,,,,
12165706,,,,,,
12165707,,,,,,
12165708,,,,,,
12165709,,,,,,
12165710,,,,,,
12165711,,,,,,
12165712,,,,,,
12165713,,,,,,
12165714,,,,,,
12165715,,,,,,
12165751,2872,3115,2611,,,1710690974
12165752,3046,1447,899,,,1710679954
12165753,1861,2421,,,,1710669784
12165754,2339,2077,,,,1710665121
12165755,1492,4459,,,,1710683357
12165756,3015,4250,,,,1710670285
12165757,1244,2438,,,,1710694735
12165758,2503,3618,,,,1710677318
12165759,1547,2138,872,,,1710673053
12165760,2881,1986,,,,1710675931
12165761,1860,1602,,,,1710664769
12165762,2704,3135,,,,1710690557
12165763,2164,3304,,,,1710665296
12165764,1840,2453,,,,1710683768
12165765,2192,3760,,,,1710689352
12165766,1895,1922,,,,1710690703
12165767,4476,3712,,,,1710683089
12165769,1907,1033,,,,1710675885
12165770,2387,2760,,,,1710684820
12165771,3562,3590,1394,,,1710691979
12165772,1367,1490,,,,1710665954
12165773,1973,1664,,,,1710695982
12165774,2733,3077,,,,1710674213
12165775,3540,2223,,,,1710681700
12165776,2502,3415,,,,1710667165
12165777,3120,1695,,,,1710674168
12165778,1501,2040,,,,1710678284
12165779,1814,1437,,,,1710683090
12165780,2077,1334,,,,1710690429
12165781,3232,2270,,,,1710667934
12165811,,,,,,
12165812,,,,,,
12165813,,,,,,
12165814,,,,,,
12165815,,,,,,
12165816,,,,,,
12165817,,,,,,
12165818,,,,,,
12165819,,,,,,
12165820,,,,,,
12165821,,,,,,
12165822,,,,,,
12165823,,,,,,
12165824,,,,,,
12165825,,,,,,
12165826,,,,,,
12165827,,,,,,
12165828,,,,,,
12165829,,,,,,
12165830,,,,,,
12165831,,,,,,
12165832,,,,,,
12165833,,,,,,
12165834,,,,,,
12165835,,,,,,
12165836,,,,,,
12165837,,,,,,
12165838,,,,,,
12165839,,,,,,
12165840,,,,,,
12165841,,,,,,
12165842,,,,,,
12165843,,,,,,
12165844,,,,,,
12165845,,,,,,
12165846,,,,,,
12165847,,,,,,
12165848,,,,,,
12165849,,,,,,
12165850,,,,,,
12165879,1046,1100,,,,1710693479
12165887,,,,,,
12165888,,,,,,
12165889,,,,,,
12165890,,,,,,
12165891,,,,,,
12165892,,,,,,
12165893,,,,,,
12165894,,,,,,
12165895,,,,,,
12165896,,,,,,
12165897,,,,,,
12165898,,,,,,
12165899,,,,,,
12165900,,,,,,
12165901,,,,,,
12165902,,,,,,
12165903,,,,,,
12165904,,,,,,
12165905,,,,,,
12165906,,,,,,
12165907,,,,,,
12165908,,,,,,
12165909,,,,,,
12165910,,,,,,
12165911,,,,,,
12165912,,,,,,
12165913,,,,,,
12165914,,,,,,
12165915,,,,,,
12165916,,,,,,
12165917,,,,,,
12165918,,,,,,
12165919,,,,,,
12165920,,,,,,
12165921,,,,,,
12165922,,,,,,
12165923,,,,,,
12165924,,,,,,
12165925,,,,,,
12165926,,,,,,
12165927,,,,,,
12165928,,,,,,
12165929,,,,,,
12165930,,,,,,
12165931,,,,,,
12165932,,,,,,
12165933,,,,,,
12165934,,,,,,
12165935,,,,,,
12165936,,,,,,
12165937,,,,,,
12165938,,,,,,
12165939,,,,,,
12165940,,,,,,
12165941,,,,,,
12165942,,,,,,
12165943,,,,,,
12165944,,,,,,
12165945,,,,,,
12165946,,,,,,
12165947,,,,,,
12165948,,,,,,
12165949,,,,,,
12165950,,,,,,
12165951,,,,,,
12165952,,,,,,
12165953,,,,,,
12165954,,,,,,
12165955,,,,,,
12165956,,,,,,
12165957,,,,,,
12165958,,,,,,
12165959,,,,,,
12165960,,,,,,
12165961,,,,,,
12165962,,,,,,
12165963,,,,,,
12165964,,,,,,
12165965,,,,,,
12165966,,,,,,
12165967,,,,,,
12165968,,,,,,
12165969,,,,,,
12165970,,,,,,
12165971,,,,,,
12165972,,,,,,
12165973,,,,,,
12165974,,,,,,
12165975,,,,,,
12165976,,,,,,
12165977,,,,,,
12165978,,,,,,
12165979,,,,,,
12165982,1890,2877,2894,,,1710674855
12165983,3879,2644,,,,1710673928
12165984,3435,2812,,,,1710673832
12165985,1898,2848,,,,1710679601
12165986,2576,3345,3289,,,1710683352
12165987,3487,2547,,,,1710682472
12165989,1845,2860,,,,1710685232
12165990,2156,2513,,,,1710696919
12165991,1857,2687,2933,,,1710690771
12165992,1474,569,,,,1710688955
12165993,3315,2681,3427,,,1710691425
12165994,3525,5229,,,,1710692724
12165995,2173,2433,,,,1710692826
12165996,,,,,,
12165997,,,,,,
12165998,,,,,,
12165999,,,,,,
12166000,,,,,,
12166001,,,,,,
12166002,,,,,,
12166003,,,,,,
12166004,,,,,,
12166005,,,,,,
12166006,,,,,,
12166007,,,,,,
12166008,,,,,,
12166010,,,,,,
12166011,,,,,,
12166012,,,,,,
12166013,,,,,,
12166014,,,,,,
12166015,,,,,,
12166016,,,,,,
12166017,,,,,,
12166018,,,,,,
12166019,,,,,,
12166020,,,,,,
12166021,,,,,,
12166022,,,,,,
12166023,,,,,,
12166024,,,,,,
12166025,,,,,,
12166026,,,,,,
12166027,,,,,,
12166028,,,,,,
12166029,,,,,,
12166030,,,,,,
12166031,,,,,,
12166032,,,,,,
12166033,,,,,,
12166034,,,,,,
12166035,,,,,,
12166036,,,,,,
12166037,,,,,,
12166038,,,,,,
12166039,,,,,,
12166040,,,,,,
12166041,,,,,,
12166047,,,,,,
12166048,,,,,,
12166049,,,,,,
12166050,,,,,,
12166051,,,,,,
12166052,,,,,,
12166053,,,,,,
12166054,,,,,,
12166055,,,,,,
12166056,,,,,,
12166057,,,,,,
12166058,,,,,,
12166059,,,,,,
12166060,,,,,,
12166061,,,,,,
12166062,,,,,,
12166063,,,,,,
12166064,,,,,,
12166065,,,,,,
12166066,,,,,,
12166067,,,,,,
12166068,,,,,,
12166069,,,,,,
12166070,,,,,,
12166071,,,,,,
12166072,,,,,,
12166073,,,,,,
12166074,,,,,,
12166075,,,,,,
12166076,,,,,,
12166077,,,,,,
12166078,,,,,,
12166079,,,,,,
12166080,,,,,,
12166081,,,,,,
12166082,,,,,,
12166083,,,,,,
12166084,,,,,,
12166085,,,,,,
12166086,,,,,,
12166087,,,,,,
12166088,,,,,,
12166089,,,,,,
12166090,,,,,,
12166091,,,,,,
12166092,,,,,,
12166093,,,,,,
12166094,,,,,,
12166096,2720,2768,,,,1710669200
12166097,1339,2097,,,,1710667779
12166098,3419,2973,,,,1710670027
12166100,1790,2331,,,,1710672348
12166101,2417,792,,,,1710675159
12166102,2126,1618,1633,,,1710677672
12166103,2954,2979,2304,,,1710686674
12166104,1352,1540,,,,1710678348
12166105,1834,2340,,,,1710691625
12166106,2307,3681,,,,1710677912
12166107,2603,3835,,,,1710684839
12166108,1919,2369,2739,,,1710685171
12166154,2729,4680,,,,1710690573
12166272,,,,,,
12166273,,,,,,
12166274,,,,,,
12166275,,,,,,
12166276,,,,,,
12166277,,,,,,
12166278,,,,,,
12166279,,,,,,
12166280,,,,,,
12166281,,,,,,
12166282,,,,,,
12166283,,,,,,
12166284,,,,,,
12166285,,,,,,
12166286,,,,,,
12166287,,,,,,
12166288,,,,,,
12166289,,,,,,
12166290,,,,,,
12166291,,,,,,
12166292,,,,,,
12166293,,,,,,
12166294,,,,,,
12166295,,,,,,
12166296,,,,,,
12166297,,,,,,
12166298,,,,,,
12166299,,,,,,
12166300,,,,,,
12166301,,,,,,
12166302,,,,,,
12166303,,,,,,
12166338,3948,2071,,,,1710697724
12166339,4190,5209,2821,,,1710718279
12166340,2592,3762,3749,,,1710707203
12166341,3101,4145,,,,1710691419
12166342,2820,2976,,,,1710709045
12166343,3702,2265,3467,,,1710718886
12166344,4611,3301,2229,,,1710695968
12166345,1664,3175,,,,1710713424
12166346,2085,3024,,,,1710702795
12166347,2534,1780,,,,1710705234
12166348,3010,2854,,,,1710696915
12166349,1651,3209,,,,1710689662
12166350,2716,3407,4681,,,1710707462
12166351,2135,2439,,,,1710702881
12166352,1726,3629,,,,1710689974
12166353,3812,2335,2771,,,1710711450
12166354,1874,1992,2803,,,1710691790
12166355,2745,2095,,,,1710698206
12166356,1865,2212,2088,,,1710692208
12166357,3539,4012,3527,,,1710704213
12166358,2419,2384,,,,1710690399
12166359,2917,2139,,,,1710702187
12166360,2728,2238,,,,1710697448
12166361,2222,2171,,,,1710697511
12166423,1703,2241,,,,1710704303
12166424,2298,1426,,,,1710705049
12166425,,,,,,
12166426,2629,3433,,,,1710704951
12166427,2608,2070,,,,1710710529
12166428,3823,3411,,,,1710717158
12166429,1430,2382,,,,1710714964
12166430,351,2245,,,,1710710880
12166431,1879,3713,,,,1710715804
12166434,2540,2299,2759,,,1710723225
12166435,3687,2240,2608,,,1710727643
12166437,2058,1926,,,,1710722320
12166797,,,,,,
12166798,,,,,,
12166828,2406,2357,,,,1710708893
12166925,1780,1745,,,,1710697220
12166926,3846,3023,,,,1710704956
12166927,2333,2783,,,,1710701618
12166928,2042,2048,,,,1710697459
12166936,3050,3242,,,,1710712796
12166937,1974,3631,,,,1710702363
12166946,3896,3105,3064,,,1710773211
12166955,2874,2555,,,,1710768285
12166960,2629,1973,,,,1710772743
12166961,3600,3033,,,,1710773615
12166973,,,,,,
12166974,,,,,,
12166975,,,,,,
12166976,,,,,,
12166977,,,,,,
12166978,,,,,,
12166979,,,,,,
12166980,,,,,,
12166981,,,,,,
12166982,,,,,,
12166983,,,,,,
12166984,,,,,,
12166985,,,,,,
12166986,,,,,,
12166989,,,,,,
12166990,,,,,,
12166991,,,,,,
12166992,,,,,,
12166993,,,,,,
12166994,,,,,,
12166995,,,,,,
12166996,,,,,,
12166997,,,,,,
12166998,,,,,,
12166999,,,,,,
12167000,,,,,,
12167001,,,,,,
12167002,,,,,,
12167003,,,,,,
12167004,,,,,,
12167005,,,,,,
12167311,,,,,,
12167312,,,,,,
12167313,,,,,,
12167314,,,,,,
12167315,,,,,,
12167316,,,,,,
12167317,,,,,,
12167318,,,,,,
12167319,,,,,,
12167320,,,,,,
12167321,,,,,,
12167322,,,,,,
12167323,,,,,,
12167324,,,,,,
12167325,,,,,,
12167326,,,,,,
12167327,,,,,,
12167328,,,,,,
12167329,,,,,,
12167330,,,,,,
12167331,,,,,,
12167332,,,,,,
12167333,,,,,,
12167334,,,,,,
12167335,,,,,,
12167336,,,,,,
12167337,,,,,,
12167338,,,,,,
12167339,,,,,,
12167340,,,,,,
12167341,,,,,,
12167342,,,,,,
12167591,1848,3314,,,,1710754622
12167593,2217,2674,,,,1710755032
12167668,,,,,,
12167669,,,,,,
12167670,,,,,,
12167671,,,,,,
12167672,,,,,,
12167673,,,,,,
12167674,,,,,,
12167675,,,,,,
12167676,,,,,,
12167677,,,,,,
12167678,,,,,,
12167679,,,,,,
12167680,,,,,,
12167681,,,,,,
12167682,,,,,,
12167725,,,,,,
12167729,2115,2704,,,,1710754831
12167748,3164,2976,4511,,,1710765361
12167751,2538,3980,,,,1710759269
12167771,,,,,,
12167805,2411,3211,,,,1710755322
12167806,6152,2806,,,,1710759442
12167807,,,,,,
12167808,2306,2317,,,,1710749995
12167809,3554,2571,,,,1710757403
12167810,1118,1406,,,,1710748570
12167811,1746,2309,846,,,1710758036
12167812,1580,1618,,,,1710752536
12167813,1770,2943,,,,1710759893
12167814,1881,2893,,,,1710754328
12167815,3032,2337,1103,,,1710753415
12167816,1539,2440,,,,1710748904
12167817,2339,1759,608,,,1710767280
12167818,4918,2586,,,,1710764073
12167819,2277,3247,,,,1710749867
12167820,2371,2836,,,,1710763178
12167821,2250,2371,,,,1710749881
12167822,2956,1935,,,,1710750282
12167823,1680,2763,,,,1710748915
12167824,3136,2315,,,,1710755711
12167825,2640,2634,,,,1710758386
12167848,1611,1210,,,,1710760232
12167854,3376,3455,1725,,,1710762547
12167855,3324,2499,,,,1710762912
12167856,2785,2247,,,,1710762092
12167892,,,,,,
12167901,,,,,,
12167910,,,,,,
12167911,1618,3176,2608,,,1710761410
12167912,2800,2596,,,,1710759334
12167913,,,,,,
12167915,,,,,,
12167916,,,,,,
12167917,,,,,,
12167918,,,,,,
12167919,,,,,,
12167920,,,,,,
12167921,,,,,,
12167922,,,,,,
12167923,,,,,,
12167924,,,,,,
12167925,,,,,,
12167926,,,,,,
12167928,,,,,,
12167929,,,,,,
12167930,,,,,,
12167931,,,,,,
12167932,,,,,,
12167933,,,,,,
12167934,,,,,,
12167935,,,,,,
12167936,,,,,,
12167937,,,,,,
12167938,,,,,,
12167939,,,,,,
12167940,,,,,,
12167941,,,,,,
12167942,,,,,,
12167943,,,,,,
12167944,,,,,,
12167945,,,,,,
12167946,,,,,,
12167947,,,,,,
12167948,,,,,,
12167949,,,,,,
12167950,,,,,,
12167951,,,,,,
12167952,,,,,,
12167953,,,,,,
12167954,,,,,,
12167955,,,,,,
12167956,,,,,,
12167957,,,,,,
12167958,,,,,,
12167959,,,,,,
12167960,,,,,,
12167961,,,,,,
12167962,,,,,,
12167963,,,,,,
12167964,,,,,,
12167965,,,,,,
12167966,,,,,,
12167967,,,,,,
12167968,,,,,,
12167969,,,,,,
12167970,,,,,,
12167971,,,,,,
12167972,,,,,,
12167975,2542,2168,,,,1710762322
12167976,,,,,,
12167977,,,,,,
12167978,,,,,,
12167979,,,,,,
12167980,,,,,,
12167981,4075,2328,,,,1710762520
12167982,,,,,,
12167983,2530,3202,1142,,,1710765295
12167984,,,,,,
12167986,,,,,,
12167987,,,,,,
12167988,,,,,,
12167989,,,,,,
12167990,,,,,,
12167991,,,,,,
12167992,,,,,,
12167993,,,,,,
12167994,,,,,,
12167995,,,,,,
12167996,,,,,,
12167997,,,,,,
12167998,,,,,,
12167999,,,,,,
12168000,,,,,,
12168003,,,,,,
12168004,,,,,,
12168005,,,,,,
12168006,,,,,,
12168007,,,,,,
12168008,,,,,,
12168011,,,,,,
12168012,,,,,,
12168013,,,,,,
12168014,,,,,,
12168015,,,,,,
12168016,,,,,,
12168017,,,,,,
12168018,,,,,,
12168019,,,,,,
12168020,,,,,,
12168021,,,,,,
12168022,,,,,,
12168023,,,,,,
12168024,,,,,,
12168025,,,,,,
12168026,,,,,,
12168027,,,,,,
12168028,,,,,,
12168029,,,,,,
12168030,,,,,,
12168031,,,,,,
12168032,,,,,,
12168033,,,,,,
12168034,,,,,,
12168035,,,,,,
12168036,,,,,,
12168037,,,,,,
12168038,,,,,,
12168039,,,,,,
12168040,,,,,,
12168041,,,,,,
12168042,,,,,,
12168043,,,,,,
12168044,,,,,,
12168045,,,,,,
12168046,,,,,,
12168047,,,,,,
12168048,,,,,,
12168055,3178,1987,1250,,,1710766148
12168056,,,,,,
12168057,2006,1971,,,,1710762235
12168058,2200,2417,,,,1710757038
12168073,1784,2471,,,,1710760429
12168104,3072,3568,,,,1710769933
12168105,3074,2983,929,,,1710774907
12168106,1802,2173,,,,1710770290
12168107,2841,3417,,,,1710767875
12168108,2385,2347,935,,,1710768664
12168109,3085,1389,747,,,1710769612
12168110,1576,2621,,,,1710768969
12168111,3401,2169,,,,1710765893
12168112,2354,2723,807,,,1710771369
12168152,1745,3059,,,,1710765870
12168174,2333,4775,,,,1710770502
12168175,2775,2468,,,,1710757592
12168185,,,,,,
12168186,,,,,,
12168187,,,,,,
12168188,,,,,,
12168189,,,,,,
12168197,,,,,,
12168198,,,,,,
12168199,,,,,,
12168200,,,,,,
12168201,,,,,,
12168202,,,,,,
12168203,,,,,,
12168204,,,,,,
12168205,,,,,,
12168206,,,,,,
12168207,,,,,,
12168221,,,,,,
12168230,,,,,,
12168234,2110,4105,,,,1710767614
12168235,4853,2613,757,,,1710775125
12168236,3803,1848,909,,,1710763893
12168237,2264,3431,913,,,1710758648
12168238,2005,1920,,,,1710754853
12168239,2670,2876,845,,,1710765869
12168242,2887,1610,,,,1710766657
12168243,1989,3110,,,,1710754738
12168245,4092,3735,3432,,,1710766574
12168246,2633,2986,2120,,,1710758784
12168247,,,,,,1710754879
12168249,3262,2017,,,,1710773948
12168251,,,,,,
12168252,1584,2474,859,,,1710769556
12168254,,,,,,
12168275,,,,,,
12168276,,,,,,
12168277,,,,,,
12168278,,,,,,
12168279,,,,,,
12168280,,,,,,
12168281,,,,,,
12168282,,,,,,
12168283,,,,,,
12168284,,,,,,
12168285,,,,,,
12168286,,,,,,
12168287,,,,,,
12168288,,,,,,
12168289,,,,,,
12168290,,,,,,
12168298,3982,1844,1835,,,1710770704
12168351,2626,1814,,,,1710710187
12168405,2778,3070,,,,1710765780
12168551,,,,,,
12168552,,,,,,
12168553,,,,,,
12168554,,,,,,
12168555,,,,,,
12168556,,,,,,
12168557,,,,,,
12168558,,,,,,
12168559,,,,,,
12168560,,,,,,
12168561,,,,,,
12168562,,,,,,
12168563,,,,,,
12168564,,,,,,
12168565,,,,,,
12168566,,,,,,
12168614,,,,,,
12168615,,,,,,
12168616,,,,,,
12168617,,,,,,
12168618,,,,,,
12168619,,,,,,
12168620,,,,,,
12168622,,,,,,
12168623,,,,,,
12168624,,,,,,
12168626,,,,,,
12168627,,,,,,
12168628,,,,,,
12168629,,,,,,
12169394,,,,,,
12169451,,,,,,
12169502,,,,,,
12169503,,,,,,
12169536,,,,,,
12169540,,,,,,
12169554,,,,,,
12169555,,,,,,
12169606,,,,,,
12169652,,,,,,
12170067,,,,,,
12170077,2542,4707,,,,1710776430
12170296,2836,2643,,,,1710774260
12170297,3193,3585,1149,,,1710776820
12170298,2920,3332,,,,1710767737
12170411,,,,,,
12110004,4198,1938,,,,1710714091
12110074,2606,1474,,,,1710701550
12131504,2383,1453,,,,1710679645
12131559,3052,4011,,,,1710713004
12131580,,,,,,1710677450
12131609,3225,2507,,,,1710706079
12164954,15876,20487,,,,1710664346
12165045,2807,3155,,,,1710680130
12165514,1511,2600,2526,,,1710685047
12165527,,,,,,
12165531,,,,,,
12165533,,,,,,
12165534,,,,,,
12165535,,,,,,
12165538,,,,,,
12165540,,,,,,
12165543,,,,,,
12165546,,,,,,
12165549,,,,,,
12165550,,,,,,
12165553,,,,,,
12165556,,,,,,
12165559,,,,,,
12165560,,,,,,
12165572,,,,,,
12165609,2433,2743,,,,1710687904
12165644,3564,5022,,,,1710688372
12165646,2515,3789,4746,,,1710692551
12165651,1440,1475,,,,1710680464
12165652,1855,2039,,,,1710683034
12165653,1416,3008,,,,1710687679
12165667,2393,2753,,,,1710683614
12165751,2872,3115,2611,,,1710690974
12165755,1492,4459,,,,1710683357
12165757,1244,2438,,,,1710694735
12165762,2704,3135,,,,1710690557
12165764,1840,2453,,,,1710683768
12165765,2192,3760,,,,1710689352
12165766,1895,1922,,,,1710690703
12165767,4476,3712,,,,1710683089
12165770,2387,2760,,,,1710684820
12165771,3562,3590,1394,,,1710691979
12165773,1973,1664,,,,1710695982
12165775,3540,2223,,,,1710681700
12165779,1814,1437,,,,1710683090
12165780,2077,1334,,,,1710690429
12165879,1046,1100,,,,1710693479
12165889,,,,,,
12165906,,,,,,
12165914,,,,,,
12165926,,,,,,
12165927,,,,,,
12165930,,,,,,
12165931,,,,,,
12165932,,,,,,
12165935,,,,,,
12165937,,,,,,
12165940,,,,,,
12165941,,,,,,
12165947,,,,,,
12165949,,,,,,
12165950,,,,,,
12165954,,,,,,
12165957,,,,,,
12165958,,,,,,
12165961,,,,,,
12165966,,,,,,
12165967,,,,,,
12165970,,,,,,
12165971,,,,,,
12165972,,,,,,
12165973,,,,,,
12165974,,,,,,
12165975,,,,,,
12165976,,,,,,
12165979,,,,,,
12165985,1898,2848,,,,1710679601
12165986,2576,3345,3289,,,1710683352
12165987,3487,2547,,,,1710682472
12165989,1845,2860,,,,1710685232
12165990,2156,2513,,,,1710696919
12165991,1857,2687,2933,,,1710690771
12165992,1474,569,,,,1710688955
12165993,3315,2681,3427,,,1710691425
12165994,3525,5229,,,,1710692724
12165995,2173,2433,,,,1710692826
12166010,,,,,,
12166011,,,,,,
12166014,,,,,,
12166015,,,,,,
12166018,,,,,,
12166023,,,,,,
12166025,,,,,,
12166029,,,,,,
12166030,,,,,,
12166031,,,,,,
12166033,,,,,,
12166034,,,,,,
12166035,,,,,,
12166036,,,,,,
12166039,,,,,,
12166041,,,,,,
12166050,,,,,,
12166058,,,,,,
12166063,,,,,,
12166067,,,,,,
12166072,,,,,,
12166073,,,,,,
12166074,,,,,,
12166081,,,,,,
12166087,,,,,,
12166093,,,,,,
12166103,2954,2979,2304,,,1710686674
12166105,1834,2340,,,,1710691625
12166107,2603,3835,,,,1710684839
12166108,1919,2369,2739,,,1710685171
12166154,2729,4680,,,,1710690573
12166272,,,,,,
12166273,,,,,,
12166274,,,,,,
12166275,,,,,,
12166276,,,,,,
12166277,,,,,,
12166278,,,,,,
12166279,,,,,,
12166280,,,,,,
12166281,,,,,,
12166282,,,,,,
12166283,,,,,,
12166284,,,,,,
12166285,,,,,,
12166286,,,,,,
12166287,,,,,,
12166288,,,,,,
12166289,,,,,,
12166290,,,,,,
12166291,,,,,,
12166292,,,,,,
12166293,,,,,,
12166294,,,,,,
12166295,,,,,,
12166296,,,,,,
12166297,,,,,,
12166298,,,,,,
12166299,,,,,,
12166300,,,,,,
12166301,,,,,,
12166302,,,,,,
12166303,,,,,,
12166338,3948,2071,,,,1710697724
12166339,4190,5209,2821,,,1710718279
12166340,2592,3762,3749,,,1710707203
12166341,3101,4145,,,,1710691419
12166342,2820,2976,,,,1710709045
12166343,3702,2265,3467,,,1710718886
12166344,4611,3301,2229,,,1710695968
12166345,1664,3175,,,,1710713424
12166346,2085,3024,,,,1710702795
12166347,2534,1780,,,,1710705234
12166348,3010,2854,,,,1710696915
12166349,1651,3209,,,,1710689662
12166350,2716,3407,4681,,,1710707462
12166351,2135,2439,,,,1710702881
12166352,1726,3629,,,,1710689974
12166353,3812,2335,2771,,,1710711450
12166354,1874,1992,2803,,,1710691790
12166355,2745,2095,,,,1710698206
12166356,1865,2212,2088,,,1710692208
12166357,3539,4012,3527,,,1710704213
12166358,2419,2384,,,,1710690399
12166359,2917,2139,,,,1710702187
12166360,2728,2238,,,,1710697448
12166361,2222,2171,,,,1710697511
12166423,1703,2241,,,,1710704303
12166424,2298,1426,,,,1710705049
12166425,,,,,,
12166426,2629,3433,,,,1710704951
12166427,2608,2070,,,,1710710529
12166428,3823,3411,,,,1710717158
12166429,1430,2382,,,,1710714964
12166430,351,2245,,,,1710710880
12166431,1879,3713,,,,1710715804
12166434,2540,2299,2759,,,1710723225
12166435,3687,2240,2608,,,1710727643
12166437,2058,1926,,,,1710722320
12166828,2406,2357,,,,1710708893
12166874,2540,3147,2599,,,1710804764
12166880,2544,2510,3220,,,1710813643
12166881,2979,2702,4038,,,1710812940
12166882,3629,4065,,,,1710814682
12166925,1780,1745,,,,1710697220
12166926,3846,3023,,,,1710704956
12166927,2333,2783,,,,1710701618
12166928,2042,2048,,,,1710697459
12166929,2356,2367,,,,1710799172
12166930,1676,2235,,,,1710793453
12166931,2759,3637,,,,1710816921
12166934,1885,2390,2070,,,1710801860
12166936,3050,3242,,,,1710712796
12166937,1974,3631,,,,1710702363
12166938,2111,2358,,,,1710809337
12166939,2252,1845,,,,1710805040
12166940,2853,3378,3036,,,1710801653
12166946,3896,3105,3064,,,1710773211
12166947,3700,4377,67427,,,1710778766
12166948,2087,4320,,,,1710780468
12166950,1514,2353,,,,1710841833
12166951,2378,2254,,,,1710842727
12166952,2245,2104,,,,1710854894
12166953,2429,3428,2251,,,1710846264
12166954,3507,2717,,,,1710849166
12166955,2874,2555,,,,1710768285
12166956,2155,3835,,,,1710773823
12166957,2980,2723,,,,1710776441
12166959,4823,4010,,,,1710785184
12166960,2629,1973,,,,1710772743
12166961,3600,3033,,,,1710773615
12166962,2687,3165,,,,1710845796
12166963,2566,3077,1966,,,1710855685
12166964,6013,1130,1008,,,1710867911
12166966,,,,,,
12166973,,,,,,
12166974,,,,,,
12166975,,,,,,
12166976,,,,,,
12166977,,,,,,
12166978,,,,,,
12166979,,,,,,
12166980,,,,,,
12166981,,,,,,
12166982,,,,,,
12166983,,,,,,
12166984,,,,,,
12166985,,,,,,
12166986,,,,,,
12166989,,,,,,
12166990,,,,,,
12166991,,,,,,
12166992,,,,,,
12166993,,,,,,
12166994,,,,,,
12166995,,,,,,
12166996,,,,,,
12166997,,,,,,
12166998,,,,,,
12166999,,,,,,
12167000,,,,,,
12167001,,,,,,
12167002,,,,,,
12167003,,,,,,
12167004,,,,,,
12167005,,,,,,
12167311,,,,,,
12167312,,,,,,
12167313,,,,,,
12167314,,,,,,
12167315,,,,,,
12167316,,,,,,
12167317,,,,,,
12167318,,,,,,
12167319,,,,,,
12167320,,,,,,
12167321,,,,,,
12167322,,,,,,
12167323,,,,,,
12167324,,,,,,
12167325,,,,,,
12167326,,,,,,
12167327,,,,,,
12167328,,,,,,
12167329,,,,,,
12167330,,,,,,
12167331,,,,,,
12167332,,,,,,
12167333,,,,,,
12167334,,,,,,
12167335,,,,,,
12167336,,,,,,
12167337,,,,,,
12167338,,,,,,
12167339,,,,,,
12167340,,,,,,
12167341,,,,,,
12167342,,,,,,
12167591,1848,3314,,,,1710754622
12167593,2217,2674,,,,1710755032
12167668,,,,,,
12167669,,,,,,
12167670,,,,,,
12167671,,,,,,
12167672,,,,,,
12167673,,,,,,
12167674,,,,,,
12167675,,,,,,
12167676,,,,,,
12167677,,,,,,
12167678,,,,,,
12167679,,,,,,
12167680,,,,,,
12167681,,,,,,
12167682,,,,,,
12167725,,,,,,
12167729,2115,2704,,,,1710754831
12167748,3164,2976,4511,,,1710765361
12167751,2538,3980,,,,1710759269
12167771,,,,,,
12167805,2411,3211,,,,1710755322
12167806,6152,2806,,,,1710759442
12167807,,,,,,
12167808,2306,2317,,,,1710749995
12167809,3554,2571,,,,1710757403
12167810,1118,1406,,,,1710748570
12167811,1746,2309,846,,,1710758036
12167812,1580,1618,,,,1710752536
12167813,1770,2943,,,,1710759893
12167814,1881,2893,,,,1710754328
12167815,3032,2337,1103,,,1710753415
12167816,1539,2440,,,,1710748904
12167817,2339,1759,608,,,1710767280
12167818,4918,2586,,,,1710764073
12167819,2277,3247,,,,1710749867
12167820,2371,2836,,,,1710763178
12167821,2250,2371,,,,1710749881
12167822,2956,1935,,,,1710750282
12167823,1680,2763,,,,1710748915
12167824,3136,2315,,,,1710755711
12167825,2640,2634,,,,1710758386
12167848,1611,1210,,,,1710760232
12167854,3376,3455,1725,,,1710762547
12167855,3324,2499,,,,1710762912
12167856,2785,2247,,,,1710762092
12167892,,,,,,
12167901,,,,,,
12167910,,,,,,
12167911,1618,3176,2608,,,1710761410
12167912,2800,2596,,,,1710759334
12167913,,,,,,
12167915,,,,,,
12167916,,,,,,
12167917,,,,,,
12167918,,,,,,
12167919,,,,,,
12167920,,,,,,
12167921,,,,,,
12167922,,,,,,
12167923,,,,,,
12167924,,,,,,
12167925,,,,,,
12167926,,,,,,
12167928,,,,,,
12167929,,,,,,
12167930,,,,,,
12167931,,,,,,
12167932,,,,,,
12167933,,,,,,
12167934,,,,,,
12167935,,,,,,
12167936,,,,,,
12167937,,,,,,
12167938,,,,,,
12167939,,,,,,
12167940,,,,,,
12167941,,,,,,
12167942,,,,,,
12167943,,,,,,
12167944,,,,,,
12167945,,,,,,
12167946,,,,,,
12167947,,,,,,
12167948,,,,,,
12167949,,,,,,
12167950,,,,,,
12167951,,,,,,
12167952,,,,,,
12167953,,,,,,
12167954,,,,,,
12167955,,,,,,
12167956,,,,,,
12167957,,,,,,
12167958,,,,,,
12167959,,,,,,
12167960,,,,,,
12167961,,,,,,
12167962,,,,,,
12167963,,,,,,
12167964,,,,,,
12167965,,,,,,
12167966,,,,,,
12167967,,,,,,
12167968,,,,,,
12167969,,,,,,
12167970,,,,,,
12167971,,,,,,
12167972,,,,,,
12167975,2542,2168,,,,1710762322
12167976,,,,,,
12167977,,,,,,
12167978,,,,,,
12167979,,,,,,
12167980,,,,,,
12167981,4075,2328,,,,1710762520
12167982,,,,,,
12167983,2530,3202,1142,,,1710765295
12167984,,,,,,
12167986,,,,,,
12167987,,,,,,
12167988,,,,,,
12167989,,,,,,
12167990,,,,,,
12167991,,,,,,
12167992,,,,,,
12167993,,,,,,
12167994,,,,,,
12167995,,,,,,
12167996,,,,,,
12167997,,,,,,
12167998,,,,,,
12167999,,,,,,
12168000,,,,,,
12168003,,,,,,
12168004,,,,,,
12168005,,,,,,
12168006,,,,,,
12168007,,,,,,
12168008,,,,,,
12168009,,,,,,
12168010,,,,,,
12168011,,,,,,
12168012,,,,,,
12168013,,,,,,
12168014,,,,,,
12168015,,,,,,
12168016,,,,,,
12168017,,,,,,
12168018,,,,,,
12168019,,,,,,
12168020,,,,,,
12168021,,,,,,
12168022,,,,,,
12168023,,,,,,
12168024,,,,,,
12168025,,,,,,
12168026,,,,,,
12168027,,,,,,
12168028,,,,,,
12168029,,,,,,
12168030,,,,,,
12168031,,,,,,
12168032,,,,,,
12168033,,,,,,
12168034,,,,,,
12168035,,,,,,
12168036,,,,,,
12168037,,,,,,
12168038,,,,,,
12168039,,,,,,
12168040,,,,,,
12168041,,,,,,
12168042,,,,,,
12168043,,,,,,
12168044,,,,,,
12168045,,,,,,
12168046,,,,,,
12168047,,,,,,
12168048,,,,,,
12168055,3178,1987,1250,,,1710766148
12168056,,,,,,
12168057,2006,1971,,,,1710762235
12168058,2200,2417,,,,1710757038
12168059,3448,2677,760,,,1710782080
12168060,4067,2795,706,,,1710790555
12168073,1784,2471,,,,1710760429
12168104,3072,3568,,,,1710769933
12168105,3074,2983,929,,,1710774907
12168106,1802,2173,,,,1710770290
12168107,2841,3417,,,,1710767875
12168108,2385,2347,935,,,1710768664
12168109,3085,1389,747,,,1710769612
12168110,1576,2621,,,,1710768969
12168111,3401,2169,,,,1710765893
12168112,2354,2723,807,,,1710771369
12168152,1745,3059,,,,1710765870
12168167,2414,2412,,,,1710777062
12168174,2333,4775,,,,1710770502
12168175,2775,2468,,,,1710757592
12168185,,,,,,
12168186,,,,,,
12168187,,,,,,
12168188,,,,,,
12168189,,,,,,
12168197,,,,,,
12168198,,,,,,
12168199,,,,,,
12168200,,,,,,
12168201,,,,,,
12168202,,,,,,
12168203,,,,,,
12168204,,,,,,
12168205,,,,,,
12168206,,,,,,
12168207,,,,,,
12168221,,,,,,
12168223,,,,,,
12168224,,,,,,
12168230,,,,,,
12168233,1887,1666,,,,1710774293
12168234,2110,4105,,,,1710767614
12168235,4853,2613,757,,,1710775125
12168236,3803,1848,909,,,1710763893
12168237,2264,3431,913,,,1710758648
12168238,2005,1920,,,,1710754853
12168239,2670,2876,845,,,1710765869
12168240,1132,2503,,,,1710778000
12168241,,,,,,
12168242,2887,1610,,,,1710766657
12168243,1989,3110,,,,1710754738
12168244,1674,3145,3070,,,1710781687
12168245,4092,3735,3432,,,1710766574
12168246,2633,2986,2120,,,1710758784
12168247,,,,,,1710754879
12168248,2669,2440,,,,1710773386
12168249,3262,2017,,,,1710773948
12168251,,,,,,
12168252,1584,2474,859,,,1710769556
12168254,,,,,,
12168267,2224,2789,,,,1710776698
12168268,2370,2020,,,,1710776882
12168275,,,,,,
12168276,,,,,,
12168277,,,,,,
12168278,,,,,,
12168279,,,,,,
12168280,,,,,,
12168281,,,,,,
12168282,,,,,,
12168283,,,,,,
12168284,,,,,,
12168285,,,,,,
12168286,,,,,,
12168287,,,,,,
12168288,,,,,,
12168289,,,,,,
12168290,,,,,,
12168298,3982,1844,1835,,,1710770704
12168351,2626,1814,,,,1710710187
12168383,2253,2579,2787,,,1710785328
12168384,1956,2525,2544,,,1710785041
12168396,1971,2646,,,,1710776535
12168403,2240,3084,,,,1710787401
12168404,2502,3001,,,,1710787805
12168405,2778,3070,,,,1710765780
12168551,,,,,,
12168552,,,,,,
12168553,,,,,,
12168554,,,,,,
12168555,,,,,,
12168556,,,,,,
12168557,,,,,,
12168558,,,,,,
12168559,,,,,,
12168560,,,,,,
12168561,,,,,,
12168562,,,,,,
12168563,,,,,,
12168564,,,,,,
12168565,,,,,,
12168566,,,,,,
12168587,1987,3176,,,,1710781844
12168588,2323,3662,2712,,,1710786274
12168614,,,,,,
12168615,,,,,,
12168616,,,,,,
12168617,,,,,,
12168618,,,,,,
12168619,,,,,,
12168620,,,,,,
12168621,1797,4576,4335,,,1710796561
12168622,,,,,,
12168623,,,,,,
12168624,,,,,,
12168625,,,,,,
12168626,,,,,,
12168627,,,,,,
12168628,,,,,,
12168629,,,,,,
12168630,,,,,,
12168666,2611,2116,,,,1710792010
12168667,4100,1278,2015,,,1710795586
12168668,3566,4585,2421,,,1710798438
12168674,4080,1426,,,,1710780404
12168675,2030,1867,,,,1710780595
12168676,3384,3314,,,,1710774617
12168677,2490,2803,,,,1710773845
12168678,,,,,,1710768568
12168721,32269,505,,,,1710822316
12168827,2277,3645,,,,1710783114
12168828,1590,1473,2744,,,1710784575
12168829,3842,2180,,,,1710793305
12168830,1041,3160,,,,1710793727
12168831,,,,,,
12168832,2427,2593,,,,1710796360
12168833,3588,2363,,,,1710798899
12168834,2452,1134,,,,1710783989
12168835,3869,3322,3277,,,1710789870
12168836,2110,3804,,,,1710801387
12168837,2155,2081,,,,1710802358
12168838,,,,,,1710804799
12168839,2657,1955,,,,1710786092
12168840,2606,2434,,,,1710777276
12168841,1929,2558,,,,1710790382
12168842,2196,3301,3685,,,1710799844
12168843,2381,4289,3037,,,1710795416
12168844,2344,1882,,,,1710801202
12168845,2048,3291,,,,1710776507
12168846,3974,2775,,,,1710778693
12168847,2451,3797,,,,1710799231
12168848,1847,1930,2090,,,1710778293
12168849,3160,3302,1384,,,1710794196
12168850,3933,3612,,,,1710778563
12168865,2487,2648,,,,1710788560
12168870,1826,1766,,,,1710794170
12169394,,,,,,
12169425,2252,2843,,,,1710791354
12169430,2390,2919,3640,,,1710794040
12169447,2062,3172,,,,1710780992
12169448,2368,2399,,,,1710785997
12169449,5602,6972,,,,1710788677
12169451,,,,,,
12169482,1832,2299,,,,1710803608
12169483,2674,4309,,,,1710802385
12169484,,,,,,
12169485,,,,,,
12169486,,,,,,
12169487,,,,,,
12169488,,,,,,
12169489,,,,,,
12169490,,,,,,
12169491,,,,,,
12169492,,,,,,
12169493,,,,,,
12169494,,,,,,
12169495,,,,,,
12169496,,,,,,
12169497,,,,,,
12169498,,,,,,
12169499,,,,,,
12169502,,,,,,
12169503,,,,,,
12169536,,,,,,
12169537,,,,,,1710794305
12169540,,,,,,
12169554,,,,,,
12169555,,,,,,
12169606,,,,,,
12169652,,,,,,
12169683,1986,2663,1106,,,1710808446
12169684,2750,2688,,,,1710806205
12169685,2645,2297,,,,1710806148
12169686,2419,4125,716,,,1710817850
12169687,1653,1461,,,,1710810527
12169688,2038,1593,,,,1710805493
12169689,2023,1736,,,,1710811879
12169690,2787,1941,,,,1710806210
12169691,3591,1866,2663,,,1710822956
12169692,2479,4630,3126,,,1710821499
12169694,3241,2234,1155,,,1710808901
12169695,3454,2561,883,,,1710809409
12169698,2175,3300,,,,1710810098
12169699,2182,2207,,,,1710805696
12169700,1918,2593,,,,1710817750
12169701,3894,2638,,,,1710814402
12169703,,,,,,
12169706,2570,2566,,,,1710818872
12169707,,,,,,1710819444
12169710,2423,3830,2242,,,1710819181
12169712,2360,1762,,,,1710816907
12169713,1428,2151,,,,1710810503
12169716,2325,3374,2029,,,1710819538
12169717,2291,3901,,,,1710810966
12169939,2100,2180,,,,1710812904
12169941,2718,2124,,,,1710813316
12169942,2112,1633,,,,1710818140
12169943,2262,3208,1904,,,1710815869
12169944,2641,4233,3382,,,1710817608
12169946,2775,3509,,,,1710817983
12169948,1536,2227,,,,1710811851
12169952,1732,3034,,,,1710823570
12169965,,,,,,
12169966,,,,,,
12169967,,,,,,
12169968,,,,,,
12169969,,,,,,
12169970,,,,,,
12169971,2979,1508,,,,1710828501
12169973,,,,,,
12169975,3352,1953,,,,1710828520
12169977,,,,,,
12169979,2316,2411,,,,1710826187
12169980,2862,4174,,,,1710824539
12170067,,,,,,
12170077,2542,4707,,,,1710776430
12170233,,,,,,
12170234,1879,3767,,,,1710823214
12170235,2861,4153,,,,1710824210
12170236,,,,,,
12170237,,,,,,
12170238,2931,3458,,,,1710824726
12170239,,,,,,
12170240,,,,,,
12170241,,,,,,
12170244,3370,2603,,,,1710824892
12170245,,,,,,
12170267,,,,,,
12170296,2836,2643,,,,1710774260
12170297,3193,3585,1149,,,1710776820
12170298,2920,3332,,,,1710767737
12170309,4337,2476,,,,1710776972
12170310,1523,3655,872,,,1710778216
12170334,2034,2867,,,,1710774468
12170348,,,,,,1710834217
12170349,1732,2087,,,,1710838985
12170350,2178,2658,,,,1710836784
12170351,1880,1801,,,,1710835924
12170352,2309,1762,,,,1710842547
12170353,3076,2286,,,,1710837103
12170354,2328,3383,,,,1710836821
12170364,2841,1375,,,,1710836866
12170366,2062,3746,1026,,,1710840481
12170369,2546,2190,614,,,1710839080
12170394,1731,591,,,,1710779393
12170411,,,,,,
12170531,2313,3237,952,,,1710844816
12170532,2368,1979,3041,,,1710849536
12170533,2175,2290,,,,1710841674
12170534,2285,2111,2502,,,1710850581
12170536,1609,2095,,,,1710840846
12170537,3185,2868,,,,1710847285
12170540,2821,3626,823,,,1710846053
12170547,1826,3544,2989,,,1710853293
12170548,2737,2240,,,,1710852052
12170550,2805,2969,2683,,,1710861936
12170554,2569,3022,,,,1710850359
12170555,4028,4020,797,,,1710847559
12170556,4539,3519,,,,1710850618
12170557,3270,2606,,,,1710842688
12170558,1726,3881,,,,1710849357
12170559,2870,2513,1169,,,1710845027
12170560,2257,2998,,,,1710841880
12170562,2243,1745,,,,1710851461
12170564,4293,2144,688,,,1710846276
12170566,2644,2550,,,,1710848986
12170587,2027,3123,,,,1710841611
12170588,2606,2781,1269,,,1710853450
12170589,2580,5147,1021,,,1710854808
12170610,2161,2601,,,,1710841230
12170611,1330,2373,,,,1710843562
12170612,2052,3093,,,,1710842645
12170613,2848,3054,955,,,1710847391
12170614,2265,3311,,,,1710843096
12170615,1805,2522,,,,1710840479
12170619,13863,3468,3192,,,1710854618
12170623,2022,1697,,,,1710834442
12170624,2287,2354,8136,,,1710837109
12170625,2647,2135,,,,1710835265
12170626,6088,3520,2661,,,1710855132
12170627,,,,,,
12170628,2821,13335,1535,,,1710848659
12170629,2783,9634,6508,,,1710839616
12170630,2207,2222,,,,1710834257
12170634,2701,2749,1367,,,1710857567
12170635,1838,2384,3897,,,1710852599
12170636,4107,11870,,,,1710836473
12170637,10725,2941,,,,1710848055
12170638,2863,2095,,,,1710851127
12170641,3345,3948,,,,1710858429
12170643,4074,2949,,,,1710840164
12170645,1560,3524,5028,,,1710854509
12170652,3290,2697,,,,1710838938
12170653,2659,2924,1163,,,1710846830
12170655,2533,3480,804,,,1710850367
12170656,4038,3568,,,,1710839915
12170659,2374,1643,,,,1710844933
12170661,2863,1673,,,,1710838597
12170674,2661,2153,2405,,,1710855230
12170677,4088,2143,,,,1710857808
12170678,3546,2392,,,,1710846637
12170731,,,,,,
12170732,,,,,,
12170733,4364,3101,,,,1710860881
12170736,,,,,,
12170737,2098,2537,,,,1710853477
12170742,,,,,,
12170743,2691,2069,,,,1710851081
12170745,5109,2249,,,,1710852626
12170746,,,,,,
12170754,3929,1990,1080,,,1710853234
12170760,2342,4306,997,,,1710847702
12170761,2791,2498,,,,1710848502
12170762,2229,2387,,,,1710837760
12170763,1865,1704,,,,1710842573
12170767,2331,2063,,,,1710837852
12170768,5359,5514,,,,1710853070
12170771,5288,4297,794,,,1710845522
12170795,2233,1743,,,,1710840126
12170796,2386,3701,,,,1710840033
12170797,2850,2900,,,,1710853370
12170798,3360,2173,1162,,,1710843212
12170799,2707,4285,,,,1710850063
12170800,2150,1937,,,,1710839641
12170803,2683,2440,,,,1710849715
12170804,1905,2839,4621,,,1710848119
12170807,2140,2514,,,,1710855516
12170808,1976,2605,,,,1710846892
12170812,2681,2119,2113,,,1710849809
12170813,1951,1798,,,,1710844607
12170814,2374,2222,,,,1710840042
12170815,2604,2376,,,,1710849041
12170817,1554,1550,,,,1710839667
12170818,3853,5079,,,,1710841230
12170820,2652,5263,,,,1710840448
12170821,1766,4364,2417,,,1710849408
12170838,,,,,,
12170839,,,,,,
12170840,2141,1976,,,,1710856472
12170841,,,,,,
12170842,,,,,,
12170843,,,,,,
12170844,,,,,,
12170845,2746,2097,,,,1710842862
12170846,1297,1259,,,,1710851654
12170849,,,,,,
12170850,2019,3285,1539,,,1710847820
12170852,,,,,,
12170854,,,,,,
12170856,3360,2335,,,,1710853153
12170857,2760,2666,,,,1710854595
12170863,2081,2410,,,,1710855069
12170864,,,,,,
12170866,2214,2112,2562,,,1710850471
12170868,,,,,,
12170869,,,,,,
12170873,2855,2501,,,,1710849421
12170874,,,,,,
12170875,,,,,,
12170876,3063,2480,2459,,,1710853612
12170877,3918,2852,1870,,,1710853386
12170878,,,,,,
12170879,2446,2893,2465,,,1710847040
12170880,,,,,,
12170885,3816,3970,1015,,,1710843861
12170919,,,,,,
12170946,1808,3098,3135,,,1710852821
12170947,3805,3047,3848,,,1710854479
12170949,1943,2688,2911,,,1710843870
12170950,2504,2628,,,,1710859196
12170952,3571,1969,2108,,,1710844892
12170992,,,,,,
12170993,,,,,,
12171044,2447,2369,,,,1710857351
12171045,2512,2335,4765,,,1710853970
12171046,2332,2440,2841,,,1710851145
12171048,2980,2220,,,,1710838602
12171049,,,,,,1710835863
12171050,2627,2446,,,,1710841271
12171054,2369,2992,,,,1710844469
12171066,1675,2038,728,,,1710857159
12171067,2449,2046,,,,1710855596
12171068,2706,2900,,,,1710849440
12171069,3138,2791,,,,1710849557
12171070,2094,1959,,,,1710848700
12171071,1731,1413,,,,1710853235
12171072,3999,2849,1125,,,1710853296
12171076,2846,2508,,,,1710858166
12171122,2364,2921,,,,1710800799
12171150,,,,,,
12171151,,,,,,
12171152,,,,,,
12171153,,,,,,
12171159,,,,,,
12171164,,,,,,
12171165,,,,,,
12171169,,,,,,
12171477,,,,,,1710845705
12171478,,,,,,1710839536
12171480,3015,2184,,,,1710842669
12171481,1532,961,,,,1710848197
12171484,3197,2707,,,,1710857712
12171487,2047,1222,,,,1710855811
12171556,3819,2145,916,,,1710856207
12171557,,,,,,
12171561,2740,9255,,,,1710853215
12171563,,,,,,
12171564,,,,,,
12171568,,,,,,
12171569,1865,2266,755,,,1710854285
12171673,,,,,,
12173404,,,,,,
12156251,5127,2389,2830,,,1710941888
12156260,2726,3898,,,,1710931995
12156268,3487,2578,,,,1710946074
12156273,5029,1669,3033,,,1710938616
12156278,2397,2199,,,,1710935449
12156280,3989,2238,,,,1710929859
12166873,3442,3405,3039,,,1710882888
12166874,2540,3147,2599,,,1710804764
12166875,2568,2010,,,,1710878324
12166876,1764,2041,,,,1710893983
12166877,2148,2152,,,,1710877443
12166878,3084,2934,2351,,,1710890936
12166879,2073,2878,,,,1710892741
12166880,2544,2510,3220,,,1710813643
12166881,2979,2702,4038,,,1710812940
12166882,3629,4065,,,,1710814682
12166883,1619,2550,1784,,,1710898468
12166929,2356,2367,,,,1710799172
12166930,1676,2235,,,,1710793453
12166931,2759,3637,,,,1710816921
12166932,2073,2798,,,,1710891897
12166933,1924,3022,,,,1710877458
12166934,1885,2390,2070,,,1710801860
12166935,3122,4797,,,,1710892865
12166938,2111,2358,,,,1710809337
12166939,2252,1845,,,,1710805040
12166940,2853,3378,3036,,,1710801653
12166946,3896,3105,3064,,,1710773211
12166947,3700,4377,67427,,,1710778766
12166948,2087,4320,,,,1710780468
12166949,4056,1795,,,,1710862197
12166950,1514,2353,,,,1710841833
12166951,2378,2254,,,,1710842727
12166952,2245,2104,,,,1710854894
12166953,2429,3428,2251,,,1710846264
12166954,3507,2717,,,,1710849166
12166955,2874,2555,,,,1710768285
12166956,2155,3835,,,,1710773823
12166957,2980,2723,,,,1710776441
12166958,2563,2523,2338,,,1710864278
12166959,4823,4010,,,,1710785184
12166960,2629,1973,,,,1710772743
12166961,3600,3033,,,,1710773615
12166962,2687,3165,,,,1710845796
12166963,2566,3077,1966,,,1710855685
12166964,6013,1130,1008,,,1710867911
12166965,3049,3049,3388,,,1710866915
12166966,,,,,,
12167993,,,,,,
12168006,,,,,,
12168009,,,,,,
12168010,,,,,,
12168014,,,,,,
12168056,,,,,,
12168059,3448,2677,760,,,1710782080
12168060,4067,2795,706,,,1710790555
12168104,3072,3568,,,,1710769933
12168105,3074,2983,929,,,1710774907
12168106,1802,2173,,,,1710770290
12168107,2841,3417,,,,1710767875
12168108,2385,2347,935,,,1710768664
12168109,3085,1389,747,,,1710769612
12168110,1576,2621,,,,1710768969
12168112,2354,2723,807,,,1710771369
12168152,1745,3059,,,,1710765870
12168167,2414,2412,,,,1710777062
12168174,2333,4775,,,,1710770502
12168185,,,,,,
12168187,,,,,,
12168188,,,,,,
12168198,,,,,,
12168200,,,,,,
12168205,,,,,,
12168223,,,,,,
12168224,,,,,,
12168230,,,,,,
12168233,1887,1666,,,,1710774293
12168234,2110,4105,,,,1710767614
12168235,4853,2613,757,,,1710775125
12168240,1132,2503,,,,1710778000
12168241,,,,,,
12168242,2887,1610,,,,1710766657
12168244,1674,3145,3070,,,1710781687
12168248,2669,2440,,,,1710773386
12168249,3262,2017,,,,1710773948
12168251,,,,,,
12168252,1584,2474,859,,,1710769556
12168254,,,,,,
12168267,2224,2789,,,,1710776698
12168268,2370,2020,,,,1710776882
12168298,3982,1844,1835,,,1710770704
12168383,2253,2579,2787,,,1710785328
12168384,1956,2525,2544,,,1710785041
12168396,1971,2646,,,,1710776535
12168403,2240,3084,,,,1710787401
12168404,2502,3001,,,,1710787805
12168551,,,,,,
12168552,,,,,,
12168553,,,,,,
12168554,,,,,,
12168555,,,,,,
12168556,,,,,,
12168557,,,,,,
12168558,,,,,,
12168559,,,,,,
12168560,,,,,,
12168561,,,,,,
12168562,,,,,,
12168563,,,,,,
12168564,,,,,,
12168565,,,,,,
12168566,,,,,,
12168587,1987,3176,,,,1710781844
12168588,2323,3662,2712,,,1710786274
12168614,,,,,,
12168615,,,,,,
12168616,,,,,,
12168617,,,,,,
12168618,,,,,,
12168619,,,,,,
12168620,,,,,,
12168621,1797,4576,4335,,,1710796561
12168622,,,,,,
12168623,,,,,,
12168624,,,,,,
12168625,,,,,,
12168626,,,,,,
12168627,,,,,,
12168628,,,,,,
12168629,,,,,,
12168630,,,,,,
12168666,2611,2116,,,,1710792010
12168667,4100,1278,2015,,,1710795586
12168668,3566,4585,2421,,,1710798438
12168674,4080,1426,,,,1710780404
12168675,2030,1867,,,,1710780595
12168676,3384,3314,,,,1710774617
12168677,2490,2803,,,,1710773845
12168678,,,,,,1710768568
12168721,32269,505,,,,1710822316
12168827,2277,3645,,,,1710783114
12168828,1590,1473,2744,,,1710784575
12168829,3842,2180,,,,1710793305
12168830,1041,3160,,,,1710793727
12168831,,,,,,
12168832,2427,2593,,,,1710796360
12168833,3588,2363,,,,1710798899
12168834,2452,1134,,,,1710783989
12168835,3869,3322,3277,,,1710789870
12168836,2110,3804,,,,1710801387
12168837,2155,2081,,,,1710802358
12168838,,,,,,1710804799
12168839,2657,1955,,,,1710786092
12168840,2606,2434,,,,1710777276
12168841,1929,2558,,,,1710790382
12168842,2196,3301,3685,,,1710799844
12168843,2381,4289,3037,,,1710795416
12168844,2344,1882,,,,1710801202
12168845,2048,3291,,,,1710776507
12168846,3974,2775,,,,1710778693
12168847,2451,3797,,,,1710799231
12168848,1847,1930,2090,,,1710778293
12168849,3160,3302,1384,,,1710794196
12168850,3933,3612,,,,1710778563
12168865,2487,2648,,,,1710788560
12168870,1826,1766,,,,1710794170
12169403,3480,2467,,,,1710864448
12169404,3263,2606,3296,,,1710866737
12169405,,,,,,
12169406,3101,2051,,,,1710863871
12169407,1931,2816,,,,1710869627
12169408,2274,2907,,,,1710873370
12169409,2252,2914,,,,1710863281
12169410,4015,2277,,,,1710889223
12169411,2430,2856,2943,,,1710888983
12169412,2277,2541,3827,,,1710888597
12169413,1396,3278,,,,1710875146
12169414,2299,2984,1845,,,1710884806
12169425,2252,2843,,,,1710791354
12169430,2390,2919,3640,,,1710794040
12169447,2062,3172,,,,1710780992
12169448,2368,2399,,,,1710785997
12169449,5602,6972,,,,1710788677
12169482,1832,2299,,,,1710803608
12169483,2674,4309,,,,1710802385
12169484,,,,,,
12169485,,,,,,
12169486,,,,,,
12169487,,,,,,
12169488,,,,,,
12169489,,,,,,
12169490,,,,,,
12169491,,,,,,
12169492,,,,,,
12169493,,,,,,
12169494,,,,,,
12169495,,,,,,
12169496,,,,,,
12169497,,,,,,
12169498,,,,,,
12169499,,,,,,
12169537,,,,,,1710794305
12169683,1986,2663,1106,,,1710808446
12169684,2750,2688,,,,1710806205
12169685,2645,2297,,,,1710806148
12169686,2419,4125,716,,,1710817850
12169687,1653,1461,,,,1710810527
12169688,2038,1593,,,,1710805493
12169689,2023,1736,,,,1710811879
12169690,2787,1941,,,,1710806210
12169691,3591,1866,2663,,,1710822956
12169692,2479,4630,3126,,,1710821499
12169694,3241,2234,1155,,,1710808901
12169695,3454,2561,883,,,1710809409
12169698,2175,3300,,,,1710810098
12169699,2182,2207,,,,1710805696
12169700,1918,2593,,,,1710817750
12169701,3894,2638,,,,1710814402
12169703,,,,,,
12169706,2570,2566,,,,1710818872
12169707,,,,,,1710819444
12169710,2423,3830,2242,,,1710819181
12169712,2360,1762,,,,1710816907
12169713,1428,2151,,,,1710810503
12169716,2325,3374,2029,,,1710819538
12169717,2291,3901,,,,1710810966
12169939,2100,2180,,,,1710812904
12169941,2718,2124,,,,1710813316
12169942,2112,1633,,,,1710818140
12169943,2262,3208,1904,,,1710815869
12169944,2641,4233,3382,,,1710817608
12169946,2775,3509,,,,1710817983
12169948,1536,2227,,,,1710811851
12169952,1732,3034,,,,1710823570
12169965,,,,,,
12169966,,,,,,
12169967,,,,,,
12169968,,,,,,
12169969,,,,,,
12169970,,,,,,
12169971,2979,1508,,,,1710828501
12169973,,,,,,
12169975,3352,1953,,,,1710828520
12169977,,,,,,
12169979,2316,2411,,,,1710826187
12169980,2862,4174,,,,1710824539
12170077,2542,4707,,,,1710776430
12170233,,,,,,
12170234,1879,3767,,,,1710823214
12170235,2861,4153,,,,1710824210
12170236,,,,,,
12170237,,,,,,
12170238,2931,3458,,,,1710824726
12170239,,,,,,
12170240,,,,,,
12170241,,,,,,
12170244,3370,2603,,,,1710824892
12170245,,,,,,
12170267,,,,,,
12170296,2836,2643,,,,1710774260
12170297,3193,3585,1149,,,1710776820
12170298,2920,3332,,,,1710767737
12170309,4337,2476,,,,1710776972
12170310,1523,3655,872,,,1710778216
12170334,2034,2867,,,,1710774468
12170348,,,,,,1710834217
12170349,1732,2087,,,,1710838985
12170350,2178,2658,,,,1710836784
12170351,1880,1801,,,,1710835924
12170352,2309,1762,,,,1710842547
12170353,3076,2286,,,,1710837103
12170354,2328,3383,,,,1710836821
12170364,2841,1375,,,,1710836866
12170366,2062,3746,1026,,,1710840481
12170369,2546,2190,614,,,1710839080
12170394,1731,591,,,,1710779393
12170411,,,,,,
12170531,2313,3237,952,,,1710844816
12170532,2368,1979,3041,,,1710849536
12170533,2175,2290,,,,1710841674
12170534,2285,2111,2502,,,1710850581
12170536,1609,2095,,,,1710840846
12170537,3185,2868,,,,1710847285
12170540,2821,3626,823,,,1710846053
12170547,1826,3544,2989,,,1710853293
12170548,2737,2240,,,,1710852052
12170549,1429,2225,,,,1710865537
12170550,2805,2969,2683,,,1710861936
12170551,1940,4257,,,,1710858999
12170554,2569,3022,,,,1710850359
12170555,4028,4020,797,,,1710847559
12170556,4539,3519,,,,1710850618
12170557,3270,2606,,,,1710842688
12170558,1726,3881,,,,1710849357
12170559,2870,2513,1169,,,1710845027
12170560,2257,2998,,,,1710841880
12170562,2243,1745,,,,1710851461
12170564,4293,2144,688,,,1710846276
12170566,2644,2550,,,,1710848986
12170587,2027,3123,,,,1710841611
12170588,2606,2781,1269,,,1710853450
12170589,2580,5147,1021,,,1710854808
12170610,2161,2601,,,,1710841230
12170611,1330,2373,,,,1710843562
12170612,2052,3093,,,,1710842645
12170613,2848,3054,955,,,1710847391
12170614,2265,3311,,,,1710843096
12170615,1805,2522,,,,1710840479
12170619,13863,3468,3192,,,1710854618
12170620,3750,58535,3041,,,1710922074
12170623,2022,1697,,,,1710834442
12170624,2287,2354,8136,,,1710837109
12170625,2647,2135,,,,1710835265
12170626,6088,3520,2661,,,1710855132
12170627,,,,,,
12170628,2821,13335,1535,,,1710848659
12170629,2783,9634,6508,,,1710839616
12170630,2207,2222,,,,1710834257
12170631,,,,,,1710857694
12170632,3075,58024,,,,1710863452
12170633,2253,2524,,,,1710861341
12170634,2701,2749,1367,,,1710857567
12170635,1838,2384,3897,,,1710852599
12170636,4107,11870,,,,1710836473
12170637,10725,2941,,,,1710848055
12170638,2863,2095,,,,1710851127
12170640,2941,58259,,,,1710861720
12170641,3345,3948,,,,1710858429
12170643,4074,2949,,,,1710840164
12170645,1560,3524,5028,,,1710854509
12170652,3290,2697,,,,1710838938
12170653,2659,2924,1163,,,1710846830
12170655,2533,3480,804,,,1710850367
12170656,4038,3568,,,,1710839915
12170659,2374,1643,,,,1710844933
12170661,2863,1673,,,,1710838597
12170672,2686,5080,,,,1710870217
12170673,2015,1975,,,,1710876299
12170674,2661,2153,2405,,,1710855230
12170675,1956,2792,3180,,,1710863678
12170676,2516,2137,,,,1710873597
12170677,4088,2143,,,,1710857808
12170678,3546,2392,,,,1710846637
12170731,,,,,,
12170732,,,,,,
12170733,4364,3101,,,,1710860881
12170734,2820,3998,,,,1710867304
12170736,,,,,,
12170737,2098,2537,,,,1710853477
12170742,,,,,,
12170743,2691,2069,,,,1710851081
12170745,5109,2249,,,,1710852626
12170746,,,,,,
12170754,3929,1990,1080,,,1710853234
12170760,2342,4306,997,,,1710847702
12170761,2791,2498,,,,1710848502
12170762,2229,2387,,,,1710837760
12170763,1865,1704,,,,1710842573
12170767,2331,2063,,,,1710837852
12170768,5359,5514,,,,1710853070
12170771,5288,4297,794,,,1710845522
12170795,2233,1743,,,,1710840126
12170796,2386,3701,,,,1710840033
12170797,2850,2900,,,,1710853370
12170798,3360,2173,1162,,,1710843212
12170799,2707,4285,,,,1710850063
12170800,2150,1937,,,,1710839641
12170803,2683,2440,,,,1710849715
12170804,1905,2839,4621,,,1710848119
12170807,2140,2514,,,,1710855516
12170808,1976,2605,,,,1710846892
12170812,2681,2119,2113,,,1710849809
12170813,1951,1798,,,,1710844607
12170814,2374,2222,,,,1710840042
12170815,2604,2376,,,,1710849041
12170817,1554,1550,,,,1710839667
12170818,3853,5079,,,,1710841230
12170820,2652,5263,,,,1710840448
12170821,1766,4364,2417,,,1710849408
12170838,,,,,,
12170839,,,,,,
12170840,2141,1976,,,,1710856472
12170841,,,,,,
12170842,,,,,,
12170843,,,,,,
12170844,,,,,,
12170845,2746,2097,,,,1710842862
12170846,1297,1259,,,,1710851654
12170849,,,,,,
12170850,2019,3285,1539,,,1710847820
12170852,,,,,,
12170854,,,,,,
12170856,3360,2335,,,,1710853153
12170857,2760,2666,,,,1710854595
12170863,2081,2410,,,,1710855069
12170864,,,,,,
12170866,2214,2112,2562,,,1710850471
12170868,,,,,,
12170869,,,,,,
12170873,2855,2501,,,,1710849421
12170874,,,,,,
12170875,,,,,,
12170876,3063,2480,2459,,,1710853612
12170877,3918,2852,1870,,,1710853386
12170878,,,,,,
12170879,2446,2893,2465,,,1710847040
12170880,,,,,,
12170885,3816,3970,1015,,,1710843861
12170919,,,,,,
12170945,2187,1405,,,,1710861743
12170946,1808,3098,3135,,,1710852821
12170947,3805,3047,3848,,,1710854479
12170948,2237,2344,,,,1710866303
12170949,1943,2688,2911,,,1710843870
12170950,2504,2628,,,,1710859196
12170951,2129,1987,,,,1710870775
12170952,3571,1969,2108,,,1710844892
12170992,,,,,,
12170993,,,,,,
12171044,2447,2369,,,,1710857351
12171045,2512,2335,4765,,,1710853970
12171046,2332,2440,2841,,,1710851145
12171047,2373,2898,,,,1710861757
12171048,2980,2220,,,,1710838602
12171049,,,,,,1710835863
12171050,2627,2446,,,,1710841271
12171054,2369,2992,,,,1710844469
12171066,1675,2038,728,,,1710857159
12171067,2449,2046,,,,1710855596
12171068,2706,2900,,,,1710849440
12171069,3138,2791,,,,1710849557
12171070,2094,1959,,,,1710848700
12171071,1731,1413,,,,1710853235
12171072,3999,2849,1125,,,1710853296
12171076,2846,2508,,,,1710858166
12171081,2349,2658,,,,1710860959
12171122,2364,2921,,,,1710800799
12171150,,,,,,
12171151,,,,,,
12171152,,,,,,
12171153,,,,,,
12171158,2723,4553,,,,1710865652
12171159,,,,,,
12171160,2752,3749,,,,1710866010
12171161,2543,4642,,,,1710863622
12171164,,,,,,
12171165,,,,,,
12171167,2788,2463,2105,,,1710865560
12171168,3037,3274,,,,1710873846
12171169,,,,,,
12171477,,,,,,1710845705
12171478,,,,,,1710839536
12171479,2076,5078,,,,1710863355
12171480,3015,2184,,,,1710842669
12171481,1532,961,,,,1710848197
12171484,3197,2707,,,,1710857712
12171487,2047,1222,,,,1710855811
12171488,1711,3775,,,,1710859517
12171556,3819,2145,916,,,1710856207
12171557,,,,,,
12171558,2033,3288,,,,1710881292
12171559,2228,2133,,,,1710887990
12171560,4082,4871,3647,,,1710874271
12171561,2740,9255,,,,1710853215
12171562,,,,,,
12171563,,,,,,
12171564,,,,,,
12171565,1937,3541,,,,1710866740
12171566,2231,2471,,,,1710866909
12171567,5281,3679,3378,,,1710879584
12171568,,,,,,
12171569,1865,2266,755,,,1710854285
12171597,2289,2902,,,,1710877494
12171598,3420,2622,,,,1710883523
12171599,2476,1935,,,,1710890992
12171600,2375,3793,2668,,,1710884573
12171603,6448,3929,,,,1710874749
12171604,6730,2750,,,,1710874860
12171605,2391,3824,,,,1710870460
12171607,4167,2841,,,,1710891317
12171634,2540,3024,,,,1710863351
12171635,3476,2244,,,,1710873202
12171636,2170,2328,3373,,,1710865379
12171637,2970,3207,3161,,,1710867241
12171638,3407,2156,,,,1710871214
12171639,2649,2108,2864,,,1710865797
12171667,3789,2908,3589,,,1710900320
12171668,3056,2520,2654,,,1710886128
12171669,1660,2357,,,,1710881888
12171670,2222,2212,2648,,,1710876573
12171671,2913,3330,2764,,,1710888109
12171672,4425,2848,,,,1710876064
12171673,,,,,,
12171690,1686,1963,,,,1710877843
12171691,1671,2596,,,,1710877191
12171692,3070,2361,868,,,1710873699
12171693,3583,3079,,,,1710872164
12171694,2535,2265,700,,,1710879185
12171695,2215,2982,,,,1710895304
12171696,4109,2660,1051,,,1710874949
12171697,3873,3827,1824,,,1710888741
12171698,2585,2690,,,,1710870709
12171699,2307,2387,2149,,,1710889894
12171701,1605,1880,,,,1710882452
12171706,2617,1873,,,,1710883279
12171728,3646,3818,,,,1710880497
12171729,2967,4638,,,,1710874267
12171730,3460,2553,,,,1710878260
12171731,1809,2607,4393,,,1710874117
12171732,,,,,,1710879819
12171777,2560,2920,4238,,,1710882290
12171922,3292,2064,,,,1710930965
12171923,3106,2204,,,,1710936128
12171926,2149,2672,,,,1710926435
12171928,2303,2366,,,,1710938820
12171931,2929,1970,2822,,,1710945299
12171933,1795,3725,,,,1710942249
12171934,2241,1658,,,,1710943772
12171937,,,,,,1710927770
12171938,2339,3427,,,,1710926447
12171939,4683,2688,,,,1710932804
12171941,4252,2850,3604,,,1710947227
12171942,2240,3516,3341,,,1710930351
12171943,2714,3672,,,,1710933555
12171944,2834,2247,,,,1710941117
12171945,2812,3423,2195,,,1710942932
12171947,2987,2408,,,,1710933160
12171949,,,,,,
12171969,5355,2286,,,,1710938276
12171970,3634,2144,,,,1710922243
12171971,3127,1802,2719,,,1710923979
12171975,2459,1535,,,,1710921044
12171977,2612,4008,,,,1710921798
12171982,2553,11593,58093,,,1710947650
12171983,2966,3314,2008,,,1710925064
12171984,2227,2990,2749,,,1710928582
12171989,2542,3984,,,,1710933040
12171990,2397,3467,,,,1710935611
12171993,3544,2827,,,,1710942275
12171996,2902,11706,,,,1710899962
12171998,2427,2742,,,,1710941203
12171999,3580,2712,2770,,,1710948419
12172000,5090,5118,,,,1710945310
12172001,3557,2835,,,,1710938505
12172002,2954,3391,,,,1710932154
12172003,2494,2286,,,,1710924334
12172004,2284,1849,1989,,,1710931891
12172005,2186,3848,,,,1710938373
12172006,3477,3628,,,,1710925282
12172008,2779,2674,,,,1710926869
12172009,3376,2827,,,,1710946458
12172010,2348,1622,,,,1710944469
12172011,2367,3185,,,,1710928368
12172142,1567,2389,,,,1710891360
12172147,1917,1942,,,,1710891879
12172152,2553,1590,3753,,,1710904554
12172155,2881,2548,4438,,,1710900611
12172157,1959,2298,,,,1710902235
12172206,1860,2240,,,,1710920579
12172207,1145,2114,,,,1710912420
12172212,2372,2281,,,,1710927683
12172213,5107,4072,,,,1710917665
12172217,2160,1616,,,,1710935024
12172218,2172,2640,,,,1710899438
12172221,2692,2213,,,,1710900690
12172224,11721,2703,17117,,,1710903404
12172227,3627,3008,8131,,,1710917806
12172230,2269,2715,,,,1710926122
12172233,3963,10621,3133,,,1710911590
12172305,2492,3031,2335,,,1710900531
12172307,1854,2246,2481,,,1710909712
12172308,2000,2701,,,,1710901903
12172309,3840,3547,,,,1710893697
12172311,2210,1953,3073,,,1710884424
12172402,2134,2128,2945,,,1710871288
12172410,2434,2559,2607,,,1710880268
12172412,2391,3108,,,,1710880997
12172413,3664,3253,2657,,,1710874944
12172414,2617,2717,,,,1710880110
12172544,4220,2536,3647,,,1710906624
12172546,2822,3469,,,,1710900091
12172549,2081,2276,,,,1710889014
12172553,3273,3739,,,,1710899740
12172555,3097,2914,2961,,,1710886839
12172646,2978,1261,,,,1710907443
12172647,2272,2320,,,,1710897060
12172648,2139,4693,,,,1710906347
12172649,2869,2854,,,,1710900052
12172650,2585,2821,,,,1710892502
12172651,3150,2738,,,,1710909315
12172652,1565,2376,,,,1710896505
12172734,2681,2288,,,,1710913291
12172735,1727,9500,,,,1710905168
12172736,2558,2747,,,,1710899699
12172737,2026,2470,,,,1710916753
12172740,3628,2173,,,,1710939943
12172741,4185,3554,3227,,,1710931851
12172742,2697,2329,,,,1710936339
12172743,1733,2640,,,,1710925997
12172745,1913,2654,2218,,,1710933877
12172746,2544,3921,,,,1710932613
12172747,2321,2038,,,,1710929364
12172749,3358,3057,2463,,,1710923561
12172751,2002,1651,,,,1710920617
12172752,3932,2309,,,,1710917250
12172756,2522,4075,,,,1710928097
12172758,4895,2950,,,,1710938980
12172759,2958,4079,,,,1710939617
12172760,1651,1428,,,,1710927300
12172764,3397,3422,,,,1710928812
12172767,2200,1307,,,,1710928904
12172770,2290,2519,3793,,,1710928414
12172771,,,,,,1710930139
12172772,2706,2007,7072,,,1710932243
12172773,1492,1880,,,,1710925432
12172774,5083,2890,1911,,,1710931936
12172775,2424,1925,,,,1710936846
12172780,2507,3033,2323,,,1710946988
12172790,1996,2097,,,,1710938599
12172792,2466,2560,,,,1710933282
12172798,2949,1705,,,,1710944366
12172802,1929,1930,,,,1710927634
12172806,4207,3774,2697,,,1710946552
12172810,5493,3408,3654,,,1710951635
12172811,1719,1877,,,,1710927182
12172814,4349,2306,2216,,,1710939599
12172815,2562,2346,2717,,,1710934725
12172823,2805,1778,,,,1710938949
12172824,1174,1882,,,,1710923348
12172830,2911,4131,,,,1710928473
12172831,2423,4361,,,,1710936590
12172832,3793,4388,3569,,,1710942126
12172833,2918,2506,,,,1710928687
12172834,2939,2119,,,,1710928603
12172835,3008,1984,,,,1710936900
12172836,,,,,,
12172847,1891,2317,,,,1710891721
12172848,1489,2136,,,,1710891590
12172849,3471,2902,,,,1710901611
12172850,1350,1815,,,,1710897340
12172851,2421,2648,,,,1710897229
12172852,2816,2000,1884,,,1710894562
12172853,1991,2075,,,,1710891655
12172976,1806,2775,,,,1710902719
12173290,2555,13559,,,,1710904985
12173291,2484,2026,,,,1710899497
12173292,2467,7414,,,,1710904792
12173293,2040,2572,,,,1710898973
12173294,3633,3873,,,,1710925715
12173295,2428,3820,2774,,,1710926328
12173296,2627,1702,,,,1710919102
12173297,1921,2769,,,,1710898844
12173404,,,,,,
12173757,4139,2283,,,,1710923003
12173758,2466,1939,,,,1710920799
12173759,2744,3801,2329,,,1710926032
12173760,8062,2423,,,,1710939895
12173761,,,,,,
12173762,3470,2991,,,,1710942215
12173764,5437,3742,3749,,,1710942112
12174060,3810,66,,,,1710911940
12174061,2094,3374,,,,1710922599
12174062,2126,3345,3506,,,1710912988
12174063,,,,,,1710907971
12174064,2551,3124,2149,,,1710913529
12174065,1853,2423,,,,1710922818
12174066,1571,1001,,,,1710918323
12174067,2397,2224,,,,1710913602
12174135,1705,2367,,,,1710931182
12174136,2521,2346,,,,1710928702
12174138,3514,58803,,,,1710946739
12174140,4180,59227,2318,,,1711007804
12174141,1871,4601,6418,,,1710935012
12174222,2858,2081,,,,1710938304
12174223,2691,2353,2384,,,1710937754
12174225,2358,4450,3357,,,1710930880
12174226,2535,1534,3508,,,1710937202
12174227,2776,2574,,,,1710926643
12174228,4722,2344,,,,1710928928
12174230,1514,2339,,,,1710942243
12174266,4455,1517,,,,1710942564
12174267,3279,4778,2724,,,1710933878
12174268,4796,2598,,,,1710930555
12174269,3524,2282,,,,1710934701
12174271,2628,2547,,,,1710935899
12174272,2848,2152,,,,1710932802
12174273,3772,2480,,,,1710941447
12174274,1134,2116,,,,1710944233
12174275,2991,3886,2254,,,1710930481
12174276,6043,3533,,,,1710945595
12174277,2466,2767,2222,,,1710942534
12174278,1421,1764,,,,1710925192
12174279,3164,2798,,,,1710940783
12174281,2158,3013,,,,1710925974
12174317,2264,3771,,,,1710928492
12174319,2048,4214,3206,,,1710946129
12174320,1672,2085,,,,1710933430
12174321,4247,3309,,,,1710929910
12174322,4071,2017,,,,1710946354
12174324,2334,3965,,,,1710934629
12174356,2328,1661,2539,,,1710945856
12174357,3136,2951,4287,,,1710932682
12174358,4337,1671,1962,,,1710939145
12174359,2202,2355,,,,1710929859
12174360,3027,1694,,,,1710945162
12174361,2636,2484,,,,1710924825
12174364,1989,1818,,,,1710924165
12174365,1901,2516,,,,1710924201
12174366,2298,2592,,,,1710938721
12174367,2192,4541,,,,1710930980
12174368,3018,2477,,,,1710925452
12174369,3280,3247,2674,,,1710944203
12174382,2944,3610,2110,,,1710937223
12174383,,,,,,
12174384,7916,2202,,,,1710930070
12174385,1403,2193,,,,1710935108
12174386,1468,1274,,,,1710943412
12174388,2045,1709,,,,1710942328
12174390,1861,2232,,,,1710939929
12174479,3046,2805,,,,1710942683
12174480,1417,2361,,,,1710923710
12174481,2538,2332,,,,1710924795
12174482,3484,2344,,,,1710933510
12174483,2506,1632,,,,1710931661
12174484,3331,2199,,,,1710925748
12174486,2583,2475,,,,1710930518
12174487,1714,3444,1910,,,1710942127
12174488,3825,2909,,,,1710936852
12174489,1709,1273,,,,1710935606
12174490,2648,2348,,,,1710929408
12174491,3395,4117,,,,1710944132
12174492,2224,4723,,,,1710924472
12174493,2035,2831,,,,1710936110
12174494,2423,3820,,,,1710940372
12174506,2828,9676,,,,1710925314
12174578,4673,6057,,,,1710945267
12174580,3337,6936,3177,,,1710947582
12174583,3139,3088,,,,1710940167
12174633,3372,2839,,,,1710943496
12174634,2642,3581,,,,1710940829
12174635,2287,1750,3519,,,1710942850
12174636,,,,,,
12174637,2488,1800,,,,1710935361
12174639,2482,2456,,,,1710935508
12174764,3607,2259,,,,1710935412
12174765,1862,3172,,,,1710930969
12174766,2641,3091,2921,,,1710924242
12174767,2522,4929,,,,1710930896
12174768,2818,2048,,,,1710921577
12174769,3206,3315,,,,1710924488
12174770,3351,4526,3513,,,1710927147
12175247,1696,2659,,,,1710938716
12175248,2446,3217,,,,1710945764
12175249,2134,4026,,,,1710944504
12175250,3296,2342,,,,1710940066
12175251,2141,4235,2903,,,1710943289
12176543,,,,,,
12176556,2325,7500,2178,,,1710941216
12156093,2577,5812,2284,,,1710976317
12156096,2683,1912,,,,1710979634
12156098,2008,2858,,,,1710963854
12156108,4316,2459,,,,1710973189
12156216,1771,3079,2621,,,1710970625
12156217,2145,3677,,,,1710989360
12156219,,,,,,1710956994
12156220,1981,3191,2847,,,1710974425
12156221,2113,2329,,,,1710981811
12156227,2507,2933,,,,1710964402
12156232,2283,2578,,,,1710971357
12156235,4079,2004,,,,1710962229
12156239,2730,3069,2354,,,1710951638
12156251,5127,2389,2830,,,1710941888
12156253,3137,3738,3604,,,1711028486
12156255,2439,4178,,,,1711018362
12156256,2081,2441,,,,1710957097
12156260,2726,3898,,,,1710931995
12156268,3487,2578,,,,1710946074
12156273,5029,1669,3033,,,1710938616
12156276,2931,2653,2282,,,1711021233
12156278,2397,2199,,,,1710935449
12156279,3157,4064,1837,,,1711031752
12156280,3989,2238,,,,1710929859
12156281,2208,3611,,,,1711017948
12156282,1212,3550,1128,,,1711029252
12166873,3442,3405,3039,,,1710882888
12166875,2568,2010,,,,1710878324
12166876,1764,2041,,,,1710893983
12166877,2148,2152,,,,1710877443
12166878,3084,2934,2351,,,1710890936
12166879,2073,2878,,,,1710892741
12166883,1619,2550,1784,,,1710898468
12166932,2073,2798,,,,1710891897
12166933,1924,3022,,,,1710877458
12166935,3122,4797,,,,1710892865
12166949,4056,1795,,,,1710862197
12166952,2245,2104,,,,1710854894
12166958,2563,2523,2338,,,1710864278
12166965,3049,3049,3388,,,1710866915
12169395,3094,2642,,,,1710950541
12169396,2435,3101,2514,,,1710963100
12169397,3043,2365,1890,,,1710972135
12169398,2004,3027,,,,1710949326
12169399,3010,3134,,,,1710961977
12169400,2140,2550,,,,1710978297
12169401,2040,2190,,,,1710952934
12169402,1405,2616,1910,,,1710951194
12169403,3480,2467,,,,1710864448
12169404,3263,2606,3296,,,1710866737
12169405,,,,,,
12169406,3101,2051,,,,1710863871
12169407,1931,2816,,,,1710869627
12169408,2274,2907,,,,1710873370
12169409,2252,2914,,,,1710863281
12169410,4015,2277,,,,1710889223
12169411,2430,2856,2943,,,1710888983
12169412,2277,2541,3827,,,1710888597
12169413,1396,3278,,,,1710875146
12169414,2299,2984,1845,,,1710884806
12170549,1429,2225,,,,1710865537
12170550,2805,2969,2683,,,1710861936
12170551,1940,4257,,,,1710858999
12170620,3750,58535,3041,,,1710922074
12170631,,,,,,1710857694
12170632,3075,58024,,,,1710863452
12170633,2253,2524,,,,1710861341
12170634,2701,2749,1367,,,1710857567
12170640,2941,58259,,,,1710861720
12170641,3345,3948,,,,1710858429
12170672,2686,5080,,,,1710870217
12170673,2015,1975,,,,1710876299
12170674,2661,2153,2405,,,1710855230
12170675,1956,2792,3180,,,1710863678
12170676,2516,2137,,,,1710873597
12170677,4088,2143,,,,1710857808
12170733,4364,3101,,,,1710860881
12170734,2820,3998,,,,1710867304
12170797,2850,2900,,,,1710853370
12170807,2140,2514,,,,1710855516
12170840,2141,1976,,,,1710856472
12170846,1297,1259,,,,1710851654
12170863,2081,2410,,,,1710855069
12170945,2187,1405,,,,1710861743
12170948,2237,2344,,,,1710866303
12170950,2504,2628,,,,1710859196
12170951,2129,1987,,,,1710870775
12171044,2447,2369,,,,1710857351
12171047,2373,2898,,,,1710861757
12171066,1675,2038,728,,,1710857159
12171067,2449,2046,,,,1710855596
12171071,1731,1413,,,,1710853235
12171076,2846,2508,,,,1710858166
12171081,2349,2658,,,,1710860959
12171150,,,,,,
12171151,,,,,,
12171152,,,,,,
12171153,,,,,,
12171158,2723,4553,,,,1710865652
12171159,,,,,,
12171160,2752,3749,,,,1710866010
12171161,2543,4642,,,,1710863622
12171164,,,,,,
12171165,,,,,,
12171167,2788,2463,2105,,,1710865560
12171168,3037,3274,,,,1710873846
12171169,,,,,,
12171479,2076,5078,,,,1710863355
12171484,3197,2707,,,,1710857712
12171487,2047,1222,,,,1710855811
12171488,1711,3775,,,,1710859517
12171556,3819,2145,916,,,1710856207
12171557,,,,,,
12171558,2033,3288,,,,1710881292
12171559,2228,2133,,,,1710887990
12171560,4082,4871,3647,,,1710874271
12171561,2740,9255,,,,1710853215
12171562,,,,,,
12171563,,,,,,
12171564,,,,,,
12171565,1937,3541,,,,1710866740
12171566,2231,2471,,,,1710866909
12171567,5281,3679,3378,,,1710879584
12171568,,,,,,
12171569,1865,2266,755,,,1710854285
12171597,2289,2902,,,,1710877494
12171598,3420,2622,,,,1710883523
12171599,2476,1935,,,,1710890992
12171600,2375,3793,2668,,,1710884573
12171603,6448,3929,,,,1710874749
12171604,6730,2750,,,,1710874860
12171605,2391,3824,,,,1710870460
12171607,4167,2841,,,,1710891317
12171634,2540,3024,,,,1710863351
12171635,3476,2244,,,,1710873202
12171636,2170,2328,3373,,,1710865379
12171637,2970,3207,3161,,,1710867241
12171638,3407,2156,,,,1710871214
12171639,2649,2108,2864,,,1710865797
12171667,3789,2908,3589,,,1710900320
12171668,3056,2520,2654,,,1710886128
12171669,1660,2357,,,,1710881888
12171670,2222,2212,2648,,,1710876573
12171671,2913,3330,2764,,,1710888109
12171672,4425,2848,,,,1710876064
12171673,,,,,,
12171690,1686,1963,,,,1710877843
12171691,1671,2596,,,,1710877191
12171692,3070,2361,868,,,1710873699
12171693,3583,3079,,,,1710872164
12171694,2535,2265,700,,,1710879185
12171695,2215,2982,,,,1710895304
12171696,4109,2660,1051,,,1710874949
12171697,3873,3827,1824,,,1710888741
12171698,2585,2690,,,,1710870709
12171699,2307,2387,2149,,,1710889894
12171701,1605,1880,,,,1710882452
12171706,2617,1873,,,,1710883279
12171728,3646,3818,,,,1710880497
12171729,2967,4638,,,,1710874267
12171730,3460,2553,,,,1710878260
12171731,1809,2607,4393,,,1710874117
12171732,,,,,,1710879819
12171749,2514,3431,,,,1710949961
12171750,4067,2417,3511,,,1710971143
12171751,2175,2001,,,,1710956484
12171752,,,,,,
12171753,3231,3560,,,,1710950708
12171754,2594,1691,2214,,,1710987983
12171755,1851,1850,,,,1710961504
12171756,2606,2224,,,,1710959120
12171757,3039,2871,3958,,,1710968798
12171758,2554,2655,,,,1710978666
12171759,2370,3509,2621,,,1710953652
12171760,3905,3257,,,,1710971649
12171777,2560,2920,4238,,,1710882290
12171920,2612,2208,,,,1710981619
12171922,3292,2064,,,,1710930965
12171923,3106,2204,,,,1710936128
12171924,1660,2814,2238,,,1710957598
12171925,2212,2562,,,,1710951147
12171926,2149,2672,,,,1710926435
12171927,4816,5989,1144,,,1710966119
12171928,2303,2366,,,,1710938820
12171930,,,,,,1710954410
12171931,2929,1970,2822,,,1710945299
12171933,1795,3725,,,,1710942249
12171934,2241,1658,,,,1710943772
12171937,,,,,,1710927770
12171938,2339,3427,,,,1710926447
12171939,4683,2688,,,,1710932804
12171941,4252,2850,3604,,,1710947227
12171942,2240,3516,3341,,,1710930351
12171943,2714,3672,,,,1710933555
12171944,2834,2247,,,,1710941117
12171945,2812,3423,2195,,,1710942932
12171946,3165,2281,5541,,,1710966724
12171947,2987,2408,,,,1710933160
12171948,5180,1064,,,,1710956442
12171949,,,,,,
12171950,1933,2310,,,,1710986811
12171953,2670,4020,1671,,,1710975788
12171955,2361,3087,2860,,,1710956606
12171963,2860,1614,,,,1711027567
12171969,5355,2286,,,,1710938276
12171970,3634,2144,,,,1710922243
12171971,3127,1802,2719,,,1710923979
12171975,2459,1535,,,,1710921044
12171977,2612,4008,,,,1710921798
12171982,2553,11593,58093,,,1710947650
12171983,2966,3314,2008,,,1710925064
12171984,2227,2990,2749,,,1710928582
12171986,3549,4482,,,,1710961737
12171988,3234,2361,2039,,,1711012656
12171989,2542,3984,,,,1710933040
12171990,2397,3467,,,,1710935611
12171991,2973,1767,2975,,,1710959258
12171992,2670,2878,,,,1710950291
12171993,3544,2827,,,,1710942275
12171994,2484,3132,3169,,,1710952968
12171996,2902,11706,,,,1710899962
12171998,2427,2742,,,,1710941203
12171999,3580,2712,2770,,,1710948419
12172000,5090,5118,,,,1710945310
12172001,3557,2835,,,,1710938505
12172002,2954,3391,,,,1710932154
12172003,2494,2286,,,,1710924334
12172004,2284,1849,1989,,,1710931891
12172005,2186,3848,,,,1710938373
12172006,3477,3628,,,,1710925282
12172008,2779,2674,,,,1710926869
12172009,3376,2827,,,,1710946458
12172010,2348,1622,,,,1710944469
12172011,2367,3185,,,,1710928368
12172142,1567,2389,,,,1710891360
12172147,1917,1942,,,,1710891879
12172152,2553,1590,3753,,,1710904554
12172155,2881,2548,4438,,,1710900611
12172157,1959,2298,,,,1710902235
12172206,1860,2240,,,,1710920579
12172207,1145,2114,,,,1710912420
12172212,2372,2281,,,,1710927683
12172213,5107,4072,,,,1710917665
12172217,2160,1616,,,,1710935024
12172218,2172,2640,,,,1710899438
12172221,2692,2213,,,,1710900690
12172224,11721,2703,17117,,,1710903404
12172227,3627,3008,8131,,,1710917806
12172230,2269,2715,,,,1710926122
12172233,3963,10621,3133,,,1710911590
12172305,2492,3031,2335,,,1710900531
12172307,1854,2246,2481,,,1710909712
12172308,2000,2701,,,,1710901903
12172309,3840,3547,,,,1710893697
12172311,2210,1953,3073,,,1710884424
12172402,2134,2128,2945,,,1710871288
12172403,2168,2622,,,,1710949510
12172404,1906,3061,2463,,,1710979982
12172405,1999,1289,,,,1710977666
12172406,2162,2956,,,,1710955395
12172407,2613,2270,,,,1710964240
12172408,2479,3456,,,,1710961840
12172409,2844,1934,,,,1710955971
12172410,2434,2559,2607,,,1710880268
12172411,2538,2315,1567,,,1710958966
12172412,2391,3108,,,,1710880997
12172413,3664,3253,2657,,,1710874944
12172414,2617,2717,,,,1710880110
12172544,4220,2536,3647,,,1710906624
12172546,2822,3469,,,,1710900091
12172549,2081,2276,,,,1710889014
12172553,3273,3739,,,,1710899740
12172555,3097,2914,2961,,,1710886839
12172586,4473,3472,,,,1710972429
12172587,2709,2538,,,,1710963730
12172588,2893,4950,,,,1710966497
12172589,3117,2159,2647,,,1710965762
12172646,2978,1261,,,,1710907443
12172647,2272,2320,,,,1710897060
12172648,2139,4693,,,,1710906347
12172649,2869,2854,,,,1710900052
12172650,2585,2821,,,,1710892502
12172651,3150,2738,,,,1710909315
12172652,1565,2376,,,,1710896505
12172734,2681,2288,,,,1710913291
12172735,1727,9500,,,,1710905168
12172736,2558,2747,,,,1710899699
12172737,2026,2470,,,,1710916753
12172740,3628,2173,,,,1710939943
12172741,4185,3554,3227,,,1710931851
12172742,2697,2329,,,,1710936339
12172743,1733,2640,,,,1710925997
12172745,1913,2654,2218,,,1710933877
12172746,2544,3921,,,,1710932613
12172747,2321,2038,,,,1710929364
12172749,3358,3057,2463,,,1710923561
12172751,2002,1651,,,,1710920617
12172752,3932,2309,,,,1710917250
12172756,2522,4075,,,,1710928097
12172758,4895,2950,,,,1710938980
12172759,2958,4079,,,,1710939617
12172760,1651,1428,,,,1710927300
12172761,3778,6439,,,,1710951717
12172763,3744,2637,,,,1710948528
12172764,3397,3422,,,,1710928812
12172766,3569,3973,3082,,,1710978992
12172767,2200,1307,,,,1710928904
12172768,1743,2381,,,,1710947010
12172769,3227,2749,2528,,,1711036063
12172770,2290,2519,3793,,,1710928414
12172771,,,,,,1710930139
12172772,2706,2007,7072,,,1710932243
12172773,1492,1880,,,,1710925432
12172774,5083,2890,1911,,,1710931936
12172775,2424,1925,,,,1710936846
12172776,56755,3645,,,,1711006759
12172777,1436,2455,,,,1710947762
12172780,2507,3033,2323,,,1710946988
12172790,1996,2097,,,,1710938599
12172792,2466,2560,,,,1710933282
12172795,4915,863,,,,1710955860
12172798,2949,1705,,,,1710944366
12172802,1929,1930,,,,1710927634
12172806,4207,3774,2697,,,1710946552
12172807,3766,5629,4700,,,1710957772
12172810,5493,3408,3654,,,1710951635
12172811,1719,1877,,,,1710927182
12172814,4349,2306,2216,,,1710939599
12172815,2562,2346,2717,,,1710934725
12172818,3036,2808,,,,1710951503
12172820,4766,1732,,,,1710958394
12172823,2805,1778,,,,1710938949
12172824,1174,1882,,,,1710923348
12172830,2911,4131,,,,1710928473
12172831,2423,4361,,,,1710936590
12172832,3793,4388,3569,,,1710942126
12172833,2918,2506,,,,1710928687
12172834,2939,2119,,,,1710928603
12172835,3008,1984,,,,1710936900
12172836,,,,,,
12172837,,,,,,
12172844,2364,3766,,,,1710978771
12172845,1955,2016,,,,1710978050
12172846,1767,3237,,,,1710985135
12172847,1891,2317,,,,1710891721
12172848,1489,2136,,,,1710891590
12172849,3471,2902,,,,1710901611
12172850,1350,1815,,,,1710897340
12172851,2421,2648,,,,1710897229
12172852,2816,2000,1884,,,1710894562
12172853,1991,2075,,,,1710891655
12172889,3343,2542,4510,,,1710989857
12172905,3615,2471,,,,1710997416
12172976,1806,2775,,,,1710902719
12172977,2161,2117,,,,1710990228
12172984,1372,2166,,,,1710991507
12173290,2555,13559,,,,1710904985
12173291,2484,2026,,,,1710899497
12173292,2467,7414,,,,1710904792
12173293,2040,2572,,,,1710898973
12173294,3633,3873,,,,1710925715
12173295,2428,3820,2774,,,1710926328
12173296,2627,1702,,,,1710919102
12173297,1921,2769,,,,1710898844
12173404,,,,,,
12173757,4139,2283,,,,1710923003
12173758,2466,1939,,,,1710920799
12173759,2744,3801,2329,,,1710926032
12173760,8062,2423,,,,1710939895
12173761,,,,,,
12173762,3470,2991,,,,1710942215
12173764,5437,3742,3749,,,1710942112
12173964,1717,3595,2723,,,1711014122
12174060,3810,66,,,,1710911940
12174061,2094,3374,,,,1710922599
12174062,2126,3345,3506,,,1710912988
12174063,,,,,,1710907971
12174064,2551,3124,2149,,,1710913529
12174065,1853,2423,,,,1710922818
12174066,1571,1001,,,,1710918323
12174067,2397,2224,,,,1710913602
12174130,3652,4653,,,,1711023407
12174135,1705,2367,,,,1710931182
12174136,2521,2346,,,,1710928702
12174137,1959,1674,904,,,1711007624
12174138,3514,58803,,,,1710946739
12174139,4120,1716,,,,1711008953
12174140,4180,59227,2318,,,1711007804
12174141,1871,4601,6418,,,1710935012
12174142,1407,1467,,,,1710946546
12174151,3695,4760,3335,,,1711017663
12174173,3194,2063,,,,1711008072
12174180,2578,2332,,,,1711014525
12174207,,,,,,
12174222,2858,2081,,,,1710938304
12174223,2691,2353,2384,,,1710937754
12174225,2358,4450,3357,,,1710930880
12174226,2535,1534,3508,,,1710937202
12174227,2776,2574,,,,1710926643
12174228,4722,2344,,,,1710928928
12174229,2140,2286,1700,,,1711020174
12174230,1514,2339,,,,1710942243
12174232,3005,2581,2191,,,1711023566
12174233,3252,2488,,,,1711014236
12174234,2137,3363,,,,1711022691
12174235,3684,2869,2592,,,1711020630
12174265,2176,2410,,,,1710948232
12174266,4455,1517,,,,1710942564
12174267,3279,4778,2724,,,1710933878
12174268,4796,2598,,,,1710930555
12174269,3524,2282,,,,1710934701
12174270,2010,1419,,,,1710952760
12174271,2628,2547,,,,1710935899
12174272,2848,2152,,,,1710932802
12174273,3772,2480,,,,1710941447
12174274,1134,2116,,,,1710944233
12174275,2991,3886,2254,,,1710930481
12174276,6043,3533,,,,1710945595
12174277,2466,2767,2222,,,1710942534
12174278,1421,1764,,,,1710925192
12174279,3164,2798,,,,1710940783
12174281,2158,3013,,,,1710925974
12174317,2264,3771,,,,1710928492
12174318,2977,3902,,,,1710946771
12174319,2048,4214,3206,,,1710946129
12174320,1672,2085,,,,1710933430
12174321,4247,3309,,,,1710929910
12174322,4071,2017,,,,1710946354
12174323,2695,2315,1676,,,1711013788
12174324,2334,3965,,,,1710934629
12174325,2802,4560,2353,,,1710951257
12174343,2479,1393,,,,1711028213
12174345,1725,1814,,,,1711021330
12174354,2389,3116,3428,,,1710954770
12174355,1948,2984,,,,1710949615
12174356,2328,1661,2539,,,1710945856
12174357,3136,2951,4287,,,1710932682
12174358,4337,1671,1962,,,1710939145
12174359,2202,2355,,,,1710929859
12174360,3027,1694,,,,1710945162
12174361,2636,2484,,,,1710924825
12174362,1963,2359,,,,1710946828
12174363,2561,1977,1736,,,1710952414
12174364,1989,1818,,,,1710924165
12174365,1901,2516,,,,1710924201
12174366,2298,2592,,,,1710938721
12174367,2192,4541,,,,1710930980
12174368,3018,2477,,,,1710925452
12174369,3280,3247,2674,,,1710944203
12174382,2944,3610,2110,,,1710937223
12174383,,,,,,
12174384,7916,2202,,,,1710930070
12174385,1403,2193,,,,1710935108
12174386,1468,1274,,,,1710943412
12174387,2131,4047,2048,,,1711027510
12174388,2045,1709,,,,1710942328
12174390,1861,2232,,,,1710939929
12174447,,,,,,
12174449,4309,3498,2574,,,1711032257
12174477,2996,2700,2766,,,1711014595
12174479,3046,2805,,,,1710942683
12174480,1417,2361,,,,1710923710
12174481,2538,2332,,,,1710924795
12174482,3484,2344,,,,1710933510
12174483,2506,1632,,,,1710931661
12174484,3331,2199,,,,1710925748
12174485,2933,2625,3174,,,1710950459
12174486,2583,2475,,,,1710930518
12174487,1714,3444,1910,,,1710942127
12174488,3825,2909,,,,1710936852
12174489,1709,1273,,,,1710935606
12174490,2648,2348,,,,1710929408
12174491,3395,4117,,,,1710944132
12174492,2224,4723,,,,1710924472
12174493,2035,2831,,,,1710936110
12174494,2423,3820,,,,1710940372
12174506,2828,9676,,,,1710925314
12174551,2439,2497,,,,1711019978
12174568,4763,3946,,,,1711022963
12174578,4673,6057,,,,1710945267
12174579,6033,8100,2226,,,1710962143
12174580,3337,6936,3177,,,1710947582
12174581,2696,2083,2213,,,1710961186
12174582,10356,2763,,,,1710961765
12174583,3139,3088,,,,1710940167
12174620,4045,2254,,,,1711018235
12174622,1581,1636,,,,1711006504
12174628,1701,1954,,,,1711019939
12174629,1847,2694,,,,1710958721
12174630,2564,3622,,,,1710950183
12174633,3372,2839,,,,1710943496
12174634,2642,3581,,,,1710940829
12174635,2287,1750,3519,,,1710942850
12174636,,,,,,
12174637,2488,1800,,,,1710935361
12174638,1696,3702,,,,1710949462
12174639,2482,2456,,,,1710935508
12174686,3621,3187,,,,1711027955
12174687,1903,1963,2967,,,1711028771
12174690,3119,3242,,,,1711027459
12174692,2895,3033,2365,,,1711030063
12174764,3607,2259,,,,1710935412
12174765,1862,3172,,,,1710930969
12174766,2641,3091,2921,,,1710924242
12174767,2522,4929,,,,1710930896
12174768,2818,2048,,,,1710921577
12174769,3206,3315,,,,1710924488
12174770,3351,4526,3513,,,1710927147
12174987,2654,3054,,,,1711023965
12175021,2682,1962,,,,1711025910
12175247,1696,2659,,,,1710938716
12175248,2446,3217,,,,1710945764
12175249,2134,4026,,,,1710944504
12175250,3296,2342,,,,1710940066
12175251,2141,4235,2903,,,1710943289
12175252,4502,3835,,,,1710966569
12175275,1918,,,,,1711025086
12175294,2306,2139,,,,1710957451
12175295,2077,1785,3757,,,1710976209
12175296,2016,2389,,,,1710971353
12175297,3196,2919,,,,1710957653
12175298,2161,3073,,,,1710956777
12175299,3053,1546,3868,,,1710959015
12175300,3978,651,,,,1710965504
12175358,2860,3760,,,,1710961275
12175771,3591,1982,,,,1710985537
12175772,1761,2765,,,,1710956242
12175773,1606,1946,3018,,,1710959046
12175774,2573,3595,,,,1710965720
12175775,2317,1856,,,,1710962214
12175793,2818,2516,,,,1710985724
12175818,2268,2440,,,,1710978616
12175823,2126,3124,1874,,,1710981557
12175824,4153,2482,,,,1710985661
12175862,,,,,,1710994504
12175863,3958,1860,,,,1710987399
12175864,3377,2237,2954,,,1710986763
12175882,3698,4551,,,,1710992997
12175883,2734,1493,2111,,,1710980621
12175884,2491,3612,,,,1710978513
12175885,1981,1919,,,,1710978618
12175909,2632,1646,2261,,,1710980836
12175951,2019,3699,,,,1710985619
12175952,3696,2105,1797,,,1711007814
12175953,2649,3425,3714,,,1710988097
12175954,2268,3263,3812,,,1710989653
12175955,2196,3170,2765,,,1710989397
12175956,4354,5785,,,,1710987866
12176004,2210,3505,2092,,,1710989350
12176005,1862,2694,1667,,,1710988621
12176053,3617,2966,,,,1710987333
12176057,2508,3902,,,,1710996714
12176099,1473,2401,,,,1710992529
12176120,2848,3566,,,,1710997283
12176281,4385,4260,2780,,,1711000526
12176283,2002,2222,2170,,,1710996479
12176289,2049,2497,,,,1711007095
12176291,1587,2907,,,,1710996641
12176321,1633,1533,,,,1711011226
12176344,1950,2861,,,,1711003657
12176345,2802,1561,1770,,,1711021327
12176348,3833,5252,5364,,,1711014460
12176351,2578,2293,1783,,,1711004822
12176352,2210,2382,,,,1710996407
12176372,3689,2313,,,,1711012383
12176373,1932,4400,,,,1711012647
12176374,2483,2018,,,,1711012943
12176464,,,,,,1711009079
12176506,2395,3154,,,,1710991412
12176541,3119,2782,,,,1711008010
12176543,,,,,,
12176551,1701,2214,,,,1710985159
12176556,2325,7500,2178,,,1710941216
12176557,2968,3610,,,,1711013319
12176601,2091,2122,,,,1711014802
12176621,3423,4326,3369,,,1711018573
12176622,4402,2467,,,,1711015877
12176638,3503,2747,,,,1711008689
12176639,2586,2159,2079,,,1711005824
12176652,3228,2648,5165,,,1711020123
12176678,4197,1785,,,,1711023415
12176679,2539,4652,4415,,,1711012490
12176680,2697,2331,,,,1711013002
12176710,1527,2099,,,,1711009851
12176730,2535,2941,901,,,1711014322
12176731,2556,3958,,,,1711023754
12176747,3623,4523,,,,1711015827
12176754,2844,4033,,,,1711014295
12176758,2145,2502,,,,1711031264
12176759,3704,2548,,,,1711014397
12176762,1608,1797,,,,1711019622
12176781,1352,2567,4092,,,1711016040
12176800,3753,3341,,,,1711027181
12176801,3329,1840,,,,1711026258
12176802,2160,3145,,,,1711014927
12176815,1999,2198,,,,1711014236
12176816,2590,2299,1509,,,1711017191
12176851,2780,1798,,,,1711024873
12176852,4479,2561,,,,1711014046
12176984,2298,2003,2074,,,1711009208
12176985,2495,3707,,,,1711018150
12176987,2770,4720,,,,1711020222
12176988,2884,2097,1340,,,1711017388
12176989,1784,2076,,,,1711012367
12176990,1700,4524,,,,1711019358
12176991,2385,3224,,,,1711015552
12176992,3094,2650,,,,1711025267
12176993,2883,2743,,,,1711017170
12176994,2347,1586,,,,1711007667
12176996,3376,1833,,,,1711032131
12176997,2608,2670,,,,1711025372
12176998,3354,2293,,,,1711011894
12176999,2765,3567,3591,,,1711030583
12177000,2660,1501,,,,1711011110
12177001,4126,4777,,,,1711016285
12177002,2486,3815,1960,,,1711016818
12177003,2732,4618,,,,1711014861
12177005,2891,2867,,,,1711030591
12177006,2787,4341,3567,,,1711022601
12177007,3233,3329,,,,1711011861
12177034,3005,2209,,,,1711032510
12177036,1632,2254,,,,1711013554
12177041,3471,2774,,,,1711012368
12177042,3254,4205,,,,1711032918
12177058,2171,3977,,,,1711029608
12177072,4796,3222,,,,1711023058
12177083,3429,2917,,,,1711021198
12177084,1684,2773,3510,,,1711016505
12177151,3824,3237,,,,1711012382
12177153,2922,2385,,,,1711016915
12177231,2782,2076,,,,1711022181
12177250,1798,1475,,,,1711028465
12177252,17974,2129,22730,,,1711017938
12177291,1757,1354,,,,1711010556
12177292,3803,4690,,,,1711026730
12177293,2516,1945,2668,,,1711013372
12177307,2387,2697,,,,1711018581
12177381,3598,3594,,,,1711026998
12177389,1921,1736,,,,1711023064
12177390,3101,2780,,,,1711027787
12177414,3512,3984,,,,1711014550
12177415,2970,3550,,,,1711016025
12177416,,,,,,1711012891
12177419,2977,2488,3685,,,1711021636
12177544,3422,3509,2407,,,1711028716
12177546,2062,3564,2618,,,1711021332
12177548,3021,3467,3387,,,1711029967
12177566,1816,2048,1509,,,1711019705
12177601,2090,3019,,,,1711018951
12177610,16643,1946,,,,1711034238
12177611,3844,3438,,,,1711025272
12177614,2634,2498,1810,,,1711028205
12177616,2607,2100,,,,1711022806
12177623,2656,3646,,,,1711018940
12177651,2838,3418,,,,1711019146
12177689,1482,1894,,,,1711010329
12177726,3450,3226,,,,1711032298
12177777,2500,4179,,,,1711026268
12177784,1983,4519,2131,,,1711031009
12177837,2168,3654,3723,,,1711029247
12178782,2020,3414,,,,1711022289
12179725,2558,3024,2989,,,1711021892
12179787,2020,1648,,,,1711021708
12179788,4440,1967,,,,1711021907
12156090,1617,2605,,,,1711063950
12156091,2399,2471,,,,1711058998
12156092,3229,1424,,,,1711058929
12156093,2577,5812,2284,,,1710976317
12156096,2683,1912,,,,1710979634
12156098,2008,2858,,,,1710963854
12156107,2245,2818,,,,1711064236
12156108,4316,2459,,,,1710973189
12156216,1771,3079,2621,,,1710970625
12156217,2145,3677,,,,1710989360
12156219,,,,,,1710956994
12156220,1981,3191,2847,,,1710974425
12156221,2113,2329,,,,1710981811
12156226,3051,2995,,,,1711054841
12156227,2507,2933,,,,1710964402
12156232,2283,2578,,,,1710971357
12156233,3821,2306,,,,1711063069
12156234,1869,2516,2799,,,1711072568
12156235,4079,2004,,,,1710962229
12156236,2277,2307,,,,1711061457
12156239,2730,3069,2354,,,1710951638
12156241,2368,3047,4198,,,1711120936
12156246,2693,3073,3752,,,1711114585
12156248,2542,2830,,,,1711104989
12156252,4230,2503,,,,1711037292
12156253,3137,3738,3604,,,1711028486
12156255,2439,4178,,,,1711018362
12156256,2081,2441,,,,1710957097
12156257,1764,2993,4144,,,1711045586
12156262,2100,2424,4145,,,1711106769
12156263,2898,2496,3444,,,1711118338
12156268,3487,2578,,,,1710946074
12156271,3557,3370,2358,,,1711109728
12156276,2931,2653,2282,,,1711021233
12156277,2983,2996,2645,,,1711118019
12156279,3157,4064,1837,,,1711031752
12156281,2208,3611,,,,1711017948
12156282,1212,3550,1128,,,1711029252
12156316,4083,819,,,,1711037740
12156320,2249,3811,3673,,,1711039819
12156321,2064,3318,3072,,,1711053293
12156322,2797,2386,1037,,,1711067525
12156323,3508,2451,4000,,,1711074839
12156324,1992,3255,,,,1711043226
12156325,2250,3054,3504,,,1711074745
12156327,2358,2941,,,,1711073186
12156329,1939,3563,,,,1711035654
12156330,2123,2619,,,,1711049241
12156331,4337,3078,,,,1711058151
12156334,2129,2390,,,,1711055172
12156337,3397,4126,,,,1711056233
12156339,3740,4465,3703,,,1711048399
12169395,3094,2642,,,,1710950541
12169396,2435,3101,2514,,,1710963100
12169397,3043,2365,1890,,,1710972135
12169398,2004,3027,,,,1710949326
12169399,3010,3134,,,,1710961977
12169400,2140,2550,,,,1710978297
12169401,2040,2190,,,,1710952934
12169402,1405,2616,1910,,,1710951194
12171739,3709,2257,,,,1711062944
12171740,3149,2419,,,,1711065693
12171742,2369,1989,3871,,,1711062974
12171743,2482,2186,2923,,,1711058237
12171744,3554,3586,3364,,,1711069441
12171745,1899,2927,3673,,,1711055600
12171746,2520,2262,,,,1711047269
12171747,3085,2266,,,,1711055696
12171748,2046,2532,,,,1711063360
12171749,2514,3431,,,,1710949961
12171750,4067,2417,3511,,,1710971143
12171751,2175,2001,,,,1710956484
12171752,,,,,,
12171753,3231,3560,,,,1710950708
12171754,2594,1691,2214,,,1710987983
12171755,1851,1850,,,,1710961504
12171756,2606,2224,,,,1710959120
12171757,3039,2871,3958,,,1710968798
12171758,2554,2655,,,,1710978666
12171759,2370,3509,2621,,,1710953652
12171760,3905,3257,,,,1710971649
12171920,2612,2208,,,,1710981619
12171924,1660,2814,2238,,,1710957598
12171925,2212,2562,,,,1710951147
12171927,4816,5989,1144,,,1710966119
12171928,2303,2366,,,,1710938820
12171930,,,,,,1710954410
12171931,2929,1970,2822,,,1710945299
12171933,1795,3725,,,,1710942249
12171934,2241,1658,,,,1710943772
12171941,4252,2850,3604,,,1710947227
12171944,2834,2247,,,,1710941117
12171945,2812,3423,2195,,,1710942932
12171946,3165,2281,5541,,,1710966724
12171948,5180,1064,,,,1710956442
12171949,,,,,,
12171950,1933,2310,,,,1710986811
12171953,2670,4020,1671,,,1710975788
12171955,2361,3087,2860,,,1710956606
12171962,2425,2466,3004,,,1711037894
12171963,2860,1614,,,,1711027567
12171964,2401,2804,,,,1711035366
12171966,2442,1666,,,,1711042125
12171967,2665,3572,3093,,,1711119860
12171982,2553,11593,58093,,,1710947650
12171986,3549,4482,,,,1710961737
12171988,3234,2361,2039,,,1711012656
12171991,2973,1767,2975,,,1710959258
12171992,2670,2878,,,,1710950291
12171993,3544,2827,,,,1710942275
12171994,2484,3132,3169,,,1710952968
12171999,3580,2712,2770,,,1710948419
12172005,2186,3848,,,,1710938373
12172009,3376,2827,,,,1710946458
12172010,2348,1622,,,,1710944469
12172403,2168,2622,,,,1710949510
12172404,1906,3061,2463,,,1710979982
12172405,1999,1289,,,,1710977666
12172406,2162,2956,,,,1710955395
12172407,2613,2270,,,,1710964240
12172408,2479,3456,,,,1710961840
12172409,2844,1934,,,,1710955971
12172411,2538,2315,1567,,,1710958966
12172586,4473,3472,,,,1710972429
12172587,2709,2538,,,,1710963730
12172588,2893,4950,,,,1710966497
12172589,3117,2159,2647,,,1710965762
12172759,2958,4079,,,,1710939617
12172761,3778,6439,,,,1710951717
12172763,3744,2637,,,,1710948528
12172766,3569,3973,3082,,,1710978992
12172768,1743,2381,,,,1710947010
12172769,3227,2749,2528,,,1711036063
12172776,56755,3645,,,,1711006759
12172777,1436,2455,,,,1710947762
12172780,2507,3033,2323,,,1710946988
12172790,1996,2097,,,,1710938599
12172795,4915,863,,,,1710955860
12172798,2949,1705,,,,1710944366
12172806,4207,3774,2697,,,1710946552
12172807,3766,5629,4700,,,1710957772
12172810,5493,3408,3654,,,1710951635
12172818,3036,2808,,,,1710951503
12172820,4766,1732,,,,1710958394
12172837,,,,,,
12172844,2364,3766,,,,1710978771
12172845,1955,2016,,,,1710978050
12172846,1767,3237,,,,1710985135
12172889,3343,2542,4510,,,1710989857
12172905,3615,2471,,,,1710997416
12172977,2161,2117,,,,1710990228
12172984,1372,2166,,,,1710991507
12173964,1717,3595,2723,,,1711014122
12174130,3652,4653,,,,1711023407
12174137,1959,1674,904,,,1711007624
12174138,3514,58803,,,,1710946739
12174139,4120,1716,,,,1711008953
12174142,1407,1467,,,,1710946546
12174151,3695,4760,3335,,,1711017663
12174173,3194,2063,,,,1711008072
12174180,2578,2332,,,,1711014525
12174207,,,,,,
12174229,2140,2286,1700,,,1711020174
12174230,1514,2339,,,,1710942243
12174232,3005,2581,2191,,,1711023566
12174233,3252,2488,,,,1711014236
12174234,2137,3363,,,,1711022691
12174235,3684,2869,2592,,,1711020630
12174265,2176,2410,,,,1710948232
12174266,4455,1517,,,,1710942564
12174270,2010,1419,,,,1710952760
12174273,3772,2480,,,,1710941447
12174274,1134,2116,,,,1710944233
12174276,6043,3533,,,,1710945595
12174279,3164,2798,,,,1710940783
12174318,2977,3902,,,,1710946771
12174319,2048,4214,3206,,,1710946129
12174322,4071,2017,,,,1710946354
12174323,2695,2315,1676,,,1711013788
12174325,2802,4560,2353,,,1710951257
12174343,2479,1393,,,,1711028213
12174345,1725,1814,,,,1711021330
12174354,2389,3116,3428,,,1710954770
12174355,1948,2984,,,,1710949615
12174356,2328,1661,2539,,,1710945856
12174360,3027,1694,,,,1710945162
12174362,1963,2359,,,,1710946828
12174363,2561,1977,1736,,,1710952414
12174366,2298,2592,,,,1710938721
12174369,3280,3247,2674,,,1710944203
12174386,1468,1274,,,,1710943412
12174387,2131,4047,2048,,,1711027510
12174388,2045,1709,,,,1710942328
12174390,1861,2232,,,,1710939929
12174447,,,,,,
12174449,4309,3498,2574,,,1711032257
12174477,2996,2700,2766,,,1711014595
12174479,3046,2805,,,,1710942683
12174485,2933,2625,3174,,,1710950459
12174487,1714,3444,1910,,,1710942127
12174491,3395,4117,,,,1710944132
12174494,2423,3820,,,,1710940372
12174551,2439,2497,,,,1711019978
12174568,4763,3946,,,,1711022963
12174578,4673,6057,,,,1710945267
12174579,6033,8100,2226,,,1710962143
12174580,3337,6936,3177,,,1710947582
12174581,2696,2083,2213,,,1710961186
12174582,10356,2763,,,,1710961765
12174583,3139,3088,,,,1710940167
12174618,4389,3838,,,,1711036716
12174620,4045,2254,,,,1711018235
12174622,1581,1636,,,,1711006504
12174628,1701,1954,,,,1711019939
12174629,1847,2694,,,,1710958721
12174630,2564,3622,,,,1710950183
12174633,3372,2839,,,,1710943496
12174634,2642,3581,,,,1710940829
12174635,2287,1750,3519,,,1710942850
12174638,1696,3702,,,,1710949462
12174685,2527,3287,2769,,,1711040517
12174686,3621,3187,,,,1711027955
12174687,1903,1963,2967,,,1711028771
12174688,4110,2744,,,,1711034686
12174689,2758,2536,3251,,,1711037339
12174690,3119,3242,,,,1711027459
12174692,2895,3033,2365,,,1711030063
12174786,1683,2445,,,,1711042553
12174796,4309,3403,2989,,,1711038527
12174987,2654,3054,,,,1711023965
12175021,2682,1962,,,,1711025910
12175248,2446,3217,,,,1710945764
12175249,2134,4026,,,,1710944504
12175250,3296,2342,,,,1710940066
12175251,2141,4235,2903,,,1710943289
12175252,4502,3835,,,,1710966569
12175275,1918,,,,,1711025086
12175294,2306,2139,,,,1710957451
12175295,2077,1785,3757,,,1710976209
12175296,2016,2389,,,,1710971353
12175297,3196,2919,,,,1710957653
12175298,2161,3073,,,,1710956777
12175299,3053,1546,3868,,,1710959015
12175300,3978,651,,,,1710965504
12175345,2375,2405,,,,1711048639
12175355,1847,2380,,,,1711054120
12175358,2860,3760,,,,1710961275
12175763,3699,2427,,,,1711048164
12175769,2204,3600,633,,,1711043579
12175770,2302,1951,,,,1711043027
12175771,3591,1982,,,,1710985537
12175772,1761,2765,,,,1710956242
12175773,1606,1946,3018,,,1710959046
12175774,2573,3595,,,,1710965720
12175775,2317,1856,,,,1710962214
12175776,3168,6436,,,,1711037090
12175777,2174,5214,,,,1711036053
12175778,2615,2310,3057,,,1711049636
12175779,2775,4056,,,,1711063287
12175780,1733,2205,,,,1711054781
12175781,2314,2717,,,,1711070236
12175782,6093,2572,,,,1711043372
12175793,2818,2516,,,,1710985724
12175818,2268,2440,,,,1710978616
12175823,2126,3124,1874,,,1710981557
12175824,4153,2482,,,,1710985661
12175862,,,,,,1710994504
12175863,3958,1860,,,,1710987399
12175864,3377,2237,2954,,,1710986763
12175882,3698,4551,,,,1710992997
12175883,2734,1493,2111,,,1710980621
12175884,2491,3612,,,,1710978513
12175885,1981,1919,,,,1710978618
12175895,3745,1769,,,,1711043188
12175909,2632,1646,2261,,,1710980836
12175951,2019,3699,,,,1710985619
12175952,3696,2105,1797,,,1711007814
12175953,2649,3425,3714,,,1710988097
12175954,2268,3263,3812,,,1710989653
12175955,2196,3170,2765,,,1710989397
12175956,4354,5785,,,,1710987866
12176004,2210,3505,2092,,,1710989350
12176005,1862,2694,1667,,,1710988621
12176053,3617,2966,,,,1710987333
12176057,2508,3902,,,,1710996714
12176099,1473,2401,,,,1710992529
12176120,2848,3566,,,,1710997283
12176281,4385,4260,2780,,,1711000526
12176283,2002,2222,2170,,,1710996479
12176289,2049,2497,,,,1711007095
12176291,1587,2907,,,,1710996641
12176321,1633,1533,,,,1711011226
12176344,1950,2861,,,,1711003657
12176345,2802,1561,1770,,,1711021327
12176348,3833,5252,5364,,,1711014460
12176351,2578,2293,1783,,,1711004822
12176352,2210,2382,,,,1710996407
12176372,3689,2313,,,,1711012383
12176373,1932,4400,,,,1711012647
12176374,2483,2018,,,,1711012943
12176464,,,,,,1711009079
12176506,2395,3154,,,,1710991412
12176541,3119,2782,,,,1711008010
12176551,1701,2214,,,,1710985159
12176557,2968,3610,,,,1711013319
12176601,2091,2122,,,,1711014802
12176621,3423,4326,3369,,,1711018573
12176622,4402,2467,,,,1711015877
12176638,3503,2747,,,,1711008689
12176639,2586,2159,2079,,,1711005824
12176652,3228,2648,5165,,,1711020123
12176678,4197,1785,,,,1711023415
12176679,2539,4652,4415,,,1711012490
12176680,2697,2331,,,,1711013002
12176710,1527,2099,,,,1711009851
12176730,2535,2941,901,,,1711014322
12176731,2556,3958,,,,1711023754
12176747,3623,4523,,,,1711015827
12176754,2844,4033,,,,1711014295
12176758,2145,2502,,,,1711031264
12176759,3704,2548,,,,1711014397
12176762,1608,1797,,,,1711019622
12176781,1352,2567,4092,,,1711016040
12176800,3753,3341,,,,1711027181
12176801,3329,1840,,,,1711026258
12176802,2160,3145,,,,1711014927
12176815,1999,2198,,,,1711014236
12176816,2590,2299,1509,,,1711017191
12176851,2780,1798,,,,1711024873
12176852,4479,2561,,,,1711014046
12176984,2298,2003,2074,,,1711009208
12176985,2495,3707,,,,1711018150
12176986,3072,3084,,,,1711035924
12176987,2770,4720,,,,1711020222
12176988,2884,2097,1340,,,1711017388
12176989,1784,2076,,,,1711012367
12176990,1700,4524,,,,1711019358
12176991,2385,3224,,,,1711015552
12176992,3094,2650,,,,1711025267
12176993,2883,2743,,,,1711017170
12176994,2347,1586,,,,1711007667
12176995,3256,3530,,,,1711034629
12176996,3376,1833,,,,1711032131
12176997,2608,2670,,,,1711025372
12176998,3354,2293,,,,1711011894
12176999,2765,3567,3591,,,1711030583
12177000,2660,1501,,,,1711011110
12177001,4126,4777,,,,1711016285
12177002,2486,3815,1960,,,1711016818
12177003,2732,4618,,,,1711014861
12177005,2891,2867,,,,1711030591
12177006,2787,4341,3567,,,1711022601
12177007,3233,3329,,,,1711011861
12177034,3005,2209,,,,1711032510
12177036,1632,2254,,,,1711013554
12177041,3471,2774,,,,1711012368
12177042,3254,4205,,,,1711032918
12177058,2171,3977,,,,1711029608
12177072,4796,3222,,,,1711023058
12177083,3429,2917,,,,1711021198
12177084,1684,2773,3510,,,1711016505
12177151,3824,3237,,,,1711012382
12177153,2922,2385,,,,1711016915
12177231,2782,2076,,,,1711022181
12177250,1798,1475,,,,1711028465
12177251,2253,2513,,,,1711039399
12177252,17974,2129,22730,,,1711017938
12177291,1757,1354,,,,1711010556
12177292,3803,4690,,,,1711026730
12177293,2516,1945,2668,,,1711013372
12177307,2387,2697,,,,1711018581
12177381,3598,3594,,,,1711026998
12177389,1921,1736,,,,1711023064
12177390,3101,2780,,,,1711027787
12177412,3039,2244,,,,1711040390
12177414,3512,3984,,,,1711014550
12177415,2970,3550,,,,1711016025
12177416,,,,,,1711012891
12177419,2977,2488,3685,,,1711021636
12177544,3422,3509,2407,,,1711028716
12177546,2062,3564,2618,,,1711021332
12177547,2453,3167,,,,1711040581
12177548,3021,3467,3387,,,1711029967
12177566,1816,2048,1509,,,1711019705
12177601,2090,3019,,,,1711018951
12177610,16643,1946,,,,1711034238
12177611,3844,3438,,,,1711025272
12177614,2634,2498,1810,,,1711028205
12177616,2607,2100,,,,1711022806
12177617,2617,3045,2171,,,1711041927
12177623,2656,3646,,,,1711018940
12177651,2838,3418,,,,1711019146
12177677,4165,3064,60681,,,1711048821
12177678,3451,3051,,,,1711045647
12177689,1482,1894,,,,1711010329
12177691,4819,6187,,,,1711036949
12177726,3450,3226,,,,1711032298
12177777,2500,4179,,,,1711026268
12177780,3859,2514,,,,1711034151
12177781,1829,2249,3829,,,1711044073
12177784,1983,4519,2131,,,1711031009
12177790,1814,3098,,,,1711054717
12177825,2245,2530,,,,1711033790
12177837,2168,3654,3723,,,1711029247
12177855,4340,2615,,,,1711049456
12177861,1967,4423,4928,,,1711047980
12177881,3011,3708,,,,1711047812
12177905,3137,2420,,,,1711049084
12177927,2650,3472,,,,1711033283
12177971,2871,3875,3496,,,1711059699
12178012,2786,2399,,,,1711047163
12178046,2792,2871,,,,1711053357
12178047,2284,3837,,,,1711040228
12178450,2168,2369,,,,1711053753
12178458,4070,3613,,,,1711045095
12178477,1408,2304,,,,1711063881
12178496,2661,2366,2607,,,1711067866
12178500,2335,2402,3060,,,1711067369
12178501,2118,1614,,,,1711047462
12178505,4176,3300,,,,1711066909
12178514,1960,3647,,,,1711053817
12178515,2279,2338,,,,1711072620
12178519,2234,3803,,,,1711072409
12178520,3502,1964,,,,1711071005
12178521,2343,1043,,,,1711083462
12178528,1938,1990,3360,,,1711073914
12178535,2921,2486,,,,1711072615
12178536,2242,2403,2833,,,1711081907
12178573,3907,2833,,,,1711075176
12178576,1973,4474,3857,,,1711076243
12178587,3033,2672,2455,,,1711075484
12178671,2216,2813,2535,,,1711087197
12178682,3429,2299,,,,1711074833
12178732,3252,2727,2442,,,1711075722
12178782,2020,3414,,,,1711022289
12178830,2023,2891,,,,1711084041
12179725,2558,3024,2989,,,1711021892
12179726,4152,2534,,,,1711091918
12179755,1440,2265,,,,1711092112
12179787,2020,1648,,,,1711021708
12179788,4440,1967,,,,1711021907
12179803,2885,5141,,,,1711098326
12179832,3057,2023,3392,,,1711100265
12179833,1859,1740,,,,1711096883
12180306,2706,1832,2058,,,1711099850
12180307,2313,2327,,,,1711097627
12180433,2834,2747,,,,1711097793
12180434,2818,2611,2191,,,1711100807
12180436,2601,3419,2442,,,1711103435
12180437,3463,2796,,,,1711104854
12180438,3824,2994,,,,1711098894
12180464,2133,3171,,,,1711097589
12180465,3384,2647,,,,1711104966
12180472,2340,1393,,,,1711097250
12180478,3205,2872,,,,1711098604
12180499,1799,2964,,,,1711107452
12180500,4662,2261,3437,,,1711102363
12180516,2312,3569,3989,,,1711101090
12180518,,,,,,1711104507
12180530,2023,2215,,,,1711099001
12180540,2609,3504,,,,1711101211
12180546,2179,2530,,,,1711097453
12180549,2086,4450,2438,,,1711101681
12180552,2716,3009,,,,1711104802
12180559,1517,1766,,,,1711104024
12180564,2448,2384,2111,,,1711100086
12180583,3754,1856,,,,1711115706
12180584,2775,2090,,,,1711109252
12180585,2511,2650,,,,1711101882
12180590,3510,1967,,,,1711107664
12180595,4234,2295,2239,,,1711103623
12180603,1709,2527,,,,1711097420
12180604,2782,2635,,,,1711115079
12180611,2021,1935,,,,1711102212
12180630,4919,2880,,,,1711101582
12180659,2550,2752,,,,1711114291
12180680,1705,4459,,,,1711106571
12180704,2941,3086,2886,,,1711109299
12180705,2913,2504,,,,1711109531
12180710,4473,1124,,,,1711110952
12180745,2370,3178,,,,1711117059
12180746,2191,4043,4460,,,1711111872
12180755,3610,2118,2746,,,1711111426
12180774,2530,3115,,,,1711109301
12180777,3124,4046,,,,1711108344
12180779,2154,4076,,,,1711100805
12180798,2635,2625,,,,1711102964
12180882,,,,,,1711113232
12180883,2628,2971,,,,1711109638
12180898,4218,1893,,,,1711101421
12180919,2300,2021,,,,1711100837
12180940,3126,2732,,,,1711108888
12180968,3585,5074,,,,1711116920
12180969,3420,1741,,,,1711109399
12181017,4156,2107,2450,,,1711123157
12181054,4141,1496,,,,1711109868
12181069,3057,2490,,,,1711109014
12181080,4314,5349,3834,,,1711123138
12181098,2958,3097,3510,,,1711112202
12181099,2794,3449,,,,1711115741
12181100,3515,1488,4529,,,1711109291
12181228,2033,2185,,,,1711106191
12181229,3039,2294,,,,1711116196
12181238,2437,1716,,,,1711115475
12181242,2167,1916,2175,,,1711114387
12181389,2792,3156,,,,1711118893
12181631,2410,2038,,,,1711111720
12181761,2373,2655,4763,,,1711119952
12183897,3716,2601,3339,,,1711117525
12156090,1617,2605,,,,1711063950
12156091,2399,2471,,,,1711058998
12156092,3229,1424,,,,1711058929
12156094,2279,3989,2248,,,1711149900
12156105,2412,3932,,,,1711155642
12156106,3668,2327,2504,,,1711149666
12156107,2245,2818,,,,1711064236
12156109,2429,5383,,,,1711155584
12156226,3051,2995,,,,1711054841
12156229,2831,3035,3164,,,1711155356
12156231,2193,3770,,,,1711161920
12156233,3821,2306,,,,1711063069
12156234,1869,2516,2799,,,1711072568
12156236,2277,2307,,,,1711061457
12156240,,,,,,
12156241,2368,3047,4198,,,1711120936
12156246,2693,3073,3752,,,1711114585
12156248,2542,2830,,,,1711104989
12156249,3918,2863,1858,,,1711126555
12156252,4230,2503,,,,1711037292
12156257,1764,2993,4144,,,1711045586
12156259,2070,,,,,1711190604
12156262,2100,2424,4145,,,1711106769
12156263,2898,2496,3444,,,1711118338
12156265,,,,,,1711188759
12156269,,,,,,
12156271,3557,3370,2358,,,1711109728
12156277,2983,2996,2645,,,1711118019
12156279,3157,4064,1837,,,1711031752
12156308,1961,2682,,,,1711144003
12156310,2906,2434,,,,1711144890
12156315,2047,2958,,,,1711144991
12156316,4083,819,,,,1711037740
12156317,2180,2307,,,,1711145704
12156320,2249,3811,3673,,,1711039819
12156321,2064,3318,3072,,,1711053293
12156322,2797,2386,1037,,,1711067525
12156323,3508,2451,4000,,,1711074839
12156324,1992,3255,,,,1711043226
12156325,2250,3054,3504,,,1711074745
12156327,2358,2941,,,,1711073186
12156329,1939,3563,,,,1711035654
12156330,2123,2619,,,,1711049241
12156331,4337,3078,,,,1711058151
12156334,2129,2390,,,,1711055172
12156336,2767,2271,,,,1711144740
12156337,3397,4126,,,,1711056233
12156339,3740,4465,3703,,,1711048399
12159560,2640,2574,,,,1711145873
12159561,1762,2203,,,,1711143915
12171739,3709,2257,,,,1711062944
12171740,3149,2419,,,,1711065693
12171742,2369,1989,3871,,,1711062974
12171743,2482,2186,2923,,,1711058237
12171744,3554,3586,3364,,,1711069441
12171745,1899,2927,3673,,,1711055600
12171746,2520,2262,,,,1711047269
12171747,3085,2266,,,,1711055696
12171748,2046,2532,,,,1711063360
12171962,2425,2466,3004,,,1711037894
12171963,2860,1614,,,,1711027567
12171964,2401,2804,,,,1711035366
12171965,,,,,,
12171966,2442,1666,,,,1711042125
12171967,2665,3572,3093,,,1711119860
12171995,,,,,,
12172738,,,,,,
12172739,,,,,,
12172748,,,,,,
12172762,,,,,,
12172765,,,,,,
12172769,3227,2749,2528,,,1711036063
12172782,,,,,,
12172785,,,,,,
12173409,,,,,,
12174029,,,,,,
12174075,,,,,,
12174193,,,,,,
12174343,2479,1393,,,,1711028213
12174449,4309,3498,2574,,,1711032257
12174618,4389,3838,,,,1711036716
12174685,2527,3287,2769,,,1711040517
12174686,3621,3187,,,,1711027955
12174687,1903,1963,2967,,,1711028771
12174688,4110,2744,,,,1711034686
12174689,2758,2536,3251,,,1711037339
12174690,3119,3242,,,,1711027459
12174692,2895,3033,2365,,,1711030063
12174786,1683,2445,,,,1711042553
12174796,4309,3403,2989,,,1711038527
12175021,2682,1962,,,,1711025910
12175275,1918,,,,,1711025086
12175345,2375,2405,,,,1711048639
12175355,1847,2380,,,,1711054120
12175763,3699,2427,,,,1711048164
12175769,2204,3600,633,,,1711043579
12175770,2302,1951,,,,1711043027
12175776,3168,6436,,,,1711037090
12175777,2174,5214,,,,1711036053
12175778,2615,2310,3057,,,1711049636
12175779,2775,4056,,,,1711063287
12175780,1733,2205,,,,1711054781
12175781,2314,2717,,,,1711070236
12175782,6093,2572,,,,1711043372
12175895,3745,1769,,,,1711043188
12176758,2145,2502,,,,1711031264
12176986,3072,3084,,,,1711035924
12176995,3256,3530,,,,1711034629
12176996,3376,1833,,,,1711032131
12176997,2608,2670,,,,1711025372
12176999,2765,3567,3591,,,1711030583
12177005,2891,2867,,,,1711030591
12177034,3005,2209,,,,1711032510
12177042,3254,4205,,,,1711032918
12177058,2171,3977,,,,1711029608
12177250,1798,1475,,,,1711028465
12177251,2253,2513,,,,1711039399
12177252,17974,2129,22730,,,1711017938
12177292,3803,4690,,,,1711026730
12177381,3598,3594,,,,1711026998
12177390,3101,2780,,,,1711027787
12177412,3039,2244,,,,1711040390
12177547,2453,3167,,,,1711040581
12177548,3021,3467,3387,,,1711029967
12177617,2617,3045,2171,,,1711041927
12177677,4165,3064,60681,,,1711048821
12177678,3451,3051,,,,1711045647
12177691,4819,6187,,,,1711036949
12177726,3450,3226,,,,1711032298
12177777,2500,4179,,,,1711026268
12177780,3859,2514,,,,1711034151
12177781,1829,2249,3829,,,1711044073
12177784,1983,4519,2131,,,1711031009
12177790,1814,3098,,,,1711054717
12177825,2245,2530,,,,1711033790
12177837,2168,3654,3723,,,1711029247
12177855,4340,2615,,,,1711049456
12177861,1967,4423,4928,,,1711047980
12177881,3011,3708,,,,1711047812
12177905,3137,2420,,,,1711049084
12177927,2650,3472,,,,1711033283
12177971,2871,3875,3496,,,1711059699
12178012,2786,2399,,,,1711047163
12178046,2792,2871,,,,1711053357
12178047,2284,3837,,,,1711040228
12178450,2168,2369,,,,1711053753
12178458,4070,3613,,,,1711045095
12178477,1408,2304,,,,1711063881
12178496,2661,2366,2607,,,1711067866
12178500,2335,2402,3060,,,1711067369
12178501,2118,1614,,,,1711047462
12178505,4176,3300,,,,1711066909
12178514,1960,3647,,,,1711053817
12178515,2279,2338,,,,1711072620
12178519,2234,3803,,,,1711072409
12178520,3502,1964,,,,1711071005
12178521,2343,1043,,,,1711083462
12178528,1938,1990,3360,,,1711073914
12178535,2921,2486,,,,1711072615
12178536,2242,2403,2833,,,1711081907
12178573,3907,2833,,,,1711075176
12178576,1973,4474,3857,,,1711076243
12178587,3033,2672,2455,,,1711075484
12178671,2216,2813,2535,,,1711087197
12178682,3429,2299,,,,1711074833
12178732,3252,2727,2442,,,1711075722
12178830,2023,2891,,,,1711084041
12179726,4152,2534,,,,1711091918
12179755,1440,2265,,,,1711092112
12179803,2885,5141,,,,1711098326
12179832,3057,2023,3392,,,1711100265
12179833,1859,1740,,,,1711096883
12180306,2706,1832,2058,,,1711099850
12180307,2313,2327,,,,1711097627
12180433,2834,2747,,,,1711097793
12180434,2818,2611,2191,,,1711100807
12180436,2601,3419,2442,,,1711103435
12180437,3463,2796,,,,1711104854
12180438,3824,2994,,,,1711098894
12180464,2133,3171,,,,1711097589
12180465,3384,2647,,,,1711104966
12180472,2340,1393,,,,1711097250
12180478,3205,2872,,,,1711098604
12180499,1799,2964,,,,1711107452
12180500,4662,2261,3437,,,1711102363
12180516,2312,3569,3989,,,1711101090
12180518,,,,,,1711104507
12180530,2023,2215,,,,1711099001
12180540,2609,3504,,,,1711101211
12180546,2179,2530,,,,1711097453
12180549,2086,4450,2438,,,1711101681
12180552,2716,3009,,,,1711104802
12180559,1517,1766,,,,1711104024
12180564,2448,2384,2111,,,1711100086
12180583,3754,1856,,,,1711115706
12180584,2775,2090,,,,1711109252
12180585,2511,2650,,,,1711101882
12180590,3510,1967,,,,1711107664
12180595,4234,2295,2239,,,1711103623
12180603,1709,2527,,,,1711097420
12180604,2782,2635,,,,1711115079
12180611,2021,1935,,,,1711102212
12180630,4919,2880,,,,1711101582
12180659,2550,2752,,,,1711114291
12180680,1705,4459,,,,1711106571
12180681,3131,3682,,,,1711119628
12180704,2941,3086,2886,,,1711109299
12180705,2913,2504,,,,1711109531
12180710,4473,1124,,,,1711110952
12180745,2370,3178,,,,1711117059
12180746,2191,4043,4460,,,1711111872
12180755,3610,2118,2746,,,1711111426
12180774,2530,3115,,,,1711109301
12180776,2601,3227,2655,,,1711122969
12180777,3124,4046,,,,1711108344
12180779,2154,4076,,,,1711100805
12180798,2635,2625,,,,1711102964
12180803,2472,2277,,,,1711126993
12180882,,,,,,1711113232
12180883,2628,2971,,,,1711109638
12180898,4218,1893,,,,1711101421
12180899,3339,3038,,,,1711121722
12180919,2300,2021,,,,1711100837
12180940,3126,2732,,,,1711108888
12180968,3585,5074,,,,1711116920
12180969,3420,1741,,,,1711109399
12180987,1635,2273,,,,1711131256
12181017,4156,2107,2450,,,1711123157
12181053,4154,3825,4055,,,1711135464
12181054,4141,1496,,,,1711109868
12181069,3057,2490,,,,1711109014
12181080,4314,5349,3834,,,1711123138
12181098,2958,3097,3510,,,1711112202
12181099,2794,3449,,,,1711115741
12181100,3515,1488,4529,,,1711109291
12181228,2033,2185,,,,1711106191
12181229,3039,2294,,,,1711116196
12181238,2437,1716,,,,1711115475
12181242,2167,1916,2175,,,1711114387
12181345,3124,3481,,,,1711120018
12181372,2517,5601,3758,,,1711127000
12181373,2200,3451,,,,1711122437
12181389,2792,3156,,,,1711118893
12181401,3106,4155,,,,1711120590
12181631,2410,2038,,,,1711111720
12181688,1926,2300,,,,1711142829
12181695,4394,2444,,,,1711140840
12181731,1962,2948,2713,,,1711135754
12181738,2032,5422,2716,,,1711152520
12181745,2558,2161,,,,1711136832
12181761,2373,2655,4763,,,1711119952
12181893,2337,2012,2877,,,1711164647
12181894,2335,5324,,,,1711138694
12181925,3887,4503,,,,1711149047
12182028,1669,2745,,,,1711141187
12182455,3695,2910,2085,,,1711167588
12182456,3305,4080,,,,1711165221
12182523,1729,3918,2708,,,1711158249
12182526,4177,2118,,,,1711160229
12182527,4547,6631,,,,1711157169
12182600,3247,1683,3602,,,1711173563
12182601,2339,3006,2958,,,1711164358
12182670,3444,3891,,,,1711156056
12182766,2689,2462,,,,1711171746
12183587,1615,1932,,,,1711176667
12183663,3607,4250,,,,1711189892
12183684,3355,2841,,,,1711183051
12183723,2951,3058,1677,,,1711187655
12183733,2072,1987,,,,1711184000
12183759,2030,3730,,,,1711183503
12183762,1937,2733,,,,1711183639
12183763,3691,4666,,,,1711183552
12183769,2330,2206,,,,1711185481
12183770,3826,1796,,,,1711184148
12183771,2515,3362,,,,1711185707
12183841,4988,3608,,,,1711186765
12183897,3716,2601,3339,,,1711117525
12184035,2620,2785,,,,1711187218
12184098,2359,3277,,,,1711184421
12184133,1917,1964,,,,1711187124
12184134,,,,,,1711191073
12184195,1486,1962,,,,1711188319
12184196,3096,3402,,,,1711188702
12184203,2775,2645,,,,1711192344
12184205,2854,,,,,1711187935
12184213,2121,2053,,,,1711185453
12184232,1953,3537,,,,1711183654
12184428,,,,,,1711192403
12184457,,,,,,
12184498,3346,,,,,1711191783
12184687,2156,2018,2150,,,1711147217
12184728,,,,,,
12184775,1812,2474,,,,1711187258
12184776,3912,,,,,1711192339
12184822,2289,,,,,1711192634
12184865,2922,,,,,1711191564
12184866,2537,,,,,1711191285
12184867,,,,,,
12184921,,,,,,
12184946,,,,,,
12184954,,,,,,
12185104,,,,,,
12185124,,,,,,
12156089,3795,2126,2497,,,1711232547
12156094,2279,3989,2248,,,1711149900
12156097,3118,2008,,,,1711239211
12156105,2412,3932,,,,1711155642
12156106,3668,2327,2504,,,1711149666
12156109,2429,5383,,,,1711155584
12156228,3962,2284,,,,1711249962
12156229,2831,3035,3164,,,1711155356
12156231,2193,3770,,,,1711161920
12156240,2889,2127,,,,1711199703
12156241,2368,3047,4198,,,1711120936
12156249,3918,2863,1858,,,1711126555
12156254,2739,3908,3241,,,1711283806
12156259,2070,2810,1925,,,1711193714
12156261,2709,2540,,,,1711277777
12156263,2898,2496,3444,,,1711118338
12156265,3086,3437,,,,1711192398
12156269,2497,2034,,,,1711199244
12156277,2983,2996,2645,,,1711118019
12156284,2903,3316,,,,1711240339
12156291,2343,1701,,,,1711247867
12156292,3725,3332,,,,1711233144
12156303,3149,2173,2010,,,1711249703
12156306,,,,,,1711148959
12156308,1961,2682,,,,1711144003
12156309,,,,,,1711149122
12156310,2906,2434,,,,1711144890
12156311,2698,1942,,,,1711221113
12156312,2024,3377,,,,1711233157
12156313,3864,72590,,,,1711146888
12156314,2186,1878,,,,1711233740
12156315,2047,2958,,,,1711144991
12156317,2180,2307,,,,1711145704
12156318,2448,2438,,,,1711228480
12156319,2499,1769,,,,1711220528
12156326,,,,,,1711148415
12156335,2079,1955,,,,1711222780
12156336,2767,2271,,,,1711144740
12156338,1825,2449,2573,,,1711241761
12156341,1795,2016,2340,,,1711248547
12156342,1844,3570,,,,1711247218
12156344,4229,3255,,,,1711241184
12156345,2104,3617,2910,,,1711247410
12159534,2362,2381,,,,1711231617
12159535,2524,1401,,,,1711220438
12159536,3291,3549,,,,1711221704
12159537,,,,,,1711148383
12159538,3383,3448,2342,,,1711225745
12159539,,,,,,1711147911
12159552,1597,3659,,,,1711246290
12159555,3043,3165,1906,,,1711248821
12159556,2301,3652,,,,1711227376
12159557,3464,1405,1897,,,1711234418
12159558,1815,2458,,,,1711223645
12159559,4651,3517,4349,,,1711226944
12159560,2640,2574,,,,1711145873
12159561,1762,2203,,,,1711143915
12159562,2418,2347,,,,1711232228
12159563,2068,1964,,,,1711221629
12159564,2802,4007,2375,,,1711239148
12159565,,,,,,1711147408
12159570,1988,2599,,,,1711237783
12159571,2599,2661,1910,,,1711238172
12159572,3535,2029,2309,,,1711241022
12159573,2353,2772,,,,1711240112
12159575,3213,2175,4017,,,1711243101
12171967,2665,3572,3093,,,1711119860
12177677,4165,3064,60681,,,1711048821
12180583,3754,1856,,,,1711115706
12180604,2782,2635,,,,1711115079
12180659,2550,2752,,,,1711114291
12180681,3131,3682,,,,1711119628
12180745,2370,3178,,,,1711117059
12180776,2601,3227,2655,,,1711122969
12180803,2472,2277,,,,1711126993
12180882,,,,,,1711113232
12180899,3339,3038,,,,1711121722
12180968,3585,5074,,,,1711116920
12180987,1635,2273,,,,1711131256
12181017,4156,2107,2450,,,1711123157
12181053,4154,3825,4055,,,1711135464
12181080,4314,5349,3834,,,1711123138
12181099,2794,3449,,,,1711115741
12181229,3039,2294,,,,1711116196
12181238,2437,1716,,,,1711115475
12181242,2167,1916,2175,,,1711114387
12181345,3124,3481,,,,1711120018
12181372,2517,5601,3758,,,1711127000
12181373,2200,3451,,,,1711122437
12181389,2792,3156,,,,1711118893
12181401,3106,4155,,,,1711120590
12181688,1926,2300,,,,1711142829
12181695,4394,2444,,,,1711140840
12181731,1962,2948,2713,,,1711135754
12181738,2032,5422,2716,,,1711152520
12181745,2558,2161,,,,1711136832
12181761,2373,2655,4763,,,1711119952
12181893,2337,2012,2877,,,1711164647
12181894,2335,5324,,,,1711138694
12181925,3887,4503,,,,1711149047
12182028,1669,2745,,,,1711141187
12182455,3695,2910,2085,,,1711167588
12182456,3305,4080,,,,1711165221
12182478,4147,1631,2245,,,1711254002
12182523,1729,3918,2708,,,1711158249
12182526,4177,2118,,,,1711160229
12182527,4547,6631,,,,1711157169
12182600,3247,1683,3602,,,1711173563
12182601,2339,3006,2958,,,1711164358
12182670,3444,3891,,,,1711156056
12182766,2689,2462,,,,1711171746
12183587,1615,1932,,,,1711176667
12183663,3607,4250,3517,,,1711189892
12183684,3355,2841,,,,1711183051
12183723,2951,3058,1677,,,1711187655
12183733,2072,1987,,,,1711184000
12183759,2030,3730,,,,1711183503
12183762,1937,2733,,,,1711183639
12183763,3691,4666,,,,1711183552
12183769,2330,2206,,,,1711185481
12183770,3826,1796,,,,1711184148
12183771,2515,3362,,,,1711185707
12183841,4988,3608,,,,1711186765
12183897,3716,2601,3339,,,1711117525
12184035,2620,2785,,,,1711187218
12184098,2359,3277,,,,1711184421
12184133,1917,1964,,,,1711187124
12184134,2684,2519,,,,1711193757
12184195,1486,1962,,,,1711188319
12184196,3096,3402,,,,1711188702
12184203,2775,2645,3503,,,1711188841
12184205,2854,3984,,,,1711187935
12184213,2121,2053,,,,1711185453
12184232,1953,3537,,,,1711183654
12184428,2318,1735,,,,1711195008
12184457,2772,3113,,,,1711200095
12184498,3346,4660,,,,1711191783
12184680,3010,1824,,,,1711206917
12184687,2156,2018,2150,,,1711147217
12184728,2133,4699,,,,1711197351
12184775,1812,2474,,,,1711187258
12184776,3912,2518,,,,1711192339
12184822,2289,3068,,,,1711192634
12184865,2922,2461,,,,1711191564
12184866,2537,4254,3789,,,1711195708
12184867,2222,3289,2202,,,1711209271
12184920,3322,78042,3290,,,1711295125
12184921,4370,1924,,,,1711197322
12184946,5883,1952,,,,1711202178
12184954,2623,2602,,,,1711198897
12185104,3116,2017,,,,1711199438
12185124,2064,3410,,,,1711198008
12185200,2764,2222,2228,,,1711217617
12185561,1725,4087,2965,,,1711233269
12185562,4163,84588,88380,,,1711220085
12185935,2395,2352,,,,1711217467
12185952,3290,3891,,,,1711209876
12186004,1678,1785,,,,1711244215
12186007,3475,302,,,,1711241455
12186222,1072,1887,,,,1711239902
12186223,1870,1888,1370,,,1711246915
12186368,2574,4778,,,,1711248791
12186390,2948,2685,,,,1711257857
12187015,2546,1629,,,,1711245450
12187016,1809,2103,,,,1711247359
12187017,,,,,,1711255883
12187018,1706,2178,,,,1711262539
12187019,3613,2783,,,,1711246473
12187020,,,,,,
12187021,,,,,,1711242795
12187022,2411,2663,,,,1711262044
12187023,,,,,,
12187024,,,,,,
12187025,,,,,,
12187026,1764,3208,,,,1711260684
12187027,1924,3229,2728,,,1711258750
12187028,,,,,,
12187029,,,,,,
12187030,1504,84277,,,,1711264828
12187065,,,,,,
12187066,,,,,,
12187067,,,,,,
12187068,,,,,,
12187069,,,,,,
12187070,,,,,,
12187071,,,,,,
12187072,,,,,,
12187073,,,,,,
12187074,,,,,,
12187075,,,,,,
12187076,,,,,,
12187077,,,,,,
12187078,,,,,,
12187079,,,,,,
12187080,,,,,,
12187143,1858,1989,,,,1711269647
12187190,3967,3070,,,,1711270391
12187196,3542,3190,2929,,,1711276704
12187221,2448,2332,,,,1711270270
12187223,2132,2488,,,,1711268161
12187242,4281,4752,,,,1711286489
12187310,3563,3297,4909,,,1711276703
12187311,2495,3169,,,,1711274103
12187387,1665,2195,,,,1711273082
12187510,1877,2857,,,,1711276829
12187536,2515,3795,3233,,,1711281316
12187583,1700,2874,,,,1711273070
12187697,2839,3329,,,,1711274256
12187698,2263,2292,,,,1711286136
12187734,,,,,,
12187745,1582,1839,,,,1711279885
12187810,,,,,,
12187854,3255,2660,3729,,,1711273539
12187855,4151,3078,4107,,,1711275036
12187856,2417,3824,2956,,,1711274042
12187860,1630,2437,,,,1711281486
12187861,2473,2249,1969,,,1711282494
12187862,2508,1796,2601,,,1711282449
12187863,2359,2175,3111,,,1711272162
12187869,3013,3294,2511,,,1711282420
12188107,,,,,,
12188108,,,,,,
12188109,,,,,,
12188110,,,,,,
12188111,,,,,,
12188112,,,,,,
12188113,,,,,,
12188114,,,,,,
12188120,,,,,,
12188121,,,,,,
12188122,,,,,,
12188123,,,,,,
12188124,,,,,,
12188125,,,,,,
12188126,,,,,,
12188127,,,,,,
12188128,,,,,,
12188129,,,,,,
12188130,,,,,,
12188131,,,,,,
12188133,,,,,,
12188134,,,,,,
12188135,,,,,,
12188136,,,,,,
12188137,,,,,,
12188138,,,,,,
12188139,,,,,,
12188140,,,,,,
12188141,,,,,,
12188142,,,,,,
12188143,,,,,,
12188144,,,,,,
12188145,,,,,,
12188171,,,,,,
12188172,,,,,,
12188173,,,,,,
12188174,,,,,,
12188175,,,,,,
12188176,,,,,,
12188177,,,,,,
12188178,,,,,,
12188179,,,,,,
12188180,,,,,,
12188181,,,,,,
12188182,,,,,,
12188183,,,,,,
12188184,,,,,,
12188185,,,,,,
12188186,,,,,,
12188189,1545,2197,,,,1711272770
12188191,1899,1405,,,,1711290139
12188193,1949,1772,,,,1711280079
12188197,,,,,,
12188198,3226,1628,,,,1711285920
12188199,1713,2420,,,,1711277501
12188200,4311,2823,2428,,,1711289116
12188201,3931,1859,,,,1711275210
12188211,,,,,,
12188212,,,,,,
12188213,,,,,,
12188214,,,,,,
12188215,,,,,,
12188216,,,,,,
12188217,,,,,,
12188218,,,,,,
12188219,,,,,,
12188220,,,,,,
12188221,,,,,,
12188222,,,,,,
12188223,,,,,,
12188224,,,,,,
12188225,,,,,,
12188226,,,,,,
12188227,,,,,,
12188228,,,,,,
12188229,,,,,,
12188230,,,,,,
12188231,,,,,,
12188232,,,,,,
12188233,,,,,,
12188234,,,,,,
12188235,,,,,,
12188236,,,,,,
12188237,,,,,,
12188238,,,,,,
12188239,,,,,,
12188240,,,,,,
12188241,,,,,,
12188242,,,,,,
12188243,,,,,,
12188244,,,,,,
12188245,,,,,,
12188246,,,,,,
12188247,,,,,,
12188249,,,,,,
12188254,,,,,,
12188255,,,,,,
12188256,,,,,,
12188257,,,,,,
12188258,,,,,,
12188259,,,,,,
12188260,,,,,,
12188261,,,,,,
12188262,,,,,,
12188263,,,,,,
12188264,,,,,,
12188265,,,,,,
12188266,,,,,,
12188267,,,,,,
12188268,,,,,,
12188269,,,,,,
12188270,,,,,,
12188271,,,,,,
12188272,,,,,,
12188273,,,,,,
12188274,,,,,,
12188275,,,,,,
12188276,,,,,,
12188277,,,,,,
12188278,,,,,,
12188279,,,,,,
12188280,,,,,,
12188281,,,,,,
12188282,,,,,,
12188283,,,,,,
12188284,,,,,,
12188285,,,,,,
12188286,,,,,,
12188287,,,,,,
12188288,,,,,,
12188289,,,,,,
12188290,,,,,,
12188291,,,,,,
12188292,,,,,,
12188293,,,,,,
12188294,,,,,,
12188295,,,,,,
12188315,,,,,,
12188316,,,,,,
12188317,,,,,,
12188318,,,,,,
12188319,,,,,,
12188320,,,,,,
12188321,,,,,,
12188322,,,,,,
12188323,,,,,,
12188324,,,,,,
12188325,,,,,,
12188326,,,,,,
12188327,,,,,,
12188328,,,,,,
12188329,,,,,,
12188330,,,,,,
12188331,,,,,,
12188332,,,,,,
12188333,,,,,,
12188335,,,,,,
12188336,,,,,,
12188337,,,,,,
12188338,,,,,,
12188339,,,,,,
12188340,,,,,,
12188341,,,,,,
12188342,,,,,,
12188343,,,,,,
12188344,,,,,,
12188345,,,,,,
12188346,,,,,,
12188347,,,,,,
12188348,,,,,,
12188349,,,,,,
12188350,,,,,,
12188351,,,,,,
12188352,,,,,,
12188353,,,,,,
12188354,,,,,,
12188355,,,,,,
12188356,,,,,,
12188357,,,,,,
12188358,,,,,,
12188359,,,,,,
12188360,,,,,,
12188361,,,,,,
12188362,,,,,,
12188368,,,,,,
12188369,,,,,,
12188370,,,,,,
12188371,,,,,,
12188372,,,,,,
12188373,,,,,,
12188374,,,,,,
12188375,,,,,,
12188376,,,,,,
12188377,,,,,,
12188378,,,,,,
12188379,,,,,,
12188380,,,,,,
12188381,,,,,,
12188382,,,,,,
12188383,,,,,,
12188384,,,,,,
12188385,,,,,,
12188386,,,,,,
12188387,,,,,,
12188388,,,,,,
12188408,,,,,,
12188409,,,,,,
12188416,,,,,,
12188427,,,,,,
12188646,,,,,,
12188647,,,,,,
12188648,,,,,,
12188649,,,,,,
12188650,,,,,,
12188651,,,,,,
12188652,,,,,,
12188653,,,,,,
12188654,,,,,,
12188656,,,,,,
12188657,,,,,,
12188658,,,,,,
12188659,,,,,,
12188660,,,,,,
12188664,,,,,,
12188665,,,,,,
12188666,,,,,,
12188669,,,,,,
12188670,,,,,,
12188672,,,,,,
12188673,,,,,,
12188674,,,,,,
12188675,,,,,,
12188676,,,,,,
12188701,1737,1260,,,,1711272888
12188705,3534,1822,,,,1711274840
12188730,1790,2085,,,,1711271520
12188731,2508,2467,,,,1711277120
12188732,3103,3953,866,,,1711294820
12188733,3115,2463,,,,1711288470
12188735,2564,2209,718,,,1711287643
12188738,3632,2609,,,,1711284460
12188739,3093,2479,,,,1711272660
12188740,3200,2615,,,,1711279253
12188742,3409,1922,,,,1711278180
12188743,1394,2481,,,,1711281984
12188745,1805,2150,,,,1711271609
12188748,2864,4657,,,,1711277920
12188749,1609,1075,,,,1711272940
12188752,1610,1793,,,,1711279108
12188754,3133,1720,,,,1711278513
12188758,2130,3790,1861,,,1711289514
12188759,2964,2109,,,,1711284907
12188764,5235,2340,3065,,,1711289020
12188775,2253,2132,,,,1711278196
12188778,,,,,,
12188779,1463,2006,,,,1711287089
12188781,,,,,,
12188782,,,,,,1711281517
12188783,2523,1681,,,,1711274370
12188784,2087,1682,,,,1711279391
12188785,1756,1702,,,,1711273446
12188786,1924,2862,,,,1711277718
12188788,,,,,,
12188791,,,,,,
12188792,1434,1878,,,,1711273013
12188852,2423,4001,2366,,,1711292345
12188961,1818,1427,,,,1711273065
12188969,2932,2270,2827,,,1711276564
12188980,3962,3739,,,,1711275410
12188997,2018,1872,,,,1711277459
12189027,,,,,,
12189035,1656,4111,,,,1711282138
12189047,,,,,,
12189053,2402,3079,,,,1711282607
12189055,2019,1678,,,,1711289292
12189069,5433,4742,,,,1711291067
12189080,2739,2429,,,,1711289257
12189362,,,,,,
12189363,,,,,,
12189364,,,,,,
12189365,,,,,,
12189366,,,,,,
12189367,,,,,,
12189368,,,,,,
12189369,,,,,,
12189370,,,,,,
12189371,,,,,,
12189372,,,,,,
12189373,,,,,,
12189374,,,,,,
12189375,,,,,,
12189376,,,,,,
12189377,,,,,,
12189632,,,,,,
12189633,,,,,,
12189667,,,,,,
12189843,,,,,,
12189862,,,,,,
12189865,,,,,,
12189866,,,,,,
12189894,,,,,,
12190142,,,,,,
12156089,3795,2126,2497,,,1711232547
12156095,4009,4115,3199,,,1711330375
12156097,3118,2008,,,,1711239211
12156228,3962,2284,,,,1711249962
12156240,2889,2127,,,,1711199703
12156254,2739,3908,3241,,,1711283806
12156261,2709,2540,,,,1711277777
12156269,2497,2034,,,,1711199244
12156284,2903,3316,,,,1711240339
12156285,1597,2671,,,,1711320294
12156289,4923,3025,,,,1711314382
12156291,2343,1701,,,,1711247867
12156292,3725,3332,,,,1711233144
12156293,4099,2991,2716,,,1711328972
12156294,3144,2154,,,,1711296072
12156303,3149,2173,2010,,,1711249703
12156306,,,,,,1711148959
12156309,,,,,,1711149122
12156311,2698,1942,,,,1711221113
12156312,2024,3377,,,,1711233157
12156313,3864,72590,,,,1711146888
12156314,2186,1878,,,,1711233740
12156318,2448,2438,,,,1711228480
12156319,2499,1769,,,,1711220528
12156326,,,,,,1711148415
12156328,2389,1457,,,,1711298900
12156332,1806,2928,1968,,,1711297992
12156333,2247,2421,2786,,,1711304037
12156335,2079,1955,,,,1711222780
12156338,1825,2449,2573,,,1711241761
12156341,1795,2016,2340,,,1711248547
12156342,1844,3570,,,,1711247218
12156343,3683,2390,,,,1711305750
12156344,4229,3255,,,,1711241184
12156345,2104,3617,2910,,,1711247410
12159528,2353,2700,2848,,,1711336337
12159529,3632,6387,4718,,,1711316672
12159530,3329,1547,,,,1711336393
12159531,4291,6346,,,,1711311357
12159532,3024,6498,1917,,,1711315840
12159533,3430,4248,,,,1711322251
12159534,2362,2381,,,,1711231617
12159535,2524,1401,,,,1711220438
12159536,3291,3549,,,,1711221704
12159537,,,,,,1711148383
12159538,3383,3448,2342,,,1711225745
12159539,,,,,,1711147911
12159546,659,3322,2630,,,1711330583
12159548,2619,3171,,,,1711326701
12159550,2640,1993,,,,1711303457
12159551,1841,3012,,,,1711294839
12159552,1597,3659,,,,1711246290
12159553,1855,2065,,,,1711301363
12159554,1511,2070,,,,1711303014
12159555,3043,3165,1906,,,1711248821
12159556,2301,3652,,,,1711227376
12159557,3464,1405,1897,,,1711234418
12159558,1815,2458,,,,1711223645
12159559,4651,3517,4349,,,1711226944
12159562,2418,2347,,,,1711232228
12159563,2068,1964,,,,1711221629
12159564,2802,4007,2375,,,1711239148
12159565,,,,,,1711147408
12159567,2126,2409,,,,1711295180
12159568,2950,3523,2344,,,1711306284
12159569,3992,1598,,,,1711296879
12159570,1988,2599,,,,1711237783
12159571,2599,2661,1910,,,1711238172
12159572,3535,2029,2309,,,1711241022
12159573,2353,2772,,,,1711240112
12159574,2080,4289,3152,,,1711299681
12159575,3213,2175,4017,,,1711243101
12182478,4147,1631,2245,,,1711254002
12184457,2772,3113,,,,1711200095
12184680,3010,1824,,,,1711206917
12184867,2222,3289,2202,,,1711209271
12184920,3322,78042,3290,,,1711295125
12184946,5883,1952,,,,1711202178
12185104,3116,2017,,,,1711199438
12185124,2064,3410,,,,1711198008
12185200,2764,2222,2228,,,1711217617
12185561,1725,4087,2965,,,1711233269
12185562,4163,84588,88380,,,1711220085
12185935,2395,2352,,,,1711217467
12185952,3290,3891,,,,1711209876
12186004,1678,1785,,,,1711244215
12186007,3475,302,,,,1711241455
12186222,1072,1887,,,,1711239902
12186223,1870,1888,1370,,,1711246915
12186368,2574,4778,,,,1711248791
12186390,2948,2685,,,,1711257857
12187015,2546,1629,,,,1711245450
12187016,1809,2103,,,,1711247359
12187017,,,,,,1711255883
12187018,1706,2178,,,,1711262539
12187019,3613,2783,,,,1711246473
12187020,,,,,,
12187021,,,,,,1711242795
12187022,2411,2663,,,,1711262044
12187023,,,,,,
12187024,,,,,,
12187025,,,,,,
12187026,1764,3208,,,,1711260684
12187027,1924,3229,2728,,,1711258750
12187028,,,,,,
12187029,,,,,,
12187030,1504,84277,,,,1711264828
12187065,,,,,,
12187066,,,,,,
12187067,,,,,,
12187068,,,,,,
12187069,,,,,,
12187070,,,,,,
12187071,,,,,,
12187072,,,,,,
12187073,,,,,,
12187074,,,,,,
12187075,,,,,,
12187076,,,,,,
12187077,,,,,,
12187078,,,,,,
12187079,,,,,,
12187080,,,,,,
12187143,1858,1989,,,,1711269647
12187190,3967,3070,,,,1711270391
12187196,3542,3190,2929,,,1711276704
12187221,2448,2332,,,,1711270270
12187223,2132,2488,,,,1711268161
12187242,4281,4752,,,,1711286489
12187310,3563,3297,4909,,,1711276703
12187311,2495,3169,,,,1711274103
12187387,1665,2195,,,,1711273082
12187510,1877,2857,,,,1711276829
12187536,2515,3795,3233,,,1711281316
12187583,1700,2874,,,,1711273070
12187697,2839,3329,,,,1711274256
12187698,2263,2292,,,,1711286136
12187734,,,,,,
12187745,1582,1839,,,,1711279885
12187810,,,,,,
12187854,3255,2660,3729,,,1711273539
12187855,4151,3078,4107,,,1711275036
12187856,2417,3824,2956,,,1711274042
12187860,1630,2437,,,,1711281486
12187861,2473,2249,1969,,,1711282494
12187862,2508,1796,2601,,,1711282449
12187863,2359,2175,3111,,,1711272162
12187869,3013,3294,2511,,,1711282420
12187998,1810,1596,2272,,,1711292654
12188107,,,,,,
12188108,,,,,,
12188109,,,,,,
12188110,,,,,,
12188111,,,,,,
12188112,,,,,,
12188113,,,,,,
12188114,,,,,,
12188120,,,,,,
12188121,,,,,,
12188122,,,,,,
12188123,,,,,,
12188124,,,,,,
12188125,,,,,,
12188126,,,,,,
12188127,,,,,,
12188128,,,,,,
12188129,,,,,,
12188130,,,,,,
12188131,,,,,,
12188132,,,,,,
12188133,,,,,,
12188134,,,,,,
12188135,,,,,,
12188136,,,,,,
12188137,,,,,,
12188138,,,,,,
12188139,,,,,,
12188140,,,,,,
12188141,,,,,,
12188142,,,,,,
12188143,,,,,,
12188144,,,,,,
12188145,,,,,,
12188146,,,,,,
12188171,,,,,,
12188172,,,,,,
12188173,,,,,,
12188174,,,,,,
12188175,,,,,,
12188176,,,,,,
12188177,,,,,,
12188178,,,,,,
12188179,,,,,,
12188180,,,,,,
12188181,,,,,,
12188182,,,,,,
12188183,,,,,,
12188184,,,,,,
12188185,,,,,,
12188186,,,,,,
12188189,1545,2197,,,,1711272770
12188191,1899,1405,,,,1711290139
12188193,1949,1772,,,,1711280079
12188197,,,,,,
12188198,3226,1628,,,,1711285920
12188199,1713,2420,,,,1711277501
12188200,4311,2823,2428,,,1711289116
12188201,3931,1859,,,,1711275210
12188211,,,,,,
12188212,,,,,,
12188213,,,,,,
12188214,,,,,,
12188215,,,,,,
12188216,,,,,,
12188217,,,,,,
12188218,,,,,,
12188219,,,,,,
12188220,,,,,,
12188221,,,,,,
12188222,,,,,,
12188223,,,,,,
12188224,,,,,,
12188225,,,,,,
12188226,,,,,,
12188227,,,,,,
12188228,,,,,,
12188229,,,,,,
12188230,,,,,,
12188231,,,,,,
12188232,,,,,,
12188233,,,,,,
12188234,,,,,,
12188235,,,,,,
12188236,,,,,,
12188237,,,,,,
12188238,,,,,,
12188239,,,,,,
12188240,,,,,,
12188241,,,,,,
12188242,,,,,,
12188243,,,,,,
12188244,,,,,,
12188245,,,,,,
12188246,,,,,,
12188247,,,,,,
12188249,,,,,,
12188254,,,,,,
12188255,,,,,,
12188256,,,,,,
12188257,,,,,,
12188258,,,,,,
12188259,,,,,,
12188260,,,,,,
12188261,,,,,,
12188262,,,,,,
12188263,,,,,,
12188264,,,,,,
12188265,,,,,,
12188266,,,,,,
12188267,,,,,,
12188268,,,,,,
12188269,,,,,,
12188270,,,,,,
12188271,,,,,,
12188272,,,,,,
12188273,,,,,,
12188274,,,,,,
12188275,,,,,,
12188276,,,,,,
12188277,,,,,,
12188278,,,,,,
12188279,,,,,,
12188280,,,,,,
12188281,,,,,,
12188282,,,,,,
12188283,,,,,,
12188284,,,,,,
12188285,,,,,,
12188286,,,,,,
12188287,,,,,,
12188288,,,,,,
12188289,,,,,,
12188290,,,,,,
12188291,,,,,,
12188292,,,,,,
12188293,,,,,,
12188294,,,,,,
12188295,,,,,,
12188315,,,,,,
12188316,,,,,,
12188317,,,,,,
12188318,,,,,,
12188319,,,,,,
12188320,,,,,,
12188321,,,,,,
12188322,,,,,,
12188323,,,,,,
12188324,,,,,,
12188325,,,,,,
12188326,,,,,,
12188327,,,,,,
12188328,,,,,,
12188329,,,,,,
12188330,,,,,,
12188331,,,,,,
12188332,,,,,,
12188333,,,,,,
12188334,,,,,,
12188335,,,,,,
12188336,,,,,,
12188337,,,,,,
12188338,,,,,,
12188339,,,,,,
12188340,,,,,,
12188341,,,,,,
12188342,,,,,,
12188343,,,,,,
12188344,,,,,,
12188345,,,,,,
12188346,,,,,,
12188347,,,,,,
12188348,,,,,,
12188349,,,,,,
12188350,,,,,,
12188351,,,,,,
12188352,,,,,,
12188353,,,,,,
12188354,,,,,,
12188355,,,,,,
12188356,,,,,,
12188357,,,,,,
12188358,,,,,,
12188359,,,,,,
12188360,,,,,,
12188361,,,,,,
12188362,,,,,,
12188368,,,,,,
12188369,,,,,,
12188370,,,,,,
12188371,,,,,,
12188372,,,,,,
12188373,,,,,,
12188374,,,,,,
12188375,,,,,,
12188376,,,,,,
12188377,,,,,,
12188378,,,,,,
12188379,,,,,,
12188380,,,,,,
12188381,,,,,,
12188382,,,,,,
12188383,,,,,,
12188384,,,,,,
12188385,,,,,,
12188386,,,,,,
12188387,,,,,,
12188388,,,,,,
12188408,,,,,,
12188409,,,,,,
12188416,,,,,,
12188427,,,,,,
12188644,,,,,,
12188645,,,,,,
12188646,,,,,,
12188647,,,,,,
12188648,,,,,,
12188649,,,,,,
12188650,,,,,,
12188651,,,,,,
12188652,,,,,,
12188653,,,,,,
12188654,,,,,,
12188655,,,,,,
12188656,,,,,,
12188657,,,,,,
12188658,,,,,,
12188659,,,,,,
12188660,,,,,,
12188661,,,,,,
12188662,,,,,,
12188663,,,,,,
12188664,,,,,,
12188665,,,,,,
12188666,,,,,,
12188669,,,,,,
12188670,,,,,,
12188671,,,,,,
12188672,,,,,,
12188673,,,,,,
12188674,,,,,,
12188675,,,,,,
12188676,,,,,,
12188677,,,,,,
12188701,1737,1260,,,,1711272888
12188705,3534,1822,,,,1711274840
12188730,1790,2085,,,,1711271520
12188731,2508,2467,,,,1711277120
12188732,3103,3953,866,,,1711294820
12188733,3115,2463,,,,1711288470
12188734,1851,3530,,,,1711302525
12188735,2564,2209,718,,,1711287643
12188736,2039,1857,,,,1711295900
12188737,2013,2050,872,,,1711302685
12188738,3632,2609,,,,1711284460
12188739,3093,2479,,,,1711272660
12188740,3200,2615,,,,1711279253
12188741,1614,1896,,,,1711298004
12188742,3409,1922,,,,1711278180
12188743,1394,2481,,,,1711281984
12188744,1377,2575,,,,1711290540
12188745,1805,2150,,,,1711271609
12188748,2864,4657,,,,1711277920
12188749,1609,1075,,,,1711272940
12188752,1610,1793,,,,1711279108
12188754,3133,1720,,,,1711278513
12188758,2130,3790,1861,,,1711289514
12188759,2964,2109,,,,1711284907
12188764,5235,2340,3065,,,1711289020
12188770,2045,2300,,,,1711294353
12188773,1363,472,,,,1711294605
12188774,4052,4123,2515,,,1711297346
12188775,2253,2132,,,,1711278196
12188776,2782,3284,,,,1711295576
12188777,1483,3314,1798,,,1711294657
12188778,,,,,,
12188779,1463,2006,,,,1711287089
12188780,2018,2185,2218,,,1711295809
12188781,,,,,,
12188782,,,,,,1711281517
12188783,2523,1681,,,,1711274370
12188784,2087,1682,,,,1711279391
12188785,1756,1702,,,,1711273446
12188786,1924,2862,,,,1711277718
12188787,1454,1704,,,,1711301132
12188788,,,,,,
12188791,,,,,,
12188792,1434,1878,,,,1711273013
12188824,2819,3635,2764,,,1711303227
12188827,2451,2022,,,,1711291978
12188852,2423,4001,2366,,,1711292345
12188961,1818,1427,,,,1711273065
12188969,2932,2270,2827,,,1711276564
12188980,3962,3739,,,,1711275410
12188997,2018,1872,,,,1711277459
12189027,,,,,,
12189035,1656,4111,,,,1711282138
12189040,2585,2474,,,,1711370993
12189041,2266,2468,3733,,,1711376512
12189044,,,,,,
12189047,,,,,,
12189053,2402,3079,,,,1711282607
12189055,2019,1678,,,,1711289292
12189069,5433,4742,,,,1711291067
12189079,1698,1429,,,,1711294131
12189080,2739,2429,,,,1711289257
12189362,,,,,,
12189363,,,,,,
12189364,,,,,,
12189365,,,,,,
12189366,,,,,,
12189367,,,,,,
12189368,,,,,,
12189369,,,,,,
12189370,,,,,,
12189371,,,,,,
12189372,,,,,,
12189373,,,,,,
12189374,,,,,,
12189375,,,,,,
12189376,,,,,,
12189377,,,,,,
12189434,3312,1756,,,,1711292764
12189435,1807,4494,,,,1711290969
12189451,1665,2337,,,,1711290970
12189455,3679,2005,,,,1711298083
12189456,1835,4115,,,,1711298140
12189457,1714,3295,,,,1711297141
12189458,,,,,,
12189459,1533,2063,,,,1711303135
12189460,2418,1900,,,,1711316949
12189461,2675,2349,,,,1711321511
12189462,1611,2487,,,,1711310942
12189463,2149,2773,4028,,,1711314048
12189632,,,,,,
12189633,,,,,,
12189667,,,,,,
12189677,2489,1480,,,,1711305943
12189682,1532,1986,,,,1711326554
12189684,4781,4297,,,,1711301523
12189685,2401,2447,,,,1711316062
12189686,3587,3556,,,,1711310732
12189687,4737,4387,,,,1711301648
12189688,2540,2850,2720,,,1711321019
12189689,2747,2671,,,,1711315940
12189690,2341,1418,,,,1711299125
12189691,2588,3761,,,,1711308819
12189692,2191,2368,,,,1711309655
12189693,2634,2153,,,,1711322326
12189709,,,,,,
12189711,,,,,,
12189843,,,,,,
12189862,,,,,,
12189865,,,,,,
12189866,,,,,,
12189894,,,,,,
12190053,2947,3090,4108,,,1711299135
12190066,,,,,,
12190067,,,,,,
12190068,,,,,,
12190069,,,,,,
12190070,,,,,,
12190071,,,,,,
12190072,,,,,,
12190073,,,,,,
12190142,,,,,,
12190219,1739,3422,,,,1711355868
12190221,3577,4758,3369,,,1711362504
12190230,3155,3970,3211,,,1711373981
12190257,2942,3755,,,,1711360667
12190258,,,,,,1711358067
12190309,,,,,,1711358086
12190366,1821,2269,1672,,,1711364238
12190367,2700,2603,,,,1711369285
12190404,2396,1870,,,,1711303531
12190422,2177,5154,,,,1711357327
12190423,2904,2912,,,,1711353542
12190424,1663,2885,,,,1711376112
12190425,4041,3167,1176,,,1711366984
12190426,2885,1931,,,,1711373571
12190427,2229,3957,,,,1711358506
12190428,4190,2929,,,,1711365114
12190429,,,,,,1711364108
12190430,1470,2399,,,,1711371184
12190432,3326,2987,,,,1711366637
12190433,3455,3714,669,,,1711372774
12190434,2025,2997,590,,,1711377673
12190435,2611,2617,,,,1711353327
12190436,2911,2876,,,,1711377498
12190437,3251,3272,1607,,,1711357006
12190438,4479,7289,1259,,,1711372084
12190439,3052,1472,,,,1711353611
12190440,1221,2197,,,,1711366948
12190441,2431,2514,,,,1711366275
12190442,3485,2088,,,,1711360356
12190443,3889,2593,793,,,1711356969
12190444,2973,2982,,,,1711371990
12190445,2484,2331,,,,1711353026
12190446,2061,2780,,,,1711360834
12190447,1827,2062,,,,1711352428
12190448,,,,,,
12190449,2034,962,,,,1711357782
12190450,2903,2531,836,,,1711362662
12190451,4516,2213,1070,,,1711363261
12190452,2661,1963,,,,1711371676
12190453,2198,2358,,,,1711373286
12190454,1558,2075,,,,1711352258
12190487,2892,1879,3345,,,1711371606
12190488,4082,,,,,1711368406
12190494,1960,390,,,,1711367977
12190496,,,,,,
12190497,,,,,,
12190498,,,,,,
12190499,,,,,,
12190500,,,,,,
12190501,,,,,,
12190502,,,,,,
12190503,,,,,,
12190504,,,,,,
12190505,,,,,,
12190506,,,,,,
12190510,1773,1618,,,,1711303418
12190516,,,,,,
12190518,,,,,,
12190519,,,,,,
12190520,,,,,,
12190521,,,,,,
12190522,,,,,,
12190523,,,,,,
12190524,,,,,,
12190525,,,,,,
12190526,,,,,,
12190527,,,,,,
12190528,,,,,,
12190529,,,,,,
12190537,2237,2599,2931,,,1711374526
12190552,1655,2114,,,,1711361494
12190553,1988,1644,2335,,,1711363197
12190554,2229,4334,2412,,,1711366629
12190555,2219,3137,2311,,,1711372094
12190556,2354,3181,,,,1711366897
12190557,1637,2853,,,,1711371741
12190566,,,,,,
12190567,,,,,,
12190591,,,,,,1711364129
12190763,2188,3567,3435,,,1711367401
12190769,,,,,,
12190770,,,,,,
12190771,,,,,,
12190772,,,,,,
12190773,,,,,,
12190774,,,,,,
12190775,,,,,,
12190776,,,,,,
12190777,,,,,,
12190778,,,,,,
12190779,,,,,,
12190780,,,,,,
12190781,,,,,,
12190782,,,,,,
12190783,,,,,,
12190784,,,,,,
12190785,,,,,,
12190786,,,,,,
12190787,,,,,,
12190788,,,,,,
12190789,,,,,,
12190790,,,,,,
12190791,,,,,,
12190792,,,,,,
12190799,,,,,,
12190801,,,,,,
12190802,,,,,,
12190803,,,,,,
12190804,,,,,,
12190805,,,,,,
12190806,,,,,,
12190807,,,,,,
12190808,,,,,,
12190840,,,,,,
12190841,,,,,,
12190846,2614,2790,1031,,,1711367594
12190847,3417,2845,,,,1711371675
12190848,5698,1257,,,,1711373349
12190850,2798,3143,,,,1711365255
12190851,2706,2653,,,,1711364650
12190852,2754,2659,856,,,1711367639
12190854,8847,,,,,1711384711
12190908,2362,2093,780,,,1711371878
12190909,2660,2040,747,,,1711366149
12190910,3416,3583,,,,1711371099
12190911,2660,2345,,,,1711375941
12190914,2703,2594,,,,1711364098
12190915,1785,1903,,,,1711357453
12190916,1478,1207,,,,1711357775
12190917,3773,2175,775,,,1711361762
12190918,4087,3890,1026,,,1711364026
12190919,1778,3023,3148,,,1711378769
12190920,3255,3500,,,,1711370495
12190921,,,,,,
12190922,5224,1906,,,,1711370944
12190923,,,,,,
12190924,1660,2317,,,,1711357577
12190925,,,,,,
12190926,2472,3224,4394,,,1711376019
12190927,,,,,,
12190928,2072,5984,,,,1711358193
12190929,,,,,,
12190930,2079,3047,,,,1711358098
12190931,,,,,,
12190932,3125,2563,,,,1711359081
12190933,3629,2115,,,,1711369256
12190934,,,,,,
12190935,3446,2044,,,,1711376399
12190936,,,,,,
12190937,,,,,,
12190938,,,,,,
12190969,,,,,,
12190970,,,,,,
12190972,,,,,,
12190973,,,,,,
12190974,,,,,,
12190975,,,,,,
12190976,,,,,,
12190977,,,,,,
12190978,,,,,,
12190980,,,,,,
12190981,,,,,,
12190982,,,,,,
12190983,,,,,,
12190984,,,,,,
12190986,,,,,,
12190988,,,,,,
12190989,,,,,,
12190990,,,,,,
12190992,,,,,,
12190993,,,,,,
12190994,,,,,,
12190995,,,,,,
12190996,,,,,,
12190997,,,,,,
12190998,,,,,,
12190999,,,,,,
12191000,,,,,,
12191001,,,,,,
12191002,,,,,,
12191006,,,,,,
12191096,2139,3564,,,,1711359955
12191098,2050,2124,,,,1711377533
12191099,2866,3087,,,,1711373716
12191100,2050,1997,3084,,,1711368816
12191101,2187,,,,,1711377658
12191102,1703,2379,2227,,,1711361688
12191103,2115,3822,,,,1711374666
12191104,2682,3194,,,,1711366819
12191113,,,,,,
12191114,,,,,,
12191115,,,,,,
12191116,,,,,,
12191126,,,,,,
12191127,,,,,,
12191128,,,,,,
12191129,,,,,,
12191130,,,,,,
12191131,,,,,,
12191147,2055,2647,,,,1711373330
12191148,2702,1917,789,,,1711375556
12191305,2329,3192,2473,,,1711320672
12191326,,,,,,1711357224
12191458,4192,4034,3095,,,1711377609
12191459,1960,2163,,,,1711372921
12191462,3680,1562,2762,,,1711373957
12191463,3863,1795,,,,1711373075
12191535,,,,,,
12191536,,,,,,
12191537,,,,,,
12191538,,,,,,
12191539,,,,,,
12191540,,,,,,
12191541,,,,,,
12191542,,,,,,
12191543,,,,,,
12191544,,,,,,
12191545,,,,,,
12191546,,,,,,
12191548,,,,,,
12191549,,,,,,
12191550,,,,,,
12193102,1782,2340,1126,,,1711378906
12193179,2636,2343,,,,1711377978
12193203,1763,1914,,,,1711373727
12193217,1497,2237,,,,1711377781
12193297,2990,4000,,,,1711380528
12193299,,,,,,
12193300,,,,,,
12193301,,,,,,
12193329,1894,3052,,,,1711376812
12193333,,,,,,
12193339,,,,,,
12193419,,,,,,
12156095,4009,4115,3199,,,1711330375
12156285,1597,2671,,,,1711320294
12156289,4923,3025,,,,1711314382
12156293,4099,2991,2716,,,1711328972
12156294,3144,2154,,,,1711296072
12156296,3812,5016,,,,1711388789
12156298,4310,2098,,,,1711399591
12156299,2393,2986,,,,1711405003
12156300,3028,2290,,,,1711414938
12156301,,,,,,1711379024
12156302,2925,2123,,,,1711416849
12156304,2115,2933,,,,1711392484
12156305,2240,1544,2402,,,1711400425
12156328,2389,1457,,,,1711298900
12156332,1806,2928,1968,,,1711297992
12156333,2247,2421,2786,,,1711304037
12156343,3683,2390,,,,1711305750
12159528,2353,2700,2848,,,1711336337
12159529,3632,6387,4718,,,1711316672
12159530,3329,1547,,,,1711336393
12159531,4291,6346,,,,1711311357
12159532,3024,6498,1917,,,1711315840
12159533,3430,4248,,,,1711322251
12159540,1966,2478,,,,1711410042
12159541,2457,4274,,,,1711411301
12159542,1481,1297,,,,1711409509
12159543,2009,3853,4245,,,1711385424
12159544,3074,3279,1769,,,1711404993
12159545,4035,2255,,,,1711386957
12159546,659,3322,2630,,,1711330583
12159547,3668,2901,,,,1711394436
12159548,2619,3171,,,,1711326701
12159549,3061,2511,,,,1711382393
12159550,2640,1993,,,,1711303457
12159551,1841,3012,,,,1711294839
12159553,1855,2065,,,,1711301363
12159554,1511,2070,,,,1711303014
12159567,2126,2409,,,,1711295180
12159568,2950,3523,2344,,,1711306284
12159569,3992,1598,,,,1711296879
12159574,2080,4289,3152,,,1711299681
12184920,3322,78042,3290,,,1711295125
12185562,4163,84588,88380,,,1711220085
12187030,1504,84277,,,,1711264828
12187242,4281,4752,,,,1711286489
12187698,2263,2292,,,,1711286136
12187998,1810,1596,2272,,,1711292654
12188121,,,,,,
12188127,,,,,,
12188132,,,,,,
12188137,,,,,,
12188143,,,,,,
12188146,,,,,,
12188191,1899,1405,,,,1711290139
12188197,,,,,,
12188198,3226,1628,,,,1711285920
12188200,4311,2823,2428,,,1711289116
12188226,,,,,,
12188234,,,,,,
12188235,,,,,,
12188240,,,,,,
12188285,,,,,,
12188334,,,,,,
12188382,,,,,,
12188644,,,,,,
12188645,,,,,,
12188646,,,,,,
12188647,,,,,,
12188652,,,,,,
12188655,,,,,,
12188656,,,,,,
12188657,,,,,,
12188659,,,,,,
12188661,,,,,,
12188662,,,,,,
12188663,,,,,,
12188666,,,,,,
12188669,,,,,,
12188671,,,,,,
12188677,,,,,,
12188732,3103,3953,866,,,1711294820
12188733,3115,2463,,,,1711288470
12188734,1851,3530,,,,1711302525
12188735,2564,2209,718,,,1711287643
12188736,2039,1857,,,,1711295900
12188737,2013,2050,872,,,1711302685
12188741,1614,1896,,,,1711298004
12188744,1377,2575,,,,1711290540
12188758,2130,3790,1861,,,1711289514
12188770,2045,2300,,,,1711294353
12188773,1363,472,,,,1711294605
12188774,4052,4123,2515,,,1711297346
12188776,2782,3284,,,,1711295576
12188777,1483,3314,1798,,,1711294657
12188779,1463,2006,,,,1711287089
12188780,2018,2185,2218,,,1711295809
12188781,,,,,,
12188787,1454,1704,,,,1711301132
12188788,,,,,,
12188824,2819,3635,2764,,,1711303227
12188827,2451,2022,,,,1711291978
12188852,2423,4001,2366,,,1711292345
12189040,2585,2474,,,,1711370993
12189041,2266,2468,3733,,,1711376512
12189042,3047,3885,1513,,,1711388387
12189044,,,,,,
12189055,2019,1678,,,,1711289292
12189069,5433,4742,,,,1711291067
12189079,1698,1429,,,,1711294131
12189080,2739,2429,,,,1711289257
12189362,,,,,,
12189363,,,,,,
12189364,,,,,,
12189365,,,,,,
12189366,,,,,,
12189367,,,,,,
12189368,,,,,,
12189369,,,,,,
12189370,,,,,,
12189371,,,,,,
12189372,,,,,,
12189373,,,,,,
12189374,,,,,,
12189375,,,,,,
12189376,,,,,,
12189377,,,,,,
12189434,3312,1756,,,,1711292764
12189435,1807,4494,,,,1711290969
12189451,1665,2337,,,,1711290970
12189455,3679,2005,,,,1711298083
12189456,1835,4115,,,,1711298140
12189457,1714,3295,,,,1711297141
12189458,,,,,,
12189459,1533,2063,,,,1711303135
12189460,2418,1900,,,,1711316949
12189461,2675,2349,,,,1711321511
12189462,1611,2487,,,,1711310942
12189463,2149,2773,4028,,,1711314048
12189677,2489,1480,,,,1711305943
12189682,1532,1986,,,,1711326554
12189684,4781,4297,,,,1711301523
12189685,2401,2447,,,,1711316062
12189686,3587,3556,,,,1711310732
12189687,4737,4387,,,,1711301648
12189688,2540,2850,2720,,,1711321019
12189689,2747,2671,,,,1711315940
12189690,2341,1418,,,,1711299125
12189691,2588,3761,,,,1711308819
12189692,2191,2368,,,,1711309655
12189693,2634,2153,,,,1711322326
12189707,3090,3767,3529,,,1711396875
12189708,2496,2665,,,,1711406502
12189709,,,,,,
12189711,,,,,,
12189714,3131,3016,,,,1711413214
12189720,3260,2112,,,,1711415230
12189721,3286,2691,4191,,,1711418092
12189722,1417,2433,2049,,,1711413228
12189723,2085,2329,,,,1711418514
12189724,2047,2496,2624,,,1711408284
12189725,2384,3164,,,,1711405265
12190053,2947,3090,4108,,,1711299135
12190066,,,,,,
12190067,,,,,,
12190068,,,,,,
12190069,,,,,,
12190070,,,,,,
12190071,,,,,,
12190072,,,,,,
12190073,,,,,,
12190181,2383,2063,,,,1711442926
12190186,2076,3258,2743,,,1711445794
12190189,2729,2275,,,,1711458889
12190191,4420,2509,,,,1711450314
12190193,2142,1857,,,,1711442537
12190219,1739,3422,,,,1711355868
12190221,3577,4758,3369,,,1711362504
12190230,3155,3970,3211,,,1711373981
12190257,2942,3755,,,,1711360667
12190258,,,,,,1711358067
12190259,3840,2000,3566,,,1711464514
12190262,3068,2683,,,,1711461493
12190266,2186,2963,,,,1711380494
12190268,8557,2411,,,,1711394236
12190272,,,,,,
12190275,4058,3395,,,,1711463373
12190309,,,,,,1711358086
12190366,1821,2269,1672,,,1711364238
12190367,2700,2603,,,,1711369285
12190404,2396,1870,,,,1711303531
12190406,,,,,,
12190408,2588,1966,3035,,,1711399927
12190422,2177,5154,,,,1711357327
12190423,2904,2912,,,,1711353542
12190424,1663,2885,,,,1711376112
12190425,4041,3167,1176,,,1711366984
12190426,2885,1931,,,,1711373571
12190427,2229,3957,,,,1711358506
12190428,4190,2929,,,,1711365114
12190429,,,,,,1711364108
12190430,1470,2399,,,,1711371184
12190432,3326,2987,,,,1711366637
12190433,3455,3714,669,,,1711372774
12190434,2025,2997,590,,,1711377673
12190435,2611,2617,,,,1711353327
12190436,2911,2876,,,,1711377498
12190437,3251,3272,1607,,,1711357006
12190438,4479,7289,1259,,,1711372084
12190439,3052,1472,,,,1711353611
12190440,1221,2197,,,,1711366948
12190441,2431,2514,,,,1711366275
12190442,3485,2088,,,,1711360356
12190443,3889,2593,793,,,1711356969
12190444,2973,2982,,,,1711371990
12190445,2484,2331,,,,1711353026
12190446,2061,2780,,,,1711360834
12190447,1827,2062,,,,1711352428
12190448,,,,,,
12190449,2034,962,,,,1711357782
12190450,2903,2531,836,,,1711362662
12190451,4516,2213,1070,,,1711363261
12190452,2661,1963,,,,1711371676
12190453,2198,2358,,,,1711373286
12190454,1558,2075,,,,1711352258
12190487,2892,1879,3345,,,1711371606
12190488,4082,,,,,1711368406
12190494,1960,390,,,,1711367977
12190495,3470,2125,,,,1711381476
12190496,,,,,,
12190497,,,,,,
12190498,,,,,,
12190499,,,,,,
12190500,,,,,,
12190501,,,,,,
12190502,,,,,,
12190503,,,,,,
12190504,,,,,,
12190505,,,,,,
12190506,,,,,,
12190510,1773,1618,,,,1711303418
12190516,,,,,,
12190518,,,,,,
12190519,,,,,,
12190520,,,,,,
12190521,,,,,,
12190522,,,,,,
12190523,,,,,,
12190524,,,,,,
12190525,,,,,,
12190526,,,,,,
12190527,,,,,,
12190528,,,,,,
12190529,,,,,,
12190537,2237,2599,2931,,,1711374526
12190552,1655,2114,,,,1711361494
12190553,1988,1644,2335,,,1711363197
12190554,2229,4334,2412,,,1711366629
12190555,2219,3137,2311,,,1711372094
12190556,2354,3181,,,,1711366897
12190557,1637,2853,,,,1711371741
12190566,,,,,,
12190567,,,,,,
12190591,,,,,,1711364129
12190658,2580,3426,,,,1711378347
12190746,2626,2057,2390,,,1711380465
12190763,2188,3567,3435,,,1711367401
12190769,,,,,,
12190770,,,,,,
12190771,,,,,,
12190772,,,,,,
12190773,,,,,,
12190774,,,,,,
12190775,,,,,,
12190776,,,,,,
12190777,,,,,,
12190778,,,,,,
12190779,,,,,,
12190780,,,,,,
12190781,,,,,,
12190782,,,,,,
12190783,,,,,,
12190784,,,,,,
12190785,,,,,,
12190786,,,,,,
12190787,,,,,,
12190788,,,,,,
12190789,,,,,,
12190790,,,,,,
12190791,,,,,,
12190792,,,,,,
12190799,,,,,,
12190801,,,,,,
12190802,,,,,,
12190803,,,,,,
12190804,,,,,,
12190805,,,,,,
12190806,,,,,,
12190807,,,,,,
12190808,,,,,,
12190840,,,,,,
12190841,,,,,,
12190846,2614,2790,1031,,,1711367594
12190847,3417,2845,,,,1711371675
12190848,5698,1257,,,,1711373349
12190850,2798,3143,,,,1711365255
12190851,2706,2653,,,,1711364650
12190852,2754,2659,856,,,1711367639
12190853,12858,2418,,,,1711390402
12190854,8847,,,,,1711384711
12190855,8167,2044,,,,1711385572
12190856,2598,7617,,,,1711378699
12190908,2362,2093,780,,,1711371878
12190909,2660,2040,747,,,1711366149
12190910,3416,3583,,,,1711371099
12190911,2660,2345,,,,1711375941
12190912,1533,3185,,,,1711377184
12190913,3193,1373,,,,1711382203
12190914,2703,2594,,,,1711364098
12190915,1785,1903,,,,1711357453
12190916,1478,1207,,,,1711357775
12190917,3773,2175,775,,,1711361762
12190918,4087,3890,1026,,,1711364026
12190919,1778,3023,3148,,,1711378769
12190920,3255,3500,,,,1711370495
12190921,,,,,,
12190922,5224,1906,,,,1711370944
12190923,,,,,,
12190924,1660,2317,,,,1711357577
12190925,,,,,,
12190926,2472,3224,4394,,,1711376019
12190927,,,,,,
12190928,2072,5984,,,,1711358193
12190929,,,,,,
12190930,2079,3047,,,,1711358098
12190931,,,,,,
12190932,3125,2563,,,,1711359081
12190933,3629,2115,,,,1711369256
12190934,,,,,,
12190935,3446,2044,,,,1711376399
12190936,,,,,,
12190937,,,,,,
12190938,,,,,,
12190969,,,,,,
12190970,,,,,,
12190972,,,,,,
12190973,,,,,,
12190974,,,,,,
12190975,,,,,,
12190976,,,,,,
12190977,,,,,,
12190978,,,,,,
12190979,,,,,,
12190980,,,,,,
12190981,,,,,,
12190982,,,,,,
12190983,,,,,,
12190984,,,,,,
12190985,,,,,,
12190986,,,,,,
12190987,,,,,,
12190988,,,,,,
12190989,,,,,,
12190990,,,,,,
12190991,,,,,,
12190992,,,,,,
12190993,,,,,,
12190994,,,,,,
12190995,,,,,,
12190996,,,,,,
12190997,,,,,,
12190998,,,,,,
12190999,,,,,,
12191000,,,,,,
12191001,,,,,,
12191002,,,,,,
12191006,,,,,,
12191028,4169,3888,,,,1711380019
12191095,2696,1558,,,,1711380742
12191096,2139,3564,,,,1711359955
12191097,1976,2406,,,,1711381200
12191098,2050,2124,,,,1711377533
12191099,2866,3087,,,,1711373716
12191100,2050,1997,3084,,,1711368816
12191101,2187,,,,,1711377658
12191102,1703,2379,2227,,,1711361688
12191103,2115,3822,,,,1711374666
12191104,2682,3194,,,,1711366819
12191113,,,,,,
12191114,,,,,,
12191115,,,,,,
12191116,,,,,,
12191119,2770,1914,,,,1711378610
12191126,,,,,,
12191127,,,,,,
12191128,,,,,,
12191129,,,,,,
12191130,,,,,,
12191131,,,,,,
12191147,2055,2647,,,,1711373330
12191148,2702,1917,789,,,1711375556
12191149,2678,2463,,,,1711387509
12191305,2329,3192,2473,,,1711320672
12191326,,,,,,1711357224
12191370,2654,3890,,,,1711385917
12191381,2433,3984,,,,1711385712
12191455,2846,2569,,,,1711378976
12191456,3340,2483,,,,1711391951
12191457,1559,1626,,,,1711383340
12191458,4192,4034,3095,,,1711377609
12191459,1960,2163,,,,1711372921
12191460,2587,2702,3322,,,1711396702
12191461,2344,3904,,,,1711393280
12191462,3680,1562,2762,,,1711373957
12191463,3863,1795,,,,1711373075
12191464,1468,1609,,,,1711389691
12191465,2422,1808,,,,1711388714
12191466,2092,2361,,,,1711385087
12191467,2303,2003,1615,,,1711388328
12191468,1800,3310,,,,1711383981
12191469,2906,3831,,,,1711378782
12191470,1379,1433,,,,1711379506
12191471,,,,,,1711381059
12191500,2585,1958,,,,1711385660
12191510,4373,2274,3101,,,1711391447
12191524,3295,5610,3013,,,1711400190
12191535,,,,,,
12191536,,,,,,
12191537,,,,,,
12191538,,,,,,
12191539,,,,,,
12191541,,,,,,
12191542,,,,,,
12191543,,,,,,
12191544,,,,,,
12191545,,,,,,
12191546,,,,,,
12191547,,,,,,
12191548,,,,,,
12191549,,,,,,
12191550,,,,,,
12191646,1710,4401,,,,1711384784
12191656,2161,2046,1508,,,1711387288
12191667,3299,3248,,,,1711396864
12191676,4145,4022,2945,,,1711398322
12191716,2266,3507,,,,1711412613
12191722,2903,2938,,,,1711407381
12191733,3611,3319,,,,1711406075
12191738,3740,3443,,,,1711405743
12191742,3326,4899,2659,,,1711426611
12191871,3338,3203,2282,,,1711454948
12191872,4149,2653,,,,1711463213
12191873,1307,3511,,,,1711462408
12191874,4334,2052,,,,1711461324
12191876,4215,3336,,,,1711463093
12191877,3966,3092,4099,,,1711455352
12191879,,,,,,
12191899,3580,3337,3923,,,1711397967
12191900,2347,2066,2160,,,1711392239
12191915,8511,11874,,,,1711389932
12193102,1782,2340,1126,,,1711378906
12193179,2636,2343,,,,1711377978
12193203,1763,1914,,,,1711373727
12193217,1497,2237,,,,1711377781
12193289,2964,4479,,,,1711456292
12193291,2709,4185,,,,1711461007
12193292,1931,1744,,,,1711455996
12193293,2683,2755,,,,1711465246
12193294,2873,4136,,,,1711461867
12193297,2990,4000,,,,1711380528
12193299,,,,,,
12193300,,,,,,
12193301,,,,,,
12193329,1894,3052,,,,1711376812
12193333,,,,,,
12193336,3190,4630,918,,,1711388945
12193339,,,,,,
12193348,2077,3024,,,,1711378482
12193419,,,,,,
12193509,1372,3941,,,,1711450962
12193521,3510,2984,1742,,,1711454559
12193639,2683,2282,,,,1711451391
12193640,2945,3252,3449,,,1711454272
12193641,1718,3126,,,,1711456334
12193642,2055,2708,,,,1711462423
12193645,1785,2452,,,,1711462204
12193737,2733,2960,943,,,1711455513
12193738,2040,2276,,,,1711442929
12193739,4286,2995,740,,,1711448471
12193740,2880,2282,2223,,,1711446084
12193741,271,2910,3262,,,1711447666
12193742,3180,2884,,,,1711443971
12193744,1899,3733,,,,1711450905
12193750,1936,1921,4030,,,1711444684
12193751,3265,1949,,,,1711444585
12193752,1317,1683,,,,1711448783
12193753,3767,2466,,,,1711457437
12193754,1322,1695,,,,1711448807
12193755,1888,1944,,,,1711448257
12193756,3275,2828,,,,1711449572
12193757,2444,3664,,,,1711454239
12193758,2146,3687,,,,1711453641
12193759,2027,3386,757,,,1711451570
12193764,4310,2516,678,,,1711460548
12193769,4598,3572,,,,1711466471
12193773,1685,2792,,,,1711451344
12193774,2988,1385,,,,1711444071
12193776,3015,2484,1302,,,1711453397
12193777,3214,2029,,,,1711449574
12193781,2136,2451,,,,1711449414
12193782,2434,3950,,,,1711454343
12193783,2993,1858,651,,,1711451636
12193786,3287,1559,454,,,1711446010
12193822,1996,3594,,,,1711445604
12193823,2924,1906,,,,1711440113
12193824,2579,2766,992,,,1711442269
12193825,2212,3088,,,,1711446115
12193826,3702,2277,,,,1711440799
12193827,3515,1965,2742,,,1711457293
12193828,3237,2551,,,,1711439973
12193830,2713,2752,,,,1711447316
12193831,2680,1631,1999,,,1711454601
12193832,3645,2445,970,,,1711442838
12193836,2275,3053,885,,,1711447728
12193837,1954,2387,,,,1711452305
12193838,3597,3971,,,,1711446224
12193839,2816,1588,,,,1711447117
12193840,1788,2960,,,,1711452834
12193841,1916,2337,,,,1711439053
12193842,3975,3201,1941,,,1711457000
12193843,3456,2989,,,,1711447490
12193844,4550,2554,3597,,,1711457759
12193849,4929,2074,,,,1711448338
12193850,1885,2102,,,,1711439123
12193851,1902,3932,,,,1711453022
12193857,3573,2187,,,,1711440830
12193913,,,,,,
12193914,,,,,,
12193915,,,,,,
12193916,,,,,,
12193917,,,,,,
12193920,2173,3568,,,,1711457365
12193921,2588,3441,,,,1711456497
12193922,1463,1625,3328,,,1711464914
12193923,2357,3350,2502,,,1711462350
12193924,,,,,,
12193925,3405,2636,3999,,,1711459140
12193927,,,,,,
12193937,2534,4561,,,,1711453102
12193938,1803,2282,,,,1711458164
12193939,1507,2263,,,,1711461965
12193947,2789,2155,,,,1711446760
12193948,1942,1281,,,,1711446106
12193949,2676,1749,,,,1711452252
12193968,,,,,,
12193986,2662,2752,879,,,1711445902
12193987,2118,2380,,,,1711442698
12193988,3230,4145,1117,,,1711454747
12193989,3432,2474,952,,,1711446544
12193990,2886,4539,,,,1711451065
12193996,3349,2514,,,,1711449290
12193997,2092,1519,,,,1711442413
12193998,2185,2471,,,,1711446848
12194007,2360,3061,2356,,,1711464215
12194008,2477,4010,2142,,,1711464317
12194009,1738,1823,1992,,,1711447916
12194011,1857,3721,1613,,,1711456307
12194012,1886,2533,2353,,,1711454413
12194013,2242,3360,3735,,,1711458870
12194014,2741,2708,2472,,,1711449840
12194017,2809,1994,,,,1711447076
12194077,3510,1776,,,,1711457135
12194078,1766,2340,,,,1711456170
12194079,2833,2423,774,,,1711453609
12194080,4317,3620,,,,1711464298
12194083,3022,2031,,,,1711451015
12194084,3654,3153,,,,1711460746
12194085,2635,4216,,,,1711448456
12194086,4200,2520,9486,,,1711462024
12194091,2357,2442,,,,1711450864
12194092,1477,1966,,,,1711445555
12194093,1595,2068,,,,1711452602
12194094,2427,3255,,,,1711446598
12194095,3434,2448,,,,1711458780
12194097,3393,2998,,,,1711458291
12194136,2471,2599,945,,,1711459299
12194137,3196,1370,,,,1711458862
12194138,1626,2638,,,,1711449927
12194152,,,,,,
12194159,,,,,,
12194216,3952,2466,,,,1711462277
12194217,2658,2627,,,,1711447001
12194218,2909,2446,997,,,1711454670
12194465,4050,3665,,,,1711461968
12194467,2056,4666,,,,1711452543
12194468,1946,3310,,,,1711446255
12194470,1505,2093,,,,1711446266
12194471,2622,2443,3334,,,1711461152
12194472,3310,2676,,,,1711452437
12194528,4675,4609,,,,1711463242
12194529,2887,2757,,,,1711461655
12194531,1885,1545,,,,1711460602
12194532,3446,2644,,,,1711462695
12194802,,,,,,
12194803,,,,,,
12194804,,,,,,
12194805,,,,,,
12194806,,,,,,
12194809,3821,2582,,,,1711480338
12194810,,,,,,
12194813,,,,,,
12196018,2507,1618,,,,1711450151
12196019,4100,2593,,,,1711456693
12196020,4561,2419,,,,1711451573
12196021,3676,2358,,,,1711444153
12196022,3266,1627,,,,1711449034
12196023,1982,2548,,,,1711442496
12196024,2089,2357,,,,1711442627
12196025,2375,2962,,,,1711442979
12156286,2757,3924,3415,,,1711504782
12156296,3812,5016,,,,1711388789
12156297,8369,1983,3154,,,1711486980
12156298,4310,2098,,,,1711399591
12156299,2393,2986,,,,1711405003
12156300,3028,2290,,,,1711414938
12156301,,,,,,1711379024
12156302,2925,2123,,,,1711416849
12156304,2115,2933,,,,1711392484
12156305,2240,1544,2402,,,1711400425
12157161,3500,3220,,,,1711483442
12157162,2406,1755,2054,,,1711503039
12157163,3141,2454,4142,,,1711493531
12157167,3620,1767,,,,1711473019
12157168,2498,2338,,,,1711468338
12157169,1578,2581,,,,1711510752
12157172,2318,2851,,,,1711493505
12157173,3909,2543,,,,1711475916
12159540,1966,2478,,,,1711410042
12159541,2457,4274,,,,1711411301
12159542,1481,1297,,,,1711409509
12159543,2009,3853,4245,,,1711385424
12159544,3074,3279,1769,,,1711404993
12159545,4035,2255,,,,1711386957
12159547,3668,2901,,,,1711394436
12159549,3061,2511,,,,1711382393
12189037,3035,26199,,,,1711538585
12189039,88279,1772,,,,1711532947
12189040,2585,2474,,,,1711370993
12189041,2266,2468,3733,,,1711376512
12189042,3047,3885,1513,,,1711388387
12189043,3033,3169,,,,1711468741
12189044,,,,,,
12189045,2052,1798,1948,,,1711476838
12189706,2806,2426,3407,,,1711499583
12189707,3090,3767,3529,,,1711396875
12189708,2496,2665,,,,1711406502
12189709,,,,,,
12189710,3886,3194,,,,1711466110
12189711,,,,,,
12189712,3245,4365,,,,1711472670
12189713,3124,2935,3047,,,1711478465
12189714,3131,3016,,,,1711413214
12189715,1771,2675,4632,,,1711466652
12189716,2568,3182,2420,,,1711497436
12189717,3366,2687,,,,1711487752
12189718,2556,3042,,,,1711471835
12189719,2681,2087,,,,1711472092
12189720,3260,2112,,,,1711415230
12189721,3286,2691,4191,,,1711418092
12189722,1417,2433,2049,,,1711413228
12189723,2085,2329,,,,1711418514
12189724,2047,2496,2624,,,1711408284
12189725,2384,3164,,,,1711405265
12189959,2518,1794,2147,,,1711505122
12189960,2279,2818,,,,1711511898
12189961,2587,2385,2302,,,1711504971
12189962,,,,,,1711505312
12189963,2814,1559,1583,,,1711507098
12189964,1696,2691,,,,1711501829
12189965,2129,2941,,,,1711502143
12190181,2383,2063,,,,1711442926
12190182,2320,3106,2695,,,1711540140
12190183,2001,1768,,,,1711528880
12190184,3346,4232,2537,,,1711539688
12190185,1688,1349,,,,1711528644
12190186,2076,3258,2743,,,1711445794
12190187,3809,2907,,,,1711530668
12190188,2808,5595,,,,1711533795
12190189,2729,2275,,,,1711458889
12190191,4420,2509,,,,1711450314
12190192,2065,4167,2067,,,1711547181
12190193,2142,1857,,,,1711442537
12190259,3840,2000,3566,,,1711464514
12190260,2445,2098,,,,1711470035
12190262,3068,2683,,,,1711461493
12190266,2186,2963,,,,1711380494
12190268,8557,2411,,,,1711394236
12190270,,,,,,
12190272,,,,,,
12190274,2392,4263,,,,1711540190
12190275,4058,3395,,,,1711463373
12190277,,,,,,1711484346
12190406,,,,,,
12190408,2588,1966,3035,,,1711399927
12190424,1663,2885,,,,1711376112
12190426,2885,1931,,,,1711373571
12190430,1470,2399,,,,1711371184
12190434,2025,2997,590,,,1711377673
12190436,2911,2876,,,,1711377498
12190444,2973,2982,,,,1711371990
12190452,2661,1963,,,,1711371676
12190453,2198,2358,,,,1711373286
12190495,3470,2125,,,,1711381476
12190537,2237,2599,2931,,,1711374526
12190557,1637,2853,,,,1711371741
12190658,2580,3426,,,,1711378347
12190746,2626,2057,2390,,,1711380465
12190799,,,,,,
12190801,,,,,,
12190802,,,,,,
12190803,,,,,,
12190804,,,,,,
12190805,,,,,,
12190806,,,,,,
12190807,,,,,,
12190808,,,,,,
12190853,12858,2418,,,,1711390402
12190854,8847,,,,,1711384711
12190855,8167,2044,,,,1711385572
12190856,2598,7617,,,,1711378699
12190911,2660,2345,,,,1711375941
12190912,1533,3185,,,,1711377184
12190913,3193,1373,,,,1711382203
12190936,,,,,,
12190937,,,,,,
12190938,,,,,,
12190975,,,,,,
12190979,,,,,,
12190981,,,,,,
12190983,,,,,,
12190985,,,,,,
12190987,,,,,,
12190989,,,,,,
12190991,,,,,,
12190992,,,,,,
12190998,,,,,,
12191028,4169,3888,,,,1711380019
12191095,2696,1558,,,,1711380742
12191097,1976,2406,,,,1711381200
12191098,2050,2124,,,,1711377533
12191099,2866,3087,,,,1711373716
12191101,2187,,,,,1711377658
12191103,2115,3822,,,,1711374666
12191113,,,,,,
12191114,,,,,,
12191115,,,,,,
12191116,,,,,,
12191119,2770,1914,,,,1711378610
12191147,2055,2647,,,,1711373330
12191148,2702,1917,789,,,1711375556
12191149,2678,2463,,,,1711387509
12191370,2654,3890,,,,1711385917
12191381,2433,3984,,,,1711385712
12191455,2846,2569,,,,1711378976
12191456,3340,2483,,,,1711391951
12191457,1559,1626,,,,1711383340
12191459,1960,2163,,,,1711372921
12191460,2587,2702,3322,,,1711396702
12191461,2344,3904,,,,1711393280
12191462,3680,1562,2762,,,1711373957
12191463,3863,1795,,,,1711373075
12191464,1468,1609,,,,1711389691
12191465,2422,1808,,,,1711388714
12191466,2092,2361,,,,1711385087
12191467,2303,2003,1615,,,1711388328
12191468,1800,3310,,,,1711383981
12191469,2906,3831,,,,1711378782
12191470,1379,1433,,,,1711379506
12191471,,,,,,1711381059
12191500,2585,1958,,,,1711385660
12191510,4373,2274,3101,,,1711391447
12191524,3295,5610,3013,,,1711400190
12191535,,,,,,
12191536,,,,,,
12191537,,,,,,
12191538,,,,,,
12191539,,,,,,
12191541,,,,,,
12191542,,,,,,
12191543,,,,,,
12191544,,,,,,
12191545,,,,,,
12191546,,,,,,
12191547,,,,,,
12191548,,,,,,
12191549,,,,,,
12191550,,,,,,
12191646,1710,4401,,,,1711384784
12191656,2161,2046,1508,,,1711387288
12191667,3299,3248,,,,1711396864
12191676,4145,4022,2945,,,1711398322
12191703,1654,5182,3970,,,1711482936
12191710,3584,3174,,,,1711473318
12191716,2266,3507,,,,1711412613
12191722,2903,2938,,,,1711407381
12191729,2218,2737,,,,1711509828
12191733,3611,3319,,,,1711406075
12191737,3733,3782,4294,,,1711518352
12191738,3740,3443,,,,1711405743
12191742,3326,4899,2659,,,1711426611
12191743,3479,3280,2633,,,1711476124
12191747,1790,2154,1854,,,1711473418
12191749,4607,3732,,,,1711489361
12191871,3338,3203,2282,,,1711454948
12191872,4149,2653,,,,1711463213
12191873,1307,3511,,,,1711462408
12191874,4334,2052,,,,1711461324
12191876,4215,3336,,,,1711463093
12191877,3966,3092,4099,,,1711455352
12191878,1653,1548,,,,1711467683
12191879,,,,,,
12191899,3580,3337,3923,,,1711397967
12191900,2347,2066,2160,,,1711392239
12191915,8511,11874,,,,1711389932
12192441,1864,1907,,,,1711502057
12192442,1805,2106,,,,1711514123
12192443,3054,2939,,,,1711517992
12192444,4670,2876,,,,1711513843
12192445,1753,2959,,,,1711509714
12192448,1995,2013,,,,1711508028
12192452,3463,2951,,,,1711508664
12192453,3698,2654,,,,1711517016
12193102,1782,2340,1126,,,1711378906
12193158,3106,3074,1788,,,1711508190
12193165,2999,3828,3257,,,1711508517
12193179,2636,2343,,,,1711377978
12193203,1763,1914,,,,1711373727
12193217,1497,2237,,,,1711377781
12193289,2964,4479,,,,1711456292
12193290,1614,2481,2143,,,1711470060
12193291,2709,4185,,,,1711461007
12193292,1931,1744,,,,1711455996
12193293,2683,2755,,,,1711465246
12193294,2873,4136,,,,1711461867
12193295,2596,2214,,,,1711469807
12193296,5559,4228,3350,,,1711476007
12193297,2990,4000,,,,1711380528
12193299,,,,,,
12193300,,,,,,
12193301,,,,,,
12193329,1894,3052,,,,1711376812
12193333,,,,,,
12193336,3190,4630,918,,,1711388945
12193339,,,,,,
12193348,2077,3024,,,,1711378482
12193419,,,,,,
12193464,24849,2476,,,,1711469532
12193465,,,,,,1711473620
12193467,3281,2546,,,,1711533679
12193469,25461,1916,,,,1711470329
12193470,3894,2672,,,,1711534542
12193509,1372,3941,,,,1711450962
12193521,3510,2984,1742,,,1711454559
12193539,1491,3149,,,,1711528165
12193540,2240,4591,3164,,,1711538588
12193639,2683,2282,,,,1711451391
12193640,2945,3252,3449,,,1711454272
12193641,1718,3126,,,,1711456334
12193642,2055,2708,,,,1711462423
12193643,2740,3027,,,,1711467238
12193644,2375,3525,,,,1711468186
12193645,1785,2452,,,,1711462204
12193737,2733,2960,943,,,1711455513
12193738,2040,2276,,,,1711442929
12193739,4286,2995,740,,,1711448471
12193740,2880,2282,2223,,,1711446084
12193741,271,2910,3262,,,1711447666
12193742,3180,2884,,,,1711443971
12193744,1899,3733,,,,1711450905
12193750,1936,1921,4030,,,1711444684
12193751,3265,1949,,,,1711444585
12193752,1317,1683,,,,1711448783
12193753,3767,2466,,,,1711457437
12193754,1322,1695,,,,1711448807
12193755,1888,1944,,,,1711448257
12193756,3275,2828,,,,1711449572
12193757,2444,3664,,,,1711454239
12193758,2146,3687,,,,1711453641
12193759,2027,3386,757,,,1711451570
12193760,3316,5238,3039,,,1711478143
12193761,2565,7200,,,,1711471448
12193763,1451,1625,,,,1711468243
12193764,4310,2516,678,,,1711460548
12193767,3752,4670,2987,,,1711474382
12193769,4598,3572,,,,1711466471
12193770,2757,1705,,,,1711468810
12193773,1685,2792,,,,1711451344
12193774,2988,1385,,,,1711444071
12193776,3015,2484,1302,,,1711453397
12193777,3214,2029,,,,1711449574
12193781,2136,2451,,,,1711449414
12193782,2434,3950,,,,1711454343
12193783,2993,1858,651,,,1711451636
12193786,3287,1559,454,,,1711446010
12193822,1996,3594,,,,1711445604
12193823,2924,1906,,,,1711440113
12193824,2579,2766,992,,,1711442269
12193825,2212,3088,,,,1711446115
12193826,3702,2277,,,,1711440799
12193827,3515,1965,2742,,,1711457293
12193828,3237,2551,,,,1711439973
12193830,2713,2752,,,,1711447316
12193831,2680,1631,1999,,,1711454601
12193832,3645,2445,970,,,1711442838
12193836,2275,3053,885,,,1711447728
12193837,1954,2387,,,,1711452305
12193838,3597,3971,,,,1711446224
12193839,2816,1588,,,,1711447117
12193840,1788,2960,,,,1711452834
12193841,1916,2337,,,,1711439053
12193842,3975,3201,1941,,,1711457000
12193843,3456,2989,,,,1711447490
12193844,4550,2554,3597,,,1711457759
12193849,4929,2074,,,,1711448338
12193850,1885,2102,,,,1711439123
12193851,1902,3932,,,,1711453022
12193857,3573,2187,,,,1711440830
12193913,,,,,,
12193914,,,,,,
12193915,,,,,,
12193916,,,,,,
12193917,,,,,,
12193918,3525,2565,,,,1711472594
12193920,2173,3568,,,,1711457365
12193921,2588,3441,,,,1711456497
12193922,1463,1625,3328,,,1711464914
12193923,2357,3350,2502,,,1711462350
12193924,,,,,,
12193925,3405,2636,3999,,,1711459140
12193927,,,,,,
12193937,2534,4561,,,,1711453102
12193938,1803,2282,,,,1711458164
12193939,1507,2263,,,,1711461965
12193940,2712,2790,,,,1711465138
12193941,2465,2469,,,,1711468175
12193946,2983,3004,2257,,,1711471547
12193947,2789,2155,,,,1711446760
12193948,1942,1281,,,,1711446106
12193949,2676,1749,,,,1711452252
12193968,,,,,,
12193986,2662,2752,879,,,1711445902
12193987,2118,2380,,,,1711442698
12193988,3230,4145,1117,,,1711454747
12193989,3432,2474,952,,,1711446544
12193990,2886,4539,,,,1711451065
12193996,3349,2514,,,,1711449290
12193997,2092,1519,,,,1711442413
12193998,2185,2471,,,,1711446848
12194006,2164,1938,,,,1711475789
12194007,2360,3061,2356,,,1711464215
12194008,2477,4010,2142,,,1711464317
12194009,1738,1823,1992,,,1711447916
12194010,2222,2554,3038,,,1711468309
12194011,1857,3721,1613,,,1711456307
12194012,1886,2533,2353,,,1711454413
12194013,2242,3360,3735,,,1711458870
12194014,2741,2708,2472,,,1711449840
12194015,3390,2926,2424,,,1711478351
12194016,1340,3484,,,,1711468639
12194017,2809,1994,,,,1711447076
12194018,1807,3403,,,,1711469296
12194019,,,,,,1711481443
12194020,2191,2666,,,,1711480587
12194022,2073,2567,,,,1711474991
12194077,3510,1776,,,,1711457135
12194078,1766,2340,,,,1711456170
12194079,2833,2423,774,,,1711453609
12194080,4317,3620,,,,1711464298
12194083,3022,2031,,,,1711451015
12194084,3654,3153,,,,1711460746
12194085,2635,4216,,,,1711448456
12194086,4200,2520,9486,,,1711462024
12194090,3151,3076,,,,1711465119
12194091,2357,2442,,,,1711450864
12194092,1477,1966,,,,1711445555
12194093,1595,2068,,,,1711452602
12194094,2427,3255,,,,1711446598
12194095,3434,2448,,,,1711458780
12194097,3393,2998,,,,1711458291
12194098,2389,1828,,,,1711464261
12194136,2471,2599,945,,,1711459299
12194137,3196,1370,,,,1711458862
12194138,1626,2638,,,,1711449927
12194151,4851,3827,,,,1711473919
12194152,,,,,,
12194154,,,,,,1711488853
12194159,,,,,,
12194160,3113,3039,,,,1711533920
12194161,3098,2196,3310,,,1711540291
12194216,3952,2466,,,,1711462277
12194217,2658,2627,,,,1711447001
12194218,2909,2446,997,,,1711454670
12194399,3652,3069,2847,,,1711544541
12194465,4050,3665,,,,1711461968
12194466,3449,2495,,,,1711482449
12194467,2056,4666,,,,1711452543
12194468,1946,3310,,,,1711446255
12194470,1505,2093,,,,1711446266
12194471,2622,2443,3334,,,1711461152
12194472,3310,2676,,,,1711452437
12194473,4106,1861,2058,,,1711476281
12194528,4675,4609,,,,1711463242
12194529,2887,2757,,,,1711461655
12194530,3604,3482,,,,1711469269
12194531,1885,1545,,,,1711460602
12194532,3446,2644,,,,1711462695
12194534,2573,2379,,,,1711468952
12194537,2279,2408,,,,1711484801
12194539,2274,4907,,,,1711491294
12194540,1880,1616,,,,1711476124
12194541,2336,3767,3299,,,1711478230
12194639,2313,2343,,,,1711490865
12194640,2227,2947,,,,1711492918
12194641,3096,2045,2324,,,1711475633
12194643,2991,4483,,,,1711485443
12194644,3123,2484,,,,1711481049
12194645,1950,4389,,,,1711463832
12194646,3755,4780,,,,1711482860
12194656,1801,2097,,,,1711471269
12194683,2347,2721,2933,,,1711468001
12194802,,,,,,
12194803,,,,,,
12194804,,,,,,
12194805,,,,,,
12194806,,,,,,
12194807,3012,5782,60517,,,1711489164
12194808,4055,2420,,,,1711475623
12194809,3821,2582,,,,1711480338
12194810,,,,,,
12194811,2837,3189,,,,1711475441
12194812,3397,2361,,,,1711482585
12194813,,,,,,
12194814,1659,3022,3835,,,1711475822
12194815,3120,3644,63498,,,1711491015
12194816,2185,4052,,,,1711483111
12194966,4958,4728,5554,,,1711504185
12194967,2357,2893,,,,1711479843
12194968,2626,2566,,,,1711490709
12194969,3580,1902,,,,1711496039
12195182,3030,2146,2588,,,1711480744
12195183,4668,3732,2482,,,1711488698
12195188,3755,3781,,,,1711504583
12195189,2654,2407,2211,,,1711504103
12195191,3582,3723,2531,,,1711491945
12195192,2671,2126,2603,,,1711480790
12195196,2266,3975,3980,,,1711543931
12195199,1737,2033,2790,,,1711537994
12195200,2388,3093,,,,1711539302
12195201,2466,1885,,,,1711545445
12195203,2748,2915,,,,1711526227
12195206,1484,4242,,,,1711534862
12195207,1536,2431,,,,1711533643
12195208,1661,4238,3703,,,1711533170
12195209,3088,4139,,,,1711538864
12195210,2441,3755,3820,,,1711546701
12195211,2220,2073,,,,1711542194
12195212,2242,2775,,,,1711540072
12195213,1668,2837,,,,1711534593
12195214,2585,1239,2157,,,1711539826
12195215,2286,3674,,,,1711539030
12195216,2866,2584,2916,,,1711533119
12195217,1032,3822,,,,1711531365
12195218,2133,4322,,,,1711550426
12195231,1664,2646,,,,1711524771
12195233,2611,1483,,,,1711544445
12195235,2027,4020,2926,,,1711529937
12195236,3378,1747,,,,1711538081
12195237,2167,3888,2499,,,1711530001
12195238,2503,2205,,,,1711545190
12195239,2489,1896,,,,1711533129
12195240,1680,2516,,,,1711547040
12195241,2495,2976,3196,,,1711541573
12195242,1663,1934,,,,1711533493
12195243,1930,2008,,,,1711535877
12195244,2197,2023,,,,1711534547
12195246,2146,2134,,,,1711529271
12195249,2825,1848,,,,1711515106
12195250,4307,1823,,,,1711512345
12195254,2885,3569,,,,1711533565
12195255,2510,1705,,,,1711538207
12195270,2716,2573,,,,1711529805
12195271,4054,1813,5269,,,1711539450
12195272,3886,2327,,,,1711529731
12195273,1666,2818,,,,1711528854
12195274,2881,1608,,,,1711533282
12195276,2079,2666,,,,1711539897
12195277,2144,3731,,,,1711503854
12195278,3818,3415,,,,1711541688
12195280,3067,2327,,,,1711520574
12195281,1548,3746,1767,,,1711536184
12195283,1946,3305,,,,1711541758
12195284,3517,2668,,,,1711534065
12195285,1765,2524,,,,1711522967
12195286,3290,2113,2954,,,1711535874
12195287,3249,2613,,,,1711505072
12195288,1666,4638,,,,1711549119
12195289,1964,2067,,,,1711532665
12195290,2518,4050,,,,1711533046
12195291,2788,4307,6405,,,1711506264
12195293,2146,3153,3120,,,1711513856
12195296,3790,2023,2380,,,1711519255
12195297,2947,1339,2673,,,1711522363
12195298,2615,1646,,,,1711524924
12195299,2820,1654,,,,1711513808
12195300,1486,2340,,,,1711510152
12195302,2598,3053,2280,,,1711518214
12195303,4267,2311,4253,,,1711520221
12195783,2961,5441,,,,1711547895
12195793,,,,,,
12195795,3328,2063,,,,1711555060
12195807,1784,4777,1746,,,1711548134
12195808,1618,1685,,,,1711536044
12195809,1472,1513,,,,1711531889
12196018,2507,1618,,,,1711450151
12196019,4100,2593,,,,1711456693
12196020,4561,2419,,,,1711451573
12196021,3676,2358,,,,1711444153
12196022,3266,1627,,,,1711449034
12196023,1982,2548,,,,1711442496
12196024,2089,2357,,,,1711442627
12196025,2375,2962,,,,1711442979
12196342,2314,2229,,,,1711530745
12196343,4418,2594,2407,,,1711535902
12196344,2555,2650,2817,,,1711539306
12196345,2779,3949,,,,1711526309
12196346,2938,3610,,,,1711534957
12196347,2967,2822,,,,1711541645
12196348,2168,1815,,,,1711525750
12196349,3458,3501,,,,1711527094
12196692,4221,3168,,,,1711534465
12196693,3107,3029,3240,,,1711542415
12196694,1811,2483,3491,,,1711544287
12196696,2156,3650,1846,,,1711529076
12196697,2845,1754,,,,1711534276
12196698,2565,3915,3158,,,1711546025
12196712,2850,2997,,,,1711533571
12196713,1688,1794,1733,,,1711468692
12196819,2027,1823,,,,1711541963
12196820,2959,2325,2196,,,1711532232
12196821,1707,2500,,,,1711528521
12196822,2638,2529,,,,1711529708
12196823,1566,2462,3360,,,1711531649
12196824,3867,2020,,,,1711537026
12196825,2828,2435,,,,1711529552
12196862,1623,1410,,,,1711540995
12196863,3132,1837,,,,1711530367
12196864,2472,2462,,,,1711545690
12196865,3052,2386,,,,1711536203
12196866,2498,2767,,,,1711529312
12196867,3751,3011,1660,,,1711549524
12196868,2848,3813,2136,,,1711539411
12196869,2753,1636,,,,1711541580
12196870,1882,2941,,,,1711528879
12196871,3940,3581,,,,1711531075
12196872,2761,1232,,,,1711538504
12196873,2071,2568,,,,1711535248
12196874,1968,2245,,,,1711542831
12196875,3424,2736,2213,,,1711550541
12196876,2636,2878,,,,1711548613
12196940,4669,2812,,,,1711544782
12196943,3296,1947,,,,1711544608
12196944,2554,4492,4275,,,1711546097
12196945,1709,2605,,,,1711528825
12196951,3115,3027,,,,1711530222
12196955,3109,1443,2967,,,1711536853
12196960,5006,2324,4008,,,1711534870
12196963,2210,3149,,,,1711535062
12197068,4344,2992,2134,,,1711545175
12197206,2786,2173,3700,,,1711541749
12197207,3461,4680,,,,1711534360
12197279,2748,3098,4213,,,1711552076
12197282,3241,3980,2870,,,1711543545
12197283,3389,2245,2669,,,1711549579
12197284,3450,3710,2555,,,1711544971
12197285,1969,2233,,,,1711540768
12197361,1809,2495,,,,1711547101
12197510,1464,1868,,,,1711532028
12197543,1625,2745,,,,1711541094
12197544,2282,1995,,,,1711535456
12197546,3318,4212,2132,,,1711552252
12197547,4461,4675,2202,,,1711536444
12197549,1973,2208,,,,1711529188
12197550,2690,2379,3693,,,1711543512
12197552,4060,1541,,,,1711545046
12197554,1869,1997,,,,1711538312
12197555,3678,3493,2424,,,1711555272
12197557,1597,2651,,,,1711529355
12197558,2342,2438,3654,,,1711532068
12197559,2293,2756,4140,,,1711552909
12197658,1875,3021,,,,1711532525
12197682,2235,3611,,,,1711532511
12197693,2119,3417,,,,1711539957
12197694,1728,3596,,,,1711550319
12197695,2436,2107,,,,1711550581
12197696,3509,2542,,,,1711544613
12197697,2777,2550,,,,1711537082
12197698,1927,1541,,,,1711545970
12197699,3671,2540,,,,1711534473
12197700,1425,1882,,,,1711531887
12197713,2787,3285,,,,1711541713
12197715,1685,,,,,1711532283
12197819,3143,3782,,,,1711534123
12197827,2957,4001,1928,,,1711547302
12197833,1828,1753,,,,1711536841
12197935,2634,5457,18048,,,1711554073
12197936,3707,4433,5538,,,1711551000
12197939,1441,6122,2099,,,1711552456
12198024,2518,3144,1828,,,1711543427
12198172,1458,1317,,,,1711542917
12198306,3987,2330,,,,1711547495
12198309,2226,2357,,,,1711545564
12198311,,,,,,1711543529
12198312,1884,1999,5617,,,1711547147
12198754,4379,2478,,,,1711521751
12198755,3734,2436,,,,1711523532
12198756,2734,2261,1410,,,1711522551
12198757,2671,1394,1750,,,1711528809
12198758,1705,2940,,,,1711523484
12198759,5043,4337,,,,1711525949
12198760,1718,2230,2230,,,1711521590
12199666,2520,2943,,,,1711547739
12156286,2757,3924,3415,,,1711504782
12156288,1782,2497,2845,,,1711585138
12156290,2144,2648,,,,1711561504
12156297,8369,1983,3154,,,1711486980
12157161,3500,3220,,,,1711483442
12157162,2406,1755,2054,,,1711503039
12157163,3141,2454,4142,,,1711493531
12157167,3620,1767,,,,1711473019
12157168,2498,2338,,,,1711468338
12157169,1578,2581,,,,1711510752
12157170,3158,2355,,,,1711569845
12157172,2318,2851,,,,1711493505
12157173,3909,2543,,,,1711475916
12157175,1962,4103,,,,1711591351
12173696,3092,2190,,,,1711622256
12173697,2622,737,,,,1711628483
12173698,2864,3949,,,,1711621821
12173702,3470,2570,,,,1711636153
12173703,2678,2217,,,,1711629360
12173706,,,,,,1711624075
12173949,4507,1574,3016,,,1711623115
12173951,3343,2261,2774,,,1711632914
12173957,,,,,,1711620972
12173990,2419,1497,,,,1711572787
12173992,1612,4125,,,,1711564664
12173995,1805,1463,2637,,,1711566306
12173998,3458,1890,,,,1711588293
12174251,3673,2308,,,,1711552165
12174252,,,,,,1711550464
12174256,3813,3407,3677,,,1711579805
12174259,2131,2639,4826,,,1711560383
12174403,3701,1434,,,,1711624916
12174404,2165,3828,,,,1711615312
12174405,3089,2528,,,,1711624855
12174407,1569,1116,,,,1711614934
12174409,4320,3336,,,,1711617561
12174411,2150,3624,,,,1711622374
12174413,2440,4729,,,,1711615707
12174414,2315,2682,2466,,,1711622300
12174430,,,,,,1711569877
12174440,2126,2723,3939,,,1711596149
12174442,2042,2209,,,,1711565050
12174443,4254,2880,4757,,,1711575640
12189037,3035,26199,,,,1711538585
12189038,2414,5200,2000,,,1711637696
12189039,88279,1772,,,,1711532947
12189043,3033,3169,,,,1711468741
12189045,2052,1798,1948,,,1711476838
12189046,2904,1758,3624,,,1711621615
12189706,2806,2426,3407,,,1711499583
12189710,3886,3194,,,,1711466110
12189712,3245,4365,,,,1711472670
12189713,3124,2935,3047,,,1711478465
12189715,1771,2675,4632,,,1711466652
12189716,2568,3182,2420,,,1711497436
12189717,3366,2687,,,,1711487752
12189718,2556,3042,,,,1711471835
12189719,2681,2087,,,,1711472092
12189959,2518,1794,2147,,,1711505122
12189960,2279,2818,,,,1711511898
12189961,2587,2385,2302,,,1711504971
12189962,,,,,,1711505312
12189963,2814,1559,1583,,,1711507098
12189964,1696,2691,,,,1711501829
12189965,2129,2941,,,,1711502143
12190182,2320,3106,2695,,,1711540140
12190183,2001,1768,,,,1711528880
12190184,3346,4232,2537,,,1711539688
12190185,1688,1349,,,,1711528644
12190187,3809,2907,,,,1711530668
12190188,2808,5595,,,,1711533795
12190189,2729,2275,,,,1711458889
12190192,2065,4167,2067,,,1711547181
12190259,3840,2000,3566,,,1711464514
12190260,2445,2098,,,,1711470035
12190262,3068,2683,,,,1711461493
12190263,3061,3326,5359,,,1711556935
12190270,,,,,,
12190274,2392,4263,,,,1711540190
12190275,4058,3395,,,,1711463373
12190277,,,,,,1711484346
12190406,,,,,,
12191327,2980,2352,,,,1711577975
12191330,1141,1959,,,,1711567462
12191332,2121,1921,,,,1711554272
12191334,,,,,,
12191335,,,,,,
12191336,1853,3063,,,,1711553818
12191337,,,,,,1711558151
12191338,1535,3400,,,,1711558612
12191547,,,,,,
12191703,1654,5182,3970,,,1711482936
12191710,3584,3174,,,,1711473318
12191729,2218,2737,,,,1711509828
12191737,3733,3782,4294,,,1711518352
12191743,3479,3280,2633,,,1711476124
12191747,1790,2154,1854,,,1711473418
12191749,4607,3732,,,,1711489361
12191872,4149,2653,,,,1711463213
12191873,1307,3511,,,,1711462408
12191876,4215,3336,,,,1711463093
12191878,1653,1548,,,,1711467683
12192441,1864,1907,,,,1711502057
12192442,1805,2106,,,,1711514123
12192443,3054,2939,,,,1711517992
12192444,4670,2876,,,,1711513843
12192445,1753,2959,,,,1711509714
12192448,1995,2013,,,,1711508028
12192452,3463,2951,,,,1711508664
12192453,3698,2654,,,,1711517016
12193158,3106,3074,1788,,,1711508190
12193165,2999,3828,3257,,,1711508517
12193290,1614,2481,2143,,,1711470060
12193294,2873,4136,,,,1711461867
12193295,2596,2214,,,,1711469807
12193296,5559,4228,3350,,,1711476007
12193464,24849,2476,,,,1711469532
12193465,,,,,,1711473620
12193466,,,,,,1711538135
12193467,3281,2546,,,,1711533679
12193468,3308,3163,,,,1711620054
12193469,25461,1916,,,,1711470329
12193470,3894,2672,,,,1711534542
12193539,1491,3149,,,,1711528165
12193540,2240,4591,3164,,,1711538588
12193642,2055,2708,,,,1711462423
12193643,2740,3027,,,,1711467238
12193644,2375,3525,,,,1711468186
12193645,1785,2452,,,,1711462204
12193760,3316,5238,3039,,,1711478143
12193761,2565,7200,,,,1711471448
12193763,1451,1625,,,,1711468243
12193767,3752,4670,2987,,,1711474382
12193769,4598,3572,,,,1711466471
12193770,2757,1705,,,,1711468810
12193918,3525,2565,,,,1711472594
12193922,1463,1625,3328,,,1711464914
12193938,1803,2282,,,,1711458164
12193939,1507,2263,,,,1711461965
12193940,2712,2790,,,,1711465138
12193941,2465,2469,,,,1711468175
12193946,2983,3004,2257,,,1711471547
12193966,8099,686,,,,1711630315
12194006,2164,1938,,,,1711475789
12194007,2360,3061,2356,,,1711464215
12194008,2477,4010,2142,,,1711464317
12194010,2222,2554,3038,,,1711468309
12194015,3390,2926,2424,,,1711478351
12194016,1340,3484,,,,1711468639
12194018,1807,3403,,,,1711469296
12194019,,,,,,1711481443
12194020,2191,2666,,,,1711480587
12194022,2073,2567,,,,1711474991
12194080,4317,3620,,,,1711464298
12194084,3654,3153,,,,1711460746
12194086,4200,2520,9486,,,1711462024
12194090,3151,3076,,,,1711465119
12194095,3434,2448,,,,1711458780
12194097,3393,2998,,,,1711458291
12194098,2389,1828,,,,1711464261
12194137,3196,1370,,,,1711458862
12194151,4851,3827,,,,1711473919
12194154,,,,,,1711488853
12194159,,,,,,
12194160,3113,3039,,,,1711533920
12194161,3098,2196,3310,,,1711540291
12194216,3952,2466,,,,1711462277
12194399,3652,3069,2847,,,1711544541
12194465,4050,3665,,,,1711461968
12194466,3449,2495,,,,1711482449
12194471,2622,2443,3334,,,1711461152
12194473,4106,1861,2058,,,1711476281
12194528,4675,4609,,,,1711463242
12194529,2887,2757,,,,1711461655
12194530,3604,3482,,,,1711469269
12194531,1885,1545,,,,1711460602
12194532,3446,2644,,,,1711462695
12194534,2573,2379,,,,1711468952
12194537,2279,2408,,,,1711484801
12194539,2274,4907,,,,1711491294
12194540,1880,1616,,,,1711476124
12194541,2336,3767,3299,,,1711478230
12194639,2313,2343,,,,1711490865
12194640,2227,2947,,,,1711492918
12194641,3096,2045,2324,,,1711475633
12194643,2991,4483,,,,1711485443
12194644,3123,2484,,,,1711481049
12194645,1950,4389,,,,1711463832
12194646,3755,4780,,,,1711482860
12194656,1801,2097,,,,1711471269
12194683,2347,2721,2933,,,1711468001
12194802,,,,,,
12194803,,,,,,
12194804,,,,,,
12194805,,,,,,
12194806,,,,,,
12194807,3012,5782,60517,,,1711489164
12194808,4055,2420,,,,1711475623
12194809,3821,2582,,,,1711480338
12194810,,,,,,
12194811,2837,3189,,,,1711475441
12194812,3397,2361,,,,1711482585
12194813,,,,,,
12194814,1659,3022,3835,,,1711475822
12194815,3120,3644,63498,,,1711491015
12194816,2185,4052,,,,1711483111
12194966,4958,4728,5554,,,1711504185
12194967,2357,2893,,,,1711479843
12194968,2626,2566,,,,1711490709
12194969,3580,1902,,,,1711496039
12195182,3030,2146,2588,,,1711480744
12195183,4668,3732,2482,,,1711488698
12195188,3755,3781,,,,1711504583
12195189,2654,2407,2211,,,1711504103
12195191,3582,3723,2531,,,1711491945
12195192,2671,2126,2603,,,1711480790
12195196,2266,3975,3980,,,1711543931
12195199,1737,2033,2790,,,1711537994
12195200,2388,3093,,,,1711539302
12195201,2466,1885,,,,1711545445
12195203,2748,2915,,,,1711526227
12195205,2380,3803,,,,1711611987
12195206,1484,4242,,,,1711534862
12195207,1536,2431,,,,1711533643
12195208,1661,4238,3703,,,1711533170
12195209,3088,4139,,,,1711538864
12195210,2441,3755,3820,,,1711546701
12195211,2220,2073,,,,1711542194
12195212,2242,2775,,,,1711540072
12195213,1668,2837,,,,1711534593
12195214,2585,1239,2157,,,1711539826
12195215,2286,3674,,,,1711539030
12195216,2866,2584,2916,,,1711533119
12195217,1032,3822,,,,1711531365
12195218,2133,4322,,,,1711550426
12195231,1664,2646,,,,1711524771
12195233,2611,1483,,,,1711544445
12195235,2027,4020,2926,,,1711529937
12195236,3378,1747,,,,1711538081
12195237,2167,3888,2499,,,1711530001
12195238,2503,2205,,,,1711545190
12195239,2489,1896,,,,1711533129
12195240,1680,2516,,,,1711547040
12195241,2495,2976,3196,,,1711541573
12195242,1663,1934,,,,1711533493
12195243,1930,2008,,,,1711535877
12195244,2197,2023,,,,1711534547
12195246,2146,2134,,,,1711529271
12195247,1586,3829,2365,,,1711555568
12195249,2825,1848,,,,1711515106
12195250,4307,1823,,,,1711512345
12195254,2885,3569,,,,1711533565
12195255,2510,1705,,,,1711538207
12195257,3171,1061,,,,1711557365
12195270,2716,2573,,,,1711529805
12195271,4054,1813,5269,,,1711539450
12195272,3886,2327,,,,1711529731
12195273,1666,2818,,,,1711528854
12195274,2881,1608,,,,1711533282
12195276,2079,2666,,,,1711539897
12195277,2144,3731,,,,1711503854
12195278,3818,3415,,,,1711541688
12195279,1620,2551,,,,1711555736
12195280,3067,2327,,,,1711520574
12195281,1548,3746,1767,,,1711536184
12195283,1946,3305,,,,1711541758
12195284,3517,2668,,,,1711534065
12195285,1765,2524,,,,1711522967
12195286,3290,2113,2954,,,1711535874
12195287,3249,2613,,,,1711505072
12195288,1666,4638,,,,1711549119
12195289,1964,2067,,,,1711532665
12195290,2518,4050,,,,1711533046
12195291,2788,4307,6405,,,1711506264
12195293,2146,3153,3120,,,1711513856
12195296,3790,2023,2380,,,1711519255
12195297,2947,1339,2673,,,1711522363
12195298,2615,1646,,,,1711524924
12195299,2820,1654,,,,1711513808
12195300,1486,2340,,,,1711510152
12195302,2598,3053,2280,,,1711518214
12195303,4267,2311,4253,,,1711520221
12195781,2542,125538,,,,1711590537
12195782,3769,1332,3803,,,1711571890
12195783,2961,5441,,,,1711547895
12195793,,,,,,
12195794,4184,2389,,,,1711622044
12195795,3328,2063,,,,1711555060
12195807,1784,4777,1746,,,1711548134
12195808,1618,1685,,,,1711536044
12195809,1472,1513,,,,1711531889
12195810,2599,2279,,,,1711553221
12196342,2314,2229,,,,1711530745
12196343,4418,2594,2407,,,1711535902
12196344,2555,2650,2817,,,1711539306
12196345,2779,3949,,,,1711526309
12196346,2938,3610,,,,1711534957
12196347,2967,2822,,,,1711541645
12196348,2168,1815,,,,1711525750
12196349,3458,3501,,,,1711527094
12196479,2158,2475,3443,,,1711624404
12196582,2386,3018,3151,,,1711618878
12196599,2585,1815,3184,,,1711618207
12196692,4221,3168,,,,1711534465
12196693,3107,3029,3240,,,1711542415
12196694,1811,2483,3491,,,1711544287
12196695,4505,3176,2373,,,1711558102
12196696,2156,3650,1846,,,1711529076
12196697,2845,1754,,,,1711534276
12196698,2565,3915,3158,,,1711546025
12196712,2850,2997,,,,1711533571
12196713,1688,1794,1733,,,1711468692
12196755,2011,1546,,,,1711615496
12196780,2099,1955,,,,1711620403
12196799,3308,3714,2561,,,1711640975
12196819,2027,1823,,,,1711541963
12196820,2959,2325,2196,,,1711532232
12196821,1707,2500,,,,1711528521
12196822,2638,2529,,,,1711529708
12196823,1566,2462,3360,,,1711531649
12196824,3867,2020,,,,1711537026
12196825,2828,2435,,,,1711529552
12196862,1623,1410,,,,1711540995
12196863,3132,1837,,,,1711530367
12196864,2472,2462,,,,1711545690
12196865,3052,2386,,,,1711536203
12196866,2498,2767,,,,1711529312
12196867,3751,3011,1660,,,1711549524
12196868,2848,3813,2136,,,1711539411
12196869,2753,1636,,,,1711541580
12196870,1882,2941,,,,1711528879
12196871,3940,3581,,,,1711531075
12196872,2761,1232,,,,1711538504
12196873,2071,2568,,,,1711535248
12196874,1968,2245,,,,1711542831
12196875,3424,2736,2213,,,1711550541
12196876,2636,2878,,,,1711548613
12196877,3263,2437,,,,1711551969
12196940,4669,2812,,,,1711544782
12196943,3296,1947,,,,1711544608
12196944,2554,4492,4275,,,1711546097
12196945,1709,2605,,,,1711528825
12196951,3115,3027,,,,1711530222
12196955,3109,1443,2967,,,1711536853
12196960,5006,2324,4008,,,1711534870
12196963,2210,3149,,,,1711535062
12197068,4344,2992,2134,,,1711545175
12197206,2786,2173,3700,,,1711541749
12197207,3461,4680,,,,1711534360
12197279,2748,3098,4213,,,1711552076
12197280,1824,1674,,,,1711550551
12197281,2478,4841,,,,1711557081
12197282,3241,3980,2870,,,1711543545
12197283,3389,2245,2669,,,1711549579
12197284,3450,3710,2555,,,1711544971
12197285,1969,2233,,,,1711540768
12197295,2029,2364,,,,1711617514
12197356,3380,2870,3966,,,1711636997
12197357,3211,58599,,,,1711559447
12197358,2987,1909,,,,1711636942
12197359,5241,57399,,,,1711559603
12197360,57182,2619,3387,,,1711618436
12197361,1809,2495,,,,1711547101
12197362,4630,3467,,,,1711553851
12197363,2523,3336,4533,,,1711628707
12197364,,,,,,1711551320
12197510,1464,1868,,,,1711532028
12197543,1625,2745,,,,1711541094
12197544,2282,1995,,,,1711535456
12197545,2586,3341,2168,,,1711554998
12197546,3318,4212,2132,,,1711552252
12197547,4461,4675,2202,,,1711536444
12197549,1973,2208,,,,1711529188
12197550,2690,2379,3693,,,1711543512
12197551,1778,2038,,,,1711560334
12197552,4060,1541,,,,1711545046
12197553,2297,3069,,,,1711557454
12197554,1869,1997,,,,1711538312
12197555,3678,3493,2424,,,1711555272
12197556,3240,3910,3639,,,1711564996
12197557,1597,2651,,,,1711529355
12197558,2342,2438,3654,,,1711532068
12197559,2293,2756,4140,,,1711552909
12197658,1875,3021,,,,1711532525
12197675,4016,3253,3628,,,1711631209
12197682,2235,3611,,,,1711532511
12197693,2119,3417,,,,1711539957
12197694,1728,3596,,,,1711550319
12197695,2436,2107,,,,1711550581
12197696,3509,2542,,,,1711544613
12197697,2777,2550,,,,1711537082
12197698,1927,1541,,,,1711545970
12197699,3671,2540,,,,1711534473
12197700,1425,1882,,,,1711531887
12197705,2037,2912,3403,,,1711629403
12197710,3995,3790,,,,1711635513
12197713,2787,3285,,,,1711541713
12197715,1685,,,,,1711532283
12197786,3180,4963,,,,1711630504
12197793,2435,1977,,,,1711615866
12197816,2832,2460,2718,,,1711568695
12197819,3143,3782,,,,1711534123
12197827,2957,4001,1928,,,1711547302
12197833,1828,1753,,,,1711536841
12197834,2762,2301,,,,1711626187
12197835,5201,3770,,,,1711626246
12197843,2046,2147,,,,1711556792
12197935,2634,5457,18048,,,1711554073
12197936,3707,4433,5538,,,1711551000
12197938,3374,3585,3603,,,1711583496
12197939,1441,6122,2099,,,1711552456
12197940,13584,3374,,,,1711568177
12197941,15110,6228,,,,1711567068
12198024,2518,3144,1828,,,1711543427
12198140,3152,3373,,,,1711622801
12198151,2111,4398,,,,1711618130
12198172,1458,1317,,,,1711542917
12198199,2510,2938,2326,,,1711626051
12198200,2736,2865,,,,1711630863
12198207,2705,2783,,,,1711551280
12198305,2887,2627,,,,1711552538
12198306,3987,2330,,,,1711547495
12198307,3464,2961,,,,1711556317
12198308,1541,2270,,,,1711555350
12198309,2226,2357,,,,1711545564
12198310,4048,3375,3424,,,1711564625
12198311,,,,,,1711543529
12198312,1884,1999,5617,,,1711547147
12198657,2622,2162,,,,1711595638
12198752,3692,3104,,,,1711591903
12198754,4379,2478,,,,1711521751
12198755,3734,2436,,,,1711523532
12198756,2734,2261,1410,,,1711522551
12198757,2671,1394,1750,,,1711528809
12198758,1705,2940,,,,1711523484
12198759,5043,4337,,,,1711525949
12198760,1718,2230,2230,,,1711521590
12198791,2913,3817,3856,,,1711594937
12198870,2396,3335,1782,,,1711593769
12198872,2225,4208,,,,1711591248
12198890,3275,2032,3642,,,1711595476
12198931,2450,1675,,,,1711596200
12198932,1414,3644,,,,1711600779
12198961,1831,1924,,,,1711589932
12199138,3048,7660,,,,1711602905
12199144,2490,2042,,,,1711590844
12199155,2531,2756,,,,1711598409
12199156,2884,2316,7287,,,1711602070
12199211,4999,4146,,,,1711623429
12199234,2500,4080,2457,,,1711622356
12199342,4295,3104,,,,1711600839
12199352,3787,2503,2837,,,1711595354
12199364,2350,2739,,,,1711611962
12199375,,,,,,1711619564
12199376,2738,4280,,,,1711616230
12199384,2571,3155,,,,1711615927
12199385,2547,7037,1535,,,1711609102
12199391,3426,2425,3024,,,1711619707
12199435,2982,4251,,,,1711616533
12199463,2684,4745,2379,,,1711621279
12199491,2047,2260,,,,1711615375
12199570,2673,2527,,,,1711621614
12199571,3293,2525,,,,1711613032
12199587,3764,3246,,,,1711617395
12199593,3730,2149,,,,1711621890
12199594,1894,2248,,,,1711629656
12199595,2808,2711,,,,1711619787
12199613,1559,1561,,,,1711611421
12199614,4129,2191,5204,,,1711625828
12199615,2358,2071,,,,1711619168
12199616,3990,2508,,,,1711624879
12199625,5131,2556,,,,1711624041
12199628,1541,201,,,,1711624657
12199634,2473,2447,,,,1711624732
12199639,3095,3611,,,,1711616555
12199640,3562,3789,,,,1711613657
12199646,2914,3140,1702,,,1711629201
12199662,2127,3993,2788,,,1711619994
12199666,2520,2943,,,,1711547739
12199667,2455,1971,3677,,,1711629706
12199668,3901,2503,,,,1711614120
12199670,2545,3912,,,,1711612115
12199671,,,,,,
12199672,2573,2042,,,,1711624108
12199673,3115,2469,,,,1711622210
12199675,3811,3253,4437,,,1711620763
12199697,2590,2879,,,,1711626134
12199698,2117,2390,,,,1711615352
12199708,2609,2065,2613,,,1711614687
12199709,1632,2014,,,,1711615286
12199711,2721,3238,4193,,,1711623551
12199712,2262,3261,,,,1711626460
12199716,1870,2449,2211,,,1711637081
12199717,4571,2667,,,,1711633525
12199728,3607,3809,,,,1711628782
12199768,2133,2232,,,,1711624119
12199769,3488,2829,3014,,,1711619556
12199774,4150,2402,,,,1711627568
12199775,2811,2673,,,,1711627134
12199776,3248,2709,3984,,,1711622917
12199780,,,,,,1711616703
12199781,3763,3467,2406,,,1711635273
12199786,2297,3487,,,,1711625039
12199787,2168,2925,,,,1711630249
12199789,2851,1903,,,,1711616275
12199809,2037,799,,,,1711618565
12199810,3510,2921,,,,1711620816
12199813,3066,4536,,,,1711618735
12199815,1920,2452,,,,1711620338
12199817,2857,3317,,,,1711628650
12199818,5107,2769,2101,,,1711636418
12199822,2370,1872,,,,1711619526
12199823,3708,3327,,,,1711631932
12199845,2362,3628,,,,1711569247
12199850,4350,2874,3386,,,1711622672
12199860,5318,3233,,,,1711630511
12199863,3433,1967,,,,1711616588
12199865,3791,3187,4449,,,1711631435
12199902,3255,1791,,,,1711622089
12199938,2260,1637,,,,1711626133
12199997,2417,3413,2714,,,1711625172
12199998,4353,2112,4063,,,1711631516
12200027,3161,4530,3043,,,1711635901
12200040,2169,2212,,,,1711615508
12200065,2838,2330,,,,1711626953
12200102,2011,1555,2604,,,1711634238
12200135,2791,3825,,,,1711635080
12200174,2757,4824,,,,1711617747
12200176,1355,620,,,,1711621093
12200185,3650,2212,,,,1711622146
12200217,2567,2320,,,,1711616077
12200218,2204,3694,,,,1711636452
12200225,2669,2572,3772,,,1711634579
12200286,3593,5113,2929,,,1711637360
12200287,2633,2730,3544,,,1711623731
12200336,2638,2412,,,,1711616204
12200520,1579,2062,,,,1711571883
12200526,4207,2649,,,,1711623592
12201735,2402,4522,,,,1711627770
12201886,3950,3456,,,,1711638209
12156287,2445,2045,,,,1711676715
12156288,1782,2497,2845,,,1711585138
12156290,2144,2648,,,,1711561504
12156346,3066,1699,4441,,,1711657848
12157164,2334,3547,,,,1711648196
12157165,2977,2601,,,,1711670446
12157170,3158,2355,,,,1711569845
12157175,1962,4103,,,,1711591351
12173696,3092,2190,,,,1711622256
12173697,2622,737,,,,1711628483
12173698,2864,3949,,,,1711621821
12173699,3975,2773,2831,,,1711721368
12173702,3470,2570,,,,1711636153
12173703,2678,2217,,,,1711629360
12173704,4513,3502,,,,1711639402
12173706,,,,,,1711624075
12173708,3791,2520,,,,1711710747
12173713,3822,2307,3235,,,1711652219
12173948,1782,3029,5638,,,1711708132
12173949,4507,1574,3016,,,1711623115
12173951,3343,2261,2774,,,1711632914
12173952,4290,1935,,,,1711716757
12173953,3513,2162,2909,,,1711642585
12173955,2940,3021,2554,,,1711720700
12173957,,,,,,1711620972
12173962,2034,3792,1822,,,1711709513
12173990,2419,1497,,,,1711572787
12173992,1612,4125,,,,1711564664
12173993,1982,2329,,,,1711673332
12173995,1805,1463,2637,,,1711566306
12173998,3458,1890,,,,1711588293
12173999,3089,2439,,,,1711652447
12174000,3935,3141,2497,,,1711686914
12174002,2615,3420,,,,1711659574
12174249,1778,3817,,,,1711636627
12174251,3673,2308,,,,1711552165
12174252,,,,,,1711550464
12174255,2313,2501,3132,,,1711665562
12174256,3813,3407,3677,,,1711579805
12174258,2650,2557,2803,,,1711656468
12174259,2131,2639,4826,,,1711560383
12174260,1511,3505,3344,,,1711646792
12174391,2151,2652,,,,1711640786
12174394,2373,1816,1160,,,1711674213
12174395,2303,2255,,,,1711658644
12174396,2868,1529,,,,1711647260
12174403,3701,1434,,,,1711624916
12174404,2165,3828,,,,1711615312
12174405,3089,2528,,,,1711624855
12174406,2019,3921,2474,,,1711705632
12174407,1569,1116,,,,1711614934
12174409,4320,3336,,,,1711617561
12174410,3090,3531,,,,1711717698
12174411,2150,3624,,,,1711622374
12174413,2440,4729,,,,1711615707
12174414,2315,2682,2466,,,1711622300
12174415,3785,2417,,,,1711703740
12174416,2509,2099,,,,1711711565
12174430,,,,,,1711569877
12174436,1709,1587,2407,,,1711676224
12174437,2109,2517,,,,1711661653
12174438,1546,4366,3006,,,1711655504
12174440,2126,2723,3939,,,1711596149
12174441,1920,4219,,,,1711651273
12174442,2042,2209,,,,1711565050
12174443,4254,2880,4757,,,1711575640
12189037,3035,26199,,,,1711538585
12189038,2414,5200,2000,,,1711637696
12189046,2904,1758,3624,,,1711621615
12190263,3061,3326,5359,,,1711556935
12191327,2980,2352,,,,1711577975
12191330,1141,1959,,,,1711567462
12191332,2121,1921,,,,1711554272
12191334,,,,,,
12191335,,,,,,
12191336,1853,3063,,,,1711553818
12191337,,,,,,1711558151
12191338,1535,3400,,,,1711558612
12193465,,,,,,1711473620
12193466,,,,,,1711538135
12193468,3308,3163,,,,1711620054
12193966,8099,686,,,,1711630315
12194154,,,,,,1711488853
12194807,3012,5782,60517,,,1711489164
12194815,3120,3644,63498,,,1711491015
12195201,2466,1885,,,,1711545445
12195205,2380,3803,,,,1711611987
12195218,2133,4322,,,,1711550426
12195233,2611,1483,,,,1711544445
12195238,2503,2205,,,,1711545190
12195240,1680,2516,,,,1711547040
12195247,1586,3829,2365,,,1711555568
12195257,3171,1061,,,,1711557365
12195279,1620,2551,,,,1711555736
12195288,1666,4638,,,,1711549119
12195295,3537,5118,,,,1711643288
12195781,2542,125538,,,,1711590537
12195782,3769,1332,3803,,,1711571890
12195783,2961,5441,,,,1711547895
12195793,,,,,,
12195794,4184,2389,,,,1711622044
12195795,3328,2063,,,,1711555060
12195807,1784,4777,1746,,,1711548134
12195810,2599,2279,,,,1711553221
12196479,2158,2475,3443,,,1711624404
12196582,2386,3018,3151,,,1711618878
12196599,2585,1815,3184,,,1711618207
12196695,4505,3176,2373,,,1711558102
12196755,2011,1546,,,,1711615496
12196780,2099,1955,,,,1711620403
12196799,3308,3714,2561,,,1711640975
12196864,2472,2462,,,,1711545690
12196867,3751,3011,1660,,,1711549524
12196875,3424,2736,2213,,,1711550541
12196876,2636,2878,,,,1711548613
12196877,3263,2437,,,,1711551969
12197279,2748,3098,4213,,,1711552076
12197280,1824,1674,,,,1711550551
12197281,2478,4841,,,,1711557081
12197283,3389,2245,2669,,,1711549579
12197295,2029,2364,,,,1711617514
12197356,3380,2870,3966,,,1711636997
12197357,3211,58599,,,,1711559447
12197358,2987,1909,,,,1711636942
12197359,5241,57399,,,,1711559603
12197360,57182,2619,3387,,,1711618436
12197361,1809,2495,,,,1711547101
12197362,4630,3467,,,,1711553851
12197363,2523,3336,4533,,,1711628707
12197364,,,,,,1711551320
12197545,2586,3341,2168,,,1711554998
12197546,3318,4212,2132,,,1711552252
12197551,1778,2038,,,,1711560334
12197552,4060,1541,,,,1711545046
12197553,2297,3069,,,,1711557454
12197555,3678,3493,2424,,,1711555272
12197556,3240,3910,3639,,,1711564996
12197559,2293,2756,4140,,,1711552909
12197675,4016,3253,3628,,,1711631209
12197681,3700,2058,,,,1711640152
12197694,1728,3596,,,,1711550319
12197695,2436,2107,,,,1711550581
12197698,1927,1541,,,,1711545970
12197705,2037,2912,3403,,,1711629403
12197710,3995,3790,,,,1711635513
12197786,3180,4963,,,,1711630504
12197793,2435,1977,,,,1711615866
12197816,2832,2460,2718,,,1711568695
12197834,2762,2301,,,,1711626187
12197835,5201,3770,,,,1711626246
12197843,2046,2147,,,,1711556792
12197935,2634,5457,18048,,,1711554073
12197936,3707,4433,5538,,,1711551000
12197937,4042,2522,,,,1711718369
12197938,3374,3585,3603,,,1711583496
12197939,1441,6122,2099,,,1711552456
12197940,13584,3374,,,,1711568177
12197941,15110,6228,,,,1711567068
12197942,1772,4783,,,,1711719311
12198115,3470,3365,,,,1711650357
12198140,3152,3373,,,,1711622801
12198151,2111,4398,,,,1711618130
12198172,1458,1317,,,,1711542917
12198199,2510,2938,2326,,,1711626051
12198200,2736,2865,,,,1711630863
12198207,2705,2783,,,,1711551280
12198305,2887,2627,,,,1711552538
12198306,3987,2330,,,,1711547495
12198307,3464,2961,,,,1711556317
12198308,1541,2270,,,,1711555350
12198309,2226,2357,,,,1711545564
12198310,4048,3375,3424,,,1711564625
12198311,,,,,,1711543529
12198312,1884,1999,5617,,,1711547147
12198657,2622,2162,,,,1711595638
12198752,3692,3104,,,,1711591903
12198791,2913,3817,3856,,,1711594937
12198870,2396,3335,1782,,,1711593769
12198872,2225,4208,,,,1711591248
12198890,3275,2032,3642,,,1711595476
12198931,2450,1675,,,,1711596200
12198932,1414,3644,,,,1711600779
12198961,1831,1924,,,,1711589932
12199138,3048,7660,,,,1711602905
12199144,2490,2042,,,,1711590844
12199155,2531,2756,,,,1711598409
12199156,2884,2316,7287,,,1711602070
12199211,4999,4146,,,,1711623429
12199234,2500,4080,2457,,,1711622356
12199342,4295,3104,,,,1711600839
12199352,3787,2503,2837,,,1711595354
12199364,2350,2739,,,,1711611962
12199375,,,,,,1711619564
12199376,2738,4280,,,,1711616230
12199384,2571,3155,,,,1711615927
12199385,2547,7037,1535,,,1711609102
12199391,3426,2425,3024,,,1711619707
12199435,2982,4251,,,,1711616533
12199463,2684,4745,2379,,,1711621279
12199491,2047,2260,,,,1711615375
12199570,2673,2527,,,,1711621614
12199571,3293,2525,,,,1711613032
12199587,3764,3246,,,,1711617395
12199593,3730,2149,,,,1711621890
12199594,1894,2248,,,,1711629656
12199595,2808,2711,,,,1711619787
12199611,1970,2148,,,,1711641016
12199613,1559,1561,,,,1711611421
12199614,4129,2191,5204,,,1711625828
12199615,2358,2071,,,,1711619168
12199616,3990,2508,,,,1711624879
12199623,2615,1755,,,,1711652914
12199625,5131,2556,,,,1711624041
12199626,2157,1538,,,,1711651455
12199628,1541,201,,,,1711624657
12199634,2473,2447,,,,1711624732
12199639,3095,3611,,,,1711616555
12199640,3562,3789,,,,1711613657
12199646,2914,3140,1702,,,1711629201
12199662,2127,3993,2788,,,1711619994
12199666,2520,2943,,,,1711547739
12199667,2455,1971,3677,,,1711629706
12199668,3901,2503,,,,1711614120
12199670,2545,3912,,,,1711612115
12199671,,,,,,
12199672,2573,2042,,,,1711624108
12199673,3115,2469,,,,1711622210
12199675,3811,3253,4437,,,1711620763
12199676,1515,3252,,,,1711638001
12199697,2590,2879,,,,1711626134
12199698,2117,2390,,,,1711615352
12199708,2609,2065,2613,,,1711614687
12199709,1632,2014,,,,1711615286
12199711,2721,3238,4193,,,1711623551
12199712,2262,3261,,,,1711626460
12199716,1870,2449,2211,,,1711637081
12199717,4571,2667,,,,1711633525
12199728,3607,3809,,,,1711628782
12199768,2133,2232,,,,1711624119
12199769,3488,2829,3014,,,1711619556
12199774,4150,2402,,,,1711627568
12199775,2811,2673,,,,1711627134
12199776,3248,2709,3984,,,1711622917
12199780,,,,,,1711616703
12199781,3763,3467,2406,,,1711635273
12199786,2297,3487,,,,1711625039
12199787,2168,2925,,,,1711630249
12199789,2851,1903,,,,1711616275
12199809,2037,799,,,,1711618565
12199810,3510,2921,,,,1711620816
12199813,3066,4536,,,,1711618735
12199815,1920,2452,,,,1711620338
12199817,2857,3317,,,,1711628650
12199818,5107,2769,2101,,,1711636418
12199821,3314,5957,3727,,,1711651434
12199822,2370,1872,,,,1711619526
12199823,3708,3327,,,,1711631932
12199845,2362,3628,,,,1711569247
12199850,4350,2874,3386,,,1711622672
12199860,5318,3233,,,,1711630511
12199863,3433,1967,,,,1711616588
12199865,3791,3187,4449,,,1711631435
12199902,3255,1791,,,,1711622089
12199937,2566,3036,4929,,,1711642125
12199938,2260,1637,,,,1711626133
12199997,2417,3413,2714,,,1711625172
12199998,4353,2112,4063,,,1711631516
12200027,3161,4530,3043,,,1711635901
12200040,2169,2212,,,,1711615508
12200065,2838,2330,,,,1711626953
12200102,2011,1555,2604,,,1711634238
12200135,2791,3825,,,,1711635080
12200174,2757,4824,,,,1711617747
12200176,1355,620,,,,1711621093
12200185,3650,2212,,,,1711622146
12200217,2567,2320,,,,1711616077
12200218,2204,3694,,,,1711636452
12200224,2252,3158,,,,1711646458
12200225,2669,2572,3772,,,1711634579
12200251,2340,2471,,,,1711642275
12200286,3593,5113,2929,,,1711637360
12200287,2633,2730,3544,,,1711623731
12200336,2638,2412,,,,1711616204
12200520,1579,2062,,,,1711571883
12200526,4207,2649,,,,1711623592
12201259,1842,2781,3063,,,1711692117
12201260,2150,2168,,,,1711695997
12201279,2369,2429,2257,,,1711691949
12201307,3094,3100,3879,,,1711693744
12201308,1842,2351,2467,,,1711691755
12201395,5072,5010,5847,,,1711704106
12201399,2250,2723,2513,,,1711699980
12201400,2257,1616,2018,,,1711698199
12201722,,,,,,1711698006
12201735,2402,4522,,,,1711627770
12201738,3572,3123,3054,,,1711713068
12201760,3364,2671,,,,1711713109
12201761,1803,2142,,,,1711705097
12201764,4389,2291,2305,,,1711706666
12201825,3287,3751,,,,1711701260
12201870,2694,1994,,,,1711702444
12201871,3536,2765,,,,1711706775
12201878,4124,2081,2224,,,1711711867
12201886,3950,3456,,,,1711638209
12201895,2816,2052,2915,,,1711708490
12201902,3542,4402,,,,1711707225
12201922,3314,4343,,,,1711703132
12201935,2716,3095,,,,1711712241
12201937,2621,2252,,,,1711702494
12201942,2872,4802,2729,,,1711718343
12201943,3870,3900,2783,,,1711715604
12201991,,,,,,1711705333
12201992,3679,2911,,,,1711706812
12201993,3575,3615,,,,1711701798
12202009,2602,3754,4659,,,1711712669
12202015,3311,2394,,,,1711705154
12202016,4400,3559,,,,1711713470
12202020,4356,4122,1501,,,1711707023
12202026,3014,1769,2381,,,1711710356
12202027,3045,3049,3446,,,1711714663
12202028,,,,,,1711699900
12202043,5153,3641,3551,,,1711712617
12202056,3290,1003,,,,1711702990
12202071,2647,2275,,,,1711706067
12202079,3226,3242,,,,1711705388
12202099,2263,2302,,,,1711702145
12202104,4149,2564,3099,,,1711712393
12202129,1858,2001,,,,1711719163
12202135,2178,5297,4041,,,1711648821
12202150,2658,3141,,,,1711717473
12202164,1752,1687,,,,1711705071
12202168,3662,3294,3547,,,1711708768
12202193,3408,3360,,,,1711720894
12202194,4060,3468,3278,,,1711709455
12202196,2442,3392,,,,1711707941
12202198,2246,1721,,,,1711701882
12202206,2923,4052,2282,,,1711712590
12202254,3232,2428,3356,,,1711720962
12202269,3308,3580,,,,1711710346
12202270,3571,3938,2877,,,1711718592
12202290,4242,3381,,,,1711716459
12202313,3483,3204,,,,1711705400
12202337,2081,2532,2803,,,1711708274
12202340,2033,2392,2755,,,1711717030
12202343,4659,4840,,,,1711718909
12202379,2286,2329,,,,1711704106
12202575,3950,2562,,,,1711721899
12202650,3994,2587,2632,,,1711723276
12202711,2627,2033,,,,1711709614
12205115,,,,,,
12205184,2555,1782,2531,,,1711725489
12156287,2445,2045,,,,1711676715
12156346,3066,1699,4441,,,1711657848
12157164,2334,3547,,,,1711648196
12157165,2977,2601,,,,1711670446
12157166,2635,3991,2801,,,1711760509
12157174,2012,2187,,,,1711741795
12173699,3975,2773,2831,,,1711721368
12173701,2332,2381,,,,1711727915
12173702,3470,2570,,,,1711636153
12173704,4513,3502,,,,1711639402
12173705,,,,,,1711697783
12173707,2827,2332,,,,1711796473
12173708,3791,2520,,,,1711710747
12173713,3822,2307,3235,,,1711652219
12173714,3006,4196,,,,1711803656
12173948,1782,3029,5638,,,1711708132
12173952,4290,1935,,,,1711716757
12173953,3513,2162,2909,,,1711642585
12173954,2114,2551,2109,,,1711742841
12173955,2940,3021,2554,,,1711720700
12173956,3558,2214,2448,,,1711730182
12173958,2360,2841,1540,,,1711735739
12173959,1727,3490,,,,1711723462
12173960,2581,2545,2344,,,1711808074
12173962,2034,3792,1822,,,1711709513
12173991,2573,739,,,,1711734712
12173993,1982,2329,,,,1711673332
12173994,2678,3560,,,,1711740178
12173996,2875,3751,2996,,,1711760167
12173999,3089,2439,,,,1711652447
12174000,3935,3141,2497,,,1711686914
12174002,2615,3420,,,,1711659574
12174003,2703,2952,,,,1711749236
12174249,1778,3817,,,,1711636627
12174250,2596,3785,5081,,,1711810495
12174253,3291,2148,,,,1711743152
12174255,2313,2501,3132,,,1711665562
12174257,1837,2203,2326,,,1711736410
12174258,2650,2557,2803,,,1711656468
12174260,1511,3505,3344,,,1711646792
12174261,2912,4404,,,,1711726328
12174391,2151,2652,,,,1711640786
12174394,2373,1816,1160,,,1711674213
12174395,2303,2255,,,,1711658644
12174396,2868,1529,,,,1711647260
12174406,2019,3921,2474,,,1711705632
12174408,3712,3566,,,,1711795598
12174410,3090,3531,,,,1711717698
12174412,1819,2742,,,,1711788024
12174415,3785,2417,,,,1711703740
12174416,2509,2099,,,,1711711565
12174434,1680,2001,,,,1711750144
12174435,3032,2573,,,,1711760382
12174436,1709,1587,2407,,,1711676224
12174437,2109,2517,,,,1711661653
12174438,1546,4366,3006,,,1711655504
12174439,1890,2502,3377,,,1711740188
12174441,1920,4219,,,,1711651273
12174444,2332,2885,,,,1711746975
12189038,2414,5200,2000,,,1711637696
12195295,3537,5118,,,,1711643288
12195781,2542,125538,,,,1711590537
12195785,1778,2461,2753,,,1711743408
12195787,2219,2301,3883,,,1711764622
12196799,3308,3714,2561,,,1711640975
12197356,3380,2870,3966,,,1711636997
12197358,2987,1909,,,,1711636942
12197681,3700,2058,,,,1711640152
12197710,3995,3790,,,,1711635513
12197937,4042,2522,,,,1711718369
12197942,1772,4783,,,,1711719311
12197943,2856,2263,2172,,,1711727915
12198115,3470,3365,,,,1711650357
12199611,1970,2148,,,,1711641016
12199623,2615,1755,,,,1711652914
12199626,2157,1538,,,,1711651455
12199676,1515,3252,,,,1711638001
12199716,1870,2449,2211,,,1711637081
12199717,4571,2667,,,,1711633525
12199787,2168,2925,,,,1711630249
12199818,5107,2769,2101,,,1711636418
12199821,3314,5957,3727,,,1711651434
12199823,3708,3327,,,,1711631932
12199937,2566,3036,4929,,,1711642125
12199969,2437,2769,2562,,,1711730934
12200027,3161,4530,3043,,,1711635901
12200102,2011,1555,2604,,,1711634238
12200135,2791,3825,,,,1711635080
12200218,2204,3694,,,,1711636452
12200224,2252,3158,,,,1711646458
12200225,2669,2572,3772,,,1711634579
12200251,2340,2471,,,,1711642275
12200286,3593,5113,2929,,,1711637360
12200595,3008,2706,3118,,,1711745490
12200622,1933,4114,2695,,,1711738154
12200656,3583,3708,3063,,,1711746476
12201259,1842,2781,3063,,,1711692117
12201260,2150,2168,,,,1711695997
12201279,2369,2429,2257,,,1711691949
12201307,3094,3100,3879,,,1711693744
12201308,1842,2351,2467,,,1711691755
12201395,5072,5010,5847,,,1711704106
12201399,2250,2723,2513,,,1711699980
12201400,2257,1616,2018,,,1711698199
12201722,,,,,,1711698006
12201738,3572,3123,3054,,,1711713068
12201760,3364,2671,,,,1711713109
12201761,1803,2142,,,,1711705097
12201764,4389,2291,2305,,,1711706666
12201825,3287,3751,,,,1711701260
12201870,2694,1994,,,,1711702444
12201871,3536,2765,,,,1711706775
12201878,4124,2081,2224,,,1711711867
12201886,3950,3456,,,,1711638209
12201895,2816,2052,2915,,,1711708490
12201902,3542,4402,,,,1711707225
12201922,3314,4343,,,,1711703132
12201935,2716,3095,,,,1711712241
12201937,2621,2252,,,,1711702494
12201942,2872,4802,2729,,,1711718343
12201943,3870,3900,2783,,,1711715604
12201991,,,,,,1711705333
12201992,3679,2911,,,,1711706812
12201993,3575,3615,,,,1711701798
12202009,2602,3754,4659,,,1711712669
12202015,3311,2394,,,,1711705154
12202016,4400,3559,,,,1711713470
12202020,4356,4122,1501,,,1711707023
12202026,3014,1769,2381,,,1711710356
12202027,3045,3049,3446,,,1711714663
12202028,,,,,,1711699900
12202043,5153,3641,3551,,,1711712617
12202056,3290,1003,,,,1711702990
12202071,2647,2275,,,,1711706067
12202079,3226,3242,,,,1711705388
12202099,2263,2302,,,,1711702145
12202104,4149,2564,3099,,,1711712393
12202129,1858,2001,,,,1711719163
12202135,2178,5297,4041,,,1711648821
12202150,2658,3141,,,,1711717473
12202164,1752,1687,,,,1711705071
12202168,3662,3294,3547,,,1711708768
12202181,3971,1894,,,,1711728917
12202193,3408,3360,,,,1711720894
12202194,4060,3468,3278,,,1711709455
12202196,2442,3392,,,,1711707941
12202198,2246,1721,,,,1711701882
12202206,2923,4052,2282,,,1711712590
12202254,3232,2428,3356,,,1711720962
12202269,3308,3580,,,,1711710346
12202270,3571,3938,2877,,,1711718592
12202290,4242,3381,,,,1711716459
12202313,3483,3204,,,,1711705400
12202323,2413,2936,,,,1711728103
12202337,2081,2532,2803,,,1711708274
12202340,2033,2392,2755,,,1711717030
12202343,4659,4840,,,,1711718909
12202379,2286,2329,,,,1711704106
12202498,2025,548,,,,1711730645
12202575,3950,2562,,,,1711721899
12202650,3994,2587,2632,,,1711723276
12202671,2921,2543,2334,,,1711727070
12202711,2627,2033,,,,1711709614
12202717,2321,2296,2003,,,1711740627
12202754,2658,2839,2498,,,1711735737
12202800,5126,4641,3517,,,1711736282
12203813,2348,2186,,,,1711763262
12203927,1577,4227,,,,1711762748
12204459,1695,3001,,,,1711764470
12204495,3517,2605,,,,1711789874
12204496,1685,2932,,,,1711788009
12205083,2499,2373,2441,,,1711789901
12205084,3269,2479,3141,,,1711792200
12205085,2305,1935,,,,1711786857
12205115,,,,,,
12205135,3542,2474,2321,,,1711792151
12205139,1635,4322,,,,1711766247
12205140,1616,2563,1564,,,1711797679
12205151,1955,3598,2868,,,1711795627
12205152,3420,4223,,,,1711793048
12205184,2555,1782,2531,,,1711725489
12205193,1553,4624,,,,1711795133
12205194,4316,3784,,,,1711797497
12205212,2051,2399,,,,1711786203
12205219,2374,3100,2831,,,1711756113
12205231,4067,2126,,,,1711788555
12205243,3581,4210,,,,1711793965
12205253,1295,1685,,,,1711804198
12205332,3008,3419,2217,,,1711799827
12205333,2148,1341,2240,,,1711793094
12205348,2139,3334,1283,,,1711809793
12205363,2266,3239,,,,1711743660
12205365,3114,3358,,,,1711800714
12205367,3860,3080,3143,,,1711807180
12205483,2480,2406,4569,,,1711793047
12205517,1468,2994,,,,1711791389
12205581,3206,2409,,,,1711799902
12205668,2520,2861,,,,1711793916
12205758,3071,2366,,,,1711798850
12206039,2751,3550,,,,1711804231
12206040,2525,1429,,,,1711804179
12206041,2486,2560,3077,,,1711809153
12206044,,,,,,
12206157,3322,3979,,,,1711811031
12209124,2573,1724,,,,1711809320
12156295,3598,3713,,,,1711829300
12157166,2635,3991,2801,,,1711760509
12157174,2012,2187,,,,1711741795
12173699,3975,2773,2831,,,1711721368
12173700,3979,3519,,,,1711880093
12173701,2332,2381,,,,1711727915
12173705,,,,,,1711697783
12173707,2827,2332,,,,1711796473
12173714,3006,4196,,,,1711803656
12173950,2705,3034,2068,,,1711817413
12173954,2114,2551,2109,,,1711742841
12173955,2940,3021,2554,,,1711720700
12173956,3558,2214,2448,,,1711730182
12173958,2360,2841,1540,,,1711735739
12173959,1727,3490,,,,1711723462
12173960,2581,2545,2344,,,1711808074
12173991,2573,739,,,,1711734712
12173994,2678,3560,,,,1711740178
12173996,2875,3751,2996,,,1711760167
12173997,4041,2249,,,,1711838142
12174001,3208,3829,,,,1711822124
12174003,2703,2952,,,,1711749236
12174250,2596,3785,5081,,,1711810495
12174253,3291,2148,,,,1711743152
12174257,1837,2203,2326,,,1711736410
12174261,2912,4404,,,,1711726328
12174262,3215,2638,1786,,,1711833460
12174263,1936,3310,4392,,,1711821753
12174392,2670,2294,1157,,,1711839011
12174393,2039,2675,,,,1711813231
12174397,3017,83081,,,,1711746665
12174408,3712,3566,,,,1711795598
12174410,3090,3531,,,,1711717698
12174412,1819,2742,,,,1711788024
12174417,2638,3577,2664,,,1711889883
12174431,4795,3841,2179,,,1711850228
12174432,2731,2826,,,,1711830045
12174434,1680,2001,,,,1711750144
12174435,3032,2573,,,,1711760382
12174439,1890,2502,3377,,,1711740188
12174444,2332,2885,,,,1711746975
12195781,2542,125538,,,,1711590537
12195785,1778,2461,2753,,,1711743408
12195787,2219,2301,3883,,,1711764622
12197942,1772,4783,,,,1711719311
12197943,2856,2263,2172,,,1711727915
12199969,2437,2769,2562,,,1711730934
12200595,3008,2706,3118,,,1711745490
12200622,1933,4114,2695,,,1711738154
12200656,3583,3708,3063,,,1711746476
12202129,1858,2001,,,,1711719163
12202150,2658,3141,,,,1711717473
12202181,3971,1894,,,,1711728917
12202193,3408,3360,,,,1711720894
12202254,3232,2428,3356,,,1711720962
12202323,2413,2936,,,,1711728103
12202498,2025,548,,,,1711730645
12202575,3950,2562,,,,1711721899
12202650,3994,2587,2632,,,1711723276
12202671,2921,2543,2334,,,1711727070
12202717,2321,2296,2003,,,1711740627
12202754,2658,2839,2498,,,1711735737
12202800,5126,4641,3517,,,1711736282
12203813,2348,2186,,,,1711763262
12203927,1577,4227,,,,1711762748
12204459,1695,3001,,,,1711764470
12204495,3517,2605,,,,1711789874
12204496,1685,2932,,,,1711788009
12205083,2499,2373,2441,,,1711789901
12205084,3269,2479,3141,,,1711792200
12205085,2305,1935,,,,1711786857
12205115,,,,,,
12205135,3542,2474,2321,,,1711792151
12205139,1635,4322,,,,1711766247
12205140,1616,2563,1564,,,1711797679
12205151,1955,3598,2868,,,1711795627
12205152,3420,4223,,,,1711793048
12205184,2555,1782,2531,,,1711725489
12205193,1553,4624,,,,1711795133
12205194,4316,3784,,,,1711797497
12205212,2051,2399,,,,1711786203
12205219,2374,3100,2831,,,1711756113
12205231,4067,2126,,,,1711788555
12205243,3581,4210,,,,1711793965
12205253,1295,1685,,,,1711804198
12205332,3008,3419,2217,,,1711799827
12205333,2148,1341,2240,,,1711793094
12205348,2139,3334,1283,,,1711809793
12205363,2266,3239,,,,1711743660
12205365,3114,3358,,,,1711800714
12205367,3860,3080,3143,,,1711807180
12205483,2480,2406,4569,,,1711793047
12205516,1820,3464,2128,,,1711838585
12205517,1468,2994,,,,1711791389
12205581,3206,2409,,,,1711799902
12205668,2520,2861,,,,1711793916
12205758,3071,2366,,,,1711798850
12206003,2602,1747,,,,1711814533
12206038,2711,2367,,,,1711829167
12206039,2751,3550,,,,1711804231
12206040,2525,1429,,,,1711804179
12206041,2486,2560,3077,,,1711809153
12206043,3125,2296,,,,1711812045
12206044,,,,,,
12206045,1603,1193,,,,1711815372
12206046,2709,2781,4175,,,1711821180
12206048,2567,2185,,,,1711818202
12206051,3335,1842,,,,1711815537
12206066,2105,2868,,,,1711814458
12206157,3322,3979,,,,1711811031
12206193,5041,2271,,,,1711820017
12206194,1679,2212,3902,,,1711818968
12206197,2242,2315,2937,,,1711828334
12206198,2725,2763,,,,1711825894
12206199,1991,2068,,,,1711831712
12206200,3402,1894,2444,,,1711837458
12206201,2826,3791,,,,1711843633
12206202,2697,1679,,,,1711837941
12206489,3135,2561,,,,1711811241
12206497,2500,2498,,,,1711839856
12206498,1924,3246,3973,,,1711832502
12206499,3158,2021,2755,,,1711823704
12206500,2706,3616,,,,1711814078
12206501,3562,1546,,,,1711836922
12206502,3029,3901,,,,1711814295
12206503,3500,2248,2986,,,1711829535
12206504,1593,2221,,,,1711820719
12206505,1680,1563,,,,1711818052
12206506,1235,2771,,,,1711812605
12206507,3216,3094,2343,,,1711830593
12206508,1015,1609,,,,1711821647
12206509,2974,2723,1661,,,1711817000
12206510,1931,1674,,,,1711813195
12206511,2718,2319,2602,,,1711825140
12206512,1788,3545,,,,1711817321
12206513,1840,2480,,,,1711830964
12206514,1393,1831,,,,1711835806
12206515,2795,3574,,,,1711824551
12206516,1313,3697,2541,,,1711816300
12206517,1581,1887,,,,1711830574
12206518,2368,3298,,,,1711831437
12206519,2137,1918,,,,1711821929
12206520,1624,2003,,,,1711826312
12206521,3418,1555,1679,,,1711855869
12206522,,,,,,1711816102
12206548,2001,3046,,,,1711854764
12208925,2996,2531,,,,1711873710
12208950,2947,3364,,,,1711873886
12208973,2582,2293,3361,,,1711877601
12208979,3080,3653,,,,1711876041
12209066,1676,2295,,,,1711878052
12209100,,,,,,
12209101,,,,,,
12209102,,,,,,
12209103,,,,,,
12209104,,,,,,
12209105,,,,,,
12209106,,,,,,
12209107,,,,,,
12209108,,,,,,
12209109,,,,,,
12209110,1870,2935,,,,1711859989
12209111,3641,4001,,,,1711868546
12209112,2005,4558,,,,1711871873
12209113,1736,1990,,,,1711854742
12209114,,,,,,
12209115,2285,2158,,,,1711849790
12209116,3620,2398,4981,,,1711859022
12209117,,,,,,
12209118,,,,,,
12209119,1733,2580,,,,1711849254
12209120,,,,,,
12209121,,,,,,
12209122,,,,,,
12209123,2748,1868,,,,1711866345
12209124,2573,1724,,,,1711809320
12209125,2469,2812,,,,1711877056
12209126,4342,2215,,,,1711877505
12209128,2705,5750,1883,,,1711882976
12209167,2353,2776,,,,1711878763
12209242,1268,2140,,,,1711888115
12209299,3039,1919,,,,1711879134
12209491,1942,3260,,,,1711828043
12209492,2759,4035,3854,,,1711897364
12209493,,,,,,
12209494,,,,,,
12209495,,,,,,
12209496,,,,,,
12209497,,,,,,
12209498,,,,,,
12209499,,,,,,
12209500,,,,,,
12209501,,,,,,
12209502,,,,,,
12209503,,,,,,
12209504,,,,,,
12209505,,,,,,
12209506,,,,,,
12209507,,,,,,
12209508,,,,,,
12209509,,,,,,
12209510,,,,,,
12209511,,,,,,
12209512,,,,,,
12209513,,,,,,
12209514,,,,,,
12209515,,,,,,
12209516,,,,,,
12209517,,,,,,
12209518,,,,,,
12209519,,,,,,
12209520,,,,,,
12209521,,,,,,
12209522,,,,,,
12209523,,,,,,
12209524,,,,,,
12209525,,,,,,
12209526,,,,,,
12209527,,,,,,
12209528,,,,,,
12209529,,,,,,
12209530,,,,,,
12209531,,,,,,
12209532,,,,,,
12209533,,,,,,
12209534,,,,,,
12209535,,,,,,
12209536,,,,,,
12209537,,,,,,
12209538,,,,,,
12209539,,,,,,
12209540,,,,,,
12209541,,,,,,
12209542,,,,,,
12209543,,,,,,
12209544,,,,,,
12209545,,,,,,
12209546,,,,,,
12209547,,,,,,
12209548,,,,,,
12209549,,,,,,
12209550,,,,,,
12209551,,,,,,
12209552,,,,,,
12209553,,,,,,
12209554,,,,,,
12209555,,,,,,
12209556,,,,,,
12209557,,,,,,
12209558,,,,,,
12209559,,,,,,
12209560,,,,,,
12209561,,,,,,
12209602,,,,,,
12209603,,,,,,
12209604,,,,,,
12209605,,,,,,
12209606,,,,,,
12209607,,,,,,
12209608,,,,,,
12209609,,,,,,
12209610,,,,,,
12209611,,,,,,
12209612,,,,,,
12209613,,,,,,
12209614,,,,,,
12209615,,,,,,
12209616,,,,,,
12209617,,,,,,
12209618,,,,,,
12209619,,,,,,
12209620,,,,,,
12209621,,,,,,
12209622,,,,,,
12209623,,,,,,
12209624,,,,,,
12209625,,,,,,
12209626,,,,,,
12209627,,,,,,
12209628,,,,,,
12209629,,,,,,
12209630,,,,,,
12209631,,,,,,
12209632,,,,,,
12209638,,,,,,
12209639,,,,,,
12209640,,,,,,
12209641,,,,,,
12209642,,,,,,
12209643,,,,,,
12209644,,,,,,
12209645,,,,,,
12209646,,,,,,
12209647,,,,,,
12209648,,,,,,
12209649,,,,,,
12209650,,,,,,
12209651,,,,,,
12209652,,,,,,
12209653,,,,,,
12209654,,,,,,
12209655,,,,,,
12209656,,,,,,
12209657,,,,,,
12209659,,,,,,
12209660,,,,,,
12209682,1911,2014,,,,1711891152
12209683,1030,1861,,,,1711878856
12209684,1210,1373,,,,1711885846
12209685,1703,1565,,,,1711885587
12209686,1247,1445,,,,1711885138
12209687,1728,1514,,,,1711874104
12209688,2514,2480,,,,1711880396
12209689,2614,2495,,,,1711880608
12209690,1459,1715,,,,1711890043
12209691,1603,2031,,,,1711873624
12209692,1246,1512,,,,1711873973
12209693,1671,2141,,,,1711890194
12209694,875,1105,,,,1711889026
12209695,1848,2747,,,,1711885493
12209696,1517,2253,,,,1711874039
12209697,3102,2560,,,,1711881004
12209704,2369,6947,2000,,,1711893492
12209706,1967,8593,,,,1711886355
12209715,,,,,,
12209716,,,,,,
12209717,,,,,,
12209718,,,,,,
12209719,,,,,,
12209720,,,,,,
12209721,,,,,,
12209722,,,,,,
12209723,,,,,,
12209724,,,,,,
12209725,,,,,,
12209726,,,,,,
12209727,,,,,,
12209728,,,,,,
12209729,,,,,,
12209730,,,,,,
12209731,,,,,,
12209732,,,,,,
12209733,,,,,,
12209734,,,,,,
12209735,,,,,,
12209736,2059,3714,633,,,1711892412
12209737,1969,1582,,,,1711896159
12209739,1874,1582,,,,1711874578
12209740,1423,2347,,,,1711882048
12209741,1639,2927,,,,1711886791
12209742,2274,2378,,,,1711879267
12209743,1742,2219,,,,1711874032
12209744,1340,1625,,,,1711883870
12209745,,,,,,
12209747,1059,1986,,,,1711878015
12209748,1268,2312,,,,1711873755
12209749,1528,2794,,,,1711878683
12209750,1426,1176,,,,1711883590
12209756,,,,,,
12209757,,,,,,
12209758,,,,,,
12209759,,,,,,
12209760,,,,,,
12209761,,,,,,
12209762,,,,,,
12209763,,,,,,
12209764,1577,2539,,,,1711878939
12209765,2827,2765,2317,,,1711878327
12209766,2890,2047,,,,1711895056
12209767,4588,3827,,,,1711893757
12209768,3133,3558,,,,1711884599
12209769,2195,2394,2661,,,1711892305
12209770,3833,3043,,,,1711876841
12209771,1562,2404,,,,1711884021
12209772,1746,1705,,,,1711889534
12209773,1805,4015,,,,1711882602
12209774,1559,2311,,,,1711874224
12209776,,,,,,
12209777,,,,,,
12209778,,,,,,
12209779,,,,,,
12209780,,,,,,
12209781,,,,,,
12209782,,,,,,
12209783,,,,,,
12209784,,,,,,
12209785,,,,,,
12209786,,,,,,
12209787,,,,,,
12209788,,,,,,
12209789,,,,,,
12209790,,,,,,
12209791,,,,,,
12209792,,,,,,
12209793,,,,,,
12209794,,,,,,
12209795,,,,,,
12209796,,,,,,
12209797,,,,,,
12209798,,,,,,
12209799,,,,,,
12209800,,,,,,
12209801,,,,,,
12209802,,,,,,
12209803,,,,,,
12209804,,,,,,
12209805,,,,,,
12209806,,,,,,
12209807,,,,,,
12209808,,,,,,
12209809,,,,,,
12209810,,,,,,
12209811,,,,,,
12209812,,,,,,
12209813,,,,,,
12209814,,,,,,
12209815,,,,,,
12209816,,,,,,
12209818,,,,,,
12209927,2279,4856,2274,,,1711880101
12209928,2548,1581,,,,1711885887
12209930,,,,,,
12209932,,,,,,
12209933,,,,,,
12209934,,,,,,
12209935,,,,,,
12209936,,,,,,
12209937,,,,,,
12209938,,,,,,
12209939,,,,,,
12209940,,,,,,
12209941,,,,,,
12209942,,,,,,
12209943,,,,,,
12209944,,,,,,
12209945,,,,,,
12209946,,,,,,
12209947,,,,,,
12209948,,,,,,
12209949,,,,,,
12209950,,,,,,
12209951,,,,,,
12209952,,,,,,
12209953,,,,,,
12209954,,,,,,
12209955,,,,,,
12209956,,,,,,
12209957,,,,,,
12209958,,,,,,
12209959,,,,,,
12209960,2529,4333,,,,1711880987
12209961,,,,,,
12209962,,,,,,
12209963,2397,2346,,,,1711875124
12209964,2500,2520,,,,1711835413
12209965,,,,,,
12209968,1331,1573,,,,1711887810
12209970,2739,3167,,,,1711875425
12209972,1669,1256,,,,1711881216
12209973,3519,2534,,,,1711887138
12210068,1985,3817,,,,1711878052
12210069,2220,3321,1922,,,1711888536
12210070,2542,2195,2850,,,1711888282
12210071,3196,1716,,,,1711879632
12210101,2694,2893,1673,,,1711897507
12210103,2198,2695,2538,,,1711888352
12210106,3232,4618,2767,,,1711891264
12210110,,,,,,
12210252,,,,,,
12210253,,,,,,
12210254,,,,,,
12210255,,,,,,
12210256,,,,,,
12210257,,,,,,
12210258,,,,,,
12210259,,,,,,
12210260,,,,,,
12210261,,,,,,
12210262,,,,,,
12210263,,,,,,
12210264,,,,,,
12210266,,,,,,
12210267,,,,,,
12210268,,,,,,
12210391,1373,2616,,,,1711891982
12210397,2064,3080,3216,,,1711896030
12210401,1934,3219,,,,1711892464
12210417,1604,2628,,,,1711892246
12210418,4491,3255,3593,,,1711899093
12210419,,,,,,1711890551
12210427,2204,1748,,,,1711896043
12210870,,,,,,
12211254,,,,,,
12211255,,,,,,
12211320,,,,,,
12211380,,,,,,
12211394,2021,2410,6256,,,1711893044
12156295,3598,3713,,,,1711829300
12157171,2532,1855,,,,1711915233
12173700,3979,3519,,,,1711880093
12173714,3006,4196,,,,1711803656
12173950,2705,3034,2068,,,1711817413
12173960,2581,2545,2344,,,1711808074
12173961,3330,3326,2281,,,1711901209
12173997,4041,2249,,,,1711838142
12174001,3208,3829,,,,1711822124
12174004,2369,3689,3320,,,1711927620
12174250,2596,3785,5081,,,1711810495
12174254,2463,2675,,,,1711905572
12174262,3215,2638,1786,,,1711833460
12174263,1936,3310,4392,,,1711821753
12174392,2670,2294,1157,,,1711839011
12174393,2039,2675,,,,1711813231
12174397,3017,83081,,,,1711746665
12174417,2638,3577,2664,,,1711889883
12174431,4795,3841,2179,,,1711850228
12174432,2731,2826,,,,1711830045
12174433,1847,2177,,,,1711935608
12205253,1295,1685,,,,1711804198
12205348,2139,3334,1283,,,1711809793
12205516,1820,3464,2128,,,1711838585
12206003,2602,1747,,,,1711814533
12206038,2711,2367,,,,1711829167
12206039,2751,3550,,,,1711804231
12206040,2525,1429,,,,1711804179
12206041,2486,2560,3077,,,1711809153
12206043,3125,2296,,,,1711812045
12206044,,,,,,
12206045,1603,1193,,,,1711815372
12206046,2709,2781,4175,,,1711821180
12206048,2567,2185,,,,1711818202
12206051,3335,1842,,,,1711815537
12206066,2105,2868,,,,1711814458
12206157,3322,3979,,,,1711811031
12206193,5041,2271,,,,1711820017
12206194,1679,2212,3902,,,1711818968
12206197,2242,2315,2937,,,1711828334
12206198,2725,2763,,,,1711825894
12206199,1991,2068,,,,1711831712
12206200,3402,1894,2444,,,1711837458
12206201,2826,3791,,,,1711843633
12206202,2697,1679,,,,1711837941
12206489,3135,2561,,,,1711811241
12206497,2500,2498,,,,1711839856
12206498,1924,3246,3973,,,1711832502
12206499,3158,2021,2755,,,1711823704
12206500,2706,3616,,,,1711814078
12206501,3562,1546,,,,1711836922
12206502,3029,3901,,,,1711814295
12206503,3500,2248,2986,,,1711829535
12206504,1593,2221,,,,1711820719
12206505,1680,1563,,,,1711818052
12206506,1235,2771,,,,1711812605
12206507,3216,3094,2343,,,1711830593
12206508,1015,1609,,,,1711821647
12206509,2974,2723,1661,,,1711817000
12206510,1931,1674,,,,1711813195
12206511,2718,2319,2602,,,1711825140
12206512,1788,3545,,,,1711817321
12206513,1840,2480,,,,1711830964
12206514,1393,1831,,,,1711835806
12206515,2795,3574,,,,1711824551
12206516,1313,3697,2541,,,1711816300
12206517,1581,1887,,,,1711830574
12206518,2368,3298,,,,1711831437
12206519,2137,1918,,,,1711821929
12206520,1624,2003,,,,1711826312
12206521,3418,1555,1679,,,1711855869
12206522,,,,,,1711816102
12206548,2001,3046,,,,1711854764
12208925,2996,2531,,,,1711873710
12208950,2947,3364,,,,1711873886
12208973,2582,2293,3361,,,1711877601
12208979,3080,3653,,,,1711876041
12209066,1676,2295,,,,1711878052
12209100,,,,,,
12209101,,,,,,
12209102,,,,,,
12209103,,,,,,
12209104,,,,,,
12209105,,,,,,
12209106,,,,,,
12209107,,,,,,
12209108,,,,,,
12209109,,,,,,
12209110,1870,2935,,,,1711859989
12209111,3641,4001,,,,1711868546
12209112,2005,4558,,,,1711871873
12209113,1736,1990,,,,1711854742
12209114,,,,,,
12209115,2285,2158,,,,1711849790
12209116,3620,2398,4981,,,1711859022
12209117,,,,,,
12209118,,,,,,
12209119,1733,2580,,,,1711849254
12209120,,,,,,
12209121,,,,,,
12209122,,,,,,
12209123,2748,1868,,,,1711866345
12209124,2573,1724,,,,1711809320
12209125,2469,2812,,,,1711877056
12209126,4342,2215,,,,1711877505
12209128,2705,5750,1883,,,1711882976
12209167,2353,2776,,,,1711878763
12209242,1268,2140,,,,1711888115
12209299,3039,1919,,,,1711879134
12209491,1942,3260,,,,1711828043
12209492,2759,4035,3854,,,1711897364
12209493,,,,,,
12209494,,,,,,
12209495,,,,,,
12209496,,,,,,
12209497,,,,,,
12209498,,,,,,
12209499,,,,,,
12209500,,,,,,
12209501,,,,,,
12209502,,,,,,
12209503,,,,,,
12209504,,,,,,
12209505,,,,,,
12209506,,,,,,
12209507,,,,,,
12209508,,,,,,
12209509,,,,,,
12209510,,,,,,
12209511,,,,,,
12209512,,,,,,
12209513,,,,,,
12209514,,,,,,
12209515,,,,,,
12209516,,,,,,
12209517,,,,,,
12209518,,,,,,
12209519,,,,,,
12209520,,,,,,
12209521,,,,,,
12209522,,,,,,
12209523,,,,,,
12209524,,,,,,
12209525,,,,,,
12209526,,,,,,
12209527,,,,,,
12209528,,,,,,
12209529,,,,,,
12209530,,,,,,
12209531,,,,,,
12209532,,,,,,
12209533,,,,,,
12209534,,,,,,
12209535,,,,,,
12209536,,,,,,
12209537,,,,,,
12209538,,,,,,
12209539,,,,,,
12209540,,,,,,
12209541,,,,,,
12209542,,,,,,
12209543,,,,,,
12209544,,,,,,
12209545,,,,,,
12209546,,,,,,
12209547,,,,,,
12209548,,,,,,
12209549,,,,,,
12209550,,,,,,
12209551,,,,,,
12209552,,,,,,
12209553,,,,,,
12209554,,,,,,
12209555,,,,,,
12209556,,,,,,
12209557,,,,,,
12209558,,,,,,
12209559,,,,,,
12209560,,,,,,
12209561,,,,,,
12209586,4680,2524,,,,1711980414
12209602,,,,,,
12209603,,,,,,
12209604,,,,,,
12209605,,,,,,
12209606,,,,,,
12209607,,,,,,
12209608,,,,,,
12209609,,,,,,
12209610,,,,,,
12209611,,,,,,
12209612,,,,,,
12209613,,,,,,
12209614,,,,,,
12209615,,,,,,
12209616,,,,,,
12209617,,,,,,
12209618,,,,,,
12209619,,,,,,
12209620,,,,,,
12209621,,,,,,
12209622,,,,,,
12209623,,,,,,
12209624,,,,,,
12209625,,,,,,
12209626,,,,,,
12209627,,,,,,
12209628,,,,,,
12209629,,,,,,
12209630,,,,,,
12209631,,,,,,
12209632,,,,,,
12209638,,,,,,
12209639,,,,,,
12209640,,,,,,
12209641,,,,,,
12209642,,,,,,
12209643,,,,,,
12209644,,,,,,
12209645,,,,,,
12209646,,,,,,
12209647,,,,,,
12209648,,,,,,
12209649,,,,,,
12209650,,,,,,
12209651,,,,,,
12209652,,,,,,
12209653,,,,,,
12209654,,,,,,
12209655,,,,,,
12209656,,,,,,
12209657,,,,,,
12209659,,,,,,
12209660,,,,,,
12209682,1911,2014,,,,1711891152
12209683,1030,1861,,,,1711878856
12209684,1210,1373,,,,1711885846
12209685,1703,1565,,,,1711885587
12209686,1247,1445,,,,1711885138
12209687,1728,1514,,,,1711874104
12209688,2514,2480,,,,1711880396
12209689,2614,2495,,,,1711880608
12209690,1459,1715,,,,1711890043
12209691,1603,2031,,,,1711873624
12209692,1246,1512,,,,1711873973
12209693,1671,2141,,,,1711890194
12209694,875,1105,,,,1711889026
12209695,1848,2747,,,,1711885493
12209696,1517,2253,,,,1711874039
12209697,3102,2560,,,,1711881004
12209703,3067,3432,1884,,,1711903352
12209704,2369,6947,2000,,,1711893492
12209705,2713,3287,,,,1711898525
12209706,1967,8593,,,,1711886355
12209710,1936,3512,2643,,,1711981348
12209712,1937,3106,,,,1711971665
12209715,,,,,,
12209716,,,,,,
12209717,,,,,,
12209718,,,,,,
12209719,,,,,,
12209720,,,,,,
12209721,,,,,,
12209722,,,,,,
12209723,,,,,,
12209724,,,,,,
12209725,,,,,,
12209726,,,,,,
12209727,,,,,,
12209728,,,,,,
12209729,,,,,,
12209730,,,,,,
12209731,,,,,,
12209732,,,,,,
12209733,,,,,,
12209734,,,,,,
12209735,,,,,,
12209736,2059,3714,633,,,1711892412
12209737,1969,1582,,,,1711896159
12209738,3528,1458,,,,1711902210
12209739,1874,1582,,,,1711874578
12209740,1423,2347,,,,1711882048
12209741,1639,2927,,,,1711886791
12209742,2274,2378,,,,1711879267
12209743,1742,2219,,,,1711874032
12209744,1340,1625,,,,1711883870
12209745,,,,,,
12209746,3544,2090,617,,,1711900105
12209747,1059,1986,,,,1711878015
12209748,1268,2312,,,,1711873755
12209749,1528,2794,,,,1711878683
12209750,1426,1176,,,,1711883590
12209751,2540,2904,,,,1711897123
12209756,,,,,,
12209757,,,,,,
12209758,,,,,,
12209759,,,,,,
12209760,,,,,,
12209761,,,,,,
12209762,,,,,,
12209763,,,,,,
12209764,1577,2539,,,,1711878939
12209765,2827,2765,2317,,,1711878327
12209766,2890,2047,,,,1711895056
12209767,4588,3827,,,,1711893757
12209768,3133,3558,,,,1711884599
12209769,2195,2394,2661,,,1711892305
12209770,3833,3043,,,,1711876841
12209771,1562,2404,,,,1711884021
12209772,1746,1705,,,,1711889534
12209773,1805,4015,,,,1711882602
12209774,1559,2311,,,,1711874224
12209775,1678,1557,,,,1711897743
12209776,,,,,,
12209777,,,,,,
12209778,,,,,,
12209779,,,,,,
12209780,,,,,,
12209781,,,,,,
12209782,,,,,,
12209783,,,,,,
12209784,,,,,,
12209785,,,,,,
12209786,,,,,,
12209787,,,,,,
12209788,,,,,,
12209789,,,,,,
12209790,,,,,,
12209791,,,,,,
12209792,,,,,,
12209793,,,,,,
12209794,,,,,,
12209795,,,,,,
12209796,,,,,,
12209797,,,,,,
12209798,,,,,,
12209799,,,,,,
12209800,,,,,,
12209801,,,,,,
12209802,,,,,,
12209803,,,,,,
12209804,,,,,,
12209805,,,,,,
12209806,,,,,,
12209807,,,,,,
12209808,,,,,,
12209809,,,,,,
12209810,,,,,,
12209811,,,,,,
12209812,,,,,,
12209813,,,,,,
12209814,,,,,,
12209815,,,,,,
12209816,,,,,,
12209817,,,,,,
12209818,,,,,,
12209927,2279,4856,2274,,,1711880101
12209928,2548,1581,,,,1711885887
12209929,2283,72585,,,,1711890498
12209930,,,,,,
12209931,2640,2491,2496,,,1711969716
12209932,,,,,,
12209933,,,,,,
12209934,,,,,,
12209935,,,,,,
12209936,,,,,,
12209937,,,,,,
12209938,,,,,,
12209939,,,,,,
12209940,,,,,,
12209941,,,,,,
12209942,,,,,,
12209943,,,,,,
12209944,,,,,,
12209945,,,,,,
12209946,,,,,,
12209947,,,,,,
12209948,,,,,,
12209949,,,,,,
12209950,,,,,,
12209951,,,,,,
12209952,,,,,,
12209953,,,,,,
12209954,,,,,,
12209955,,,,,,
12209956,,,,,,
12209957,,,,,,
12209958,,,,,,
12209959,,,,,,
12209960,2529,4333,,,,1711880987
12209961,,,,,,
12209962,,,,,,
12209963,2397,2346,,,,1711875124
12209964,2500,2520,,,,1711835413
12209965,,,,,,
12209968,1331,1573,,,,1711887810
12209970,2739,3167,,,,1711875425
12209971,,,,,,1711890782
12209972,1669,1256,,,,1711881216
12209973,3519,2534,,,,1711887138
12209974,1770,1504,,,,1711964276
12210001,2073,2100,2672,,,1711982421
12210007,3192,3401,,,,1711982253
12210008,1670,2971,,,,1711976691
12210068,1985,3817,,,,1711878052
12210069,2220,3321,1922,,,1711888536
12210070,2542,2195,2850,,,1711888282
12210071,3196,1716,,,,1711879632
12210101,2694,2893,1673,,,1711897507
12210102,4331,2743,,,,1711904656
12210103,2198,2695,2538,,,1711888352
12210105,2149,2506,,,,1711897163
12210106,3232,4618,2767,,,1711891264
12210109,2353,2210,,,,1711902970
12210110,,,,,,
12210111,1243,2382,,,,1711900136
12210112,2392,4138,,,,1711903692
12210160,2012,2796,,,,1711899797
12210161,2641,2307,,,,1711900501
12210252,,,,,,
12210253,,,,,,
12210254,,,,,,
12210255,,,,,,
12210256,,,,,,
12210257,,,,,,
12210258,,,,,,
12210259,,,,,,
12210260,,,,,,
12210261,,,,,,
12210262,,,,,,
12210263,,,,,,
12210264,,,,,,
12210266,,,,,,
12210267,,,,,,
12210268,,,,,,
12210276,1842,1906,,,,1711915904
12210277,1491,2676,3543,,,1711903568
12210279,2582,2568,,,,1711910533
12210280,3545,1083,,,,1711902979
12210301,2121,2860,,,,1711905748
12210337,2752,1346,2500,,,1711898262
12210389,3516,3814,,,,1711904942
12210390,1638,2623,,,,1711898763
12210391,1373,2616,,,,1711891982
12210392,3827,1799,3919,,,1711911445
12210393,1990,2456,1814,,,1711909889
12210394,2457,3639,,,,1711918794
12210395,1293,1973,,,,1711916761
12210396,1487,1951,,,,1711918053
12210397,2064,3080,3216,,,1711896030
12210398,1765,1688,,,,1711897554
12210399,1639,1639,,,,1711902670
12210400,1755,1580,,,,1711902568
12210401,1934,3219,,,,1711892464
12210402,1069,1326,,,,1711919975
12210403,2699,2655,,,,1711915441
12210404,1708,3040,,,,1711911795
12210405,3103,3125,,,,1711905673
12210412,,,,,,1711908973
12210414,4035,2508,,,,1711923375
12210415,4186,2813,,,,1711909618
12210416,2133,3959,,,,1711915654
12210417,1604,2628,,,,1711892246
12210418,4491,3255,3593,,,1711899093
12210419,,,,,,1711890551
12210420,2468,3771,3532,,,1711909813
12210421,2134,1686,2289,,,1711918040
12210422,3103,2190,,,,1711906793
12210423,1307,1892,,,,1711911186
12210424,2399,2280,,,,1711898348
12210425,1757,1750,,,,1711900579
12210426,,,,,,1711908397
12210427,2204,1748,,,,1711896043
12210428,1681,2778,,,,1711903631
12210429,2211,445,,,,1711905657
12210430,3427,5613,3430,,,1711917035
12210498,2514,359,,,,1711982240
12210860,4139,3145,,,,1711913598
12210870,,,,,,
12210879,1973,3050,,,,1711903081
12210880,2547,2527,2747,,,1711917809
12210881,2511,1674,,,,1711909790
12210882,2286,2226,2002,,,1711927857
12210883,2450,3014,3037,,,1711906875
12210884,1391,1363,,,,1711912623
12210885,2296,2831,,,,1711912997
12210886,1556,2924,,,,1711921887
12210887,1190,216,,,,1711907676
12210888,2063,1920,,,,1711917200
12210889,1764,2047,,,,1711903127
12210890,2483,2773,3010,,,1711923033
12210911,3129,2409,,,,1711912912
12211254,,,,,,
12211255,,,,,,
12211320,,,,,,
12211321,4611,4622,,,,1711955118
12211322,9090,2681,2323,,,1711970497
12211323,1866,2270,,,,1711948741
12211324,3425,2520,3027,,,1711947483
12211325,1731,2205,,,,1711936699
12211326,2596,2769,,,,1711955359
12211327,2116,3089,763,,,1711948963
12211328,2957,2374,1171,,,1711945038
12211329,3973,3451,1365,,,1711941342
12211330,2959,3921,2078,,,1711945684
12211331,4272,3090,,,,1711952996
12211332,2232,556,,,,1711936275
12211333,4065,7576,896,,,1711968671
12211334,3177,5364,,,,1711954973
12211335,2927,3319,,,,1711936838
12211337,1978,3404,5207,,,1711961149
12211380,,,,,,
12211394,2021,2410,6256,,,1711893044
12211395,2650,2025,,,,1711962010
12211396,2960,1571,,,,1711968032
12211397,2478,3108,,,,1711961642
12211398,,,,,,
12211399,1469,1928,,,,1711960536
12211400,1613,1594,,,,1711960805
12211401,1231,1157,,,,1711965094
12211402,2116,3085,,,,1711966863
12211418,4027,3026,,,,1711973187
12211452,4068,3459,,,,1711963270
12211453,3159,4983,824,,,1711967481
12211485,,,,,,
12211486,,,,,,
12211487,,,,,,
12211523,,,,,,
12211524,2296,,,,,1711977548
12211525,2059,2172,,,,1711975598
12211526,,,,,,
12211527,1705,1850,,,,1711970686
12211528,4589,3340,,,,1711976519
12211529,,,,,,
12211530,,,,,,
12211531,,,,,,
12211532,,,,,,
12211533,,,,,,
12211534,2941,1873,,,,1711972267
12211535,,,,,,
12211536,,,,,,
12211537,,,,,,
12211538,,,,,,
12211539,,,,,,
12211540,,,,,,
12211541,786,2614,,,,1711980678
12211542,,,,,,
12211543,,,,,,
12211547,1753,2032,,,,1711962458
12211548,2739,2366,,,,1711967682
12211550,1526,2162,612,,,1711978768
12211551,2125,3820,,,,1711975896
12211552,2493,3013,,,,1711958098
12211553,3585,3791,,,,1711968817
12211554,3067,2311,,,,1711974528
12211555,2108,2674,,,,1711957430
12211556,2098,1766,,,,1711962388
12211557,3265,2668,,,,1711978052
12211558,1732,1126,,,,1711972717
12211559,2011,2847,,,,1711964074
12211560,2136,2018,,,,1711962383
12211561,2629,2470,839,,,1711977865
12211562,2484,3068,,,,1711958023
12211563,2057,2811,,,,1711964348
12211564,3092,4908,,,,1711964483
12211565,1787,2093,,,,1711967321
12211566,4333,2978,81438,,,1711977697
12211567,,,,,,
12211568,1723,2167,,,,1711956961
12211569,2341,2483,871,,,1711973382
12211570,1963,2950,,,,1711963215
12211571,2106,1673,,,,1711969778
12211572,4516,2733,,,,1711967624
12211573,1888,2408,,,,1711957128
12211574,2475,2295,,,,1711969692
12211575,,,,,,1711976680
12211576,1961,2604,,,,1711972508
12211577,2341,2096,,,,1711957682
12211578,2058,1571,580,,,1711958976
12211579,4197,2491,862,,,1711979572
12211597,2721,2075,,,,1711966823
12211598,2174,4917,,,,1711971189
12211599,1348,1429,,,,1711960416
12211600,2183,1903,,,,1711971671
12211601,1620,3669,,,,1711960344
12211602,2661,2675,4030,,,1711964379
12211603,2016,3740,1900,,,1711971059
12211604,1543,1822,3533,,,1711964234
12211663,3904,2484,,,,1711959491
12211700,3176,2620,,,,1711962029
12211764,1810,2758,,,,1711971415
12211765,3865,5084,3120,,,1711974682
12211767,,,,,,
12211768,,,,,,
12211769,,,,,,
12211770,,,,,,
12211771,,,,,,
12211772,,,,,,
12211773,,,,,,
12211774,,,,,,
12211775,,,,,,
12211776,,,,,,
12211777,,,,,,
12211778,,,,,,
12211779,2313,2665,,,,1711981009
12211780,2621,3898,,,,1711981439
12211781,3406,3937,,,,1711961480
12211782,3985,2094,,,,1711971830
12211783,3617,3067,861,,,1711966161
12211784,2499,2936,1014,,,1711976934
12211785,1984,4181,,,,1711960934
12211786,2144,2843,,,,1711967984
12211787,3196,1867,,,,1711975773
12211788,2400,1604,,,,1711968383
12211789,2805,1971,,,,1711973959
12211790,2755,2401,,,,1711977630
12211791,2899,3025,,,,1711962051
12211792,1844,1727,,,,1711978831
12211793,1669,2867,780,,,1711970794
12211794,,,,,,
12211795,,,,,,
12211796,,,,,,
12211797,,,,,,
12211798,,,,,,
12211799,,,,,,
12211800,,,,,,
12211801,,,,,,
12211802,,,,,,
12211803,,,,,,
12211804,,,,,,
12211805,,,,,,
12211806,,,,,,
12211807,,,,,,
12211808,,,,,,
12211809,,,,,,
12211877,,,,,,
12211900,,,,,,1711977341
12211901,3767,3228,,,,1711980988
12211902,2015,2373,2127,,,1711971122
12211903,3054,3763,,,,1711970791
12211904,2018,2514,2078,,,1711976154
12211921,2427,2886,,,,1711959618
12211922,,,,,,
12211923,,,,,,
12211924,,,,,,
12211925,,,,,,
12211927,,,,,,
12211928,3773,5684,1211,,,1711966923
12211930,,,,,,
12211931,2365,1326,,,,1711959449
12211932,,,,,,
12211933,,,,,,
12211934,,,,,,
12211936,,,,,,
12211937,,,,,,
12211938,,,,,,
12211939,2341,3863,,,,1711959469
12211940,1864,3653,,,,1711964716
12211942,3631,1511,,,,1711960781
12211943,2930,4076,1127,,,1711964370
12211945,,,,,,1711974516
12211947,,,,,,
12211948,,,,,,
12211949,,,,,,
12211950,82640,3002,,,,1712055365
12211951,,,,,,
12211952,2380,2493,,,,1711959482
12211967,2154,4744,956,,,1711976955
12211968,2375,3182,,,,1711980994
12211969,2715,2313,,,,1711972041
12211970,1990,1400,761,,,1711965844
12211971,2357,3791,,,,1711965112
12211972,3376,3296,,,,1711965913
12211978,,,,,,
12211979,,,,,,
12211980,,,,,,
12211981,,,,,,
12211982,,,,,,
12211983,,,,,,
12211984,,,,,,
12211985,,,,,,
12211986,,,,,,
12211987,,,,,,
12211988,,,,,,
12211989,,,,,,
12211990,,,,,,
12211991,,,,,,
12211992,,,,,,
12211993,,,,,,
12211994,,,,,,
12211995,,,,,,
12211996,,,,,,
12211997,,,,,,
12211998,,,,,,
12211999,,,,,,
12212000,,,,,,
12212001,,,,,,
12212002,,,,,,
12212003,,,,,,
12212004,,,,,,
12212009,2612,3340,,,,1711977750
12212011,3585,1265,3107,,,1711976692
12212014,,,,,,
12212015,,,,,,
12212019,,,,,,
12212020,,,,,,
12212021,,,,,,
12212022,,,,,,
12212023,2654,2387,4309,,,1711972624
12212024,,,,,,
12212025,,,,,,
12212026,,,,,,
12212033,3029,903,,,,1711979944
12212034,4627,2720,,,,1711981848
12212068,1969,4154,2454,,,1711985384
12212076,3311,5617,,,,1711970794
12212077,1926,1527,2338,,,1711981004
12212078,2403,1479,,,,1711965053
12212080,1500,3463,,,,1711967660
12212087,1863,2789,,,,1711974040
12212106,1748,2662,,,,1711978676
12212107,1817,1585,,,,1711978798
12212127,2627,4900,,,,1711980081
12212201,,,,,,
12212202,,,,,,
12212203,,,,,,
12212204,,,,,,
12212205,,,,,,
12212206,,,,,,
12212207,,,,,,
12212208,,,,,,
12212209,,,,,,
12212210,,,,,,
12212211,,,,,,
12212212,,,,,,
12212213,,,,,,
12212214,,,,,,
12212215,,,,,,
12212216,,,,,,
12213156,3087,3332,1792,,,1711979860
12213192,,,,,,
12213206,1383,2655,,,,1711978444
12213412,1867,2077,,,,1711976355
12213458,1661,4164,932,,,1711989627
12213459,1876,3491,,,,1711981807
12213460,2813,2739,,,,1711980454
12213482,5,138,,,,1711985032
12213483,3330,3574,,,,1711982605
12213484,3,5,,,,1711984742
12213486,1968,3697,,,,1711980823
12213803,3185,2588,,,,1711982489
